x1,y1,x2,y2,score
2761.2,11319.6,2811.5,11364.5,0.9253
6650.7,13241.9,6692.6,13282.9,0.9219
8431.9,11213.0,8481.5,11252.2,0.9206
5469.7,15148.7,5523.5,15202.2,0.9184
14033.4,9123.7,14077.6,9156.6,0.9180
1183.4,14557.5,1244.6,14598.3,0.9154
9418.6,12131.0,9453.2,12164.3,0.9081
7595.2,5242.5,7636.4,5274.7,0.9073
1626.8,14530.4,1669.1,14590.6,0.9032
11250.1,18759.0,11298.5,18797.4,0.9019
14975.8,36978.3,15020.1,37021.6,0.9004
9212.0,9417.0,9248.5,9450.8,0.8961
8957.3,6569.7,9009.4,6612.2,0.8907
348.0,15685.2,401.5,15715.9,0.8899
1838.1,27471.3,1892.2,27518.7,0.8862
13793.2,29720.4,13846.3,29750.0,0.8860
10080.5,30201.1,10140.8,30234.8,0.8832
8708.7,28296.9,8756.7,28348.5,0.8829
3882.6,7649.2,3970.1,7719.5,0.8828
14597.2,9513.5,14635.8,9540.0,0.8819
9363.4,9144.2,9405.9,9171.0,0.8818
18065.6,9806.4,18114.4,9851.4,0.8807
17162.7,26145.5,17196.4,26179.4,0.8735
12543.9,16696.3,12586.1,16747.5,0.8730
8393.8,31939.0,8433.3,31987.0,0.8722
13651.3,5672.1,13707.5,5723.0,0.8689
13842.8,265.4,13891.5,298.8,0.8672
10375.5,11151.5,10414.9,11187.7,0.8670
17420.3,9323.1,17465.0,9356.6,0.8669
5011.0,39883.6,5075.9,39921.5,0.8661
2955.6,2498.7,3001.3,2535.2,0.8660
11080.4,29566.1,11124.8,29603.2,0.8642
13484.8,9914.6,13539.7,9955.3,0.8619
12542.7,34627.9,12576.6,34667.9,0.8619
12036.0,16243.4,12133.2,16308.7,0.8614
4331.6,11082.0,4369.0,11114.5,0.8611
11165.0,28988.5,11199.2,29027.2,0.8592
7626.0,9822.9,7688.8,9890.8,0.8583
12088.7,61642.9,12159.9,61664.1,0.8578
14646.0,8208.0,14718.7,8244.3,0.8527
8091.8,9657.9,8132.0,9690.0,0.8505
14428.8,32554.2,14474.1,32596.2,0.8503
9807.0,63310.6,9873.7,63329.1,0.8499
15822.2,31858.5,15872.2,31902.1,0.8479
11870.4,8123.6,11914.8,8155.6,0.8471
9570.9,4963.4,9600.7,5009.6,0.8466
7723.6,7074.1,7781.2,7120.4,0.8449
7463.8,14186.4,7488.2,14229.8,0.8446
12517.9,16626.7,12574.6,16672.1,0.8408
3287.5,19520.0,3369.4,19575.3,0.8400
11308.1,8390.0,11349.1,8419.1,0.8399
2763.0,11915.0,2804.7,11971.5,0.8395
9086.4,16832.2,9132.4,16884.5,0.8384
12607.0,34858.6,12661.3,34902.5,0.8382
16952.1,32813.8,16991.9,32849.4,0.8376
5760.9,14720.0,5813.3,14757.2,0.8372
5755.3,14682.6,5795.7,14717.9,0.8361
10840.2,3882.2,10935.2,3949.9,0.8359
8097.2,3685.2,8144.3,3718.6,0.8349
13545.2,21368.3,13602.2,21436.3,0.8348
3290.3,5669.4,3331.9,5706.0,0.8344
16382.6,22376.6,16418.2,22410.7,0.8340
1252.7,14543.5,1308.2,14583.8,0.8336
7947.6,16187.4,7999.5,16224.6,0.8315
17252.7,20338.5,17296.8,20380.9,0.8312
13235.3,35736.3,13307.5,35771.5,0.8291
10086.5,11450.9,10123.9,11486.4,0.8291
13273.9,35551.3,13321.8,35601.3,0.8287
17473.7,39763.2,17508.5,39794.8,0.8269
10519.5,11200.0,10592.5,11225.5,0.8257
12218.8,7904.0,12256.4,7928.3,0.8233
8386.5,3562.8,8434.5,3599.8,0.8214
9650.6,12219.1,9691.5,12243.0,0.8202
13264.2,63129.6,13330.8,63146.9,0.8197
14220.3,21875.0,14252.9,21902.3,0.8189
422.5,8096.8,468.8,8141.4,0.8182
12934.6,17643.7,12955.7,17686.6,0.8180
5714.2,17673.0,5756.8,17710.4,0.8176
16818.8,32944.8,16862.9,32985.2,0.8155
13083.1,4668.2,13124.4,4694.5,0.8152
12940.2,5498.9,12995.3,5538.7,0.8150
3373.3,3442.5,3412.5,3467.2,0.8149
13914.5,16926.8,13948.6,16971.3,0.8141
12840.3,16924.6,12917.9,17005.4,0.8139
14355.6,31510.9,14395.7,31543.2,0.8121
6341.9,42887.1,6402.3,42909.0,0.8120
10240.0,2596.0,10291.7,2635.3,0.8119
11998.9,29247.8,12036.8,29291.5,0.8115
4698.9,29592.8,4755.0,29646.1,0.8106
17029.8,32744.6,17058.2,32774.4,0.8100
14003.6,17575.8,14077.2,17639.0,0.8098
5459.4,23756.4,5499.7,23782.7,0.8093
17141.9,35412.2,17198.6,35460.1,0.8078
10913.1,32551.8,10959.0,32588.2,0.8069
14634.7,15399.9,14719.7,15462.8,0.8062
6903.2,45850.2,6951.3,45888.0,0.8055
5166.9,68729.7,5217.0,68745.4,0.8054
9900.1,57378.3,9932.4,57414.5,0.8051
14482.8,68878.5,14540.2,68898.6,0.8047
13336.4,17267.7,13387.1,17310.1,0.8031
5634.8,13917.6,5660.3,13939.7,0.8031
11470.2,29131.4,11517.4,29174.3,0.8015
11236.5,62762.9,11299.3,62787.6,0.8013
14116.9,28480.3,14170.5,28514.3,0.7993
18112.7,29978.5,18170.4,30006.8,0.7992
15356.3,21640.3,15394.3,21669.5,0.7985
9392.2,7723.2,9434.7,7751.5,0.7980
17668.0,19861.0,17706.3,19918.7,0.7974
1813.1,19385.8,1844.5,19415.1,0.7968
11572.2,27768.1,11625.3,27798.7,0.7965
11163.4,12160.0,11200.0,12198.0,0.7962
1121.8,1395.3,1173.1,1449.4,0.7959
2259.0,1827.4,2307.5,1876.5,0.7933
5358.5,42631.6,5393.4,42653.0,0.7931
15403.0,21873.4,15462.2,21935.2,0.7927
16795.9,27486.7,16829.0,27518.0,0.7925
13848.2,18659.6,13890.0,18691.2,0.7923
4488.0,42687.6,4543.9,42710.5,0.7916
4961.8,25268.6,5006.6,25317.7,0.7911
8192.6,9522.8,8244.6,9553.1,0.7909
6253.2,30666.6,6286.4,30698.2,0.7909
12200.3,53382.5,12274.0,53408.7,0.7908
10257.3,32198.3,10318.7,32258.1,0.7907
2086.9,11099.2,2117.2,11149.4,0.7906
10883.4,63463.8,10947.6,63482.5,0.7906
6922.2,3364.4,6962.2,3416.4,0.7898
10779.2,12221.7,10819.8,12250.2,0.7890
5004.1,21527.6,5037.2,21565.1,0.7887
11290.3,29331.6,11324.8,29366.9,0.7886
11366.5,64091.4,11425.5,64114.9,0.7883
13304.6,3840.0,13343.7,3878.1,0.7880
1013.4,15831.8,1053.8,15869.1,0.7877
6249.4,30450.4,6283.3,30478.4,0.7872
11789.6,61766.6,11839.3,61786.4,0.7872
11537.3,28921.6,11573.3,28957.0,0.7860
4485.2,11120.7,4553.9,11196.6,0.7829
14090.4,7194.7,14145.6,7231.6,0.7824
12358.8,15977.0,12462.2,16052.3,0.7819
7306.9,16564.3,7359.2,16648.3,0.7818
6059.3,23622.7,6088.5,23679.0,0.7817
14787.5,30111.2,14821.4,30152.3,0.7809
10466.2,32924.3,10512.6,32962.0,0.7803
4377.0,11072.7,4440.2,11116.3,0.7799
17048.5,26277.9,17091.4,26302.4,0.7798
17668.7,19130.4,17716.4,19158.3,0.7796
15371.4,28897.4,15423.6,28976.2,0.7791
12171.1,16242.0,12214.1,16274.7,0.7784
11952.1,61463.4,12007.1,61492.2,0.7760
16114.1,22186.2,16152.4,22220.8,0.7753
5760.5,18538.0,5813.7,18592.1,0.7748
6186.1,44906.2,6257.4,44938.7,0.7742
10434.9,13070.9,10466.3,13100.4,0.7735
17876.3,12036.8,17919.1,12071.3,0.7734
12169.2,17531.5,12221.7,17595.1,0.7728
4099.0,65264.2,4148.8,65288.6,0.7725
13545.4,21304.6,13596.7,21334.7,0.7717
11627.0,57503.5,11673.8,57523.2,0.7716
5225.4,29857.0,5269.8,29917.0,0.7708
14045.2,35327.3,14076.8,35361.7,0.7702
10890.8,7097.7,10945.3,7155.1,0.7698
13328.4,67580.9,13362.3,67622.0,0.7696
8797.3,29408.9,8857.2,29465.2,0.7694
2034.7,19120.7,2065.8,19155.5,0.7693
8243.8,9602.9,8274.9,9625.7,0.7686
11083.7,34722.0,11115.5,34749.6,0.7685
4972.7,17184.7,5008.5,17211.9,0.7683
7083.1,16079.8,7124.5,16121.3,0.7681
9172.2,7813.0,9215.8,7838.2,0.7672
9737.1,12231.0,9773.9,12255.4,0.7652
12907.7,58911.4,12961.2,58926.5,0.7629
9741.9,32295.7,9775.9,32319.6,0.7615
11483.8,59007.0,11520.0,59026.2,0.7602
9043.9,65086.0,9110.5,65105.0,0.7600
14613.7,24922.9,14682.7,24960.0,0.7596
14745.0,13884.1,14800.0,13949.7,0.7590
8556.1,32248.8,8638.8,32320.0,0.7583
17204.3,23105.6,17261.3,23150.9,0.7573
16830.1,61260.6,16861.6,61285.8,0.7562
17207.7,10528.7,17235.1,10566.7,0.7559
10962.3,64190.8,11042.4,64208.5,0.7558
13889.1,9105.9,13920.4,9136.2,0.7546
18123.7,10189.0,18175.3,10249.9,0.7529
10746.3,63678.7,10811.2,63696.3,0.7528
14100.0,28275.0,14130.6,28302.4,0.7522
9361.5,35355.5,9404.7,35386.0,0.7522
10054.4,8864.2,10091.6,8891.1,0.7520
6278.5,69063.9,6303.6,69092.4,0.7514
961.4,15035.9,992.5,15098.0,0.7514
7245.1,19168.9,7290.1,19200.0,0.7514
14236.6,34722.7,14288.9,34769.7,0.7510
15898.2,31151.2,15959.5,31197.4,0.7508
5676.8,21626.0,5758.3,21685.6,0.7504
3288.0,19463.2,3395.2,19574.2,0.7503
6972.1,13490.3,7012.1,13517.1,0.7495
17290.8,23033.9,17329.5,23064.0,0.7494
12115.0,19564.5,12159.0,19598.9,0.7494
14690.4,32281.2,14740.9,32324.2,0.7492
15554.2,37464.6,15595.0,37505.3,0.7490
4314.9,45002.3,4360.6,45016.2,0.7482
11249.6,56407.7,11307.8,56424.9,0.7481
7739.3,16578.2,7800.6,16639.7,0.7466
10403.5,30100.9,10469.0,30207.2,0.7466
5187.6,10945.9,5230.1,10969.0,0.7464
13578.5,34978.0,13637.1,35044.0,0.7457
7923.9,7019.2,7963.1,7043.9,0.7457
5028.0,42347.2,5096.1,42368.5,0.7456
14469.0,32732.3,14495.1,32761.7,0.7456
3784.5,9896.0,3840.0,9920.0,0.7449
5752.3,21539.6,5825.8,21597.6,0.7444
12737.6,16040.9,12756.1,16062.9,0.7444
13290.4,29330.7,13344.7,29366.1,0.7443
14327.1,27458.7,14369.3,27496.6,0.7442
17548.4,64145.0,17599.2,64183.3,0.7429
15599.8,56666.5,15633.3,56692.8,0.7428
7281.7,31184.2,7355.3,31207.1,0.7425
14668.0,19520.0,14718.9,19549.7,0.7425
131.7,37061.0,197.8,37085.1,0.7423
5263.7,21259.7,5296.2,21295.7,0.7423
17725.7,23773.2,17832.5,23863.5,0.7421
1304.6,23932.5,1364.4,23991.7,0.7415
4801.3,29638.2,4862.4,29691.9,0.7410
15041.5,10088.4,15075.2,10142.6,0.7407
4836.1,66704.5,4896.4,66737.5,0.7406
14206.5,933.9,14241.5,960.0,0.7406
15178.3,32117.3,15216.6,32143.7,0.7395
10027.9,65262.3,10087.5,65279.2,0.7392
16083.7,6966.3,16124.1,6988.9,0.7389
13410.1,21269.0,13468.8,21307.2,0.7386
4654.5,63903.2,4713.1,63923.0,0.7383
14720.1,13837.2,14740.5,13871.7,0.7378
15488.5,6905.4,15529.8,6927.8,0.7358
2099.3,4353.6,2124.3,4370.7,0.7349
3499.1,5577.3,3553.1,5626.5,0.7348
15730.8,8491.5,15753.3,8529.5,0.7347
16102.4,37240.0,16169.3,37303.6,0.7345
3609.6,63227.7,3670.2,63242.6,0.7341
3672.6,5495.2,3731.9,5550.2,0.7339
8711.4,48353.5,8770.0,48374.7,0.7338
8770.5,20690.2,8821.3,20732.0,0.7335
5626.0,13536.9,5671.7,13588.0,0.7327
11520.0,30985.7,11587.5,31051.2,0.7326
2883.8,11287.2,2939.3,11326.8,0.7325
10467.1,13351.7,10500.2,13386.4,0.7321
17371.5,19040.0,17412.2,19060.4,0.7319
786.1,4577.5,809.7,4592.4,0.7312
14855.6,57605.5,14984.0,57685.0,0.7308
17516.2,23231.7,17553.3,23259.3,0.7303
2179.0,4322.2,2202.8,4336.9,0.7303
6330.0,42176.6,6380.9,42193.6,0.7300
12075.7,33029.3,12130.7,33075.8,0.7295
5292.0,2838.9,5352.8,2882.5,0.7292
13947.9,14382.9,14001.9,14428.1,0.7288
11265.0,52640.3,11323.3,52656.9,0.7284
16926.4,34186.3,16962.6,34222.1,0.7269
10757.1,3933.3,10841.2,3995.3,0.7255
16873.8,7320.1,16891.6,7337.9,0.7240
3594.2,6906.6,3631.6,6941.6,0.7240
10161.9,62974.0,10213.4,62989.6,0.7240
7588.0,11088.9,7656.7,11159.7,0.7234
8487.7,3085.8,8570.0,3154.3,0.7226
4579.1,1794.1,4622.8,1820.2,0.7225
17770.6,29673.9,17820.1,29701.9,0.7225
8871.1,30210.7,8960.0,30298.1,0.7223
8047.7,3705.3,8090.7,3734.9,0.7222
12389.8,53262.6,12453.5,53291.3,0.7221
7593.9,42977.7,7643.0,42997.6,0.7221
5331.6,21211.4,5362.6,21244.6,0.7220
12236.1,7993.8,12298.9,8039.0,0.7215
6163.5,12687.9,6209.8,12746.0,0.7212
9781.8,31667.1,9816.9,31694.4,0.7211
14989.9,57605.8,15039.2,57646.5,0.7209
13458.0,29953.4,13520.8,29988.9,0.7204
5043.7,7294.3,5092.4,7343.1,0.7200
17829.8,23360.0,17891.5,23422.2,0.7200
13736.9,34195.5,13784.1,34237.6,0.7197
3369.1,18030.7,3398.5,18066.8,0.7193
8404.4,65807.2,8463.1,65824.3,0.7186
14359.5,27431.9,14398.3,27463.0,0.7183
15896.1,10262.1,15973.5,10333.6,0.7182
1022.0,15794.3,1060.5,15821.1,0.7180
4891.8,18011.6,4922.8,18043.9,0.7179
9923.0,11625.0,9952.7,11660.0,0.7176
4327.9,9638.0,4386.9,9705.3,0.7172
17207.3,22953.1,17241.0,22982.1,0.7170
4956.4,21594.0,4986.1,21627.2,0.7169
16583.1,3504.2,16652.6,3565.8,0.7163
14080.1,21068.1,14125.2,21119.6,0.7163
17723.9,19150.5,17756.7,19172.2,0.7158
7899.7,16265.6,7924.3,16291.6,0.7156
12179.3,53418.1,12228.5,53444.1,0.7151
402.6,15666.0,446.3,15691.3,0.7151
17924.6,64841.5,17974.8,64873.6,0.7149
17067.8,35497.0,17113.0,35520.0,0.7146
12096.9,62286.9,12157.6,62307.5,0.7146
14780.7,32211.5,14803.1,32237.1,0.7143
4177.0,7540.0,4231.8,7600.2,0.7137
16960.2,18560.0,17001.8,18587.5,0.7133
320.0,13568.3,376.2,13632.5,0.7130
14259.0,14488.5,14297.2,14540.5,0.7125
5895.9,69179.2,5915.7,69195.1,0.7124
3174.6,9601.6,3210.7,9654.5,0.7123
13715.0,65559.5,13759.2,65578.4,0.7123
4591.6,11155.5,4610.8,11193.2,0.7123
10264.8,2721.7,10317.0,2772.0,0.7121
17096.7,30010.4,17124.6,30035.9,0.7121
15399.9,6896.9,15418.1,6931.3,0.7119
14400.0,13937.2,14468.0,13997.1,0.7116
14851.4,8257.2,14918.8,8352.7,0.7109
5174.4,1615.1,5211.9,1638.2,0.7106
12469.7,7727.8,12539.7,7787.8,0.7097
15132.2,32025.9,15170.3,32058.9,0.7096
5544.0,16278.6,5602.5,16320.0,0.7091
4873.3,13923.0,4906.8,13947.4,0.7090
13076.3,8584.6,13113.8,8610.0,0.7087
18084.4,29120.0,18142.7,29149.0,0.7086
7827.9,49934.0,7890.6,49954.5,0.7086
12390.9,20029.9,12410.2,20046.9,0.7084
2539.4,19123.0,2601.4,19178.7,0.7078
15626.8,30805.1,15679.7,30844.6,0.7077
6441.3,65697.3,6512.9,65710.6,0.7073
7390.3,14376.5,7431.9,14411.2,0.7062
6325.1,9199.1,6398.2,9280.0,0.7053
13441.8,6378.3,13471.7,6420.6,0.7049
5467.1,66411.8,5518.1,66430.0,0.7046
5667.2,13888.0,5695.8,13918.0,0.7041
741.1,1675.3,768.9,1710.8,0.7038
12133.6,62157.1,12197.8,62177.4,0.7036
640.0,6080.3,736.9,6160.4,0.7035
15453.7,6893.5,15490.8,6928.6,0.7034
9082.2,12547.5,9100.4,12570.6,0.7034
15764.0,63429.7,15808.7,63452.5,0.7031
11697.0,61979.5,11771.0,62001.0,0.7027
10880.7,30757.4,10980.7,30829.0,0.7018
2060.0,4370.5,2084.3,4386.8,0.7012
6670.0,5586.4,6708.1,5616.4,0.7008
17845.2,65731.7,17884.4,65761.2,0.7003
14471.9,8262.7,14551.7,8309.5,0.7002
7492.7,15159.1,7514.6,15180.0,0.7001
4538.0,47948.7,4588.6,47968.1,0.6996
13057.2,30242.2,13090.0,30278.1,0.6986
7330.0,4690.2,7394.0,4750.6,0.6977
11991.3,53965.5,12066.3,53985.7,0.6973
10832.1,63865.5,10898.7,63882.4,0.6970
960.0,14961.3,1041.5,15040.0,0.6967
16781.8,24310.9,16809.6,24336.2,0.6964
834.9,35301.8,899.6,35320.2,0.6962
11786.9,11173.1,11818.9,11199.6,0.6962
10826.5,63228.0,10865.9,63245.5,0.6960
17988.2,19541.6,18012.3,19567.4,0.6950
3879.0,5922.3,3932.7,5959.8,0.6949
6426.0,326.0,6475.0,362.9,0.6946
14859.1,8320.9,14920.6,8354.4,0.6941
1991.5,14512.0,2026.6,14530.7,0.6940
15480.2,18540.8,15569.6,18611.2,0.6938
12116.3,60898.5,12159.5,60920.9,0.6935
6307.5,69837.3,6381.4,69855.8,0.6930
6304.0,43408.4,6342.7,43424.9,0.6928
11796.3,61399.0,11863.7,61425.9,0.6925
4688.3,42081.8,4723.1,42095.4,0.6923
15240.6,30491.0,15288.1,30531.8,0.6922
17536.8,12113.5,17599.0,12159.5,0.6921
9166.1,14994.5,9186.7,15029.9,0.6921
9951.2,13018.7,9997.6,13054.2,0.6920
3995.4,4914.0,4016.6,4954.8,0.6920
2064.0,18209.5,2128.4,18240.0,0.6918
6553.8,14280.3,6628.8,14341.4,0.6918
13300.1,29968.5,13338.4,29995.7,0.6914
11190.2,7582.2,11284.1,7659.9,0.6913
12564.2,63836.2,12618.5,63859.5,0.6907
13197.5,30112.2,13236.2,30146.2,0.6906
12413.0,24696.3,12478.7,24759.5,0.6905
15746.9,26437.4,15788.3,26474.5,0.6901
17675.0,19945.9,17705.0,19987.6,0.6896
1143.1,14565.0,1187.1,14626.5,0.6895
13380.7,9600.9,13421.0,9631.4,0.6891
13876.2,66117.5,13937.2,66138.9,0.6890
15228.5,56762.3,15268.2,56807.0,0.6890
10254.1,7380.2,10288.0,7406.2,0.6888
11230.7,29097.9,11265.6,29129.6,0.6887
14228.2,13920.0,14295.9,13986.2,0.6880
17316.8,32434.4,17357.7,32464.5,0.6879
6015.9,960.3,6062.1,998.8,0.6878
15284.3,60443.4,15331.1,60459.1,0.6874
12270.0,10275.8,12311.4,10303.0,0.6873
8934.4,23208.1,8950.6,23219.6,0.6870
7741.2,13799.7,7773.2,13835.1,0.6868
14670.6,3265.9,14712.3,3330.7,0.6862
11876.1,54456.9,11925.5,54473.0,0.6861
6266.1,12675.0,6297.7,12699.4,0.6860
10017.6,8788.1,10060.6,8811.7,0.6860
6871.5,25124.8,6915.8,25163.1,0.6856
7005.4,31435.9,7038.6,31465.7,0.6853
8014.8,13560.0,8060.8,13594.9,0.6852
12799.4,52779.9,12848.7,52793.8,0.6847
4714.8,17463.3,4797.5,17557.3,0.6847
6048.3,4125.3,6066.6,4153.7,0.6843
17137.8,38825.9,17184.6,38870.4,0.6837
825.7,4561.7,851.0,4575.7,0.6834
2395.3,11405.4,2418.4,11439.9,0.6831
10411.5,17812.1,10470.1,17863.8,0.6827
6083.9,40966.6,6148.4,40985.3,0.6824
11934.0,17232.7,12000.3,17302.9,0.6820
13741.6,34025.4,13797.3,34086.9,0.6820
2880.0,2378.5,2950.1,2459.6,0.6818
5327.2,65777.2,5360.6,65791.0,0.6817
5398.4,43654.1,5450.5,43671.4,0.6816
6979.7,817.0,7017.6,843.9,0.6815
304.0,15653.0,337.7,15679.1,0.6814
12756.4,33457.6,12789.5,33494.6,0.6812
9083.4,7846.1,9127.1,7882.1,0.6811
11898.5,55581.8,11973.3,55610.6,0.6805
10953.4,64135.0,11012.1,64160.3,0.6805
666.5,36798.3,728.6,36811.8,0.6796
13530.9,69684.3,13604.0,69703.8,0.6791
3809.9,64190.6,3868.9,64209.0,0.6785
15067.8,21760.3,15102.9,21788.0,0.6782
5262.0,1617.6,5298.9,1642.5,0.6782
2235.7,712.7,2288.9,757.7,0.6782
1234.2,14619.0,1276.1,14644.8,0.6768
15316.3,33043.9,15343.9,33073.4,0.6767
11150.5,63824.5,11199.1,63839.8,0.6765
14072.9,14269.1,14113.7,14298.9,0.6763
6339.0,45159.0,6396.3,45178.4,0.6763
15202.6,61019.9,15231.9,61036.8,0.6759
1796.5,5830.9,1854.1,5870.0,0.6758
17211.1,65010.4,17272.1,65052.6,0.6752
6244.5,45934.9,6333.8,45953.8,0.6751
1612.1,27977.0,1667.6,28026.4,0.6750
4498.2,45263.3,4543.6,45281.4,0.6749
15286.7,4312.5,15336.2,4350.2,0.6744
13389.1,30212.6,13432.7,30248.5,0.6743
6909.3,20438.0,6948.1,20469.4,0.6742
10351.8,58069.0,10397.7,58085.0,0.6742
17375.2,56073.6,17431.9,56125.7,0.6734
17658.5,13157.5,17706.5,13206.5,0.6733
15363.2,61299.8,15435.2,61327.3,0.6733
11951.5,61081.2,12014.3,61105.5,0.6729
13565.3,35029.4,13597.2,35060.7,0.6725
3357.4,6693.2,3393.8,6725.3,0.6717
7115.8,10123.9,7174.9,10203.3,0.6715
5472.8,16577.2,5506.6,16612.5,0.6714
17596.4,960.0,17620.6,1002.3,0.6713
8760.9,29935.3,8800.4,29964.2,0.6713
12350.1,53569.7,12397.6,53581.2,0.6709
10437.2,62493.5,10499.1,62513.4,0.6705
10562.0,11189.3,10596.0,11226.3,0.6705
11256.9,57040.8,11305.6,57056.0,0.6699
9882.7,10090.3,9936.6,10121.2,0.6694
17812.3,66954.4,17871.4,66998.3,0.6687
14205.0,29634.9,14237.5,29671.2,0.6686
3308.1,19463.6,3392.4,19520.0,0.6684
10748.8,55493.1,10815.8,55516.6,0.6684
11734.8,28055.9,11766.0,28083.2,0.6680
14720.3,61883.1,14769.7,61904.3,0.6678
5421.3,2643.7,5450.7,2683.5,0.6676
10638.8,29778.7,10683.7,29812.8,0.6676
12480.0,9280.0,12550.7,9358.8,0.6673
11224.2,57201.6,11284.8,57217.1,0.6671
11839.0,57086.6,11891.7,57103.3,0.6662
16054.9,22080.0,16100.0,22107.3,0.6659
16867.9,26402.0,16897.2,26435.8,0.6657
865.3,4546.9,886.6,4559.5,0.6649
14781.2,19729.1,14812.5,19764.3,0.6643
16640.0,28800.0,16694.7,28845.3,0.6643
11747.3,51904.7,11788.8,51919.6,0.6643
16884.2,39040.0,16958.4,39098.9,0.6638
6900.4,44955.3,6926.4,44969.0,0.6636
14786.8,32387.2,14823.8,32431.0,0.6634
11363.8,60399.5,11423.9,60415.5,0.6632
4903.5,69825.8,4958.3,69839.5,0.6629
5146.8,15331.8,5184.9,15359.0,0.6626
10787.5,7090.8,10829.2,7117.5,0.6622
7552.7,30370.3,7584.2,30382.3,0.6621
12524.2,65982.6,12579.2,65995.7,0.6621
15207.9,30587.1,15273.4,30649.0,0.6616
2035.6,67901.7,2103.1,67940.2,0.6616
17249.6,64080.5,17277.4,64104.3,0.6615
5523.9,11169.1,5567.7,11205.9,0.6609
18120.7,10106.1,18174.9,10186.2,0.6608
9904.3,9664.1,9919.5,9735.4,0.6605
5590.7,13890.3,5618.6,13922.3,0.6604
14916.6,2346.2,15035.8,2432.3,0.6602
6091.1,11777.5,6129.0,11803.1,0.6602
8783.8,28398.9,8857.9,28474.9,0.6595
10481.1,32783.6,10558.0,32838.5,0.6594
4116.3,61567.8,4158.5,61581.8,0.6593
6127.9,30562.5,6160.2,30588.8,0.6593
13827.7,14535.8,13893.5,14595.5,0.6592
11087.5,34865.9,11150.1,34880.0,0.6590
5419.7,30761.6,5473.4,30823.7,0.6589
5589.1,46401.8,5634.2,46414.3,0.6588
9636.7,49014.3,9699.9,49033.9,0.6586
4529.0,42945.1,4571.7,42958.7,0.6586
10147.7,8629.3,10220.9,8689.5,0.6585
15624.2,35899.9,15692.8,35961.0,0.6585
16559.6,44378.7,16637.9,44480.0,0.6582
2818.8,5440.2,2871.5,5472.6,0.6579
11174.4,63683.0,11198.1,63694.6,0.6578
5583.0,21172.4,5613.8,21206.3,0.6575
489.9,15941.7,533.0,15971.1,0.6574
3298.4,17834.2,3340.3,17859.7,0.6572
6215.6,45038.2,6251.9,45054.9,0.6569
14477.0,32493.3,14542.5,32540.9,0.6567
12161.6,32992.3,12231.7,33071.1,0.6562
12958.9,64083.3,13027.5,64106.6,0.6562
17339.4,25929.4,17398.0,25993.7,0.6561
13200.1,30231.6,13228.6,30265.8,0.6561
632.0,26297.3,698.4,26354.8,0.6560
2082.7,14528.4,2128.2,14581.8,0.6557
15360.1,6896.6,15384.9,6928.8,0.6556
11164.0,54644.0,11198.9,54667.0,0.6553
10055.9,11126.9,10077.5,11155.2,0.6551
7375.0,6063.7,7432.7,6080.0,0.6548
6232.8,364.6,6342.5,441.1,0.6545
4090.3,40289.6,4158.5,40315.0,0.6544
8000.7,30063.7,8044.2,30106.5,0.6544
2442.5,1809.3,2482.6,1838.0,0.6543
1122.2,36991.2,1181.4,37007.5,0.6540
14724.0,68848.7,14788.7,68863.2,0.6536
11521.9,19764.5,11537.1,19795.4,0.6534
9488.5,61853.5,9549.4,61874.3,0.6528
14302.6,34673.9,14323.1,34705.4,0.6526
16649.6,44369.1,16705.1,44428.6,0.6523
17583.4,66210.7,17638.9,66254.0,0.6523
4401.4,11155.4,4442.3,11181.4,0.6522
17785.1,33635.2,17816.6,33662.9,0.6516
6208.3,42543.4,6266.6,42560.0,0.6515
6456.8,46843.1,6513.0,46856.1,0.6515
14880.6,68216.3,14940.2,68241.5,0.6515
14338.0,6502.7,14397.5,6542.2,0.6506
6537.8,1892.5,6588.0,1939.7,0.6503
10552.3,59246.2,10615.7,59263.9,0.6501
4343.1,3886.8,4402.3,3958.6,0.6495
14512.7,19840.2,14557.8,19878.1,0.6494
11555.4,11392.7,11598.3,11425.0,0.6494
15176.6,28695.3,15213.2,28725.0,0.6490
317.8,17597.4,370.2,17649.2,0.6486
14393.7,69167.8,14444.7,69185.0,0.6486
5114.0,2757.9,5141.4,2791.8,0.6484
6949.2,19520.4,6976.8,19558.6,0.6483
11296.6,55626.7,11365.3,55658.9,0.6474
3654.1,43200.0,3731.3,43217.1,0.6473
15006.7,7738.1,15033.9,7775.4,0.6473
10841.6,3891.5,10880.0,3955.1,0.6468
8360.4,4403.4,8407.9,4462.6,0.6468
14401.7,345.0,14423.0,379.2,0.6467
4648.5,16021.2,4679.1,16044.3,0.6466
4427.3,12057.0,4477.9,12086.0,0.6463
4736.6,29615.3,4800.0,29670.2,0.6457
11215.4,60067.5,11270.7,60087.7,0.6456
17753.9,29151.5,17789.4,29173.9,0.6451
14275.9,14040.9,14340.0,14078.5,0.6450
17388.2,35953.8,17419.2,35986.9,0.6448
17608.2,30801.8,17629.1,30823.3,0.6448
6022.6,20461.3,6073.6,20480.0,0.6445
16458.7,26292.9,16502.3,26333.4,0.6441
4815.8,6340.6,4893.4,6420.8,0.6439
5862.1,45855.2,5926.0,45873.7,0.6436
3896.9,42243.3,3952.7,42271.1,0.6435
14739.5,44065.6,14770.3,44100.2,0.6434
12752.9,34320.4,12781.9,34349.6,0.6431
12988.9,8645.5,13023.7,8681.5,0.6429
4971.1,42876.0,5027.9,42902.1,0.6427
13507.0,30092.0,13554.9,30133.4,0.6427
10620.0,169.1,10652.2,202.9,0.6422
4716.0,27858.7,4749.6,27887.1,0.6421
13078.2,7626.5,13117.9,7652.5,0.6418
12380.1,15772.7,12480.0,15877.5,0.6416
12379.7,16130.4,12423.0,16172.2,0.6414
9132.0,7874.8,9166.3,7911.3,0.6411
12452.9,28144.5,12495.7,28177.2,0.6411
6531.0,11611.6,6580.5,11639.5,0.6410
5011.0,17412.6,5033.6,17439.0,0.6399
13440.4,30173.9,13480.3,30205.4,0.6399
7193.7,18506.8,7208.9,18533.4,0.6399
17363.0,32429.2,17413.1,32477.4,0.6396
5761.3,13770.5,5804.6,13797.3,0.6392
2973.5,69058.9,3032.3,69071.0,0.6384
17202.7,26047.3,17269.6,26111.9,0.6379
6986.7,12971.4,7053.3,13037.7,0.6376
12108.5,60623.3,12159.3,60641.3,0.6372
2040.8,14532.4,2075.9,14566.1,0.6371
6667.1,1057.4,6718.6,1092.1,0.6370
6281.3,2637.0,6305.0,2651.1,0.6365
13889.5,9790.0,13933.3,9831.5,0.6354
10526.2,11183.8,10591.0,11200.0,0.6349
5284.0,64648.6,5347.3,64675.8,0.6349
3103.4,18861.9,3128.5,18880.0,0.6342
5597.6,13905.8,5618.0,13921.9,0.6334
4161.1,43547.6,4196.7,43561.2,0.6334
6703.7,2273.4,6757.9,2312.5,0.6333
16397.0,36424.2,16418.3,36446.3,0.6333
4372.3,961.7,4443.5,1021.6,0.6333
11257.0,61304.3,11331.9,61328.1,0.6332
6773.8,16714.8,6845.1,16795.4,0.6331
3232.4,65792.5,3270.6,65805.7,0.6327
14192.4,22081.1,14240.0,22124.6,0.6317
3936.8,3207.9,3995.4,3246.1,0.6316
16219.5,25920.0,16250.6,25954.0,0.6315
11187.1,61515.0,11234.1,61537.4,0.6310
16763.4,25815.7,16816.8,25861.4,0.6308
5761.5,15360.0,5830.6,15425.2,0.6308
4620.3,1786.0,4648.1,1808.2,0.6305
11971.1,62162.5,12030.5,62186.9,0.6305
10946.1,33649.1,11011.1,33702.2,0.6304
11438.1,12232.4,11494.0,12264.1,0.6302
5683.9,21686.5,5720.3,21717.5,0.6300
3540.9,64701.7,3596.2,64722.0,0.6298
9364.5,9038.8,9410.5,9077.9,0.6294
15954.3,35846.8,15997.1,35890.5,0.6293
353.2,67023.4,413.6,67037.1,0.6292
6681.7,42577.3,6718.6,42591.1,0.6292
13471.4,17199.9,13522.5,17250.1,0.6287
5406.2,17113.7,5429.3,17138.3,0.6287
4771.9,46855.2,4841.5,46874.1,0.6286
4746.5,58067.9,4788.8,58082.5,0.6285
6233.8,45201.8,6257.4,45218.1,0.6283
15598.3,7298.1,15665.6,7328.0,0.6282
5331.6,20073.5,5369.9,20104.6,0.6281
17055.9,18233.3,17099.9,18255.0,0.6280
3795.9,12152.4,3839.4,12191.9,0.6279
14680.5,22942.4,14720.7,22962.0,0.6276
1380.9,17314.4,1420.6,17345.8,0.6269
12172.0,10324.9,12211.7,10348.4,0.6261
18083.8,29092.0,18142.8,29145.2,0.6261
3505.6,11250.1,3519.6,11274.3,0.6260
5004.3,9567.9,5099.1,9630.0,0.6258
4989.8,29557.7,5053.1,29656.9,0.6257
5770.2,13551.9,5829.1,13599.3,0.6251
13990.8,4318.9,14049.8,4364.2,0.6250
9291.5,65600.6,9328.9,65619.1,0.6243
4671.3,30139.3,4711.2,30186.9,0.6242
14086.2,20777.5,14152.5,20840.6,0.6240
10495.4,658.4,10508.8,674.0,0.6231
17106.3,69475.1,17130.5,69490.6,0.6229
5704.7,45881.8,5762.6,45895.4,0.6227
13003.1,12977.3,13037.9,13006.2,0.6221
16483.4,38378.3,16518.4,38415.8,0.6221
3921.5,20686.1,3968.3,20725.8,0.6219
13467.1,4730.9,13507.7,4773.1,0.6214
15760.1,5500.1,15840.5,5570.8,0.6206
6542.1,3946.4,6585.2,3986.1,0.6204
15635.9,28425.8,15677.6,28460.3,0.6204
10919.7,58558.6,10985.3,58577.2,0.6199
10106.2,7308.8,10164.9,7347.6,0.6199
11222.4,31064.5,11259.1,31096.9,0.6196
4698.2,1760.9,4734.0,1780.0,0.6195
2434.4,11392.3,2476.7,11432.0,0.6194
4752.7,65064.5,4798.3,65082.7,0.6193
15565.3,22369.3,15594.5,22385.5,0.6190
15254.5,60985.5,15278.0,61006.1,0.6182
16292.4,34409.8,16313.6,34437.5,0.6179
5969.2,43546.2,6030.4,43560.0,0.6176
10797.8,11696.4,10876.2,11750.3,0.6176
9715.8,63969.0,9781.7,63985.3,0.6176
4307.3,3361.0,4359.6,3403.7,0.6172
2457.1,11356.2,2488.6,11375.8,0.6168
1201.3,7717.9,1277.7,7795.6,0.6166
3345.4,42812.3,3398.0,42829.1,0.6164
8250.1,50128.0,8306.7,50145.1,0.6163
5440.8,14470.9,5504.6,14543.3,0.6163
14988.7,36710.1,15022.6,36748.9,0.6157
811.6,6840.9,867.5,6871.9,0.6157
12234.5,6243.7,12267.7,6267.4,0.6154
15764.6,7072.8,15801.0,7111.2,0.6154
1844.9,1318.0,1916.7,1388.9,0.6153
3218.3,24587.8,3277.0,24668.4,0.6152
14647.4,13479.9,14717.3,13547.6,0.6151
11766.0,17071.5,11837.8,17132.6,0.6148
8268.2,9643.3,8321.9,9683.9,0.6146
14401.1,35082.8,14467.7,35148.0,0.6146
12303.4,2546.2,12355.3,2580.0,0.6144
8069.9,63895.2,8127.6,63913.7,0.6143
5768.4,21629.8,5799.7,21661.1,0.6136
15867.6,4691.4,15905.8,4722.0,0.6135
11579.1,62416.1,11651.9,62449.5,0.6133
11858.1,28579.6,11883.9,28610.8,0.6131
11680.0,62631.2,11746.2,62649.9,0.6127
14400.0,33771.8,14455.2,33843.5,0.6126
17485.3,25806.8,17518.8,25842.7,0.6123
2779.9,9048.0,2802.4,9085.5,0.6123
12579.0,35472.6,12637.0,35517.9,0.6118
16061.3,31072.8,16093.3,31106.4,0.6117
5202.0,65798.7,5232.9,65815.9,0.6116
13235.2,18412.0,13281.4,18450.7,0.6115
11717.9,11267.0,11758.8,11301.2,0.6115
9102.1,32841.7,9141.6,32869.2,0.6114
799.3,36502.3,847.1,36516.3,0.6114
13796.6,65772.1,13847.3,65788.8,0.6110
4051.6,11226.1,4098.2,11251.9,0.6110
805.8,49159.6,883.5,49177.5,0.6108
12834.4,52809.9,12887.9,52821.8,0.6106
6187.5,44434.9,6256.7,44461.2,0.6105
10018.1,9812.7,10030.2,9837.0,0.6105
8819.8,47699.9,8887.7,47712.5,0.6104
17027.7,26165.2,17095.2,26246.6,0.6097
16649.3,31331.0,16712.1,31369.6,0.6094
13163.5,4678.8,13217.3,4710.6,0.6093
12284.2,6348.3,12316.9,6372.0,0.6093
9802.9,60553.5,9856.0,60572.1,0.6091
10779.9,55824.6,10858.4,55841.2,0.6088
14082.5,27360.5,14097.1,27393.5,0.6085
4609.3,45280.0,4666.1,45294.4,0.6084
12245.5,38575.7,12303.4,38627.8,0.6075
9834.6,7553.7,9873.0,7581.3,0.6066
11377.7,62497.0,11422.9,62507.0,0.6066
5369.9,12480.0,5437.9,12518.4,0.6062
4636.1,42322.2,4702.2,42337.4,0.6061
1250.8,14542.7,1279.7,14585.3,0.6061
3337.7,11415.3,3348.2,11446.0,0.6058
10457.7,62871.3,10521.9,62891.8,0.6055
11042.9,55223.3,11101.4,55250.0,0.6049
9969.2,13743.8,10023.9,13760.0,0.6046
5962.5,4104.6,6014.2,4160.0,0.6039
3979.5,43406.1,4048.3,43427.8,0.6030
11028.8,64425.2,11093.8,64446.4,0.6026
4387.6,3177.8,4447.3,3221.4,0.6017
2739.5,28464.1,2772.8,28480.0,0.6014
11962.8,54455.3,12043.9,54478.0,0.6006
7973.9,9618.2,7999.6,9638.3,0.6005
4650.1,35151.9,4733.6,35227.8,0.6003
5630.6,68374.4,5678.7,68389.2,0.6002
11671.6,6329.6,11737.2,6374.3,0.6001
11860.1,10082.2,11884.1,10109.0,0.5997
10866.6,62048.4,10926.5,62071.9,0.5990
10788.6,57824.3,10847.0,57840.7,0.5987
12778.3,2729.7,12830.1,2760.7,0.5986
16948.0,64151.4,17007.4,64195.9,0.5986
659.3,36468.1,686.1,36481.2,0.5985
4778.7,2904.0,4834.1,2940.0,0.5983
1862.7,19482.0,1918.9,19534.8,0.5976
5371.0,41298.9,5397.9,41310.2,0.5975
12148.7,62857.0,12246.0,62876.4,0.5973
3431.2,13908.8,3496.9,13958.6,0.5971
18067.8,36002.1,18102.8,36032.3,0.5971
13481.3,17053.7,13566.3,17132.4,0.5970
14816.5,57266.3,14872.9,57312.4,0.5967
12511.3,63512.7,12618.9,63540.9,0.5960
10344.6,13656.1,10385.4,13692.5,0.5958
10662.2,27840.0,10765.5,27923.7,0.5944
7630.4,61851.2,7674.4,61870.8,0.5942
9328.9,29464.4,9376.0,29501.6,0.5937
2823.1,63834.3,2877.6,63847.9,0.5932
5738.8,41798.8,5804.1,41817.7,0.5930
11048.9,22609.5,11102.0,22679.1,0.5929
13984.7,65388.1,14062.7,65408.2,0.5929
2555.3,19805.4,2616.8,19862.5,0.5923
13838.2,68798.7,13902.2,68818.9,0.5922
732.0,27249.7,775.5,27292.9,0.5920
13761.7,17600.0,13845.5,17675.5,0.5919
4492.7,1822.0,4532.2,1846.1,0.5912
16994.8,61218.5,17048.6,61262.1,0.5911
5157.9,20334.3,5196.9,20375.5,0.5910
12303.7,8320.0,12360.1,8381.2,0.5909
5051.5,44619.0,5087.6,44633.3,0.5909
17174.3,12023.5,17205.1,12044.8,0.5909
12950.4,12708.2,13010.8,12773.2,0.5908
4443.4,15215.3,4480.0,15253.7,0.5907
16227.8,865.0,16320.0,960.0,0.5907
4117.3,42448.1,4171.8,42476.5,0.5906
12318.3,6256.9,12355.5,6282.1,0.5906
8498.4,15842.9,8545.5,15878.5,0.5905
10880.8,29929.4,10945.4,29993.6,0.5905
5747.9,16721.6,5828.9,16780.9,0.5904
15953.7,33090.8,15978.2,33116.6,0.5902
9919.3,63367.4,9965.8,63385.3,0.5900
6762.2,2442.0,6783.9,2459.8,0.5900
12260.7,53641.7,12316.4,53659.7,0.5898
11994.1,16322.4,12012.9,16337.4,0.5896
9218.3,6740.4,9249.7,6769.6,0.5895
13707.4,7404.3,13741.3,7427.1,0.5894
4542.8,4610.7,4602.3,4664.5,0.5891
8183.2,48287.0,8246.2,48307.0,0.5890
17201.9,38805.7,17279.0,38880.0,0.5884
5038.0,40483.0,5088.1,40498.1,0.5880
5282.5,42746.9,5332.2,42775.2,0.5880
9475.8,48737.0,9505.0,48750.7,0.5880
11581.6,55000.2,11649.0,55015.9,0.5877
6402.9,42082.8,6465.8,42096.4,0.5866
15741.2,62001.4,15798.4,62033.7,0.5865
17967.4,11522.9,18010.5,11558.5,0.5861
14263.0,6514.0,14297.6,6541.8,0.5861
5339.4,66439.7,5386.4,66457.0,0.5861
11277.0,15720.8,11326.4,15765.4,0.5856
11507.7,65986.1,11575.1,65998.9,0.5853
5138.7,1848.0,5182.0,1872.2,0.5852
6933.2,25066.3,6979.9,25119.3,0.5852
12289.4,53945.5,12385.9,53988.7,0.5851
7903.9,68683.8,7950.0,68697.7,0.5849
14080.0,6441.1,14177.4,6492.3,0.5847
1011.5,9243.4,1061.5,9280.0,0.5846
10855.5,63816.4,10930.9,63844.3,0.5846
10761.0,7040.0,10793.4,7073.9,0.5845
3202.0,5727.2,3217.6,5760.0,0.5843
14080.9,34881.0,14133.9,34925.2,0.5839
16755.5,69616.2,16800.0,69630.2,0.5837
738.3,60609.2,788.1,60622.7,0.5835
15621.7,7130.9,15649.8,7154.6,0.5835
15513.6,32162.9,15531.3,32181.7,0.5829
892.9,59245.7,942.5,59261.8,0.5826
5619.1,13866.4,5634.0,13888.6,0.5826
15679.0,65822.5,15716.0,65834.4,0.5825
9499.4,40000.0,9558.6,40016.8,0.5823
1999.0,19627.5,2033.0,19667.7,0.5820
10950.2,17481.0,11009.7,17542.9,0.5819
1146.3,9729.3,1170.1,9757.5,0.5819
16907.7,5593.6,16960.0,5644.3,0.5819
7427.5,65464.0,7473.0,65482.4,0.5817
3183.1,6663.7,3269.6,6720.0,0.5816
16180.1,36636.3,16196.2,36655.5,0.5812
9785.6,10064.6,9828.5,10103.7,0.5812
442.4,19080.3,487.0,19115.1,0.5808
13391.1,34423.1,13437.9,34461.7,0.5806
9192.2,4005.2,9280.0,4066.4,0.5805
7067.0,43423.8,7100.8,43435.7,0.5805
10438.1,2772.9,10490.7,2813.4,0.5803
8026.3,8280.0,8054.1,8302.3,0.5798
16002.9,25016.8,16032.5,25043.8,0.5798
1111.3,46824.6,1146.8,46843.5,0.5797
1260.1,24583.6,1340.3,24640.0,0.5797
12194.0,64280.2,12241.5,64311.2,0.5795
7686.9,7016.7,7762.4,7052.3,0.5792
13528.1,28779.4,13569.3,28820.1,0.5788
12995.7,27562.5,13037.2,27605.2,0.5788
4600.9,42816.0,4669.9,42830.4,0.5788
6045.0,69219.0,6111.2,69243.2,0.5785
15680.7,25105.2,15733.9,25165.7,0.5782
6867.1,31321.8,6911.3,31354.2,0.5781
6804.2,45380.1,6846.4,45396.2,0.5777
17280.0,65191.0,17328.4,65250.5,0.5775
1922.3,48507.2,1980.2,48522.9,0.5775
873.1,1215.7,957.6,1280.0,0.5774
10560.2,13409.7,10605.7,13440.0,0.5774
13103.8,17920.2,13119.5,17954.2,0.5773
17123.3,1243.7,17185.9,1292.1,0.5773
10328.5,2816.3,10370.3,2873.7,0.5772
12097.6,4072.7,12155.5,4113.2,0.5768
6396.8,10200.5,6448.2,10234.8,0.5762
5231.1,42076.5,5303.0,42089.6,0.5760
7169.8,46264.1,7237.5,46300.7,0.5756
1072.4,1554.6,1111.4,1581.1,0.5754
13440.0,32938.1,13460.3,32960.0,0.5750
2004.3,20963.9,2039.0,21004.3,0.5743
4751.2,39767.7,4818.3,39783.6,0.5742
16820.6,5307.0,16856.8,5332.4,0.5740
17457.3,695.2,17493.5,718.3,0.5738
4794.0,11156.3,4833.6,11179.3,0.5738
9245.2,12319.8,9280.6,12379.3,0.5736
11052.3,62187.7,11116.1,62201.0,0.5733
9666.5,11040.4,9710.9,11081.2,0.5731
3521.2,14868.9,3556.2,14916.0,0.5723
11299.2,57123.9,11344.8,57144.3,0.5723
3923.2,12130.0,3971.3,12160.0,0.5721
12467.0,15930.0,12588.7,16013.2,0.5721
12019.6,57630.3,12067.0,57649.5,0.5720
15960.7,49136.9,15999.9,49156.7,0.5716
5004.3,5317.3,5071.2,5363.6,0.5715
5809.7,2054.1,5868.6,2097.5,0.5714
14347.9,29814.7,14399.5,29856.0,0.5714
3954.7,64608.9,3999.5,64625.2,0.5712
13812.4,28833.1,13869.6,28880.8,0.5711
2986.6,69492.2,3021.7,69506.1,0.5711
16460.0,34593.6,16487.7,34617.4,0.5710
9692.0,32487.7,9732.9,32521.7,0.5706
4013.6,6350.8,4084.3,6383.5,0.5705
12198.5,34833.7,12244.4,34871.9,0.5702
5923.4,46441.1,5981.0,46452.2,0.5702
15040.3,33428.1,15060.4,33464.6,0.5699
3555.3,46953.3,3619.7,46985.8,0.5699
13068.4,28882.4,13118.5,28931.9,0.5698
3897.8,14940.7,3974.5,15009.4,0.5698
119.4,6080.0,170.5,6102.9,0.5695
6147.9,55961.1,6200.2,55982.5,0.5695
11146.6,63629.9,11196.4,63648.3,0.5694
16915.7,63857.2,16959.4,63934.2,0.5694
7084.2,14873.9,7113.7,14891.9,0.5693
6483.5,2555.0,6507.8,2573.1,0.5693
5064.2,68749.5,5115.8,68766.5,0.5692
12570.8,34751.2,12594.0,34788.9,0.5691
11473.0,62504.0,11518.9,62526.0,0.5689
8073.1,63541.4,8137.3,63568.8,0.5685
2064.8,18240.0,2131.3,18276.3,0.5679
17228.7,9264.3,17255.7,9280.0,0.5678
15706.9,57051.5,15761.7,57093.0,0.5677
15212.2,60302.5,15269.2,60319.7,0.5677
3514.1,3378.3,3549.4,3407.7,0.5675
2278.5,1167.7,2320.3,1211.5,0.5675
10408.9,59431.8,10454.1,59451.2,0.5674
6720.0,19200.3,6776.4,19274.6,0.5672
628.5,36288.6,660.0,36305.7,0.5667
10787.4,2340.6,10864.9,2405.6,0.5666
16749.1,61280.6,16787.8,61301.4,0.5665
9668.2,11250.3,9689.7,11283.6,0.5664
2049.9,68224.6,2086.2,68243.0,0.5664
13620.0,57076.3,13684.9,57093.5,0.5663
6666.4,66089.6,6717.7,66114.3,0.5661
5284.3,42350.7,5344.2,42369.4,0.5661
15361.8,7306.4,15408.6,7337.1,0.5659
10995.8,10723.1,11040.6,10755.8,0.5657
7362.9,8486.2,7398.2,8501.9,0.5656
12789.0,52841.0,12851.5,52863.2,0.5652
5743.5,20802.2,5759.6,20829.8,0.5649
15644.8,60112.7,15703.9,60126.3,0.5647
11339.6,61631.9,11397.4,61666.1,0.5646
34.6,6250.7,92.5,6285.1,0.5644
10273.8,3345.5,10364.1,3405.3,0.5640
7132.4,4787.9,7182.9,4827.5,0.5637
1401.6,36267.6,1461.7,36289.3,0.5634
11732.6,51000.9,11794.8,51016.1,0.5625
5811.3,13861.4,5835.7,13903.9,0.5625
15642.0,64857.7,15714.2,64889.1,0.5622
5518.3,41512.8,5552.5,41527.6,0.5622
11139.5,30981.1,11163.5,31008.4,0.5620
9713.3,59397.4,9742.1,59410.3,0.5619
9203.3,61927.0,9254.8,61945.4,0.5615
10123.3,65943.6,10188.0,65969.1,0.5608
8427.2,15674.4,8444.0,15700.5,0.5607
11787.5,52607.4,11865.8,52624.4,0.5604
8268.7,14217.0,8329.3,14307.1,0.5604
2202.7,719.7,2238.0,744.0,0.5604
2187.2,14489.5,2222.8,14513.2,0.5603
13251.8,60669.4,13316.6,60691.2,0.5602
16303.8,48960.0,16319.4,48986.6,0.5600
5042.7,64738.6,5122.9,64750.8,0.5597
6745.8,69329.9,6802.6,69347.2,0.5597
5999.9,69289.7,6033.4,69304.6,0.5591
12481.2,38720.0,12527.2,38767.0,0.5588
3108.0,69664.7,3176.8,69677.0,0.5587
6916.4,68930.3,6975.7,68946.3,0.5584
13012.6,52015.3,13059.8,52032.9,0.5580
10004.7,3280.9,10057.2,3323.5,0.5578
16677.9,33071.9,16741.4,33133.4,0.5577
17495.9,28999.8,17600.0,29070.0,0.5572
11349.5,52387.4,11400.7,52411.5,0.5572
1600.9,22687.1,1671.3,22756.3,0.5572
14869.0,9609.7,14926.7,9649.7,0.5570
2012.9,888.8,2083.4,959.9,0.5570
9600.8,9698.7,9652.3,9739.7,0.5567
7955.7,8297.9,7996.9,8329.2,0.5566
9056.6,36324.2,9094.5,36348.7,0.5564
11436.8,30865.6,11510.4,30932.0,0.5562
4907.3,30301.7,4969.4,30376.1,0.5561
6040.5,45248.2,6087.8,45262.8,0.5559
10039.1,11504.8,10081.0,11535.0,0.5558
11548.6,29057.7,11590.9,29095.6,0.5555
11485.0,62635.0,11519.7,62670.9,0.5554
4381.4,10571.1,4412.6,10615.0,0.5552
14444.2,24207.8,14545.2,24261.3,0.5551
15108.4,34543.7,15148.4,34560.0,0.5550
13394.0,54271.6,13467.8,54291.6,0.5549
11649.9,57015.5,11700.8,57038.4,0.5548
6610.7,10753.5,6655.5,10788.2,0.5548
2475.9,10486.2,2548.3,10559.9,0.5548
961.0,18583.8,1038.7,18656.2,0.5547
7439.2,20762.4,7473.0,20798.4,0.5542
11211.7,29408.0,11248.0,29443.1,0.5542
2203.7,37291.0,2263.4,37309.3,0.5541
5869.0,65746.1,5930.0,65768.0,0.5541
8189.5,66051.3,8227.5,66067.2,0.5533
79.3,51818.5,129.6,51861.7,0.5529
17009.7,17789.4,17049.4,17826.9,0.5528
15733.2,8569.2,15747.9,8591.1,0.5521
2867.7,2984.1,2898.7,3005.8,0.5520
15315.2,6894.8,15357.2,6932.3,0.5520
9785.6,31665.1,9816.9,31680.0,0.5520
9226.8,48811.4,9269.5,48826.7,0.5518
11150.9,27605.6,11199.4,27670.0,0.5514
7227.0,15750.8,7277.4,15786.8,0.5514
3776.1,5295.9,3838.7,5358.5,0.5513
5799.8,43132.0,5856.3,43176.8,0.5512
110.8,6031.7,169.1,6099.5,0.5512
8092.2,10542.8,8121.6,10588.2,0.5511
16096.1,8960.0,16140.4,8983.4,0.5509
979.9,65747.9,1006.9,65760.8,0.5507
11395.9,16504.6,11520.0,16576.7,0.5506
1664.8,47855.3,1731.1,47871.6,0.5505
11307.8,33639.3,11366.1,33717.5,0.5504
6520.9,66227.5,6577.1,66242.5,0.5499
9637.2,11328.7,9694.5,11392.4,0.5496
13954.2,45695.7,13989.6,45718.1,0.5494
6609.3,69103.8,6653.9,69119.9,0.5493
14930.4,7427.6,14966.4,7468.6,0.5493
9664.6,9381.4,9713.7,9433.5,0.5490
4993.8,68562.7,5029.1,68579.8,0.5487
1204.4,11996.0,1280.0,12023.0,0.5487
15242.3,19780.0,15283.9,19809.7,0.5486
10870.4,7346.8,10912.0,7384.1,0.5486
16222.7,8312.4,16258.7,8347.6,0.5483
10890.9,32807.9,10962.4,32849.4,0.5483
11649.5,34128.8,11697.2,34181.3,0.5482
5682.3,43209.5,5730.8,43225.5,0.5481
4092.5,43214.3,4158.6,43229.4,0.5481
17879.6,39895.9,17920.0,39924.8,0.5481
11871.2,60609.7,11942.1,60626.0,0.5479
8487.7,7656.9,8556.2,7711.9,0.5477
5726.0,13234.4,5759.7,13278.0,0.5476
7373.0,8189.0,7422.0,8221.4,0.5474
912.5,50430.6,959.7,50465.3,0.5474
1846.2,45812.4,1892.1,45838.9,0.5473
595.6,18521.4,633.0,18558.4,0.5472
3390.6,12185.9,3414.6,12228.6,0.5469
1875.7,19291.7,1920.0,19331.5,0.5466
14259.7,2062.2,14300.4,2094.5,0.5466
11031.2,36766.0,11099.6,36800.0,0.5466
5313.3,42878.3,5361.0,42895.2,0.5455
14127.9,21753.1,14197.6,21817.8,0.5454
1783.1,7505.3,1837.4,7541.3,0.5452
6175.9,62831.3,6224.3,62849.4,0.5450
4610.6,12046.9,4629.0,12063.6,0.5449
5441.7,21854.4,5462.4,21893.1,0.5445
7785.3,67708.5,7844.5,67744.6,0.5444
5642.2,43418.1,5692.0,43431.8,0.5443
4717.9,64293.9,4790.2,64313.1,0.5442
9783.9,9834.1,9806.2,9873.6,0.5440
3271.8,26318.6,3323.7,26370.1,0.5440
11200.0,28098.0,11262.0,28159.8,0.5437
5347.9,16568.9,5376.0,16596.8,0.5436
12406.5,4750.6,12461.5,4774.2,0.5433
5269.0,42170.1,5319.3,42197.6,0.5432
339.3,17804.5,357.5,17830.4,0.5429
5011.8,65740.1,5057.5,65754.7,0.5428
16913.8,22720.0,16960.0,22758.6,0.5427
3562.4,6965.0,3613.5,6995.8,0.5427
11814.1,59968.6,11884.8,59993.3,0.5426
4489.4,1302.3,4548.9,1360.7,0.5423
4265.9,44144.1,4330.3,44159.5,0.5417
8069.5,13042.7,8094.9,13083.3,0.5414
4312.3,10234.0,4348.5,10269.6,0.5411
5640.9,68312.3,5699.6,68339.3,0.5410
11837.1,27417.6,11881.1,27462.5,0.5409
12650.7,61246.2,12724.4,61263.1,0.5408
11807.3,8109.7,11823.8,8126.9,0.5407
11380.9,8375.2,11444.1,8440.1,0.5406
14508.2,68776.5,14581.3,68797.9,0.5404
11691.0,55232.7,11757.8,55247.4,0.5400
12324.0,7980.7,12360.7,8009.5,0.5398
4249.8,1005.5,4300.6,1060.8,0.5398
2938.0,2993.3,2973.6,3024.3,0.5398
13966.5,26209.1,14005.5,26238.0,0.5397
11694.9,725.0,11800.9,797.3,0.5396
4719.7,67774.4,4785.6,67796.6,0.5396
7330.7,4694.5,7360.0,4744.9,0.5395
11475.5,31234.2,11506.0,31282.6,0.5395
17388.4,37815.2,17416.3,37871.3,0.5391
1079.6,58479.9,1102.3,58497.2,0.5391
13369.5,64675.8,13435.6,64705.9,0.5391
10845.5,11888.2,10880.0,11932.8,0.5390
9181.5,12431.2,9197.5,12446.9,0.5388
2370.0,1780.7,2416.4,1808.9,0.5387
8579.6,10025.1,8625.2,10060.2,0.5386
6123.9,12737.3,6147.2,12757.6,0.5384
1737.8,5188.9,1781.3,5227.1,0.5383
7634.4,69805.1,7676.5,69824.9,0.5382
16453.2,63160.8,16483.3,63177.9,0.5380
14215.5,66559.8,14272.3,66579.6,0.5374
17481.3,46750.6,17504.9,46768.1,0.5373
12297.5,58109.5,12371.2,58131.9,0.5373
7306.4,63262.0,7356.9,63283.1,0.5372
11808.9,11130.4,11845.3,11165.1,0.5371
10491.6,11108.0,10523.3,11137.4,0.5371
16535.9,25913.4,16614.5,25984.3,0.5368
1553.3,1144.6,1580.2,1166.3,0.5367
6277.8,18312.6,6326.2,18371.8,0.5365
4651.5,6418.3,4745.7,6484.6,0.5363
10102.8,49759.2,10172.8,49775.6,0.5363
14191.0,69440.9,14231.9,69480.7,0.5362
13274.0,3428.3,13331.8,3471.8,0.5362
1402.2,9609.3,1447.1,9649.0,0.5355
13138.2,28730.3,13198.4,28783.5,0.5352
6079.5,2720.0,6102.8,2738.3,0.5351
15900.4,6865.5,15971.5,6898.4,0.5351
6219.8,44370.9,6257.9,44392.7,0.5348
1469.8,5767.5,1530.3,5804.8,0.5346
7845.9,61757.0,7903.0,61775.8,0.5339
11370.3,63864.2,11422.8,63886.9,0.5337
9871.3,42157.4,9920.0,42216.7,0.5337
12802.1,4716.3,12886.5,4780.6,0.5336
17117.3,4558.2,17159.3,4605.2,0.5335
17215.6,32544.2,17251.6,32579.7,0.5334
14434.6,2156.9,14450.1,2172.1,0.5333
17227.7,9409.6,17267.6,9437.4,0.5330
10510.0,10873.5,10543.3,10892.2,0.5329
1055.1,48806.6,1119.9,48823.9,0.5328
3116.7,67778.1,3194.1,67803.2,0.5328
6000.3,65484.2,6058.0,65498.6,0.5326
16000.0,24408.3,16063.3,24472.9,0.5326
10594.4,11740.2,10610.6,11754.0,0.5321
10994.2,53977.8,11016.7,53992.7,0.5321
7419.3,46881.0,7470.4,46896.1,0.5319
9844.4,33966.5,9908.1,34027.7,0.5319
14797.8,6815.8,14838.0,6858.0,0.5319
16346.6,68270.4,16404.8,68296.4,0.5317
14817.6,31615.5,14901.9,31677.9,0.5317
11016.4,28800.0,11067.6,28830.6,0.5314
17128.1,8903.9,17155.7,8943.2,0.5311
5987.9,41922.6,6056.2,41954.4,0.5311
11968.3,54410.5,12026.2,54431.0,0.5307
6720.0,3383.1,6763.6,3436.6,0.5307
16297.4,19520.0,16356.9,19557.3,0.5305
3455.1,63118.1,3518.1,63135.0,0.5303
17443.6,68402.4,17470.8,68413.7,0.5300
11237.4,63938.7,11306.1,63962.8,0.5300
16163.9,67297.1,16228.4,67309.9,0.5299
3852.4,20570.7,3878.4,20599.6,0.5297
2559.8,12081.9,2596.8,12111.9,0.5295
11600.7,54696.6,11651.0,54714.7,0.5292
8136.3,49111.1,8196.1,49146.5,0.5290
3840.6,3201.4,3883.5,3244.7,0.5287
11659.1,55551.4,11702.0,55566.7,0.5286
4323.8,43096.2,4389.6,43126.1,0.5279
452.0,63214.1,518.1,63281.9,0.5278
8007.8,63967.6,8082.3,63985.5,0.5278
16104.6,36445.8,16165.4,36480.0,0.5276
12300.5,63704.4,12364.1,63731.8,0.5276
8131.4,16959.5,8174.9,16983.7,0.5275
5068.8,39328.8,5119.9,39384.1,0.5274
16960.3,24983.1,17022.8,25053.2,0.5273
6236.7,43451.6,6264.6,43463.0,0.5272
9832.7,38336.5,9919.1,38400.0,0.5271
12594.8,64309.5,12657.4,64329.8,0.5270
15393.5,7078.4,15432.7,7114.4,0.5270
4050.2,65195.8,4108.1,65212.2,0.5269
14669.6,66023.1,14743.1,66049.3,0.5268
11539.9,62106.9,11670.5,62136.1,0.5267
13596.8,1397.4,13646.0,1425.0,0.5265
17008.7,26295.3,17051.4,26338.1,0.5264
3401.6,44390.8,3455.1,44411.7,0.5261
2040.3,32552.6,2115.5,32607.4,0.5261
9418.6,63740.3,9465.5,63759.6,0.5260
1995.6,1377.3,2034.2,1417.7,0.5259
12207.2,13138.3,12228.7,13171.1,0.5253
3373.1,24126.7,3468.2,24204.2,0.5250
10265.0,63841.8,10334.6,63856.1,0.5248
11231.3,63048.2,11320.6,63068.8,0.5246
2231.8,25060.8,2260.2,25096.1,0.5245
11286.5,56619.8,11322.2,56640.4,0.5244
11348.4,61932.1,11412.1,61950.1,0.5244
1920.5,17243.9,1974.1,17280.0,0.5243
7292.6,65120.0,7353.9,65135.7,0.5239
14531.0,55741.8,14584.1,55766.4,0.5238
16158.9,34825.0,16194.4,34866.5,0.5237
10957.4,55563.8,11026.3,55577.4,0.5237
6993.4,31360.6,7039.3,31406.2,0.5237
16865.1,67895.1,16879.8,67909.8,0.5237
14081.9,21120.0,14112.9,21155.5,0.5236
6058.1,1329.8,6115.4,1402.3,0.5231
16116.5,69643.3,16177.3,69657.3,0.5230
9811.7,13120.0,9881.5,13146.3,0.5227
13583.4,27840.0,13715.8,27897.4,0.5225
10517.6,8007.5,10551.4,8037.0,0.5222
3973.6,12121.2,4035.9,12154.1,0.5221
14786.9,31473.5,14833.7,31494.2,0.5221
6766.4,45452.5,6831.6,45474.4,0.5221
13441.8,19062.5,13460.7,19102.1,0.5220
8000.0,13767.3,8054.3,13856.8,0.5218
11614.1,56988.1,11649.7,57000.8,0.5216
14080.0,20781.0,14133.6,20800.0,0.5214
16838.7,18601.5,16871.0,18628.6,0.5213
17472.1,68576.7,17492.2,68589.5,0.5210
571.1,11302.3,619.2,11339.1,0.5209
1948.0,12410.1,1972.7,12478.1,0.5209
5841.4,68339.8,5886.9,68363.2,0.5208
3482.5,5161.1,3520.0,5198.6,0.5207
5314.1,10864.4,5347.7,10880.0,0.5206
5355.2,9818.0,5438.2,9899.1,0.5199
6719.2,43666.5,6770.1,43690.8,0.5198
17524.9,63984.1,17596.7,64000.0,0.5194
16517.8,25315.1,16567.5,25352.4,0.5193
8105.5,62338.2,8154.7,62354.5,0.5193
14666.4,4275.6,14697.4,4299.6,0.5191
6917.3,44326.2,7013.3,44349.3,0.5185
6797.3,18077.4,6819.3,18099.2,0.5185
10672.4,7188.8,10718.1,7234.7,0.5185
6225.2,42729.3,6257.3,42743.2,0.5185
6025.1,2361.0,6080.0,2394.3,0.5183
4689.3,12035.2,4719.3,12067.7,0.5183
8918.5,48470.5,8976.1,48494.6,0.5182
5333.1,10865.6,5375.6,10892.4,0.5182
939.2,36637.1,981.3,36652.6,0.5181
4742.3,4433.2,4799.3,4470.6,0.5181
8819.9,23632.9,8840.6,23645.6,0.5181
7363.1,15187.8,7380.0,15205.1,0.5180
4267.0,17476.4,4332.7,17519.0,0.5179
1931.6,14605.3,1956.4,14630.1,0.5174
5748.5,21561.1,5760.0,21580.7,0.5173
10755.3,65200.0,10819.6,65211.5,0.5169
12678.4,49434.0,12741.5,49514.3,0.5168
4482.0,1600.0,4567.4,1662.1,0.5168
8337.7,49370.5,8384.6,49393.9,0.5168
16544.6,26980.4,16560.8,27005.3,0.5165
2560.0,18880.0,2585.4,18902.3,0.5165
1220.3,58607.4,1269.5,58621.7,0.5163
6145.8,43224.0,6178.3,43241.9,0.5161
9866.1,9730.2,9897.5,9756.2,0.5161
5755.8,14682.5,5812.0,14757.9,0.5157
11500.4,16428.1,11549.4,16459.1,0.5156
9010.9,48391.9,9061.1,48417.6,0.5155
11358.2,59054.5,11416.3,59074.9,0.5153
12105.7,19534.6,12164.6,19596.1,0.5152
11333.1,55797.7,11385.6,55810.7,0.5146
14541.4,11070.1,14611.5,11147.7,0.5143
12273.1,33086.2,12341.6,33149.4,0.5143
12058.7,54390.1,12111.2,54409.7,0.5142
11594.2,62376.2,11660.1,62395.6,0.5139
11763.3,55819.4,11806.8,55844.0,0.5139
14852.4,22457.9,14891.8,22499.7,0.5138
17536.3,11356.4,17583.1,11420.3,0.5136
3825.0,5944.2,3865.0,5989.8,0.5135
11296.9,55756.0,11348.9,55772.0,0.5135
17661.5,29231.2,17734.9,29285.8,0.5133
2.0,17254.2,14.1,17282.2,0.5133
11371.1,66811.7,11427.8,66827.2,0.5132
17599.5,13143.9,17665.7,13200.9,0.5131
8207.7,48783.3,8268.6,48801.3,0.5130
16427.3,6963.1,16440.1,6983.6,0.5129
2881.1,19840.0,2956.7,19899.2,0.5129
7470.3,3441.8,7499.6,3474.1,0.5129
11113.5,29440.0,11137.3,29464.2,0.5127
13618.2,9814.8,13659.2,9842.9,0.5126
7831.7,69679.8,7880.4,69695.7,0.5126
16329.2,9280.0,16388.4,9308.8,0.5125
5655.1,2501.0,5719.3,2552.2,0.5124
14298.8,30013.0,14342.5,30048.2,0.5121
5906.1,65530.3,5934.5,65547.0,0.5119
6652.5,13697.2,6726.4,13760.0,0.5117
10852.4,31040.1,10914.8,31075.1,0.5117
4285.0,16646.0,4331.0,16681.2,0.5116
11555.7,947.7,11618.4,960.0,0.5113
11442.4,64271.9,11508.0,64288.0,0.5113
14580.1,21347.3,14642.6,21393.0,0.5111
2364.4,3993.7,2405.0,4025.6,0.5110
16300.4,24640.0,16320.0,24669.7,0.5110
11433.2,63113.1,11512.1,63137.5,0.5109
13774.8,65494.6,13838.6,65512.9,0.5109
8578.2,69676.8,8644.4,69715.3,0.5103
11559.4,51591.7,11626.0,51613.6,0.5101
644.8,27181.0,689.8,27229.4,0.5100
11338.2,61364.1,11381.7,61385.9,0.5098
5251.6,45614.5,5287.1,45629.4,0.5098
17857.3,23740.0,17918.8,23821.1,0.5094
12134.4,62158.1,12159.2,62178.3,0.5091
6322.4,2620.3,6345.1,2635.7,0.5090
17503.1,37120.0,17588.7,37149.5,0.5090
11367.6,30808.4,11432.0,30864.1,0.5088
11126.0,64070.3,11196.9,64100.2,0.5082
13225.7,17160.4,13272.8,17198.6,0.5080
10818.7,30691.6,10884.1,30720.0,0.5080
2909.0,17294.8,2963.3,17332.5,0.5080
15491.1,9284.6,15522.1,9312.4,0.5079
22.0,67980.2,106.1,68003.1,0.5076
259.9,13000.2,295.2,13025.7,0.5076
8197.1,4657.7,8230.2,4691.5,0.5075
9338.4,37863.3,9395.0,37913.5,0.5075
11415.3,15329.0,11483.4,15360.0,0.5071
12800.9,13120.0,12861.6,13166.6,0.5068
12073.9,57071.4,12123.2,57091.5,0.5068
2650.4,9096.5,2705.9,9125.9,0.5067
11912.2,65825.4,11957.7,65836.9,0.5067
5094.2,69137.5,5118.4,69152.3,0.5064
4916.9,66644.3,4954.3,66659.3,0.5063
14160.8,69286.0,14244.6,69304.3,0.5063
12435.4,14112.6,12478.7,14145.2,0.5062
13032.0,51745.9,13077.7,51760.0,0.5060
17950.4,32130.9,17990.3,32153.5,0.5060
2995.8,66659.2,3053.4,66672.5,0.5059
9774.1,42595.3,9836.3,42638.0,0.5057
8252.2,8192.3,8272.6,8219.5,0.5055
10785.9,63530.3,10843.1,63543.2,0.5055
17353.5,23040.0,17396.3,23056.2,0.5055
17885.8,10882.9,17910.3,10907.7,0.5050
10525.0,28195.2,10560.0,28257.0,0.5048
11553.6,61388.4,11607.5,61406.9,0.5047
15152.1,21728.1,15169.7,21745.6,0.5046
985.8,8746.2,1022.5,8766.0,0.5042
14235.8,4294.2,14269.6,4324.7,0.5041
3497.2,14967.6,3541.6,15004.5,0.5039
115.0,15220.5,130.3,15237.1,0.5034
10561.2,62214.8,10623.7,62241.9,0.5030
9207.2,32731.4,9274.3,32790.0,0.5030
12377.0,17544.4,12461.5,17600.0,0.5029
15696.5,9387.8,15738.5,9452.0,0.5029
10457.7,49345.3,10514.9,49369.3,0.5024
16213.7,63862.5,16299.5,63888.8,0.5023
11728.4,60412.4,11765.4,60427.2,0.5021
10282.9,836.1,10296.1,849.8,0.5020
5703.7,45760.4,5782.1,45777.5,0.5019
7170.7,18440.7,7210.5,18464.4,0.5018
17536.0,25040.4,17602.9,25116.3,0.5014
8028.6,9620.1,8068.9,9650.1,0.5012
17995.6,35774.8,18025.4,35808.2,0.5012
16993.8,18257.1,17024.2,18302.1,0.5010
4747.5,67135.3,4796.9,67155.2,0.5009
18004.2,8962.8,18069.4,8992.6,0.5008
7040.0,6179.6,7099.1,6246.8,0.5006
5121.0,17393.9,5139.7,17414.2,0.5006
11613.0,57125.4,11662.0,57142.7,0.5002
16096.6,34921.4,16128.0,34943.2,0.5002
16546.9,9552.4,16585.5,9583.5,0.5001
5001.3,68807.3,5036.8,68827.4,0.4997
15012.3,2453.6,15082.5,2516.7,0.4996
15408.0,6912.4,15436.5,6929.6,0.4996
5226.5,44575.6,5268.3,44589.6,0.4995
12349.6,55005.8,12401.6,55032.4,0.4995
10438.3,49285.2,10484.9,49307.5,0.4994
14938.4,69098.2,14981.4,69116.3,0.4994
2346.5,43764.9,2385.6,43787.8,0.4992
9050.8,14738.7,9086.7,14772.6,0.4987
11240.7,50421.9,11311.5,50460.7,0.4985
14075.5,10657.4,14128.5,10706.1,0.4979
12160.0,4345.8,12238.1,4432.1,0.4978
9546.0,65447.2,9607.3,65472.9,0.4976
4587.4,11107.2,4605.5,11127.2,0.4974
8909.4,46486.3,8958.8,46519.6,0.4972
12163.7,56479.8,12229.2,56497.4,0.4972
9906.6,23040.0,9961.5,23057.9,0.4970
8302.3,15808.5,8319.6,15867.7,0.4970
10285.0,8771.5,10323.0,8797.5,0.4969
11322.0,8728.6,11380.2,8781.1,0.4967
12500.3,53127.6,12558.1,53148.4,0.4965
5120.9,20736.5,5189.4,20814.8,0.4964
5520.5,44504.8,5564.7,44522.3,0.4962
4680.4,2931.1,4701.6,2959.4,0.4959
6749.5,28867.5,6775.1,28891.5,0.4959
1686.0,9500.1,1714.1,9537.5,0.4958
2490.1,41143.3,2558.7,41171.7,0.4958
16079.0,7010.6,16118.1,7040.0,0.4956
10560.0,2410.2,10610.1,2489.0,0.4955
16719.0,19988.5,16756.7,20019.1,0.4953
6499.0,46054.7,6564.0,46071.3,0.4950
5440.0,919.9,5495.8,990.9,0.4950
10740.1,64212.9,10792.5,64226.5,0.4949
6247.2,1958.4,6286.0,2005.2,0.4947
2403.6,61994.8,2456.4,62008.0,0.4946
14433.1,10167.2,14464.6,10191.8,0.4941
16859.5,27218.3,16915.2,27285.9,0.4940
1993.0,8327.2,2048.9,8382.9,0.4940
6219.3,31817.5,6278.2,31861.3,0.4939
1324.6,39417.3,1396.1,39441.7,0.4939
5712.0,43165.1,5758.2,43181.9,0.4938
4161.3,1074.7,4235.6,1208.8,0.4936
6218.2,2304.2,6251.1,2324.9,0.4936
12659.8,26651.1,12688.5,26677.6,0.4935
10270.1,13608.7,10312.4,13646.6,0.4933
9212.0,31081.1,9264.4,31145.7,0.4932
8826.9,31706.7,8867.8,31731.6,0.4931
3857.1,62075.1,3930.5,62088.1,0.4930
5398.4,10762.3,5440.0,10799.5,0.4930
16001.1,33600.4,16071.5,33674.2,0.4930
13366.7,28818.8,13427.2,28874.6,0.4929
6499.1,19559.5,6533.4,19592.9,0.4929
12079.9,12145.1,12103.4,12160.0,0.4926
14275.4,8122.2,14313.3,8145.4,0.4923
5891.6,2417.9,5956.0,2457.7,0.4923
13082.0,58720.7,13138.9,58735.3,0.4921
17873.0,29032.9,17911.1,29054.9,0.4921
14887.7,5818.4,14921.0,5852.3,0.4920
2085.7,2432.0,2126.4,2455.1,0.4920
1920.0,14545.9,1931.2,14576.3,0.4920
11217.9,32404.7,11260.7,32466.4,0.4920
3777.3,11617.2,3838.6,11656.5,0.4919
14727.2,11159.7,14771.6,11200.3,0.4919
1761.8,19443.6,1788.4,19469.1,0.4917
17528.7,11465.0,17598.7,11520.0,0.4912
13386.5,27075.2,13426.1,27108.7,0.4912
403.6,15680.0,443.0,15690.0,0.4912
8827.5,45591.7,8882.5,45610.8,0.4911
5363.8,20575.1,5480.7,20674.1,0.4911
12340.7,51973.8,12406.8,51994.8,0.4910
7401.0,30313.6,7446.5,30375.5,0.4909
12144.2,32995.5,12159.7,33039.2,0.4908
4240.6,42423.8,4285.9,42443.5,0.4907
16587.4,5435.4,16638.7,5487.5,0.4906
2601.3,10977.1,2673.2,11031.5,0.4905
10684.7,34373.4,10719.8,34413.7,0.4901
589.0,8841.5,613.8,8859.4,0.4901
11163.4,59763.9,11199.1,59781.7,0.4900
12282.0,15917.4,12342.2,15956.0,0.4898
572.0,67341.9,638.7,67363.5,0.4897
3849.6,6784.1,3878.6,6808.5,0.4896
15238.9,32017.3,15280.9,32062.1,0.4894
7864.9,44336.0,7911.5,44350.9,0.4893
8491.9,49702.9,8579.3,49720.8,0.4892
9091.1,64337.6,9119.9,64354.6,0.4891
7532.1,32910.3,7577.0,32953.2,0.4889
15652.4,35939.5,15718.8,36007.9,0.4888
3766.6,67094.2,3829.6,67124.7,0.4887
18003.7,25294.4,18059.0,25341.0,0.4886
11520.9,12570.4,11570.7,12615.9,0.4884
11647.6,857.7,11714.6,889.1,0.4883
8091.9,10560.0,8134.7,10588.3,0.4878
7724.0,12776.8,7800.6,12800.0,0.4871
4816.4,8000.0,4866.2,8024.2,0.4871
18024.3,37860.8,18071.8,37899.2,0.4870
5907.4,41552.3,5976.1,41563.7,0.4862
14110.9,69070.9,14176.0,69087.7,0.4860
17120.8,32784.7,17140.3,32806.1,0.4860
11196.8,57721.8,11241.5,57743.6,0.4859
11432.6,29602.2,11493.1,29663.7,0.4859
13249.8,26917.8,13299.4,26958.7,0.4856
13460.2,63265.3,13511.7,63281.0,0.4855
442.5,16234.2,508.8,16320.0,0.4855
12359.8,14117.8,12388.9,14160.3,0.4854
12595.8,7838.4,12658.9,7882.5,0.4853
9575.7,11953.4,9588.2,11969.9,0.4849
6949.4,45003.0,6988.8,45015.5,0.4848
2706.3,68226.1,2736.7,68244.0,0.4847
6275.8,63802.7,6329.2,63815.5,0.4846
6063.4,43441.5,6132.6,43470.7,0.4846
13305.8,65919.9,13358.1,65937.5,0.4845
4329.5,2138.0,4365.7,2167.2,0.4839
4657.6,68591.5,4741.7,68608.0,0.4835
14315.8,1920.6,14364.9,1956.0,0.4835
5016.7,13936.9,5041.1,13970.5,0.4832
14975.1,28800.0,15042.6,28829.1,0.4831
12624.1,28995.5,12657.8,29036.6,0.4829
4377.8,11089.1,4394.2,11116.6,0.4828
6355.3,15601.3,6372.4,15623.9,0.4827
11842.6,61705.1,11907.4,61720.2,0.4826
12305.8,19746.7,12324.2,19780.2,0.4825
13074.4,64153.3,13117.8,64170.6,0.4825
12979.2,18040.2,13038.7,18106.7,0.4825
10886.2,33310.2,10972.3,33367.7,0.4822
4480.9,10240.0,4532.3,10286.7,0.4822
11024.2,55593.7,11084.8,55616.0,0.4821
14218.1,7889.4,14234.4,7914.7,0.4819
17107.5,21978.2,17120.2,21996.7,0.4819
16208.4,68490.2,16255.3,68503.4,0.4811
2309.3,12097.4,2402.9,12170.9,0.4807
11987.2,55479.8,12051.4,55499.6,0.4806
13121.4,28689.8,13156.0,28766.1,0.4806
2101.6,18176.5,2166.9,18233.6,0.4804
5120.9,20384.2,5153.4,20415.0,0.4802
6189.7,5683.0,6206.8,5694.2,0.4802
12676.0,53886.6,12737.6,53920.5,0.4802
6053.1,8856.5,6116.2,8903.0,0.4801
7509.9,14258.2,7532.6,14278.0,0.4799
5298.1,1787.0,5345.3,1812.9,0.4799
15041.6,31057.2,15075.9,31110.7,0.4799
8658.2,28461.5,8716.6,28526.0,0.4797
8756.3,69787.5,8821.8,69800.1,0.4794
8640.0,29760.0,8701.3,29796.7,0.4793
17396.7,19351.7,17442.0,19375.4,0.4790
16295.1,67171.2,16318.1,67184.0,0.4788
0.0,13697.6,26.5,13751.9,0.4787
11425.1,62125.7,11485.3,62143.8,0.4781
900.9,66533.6,967.0,66561.3,0.4777
4864.1,8199.7,4899.1,8230.1,0.4777
3548.4,249.0,3599.3,305.1,0.4776
14569.3,32513.0,14620.9,32559.1,0.4775
13121.1,5371.2,13143.2,5397.3,0.4774
5300.2,20040.9,5316.7,20060.3,0.4773
1280.0,19129.8,1354.3,19199.6,0.4772
13717.7,65732.4,13759.3,65757.8,0.4771
4172.3,13463.5,4229.4,13497.6,0.4771
10244.1,17606.0,10300.3,17656.4,0.4766
10188.7,30481.2,10241.2,30536.2,0.4765
3623.6,65057.4,3684.9,65071.8,0.4764
9126.0,15683.5,9164.6,15723.0,0.4763
5304.1,65640.7,5351.6,65656.0,0.4763
15352.0,31930.0,15394.3,31978.1,0.4763
13249.3,30233.4,13279.4,30264.7,0.4761
17116.9,20082.0,17148.5,20111.2,0.4761
5231.9,18688.2,5276.8,18729.2,0.4759
5345.9,8088.2,5378.7,8113.0,0.4756
13938.3,8999.6,13980.7,9029.7,0.4755
8517.4,7589.2,8539.8,7622.9,0.4755
5405.2,1471.0,5451.5,1540.8,0.4755
849.6,61008.2,895.0,61027.3,0.4754
4018.6,63875.9,4053.0,63888.1,0.4752
18113.3,19083.6,18158.0,19127.5,0.4751
3592.5,20672.5,3617.4,20700.9,0.4750
15295.8,55961.7,15359.5,55979.2,0.4749
9600.0,12755.2,9626.9,12797.0,0.4749
1403.9,67065.2,1463.9,67080.4,0.4749
14430.3,33958.6,14464.3,33997.1,0.4748
16364.7,67840.0,16407.7,67853.5,0.4744
748.6,25956.4,812.3,25996.1,0.4744
14722.0,24298.2,14735.2,24326.0,0.4743
15979.6,31089.0,15999.5,31106.3,0.4743
1785.4,27420.9,1885.9,27498.4,0.4740
14386.0,14391.7,14451.4,14460.1,0.4736
16402.4,26256.8,16436.7,26282.3,0.4735
2847.4,20878.9,2895.0,20914.6,0.4735
10035.6,9838.7,10059.9,9860.8,0.4734
6950.6,45411.2,6993.0,45423.6,0.4731
4096.9,11462.9,4151.5,11561.6,0.4730
11231.0,31444.3,11309.9,31513.2,0.4729
328.4,8182.6,370.5,8214.6,0.4729
4854.0,12284.9,4872.7,12306.8,0.4728
9074.7,64757.9,9120.4,64774.5,0.4725
15745.4,9426.9,15779.7,9460.5,0.4725
18121.8,66081.9,18175.5,66136.6,0.4720
9898.0,32602.3,9960.1,32640.0,0.4719
6551.3,43088.3,6596.3,43106.6,0.4719
9969.3,7907.2,10009.3,7938.1,0.4717
17537.2,10800.6,17592.6,10851.3,0.4716
16994.4,6187.0,17039.6,6213.3,0.4714
11355.1,56949.7,11395.2,56965.7,0.4710
10643.3,55454.8,10721.7,55472.7,0.4709
15815.6,4459.5,15844.4,4484.5,0.4707
892.3,10852.4,948.1,10884.7,0.4706
16417.5,64393.7,16477.2,64417.4,0.4704
12386.7,54577.9,12445.3,54602.3,0.4704
4853.9,12007.5,4915.4,12029.7,0.4701
13121.0,16640.0,13193.2,16716.5,0.4700
1587.9,2233.7,1604.1,2259.2,0.4700
4774.2,18216.3,4828.4,18240.0,0.4699
17804.0,28162.6,17841.7,28202.7,0.4698
3823.3,13120.0,3840.0,13141.0,0.4697
3742.1,7751.1,3830.5,7825.1,0.4697
15050.4,67437.4,15102.7,67459.1,0.4697
13320.7,63871.6,13371.9,63895.4,0.4694
10882.2,57793.7,10915.1,57809.8,0.4693
1747.7,67854.1,1790.8,67874.8,0.4693
9189.8,18860.3,9222.6,18880.0,0.4690
17534.8,1217.9,17598.0,1255.0,0.4688
12059.3,51379.9,12122.6,51408.3,0.4688
10171.0,30568.6,10238.6,30631.3,0.4687
10652.5,65087.8,10692.8,65100.8,0.4686
12577.1,9833.8,12625.5,9872.3,0.4685
4426.4,1097.5,4480.0,1161.0,0.4683
16321.2,25706.9,16342.7,25749.5,0.4683
17536.6,35218.9,17577.1,35278.9,0.4682
12986.4,30454.5,13046.6,30520.9,0.4681
10428.0,63571.1,10474.5,63580.6,0.4680
6716.8,10279.1,6756.8,10322.0,0.4677
8273.8,48401.9,8318.6,48416.0,0.4676
11946.9,30758.1,12006.4,30839.1,0.4675
12130.5,35225.9,12178.8,35250.7,0.4674
14035.2,62582.1,14077.6,62606.0,0.4674
9162.1,7660.8,9226.1,7739.3,0.4672
6039.1,44911.9,6095.0,44925.7,0.4671
15268.5,16418.8,15322.9,16479.5,0.4671
4130.3,62629.9,4182.1,62648.5,0.4670
12800.1,34532.4,12819.7,34560.0,0.4667
2451.5,40859.2,2498.7,40882.0,0.4667
15345.0,56721.7,15435.4,56755.5,0.4666
17881.4,2857.0,17919.4,2883.1,0.4665
14451.0,66033.8,14483.4,66047.3,0.4664
10397.1,64960.0,10451.9,64970.3,0.4664
10860.0,32324.6,10911.7,32378.5,0.4661
4668.5,11105.8,4687.2,11130.8,0.4658
1602.3,22720.0,1672.0,22757.9,0.4658
11795.2,67678.1,11861.4,67695.3,0.4654
6402.4,2587.9,6426.4,2604.7,0.4653
16109.9,34787.2,16183.1,34836.9,0.4653
4026.7,44387.9,4082.6,44408.1,0.4648
13869.9,65473.7,13953.2,65488.7,0.4647
983.9,14281.6,1009.9,14302.0,0.4644
10902.2,62483.5,10946.7,62498.1,0.4641
2323.4,64737.9,2363.9,64751.3,0.4640
9810.1,18693.7,9883.8,18747.0,0.4639
11765.4,61710.2,11836.9,61725.9,0.4638
9320.5,55591.5,9369.0,55608.5,0.4636
1993.9,46401.4,2029.2,46418.4,0.4634
8292.4,15515.9,8309.3,15539.3,0.4634
17591.1,25720.3,17634.2,25744.0,0.4633
985.4,22010.0,1012.4,22059.4,0.4633
54.9,6360.2,114.7,6399.0,0.4625
6930.3,44270.6,6988.3,44286.0,0.4625
6809.6,18449.6,6842.9,18485.5,0.4623
3299.3,64814.6,3346.7,64832.2,0.4621
9454.4,9522.8,9491.9,9567.1,0.4618
1708.0,68992.1,1772.7,69013.5,0.4616
1054.9,36522.3,1111.2,36534.2,0.4614
10813.4,60973.1,10876.7,60991.9,0.4609
3451.0,67046.6,3519.7,67073.3,0.4609
9809.1,7519.9,9844.2,7535.1,0.4606
13101.4,28439.4,13137.6,28474.0,0.4605
17812.7,38391.7,17880.7,38432.3,0.4604
6753.8,65780.4,6799.7,65799.5,0.4603
10163.1,30192.8,10238.9,30247.4,0.4600
4635.6,30093.0,4681.0,30133.2,0.4600
15074.5,31890.8,15109.6,31931.0,0.4599
15652.8,44681.3,15663.9,44703.5,0.4595
6146.4,45954.1,6189.6,45965.7,0.4594
4486.9,42553.5,4557.4,42568.4,0.4594
10860.8,62185.6,10909.7,62200.2,0.4594
11659.6,24593.9,11735.4,24637.5,0.4594
14325.6,326.1,14397.0,372.3,0.4593
5211.7,45322.9,5257.1,45355.2,0.4593
13120.0,28803.9,13170.5,28869.7,0.4590
13094.9,58762.5,13119.2,58785.7,0.4589
11474.9,60973.0,11511.9,60993.9,0.4589
17331.6,11044.7,17394.6,11106.8,0.4588
11801.9,50535.1,11838.0,50558.5,0.4587
15607.6,59265.1,15641.3,59278.6,0.4584
17688.6,23343.7,17724.7,23360.0,0.4582
8915.6,15690.6,8960.0,15758.8,0.4582
11114.9,59657.2,11188.5,59673.0,0.4578
18094.2,23375.6,18130.6,23410.0,0.4578
15561.9,27952.5,15585.3,27972.8,0.4578
2092.0,46029.8,2120.7,46052.6,0.4576
16623.1,38105.6,16678.2,38150.9,0.4575
4411.9,46917.9,4448.9,46933.5,0.4573
12105.8,62060.5,12178.3,62083.1,0.4572
5760.0,16720.9,5830.1,16830.7,0.4571
11239.0,62688.4,11273.5,62705.7,0.4565
9038.4,65416.6,9090.0,65439.9,0.4564
8256.3,47168.0,8297.3,47181.0,0.4564
2056.8,2664.2,2142.1,2724.5,0.4562
10153.5,58023.8,10210.2,58049.0,0.4559
10705.5,61832.8,10803.4,61858.8,0.4558
17887.1,35010.1,17907.8,35035.8,0.4555
15702.3,28097.1,15768.9,28158.7,0.4552
5376.1,23742.5,5395.5,23781.0,0.4552
9920.6,16623.4,9949.0,16640.0,0.4550
5101.2,21120.8,5119.7,21157.9,0.4549
6748.3,47228.6,6791.9,47247.6,0.4549
16036.6,18760.3,16069.6,18788.9,0.4548
15285.0,32926.6,15342.6,32981.8,0.4548
6124.2,42839.3,6189.2,42861.7,0.4547
12850.3,18196.7,12906.6,18239.8,0.4546
10403.6,62984.6,10450.5,62998.4,0.4546
7524.7,17666.5,7542.6,17685.8,0.4542
2217.4,4305.4,2242.0,4321.8,0.4537
17723.7,34785.4,17764.5,34821.2,0.4536
13074.0,55117.0,13120.0,55137.3,0.4533
5280.2,66781.2,5383.3,66805.2,0.4531
6282.3,12640.6,6317.9,12663.1,0.4530
16284.0,25856.8,16328.5,25902.8,0.4528
17331.7,34400.3,17367.4,34424.9,0.4528
6246.2,45261.5,6309.6,45282.0,0.4527
228.2,49186.1,301.3,49210.1,0.4526
7027.6,63440.6,7071.8,63454.2,0.4524
14672.6,13359.9,14718.8,13437.9,0.4522
12036.1,51297.7,12097.3,51310.7,0.4517
1344.6,2244.6,1387.1,2269.8,0.4516
4462.8,45191.1,4514.8,45208.9,0.4516
2346.2,4142.6,2400.4,4160.0,0.4514
8259.0,65284.1,8316.2,65295.5,0.4514
12252.1,8323.5,12305.7,8375.8,0.4512
16788.9,36822.4,16808.5,36854.4,0.4511
14123.2,68129.6,14186.8,68143.1,0.4511
17189.2,59026.4,17215.3,59061.6,0.4510
10533.1,3936.4,10582.9,3985.5,0.4506
3902.4,9923.1,3940.0,9971.1,0.4505
13056.2,58474.3,13117.5,58497.5,0.4505
12920.2,60524.0,12976.4,60539.0,0.4504
12787.0,52885.6,12840.1,52914.3,0.4501
17994.3,28315.7,18061.2,28362.1,0.4501
13121.2,32982.7,13160.9,33041.5,0.4500
7512.1,18880.0,7586.3,18909.8,0.4498
16151.8,34961.5,16222.9,35007.7,0.4497
5655.7,42683.6,5690.1,42695.3,0.4497
7041.5,15141.8,7054.6,15179.7,0.4496
2370.8,26188.2,2400.1,26239.1,0.4496
7066.4,5708.8,7105.9,5744.0,0.4494
12387.0,59151.1,12458.7,59165.5,0.4494
11651.1,51075.6,11694.6,51099.1,0.4493
11881.7,60946.6,11925.6,60963.3,0.4486
12294.8,61854.3,12339.8,61870.6,0.4485
6400.0,535.7,6449.3,581.8,0.4485
12481.5,15760.4,12562.2,15828.3,0.4485
3689.8,25431.2,3756.6,25486.9,0.4483
6600.3,16565.2,6674.8,16637.8,0.4481
1061.8,19049.2,1129.3,19104.3,0.4480
12609.0,17489.9,12669.8,17545.0,0.4480
6108.0,2008.7,6167.3,2078.7,0.4479
1235.3,2292.3,1276.7,2316.8,0.4477
5796.1,42450.5,5861.9,42466.2,0.4475
13955.0,26878.7,13972.9,26900.1,0.4475
12412.0,43969.5,12473.4,44022.8,0.4474
640.0,18240.0,708.1,18310.0,0.4473
13761.6,16938.7,13793.2,16971.2,0.4473
7123.2,16037.0,7152.2,16057.7,0.4473
7187.8,66108.9,7241.7,66122.8,0.4472
14443.3,8331.6,14469.3,8365.4,0.4472
9232.9,65273.4,9279.4,65285.6,0.4471
7373.9,65369.0,7427.5,65392.9,0.4469
16031.7,64756.8,16088.9,64780.0,0.4468
6272.8,45329.2,6295.5,45344.8,0.4468
12083.0,57142.9,12142.8,57164.2,0.4462
16092.2,68717.1,16143.8,68736.3,0.4459
4016.2,14656.6,4118.5,14720.0,0.4459
15507.7,65151.6,15579.5,65167.7,0.4459
9989.1,30163.7,10070.2,30213.7,0.4458
7953.5,66295.5,7998.7,66313.5,0.4458
12293.6,15986.9,12315.9,16015.3,0.4457
12633.1,13241.1,12707.9,13294.6,0.4456
5235.3,45543.2,5289.9,45565.3,0.4456
6326.8,45888.0,6372.3,45902.7,0.4456
12319.5,7892.4,12375.7,7943.6,0.4455
2044.3,47256.9,2086.7,47276.4,0.4455
2387.3,12075.2,2423.7,12094.1,0.4455
5773.3,69176.1,5821.0,69197.7,0.4454
11348.9,61696.2,11431.7,61732.7,0.4454
9228.7,8640.0,9279.4,8671.9,0.4453
12528.9,33232.9,12548.0,33253.6,0.4451
7369.6,44783.3,7428.5,44801.3,0.4450
18120.7,12749.2,18158.3,12784.9,0.4450
7425.6,3971.6,7487.9,4021.7,0.4450
13027.8,5580.4,13056.2,5608.1,0.4449
16946.1,26370.3,17034.1,26421.6,0.4449
13193.6,28762.5,13253.6,28800.0,0.4448
7640.4,30080.0,7703.2,30127.8,0.4448
4232.4,46428.5,4277.9,46450.0,0.4447
13458.4,65971.2,13531.3,65996.7,0.4445
5821.4,19592.9,5877.8,19640.1,0.4441
6044.8,69225.2,6080.0,69246.7,0.4438
17978.6,17566.5,18032.7,17625.6,0.4438
5268.5,69217.4,5319.5,69230.2,0.4438
5928.1,65796.1,5978.7,65810.5,0.4436
10406.4,36281.2,10469.5,36347.1,0.4436
9097.7,48864.5,9152.0,48891.1,0.4434
13699.5,8041.6,13741.2,8060.2,0.4434
17938.4,30433.2,17980.9,30480.6,0.4434
880.1,27209.5,957.9,27289.8,0.4432
1028.1,9850.2,1057.2,9886.0,0.4431
2986.6,66126.7,3035.9,66140.6,0.4431
5857.8,9458.5,5908.2,9508.7,0.4428
12397.0,10774.8,12437.9,10808.3,0.4427
9382.1,65229.6,9454.8,65249.5,0.4424
6529.7,62248.6,6562.2,62261.5,0.4424
7747.4,44715.5,7793.4,44734.4,0.4423
7068.2,16623.6,7112.8,16640.0,0.4423
4407.4,24678.5,4476.4,24744.2,0.4422
6923.1,43724.7,6960.3,43747.8,0.4419
15961.9,7355.5,16000.0,7397.2,0.4415
15920.8,24486.2,15984.2,24536.2,0.4412
10831.3,50096.4,10878.8,50123.1,0.4409
3809.8,64189.4,3839.2,64207.4,0.4407
2964.8,17413.3,3028.2,17446.5,0.4406
3709.1,19161.1,3757.7,19197.8,0.4405
10759.3,32414.9,10822.6,32477.7,0.4404
16021.6,34071.6,16045.3,34096.4,0.4403
8531.7,49454.9,8594.3,49473.7,0.4401
15543.9,38468.2,15579.9,38499.5,0.4396
4849.1,43692.7,4888.7,43717.0,0.4396
16586.6,19200.0,16640.0,19232.8,0.4396
16739.1,29743.4,16779.9,29760.0,0.4395
8796.5,29411.8,8859.5,29440.0,0.4395
12443.7,5664.4,12478.5,5691.3,0.4394
5065.9,69761.8,5109.0,69778.5,0.4392
1346.8,1266.9,1376.0,1304.1,0.4391
12322.4,57456.8,12387.8,57483.5,0.4390
17619.1,63369.1,17683.1,63403.9,0.4389
12100.9,55599.2,12157.9,55625.9,0.4389
9981.0,11562.8,10008.2,11598.6,0.4388
13139.8,63327.7,13197.7,63346.0,0.4382
12643.6,58092.4,12697.6,58112.7,0.4380
10020.0,16188.4,10064.5,16215.9,0.4380
4160.1,23636.0,4193.0,23679.3,0.4378
4845.2,43648.0,4888.9,43664.6,0.4378
17764.3,36013.0,17806.8,36045.6,0.4378
10025.4,61007.8,10096.2,61022.4,0.4377
1980.3,66178.2,2063.9,66193.2,0.4376
7379.1,29255.5,7448.4,29286.1,0.4376
7040.0,12977.2,7052.1,13005.4,0.4376
16889.4,59528.7,16958.4,59612.6,0.4373
10637.6,58864.9,10686.6,58889.7,0.4370
6897.7,47177.4,6995.8,47205.2,0.4367
9531.9,48472.1,9585.8,48498.1,0.4366
13509.0,21223.7,13559.9,21276.9,0.4365
4164.7,5319.8,4208.7,5355.4,0.4362
4938.3,43177.3,4980.5,43192.8,0.4362
7466.2,65680.2,7524.0,65693.7,0.4361
1620.3,33153.6,1680.4,33166.2,0.4361
16773.8,29265.0,16843.6,29333.6,0.4361
12938.5,56414.0,12991.7,56433.5,0.4360
18144.9,9816.1,18176.0,9879.3,0.4358
11365.3,60815.5,11419.4,60835.8,0.4357
4389.1,378.3,4479.8,469.1,0.4356
17537.6,25753.8,17571.0,25791.7,0.4354
2594.1,66808.9,2663.0,66837.3,0.4354
3311.1,3499.1,3349.0,3526.9,0.4353
15660.4,60355.1,15679.4,60374.5,0.4351
10561.4,16640.0,10648.6,16699.9,0.4349
5444.9,45487.3,5494.6,45503.1,0.4349
17260.5,814.3,17289.6,839.0,0.4347
14667.7,37412.7,14718.0,37478.8,0.4346
16765.4,69373.4,16793.9,69386.9,0.4343
7264.8,31124.5,7278.5,31147.4,0.4343
2054.6,823.2,2094.7,845.8,0.4340
14987.3,28600.7,15012.4,28621.4,0.4339
5974.2,68439.5,6038.1,68457.9,0.4339
17919.6,38400.0,17953.6,38465.8,0.4339
17173.7,27603.8,17258.2,27674.1,0.4339
3728.3,64354.0,3769.3,64367.6,0.4338
12715.0,53567.3,12772.0,53585.2,0.4338
7409.6,67328.6,7458.7,67341.2,0.4337
14400.4,23058.6,14459.0,23110.4,0.4336
14683.8,63425.7,14753.1,63449.3,0.4336
10255.4,46848.1,10325.5,46863.0,0.4336
12868.8,66432.4,12931.9,66445.0,0.4335
17382.4,51893.0,17447.2,51962.7,0.4332
2982.0,45204.5,3050.9,45224.0,0.4332
11044.4,30896.4,11074.2,30933.4,0.4330
5318.2,3961.6,5379.6,4002.0,0.4330
13972.1,6506.5,14028.1,6544.4,0.4329
7500.1,6515.0,7546.5,6541.2,0.4328
725.6,18433.7,740.3,18450.1,0.4327
5975.3,56840.0,6044.1,56856.3,0.4326
8097.4,65543.1,8163.0,65559.9,0.4324
6709.8,47168.4,6761.9,47184.4,0.4324
5440.9,15629.3,5499.2,15678.0,0.4322
5927.5,17218.2,6007.4,17279.6,0.4321
6110.2,45477.0,6160.4,45489.2,0.4321
564.0,48903.1,616.9,48923.8,0.4320
11907.4,51397.4,11964.8,51421.5,0.4319
5644.6,67099.8,5686.9,67117.0,0.4318
5441.7,24224.0,5454.2,24254.8,0.4317
16795.3,7346.4,16819.3,7373.8,0.4316
11837.3,33167.9,11902.4,33226.2,0.4314
9012.7,49358.9,9075.3,49385.3,0.4314
12453.8,28127.1,12478.6,28178.3,0.4310
7006.3,67284.4,7071.0,67304.8,0.4310
14338.5,11008.8,14392.7,11052.8,0.4309
4175.2,13204.9,4269.1,13262.8,0.4309
15081.8,10128.3,15141.5,10182.1,0.4309
13377.7,34944.9,13438.8,35000.6,0.4306
15076.0,59791.4,15137.1,59805.3,0.4304
14538.2,6676.9,14580.4,6716.1,0.4303
14035.4,21073.0,14123.0,21165.3,0.4302
5168.9,46803.8,5247.6,46818.0,0.4302
8239.2,10536.5,8280.7,10555.2,0.4298
1782.0,61700.0,1826.8,61713.0,0.4298
11434.2,62314.8,11474.7,62331.4,0.4295
12192.6,3876.4,12292.5,3944.1,0.4295
14555.3,13766.8,14586.5,13801.0,0.4294
6578.2,42633.6,6631.4,42653.5,0.4294
9978.1,7202.1,10036.8,7248.9,0.4293
16176.1,9123.1,16220.3,9162.6,0.4291
4628.8,11191.1,4645.0,11216.3,0.4291
8507.9,3202.3,8540.8,3221.6,0.4288
14758.0,60998.9,14832.9,61027.6,0.4287
12409.7,64604.3,12476.1,64628.3,0.4284
2200.3,41502.1,2236.3,41518.2,0.4281
11434.7,58126.1,11517.2,58144.0,0.4281
8114.4,9588.6,8150.1,9613.6,0.4280
15167.4,4217.5,15219.3,4250.3,0.4279
13436.9,31402.8,13471.1,31442.2,0.4278
13986.7,22597.5,14037.4,22646.3,0.4278
13175.9,53676.2,13225.8,53695.5,0.4276
6962.5,64684.7,7012.5,64703.1,0.4276
12910.2,67183.8,12964.1,67200.0,0.4275
9543.3,30872.0,9599.7,30917.6,0.4273
6684.1,69241.3,6719.7,69258.6,0.4272
11392.4,58674.3,11433.8,58688.4,0.4272
230.1,15694.7,253.9,15727.9,0.4272
7433.9,66126.0,7481.3,66145.0,0.4270
4595.2,42719.7,4643.4,42733.2,0.4265
8317.2,7664.8,8357.1,7705.4,0.4265
1875.7,19258.4,1977.3,19334.6,0.4264
16120.3,63753.7,16160.0,63784.7,0.4264
6867.0,65928.1,6925.9,65957.4,0.4264
5328.3,44296.1,5386.6,44312.5,0.4264
18108.3,64796.6,18166.8,64843.8,0.4264
2982.4,66425.0,3040.3,66440.8,0.4260
6926.9,15224.1,6994.0,15295.5,0.4259
5702.4,18819.9,5759.1,18900.4,0.4259
6425.7,15529.3,6481.9,15555.8,0.4259
10894.8,63307.8,10954.4,63328.5,0.4256
9714.9,17533.5,9766.3,17593.1,0.4256
11841.3,30733.2,11860.5,30775.7,0.4255
2601.6,10757.3,2664.6,10842.7,0.4253
5924.8,44681.0,6005.1,44706.9,0.4250
17495.1,11346.7,17579.7,11419.6,0.4250
5760.6,65497.5,5798.4,65512.8,0.4248
7130.7,3291.8,7162.4,3332.0,0.4246
6882.4,13665.6,6897.9,13681.9,0.4242
4514.3,6920.3,4546.1,6952.2,0.4241
10690.7,53618.9,10736.9,53631.6,0.4241
4684.6,42904.8,4733.5,42926.2,0.4241
8672.5,15548.2,8708.9,15574.4,0.4237
2364.0,69232.6,2406.2,69249.4,0.4237
4465.8,42847.7,4541.0,42868.1,0.4235
3867.8,39809.3,3906.5,39825.6,0.4234
1959.8,19067.4,2005.1,19111.4,0.4234
12996.6,30297.9,13043.0,30333.3,0.4233
16607.0,5042.6,16642.0,5082.3,0.4232
10685.7,55566.8,10736.6,55584.8,0.4232
15630.1,18483.3,15656.3,18523.9,0.4230
17112.3,40872.5,17144.0,40904.3,0.4229
17968.8,29062.3,17988.6,29084.5,0.4227
5230.0,43328.5,5260.7,43346.4,0.4225
1427.6,6553.8,1495.3,6583.5,0.4225
8525.0,48997.1,8628.9,49022.7,0.4224
1600.0,9538.3,1626.4,9572.3,0.4222
10473.4,35420.1,10520.5,35462.5,0.4220
6400.0,16867.4,6454.7,16933.5,0.4220
419.9,15975.5,456.1,16002.0,0.4220
11594.7,51770.7,11634.4,51783.3,0.4220
16553.4,30276.3,16588.6,30309.9,0.4219
14366.7,69673.9,14452.9,69704.0,0.4217
549.4,17887.8,607.9,17920.0,0.4217
6356.5,19573.5,6379.9,19597.8,0.4215
18122.8,46722.1,18170.0,46735.7,0.4213
12028.1,12627.7,12066.0,12655.2,0.4212
14020.7,10784.3,14085.6,10846.5,0.4211
11472.2,49138.3,11519.6,49158.8,0.4211
10520.4,14688.8,10560.0,14787.5,0.4211
6466.2,44755.4,6512.9,44767.2,0.4209
11973.3,63154.7,12024.2,63182.6,0.4209
17227.6,21529.3,17279.9,21564.0,0.4207
3787.9,19901.0,3839.6,19952.9,0.4206
12478.9,58045.1,12542.6,58065.7,0.4205
14857.2,8055.2,14913.9,8119.0,0.4204
9395.6,49274.6,9498.3,49301.5,0.4201
3750.2,46029.9,3816.3,46049.6,0.4200
4920.6,2329.2,4976.5,2360.9,0.4200
12835.8,64125.4,12899.4,64146.5,0.4200
5694.3,23973.1,5720.9,24000.9,0.4199
6351.7,44722.8,6386.7,44736.5,0.4199
6125.8,13424.2,6163.3,13470.7,0.4197
803.5,58169.3,837.0,58184.9,0.4197
11845.1,10474.6,11862.1,10499.1,0.4197
5752.1,41996.0,5804.1,42007.4,0.4195
17398.1,25769.4,17467.4,25853.2,0.4195
2585.8,32778.1,2641.6,32848.7,0.4191
11141.4,49172.7,11189.3,49185.6,0.4190
1225.9,17433.9,1247.8,17462.9,0.4189
4746.0,66658.8,4798.3,66676.9,0.4187
2066.8,18207.9,2131.7,18268.8,0.4186
9915.0,47017.9,9952.3,47040.5,0.4185
4970.6,10183.3,4999.2,10233.9,0.4185
11256.9,31078.0,11319.1,31141.7,0.4185
4386.9,63867.8,4446.5,63879.6,0.4181
10831.5,64571.4,10878.9,64586.5,0.4180
12070.7,56594.7,12123.2,56611.7,0.4180
4577.7,3319.6,4620.6,3337.7,0.4179
13705.0,3054.0,13799.2,3166.0,0.4179
10948.1,31723.5,10993.2,31766.8,0.4176
16534.0,33058.1,16569.7,33091.8,0.4176
4899.0,24320.0,4940.8,24330.0,0.4175
7362.3,15187.8,7379.9,15225.3,0.4175
11752.6,10402.0,11797.2,10445.2,0.4173
12331.0,61738.1,12378.7,61758.0,0.4167
11006.4,64312.8,11075.9,64326.0,0.4167
16908.1,61305.7,16959.3,61351.6,0.4165
4947.1,67129.7,5002.1,67154.1,0.4163
7080.3,41689.2,7149.0,41730.3,0.4162
9966.7,62810.0,9996.3,62828.9,0.4161
17023.4,35840.0,17076.8,35873.3,0.4161
4407.5,64199.7,4476.3,64218.6,0.4158
8873.9,8444.8,8911.6,8470.6,0.4156
12800.6,32320.0,12844.1,32384.5,0.4155
7388.7,14380.8,7428.3,14400.0,0.4155
2343.3,22534.8,2394.1,22597.0,0.4154
9033.2,59303.7,9121.7,59328.6,0.4153
14022.0,18123.5,14056.2,18180.0,0.4153
2489.1,1785.9,2520.4,1812.9,0.4150
10688.6,32186.8,10713.6,32212.6,0.4146
11901.6,53607.3,11963.8,53626.7,0.4145
4628.0,42563.8,4685.1,42577.0,0.4145
11535.6,60429.2,11622.6,60448.8,0.4142
8634.5,47081.1,8690.6,47105.5,0.4141
11255.0,56954.0,11333.0,56989.6,0.4141
10219.8,58396.1,10272.1,58410.3,0.4138
5070.0,43850.5,5115.0,43868.1,0.4138
11707.9,56127.1,11781.8,56143.0,0.4138
4321.4,29440.0,4372.3,29486.9,0.4137
2707.3,67022.9,2741.8,67041.3,0.4135
11160.6,58655.8,11198.2,58671.7,0.4135
5863.6,66015.5,5923.0,66042.0,0.4134
10519.8,60872.1,10560.0,60886.3,0.4134
6332.0,43208.4,6382.8,43233.2,0.4134
11763.0,61704.9,11911.2,61726.6,0.4132
8259.0,21120.0,8313.9,21148.1,0.4131
17202.8,13946.3,17252.2,13985.0,0.4130
11177.0,55209.7,11222.4,55227.6,0.4129
7029.4,15007.8,7068.6,15040.0,0.4128
9005.6,32587.1,9062.9,32639.4,0.4126
11571.3,33201.2,11602.4,33219.2,0.4124
8614.7,20018.0,8706.7,20079.2,0.4123
4909.2,44280.9,4958.2,44291.4,0.4119
4131.1,64450.4,4159.8,64465.6,0.4119
12594.2,53215.8,12658.2,53230.5,0.4118
17270.7,872.3,17327.3,927.5,0.4117
9281.2,7636.1,9309.5,7681.2,0.4116
11252.2,57278.8,11304.7,57295.1,0.4115
11030.2,55827.0,11097.4,55847.7,0.4115
15852.0,59506.7,15883.5,59520.0,0.4114
10357.4,64306.3,10418.2,64330.2,0.4112
11374.8,57097.7,11423.7,57111.6,0.4111
9920.3,32691.2,9956.8,32744.1,0.4108
16457.1,1903.9,16512.7,1939.8,0.4108
6054.3,26862.9,6064.5,26873.5,0.4107
14064.4,20667.3,14079.8,20697.4,0.4107
12835.0,53532.1,12880.9,53556.0,0.4107
10057.1,7176.4,10101.6,7213.9,0.4107
13973.3,1932.0,14036.4,1990.2,0.4106
11457.4,841.7,11520.0,896.8,0.4105
16589.3,3576.8,16624.7,3617.2,0.4105
13892.3,4096.3,13951.1,4184.6,0.4104
12356.4,58143.8,12430.0,58159.2,0.4104
13000.0,35043.5,13032.0,35079.1,0.4103
10373.2,2558.5,10443.0,2646.1,0.4102
9094.1,3784.7,9229.9,3838.9,0.4099
16172.8,25881.9,16248.1,25950.7,0.4098
5377.3,45007.0,5427.9,45026.6,0.4097
1618.1,2211.4,1680.4,2252.6,0.4093
14555.1,29858.6,14609.7,29898.7,0.4093
14875.4,7385.1,14914.7,7430.9,0.4092
17010.1,63484.4,17061.1,63508.6,0.4091
15652.2,62738.9,15707.6,62749.2,0.4091
7569.2,28160.0,7645.0,28185.5,0.4090
8951.7,32071.1,9048.3,32141.1,0.4090
15424.5,62564.4,15470.5,62579.1,0.4089
320.0,8000.0,382.1,8075.8,0.4089
11378.5,50538.5,11426.8,50566.1,0.4088
5716.0,13883.3,5730.1,13906.2,0.4088
16930.4,36030.0,16952.2,36054.2,0.4088
17781.2,30631.0,17814.5,30661.4,0.4086
5213.0,66860.2,5275.4,66879.4,0.4085
5419.4,42019.7,5470.6,42035.8,0.4085
17707.1,28824.6,17769.9,28872.3,0.4083
3283.7,63832.5,3349.1,63855.9,0.4083
15939.4,11565.3,16002.8,11637.5,0.4082
11492.1,6537.7,11519.5,6582.3,0.4082
13147.1,15977.0,13193.7,16005.4,0.4081
11962.5,10896.9,12014.7,10961.2,0.4080
12696.8,2570.1,12745.5,2598.9,0.4080
6940.9,45983.9,6988.6,46004.1,0.4080
2719.9,11931.1,2767.3,11981.7,0.4075
1308.8,26065.5,1364.0,26107.5,0.4075
4523.8,9127.7,4541.7,9146.5,0.4073
13009.4,28611.8,13037.0,28641.5,0.4069
3462.6,66528.3,3511.9,66544.9,0.4069
10122.6,10115.1,10156.9,10148.4,0.4068
10505.5,7554.6,10573.2,7591.7,0.4067
5211.4,43889.1,5254.6,43903.7,0.4067
16961.5,18240.0,16991.8,18275.9,0.4066
6956.5,58637.5,7036.2,58658.3,0.4066
5022.4,10394.2,5071.8,10452.6,0.4063
4576.1,2960.6,4647.1,3017.7,0.4063
8210.4,14993.0,8234.9,15018.1,0.4061
11203.1,61881.1,11256.1,61898.7,0.4061
6697.3,41907.5,6715.7,41923.7,0.4061
17551.2,41112.8,17587.5,41145.5,0.4061
1371.9,65920.0,1435.8,65935.7,0.4059
6836.7,17600.0,6876.4,17630.5,0.4058
6361.5,45550.2,6417.7,45566.5,0.4057
7522.3,69806.4,7573.8,69821.7,0.4056
5129.1,44705.4,5189.1,44731.1,0.4056
11794.9,50785.0,11848.1,50801.7,0.4055
217.9,13464.7,303.9,13538.2,0.4052
5492.7,21846.6,5574.0,21898.6,0.4051
17740.6,36049.9,17778.2,36083.7,0.4051
6483.7,13440.0,6543.6,13473.0,0.4048
8387.9,64685.9,8468.5,64704.2,0.4048
14224.9,31556.9,14263.0,31587.9,0.4047
14358.2,67818.9,14419.0,67835.3,0.4047
15195.3,22729.8,15222.7,22769.7,0.4045
2070.6,67872.7,2133.6,67893.3,0.4043
11664.0,62531.3,11722.8,62546.5,0.4042
11278.7,63776.1,11328.0,63790.2,0.4042
907.4,15896.1,936.3,15927.2,0.4040
16480.1,3291.3,16544.2,3371.6,0.4040
14825.6,66064.8,14883.0,66078.5,0.4038
13143.1,6415.4,13171.3,6444.6,0.4036
11909.8,61216.5,11957.6,61229.4,0.4036
12807.7,66185.0,12985.2,66215.3,0.4029
5546.1,42507.4,5599.7,42522.2,0.4028
12671.8,53123.9,12733.1,53136.4,0.4026
17624.3,25659.2,17679.5,25715.1,0.4026
2880.3,17782.5,2926.6,17815.6,0.4025
16388.9,27354.9,16437.9,27390.3,0.4024
4097.9,41920.0,4145.6,41929.9,0.4024
14412.7,22712.6,14494.2,22824.7,0.4023
15682.2,4818.2,15697.1,4851.6,0.4019
5943.5,1988.2,5962.4,2011.1,0.4018
4141.1,66710.4,4202.8,66735.1,0.4017
10773.4,29847.3,10799.6,29877.6,0.4017
7585.2,66402.0,7634.2,66417.0,0.4016
15932.1,25052.0,15996.1,25100.7,0.4016
3458.7,14633.0,3500.7,14678.2,0.4015
2647.4,3695.1,2725.1,3751.7,0.4015
13990.9,246.7,14103.9,319.2,0.4015
10202.0,8803.6,10243.1,8829.8,0.4013
15932.7,63887.2,15986.8,63914.6,0.4013
14821.5,68619.8,14885.1,68632.6,0.4012
13652.6,37994.3,13732.4,38076.6,0.4010
6261.2,46825.4,6308.1,46837.1,0.4010
5120.4,12747.6,5173.3,12798.9,0.4009
7250.8,1873.9,7301.9,1912.8,0.4008
8142.8,10533.9,8189.6,10559.6,0.4005
6297.9,15610.3,6338.2,15651.0,0.4005
16628.2,35403.5,16693.4,35461.2,0.4002
7704.3,44167.6,7756.2,44186.1,0.4001
11847.0,18454.3,11917.5,18495.4,0.4000
17918.5,17775.2,17933.5,17799.0,0.3999
2880.1,9600.0,2946.6,9658.1,0.3997
11439.6,63935.6,11512.1,63949.5,0.3996
11773.2,61886.7,11835.8,61906.0,0.3996
1235.3,32954.1,1278.5,32976.9,0.3993
2352.8,1760.6,2415.6,1807.7,0.3993
11157.8,62687.9,11201.7,62702.6,0.3991
4969.2,30265.3,5004.7,30289.9,0.3990
857.3,18851.0,913.0,18880.0,0.3988
10780.6,59231.8,10849.3,59246.3,0.3987
4277.6,3439.9,4320.2,3458.8,0.3985
12020.8,61480.2,12062.7,61493.7,0.3985
5090.8,48179.7,5136.6,48189.9,0.3984
12159.0,33092.4,12186.5,33121.4,0.3983
16787.1,27415.7,16825.6,27451.5,0.3983
10846.4,58702.2,10918.8,58718.3,0.3979
16905.4,43572.1,16958.8,43601.3,0.3978
12920.3,53539.9,12999.6,53561.3,0.3978
6068.1,45705.2,6153.3,45737.6,0.3977
4493.2,11076.1,4518.3,11099.5,0.3972
11046.6,63731.6,11119.4,63755.4,0.3972
13208.1,961.5,13278.6,1027.2,0.3971
7682.4,30767.8,7760.1,30827.3,0.3970
12430.2,27696.7,12442.6,27707.1,0.3968
5281.5,41473.3,5331.9,41494.2,0.3967
11483.6,30761.0,11527.3,30798.1,0.3967
14377.5,67744.4,14435.1,67766.7,0.3965
12031.9,64671.8,12095.0,64688.3,0.3958
16959.0,7650.1,16987.9,7677.1,0.3958
6397.8,69344.7,6456.9,69360.0,0.3957
8159.2,15360.0,8225.5,15378.5,0.3957
5458.1,1087.6,5497.8,1132.5,0.3956
9833.4,10623.4,9875.8,10667.8,0.3954
8267.2,3556.0,8309.0,3582.4,0.3954
13452.0,16505.5,13515.7,16568.7,0.3953
1009.0,65954.3,1062.3,65971.0,0.3950
4559.8,29944.8,4625.2,30008.7,0.3947
4726.2,23311.0,4772.8,23358.1,0.3947
17089.9,29627.2,17119.6,29658.6,0.3947
16640.1,36393.5,16695.9,36455.0,0.3944
2101.7,66977.9,2156.1,67005.3,0.3944
11004.0,32447.9,11063.6,32507.6,0.3943
9170.8,31936.7,9220.9,31999.8,0.3942
10945.7,55402.9,10973.5,55415.2,0.3942
11954.4,68400.1,12002.2,68416.1,0.3942
7690.0,7040.0,7743.3,7060.7,0.3940
8487.5,7657.2,8558.7,7680.0,0.3938
4366.0,17672.9,4422.5,17706.3,0.3938
16638.0,67550.9,16691.5,67567.7,0.3936
9562.5,1830.4,9619.4,1919.3,0.3934
4800.0,15360.0,4904.9,15418.7,0.3933
15283.4,61996.7,15354.8,62014.9,0.3933
9124.2,65419.3,9180.1,65440.1,0.3933
11251.7,38754.5,11292.5,38782.7,0.3932
10930.8,64578.2,10976.8,64590.3,0.3932
5831.4,64578.7,5884.6,64591.9,0.3931
14615.7,32610.2,14669.8,32650.4,0.3925
9511.9,63335.4,9576.3,63356.6,0.3925
9388.8,27231.4,9417.9,27254.8,0.3924
6037.1,65321.5,6094.5,65336.4,0.3923
15264.8,28160.6,15325.1,28194.5,0.3923
6353.9,4017.4,6407.0,4067.7,0.3923
13381.3,53923.5,13443.1,53934.5,0.3923
5212.4,2707.3,5243.8,2743.9,0.3921
18091.0,7740.1,18131.4,7788.8,0.3920
12018.9,57277.0,12078.6,57295.2,0.3919
12160.0,28845.3,12249.8,28949.0,0.3918
14700.5,5951.3,14744.7,5989.8,0.3916
14371.4,7103.4,14412.7,7127.2,0.3914
5042.1,65904.6,5101.6,65920.0,0.3914
10188.8,63208.2,10236.0,63221.7,0.3908
16821.4,25841.8,16843.8,25866.1,0.3908
16373.1,9482.7,16402.8,9510.3,0.3907
5523.8,15184.7,5545.9,15209.3,0.3906
11225.9,16703.2,11289.1,16747.2,0.3904
16953.4,31596.2,16978.8,31622.8,0.3904
7214.4,43694.2,7267.0,43707.1,0.3903
6249.2,43377.0,6285.9,43391.0,0.3903
11351.8,4428.3,11456.4,4509.1,0.3903
5433.6,45061.8,5477.1,45074.9,0.3899
11693.6,54135.9,11754.0,54151.0,0.3898
14655.7,13662.6,14696.7,13714.1,0.3897
12186.5,8127.0,12279.1,8205.8,0.3895
14313.9,28406.5,14339.7,28430.2,0.3894
12899.2,30431.3,12978.6,30505.5,0.3894
11163.7,59755.5,11217.3,59782.5,0.3894
1458.3,36945.9,1523.6,36959.3,0.3894
14992.4,26752.5,15038.8,26798.8,0.3893
16914.1,6165.7,16958.5,6213.5,0.3888
11662.3,54397.2,11700.1,54416.5,0.3888
14439.8,14178.9,14504.9,14234.0,0.3888
12007.9,51405.1,12045.0,51425.7,0.3887
4800.0,10088.3,4854.7,10163.3,0.3887
7348.0,2243.5,7365.2,2257.2,0.3887
5891.0,67039.4,5945.2,67056.1,0.3887
15156.2,69681.6,15209.2,69696.0,0.3886
5607.5,43185.8,5669.8,43219.0,0.3884
456.4,10129.2,500.1,10151.1,0.3884
15140.9,21812.2,15225.8,21898.6,0.3884
2407.0,64871.8,2460.1,64887.0,0.3879
13761.4,18257.9,13783.7,18290.0,0.3879
12110.5,58242.3,12158.1,58256.0,0.3876
16352.2,26561.6,16411.7,26608.3,0.3875
10515.0,64224.0,10559.2,64241.3,0.3874
15314.1,59743.4,15378.1,59767.3,0.3874
10324.6,16799.2,10404.5,16885.1,0.3873
9132.7,7599.3,9189.6,7648.9,0.3872
6409.3,43832.4,6454.3,43857.5,0.3872
11026.2,58059.3,11088.1,58086.4,0.3870
17573.9,68658.8,17598.6,68671.0,0.3870
6320.7,53448.8,6353.0,53465.9,0.3869
8951.6,18386.3,9011.8,18462.3,0.3869
2827.5,11654.8,2869.8,11695.3,0.3868
5940.3,7583.4,5978.4,7629.4,0.3867
5247.5,20130.6,5300.4,20191.6,0.3864
16932.0,13211.1,16959.4,13259.2,0.3862
7361.7,19902.9,7379.6,19934.2,0.3862
11656.1,61387.1,11715.8,61414.1,0.3862
11988.5,7291.8,12037.5,7318.6,0.3861
8642.2,32108.2,8653.7,32140.4,0.3861
10037.8,11503.6,10083.1,11520.0,0.3859
16486.4,34659.0,16550.0,34695.8,0.3858
10536.2,59082.2,10591.8,59097.0,0.3858
4052.9,5361.3,4097.0,5392.1,0.3858
11918.9,51606.8,11966.9,51627.5,0.3858
14565.7,66314.4,14652.8,66329.0,0.3854
11843.1,58826.0,11890.8,58845.7,0.3854
4042.6,41953.6,4088.7,41968.1,0.3854
10620.6,63942.2,10665.9,63969.8,0.3853
3298.0,62039.2,3347.3,62058.1,0.3853
11898.1,60828.4,11933.8,60844.1,0.3853
3013.1,24659.3,3104.3,24715.3,0.3852
13175.9,35585.6,13214.5,35615.8,0.3852
17225.3,35840.0,17279.0,35866.6,0.3851
17368.4,35166.0,17420.5,35199.9,0.3851
4481.8,4125.1,4499.1,4160.0,0.3850
1482.5,14655.7,1530.7,14719.3,0.3847
8828.5,34424.7,8870.8,34457.7,0.3845
2172.1,47043.5,2225.2,47054.8,0.3845
5483.7,2225.1,5526.7,2240.0,0.3843
7811.1,43369.6,7862.8,43400.7,0.3843
5775.9,13257.8,5864.5,13340.6,0.3843
10181.3,64728.7,10224.9,64747.5,0.3842
11611.0,10546.1,11684.4,10621.6,0.3841
10945.1,61912.6,10991.0,61928.7,0.3841
4428.3,12435.9,4479.5,12472.0,0.3841
1326.8,9653.6,1355.8,9685.0,0.3840
8040.8,13049.7,8074.1,13084.3,0.3840
3294.7,4713.4,3345.3,4743.8,0.3839
3492.4,49979.0,3519.4,49994.7,0.3839
11463.6,61854.5,11517.1,61875.1,0.3839
15150.3,60208.9,15219.9,60223.2,0.3839
8202.5,23040.0,8286.4,23094.5,0.3838
5723.0,65259.6,5759.5,65273.5,0.3838
7542.6,180.9,7602.6,210.4,0.3837
7035.7,42275.3,7085.8,42288.1,0.3836
14455.0,3197.8,14549.1,3262.6,0.3836
6666.4,45299.1,6727.6,45329.2,0.3835
4236.2,69727.4,4285.8,69744.6,0.3835
14019.5,22567.1,14080.0,22614.5,0.3835
6728.7,42736.3,6795.1,42754.0,0.3833
17245.5,11784.1,17309.7,11863.6,0.3833
8002.1,20549.0,8015.8,20580.4,0.3833
2331.1,17578.9,2357.3,17606.9,0.3829
8388.5,6852.0,8401.9,6865.1,0.3827
17564.8,23211.6,17638.6,23269.6,0.3823
7375.7,1854.6,7404.9,1884.4,0.3823
9095.9,32943.1,9145.1,33000.8,0.3823
7437.1,16000.0,7491.3,16052.0,0.3823
12095.4,57446.0,12149.4,57473.6,0.3821
5490.1,44320.7,5537.3,44332.8,0.3821
9154.2,7837.0,9167.5,7855.9,0.3821
7014.8,16324.2,7039.4,16367.4,0.3821
18082.0,29092.4,18135.3,29120.0,0.3820
17536.0,46720.0,17590.8,46775.1,0.3819
6328.2,42488.5,6381.5,42503.0,0.3818
8646.5,65681.2,8686.7,65693.8,0.3817
10231.2,34719.2,10294.2,34789.2,0.3814
16432.4,9511.4,16474.1,9539.7,0.3813
16725.1,18790.9,16762.4,18823.8,0.3812
5517.4,43593.2,5556.6,43615.9,0.3811
6247.6,4365.5,6289.6,4399.1,0.3810
13968.9,20736.0,14028.7,20789.5,0.3809
2240.3,16933.9,2268.0,16992.8,0.3809
16301.3,66187.2,16319.2,66200.0,0.3806
13885.4,20743.1,13943.3,20800.0,0.3806
577.5,59664.7,627.6,59679.3,0.3804
10785.8,68552.8,10878.2,68584.5,0.3804
5608.9,23680.0,5692.7,23707.3,0.3803
15650.0,21063.8,15680.0,21116.3,0.3803
16197.7,6028.8,16236.3,6065.0,0.3802
17037.0,23178.8,17095.6,23230.0,0.3800
16023.1,36234.7,16092.2,36294.9,0.3798
13306.2,58514.6,13387.2,58538.4,0.3797
5085.6,39809.8,5119.2,39826.2,0.3797
5621.7,43417.6,5688.2,43438.8,0.3795
11201.9,16001.0,11252.9,16041.5,0.3794
7747.6,5156.6,7792.7,5180.3,0.3793
10346.3,787.3,10359.2,800.5,0.3792
8452.6,9588.4,8498.0,9633.4,0.3791
14754.2,31385.3,14809.4,31416.3,0.3791
480.7,36817.7,516.6,36831.4,0.3790
3248.3,19591.9,3320.1,19659.8,0.3789
13440.0,29070.8,13495.4,29161.3,0.3788
9737.7,4856.4,9817.9,4916.7,0.3787
12800.6,13155.9,12870.3,13227.6,0.3785
17300.9,12661.8,17363.1,12703.3,0.3784
15593.5,6895.3,15610.0,6930.0,0.3782
17234.4,9346.5,17268.0,9383.2,0.3781
6233.5,67945.6,6270.0,67960.9,0.3780
11264.6,63728.2,11304.3,63742.5,0.3780
8554.8,13370.0,8611.3,13437.8,0.3778
11399.2,28323.9,11418.9,28351.4,0.3778
12348.7,53561.4,12416.9,53582.9,0.3776
4317.0,1207.9,4391.4,1272.2,0.3775
12912.3,6689.7,12967.5,6735.4,0.3775
5307.3,42393.3,5411.3,42425.8,0.3774
8195.3,64452.9,8242.5,64474.2,0.3772
12924.4,40650.1,12967.5,40683.4,0.3771
13388.5,51790.5,13432.7,51804.4,0.3770
12160.0,19776.9,12226.7,19809.0,0.3768
17887.1,35047.5,17920.0,35087.8,0.3767
4009.9,43127.1,4085.6,43141.8,0.3765
11943.0,61592.8,12020.2,61623.5,0.3765
14656.2,67693.2,14711.9,67707.4,0.3765
7611.4,47696.9,7675.5,47712.9,0.3763
1276.3,1607.5,1304.8,1636.7,0.3757
8153.3,48995.9,8201.0,49008.2,0.3757
17479.6,51808.5,17521.5,51855.9,0.3750
1155.1,48804.2,1217.9,48839.9,0.3750
6328.2,3494.5,6356.3,3523.3,0.3749
7728.8,69623.1,7764.8,69637.5,0.3749
3611.2,21253.4,3643.9,21287.0,0.3745
11343.8,58424.0,11407.2,58441.6,0.3745
4194.7,49907.3,4242.6,49920.8,0.3744
11249.3,58763.0,11269.6,58775.2,0.3744
8117.0,46127.6,8188.3,46153.6,0.3743
15868.3,24279.0,15920.4,24303.1,0.3741
1097.7,67323.7,1139.9,67343.3,0.3741
13211.6,15841.3,13275.4,15896.1,0.3740
5682.3,960.0,5760.0,993.2,0.3739
11436.4,64997.0,11497.4,65016.0,0.3739
12904.9,26561.5,12942.5,26594.4,0.3739
3086.2,1110.8,3141.8,1156.7,0.3738
13884.4,7395.3,13929.3,7449.7,0.3736
16306.7,20382.5,16348.9,20420.1,0.3734
8388.7,48640.1,8430.0,48655.1,0.3733
5815.3,69372.3,5859.7,69396.7,0.3733
18112.4,13576.5,18175.8,13630.0,0.3733
18037.5,32938.8,18059.7,32956.3,0.3732
12619.0,10029.7,12660.9,10059.4,0.3731
2394.5,61570.1,2457.0,61583.5,0.3729
11404.1,61360.5,11445.7,61376.7,0.3725
16320.0,48928.4,16415.3,49010.5,0.3724
13860.0,45031.6,13878.8,45049.0,0.3724
8611.6,45878.4,8682.5,45899.5,0.3724
13908.5,34402.1,13938.5,34430.3,0.3723
16893.8,16187.6,16959.6,16237.5,0.3722
11254.6,56968.0,11320.7,56994.2,0.3719
2627.6,1679.9,2643.6,1699.8,0.3719
6208.7,69327.4,6268.3,69345.7,0.3718
15825.9,30113.2,15874.5,30147.3,0.3717
14827.5,31445.8,14883.9,31470.7,0.3713
5915.3,16256.0,5971.6,16331.5,0.3709
15684.8,18510.3,15724.9,18536.3,0.3709
10821.0,58236.6,10879.7,58262.9,0.3708
10059.9,30238.0,10097.4,30265.6,0.3708
14657.5,8424.4,14714.0,8463.3,0.3706
6014.8,10339.3,6061.0,10383.7,0.3705
6704.1,16082.3,6719.6,16116.9,0.3704
8466.1,65899.0,8521.6,65913.1,0.3703
8412.9,10762.4,8466.2,10802.9,0.3703
12309.4,65799.2,12369.3,65823.8,0.3702
4396.5,11154.2,4450.1,11220.4,0.3701
851.7,10889.6,897.2,10925.4,0.3701
4745.5,12026.4,4799.6,12061.0,0.3700
3627.0,21451.3,3664.5,21477.1,0.3699
13270.9,29392.8,13337.3,29442.2,0.3699
14475.9,32300.0,14524.2,32320.0,0.3697
12057.1,54338.9,12130.6,54361.5,0.3696
6268.0,42444.3,6323.7,42465.9,0.3695
14131.1,66227.2,14189.0,66256.2,0.3695
17947.2,10090.0,17973.8,10109.7,0.3695
1692.8,34659.2,1722.8,34668.9,0.3694
11520.7,16619.5,11565.4,16666.8,0.3694
12241.7,54391.4,12289.8,54410.1,0.3693
17704.0,69256.2,17783.8,69279.6,0.3693
17280.0,7817.0,17331.4,7858.1,0.3691
8200.0,24154.0,8250.2,24197.2,0.3690
15282.3,6013.2,15358.1,6079.2,0.3688
12614.0,63560.6,12782.2,63592.4,0.3688
16000.0,27276.6,16045.6,27346.4,0.3686
5648.4,41979.3,5668.2,41992.1,0.3683
10704.3,32960.0,10777.0,33033.3,0.3679
8042.5,68636.9,8100.1,68656.9,0.3676
12376.1,13195.8,12408.3,13228.4,0.3675
9705.8,64915.7,9737.8,64929.4,0.3672
4394.3,44649.1,4436.5,44663.6,0.3672
12406.6,56336.0,12477.1,56350.9,0.3672
9171.5,65221.5,9246.6,65241.1,0.3672
14881.2,61312.6,14916.2,61326.2,0.3671
6304.3,45031.2,6349.3,45043.3,0.3670
1554.4,17200.6,1600.0,17269.4,0.3670
1399.1,67279.1,1466.6,67295.6,0.3669
14558.9,28480.0,14618.5,28515.9,0.3669
6294.0,57951.2,6342.1,57973.2,0.3668
6858.8,31378.0,6908.1,31431.1,0.3667
10511.3,36406.8,10560.0,36451.1,0.3667
11706.9,58418.1,11755.0,58429.4,0.3666
4729.9,64721.9,4762.0,64734.1,0.3666
550.4,15900.2,571.6,15923.7,0.3664
5798.3,67043.3,5844.2,67056.5,0.3664
12016.2,61897.5,12085.4,61923.1,0.3663
2469.8,40529.4,2529.9,40556.6,0.3660
3090.7,6261.8,3148.2,6300.7,0.3659
10822.4,18163.9,10870.2,18202.6,0.3658
14400.0,21368.4,14484.4,21439.9,0.3658
6080.0,2156.7,6104.2,2222.9,0.3658
12951.6,65112.3,13063.4,65140.5,0.3657
16277.1,19600.1,16334.5,19645.0,0.3657
17326.6,7663.7,17350.6,7698.7,0.3656
13210.4,61698.1,13261.0,61711.7,0.3656
7062.4,18669.7,7121.4,18724.9,0.3656
5650.5,63134.6,5685.4,63155.5,0.3655
3067.8,63565.4,3138.0,63596.5,0.3653
6579.3,13296.1,6617.5,13339.8,0.3653
14667.3,6107.2,14714.6,6139.0,0.3652
4702.1,14095.7,4724.7,14124.6,0.3652
923.0,8418.9,1019.8,8489.1,0.3652
10789.3,58974.2,10848.6,58993.9,0.3650
14520.9,69085.9,14578.8,69105.9,0.3650
12386.3,34594.9,12464.5,34646.1,0.3650
10870.1,58127.7,10919.0,58138.6,0.3649
4111.1,42243.9,4159.4,42257.2,0.3648
11716.7,12113.7,11729.6,12126.5,0.3647
745.9,3139.2,807.0,3195.4,0.3647
13132.7,53336.2,13234.1,53361.1,0.3647
12441.6,51255.8,12478.9,51269.1,0.3646
1076.5,2358.9,1118.9,2381.0,0.3646
11515.1,5915.0,11572.8,5980.2,0.3645
3688.1,20.9,3724.4,48.1,0.3645
4886.6,17555.5,4915.9,17584.4,0.3644
12713.4,56787.9,12768.5,56806.6,0.3644
5299.3,42297.1,5339.1,42311.1,0.3644
1497.5,47227.6,1545.2,47248.2,0.3644
3052.3,8935.1,3078.0,8972.9,0.3644
16102.1,3520.0,16156.3,3558.7,0.3643
5760.3,17096.3,5820.4,17190.9,0.3642
12382.0,58313.3,12474.6,58344.6,0.3641
10107.3,11032.5,10133.6,11053.1,0.3641
17539.6,33873.3,17560.0,33893.6,0.3640
16327.4,2922.6,16377.0,2987.0,0.3639
18031.1,38399.2,18052.8,38417.3,0.3639
2308.1,2774.8,2349.6,2804.9,0.3639
8640.4,20762.2,8685.9,20815.8,0.3639
11635.4,54774.5,11706.7,54798.4,0.3638
17537.7,23238.8,17551.6,23258.2,0.3637
11799.2,52410.0,11839.2,52431.6,0.3637
17673.8,10737.9,17733.0,10784.7,0.3636
17536.7,33847.0,17607.4,33913.0,0.3635
3074.7,45921.4,3142.7,45954.3,0.3635
10260.8,32849.7,10322.5,32902.3,0.3633
11401.1,61013.4,11437.9,61035.6,0.3633
2351.1,1760.3,2390.5,1776.0,0.3631
9900.7,57368.5,9920.0,57417.6,0.3629
1570.3,68754.8,1600.0,68765.5,0.3627
911.1,15040.0,990.3,15098.2,0.3627
9715.3,60899.3,9783.4,60911.7,0.3626
14169.6,413.9,14255.5,444.6,0.3626
14959.4,26402.6,14988.4,26430.5,0.3625
12816.7,10300.1,12886.5,10371.5,0.3625
8763.6,7923.0,8777.8,7936.8,0.3623
14669.1,23964.0,14718.9,24000.0,0.3622
10771.8,55358.3,10825.4,55378.5,0.3617
4675.6,15658.7,4706.9,15679.9,0.3617
11375.5,63758.0,11431.1,63774.4,0.3615
10703.8,13731.5,10724.7,13755.8,0.3615
17115.6,9805.6,17150.1,9831.1,0.3613
8943.0,14080.0,8996.2,14117.0,0.3613
10338.0,11765.8,10354.6,11801.3,0.3613
11418.1,64177.4,11475.0,64191.9,0.3613
6555.9,17108.2,6590.6,17128.3,0.3613
18089.3,38821.8,18119.8,38861.0,0.3611
17131.7,64029.5,17151.4,64049.4,0.3611
11995.6,61724.9,12037.0,61738.7,0.3611
17198.8,38771.1,17232.4,38802.8,0.3611
2543.1,50866.0,2612.8,50880.0,0.3611
2462.2,11356.4,2512.0,11381.6,0.3609
15754.7,28315.2,15790.1,28344.6,0.3608
5760.0,21429.2,5771.0,21455.5,0.3607
10331.0,11699.2,10346.9,11727.9,0.3606
16152.9,63313.6,16235.7,63329.0,0.3604
16898.6,30078.3,16939.8,30101.2,0.3603
13699.1,65397.9,13758.7,65422.2,0.3603
11250.1,62242.1,11306.9,62255.9,0.3602
7345.3,67377.2,7391.1,67393.7,0.3602
14239.8,62706.0,14290.1,62720.0,0.3601
5649.8,63591.6,5706.5,63606.8,0.3601
8217.5,48435.2,8300.6,48461.7,0.3600
6442.6,65270.2,6482.2,65291.2,0.3600
13533.5,69809.1,13631.0,69822.0,0.3599
7283.8,4022.9,7357.6,4088.6,0.3597
10401.9,59811.8,10467.0,59838.5,0.3597
1704.0,4286.4,1747.9,4304.4,0.3596
9553.6,47940.6,9598.4,47964.6,0.3595
1703.2,39134.7,1762.3,39152.8,0.3595
6676.2,16000.0,6719.1,16023.5,0.3595
5043.8,68853.3,5084.4,68868.9,0.3595
3921.2,43183.9,3972.1,43200.9,0.3592
9338.9,6347.7,9396.2,6393.4,0.3590
1533.7,11520.0,1599.8,11576.1,0.3590
13615.6,53133.2,13677.9,53152.3,0.3589
1196.7,22234.7,1231.9,22309.7,0.3589
4700.6,17371.9,4777.1,17447.0,0.3589
16475.3,25367.7,16520.2,25401.8,0.3589
13913.3,9226.6,13968.6,9277.8,0.3588
10441.4,42495.4,10504.5,42559.3,0.3586
2461.9,4113.1,2517.6,4149.1,0.3586
11520.0,16621.8,11566.6,16640.0,0.3585
12037.0,17265.6,12091.3,17280.0,0.3585
8170.5,64636.1,8197.5,64655.4,0.3583
10357.2,61376.9,10410.0,61390.6,0.3583
5251.5,8018.6,5341.4,8069.3,0.3582
5971.4,18625.2,6005.9,18646.8,0.3581
4076.4,3811.6,4126.0,3860.0,0.3577
3749.3,45603.7,3775.3,45615.4,0.3577
12162.0,3808.7,12175.0,3842.7,0.3576
15266.1,66627.2,15313.6,66639.6,0.3575
16307.4,20390.0,16319.8,20411.9,0.3575
5839.4,13792.3,5879.5,13813.4,0.3575
6519.5,44595.8,6567.7,44619.5,0.3574
13919.2,21009.5,13969.7,21061.8,0.3574
14244.6,18569.6,14290.5,18596.9,0.3573
15239.0,30370.4,15298.5,30404.2,0.3573
5317.4,41816.4,5455.7,41839.3,0.3572
6883.0,13665.4,6900.8,13696.6,0.3572
10636.3,11004.0,10692.5,11062.2,0.3571
12145.8,56271.7,12209.2,56287.8,0.3571
7681.0,30117.5,7733.6,30151.9,0.3570
13072.1,66519.3,13118.8,66542.6,0.3570
6875.2,15421.6,6943.2,15481.9,0.3569
7360.0,19579.0,7409.3,19640.6,0.3569
17904.7,19538.2,17924.7,19579.7,0.3567
4107.7,44033.2,4136.2,44048.7,0.3567
17970.5,35795.2,17983.1,35809.6,0.3566
4225.7,65094.3,4290.6,65118.7,0.3565
13064.3,4595.6,13102.2,4623.7,0.3559
14977.5,15728.4,15042.2,15799.0,0.3557
8640.0,15857.4,8726.1,15927.8,0.3557
10292.4,3832.3,10362.2,3883.3,0.3556
9055.4,61756.2,9114.4,61768.9,0.3555
5730.9,41539.5,5759.1,41563.6,0.3554
262.4,40011.8,303.7,40035.4,0.3554
6786.9,15973.4,6840.3,16000.0,0.3551
17536.0,60800.0,17561.5,60836.2,0.3551
8315.2,9618.8,8356.2,9657.5,0.3551
15768.4,66067.8,15791.0,66080.2,0.3551
4299.7,1135.8,4373.4,1196.5,0.3550
8632.6,48623.4,8688.1,48640.0,0.3550
14985.4,28886.7,15056.9,28978.1,0.3549
12342.9,34851.6,12379.1,34889.7,0.3548
3120.0,47758.7,3186.4,47785.8,0.3548
11290.4,61827.0,11348.7,61848.6,0.3547
10570.4,64237.8,10601.2,64255.2,0.3547
7094.2,44607.5,7158.4,44623.6,0.3546
9476.9,12891.7,9490.7,12910.8,0.3546
13274.3,8822.7,13292.3,8860.0,0.3546
9105.9,65508.2,9174.9,65522.8,0.3545
7788.7,29865.2,7816.4,29918.3,0.3545
5473.1,42187.5,5510.1,42201.4,0.3544
6736.2,43197.8,6788.4,43214.0,0.3542
10164.1,64505.3,10220.2,64520.0,0.3542
13004.5,16850.4,13051.2,16895.8,0.3541
4020.5,14872.6,4044.9,14892.9,0.3541
10251.1,64309.4,10315.4,64325.6,0.3539
542.2,60422.6,565.3,60438.9,0.3538
7531.2,63602.8,7565.5,63621.4,0.3537
4662.2,68847.2,4732.9,68864.0,0.3536
9169.8,8264.9,9241.3,8323.6,0.3535
11464.6,2751.4,11494.4,2778.1,0.3534
17300.0,11139.9,17348.1,11181.3,0.3534
8000.0,16881.1,8100.2,16940.1,0.3533
3648.3,49889.5,3687.9,49901.7,0.3532
4953.4,17491.1,4995.3,17533.9,0.3530
8486.3,65852.5,8540.3,65870.1,0.3529
9501.9,28488.6,9522.1,28510.3,0.3529
5965.2,21760.0,6022.1,21785.0,0.3527
14527.4,8772.6,14575.2,8813.0,0.3526
5137.9,12997.7,5165.8,13021.2,0.3525
10940.6,62618.9,11006.9,62632.3,0.3522
1937.2,49707.5,1963.5,49721.2,0.3522
13687.6,65594.4,13724.9,65612.4,0.3522
10560.6,32640.0,10609.3,32672.3,0.3521
8603.3,17218.7,8627.3,17250.4,0.3521
13409.6,69282.2,13439.9,69305.6,0.3521
13387.1,1462.8,13439.6,1499.0,0.3521
16316.3,37120.0,16366.8,37140.5,0.3520
16515.1,8775.8,16542.5,8803.1,0.3520
509.6,41484.6,575.5,41507.8,0.3519
12772.2,54000.4,12814.3,54019.7,0.3514
11637.5,62288.6,11703.3,62315.5,0.3513
16937.7,19719.8,16957.2,19769.5,0.3512
16910.1,25713.1,16944.1,25747.1,0.3511
6672.2,43065.4,6733.0,43079.0,0.3511
3840.6,9666.1,3897.5,9711.5,0.3508
11475.7,62502.7,11548.8,62521.2,0.3507
11666.6,55392.6,11708.8,55407.8,0.3507
12732.6,53824.6,12795.8,53835.2,0.3506
4688.5,46657.3,4738.4,46673.2,0.3505
6418.3,21153.4,6448.7,21180.2,0.3504
8328.5,8056.2,8416.6,8119.4,0.3503
11302.0,56346.5,11357.2,56359.0,0.3502
5842.6,8916.9,5898.8,8953.1,0.3501
4067.3,64947.7,4110.9,64959.6,0.3501
11520.4,33454.4,11560.8,33518.0,0.3497
483.3,36946.4,534.1,36957.8,0.3496
8719.4,29956.2,8772.2,29990.4,0.3496
11978.3,63992.4,12051.7,64017.6,0.3495
6124.4,44939.4,6166.6,44953.2,0.3491
5523.1,15184.4,5576.9,15211.5,0.3491
1196.8,14662.1,1235.7,14715.6,0.3490
15545.3,35979.9,15615.1,36039.7,0.3489
10599.2,58729.9,10647.2,58744.3,0.3487
14892.7,7448.5,14932.8,7480.1,0.3486
12964.4,66452.6,13036.9,66475.6,0.3486
3275.8,3476.6,3313.3,3502.4,0.3486
4626.8,67537.5,4675.9,67552.5,0.3484
16000.0,36348.9,16040.9,36412.8,0.3484
16257.0,24681.2,16332.1,24768.7,0.3484
122.2,39993.4,159.2,40013.3,0.3484
9567.6,65200.7,9599.6,65214.7,0.3481
6827.0,22000.9,6840.1,22019.3,0.3480
4489.8,29951.0,4523.4,29990.6,0.3479
16989.5,9750.6,17027.6,9782.1,0.3478
4324.8,2260.3,4346.5,2285.1,0.3477
6675.4,44417.2,6736.1,44432.8,0.3477
12173.8,57576.8,12257.7,57599.3,0.3476
15323.8,31799.8,15388.0,31841.3,0.3476
4366.7,1340.5,4419.6,1403.3,0.3475
16792.2,61280.3,16814.4,61291.9,0.3475
5381.1,21198.7,5449.5,21259.2,0.3475
3639.3,64411.1,3675.8,64430.1,0.3473
7154.9,44832.2,7209.2,44855.7,0.3473
2569.8,25816.2,2613.1,25859.5,0.3471
14016.8,29587.4,14045.5,29626.5,0.3468
2363.9,16761.8,2407.7,16805.7,0.3467
3780.9,63258.5,3837.9,63286.9,0.3467
10320.0,5377.5,10372.0,5451.7,0.3466
3936.6,42863.3,3990.3,42880.0,0.3466
3780.6,39919.9,3838.6,39937.6,0.3465
1706.6,47344.5,1751.3,47359.4,0.3465
7999.7,46162.3,8033.4,46173.9,0.3464
12453.1,33007.3,12479.5,33054.7,0.3464
10998.9,62720.0,11038.7,62731.6,0.3463
6998.5,42435.5,7038.1,42449.2,0.3463
10946.1,62512.0,10994.1,62528.9,0.3462
7692.4,5126.0,7732.5,5147.8,0.3461
12651.0,50881.8,12710.1,50895.9,0.3460
8914.3,69636.0,8958.5,69651.0,0.3459
13937.9,17558.6,13983.4,17608.1,0.3458
6014.1,62686.9,6071.9,62708.6,0.3458
13498.9,30203.9,13530.9,30226.3,0.3457
7428.4,67377.2,7473.3,67401.4,0.3456
8340.9,29996.9,8413.1,30083.6,0.3452
17800.1,29103.9,17844.2,29120.0,0.3451
9223.2,47057.8,9277.0,47076.6,0.3448
9587.9,48526.6,9633.6,48547.2,0.3447
729.8,61189.3,789.0,61208.6,0.3446
14900.4,8206.1,14917.9,8235.5,0.3446
5096.5,64808.6,5145.1,64824.2,0.3445
5958.8,23115.8,6011.2,23167.4,0.3443
4002.2,13495.1,4055.7,13530.5,0.3441
11003.1,64468.3,11046.6,64487.3,0.3437
15419.8,6914.3,15436.5,6928.5,0.3435
7186.5,45179.7,7288.4,45213.2,0.3435
3258.8,6276.2,3313.9,6309.5,0.3435
17299.5,11738.1,17340.4,11771.8,0.3433
583.0,67184.5,654.9,67195.7,0.3433
7186.4,45271.8,7245.0,45292.8,0.3432
2289.7,42273.0,2333.7,42285.8,0.3430
10935.2,10134.8,11019.5,10202.6,0.3429
13065.9,66427.0,13118.3,66452.0,0.3428
4446.3,3026.0,4475.0,3060.8,0.3428
13762.5,31335.1,13831.2,31360.0,0.3425
1414.0,61556.2,1443.0,61569.6,0.3425
4545.1,43737.7,4610.1,43765.2,0.3425
4499.8,21893.4,4537.2,21924.6,0.3424
2443.2,9816.1,2499.3,9846.4,0.3424
10963.5,57488.2,11027.5,57501.8,0.3420
12084.0,61337.8,12122.7,61352.2,0.3420
5454.7,65712.9,5523.1,65729.6,0.3419
7360.0,31332.3,7378.2,31360.0,0.3419
5785.8,66000.6,5824.9,66013.6,0.3418
4601.1,63936.0,4658.6,63947.7,0.3417
6250.5,44745.1,6312.0,44770.6,0.3417
17403.8,10216.6,17436.6,10239.9,0.3415
15102.3,31866.3,15132.5,31887.8,0.3414
16482.9,37394.9,16544.8,37436.4,0.3414
11970.9,61881.7,12022.8,61904.2,0.3413
11200.0,28100.5,11265.2,28229.8,0.3412
17469.3,9917.0,17509.0,9951.9,0.3411
11077.3,57554.4,11119.1,57566.4,0.3411
14698.6,32281.3,14719.3,32318.4,0.3410
8622.7,9920.0,8639.8,9945.1,0.3410
5392.5,4276.9,5428.4,4308.8,0.3408
9701.6,62751.3,9762.2,62767.3,0.3408
16643.0,69576.4,16691.8,69590.8,0.3408
12480.0,13120.0,12539.0,13172.8,0.3407
5156.3,13120.0,5191.2,13166.1,0.3406
4160.2,5405.3,4177.9,5440.0,0.3404
16202.8,6817.7,16258.3,6855.0,0.3401
521.0,64588.8,620.5,64666.6,0.3400
14745.9,25609.4,14795.9,25659.1,0.3400
14217.5,17233.7,14244.0,17263.5,0.3399
11545.2,62887.5,11588.3,62905.9,0.3398
11679.6,65020.7,11767.2,65040.1,0.3397
3810.3,64084.0,3875.4,64100.5,0.3397
2012.9,46375.5,2068.1,46399.9,0.3396
2480.5,14329.6,2552.5,14364.8,0.3395
5594.6,45024.1,5628.7,45041.1,0.3395
9677.2,61497.9,9715.5,61513.4,0.3392
10081.8,11551.2,10129.8,11583.6,0.3390
3786.7,18501.9,3826.6,18532.7,0.3390
6491.4,44110.4,6545.9,44128.7,0.3388
14055.0,29580.8,14079.6,29633.9,0.3388
6347.3,23021.6,6384.8,23040.0,0.3387
5120.4,5440.0,5165.3,5494.4,0.3386
13076.1,51490.2,13128.9,51503.6,0.3386
5021.5,9011.8,5102.0,9078.3,0.3385
15652.4,62738.2,15678.4,62749.7,0.3385
5997.6,65929.3,6067.2,65956.6,0.3384
13263.8,53613.7,13314.0,53627.5,0.3384
10782.5,62216.8,10833.8,62242.5,0.3383
7037.6,46841.4,7068.1,46853.7,0.3382
6416.6,45874.3,6450.4,45887.6,0.3381
4270.9,44933.4,4330.8,44952.7,0.3380
12480.7,16658.7,12549.7,16723.6,0.3379
2490.3,10560.0,2557.4,10611.0,0.3379
14636.3,13393.4,14652.1,13406.7,0.3378
10601.7,7233.9,10625.6,7267.1,0.3377
5177.4,42248.2,5219.4,42275.6,0.3377
13558.2,61034.4,13621.2,61049.0,0.3377
8754.4,65505.7,8849.1,65525.2,0.3377
5440.6,8320.0,5479.5,8365.5,0.3376
12409.7,17823.2,12477.8,17876.7,0.3376
15205.0,3218.2,15273.1,3262.5,0.3375
12250.3,8299.1,12359.7,8399.1,0.3375
2666.9,64064.4,2714.1,64080.3,0.3375
11771.8,59240.6,11837.3,59263.5,0.3375
5767.9,69034.5,5814.0,69051.9,0.3375
11379.6,29210.7,11440.8,29284.3,0.3375
7164.5,19869.2,7223.4,19917.9,0.3374
15681.9,35148.9,15699.1,35181.6,0.3374
13025.9,6655.7,13055.2,6689.9,0.3373
13010.4,67304.5,13157.8,67332.8,0.3370
14354.9,31946.3,14400.0,32002.4,0.3369
3803.0,7848.9,3856.6,7883.5,0.3369
3520.7,7360.9,3581.9,7450.3,0.3369
3292.8,19489.5,3315.9,19512.8,0.3367
4671.4,6721.0,4725.6,6760.8,0.3366
11843.6,61801.3,11908.0,61816.9,0.3366
13654.2,63488.2,13759.8,63504.9,0.3364
9450.7,65712.2,9500.0,65735.0,0.3364
12680.1,50938.0,12742.2,50955.9,0.3364
9127.0,65696.7,9207.1,65707.8,0.3363
10560.1,4480.0,10641.9,4511.1,0.3362
5760.0,2240.8,5814.4,2312.0,0.3357
272.9,15727.7,315.9,15756.2,0.3357
8960.0,25101.9,9034.1,25192.6,0.3357
11200.2,10603.6,11234.3,10662.4,0.3355
5391.6,47117.8,5439.1,47132.8,0.3354
13465.9,65820.2,13520.8,65844.5,0.3354
9280.5,5455.1,9315.9,5515.7,0.3354
9228.2,10688.1,9259.5,10721.3,0.3353
279.7,47613.9,342.6,47641.2,0.3352
9601.3,2174.6,9635.9,2239.9,0.3349
11362.1,63561.1,11460.7,63580.3,0.3349
6212.1,64537.5,6246.5,64552.1,0.3349
17130.4,17665.7,17171.5,17726.5,0.3345
9986.2,47345.3,10042.4,47361.5,0.3345
11378.3,10690.8,11408.9,10733.2,0.3345
2595.3,45355.3,2626.0,45367.0,0.3344
8747.8,24313.7,8802.6,24359.1,0.3344
4363.6,12071.0,4418.8,12101.1,0.3344
15057.4,9408.8,15092.8,9446.2,0.3344
12036.1,17266.8,12087.1,17293.6,0.3344
3309.1,10452.5,3360.8,10508.5,0.3343
5225.8,56263.6,5302.3,56279.5,0.3343
960.0,14780.5,987.2,14834.5,0.3343
11789.3,64739.3,11836.3,64749.8,0.3342
13862.4,56162.0,13913.9,56177.0,0.3341
5042.4,64583.6,5100.6,64595.9,0.3341
14783.0,67271.4,14822.8,67299.7,0.3341
9595.5,32450.0,9692.0,32503.2,0.3340
7209.4,44144.2,7259.7,44155.9,0.3340
2560.1,12489.5,2601.2,12541.4,0.3338
3347.0,64867.9,3373.8,64880.5,0.3338
4345.2,47524.0,4408.2,47544.3,0.3337
18083.5,35153.9,18114.9,35185.3,0.3336
12240.5,62023.5,12315.1,62049.4,0.3335
4257.2,61400.5,4324.7,61423.6,0.3333
1546.9,58190.6,1589.3,58218.3,0.3331
5310.4,17193.9,5325.4,17213.1,0.3330
4490.2,11885.2,4536.6,11917.3,0.3329
12451.3,28143.8,12483.6,28160.0,0.3329
4440.5,2312.1,4479.2,2344.3,0.3328
6996.2,1983.2,7052.1,2008.4,0.3327
1186.6,35804.6,1226.0,35823.2,0.3327
16999.3,22702.1,17051.0,22749.2,0.3326
7024.5,19503.0,7119.0,19565.6,0.3326
7794.8,48962.4,7872.3,48984.0,0.3325
11369.4,10536.8,11425.4,10580.0,0.3324
8027.7,13090.2,8054.4,13120.0,0.3323
4388.1,43289.6,4422.0,43310.0,0.3321
4732.0,11153.6,4755.1,11186.1,0.3319
1062.5,59966.3,1099.4,59983.1,0.3319
4978.4,7262.0,4994.8,7280.1,0.3319
15931.8,9611.4,15998.3,9738.1,0.3317
16900.3,27818.0,16966.4,27842.4,0.3314
14225.4,66691.1,14304.1,66713.7,0.3314
18071.0,23556.3,18176.0,23654.1,0.3313
16957.0,68018.2,16972.9,68027.5,0.3313
626.3,4640.7,653.8,4658.6,0.3312
14659.4,60874.1,14769.5,60899.6,0.3312
5541.3,68348.8,5590.6,68366.3,0.3312
7312.1,19520.1,7398.3,19548.4,0.3309
13440.8,29072.1,13493.2,29119.6,0.3309
1841.6,69144.1,1915.7,69166.1,0.3308
3029.8,6185.0,3075.6,6238.4,0.3306
13600.1,66215.5,13654.3,66231.2,0.3304
15656.1,65160.8,15779.1,65181.7,0.3304
1543.1,49699.0,1573.9,49718.6,0.3302
592.1,1454.9,637.9,1504.3,0.3302
3075.5,61233.8,3132.9,61247.1,0.3301
16796.2,33635.7,16848.4,33681.6,0.3300
12762.0,63336.6,12881.4,63370.6,0.3300
14213.1,31580.1,14261.4,31646.5,0.3299
6282.6,16222.0,6335.9,16265.4,0.3299
5158.9,15667.5,5221.6,15717.2,0.3298
10595.0,11740.3,10611.7,11773.8,0.3298
13054.0,5531.2,13119.0,5660.8,0.3297
10821.2,33280.0,10880.0,33314.7,0.3296
12516.1,35520.0,12573.2,35549.0,0.3294
939.6,36640.5,959.7,36652.7,0.3291
5380.0,42894.6,5437.7,42912.5,0.3290
4857.2,43425.3,4924.3,43450.6,0.3288
17137.8,22962.1,17203.1,23013.2,0.3287
2138.3,9306.0,2194.1,9349.5,0.3287
8120.4,44112.4,8176.4,44127.0,0.3286
6393.1,19585.9,6433.2,19617.9,0.3286
12993.4,52247.8,13063.5,52280.1,0.3285
4214.8,61551.5,4267.9,61567.6,0.3284
7218.1,47303.9,7297.9,47326.0,0.3284
11714.4,54327.2,11766.1,54345.6,0.3283
9247.9,27577.6,9290.3,27609.0,0.3282
4189.5,21543.9,4222.7,21576.8,0.3282
1362.2,9706.2,1404.3,9767.0,0.3282
5496.9,65745.5,5535.6,65758.3,0.3280
11521.9,15173.4,11537.7,15198.9,0.3279
4042.7,65287.9,4115.1,65317.4,0.3278
5321.3,19963.0,5368.1,19997.8,0.3277
12782.7,26649.9,12812.2,26680.6,0.3276
5850.5,42418.2,5894.2,42434.3,0.3276
8873.9,50065.4,8940.1,50088.7,0.3275
8891.5,23489.6,8902.6,23503.7,0.3270
2397.0,68259.1,2436.1,68270.5,0.3268
14195.7,20681.7,14215.0,20705.3,0.3268
11865.0,64778.8,11922.1,64799.2,0.3267
18018.6,64890.0,18063.8,64931.2,0.3266
877.7,60658.6,931.1,60686.2,0.3264
11202.1,28760.6,11216.9,28788.3,0.3264
8000.2,11467.2,8019.0,11519.6,0.3262
6821.1,43009.6,6874.7,43022.0,0.3261
4332.9,4044.5,4396.6,4113.2,0.3260
5022.9,43656.8,5081.3,43676.9,0.3260
6357.5,45967.5,6397.2,45979.0,0.3260
3594.4,3853.9,3608.5,3872.9,0.3260
10458.7,28674.4,10510.0,28715.8,0.3258
16954.5,23663.3,16991.7,23680.0,0.3257
16580.6,7368.2,16613.9,7389.3,0.3254
13358.2,66249.4,13434.4,66275.3,0.3254
11363.2,65173.9,11436.0,65191.6,0.3254
15412.2,2524.6,15471.3,2560.0,0.3253
7469.6,68330.2,7521.8,68359.3,0.3253
3633.6,3840.0,3732.4,3871.6,0.3252
18026.1,4465.6,18107.3,4524.8,0.3249
12366.6,62151.6,12417.2,62176.1,0.3249
6162.1,42038.6,6229.3,42055.5,0.3248
11497.9,60479.6,11538.9,60494.1,0.3248
530.0,36858.8,587.6,36890.5,0.3248
6018.9,69323.1,6062.0,69336.5,0.3247
16320.7,25955.2,16390.8,26018.7,0.3247
4188.5,43613.9,4231.5,43629.6,0.3246
4378.8,2557.6,4405.8,2585.3,0.3245
416.4,8320.0,486.7,8382.8,0.3244
4667.1,9600.0,4741.9,9633.1,0.3243
1600.0,17569.4,1651.2,17620.7,0.3243
7494.2,16948.6,7574.1,17008.6,0.3243
12958.8,27623.3,13009.9,27661.9,0.3243
16947.2,26375.8,16992.6,26400.0,0.3242
13538.1,20558.0,13579.9,20580.7,0.3242
12298.3,15986.2,12315.8,16000.0,0.3241
7170.8,69124.4,7200.8,69146.1,0.3241
15508.2,44216.5,15518.9,44236.4,0.3241
1422.6,2761.5,1460.7,2789.9,0.3240
10592.2,55492.9,10653.2,55510.7,0.3238
13423.8,16960.0,13485.7,16992.6,0.3238
9920.7,13760.8,9944.0,13814.8,0.3238
14810.1,32171.2,14842.9,32200.5,0.3238
5495.9,343.9,5549.3,381.6,0.3236
4307.2,63542.0,4361.7,63563.7,0.3235
9776.6,13051.0,9895.2,13143.1,0.3235
12746.5,11080.7,12800.0,11142.3,0.3234
6643.4,14240.4,6670.2,14269.7,0.3233
6298.1,44381.8,6341.8,44394.2,0.3232
13394.9,65396.1,13439.9,65423.8,0.3232
9139.7,48997.4,9189.6,49013.5,0.3231
10005.2,63139.9,10052.9,63154.4,0.3230
12423.4,66904.7,12521.7,66928.1,0.3230
9530.3,2098.3,9592.7,2134.5,0.3229
11008.4,32553.2,11046.5,32581.1,0.3227
12619.5,56904.2,12674.4,56919.8,0.3227
4801.8,12054.0,4818.3,12082.4,0.3226
16363.3,38602.0,16385.2,38629.0,0.3226
5657.2,43496.6,5706.9,43523.9,0.3226
9884.6,63201.5,9920.0,63226.4,0.3225
12136.9,30080.0,12160.0,30112.5,0.3224
15930.1,28583.5,15998.5,28665.4,0.3224
10421.0,64171.9,10481.0,64185.6,0.3224
8421.1,69363.7,8448.4,69378.2,0.3222
10584.0,8586.4,10621.6,8612.1,0.3221
16866.4,31523.6,16890.9,31552.1,0.3220
3640.0,68834.7,3689.7,68847.6,0.3220
13940.8,18567.9,13970.5,18603.3,0.3219
3641.5,9553.1,3683.7,9579.6,0.3218
11522.3,55337.3,11566.8,55352.9,0.3217
16475.6,69380.6,16503.1,69395.0,0.3217
7607.4,17009.3,7657.7,17044.5,0.3217
5284.2,2674.6,5317.8,2700.8,0.3215
3306.0,45760.1,3391.7,45770.6,0.3212
3010.6,64921.6,3054.5,64935.2,0.3212
4525.2,12396.1,4564.6,12423.1,0.3210
7561.9,30129.2,7603.5,30147.6,0.3209
6730.9,33174.6,6801.3,33223.9,0.3209
16640.0,6997.1,16684.2,7056.2,0.3209
3780.5,65722.0,3835.1,65733.4,0.3209
8968.0,62496.0,9032.2,62508.6,0.3207
6108.4,42390.2,6163.8,42406.1,0.3206
7462.8,64771.7,7507.5,64784.2,0.3205
17955.2,10057.2,17990.4,10085.1,0.3203
16168.2,36533.6,16213.3,36582.0,0.3202
13471.0,9033.6,13499.0,9063.6,0.3201
2379.7,9298.5,2404.2,9337.0,0.3201
6253.0,15959.7,6272.0,15991.4,0.3200
15216.6,60823.8,15249.3,60839.5,0.3199
8916.9,45660.0,8958.0,45679.1,0.3199
17262.1,63360.0,17279.7,63387.1,0.3198
15127.7,21288.2,15190.7,21345.0,0.3198
3738.4,16696.5,3788.5,16744.1,0.3197
12800.4,24640.7,12841.2,24682.8,0.3196
3239.4,63412.0,3296.2,63441.8,0.3196
12222.6,64769.4,12287.0,64792.2,0.3196
573.1,35590.9,622.9,35606.8,0.3195
9706.0,35069.1,9740.6,35105.3,0.3195
15598.0,22338.6,15678.5,22399.5,0.3193
15811.7,37684.9,15825.1,37700.0,0.3193
217.4,39560.1,278.5,39603.8,0.3187
14211.0,8859.2,14225.6,8873.3,0.3187
17882.7,64861.3,17908.4,64877.3,0.3186
16455.2,25872.4,16551.1,25953.5,0.3186
1327.8,16320.0,1394.2,16343.4,0.3185
12480.8,16960.0,12549.2,17041.6,0.3185
14982.9,68898.7,15039.1,68911.2,0.3185
3035.2,65016.8,3089.3,65035.2,0.3184
4965.4,16745.3,5018.1,16803.7,0.3184
15396.4,62882.0,15438.5,62895.7,0.3183
4350.5,13434.5,4404.5,13461.1,0.3183
11395.5,60561.3,11442.5,60573.6,0.3183
3201.7,4626.6,3237.1,4697.8,0.3182
11113.2,38704.1,11138.1,38720.0,0.3181
4937.4,43616.1,4999.2,43633.9,0.3181
10241.2,30271.1,10343.3,30332.4,0.3179
9127.1,26354.1,9195.1,26380.6,0.3179
4872.6,67302.0,4916.7,67315.6,0.3179
1853.8,69666.1,1894.5,69685.6,0.3178
14308.5,482.0,14347.9,501.4,0.3177
17318.9,69165.4,17431.7,69187.6,0.3177
5069.2,43488.3,5119.3,43527.0,0.3176
355.7,65716.5,412.1,65750.3,0.3174
10601.0,58664.9,10650.2,58679.8,0.3174
3804.7,67072.5,3840.0,67087.2,0.3173
17828.8,4666.5,17920.0,4767.1,0.3173
15550.5,9600.0,15607.3,9627.6,0.3173
13867.5,69022.4,13920.8,69053.1,0.3173
15464.8,31162.8,15508.5,31199.5,0.3172
16731.2,68503.8,16785.0,68518.4,0.3170
15361.1,32074.0,15403.0,32137.1,0.3170
10550.5,59006.9,10613.2,59026.5,0.3170
15346.6,59897.6,15395.3,59927.3,0.3169
7213.9,43849.2,7263.8,43877.8,0.3169
8302.3,55321.0,8396.7,55349.6,0.3168
2648.1,65344.7,2711.1,65377.7,0.3167
11608.6,50937.7,11671.5,50961.1,0.3167
15493.5,21700.5,15578.8,21788.7,0.3166
8961.8,9917.9,9010.9,9975.4,0.3164
9921.9,35422.3,9934.7,35452.5,0.3163
6291.3,5651.9,6325.3,5676.8,0.3162
7539.9,12971.2,7568.5,12997.6,0.3162
13008.1,52542.9,13073.8,52559.4,0.3161
1357.5,34741.9,1405.2,34765.5,0.3161
11795.0,65302.2,11861.2,65323.3,0.3160
568.4,36111.4,612.1,36125.9,0.3159
4205.9,63959.9,4271.6,63980.0,0.3158
5427.2,68706.5,5449.6,68723.3,0.3158
10510.4,19102.8,10559.1,19142.7,0.3157
11987.2,55925.8,12037.8,55942.9,0.3157
4536.1,17908.8,4582.3,17946.6,0.3157
8091.4,44650.2,8146.1,44670.1,0.3155
13494.1,17343.4,13533.1,17376.5,0.3154
11786.7,57409.0,11829.2,57430.7,0.3154
12421.5,13300.9,12455.8,13330.8,0.3154
5115.5,65755.3,5187.4,65775.7,0.3154
10396.9,37760.0,10477.1,37808.0,0.3154
12742.6,34027.3,12798.2,34078.9,0.3152
13299.0,69215.3,13360.6,69233.2,0.3151
16007.1,62879.9,16077.2,62900.1,0.3151
10529.9,64041.3,10560.2,64058.8,0.3148
8335.3,64803.8,8408.8,64816.2,0.3148
11138.2,62905.7,11204.1,62920.6,0.3145
6299.9,45232.0,6360.4,45249.1,0.3145
14594.6,31680.8,14648.3,31724.4,0.3144
5508.4,20543.9,5541.1,20572.4,0.3144
7617.6,67385.1,7660.0,67396.9,0.3143
11119.3,30111.2,11189.9,30179.1,0.3142
12741.9,55589.9,12798.6,55606.4,0.3140
2512.6,2303.9,2559.3,2327.3,0.3137
9002.6,65938.8,9063.4,65951.7,0.3137
10280.7,63705.9,10333.1,63720.2,0.3137
17589.1,25091.1,17659.5,25162.9,0.3136
16308.8,49332.0,16320.0,49365.1,0.3135
8168.7,61807.8,8228.6,61823.4,0.3134
12307.0,30400.0,12357.2,30425.8,0.3133
9901.1,62997.4,9972.1,63014.5,0.3133
12459.2,29584.3,12480.0,29602.5,0.3131
4954.3,66492.5,5001.0,66506.3,0.3129
14355.2,7483.2,14398.9,7504.8,0.3129
14042.4,29624.6,14098.2,29696.5,0.3126
617.4,8811.6,643.7,8833.6,0.3125
12340.6,24984.1,12376.4,24999.3,0.3125
11426.9,63699.9,11455.4,63718.3,0.3124
5503.1,41450.6,5564.6,41461.6,0.3123
1920.0,17525.2,1965.5,17598.6,0.3123
7710.8,43391.0,7763.0,43413.9,0.3122
13360.2,30281.4,13373.1,30300.7,0.3122
374.6,37778.3,424.3,37792.4,0.3122
6205.3,13423.0,6244.5,13440.0,0.3121
1411.9,36131.9,1449.3,36144.5,0.3121
3594.6,19568.4,3641.0,19614.5,0.3120
2922.4,2517.2,2957.1,2554.1,0.3118
12730.3,31850.2,12783.8,31882.3,0.3116
10281.6,26560.0,10339.5,26601.7,0.3116
12411.8,13168.3,12451.6,13187.3,0.3116
12027.8,55192.5,12084.8,55210.9,0.3113
17820.0,21760.0,17863.7,21782.3,0.3113
4702.5,43722.5,4737.7,43737.3,0.3113
14237.9,27537.2,14291.3,27589.4,0.3112
10195.0,64468.3,10238.2,64489.1,0.3112
16737.6,39023.6,16765.0,39044.3,0.3112
11142.3,3827.4,11193.1,3840.0,0.3112
4459.6,45885.3,4480.0,45906.6,0.3110
10823.6,55414.4,10878.4,55433.7,0.3110
583.8,49818.4,621.3,49833.4,0.3110
17354.7,11686.5,17398.2,11727.3,0.3110
6887.4,44866.4,6939.5,44879.9,0.3109
14099.1,6799.9,14130.1,6820.6,0.3106
9939.5,60942.4,10002.3,60959.8,0.3105
1990.1,12041.3,2040.1,12094.6,0.3105
3443.6,11617.3,3500.6,11643.6,0.3104
7186.0,5658.2,7223.7,5686.0,0.3103
3020.9,64585.3,3082.2,64597.2,0.3103
6308.4,43675.3,6351.7,43688.8,0.3103
15680.0,36079.7,15725.4,36147.4,0.3102
7019.0,23833.7,7056.0,23888.0,0.3102
4296.1,3437.9,4319.1,3450.2,0.3102
960.9,4922.4,995.8,4960.3,0.3102
15129.0,31841.4,15141.7,31858.0,0.3101
11184.8,61773.7,11240.0,61789.8,0.3101
10823.8,65873.3,10895.4,65888.5,0.3100
6509.4,65752.0,6564.2,65773.6,0.3100
12608.8,68228.6,12658.3,68246.3,0.3097
5081.9,68563.5,5120.0,68586.5,0.3097
778.0,15299.4,833.1,15334.6,0.3097
7306.8,16640.2,7359.9,16680.8,0.3096
9052.1,63545.1,9116.7,63561.3,0.3095
2343.5,17579.1,2400.0,17615.2,0.3095
1527.4,7040.0,1599.0,7104.8,0.3094
7403.4,14281.9,7427.4,14302.4,0.3093
6041.3,12752.8,6080.0,12795.4,0.3092
16227.3,65381.3,16267.2,65393.5,0.3092
15917.1,64172.3,15968.3,64188.5,0.3092
16265.7,68928.3,16307.5,68945.3,0.3092
7795.5,16104.4,7843.1,16160.4,0.3092
11603.3,51518.1,11661.0,51540.7,0.3091
16812.6,67976.9,16836.0,67992.8,0.3090
3851.8,7296.6,3897.9,7357.3,0.3090
7180.5,3200.0,7220.9,3244.9,0.3089
7801.8,46474.4,7850.2,46486.1,0.3089
14998.7,65165.9,15057.6,65184.5,0.3089
5057.8,61721.1,5118.8,61735.6,0.3088
14306.4,66153.5,14362.5,66165.7,0.3087
8163.4,42624.5,8203.5,42642.0,0.3086
11778.6,6338.1,11822.4,6365.9,0.3086
8057.4,66543.6,8100.2,66560.0,0.3086
4605.5,19138.0,4656.2,19186.9,0.3085
10345.6,10443.6,10387.7,10483.7,0.3083
6093.7,21062.5,6179.4,21120.0,0.3083
3103.9,48192.2,3148.6,48205.2,0.3083
3996.5,39349.4,4053.5,39372.0,0.3082
3078.4,49127.7,3149.3,49146.5,0.3082
5009.0,40544.9,5040.2,40559.1,0.3080
9240.4,16625.2,9300.5,16679.6,0.3080
8320.6,7040.0,8341.4,7107.9,0.3079
11575.2,775.2,11682.2,843.6,0.3079
17196.0,67259.5,17214.2,67278.0,0.3079
2884.8,3036.0,2900.3,3054.7,0.3079
14263.8,57161.9,14316.9,57188.1,0.3077
4259.1,3392.7,4300.8,3410.4,0.3077
3818.9,64741.6,3904.7,64756.8,0.3077
6243.7,41859.5,6317.3,41884.9,0.3077
2665.7,45202.8,2718.6,45214.6,0.3077
10790.0,49763.6,10853.4,49775.7,0.3076
5980.3,46112.2,6024.3,46129.5,0.3076
9930.4,62624.0,9992.1,62635.1,0.3075
11178.2,51776.2,11219.6,51791.5,0.3075
133.0,26786.5,188.8,26828.1,0.3073
15703.8,35684.1,15726.9,35711.1,0.3071
6078.9,43265.9,6117.9,43281.0,0.3070
12906.7,31949.8,12984.0,31975.6,0.3070
14578.8,65362.3,14654.0,65376.3,0.3070
10085.3,29255.7,10136.2,29291.8,0.3069
3449.7,65035.7,3482.0,65053.4,0.3068
16743.1,61665.7,16766.2,61706.0,0.3068
3820.2,18725.2,3862.6,18758.0,0.3066
11463.8,56030.5,11535.3,56054.3,0.3066
6291.3,2544.7,6352.8,2560.0,0.3066
11697.7,58785.2,11743.5,58805.5,0.3066
9657.4,48970.1,9703.9,48981.8,0.3065
4678.5,65316.0,4722.0,65333.3,0.3064
14922.5,62209.3,14972.9,62224.8,0.3063
16243.7,8608.1,16258.9,8625.9,0.3062
11877.0,57536.0,11918.5,57554.8,0.3060
12066.3,65920.0,12121.6,65930.1,0.3060
10416.9,64658.6,10473.6,64679.7,0.3058
2420.3,35946.1,2454.5,35959.2,0.3057
11201.8,64924.5,11270.0,64947.8,0.3057
8985.3,6794.9,9002.2,6822.8,0.3056
5689.1,16640.0,5726.3,16651.8,0.3055
4996.8,14006.2,5037.0,14039.1,0.3052
10234.9,62085.8,10309.9,62105.2,0.3052
3026.0,11289.5,3058.5,11323.6,0.3051
12219.8,52643.8,12291.9,52664.3,0.3051
14337.8,31054.3,14398.6,31090.6,0.3051
7291.9,8212.2,7359.6,8256.1,0.3050
11837.7,65653.5,11903.6,65677.7,0.3050
6073.3,46036.0,6120.8,46049.2,0.3050
4380.1,42449.9,4424.7,42464.6,0.3048
854.3,67080.0,924.5,67095.8,0.3048
13036.1,7134.2,13118.7,7191.5,0.3047
15756.3,35163.0,15829.7,35200.0,0.3047
9651.5,9013.0,9711.5,9054.8,0.3046
17837.4,2856.6,17920.0,2880.0,0.3045
8715.2,15023.6,8747.7,15040.0,0.3045
5971.1,43193.3,6036.3,43221.2,0.3045
15899.0,12542.2,15940.1,12576.6,0.3044
8320.7,15841.6,8373.6,15879.8,0.3044
17537.0,24447.2,17568.8,24498.3,0.3043
17277.2,32473.4,17314.1,32502.7,0.3042
9665.4,61764.8,9730.5,61781.8,0.3042
5578.7,42286.5,5630.3,42300.0,0.3042
11346.0,50933.9,11406.0,50957.2,0.3041
4565.9,24908.2,4602.1,24957.3,0.3041
2637.7,69387.3,2690.0,69401.3,0.3040
6506.4,19953.8,6522.4,19969.3,0.3040
6946.5,45811.2,7005.4,45838.6,0.3039
8439.9,48751.8,8510.8,48767.0,0.3038
13894.8,20749.9,13925.3,20771.6,0.3036
12115.0,10165.6,12147.7,10188.4,0.3035
9920.0,2403.2,9967.7,2477.9,0.3034
10376.6,761.4,10388.4,778.2,0.3034
9313.9,61862.8,9355.3,61880.8,0.3034
10812.7,57600.0,10880.0,57617.4,0.3034
10532.2,28609.6,10559.4,28644.2,0.3033
8242.6,8249.6,8318.9,8320.0,0.3033
17214.0,13565.5,17276.5,13616.2,0.3032
4774.1,69635.7,4798.1,69647.3,0.3031
13460.4,53316.1,13492.5,53339.6,0.3031
7178.8,16655.1,7235.9,16707.3,0.3031
10497.6,59344.4,10539.6,59361.5,0.3030
1880.9,34401.5,1934.5,34437.7,0.3030
11842.2,7165.1,11924.2,7245.1,0.3029
17659.6,23344.2,17715.7,23392.6,0.3029
14831.0,61489.3,14888.0,61503.5,0.3029
5680.6,66015.8,5716.8,66030.5,0.3027
10232.5,62364.6,10278.4,62382.9,0.3027
10561.0,8889.3,10644.8,8960.0,0.3024
8798.2,29440.0,8854.3,29466.4,0.3023
5673.1,67923.6,5724.8,67935.9,0.3023
5015.3,42748.5,5122.1,42774.1,0.3022
11291.8,52488.6,11380.8,52517.2,0.3021
12713.8,58531.9,12799.0,58551.2,0.3021
5058.0,16850.7,5118.9,16937.1,0.3020
12703.8,52324.0,12734.9,52339.1,0.3019
14720.0,22121.2,14769.4,22192.7,0.3018
5883.1,45509.6,5953.0,45532.1,0.3016
15521.7,24835.9,15536.2,24859.1,0.3016
226.0,37656.0,282.7,37676.7,0.3016
6412.1,19584.6,6431.7,19606.7,0.3015
444.4,16026.7,464.4,16057.9,0.3015
12622.9,18317.7,12688.2,18377.6,0.3015
14753.7,62696.5,14817.1,62722.6,0.3013
9494.4,28531.1,9526.6,28561.1,0.3013
1636.4,49458.3,1675.8,49470.4,0.3012
14593.8,9582.8,14616.3,9603.4,0.3011
15829.1,22597.4,15867.2,22627.2,0.3011
810.7,15424.4,846.0,15439.6,0.3010
5986.5,3333.9,6080.0,3417.7,0.3010
13601.6,53297.3,13645.5,53320.2,0.3010
11836.8,9481.3,11941.9,9581.9,0.3010
7766.0,63336.3,7862.2,63362.7,0.3009
17269.5,21775.6,17327.0,21827.3,0.3009
15961.4,24320.0,16010.2,24353.0,0.3009
13157.1,16320.0,13199.9,16349.1,0.3006
5101.7,1626.4,5145.6,1655.6,0.3006
12522.3,51726.8,12608.7,51746.5,0.3006
10715.4,61570.3,10773.0,61592.3,0.3004
14702.1,5950.5,14720.0,5990.4,0.3004
13393.7,54275.4,13439.7,54291.3,0.3003
13511.8,33768.5,13567.1,33802.9,0.3003
5219.6,12858.0,5256.3,12902.2,0.3003
12926.0,9984.8,12946.2,10003.6,0.3002
17561.0,23206.5,17600.0,23263.0,0.3002
1187.0,18767.5,1216.6,18797.0,0.3001
14200.3,21725.9,14276.2,21788.1,0.3001
11704.9,2115.9,11769.0,2183.3,0.3000
754.5,35506.2,786.7,35517.1,0.2999
8614.2,15846.0,8640.0,15882.4,0.2999
10923.3,58719.6,10966.0,58734.5,0.2998
13748.1,31089.3,13814.2,31122.5,0.2997
17372.2,21377.9,17395.3,21394.0,0.2996
8694.6,7105.4,8757.3,7179.4,0.2995
14435.4,19983.0,14490.6,20045.0,0.2995
9515.7,65878.6,9572.3,65901.2,0.2993
13211.6,3597.2,13261.1,3653.0,0.2993
13537.1,57913.3,13636.9,57941.9,0.2992
6402.1,15040.0,6436.5,15074.3,0.2992
16000.6,32492.9,16070.7,32571.7,0.2991
468.9,25428.4,523.9,25466.8,0.2991
4720.3,63458.0,4754.5,63469.1,0.2991
11763.5,53877.9,11833.0,53895.9,0.2990
12330.4,53428.3,12376.9,53450.7,0.2989
6840.3,883.6,6877.2,912.1,0.2989
13465.8,320.0,13530.7,350.6,0.2988
4853.8,18222.6,4890.9,18240.0,0.2988
13330.3,65839.9,13398.1,65858.2,0.2988
1690.3,47603.8,1740.3,47629.3,0.2988
15592.2,64343.3,15664.6,64359.4,0.2986
15560.6,18558.5,15638.1,18647.2,0.2985
5117.0,21103.5,5150.5,21120.0,0.2985
6596.3,69433.5,6643.8,69447.6,0.2984
6540.8,69275.7,6601.8,69294.8,0.2984
15154.9,31817.2,15185.5,31843.8,0.2984
11964.3,19520.0,11993.0,19578.5,0.2983
7971.5,65886.5,8034.2,65910.8,0.2982
3273.8,46600.1,3329.6,46616.8,0.2980
12929.9,34262.9,12994.2,34326.8,0.2979
6401.7,548.6,6483.3,639.9,0.2975
17102.7,26251.0,17121.7,26278.9,0.2975
4705.8,43215.9,4741.2,43228.1,0.2974
11367.7,4480.0,11454.8,4510.4,0.2973
11126.8,13440.0,11197.6,13497.1,0.2973
10296.7,13760.0,10353.5,13805.2,0.2971
13735.3,18240.0,13759.1,18262.7,0.2971
1637.5,2137.5,1695.6,2179.8,0.2971
10828.2,29896.7,10860.5,29930.5,0.2971
13557.0,17201.1,13610.8,17248.7,0.2970
16218.3,69832.9,16312.3,69861.0,0.2970
5191.1,42999.2,5259.1,43020.9,0.2968
17907.3,31416.1,17965.3,31472.8,0.2967
13528.4,28780.3,13564.0,28800.0,0.2966
15624.0,35754.4,15680.0,35816.4,0.2966
17503.0,64029.7,17552.0,64058.0,0.2965
8214.2,64063.1,8273.4,64083.4,0.2965
8635.7,14536.4,8694.5,14567.7,0.2963
12199.0,56709.1,12259.6,56730.0,0.2962
7233.2,5636.7,7282.8,5667.7,0.2962
11804.8,12085.5,11830.1,12108.8,0.2961
16196.6,24595.2,16252.5,24639.9,0.2960
14043.0,35296.8,14080.0,35363.4,0.2959
8242.5,24514.4,8311.6,24569.4,0.2955
4586.8,43878.2,4629.7,43904.1,0.2954
12854.9,58087.8,12912.3,58101.4,0.2953
4417.6,69299.5,4477.4,69322.1,0.2951
11377.2,56303.1,11467.4,56323.8,0.2951
17991.4,6478.3,18072.6,6548.6,0.2951
13547.7,4571.2,13616.5,4629.2,0.2948
5901.5,44605.6,5943.3,44628.8,0.2948
10190.6,3382.9,10274.6,3403.2,0.2947
16556.8,21218.5,16578.2,21232.7,0.2947
6745.5,46759.8,6811.1,46782.4,0.2945
2853.5,3076.2,2878.3,3107.1,0.2943
15732.2,8532.3,15747.7,8555.4,0.2941
6072.8,66576.3,6132.2,66602.3,0.2941
17725.7,64842.4,17792.4,64886.2,0.2941
16021.6,36088.9,16086.1,36148.6,0.2939
3930.8,40559.2,3983.0,40574.8,0.2939
10692.1,64019.7,10717.8,64034.8,0.2939
11586.7,57522.3,11623.3,57535.6,0.2937
8740.7,51689.7,8789.8,51713.0,0.2937
15643.4,25988.5,15680.0,26036.7,0.2934
7074.8,57096.7,7136.5,57118.8,0.2934
14690.9,61834.0,14756.7,61854.3,0.2933
10678.2,63530.0,10721.3,63545.9,0.2933
378.4,35242.1,440.4,35266.8,0.2933
609.3,35719.8,659.4,35732.2,0.2932
11300.6,8894.1,11354.3,8942.0,0.2932
9980.5,64888.0,10035.6,64910.5,0.2931
6276.8,66403.4,6341.2,66423.7,0.2930
12372.3,56290.3,12407.6,56301.7,0.2930
5712.4,20865.5,5758.8,20918.3,0.2930
4316.7,37297.1,4343.7,37313.9,0.2929
14401.7,8561.0,14420.1,8583.1,0.2929
6524.9,2538.5,6566.0,2566.4,0.2928
12929.3,31772.3,12968.7,31819.8,0.2928
4869.8,11668.1,4884.0,11680.5,0.2927
14058.9,28304.6,14086.8,28339.5,0.2927
4208.0,41690.1,4271.1,41711.0,0.2927
16266.9,64747.7,16288.0,64759.0,0.2927
12267.8,4392.5,12309.0,4428.2,0.2927
6632.5,44494.9,6668.4,44510.8,0.2926
8788.7,28378.1,8837.8,28420.7,0.2925
5272.3,20349.1,5310.6,20413.8,0.2925
17262.0,38537.4,17279.5,38584.3,0.2925
3915.3,68645.5,3977.8,68671.6,0.2924
12530.4,30105.9,12581.9,30149.1,0.2924
16640.9,32320.0,16676.6,32347.6,0.2923
2763.1,63395.2,2792.1,63418.2,0.2922
10497.2,37904.6,10549.2,37972.5,0.2922
6080.0,22111.0,6124.1,22158.1,0.2922
16104.4,36151.5,16176.6,36207.8,0.2920
13763.5,9825.8,13829.2,9871.1,0.2918
4423.3,10560.7,4478.7,10606.4,0.2918
7680.0,30710.8,7726.9,30771.5,0.2918
4259.1,41900.2,4309.0,41925.8,0.2917
16325.6,69241.7,16370.4,69258.4,0.2916
8000.0,14528.2,8054.8,14584.1,0.2915
7280.3,46304.2,7324.5,46317.6,0.2914
14081.3,5012.8,14100.4,5042.7,0.2914
5921.6,45473.9,5955.0,45485.0,0.2913
13451.6,64694.2,13524.1,64723.4,0.2913
209.6,67519.4,248.1,67539.2,0.2913
2247.0,9256.1,2274.1,9276.4,0.2912
11779.6,60027.6,11837.9,60044.9,0.2912
14589.2,65946.7,14643.5,65975.6,0.2911
12222.9,53536.0,12272.4,53565.7,0.2911
9085.8,48655.4,9133.3,48672.6,0.2910
4655.6,43672.7,4708.1,43689.9,0.2909
4800.0,16640.0,4855.0,16700.9,0.2908
3764.4,42697.5,3808.4,42711.0,0.2905
9297.5,5383.7,9395.7,5460.3,0.2905
15811.5,68807.6,15853.7,68822.9,0.2904
15682.2,21871.6,15694.0,21906.9,0.2904
5242.7,68626.9,5288.2,68640.5,0.2904
9484.9,34240.0,9600.0,34295.8,0.2904
1366.3,64016.8,1436.6,64081.5,0.2904
5100.8,21105.8,5149.5,21157.7,0.2903
14592.8,8370.1,14640.6,8424.4,0.2903
4987.8,1670.3,5028.6,1693.9,0.2903
1280.0,25920.0,1356.2,25981.8,0.2901
17074.0,36552.3,17110.9,36583.0,0.2901
9635.4,62919.3,9680.5,62938.5,0.2900
8205.5,3613.9,8269.0,3669.6,0.2900
8319.7,8153.7,8355.4,8183.8,0.2899
8755.5,47481.1,8798.2,47496.8,0.2898
7358.9,66217.9,7412.3,66235.3,0.2897
2651.5,36389.7,2723.6,36415.3,0.2896
908.2,36451.8,979.8,36482.7,0.2895
11193.2,63052.1,11214.7,63066.2,0.2895
13760.1,3080.5,13802.1,3165.8,0.2895
1260.2,16000.0,1279.5,16047.4,0.2894
8809.4,4473.0,8859.6,4506.5,0.2894
17222.1,33900.7,17268.5,33920.0,0.2891
13105.9,9964.7,13124.5,9983.2,0.2890
5343.5,16485.5,5377.1,16516.3,0.2890
15601.4,7863.4,15678.5,7915.7,0.2889
11017.5,62945.0,11062.2,62959.4,0.2888
14056.2,29583.2,14108.1,29636.0,0.2886
11472.6,63652.2,11519.2,63676.9,0.2886
4345.7,43041.2,4397.0,43063.0,0.2885
11557.5,64936.2,11590.7,64956.1,0.2884
12430.4,66029.7,12479.9,66047.3,0.2883
11372.1,58271.8,11438.5,58285.2,0.2883
4166.9,17475.3,4228.1,17541.3,0.2882
1552.8,5005.4,1607.9,5085.9,0.2881
17584.2,39746.7,17599.5,39780.6,0.2877
3324.4,46160.9,3365.5,46175.6,0.2877
17500.3,59840.0,17572.0,59914.9,0.2876
9429.4,35306.2,9485.2,35340.8,0.2876
11939.2,52046.9,12000.4,52076.5,0.2876
379.1,17121.6,431.2,17150.3,0.2876
5717.4,45191.8,5758.2,45206.5,0.2875
16867.3,61385.3,16900.4,61412.1,0.2875
10778.4,64684.5,10865.7,64704.7,0.2874
17176.7,9887.3,17215.5,9920.0,0.2873
16075.4,41073.8,16124.1,41120.6,0.2873
2235.9,24982.9,2263.1,25006.9,0.2873
12796.5,56973.1,12851.7,56986.0,0.2872
1434.9,48523.7,1482.6,48555.1,0.2871
10561.9,6454.3,10648.1,6566.2,0.2871
13915.5,68680.1,13983.3,68707.0,0.2871
1118.1,2338.6,1159.8,2363.8,0.2870
16345.3,61999.1,16432.9,62074.8,0.2869
802.0,35330.9,846.4,35344.5,0.2869
2632.9,40834.7,2662.5,40846.7,0.2868
9556.7,11200.0,9613.0,11227.3,0.2868
9600.0,12795.4,9612.2,12836.2,0.2867
14402.1,4814.1,14415.4,4850.2,0.2867
5745.6,20802.2,5785.4,20828.9,0.2867
4969.6,17305.4,4993.1,17339.9,0.2867
4636.4,20025.3,4669.4,20057.1,0.2867
16519.2,31238.8,16544.4,31264.8,0.2866
3524.2,64850.5,3574.2,64863.9,0.2865
16981.2,35215.8,17031.7,35255.3,0.2865
14797.4,38934.8,14836.3,38971.5,0.2864
10208.3,64648.2,10266.7,64664.1,0.2863
16554.1,69424.1,16582.3,69436.4,0.2863
5707.1,68488.2,5752.7,68507.9,0.2861
7142.6,7159.7,7254.2,7254.7,0.2861
15026.1,24390.6,15040.0,24417.5,0.2860
10979.0,63379.3,11059.9,63399.6,0.2860
9440.8,48795.3,9495.1,48826.4,0.2859
5609.3,21687.2,5665.3,21754.8,0.2859
5939.2,45433.6,5997.6,45463.4,0.2858
5285.1,16324.9,5388.8,16418.3,0.2857
14130.9,66226.3,14182.8,66240.0,0.2857
17908.4,67269.4,17968.6,67309.0,0.2857
9524.9,12781.3,9569.0,12800.0,0.2857
4772.3,11591.9,4830.0,11637.9,0.2857
17093.4,66887.3,17110.0,66901.7,0.2856
3906.7,7648.4,3972.8,7680.0,0.2856
13296.3,52288.3,13356.7,52304.6,0.2856
12791.9,40553.3,12827.8,40585.8,0.2855
9450.4,46173.4,9490.1,46196.5,0.2855
295.3,17454.5,379.7,17554.8,0.2854
15682.3,28099.9,15693.1,28131.6,0.2854
16960.9,23968.8,16991.6,24001.7,0.2853
8332.2,69291.3,8398.3,69304.4,0.2851
4413.3,15292.1,4478.0,15358.2,0.2850
30.5,59946.1,81.5,59959.8,0.2850
13737.7,6036.8,13770.3,6059.1,0.2850
11736.6,30164.9,11840.0,30262.1,0.2850
7521.3,30943.8,7576.4,30991.3,0.2849
12441.6,51253.2,12530.8,51267.8,0.2849
17394.7,21353.4,17430.5,21386.6,0.2848
6495.8,49743.4,6564.1,49757.1,0.2848
8934.6,32640.3,8959.7,32672.3,0.2848
6212.6,45394.7,6243.8,45408.4,0.2848
7935.1,48198.6,7999.8,48217.8,0.2847
11070.5,64603.0,11111.9,64615.3,0.2847
14417.2,68462.7,14475.0,68480.0,0.2845
5527.1,64871.2,5584.8,64896.6,0.2845
6579.5,69375.6,6649.9,69392.4,0.2844
12657.0,28090.1,12680.2,28118.4,0.2844
10555.6,604.6,10568.3,618.4,0.2843
10449.7,61558.7,10503.1,61582.8,0.2842
12914.6,26642.8,12947.4,26666.6,0.2842
9920.0,9526.7,9945.3,9555.4,0.2842
10502.4,62050.0,10557.7,62063.6,0.2841
13824.4,17600.0,13845.4,17620.0,0.2841
4999.6,5736.2,5062.3,5799.9,0.2840
3530.3,7422.6,3547.2,7446.5,0.2840
11183.3,29451.2,11209.2,29479.1,0.2840
4551.8,40549.3,4619.0,40566.6,0.2839
3017.4,45482.4,3038.7,45494.9,0.2838
14172.5,7899.0,14189.0,7926.0,0.2837
13261.6,30039.6,13285.4,30068.5,0.2837
9143.6,57854.8,9197.7,57871.2,0.2835
16214.8,3201.7,16263.4,3253.0,0.2835
12618.1,58352.5,12671.3,58366.4,0.2835
7453.3,24128.9,7504.0,24171.3,0.2835
15313.9,28800.0,15359.3,28866.5,0.2834
14010.1,63225.0,14076.2,63244.8,0.2834
5049.2,42471.7,5094.2,42490.4,0.2833
3944.2,11961.5,3984.6,11997.4,0.2833
4267.7,1148.4,4310.8,1208.2,0.2833
6848.4,15364.6,6893.3,15428.2,0.2832
6931.1,1997.4,6975.3,2043.8,0.2831
1930.1,66199.4,1977.3,66218.7,0.2831
11019.7,37108.9,11059.8,37151.7,0.2831
2032.5,51426.3,2083.2,51466.5,0.2830
12619.1,30080.0,12657.4,30106.2,0.2828
262.6,15668.4,295.0,15691.5,0.2828
12442.8,62112.7,12507.6,62147.2,0.2827
11702.6,38186.4,11751.6,38225.4,0.2827
4951.1,20719.5,4969.9,20740.6,0.2826
8729.9,69248.8,8770.0,69263.3,0.2825
16960.0,60161.3,17021.4,60238.6,0.2823
13910.2,52833.6,13974.9,52847.1,0.2821
17975.8,17600.0,18030.9,17626.2,0.2821
9793.9,48945.0,9863.5,48958.2,0.2820
6003.5,45282.6,6049.4,45308.6,0.2819
6848.6,66240.0,6899.0,66256.0,0.2818
15806.4,24362.3,15849.7,24405.5,0.2818
5368.3,44878.6,5404.7,44892.7,0.2818
17970.6,8157.2,18001.5,8179.4,0.2818
17315.6,63663.3,17330.7,63680.0,0.2816
12375.9,35200.0,12475.0,35228.2,0.2816
5767.8,66115.6,5813.8,66129.9,0.2815
12393.6,55549.5,12465.4,55567.9,0.2814
17052.1,23948.0,17097.1,23991.5,0.2813
17639.3,36096.6,17664.2,36129.7,0.2812
4109.9,5358.1,4164.7,5412.6,0.2812
5578.4,66420.8,5610.0,66435.6,0.2810
10984.3,66079.8,11042.0,66097.2,0.2810
7360.7,19405.7,7389.3,19460.7,0.2809
11360.5,16666.2,11438.8,16739.4,0.2809
8824.6,8560.5,8913.1,8629.5,0.2808
16699.6,65722.0,16750.2,65747.9,0.2808
8738.3,11073.3,8769.1,11114.8,0.2808
17750.8,68914.9,17783.5,68936.5,0.2806
14850.1,26954.6,14942.2,27031.7,0.2805
2932.6,8982.6,2991.6,9013.8,0.2805
4828.2,58227.6,4883.0,58240.0,0.2804
6129.0,44549.7,6187.2,44599.4,0.2804
10975.5,55488.3,11010.9,55504.0,0.2802
8213.7,48660.0,8225.2,48670.8,0.2802
5866.8,15659.5,5919.3,15680.0,0.2802
15920.8,61750.8,15958.6,61769.8,0.2798
5455.8,68237.7,5509.9,68254.2,0.2797
17064.5,9176.3,17096.3,9212.1,0.2797
706.4,4608.7,731.8,4626.7,0.2796
13879.7,28924.1,13934.4,28967.7,0.2796
15805.5,64109.6,15865.0,64127.4,0.2795
6098.1,43791.4,6169.6,43824.4,0.2795
14028.0,18684.9,14079.6,18760.8,0.2794
13969.7,62655.4,14030.6,62673.2,0.2794
4635.0,11101.7,4649.5,11130.5,0.2794
9737.9,63921.6,9779.0,63938.1,0.2793
17394.7,21352.1,17408.3,21369.4,0.2792
9141.1,15083.4,9209.0,15165.1,0.2792
2745.8,18880.0,2798.5,18906.8,0.2791
9370.6,6403.2,9425.4,6460.4,0.2791
11487.8,65162.0,11520.0,65191.0,0.2791
868.3,35439.7,908.2,35458.8,0.2790
13120.8,13167.4,13173.0,13214.1,0.2790
1723.9,68820.1,1775.5,68846.7,0.2789
15256.8,64904.8,15303.8,64919.8,0.2789
14298.3,57473.7,14356.1,57503.9,0.2788
5851.0,44663.0,5893.5,44677.3,0.2787
916.3,15864.4,960.0,15914.1,0.2786
17332.8,65272.9,17378.1,65319.0,0.2785
5244.4,18312.6,5281.4,18343.9,0.2785
2904.3,4184.5,2946.8,4213.7,0.2785
9923.2,25736.4,9957.1,25768.3,0.2784
3207.2,5618.6,3248.3,5664.1,0.2784
10626.0,63491.9,10684.9,63503.9,0.2784
9282.0,32225.3,9371.5,32320.0,0.2784
5782.6,27473.9,5816.6,27515.5,0.2783
6978.6,43506.0,7021.5,43518.4,0.2781
14699.8,31751.9,14719.7,31778.6,0.2780
17339.5,25963.8,17371.9,25993.8,0.2780
11074.3,62080.6,11119.2,62100.5,0.2779
13565.5,6053.0,13608.0,6080.0,0.2779
4540.4,17849.4,4601.0,17919.5,0.2779
960.0,6799.9,1032.7,6876.1,0.2778
9779.2,59538.6,9826.3,59551.9,0.2777
9859.1,32621.4,9919.0,32664.3,0.2777
11200.9,31811.3,11229.0,31839.3,0.2777
4679.8,44025.3,4702.8,44038.8,0.2776
10393.3,29960.9,10430.5,29989.7,0.2776
10990.9,60752.4,11060.7,60768.0,0.2774
14772.5,65122.2,14815.1,65134.7,0.2774
8719.4,1245.9,8778.0,1307.7,0.2773
9892.7,62999.1,9977.4,63025.1,0.2772
2665.7,17261.4,2692.9,17280.0,0.2772
11643.5,54291.2,11716.3,54311.1,0.2772
6739.2,43634.0,6803.5,43661.1,0.2772
2071.3,1331.9,2119.6,1365.2,0.2771
4263.2,2313.6,4321.0,2342.7,0.2769
16890.4,67748.8,16938.0,67761.8,0.2769
1492.0,61583.2,1550.9,61616.8,0.2769
1398.6,5911.3,1467.6,5966.7,0.2768
12160.7,33287.6,12262.8,33415.2,0.2766
15782.7,36181.8,15852.4,36245.8,0.2766
11938.3,58593.9,11998.3,58622.0,0.2766
17951.3,29693.0,18013.7,29740.8,0.2766
13259.4,3719.0,13304.9,3775.4,0.2765
5441.0,19520.0,5489.4,19566.9,0.2764
11190.7,60754.8,11257.8,60785.7,0.2762
5022.5,3329.8,5079.7,3379.2,0.2762
14690.3,32696.0,14720.0,32760.8,0.2762
9606.1,12160.0,9666.6,12183.9,0.2761
4448.9,64479.9,4480.0,64497.6,0.2759
1894.7,46025.7,1919.2,46046.5,0.2759
1600.7,4711.9,1649.0,4749.8,0.2759
5881.4,2546.9,5929.9,2577.2,0.2758
5071.8,42436.1,5109.3,42455.4,0.2757
347.6,67054.0,406.0,67075.7,0.2757
3363.5,5295.7,3408.3,5341.2,0.2757
8923.8,6516.0,8981.7,6560.7,0.2756
5864.0,6999.5,5905.1,7052.6,0.2756
4480.0,11240.6,4525.5,11285.9,0.2756
10380.2,49266.8,10435.2,49280.2,0.2756
16776.8,39190.7,16806.5,39219.9,0.2755
4480.0,21797.9,4522.2,21847.6,0.2754
4379.9,1430.3,4453.2,1496.1,0.2754
16271.7,67196.2,16311.6,67210.2,0.2754
7380.4,16296.6,7397.9,16317.0,0.2753
9472.9,63767.9,9529.4,63784.1,0.2753
320.0,17920.0,435.8,17985.1,0.2752
11765.4,16904.4,11820.6,16957.7,0.2751
13986.1,21651.1,14036.9,21695.0,0.2749
12303.1,61030.6,12380.8,61047.2,0.2749
14867.2,36639.0,14896.2,36671.3,0.2749
6748.8,18923.1,6869.4,19024.3,0.2748
5859.5,43431.4,5930.8,43446.6,0.2748
775.9,15539.6,815.2,15565.0,0.2748
10177.4,49458.1,10239.8,49487.9,0.2747
10108.7,64664.9,10157.0,64692.4,0.2747
5284.1,65563.1,5327.4,65576.0,0.2747
11594.9,61544.9,11637.0,61561.3,0.2745
5288.5,749.5,5348.9,801.1,0.2745
4538.5,20896.1,4584.7,20940.5,0.2745
16909.4,28867.0,16964.5,28938.1,0.2744
12281.6,53835.3,12312.8,53847.1,0.2743
17455.1,64946.3,17506.9,64960.0,0.2743
9890.8,65913.4,9917.9,65927.4,0.2743
4124.8,66321.0,4168.1,66336.5,0.2743
9774.5,9728.4,9808.4,9755.6,0.2742
7780.3,30317.2,7826.6,30369.7,0.2741
9664.5,63991.0,9727.2,64016.4,0.2740
11344.9,31270.6,11474.4,31355.6,0.2740
12519.4,52992.0,12571.5,53008.9,0.2739
5674.1,8969.4,5759.1,9032.3,0.2738
13451.7,9960.8,13482.1,9980.9,0.2738
13691.0,65324.6,13756.3,65339.7,0.2737
677.8,10660.8,705.0,10700.9,0.2737
5440.8,18503.5,5468.3,18534.0,0.2734
2427.0,1387.4,2467.6,1434.4,0.2734
10457.7,64762.2,10491.2,64774.2,0.2734
12162.8,29334.4,12211.3,29384.6,0.2733
927.8,36779.1,964.2,36790.7,0.2733
8048.2,49204.1,8077.2,49221.9,0.2731
17050.2,18151.2,17086.3,18193.9,0.2731
13822.6,66223.8,13860.0,66240.0,0.2730
5604.1,68594.1,5653.1,68605.8,0.2730
3297.3,49771.7,3336.2,49784.1,0.2729
15307.2,3128.3,15359.4,3159.0,0.2729
12029.4,34345.1,12071.5,34377.7,0.2729
13669.0,9513.5,13725.9,9569.6,0.2729
16255.8,67392.9,16293.6,67407.6,0.2729
2815.6,27348.8,2878.3,27420.0,0.2729
15070.3,26287.0,15097.6,26317.6,0.2727
11802.2,57311.9,11837.2,57329.0,0.2727
15974.3,36060.5,16035.3,36126.0,0.2726
5765.9,5850.3,5830.1,5902.0,0.2726
11764.8,51569.6,11809.4,51583.8,0.2725
9583.4,62321.6,9599.2,62334.8,0.2725
2201.3,47379.7,2238.7,47391.5,0.2723
11293.5,32322.8,11351.0,32384.4,0.2722
6149.6,44297.7,6188.5,44309.4,0.2721
5679.1,13593.0,5749.7,13635.3,0.2720
6291.2,13450.4,6326.1,13475.3,0.2719
17499.4,20007.6,17545.6,20032.0,0.2719
4500.9,5699.7,4559.9,5748.1,0.2719
10612.5,4735.9,10680.4,4799.7,0.2719
4631.7,25689.2,4742.6,25757.2,0.2718
16884.7,32058.0,16957.7,32119.2,0.2717
12017.8,50373.2,12066.5,50394.5,0.2717
10194.5,65738.0,10240.5,65751.5,0.2717
16349.5,16818.5,16398.6,16839.0,0.2717
14722.8,5910.5,14738.8,5932.5,0.2717
2411.8,1723.1,2447.1,1744.1,0.2716
13927.6,34081.8,13962.1,34114.6,0.2716
9099.3,11842.3,9138.8,11894.6,0.2716
3584.8,14857.2,3650.1,14889.3,0.2715
11091.0,63903.7,11141.5,63918.9,0.2715
16800.3,7344.9,16819.3,7360.0,0.2715
15162.4,19853.2,15194.5,19891.2,0.2714
14266.3,3520.7,14311.4,3568.3,0.2713
10284.1,11841.5,10298.2,11858.5,0.2713
11867.1,14914.1,11882.7,14931.8,0.2712
6728.5,14214.9,6750.7,14249.8,0.2711
3030.1,65470.6,3088.4,65486.2,0.2711
6922.9,45433.9,6966.3,45451.2,0.2710
14624.6,56874.5,14720.0,56961.5,0.2710
7573.1,30841.7,7615.0,30875.4,0.2709
6463.9,41726.5,6508.1,41742.1,0.2709
3776.1,19771.8,3839.3,19838.2,0.2708
11409.8,6802.0,11466.0,6838.7,0.2708
7610.2,62991.4,7651.6,63011.0,0.2708
17559.6,26560.0,17604.9,26583.2,0.2708
10466.9,684.3,10479.7,697.1,0.2708
5082.7,68665.7,5118.6,68681.7,0.2707
7840.5,48155.3,7891.7,48200.8,0.2705
9063.0,25210.4,9130.0,25270.8,0.2704
11962.8,56511.5,12018.3,56526.8,0.2703
4314.2,12226.2,4351.6,12290.6,0.2701
13094.5,58761.4,13152.7,58785.5,0.2700
18101.0,27179.1,18135.3,27205.4,0.2699
11670.0,60367.0,11731.7,60387.5,0.2699
993.1,63916.9,1085.9,63998.0,0.2699
11227.7,60598.9,11298.1,60619.8,0.2698
15663.2,36227.6,15724.2,36302.3,0.2698
12114.1,6170.7,12192.1,6202.4,0.2696
11259.0,13519.5,11367.2,13574.7,0.2695
17579.9,7615.0,17627.4,7637.5,0.2695
11466.1,3678.2,11518.6,3725.2,0.2694
5050.7,69164.6,5100.1,69185.8,0.2693
9905.7,9682.8,9927.7,9737.9,0.2693
9894.2,63001.7,9918.6,63024.9,0.2693
15944.3,36316.1,16000.0,36376.2,0.2692
15985.4,24423.5,16000.0,24456.6,0.2692
4743.4,44464.0,4815.5,44479.3,0.2691
11161.9,55789.2,11198.0,55804.0,0.2691
10332.3,42183.3,10437.7,42240.0,0.2691
16145.0,37018.2,16176.6,37047.3,0.2690
5760.8,20480.0,5801.9,20506.3,0.2689
10903.8,17522.6,10968.1,17587.7,0.2689
6408.0,438.7,6470.3,511.9,0.2688
4122.4,64961.4,4158.3,64975.6,0.2688
17631.5,11868.5,17745.8,11978.0,0.2688
431.8,59811.2,505.1,59824.7,0.2687
16483.7,5474.4,16594.2,5529.2,0.2686
5683.4,59439.7,5757.4,59460.0,0.2685
12111.4,16327.7,12158.1,16347.3,0.2685
10187.5,59154.1,10236.6,59172.7,0.2684
2490.9,63366.7,2546.0,63385.9,0.2682
10505.1,16544.1,10574.5,16614.7,0.2682
15480.4,8268.0,15500.1,8304.9,0.2682
13000.0,35036.4,13074.9,35092.6,0.2681
17079.4,22722.4,17114.2,22755.6,0.2681
10495.5,62192.5,10531.0,62204.3,0.2681
10518.7,56611.3,10585.2,56623.5,0.2681
16831.1,5652.1,16851.6,5681.4,0.2679
13039.2,28783.4,13102.6,28800.0,0.2679
12187.7,52697.2,12262.6,52725.8,0.2678
7609.6,29888.6,7649.4,29932.3,0.2678
9479.7,62789.0,9536.1,62806.7,0.2677
10883.4,26825.8,10928.8,26877.6,0.2677
11051.9,63294.9,11140.6,63314.6,0.2676
794.2,36771.8,841.3,36785.4,0.2675
6635.9,44016.2,6691.8,44030.7,0.2672
16642.5,1438.2,16653.2,1474.7,0.2672
4656.1,43673.1,4773.1,43705.4,0.2671
5316.6,10781.8,5375.9,10827.9,0.2671
10740.8,64526.8,10808.0,64543.2,0.2670
6580.6,20752.3,6691.3,20799.1,0.2668
12856.1,63566.5,12883.0,63579.1,0.2667
5673.5,43051.0,5704.3,43062.0,0.2666
13155.5,64223.2,13220.2,64244.3,0.2666
3415.3,4202.2,3435.0,4235.0,0.2664
13261.0,69808.8,13330.1,69825.1,0.2663
515.3,68007.8,563.8,68024.9,0.2663
2259.2,25284.5,2313.4,25327.3,0.2662
1815.3,10276.9,1869.2,10315.6,0.2662
17772.5,69602.1,17817.3,69615.1,0.2662
8424.1,50442.4,8448.6,50453.0,0.2662
2155.3,69433.8,2207.4,69460.4,0.2660
12441.2,60649.9,12565.3,60674.9,0.2660
13851.5,52855.3,13906.5,52866.6,0.2660
8301.7,64002.7,8320.0,64018.2,0.2657
4114.4,62177.8,4162.4,62192.1,0.2657
1418.5,69258.6,1460.4,69269.9,0.2656
6578.2,46328.4,6644.1,46350.2,0.2655
6962.4,44542.9,6986.2,44557.7,0.2655
1537.2,5192.4,1618.4,5258.8,0.2654
3963.7,16260.9,4024.5,16318.7,0.2654
2394.5,11404.2,2414.1,11420.7,0.2653
8721.1,28420.0,8778.8,28470.3,0.2653
16395.8,68969.1,16453.1,68996.8,0.2652
11553.4,69854.9,11626.3,69873.0,0.2651
6971.9,47119.8,7035.0,47139.0,0.2650
1043.1,60704.5,1090.3,60718.7,0.2650
15961.1,8475.2,16000.0,8524.5,0.2650
2778.5,45110.0,2835.2,45128.3,0.2650
15619.2,28522.9,15648.1,28552.6,0.2649
10892.0,18648.9,10948.8,18704.7,0.2647
10714.7,64835.8,10785.7,64853.8,0.2647
2353.9,17600.0,2411.0,17620.8,0.2647
7360.0,16570.7,7460.6,16639.5,0.2647
11468.5,4518.3,11518.7,4615.2,0.2647
4300.1,5213.1,4358.3,5293.4,0.2646
4492.3,64551.7,4551.4,64579.1,0.2646
12475.9,52951.3,12530.7,52973.3,0.2646
5186.8,15304.1,5213.2,15322.3,0.2646
1035.9,24002.7,1076.1,24036.0,0.2645
9034.6,61600.7,9059.4,61616.4,0.2645
640.9,27200.0,686.1,27233.3,0.2645
11475.1,31234.3,11519.2,31305.4,0.2645
9682.6,48768.2,9727.5,48789.2,0.2645
6983.2,3840.0,7040.0,3895.0,0.2645
9017.4,11884.7,9057.5,11936.1,0.2644
11589.4,3022.4,11639.6,3047.0,0.2643
2505.3,69416.9,2566.9,69438.0,0.2643
13325.8,38032.3,13371.1,38086.7,0.2643
2240.8,2035.4,2272.8,2080.5,0.2642
4083.0,20152.8,4147.6,20195.0,0.2642
3994.4,14423.9,4014.6,14448.1,0.2641
6994.3,46390.3,7039.7,46411.0,0.2641
17586.9,37143.3,17624.4,37176.2,0.2641
116.7,37200.7,169.5,37217.6,0.2641
6345.5,45551.8,6398.6,45566.6,0.2641
6865.9,46400.0,6922.8,46415.3,0.2638
17705.1,66473.8,17748.3,66520.0,0.2638
3718.0,20279.6,3737.9,20306.6,0.2638
7014.0,62226.8,7039.3,62239.0,0.2637
4288.6,43856.0,4338.2,43878.2,0.2636
5137.0,43761.4,5170.7,43773.5,0.2636
764.3,14713.3,792.0,14745.6,0.2634
1337.5,48498.0,1392.6,48516.4,0.2632
3497.6,19092.4,3528.9,19124.9,0.2631
12678.9,59596.2,12750.4,59619.7,0.2630
13894.6,20754.0,13911.1,20770.9,0.2630
6400.6,19977.1,6440.5,20044.1,0.2629
10857.7,6984.0,10912.5,7047.3,0.2629
676.6,14697.6,711.5,14730.4,0.2629
10513.1,61215.9,10558.0,61233.8,0.2628
11058.4,51471.1,11101.7,51489.7,0.2628
4164.7,12857.1,4226.7,12924.3,0.2628
7451.4,67063.4,7502.2,67089.8,0.2627
5735.7,66816.0,5778.4,66833.9,0.2627
16853.3,39360.0,16920.0,39405.7,0.2627
10881.8,61548.3,10939.0,61568.4,0.2627
10524.7,11182.4,10560.0,11220.6,0.2627
3250.3,66328.1,3297.7,66346.1,0.2624
714.2,39082.0,768.9,39093.8,0.2624
5828.7,9309.8,5875.4,9341.5,0.2624
772.4,63906.0,900.2,63999.6,0.2624
9949.0,59170.0,10007.9,59199.6,0.2623
7532.9,48322.0,7612.4,48338.2,0.2623
6866.8,48556.6,6933.0,48568.5,0.2623
5120.0,4480.0,5161.5,4574.3,0.2623
2419.4,69041.9,2480.6,69059.8,0.2623
12896.3,50450.9,12929.5,50462.9,0.2622
5321.6,68654.8,5387.7,68677.8,0.2622
14378.0,68830.9,14443.3,68850.8,0.2621
7990.2,6984.7,8013.8,7016.5,0.2621
12243.2,33582.3,12294.9,33600.0,0.2620
6485.1,43172.3,6514.0,43191.4,0.2620
9752.7,11375.2,9817.3,11396.6,0.2619
923.1,49824.4,956.3,49837.0,0.2619
4361.5,64657.2,4392.8,64670.9,0.2619
11854.8,62556.3,11897.6,62570.8,0.2618
1865.3,48609.0,1900.0,48622.0,0.2618
13664.4,66540.5,13721.3,66560.0,0.2618
6172.3,18240.0,6257.3,18259.6,0.2617
15348.8,9249.3,15389.8,9270.6,0.2616
8292.1,32090.8,8317.2,32123.3,0.2616
6794.3,2045.5,6850.5,2121.8,0.2616
9817.6,42159.9,9920.0,42228.3,0.2615
15913.2,24609.4,15996.6,24701.9,0.2615
6253.8,46199.6,6306.0,46233.7,0.2615
12728.3,68579.9,12790.5,68601.2,0.2615
11840.0,19870.7,11910.0,19948.5,0.2615
6683.3,14734.0,6740.9,14815.4,0.2613
95.7,68819.5,148.1,68844.1,0.2613
13899.9,69458.9,13960.3,69482.4,0.2612
4388.4,62287.5,4452.6,62304.2,0.2611
16762.3,29714.6,16811.0,29767.7,0.2611
5484.1,4593.7,5543.4,4641.8,0.2610
12801.1,17600.0,12833.6,17654.8,0.2609
13391.6,66291.5,13439.3,66325.8,0.2608
14618.3,62895.0,14669.7,62917.8,0.2606
2322.7,64313.8,2362.6,64326.3,0.2604
16996.7,22701.8,17039.4,22720.0,0.2604
13760.9,7728.2,13798.1,7765.1,0.2604
14249.8,34319.3,14284.0,34352.7,0.2603
6602.1,12531.7,6646.5,12564.0,0.2602
9056.9,32455.8,9109.3,32498.5,0.2602
15144.0,61844.1,15192.6,61867.5,0.2602
3520.2,3840.0,3546.2,3901.8,0.2602
5386.2,43152.0,5436.6,43179.9,0.2601
10305.3,2779.1,10359.8,2829.6,0.2600
12739.9,68343.6,12796.8,68361.0,0.2599
14003.9,17564.9,14146.2,17636.6,0.2599
17772.5,21775.8,17800.3,21811.3,0.2599
16731.0,63577.9,16808.1,63628.1,0.2598
13047.8,69701.2,13112.8,69723.0,0.2598
7654.9,18494.3,7679.0,18560.0,0.2597
6714.7,67288.5,6788.8,67303.4,0.2596
15623.0,57497.3,15680.0,57532.5,0.2596
4029.4,28722.5,4066.9,28741.9,0.2595
9108.4,37630.5,9165.4,37696.3,0.2595
11951.2,50863.1,12015.2,50880.0,0.2593
535.6,66668.2,585.0,66691.8,0.2593
13761.6,16620.4,13780.3,16653.0,0.2592
9113.5,25252.4,9164.8,25280.0,0.2592
7511.1,67338.2,7574.6,67361.3,0.2592
16593.9,67952.1,16639.4,67968.7,0.2591
10159.1,11339.9,10201.9,11380.5,0.2591
9842.6,63699.1,9884.4,63714.1,0.2589
11153.4,64414.2,11198.4,64429.0,0.2588
11322.0,65810.2,11369.0,65826.1,0.2587
8603.6,48689.5,8663.2,48714.6,0.2587
8508.7,69448.2,8558.0,69464.5,0.2586
4819.2,1722.6,4858.1,1743.9,0.2586
8713.5,69487.8,8751.6,69501.5,0.2583
1233.2,16457.2,1290.4,16505.0,0.2583
11184.3,62650.1,11254.9,62674.8,0.2583
6312.8,45400.2,6368.0,45416.4,0.2582
9882.4,65022.9,9929.0,65035.1,0.2582
12162.4,16546.1,12177.3,16587.2,0.2581
8320.0,31360.0,8376.2,31412.2,0.2581
9628.1,1786.2,9659.8,1813.3,0.2580
14783.3,4800.0,14840.5,4867.9,0.2580
13267.2,3394.1,13299.9,3422.2,0.2580
2018.6,68547.0,2039.4,68560.4,0.2580
7277.5,24154.1,7296.2,24181.5,0.2579
13186.2,5440.0,13232.3,5463.2,0.2579
17895.9,19677.2,17919.4,19729.6,0.2578
5599.3,46856.3,5656.4,46881.0,0.2577
5681.5,16200.2,5727.7,16235.8,0.2577
13014.1,28382.3,13048.3,28418.9,0.2576
3850.4,69029.4,3916.1,69056.9,0.2575
11073.0,9297.7,11153.2,9352.2,0.2574
12404.1,35364.3,12474.1,35401.0,0.2573
15244.3,56814.1,15277.0,56840.0,0.2573
18055.0,9750.9,18096.9,9784.4,0.2573
4719.4,62894.1,4780.9,62916.1,0.2573
11946.7,54561.4,11991.8,54573.0,0.2572
14930.9,31015.6,14995.5,31040.0,0.2572
13440.0,33639.6,13462.2,33682.3,0.2571
13661.5,66504.4,13734.1,66524.7,0.2570
4277.5,63572.2,4319.7,63595.7,0.2570
9515.3,61716.2,9591.2,61732.8,0.2570
10402.2,54237.0,10475.0,54255.2,0.2570
14692.8,8156.4,14719.4,8216.9,0.2570
3179.2,65705.3,3223.5,65719.8,0.2570
11128.0,60160.0,11197.3,60185.0,0.2570
6895.7,67481.8,6955.2,67498.6,0.2570
710.9,15178.2,761.9,15210.7,0.2569
3826.7,11225.8,3873.5,11258.5,0.2568
562.7,40828.9,636.2,40849.6,0.2568
14098.2,35313.6,14165.8,35347.7,0.2568
5144.2,10126.5,5194.7,10201.8,0.2567
14232.8,11521.4,14296.7,11575.2,0.2566
7917.2,9776.5,7991.5,9827.3,0.2566
15361.4,28328.9,15434.1,28394.4,0.2566
17734.4,9627.3,17765.9,9661.1,0.2565
9741.1,48433.0,9786.5,48447.8,0.2565
5963.3,43585.4,6012.7,43596.9,0.2565
5805.1,10701.1,5858.1,10761.1,0.2565
6022.1,30080.0,6079.7,30105.7,0.2564
4102.3,66481.8,4156.6,66495.5,0.2564
7495.9,44649.3,7571.6,44670.4,0.2563
7292.2,15558.0,7319.0,15613.7,0.2563
16960.0,52830.4,17038.3,52922.1,0.2563
10240.1,31773.9,10293.2,31850.2,0.2562
7001.5,12480.0,7025.4,12525.4,0.2562
7200.4,32634.8,7247.8,32675.1,0.2561
12200.5,48536.8,12260.5,48566.4,0.2561
11298.9,56052.1,11352.5,56093.5,0.2560
1645.1,49808.8,1682.0,49825.9,0.2560
12149.5,55502.4,12253.6,55524.8,0.2560
7250.8,6569.1,7275.9,6587.1,0.2559
6665.5,12702.9,6720.0,12765.4,0.2559
12958.9,68249.4,13027.8,68275.8,0.2559
5453.8,44144.2,5514.2,44162.2,0.2558
7228.9,3205.8,7278.4,3248.1,0.2558
7107.0,43471.8,7152.6,43486.1,0.2558
7948.2,49265.0,7998.5,49287.0,0.2558
1777.4,42190.2,1812.5,42205.6,0.2557
6025.4,65864.9,6078.2,65880.9,0.2555
14184.6,11532.6,14244.4,11611.2,0.2554
6093.9,21066.1,6120.7,21096.8,0.2554
5303.3,46500.4,5350.1,46515.2,0.2553
13030.3,5810.8,13064.5,5832.3,0.2553
10846.2,61989.5,10892.9,62001.5,0.2553
16124.2,64402.0,16188.7,64414.5,0.2551
8960.0,9371.9,8986.2,9422.1,0.2551
10686.4,62383.6,10718.0,62399.2,0.2551
178.0,66951.3,270.9,66973.3,0.2548
7932.5,14096.8,7999.6,14161.7,0.2547
17817.6,39928.8,17885.6,39999.7,0.2547
4137.7,18880.0,4159.6,18913.2,0.2545
2241.3,17924.0,2291.8,17977.4,0.2545
6194.1,2450.2,6236.1,2467.7,0.2545
6019.8,8797.7,6061.0,8847.4,0.2544
8671.7,45858.0,8738.7,45883.5,0.2543
16960.0,13120.0,17063.0,13180.5,0.2543
12089.8,61560.6,12132.8,61576.2,0.2543
10163.5,63703.8,10214.5,63716.6,0.2542
5574.4,61520.8,5628.1,61534.3,0.2542
15204.7,28769.1,15217.6,28786.1,0.2541
5972.4,4160.0,6016.9,4221.2,0.2541
15832.4,28243.1,15861.3,28267.2,0.2540
18128.6,18419.6,18154.3,18460.8,0.2540
11913.4,58371.3,11960.2,58382.4,0.2539
9207.8,5440.2,9275.9,5476.1,0.2539
5212.5,2705.4,5258.8,2763.7,0.2537
5475.1,20497.3,5516.0,20542.0,0.2537
4170.1,42088.6,4211.8,42111.6,0.2536
16096.7,19823.7,16135.1,19840.0,0.2535
15625.8,36194.6,15695.8,36257.1,0.2535
5524.4,57992.3,5578.5,58004.8,0.2534
16732.2,7123.7,16772.3,7172.3,0.2533
14789.8,68149.8,14859.2,68166.7,0.2533
11485.7,28275.3,11520.0,28326.9,0.2533
3405.6,6312.9,3518.4,6388.6,0.2532
16410.4,67718.1,16483.1,67740.6,0.2530
12749.1,9669.8,12799.4,9700.2,0.2530
5229.3,44433.5,5290.9,44453.1,0.2529
12302.2,17479.1,12326.7,17517.8,0.2528
13942.4,67200.0,14003.6,67214.1,0.2527
14659.6,33872.4,14719.2,33925.9,0.2527
4053.1,14486.2,4117.1,14558.0,0.2525
15122.0,45632.8,15189.6,45662.5,0.2523
11957.4,63744.3,12012.2,63762.2,0.2523
522.3,68694.1,581.0,68712.4,0.2522
6929.5,4360.4,6976.2,4394.3,0.2522
3353.5,65904.2,3400.3,65920.0,0.2522
5211.4,5784.0,5276.0,5834.0,0.2521
7752.9,63911.3,7802.2,63931.6,0.2520
14566.9,17600.1,14584.9,17623.4,0.2520
14668.7,69137.4,14718.7,69163.0,0.2520
12161.5,10887.5,12234.8,10943.3,0.2520
1601.4,17439.7,1631.1,17497.6,0.2520
12112.8,63366.2,12158.8,63384.2,0.2519
13038.2,65954.3,13114.1,65976.3,0.2519
8356.2,67808.3,8409.6,67823.9,0.2518
6698.9,10389.9,6717.6,10442.6,0.2518
8676.8,28462.2,8716.6,28480.0,0.2517
6059.8,21991.6,6115.5,22027.2,0.2517
6424.8,19516.3,6479.2,19569.9,0.2517
11798.4,64529.4,11837.8,64544.6,0.2516
13527.5,69801.2,13632.6,69831.7,0.2515
11096.6,63770.7,11167.8,63792.3,0.2513
15471.5,59285.8,15562.6,59314.1,0.2513
6634.7,46249.0,6685.0,46262.8,0.2512
13386.2,59315.5,13438.5,59340.3,0.2512
14257.9,65920.0,14297.6,65936.9,0.2512
16088.2,65441.9,16140.2,65456.4,0.2512
3039.7,69690.1,3095.0,69704.2,0.2512
7645.3,51090.1,7679.8,51102.3,0.2510
54.4,21424.0,96.7,21440.0,0.2510
15941.6,36021.8,16000.0,36077.8,0.2509
16439.1,4937.2,16496.2,4994.0,0.2508
7718.8,69848.0,7760.1,69864.6,0.2508
5018.5,13130.1,5060.1,13195.0,0.2508
12146.2,57936.7,12197.4,57951.4,0.2508
1410.0,49043.4,1439.2,49056.6,0.2507
12008.8,50243.5,12036.7,50254.1,0.2507
17538.2,17559.3,17622.9,17636.2,0.2506
8121.1,37599.6,8186.0,37656.3,0.2506
7260.0,24000.4,7293.3,24029.0,0.2506
12317.0,56716.3,12379.9,56739.9,0.2506
9967.3,7905.6,10028.3,7962.4,0.2505
17466.2,24960.0,17574.7,25004.8,0.2505
3066.5,17344.5,3117.2,17390.5,0.2504
16261.4,67353.8,16286.2,67368.7,0.2504
8467.1,33280.0,8529.6,33314.7,0.2503
10758.0,63160.1,10810.7,63173.8,0.2502
13720.1,7342.9,13772.7,7379.7,0.2502
14911.5,39663.8,14940.9,39680.0,0.2501
13487.0,54126.4,13538.1,54143.6,0.2501
