x1,y1,x2,y2,score
23033.5,32236.2,23081.4,32270.1,0.9497
12386.7,37703.0,12480.0,37760.0,0.9141
21379.0,48975.0,21432.7,49006.2,0.9135
21474.6,48875.8,21504.5,48911.8,0.8948
11875.2,49195.8,11918.3,49243.4,0.8945
9212.4,7566.6,9252.8,7608.8,0.8929
11652.6,50097.3,11698.7,50130.1,0.8926
26565.9,181.2,26630.7,205.3,0.8842
23580.5,21449.6,23680.0,21542.2,0.8818
11798.3,49033.4,11839.2,49071.9,0.8785
14381.6,26945.8,14449.2,26984.8,0.8763
5802.5,15327.6,5846.3,15354.1,0.8759
17140.7,36586.6,17190.8,36624.0,0.8754
18477.1,22041.1,18526.5,22080.6,0.8731
23626.3,21570.4,23731.2,21668.3,0.8714
26778.9,27111.8,26833.5,27144.0,0.8684
18544.4,3876.5,18559.4,3905.7,0.8678
19831.0,21216.0,19883.5,21248.9,0.8666
23627.7,21570.9,23679.1,21668.2,0.8644
10230.4,8747.0,10307.4,8826.9,0.8640
16346.0,24320.0,16431.9,24379.5,0.8599
9603.6,10221.1,9655.4,10268.9,0.8580
13323.6,13355.9,13400.6,13439.2,0.8552
8340.3,20431.6,8368.9,20466.7,0.8528
8649.9,9643.3,8722.7,9711.3,0.8489
25508.8,20857.6,25546.7,20885.2,0.8448
26242.1,15522.1,26286.2,15564.6,0.8415
12692.1,20835.0,12757.5,20914.7,0.8388
6982.5,21102.9,7010.9,21155.2,0.8379
24056.9,21712.3,24106.1,21741.0,0.8376
19434.1,42492.6,19520.0,42557.8,0.8374
21522.3,37389.9,21555.8,37423.7,0.8351
25226.1,41539.7,25269.1,41564.8,0.8346
182.4,5563.1,254.3,5624.0,0.8335
24283.3,15098.8,24315.3,15128.1,0.8331
8587.9,320.8,8640.0,359.9,0.8320
22485.2,32640.4,22555.2,32676.8,0.8310
24325.3,15459.7,24339.2,15474.0,0.8298
17281.2,32640.0,17321.9,32682.0,0.8297
16250.7,48738.6,16320.0,48766.5,0.8290
26143.9,29268.0,26190.6,29293.8,0.8281
28681.7,15416.6,28715.5,15446.2,0.8258
5984.7,13284.7,6079.4,13349.3,0.8249
4512.8,3907.0,4567.1,3953.8,0.8228
23176.1,42362.3,23269.3,42449.5,0.8206
25191.3,24409.1,25247.8,24452.6,0.8167
11271.1,20914.6,11341.1,20983.5,0.8150
15576.2,19357.2,15598.5,19393.5,0.8121
4778.3,37101.1,4854.5,37171.8,0.8117
27627.9,6753.4,27656.3,6779.4,0.8114
13184.1,23006.1,13238.2,23040.0,0.8100
19079.7,3015.5,19143.6,3054.5,0.8098
22464.5,32535.2,22515.3,32564.8,0.8097
14080.0,34560.0,14135.9,34630.4,0.8032
16931.4,32038.6,16985.5,32085.5,0.8027
26457.4,32000.0,26525.1,32076.7,0.8006
9646.4,20390.3,9656.8,20401.9,0.8000
12326.5,33673.9,12383.4,33740.5,0.7996
23798.6,21501.3,23863.2,21539.9,0.7995
10182.0,46066.3,10198.3,46082.7,0.7982
13737.9,6313.1,13777.8,6344.7,0.7977
14246.3,26960.1,14295.5,27012.9,0.7966
28713.0,4570.7,28770.0,4609.7,0.7946
17557.2,42304.0,17595.5,42332.6,0.7940
22601.7,19949.1,22655.1,20014.9,0.7928
17556.0,32608.3,17607.5,32639.6,0.7919
24321.7,15292.9,24335.6,15308.3,0.7909
11681.7,49193.5,11731.0,49235.9,0.7905
16337.7,7981.9,16388.1,8032.2,0.7902
18250.9,17022.0,18292.4,17046.5,0.7881
13272.4,22022.1,13312.3,22079.6,0.7861
19743.7,3511.2,19769.3,3535.6,0.7860
22629.3,32544.8,22670.2,32595.6,0.7858
12020.8,49362.7,12052.9,49396.8,0.7853
15534.0,18292.6,15546.3,18340.5,0.7850
8832.1,21563.4,8852.7,21578.9,0.7847
18157.7,26160.6,18239.1,26240.0,0.7839
8826.4,20819.8,8855.1,20849.4,0.7838
9232.0,9731.5,9310.7,9811.6,0.7832
10028.2,8330.6,10057.9,8365.2,0.7829
27833.1,12753.0,27884.6,12795.6,0.7812
12877.2,49517.3,12930.2,49585.4,0.7806
14936.9,27604.0,14965.5,27650.9,0.7805
18560.0,35200.9,18613.1,35238.5,0.7802
17303.5,32658.2,17321.1,32682.2,0.7793
11466.9,27005.0,11530.5,27067.6,0.7791
26598.8,15369.9,26614.9,15388.2,0.7780
1691.5,3544.7,1778.9,3637.4,0.7776
3797.9,44744.1,3861.6,44803.0,0.7774
7945.5,6410.5,7998.0,6454.0,0.7764
24902.1,23040.1,24958.8,23076.4,0.7760
23501.2,20264.9,23583.0,20330.3,0.7759
8301.3,33898.2,8319.9,33925.3,0.7741
15546.3,18500.6,15556.1,18542.7,0.7722
5271.3,32086.9,5349.2,32160.9,0.7714
1989.0,44811.2,2061.2,44878.7,0.7713
22837.5,32320.0,22874.6,32351.1,0.7711
18825.8,31608.5,18874.8,31663.5,0.7711
1851.1,3656.2,1939.7,3705.9,0.7709
9596.6,7782.4,9631.5,7815.4,0.7708
3576.9,6466.8,3631.6,6499.8,0.7702
12127.1,50560.0,12177.1,50595.5,0.7698
13774.4,29182.3,13839.1,29252.4,0.7683
17585.1,42353.9,17599.5,42382.5,0.7677
5753.6,32091.5,5827.6,32163.8,0.7670
26926.7,15247.3,26940.4,15260.5,0.7659
28137.5,11007.3,28168.3,11024.6,0.7657
17624.3,32896.5,17671.6,32927.1,0.7657
8261.5,23676.9,8276.7,23689.7,0.7655
16552.0,47303.0,16635.2,47360.0,0.7645
15549.4,18595.7,15561.2,18641.9,0.7643
17547.1,35544.4,17597.2,35576.4,0.7629
17762.1,5563.7,17788.6,5589.7,0.7628
14084.1,22649.0,14165.8,22719.9,0.7620
18794.2,45231.7,18851.2,45279.9,0.7616
14088.2,24320.0,14135.2,24354.9,0.7615
17194.5,41057.6,17278.4,41173.5,0.7606
15861.2,38615.9,15901.3,38639.8,0.7600
23388.2,20587.9,23417.8,20637.9,0.7595
5046.1,3802.3,5096.0,3856.9,0.7582
10581.2,33920.0,10630.4,33954.8,0.7575
25280.2,33600.1,25375.2,33691.6,0.7565
20390.5,15299.1,20430.1,15329.1,0.7536
11941.3,49129.2,11989.3,49179.2,0.7534
28619.9,17181.9,28634.7,17206.4,0.7531
14471.2,6681.8,14531.7,6748.4,0.7513
4201.2,6335.8,4251.2,6383.0,0.7510
17829.9,15373.8,17856.6,15405.5,0.7506
23834.8,26202.2,23889.1,26245.7,0.7500
18880.5,24960.6,18934.7,25008.8,0.7497
8781.0,22442.5,8793.8,22467.4,0.7489
28108.2,26645.3,28159.8,26713.8,0.7478
7878.3,24461.2,7890.1,24474.3,0.7475
14968.9,31581.1,15023.2,31656.1,0.7473
8747.5,22559.5,8765.8,22570.5,0.7469
13884.7,36303.5,13912.0,36335.5,0.7469
17537.5,33470.9,17598.2,33526.9,0.7468
23334.5,22112.7,23430.7,22207.9,0.7466
15450.4,17600.0,15484.7,17636.1,0.7461
9242.2,26711.9,9303.2,26745.0,0.7456
18843.6,22554.2,18899.0,22586.7,0.7455
24712.0,51000.4,24758.8,51034.2,0.7451
7660.1,6022.9,7697.0,6056.3,0.7449
18806.7,36647.9,18859.3,36685.2,0.7437
28001.4,1480.9,28016.4,1500.2,0.7422
3440.4,36058.8,3523.9,36123.6,0.7419
14023.1,13056.7,14071.0,13093.6,0.7406
17867.7,22243.4,17919.5,22290.0,0.7399
16970.2,35858.1,17029.3,35911.4,0.7391
28504.6,13296.1,28522.0,13315.5,0.7376
9635.8,9856.4,9685.3,9901.8,0.7369
8067.2,24043.6,8078.2,24055.2,0.7361
8789.1,22420.0,8801.4,22431.3,0.7347
2560.3,3840.3,2602.4,3879.3,0.7347
21362.9,49208.5,21414.1,49273.0,0.7343
19842.1,27020.9,19897.3,27081.7,0.7333
22500.2,1729.3,22548.8,1772.1,0.7320
28145.9,26840.2,28171.9,26868.1,0.7314
26871.0,15376.4,26890.1,15394.6,0.7306
6263.9,41117.5,6374.2,41196.0,0.7302
26596.4,15727.7,26640.6,15746.2,0.7301
25211.6,33920.0,25270.5,33944.8,0.7287
3574.1,43079.8,3638.5,43138.6,0.7282
14614.8,49097.0,14647.3,49152.8,0.7280
11370.0,48759.8,11392.5,48800.6,0.7276
18230.5,49488.3,18254.5,49512.8,0.7262
15494.1,17793.4,15507.2,17836.4,0.7261
20240.1,25753.9,20287.5,25807.7,0.7259
18202.7,50281.5,18283.4,50331.6,0.7254
11766.4,29030.7,11854.5,29098.0,0.7249
15941.2,24897.7,15999.5,24937.6,0.7247
11258.6,49280.0,11317.4,49316.2,0.7247
7652.4,25086.9,7664.4,25099.0,0.7247
9498.2,21118.4,9520.2,21137.8,0.7243
1959.3,37400.0,1985.8,37426.4,0.7220
1805.9,8070.4,1834.1,8099.4,0.7219
13162.0,15781.3,13216.9,15847.8,0.7213
28041.8,7556.6,28088.8,7591.2,0.7210
12118.4,50641.6,12159.8,50678.2,0.7193
20070.0,1536.6,20082.0,1547.1,0.7192
9211.4,961.4,9279.0,1026.8,0.7191
27394.5,5024.2,27448.0,5048.9,0.7186
22720.0,21440.0,22776.2,21543.5,0.7178
8625.3,49363.4,8642.5,49398.1,0.7175
14282.9,34056.6,14335.0,34113.0,0.7160
8730.0,50071.1,8740.3,50082.1,0.7151
4778.0,10592.2,4849.9,10659.8,0.7148
9383.6,9795.1,9461.8,9861.7,0.7141
20194.5,40201.4,20237.5,40236.3,0.7141
18080.7,45590.9,18132.8,45646.5,0.7140
10765.2,34037.3,10847.5,34088.5,0.7136
22924.3,12703.4,22980.5,12765.5,0.7134
28127.8,11146.4,28157.5,11159.3,0.7127
27238.1,5178.2,27298.0,5209.6,0.7112
18002.1,45381.8,18070.4,45466.1,0.7111
28645.1,41809.2,28673.2,41843.0,0.7111
16640.1,35790.3,16656.5,35839.7,0.7110
25465.0,20728.3,25476.5,20745.1,0.7107
25855.4,15063.1,25883.6,15086.9,0.7105
6001.3,47064.4,6018.7,47084.9,0.7103
15721.3,49156.2,15760.7,49212.5,0.7100
7981.4,24208.0,7992.5,24220.6,0.7091
18106.6,23480.7,18159.0,23518.0,0.7091
9670.0,9633.3,9722.8,9679.6,0.7090
2268.8,2996.7,2294.2,3033.3,0.7089
8805.4,22357.7,8817.8,22369.7,0.7087
28039.9,10999.4,28065.8,11033.1,0.7086
16651.5,35490.5,16706.7,35551.6,0.7083
10315.3,9317.5,10364.0,9363.8,0.7076
24389.6,15874.0,24403.3,15888.1,0.7075
22475.3,32745.5,22501.6,32785.8,0.7054
23032.2,32759.0,23091.6,32797.7,0.7054
28140.8,572.0,28160.0,597.4,0.7049
4522.1,41451.1,4542.6,41474.3,0.7048
23013.8,49226.3,23039.5,49270.9,0.7047
7152.1,29745.2,7226.2,29812.1,0.7043
27676.8,11499.8,27692.9,11513.4,0.7041
19762.7,47680.7,19829.9,47735.8,0.7024
17077.7,42522.0,17124.2,42565.7,0.7018
22638.2,28801.5,22694.9,28846.7,0.7017
16455.4,34909.2,16528.3,35002.1,0.7000
27498.8,10123.5,27542.7,10153.2,0.6996
15095.9,30843.6,15165.1,30926.0,0.6992
28685.4,12565.6,28712.5,12595.0,0.6991
3754.8,9892.2,3800.8,9930.0,0.6989
16476.5,263.2,16506.2,292.7,0.6978
22378.7,32293.6,22399.6,32343.3,0.6978
17511.2,47618.3,17593.2,47692.5,0.6978
8870.8,22050.7,8886.8,22062.7,0.6977
19200.0,45922.4,19240.6,45971.0,0.6975
15262.9,24711.1,15283.8,24740.4,0.6974
11385.6,4014.8,11444.6,4076.5,0.6973
25481.5,20785.6,25526.2,20820.2,0.6970
18561.7,22172.7,18641.5,22232.2,0.6969
22284.4,42498.7,22328.8,42537.1,0.6967
27565.7,33560.1,27616.8,33605.0,0.6959
18310.7,11642.8,18376.3,11707.4,0.6957
13981.9,19170.5,13993.2,19190.9,0.6955
7890.9,24421.7,7903.6,24436.3,0.6955
9358.3,5603.0,9420.6,5639.1,0.6937
16508.1,36651.3,16557.1,36712.2,0.6931
6073.3,48533.6,6181.8,48593.9,0.6928
5765.5,43386.6,5828.3,43467.2,0.6920
15343.2,16586.0,15359.6,16630.9,0.6915
15318.7,34154.7,15381.0,34216.8,0.6908
19563.9,15074.6,19615.9,15101.4,0.6903
10805.7,27131.2,10860.1,27190.8,0.6898
8701.2,22703.1,8712.0,22713.3,0.6893
15554.7,18696.0,15564.0,18741.1,0.6891
11673.4,49129.1,11725.4,49163.0,0.6883
21546.9,38221.1,21566.7,38246.3,0.6882
9282.0,9735.1,9312.0,9796.7,0.6882
15631.6,17552.3,15654.5,17587.5,0.6877
17362.6,12729.5,17437.3,12827.6,0.6876
315.1,6060.1,376.3,6115.2,0.6874
22504.8,30721.4,22565.4,30768.5,0.6873
9743.8,20042.8,9756.5,20054.4,0.6869
26316.4,21407.6,26369.3,21440.0,0.6868
18240.8,19564.3,18310.3,19645.6,0.6867
13746.5,15023.5,13759.2,15040.0,0.6867
25378.6,44035.3,25389.8,44077.8,0.6856
11275.9,27636.6,11323.3,27675.3,0.6852
17083.3,32898.0,17132.1,32946.6,0.6850
22413.2,32435.8,22451.9,32478.4,0.6846
17920.8,25730.1,17968.3,25769.7,0.6846
14394.6,38295.7,14436.5,38351.5,0.6841
23803.6,33497.8,23825.9,33535.3,0.6838
22411.2,27819.7,22444.0,27859.8,0.6832
9337.0,9751.4,9412.1,9802.8,0.6827
16351.3,38930.6,16382.1,38942.7,0.6826
7085.9,11591.6,7136.0,11657.3,0.6825
1783.4,33983.4,1855.1,34036.0,0.6820
10859.1,33902.8,10915.4,33967.5,0.6812
5560.3,13972.7,5618.2,14020.8,0.6810
9941.5,19660.5,9954.7,19671.4,0.6809
23503.0,20413.3,23579.9,20488.6,0.6806
17920.0,16928.7,17936.1,16960.0,0.6803
9543.7,43840.0,9599.2,43915.2,0.6798
17920.0,36480.0,17957.6,36591.5,0.6798
20010.8,49139.5,20075.4,49171.1,0.6796
5473.5,15605.4,5505.9,15633.4,0.6793
18731.0,18196.0,18781.0,18223.7,0.6785
24650.1,17067.6,24672.8,17085.2,0.6785
16513.5,23040.9,16577.4,23087.1,0.6773
2662.7,3785.0,2707.7,3832.2,0.6772
26560.6,727.2,26624.6,747.8,0.6772
13842.9,6361.8,13879.2,6391.0,0.6752
17403.8,36380.8,17439.6,36418.9,0.6745
16505.2,36522.5,16538.8,36562.8,0.6745
16626.7,326.2,16653.3,350.3,0.6744
17921.3,25601.5,18034.8,25686.6,0.6743
8603.9,22939.7,8616.9,22950.3,0.6740
18026.0,41038.1,18072.4,41080.0,0.6728
26964.3,16186.2,26993.0,16211.7,0.6723
21167.2,35080.2,21220.5,35129.3,0.6719
15347.7,23727.2,15360.0,23757.7,0.6716
19771.1,3320.5,19805.1,3356.5,0.6715
22991.5,21118.2,23039.1,21210.9,0.6711
23867.5,33672.5,23938.8,33709.8,0.6708
10452.7,37401.1,10560.0,37453.4,0.6700
20911.4,5557.9,20929.7,5579.1,0.6700
15270.5,29505.3,15360.0,29600.9,0.6698
23332.9,22128.0,23359.2,22193.1,0.6697
28611.7,4608.6,28653.0,4625.5,0.6691
28654.4,48650.0,28686.8,48679.7,0.6685
16372.2,7731.9,16417.1,7783.6,0.6683
16907.2,41576.9,16959.3,41630.2,0.6683
27158.4,24490.2,27197.2,24503.6,0.6680
16570.9,4376.9,16639.2,4440.3,0.6664
14120.9,6835.4,14180.5,6888.1,0.6664
15468.4,17795.5,15480.5,17837.5,0.6662
19616.1,47195.3,19670.2,47226.8,0.6660
15380.2,21521.6,15391.7,21542.3,0.6658
13657.8,28064.3,13722.5,28143.1,0.6654
1939.1,1392.9,1955.0,1415.4,0.6652
17858.5,40095.9,17927.2,40151.5,0.6640
1769.0,8226.2,1865.5,8285.7,0.6640
19143.8,26785.1,19199.1,26849.0,0.6637
4363.7,3200.0,4382.3,3214.4,0.6634
13531.6,49403.0,13583.7,49447.4,0.6633
9771.5,9290.5,9809.8,9320.0,0.6625
17920.0,26560.2,17992.2,26673.9,0.6625
8931.9,21882.1,8945.6,21892.9,0.6623
15647.8,20151.7,15669.9,20188.8,0.6621
427.7,24016.5,481.6,24066.7,0.6618
8642.7,22845.5,8656.7,22863.7,0.6618
22942.4,23125.8,23002.0,23148.2,0.6617
11748.1,22357.9,11821.2,22407.3,0.6611
28093.5,11397.7,28122.6,11427.8,0.6602
21528.3,25551.9,21623.0,25644.2,0.6594
3200.0,11200.0,3264.9,11261.0,0.6590
13197.7,41535.7,13249.1,41553.0,0.6586
9127.3,11201.8,9187.0,11252.4,0.6586
20480.4,33075.8,20539.3,33114.8,0.6577
11990.1,36710.5,12065.2,36763.2,0.6574
23680.1,21577.9,23728.0,21670.7,0.6568
15899.4,18022.5,15908.2,18061.3,0.6565
10258.6,41920.1,10282.1,41946.7,0.6562
11467.4,47683.9,11519.9,47769.8,0.6559
13361.5,50760.6,13418.6,50794.9,0.6546
17180.2,41899.1,17198.4,41924.5,0.6543
484.4,3513.9,549.7,3577.3,0.6536
19944.7,48159.9,20000.4,48229.9,0.6531
9938.7,9413.9,10003.7,9462.3,0.6531
8706.5,22684.1,8720.2,22694.6,0.6530
18947.0,32076.9,19014.4,32145.4,0.6524
9436.9,9089.7,9508.1,9153.8,0.6523
27201.5,45120.0,27271.9,45183.3,0.6516
11522.0,49247.0,11536.4,49280.0,0.6514
8325.3,23556.8,8336.1,23567.2,0.6506
15539.7,19299.7,15550.6,19343.5,0.6504
25602.4,36443.5,25667.5,36508.9,0.6502
8837.1,50306.4,8856.3,50337.6,0.6500
22651.2,50627.9,22712.3,50679.9,0.6500
1212.4,48873.0,1289.7,48956.0,0.6494
10104.1,28955.0,10164.3,29023.6,0.6479
8735.9,22602.2,8747.8,22611.3,0.6478
17025.4,473.0,17048.1,497.2,0.6478
23239.1,22060.6,23334.4,22153.5,0.6475
20966.3,46648.7,21017.6,46680.7,0.6462
23089.7,30830.7,23120.9,30854.3,0.6459
28731.8,10522.8,28745.5,10539.2,0.6455
6498.7,31483.6,6534.6,31508.2,0.6454
27688.2,37063.7,27749.9,37120.0,0.6452
3100.4,42738.7,3162.8,42804.3,0.6451
17480.5,33752.9,17550.7,33793.1,0.6447
17592.8,41071.4,17667.5,41136.6,0.6447
27170.6,34350.3,27200.0,34408.6,0.6434
18722.7,44751.9,18778.9,44799.7,0.6426
21246.3,22960.3,21326.4,23039.6,0.6425
13195.1,30442.5,13251.1,30485.3,0.6424
14400.0,39943.6,14423.6,39985.8,0.6419
15306.4,25503.3,15359.5,25550.1,0.6415
21218.1,1257.8,21285.2,1280.0,0.6412
4452.0,2009.5,4510.2,2044.5,0.6412
7632.3,23291.8,7650.4,23309.7,0.6411
28201.5,43208.8,28257.6,43250.0,0.6410
10974.7,2185.6,11017.6,2210.2,0.6407
13901.1,6287.6,13925.6,6317.5,0.6402
1824.3,34838.8,1884.1,34897.2,0.6402
24338.1,15931.2,24368.1,15998.6,0.6396
21332.7,38105.5,21382.7,38138.9,0.6395
9859.6,19984.6,9874.3,19996.5,0.6391
26183.4,41209.6,26239.7,41243.5,0.6389
25396.9,26053.2,25465.8,26107.1,0.6385
14739.9,41037.0,14770.1,41067.7,0.6374
27200.0,21760.6,27260.7,21848.4,0.6371
13993.4,20778.2,14013.9,20798.7,0.6370
18474.6,22128.1,18527.6,22167.6,0.6370
18690.2,47828.6,18740.2,47864.0,0.6366
6119.8,33897.5,6133.5,33914.9,0.6363
9158.7,50831.5,9169.2,50842.6,0.6353
18857.1,40969.1,18880.0,40995.5,0.6352
17547.7,32483.2,17613.6,32532.5,0.6350
13839.7,21010.0,13887.7,21056.6,0.6348
22424.9,32499.3,22460.8,32561.0,0.6344
19868.3,45971.8,19929.2,46016.5,0.6340
28383.6,44779.6,28416.1,44813.5,0.6339
4889.5,23243.0,4977.3,23328.1,0.6335
28021.3,356.1,28035.2,377.4,0.6334
11406.7,33315.3,11455.9,33366.8,0.6333
24867.1,48657.8,24942.7,48704.8,0.6329
19841.5,5825.9,19873.9,5859.9,0.6323
20800.3,48276.4,20850.4,48326.1,0.6321
19370.2,24398.5,19422.8,24462.0,0.6315
27244.7,8346.9,27270.8,8364.4,0.6304
24206.6,22074.1,24234.4,22119.0,0.6301
17992.0,24520.1,18070.5,24588.3,0.6300
22621.2,32386.2,22663.9,32447.2,0.6299
22401.4,47849.5,22424.6,47881.3,0.6297
18452.3,41600.0,18483.0,41649.3,0.6292
14091.9,6640.3,14116.5,6668.3,0.6289
25594.3,15.8,25611.6,46.3,0.6282
20297.7,24835.9,20360.0,24876.3,0.6275
13827.2,6428.8,13855.7,6456.4,0.6274
14186.7,22626.9,14244.6,22666.9,0.6271
23310.4,32689.5,23343.8,32725.9,0.6270
9910.8,19716.8,9924.3,19726.2,0.6269
12745.2,11042.9,12780.8,11097.1,0.6264
9138.1,21439.5,9153.1,21451.2,0.6262
12801.7,26849.7,12861.8,26898.0,0.6258
26994.1,2478.1,27006.2,2490.8,0.6254
11367.7,9600.0,11418.8,9623.6,0.6254
21760.0,43055.8,21809.3,43102.2,0.6252
21576.5,24209.1,21634.2,24270.2,0.6249
15800.3,18899.9,15824.6,18932.5,0.6249
18505.2,34818.1,18559.7,34851.2,0.6245
8797.9,24809.3,8844.8,24839.4,0.6238
7900.8,24370.4,7921.6,24397.1,0.6236
570.1,35437.8,639.7,35509.1,0.6232
10185.2,8308.7,10224.4,8362.3,0.6231
24965.8,38946.9,25012.0,38977.5,0.6229
18225.2,49480.8,18239.5,49510.7,0.6229
5020.7,3561.1,5057.1,3609.6,0.6223
25241.8,24077.4,25279.9,24127.2,0.6219
28257.3,45399.2,28269.6,45429.2,0.6209
10560.0,50535.1,10578.4,50560.0,0.6207
21163.4,23023.4,21214.6,23040.0,0.6203
24802.2,17113.2,24866.6,17145.5,0.6202
178.7,7539.7,204.8,7565.8,0.6198
26795.7,37975.2,26833.7,37995.8,0.6196
25233.5,33523.1,25280.0,33547.2,0.6195
18983.6,15800.0,19097.3,15870.0,0.6192
28874.9,40911.6,28928.0,40959.2,0.6191
23287.9,10072.3,23353.5,10102.1,0.6185
22843.0,19266.1,22881.6,19330.4,0.6184
23392.9,19892.4,23451.6,19950.4,0.6182
27331.1,38105.9,27377.5,38137.0,0.6179
27467.0,46838.7,27527.6,46883.3,0.6169
27449.0,33482.9,27517.8,33529.8,0.6167
10416.8,33695.5,10484.6,33752.5,0.6165
21493.6,824.0,21531.7,869.9,0.6164
17222.8,31410.8,17278.7,31463.0,0.6164
22651.7,20402.4,22690.9,20448.7,0.6160
26026.3,5648.1,26068.2,5666.3,0.6155
9248.3,9669.3,9299.5,9707.5,0.6150
15917.8,17726.4,15931.4,17768.2,0.6149
15740.9,19645.6,15768.4,19682.8,0.6148
15925.5,50532.7,15942.6,50550.1,0.6147
11984.6,49625.6,12053.2,49692.1,0.6146
23529.8,20712.5,23593.1,20769.4,0.6145
24826.1,19136.5,24899.0,19199.7,0.6145
9142.1,9602.2,9208.2,9659.5,0.6144
4681.7,5934.3,4742.0,5991.6,0.6128
9933.0,19678.4,9943.9,19691.9,0.6127
22476.1,32212.4,22514.5,32246.2,0.6127
27954.2,36085.9,28000.6,36114.7,0.6123
4431.2,23821.7,4481.3,23878.4,0.6121
13441.4,49927.6,13496.0,49973.2,0.6115
8627.6,32712.7,8698.8,32763.3,0.6114
8575.7,281.9,8638.4,360.8,0.6113
3137.7,1712.5,3160.2,1741.9,0.6110
27643.7,5049.3,27686.4,5066.0,0.6110
25939.2,15892.8,25962.1,15918.4,0.6104
7870.1,24482.8,7882.5,24497.0,0.6098
10616.9,22113.3,10664.3,22156.7,0.6095
18313.4,32640.0,18374.5,32665.7,0.6086
3815.1,10191.1,3865.5,10248.7,0.6080
15561.2,18900.9,15572.1,18941.5,0.6075
11840.0,49250.9,11857.3,49280.0,0.6074
8412.4,48710.4,8432.0,48738.4,0.6072
3394.2,3336.2,3412.6,3352.1,0.6072
27769.8,25262.2,27814.6,25280.0,0.6070
25061.7,41561.6,25097.3,41623.4,0.6068
5212.2,8632.6,5254.2,8665.8,0.6066
15534.2,18899.2,15544.3,18941.5,0.6065
8630.3,49340.9,8641.0,49352.9,0.6065
19371.5,3684.5,19439.0,3746.1,0.6065
6793.2,50958.0,6846.7,51012.4,0.6063
17512.7,35588.7,17623.6,35633.4,0.6063
26123.7,20707.6,26170.0,20728.2,0.6063
8511.5,35288.8,8546.1,35313.5,0.6061
16459.4,2099.4,16481.2,2119.3,0.6060
17083.9,33956.3,17137.6,34006.3,0.6057
7130.2,32681.0,7215.1,32716.0,0.6045
25895.5,42808.0,25971.1,42871.5,0.6040
19453.3,25528.8,19517.7,25600.0,0.6039
20820.3,13126.1,20871.7,13166.3,0.6038
18457.5,22095.9,18483.2,22126.1,0.6035
18125.3,21379.7,18150.1,21406.9,0.6030
8840.7,50317.0,8856.0,50335.1,0.6029
10097.4,42017.9,10140.6,42050.6,0.6029
8899.1,50427.9,8909.9,50439.0,0.6025
15483.7,17691.7,15496.6,17735.7,0.6024
25216.9,24182.9,25236.5,24197.4,0.6019
7670.1,6205.9,7710.4,6239.1,0.6010
3904.3,9168.8,3968.3,9233.9,0.6007
15361.2,25314.6,15383.8,25340.9,0.6005
28253.5,4841.3,28300.6,4859.2,0.6004
20397.5,35063.1,20423.9,35114.5,0.6004
9646.6,20225.8,9661.4,20238.6,0.5994
21170.4,15912.0,21232.9,15954.1,0.5992
27700.8,11091.6,27724.1,11119.6,0.5991
14213.2,26231.9,14258.7,26275.5,0.5989
24960.8,50507.0,25024.1,50582.6,0.5984
16464.7,24809.2,16519.1,24840.3,0.5984
11372.7,48779.7,11393.1,48799.9,0.5978
15153.5,50343.9,15195.1,50371.0,0.5975
13252.0,36665.1,13304.2,36706.9,0.5973
28316.1,22744.8,28367.6,22776.4,0.5971
13594.7,28826.7,13647.1,28868.1,0.5968
10011.6,8944.0,10053.3,8960.0,0.5962
9817.6,9992.0,9865.8,10035.9,0.5958
11531.0,30694.2,11579.0,30745.5,0.5955
27670.9,38177.5,27710.9,38202.4,0.5949
420.4,25778.9,477.6,25842.9,0.5940
12754.7,31192.2,12799.3,31223.3,0.5939
15451.4,21060.7,15463.8,21108.0,0.5939
3319.3,26247.9,3438.2,26320.1,0.5920
11230.5,20480.0,11286.2,20535.2,0.5915
17325.1,26123.0,17390.8,26206.2,0.5912
28136.9,358.9,28162.3,381.6,0.5912
10871.0,29522.4,10925.2,29567.2,0.5910
8423.3,8328.2,8483.7,8399.4,0.5907
9197.9,50880.7,9215.9,50908.7,0.5907
10158.0,9334.4,10206.3,9381.2,0.5905
25459.9,13075.6,25490.9,13106.5,0.5901
28139.8,3803.2,28151.7,3817.8,0.5898
2595.8,3601.3,2654.3,3642.0,0.5884
7696.6,22745.3,7712.2,22763.4,0.5880
15789.5,18506.7,15800.8,18528.7,0.5875
4729.7,1763.4,4798.1,1801.5,0.5871
24216.1,13689.1,24309.0,13760.0,0.5866
10659.9,30010.0,10723.0,30048.6,0.5864
19181.1,20519.1,19199.8,20575.4,0.5861
16961.5,32242.6,16981.2,32272.4,0.5859
15666.0,18298.3,15676.0,18341.6,0.5857
12791.3,21902.4,12854.5,21965.0,0.5857
2841.7,1600.2,2890.7,1629.4,0.5852
12041.9,23303.3,12100.8,23384.7,0.5851
10778.2,28296.7,10845.2,28360.1,0.5850
7943.3,35785.9,7983.4,35817.1,0.5848
17221.8,13841.8,17234.0,13856.5,0.5846
820.0,6336.7,852.1,6397.6,0.5846
14340.4,34468.1,14395.3,34528.1,0.5845
21505.2,49021.7,21533.3,49032.2,0.5833
22283.9,47934.5,22310.1,47958.3,0.5831
8106.1,23970.7,8117.1,23981.2,0.5823
17734.6,12780.8,17800.0,12853.5,0.5822
17799.3,22242.7,17867.9,22314.4,0.5820
5794.2,31487.6,5858.4,31558.8,0.5819
4757.4,31997.7,4835.8,32059.4,0.5817
15932.1,18123.8,15942.6,18168.3,0.5809
15518.6,18498.9,15528.8,18542.7,0.5805
23606.8,20085.0,23671.5,20157.9,0.5804
2788.8,25209.1,2858.6,25279.9,0.5801
28395.0,8640.0,28434.1,8671.2,0.5797
9920.0,46662.0,9940.6,46720.0,0.5797
20138.0,23839.4,20202.6,23911.5,0.5797
26481.7,5363.6,26531.5,5389.0,0.5790
9808.2,9448.7,9872.3,9519.9,0.5790
22381.6,32320.1,22399.5,32344.8,0.5774
19141.9,19336.3,19254.7,19407.3,0.5764
17700.1,33088.4,17762.6,33136.7,0.5761
15698.4,48807.6,15750.5,48858.9,0.5760
13963.4,18371.0,13973.5,18392.7,0.5756
14050.7,33118.0,14126.6,33204.1,0.5756
3352.5,12242.9,3423.0,12292.2,0.5756
11737.1,39874.9,11768.7,39905.8,0.5748
8441.9,13667.7,8482.5,13699.7,0.5747
18933.2,34964.2,18944.5,34979.3,0.5744
10802.5,33633.1,10876.8,33701.2,0.5744
10714.5,8777.6,10773.6,8819.1,0.5742
5712.9,13163.6,5761.1,13210.1,0.5740
19461.1,34562.3,19519.3,34607.6,0.5739
22283.7,50436.8,22343.0,50506.8,0.5735
23953.2,34415.0,23998.5,34447.9,0.5735
534.1,47713.1,626.8,47777.0,0.5731
15204.8,9234.2,15236.7,9264.1,0.5720
8640.0,28768.4,8659.0,28800.0,0.5719
17698.0,43559.0,17743.8,43595.8,0.5718
24000.9,32336.9,24076.0,32409.5,0.5715
25988.0,36404.8,26000.3,36450.5,0.5715
12101.1,50540.4,12140.9,50560.0,0.5712
23516.4,32145.2,23560.0,32187.2,0.5710
15798.3,24960.0,15832.2,24983.1,0.5705
1240.5,36863.4,1350.2,36938.1,0.5704
8459.9,25649.3,8514.4,25713.4,0.5704
21000.5,24109.5,21118.0,24214.9,0.5703
23841.7,21753.4,23854.6,21776.6,0.5699
8694.5,22721.6,8705.6,22733.8,0.5696
960.0,27815.6,977.5,27840.0,0.5690
9865.9,8029.7,9916.2,8068.4,0.5687
27105.3,8602.1,27144.1,8620.2,0.5685
14499.9,28648.8,14577.3,28699.5,0.5682
27618.6,18351.1,27679.6,18407.6,0.5680
25372.4,43947.6,25388.8,43982.8,0.5675
8038.9,24092.5,8050.2,24105.2,0.5675
20084.3,26818.5,20150.1,26856.4,0.5674
15360.0,28768.0,15371.9,28800.0,0.5657
5405.1,26307.3,5456.4,26378.7,0.5655
9532.7,9151.5,9598.3,9206.9,0.5650
8297.5,48425.7,8308.9,48437.8,0.5648
16893.8,35520.0,16950.7,35573.3,0.5642
3978.9,37378.1,4042.8,37439.2,0.5632
7989.1,24189.7,8001.3,24199.2,0.5631
2236.3,47553.6,2284.2,47566.0,0.5630
24020.8,16580.8,24070.8,16605.9,0.5629
13592.6,30542.0,13636.0,30592.0,0.5627
5523.4,4081.2,5575.1,4124.2,0.5622
23384.8,32433.4,23437.4,32475.8,0.5622
13036.7,49505.7,13079.7,49535.1,0.5615
11623.7,30720.0,11680.8,30754.5,0.5612
16475.8,39661.2,16523.8,39735.1,0.5602
15682.5,18699.2,15693.8,18742.7,0.5601
20956.8,48564.2,21031.6,48630.4,0.5600
13675.0,20426.7,13730.9,20478.6,0.5595
21099.8,2074.5,21141.9,2115.3,0.5593
23728.8,29200.3,23774.7,29220.3,0.5589
12201.3,32931.1,12223.6,32961.5,0.5588
17372.0,49318.4,17423.4,49368.3,0.5584
4800.0,42536.4,4817.1,42560.0,0.5581
18155.6,25714.2,18238.3,25795.9,0.5580
14971.5,34253.2,15038.9,34352.5,0.5577
22378.6,32293.6,22447.1,32346.3,0.5576
19840.1,43026.9,19906.9,43116.3,0.5573
6319.6,4768.3,6368.2,4808.0,0.5569
18328.7,41768.0,18389.7,41821.2,0.5568
12071.0,11066.3,12152.0,11125.3,0.5563
4348.2,3162.0,4384.4,3213.5,0.5561
4779.4,30945.4,4838.0,31039.7,0.5559
17494.4,35665.8,17571.8,35731.8,0.5559
8714.4,10867.9,8783.0,10913.7,0.5554
4335.1,9999.0,4386.5,10052.7,0.5551
17621.0,23264.8,17718.6,23359.5,0.5548
14974.8,38004.3,15007.0,38043.8,0.5546
11529.0,49100.9,11618.2,49167.2,0.5538
28144.3,11403.6,28164.2,11427.5,0.5531
16960.0,19520.0,17015.4,19614.4,0.5529
317.8,34360.7,377.9,34416.9,0.5527
26985.3,27089.7,27027.5,27103.8,0.5524
3401.8,10793.1,3468.9,10844.4,0.5522
19841.2,33306.2,19907.1,33350.2,0.5517
10765.3,42281.7,10797.9,42301.0,0.5513
19387.7,35322.1,19423.9,35351.9,0.5512
3699.1,39360.1,3763.3,39410.8,0.5500
23725.1,24683.1,23812.0,24747.3,0.5498
19858.7,24176.3,19920.0,24215.3,0.5497
18863.5,34401.4,18879.5,34457.9,0.5495
28698.3,9681.5,28744.4,9705.2,0.5494
6185.8,43761.3,6247.1,43823.7,0.5493
15938.0,18281.2,15962.5,18319.6,0.5493
26063.1,5494.2,26108.4,5515.3,0.5493
15147.5,48840.7,15182.2,48876.3,0.5492
18788.2,34213.2,18848.2,34247.9,0.5489
13143.0,22644.6,13205.5,22719.8,0.5489
15178.8,48943.9,15238.6,48987.8,0.5487
27753.3,5041.1,27796.3,5057.8,0.5486
28564.9,46376.1,28588.2,46405.9,0.5484
27958.1,11011.1,27971.3,11036.4,0.5482
27443.2,5112.8,27485.4,5129.6,0.5482
22725.0,17021.7,22766.2,17037.1,0.5480
17304.9,41564.8,17320.8,41582.2,0.5479
8702.0,49979.6,8718.9,50007.6,0.5479
23360.0,21388.1,23388.4,21425.9,0.5478
17434.4,24951.7,17476.3,24981.9,0.5478
15550.5,1694.3,15581.2,1714.7,0.5476
5237.7,3379.2,5283.4,3420.5,0.5474
28409.6,4680.3,28452.5,4697.7,0.5472
17179.9,42569.1,17239.1,42637.1,0.5468
13877.2,12473.8,13905.3,12507.3,0.5467
20763.0,33600.0,20800.0,33647.6,0.5467
26140.7,37831.2,26187.5,37861.5,0.5467
20133.2,46249.8,20159.6,46268.0,0.5463
17509.3,35519.2,17521.8,35529.3,0.5461
22003.5,28217.6,22053.2,28258.4,0.5459
24026.0,22720.0,24080.0,22766.5,0.5451
17600.7,48190.8,17660.5,48246.1,0.5450
16856.5,38540.1,16893.4,38597.1,0.5450
11941.2,49528.7,11966.6,49552.7,0.5449
10140.0,8440.1,10190.9,8496.7,0.5438
17386.9,28369.0,17435.8,28406.8,0.5436
24320.4,42560.2,24374.3,42591.4,0.5431
28225.0,45653.1,28236.4,45683.4,0.5428
23493.7,24629.4,23541.9,24651.8,0.5428
2247.7,11139.2,2303.8,11197.3,0.5426
835.0,37167.3,935.6,37223.0,0.5424
15610.2,17388.2,15620.1,17431.6,0.5421
28092.8,11468.3,28117.4,11486.3,0.5415
26932.3,5416.6,26986.8,5461.7,0.5414
24647.2,18231.6,24666.3,18253.9,0.5412
18459.3,42458.1,18501.6,42552.6,0.5407
24544.1,23370.0,24591.1,23395.0,0.5407
28612.3,22068.0,28640.8,22099.2,0.5405
14169.6,23006.1,14259.2,23084.2,0.5402
27212.2,34330.4,27262.0,34367.6,0.5401
23898.5,23305.9,23965.2,23338.1,0.5399
19950.1,24160.7,20024.4,24215.1,0.5397
17254.5,50665.8,17332.5,50724.5,0.5395
7680.0,49253.0,7698.8,49280.0,0.5393
27083.2,5124.8,27129.1,5145.2,0.5389
28377.6,5588.3,28422.2,5624.4,0.5389
3521.8,9280.0,3583.8,9351.9,0.5389
2054.2,37106.6,2113.3,37151.7,0.5389
8796.9,22379.9,8813.4,22389.8,0.5386
26733.6,19435.5,26789.9,19499.3,0.5384
15254.0,38398.3,15317.0,38446.3,0.5377
24527.6,18855.3,24579.9,18901.0,0.5374
19707.2,45626.8,19759.5,45687.4,0.5357
10899.3,2550.6,10919.6,2570.9,0.5356
24437.5,50560.0,24511.4,50617.6,0.5356
19648.6,29248.7,19689.8,29263.6,0.5354
27652.2,5072.7,27695.6,5089.1,0.5353
14008.5,10813.9,14078.2,10879.8,0.5352
2889.9,1664.4,2950.7,1726.2,0.5351
7623.9,25166.9,7635.3,25177.7,0.5349
28654.5,47040.0,28706.6,47073.9,0.5348
16379.6,6576.1,16441.6,6655.3,0.5346
6722.7,31360.0,6822.3,31422.2,0.5346
4339.8,44839.9,4405.1,44867.9,0.5343
9169.3,9759.2,9219.4,9815.9,0.5339
14762.8,45201.2,14825.5,45305.7,0.5338
19289.3,41280.2,19348.7,41312.6,0.5335
10560.0,48611.6,10577.3,48640.0,0.5333
8151.8,23883.4,8162.1,23893.6,0.5329
23360.0,50749.1,23415.3,50814.0,0.5328
8717.2,36103.4,8774.2,36158.7,0.5323
27544.2,5078.4,27588.0,5097.3,0.5319
1155.3,7605.8,1230.5,7679.9,0.5315
26040.4,50672.2,26099.6,50736.5,0.5314
2562.1,12213.4,2575.2,12233.2,0.5313
13946.5,18450.4,13957.7,18469.2,0.5311
8739.9,22577.4,8751.5,22592.4,0.5311
17436.0,4098.2,17485.4,4128.1,0.5311
8829.0,22267.1,8842.8,22278.3,0.5308
25012.0,15621.1,25027.1,15641.1,0.5304
3404.8,32335.8,3466.6,32402.2,0.5297
15421.6,17193.3,15434.0,17235.2,0.5294
16083.3,48698.0,16146.3,48718.5,0.5292
20059.9,40108.1,20130.8,40144.6,0.5289
8901.2,23040.0,8959.7,23065.2,0.5289
25520.9,29719.5,25597.3,29766.8,0.5287
1509.6,7287.2,1599.9,7360.0,0.5276
22503.5,2561.1,22555.5,2598.6,0.5261
4665.5,3291.0,4718.4,3340.3,0.5259
19795.0,33280.0,19839.7,33306.3,0.5254
13933.9,6467.0,13979.3,6501.9,0.5254
28487.5,44456.8,28498.4,44480.0,0.5246
6561.1,5120.0,6604.1,5156.0,0.5240
13107.1,36680.4,13190.6,36713.2,0.5235
18986.5,45639.4,19050.8,45704.8,0.5235
24861.1,41081.6,24906.6,41115.0,0.5232
27358.8,28921.0,27392.3,28952.6,0.5227
22885.9,32673.5,22959.8,32741.6,0.5227
16460.2,8252.4,16494.4,8289.4,0.5221
16656.7,35639.5,16699.7,35681.1,0.5220
22501.3,36825.6,22548.2,36852.5,0.5215
15903.3,17825.8,15916.1,17867.8,0.5211
6783.4,5201.6,6821.8,5256.1,0.5208
19106.0,46684.9,19168.2,46720.0,0.5206
8625.7,49486.0,8638.6,49498.0,0.5201
28121.0,34880.0,28159.7,34918.5,0.5199
9082.9,939.1,9136.0,987.8,0.5198
9651.6,50505.1,9681.0,50545.4,0.5198
25420.8,32046.0,25492.8,32139.9,0.5198
13954.8,18410.6,13964.5,18429.6,0.5197
28179.4,39872.3,28233.0,39929.4,0.5195
24089.1,13701.0,24118.3,13727.2,0.5194
22875.3,23329.5,22917.4,23357.9,0.5194
11767.9,38739.5,11838.3,38863.1,0.5190
19503.2,26560.0,19519.4,26610.9,0.5190
13207.7,30738.2,13265.8,30795.3,0.5184
5441.0,14911.6,5517.4,15011.5,0.5181
22964.0,32252.5,22993.3,32278.4,0.5180
21584.5,24288.8,21659.6,24387.0,0.5180
19102.6,33527.1,19154.2,33558.6,0.5180
9698.8,6248.4,9772.9,6290.1,0.5177
13203.2,11976.8,13257.0,12003.8,0.5174
27753.5,12987.4,27805.2,13000.1,0.5174
9036.1,10966.1,9094.5,11029.6,0.5172
18492.9,34528.6,18504.9,34544.7,0.5172
1921.7,3680.4,1939.5,3705.5,0.5171
18332.5,12605.5,18367.2,12661.2,0.5161
25366.9,19810.9,25417.6,19853.4,0.5156
13660.2,28755.2,13712.6,28796.7,0.5156
14596.7,27520.3,14626.0,27561.0,0.5153
5423.2,1336.2,5470.4,1372.0,0.5150
19492.4,26880.0,19544.3,26923.0,0.5150
8047.1,24071.9,8061.9,24086.4,0.5147
25471.7,23762.7,25554.7,23834.7,0.5144
5797.1,11562.9,5812.9,11582.3,0.5142
12583.7,20920.6,12617.2,20949.4,0.5142
18116.6,14737.4,18143.7,14776.8,0.5139
25513.4,46720.5,25567.5,46756.3,0.5137
24912.6,49430.7,24978.0,49495.2,0.5136
9075.2,21572.0,9093.7,21583.0,0.5129
130.5,34560.7,186.4,34615.7,0.5127
16320.0,17897.5,16381.4,17920.0,0.5127
28872.3,27771.9,28927.3,27850.3,0.5125
20389.1,3290.4,20439.9,3306.5,0.5123
12056.1,29042.7,12109.0,29087.4,0.5119
8401.9,48690.4,8412.0,48702.0,0.5115
15828.2,19233.6,15836.7,19252.9,0.5112
14599.5,33337.7,14669.5,33373.0,0.5106
6993.0,33600.0,7047.5,33670.3,0.5106
21248.0,20182.8,21306.3,20238.2,0.5105
5440.2,10498.7,5460.0,10560.0,0.5103
2552.8,11127.6,2622.3,11188.8,0.5102
23237.9,21301.7,23293.3,21327.3,0.5102
6991.5,11560.1,7022.9,11587.4,0.5097
7949.5,24262.4,7961.5,24276.9,0.5097
10565.9,33888.3,10630.0,33952.7,0.5094
15284.0,23313.7,15339.4,23361.3,0.5092
18544.6,22175.4,18559.2,22215.9,0.5092
15452.7,19451.0,15487.6,19491.6,0.5090
4396.0,36694.2,4453.9,36757.2,0.5088
18401.0,25460.2,18467.1,25530.6,0.5082
15714.6,18803.2,15724.1,18846.3,0.5082
8640.0,50201.1,8655.7,50240.0,0.5081
19140.0,19335.9,19198.9,19400.4,0.5080
18860.7,18178.1,18920.9,18234.6,0.5080
18033.5,21946.2,18052.3,21968.8,0.5079
26217.9,40272.5,26249.0,40298.1,0.5078
20802.1,20692.1,20816.1,20722.7,0.5076
21138.4,15050.8,21195.2,15093.5,0.5075
2647.0,30741.2,2747.6,30816.2,0.5075
15435.5,35455.0,15537.0,35527.3,0.5074
8640.0,20778.1,8656.8,20800.0,0.5073
3767.8,46655.6,3837.2,46719.4,0.5069
9687.0,20310.1,9700.0,20321.5,0.5067
12951.5,21937.7,13031.5,22010.9,0.5064
14234.1,39937.5,14264.5,39972.5,0.5064
24297.9,36457.0,24364.6,36500.2,0.5062
8524.4,32840.7,8582.1,32897.0,0.5060
15421.4,17395.3,15432.8,17439.2,0.5054
18740.8,25822.8,18803.9,25880.4,0.5050
28675.9,16672.1,28687.3,16694.8,0.5049
23677.5,30174.8,23706.6,30215.4,0.5040
18668.3,26194.7,18727.7,26309.6,0.5037
11202.6,48893.6,11287.3,48952.4,0.5024
17757.9,25600.0,17844.0,25686.1,0.5022
5977.2,47040.0,6024.0,47088.0,0.5021
4984.5,3576.6,5042.7,3608.8,0.5016
6000.0,14185.1,6053.1,14222.5,0.5011
26560.1,15645.4,26577.2,15679.8,0.5009
22887.3,32653.3,22919.0,32692.6,0.5003
24803.9,6149.5,24836.9,6175.0,0.5000
18240.0,25920.4,18329.6,26040.2,0.4999
15540.6,17990.1,15552.5,18036.2,0.4999
11277.4,9920.8,11349.0,9966.0,0.4992
6667.5,49677.9,6719.8,49737.6,0.4989
10490.7,9377.4,10557.9,9428.1,0.4985
10560.1,47323.7,10577.2,47359.6,0.4985
3148.9,38654.5,3198.7,38719.2,0.4984
22325.2,27762.8,22368.4,27791.1,0.4982
27168.7,2586.7,27198.5,2614.9,0.4980
18370.4,46994.5,18394.9,47021.3,0.4980
24379.4,17530.6,24434.3,17597.7,0.4978
26340.2,16323.8,26367.9,16358.2,0.4976
9787.6,9708.1,9841.1,9764.2,0.4972
13221.3,30545.2,13280.4,30587.9,0.4969
27692.8,13033.9,27750.9,13067.2,0.4968
10395.0,41961.3,10438.6,41976.5,0.4967
11817.9,49374.8,11839.8,49423.8,0.4960
1282.3,2885.2,1350.9,2958.9,0.4957
17181.8,39032.0,17239.1,39081.0,0.4955
14477.1,6683.0,14531.0,6719.0,0.4953
4885.2,12458.0,4900.1,12474.5,0.4951
21546.3,802.5,21556.2,815.8,0.4950
15162.6,33682.5,15235.4,33771.7,0.4948
19179.3,46336.2,19253.2,46392.6,0.4948
21909.7,15736.1,21920.3,15745.9,0.4943
26682.3,37969.5,26710.7,37991.2,0.4942
3400.8,2067.5,3434.6,2117.7,0.4942
8252.2,33960.6,8286.5,33981.7,0.4942
9551.9,28276.3,9613.9,28318.2,0.4941
19273.6,11664.0,19287.2,11683.0,0.4940
11901.7,7003.5,11916.7,7019.6,0.4939
22632.4,20655.5,22696.6,20716.0,0.4938
17259.4,48489.5,17345.4,48553.9,0.4935
12698.3,17237.5,12761.6,17269.6,0.4934
14019.2,18178.4,14031.0,18196.7,0.4930
6365.4,5009.1,6400.0,5042.4,0.4930
9268.6,34504.3,9317.1,34524.1,0.4928
19285.1,37713.3,19296.2,37731.5,0.4922
247.6,6561.5,315.6,6610.5,0.4918
23382.8,32794.3,23441.6,32828.8,0.4917
25467.6,1224.3,25491.2,1259.0,0.4914
20082.5,46331.5,20126.5,46360.8,0.4914
19202.5,30424.9,19256.2,30454.5,0.4911
15759.6,22193.3,15777.2,22207.0,0.4907
7227.1,22162.2,7247.3,22174.6,0.4904
20729.0,7594.7,20798.8,7680.0,0.4902
28738.1,9468.9,28770.0,9494.4,0.4901
8107.6,33807.3,8143.2,33837.8,0.4898
22207.6,47918.8,22235.9,47955.0,0.4898
15360.1,50189.9,15379.6,50239.7,0.4896
8416.3,20081.2,8438.8,20096.0,0.4895
15629.6,49305.0,15679.1,49358.3,0.4889
28400.4,24960.5,28477.7,25034.1,0.4886
27222.0,2082.4,27246.0,2110.1,0.4885
8641.1,28409.8,8694.3,28477.7,0.4876
16897.8,26469.4,16984.4,26536.3,0.4876
28266.5,4741.2,28300.4,4764.8,0.4875
28582.2,43306.2,28644.2,43355.5,0.4874
19413.3,38157.8,19466.9,38214.0,0.4874
8379.4,35792.9,8458.5,35888.5,0.4870
7925.9,24327.9,7936.5,24338.8,0.4868
6338.3,28164.0,6385.0,28174.5,0.4865
18152.9,14080.0,18225.4,14110.5,0.4865
10043.4,33770.8,10101.5,33810.6,0.4862
22547.3,21591.6,22569.0,21610.8,0.4860
19115.6,46441.4,19199.3,46516.9,0.4860
28859.1,1901.3,28897.4,1920.0,0.4858
21120.0,23040.0,21164.2,23107.7,0.4850
9342.6,20894.9,9354.4,20908.8,0.4848
5026.6,4945.7,5104.7,5009.8,0.4842
23631.3,14292.2,23680.0,14320.1,0.4840
22576.1,22555.9,22679.3,22652.6,0.4835
320.2,30689.1,338.9,30720.0,0.4834
17141.3,32175.1,17154.3,32184.8,0.4834
21669.6,37064.4,21750.8,37148.8,0.4833
28076.0,10358.6,28117.6,10392.8,0.4821
10389.9,8472.5,10422.0,8503.5,0.4820
26154.3,40038.2,26230.2,40133.8,0.4818
27718.9,18409.1,27782.5,18457.2,0.4814
15742.0,18188.8,15750.8,18225.3,0.4811
16019.6,33514.8,16074.5,33565.5,0.4810
17706.4,4456.2,17752.4,4495.9,0.4807
22614.3,19890.2,22652.1,19921.0,0.4806
24987.8,20459.1,25033.1,20494.3,0.4801
19840.8,4349.0,19854.5,4361.7,0.4797
17780.6,33172.5,17858.8,33254.4,0.4788
21760.0,26240.0,21835.4,26295.1,0.4786
28098.6,10223.7,28160.0,10240.0,0.4777
22783.7,20963.4,22826.3,21026.2,0.4775
9291.7,43315.6,9335.8,43376.9,0.4774
28569.9,22993.1,28589.8,23038.8,0.4766
20800.3,48370.8,20853.2,48431.8,0.4765
23466.5,22786.2,23515.9,22838.3,0.4765
11606.2,22739.1,11676.1,22788.3,0.4761
15015.6,39010.0,15050.5,39036.9,0.4759
17923.7,41260.8,17958.9,41280.0,0.4758
13915.3,4215.4,13974.6,4279.0,0.4756
17552.1,26992.7,17599.1,27057.1,0.4755
3334.2,2057.7,3366.7,2089.5,0.4754
17120.2,41105.9,17140.4,41119.3,0.4754
9600.1,48918.3,9619.8,48960.0,0.4753
18121.7,37106.5,18171.1,37155.0,0.4753
15484.5,24283.0,15495.2,24318.6,0.4748
27745.8,5016.6,27789.1,5032.1,0.4746
14001.4,49180.0,14077.4,49275.4,0.4744
28512.8,11064.2,28535.2,11083.1,0.4743
24320.9,50811.8,24417.7,50879.3,0.4743
25067.3,41600.0,25096.6,41622.6,0.4739
27000.9,1681.9,27045.4,1740.2,0.4739
20383.6,48386.9,20435.1,48428.0,0.4738
4800.0,42803.2,4817.2,42861.0,0.4732
18039.9,26701.1,18150.5,26800.8,0.4731
8350.2,9902.2,8400.8,9970.3,0.4730
8000.0,20767.3,8017.2,20800.0,0.4727
9726.2,20062.3,9746.5,20092.0,0.4721
5171.7,3704.4,5214.6,3755.5,0.4720
9600.0,27889.4,9668.2,27963.4,0.4719
28533.6,19131.5,28611.0,19199.5,0.4716
24960.0,15648.3,24976.5,15680.0,0.4716
18882.0,42561.0,18950.6,42651.2,0.4715
20673.1,16038.8,20703.6,16063.4,0.4715
17076.0,27483.4,17131.1,27537.9,0.4710
11134.2,34957.6,11191.1,34989.5,0.4710
7496.5,34531.2,7553.8,34560.0,0.4708
22278.1,27693.6,22330.1,27738.6,0.4707
28540.3,22546.8,28575.4,22582.5,0.4704
26279.6,12522.3,26304.7,12573.7,0.4703
20588.4,35234.0,20645.6,35279.0,0.4697
25284.5,13191.8,25311.7,13218.6,0.4695
27786.0,24328.4,27810.1,24362.5,0.4693
18625.7,26716.0,18683.6,26767.0,0.4692
8000.0,21085.4,8017.3,21120.0,0.4688
18818.7,36374.3,18876.5,36408.6,0.4687
15355.8,16793.8,15368.6,16835.9,0.4679
16499.4,36749.5,16580.3,36800.0,0.4675
9027.4,9162.5,9044.5,9179.2,0.4675
28788.0,15986.3,28800.0,16011.3,0.4674
2268.5,26465.8,2321.9,26518.3,0.4669
17133.9,30659.8,17183.0,30698.8,0.4663
17962.2,20271.0,18015.9,20297.2,0.4654
7680.0,50211.6,7696.9,50240.0,0.4652
28058.1,4937.3,28102.0,4954.0,0.4650
22567.5,50623.6,22640.0,50676.6,0.4648
16482.9,25505.6,16577.7,25545.1,0.4645
10803.4,3979.3,10850.5,4011.4,0.4645
9885.5,19770.7,9896.5,19782.6,0.4644
26362.2,31556.4,26392.9,31609.3,0.4644
26378.2,47209.6,26465.0,47271.4,0.4641
27311.9,11560.9,27351.0,11594.5,0.4640
27880.0,9887.9,27896.4,9925.6,0.4640
27023.8,24193.8,27060.8,24237.8,0.4638
18044.7,40102.0,18087.0,40172.7,0.4637
18664.6,41505.3,18724.9,41575.7,0.4635
9809.3,20075.3,9821.8,20086.8,0.4634
15150.7,31368.9,15202.8,31406.8,0.4627
15548.3,30634.8,15623.5,30694.8,0.4626
16152.1,6217.1,16193.2,6245.1,0.4624
3894.6,20174.3,3970.9,20240.9,0.4618
11874.4,17764.8,11919.8,17800.1,0.4616
14278.5,34426.3,14327.8,34458.6,0.4616
11401.3,21540.2,11446.2,21578.7,0.4614
230.0,46462.2,289.6,46516.3,0.4613
17550.4,27547.7,17598.2,27558.3,0.4611
21486.1,24320.0,21554.4,24377.2,0.4602
16684.2,18119.7,16729.1,18175.0,0.4601
15741.8,18797.4,15753.4,18843.1,0.4600
19159.5,35704.8,19200.0,35746.8,0.4600
5915.9,4428.6,5968.0,4476.4,0.4598
5347.5,3914.2,5377.3,3949.1,0.4597
26560.0,24640.4,26641.4,24735.2,0.4594
19913.9,46132.1,19997.8,46196.6,0.4594
27964.4,11499.6,28019.0,11526.6,0.4593
7680.1,49557.4,7697.3,49600.0,0.4591
26776.7,46970.7,26863.7,47041.4,0.4590
23929.1,22595.0,23998.1,22646.6,0.4590
15184.1,21541.7,15198.4,21566.0,0.4581
14887.4,2059.3,14954.5,2071.0,0.4575
27520.0,7373.2,27576.8,7435.0,0.4575
13708.8,14770.3,13759.2,14856.3,0.4573
15880.7,18182.4,15895.6,18238.7,0.4570
28781.6,17178.3,28802.0,17199.2,0.4563
18301.9,9468.2,18366.8,9537.2,0.4560
11663.2,11851.3,11717.5,11897.8,0.4560
15329.6,16795.6,15340.1,16838.4,0.4560
9809.5,19913.3,9822.1,19923.7,0.4559
23913.8,33909.9,23983.2,33946.7,0.4558
22174.3,25801.0,22245.1,25865.2,0.4558
20270.3,24772.7,20353.9,24819.8,0.4557
4565.8,50170.5,4675.8,50239.5,0.4552
20667.3,18182.5,20726.6,18237.5,0.4550
27226.4,26560.0,27279.9,26619.0,0.4549
28509.4,4644.1,28553.6,4663.5,0.4549
24421.3,26051.2,24442.5,26063.3,0.4547
9600.0,49244.1,9616.3,49279.8,0.4546
18041.0,41920.0,18102.5,41936.8,0.4542
13018.4,23451.4,13120.0,23513.4,0.4539
4504.7,23088.8,4556.6,23134.9,0.4536
10140.8,8084.1,10176.7,8109.2,0.4536
15691.7,18295.7,15702.9,18341.4,0.4531
17924.5,42072.1,17978.8,42099.8,0.4530
9723.5,435.4,9738.3,458.4,0.4528
24991.3,17558.8,25028.4,17582.0,0.4528
16440.1,22605.7,16494.0,22648.3,0.4528
28745.4,23920.0,28798.8,23973.0,0.4526
13524.3,30660.9,13578.9,30711.9,0.4525
18985.2,41952.5,19046.5,42003.3,0.4525
12480.0,21120.3,12570.6,21190.8,0.4524
3934.5,4544.3,3977.4,4580.9,0.4521
21589.2,9203.8,21614.6,9242.0,0.4520
18396.0,38255.8,18488.3,38332.8,0.4517
18396.2,45645.3,18468.8,45760.0,0.4516
27589.7,26261.8,27629.0,26297.8,0.4516
7620.4,15126.6,7679.6,15169.8,0.4516
14888.6,27200.0,15038.7,27249.3,0.4514
23236.8,21014.6,23267.4,21038.6,0.4514
11770.7,23080.6,11843.2,23144.2,0.4514
18290.5,43149.6,18372.9,43198.4,0.4512
10539.1,9044.8,10574.7,9075.1,0.4511
8564.2,23018.1,8576.1,23030.1,0.4510
28577.9,43461.7,28628.2,43491.5,0.4510
8814.2,1204.0,8884.8,1268.1,0.4504
4475.0,43090.7,4533.9,43170.6,0.4504
13765.5,2146.2,13782.1,2159.0,0.4502
19039.7,36718.5,19091.4,36750.2,0.4502
23653.5,14545.2,23679.4,14571.1,0.4501
17484.0,20741.7,17549.2,20766.4,0.4500
27806.6,11038.0,27829.9,11060.1,0.4499
17319.3,23040.0,17394.2,23067.5,0.4498
6875.7,11496.2,6900.2,11523.7,0.4498
206.3,5448.9,285.5,5546.2,0.4492
12351.3,50848.8,12414.6,50905.3,0.4491
7681.1,22720.0,7712.1,22763.4,0.4490
7531.6,9717.1,7600.3,9774.8,0.4486
10880.8,32000.0,10966.4,32104.5,0.4485
17841.2,4651.6,17887.0,4680.9,0.4483
5578.8,12600.5,5635.2,12644.1,0.4483
22171.9,47933.4,22198.0,47961.0,0.4482
3945.4,49311.7,3986.1,49327.3,0.4479
7575.5,12137.3,7630.2,12185.7,0.4477
19583.8,24351.3,19680.0,24412.8,0.4476
21503.0,24996.2,21532.8,25025.5,0.4474
3211.9,22449.8,3288.0,22474.9,0.4470
25235.5,33602.7,25280.0,33626.5,0.4470
9148.3,946.5,9201.8,987.5,0.4469
20160.0,24960.0,20229.6,25081.1,0.4469
28781.7,15419.3,28793.7,15441.0,0.4465
4299.9,5379.7,4349.0,5438.6,0.4459
9078.5,12018.5,9142.0,12108.3,0.4458
8337.1,23522.7,8354.8,23549.8,0.4455
12163.4,24823.7,12208.5,24853.3,0.4454
11227.1,9401.1,11286.9,9442.6,0.4452
12244.7,32918.7,12269.0,32941.8,0.4450
28432.2,28275.8,28492.6,28321.5,0.4446
9006.6,29186.4,9069.5,29238.0,0.4444
9672.2,50532.4,9706.4,50569.8,0.4442
15562.5,18297.4,15572.1,18338.1,0.4442
28393.5,10073.7,28411.7,10087.9,0.4442
26240.0,28160.0,26361.9,28219.9,0.4435
27814.8,43823.2,27870.6,43913.6,0.4434
22515.3,32582.9,22575.1,32608.0,0.4431
15906.9,18135.9,15916.2,18170.2,0.4430
11840.7,28801.9,11926.0,28894.5,0.4430
19049.6,31316.5,19101.5,31383.1,0.4429
19926.0,10632.5,19948.8,10653.7,0.4427
27559.9,26118.8,27615.5,26171.1,0.4424
14720.8,14439.3,14740.7,14479.0,0.4422
13760.9,20160.5,13830.8,20271.1,0.4422
8831.9,22245.6,8844.5,22255.7,0.4419
22007.9,24387.3,22079.0,24420.4,0.4416
15827.8,19272.7,15838.2,19295.0,0.4416
4210.7,4408.9,4280.3,4479.6,0.4415
9892.6,19925.2,9902.9,19939.5,0.4413
17549.5,50671.5,17598.9,50743.3,0.4410
6044.4,4552.2,6073.6,4584.4,0.4409
17246.2,50806.5,17315.3,50877.5,0.4404
21580.8,37612.5,21641.2,37659.7,0.4403
15515.8,25372.0,15527.6,25416.0,0.4402
9066.5,21595.5,9076.4,21605.7,0.4402
14458.5,31512.9,14534.2,31576.9,0.4400
22235.7,21242.8,22292.3,21260.1,0.4399
26880.0,15329.4,26896.1,15360.0,0.4399
16144.7,19540.0,16181.3,19591.7,0.4399
14850.9,48895.1,14918.2,48949.6,0.4398
16120.3,27259.7,16154.7,27290.7,0.4397
24320.0,20797.2,24376.3,20862.3,0.4396
7680.1,20125.2,7698.9,20159.8,0.4395
18740.4,46833.3,18774.3,46846.6,0.4388
11931.7,50690.2,12000.4,50758.8,0.4387
9275.2,42947.9,9332.8,43004.4,0.4386
9639.8,20247.3,9650.0,20257.7,0.4384
25354.1,23351.8,25400.7,23396.9,0.4383
8704.6,22684.1,8722.2,22704.2,0.4379
11596.4,9607.6,11630.8,9641.4,0.4377
9600.0,50525.8,9620.6,50560.0,0.4376
15361.9,16995.0,15377.0,17040.1,0.4376
25219.8,25188.1,25277.1,25218.9,0.4372
10396.7,8633.8,10443.5,8690.7,0.4371
25445.4,488.9,25456.5,497.2,0.4369
24439.0,16841.1,24461.5,16856.8,0.4364
19026.3,42970.1,19091.9,43046.8,0.4363
28631.5,6913.7,28686.5,6987.4,0.4363
5180.7,13523.6,5232.4,13578.7,0.4363
8783.8,577.6,8799.3,594.6,0.4362
17747.4,23040.0,17811.6,23065.0,0.4360
2396.2,36355.5,2459.6,36437.7,0.4356
224.3,23375.2,277.3,23425.6,0.4355
17138.6,32000.0,17190.0,32040.9,0.4354
11341.4,9553.1,11413.7,9621.2,0.4353
8640.0,50557.8,8655.4,50599.2,0.4351
17742.1,33700.1,17753.9,33712.4,0.4349
10241.6,9282.9,10272.6,9332.2,0.4347
11736.6,20961.6,11792.2,21005.3,0.4346
25083.7,38786.1,25148.1,38848.9,0.4346
11476.4,33299.9,11528.7,33344.3,0.4344
8736.1,50090.6,8749.9,50101.2,0.4344
14027.9,34800.6,14079.2,34864.3,0.4341
27890.3,1601.3,27950.9,1633.5,0.4341
18579.3,38923.2,18644.0,38983.1,0.4339
18445.9,15205.1,18505.5,15242.4,0.4337
12744.0,17777.9,12799.1,17880.7,0.4335
25091.9,5945.3,25144.7,5980.9,0.4332
22400.8,32658.2,22463.8,32733.8,0.4331
23402.5,20676.5,23453.6,20717.6,0.4329
22592.3,34888.7,22654.9,34922.1,0.4328
14056.9,29042.5,14118.4,29084.3,0.4328
8640.4,11664.0,8703.3,11719.0,0.4327
13651.4,41581.7,13694.2,41600.0,0.4327
14921.1,30027.0,14982.4,30072.4,0.4325
28403.8,26321.1,28476.6,26383.6,0.4323
19789.6,24295.2,19839.0,24327.9,0.4321
18757.4,31166.1,18802.5,31205.4,0.4319
28134.3,51111.6,28190.5,51145.8,0.4318
21095.0,38118.7,21137.4,38150.7,0.4317
9484.0,8386.1,9535.9,8429.8,0.4317
25280.7,33522.0,25370.2,33610.1,0.4315
24202.2,35432.5,24237.9,35465.6,0.4305
9901.0,19737.4,9916.3,19746.5,0.4305
8548.0,35358.1,8640.0,35427.0,0.4304
4086.7,6330.0,4134.1,6372.8,0.4304
7179.7,29426.9,7231.9,29479.1,0.4304
8664.2,25415.4,8729.1,25496.4,0.4299
12800.0,22080.0,12869.5,22139.7,0.4295
27467.0,20704.9,27519.2,20798.9,0.4294
8377.1,240.7,8389.9,261.6,0.4291
6363.5,35732.5,6400.0,35799.0,0.4291
15932.3,17825.1,15945.8,17870.8,0.4291
16960.0,1280.0,17029.8,1341.4,0.4291
5062.8,3840.0,5099.8,3855.4,0.4291
3442.1,1247.9,3506.3,1307.6,0.4283
4285.5,2938.2,4334.9,2988.9,0.4281
9008.4,7248.6,9063.9,7301.9,0.4278
16000.0,27520.1,16047.8,27570.6,0.4277
20488.5,48241.3,20575.1,48321.3,0.4275
23406.3,32589.1,23464.1,32639.3,0.4275
13120.0,5165.1,13166.4,5263.7,0.4270
11840.0,49569.8,11855.2,49600.0,0.4267
8320.0,20753.4,8336.2,20799.7,0.4265
21409.9,25063.0,21465.7,25107.8,0.4264
8640.5,27775.8,8750.1,27839.8,0.4263
14907.2,38080.0,14948.6,38113.8,0.4262
23360.0,32895.5,23423.1,32957.5,0.4260
17104.8,5017.3,17142.5,5056.8,0.4260
14829.0,17617.1,14844.3,17634.6,0.4259
2489.3,44260.0,2557.0,44358.2,0.4257
7176.7,39152.9,7247.2,39252.4,0.4257
23404.1,21943.7,23417.1,21971.6,0.4256
16094.7,31272.4,16148.9,31334.1,0.4256
17257.2,42552.2,17314.3,42643.4,0.4254
7853.8,24524.2,7865.3,24534.5,0.4252
15244.4,15685.4,15286.3,15741.1,0.4251
5069.9,31026.1,5118.8,31141.1,0.4250
20843.7,48360.8,20918.7,48428.3,0.4250
27777.5,23009.6,27840.0,23037.8,0.4246
26367.7,19908.4,26397.7,19926.4,0.4246
21005.0,48362.2,21061.5,48425.2,0.4245
14882.1,18203.1,14912.0,18232.8,0.4243
2395.9,3651.1,2434.4,3679.9,0.4241
960.2,1879.9,1009.2,1920.0,0.4236
19882.9,13893.7,19950.2,13921.1,0.4235
20067.4,42289.8,20130.4,42330.1,0.4235
9804.1,19930.8,9815.0,19942.7,0.4234
21259.6,38103.8,21301.6,38139.5,0.4234
19733.2,45709.5,19840.0,45801.1,0.4233
19942.0,34568.4,19975.5,34586.7,0.4232
27863.6,6937.0,27888.7,6959.3,0.4232
9819.9,5233.6,9846.4,5252.6,0.4231
12962.7,49600.0,13023.7,49624.1,0.4231
16974.5,35944.6,17035.3,36015.9,0.4230
27185.0,17656.4,27246.9,17713.6,0.4228
8925.6,944.6,8948.1,964.5,0.4226
14323.0,18880.0,14398.1,18936.6,0.4226
20006.2,45760.0,20088.1,45815.2,0.4226
25470.7,15206.6,25488.1,15229.7,0.4225
19312.8,41859.9,19358.3,41896.4,0.4225
10880.9,33920.0,10913.8,33967.6,0.4224
178.2,41794.2,252.5,41886.3,0.4223
23200.1,47321.6,23240.4,47353.7,0.4222
17383.8,36160.0,17425.0,36200.9,0.4222
20797.0,42852.4,20808.6,42877.1,0.4222
26657.4,26520.2,26685.8,26556.7,0.4221
8730.8,8966.4,8790.3,9021.0,0.4221
5628.7,39710.7,5731.4,39773.7,0.4221
20372.7,7618.0,20479.5,7680.0,0.4216
2507.5,1280.6,2569.8,1337.4,0.4215
14754.7,49693.1,14823.5,49765.2,0.4215
15571.6,18497.0,15581.4,18542.2,0.4214
9008.1,14071.6,9028.6,14094.0,0.4212
10313.8,28400.2,10370.8,28449.6,0.4210
15276.5,24095.8,15296.1,24107.3,0.4209
26771.5,15265.9,26784.0,15282.4,0.4207
28818.6,15665.2,28828.5,15680.0,0.4203
12619.8,30273.2,12655.9,30339.3,0.4202
17232.6,37428.4,17280.0,37482.1,0.4202
10240.0,47646.3,10257.1,47680.0,0.4199
26012.8,5625.6,26056.4,5642.7,0.4196
12234.3,46273.6,12289.5,46325.5,0.4192
28058.5,6431.0,28068.6,6475.8,0.4191
9281.1,21135.9,9295.1,21150.0,0.4191
17017.7,41863.9,17054.6,41913.1,0.4188
5120.0,42854.6,5137.1,42880.0,0.4186
27786.4,24326.4,27838.6,24367.9,0.4186
8001.1,50110.4,8021.2,50180.2,0.4186
22938.2,32281.4,22953.6,32304.0,0.4184
2562.0,12186.0,2576.7,12234.3,0.4183
8000.2,50525.8,8020.1,50560.0,0.4181
27296.5,29953.5,27324.2,29992.0,0.4177
15341.3,1951.9,15366.5,2007.2,0.4176
8888.3,45804.4,8979.3,45879.4,0.4176
18106.1,50514.7,18169.4,50544.9,0.4176
13897.9,51114.7,13908.1,51129.5,0.4175
8248.0,24036.5,8280.3,24076.8,0.4171
18426.9,39913.4,18486.1,39980.7,0.4166
10435.6,29589.2,10496.2,29653.0,0.4161
26224.5,5568.5,26267.5,5586.4,0.4160
4582.5,5666.4,4640.4,5694.5,0.4160
22515.0,28792.7,22588.0,28859.6,0.4160
16467.8,40355.0,16532.0,40403.5,0.4152
10786.7,4109.6,10804.7,4145.4,0.4152
15807.1,25613.9,15840.4,25647.7,0.4151
15579.8,17186.7,15592.0,17230.1,0.4150
5566.6,49587.3,5628.7,49671.2,0.4145
19419.4,33671.7,19477.4,33706.9,0.4141
15292.9,36144.3,15347.8,36188.5,0.4139
9078.9,13210.4,9106.9,13231.1,0.4137
10240.4,34881.3,10340.5,34991.9,0.4136
12423.8,30264.0,12495.2,30343.6,0.4136
9664.0,9535.2,9739.9,9596.7,0.4134
15923.9,40797.0,15967.1,40820.6,0.4134
16266.5,41200.2,16318.3,41273.4,0.4132
7819.6,6198.8,7860.9,6230.8,0.4132
14842.4,7576.3,14873.5,7602.6,0.4132
16913.8,27474.6,16959.7,27489.1,0.4131
14822.0,49839.7,14897.1,49909.8,0.4130
18881.1,49280.0,18947.9,49317.6,0.4127
18673.5,44511.0,18773.2,44572.0,0.4125
19332.7,37631.6,19398.6,37688.3,0.4120
7730.8,9360.7,7794.4,9412.7,0.4120
2631.7,38633.6,2665.5,38655.1,0.4117
17383.2,27835.2,17428.0,27866.4,0.4116
14396.5,26880.5,14480.1,26924.3,0.4116
28068.5,5791.2,28105.9,5822.7,0.4114
12870.6,33630.2,12950.3,33694.9,0.4110
28871.1,39672.3,28927.7,39701.0,0.4108
18269.0,46735.6,18343.3,46796.2,0.4108
8320.0,51165.7,8336.6,51200.0,0.4107
8854.3,10728.0,8960.0,10809.1,0.4105
5858.9,14130.8,5906.0,14174.6,0.4105
9538.4,9920.0,9585.2,9964.9,0.4104
12603.7,48906.9,12666.9,48998.4,0.4099
15186.0,31513.1,15232.1,31559.2,0.4098
9807.9,8009.4,9840.8,8041.8,0.4097
18441.1,27123.3,18544.0,27163.1,0.4094
8626.8,22890.4,8640.4,22901.5,0.4089
21354.3,49513.1,21411.5,49543.2,0.4085
27709.5,23718.3,27754.2,23765.4,0.4082
28700.0,11419.6,28729.9,11445.4,0.4081
15997.7,21321.2,16039.2,21351.3,0.4080
24320.2,47727.9,24375.7,47785.7,0.4079
18283.7,3520.0,18329.5,3557.6,0.4077
8320.0,9920.0,8360.1,9971.3,0.4076
8299.4,33962.0,8361.8,33988.6,0.4075
23475.8,37593.7,23517.8,37635.2,0.4070
20800.7,34202.2,20864.5,34240.0,0.4068
15530.6,18796.7,15540.0,18842.9,0.4067
1986.6,46881.7,2038.5,46894.5,0.4066
8716.9,50028.1,8729.3,50042.1,0.4065
26047.2,32062.2,26102.3,32109.6,0.4061
8822.2,50284.0,8833.1,50294.3,0.4060
10203.8,29545.2,10240.0,29574.8,0.4060
23362.8,21793.4,23456.5,21858.3,0.4057
15535.7,18998.2,15546.0,19042.5,0.4057
21526.1,25600.0,21624.7,25643.3,0.4054
20743.3,46879.9,20799.8,46918.5,0.4051
26774.0,5233.6,26820.2,5250.3,0.4050
27463.5,1266.2,27519.4,1294.7,0.4049
8753.1,22539.4,8768.5,22560.2,0.4046
14336.8,36802.6,14399.2,36838.3,0.4045
22540.9,22474.0,22647.1,22560.6,0.4043
8468.2,220.6,8550.8,285.6,0.4043
20480.7,43185.2,20546.2,43268.3,0.4043
9742.0,9628.5,9805.8,9688.4,0.4042
17190.8,31262.8,17280.0,31368.1,0.4042
25848.7,30074.6,25918.0,30146.4,0.4038
17094.4,28905.5,17153.8,28954.3,0.4037
26614.4,107.0,26627.1,114.6,0.4036
25866.3,5573.6,25909.3,5593.0,0.4035
17226.8,15272.6,17274.8,15289.4,0.4035
20679.5,26869.3,20710.3,26902.7,0.4034
19746.6,19520.0,19807.8,19548.5,0.4033
19520.0,42207.1,19590.5,42240.0,0.4030
18442.8,50232.8,18497.3,50263.1,0.4030
19200.0,46426.3,19267.6,46517.4,0.4029
8000.0,19814.4,8016.9,19840.0,0.4026
22351.6,38060.2,22422.5,38125.1,0.4025
8640.1,47645.1,8656.9,47679.9,0.4020
23366.6,21889.0,23383.1,21906.0,0.4019
13471.7,5593.2,13496.1,5621.2,0.4019
22784.1,32369.9,22817.3,32427.6,0.4018
18881.4,26560.4,18901.9,26595.3,0.4018
10107.6,8643.9,10135.2,8661.6,0.4016
16379.3,22062.7,16419.4,22080.0,0.4016
8321.2,32906.0,8385.6,32957.7,0.4012
14397.6,1603.4,14439.4,1629.6,0.4012
28407.8,31928.2,28476.4,31997.9,0.4011
4248.6,37485.1,4339.9,37562.4,0.4005
28557.6,43312.8,28568.7,43358.6,0.4002
21505.2,49049.8,21576.0,49080.6,0.3998
14688.6,18836.8,14720.0,18875.3,0.3997
8320.0,22663.2,8336.9,22720.0,0.3995
15384.5,16788.7,15396.1,16832.5,0.3993
17665.0,19617.1,17708.6,19678.3,0.3992
17827.0,30810.5,17869.8,30844.3,0.3988
28601.8,13082.8,28665.0,13120.0,0.3988
21239.3,48945.8,21287.5,48987.2,0.3986
15924.9,18020.6,15935.3,18060.6,0.3986
13313.0,33304.4,13369.5,33357.8,0.3985
17969.4,26560.0,18017.2,26609.5,0.3976
9358.1,51149.5,9372.3,51162.0,0.3975
17705.0,35524.7,17733.2,35550.6,0.3975
8554.9,35460.6,8579.6,35507.8,0.3974
3416.0,7945.0,3519.4,8000.0,0.3973
15573.4,20760.8,15601.6,20803.7,0.3972
19827.7,32213.7,19864.4,32241.8,0.3970
21380.7,48243.8,21438.3,48290.4,0.3966
19281.2,41702.6,19349.5,41784.1,0.3966
24363.8,12353.7,24394.0,12384.7,0.3966
25301.3,33523.0,25366.9,33550.3,0.3965
13120.0,30761.7,13174.3,30822.1,0.3964
25290.1,46859.6,25340.5,46921.9,0.3963
27907.8,4882.7,27951.7,4899.4,0.3963
10240.0,47962.2,10256.8,47999.7,0.3961
27338.7,873.7,27353.2,885.4,0.3959
5920.9,15374.3,5954.9,15402.3,0.3952
11677.5,20883.3,11702.8,20933.3,0.3951
8612.3,49116.5,8631.0,49141.9,0.3951
13154.4,5306.1,13210.7,5336.4,0.3949
17064.3,26252.4,17112.5,26287.5,0.3949
19841.0,25920.1,19903.1,26023.3,0.3948
16836.4,35200.0,16896.9,35252.9,0.3947
16901.5,36741.3,16958.7,36792.9,0.3943
16009.2,18416.2,16020.1,18455.5,0.3940
22921.4,21880.8,22996.4,21915.8,0.3935
22806.4,32239.6,22897.5,32314.0,0.3934
24960.0,48000.2,25019.3,48123.7,0.3932
6049.7,13207.7,6075.2,13235.5,0.3929
9117.4,21484.3,9129.0,21495.2,0.3928
27922.1,5169.3,27993.5,5195.6,0.3927
17872.6,25272.8,17945.7,25340.6,0.3927
4157.5,6415.7,4200.0,6442.8,0.3927
13751.7,36664.8,13788.0,36715.5,0.3924
13936.1,21264.5,13975.5,21299.4,0.3923
20565.3,48286.2,20618.2,48321.0,0.3922
13120.0,50505.5,13139.5,50560.0,0.3921
12505.4,26370.4,12533.8,26389.5,0.3920
27163.5,34825.0,27200.0,34900.9,0.3917
15076.3,20194.2,15104.2,20226.8,0.3916
20425.4,34319.0,20480.0,34379.3,0.3915
27200.0,21931.4,27296.5,22017.9,0.3915
21016.3,48766.2,21112.9,48833.3,0.3910
27291.1,5058.9,27334.3,5073.6,0.3910
12676.5,21793.8,12723.7,21848.8,0.3907
6704.4,14836.6,6720.0,14865.9,0.3907
12327.6,45994.4,12411.6,46079.2,0.3906
21910.7,23113.6,21995.1,23151.2,0.3905
13343.3,50761.2,13415.3,50821.2,0.3902
5740.6,12739.7,5769.5,12771.8,0.3899
28056.2,8196.7,28099.1,8233.1,0.3898
21494.3,820.3,21505.1,830.8,0.3898
23986.4,34352.1,24049.2,34388.8,0.3894
19861.9,44160.8,19927.1,44204.1,0.3894
13120.0,9600.9,13180.0,9643.8,0.3892
13888.5,21006.4,13975.0,21080.5,0.3887
15804.8,49581.7,15828.9,49599.7,0.3886
13920.0,12498.9,13970.6,12549.3,0.3885
22451.3,34900.6,22497.3,34943.7,0.3885
21251.5,47967.9,21316.3,48000.0,0.3884
22244.5,47909.4,22272.2,47946.8,0.3883
27200.8,40320.0,27266.7,40377.7,0.3883
16012.5,32552.2,16061.6,32594.9,0.3879
26796.0,9908.9,26841.6,9950.5,0.3878
19200.0,49065.7,19247.9,49208.1,0.3876
8960.9,10965.9,9026.1,11038.1,0.3869
24856.3,17662.1,24911.2,17705.2,0.3869
15174.4,31618.9,15246.9,31679.9,0.3867
8836.1,22222.0,8849.3,22238.5,0.3865
16960.6,32321.8,16981.1,32403.3,0.3865
4125.2,2760.8,4160.0,2794.8,0.3865
9103.7,21505.5,9117.1,21517.3,0.3864
13474.5,17920.0,13520.6,17987.3,0.3862
26514.3,18133.9,26575.8,18178.7,0.3861
14803.7,37976.1,14875.9,38071.5,0.3856
10262.0,33645.0,10331.1,33692.1,0.3856
19766.9,26736.4,19839.0,26781.6,0.3852
18278.0,24887.1,18354.5,24969.8,0.3850
3093.3,8480.1,3120.4,8498.2,0.3849
21313.7,19891.1,21365.3,19918.7,0.3848
17383.7,25144.7,17446.3,25168.7,0.3847
25992.9,37297.2,26004.5,37318.4,0.3843
25253.3,44098.1,25279.7,44159.2,0.3842
7846.5,24544.3,7860.9,24553.3,0.3841
27985.1,3649.6,28004.7,3666.1,0.3839
4160.0,9087.9,4215.4,9193.5,0.3830
4800.4,23304.3,4818.8,23359.7,0.3825
24931.4,49655.1,24959.0,49721.9,0.3823
25023.2,39808.4,25043.4,39842.9,0.3823
641.4,29703.9,660.2,29760.0,0.3822
640.9,13120.0,719.2,13180.9,0.3821
23488.6,22068.7,23553.7,22120.5,0.3821
24186.6,35784.9,24251.6,35819.2,0.3820
9032.5,9825.2,9073.9,9856.2,0.3819
4236.1,13035.3,4252.4,13052.3,0.3819
17894.7,35843.5,17950.9,35912.0,0.3818
25778.9,15190.9,25808.9,15208.8,0.3816
11393.4,29357.7,11464.7,29414.3,0.3816
18075.1,19912.0,18128.1,19941.0,0.3815
8693.2,28506.7,8767.5,28589.0,0.3813
4088.6,4084.5,4124.1,4109.8,0.3812
14404.9,13888.0,14447.4,13934.9,0.3811
15483.8,48860.8,15530.9,48910.2,0.3810
18267.6,25280.0,18307.0,25327.0,0.3810
23162.6,46999.5,23205.2,47037.3,0.3809
280.7,5665.2,325.8,5706.8,0.3807
11448.0,20868.3,11512.2,20911.2,0.3806
26354.1,20329.3,26386.8,20361.0,0.3806
22134.3,2560.0,22191.6,2591.0,0.3806
16600.0,4737.3,16640.0,4767.4,0.3805
26325.5,8944.6,26357.9,8963.5,0.3803
4659.1,4783.1,4706.7,4843.3,0.3803
2889.4,11128.7,2950.4,11196.2,0.3801
27200.0,12500.2,27216.9,12528.7,0.3798
20243.4,24080.0,20286.9,24102.2,0.3797
8000.0,23649.9,8016.5,23680.0,0.3795
19359.2,27464.9,19434.8,27493.4,0.3793
22246.9,42346.4,22312.6,42384.9,0.3792
4861.5,3956.1,4917.8,4019.7,0.3792
22789.3,22504.4,22849.5,22544.2,0.3791
28308.5,4715.6,28352.4,4733.4,0.3790
27840.0,22400.0,27908.6,22489.0,0.3790
8715.3,22661.0,8726.1,22673.7,0.3790
20138.6,16774.6,20177.1,16799.4,0.3787
8693.1,49958.8,8703.8,49970.7,0.3785
320.0,21090.8,337.3,21120.0,0.3781
28365.5,16731.3,28435.8,16781.5,0.3781
9220.6,21258.7,9235.5,21269.5,0.3779
18707.7,27520.7,18754.3,27563.3,0.3779
8353.3,6776.0,8395.1,6810.6,0.3778
26452.2,22158.0,26493.1,22193.1,0.3775
10973.7,9167.6,10999.1,9199.8,0.3775
12177.9,25081.9,12232.1,25128.0,0.3774
17513.4,34504.9,17561.8,34532.6,0.3773
9271.2,21161.5,9287.7,21171.3,0.3772
19846.2,34657.7,19897.6,34704.3,0.3769
10476.9,33512.5,10512.8,33533.7,0.3768
17213.0,4937.1,17275.3,4971.2,0.3766
23951.6,21928.4,24000.0,21992.1,0.3763
8108.9,6580.1,8144.9,6626.7,0.3762
23046.2,32344.0,23120.7,32367.2,0.3760
9966.5,969.2,9980.1,983.2,0.3759
8702.0,22690.9,8719.8,22715.3,0.3758
3670.6,6473.9,3773.3,6541.0,0.3756
26850.3,31360.0,26880.0,31399.1,0.3756
24928.7,39680.3,24976.6,39710.9,0.3754
21669.4,47629.8,21692.1,47656.9,0.3753
2235.7,26609.4,2287.5,26674.4,0.3753
10244.1,34880.0,10392.2,34921.3,0.3752
19483.2,26819.2,19556.0,26853.1,0.3751
28197.1,21888.0,28218.1,21915.8,0.3749
4069.9,49988.0,4144.1,50051.3,0.3745
7319.9,29947.5,7360.0,30055.8,0.3743
7473.7,5839.1,7507.8,5893.2,0.3742
5448.5,48339.1,5521.3,48427.8,0.3741
13799.2,20712.5,13826.0,20743.0,0.3740
18996.5,34920.4,19009.0,34938.0,0.3739
28428.2,13676.9,28440.1,13697.3,0.3739
27135.3,41280.1,27264.4,41319.3,0.3738
14601.5,30550.3,14710.1,30635.7,0.3734
21055.3,296.3,21119.2,376.3,0.3733
11324.8,3937.3,11379.1,3983.6,0.3733
10188.9,32362.0,10238.5,32394.9,0.3731
11098.2,9129.4,11151.3,9165.9,0.3731
13416.7,42848.5,13438.2,42878.9,0.3730
18697.0,24866.1,18790.3,24932.5,0.3729
28220.6,8839.3,28270.6,8873.0,0.3728
4042.5,43484.1,4103.5,43585.4,0.3727
9228.7,8907.2,9244.5,8922.1,0.3727
1470.2,25039.4,1553.3,25091.9,0.3725
13060.7,21563.6,13115.4,21608.4,0.3722
9370.9,20834.2,9382.9,20846.1,0.3721
16584.7,7659.0,16645.2,7680.0,0.3719
19931.6,48506.4,19985.8,48544.9,0.3717
27097.7,24825.2,27141.4,24858.4,0.3715
1920.1,21731.7,1938.0,21759.9,0.3710
17074.7,19256.5,17138.9,19297.9,0.3707
21858.3,33280.0,22006.4,33332.2,0.3707
15734.4,19490.1,15758.3,19522.3,0.3706
19178.9,20480.0,19228.3,20554.9,0.3702
5842.5,33236.6,5912.8,33305.2,0.3700
18528.2,46080.0,18576.1,46164.9,0.3699
8000.1,21410.7,8016.7,21439.9,0.3699
21568.3,34730.0,21618.2,34764.1,0.3694
15136.8,12423.1,15185.2,12458.5,0.3689
8000.1,23010.0,8016.8,23040.0,0.3688
11520.0,49569.7,11536.0,49600.0,0.3687
16501.2,25416.7,16604.1,25486.2,0.3682
4428.5,34121.6,4477.9,34177.9,0.3681
5164.1,38819.7,5223.0,38887.8,0.3681
15698.2,18395.1,15708.1,18438.7,0.3681
14147.8,27066.3,14219.3,27135.6,0.3680
10240.1,50209.5,10256.9,50239.9,0.3679
15710.6,18697.5,15721.8,18743.3,0.3679
3690.8,48809.1,3763.8,48841.1,0.3677
18825.4,44754.2,18880.0,44811.5,0.3673
27604.6,11458.0,27630.4,11481.0,0.3673
16856.4,35336.7,16905.8,35399.5,0.3673
15596.3,20963.6,15608.6,21010.7,0.3673
15259.0,16295.2,15271.0,16338.7,0.3672
26173.9,5478.0,26219.3,5499.0,0.3672
14972.1,24478.9,15039.9,24531.2,0.3671
26266.6,5417.6,26319.0,5455.1,0.3669
20801.6,42880.0,20832.6,42924.9,0.3669
8320.0,33886.0,8336.1,33920.0,0.3662
11084.0,49218.3,11110.9,49253.5,0.3661
17303.4,2466.7,17337.9,2496.0,0.3661
17867.6,40454.3,17918.1,40501.9,0.3660
19082.1,42379.2,19118.4,42433.7,0.3659
14572.4,46110.6,14641.5,46176.3,0.3658
17444.8,41842.7,17508.6,41887.7,0.3658
8851.5,22156.4,8864.3,22168.3,0.3656
15775.5,26790.2,15801.0,26812.4,0.3654
28026.8,31577.0,28060.5,31610.5,0.3650
7946.1,35115.2,8001.8,35199.7,0.3647
8591.8,11093.5,8645.6,11154.7,0.3644
27940.1,12204.5,27967.5,12251.9,0.3643
12161.2,50663.5,12192.6,50693.2,0.3643
18883.8,16600.7,18956.0,16632.3,0.3637
7680.5,12971.4,7723.9,13031.8,0.3635
15602.5,38968.7,15646.0,39006.9,0.3626
26036.4,31840.0,26101.6,31903.4,0.3624
18062.8,50432.1,18124.3,50464.5,0.3623
17900.8,33523.9,17933.1,33553.0,0.3622
6234.7,33040.7,6284.8,33076.2,0.3621
16338.9,21846.4,16383.8,21878.5,0.3620
14865.3,19821.8,14918.9,19840.0,0.3619
26809.8,9313.8,26875.3,9347.7,0.3619
8937.2,50619.5,8959.8,50642.5,0.3618
9225.5,43114.7,9267.2,43173.5,0.3617
3239.6,32632.9,3324.1,32683.4,0.3616
24320.1,21120.0,24419.2,21163.7,0.3615
9920.9,29102.9,9989.6,29120.0,0.3611
20187.3,33371.5,20238.5,33383.0,0.3609
19156.8,36232.7,19217.6,36278.6,0.3609
4028.1,2840.4,4086.1,2878.1,0.3605
13343.2,8120.3,13435.2,8184.9,0.3605
15746.4,34888.7,15810.8,34981.0,0.3604
22654.4,26560.2,22718.4,26591.3,0.3604
27524.9,1136.1,27535.8,1149.2,0.3602
14781.1,15991.5,14830.0,16017.0,0.3601
18381.4,34217.1,18440.1,34251.6,0.3601
22231.9,42560.9,22380.3,42604.3,0.3601
19998.1,49007.8,20077.0,49065.8,0.3600
5809.4,4480.0,5845.8,4502.3,0.3599
24107.3,13691.8,24214.3,13759.8,0.3599
19413.8,29989.3,19490.1,30061.7,0.3598
8754.6,22539.5,8768.0,22550.3,0.3593
11840.1,49886.1,11858.0,49920.0,0.3593
18140.2,38329.5,18172.8,38363.7,0.3592
28827.9,43176.3,28863.9,43206.9,0.3592
16624.3,326.3,16639.5,351.3,0.3591
26758.6,23578.1,26817.6,23648.4,0.3590
9920.0,48926.1,9937.7,48960.0,0.3589
9530.7,43756.2,9594.3,43840.0,0.3589
15588.2,24287.9,15603.7,24318.7,0.3588
18240.2,25600.0,18257.2,25635.8,0.3587
6240.8,37450.0,6265.4,37481.1,0.3587
10726.4,33513.2,10765.7,33527.2,0.3586
20127.3,11707.8,20151.4,11738.8,0.3585
27378.0,26248.7,27437.7,26301.4,0.3585
17819.3,26880.0,17872.9,26926.6,0.3582
9551.2,9085.3,9654.8,9137.8,0.3581
23069.0,20143.6,23138.4,20211.7,0.3580
20738.7,46959.5,20798.8,47024.2,0.3579
25082.2,49412.1,25119.8,49458.2,0.3578
15595.3,24424.7,15617.6,24455.1,0.3578
3916.5,4818.8,3929.6,4832.5,0.3578
15892.7,38434.7,15941.4,38470.1,0.3575
15078.2,30420.5,15174.7,30518.8,0.3570
26939.0,20495.4,26984.3,20540.3,0.3569
21562.9,25920.0,21650.0,25955.4,0.3568
11965.6,22822.2,12021.4,22869.3,0.3568
322.1,27169.9,335.8,27200.0,0.3566
28034.9,11120.6,28051.2,11139.7,0.3564
20339.1,47033.0,20390.7,47076.4,0.3560
20480.8,46400.2,20540.7,46437.5,0.3557
8625.8,49505.3,8638.4,49545.3,0.3556
22554.9,30536.9,22612.7,30571.8,0.3555
25111.8,26397.6,25151.7,26431.5,0.3550
14743.5,29307.6,14835.1,29388.4,0.3549
19189.5,36311.2,19200.6,36331.5,0.3549
12004.2,6929.7,12020.8,6945.5,0.3548
13907.8,20844.0,13959.4,20906.2,0.3547
8735.1,19792.3,8749.5,19805.3,0.3546
15947.3,17725.0,15960.2,17771.9,0.3545
24960.0,41736.1,25029.5,41781.5,0.3542
15942.1,17625.6,15956.4,17671.1,0.3541
15380.0,45440.0,15460.1,45496.0,0.3541
21897.5,24220.0,21925.0,24246.3,0.3539
13743.0,12515.7,13760.0,12551.4,0.3538
16081.5,48679.3,16143.5,48715.4,0.3538
17425.4,34368.1,17492.5,34408.3,0.3537
809.4,46339.4,854.7,46350.5,0.3534
12397.4,10375.1,12432.2,10410.0,0.3534
9152.3,6187.7,9176.7,6218.2,0.3527
19032.6,40398.2,19098.1,40452.2,0.3527
5384.4,28299.6,5438.3,28314.2,0.3525
13612.0,38020.6,13641.4,38059.4,0.3522
21723.1,40395.2,21761.1,40422.2,0.3519
15352.8,37687.8,15407.2,37731.0,0.3519
15614.3,32256.3,15679.8,32280.5,0.3517
16640.4,37362.9,16732.0,37440.0,0.3516
14746.4,20853.9,14776.1,20880.8,0.3515
22286.0,50884.7,22330.7,50924.2,0.3515
28170.5,24032.2,28207.4,24069.4,0.3515
23360.2,13396.8,23379.5,13439.8,0.3514
17710.0,36170.3,17786.0,36201.4,0.3511
16706.2,4480.0,16773.1,4529.9,0.3511
27162.1,35318.3,27200.0,35395.1,0.3511
20100.4,11763.7,20126.2,11803.1,0.3510
17052.5,21743.7,17095.2,21760.0,0.3508
19511.7,20111.0,19559.3,20164.4,0.3505
15921.0,26073.2,15981.6,26136.1,0.3505
4378.5,2055.0,4406.1,2083.6,0.3504
23257.1,22062.6,23328.9,22080.0,0.3503
21290.8,51058.1,21333.9,51109.5,0.3500
8320.0,22696.0,8337.0,22720.0,0.3500
8000.1,22042.4,8018.1,22079.8,0.3498
6007.5,14928.3,6043.1,14956.1,0.3497
17494.3,35127.8,17538.8,35158.9,0.3495
4376.4,30234.5,4459.9,30331.8,0.3495
26113.6,5585.6,26156.6,5603.0,0.3494
17500.5,27059.9,17543.7,27086.5,0.3492
10560.0,49259.7,10576.9,49280.0,0.3489
28714.8,8711.5,28741.6,8742.2,0.3488
14570.6,29042.6,14601.7,29087.7,0.3486
16922.3,4775.6,16960.0,4816.9,0.3485
27648.5,22638.9,27688.7,22682.1,0.3485
19200.0,5760.0,19268.2,5841.7,0.3485
25908.2,20480.0,25920.0,20507.6,0.3485
26012.8,36978.7,26023.8,37000.9,0.3483
12264.1,30856.6,12323.1,30911.3,0.3481
19244.2,41637.0,19329.8,41711.5,0.3480
15585.3,18797.3,15596.1,18839.8,0.3478
13174.4,11353.5,13218.3,11416.3,0.3477
24811.7,28248.1,24858.9,28297.9,0.3475
10643.1,30162.6,10688.9,30210.9,0.3475
22533.7,12121.5,22593.8,12177.9,0.3474
28851.2,15263.9,28860.0,15284.6,0.3474
26572.2,19530.8,26586.0,19546.6,0.3474
27333.5,19475.5,27349.5,19487.9,0.3473
8021.6,6311.0,8090.1,6375.4,0.3473
25850.1,49872.2,25920.0,49902.9,0.3471
24268.8,8995.5,24295.9,9020.9,0.3471
28917.6,14459.2,28928.0,14479.8,0.3469
26163.7,5453.8,26207.6,5475.2,0.3468
14080.1,21903.7,14135.1,21968.9,0.3468
17859.8,26532.0,17918.7,26560.0,0.3465
11935.0,6979.2,11951.7,6993.2,0.3465
8874.2,50379.5,8888.2,50405.8,0.3464
19654.5,43502.9,19680.1,43520.0,0.3463
9387.4,27496.5,9441.7,27560.4,0.3462
18805.8,7671.6,18827.0,7691.2,0.3458
12801.1,49600.0,12865.7,49662.0,0.3458
27187.6,5091.5,27231.4,5110.6,0.3457
14080.5,6609.6,14117.5,6668.0,0.3457
28461.2,17197.7,28484.9,17217.4,0.3456
26685.5,23135.2,26727.5,23155.2,0.3455
18242.2,49486.9,18254.0,49514.2,0.3455
25379.1,44131.7,25393.9,44159.8,0.3448
8650.0,11116.4,8737.4,11190.6,0.3447
9530.7,22188.5,9573.9,22228.0,0.3447
19611.8,44389.9,19628.8,44408.0,0.3447
22400.0,2706.4,22455.1,2752.8,0.3446
13527.1,49117.9,13585.2,49155.5,0.3445
19448.2,22441.9,19515.1,22524.9,0.3442
28444.6,43184.9,28455.9,43219.8,0.3439
15485.2,24576.7,15495.4,24616.6,0.3436
18881.7,46680.6,18946.9,46720.0,0.3434
1811.0,9345.3,1836.0,9355.4,0.3434
20257.6,14785.4,20279.1,14806.9,0.3432
13926.3,18650.4,13939.3,18670.1,0.3430
25745.0,13041.2,25792.6,13076.2,0.3428
25966.5,36977.4,26001.1,36999.7,0.3428
17963.1,21170.0,17997.4,21198.6,0.3427
11738.1,48373.0,11781.4,48404.8,0.3427
8853.3,50343.3,8863.1,50355.1,0.3426
14674.2,9733.5,14712.4,9758.4,0.3426
5964.1,14232.1,6035.6,14285.7,0.3425
10541.3,16664.3,10598.7,16698.1,0.3421
1904.0,3558.7,1954.4,3594.3,0.3421
8027.8,30060.4,8082.1,30080.0,0.3414
8678.6,22741.4,8697.7,22781.4,0.3413
12822.3,21841.1,12880.3,21906.6,0.3413
11972.0,49609.1,12006.2,49643.0,0.3412
14573.9,19169.0,14587.2,19185.2,0.3412
28435.2,43297.2,28448.0,43331.5,0.3411
2424.5,33761.4,2481.8,33823.5,0.3410
9687.0,20152.2,9697.8,20162.6,0.3409
24960.0,41515.5,25030.0,41600.0,0.3408
15563.9,17086.6,15576.2,17129.3,0.3408
10560.1,48290.9,10577.3,48320.0,0.3406
18565.2,14545.0,18587.0,14588.3,0.3406
27370.7,25092.4,27428.5,25123.8,0.3406
28427.4,43404.1,28440.7,43437.2,0.3404
18332.5,15360.0,18389.3,15403.4,0.3398
26513.2,357.6,26559.1,386.3,0.3397
14175.1,27379.0,14216.9,27424.4,0.3397
24246.9,26081.7,24280.9,26109.0,0.3396
613.1,38156.9,665.8,38211.2,0.3392
15617.5,32131.4,15678.8,32178.3,0.3392
20161.5,46400.0,20248.8,46461.2,0.3392
18270.1,8712.6,18289.9,8731.5,0.3391
25962.7,23985.4,26024.7,24000.0,0.3390
12862.2,30272.0,12934.0,30326.5,0.3390
28764.1,15660.6,28773.8,15680.0,0.3390
8219.1,1784.7,8282.3,1842.8,0.3389
17338.4,1365.6,17388.2,1413.2,0.3385
20129.9,33464.5,20181.4,33488.5,0.3384
19458.9,26915.5,19500.4,26941.0,0.3381
22581.1,28978.4,22621.4,29012.9,0.3379
20625.9,16386.4,20680.1,16471.2,0.3379
1960.1,34115.7,2015.4,34182.3,0.3378
25963.7,5533.5,26006.3,5554.7,0.3377
9078.6,50719.0,9088.5,50729.6,0.3375
22395.4,37418.2,22433.1,37452.1,0.3375
895.7,22032.6,957.3,22080.0,0.3374
22893.7,20075.0,23018.8,20174.0,0.3374
20445.2,11096.4,20471.9,11130.9,0.3373
28194.5,30774.7,28269.6,30861.3,0.3372
21708.6,21515.7,21758.7,21551.9,0.3371
22139.9,50215.4,22199.7,50285.9,0.3370
15539.8,18396.3,15549.7,18441.1,0.3360
9022.7,50629.0,9040.8,50657.3,0.3356
17868.0,25411.2,17927.9,25464.3,0.3356
20366.6,44958.5,20426.6,44995.3,0.3355
134.2,39224.4,164.2,39249.6,0.3352
18881.9,48691.7,18950.9,48765.6,0.3351
27552.1,5103.6,27595.8,5120.0,0.3351
28405.5,25074.1,28465.7,25108.7,0.3351
6135.9,5120.0,6173.7,5130.4,0.3350
15500.3,18196.5,15511.8,18242.1,0.3350
19036.6,47681.7,19054.0,47696.0,0.3349
14400.0,23963.3,14416.6,24000.0,0.3348
5561.9,38761.3,5611.1,38838.5,0.3347
24904.4,40435.1,24959.2,40485.9,0.3346
2750.2,4082.9,2810.5,4126.1,0.3345
15483.5,20457.7,15496.2,20480.0,0.3344
27840.0,24324.6,27879.1,24395.5,0.3343
24794.9,24376.8,24858.2,24427.5,0.3341
17241.6,34479.9,17278.4,34512.0,0.3341
22156.0,47967.7,22186.4,47995.9,0.3341
26869.2,15374.0,26879.8,15395.4,0.3340
25421.1,47021.8,25451.7,47051.6,0.3339
15967.3,48675.1,16054.4,48721.2,0.3337
3201.6,12981.3,3222.3,13007.6,0.3336
640.2,42799.9,658.6,42880.0,0.3334
25108.5,48505.0,25209.4,48583.2,0.3334
24010.6,48374.5,24083.8,48443.6,0.3332
19990.9,49483.5,20025.2,49515.2,0.3332
14713.9,30963.6,14778.1,31038.7,0.3328
20818.5,23026.2,20863.9,23051.7,0.3327
9729.5,20061.8,9746.3,20071.6,0.3326
23992.5,23419.8,24004.3,23435.1,0.3325
22989.3,34841.3,23039.7,34879.0,0.3325
10668.4,525.7,10695.9,559.6,0.3324
14061.4,22937.0,14104.0,22977.2,0.3323
3794.0,13535.5,3840.0,13592.6,0.3322
15820.0,19031.0,15828.9,19052.0,0.3322
17165.6,40300.2,17189.4,40320.0,0.3321
26561.7,880.0,26576.9,900.2,0.3321
28475.4,42686.3,28487.9,42716.9,0.3320
12630.7,10946.7,12664.6,10983.8,0.3318
16001.0,20378.2,16024.7,20449.1,0.3317
228.6,7491.6,255.4,7519.3,0.3316
18306.4,21264.9,18368.7,21301.4,0.3316
27771.0,9128.9,27810.3,9157.8,0.3316
28715.2,24369.6,28756.6,24397.4,0.3314
12056.9,28783.5,12131.1,28800.0,0.3313
8960.3,19892.4,8978.8,19959.7,0.3313
0.0,28775.1,20.7,28800.0,0.3308
15723.2,19203.8,15732.1,19248.6,0.3307
14495.3,31560.6,14551.2,31620.1,0.3304
17604.0,13860.4,17663.7,13902.6,0.3303
13482.1,36676.2,13536.1,36710.7,0.3303
23845.1,33446.3,23906.7,33483.3,0.3301
5440.5,4373.0,5474.8,4435.0,0.3299
17688.4,47682.1,17731.4,47736.4,0.3298
18241.8,24818.7,18300.6,24842.8,0.3296
15606.1,21228.1,15679.4,21262.9,0.3296
2986.6,1737.3,3023.0,1785.4,0.3295
15661.9,24960.0,15680.0,25021.2,0.3295
26475.4,36639.2,26558.0,36752.8,0.3292
4185.4,38185.2,4237.9,38246.5,0.3291
25966.2,36978.4,25979.3,36997.3,0.3290
27723.3,9798.3,27781.8,9819.7,0.3287
20675.2,48266.5,20737.7,48315.3,0.3287
14333.4,18210.2,14342.4,18267.9,0.3287
13497.3,22424.0,13546.2,22488.3,0.3287
11778.6,48497.2,11822.6,48526.6,0.3286
28062.2,362.3,28076.3,381.8,0.3285
16000.0,17633.7,16010.5,17666.3,0.3285
15382.5,21562.1,15393.8,21582.2,0.3281
10134.7,8680.8,10176.0,8715.7,0.3281
17842.8,41916.7,17891.6,41952.8,0.3280
15717.9,18900.1,15729.4,18945.5,0.3280
9159.9,9425.6,9214.4,9472.1,0.3280
18241.5,25920.2,18260.7,25958.3,0.3279
17280.8,47040.2,17364.4,47149.5,0.3278
28674.3,31354.9,28691.6,31372.4,0.3278
17732.6,48746.3,17775.3,48780.8,0.3278
15656.2,18819.3,15670.4,18878.5,0.3277
17819.2,41328.8,17866.2,41384.5,0.3276
10191.6,34055.0,10204.6,34091.3,0.3276
25852.4,14080.0,25918.2,14140.5,0.3276
24708.4,50684.7,24742.5,50745.3,0.3275
7541.3,35278.1,7584.2,35335.0,0.3274
16997.8,7270.4,17014.6,7299.7,0.3274
2331.8,2970.3,2351.9,2996.9,0.3272
22197.0,35103.0,22249.3,35125.7,0.3271
26153.8,19673.8,26221.2,19736.1,0.3271
18647.7,2283.5,18678.2,2302.0,0.3270
15506.5,18123.2,15536.0,18173.2,0.3266
16058.4,14859.8,16078.3,14876.0,0.3265
12970.4,11103.4,13024.2,11155.9,0.3262
17920.0,22253.2,17930.1,22290.5,0.3261
22763.6,15833.4,22789.7,15907.9,0.3261
27446.4,26305.9,27518.7,26396.4,0.3260
14508.5,31901.3,14535.2,31934.4,0.3259
7051.9,5467.1,7090.8,5505.3,0.3258
28544.8,10043.6,28585.4,10067.4,0.3257
10170.1,3568.1,10212.5,3602.7,0.3257
11089.7,16594.5,11128.8,16627.7,0.3256
24247.5,26081.1,24314.0,26110.8,0.3256
374.5,47794.8,432.7,47848.7,0.3254
5930.1,15250.4,5960.1,15280.8,0.3254
13941.4,18491.0,13951.5,18512.6,0.3254
19913.0,47160.2,19958.3,47217.7,0.3253
15610.6,48923.3,15633.9,48946.8,0.3251
14721.0,38058.0,14809.4,38168.1,0.3250
14032.5,22527.5,14097.0,22571.8,0.3249
22354.6,38081.5,22400.0,38127.4,0.3248
15544.8,5886.1,15602.1,5937.4,0.3246
19757.7,10952.3,19831.3,11007.2,0.3245
28037.8,11540.3,28052.4,11569.1,0.3241
22573.7,32579.2,22636.3,32604.7,0.3237
12119.6,50639.4,12189.8,50691.1,0.3236
18530.8,34460.7,18555.0,34476.6,0.3235
28153.6,11557.0,28167.2,11569.3,0.3233
20272.4,26568.4,20291.5,26589.0,0.3232
15632.7,19640.7,15644.0,19683.7,0.3231
14915.1,49178.8,14976.0,49207.2,0.3225
363.1,10439.8,411.8,10488.9,0.3225
11520.0,9559.9,11531.1,9581.2,0.3223
26089.1,35663.5,26100.1,35699.6,0.3223
13440.9,50240.0,13495.9,50299.2,0.3222
10123.3,6109.0,10184.9,6166.3,0.3217
26423.8,9976.8,26521.6,10022.7,0.3215
16004.4,17437.0,16031.4,17479.7,0.3214
4125.4,2760.5,4195.6,2807.6,0.3213
24634.7,26280.0,24660.0,26310.9,0.3212
4407.6,30353.0,4499.6,30464.2,0.3211
16329.6,21746.4,16386.5,21787.8,0.3210
8773.9,32584.1,8887.8,32640.0,0.3210
7680.1,22036.4,7696.7,22079.7,0.3210
7680.0,50927.4,7701.1,50988.6,0.3210
28102.1,31247.1,28135.4,31268.6,0.3208
4495.5,3281.0,4557.7,3323.9,0.3207
20800.1,34746.0,20862.5,34788.7,0.3205
26019.2,37225.4,26054.8,37245.9,0.3205
21123.4,11365.5,21178.4,11412.2,0.3203
11292.3,9335.9,11327.7,9367.7,0.3202
18384.6,38990.9,18458.7,39053.8,0.3201
15962.0,30721.0,16038.8,30821.8,0.3201
2965.4,6080.2,3018.3,6120.1,0.3198
26240.0,19840.0,26304.2,19900.0,0.3198
18901.7,48449.3,18967.3,48510.2,0.3194
8942.6,21859.3,8953.5,21871.5,0.3193
16196.7,32199.7,16261.1,32215.4,0.3191
12134.6,50550.9,12159.7,50594.8,0.3189
25441.0,34697.1,25499.9,34730.6,0.3189
14101.6,12866.6,14147.7,12916.3,0.3187
4440.5,5823.6,4480.0,5862.9,0.3187
10257.6,41898.3,10280.1,41944.3,0.3181
8894.9,590.4,8958.7,710.9,0.3180
14051.6,2862.8,14086.2,2880.0,0.3179
25231.6,26445.2,25280.0,26475.3,0.3179
8724.9,50051.9,8735.2,50062.1,0.3178
24321.4,15422.6,24340.1,15474.3,0.3173
15951.1,18240.0,15986.2,18268.2,0.3172
25385.9,19609.0,25437.9,19638.6,0.3171
6818.1,34776.1,6861.0,34799.8,0.3170
5576.8,11809.0,5589.3,11825.4,0.3169
27496.9,20735.2,27519.2,20792.5,0.3167
8764.1,50155.0,8782.9,50171.4,0.3165
11575.9,9763.5,11657.7,9822.0,0.3164
14743.0,5154.8,14834.5,5244.2,0.3163
14400.0,25857.7,14419.5,25920.0,0.3163
19016.0,34809.5,19062.6,34875.8,0.3163
18560.1,47337.3,18586.4,47360.0,0.3159
3520.0,2220.8,3566.1,2279.8,0.3157
2825.6,10812.2,2843.0,10852.5,0.3155
17929.1,4772.7,17981.3,4799.9,0.3154
15522.7,18597.4,15532.0,18642.4,0.3153
18482.8,26453.1,18558.5,26558.7,0.3153
8658.1,49807.9,8673.6,49830.9,0.3152
15337.4,16697.5,15351.2,16736.6,0.3151
22674.2,34573.3,22720.0,34603.3,0.3150
13313.4,49921.0,13437.8,49958.8,0.3150
15693.4,19001.6,15703.7,19046.3,0.3148
7680.1,22596.0,7697.2,22658.6,0.3145
21323.3,1784.7,21339.0,1805.0,0.3144
20507.9,41209.2,20535.5,41222.4,0.3143
25622.4,5792.5,25679.5,5825.5,0.3142
21508.1,50520.3,21549.8,50559.4,0.3142
28672.7,35905.6,28708.4,35925.1,0.3140
18359.8,40301.1,18374.1,40312.2,0.3139
7646.3,25108.9,7656.7,25121.1,0.3139
9144.0,21420.1,9159.5,21431.8,0.3139
1529.8,5201.3,1585.0,5248.7,0.3138
24847.9,17195.3,24868.6,17212.3,0.3135
19256.3,43889.9,19312.3,43932.9,0.3134
16825.6,26695.0,16894.6,26735.8,0.3133
25893.4,38283.2,25920.0,38329.6,0.3132
2041.9,12567.9,2096.1,12591.8,0.3131
16875.3,19655.9,16928.4,19680.9,0.3129
22747.0,20717.0,22803.1,20760.5,0.3129
16716.7,19386.8,16777.7,19481.7,0.3129
13435.9,49207.3,13518.8,49234.2,0.3127
7701.5,232.8,7741.3,263.6,0.3127
23297.0,41920.0,23359.1,41947.8,0.3125
8949.9,14303.1,8960.0,14321.9,0.3124
22400.6,20757.6,22454.2,20799.9,0.3124
19886.4,35281.0,19922.4,35293.6,0.3123
27859.0,7538.5,27879.1,7551.6,0.3121
8286.6,6703.6,8307.1,6720.0,0.3121
18823.3,45377.8,18884.4,45439.8,0.3121
8108.6,6458.3,8141.9,6490.9,0.3120
25364.0,43895.9,25377.4,43928.3,0.3120
12711.6,10778.0,12761.7,10830.6,0.3119
26938.6,27144.0,26999.1,27170.2,0.3116
20242.4,24640.0,20303.0,24697.6,0.3115
7941.5,24286.8,7954.0,24299.3,0.3115
9600.2,46474.8,9620.0,46537.5,0.3114
12291.8,31398.0,12354.4,31449.7,0.3113
19539.4,20576.3,19562.8,20616.8,0.3112
22099.9,7271.8,22154.9,7319.7,0.3111
8660.6,49820.1,8672.4,49829.9,0.3108
8823.6,10958.0,8893.2,11046.7,0.3106
21762.3,20480.0,21885.0,20512.6,0.3103
5912.5,14201.1,5961.5,14233.6,0.3102
13019.2,23450.7,13073.2,23508.4,0.3102
4089.7,47933.0,4157.3,47999.9,0.3098
22776.1,32661.3,22826.3,32717.5,0.3097
17371.8,36078.1,17403.1,36106.9,0.3097
28774.7,15498.5,28788.0,15517.6,0.3095
23063.1,9737.8,23108.0,9763.3,0.3095
15292.0,22645.1,15343.5,22674.1,0.3093
18469.4,34532.1,18482.4,34555.0,0.3091
23084.5,32344.0,23121.4,32364.3,0.3090
8000.0,21729.3,8018.2,21760.0,0.3090
25780.5,37408.6,25802.0,37439.6,0.3089
15447.4,20851.3,15459.6,20897.7,0.3089
13475.9,50226.3,13524.8,50301.9,0.3085
4938.3,14380.1,4981.4,14400.0,0.3082
15264.3,32912.5,15342.5,32980.3,0.3081
26968.0,27835.2,27039.7,27904.3,0.3079
28270.9,2069.3,28317.5,2095.7,0.3079
25533.3,47680.1,25569.4,47728.8,0.3079
19747.6,45279.8,19814.7,45321.0,0.3078
8715.8,10951.4,8803.9,11032.3,0.3077
20363.2,48686.7,20407.5,48733.7,0.3076
18324.3,26500.4,18454.6,26560.0,0.3074
6415.0,451.1,6472.2,483.9,0.3071
6402.9,4834.1,6470.2,4905.9,0.3071
28045.9,1872.2,28080.9,1898.2,0.3071
28077.4,40829.3,28147.2,40895.0,0.3070
15566.8,18977.5,15601.5,19024.3,0.3068
17955.5,21141.1,17992.1,21174.1,0.3067
11045.5,7611.9,11061.6,7627.3,0.3067
16960.0,40960.4,17007.5,41009.1,0.3066
27493.4,4995.2,27519.0,5009.6,0.3066
27200.5,40270.7,27270.9,40379.4,0.3065
11467.2,29707.3,11519.7,29758.7,0.3065
20083.1,42560.0,20157.9,42598.5,0.3064
8626.3,28800.0,8675.2,28854.5,0.3060
24285.4,26044.9,24309.5,26063.3,0.3060
9631.3,9202.6,9678.6,9249.2,0.3059
24154.8,48601.0,24233.2,48666.8,0.3058
8774.2,22475.1,8784.7,22486.6,0.3057
21849.4,20991.3,21905.3,21044.5,0.3057
4956.0,19644.0,5006.5,19749.0,0.3056
26119.6,46400.0,26184.7,46471.7,0.3054
2445.1,12143.6,2469.4,12160.0,0.3052
21031.3,28706.1,21104.7,28799.9,0.3052
28268.4,47304.9,28299.3,47356.7,0.3051
3775.3,29329.0,3832.1,29411.5,0.3051
18349.9,22842.2,18401.8,22870.8,0.3049
4480.1,42848.2,4497.3,42880.0,0.3049
3181.6,36919.4,3252.5,36987.5,0.3048
23347.9,2323.2,23383.7,2360.2,0.3045
15721.1,14262.9,15779.6,14328.6,0.3044
4588.3,45485.9,4660.5,45506.9,0.3043
8597.8,48526.5,8639.3,48584.1,0.3043
15016.3,24637.3,15072.7,24680.8,0.3043
13061.7,10178.2,13118.1,10239.3,0.3043
2248.2,34666.7,2319.7,34840.3,0.3042
28814.3,4530.6,28858.6,4548.9,0.3042
13643.9,13953.8,13657.0,13973.5,0.3041
1938.3,1393.2,1949.9,1404.9,0.3039
16493.5,30985.3,16559.5,31028.0,0.3039
2385.3,12042.1,2439.3,12090.3,0.3038
15383.9,22690.2,15395.1,22719.5,0.3037
28237.8,43473.8,28295.7,43514.4,0.3037
9277.4,50979.0,9293.1,51005.6,0.3037
5217.5,4557.9,5264.2,4594.0,0.3036
28636.3,10074.8,28663.3,10115.4,0.3035
18391.6,746.4,18403.1,753.2,0.3035
12101.9,50540.2,12158.4,50585.8,0.3034
8821.6,22298.1,8832.6,22307.8,0.3033
23040.5,32415.8,23105.3,32496.4,0.3033
13212.1,41580.0,13235.1,41601.3,0.3032
4160.1,13680.5,4201.4,13728.9,0.3026
12466.2,31199.6,12509.0,31235.2,0.3025
5694.8,13575.7,5789.6,13630.3,0.3025
9108.0,50763.5,9119.9,50774.7,0.3024
24507.4,30080.0,24591.5,30158.5,0.3022
10880.2,50526.1,10897.9,50559.8,0.3017
2341.6,11323.0,2419.1,11401.4,0.3014
3291.8,13144.8,3336.1,13192.9,0.3014
7680.0,50854.2,7696.7,50880.0,0.3013
26706.8,20315.2,26780.4,20388.7,0.3012
27537.2,48001.2,27606.4,48093.8,0.3009
18451.4,47349.9,18480.2,47388.6,0.3008
12627.5,28892.0,12708.8,28960.7,0.3003
19840.0,45440.0,19882.3,45501.5,0.3002
18228.5,38578.3,18280.2,38613.8,0.3001
18742.6,4416.5,18800.3,4461.2,0.2999
15566.5,19299.0,15577.4,19343.5,0.2999
20278.6,24113.4,20327.0,24161.6,0.2997
15804.2,36308.8,15858.7,36350.0,0.2997
7128.2,33072.3,7153.7,33093.5,0.2996
13521.8,12160.0,13571.0,12193.6,0.2996
12655.8,21043.4,12718.4,21127.3,0.2995
9513.2,9768.9,9599.0,9862.1,0.2995
28873.4,30362.4,28928.0,30395.7,0.2992
8320.0,22980.3,8336.1,23040.0,0.2989
16641.9,33204.0,16656.6,33250.0,0.2988
5897.4,15040.0,5927.6,15104.4,0.2987
13366.0,41569.9,13439.0,41639.4,0.2987
27987.3,11555.6,27999.9,11567.0,0.2986
25281.2,27849.2,25316.6,27903.6,0.2984
22579.0,48298.1,22607.3,48320.0,0.2983
28807.3,6944.4,28843.8,6968.0,0.2982
28062.3,11511.9,28076.8,11534.7,0.2981
14326.7,18305.2,14336.9,18364.2,0.2979
14316.6,38752.8,14400.0,38773.3,0.2979
15103.1,28070.6,15150.9,28102.9,0.2977
9726.1,20079.0,9736.6,20090.0,0.2974
25600.0,13824.4,25659.4,13910.1,0.2974
18880.0,31873.8,18934.5,31917.1,0.2973
7773.6,3224.9,7851.8,3307.2,0.2973
4867.8,12441.8,4881.8,12458.0,0.2973
10511.9,1600.0,10587.6,1625.7,0.2972
2880.8,29051.5,2903.0,29120.0,0.2969
19012.2,26560.0,19140.6,26624.3,0.2969
7949.8,24246.2,7971.0,24276.6,0.2969
28773.0,16147.6,28786.0,16169.9,0.2967
141.2,10008.9,177.5,10053.7,0.2966
7867.2,6187.9,7899.4,6225.9,0.2966
19962.4,32942.3,20000.9,32957.1,0.2965
17946.5,39209.8,17976.0,39245.2,0.2965
24468.3,16923.6,24490.7,16955.0,0.2964
3780.4,13311.1,3831.5,13361.1,0.2964
5216.0,13377.2,5261.7,13434.4,0.2963
13147.4,38602.0,13222.7,38664.5,0.2963
28911.5,44599.9,28927.9,44627.4,0.2962
8640.0,21737.4,8657.5,21760.0,0.2962
27776.4,11122.5,27794.3,11140.3,0.2961
6097.4,13689.6,6146.7,13759.9,0.2959
20376.5,42016.1,20409.2,42031.0,0.2958
15360.0,27820.5,15412.9,27840.0,0.2958
8750.9,13797.0,8790.0,13821.5,0.2958
9421.3,20850.2,9432.3,20858.9,0.2955
22725.8,50729.6,22754.5,50760.2,0.2954
25227.3,1338.1,25294.5,1395.4,0.2952
27090.7,28800.0,27197.2,28856.8,0.2950
3520.0,10479.0,3565.2,10512.9,0.2949
14400.0,51172.7,14417.8,51200.0,0.2949
21842.8,47109.8,21910.0,47197.5,0.2949
8133.3,23921.7,8145.2,23930.8,0.2948
9826.0,225.4,9836.4,246.8,0.2947
15557.7,18795.6,15568.1,18842.4,0.2945
4160.2,42528.6,4178.5,42560.0,0.2943
24762.1,24641.4,24819.2,24700.2,0.2942
28882.7,9889.6,28927.4,9910.0,0.2941
14008.0,22008.9,14076.8,22085.5,0.2941
4017.1,49526.2,4082.9,49601.6,0.2940
27200.1,22761.6,27250.1,22804.2,0.2940
25501.7,24341.5,25540.8,24385.8,0.2938
24666.1,31227.5,24744.8,31276.3,0.2937
21367.5,38490.4,21437.4,38532.8,0.2931
12160.0,49563.1,12175.3,49599.9,0.2930
11032.0,47621.2,11080.6,47665.0,0.2929
23843.7,21818.2,23856.1,21838.7,0.2928
2560.2,22368.9,2578.7,22400.0,0.2928
27492.4,4992.3,27536.6,5008.5,0.2927
25602.0,0.0,25614.0,46.1,0.2924
12968.5,4173.7,13035.5,4225.4,0.2921
28251.6,45449.7,28264.8,45482.7,0.2920
18965.0,6080.3,19012.2,6108.2,0.2919
11146.7,21711.3,11199.3,21746.9,0.2916
28772.1,44876.3,28799.1,44907.5,0.2916
14027.0,34744.9,14078.2,34781.8,0.2915
16629.5,8378.5,16640.0,8399.9,0.2914
11075.6,9290.2,11117.7,9337.7,0.2913
16788.3,38792.3,16834.5,38821.7,0.2913
17497.0,6681.2,17566.0,6759.5,0.2912
26075.6,5515.8,26118.1,5538.3,0.2912
13441.5,11706.7,13459.9,11736.7,0.2912
7226.4,27238.4,7275.5,27296.7,0.2910
18331.2,15305.7,18362.3,15358.2,0.2909
14080.1,22080.0,14095.9,22118.2,0.2906
7051.5,5635.4,7094.1,5675.2,0.2905
22726.0,32483.8,22778.8,32524.8,0.2905
8320.0,21730.9,8337.9,21760.0,0.2904
3520.2,42846.0,3537.4,42880.0,0.2904
9533.9,9891.4,9599.0,9964.1,0.2904
26772.1,9976.3,26798.8,10032.7,0.2903
7680.3,48715.7,7699.3,48765.7,0.2901
19813.4,37350.3,19847.4,37380.0,0.2901
9683.7,28335.1,9752.8,28394.5,0.2901
4785.5,22390.4,4845.7,22429.9,0.2900
27685.8,33665.2,27729.2,33716.2,0.2899
10705.6,30577.5,10760.4,30608.9,0.2899
10880.2,8917.3,10922.1,8969.5,0.2897
8805.6,22338.5,8821.2,22370.9,0.2895
18985.0,45682.2,19041.2,45759.8,0.2893
13673.9,30851.4,13746.2,30898.6,0.2892
25866.8,26692.4,25918.3,26746.8,0.2891
13802.2,23952.9,13847.9,24006.3,0.2888
26714.9,19025.6,26766.2,19076.7,0.2887
28698.1,29019.2,28722.8,29039.1,0.2887
27843.9,4981.2,27888.0,5001.2,0.2886
23360.2,46867.8,23404.1,46925.4,0.2885
3119.9,1879.8,3174.4,1922.8,0.2885
19068.0,35437.8,19080.4,35459.8,0.2884
22639.4,20904.9,22715.3,20973.4,0.2884
19227.4,5112.8,19291.8,5160.6,0.2884
23339.8,21344.1,23361.1,21371.0,0.2883
25466.7,3679.7,25496.5,3700.2,0.2881
11453.8,7322.4,11469.5,7338.5,0.2880
23273.7,32308.8,23310.0,32347.4,0.2879
13062.5,2292.7,13118.8,2304.8,0.2879
18700.4,43507.8,18743.6,43557.5,0.2878
15327.7,16490.5,15340.0,16534.8,0.2877
25546.1,15949.7,25596.7,16000.0,0.2874
12821.4,20938.5,12930.1,21040.7,0.2874
640.0,28579.0,656.0,28630.2,0.2874
8903.8,640.0,9013.6,713.5,0.2874
14009.4,22463.8,14077.5,22532.3,0.2873
11338.9,33280.0,11395.8,33315.1,0.2873
28841.1,11641.9,28927.9,11672.3,0.2870
15652.0,25562.6,15662.7,25599.5,0.2870
26851.7,46858.9,26926.5,46935.4,0.2869
28520.7,49219.4,28548.4,49255.9,0.2868
13070.9,26206.4,13120.0,26278.6,0.2868
15182.6,31380.5,15240.6,31435.6,0.2866
12370.0,31680.0,12432.1,31713.2,0.2866
17456.9,29518.1,17553.8,29606.4,0.2865
25562.6,37225.7,25630.4,37328.3,0.2865
26212.9,5544.6,26257.4,5562.3,0.2864
19825.9,4466.4,19867.0,4480.0,0.2863
27201.7,10641.8,27216.9,10661.4,0.2862
24256.3,30360.1,24319.3,30383.0,0.2859
16773.4,33896.4,16786.9,33920.0,0.2858
15463.7,20258.9,15476.4,20306.7,0.2858
10987.4,30098.0,11037.2,30142.4,0.2857
20057.3,48327.6,20111.4,48365.1,0.2856
22829.2,32504.6,22916.1,32602.2,0.2856
27841.5,24960.0,27918.8,25015.3,0.2855
11962.2,46136.5,12025.9,46200.7,0.2854
17748.0,30989.2,17782.9,31032.0,0.2853
26767.3,317.4,26797.2,345.0,0.2851
16468.5,21150.3,16517.2,21205.3,0.2851
19260.5,5453.8,19311.3,5517.9,0.2850
8640.0,20459.4,8657.2,20480.0,0.2849
17004.1,34050.7,17034.5,34093.1,0.2848
19322.1,43116.7,19383.9,43176.1,0.2848
18091.2,37118.5,18106.4,37142.1,0.2848
21533.9,19633.7,21561.5,19650.4,0.2847
24594.7,22391.1,24659.8,22424.0,0.2847
27005.9,24665.7,27059.7,24694.4,0.2847
25113.1,33520.7,25176.6,33546.2,0.2845
20726.8,50799.0,20785.3,50838.1,0.2844
11515.9,2803.5,11548.6,2837.7,0.2844
3614.1,43214.6,3655.6,43281.6,0.2843
28088.2,34880.0,28119.6,34903.2,0.2842
5952.8,11255.3,5973.5,11281.2,0.2842
10560.1,49755.0,10577.0,49812.6,0.2841
640.4,29449.5,659.6,29526.7,0.2840
3779.6,12331.2,3812.1,12358.3,0.2840
27062.4,25280.0,27107.4,25311.6,0.2840
16904.5,41906.8,16948.2,41940.1,0.2839
28555.8,17192.0,28588.6,17210.7,0.2839
10044.2,2712.6,10071.6,2745.7,0.2839
19841.5,35203.9,19871.8,35233.0,0.2837
14084.0,34152.0,14147.2,34232.7,0.2836
8640.0,24503.6,8707.5,24572.4,0.2834
19083.3,30834.7,19137.3,30879.2,0.2834
25977.3,5556.2,26020.3,5577.9,0.2831
12811.7,4800.0,12893.7,4850.7,0.2831
25035.9,24301.8,25097.1,24320.0,0.2830
20812.7,43520.0,20873.7,43529.3,0.2830
17976.2,36072.7,18071.6,36145.1,0.2829
11629.1,45153.0,11695.2,45255.1,0.2827
4249.1,1833.9,4305.8,1861.4,0.2826
22010.1,16623.8,22079.5,16642.3,0.2824
11743.5,37041.8,11793.8,37075.3,0.2824
15023.3,15307.2,15039.6,15352.9,0.2823
1132.2,32846.0,1181.9,32896.3,0.2820
25810.3,12316.2,25850.9,12381.8,0.2819
4730.2,1202.4,4790.6,1250.8,0.2818
11237.5,8925.4,11314.2,8960.0,0.2816
2560.0,22985.6,2579.2,23040.0,0.2816
27587.7,11826.7,27602.8,11845.8,0.2816
21993.2,9097.5,22053.5,9140.2,0.2816
9331.8,21028.2,9344.3,21038.2,0.2815
14089.7,50241.0,14102.4,50254.6,0.2814
24834.3,49280.3,24852.8,49298.8,0.2812
23782.0,26333.8,23879.5,26401.4,0.2811
13121.5,19820.1,13141.0,19840.0,0.2810
26313.7,21409.7,26394.0,21501.1,0.2806
25378.3,23196.2,25430.0,23229.7,0.2805
28347.8,28547.7,28408.6,28591.8,0.2804
6227.2,2240.0,6318.8,2290.8,0.2802
21121.4,23940.5,21140.8,24000.0,0.2802
22470.1,19785.5,22505.8,19817.0,0.2802
2376.8,37681.0,2485.2,37760.0,0.2802
9229.3,43890.1,9279.7,43955.6,0.2801
26956.6,24098.2,26995.9,24133.9,0.2800
6400.2,4954.6,6466.0,5050.6,0.2799
28049.5,4914.3,28093.3,4930.5,0.2799
24714.7,34202.3,24728.0,34214.1,0.2798
11719.6,29704.0,11789.4,29765.4,0.2797
2359.7,35249.8,2414.4,35301.8,0.2796
15040.0,22293.4,15060.6,22400.0,0.2796
27202.2,10673.2,27216.0,10710.5,0.2795
11021.1,9027.3,11054.2,9061.0,0.2794
26172.3,40177.0,26238.4,40246.7,0.2793
16654.7,35701.4,16711.7,35763.8,0.2793
26224.4,22629.3,26243.9,22665.5,0.2793
19400.9,31959.5,19463.3,32016.5,0.2792
13998.0,23266.1,14055.1,23318.2,0.2790
2466.0,45760.0,2561.8,45789.7,0.2789
1280.1,28773.9,1298.6,28800.0,0.2788
18002.8,23001.8,18056.1,23029.5,0.2787
26091.4,36546.5,26104.4,36589.3,0.2786
28371.0,26801.8,28404.1,26835.2,0.2786
11919.4,33004.5,11946.8,33056.7,0.2786
8638.5,49248.4,8648.1,49259.9,0.2785
3200.0,960.0,3263.8,1031.8,0.2785
17494.2,5365.0,17533.0,5400.8,0.2785
7360.9,3750.6,7380.0,3831.4,0.2785
20438.6,33050.1,20513.6,33090.0,0.2784
9026.7,50642.3,9040.5,50654.7,0.2783
23193.1,7931.9,23251.0,7993.9,0.2782
10113.1,34372.7,10173.8,34416.3,0.2780
20594.0,20384.8,20627.3,20411.4,0.2777
20480.0,47360.0,20529.6,47416.1,0.2775
15505.3,16582.2,15516.2,16626.5,0.2774
19198.3,36154.9,19211.4,36173.6,0.2773
8684.4,22741.0,8696.7,22757.5,0.2772
8000.0,20460.9,8016.4,20480.0,0.2772
14603.4,28920.8,14664.2,28979.4,0.2772
14378.1,28713.3,14436.6,28773.3,0.2772
5455.5,517.7,5506.5,565.4,0.2771
17600.2,26359.9,17652.3,26431.7,0.2770
25717.5,5747.9,25761.6,5771.6,0.2769
16331.9,195.7,16364.3,240.8,0.2768
4653.0,4783.8,4703.5,4800.0,0.2768
24641.1,26240.0,24671.3,26292.4,0.2767
16263.4,33920.0,16319.3,33960.0,0.2767
3756.1,4462.0,3815.9,4517.9,0.2766
15621.2,17472.3,15643.6,17506.8,0.2764
28579.6,37753.8,28613.2,37786.3,0.2764
25627.2,2277.7,25651.7,2300.0,0.2763
7891.0,24412.0,7907.9,24436.6,0.2763
15999.7,21233.5,16044.0,21273.4,0.2762
9738.2,20211.7,9752.9,20222.7,0.2762
22401.3,47905.6,22449.9,47956.9,0.2761
20710.6,34803.4,20758.6,34843.7,0.2760
3200.3,11520.0,3243.5,11560.2,0.2760
26772.9,47680.4,26879.6,47790.0,0.2758
16240.6,32000.3,16317.4,32027.4,0.2753
13791.0,8272.9,13875.2,8318.6,0.2751
11344.1,33478.5,11389.8,33511.0,0.2751
8183.8,6224.6,8247.4,6296.7,0.2751
7281.9,15353.3,7327.5,15379.4,0.2750
7928.1,9347.6,7946.2,9369.9,0.2749
8740.3,28797.2,8811.4,28848.4,0.2747
23245.6,8773.2,23304.8,8823.7,0.2746
15409.8,17297.1,15420.0,17338.2,0.2745
960.0,28460.0,977.6,28480.0,0.2744
2395.1,3572.5,2434.7,3604.3,0.2744
21760.0,24000.0,21798.6,24098.6,0.2743
17653.5,35130.6,17671.6,35149.7,0.2743
1205.2,36217.7,1256.7,36273.8,0.2742
15042.0,23018.0,15055.4,23040.0,0.2740
19340.9,37745.4,19391.7,37792.7,0.2740
18377.8,50028.1,18415.0,50041.6,0.2739
1600.0,22055.8,1616.6,22080.0,0.2738
19734.7,26766.8,19781.8,26810.2,0.2738
5682.0,15174.4,5714.0,15207.4,0.2736
28414.9,26852.6,28449.7,26887.2,0.2736
1600.0,29100.6,1620.6,29120.0,0.2734
11930.4,9931.2,11983.9,9983.4,0.2733
8627.9,49149.3,8637.7,49159.3,0.2732
18133.9,25362.7,18229.2,25489.5,0.2731
17813.7,36463.4,17883.1,36516.9,0.2731
27829.4,12760.4,27840.0,12792.5,0.2730
24000.8,13700.3,24118.0,13760.0,0.2730
24857.7,22564.2,24879.6,22588.2,0.2729
7920.6,30407.4,7946.0,30436.2,0.2729
13428.3,30594.4,13505.2,30643.1,0.2728
14301.3,18248.8,14312.0,18318.0,0.2726
27193.2,36034.8,27200.0,36051.4,0.2724
21298.3,19624.3,21353.3,19644.1,0.2724
14687.7,49555.6,14735.8,49608.4,0.2724
24869.4,18200.8,24891.1,18225.1,0.2723
14081.5,16287.5,14098.4,16320.0,0.2723
13803.7,50493.1,13858.5,50551.9,0.2723
28618.6,43183.5,28649.4,43200.0,0.2722
27739.9,41840.4,27830.3,41920.0,0.2721
8640.0,6889.5,8681.2,6937.5,0.2720
8721.5,9701.8,8774.8,9762.0,0.2719
24619.0,37760.0,24685.5,37819.8,0.2719
13870.4,20685.0,13937.9,20722.6,0.2719
25600.0,33600.0,25666.3,33650.9,0.2718
25781.5,13987.4,25811.2,14017.6,0.2718
14445.7,49364.9,14503.9,49411.0,0.2718
24226.0,36031.1,24286.6,36068.8,0.2717
9008.8,21709.3,9021.1,21726.4,0.2716
7915.1,9223.5,7951.3,9252.0,0.2716
10240.0,49896.3,10257.2,49920.0,0.2715
18880.0,40321.2,18936.4,40414.9,0.2715
2442.2,1237.5,2472.2,1274.5,0.2713
19493.1,44927.3,19519.6,44948.7,0.2713
23590.0,12232.1,23675.5,12299.1,0.2711
11625.9,33249.7,11642.5,33279.9,0.2711
3233.4,45049.0,3340.9,45145.2,0.2711
21876.5,23589.3,21926.7,23604.8,0.2710
11023.7,40000.0,11095.3,40050.7,0.2710
17759.9,3467.6,17814.3,3520.0,0.2710
10146.4,9280.0,10239.9,9327.8,0.2710
12296.3,32899.2,12332.8,32928.9,0.2709
3201.8,41259.1,3216.3,41280.0,0.2709
28497.2,29522.3,28532.4,29533.5,0.2708
15924.7,25595.6,15969.5,25628.5,0.2707
25920.6,23937.5,25947.7,23987.6,0.2707
15582.0,1710.8,15623.9,1733.7,0.2707
9716.8,29267.7,9772.6,29331.6,0.2706
8552.0,35422.9,8584.3,35518.8,0.2706
5431.8,31481.4,5520.4,31549.1,0.2706
15965.9,17628.7,15980.6,17673.0,0.2705
17545.6,31977.9,17598.6,32038.9,0.2704
26987.6,5185.3,27036.1,5203.6,0.2704
25286.0,22869.1,25348.1,22932.7,0.2703
28670.9,40619.3,28684.0,40659.6,0.2703
11841.2,22720.0,11917.5,22769.5,0.2703
4889.3,3625.3,4949.0,3662.9,0.2702
18247.7,21043.6,18265.5,21068.6,0.2702
24275.5,44539.2,24319.3,44555.1,0.2701
19332.2,26542.4,19400.1,26560.0,0.2699
28082.5,3637.0,28103.3,3657.9,0.2697
14019.1,23724.7,14078.6,23786.9,0.2695
24369.7,47225.4,24416.9,47259.4,0.2694
6327.4,32639.4,6395.1,32796.9,0.2690
11755.0,34240.0,11831.1,34293.6,0.2688
10092.2,4937.0,10152.1,4996.6,0.2688
9635.7,50764.1,9652.7,50775.2,0.2687
16686.8,320.0,16755.4,346.2,0.2687
4075.7,14320.9,4131.7,14367.5,0.2686
24421.3,16664.2,24433.5,16673.3,0.2686
24000.0,48320.0,24047.9,48375.9,0.2685
23364.3,27994.1,23430.1,28060.5,0.2683
8682.7,49914.2,8696.0,49951.6,0.2682
11730.3,49225.8,11755.1,49264.0,0.2682
25468.2,5797.2,25503.4,5821.1,0.2682
17468.4,25285.6,17522.5,25330.5,0.2681
27805.8,12924.7,27817.8,12940.0,0.2679
960.2,27632.2,978.4,27673.5,0.2678
5656.5,28153.5,5755.0,28184.4,0.2678
4587.1,12740.4,4599.3,12755.5,0.2676
24566.8,22080.0,24637.1,22146.8,0.2676
2565.1,3751.5,2621.2,3786.5,0.2675
26190.3,1831.8,26217.9,1864.4,0.2674
16952.9,18798.1,17005.2,18861.1,0.2673
3520.0,28772.4,3540.1,28800.0,0.2673
14439.5,7119.4,14483.9,7148.1,0.2673
19178.5,14743.5,19205.8,14780.8,0.2673
23263.0,32765.7,23293.6,32799.6,0.2672
18184.2,12328.9,18254.8,12390.1,0.2672
16901.2,8380.1,16924.9,8398.9,0.2672
28043.6,5179.0,28116.9,5207.3,0.2672
6931.1,5344.9,6975.0,5392.9,0.2670
6013.4,13120.0,6079.0,13149.4,0.2669
25514.8,45063.5,25574.5,45167.2,0.2668
10090.2,8239.2,10143.0,8293.1,0.2668
9855.7,9247.0,9919.5,9280.0,0.2666
28159.4,3611.3,28175.6,3626.1,0.2666
14733.5,33913.3,14805.1,33947.1,0.2665
10242.5,29004.6,10310.9,29098.2,0.2664
15056.7,9504.1,15104.3,9537.2,0.2663
13252.5,34879.4,13324.8,34932.6,0.2663
16321.7,49468.9,16338.3,49526.5,0.2663
14324.4,26618.3,14398.6,26680.0,0.2662
15303.2,16641.2,15335.1,16677.9,0.2661
9537.8,6591.0,9568.3,6617.7,0.2661
9967.2,6072.9,9998.2,6103.9,0.2661
26354.9,19759.9,26421.2,19844.9,0.2661
22178.9,34698.8,22233.7,34740.4,0.2660
27619.2,12402.4,27670.8,12420.4,0.2658
24321.4,28333.0,24392.1,28397.7,0.2656
19590.2,42590.7,19656.8,42642.8,0.2656
19642.7,33240.6,19697.9,33262.1,0.2656
28106.9,3844.6,28129.1,3866.8,0.2655
18347.4,25617.5,18418.4,25684.5,0.2655
17836.7,36707.4,17876.5,36748.4,0.2654
26473.4,43239.3,26526.6,43273.6,0.2654
17005.2,27200.0,17083.9,27227.7,0.2654
10880.2,50632.4,10900.1,50672.8,0.2654
14222.9,13034.6,14275.5,13091.8,0.2653
8962.0,907.7,8975.6,939.3,0.2653
15575.6,39360.0,15680.0,39409.7,0.2653
7681.7,49579.8,7696.7,49600.0,0.2653
12949.1,8892.1,12977.4,8958.6,0.2653
16229.2,2047.0,16261.3,2071.8,0.2652
17448.7,27333.1,17496.3,27373.5,0.2650
15603.2,19640.8,15614.8,19684.0,0.2649
4137.3,8890.7,4191.8,8936.9,0.2649
25983.4,24163.7,26026.8,24215.4,0.2649
6880.1,15683.5,6936.7,15723.5,0.2647
26425.3,7198.9,26474.4,7220.6,0.2646
12760.4,30589.3,12800.0,30645.1,0.2644
4364.0,1975.5,4401.0,1996.8,0.2644
26874.7,29696.3,26902.9,29712.3,0.2642
18594.2,18452.8,18619.9,18476.8,0.2641
21387.5,20777.4,21439.5,20856.2,0.2640
3166.5,12972.8,3222.3,13017.4,0.2639
20160.5,48640.0,20204.7,48695.9,0.2638
7680.3,48755.3,7696.8,48834.9,0.2635
17632.8,36552.1,17692.4,36587.1,0.2635
11629.1,9863.3,11671.9,9899.2,0.2634
23367.6,4687.5,23442.7,4714.9,0.2632
8084.7,35023.9,8148.7,35067.8,0.2632
4047.9,45881.8,4099.4,45916.1,0.2632
9280.0,48605.7,9297.1,48639.9,0.2631
21354.1,24822.3,21413.8,24880.5,0.2630
25796.0,21295.5,25876.8,21348.4,0.2628
20958.3,25802.4,21042.0,25881.0,0.2627
18460.7,37417.8,18514.7,37496.0,0.2626
15360.0,8320.0,15430.3,8391.6,0.2626
11818.8,9770.6,11838.1,9819.8,0.2626
24093.3,13062.6,24120.2,13119.0,0.2626
20812.3,12421.5,20862.8,12453.6,0.2625
26208.6,14026.6,26240.0,14079.0,0.2625
9124.1,50780.2,9134.1,50792.4,0.2624
4712.5,14161.0,4759.6,14206.6,0.2624
9280.0,19816.6,9299.4,19840.0,0.2622
10241.8,49580.5,10257.9,49600.0,0.2622
6262.4,11161.0,6276.1,11176.9,0.2622
25108.2,47272.8,25146.8,47314.7,0.2622
23566.3,15663.6,23581.7,15694.6,0.2621
4339.8,44839.5,4403.0,44849.2,0.2621
22289.7,32405.9,22339.2,32470.9,0.2620
20265.4,24904.2,20363.0,25008.9,0.2619
27589.5,18190.0,27633.5,18227.5,0.2618
10808.1,9631.3,10875.0,9697.5,0.2618
10265.8,41900.3,10279.8,41920.0,0.2617
24792.0,22252.5,24839.2,22303.7,0.2616
14295.6,27005.6,14338.3,27042.9,0.2615
22620.7,21842.5,22663.9,21877.8,0.2615
20578.7,13733.1,20636.3,13756.9,0.2615
14474.9,34547.7,14491.9,34573.1,0.2614
14302.4,1627.9,14368.0,1652.4,0.2611
17281.4,42560.4,17302.8,42599.1,0.2611
28561.8,43503.5,28597.4,43520.0,0.2611
8867.5,22087.1,8879.7,22097.6,0.2610
20482.0,33048.4,20516.1,33086.0,0.2610
22720.0,29121.5,22769.4,29158.7,0.2610
25199.1,22942.8,25276.1,22979.9,0.2608
15051.7,33266.5,15110.5,33291.2,0.2602
25119.9,35929.7,25174.8,35972.8,0.2600
14947.0,38997.7,14975.8,39026.7,0.2600
16040.2,4162.1,16071.0,4190.7,0.2598
20882.4,26294.4,20947.2,26343.4,0.2598
14313.3,49892.5,14389.9,49980.6,0.2597
10995.9,7618.8,11012.2,7632.5,0.2596
4795.9,32234.9,4814.5,32258.5,0.2596
28731.5,35840.0,28799.2,35887.8,0.2596
19520.0,12512.9,19529.8,12532.0,0.2596
9287.8,21111.2,9303.9,21126.2,0.2595
4579.0,9212.9,4608.8,9278.1,0.2594
28741.4,20861.4,28780.8,20887.5,0.2594
21336.9,18146.6,21362.4,18170.9,0.2593
5562.8,4060.5,5594.4,4095.6,0.2589
22988.4,30478.9,23040.0,30510.7,0.2589
16390.6,22158.5,16449.9,22224.9,0.2588
22264.4,32682.8,22314.1,32709.5,0.2588
12153.9,32951.5,12177.8,32982.5,0.2587
28602.4,26680.4,28665.4,26727.9,0.2586
6820.4,46464.0,6878.8,46479.5,0.2584
25879.4,21338.8,25920.0,21408.1,0.2584
13244.0,6152.4,13302.4,6198.9,0.2583
28099.1,363.2,28113.2,385.6,0.2581
9325.3,21050.7,9336.4,21062.8,0.2580
15149.1,31657.9,15165.4,31680.3,0.2579
17973.7,19600.8,18038.4,19632.7,0.2576
25304.1,22615.9,25345.1,22642.5,0.2574
15432.5,39007.3,15490.4,39034.4,0.2574
17600.0,1280.2,17661.1,1353.1,0.2573
2881.8,12691.9,2912.8,12740.7,0.2571
23628.0,24825.9,23658.9,24840.7,0.2571
14721.8,23340.8,14736.1,23360.0,0.2570
23350.6,16626.0,23372.2,16638.6,0.2569
1281.5,48763.1,1311.8,48838.2,0.2568
11200.2,2240.0,11302.8,2301.7,0.2567
26085.8,35753.7,26096.5,35794.6,0.2565
27719.8,27200.0,27838.5,27258.8,0.2564
21228.5,569.4,21268.5,588.0,0.2563
12161.7,50565.0,12173.9,50593.2,0.2562
22919.6,32413.3,22990.2,32481.8,0.2560
20436.1,43105.9,20480.0,43155.7,0.2559
25479.7,20785.2,25528.5,20800.0,0.2559
28851.0,25920.0,28927.4,26008.0,0.2559
20341.7,46080.0,20435.2,46123.7,0.2558
19594.9,33631.2,19611.7,33640.2,0.2557
13157.0,49424.6,13219.0,49484.2,0.2556
20804.3,0.0,20871.6,30.5,0.2556
10560.0,49565.1,10576.7,49599.8,0.2554
9021.4,50628.3,9031.4,50645.0,0.2554
6080.0,23950.1,6098.9,23999.9,0.2552
14099.3,17986.3,14111.8,18007.5,0.2552
27956.0,7026.2,27972.0,7051.3,0.2551
27200.0,12162.4,27209.3,12198.4,0.2551
21378.5,9546.7,21399.1,9578.6,0.2551
28465.3,30480.4,28484.8,30499.9,0.2551
21762.1,11778.7,21789.9,11805.5,0.2551
8960.1,20447.1,8977.9,20480.0,0.2551
27150.2,24097.1,27184.3,24141.3,0.2550
7630.5,30514.5,7680.0,30556.3,0.2549
18880.0,13521.2,18889.5,13543.4,0.2549
23495.8,21017.3,23520.7,21051.3,0.2549
9435.5,1241.9,9479.0,1280.0,0.2548
6724.1,9639.6,6792.4,9700.6,0.2548
3473.9,10984.3,3542.1,11035.4,0.2547
1280.1,22053.4,1299.4,22080.0,0.2547
23242.0,32477.3,23284.9,32526.8,0.2546
8320.4,20718.6,8338.3,20793.3,0.2546
22650.0,21760.0,22718.0,21900.8,0.2546
18824.3,33766.9,18909.8,33828.6,0.2545
2976.6,34414.4,3020.8,34464.6,0.2544
16960.0,32000.0,16981.6,32072.7,0.2543
16960.0,36097.4,17002.5,36157.7,0.2542
23933.9,26127.9,24000.0,26185.0,0.2541
24640.1,38688.6,24700.1,38719.7,0.2540
15164.4,15795.1,15198.7,15842.8,0.2540
12919.8,22747.5,12979.3,22822.6,0.2538
13791.6,10393.7,13842.2,10434.8,0.2536
5440.8,12800.0,5519.4,12904.5,0.2536
17571.6,42104.1,17600.0,42138.4,0.2536
25385.2,25022.6,25442.6,25065.4,0.2535
22468.5,47859.4,22507.7,47899.1,0.2534
19977.1,32382.7,20035.2,32432.7,0.2533
18009.6,49624.5,18067.6,49687.2,0.2533
20123.6,24448.9,20198.3,24543.3,0.2533
26090.2,39504.7,26121.7,39533.8,0.2532
24556.8,21369.4,24637.0,21438.0,0.2532
11944.3,29808.4,12040.9,29889.7,0.2531
24623.8,11899.0,24674.3,11927.8,0.2529
9600.0,49873.2,9617.2,49919.7,0.2529
22962.5,15345.5,23021.1,15383.4,0.2527
15555.7,4995.5,15646.4,5095.6,0.2527
8668.7,22790.8,8680.4,22803.5,0.2525
17600.0,10844.8,17619.8,10880.0,0.2525
15698.8,27611.9,15711.7,27656.1,0.2524
8753.8,13898.1,8804.6,13954.8,0.2524
3517.4,24545.7,3609.9,24612.7,0.2523
15445.8,20649.9,15458.3,20693.8,0.2521
26090.0,36343.1,26100.1,36388.1,0.2520
17674.7,26826.4,17732.2,26876.9,0.2520
22535.8,21255.9,22632.3,21279.2,0.2519
10466.1,22680.2,10493.9,22715.0,0.2518
923.4,46688.0,960.0,46697.2,0.2518
23101.0,32417.2,23173.3,32495.2,0.2517
17195.6,32640.2,17324.1,32682.3,0.2517
26561.6,14720.0,26633.3,14760.4,0.2516
8673.8,32829.2,8741.8,32889.3,0.2515
13760.7,20329.8,13809.7,20394.0,0.2515
4747.8,36929.2,4797.7,36992.8,0.2515
15956.4,17822.2,15968.9,17870.3,0.2514
320.1,28447.5,339.2,28480.0,0.2514
27223.5,30720.0,27283.2,30745.6,0.2513
16909.9,27236.5,16959.2,27284.8,0.2512
3047.5,1806.1,3096.7,1856.0,0.2512
19782.6,34332.2,19839.2,34411.2,0.2512
15566.5,19197.1,15576.8,19244.5,0.2512
25430.2,49920.0,25455.2,49972.8,0.2511
17182.6,37167.1,17221.7,37206.9,0.2511
27338.3,42680.0,27392.1,42741.0,0.2510
8859.2,22105.0,8880.3,22122.3,0.2509
17848.9,46972.4,17918.2,47040.0,0.2509
6692.0,1076.3,6720.0,1100.0,0.2508
15769.6,19813.2,15795.6,19839.6,0.2507
25154.5,26426.3,25207.8,26453.0,0.2505
19523.4,17233.9,19554.2,17277.6,0.2504
12811.5,31248.3,12881.4,31286.2,0.2502
17510.9,3840.6,17586.5,3881.5,0.2501
8108.3,41088.8,8160.8,41149.9,0.2500
