x1,y1,x2,y2,score
16122.4,38262.8,16634.9,38717.2,0.9621
2384.2,20807.6,2874.7,21108.7,0.9620
10407.1,25605.8,10850.3,25970.1,0.9618
13755.1,34572.1,14074.7,34880.0,0.9600
17546.6,12483.6,17920.0,12913.6,0.9577
2884.7,5019.7,3517.1,5440.0,0.9569
4638.8,2755.8,5117.9,3194.0,0.9559
17089.3,58815.9,17587.5,59199.8,0.9553
12590.7,37922.5,13119.4,38396.2,0.9552
2425.0,277.7,2877.2,639.3,0.9552
16690.5,19109.6,17279.2,19519.8,0.9543
16397.1,6288.9,16960.0,6716.9,0.9541
640.0,9280.0,1276.5,9604.8,0.9540
12971.9,3524.3,13434.4,3975.7,0.9540
12984.8,27139.7,13433.5,27520.0,0.9538
9142.2,8975.0,9596.1,9333.9,0.9537
1815.0,4076.2,2237.9,4480.0,0.9536
8513.0,23364.0,8953.8,23748.2,0.9535
8382.1,41920.7,8952.9,42401.7,0.9531
2390.1,22246.8,2875.2,22719.0,0.9529
7040.0,29956.2,7462.9,30400.0,0.9517
8854.5,26257.8,9278.8,26597.4,0.9510
17706.4,7048.5,18172.6,7487.3,0.9506
14563.9,21939.1,15037.0,22396.5,0.9505
3016.6,6406.8,3517.6,6844.4,0.9504
6772.5,3845.4,7356.3,4278.5,0.9501
15164.1,17017.4,15679.9,17592.7,0.9501
6116.3,26560.0,6716.8,27039.6,0.9495
10651.1,4397.4,11196.4,4799.5,0.9492
11615.9,15936.0,11840.0,16320.0,0.9485
4631.2,6724.3,5116.5,7036.9,0.9484
9736.1,18449.6,10236.3,18880.0,0.9484
6400.0,29340.7,7037.5,29760.0,0.9483
13623.7,27119.1,14075.5,27520.0,0.9482
17414.0,37701.4,17915.8,38080.0,0.9480
16640.8,13771.4,17276.8,14078.5,0.9477
12569.8,24453.3,13120.0,24960.0,0.9474
18017.4,43453.8,18175.7,43838.9,0.9470
10274.5,27785.8,10880.0,28160.0,0.9469
2082.8,8237.3,2559.8,8639.8,0.9465
15689.1,17161.9,16318.7,17600.0,0.9463
13334.7,22724.4,13760.0,23132.8,0.9463
10041.1,3526.7,10549.5,3917.7,0.9463
9942.9,4368.2,10559.0,4800.0,0.9463
8712.5,15917.8,9280.0,16311.5,0.9461
4552.9,13688.5,5116.2,14080.0,0.9460
8539.7,28053.2,8957.7,28480.0,0.9460
13899.4,860.0,14396.7,1280.0,0.9459
6150.8,33171.1,6715.2,33599.7,0.9458
15798.3,48950.5,16315.0,49280.0,0.9456
8802.7,29343.4,9277.4,29760.0,0.9455
17544.6,59215.3,18169.8,59520.0,0.9454
8463.0,16525.0,8956.6,16960.0,0.9453
6157.6,17445.7,6710.2,17912.8,0.9448
4807.0,0.0,5438.5,318.8,0.9448
7377.6,31298.2,7996.5,31677.6,0.9446
2375.1,7227.0,2880.0,7675.4,0.9445
11858.4,14947.6,12476.6,15357.9,0.9442
2917.2,32320.0,3517.6,32800.6,0.9439
3663.7,21663.5,4159.2,22079.3,0.9439
5451.2,11782.0,6077.3,12160.0,0.9439
2584.3,27378.5,3195.9,27838.9,0.9439
11677.8,28113.6,12149.8,28480.0,0.9438
11846.2,5973.2,12479.4,6400.0,0.9437
4270.7,7222.3,4796.8,7677.1,0.9437
5517.9,8215.2,6080.0,8638.3,0.9436
12869.5,33082.8,13436.8,33594.9,0.9436
8756.2,31340.8,9275.7,31680.0,0.9435
6506.4,14280.1,7038.2,14720.0,0.9435
15749.3,1104.0,16315.2,1594.0,0.9433
13800.9,18277.3,14395.4,18560.0,0.9430
7190.1,32544.9,7679.4,32960.0,0.9430
9607.5,32658.7,10238.5,33057.8,0.9430
16193.1,30906.9,16638.9,31358.0,0.9430
6554.6,24000.0,7035.0,24470.7,0.9430
14081.9,6441.4,14720.0,6720.0,0.9428
9999.1,2574.7,10555.2,2986.3,0.9428
8970.4,8855.0,9599.6,9278.8,0.9427
16161.2,28357.3,16640.0,28795.1,0.9426
12656.1,34199.9,13114.8,34560.0,0.9426
14741.7,37445.3,15356.8,37760.0,0.9425
14732.4,57193.3,15357.4,57598.1,0.9425
6812.6,8645.3,7357.1,9120.8,0.9424
4961.7,4771.8,5439.5,5120.0,0.9423
11359.9,13916.0,11838.8,14399.3,0.9422
10460.1,7044.2,10877.6,7328.8,0.9421
12169.7,23680.1,12797.5,24127.7,0.9421
17077.3,4716.2,17596.4,5119.7,0.9420
17700.3,20480.2,17919.7,20642.3,0.9420
2243.9,5.0,2877.8,351.2,0.9420
9034.4,33471.7,9596.0,33916.6,0.9418
13904.9,34833.6,14395.9,35200.0,0.9417
8450.6,9847.8,8956.2,10236.7,0.9417
17438.7,43200.0,17599.4,43381.5,0.9416
15893.8,555.5,16316.9,960.0,0.9415
8499.1,12670.8,8954.3,13120.0,0.9413
3549.6,28047.8,4156.4,28480.0,0.9412
12289.4,40640.6,12479.4,40821.8,0.9412
2008.3,1609.2,2554.9,1920.0,0.9411
17418.0,24861.4,17916.6,25251.5,0.9411
1300.2,9175.6,1917.2,9600.0,0.9410
8320.0,7724.7,8955.8,8127.5,0.9410
7505.9,40331.0,7996.3,40833.0,0.9410
6535.6,16321.7,6720.0,16519.3,0.9409
14098.2,1496.3,14717.2,1919.8,0.9409
15822.2,31518.5,16316.9,31993.7,0.9408
15052.8,11113.6,15675.7,11520.0,0.9408
15180.1,32502.5,15668.3,32960.0,0.9408
11842.7,7385.3,12479.8,7680.0,0.9404
16044.8,35758.1,16636.0,36160.0,0.9402
3977.3,20663.8,4476.3,21117.8,0.9402
8770.8,14331.0,9280.0,14719.0,0.9402
5128.6,8960.4,5759.9,9319.3,0.9400
46.7,12056.8,636.6,12477.7,0.9395
10679.8,3688.8,11189.9,4160.0,0.9394
8734.3,11993.1,9279.3,12471.7,0.9393
6413.0,22569.6,7039.2,23039.1,0.9393
16161.2,34196.1,16636.2,34560.0,0.9393
15130.2,27201.9,15359.2,27407.1,0.9392
4808.2,31603.9,5439.4,31994.4,0.9392
5891.5,19396.1,6398.2,19840.0,0.9392
5861.0,30080.4,6080.0,30217.7,0.9391
14535.7,25136.9,15032.9,25600.0,0.9389
10248.8,13613.1,10877.9,14072.4,0.9386
8440.9,29074.5,8957.4,29440.0,0.9384
11870.6,20145.6,12480.0,20480.0,0.9383
14207.9,20344.2,14716.3,20797.7,0.9383
16644.2,5461.6,17273.9,5760.0,0.9382
7521.3,17898.0,7995.4,18239.6,0.9382
657.9,7886.5,1279.9,8318.9,0.9381
10938.2,10785.7,11520.0,11200.0,0.9380
5913.6,23559.4,6394.4,23998.1,0.9380
5922.8,9920.0,6079.9,10190.5,0.9379
12259.9,15557.8,12795.2,15999.3,0.9379
9340.2,29275.7,9916.2,29758.4,0.9379
17680.5,31366.3,17919.8,31741.5,0.9378
9673.5,19725.7,10238.3,20159.4,0.9377
15901.3,44412.8,15998.6,44799.8,0.9376
15396.1,31354.1,15995.5,31680.0,0.9376
17817.0,60818.3,18176.0,61440.0,0.9376
11572.7,11064.8,12158.7,11517.3,0.9375
3213.6,6722.4,3837.4,7107.7,0.9375
14255.3,8191.6,14715.6,8632.4,0.9375
14790.1,39914.6,15360.0,40318.9,0.9374
5908.3,20083.3,6400.0,20480.0,0.9374
5581.1,29981.8,6080.0,30400.0,0.9373
3914.4,6405.8,4476.7,6848.0,0.9372
10964.6,852.0,11517.0,1280.0,0.9372
4828.4,6917.2,5434.6,7356.0,0.9371
13768.8,28670.3,14395.3,29118.7,0.9370
3530.1,4688.8,4156.3,5112.1,0.9370
4305.3,24001.3,4479.1,24165.7,0.9370
16443.1,26727.0,16958.2,27200.0,0.9364
5661.5,5681.1,6077.1,6080.0,0.9363
16721.0,32004.1,16960.0,32319.0,0.9363
11520.4,960.0,12157.9,1178.5,0.9363
17143.1,11412.2,17600.0,11840.0,0.9362
7044.0,8328.7,7674.2,8659.8,0.9361
15774.7,9173.5,16320.0,9589.1,0.9361
5147.2,37263.7,5758.1,37759.4,0.9360
17429.2,61120.0,17906.8,61750.2,0.9360
4267.8,9153.8,4799.7,9600.0,0.9359
6784.5,961.2,7040.0,1406.5,0.9358
16774.8,38352.3,17275.1,38719.4,0.9358
11851.5,23360.0,12478.0,23813.7,0.9357
8162.7,16965.4,8629.7,17413.6,0.9355
12374.3,35268.6,12799.8,35519.2,0.9354
3572.8,32001.7,4155.6,32421.0,0.9353
15090.6,29936.4,15676.9,30400.0,0.9352
464.0,11842.5,960.0,12120.1,0.9351
15113.3,22593.4,15678.8,23039.9,0.9350
8640.0,35733.0,9277.7,36158.4,0.9350
12303.9,24143.6,12793.2,24638.0,0.9350
15826.1,5022.7,16318.5,5440.0,0.9350
647.2,25887.4,1277.7,26240.0,0.9349
1056.3,10405.5,1596.6,10880.0,0.9349
14143.9,26432.5,14716.4,26877.8,0.9348
5440.0,15556.1,6075.3,15997.1,0.9348
16320.1,4989.5,16955.7,5435.7,0.9348
6777.0,20639.6,7359.4,21119.1,0.9348
10880.0,37054.2,11518.1,37440.0,0.9347
12480.8,44164.7,12711.6,44348.5,0.9346
13216.3,16812.2,13758.2,17280.0,0.9345
11842.2,19343.7,11950.5,19511.9,0.9345
12247.1,24822.4,12797.2,25251.3,0.9344
15457.1,54553.6,15992.6,55036.4,0.9343
16371.4,22734.7,16633.8,22887.5,0.9342
7926.6,40868.9,8319.8,41280.0,0.9340
15763.3,28105.6,16319.0,28479.2,0.9339
8409.8,10148.2,8947.4,10560.0,0.9339
14400.4,2794.1,15035.9,3200.0,0.9338
12825.1,32208.4,13437.8,32637.4,0.9338
15049.2,45090.7,15674.8,45440.0,0.9338
14438.6,9161.5,15040.0,9573.9,0.9338
16951.3,56669.2,17280.0,57280.0,0.9336
12298.8,29581.7,12794.3,30074.9,0.9336
4223.9,26711.1,4794.0,27197.9,0.9336
11046.7,3124.3,11515.8,3517.1,0.9335
16120.4,39927.5,16638.7,40320.0,0.9334
13500.2,31599.5,14074.4,31995.1,0.9333
4628.0,21441.6,4799.5,21599.9,0.9333
17913.8,20161.0,18176.0,20463.2,0.9331
5901.0,7903.7,6392.8,8319.5,0.9331
5802.4,29121.3,6395.4,29544.5,0.9331
11921.0,1215.5,12480.0,1600.0,0.9329
16457.4,21342.7,16956.9,21759.6,0.9328
17111.0,9192.3,17598.3,9600.0,0.9328
12485.3,24173.5,13117.3,24637.1,0.9327
13189.6,2129.8,13755.2,2555.3,0.9327
12189.6,7560.3,12799.5,7999.6,0.9326
9616.5,17926.1,10239.5,18231.4,0.9325
10053.9,24118.7,10239.1,24483.4,0.9323
16494.4,25581.3,16958.8,25920.0,0.9323
13774.8,14424.4,14385.1,14772.5,0.9323
17293.7,8644.0,17916.9,9084.8,0.9323
9049.4,30408.7,9597.2,30785.3,0.9322
17657.2,11739.2,17920.0,12129.1,0.9322
1319.8,12398.6,1917.7,12800.0,0.9322
4920.9,13968.9,5440.0,14400.0,0.9322
17348.8,21760.8,17599.7,22008.7,0.9321
3017.5,17173.7,3516.5,17600.0,0.9321
17857.3,23685.7,18174.5,24089.7,0.9319
13837.8,25931.9,14396.7,26470.6,0.9318
15409.8,20976.8,16000.0,21439.4,0.9318
13644.6,16203.8,14072.3,16640.0,0.9317
4904.5,2772.3,5438.8,3197.0,0.9317
4527.6,29760.0,4800.0,29912.3,0.9315
9400.1,27841.8,9599.3,28093.0,0.9315
14864.9,9813.1,15358.5,10230.9,0.9315
15057.4,57695.5,15676.9,58238.5,0.9314
323.8,17795.1,957.7,18234.4,0.9313
11581.4,11525.1,12157.0,11956.5,0.9312
3923.0,31680.6,4477.5,32180.8,0.9311
13024.9,1825.2,13440.0,2234.0,0.9311
500.4,17282.0,639.2,17491.7,0.9310
12953.6,3493.9,13120.0,3840.0,0.9309
7392.8,14288.3,7998.0,14720.0,0.9308
12873.4,26534.4,12982.0,26865.3,0.9306
4241.2,21590.2,4798.1,22076.8,0.9305
15683.3,25240.3,16317.9,25600.0,0.9305
9332.8,42664.5,9915.2,43200.0,0.9302
6213.2,18777.9,6399.7,19197.1,0.9301
371.5,15041.1,958.4,15358.6,0.9301
15363.3,55195.8,15527.5,55675.7,0.9300
16077.2,22866.8,16636.0,23358.1,0.9300
13209.8,1298.8,13754.9,1696.9,0.9300
14122.8,4160.6,14399.2,4570.4,0.9299
12217.7,28641.4,12796.3,29120.0,0.9298
14724.7,8879.1,15358.2,9280.0,0.9298
5563.3,31041.2,5759.1,31207.0,0.9296
16400.8,30193.5,16954.9,30720.0,0.9296
403.9,49922.2,639.6,50382.6,0.9296
10354.5,5898.8,10875.8,6388.1,0.9294
14802.9,39924.4,15040.0,40320.0,0.9293
15040.0,37379.8,15676.1,37760.0,0.9292
17543.6,28741.1,18172.8,29120.0,0.9292
3240.6,569.6,3835.2,960.0,0.9291
642.4,11200.0,1277.1,11513.0,0.9290
12064.0,13118.5,12160.0,13440.0,0.9289
12974.2,35842.0,13119.5,35986.2,0.9289
14584.2,4805.1,15038.2,5125.6,0.9288
17599.7,60162.8,17919.6,60738.1,0.9288
17021.5,29344.8,17597.9,29760.0,0.9288
14192.3,22400.0,14715.6,22744.8,0.9288
3943.9,959.5,4480.0,1278.3,0.9286
15146.3,38530.5,15675.6,39037.7,0.9286
10971.9,20040.5,11517.7,20474.9,0.9286
7475.5,27094.7,8000.0,27520.0,0.9286
15719.1,20678.8,16316.5,21118.5,0.9285
14720.4,36815.1,15337.7,37120.0,0.9284
3263.0,23177.5,3839.4,23679.7,0.9284
14798.5,40000.0,15039.3,40556.3,0.9284
7745.3,13689.6,8316.2,14080.0,0.9283
4265.2,3565.4,4798.9,4160.0,0.9283
15388.5,42148.8,16000.0,42560.0,0.9283
17547.5,33799.7,18172.9,34240.0,0.9282
17096.6,37440.0,17597.4,37740.3,0.9282
15813.6,4033.7,16318.0,4479.7,0.9281
5572.6,12690.4,6078.3,13119.4,0.9281
5144.2,9920.0,5756.0,10222.7,0.9280
6140.6,29984.9,6400.0,30400.0,0.9279
16018.8,51025.8,16154.5,51200.0,0.9278
9771.8,24732.4,10216.6,25074.5,0.9278
16505.3,30414.0,16955.4,30814.6,0.9278
10264.3,34133.8,10874.1,34560.0,0.9276
11319.7,22879.0,11837.5,23357.8,0.9276
17369.3,63803.1,17916.4,64317.9,0.9275
13331.0,5120.0,13438.8,5311.9,0.9275
11629.5,36482.2,11839.3,36669.9,0.9273
15797.3,43520.0,15999.3,43782.1,0.9273
16964.0,59520.0,17278.6,60103.0,0.9273
11933.9,2500.5,12475.5,2880.0,0.9273
7754.0,29024.3,8314.8,29440.0,0.9272
3012.7,6924.1,3515.5,7360.0,0.9272
10630.4,27940.1,11197.2,28475.0,0.9272
16746.8,25923.8,17276.0,26379.7,0.9271
3683.5,13151.4,4156.1,13439.9,0.9271
17011.7,64366.4,17594.9,64959.5,0.9270
4687.6,5440.0,5120.0,5695.8,0.9266
12961.4,16930.6,13440.0,17280.0,0.9265
1283.3,28123.3,1920.0,28480.0,0.9264
320.0,24001.1,940.1,24427.6,0.9263
8021.8,14631.0,8640.0,15039.9,0.9263
16358.9,7242.4,16958.7,7679.7,0.9262
9058.4,42437.2,9596.4,42880.0,0.9260
2080.4,4682.2,2560.0,5117.3,0.9260
14852.0,3200.0,15356.2,3423.3,0.9260
7041.9,8000.0,7677.8,8252.7,0.9260
13603.0,1788.6,14075.9,2234.6,0.9259
12197.0,15824.9,12794.9,16259.7,0.9257
17562.0,13610.8,18172.7,14076.1,0.9257
8761.3,33767.6,9278.5,34239.7,0.9257
13172.7,2391.2,13757.1,2880.0,0.9256
9515.2,30404.0,9916.9,30752.6,0.9255
10105.6,4800.4,10556.6,5275.3,0.9255
7690.2,2175.2,8320.0,2560.0,0.9254
8993.3,15325.4,9599.6,15680.0,0.9251
11016.7,18183.4,11514.7,18560.0,0.9251
7074.5,40494.3,7674.6,40959.8,0.9251
14583.1,10128.1,15034.9,10556.1,0.9250
3166.0,32742.8,3519.3,32959.1,0.9249
14524.4,29643.8,15033.2,30080.0,0.9249
12614.6,26549.8,12725.2,26761.7,0.9248
1985.1,11764.1,2536.4,12160.0,0.9248
5185.2,2084.3,5757.9,2550.5,0.9247
17606.2,41204.4,18173.5,41600.0,0.9246
7049.6,2397.2,7676.9,2874.1,0.9246
6408.0,27236.3,7037.9,27581.7,0.9244
9981.9,19059.9,10547.3,19520.0,0.9243
10617.3,16569.0,11197.4,16959.7,0.9240
4552.9,39204.4,5116.8,39677.5,0.9240
4616.0,2247.2,5115.8,2693.9,0.9239
13811.9,36982.3,14394.1,37434.5,0.9238
7724.9,1812.4,8314.2,2219.0,0.9238
10567.8,31401.6,11194.8,31680.0,0.9237
2978.4,1524.9,3200.0,1918.2,0.9236
118.8,11202.5,640.0,11473.0,0.9235
11269.1,28802.8,11837.9,29225.4,0.9233
14149.8,46080.4,14382.3,46213.0,0.9232
14726.8,29618.4,15272.2,30079.3,0.9232
10548.2,36800.0,10877.7,37433.0,0.9229
16712.7,165.1,17278.9,640.0,0.9227
15479.9,55284.0,15995.1,55680.0,0.9226
10404.0,15307.3,10560.0,15677.2,0.9224
15590.3,7314.6,15676.7,7680.0,0.9223
9688.0,29006.8,10235.1,29436.5,0.9222
6222.9,964.2,6716.0,1380.8,0.9220
16001.5,44690.4,16101.4,45117.7,0.9220
1467.1,24962.8,1916.7,25520.3,0.9219
15125.2,55466.8,15676.8,55996.9,0.9219
17771.1,51524.6,17919.1,51743.3,0.9219
1385.3,27840.5,1599.9,28077.5,0.9219
9608.1,17125.2,10240.0,17575.5,0.9217
11620.6,167.9,12144.6,638.2,0.9217
10212.4,17282.5,10560.0,17728.5,0.9216
1041.8,705.4,1596.6,1280.0,0.9216
12853.2,10799.5,13434.6,11196.4,0.9215
14766.7,57489.6,15356.8,57920.0,0.9215
8473.6,38082.0,8639.5,38264.9,0.9215
3888.0,1292.7,4480.0,1738.8,0.9214
10373.8,35118.6,10877.3,35520.0,0.9212
17294.5,34561.4,17920.0,34882.5,0.9212
8693.3,16294.6,9280.0,16640.0,0.9211
4924.3,3121.8,5440.0,3520.0,0.9211
10000.6,27030.3,10559.1,27517.4,0.9209
15713.0,32170.1,16315.9,32640.0,0.9208
14133.7,23877.6,14717.2,24320.0,0.9205
17692.1,22082.8,17919.4,22263.9,0.9204
16355.4,44712.5,16954.0,45120.0,0.9202
15510.4,10082.6,16000.0,10557.3,0.9202
4162.1,25600.0,4445.9,25763.6,0.9201
15431.8,42150.0,15680.0,42560.0,0.9200
1923.2,27741.9,2555.3,28160.0,0.9199
10885.1,16969.0,11502.9,17280.0,0.9198
7736.6,41145.6,8314.5,41600.0,0.9197
19.5,25248.2,639.7,25600.0,0.9196
10655.1,12379.4,11196.7,12799.7,0.9195
10574.9,8199.7,11198.7,8638.5,0.9194
17074.4,19447.5,17596.5,19840.0,0.9194
17569.2,64742.0,18172.4,64960.0,0.9193
15405.0,28027.7,15997.9,28480.0,0.9193
7791.1,4818.4,8316.7,5186.6,0.9191
14870.2,27746.8,15359.7,28159.1,0.9190
6080.0,26158.5,6417.8,26557.9,0.9189
15385.0,3420.5,15998.0,3838.5,0.9188
1024.8,18410.5,1591.4,18879.8,0.9187
1923.9,51150.5,2559.6,51520.0,0.9187
10037.2,12916.5,10559.1,13440.0,0.9185
4263.2,16164.5,4799.4,16639.7,0.9185
17660.5,25067.8,18175.0,25600.0,0.9184
6639.8,13166.3,7040.0,13760.0,0.9184
17363.2,65657.0,17911.4,66239.9,0.9184
12800.3,20162.3,13158.9,20254.9,0.9184
11844.4,39902.5,12476.9,40320.0,0.9183
14747.8,26453.1,15357.6,26878.2,0.9183
5797.6,26169.8,6395.5,26560.0,0.9183
11367.2,33001.9,11517.4,33280.0,0.9182
148.9,18675.3,639.7,19194.5,0.9181
16668.8,36390.1,17277.7,36800.0,0.9181
5061.9,10605.8,5440.0,10879.6,0.9181
8506.6,12812.5,8640.0,13120.0,0.9180
4940.6,16159.7,5438.4,16636.5,0.9179
7681.2,39807.1,7800.4,39999.7,0.9179
13346.0,20424.7,13758.2,20800.0,0.9178
4856.4,19636.8,5437.1,20160.0,0.9177
15426.9,21120.3,15679.5,21358.3,0.9177
5.7,17510.5,452.1,17920.0,0.9177
17006.5,54720.0,17595.7,55199.8,0.9176
12494.6,26560.5,12603.2,26759.1,0.9176
12884.6,13155.5,13047.2,13505.1,0.9175
3180.4,52282.7,3518.1,52479.2,0.9175
13122.0,14726.8,13758.1,15039.0,0.9175
3360.5,5446.8,3837.3,5784.8,0.9174
8640.0,36801.1,8827.4,36910.4,0.9174
10638.5,15041.2,10879.8,15220.8,0.9174
9078.7,38332.5,9595.6,38720.0,0.9173
7199.4,13336.7,7676.3,13760.0,0.9173
10692.9,11746.8,10880.0,12160.0,0.9173
1284.6,14426.2,1917.7,14713.1,0.9172
9691.7,30547.0,10237.7,31038.6,0.9172
2562.4,10820.9,3198.9,11200.0,0.9171
4480.0,21781.3,5120.0,22080.0,0.9171
14169.1,48642.8,14715.4,49045.7,0.9171
8654.3,12388.9,9277.0,12799.9,0.9169
6098.9,208.6,6720.0,640.0,0.9167
8032.5,9310.6,8636.1,9753.1,0.9167
11542.3,5889.4,12158.9,6388.7,0.9165
15508.5,25470.0,16000.0,25920.0,0.9164
4294.3,11414.4,4796.6,11840.0,0.9164
12939.7,26566.1,13436.3,27059.1,0.9164
6461.2,15568.4,7036.2,15997.4,0.9164
17672.5,23683.3,17920.0,23966.7,0.9164
17444.8,25858.3,17919.3,26240.0,0.9163
2286.7,33377.7,2875.4,33920.0,0.9162
9052.4,42000.6,9279.0,42240.0,0.9162
5754.8,27520.0,6077.9,28148.4,0.9161
10884.1,6261.6,11517.4,6717.8,0.9161
167.7,6149.8,635.8,6540.1,0.9161
12178.4,39267.7,12797.4,39680.0,0.9160
16162.2,20655.0,16639.6,21116.5,0.9160
15830.1,9802.4,16318.1,10240.0,0.9160
16640.0,36864.4,17266.1,37120.0,0.9159
13593.9,1981.5,14079.3,2374.3,0.9158
1292.5,9763.6,1920.0,10235.2,0.9158
11909.8,24529.3,12476.1,24960.0,0.9157
2786.7,4066.9,2879.9,4469.5,0.9156
11850.0,34111.2,12478.9,34556.4,0.9156
8640.6,11889.4,9276.4,12160.0,0.9156
14020.8,16504.8,14398.5,16960.0,0.9155
5901.9,7502.2,6398.4,8000.0,0.9155
11520.5,36043.8,12157.5,36480.0,0.9155
4497.9,16842.6,5120.0,17267.3,0.9154
14270.7,7562.1,14397.4,7640.0,0.9151
13822.5,4160.2,14079.8,4416.1,0.9151
4805.1,27436.7,5413.5,27840.0,0.9151
17401.2,29005.3,17917.5,29440.0,0.9151
17712.5,60645.6,18162.6,61119.0,0.9150
4574.5,10240.8,5116.3,10749.8,0.9150
14123.5,21030.4,14720.0,21440.0,0.9149
10014.5,7969.1,10555.0,8319.4,0.9149
10332.9,41557.1,10875.6,41917.1,0.9149
1316.7,17805.9,1919.9,18235.5,0.9147
1726.2,23370.5,2235.8,23707.4,0.9147
17055.0,31043.5,17280.0,31338.7,0.9146
14687.8,42493.8,15039.9,42879.3,0.9145
16687.5,27032.6,17280.0,27518.1,0.9145
4861.6,22261.3,5434.7,22712.2,0.9145
16660.2,29634.7,17276.1,30079.6,0.9144
13007.8,4486.0,13436.5,4926.9,0.9144
5021.1,13045.1,5120.0,13439.5,0.9142
4293.9,10561.9,4479.1,10766.6,0.9142
16853.0,44257.4,16959.4,44479.3,0.9141
5145.0,7698.9,5759.9,8000.0,0.9139
4756.1,28480.0,5120.0,28959.6,0.9139
6731.3,27110.8,7357.6,27520.0,0.9139
13120.0,44488.1,13458.2,44634.7,0.9138
4199.3,2240.7,4480.0,2418.4,0.9137
14527.9,49163.7,15038.9,49596.1,0.9137
12002.3,16533.1,12476.9,16957.5,0.9136
10641.9,34439.6,11200.0,34880.0,0.9136
10064.0,24320.0,10360.4,24465.8,0.9135
17375.7,36979.4,17919.0,37438.2,0.9134
15087.3,29663.2,15680.0,30080.0,0.9133
12545.2,11408.8,13118.7,11840.0,0.9133
10248.1,9604.5,10879.0,9880.1,0.9132
14400.0,6637.0,15036.4,7036.6,0.9132
17324.3,28386.0,17914.4,28798.8,0.9132
8669.7,13298.3,9276.1,13759.0,0.9131
3200.4,23680.5,3356.7,23851.4,0.9130
14895.5,38625.8,15355.5,39040.0,0.9129
11910.5,27767.6,12480.0,28160.0,0.9128
1920.8,17212.2,2560.0,17600.0,0.9128
15680.0,3200.0,16317.7,3637.2,0.9127
8384.9,11075.2,8960.0,11516.8,0.9126
1381.5,27740.3,1914.0,28159.6,0.9125
9920.3,1927.5,10085.0,2291.4,0.9124
4800.3,11201.8,4894.6,11415.0,0.9123
14082.1,11521.6,14717.0,11840.0,0.9123
1283.8,14598.7,1920.0,15037.1,0.9121
5213.3,4935.8,5758.2,5439.1,0.9120
11886.7,31045.6,12479.2,31408.8,0.9120
11755.1,12404.1,11840.0,12800.0,0.9119
5175.0,50535.9,5439.4,50879.8,0.9116
12175.2,12370.0,12796.9,12800.0,0.9116
15762.3,32828.2,16313.6,33277.1,0.9116
7682.6,30018.1,7791.3,30184.4,0.9115
17113.2,33220.6,17597.2,33600.0,0.9115
9373.6,35689.2,9920.0,36154.5,0.9115
15364.0,16943.0,16000.0,17280.0,0.9115
11212.6,45332.9,11836.1,45759.6,0.9113
15041.6,6702.6,15677.9,7034.8,0.9113
4819.7,15885.3,5435.3,16315.9,0.9112
10335.3,16225.7,10874.3,16638.8,0.9111
17380.6,21259.9,17918.8,21758.5,0.9111
9979.1,32003.2,10548.9,32470.9,0.9111
12527.4,40136.6,13116.6,40637.7,0.9110
10330.8,27098.4,10879.7,27520.0,0.9109
11054.7,3510.3,11519.1,3838.5,0.9109
9991.7,3081.9,10559.2,3519.0,0.9109
15872.0,23943.0,16317.3,24320.0,0.9109
14553.1,30943.7,15040.0,31360.0,0.9108
14403.2,29259.9,15034.5,29757.6,0.9108
6114.7,5889.5,6715.5,6399.1,0.9107
11557.2,37567.5,12156.4,38074.4,0.9105
16440.5,61120.0,16640.0,61641.8,0.9105
17015.3,30401.8,17279.3,30626.3,0.9105
17579.2,47030.9,18173.9,47360.0,0.9104
13772.8,41201.5,14398.4,41600.0,0.9104
6095.6,2108.9,6716.9,2558.1,0.9104
9930.4,24589.1,10560.0,24960.0,0.9104
649.7,53999.1,1277.3,54398.4,0.9104
17740.0,29974.7,18176.0,30400.0,0.9104
13781.1,32890.3,14397.5,33280.0,0.9103
3825.5,22080.0,4159.8,22546.8,0.9103
5131.3,2489.7,5757.3,2880.0,0.9103
4331.3,22976.0,4800.0,23360.0,0.9102
8700.8,15592.7,9280.0,15935.7,0.9101
3587.5,6109.5,4158.8,6400.0,0.9100
12365.0,17601.8,12789.8,18038.9,0.9100
11600.1,42563.7,12154.8,42988.7,0.9100
6531.2,14063.0,6720.0,14400.0,0.9100
4196.5,10703.9,4800.0,11197.6,0.9098
13495.4,32221.9,14075.2,32638.6,0.9098
17077.2,51368.2,17595.4,51840.0,0.9097
16668.5,17712.2,17276.6,18238.0,0.9097
13452.1,9475.4,14079.3,9915.8,0.9095
11931.4,3657.4,12474.1,4130.7,0.9095
14496.7,48468.7,15036.3,48957.4,0.9094
3201.5,24003.8,3648.6,24307.4,0.9094
4803.7,24787.3,5438.6,25278.2,0.9091
7144.8,33478.0,7677.5,33920.0,0.9090
3201.9,6388.8,3615.0,6720.0,0.9089
10888.5,32648.4,11517.8,33100.2,0.9088
8389.7,19663.1,8640.0,20157.5,0.9088
10330.4,26146.8,10877.0,26560.0,0.9088
8039.7,34562.7,8320.0,35006.3,0.9087
15089.0,4800.0,15674.5,5306.5,0.9083
14429.7,14088.6,15035.2,14391.8,0.9083
10028.6,35768.3,10560.0,36160.0,0.9081
13283.2,33599.0,13755.4,33920.0,0.9081
5440.0,14400.0,6077.4,14864.6,0.9080
1153.1,17603.6,1600.0,18084.0,0.9080
12253.6,38267.0,12796.0,38717.8,0.9079
4184.6,2801.2,4797.8,3197.2,0.9077
8722.1,33491.9,8959.1,33909.6,0.9076
4627.6,30969.4,5117.9,31360.0,0.9075
2927.2,50248.2,3515.5,50751.2,0.9074
14400.9,4160.0,15035.2,4423.0,0.9074
8686.9,13953.3,9276.7,14398.4,0.9072
16738.4,19664.9,17277.5,20155.8,0.9072
9916.8,31911.6,10240.0,32320.0,0.9071
8445.2,13309.9,8958.0,13758.3,0.9071
14080.0,29147.7,14717.5,29440.0,0.9070
6827.5,5125.8,7039.9,5373.2,0.9069
13122.4,47600.3,13439.0,48000.0,0.9069
733.8,27842.1,960.0,28023.0,0.9068
12996.0,7264.4,13434.2,7675.5,0.9068
12738.6,26545.5,12868.4,26766.5,0.9067
13445.8,5442.5,14078.3,5808.6,0.9067
12234.7,18427.8,12797.1,18880.0,0.9066
1635.2,19200.0,1919.8,19590.8,0.9065
11364.1,39680.4,11519.5,39825.6,0.9063
16452.2,39680.5,16639.1,39799.1,0.9062
1307.9,8623.1,1917.0,8960.0,0.9062
6418.2,8874.0,7035.9,9280.0,0.9060
14582.4,5999.5,14718.4,6378.0,0.9060
13876.5,48641.1,14397.6,49053.7,0.9060
16099.1,640.4,16636.9,1110.1,0.9059
7703.1,20969.7,8318.2,21440.0,0.9058
1859.1,20480.0,2240.0,20939.6,0.9058
12010.9,7684.9,12477.2,8156.9,0.9058
14249.7,3043.4,14712.4,3517.6,0.9058
17280.9,27201.1,17385.1,27302.4,0.9058
17827.8,62280.7,18175.2,62719.8,0.9056
15742.9,22582.6,16316.0,23038.6,0.9054
17020.4,24863.7,17597.1,25280.0,0.9054
17769.0,12094.0,17920.0,12477.2,0.9052
11218.5,13442.1,11837.2,13760.0,0.9051
11612.4,8008.8,11838.9,8245.3,0.9050
8945.7,3848.7,9280.0,4153.7,0.9050
2669.2,22080.0,3194.8,22505.7,0.9050
1696.1,2564.3,2237.5,2883.8,0.9049
2625.5,8862.1,3194.1,9280.0,0.9049
6624.0,13500.7,6719.0,13821.6,0.9048
5760.0,19200.0,6397.7,19583.2,0.9048
15205.0,20083.6,15673.8,20480.0,0.9048
13515.3,50332.4,14076.4,50880.0,0.9047
732.0,5766.9,959.5,6073.8,0.9046
8989.9,29761.6,9597.7,30069.0,0.9046
13983.4,21760.7,14400.0,22181.7,0.9046
11714.5,3319.4,12160.0,3819.6,0.9046
7463.8,29440.0,7661.5,29736.5,0.9046
17701.5,48278.7,18173.5,48631.3,0.9046
3200.0,3747.2,3836.7,4160.0,0.9046
17421.5,59763.1,17896.0,60160.0,0.9045
2921.5,27547.1,3517.8,28155.2,0.9045
10365.0,21057.7,10879.0,21440.0,0.9045
5122.7,22301.2,5743.2,22720.0,0.9045
17374.4,10617.8,17903.0,10934.9,0.9043
8575.1,10449.1,8639.9,10880.0,0.9042
7360.0,8000.4,7709.1,8232.1,0.9041
16389.9,53962.5,16958.8,54400.0,0.9040
2600.3,22737.0,3199.5,23040.0,0.9038
7519.5,40423.5,7680.0,40640.0,0.9038
13963.0,997.6,14400.0,1433.4,0.9037
3920.3,5210.7,4471.1,5555.6,0.9036
10068.8,654.9,10551.9,1062.3,0.9036
82.4,13049.2,640.0,13440.0,0.9033
9369.0,32869.6,9600.0,33280.0,0.9033
16767.2,15670.7,16960.0,15718.7,0.9032
12054.8,13681.7,12480.0,14080.0,0.9032
11281.3,26400.4,11839.2,26876.7,0.9032
4171.8,9527.0,4798.2,9920.0,0.9030
13819.5,20177.9,14079.8,20478.8,0.9027
10899.2,11848.2,11016.9,12158.1,0.9026
13243.8,2881.2,13758.2,3304.6,0.9026
15040.0,3567.1,15676.6,3871.0,0.9026
664.3,16560.9,1276.9,16959.2,0.9025
15707.2,4346.7,16316.3,4695.0,0.9025
10051.8,18468.7,10556.1,18875.1,0.9024
15421.8,38759.3,15998.2,39360.0,0.9024
6195.4,7206.3,6717.7,7673.3,0.9024
10241.6,12160.7,10879.4,12435.8,0.9024
5711.6,28105.1,6073.1,28480.0,0.9024
12558.1,36981.1,13116.4,37440.0,0.9022
5211.7,23680.8,5440.0,23876.3,0.9022
8964.2,36071.0,9597.6,36480.0,0.9021
7682.4,29760.0,7792.5,29960.7,0.9021
10719.6,26476.3,11192.4,26879.0,0.9020
11479.2,25953.4,11576.4,26240.0,0.9019
10955.0,44907.2,11515.3,45439.0,0.9017
10570.3,19377.6,11196.7,19840.0,0.9017
2240.3,50563.1,2876.7,50954.9,0.9016
8416.5,31502.0,8952.6,32000.0,0.9014
2799.1,23972.8,3199.7,24320.0,0.9013
17338.3,35705.2,17913.3,36158.8,0.9012
17818.0,37937.0,17916.8,38395.5,0.9012
12480.0,26233.0,12719.1,26551.4,0.9010
14901.6,33191.2,15040.0,33597.5,0.9010
10990.1,23845.9,11512.0,24313.2,0.9010
10034.0,4496.9,10555.9,5120.0,0.9009
9600.0,8653.7,10226.3,8959.7,0.9006
2020.7,6603.8,2559.3,7040.0,0.9006
14889.6,33149.0,15360.0,33600.0,0.9004
14288.1,1798.7,14719.6,2238.0,0.9004
13897.6,6715.8,14385.8,7039.5,0.9003
8431.1,33496.2,8956.7,33919.2,0.9002
13525.0,14266.7,14079.3,14711.8,0.9001
12259.5,36161.8,12479.8,36340.0,0.9000
10304.0,13038.9,10871.0,13440.0,0.9000
11391.7,18419.5,11839.6,18879.3,0.9000
14439.6,965.7,14720.0,1325.9,0.8999
11628.7,15364.4,12160.0,15986.5,0.8998
7707.0,8005.3,8316.3,8383.6,0.8998
6080.0,867.0,6717.9,1280.0,0.8997
9920.5,31362.8,10146.1,31550.0,0.8997
11248.0,42343.4,11517.7,42559.4,0.8997
6755.0,5120.0,7360.0,5367.5,0.8996
11522.0,23042.3,12157.8,23403.2,0.8996
10565.7,44385.0,11195.3,44800.0,0.8995
11599.0,10436.5,12156.8,10877.2,0.8995
2747.4,17233.5,3200.0,17597.2,0.8995
679.2,22409.6,1277.2,22720.0,0.8994
17351.3,6430.2,17916.3,6788.0,0.8994
17132.0,4806.3,17598.6,5321.3,0.8994
11628.0,38965.6,12160.0,39359.1,0.8994
2728.5,26667.4,3194.4,27198.3,0.8993
11277.9,36163.7,11519.0,36384.9,0.8989
9281.3,1925.5,9792.3,2454.0,0.8987
13133.4,28044.0,13759.2,28478.0,0.8986
6340.0,30625.3,6400.0,31040.0,0.8985
12915.1,33840.7,13428.5,34240.0,0.8983
13671.8,6622.4,13759.9,7020.8,0.8983
8640.0,41926.7,9013.5,42416.1,0.8982
3630.4,22778.1,4160.0,23360.0,0.8982
17429.3,47907.2,17916.9,48313.0,0.8981
5673.6,23751.7,5759.4,24000.0,0.8980
8673.1,9831.3,9277.9,10240.0,0.8979
16206.0,22385.0,16320.0,22719.4,0.8979
6744.9,32868.6,7355.2,33280.0,0.8976
391.8,1163.4,955.5,1600.0,0.8976
724.2,12641.1,1280.0,13116.1,0.8973
14298.3,8541.5,14716.3,8960.0,0.8973
2880.0,28078.6,3520.0,28480.0,0.8972
17042.8,19456.2,17278.9,19820.1,0.8971
16054.5,35137.2,16639.2,35520.0,0.8970
8763.6,35322.5,9279.6,35677.5,0.8969
15839.8,5974.3,16316.7,6400.0,0.8969
5120.0,36621.4,5232.1,36798.5,0.8969
3022.5,3886.3,3517.5,4158.6,0.8968
478.2,17161.2,959.5,17600.0,0.8967
11682.8,32960.0,12157.8,33269.6,0.8964
7763.3,41445.7,8319.0,41918.7,0.8964
14572.1,1925.8,15035.0,2300.9,0.8964
15360.0,42749.4,15480.9,43197.7,0.8964
2691.2,32995.5,3195.0,33280.0,0.8963
17687.6,64874.1,18172.8,65277.1,0.8963
14989.5,30080.0,15358.7,30545.3,0.8962
16646.6,63926.2,17278.5,64316.7,0.8962
10657.5,12919.0,11200.0,13437.9,0.8961
10056.3,42402.7,10556.9,42879.6,0.8961
11357.9,2656.6,11520.0,3094.0,0.8960
15440.5,538.0,15998.6,960.0,0.8959
13266.9,48001.0,13755.4,48485.3,0.8959
13696.4,30990.8,13756.2,31360.0,0.8959
6288.3,8839.2,6720.0,9280.0,0.8959
1275.1,20540.6,1600.0,21120.0,0.8958
16324.6,24482.7,16955.3,24960.0,0.8958
10143.3,21996.7,10240.0,22400.0,0.8957
6730.9,12387.9,7360.0,12800.0,0.8956
6423.6,39686.6,7029.5,40152.4,0.8955
4829.2,31955.3,5438.6,32320.0,0.8955
787.2,22935.1,1275.7,23360.0,0.8954
7512.7,2248.5,7680.0,2556.2,0.8954
5840.5,14401.7,6080.0,14608.6,0.8954
9293.9,29764.5,9920.0,30025.5,0.8953
12074.8,16642.5,12159.5,16855.0,0.8953
9727.8,7552.7,10234.3,7997.3,0.8953
16015.1,358.8,16636.6,640.0,0.8953
17679.9,31365.1,18174.9,31739.2,0.8951
6419.3,37139.2,7039.4,37557.9,0.8951
12505.6,23599.8,13117.5,24000.0,0.8950
3523.8,6723.6,4017.5,7089.4,0.8950
16754.9,11306.8,17276.3,11738.0,0.8950
4656.5,11506.2,4800.0,11838.5,0.8950
7381.4,494.9,7982.3,954.5,0.8949
11679.3,34564.1,12160.0,35017.8,0.8949
6842.0,12940.4,7353.1,13436.8,0.8949
13269.9,629.6,13648.0,959.1,0.8948
13130.0,35029.4,13759.2,35518.7,0.8948
10362.3,15237.6,10876.4,15674.4,0.8947
9336.3,32982.0,9911.7,33356.5,0.8945
105.8,4166.1,638.2,4694.1,0.8944
1485.8,3207.3,1918.9,3504.7,0.8944
5109.7,29122.7,5438.5,29551.0,0.8942
15806.7,2245.2,15999.5,2787.6,0.8941
8484.8,31692.1,8953.5,32117.8,0.8941
6426.5,26469.9,6588.3,26560.0,0.8941
1600.0,5765.5,2238.4,6112.4,0.8940
15564.2,8634.4,15680.0,8959.0,0.8939
7361.0,3414.4,7465.9,3520.0,0.8938
13120.0,47891.6,13255.8,48320.0,0.8938
12350.0,13080.5,12480.0,13440.0,0.8938
9457.1,36639.1,9916.8,37117.6,0.8937
15511.8,39680.3,15679.2,39858.2,0.8936
7042.0,1898.4,7677.0,2239.6,0.8935
10711.3,7607.8,10879.3,7988.7,0.8935
10324.6,322.9,10871.4,773.7,0.8935
15075.3,167.9,15678.4,628.1,0.8934
13590.2,1797.5,13760.0,2234.7,0.8934
15577.2,44377.7,15679.9,44797.9,0.8933
13130.5,21762.9,13439.6,22349.7,0.8932
12176.2,33531.4,12797.0,33920.0,0.8932
4261.8,20332.5,4800.0,20797.9,0.8931
17773.5,59522.9,18176.0,60125.0,0.8931
5540.1,16983.2,6076.4,17408.5,0.8930
16963.5,9794.1,17596.1,10238.3,0.8930
10271.3,8845.9,10877.0,9277.2,0.8929
2720.9,25203.8,3200.0,25597.8,0.8928
14311.2,33647.1,14399.2,34008.3,0.8928
12113.2,25820.7,12248.0,26240.0,0.8928
16655.4,32004.5,17279.3,32307.3,0.8928
10125.6,8642.8,10553.1,9022.8,0.8928
8577.8,10562.7,8641.6,11115.2,0.8927
4483.0,1873.1,5093.9,2240.0,0.8927
13273.5,593.6,13440.0,960.0,0.8926
770.0,10084.5,1277.6,10560.0,0.8926
12207.8,16174.9,12800.0,16634.4,0.8926
17483.1,38771.9,17918.3,39037.4,0.8925
9934.1,36482.7,10557.4,36992.1,0.8924
4522.0,20151.5,5120.0,20477.6,0.8924
13760.0,24960.2,13847.9,25047.9,0.8923
2563.8,68484.0,3199.2,68837.6,0.8922
5185.7,16160.6,5757.5,16640.0,0.8920
17533.8,3851.7,17920.0,4160.0,0.8918
684.5,1608.6,1277.7,1916.4,0.8918
11620.7,6720.0,12157.9,6960.2,0.8918
4630.1,11508.9,5104.6,11840.0,0.8918
14403.6,5345.0,15040.0,5650.9,0.8917
2285.3,12627.0,2877.5,13119.0,0.8917
11522.2,6354.9,12158.8,6720.0,0.8916
10762.1,32864.7,11200.0,33280.0,0.8916
4203.8,28969.0,4800.0,29433.5,0.8915
13786.3,3841.4,14399.4,4160.0,0.8914
783.3,14081.7,1266.5,14428.2,0.8912
11845.5,20802.8,12477.8,21261.7,0.8912
13333.8,24973.0,13756.9,25357.8,0.8911
11539.8,17826.2,12157.0,18238.5,0.8909
756.9,27726.0,1279.6,28154.9,0.8908
13849.0,48541.9,14080.0,48640.0,0.8908
11991.6,33213.1,12480.0,33599.3,0.8907
16718.3,61666.5,17274.8,62079.1,0.8907
9689.1,32007.3,9919.7,32412.3,0.8906
5553.1,27364.0,6080.0,27839.6,0.8905
13790.3,21318.4,14391.7,21760.0,0.8900
10252.6,37671.6,10875.1,38080.0,0.8900
17743.8,60686.6,17920.0,61118.3,0.8899
3304.1,11201.6,3838.3,11321.9,0.8899
3851.5,7864.1,4476.6,8312.7,0.8898
544.5,21934.5,960.0,22399.4,0.8898
11908.6,3843.8,12160.0,4208.1,0.8896
9125.2,31697.5,9279.7,31844.5,0.8896
967.1,23576.4,1596.0,24000.0,0.8895
5261.8,24073.1,5439.6,24319.1,0.8894
8378.9,42243.8,8954.7,42809.3,0.8892
7041.2,5443.1,7419.5,5756.9,0.8891
13808.7,23141.2,14397.2,23680.0,0.8891
9066.9,31835.8,9600.0,32316.6,0.8891
11908.6,10424.8,12478.9,10880.0,0.8891
14147.1,2852.0,14709.2,3200.0,0.8890
17562.2,46400.0,18174.2,46562.5,0.8890
7379.3,13953.9,7998.9,14398.7,0.8889
13878.1,25120.5,14394.2,25597.6,0.8889
12828.2,35778.1,13439.2,36160.0,0.8888
5531.0,8640.0,6078.7,9006.5,0.8888
5301.5,17923.7,5438.6,18126.0,0.8888
10098.7,24321.6,10239.4,24472.2,0.8888
15462.0,53126.9,16000.0,53438.1,0.8887
1971.1,29300.3,2556.8,29760.0,0.8887
12122.9,10242.7,12480.0,10629.5,0.8886
12276.7,33778.7,12797.9,34237.4,0.8882
3478.3,16387.4,3840.0,16960.0,0.8882
7662.2,5557.7,7770.6,6080.0,0.8882
17402.4,1100.1,17915.8,1401.6,0.8881
13267.8,44481.1,13440.0,44628.9,0.8881
4251.7,5651.9,4800.0,6078.4,0.8880
16968.9,16291.4,17594.4,16640.0,0.8880
17280.5,55246.7,17666.8,55360.0,0.8879
13179.0,28391.6,13759.8,28800.0,0.8878
12149.7,13356.8,12242.0,13533.7,0.8877
4515.1,27520.0,5046.6,27938.3,0.8876
10994.6,24214.1,11514.4,24635.2,0.8875
10571.6,16963.7,10880.0,17460.6,0.8875
12800.7,42240.6,12977.4,42446.1,0.8873
17685.3,7040.0,17919.8,7565.9,0.8872
6139.0,21311.1,6710.4,21757.5,0.8872
9617.9,26203.9,10236.3,26560.0,0.8872
13032.0,13120.0,13440.0,13655.5,0.8869
13508.4,42240.4,13760.0,42389.9,0.8868
7719.4,26343.1,8306.4,26560.0,0.8868
4597.2,22586.9,5119.1,23036.9,0.8867
12831.4,16005.2,13440.0,16319.5,0.8867
17122.0,27739.8,17595.5,28159.7,0.8866
11722.6,31223.2,12151.8,31673.8,0.8865
2318.4,8485.3,2876.8,8947.6,0.8864
17541.6,8641.1,18159.0,9067.5,0.8863
13854.8,48640.8,14079.3,48760.8,0.8862
14803.6,34777.4,15344.6,35198.9,0.8861
9360.5,33815.2,9920.0,34239.0,0.8861
10592.3,6637.3,11200.0,7040.0,0.8860
4813.5,23248.8,5440.0,23680.0,0.8860
13279.3,18883.0,13758.1,19216.5,0.8860
10156.3,23069.7,10560.0,23680.0,0.8858
6735.5,23895.0,7357.6,24320.0,0.8858
8047.5,35041.3,8634.9,35516.4,0.8857
876.3,4480.4,1280.0,4644.3,0.8857
12055.2,28804.8,12477.8,29140.5,0.8856
8055.8,4007.2,8635.9,4477.2,0.8856
7040.5,5760.0,7406.5,5987.6,0.8856
12546.3,15463.5,13120.0,16000.0,0.8855
16418.8,38641.1,16956.8,39040.0,0.8854
17204.6,60169.3,17587.8,60800.0,0.8853
15436.2,26564.5,15999.3,26880.0,0.8852
16124.4,20800.4,16320.0,21028.6,0.8852
4412.5,13225.1,4501.8,13462.4,0.8851
12866.6,4052.2,13438.1,4479.5,0.8851
7401.8,7367.6,7999.8,7854.7,0.8850
10718.7,32962.9,11200.0,33475.7,0.8850
2283.3,23684.7,2559.5,24010.5,0.8850
14418.0,40642.4,14720.0,41229.2,0.8849
4490.8,13201.3,4989.4,13368.5,0.8849
13199.9,1086.1,13756.1,1598.2,0.8849
12810.7,13174.0,12880.7,13609.6,0.8846
16640.0,14403.2,17277.9,14873.0,0.8845
4160.0,36091.6,4796.3,36480.0,0.8844
11858.9,32907.3,12478.0,33196.2,0.8843
8546.3,19420.8,8639.9,19838.5,0.8843
8960.5,3842.5,9599.5,4100.0,0.8843
13591.6,10417.3,14080.0,10878.4,0.8842
13495.2,18464.5,14078.4,18880.0,0.8842
5816.5,26563.1,6396.6,27024.7,0.8840
2291.0,14400.0,2873.7,14848.1,0.8839
8421.5,2892.4,8956.3,3225.2,0.8838
17025.2,24508.5,17596.3,24951.3,0.8836
3572.0,2813.6,4157.5,3200.0,0.8835
14090.8,31601.8,14720.0,32000.0,0.8835
10719.4,3922.6,11189.5,4214.4,0.8834
13861.8,50004.2,14400.0,50560.0,0.8833
12814.6,13903.9,13440.0,14400.0,0.8833
17574.3,66407.9,18171.7,66880.0,0.8832
5766.4,3844.7,6232.5,4278.0,0.8831
10024.6,34767.0,10554.8,35200.0,0.8831
2175.0,24057.6,2560.0,24640.0,0.8830
5124.3,10565.4,5756.5,10879.0,0.8830
15684.4,7329.2,16320.0,7680.0,0.8830
15259.3,27752.6,15680.0,28160.0,0.8828
11523.3,17582.4,12160.0,17920.0,0.8828
7741.2,39376.1,8320.0,39680.0,0.8828
16031.0,21937.6,16638.1,22397.8,0.8827
131.4,23246.9,635.8,23680.0,0.8826
339.6,18343.5,960.0,18877.9,0.8825
17171.8,11651.0,17280.0,11840.0,0.8825
17096.9,37973.5,17598.9,38400.0,0.8824
3295.5,23366.2,3834.2,23848.3,0.8824
7430.9,3520.1,7989.3,3768.7,0.8823
15710.6,8263.0,16316.5,8640.0,0.8822
13122.1,30720.0,13759.5,31154.0,0.8821
13608.3,24533.3,14078.5,24960.0,0.8820
12827.0,5440.0,13436.3,5842.1,0.8819
5476.4,12353.8,6079.0,12798.5,0.8819
9691.1,10158.9,9883.3,10556.9,0.8818
12800.0,20450.9,13438.0,20800.0,0.8817
16163.5,25780.1,16640.0,26239.5,0.8817
14185.4,9497.8,14702.7,9920.0,0.8817
7077.6,28377.4,7678.5,28798.3,0.8813
8143.6,21783.6,8317.8,22080.0,0.8813
10057.5,22171.5,10240.0,22720.0,0.8813
7732.0,11138.1,8317.9,11520.0,0.8812
13917.3,48765.9,14080.0,49013.9,0.8810
4885.1,22917.7,5440.0,23352.1,0.8808
15974.2,47769.0,16091.4,47985.0,0.8808
18101.6,8544.8,18176.0,8960.0,0.8807
3222.3,34708.5,3838.0,35198.3,0.8807
17291.1,35418.6,17916.6,35840.0,0.8807
17558.5,22951.2,18173.6,23360.0,0.8807
6087.9,30413.1,6199.1,30692.6,0.8805
16215.9,28481.5,16639.4,28959.6,0.8802
17020.8,19684.3,17597.8,20160.0,0.8801
10699.9,25604.1,11197.2,25976.4,0.8801
16034.8,20163.8,16317.8,20407.5,0.8799
5604.4,29917.5,5759.7,30393.7,0.8799
3947.4,21849.1,4477.6,22396.3,0.8798
15793.3,34560.0,16318.6,35100.5,0.8797
9596.6,17161.1,9920.0,17597.5,0.8796
960.0,14626.8,1596.0,15040.0,0.8795
17282.9,18468.8,17918.4,18874.3,0.8794
15140.4,56668.7,15677.1,56964.0,0.8793
14727.9,3841.1,15360.0,4193.7,0.8793
8415.4,14404.6,8960.0,14707.5,0.8791
14324.2,21760.0,14720.0,22226.8,0.8789
10882.6,18880.0,11517.7,19080.1,0.8789
10007.1,26911.8,10553.7,27295.5,0.8789
380.0,6727.2,956.6,7043.3,0.8787
2323.8,18240.0,2880.0,18656.0,0.8787
8001.5,29014.0,8135.3,29120.0,0.8787
7107.6,3719.7,7677.7,4155.1,0.8786
9709.1,35840.0,10234.6,36313.0,0.8786
10202.5,23360.0,10560.0,23866.6,0.8786
10667.7,35423.0,11196.3,35840.0,0.8785
12867.1,26267.7,12976.4,26540.9,0.8785
13813.5,20639.3,14383.3,21120.0,0.8784
17118.7,20801.8,17600.0,21284.4,0.8784
12317.5,13441.5,12425.2,13568.8,0.8784
8346.3,6487.1,8959.0,6815.5,0.8784
6183.0,38800.3,6716.5,39359.4,0.8782
7065.6,622.2,7680.0,960.0,0.8782
17717.6,59303.0,18168.4,59840.0,0.8781
11344.1,35309.9,11520.0,35840.0,0.8780
16357.8,31243.5,16957.8,31680.0,0.8780
362.5,6342.2,955.8,6707.7,0.8779
3201.7,10224.7,3838.6,10560.0,0.8779
1965.9,9120.5,2557.2,9578.2,0.8779
16119.2,27846.9,16639.5,28444.0,0.8778
4574.4,26082.8,5118.7,26551.5,0.8777
2090.7,22082.2,2537.6,22424.3,0.8776
17493.1,12800.0,17918.1,13249.6,0.8776
13050.7,13120.0,13120.0,13502.9,0.8776
13501.8,41630.8,13759.4,41960.8,0.8775
1046.0,23821.4,1593.9,24320.0,0.8775
15121.2,33377.3,15357.9,33744.6,0.8774
16875.4,46402.7,16959.1,46673.5,0.8774
16.6,8002.5,638.2,8424.9,0.8774
17146.2,54081.1,17279.6,54146.9,0.8773
17552.6,9003.0,18173.6,9278.7,0.8772
17445.4,58240.0,17600.0,58816.4,0.8769
9630.0,43200.0,10236.8,43679.2,0.8769
7790.2,36160.0,8314.4,36403.2,0.8767
13892.7,23688.9,13982.3,24000.0,0.8766
14400.7,11737.7,15034.2,12160.0,0.8765
2319.0,29551.0,2874.2,30080.0,0.8764
10896.9,69335.8,11519.7,69758.0,0.8764
6724.9,8311.8,7358.0,8640.0,0.8763
16966.2,36681.5,17596.4,37115.9,0.8763
9298.6,27525.1,9915.1,27840.0,0.8763
10689.3,32190.7,11194.8,32640.0,0.8763
9280.8,3830.4,9916.9,4160.0,0.8761
17096.2,29040.4,17600.0,29440.0,0.8760
3345.8,26960.8,3840.0,27519.7,0.8760
3563.5,1417.5,4160.0,1825.2,0.8759
13763.3,29421.9,14396.3,29760.0,0.8757
7506.9,4060.8,7680.0,4413.7,0.8757
13115.1,35477.2,13440.0,35840.0,0.8756
13154.7,10154.1,13755.2,10558.2,0.8755
16960.1,7093.4,17600.0,7360.0,0.8755
4482.0,14739.3,5120.0,15040.0,0.8755
8548.8,19308.9,8960.0,19840.0,0.8754
1061.7,10745.0,1598.1,11200.0,0.8753
6464.6,27936.8,6719.2,28465.8,0.8753
7683.1,14283.8,8318.3,14720.0,0.8752
14943.6,8135.4,15039.9,8421.6,0.8751
8780.5,13449.6,9263.4,13877.4,0.8748
16486.3,18454.4,16959.6,18880.0,0.8748
17536.0,3689.3,17652.6,3838.8,0.8746
10570.6,13340.3,11200.0,13754.0,0.8746
17839.0,62382.9,17917.7,62720.0,0.8746
1300.6,18111.4,1920.0,18553.8,0.8745
17353.3,28670.7,17918.6,29117.5,0.8745
16797.4,22560.5,17278.1,23038.7,0.8744
17087.1,27311.9,17600.0,27840.0,0.8744
6721.6,27747.6,6907.2,28157.3,0.8744
7683.5,9459.8,8320.0,9909.6,0.8744
9867.5,40289.3,10238.3,40639.5,0.8743
8971.1,12713.6,9598.6,13120.0,0.8743
15906.4,2562.6,16000.0,2809.5,0.8742
10720.7,20556.6,11191.8,21116.9,0.8741
4944.5,8210.5,5119.3,8632.5,0.8741
7774.8,35429.6,8314.1,35840.0,0.8740
360.2,4696.8,958.2,5120.0,0.8740
10353.2,13978.4,10870.4,14399.7,0.8739
3522.1,16994.4,3839.9,17279.8,0.8739
14401.1,5648.5,14619.6,6065.9,0.8739
17737.2,57822.3,17919.6,58240.0,0.8738
10004.4,13752.8,10556.4,14080.0,0.8738
1920.6,21676.7,2559.3,22080.0,0.8737
17670.9,57805.2,18171.6,58240.0,0.8737
6748.4,26251.9,7354.1,26701.6,0.8736
4322.1,7360.2,4800.0,7610.2,0.8735
9869.6,42810.6,10240.0,43187.6,0.8735
10880.0,21686.2,11516.1,22080.0,0.8735
1999.4,27258.9,2560.0,27830.5,0.8734
16641.5,41626.5,16729.8,41918.5,0.8733
7438.3,30073.2,7680.0,30185.7,0.8732
9347.8,5014.1,9917.9,5436.0,0.8730
6720.5,38982.9,7028.1,39359.8,0.8728
7910.7,18134.4,8000.0,18558.2,0.8727
13014.6,12993.4,13440.0,13440.0,0.8726
13009.8,18193.3,13438.7,18560.0,0.8726
9413.3,1751.7,9600.0,2236.5,0.8725
8427.7,4022.2,8956.0,4474.6,0.8724
1925.6,21764.1,2556.2,22342.3,0.8724
13763.1,7077.9,14396.8,7360.0,0.8724
6742.2,27516.4,7040.0,27834.6,0.8722
9395.5,13915.4,9600.0,14394.6,0.8722
10246.4,25160.3,10866.9,25600.0,0.8721
5229.3,8227.7,5757.5,8640.0,0.8720
8121.5,32590.4,8634.9,32960.0,0.8719
10250.8,7314.2,10876.8,7679.4,0.8719
9688.4,27233.1,10233.5,27634.7,0.8718
1844.4,13328.4,2240.0,13752.5,0.8718
14324.9,13769.4,14720.0,14108.8,0.8717
5004.7,12711.8,5120.0,13089.7,0.8715
16386.7,61897.1,16955.4,62400.0,0.8715
72.3,27701.4,635.9,28160.0,0.8714
15893.3,34885.6,16309.6,35187.1,0.8713
2394.7,25521.6,2876.6,25916.8,0.8713
6549.6,28642.8,7037.2,29115.9,0.8712
13004.3,704.0,13120.0,1011.2,0.8711
16641.3,9280.7,16737.3,9466.8,0.8708
17543.7,19142.0,18174.5,19520.0,0.8708
3362.5,29342.9,3836.8,29760.0,0.8706
9556.9,21445.9,9918.4,21846.3,0.8706
576.6,22101.8,640.0,22400.0,0.8705
12163.0,3200.0,12796.5,3621.6,0.8704
15680.0,40324.7,16318.9,40737.9,0.8703
0.0,2561.3,634.4,2772.4,0.8703
10778.9,3030.6,11198.4,3482.1,0.8703
13525.8,15361.9,13759.7,15570.6,0.8701
17414.6,11373.3,17918.4,11839.0,0.8701
17453.4,53440.0,17599.1,53589.2,0.8701
4254.3,1609.2,4796.5,2032.7,0.8700
17382.0,4998.3,17916.9,5439.7,0.8699
1688.2,1876.1,2239.2,2231.1,0.8699
11383.6,17521.7,11835.6,17920.0,0.8698
3952.0,25296.4,4479.4,25771.0,0.8697
3375.2,12229.9,3520.0,12799.2,0.8697
13561.1,24011.5,14075.5,24623.7,0.8696
15360.0,43755.1,15484.6,44156.7,0.8695
16193.3,44368.7,16300.4,44795.9,0.8695
8713.4,20673.3,9279.0,21119.3,0.8694
3444.5,12496.6,3520.0,12909.3,0.8693
17567.8,65165.0,18176.0,65600.0,0.8692
317.3,18242.8,606.5,18413.5,0.8692
6336.5,30080.8,6400.0,30637.4,0.8692
1740.1,28044.3,2240.0,28479.3,0.8691
5841.2,12515.9,6400.0,12800.0,0.8691
16975.8,63290.8,17594.8,63680.0,0.8690
13995.6,7362.1,14398.8,7617.9,0.8690
16320.0,41730.3,16499.2,42230.7,0.8688
7422.6,35842.2,7995.4,36336.6,0.8686
12360.0,11200.0,12800.0,11683.7,0.8686
1024.0,2064.1,1600.0,2556.3,0.8686
12885.3,30152.5,13436.2,30479.9,0.8685
13847.4,22408.4,14079.6,22838.3,0.8685
12547.0,19041.8,13117.8,19519.2,0.8685
1333.3,21120.0,1918.3,21559.5,0.8684
7013.6,30323.4,7083.8,30717.8,0.8684
11242.1,32046.1,11840.0,32318.4,0.8684
3941.4,3507.5,4473.2,3839.0,0.8683
2693.5,2287.3,3200.0,2560.0,0.8683
902.9,63360.0,1280.0,63824.2,0.8683
82.3,51023.8,636.7,51518.1,0.8682
16218.3,56735.7,16320.0,56958.9,0.8682
15195.8,27074.0,15669.9,27515.9,0.8681
17909.3,41602.0,18176.0,41916.3,0.8680
16499.9,39835.9,16960.0,40314.7,0.8679
12904.6,30935.3,13437.5,31360.0,0.8678
11940.2,38944.4,12479.6,39356.9,0.8678
13760.0,6499.8,13901.5,7040.0,0.8677
8158.3,5760.3,8636.7,6018.6,0.8677
2583.4,24001.0,2876.8,24089.6,0.8675
12315.3,2245.9,12797.5,2560.0,0.8672
6458.1,2773.2,7036.4,3200.0,0.8672
775.6,8685.5,959.3,8960.0,0.8672
5712.7,26130.0,6080.0,26560.0,0.8671
3548.9,4.3,4159.5,437.4,0.8671
4800.0,4165.5,5440.0,4468.9,0.8670
3642.4,26646.6,4158.0,27200.0,0.8670
11322.4,8012.3,11519.6,8505.3,0.8670
2568.1,5699.1,3198.2,6080.0,0.8669
650.8,2431.6,1276.8,2877.8,0.8667
12916.4,42053.5,13120.0,42240.0,0.8667
16640.0,31271.4,17277.5,31675.2,0.8667
3909.9,1835.9,4475.8,2240.0,0.8666
5146.1,7177.5,5756.9,7679.0,0.8666
10560.0,11767.4,10983.5,12160.0,0.8666
10325.6,29789.6,10877.0,30212.8,0.8665
8052.8,21697.4,8638.7,22080.0,0.8665
4815.6,15224.0,5440.0,15677.3,0.8665
7073.0,20624.4,7359.1,20797.1,0.8664
11743.0,3520.0,12160.0,3783.3,0.8664
12884.6,34888.8,13120.0,35283.2,0.8663
5495.5,12027.1,6080.0,12476.0,0.8661
9671.0,12881.5,10235.4,13204.0,0.8661
15372.7,57582.0,15997.1,57919.0,0.8659
17060.0,8667.6,17598.2,9091.0,0.8658
11976.0,9923.7,12476.5,10281.6,0.8656
4754.2,3561.2,5117.9,4160.0,0.8656
15747.3,28347.3,16317.1,28795.7,0.8654
12878.4,30972.8,13120.0,31358.1,0.8654
15589.1,7447.6,15645.2,7736.0,0.8652
13730.8,14011.5,14080.0,14400.0,0.8650
10574.3,25745.5,11067.6,26236.0,0.8650
11524.2,2884.9,12109.1,3311.2,0.8650
13441.5,29446.0,13759.6,29758.0,0.8649
323.7,14080.0,958.9,14572.8,0.8647
16806.7,29760.9,17280.0,30280.7,0.8647
15167.4,35081.3,15359.0,35515.1,0.8647
4235.4,24508.0,4798.9,24958.5,0.8647
10912.1,1210.3,10974.4,1600.0,0.8646
14376.5,30324.0,14719.8,30641.2,0.8646
17639.9,24320.8,17920.0,24902.8,0.8645
17536.2,41602.2,17920.0,42086.8,0.8645
10959.8,2130.3,11200.0,2559.6,0.8645
5127.5,18790.4,5756.6,19200.0,0.8644
9753.8,18422.2,9920.0,18875.1,0.8643
10641.3,17280.3,10879.1,17460.9,0.8641
5659.0,22190.5,6078.8,22719.4,0.8641
15796.7,34467.8,16300.3,34880.0,0.8639
12283.8,31604.5,12350.2,31990.1,0.8637
11841.4,23623.3,12478.1,24000.0,0.8636
9010.0,20394.2,9598.9,20799.7,0.8633
16126.7,40932.3,16632.9,41263.4,0.8632
5207.9,16329.0,5439.4,16813.5,0.8631
429.3,8961.1,639.4,9442.3,0.8630
70.9,50032.4,635.9,50560.0,0.8630
1921.5,639.9,2418.4,958.3,0.8630
14780.7,40166.9,15351.4,40636.8,0.8630
8375.6,16688.0,8630.6,16960.0,0.8629
13760.0,5397.5,14397.3,5760.0,0.8626
3207.9,4160.0,3837.2,4586.8,0.8625
18064.6,52483.1,18176.0,52699.6,0.8625
11308.8,31582.1,11834.1,32000.0,0.8624
17830.7,61123.6,18174.4,61608.6,0.8623
6512.1,13043.7,7034.9,13440.0,0.8622
12358.8,31897.2,12480.0,31944.8,0.8622
3683.8,32352.4,4152.2,32640.0,0.8621
3614.0,24509.2,4148.6,24960.0,0.8619
6224.1,8156.6,6720.0,8640.0,0.8619
2316.4,22403.9,2878.1,22939.9,0.8618
7449.3,1484.1,7998.5,1919.3,0.8618
5381.9,26420.2,5755.8,26879.6,0.8618
11254.8,19538.3,11519.8,20014.5,0.8617
13583.1,29287.4,14080.0,29755.8,0.8616
350.5,10543.7,960.0,10880.0,0.8616
13856.1,8772.5,14399.1,9277.7,0.8615
6562.7,8006.7,7037.1,8624.8,0.8615
11948.5,19208.2,12029.6,19519.0,0.8615
12990.5,16960.0,13119.8,17216.4,0.8614
12515.5,40320.5,12800.0,40589.6,0.8613
11016.8,11532.0,11513.4,11927.6,0.8613
4543.6,30403.9,4800.0,30773.7,0.8613
15414.4,10241.4,15997.3,10694.2,0.8613
12549.1,32830.2,13116.4,33275.4,0.8610
15059.8,32838.1,15677.3,33277.0,0.8610
725.3,23539.5,1266.1,24000.0,0.8609
320.3,2560.0,676.9,2762.2,0.8609
11494.4,18881.5,11834.7,18999.1,0.8608
14541.5,42738.8,14719.4,43021.8,0.8607
7369.0,3740.0,7996.6,4158.9,0.8606
6850.4,22080.0,7358.2,22639.5,0.8605
17825.6,43750.8,17920.0,44160.0,0.8603
1993.0,3814.1,2558.1,4158.7,0.8603
10454.5,28890.8,10559.9,29116.6,0.8601
331.8,20713.5,955.3,21120.0,0.8600
2289.2,8983.2,2875.2,9280.0,0.8600
1624.8,20064.6,2236.1,20480.0,0.8599
11229.4,1920.0,11838.8,2259.7,0.8599
12512.4,12498.2,13116.9,12800.0,0.8599
12800.0,46794.0,12925.3,47359.9,0.8598
9419.9,13018.7,9919.9,13440.0,0.8598
12811.8,36375.2,13437.5,36798.4,0.8598
12801.7,24209.3,13133.8,24639.4,0.8597
2560.8,25717.1,3199.8,26239.5,0.8597
14080.0,34235.7,14716.7,34559.9,0.8597
15697.1,21783.0,16320.0,22080.0,0.8595
15764.2,45142.8,16305.1,45751.6,0.8595
11192.7,12866.3,11520.0,13432.9,0.8595
15040.1,17308.8,15194.8,17577.4,0.8595
15230.0,2304.3,15679.2,2880.0,0.8592
16387.2,45019.2,16498.6,45437.4,0.8592
7057.3,27840.0,7676.5,28326.6,0.8592
12367.1,15189.6,12786.5,15360.0,0.8591
7499.7,24000.6,7678.5,24146.3,0.8589
8050.9,16210.0,8636.1,16635.3,0.8589
323.2,11171.3,957.9,11520.0,0.8587
1990.7,5919.2,2560.0,6400.0,0.8587
7050.4,24960.0,7679.5,25380.7,0.8586
6407.9,38971.1,7037.1,39360.0,0.8586
15537.9,27456.8,15981.7,27840.0,0.8584
5859.8,29980.4,6080.0,30297.6,0.8584
13582.6,20388.9,13759.0,20795.4,0.8584
14254.7,47198.2,14400.0,47676.1,0.8583
5516.2,21443.5,6080.0,21842.0,0.8583
17096.0,44160.0,17595.1,44368.0,0.8583
4991.8,20175.2,5437.9,20478.9,0.8582
1104.7,5769.2,1599.4,6143.5,0.8580
14803.6,28345.2,15040.0,28797.1,0.8578
16103.6,32777.3,16639.0,33274.5,0.8576
17675.7,39372.6,18176.0,39838.3,0.8576
16995.4,30796.5,17277.6,31040.0,0.8576
12481.4,38998.4,13106.1,39360.0,0.8576
2580.1,14286.3,3200.0,14718.5,0.8575
15722.8,184.5,16316.4,634.8,0.8575
14223.1,40198.9,14718.9,40640.0,0.8575
2242.1,11248.0,2700.6,11512.2,0.8574
1661.6,22836.3,2237.2,23359.8,0.8574
662.1,13879.7,1258.5,14399.7,0.8574
6250.9,13760.7,6711.9,13860.0,0.8572
13548.9,32344.6,13759.0,32788.3,0.8572
17623.2,20275.7,17920.0,20649.6,0.8571
15484.5,9857.8,16000.0,10240.0,0.8568
15536.8,4338.9,15997.2,4796.0,0.8568
16675.2,20293.4,17280.0,20798.2,0.8566
4483.5,3529.1,4749.5,4156.2,0.8564
5248.5,19203.7,5757.7,19544.5,0.8564
14536.2,41500.5,14782.4,41920.0,0.8563
13120.2,14633.9,13226.4,15040.0,0.8562
2890.8,17280.0,3517.0,17714.4,0.8561
12188.4,27200.0,12799.9,27652.6,0.8561
8834.4,10597.6,8891.6,11069.3,0.8560
15162.9,24644.1,15675.8,25166.7,0.8560
12868.6,25183.0,13440.0,25597.8,0.8558
9048.4,1600.0,9600.0,1861.7,0.8557
16756.2,28599.5,17277.4,29120.0,0.8556
9409.7,28801.4,9599.0,28946.5,0.8556
13500.8,19795.8,14078.6,20160.0,0.8555
13640.8,643.5,14078.0,1070.2,0.8554
16320.2,32866.8,16956.2,33266.0,0.8554
10401.9,21346.6,10560.0,21760.0,0.8554
15853.5,45442.1,15996.1,45736.2,0.8553
4168.1,25603.2,4798.6,26031.5,0.8553
12920.1,33310.3,13440.0,33920.0,0.8552
7378.4,8499.2,8000.0,8960.0,0.8551
982.3,9525.4,1595.1,9857.0,0.8551
15724.7,18508.0,16320.0,18880.0,0.8551
16960.0,64640.0,17596.1,65067.7,0.8550
16320.0,4725.3,16823.2,5119.3,0.8549
1628.4,68411.9,2235.1,68800.0,0.8549
5729.1,24002.0,6067.9,24266.5,0.8548
12688.5,28592.7,13118.3,29120.0,0.8548
16544.0,38053.8,16951.9,38400.0,0.8544
13952.0,48960.0,14079.9,49014.8,0.8543
12426.6,27745.5,12798.2,28160.0,0.8541
16962.6,47360.0,17097.9,47569.3,0.8539
4539.0,5017.1,5115.9,5440.0,0.8538
16070.1,27018.7,16636.5,27518.9,0.8537
12025.9,2883.8,12477.0,3159.1,0.8536
15310.9,25923.3,15680.0,26408.1,0.8536
12250.4,14478.8,12794.2,15017.7,0.8536
5868.2,21966.6,6399.0,22400.0,0.8533
12653.6,27445.3,13120.0,27836.3,0.8531
2762.5,4022.2,3188.9,4475.6,0.8530
968.1,3840.0,1597.6,4276.5,0.8527
9501.3,11673.4,9576.9,11840.0,0.8526
686.3,18242.1,1275.1,18700.2,0.8524
5567.3,17445.0,6080.0,17916.0,0.8523
14817.1,24963.1,15355.9,25396.2,0.8522
14832.4,23437.9,15039.1,23680.0,0.8521
17922.5,39040.5,18176.0,39487.6,0.8519
16985.9,21927.6,17596.1,22396.7,0.8519
14720.0,53029.5,14847.2,53439.5,0.8519
6243.2,13039.2,6720.0,13440.0,0.8518
17280.3,46142.5,17519.8,46337.6,0.8518
2912.3,153.4,3517.3,637.5,0.8515
6284.2,20803.4,6399.3,21017.2,0.8514
10154.8,35866.9,10239.4,36159.4,0.8513
13559.9,22124.2,14064.6,22512.5,0.8513
9826.0,3203.9,10240.0,3609.1,0.8513
10124.7,33040.5,10240.0,33279.0,0.8513
4491.0,21440.7,5118.2,21768.5,0.8513
16147.7,54497.1,16319.7,54720.0,0.8512
14631.0,32031.1,14720.0,32505.4,0.8510
11641.6,15248.1,12156.2,15680.0,0.8510
14157.4,49303.5,14718.0,49598.7,0.8509
14871.9,28493.1,15355.6,28915.3,0.8509
16724.5,31690.7,17279.1,32140.3,0.8508
8150.0,10644.8,8320.0,10880.0,0.8507
12912.1,31686.7,13437.3,32115.8,0.8507
9740.4,33280.0,9920.0,33833.6,0.8506
7073.1,12490.8,7360.0,12908.3,0.8505
7.0,5816.9,438.6,6080.0,0.8505
407.2,52837.8,957.0,53439.6,0.8500
4190.8,31993.5,4796.5,32320.0,0.8500
16233.3,44493.0,16320.0,44947.8,0.8500
13839.2,14206.6,14389.1,14719.1,0.8500
3633.0,23360.0,4159.1,23880.5,0.8500
15555.0,31702.5,15971.5,32064.7,0.8499
13962.7,35236.3,14399.3,35651.5,0.8498
17839.2,62400.0,18176.0,63031.8,0.8497
14512.5,7630.4,15039.0,8000.0,0.8497
9844.4,23956.4,10239.4,24319.9,0.8496
8652.9,24855.9,9280.0,25275.5,0.8496
3345.7,27875.8,3836.5,28458.8,0.8494
12835.8,38682.3,13120.0,39034.9,0.8493
9600.0,1934.0,9797.3,2451.3,0.8493
16603.4,45431.4,16675.5,45758.3,0.8493
17537.0,7360.3,17747.6,7450.9,0.8493
4514.7,50939.0,5120.0,51197.7,0.8492
15579.2,30314.5,15996.5,30720.0,0.8489
16263.6,31040.0,16639.6,31482.5,0.8487
5795.3,37166.7,6398.9,37440.0,0.8487
15491.7,21449.5,16000.0,21996.0,0.8486
14481.7,37607.0,15035.2,38075.6,0.8486
5861.8,11664.5,6396.5,12153.4,0.8484
10967.6,9548.3,11518.4,9920.0,0.8482
12160.0,14088.8,12797.8,14441.5,0.8482
322.1,4484.7,952.3,4801.4,0.8480
15671.9,8145.9,15999.4,8640.0,0.8480
9536.4,42248.7,9920.0,42717.7,0.8480
2880.0,50560.0,3520.0,50796.5,0.8480
9906.8,14777.6,10240.0,15359.4,0.8478
15040.0,54014.5,15146.8,54400.0,0.8477
10357.3,30372.9,10880.0,30720.0,0.8475
12533.2,47091.9,13113.7,47680.0,0.8474
4576.7,5234.1,5120.0,5690.1,0.8473
16148.5,3757.8,16635.4,4158.7,0.8471
15045.9,625.1,15678.9,960.0,0.8470
37.8,52262.5,636.3,52800.0,0.8469
14600.1,9921.8,15034.1,10159.4,0.8468
16003.6,26787.7,16636.6,27200.0,0.8466
13320.1,34883.5,13760.0,35216.1,0.8465
15063.3,66430.6,15675.9,66879.4,0.8465
6491.7,26248.9,7035.6,26700.4,0.8464
9603.4,5440.0,10238.7,5744.9,0.8464
16759.2,54866.4,17276.8,55356.4,0.8463
2250.0,24053.1,2879.8,24468.0,0.8463
722.8,966.2,1276.5,1379.1,0.8462
3594.7,26241.8,4157.0,26719.2,0.8460
0.0,15363.4,549.8,15833.5,0.8460
6851.6,1146.2,7360.0,1598.8,0.8459
13527.7,25923.5,14079.2,26559.9,0.8457
7360.5,1112.2,7556.5,1511.9,0.8456
9101.9,42288.8,9279.9,42880.0,0.8455
10326.5,17981.7,10879.6,18534.3,0.8453
7497.0,2141.7,7998.1,2560.0,0.8452
1928.2,50805.6,2560.0,51200.0,0.8452
13789.1,31101.3,14399.3,31360.0,0.8452
11008.6,19840.0,11200.0,20478.2,0.8452
1035.3,10880.0,1280.0,11360.1,0.8451
1501.0,3045.5,1600.0,3509.9,0.8451
16990.3,900.0,17596.7,1280.0,0.8450
15488.7,5443.0,15999.7,5886.5,0.8450
11823.9,19207.7,11950.8,19639.1,0.8450
4239.8,9744.2,4797.4,10240.0,0.8449
3215.6,6907.0,3838.8,7356.2,0.8449
10095.9,26135.9,10559.6,26560.0,0.8447
7877.6,18427.6,8000.0,18873.2,0.8447
15563.8,5513.2,15678.8,5734.1,0.8443
9937.8,332.7,10240.0,771.1,0.8442
13524.5,31365.8,14073.4,31782.7,0.8438
17633.6,2708.7,18176.0,3097.9,0.8437
6419.8,16511.6,7036.3,16957.7,0.8436
9661.2,14400.2,9920.0,14879.4,0.8435
16116.3,36688.0,16640.0,37120.0,0.8435
14721.0,47689.3,15190.9,48079.2,0.8433
12873.8,7368.3,13432.4,7866.2,0.8429
16417.4,32453.6,16958.3,32958.4,0.8427
13299.1,21125.8,13753.3,21657.0,0.8427
16893.3,53897.9,16960.0,54080.0,0.8425
0.0,27129.4,636.2,27520.0,0.8424
2882.0,551.5,3347.0,960.0,0.8423
17539.6,17394.2,18175.9,17920.0,0.8423
1385.6,18770.7,1918.0,19200.0,0.8423
16972.5,17864.3,17596.1,18240.0,0.8423
7426.8,6896.7,7997.2,7359.0,0.8421
17843.9,61134.9,17919.3,61568.4,0.8421
7540.9,4162.6,7679.8,4354.1,0.8421
7968.7,30993.1,8317.6,31360.0,0.8420
11657.9,27113.8,12152.6,27515.5,0.8419
12839.6,4.3,13120.0,380.9,0.8419
17879.6,21120.3,18101.0,21254.1,0.8418
17790.0,7548.7,18176.0,7996.8,0.8417
16640.0,18837.2,17276.3,19127.7,0.8416
3936.4,17623.4,4480.0,17920.0,0.8416
14497.2,29760.0,14718.7,30100.7,0.8416
9211.5,2030.1,9279.9,2543.5,0.8414
17574.7,32651.7,18174.8,33040.6,0.8414
12285.9,4802.2,12795.2,5214.3,0.8412
9397.0,40000.0,9599.6,40186.3,0.8411
12921.5,7040.6,13119.4,7287.3,0.8411
16641.7,5639.1,17275.9,6011.7,0.8411
5444.1,30720.0,6036.1,31204.5,0.8410
9603.8,14720.0,10237.4,15114.4,0.8410
15260.6,12802.7,15680.0,13276.3,0.8409
14300.1,33603.2,14718.0,34079.0,0.8408
12803.4,32355.5,13174.1,32640.0,0.8405
17011.9,18378.1,17598.6,18876.7,0.8405
12038.8,5452.8,12160.0,5880.0,0.8404
1428.0,2941.6,1917.1,3303.4,0.8404
4857.0,1481.6,5435.5,1917.0,0.8404
7454.7,16644.2,7993.7,17039.5,0.8404
8639.1,38661.3,8957.4,39019.0,0.8404
13764.5,50010.1,13924.8,50560.0,0.8402
2567.6,6033.4,3200.0,6400.0,0.8400
15292.0,5982.4,15360.0,6393.5,0.8400
3729.9,10655.5,4158.1,10872.6,0.8399
7518.8,17929.5,7680.0,18450.6,0.8398
14418.9,3520.4,15039.0,3735.4,0.8398
11783.9,18240.2,12160.0,18731.7,0.8398
6490.8,25009.7,7039.2,25432.3,0.8397
13577.4,49147.1,14077.0,49600.0,0.8395
3746.7,13142.9,3839.5,13698.1,0.8393
14401.8,9920.0,14606.2,10271.2,0.8392
17276.3,52266.0,17596.1,52477.9,0.8391
2905.7,1311.1,3520.0,1600.0,0.8391
15925.3,26884.6,16315.4,27324.5,0.8390
16376.1,21931.8,16639.7,22400.0,0.8390
12160.9,41600.3,12240.2,41712.9,0.8390
2241.3,8320.0,2880.0,8696.1,0.8389
9989.2,30903.5,10557.1,31360.0,0.8388
14433.9,30720.2,15036.5,31099.9,0.8386
13533.7,36901.5,14080.0,37440.0,0.8384
6494.9,10020.8,7039.3,10394.0,0.8384
13485.8,45123.5,14077.6,45440.8,0.8382
2343.2,15853.1,2872.1,16319.8,0.8378
14453.0,16650.3,15039.3,16959.2,0.8378
4603.5,27524.9,4798.7,27932.9,0.8376
11265.3,11796.1,11840.0,12160.0,0.8376
13765.1,4819.1,14257.4,5119.3,0.8374
15155.0,8322.6,15678.0,8676.7,0.8374
7130.2,22329.5,7680.0,22717.5,0.8374
5762.0,37869.6,5826.4,38385.2,0.8373
1017.8,16434.3,1600.0,16960.0,0.8371
16258.1,13120.0,16640.0,13618.4,0.8370
1659.7,22918.7,1920.0,23039.4,0.8370
15788.7,6580.2,16318.6,7023.2,0.8369
17356.9,29760.1,17918.6,30232.5,0.8369
15171.2,17981.9,15360.0,18303.5,0.8369
9748.6,2214.1,10236.7,2560.0,0.8368
6400.0,23682.6,6479.9,23862.0,0.8368
4197.4,22183.7,4796.0,22715.0,0.8368
14085.4,51076.8,14239.4,51519.5,0.8367
8468.4,20715.2,8955.7,21120.0,0.8367
4565.7,30173.0,4797.9,30408.7,0.8367
9921.1,10860.3,10156.5,10980.9,0.8367
12885.9,37442.7,13118.7,37752.7,0.8366
3994.6,3780.5,4475.9,4160.0,0.8363
14836.6,21024.4,15358.8,21439.6,0.8361
5572.1,27522.8,5758.9,27852.7,0.8361
14118.9,52595.5,14716.7,53119.8,0.8360
8000.0,34455.8,8511.2,34880.0,0.8360
15850.1,2426.3,16316.7,2878.7,0.8359
5570.9,21251.4,6079.1,21754.5,0.8359
1601.4,14332.1,2234.8,14715.1,0.8359
12481.4,26690.1,12929.7,27173.8,0.8359
3314.8,17524.8,3840.0,17920.0,0.8357
17539.5,35203.0,18175.6,35550.3,0.8356
10386.1,21000.5,10560.0,21440.0,0.8354
7869.7,34561.4,7999.4,34677.3,0.8353
13919.5,23680.1,14397.2,24211.2,0.8353
9920.0,9920.3,10030.3,10026.9,0.8353
16390.9,28297.7,16953.9,28800.0,0.8352
7793.7,29546.4,8000.0,29693.0,0.8352
8409.3,3687.1,8954.8,4156.9,0.8352
11320.3,1282.1,11515.0,1733.9,0.8350
7110.4,10245.4,7360.0,10625.3,0.8350
5761.2,8650.7,6159.9,8976.4,0.8349
17280.7,66254.9,17918.2,66557.0,0.8348
1756.2,7040.0,2227.8,7153.7,0.8347
3550.2,40558.8,4157.9,40960.0,0.8346
193.9,51706.1,639.5,52149.9,0.8345
5272.6,6318.7,5755.0,6720.0,0.8344
15462.3,29122.2,15678.2,29475.8,0.8344
12253.2,27585.8,12479.7,27840.0,0.8343
12643.2,4639.6,13117.3,5120.0,0.8340
8830.8,10671.8,8891.3,10878.3,0.8339
11897.6,20481.9,12475.6,20954.1,0.8339
8175.0,17137.2,8638.6,17600.0,0.8339
8042.1,35845.8,8634.7,36245.0,0.8338
11391.1,29371.4,11835.1,29760.0,0.8338
2713.9,19693.2,3196.2,20135.5,0.8336
8457.9,31151.7,8955.8,31678.3,0.8336
1266.5,7191.9,1599.1,7680.0,0.8335
14460.9,8320.0,15039.5,8533.2,0.8334
5445.8,16876.7,6071.7,17280.0,0.8332
1156.4,28039.7,1599.0,28477.3,0.8332
11321.5,28015.3,11835.9,28479.4,0.8331
11234.8,1451.6,11835.3,1904.8,0.8330
15049.4,53443.6,15360.0,53925.7,0.8330
5375.0,24321.7,5760.0,24774.5,0.8329
4838.6,16960.0,5438.4,17202.5,0.8329
7385.1,27193.7,7679.9,27520.0,0.8328
12704.7,31661.8,12800.0,31716.4,0.8326
2895.5,2794.0,3520.0,3200.0,0.8326
15435.7,31367.4,15680.0,31869.6,0.8325
11559.7,32641.6,11840.0,33044.3,0.8324
12249.4,17115.8,12798.5,17598.4,0.8322
8665.6,13592.5,9276.6,14077.0,0.8321
3989.6,3568.6,4158.5,3839.1,0.8320
14439.7,19520.3,15036.8,19952.0,0.8320
16323.0,13348.9,16959.2,13760.0,0.8319
3521.7,5767.9,4141.2,6135.9,0.8318
16562.4,8655.5,16640.0,8957.2,0.8317
13528.2,35320.1,14068.5,35832.9,0.8317
2869.8,1640.8,3200.0,2240.0,0.8315
10231.8,11530.2,10560.0,11838.0,0.8315
17281.6,62399.8,17800.1,62720.0,0.8314
11250.9,16962.1,11835.3,17599.4,0.8312
15495.7,41466.6,15998.8,41916.0,0.8312
10759.0,28161.0,11197.8,28508.6,0.8311
16383.4,1922.6,16640.0,2291.8,0.8310
3542.3,35116.0,4156.0,35520.0,0.8308
3912.2,4164.0,4480.0,4679.2,0.8308
683.6,19116.9,1277.6,19520.0,0.8307
7921.7,3523.7,8320.0,3836.4,0.8306
2263.5,24322.9,2560.0,24941.1,0.8305
8269.1,41870.7,8634.9,42240.0,0.8304
12853.6,16640.0,13434.7,16941.2,0.8303
980.9,9280.9,1599.6,9464.8,0.8301
11283.5,38307.4,11838.9,38719.4,0.8300
11228.8,6080.4,11837.4,6333.1,0.8300
2989.7,29038.8,3515.2,29440.0,0.8298
96.6,11521.2,639.0,11793.8,0.8296
2241.4,22069.0,2478.2,22400.0,0.8296
8877.9,32011.1,8960.0,32290.2,0.8292
16661.5,63046.4,17276.9,63579.7,0.8292
6880.5,8001.7,7040.0,8505.1,0.8292
5217.9,29173.7,5749.9,29760.0,0.8289
14453.7,35333.4,15038.3,35837.1,0.8289
7437.8,30241.3,7679.4,30397.1,0.8288
11928.1,18436.1,12477.6,18877.1,0.8286
1928.3,18440.3,2559.0,18880.0,0.8286
2829.6,326.9,3199.2,651.7,0.8285
10044.0,4559.8,10240.0,5114.0,0.8285
4812.8,2504.5,5437.0,2880.0,0.8285
13777.0,7553.4,14400.0,7992.5,0.8284
2315.9,18821.3,2874.9,19199.6,0.8283
8961.1,33106.2,9157.1,33278.1,0.8283
1678.8,27672.0,2234.5,28155.3,0.8282
14443.5,40554.5,15035.2,40959.9,0.8282
12372.4,476.5,12800.0,960.0,0.8282
8328.0,30943.7,8959.8,31360.0,0.8282
10518.6,1600.0,10876.1,2086.0,0.8281
12915.7,13670.1,13052.9,14080.0,0.8281
17820.6,56980.2,17920.0,57412.0,0.8281
10311.6,3841.5,10880.0,4164.6,0.8279
497.4,9872.1,960.0,10240.0,0.8278
353.4,24760.3,955.3,25276.7,0.8278
170.7,51524.1,611.8,51995.3,0.8277
4062.5,2755.8,4476.8,3197.2,0.8277
14752.1,45625.2,15360.0,46076.0,0.8276
13834.0,31584.2,14399.2,32000.0,0.8275
16000.0,13041.0,16635.5,13440.0,0.8275
14769.7,54459.4,15358.6,55038.5,0.8275
17536.0,58000.0,17768.2,58560.0,0.8273
8971.1,7896.6,9595.1,8315.6,0.8273
17109.5,25520.1,17596.7,25920.0,0.8273
12672.9,25810.1,12799.9,26189.2,0.8273
15862.8,18819.5,16000.0,18880.0,0.8272
16857.3,19847.6,17277.7,20164.9,0.8272
10243.8,15578.2,10877.5,15999.4,0.8270
8383.6,35408.8,8959.0,35840.0,0.8268
13087.0,1921.6,13439.0,2404.2,0.8268
14280.9,30083.0,14715.0,30458.3,0.8267
14087.5,9392.9,14716.1,9717.9,0.8265
2064.5,52770.8,2542.4,53118.5,0.8265
10316.0,31208.7,10879.9,31679.3,0.8264
17708.5,30080.4,17918.2,30339.7,0.8264
14824.0,11308.7,15346.8,11840.0,0.8264
10989.5,30226.4,11518.0,30717.8,0.8263
10240.0,6410.5,10876.2,6849.8,0.8261
1165.9,20161.0,1279.9,20582.7,0.8259
11590.9,4701.9,12156.3,5117.5,0.8258
13829.5,23362.7,14400.0,24000.0,0.8257
12160.0,45644.9,12638.4,46080.0,0.8257
2240.0,17304.2,2875.2,17600.0,0.8255
16099.9,25603.6,16640.0,26026.5,0.8255
10275.0,10793.3,10875.5,11200.0,0.8253
1719.9,4710.3,1920.0,5120.0,0.8252
11525.4,33904.9,12158.9,34236.2,0.8251
16644.9,5770.9,16960.0,6068.8,0.8250
10614.5,10151.1,11197.3,10560.0,0.8248
7360.0,39040.2,7562.2,39212.1,0.8248
14697.9,34242.3,15037.7,34543.8,0.8248
4483.3,10918.1,4952.7,11227.5,0.8247
5440.0,10798.5,6072.5,11200.0,0.8247
12489.1,2582.2,13103.5,2919.0,0.8245
14575.6,4803.0,14720.0,5204.6,0.8245
14194.7,30668.4,14720.0,31040.0,0.8245
3576.1,12800.0,4159.8,13105.7,0.8244
7723.1,13922.6,8320.0,14397.9,0.8243
11050.9,29139.9,11514.8,29535.6,0.8242
15583.4,7040.7,15680.0,7270.8,0.8241
17369.1,23878.6,17919.1,24320.0,0.8240
12288.0,9280.0,12480.0,9883.2,0.8239
5463.9,26561.1,6075.3,26934.6,0.8239
17626.1,23468.3,18174.2,23978.1,0.8238
1983.5,9824.5,2556.4,10239.9,0.8236
64.9,21621.4,626.1,22078.7,0.8235
15028.5,25601.1,15360.0,26151.3,0.8235
3840.0,23616.3,4476.9,23997.7,0.8234
6720.0,39366.0,7219.5,39728.1,0.8233
15300.2,25743.7,15680.0,26238.2,0.8233
4167.1,3428.2,4750.1,3840.0,0.8233
3009.8,1518.6,3514.7,1919.2,0.8232
4501.2,2125.8,5083.2,2560.0,0.8231
13763.4,6402.1,14398.9,6588.2,0.8231
3520.0,21125.8,4157.2,21440.0,0.8229
2240.0,5355.9,2878.4,5757.4,0.8229
10409.4,863.7,10873.7,1280.0,0.8229
10348.2,28160.5,10559.5,28320.7,0.8229
2272.3,23257.8,2877.1,23680.0,0.8228
11044.7,11919.7,11490.2,12160.0,0.8227
9516.1,13440.2,9920.0,13954.2,0.8226
16382.2,20160.0,16640.0,20595.5,0.8225
8465.3,5122.6,8640.0,5571.2,0.8222
8090.0,21020.5,8640.0,21440.0,0.8221
15773.1,19202.4,16320.0,19519.4,0.8221
18022.1,48879.5,18175.0,48960.0,0.8218
3890.3,29273.2,4478.6,29754.7,0.8216
17187.3,4808.1,17280.0,5332.0,0.8216
2218.6,19533.0,2559.1,19991.4,0.8214
13152.4,1191.1,13440.0,1599.0,0.8212
15067.2,41130.0,15679.4,41598.1,0.8212
640.0,6401.0,1279.7,6722.5,0.8211
15206.5,19996.5,15360.0,20478.3,0.8211
640.0,12160.3,1278.4,12550.7,0.8210
7376.5,11189.1,7999.6,11520.0,0.8208
10122.8,4800.0,10240.0,5209.8,0.8208
16982.1,63565.0,17600.0,63999.3,0.8208
17773.1,30722.9,17919.0,30890.0,0.8206
16742.1,27338.6,17276.5,27832.6,0.8204
16419.9,43840.0,16638.2,44257.8,0.8201
13124.3,1342.5,13291.4,1798.2,0.8201
14482.5,28804.4,14719.8,29086.9,0.8199
6307.6,17617.6,6399.5,18154.8,0.8199
14287.2,10352.1,14719.8,10847.9,0.8193
1654.1,23040.0,2238.9,23544.9,0.8191
12104.5,12955.5,12160.0,13114.8,0.8190
14126.1,31926.7,14718.0,32319.5,0.8189
5120.6,9493.2,5554.6,9911.8,0.8187
3344.4,18520.8,3840.0,18874.5,0.8179
465.8,22085.9,957.7,22715.6,0.8179
6720.0,8751.1,6926.3,9280.0,0.8179
17658.7,39332.3,17920.0,39680.0,0.8179
14816.3,14056.0,15359.1,14400.0,0.8178
10325.2,34242.5,10878.6,34762.0,0.8178
13936.6,28973.4,14400.0,29438.6,0.8178
14676.7,2481.0,15040.0,2880.0,0.8177
8670.0,4997.0,9276.3,5309.3,0.8176
8320.2,39685.5,8641.2,39870.9,0.8176
14720.0,7328.6,15126.9,7633.9,0.8176
488.0,16320.5,953.1,16601.4,0.8176
4530.0,6224.1,5117.6,6715.5,0.8176
7278.6,27009.0,7359.7,27199.6,0.8175
17737.9,20344.2,18174.5,20781.8,0.8175
8709.8,10571.6,8832.3,11105.0,0.8174
10916.1,9779.7,11518.7,10238.2,0.8174
10381.0,11853.6,10877.2,12156.2,0.8173
15057.0,56878.8,15680.0,57274.5,0.8171
17169.0,20027.6,17597.5,20480.0,0.8169
10810.2,8060.1,10880.0,8319.7,0.8168
7690.4,6753.2,8313.8,7057.5,0.8167
13157.2,7566.4,13756.0,8000.0,0.8167
17538.5,9562.8,18175.1,9920.0,0.8167
16960.0,43757.4,17302.5,43930.1,0.8166
16002.9,17185.0,16356.9,17600.0,0.8166
3282.6,23192.2,3518.7,23669.8,0.8166
594.8,4899.2,960.0,5440.0,0.8165
2698.9,16533.7,3200.0,16960.0,0.8164
14082.1,51400.9,14349.3,51840.0,0.8162
1491.7,3652.8,1918.9,4160.0,0.8162
4306.5,22657.8,4794.0,23039.8,0.8161
7084.7,14402.7,7680.0,14855.1,0.8160
4835.9,11125.2,4892.6,11413.3,0.8160
18003.9,22193.4,18176.0,22454.6,0.8160
13450.3,16897.4,14076.8,17280.0,0.8159
17536.0,45474.2,17852.5,45678.3,0.8158
13120.0,48519.8,13758.6,48960.0,0.8158
1302.3,1185.9,1918.2,1600.0,0.8158
6655.1,22335.1,7040.0,22720.0,0.8157
11609.7,16752.0,12160.0,17256.7,0.8154
14160.0,24876.1,14716.4,25280.0,0.8154
9604.7,10137.0,9820.0,10559.1,0.8153
14401.4,13802.1,14937.2,14107.4,0.8152
8962.2,11339.5,9124.3,11520.0,0.8152
13154.0,17851.0,13759.9,18240.0,0.8151
4484.6,23581.1,5120.0,23995.9,0.8150
5445.4,14609.2,6080.0,15033.9,0.8150
14487.3,6080.0,15040.0,6533.5,0.8150
2443.0,2403.5,2560.0,2854.9,0.8149
14874.1,19558.2,15360.0,19838.8,0.8148
6592.8,18724.2,7040.0,19167.2,0.8148
6294.0,20698.9,6400.0,21109.1,0.8147
15051.3,21024.8,15678.1,21437.4,0.8146
9537.4,11146.2,9600.0,11517.3,0.8146
14622.0,40963.6,14719.7,41532.1,0.8145
10006.6,43608.1,10554.7,44160.0,0.8143
2011.8,28776.4,2556.3,29120.0,0.8142
15582.0,1602.0,15679.8,2018.5,0.8140
10941.0,13760.0,11200.0,14292.5,0.8138
16000.0,3700.2,16169.1,4153.1,0.8137
6133.5,37126.6,6719.6,37594.5,0.8136
11924.3,40036.7,12159.7,40319.3,0.8135
17593.0,3213.7,17920.0,3653.4,0.8135
10560.0,5419.5,10752.2,5640.6,0.8135
17795.0,29766.1,18175.7,30087.8,0.8134
17536.0,27538.0,18173.7,27840.0,0.8132
16696.4,10563.0,17271.2,10843.7,0.8132
8001.5,30911.7,8637.3,31358.5,0.8132
8002.3,29956.2,8171.1,30077.5,0.8131
18090.9,55363.3,18175.9,55526.5,0.8131
8050.6,36656.2,8636.4,37107.6,0.8131
877.9,7438.8,959.6,7677.9,0.8131
13129.5,14248.2,13757.0,14719.9,0.8130
10675.4,7564.6,11196.8,7970.3,0.8128
6106.0,14625.5,6717.6,15040.0,0.8127
13014.5,26247.9,13120.0,26865.1,0.8127
2714.9,25082.4,2880.0,25594.1,0.8127
6089.1,6928.5,6720.0,7357.1,0.8127
4681.7,28358.3,5116.7,28795.1,0.8124
8642.0,7687.2,8993.1,8126.3,0.8124
14721.8,56848.4,15356.7,57276.5,0.8124
17516.4,17363.3,17920.0,17597.7,0.8124
16226.2,41737.4,16319.2,41919.7,0.8124
15947.9,32008.3,16319.1,32320.0,0.8122
9281.6,32277.3,9915.6,32640.0,0.8121
6441.0,28801.0,6719.6,29239.5,0.8121
15707.0,719.7,16000.0,1280.0,0.8121
16860.9,46221.7,16957.7,46711.2,0.8121
10079.7,9290.2,10560.0,9656.5,0.8120
17015.9,34892.1,17600.0,35380.1,0.8119
326.0,15683.3,783.1,16032.1,0.8119
17313.3,59178.9,17920.0,59519.0,0.8116
5052.5,24265.6,5119.8,24640.0,0.8116
9238.3,10134.3,9302.8,10385.4,0.8114
8705.4,68658.0,9275.9,69117.7,0.8112
9920.5,42306.6,10163.4,42559.5,0.8111
13516.6,40868.9,14075.2,41279.3,0.8107
14763.1,22083.2,15360.0,22400.0,0.8107
7053.7,6602.0,7678.8,7025.0,0.8106
8047.2,22320.9,8638.3,22720.0,0.8105
2880.0,20800.7,3049.5,20874.8,0.8105
9382.0,2836.3,9919.5,3200.0,0.8104
17280.0,15608.4,17916.2,16000.0,0.8103
6819.1,28046.7,7356.1,28480.0,0.8103
9166.3,27538.1,9597.5,27840.1,0.8103
8790.5,25280.0,9263.3,25776.6,0.8102
2883.0,1533.2,3048.8,1920.0,0.8101
1413.6,4.5,1914.6,569.5,0.8101
5229.3,11854.2,5754.7,12160.0,0.8101
721.8,4328.8,1280.0,4644.9,0.8100
10958.4,17175.5,11513.3,17599.3,0.8098
5791.6,38401.2,6396.8,38867.7,0.8097
7419.9,9484.6,7997.4,9919.6,0.8096
16111.7,8847.1,16635.8,9277.5,0.8096
6058.1,28160.0,6399.8,28566.9,0.8093
8960.0,24960.0,9599.3,25365.5,0.8091
2560.0,50564.0,3194.9,50865.9,0.8090
10311.0,29552.1,10876.2,30080.0,0.8090
8036.0,1317.7,8639.7,1599.6,0.8088
5440.0,4900.8,5661.2,5118.3,0.8087
16749.8,49112.3,17276.2,49597.3,0.8084
1007.9,54001.9,1597.3,54400.0,0.8083
12362.6,28807.4,12798.1,29200.8,0.8083
13830.9,51308.4,14397.6,51840.0,0.8082
11745.6,19218.3,11803.6,19516.8,0.8081
9925.9,5671.4,10558.3,6080.0,0.8081
8027.0,3109.1,8636.4,3520.0,0.8079
2560.2,6237.1,2751.4,6710.0,0.8079
7302.1,29762.0,7359.2,29945.7,0.8079
12262.7,9285.8,12799.0,9877.2,0.8078
13441.8,29189.0,13584.2,29400.3,0.8078
15041.0,2882.0,15680.0,3297.6,0.8078
3230.0,50571.9,3829.1,51031.0,0.8077
11268.2,9952.6,11839.8,10252.8,0.8077
4517.7,61380.6,5118.2,61760.0,0.8074
14452.2,6974.3,15035.7,7354.7,0.8072
6727.0,36525.9,7360.0,36902.0,0.8072
1320.4,20058.6,1917.3,20480.0,0.8071
1.0,10264.0,321.6,10662.9,0.8071
8805.6,10882.4,8876.3,11092.4,0.8071
6148.4,29597.1,6399.3,29759.8,0.8069
7680.0,970.6,8190.6,1475.7,0.8068
1111.4,18240.2,1280.0,18410.7,0.8068
16878.6,54909.5,16960.0,55040.0,0.8067
9371.9,14601.6,9915.6,15040.0,0.8066
2122.1,5443.4,2560.0,5947.4,0.8066
7432.0,34958.3,7994.5,35519.7,0.8063
17294.0,60762.4,17753.1,61120.0,0.8062
1947.8,13295.4,2556.9,13741.4,0.8060
11842.6,4122.3,12477.6,4480.0,0.8059
5171.0,12628.6,5757.5,13114.9,0.8058
5876.8,16855.6,6394.3,17280.0,0.8057
12358.2,9100.7,12479.6,9581.6,0.8055
15734.2,59980.3,16316.7,60479.2,0.8055
16960.0,4849.0,17148.6,5119.3,0.8053
16970.3,6082.0,17600.0,6402.1,0.8053
11485.0,25764.4,11565.2,26176.9,0.8052
14445.7,2241.6,14720.0,2572.6,0.8052
9250.6,21964.1,9600.0,22400.0,0.8051
4665.7,6085.2,5110.0,6400.0,0.8050
5133.1,48254.4,5757.6,48640.0,0.8049
5761.7,37763.5,5821.3,38080.0,0.8048
47.9,24001.4,635.5,24420.6,0.8048
9415.0,7360.5,9600.0,7496.6,0.8046
15453.4,20669.5,15997.7,21109.6,0.8045
11323.5,19204.7,11743.8,19520.0,0.8045
975.2,26462.6,1594.2,26880.0,0.8044
18048.6,53303.9,18174.1,53413.8,0.8044
12279.1,36658.1,12796.3,37118.5,0.8044
13545.4,23896.7,14076.3,24320.0,0.8044
7041.2,1462.5,7676.4,1920.0,0.8044
3841.9,22081.9,4478.0,22429.6,0.8039
413.2,27984.6,956.0,28480.0,0.8038
4193.4,29760.0,4796.4,30237.9,0.8038
3818.8,22629.7,4158.6,23040.0,0.8038
17059.1,25711.7,17599.7,26238.2,0.8037
2284.8,11723.4,2879.4,12155.3,0.8036
7.0,15848.9,639.1,16317.1,0.8035
5608.5,16001.3,6074.5,16454.9,0.8035
7423.2,27521.6,7995.3,28038.6,0.8033
9948.5,640.3,10239.3,773.2,0.8031
5449.7,8975.8,6079.8,9280.0,0.8028
2290.5,29020.1,2880.0,29440.0,0.8027
1289.6,4396.4,1919.2,4800.0,0.8027
4718.6,17832.1,5120.0,18240.0,0.8027
12843.2,23040.0,13113.2,23587.7,0.8026
14104.3,326.8,14400.0,737.6,0.8026
16354.2,27099.2,16959.8,27520.0,0.8026
13772.0,20198.9,14396.7,20480.0,0.8025
11564.8,8465.3,12157.7,8953.6,0.8023
9621.4,21048.7,10240.0,21440.0,0.8023
7156.6,27446.7,7680.0,27840.0,0.8022
12488.2,36056.0,13118.4,36480.0,0.8020
1086.9,20800.0,1280.0,21199.8,0.8020
14720.0,1309.9,15230.5,1727.6,0.8020
6595.3,31860.5,7037.3,32320.0,0.8019
7040.0,28161.5,7676.5,28481.7,0.8019
17536.0,45401.7,17753.8,45440.0,0.8016
17574.0,25281.7,18174.1,25695.1,0.8015
4963.1,24000.0,5119.0,24271.6,0.8015
17499.7,59840.0,17599.9,60345.0,0.8012
17536.0,7586.3,17663.0,7999.5,0.8005
9305.2,6085.4,9915.9,6410.0,0.8005
11309.8,23221.7,11840.0,23678.2,0.8004
3135.7,13669.1,3515.9,14080.0,0.8003
7892.2,15162.1,8318.0,15358.6,0.8002
13098.3,26800.2,13439.8,27200.0,0.8002
3709.6,24334.7,4157.2,24640.0,0.7999
11472.4,7360.0,11840.0,7915.7,0.7999
12388.3,39361.8,12479.2,39706.0,0.7999
13075.3,39045.7,13440.0,39399.2,0.7999
5440.0,18777.3,6073.0,19200.0,0.7998
8136.4,5876.2,8638.5,6077.3,0.7998
16386.6,41172.5,16932.3,41582.9,0.7994
11608.8,35586.1,11839.6,35807.6,0.7992
13231.4,1305.6,13439.4,1800.3,0.7991
8320.3,10656.5,8378.4,11190.0,0.7988
14435.0,26888.5,15035.7,27393.8,0.7986
15135.1,18882.2,15674.7,19299.4,0.7985
5739.7,23464.4,6080.0,23831.7,0.7985
8858.5,32008.3,9274.5,32283.1,0.7983
6836.1,23682.6,7040.0,23846.8,0.7981
16962.4,29662.7,17600.0,30080.0,0.7980
8598.0,29440.0,8960.0,30057.4,0.7978
12562.7,43002.2,13116.4,43513.3,0.7977
650.6,37050.2,1276.8,37440.0,0.7977
14493.1,21440.7,14719.0,21656.8,0.7977
15119.9,36622.6,15680.0,37120.0,0.7976
10994.7,13682.7,11520.0,14078.8,0.7975
4001.4,23072.1,4480.0,23360.0,0.7974
4208.3,4028.6,4793.4,4479.1,0.7973
8846.0,35314.1,9280.0,35518.6,0.7971
382.1,5224.5,957.4,5744.5,0.7965
7484.6,26792.0,7998.9,27200.0,0.7965
16323.0,22840.8,16694.7,23359.1,0.7963
6400.8,27309.5,6570.6,27520.0,0.7962
13531.2,37353.9,14071.3,37760.0,0.7960
2340.1,3115.1,2878.0,3520.0,0.7959
7682.6,15041.5,8318.8,15151.0,0.7959
14407.8,56896.3,15036.3,57278.1,0.7958
1456.1,1952.5,1600.0,2480.3,0.7957
3988.9,28891.4,4480.0,29440.0,0.7957
17280.4,43840.0,17549.8,44055.2,0.7955
15451.3,35947.4,16000.0,36480.0,0.7955
8276.4,29872.1,8343.2,30128.1,0.7954
9926.8,14922.0,10560.0,15360.0,0.7954
15408.2,5512.9,15680.0,5740.3,0.7953
6492.5,17085.1,7038.7,17599.2,0.7953
7374.3,24917.9,7996.3,25280.0,0.7953
16719.4,25600.2,17274.1,25818.3,0.7952
13492.1,34702.3,14078.2,35194.3,0.7951
8473.1,23362.8,8639.9,23735.9,0.7950
17133.1,32326.2,17279.3,32645.2,0.7950
1362.1,14443.5,1599.2,14720.0,0.7950
9305.6,33626.9,9918.2,33920.0,0.7949
10320.2,18997.2,10878.3,19506.2,0.7947
7184.7,21765.7,7675.7,22239.0,0.7946
6170.8,25679.7,6711.7,26238.4,0.7945
9123.0,37764.6,9279.4,37990.4,0.7944
3975.5,17134.5,4479.9,17598.4,0.7944
4112.9,23680.0,4478.8,24161.2,0.7943
10943.9,5771.9,11520.0,6173.4,0.7943
11525.6,12007.3,12147.9,12477.0,0.7940
9464.8,14884.2,9915.8,15360.0,0.7937
7040.5,23680.3,7148.1,23763.3,0.7937
14918.6,12484.8,15353.9,12849.7,0.7937
5766.1,7235.9,6328.3,7680.0,0.7937
14161.0,46400.0,14708.2,47029.8,0.7937
17283.7,65953.9,17917.3,66283.5,0.7937
4687.8,30080.0,5120.0,30544.6,0.7935
15042.9,57284.5,15677.4,57649.0,0.7933
16772.1,9450.1,17279.7,9920.0,0.7933
1920.6,14749.5,2558.4,15039.4,0.7932
16728.3,32551.1,17280.0,32960.0,0.7931
854.8,14430.9,1274.0,14868.0,0.7929
6721.1,30278.4,7023.3,30399.5,0.7928
2300.0,52572.7,2877.2,52800.0,0.7928
4848.1,30723.5,5120.0,31065.2,0.7928
12189.6,43771.7,12800.0,44157.8,0.7928
11554.7,8000.0,12157.6,8489.1,0.7927
14927.1,17710.2,15039.5,17918.3,0.7926
10304.5,16321.3,10560.0,16700.6,0.7925
708.4,7616.4,1276.8,7998.4,0.7922
13353.0,33923.4,13760.0,34415.9,0.7922
13049.8,3843.1,13439.8,4026.1,0.7922
12671.8,34205.8,12800.0,34559.1,0.7920
7096.4,10445.6,7680.0,10880.0,0.7918
3546.1,22324.5,4160.0,22720.0,0.7916
12063.3,25614.3,12159.7,26123.1,0.7916
12462.4,2.6,12800.0,376.3,0.7916
3725.6,23041.9,4159.8,23309.8,0.7915
12584.5,31545.7,12798.2,31657.1,0.7914
1600.2,14720.0,2240.0,14937.7,0.7911
13203.2,27020.4,13757.0,27518.3,0.7911
6757.1,28672.1,7359.9,29120.0,0.7911
4383.8,12421.2,4459.2,12794.8,0.7910
13647.3,7974.3,13759.1,8316.0,0.7906
406.2,7846.6,958.5,8310.1,0.7904
1614.1,3759.8,2239.3,4155.0,0.7901
1505.8,3432.5,1920.0,3838.2,0.7900
17337.6,65526.0,17913.6,65920.0,0.7900
16001.1,45785.0,16118.8,46080.0,0.7899
15814.4,31372.4,15999.4,31853.8,0.7898
5763.9,62659.2,6395.7,63040.0,0.7895
3147.4,7041.1,3520.0,7514.8,0.7894
13448.0,39241.1,14080.0,39673.9,0.7894
9690.4,38772.4,9920.0,39348.4,0.7893
8723.9,12730.5,9274.6,13120.0,0.7893
1628.5,28977.8,2235.5,29439.9,0.7892
14732.0,57868.1,15357.9,58240.0,0.7892
14250.7,8464.5,14399.5,8960.0,0.7892
7360.0,39849.8,7526.9,40314.6,0.7891
18103.7,50271.1,18175.9,50560.0,0.7891
17727.3,7231.0,18174.6,7680.0,0.7890
341.2,22900.1,640.0,23358.0,0.7888
12542.2,45762.0,12800.0,46079.3,0.7887
17814.2,45839.7,17886.5,46078.8,0.7884
14467.6,31885.2,15040.0,32320.0,0.7881
2151.7,4680.6,2240.0,5117.7,0.7881
4800.0,13797.9,5154.8,14074.2,0.7880
12195.7,32560.0,12797.5,32960.0,0.7880
15411.1,19055.0,15999.7,19518.5,0.7876
2652.7,18320.8,3197.9,18880.0,0.7875
13879.3,34096.7,14399.0,34541.9,0.7872
15236.0,19227.2,15680.0,19520.0,0.7871
10532.4,2921.9,10880.0,3519.4,0.7871
12162.6,12960.3,12385.6,13112.8,0.7870
17443.4,58240.0,17855.8,58869.6,0.7870
10568.0,5120.0,11198.7,5594.5,0.7869
18069.9,58477.6,18174.6,58559.1,0.7869
3540.0,23878.9,4157.4,24319.7,0.7867
7070.0,4800.0,7360.0,5262.0,0.7866
4480.0,13506.8,5118.9,13760.0,0.7866
14607.2,5737.4,15038.1,6076.7,0.7863
5212.3,27116.8,5758.5,27520.0,0.7862
7092.1,13058.8,7680.0,13440.0,0.7861
14083.9,7624.7,14537.2,7983.8,0.7861
16708.6,26888.2,17279.4,27200.0,0.7857
7375.1,23360.0,7995.6,23834.7,0.7857
7360.0,29120.3,7449.6,29293.8,0.7856
4484.9,4424.1,5120.0,4800.0,0.7856
14122.6,46041.9,14716.5,46400.0,0.7856
8114.9,17785.3,8636.3,18238.4,0.7855
16167.5,4897.1,16636.6,5440.0,0.7854
17119.4,32260.9,17599.9,32633.5,0.7853
5504.1,13716.3,5760.0,14080.0,0.7853
12598.3,35520.0,13116.4,35959.9,0.7850
16640.0,41281.7,16892.5,41489.9,0.7849
5310.5,23040.0,5758.0,23560.8,0.7849
8321.4,41093.4,8458.6,41280.0,0.7848
11634.3,16000.0,12158.7,16477.5,0.7847
15451.7,56098.5,15998.6,56610.7,0.7846
232.6,20483.4,640.0,20984.0,0.7842
15606.8,5797.3,15680.0,6399.1,0.7842
17287.0,7431.3,17598.9,7590.9,0.7842
5527.1,31142.7,6077.0,31680.0,0.7841
16998.6,20813.2,17279.9,21150.2,0.7839
9956.2,5807.9,10556.6,6205.9,0.7839
7134.4,31040.0,7359.8,31549.0,0.7837
5836.4,21598.0,6395.1,22076.9,0.7837
6488.1,27422.9,6719.9,27840.0,0.7837
16010.3,56210.2,16636.6,56640.0,0.7836
17310.0,65184.5,17920.0,65600.0,0.7835
10251.3,11062.9,10879.8,11519.0,0.7834
13840.7,5760.0,14076.2,5798.9,0.7832
8263.7,32000.0,8640.0,32430.5,0.7830
15113.5,7360.9,15359.3,7502.1,0.7829
3929.3,4491.2,4477.9,5051.9,0.7829
16000.0,22722.4,16491.0,23192.7,0.7829
11251.3,30725.6,11837.2,31247.2,0.7825
8964.8,35200.0,9597.2,35504.9,0.7824
13440.0,4719.3,14076.8,5120.0,0.7824
2962.0,11042.1,3517.7,11519.2,0.7824
8703.8,8134.8,9278.8,8639.5,0.7823
11939.6,2564.6,12160.0,3032.2,0.7822
15041.5,16962.7,15680.0,17280.0,0.7819
12872.5,16226.3,13439.9,16640.0,0.7818
2242.1,14721.4,2438.5,14861.4,0.7818
13761.1,30609.7,14395.7,31037.4,0.7818
7595.3,5361.2,7679.8,5760.0,0.7817
17383.8,29460.2,17920.0,29786.4,0.7817
17444.7,31883.9,17599.9,31999.1,0.7816
13992.5,25374.0,14399.9,25920.0,0.7815
3865.8,4940.7,4473.4,5437.4,0.7815
3978.6,11115.2,4160.0,11518.4,0.7814
16960.0,46518.1,17057.7,47040.0,0.7814
960.4,0.5,1343.1,224.1,0.7813
16680.2,23832.6,17276.6,24318.1,0.7812
4275.3,4164.3,4800.0,4698.4,0.7810
14371.2,33282.2,14713.8,33449.2,0.7810
7683.8,36161.8,8146.9,36523.4,0.7809
11036.5,9170.5,11520.0,9600.0,0.7807
10560.8,1120.2,10909.8,1598.4,0.7807
11531.2,13459.0,12159.8,13760.0,0.7807
17562.3,19741.9,18176.0,20160.0,0.7807
14222.6,38257.1,14717.4,38720.0,0.7806
13266.1,19202.2,13760.0,19695.6,0.7806
10402.8,27963.3,10879.5,28467.2,0.7806
4595.9,10562.8,4799.0,10755.4,0.7805
14572.9,18991.8,15040.0,19519.3,0.7803
328.8,38646.1,956.6,39040.0,0.7803
15680.0,43908.9,15777.2,44480.0,0.7803
9726.2,16320.0,9920.0,16807.0,0.7799
7578.3,29438.7,7656.4,29732.5,0.7799
12497.9,31929.6,12569.8,32316.3,0.7798
16652.7,44800.0,16971.7,44944.4,0.7796
10033.8,3943.8,10554.0,4480.0,0.7794
12232.3,3526.2,12787.6,3880.0,0.7793
14848.5,28480.5,15039.8,28902.6,0.7793
10603.2,5492.0,11182.0,5900.0,0.7793
15420.8,24449.0,15997.7,24855.3,0.7792
16966.2,64874.9,17596.3,65280.0,0.7792
10497.3,4406.7,10878.1,4800.0,0.7791
316.8,1294.8,639.1,1710.7,0.7791
12722.3,26317.2,12840.1,26546.4,0.7790
17731.4,39856.4,18175.2,40317.0,0.7790
5533.6,20960.6,6080.0,21438.4,0.7790
8151.7,31831.2,8637.6,32318.8,0.7788
15581.1,55361.3,15680.0,55749.8,0.7787
6622.7,30282.7,6719.3,30400.0,0.7784
17694.7,56559.5,17819.9,56639.8,0.7783
11664.8,10561.2,11838.8,10847.2,0.7782
1921.0,12152.9,2089.4,12302.6,0.7782
9728.7,4702.3,10205.0,5120.0,0.7781
2584.8,33113.3,2880.0,33598.0,0.7781
16747.4,59123.4,17278.4,59520.0,0.7780
10890.2,37989.7,11516.8,38400.0,0.7780
15784.5,36225.9,16320.0,36796.4,0.7779
11840.0,6721.2,12207.8,6919.0,0.7779
8492.1,30430.5,8948.6,30720.0,0.7778
3935.9,3200.0,4159.4,3594.9,0.7777
15778.4,30573.2,16311.7,31037.1,0.7776
16725.3,29216.6,17279.6,29759.1,0.7775
2880.0,22323.3,3511.8,22719.1,0.7774
2104.8,18880.0,2560.0,19376.7,0.7771
1617.7,11849.9,2236.2,12160.0,0.7771
9929.1,36352.4,10558.6,36793.1,0.7771
13208.5,19529.5,13439.1,19935.5,0.7771
16327.9,45968.0,16953.1,46396.7,0.7771
2900.9,28714.3,3515.9,29120.0,0.7770
48.2,182.6,635.2,637.2,0.7769
3225.5,10882.5,3837.6,11263.9,0.7768
15404.2,41920.0,15680.0,42436.5,0.7768
3532.1,1803.9,4158.9,2237.1,0.7766
16004.5,41218.7,16640.0,41584.2,0.7764
2560.0,15360.0,3197.8,15765.4,0.7763
13765.7,44981.9,14231.4,45424.7,0.7762
11757.9,13126.0,11839.8,13510.4,0.7761
18088.4,18351.7,18175.9,18834.5,0.7760
16030.6,39287.5,16638.1,39679.8,0.7759
14615.1,13369.1,15036.1,13760.0,0.7759
9603.6,12379.4,10235.4,12800.0,0.7759
4812.9,28480.0,5433.1,29043.0,0.7757
17616.9,43244.8,17920.0,43520.0,0.7756
6269.6,20625.9,6716.0,21120.0,0.7755
9920.3,9737.5,10315.0,9913.1,0.7754
13435.7,23042.0,13759.6,23430.8,0.7752
12482.5,15201.5,12686.8,15359.3,0.7749
5441.5,4385.0,6080.0,4785.5,0.7748
8347.9,16649.6,8957.5,17101.3,0.7748
10880.0,25601.1,11217.2,25826.2,0.7747
16729.4,57284.5,16882.8,57599.8,0.7747
8340.4,8247.2,8957.2,8640.0,0.7746
16321.2,18249.8,16639.8,18788.3,0.7745
7809.5,15154.1,8310.6,15550.0,0.7744
9753.9,29121.1,10240.0,29628.3,0.7744
14081.0,24547.2,14717.8,24959.9,0.7743
5763.1,15593.5,6400.0,15999.9,0.7740
389.7,53540.7,956.9,54078.6,0.7739
8485.2,21343.0,8960.0,21758.6,0.7739
16416.6,19523.1,16639.3,19742.6,0.7738
12933.3,29937.6,13437.5,30396.7,0.7738
15402.8,33970.6,15998.1,34240.0,0.7737
15090.6,844.2,15675.4,1278.7,0.7737
12562.1,12160.0,12799.9,12581.8,0.7737
13823.8,9426.5,14400.0,9883.1,0.7736
13847.9,48528.1,14080.0,48957.6,0.7733
15727.2,12957.4,16316.9,13439.6,0.7733
17546.7,65808.2,18172.6,66233.7,0.7733
9920.7,36482.8,10240.0,36908.9,0.7732
7166.2,22008.4,7678.5,22400.0,0.7730
6733.8,1861.4,7360.0,2240.0,0.7730
7041.3,40000.0,7672.2,40379.4,0.7729
14641.7,52210.2,14719.8,52479.1,0.7727
6747.8,3201.4,7358.2,3463.5,0.7726
17290.6,23237.2,17857.6,23680.0,0.7725
13490.0,29446.0,14077.3,29970.9,0.7724
6109.8,3830.7,6717.3,4153.7,0.7722
10537.1,1471.4,10877.4,1920.0,0.7721
17347.1,13520.2,17913.4,14080.0,0.7720
7234.3,22602.9,7678.7,23040.0,0.7719
18105.2,31047.6,18175.6,31360.0,0.7718
6232.5,19422.0,6702.5,19839.8,0.7718
15040.2,29616.7,15239.4,30075.5,0.7717
15732.2,21445.1,16316.5,21838.9,0.7717
2898.0,16640.0,3200.0,17280.0,0.7716
10575.8,68406.4,11196.6,68800.0,0.7714
0.0,5344.9,628.8,5760.0,0.7713
12885.1,19238.4,13118.7,19641.3,0.7712
4800.6,9825.3,5436.6,10240.0,0.7711
15432.7,19570.3,15679.5,19900.5,0.7710
15112.4,33289.4,15677.0,33810.4,0.7709
15750.5,15680.4,16000.0,15810.0,0.7708
4409.0,31601.8,4480.0,32000.0,0.7705
13440.0,7040.0,14077.2,7452.3,0.7701
4801.4,36184.0,4924.9,36480.0,0.7701
1091.9,63780.9,1598.3,64320.0,0.7697
7775.2,13760.0,7999.6,14310.6,0.7696
16789.3,19843.6,16958.8,20024.0,0.7694
16066.0,33457.0,16630.9,33802.9,0.7693
109.2,21761.4,610.5,22262.9,0.7692
643.2,14083.1,845.7,14577.3,0.7692
5542.8,22401.0,6078.2,22911.9,0.7690
12630.6,33294.7,12799.9,33748.0,0.7690
12539.8,2258.1,13114.9,2862.8,0.7689
3520.0,14611.8,4157.1,15034.9,0.7688
9691.3,8794.5,10236.6,9273.5,0.7688
13093.4,28989.5,13439.9,29440.0,0.7687
897.1,9588.8,1275.6,9918.8,0.7687
10636.4,16645.1,10879.4,17089.1,0.7687
1348.8,23366.9,1914.0,23948.7,0.7685
3932.9,31406.5,4478.9,32000.0,0.7684
12158.2,8323.1,12479.7,8618.4,0.7682
6402.0,30286.3,6501.1,30715.7,0.7682
2241.2,11758.3,2498.5,12160.0,0.7682
3522.5,30598.5,4155.1,31039.8,0.7682
9681.3,42568.7,9920.0,42937.2,0.7680
10255.6,15904.5,10873.7,16320.0,0.7680
3605.5,16001.4,4157.9,16459.3,0.7680
15500.3,35250.6,15680.0,35559.8,0.7678
16025.6,7691.5,16634.7,8311.6,0.7678
5141.5,20980.9,5760.0,21436.7,0.7677
11284.6,4911.3,11515.7,5119.4,0.7677
16418.0,47265.2,16958.1,47672.5,0.7677
203.0,9601.8,632.1,9888.5,0.7675
8742.8,17800.9,9276.1,18237.4,0.7674
16642.8,26155.4,17068.6,26560.0,0.7674
10599.7,37760.0,11200.0,38389.3,0.7674
11859.8,25139.7,12476.1,25598.5,0.7673
3924.7,3203.7,4478.1,3563.8,0.7673
3309.0,7490.0,3836.1,7999.6,0.7671
16366.5,935.4,16951.0,1280.0,0.7670
17417.2,44801.2,17546.0,44879.6,0.7668
15360.3,45762.8,15696.8,45903.8,0.7668
3272.0,32609.3,3833.6,32959.6,0.7662
2568.4,32644.4,3197.1,33063.4,0.7660
14459.9,38720.6,14720.0,38986.9,0.7659
16020.9,13539.6,16637.5,14072.6,0.7659
22.9,9933.4,637.2,10323.4,0.7657
6771.6,30872.7,6889.4,30984.6,0.7656
4806.2,5760.0,5120.0,6391.4,0.7655
13431.2,3840.5,13760.0,4194.0,0.7654
12896.8,48091.7,13433.2,48640.0,0.7654
15141.3,35615.8,15678.7,36160.0,0.7653
640.0,26284.7,1261.5,26560.0,0.7653
1343.8,16127.8,1918.3,16631.4,0.7652
2595.7,905.1,3197.2,1280.0,0.7650
8481.4,3842.5,8639.6,4054.2,0.7646
10560.0,23903.9,10700.0,24318.9,0.7644
10883.0,25754.6,11044.3,26233.3,0.7644
6474.0,20481.7,7039.6,20950.4,0.7642
14562.2,37335.3,15040.0,37760.0,0.7642
6080.0,28497.6,6718.2,28800.0,0.7642
9767.1,31056.5,10236.2,31557.1,0.7640
3939.6,26490.9,4473.9,26880.0,0.7639
11284.1,38611.9,11835.2,39039.4,0.7638
13545.6,7978.3,14077.5,8319.5,0.7636
15482.5,4160.0,15679.4,4381.0,0.7634
8797.1,17508.9,9274.4,17918.4,0.7634
12795.8,28160.0,13120.0,28669.9,0.7633
3582.3,34562.5,3840.0,34972.7,0.7632
1140.6,20276.5,1600.0,20796.8,0.7631
6720.0,8761.6,6841.6,8960.0,0.7630
11572.6,45639.0,12157.5,46080.0,0.7629
10056.6,6301.4,10560.0,6698.6,0.7629
4447.8,1924.4,4800.0,2275.2,0.7629
6721.6,20481.7,6861.6,20664.6,0.7627
3706.2,20480.0,4159.0,20837.8,0.7627
11048.2,8000.7,11199.5,8173.6,0.7627
17369.0,39681.9,17600.0,40068.0,0.7626
3846.8,7718.6,4480.0,8000.0,0.7626
9024.0,36483.1,9280.0,36879.0,0.7624
1073.7,5443.7,1279.9,5933.7,0.7621
9931.5,16845.4,10560.0,17278.2,0.7621
14723.0,11526.7,15347.9,11869.1,0.7621
2467.9,4103.1,2876.6,4478.4,0.7621
15577.7,7041.1,16000.0,7144.1,0.7620
5768.2,24640.4,6393.6,25062.0,0.7619
10.0,7042.0,637.9,7411.5,0.7619
5171.8,25233.0,5760.0,25600.0,0.7618
9602.7,2800.1,10043.8,3195.7,0.7612
3588.3,30012.7,4160.0,30400.0,0.7611
5374.7,6823.7,5760.0,7360.0,0.7609
3418.8,29124.8,3836.2,29502.6,0.7605
17396.2,17752.0,17919.6,18237.9,0.7605
10322.9,26240.9,10557.4,26458.3,0.7604
7054.7,36166.3,7680.0,36599.7,0.7604
1308.0,25803.3,1914.5,26239.2,0.7603
7724.9,14725.6,8314.8,15179.7,0.7603
17375.9,19784.1,17920.0,20160.0,0.7601
13657.6,6723.5,13933.7,7030.7,0.7597
11238.1,4794.2,11840.0,5120.0,0.7596
9013.6,16516.4,9587.3,16960.0,0.7596
2127.9,28338.9,2559.6,28796.3,0.7596
15413.2,25749.0,15997.5,26237.7,0.7595
11448.5,39028.2,11519.5,39295.5,0.7595
7129.4,26880.3,7360.0,27008.2,0.7594
17927.7,46721.7,18176.0,46827.2,0.7591
531.8,23360.0,958.0,23626.2,0.7589
11287.6,14622.2,11837.1,15040.0,0.7589
11565.2,14400.2,12157.3,14643.6,0.7589
13791.1,17280.0,14396.2,17531.8,0.7587
10963.6,35843.8,11198.0,36129.0,0.7585
6721.9,7680.0,7356.5,7897.1,0.7585
125.5,49435.7,635.5,49920.0,0.7585
15734.2,22944.8,16320.0,23360.0,0.7584
5855.7,13445.9,6396.7,13889.0,0.7583
17918.9,20501.3,18175.8,20861.5,0.7582
12605.2,26251.9,12719.8,26547.2,0.7582
9970.3,24995.4,10554.5,25433.3,0.7581
13440.0,48586.5,13941.7,48960.0,0.7580
7224.0,3261.9,7680.0,3640.5,0.7580
15204.0,38929.7,15664.9,39353.6,0.7579
4294.1,12165.1,4800.0,12480.0,0.7578
15040.3,51885.1,15233.4,52142.7,0.7576
11237.7,3850.5,11840.0,4276.9,0.7575
10610.5,31491.4,11196.0,31998.8,0.7574
15735.5,12394.7,16317.0,12800.0,0.7574
11999.6,1378.3,12479.5,1791.8,0.7573
10762.7,29024.0,11193.6,29440.0,0.7572
4248.7,51823.5,4794.9,52159.9,0.7571
10314.0,16746.1,10879.1,17279.0,0.7570
12760.1,1286.6,13120.0,1692.0,0.7568
17412.1,42279.6,17918.0,42724.6,0.7568
18071.3,23041.4,18175.6,23141.1,0.7567
9921.4,43125.7,10112.1,43520.0,0.7562
8191.3,29978.6,8276.4,30130.7,0.7560
17191.4,21597.1,17278.7,22054.1,0.7560
15059.5,33171.8,15680.0,33600.0,0.7560
16706.4,55179.5,16960.0,55360.0,0.7560
6215.1,30410.9,6339.1,30822.5,0.7559
1477.3,27231.6,1912.1,27601.1,0.7558
15068.8,53099.1,15678.8,53439.1,0.7557
6529.7,15633.9,6655.1,15700.7,0.7556
6450.7,28160.0,6720.0,28428.1,0.7556
7802.1,33603.7,8319.6,33932.4,0.7555
15360.0,12368.4,15999.7,12800.0,0.7555
6445.4,36791.1,7039.3,37119.3,0.7555
4189.6,14310.4,4796.6,14575.7,0.7552
16640.0,39699.2,16989.2,40068.9,0.7549
14788.1,38495.0,15039.3,38693.5,0.7548
5760.0,38080.0,5822.7,38352.2,0.7547
7711.0,6083.5,7827.5,6356.9,0.7547
10942.3,31615.6,11516.0,32000.0,0.7547
15361.3,33030.5,16000.0,33421.7,0.7547
963.7,4227.1,1592.3,4559.0,0.7545
3110.8,14508.2,3199.2,14950.5,0.7545
14921.2,29077.4,15360.0,29439.4,0.7543
16803.5,60385.9,17258.9,60792.1,0.7542
7830.0,4800.7,7998.9,5015.8,0.7542
13172.1,20162.7,13440.0,20265.1,0.7541
4847.0,7286.8,5440.0,7680.0,0.7540
14884.3,16320.1,15040.0,16365.0,0.7538
12390.7,35282.8,12480.0,35643.7,0.7535
1938.4,5015.2,2556.8,5440.0,0.7534
17496.9,64012.1,17920.0,64449.6,0.7534
6407.8,32559.8,7039.8,32960.0,0.7532
9285.7,25281.1,9918.8,25719.6,0.7528
10778.1,32656.3,11200.0,32903.9,0.7527
9655.9,9921.7,10225.8,10038.2,0.7527
17398.3,5351.9,17918.1,5760.0,0.7525
2847.1,25280.0,3200.0,25901.5,0.7524
11215.2,37361.0,11840.0,37760.0,0.7524
1690.8,24391.4,2238.2,24930.1,0.7524
7466.6,5120.0,7997.0,5381.6,0.7521
16320.0,55861.0,16492.0,56308.3,0.7518
4806.6,24966.8,5436.5,25427.8,0.7515
2240.0,14778.6,2878.9,15039.3,0.7515
15680.0,5760.4,16166.1,6044.9,0.7515
13199.4,22485.4,13753.0,23040.0,0.7515
7393.6,22624.6,7999.2,23040.0,0.7513
13298.8,33674.0,13439.7,33919.7,0.7512
14577.9,25292.4,14715.7,25416.5,0.7512
16960.0,65243.9,17598.0,65600.0,0.7511
9416.3,28768.7,9919.3,29120.0,0.7511
10886.6,44706.2,11366.3,45120.0,0.7510
15522.6,6.5,15993.2,342.5,0.7507
12162.0,25612.9,12256.9,26115.6,0.7507
2008.2,24728.3,2557.4,25279.4,0.7506
10785.3,8878.8,11198.8,9279.7,0.7506
7713.3,9168.2,8318.8,9600.0,0.7506
17480.7,19212.6,17914.5,19597.4,0.7505
2563.3,24987.2,3200.0,25280.0,0.7504
15691.3,38686.7,16299.7,39036.8,0.7504
5162.7,24975.3,5760.0,25279.9,0.7502
1354.0,8693.7,1596.8,8959.5,0.7501
11597.9,25439.7,12154.2,25600.0,0.7501
9602.0,40077.8,9774.6,40320.0,0.7501
14431.4,31271.0,15036.9,31680.0,0.7500
16117.4,782.2,16320.0,1273.0,0.7500
7275.7,29061.9,7360.0,29437.9,0.7499
8507.9,5330.2,8951.1,5756.5,0.7496
11492.1,37440.0,11840.0,37987.4,0.7495
4354.0,31278.1,4798.4,31679.5,0.7494
3219.6,52224.4,3838.4,52479.0,0.7492
1721.3,50560.8,1920.0,50689.4,0.7492
9998.2,13132.2,10560.0,13509.3,0.7491
17542.5,37146.1,18174.3,37440.0,0.7491
9854.9,4800.0,10240.0,5431.5,0.7490
9734.4,30601.4,9920.0,31011.2,0.7489
10320.2,20804.7,10872.2,21173.1,0.7488
6813.2,36165.2,7352.3,36675.7,0.7487
4806.4,11200.0,5439.3,11638.4,0.7487
9332.7,28649.6,9599.0,28957.4,0.7486
9742.0,12814.4,9919.6,13220.2,0.7485
7373.5,14720.0,7999.7,15060.4,0.7485
9920.0,8223.8,10556.5,8640.0,0.7483
16993.4,51868.8,17278.7,52159.7,0.7483
11245.3,37869.8,11837.9,38400.0,0.7482
8428.8,6085.1,8956.5,6452.1,0.7481
17650.2,10373.3,18163.6,10874.9,0.7481
12173.6,26880.0,12480.0,27447.0,0.7480
8336.1,15663.8,8958.0,15999.9,0.7480
15552.1,30725.8,15999.4,31046.4,0.7480
8323.8,11790.0,8955.2,12160.0,0.7480
9920.0,7040.6,10260.2,7254.3,0.7478
13185.9,29441.2,13412.8,29586.1,0.7478
5440.0,13890.5,5795.1,14395.6,0.7476
8000.0,1822.9,8638.6,2240.0,0.7476
414.8,19198.0,956.3,19520.0,0.7475
7173.3,11599.4,7679.7,12150.7,0.7473
5083.6,28822.4,5437.7,29440.0,0.7472
17991.7,61440.0,18174.8,62023.2,0.7472
9607.8,13447.6,10237.5,13858.5,0.7472
2894.6,60069.2,3518.8,60480.0,0.7472
9322.8,15271.4,9920.0,15680.0,0.7471
16446.1,22312.7,16958.9,22720.0,0.7471
11284.1,15360.0,11833.2,15793.9,0.7470
13500.9,43201.8,14011.2,43315.7,0.7469
7773.1,16960.0,8000.0,17480.7,0.7468
12921.4,18282.4,13437.9,18880.0,0.7468
14080.0,44896.2,14221.6,45084.0,0.7465
8650.3,13054.9,9277.2,13440.0,0.7465
16688.2,3724.2,16957.3,4157.8,0.7463
11520.1,31559.9,12155.8,32000.0,0.7463
16646.4,45446.7,17279.4,45760.0,0.7461
7431.8,20015.4,7992.1,20480.0,0.7459
16658.0,43230.6,17279.4,43635.0,0.7458
11252.6,26815.2,11836.4,27200.0,0.7457
17676.7,5763.5,18175.7,6200.3,0.7453
1304.9,24324.8,1914.8,24777.2,0.7452
17051.8,24976.2,17279.8,25430.5,0.7452
16320.0,2305.3,16462.9,2752.1,0.7451
14291.8,6547.6,14720.0,7039.1,0.7450
17281.3,872.5,17920.0,1280.0,0.7449
4702.9,23165.5,5120.0,23678.1,0.7449
2443.8,2881.9,2560.0,3056.0,0.7448
12480.0,20368.0,13120.0,20795.1,0.7448
6409.7,30617.9,6500.1,31032.1,0.7448
11520.0,25920.2,11584.3,26400.2,0.7447
7367.6,1838.1,7997.1,2240.0,0.7446
965.8,27849.4,1597.6,28160.0,0.7446
9396.3,13990.8,9920.0,14396.0,0.7444
13732.3,47364.1,13834.4,47641.5,0.7443
15374.1,24482.0,15679.8,24936.0,0.7442
4541.2,31360.0,5111.6,31761.8,0.7442
9603.0,1680.7,10061.9,2240.0,0.7441
1669.7,23827.0,2239.4,24320.0,0.7440
16961.8,42241.1,17122.5,42380.4,0.7440
10681.8,33521.2,11195.2,33920.0,0.7440
12519.7,15959.9,13120.0,16318.4,0.7440
12160.0,25280.0,12798.5,25445.5,0.7440
10547.4,3201.3,10879.9,3491.8,0.7438
8049.4,23360.0,8318.4,23987.6,0.7436
5872.8,31389.0,6393.7,31875.7,0.7435
9700.7,41772.7,10239.4,42227.3,0.7433
16347.8,26572.5,16640.0,26977.6,0.7433
9340.0,42003.5,9918.0,42558.9,0.7431
1008.8,6063.6,1600.0,6395.4,0.7430
6405.7,41836.6,7036.7,42239.5,0.7429
17722.2,5762.2,17920.0,6230.2,0.7428
9705.7,20150.0,10240.0,20480.0,0.7426
5834.5,22737.6,6398.3,23171.3,0.7422
6766.7,19200.0,7358.5,19633.3,0.7421
3541.1,39292.0,4157.8,39680.0,0.7421
7452.0,35209.6,7995.3,35683.7,0.7421
6148.4,9186.1,6715.9,9600.0,0.7419
14400.0,9817.5,14516.6,10240.0,0.7418
16706.2,10063.7,17275.9,10558.0,0.7416
13926.6,18781.0,14400.0,19200.0,0.7415
5526.3,22933.9,6077.3,23360.0,0.7415
2931.1,17938.6,3520.0,18239.5,0.7414
17394.7,10569.8,17599.3,10963.0,0.7413
3244.1,21044.0,3834.9,21440.0,0.7412
3943.3,31224.6,4478.4,31680.0,0.7412
17639.7,22564.2,18173.7,23033.0,0.7412
15713.8,41184.9,16318.4,41570.2,0.7408
14166.8,29355.2,14714.8,29760.0,0.7408
3618.3,22823.0,3839.8,23348.7,0.7408
3209.6,4801.3,3836.8,5229.2,0.7406
994.2,25184.9,1595.4,25590.5,0.7406
15182.9,19838.4,15680.0,20160.0,0.7406
8408.4,26358.3,8951.6,26878.8,0.7406
492.7,7108.0,952.8,7678.9,0.7405
6080.0,21122.5,6279.6,21306.9,0.7404
4998.8,3176.7,5120.0,3520.0,0.7404
2006.1,22817.6,2560.0,23360.0,0.7402
12163.2,8960.0,12793.0,9194.2,0.7400
2649.4,11142.9,3194.1,11403.3,0.7400
1817.4,4830.6,2240.0,5440.0,0.7399
10720.5,5088.1,11193.4,5440.0,0.7399
15040.0,38615.9,15214.5,38718.4,0.7397
16864.5,28172.1,16960.0,28559.3,0.7396
324.7,5943.5,751.2,6387.7,0.7396
1962.9,9492.6,2558.3,9920.0,0.7394
6732.6,33511.9,7357.4,33920.0,0.7392
5122.7,3524.4,5580.4,4045.2,0.7392
4924.6,5512.4,5438.3,6080.0,0.7391
5791.4,9600.0,6397.8,10072.0,0.7391
11520.0,32614.5,12157.3,32960.0,0.7390
9280.0,16178.5,9918.4,16528.7,0.7388
2256.5,4787.8,2879.9,5120.0,0.7387
16978.1,1280.0,17280.0,1584.3,0.7387
15112.7,648.9,15360.0,1253.5,0.7386
3883.5,21289.8,4478.7,21756.4,0.7385
5311.9,20480.0,5440.0,20726.3,0.7384
14146.4,25727.3,14400.0,26240.0,0.7383
14488.2,2243.8,15036.7,2716.7,0.7382
17280.9,55714.6,17773.9,56000.0,0.7379
8166.8,29764.1,8272.1,29925.4,0.7377
16652.7,13335.0,17278.6,13760.0,0.7375
5809.5,18143.6,6400.0,18551.2,0.7374
9834.7,20800.0,10240.0,21267.1,0.7373
2646.9,33084.3,2879.9,33279.3,0.7371
7456.0,9849.6,7995.9,10240.0,0.7370
16590.0,1372.4,16960.0,1624.3,0.7369
10910.6,5760.5,11516.5,5889.4,0.7368
335.8,52644.3,955.8,53117.7,0.7367
9920.7,10749.3,10163.3,10859.4,0.7366
7153.8,30849.0,7339.9,30947.8,0.7366
3840.0,2490.5,3983.7,2879.4,0.7364
17860.5,58244.5,18175.5,58613.0,0.7362
786.1,20266.6,1271.7,20799.4,0.7361
13596.5,33771.3,14075.4,34240.0,0.7360
15717.9,38401.7,16320.0,38773.1,0.7359
6644.2,21979.9,6719.7,22399.5,0.7359
5830.3,23680.0,6396.5,24190.9,0.7358
12881.1,16640.0,13120.0,17053.0,0.7357
16888.9,59317.0,17280.0,59840.0,0.7355
13927.1,24196.6,14395.8,24639.3,0.7353
17536.0,38357.0,17938.1,38469.7,0.7352
16192.9,22240.4,16637.3,22716.7,0.7352
2587.5,10563.1,3199.8,11003.2,0.7351
16722.3,58882.8,16958.4,59136.4,0.7351
6405.4,2266.9,7037.0,2662.0,0.7349
7515.0,32961.8,7679.5,33283.5,0.7348
12584.8,13611.6,12797.9,14077.3,0.7347
16961.1,56551.8,17193.1,56960.0,0.7347
9645.7,29326.9,10235.2,29760.0,0.7346
13570.7,26334.4,14073.9,26879.8,0.7346
16394.1,26140.1,16958.7,26559.8,0.7346
12372.4,25791.6,12479.3,26237.2,0.7342
1377.9,4160.0,1905.4,4422.1,0.7339
16576.4,19203.6,16960.0,19625.7,0.7338
10485.0,7037.6,10560.0,7359.7,0.7337
8071.7,26885.8,8635.5,27392.6,0.7337
5593.8,4.0,5760.0,178.4,0.7333
14138.1,21682.5,14720.0,22080.0,0.7333
17402.7,7598.0,17916.5,8000.0,0.7333
10940.7,18133.9,11199.6,18554.9,0.7331
15443.3,27120.9,15968.9,27520.0,0.7331
16451.3,23457.6,16639.5,23914.7,0.7330
6779.4,3421.9,7356.6,3833.1,0.7328
2899.2,8721.7,3517.0,9052.1,0.7327
14445.0,36744.2,15038.6,37120.0,0.7327
12562.1,21717.9,12798.0,22080.0,0.7327
9390.5,15402.9,9919.8,15986.9,0.7327
3997.8,22313.9,4475.5,22718.5,0.7326
1600.0,6409.2,1964.9,6796.8,0.7322
15583.4,5658.4,15679.7,6079.8,0.7322
11562.8,69369.4,12157.0,69760.0,0.7321
6938.0,222.2,7360.0,640.0,0.7319
7142.0,9550.1,7674.4,9920.0,0.7317
1730.2,8181.9,2224.6,8634.7,0.7317
7840.1,16581.8,7999.9,16958.4,0.7316
12480.6,7914.4,13117.8,8320.0,0.7316
3275.9,24006.0,3837.3,24486.0,0.7315
17283.3,6340.3,17770.9,6720.0,0.7315
10327.8,43967.1,10877.4,44480.0,0.7314
1320.0,4972.4,1919.7,5438.0,0.7310
8640.0,6407.2,9276.4,6720.0,0.7310
4061.9,13673.7,4158.7,13958.8,0.7309
6722.0,21458.0,7193.6,21760.0,0.7306
11254.6,4160.0,11775.7,4269.1,0.7305
4392.6,5122.5,4800.0,5571.4,0.7304
8206.1,14196.7,8639.9,14691.7,0.7304
6845.9,21593.0,7354.2,22074.4,0.7303
3285.1,533.7,3520.0,960.0,0.7302
14974.6,28066.0,15355.1,28471.1,0.7301
13538.5,35847.3,14072.9,36310.6,0.7301
8866.8,26211.8,8959.3,26560.0,0.7299
16359.4,23361.1,16955.9,23814.7,0.7299
15680.7,43972.9,15754.9,44160.0,0.7298
1400.1,7484.5,1920.0,7995.2,0.7296
17288.9,9924.1,17913.7,10072.7,0.7291
9911.4,24967.8,10240.0,25399.5,0.7290
16086.5,6600.2,16637.9,7038.2,0.7287
15902.6,43103.3,15999.4,43509.4,0.7286
6502.5,30301.7,7029.3,30720.0,0.7286
720.6,63905.7,1277.9,64320.0,0.7285
7788.8,33295.6,7999.7,33789.3,0.7284
17536.0,66164.8,18173.0,66557.9,0.7284
4215.0,35234.8,4480.0,35839.1,0.7282
400.5,46951.5,953.0,47359.4,0.7281
16860.1,41153.8,17279.6,41600.0,0.7280
7792.4,30007.8,8000.0,30147.3,0.7276
6878.1,24326.7,7360.0,24810.8,0.7276
643.2,23300.9,1280.0,23680.0,0.7272
11720.4,36375.4,12160.0,36800.0,0.7271
3521.1,20480.0,3970.2,20724.4,0.7270
1280.4,24320.0,1599.7,24918.8,0.7269
16662.2,64190.3,17276.9,64638.0,0.7268
16018.8,39567.5,16639.7,40000.0,0.7267
8335.6,37760.4,8638.7,38216.4,0.7265
13281.0,32205.8,13759.9,32640.0,0.7265
962.4,2149.2,1280.0,2560.0,0.7265
6118.3,68362.0,6713.5,68797.7,0.7265
13566.1,41602.4,14079.8,42138.1,0.7262
14840.6,23493.7,15356.6,23992.3,0.7261
5440.0,38080.0,5844.4,38642.1,0.7261
13440.3,6162.0,14078.6,6482.8,0.7261
13810.9,20665.2,14080.0,21114.6,0.7260
14384.9,32651.4,14720.0,33009.7,0.7259
16731.8,46727.4,16959.4,47280.8,0.7258
572.0,17370.8,960.0,17808.4,0.7258
2394.0,649.9,2877.4,1187.5,0.7257
1650.1,26963.7,2234.3,27520.0,0.7256
1952.6,33106.4,2559.0,33600.0,0.7255
1401.0,17330.7,1920.0,17917.7,0.7253
17280.0,63624.1,17769.9,64000.0,0.7253
8071.7,9746.4,8638.5,10238.2,0.7252
11601.9,24545.1,12160.0,24960.0,0.7252
16990.2,63951.9,17597.0,64320.0,0.7251
11295.4,28810.3,11519.4,29304.8,0.7251
1732.5,24868.0,2234.3,25272.3,0.7250
6090.3,38674.6,6720.0,39040.0,0.7249
15255.9,2570.7,15680.0,2917.4,0.7248
1304.8,23705.1,1916.8,24086.8,0.7247
4211.1,66784.1,4794.5,67198.6,0.7246
7254.6,39074.7,7359.8,39360.0,0.7245
16976.3,634.2,17598.1,960.0,0.7243
9965.5,16640.2,10240.0,16889.6,0.7239
13788.3,39683.3,14396.3,40009.0,0.7239
5852.6,7723.4,6080.0,8318.2,0.7239
5805.3,39272.5,6398.7,39679.5,0.7239
16525.6,55939.7,16640.0,56000.0,0.7238
7685.8,35521.5,8015.4,35636.1,0.7237
15282.5,18021.4,15678.3,18557.4,0.7236
6721.3,28161.1,6791.7,28346.1,0.7234
8971.9,6094.5,9599.7,6400.0,0.7234
9152.0,28297.9,9598.7,28796.8,0.7230
15040.0,7360.0,15157.9,7819.4,0.7228
13560.9,15588.7,13759.0,15902.5,0.7225
10561.7,44025.2,10927.3,44480.0,0.7223
11181.5,20544.0,11520.0,21113.0,0.7222
8963.4,5445.6,9279.3,5903.3,0.7222
6400.0,1879.9,7036.3,2240.0,0.7222
5838.2,37739.0,6400.0,38079.1,0.7221
9282.9,18437.5,9765.9,18880.0,0.7219
1725.2,1926.5,1919.6,2239.2,0.7218
17618.6,64746.6,17918.6,64954.6,0.7218
2589.5,17603.1,3200.0,17919.8,0.7216
14779.9,32541.9,15355.6,32960.0,0.7213
13440.3,21744.3,13854.0,22080.0,0.7204
640.0,19841.6,764.1,20461.4,0.7204
9305.3,62961.9,9917.5,63360.0,0.7201
10622.4,38581.2,11194.6,39037.7,0.7199
6785.8,2562.3,7038.5,2843.8,0.7197
761.5,20011.7,868.3,20475.2,0.7193
17280.0,54401.4,17542.9,54554.1,0.7192
13588.0,42216.1,14072.2,42560.0,0.7192
12353.0,13098.0,12419.0,13440.0,0.7192
16074.5,9782.3,16637.1,10237.8,0.7191
17297.9,37508.1,17917.3,37760.0,0.7190
3537.5,21282.3,4157.6,21757.2,0.7190
11391.3,2880.0,11520.0,3097.9,0.7190
5761.4,5612.2,6399.1,6074.0,0.7189
16876.6,22756.4,17280.0,23360.0,0.7189
14729.8,1607.2,15345.5,1913.8,0.7188
16708.2,17287.3,17280.0,17906.0,0.7187
2331.4,29121.7,2559.9,29358.0,0.7187
6498.7,30281.0,6715.3,30398.7,0.7187
13914.9,17842.4,14396.5,18236.7,0.7186
389.7,10677.5,959.0,11042.7,0.7186
8801.1,2627.6,9261.6,3004.1,0.7185
12249.3,27950.3,12795.3,28480.0,0.7184
5260.6,24242.8,5439.5,24403.2,0.7184
16223.1,43520.8,16639.4,43631.7,0.7184
967.1,25904.1,1598.7,26240.0,0.7184
10657.0,17489.2,11200.0,17920.0,0.7179
7679.5,29442.2,7794.8,29734.3,0.7178
8016.1,1359.5,8318.3,1595.6,0.7178
5131.5,9601.8,5440.0,9981.5,0.7175
12201.9,11727.8,12797.5,12160.0,0.7174
10577.5,19772.5,11198.2,20160.0,0.7173
14720.2,44160.1,14906.0,44342.5,0.7172
12235.4,34480.8,12748.6,34880.0,0.7172
12171.4,32348.9,12742.2,32640.0,0.7171
15152.8,44480.0,15280.7,44586.3,0.7170
14080.0,16640.0,14716.8,17029.4,0.7169
12160.1,10148.3,12628.1,10559.4,0.7169
14400.7,50473.7,14476.1,50560.0,0.7168
7360.1,15115.3,7726.8,15342.3,0.7166
16114.6,21512.6,16639.6,22078.5,0.7166
16881.8,16677.0,17279.8,16960.0,0.7166
6350.6,10284.1,6720.0,10874.6,0.7166
17824.7,60835.0,17919.7,61434.9,0.7165
3290.6,34118.5,3519.4,34548.9,0.7164
11487.9,25660.6,11563.5,25919.9,0.7162
7362.6,10762.8,7993.1,11198.2,0.7162
963.2,20802.9,1170.3,21230.5,0.7162
11902.4,36482.4,12159.5,36695.9,0.7162
9346.5,20800.2,9918.0,21287.5,0.7160
14166.2,23018.7,14720.0,23360.0,0.7160
8875.6,36419.2,8960.0,36796.4,0.7159
13132.6,13440.0,13760.0,13836.1,0.7159
7428.8,15896.3,7997.9,16316.0,0.7159
8960.1,16172.4,9600.0,16634.4,0.7158
13760.7,50344.0,14045.2,50880.0,0.7157
7682.2,8493.3,8318.8,8946.1,0.7156
9749.2,5441.1,9919.1,5594.1,0.7155
14582.9,24823.1,15036.2,25280.0,0.7154
16960.0,335.3,17596.7,643.5,0.7147
16701.7,37706.3,17272.8,37980.9,0.7147
17536.0,52962.3,17670.2,53413.1,0.7147
1795.6,17286.9,2237.0,17653.6,0.7146
14081.3,43200.7,14150.1,43302.3,0.7145
5553.4,37268.6,6077.8,37756.1,0.7140
6400.2,7295.9,7038.3,7653.0,0.7139
2110.3,14095.0,2239.4,14370.7,0.7138
3122.4,3948.8,3520.0,4433.4,0.7138
2880.0,6091.5,3519.5,6466.8,0.7136
3318.5,21986.3,3826.5,22400.0,0.7136
16087.7,32000.9,16638.2,32438.1,0.7135
10165.7,33616.8,10239.6,33918.5,0.7134
14720.3,4163.6,15037.5,4384.1,0.7133
1001.0,3369.2,1597.9,3838.5,0.7132
1297.3,9370.3,1917.3,9691.6,0.7130
17285.8,57959.0,17716.4,58240.0,0.7130
7457.0,15591.0,8000.0,15931.6,0.7130
13071.5,31041.3,13440.0,31460.5,0.7130
7042.8,39370.6,7171.7,39676.5,0.7129
12800.0,46080.0,12923.0,46585.9,0.7126
4807.3,51310.6,5116.4,51840.0,0.7125
14722.1,40966.4,14823.7,41419.5,0.7124
15408.7,39151.6,15680.0,39454.4,0.7123
16017.1,39051.4,16633.2,39425.1,0.7123
17675.4,4067.0,18173.8,4480.0,0.7121
15639.2,29974.5,16000.0,30400.0,0.7121
14135.8,14863.0,14716.8,15356.7,0.7120
13141.8,30500.5,13758.9,30962.3,0.7119
5572.9,20536.9,6076.4,21042.2,0.7118
13771.3,17064.3,14398.2,17596.1,0.7117
9920.0,9878.4,10084.5,9920.0,0.7114
1662.0,41515.4,2235.2,41920.0,0.7113
16530.9,8905.4,16638.8,9280.0,0.7113
16674.9,11842.7,17275.6,12305.1,0.7113
3520.0,22401.1,3648.0,22545.5,0.7112
17602.1,26674.1,18176.0,27195.9,0.7111
12161.8,12800.9,12451.4,12955.8,0.7111
8017.6,23990.1,8634.7,24320.0,0.7109
383.5,8874.1,960.0,9280.0,0.7109
6400.0,24320.0,6568.6,24779.8,0.7107
14403.1,3841.5,15039.6,4196.8,0.7107
16065.4,44829.7,16171.8,45435.0,0.7106
5664.1,3624.6,6080.0,4160.0,0.7106
15514.2,34772.6,15990.6,35198.0,0.7105
14720.0,39593.8,15355.9,39994.5,0.7104
4811.9,59435.5,5435.4,59840.0,0.7104
5853.0,6446.3,6079.9,7037.2,0.7103
5359.4,17497.0,5725.9,17920.0,0.7103
2365.4,24257.7,2874.9,24637.1,0.7103
16962.5,55521.8,17600.0,55998.4,0.7101
16349.5,28991.4,16957.4,29440.0,0.7100
4.2,4485.7,639.0,4921.6,0.7096
6769.6,32193.3,7355.4,32640.0,0.7096
17670.0,24861.0,18176.0,25272.8,0.7095
15314.2,30400.1,15680.0,30832.1,0.7092
14176.9,39832.2,14713.3,40316.8,0.7092
15675.1,9282.4,16000.0,9726.2,0.7092
362.4,50782.9,956.1,51200.0,0.7092
6105.6,11127.3,6720.0,11520.0,0.7089
14848.9,53124.1,15359.2,53623.3,0.7086
50.6,13340.0,634.6,13755.4,0.7085
14739.5,11107.1,15356.7,11520.0,0.7085
16324.8,7641.7,16957.9,7999.3,0.7084
14424.3,51869.0,14714.7,52158.4,0.7084
986.5,27392.3,1587.7,27837.4,0.7083
11521.9,4248.7,11646.2,4479.0,0.7083
1975.1,4023.6,2555.4,4478.9,0.7082
2056.7,14086.4,2560.0,14394.2,0.7082
11626.6,13536.0,12155.7,13977.2,0.7082
14867.7,40363.6,15037.2,40958.7,0.7082
10971.4,28630.2,11517.6,29117.5,0.7081
643.8,3097.0,1276.4,3520.0,0.7081
5569.1,3417.3,5759.8,3826.7,0.7080
3457.1,34240.0,3840.0,34752.3,0.7078
6468.7,10649.4,7040.0,11193.4,0.7078
17066.0,4783.3,17280.0,5120.0,0.7077
11307.4,23640.2,11840.0,24000.0,0.7077
12485.1,6300.2,13116.8,6720.0,0.7076
14143.4,48378.1,14706.7,48726.3,0.7076
16007.8,25182.0,16640.0,25596.9,0.7074
15680.3,4160.2,15868.1,4342.2,0.7068
15420.5,17790.3,15992.7,18240.0,0.7068
1746.4,8359.1,2237.2,8959.5,0.7067
6148.6,36940.5,6720.0,37381.2,0.7067
1444.0,12418.8,1599.5,12800.0,0.7066
11254.9,34465.7,11839.3,34880.0,0.7065
10687.9,13898.0,11199.0,14394.4,0.7064
13744.6,30080.0,14080.0,30566.1,0.7063
13880.6,9922.4,14080.0,10489.2,0.7063
3823.4,27840.0,4158.7,28356.0,0.7060
17046.0,8960.0,17597.8,9240.6,0.7059
1665.5,25282.3,2238.4,25711.1,0.7059
6133.3,12643.1,6720.0,13116.6,0.7058
6177.8,31688.1,6716.0,32153.1,0.7058
13462.2,7723.3,14073.0,8000.0,0.7058
11349.3,16921.5,11520.0,17272.3,0.7055
7793.6,19381.2,8315.6,19840.0,0.7053
4160.0,13718.9,4797.1,14080.0,0.7053
15025.5,34563.1,15353.8,34802.3,0.7052
9921.7,32516.0,10541.3,32957.5,0.7052
15042.9,54173.3,15203.4,54720.0,0.7051
16340.0,9453.8,16960.0,9903.3,0.7051
13853.8,21449.2,14399.3,22068.2,0.7048
12482.2,13135.6,12648.1,13591.1,0.7047
990.9,38289.3,1597.1,38720.0,0.7046
12871.9,27959.7,13437.2,28480.0,0.7045
1925.3,6296.6,2560.0,6720.0,0.7042
17308.5,217.1,17915.7,637.3,0.7040
8034.7,4441.4,8636.8,4800.0,0.7039
17622.3,43208.2,17920.0,43760.7,0.7039
9104.9,33915.4,9595.9,34239.2,0.7037
14048.7,49966.6,14398.5,50240.0,0.7036
2342.2,11522.1,2880.0,11908.1,0.7036
3151.5,16643.9,3515.0,17100.7,0.7035
17006.1,22619.1,17600.0,23040.0,0.7035
13532.7,33185.8,14076.0,33598.9,0.7033
13325.5,42241.2,13440.0,42455.3,0.7031
6700.2,9607.9,7040.0,9992.9,0.7029
4306.5,10886.4,4479.9,11383.3,0.7028
16004.2,16640.0,16632.4,16900.4,0.7028
14627.4,27842.6,15035.8,28273.0,0.7027
9296.1,5673.7,9920.0,6079.7,0.7026
16643.8,18142.0,17280.0,18560.0,0.7026
13120.7,43202.5,13297.1,43348.1,0.7025
5839.7,27626.3,6398.1,28160.0,0.7024
7112.9,62910.8,7672.5,63358.6,0.7024
799.9,12657.2,960.0,13114.1,0.7024
16718.9,39842.1,16959.8,40062.7,0.7023
9660.0,24644.1,9920.0,25104.7,0.7021
11520.0,20160.0,12157.6,20565.7,0.7021
1600.0,19206.0,2140.6,19514.8,0.7020
17828.0,11486.3,17919.6,11827.2,0.7019
185.9,22564.3,637.3,23035.8,0.7019
17388.8,11072.7,17919.1,11520.0,0.7018
5202.5,2093.5,5439.7,2504.3,0.7018
14406.0,8642.1,15037.0,8942.7,0.7018
6449.5,23589.6,7039.3,24000.0,0.7018
6080.0,15779.2,6715.2,16319.4,0.7017
7360.0,27840.3,7992.8,28138.2,0.7017
12996.6,679.3,13395.3,960.0,0.7016
16477.9,17909.7,16960.0,18240.0,0.7015
17555.0,66592.3,18170.6,67008.7,0.7014
15040.0,49603.8,15678.7,49920.0,0.7014
10880.0,14082.1,11399.0,14506.8,0.7012
11877.7,24652.8,12160.0,25120.7,0.7011
10341.4,37437.7,10877.8,37760.0,0.7010
3520.0,16848.4,4156.5,17280.0,0.7009
12718.7,14722.9,13120.0,15276.6,0.7009
17177.9,47244.7,17280.0,47586.3,0.7007
8002.6,36160.0,8415.2,36370.7,0.7007
17060.1,55681.6,17279.3,55906.4,0.7006
12175.3,30620.0,12480.0,31040.0,0.7006
5443.1,13684.9,6080.0,14072.6,0.7006
8531.7,33282.1,8960.0,33726.5,0.7004
4900.2,21031.9,5440.0,21440.0,0.7004
10880.9,5006.6,11519.0,5437.1,0.7004
5177.0,1124.4,5753.3,1596.1,0.7003
16663.0,12701.1,17280.0,13120.0,0.7001
7364.8,13325.8,7998.7,13759.2,0.7001
11844.0,30287.9,12318.5,30715.7,0.7000
7040.4,19521.1,7676.6,19840.0,0.6999
8.7,5959.6,635.9,6400.0,0.6999
6084.8,21974.2,6674.5,22397.0,0.6998
13440.0,640.0,13646.9,1108.5,0.6995
12800.0,10240.0,13437.9,10535.6,0.6994
13961.5,24413.8,14080.0,24957.2,0.6992
8009.4,7849.7,8636.7,8310.2,0.6990
17575.6,10761.6,18175.2,11200.0,0.6989
4955.4,4627.5,5119.8,5115.3,0.6989
12383.2,12828.6,12479.8,13120.0,0.6988
12074.4,15651.3,12479.5,15999.3,0.6987
16641.8,56553.8,16834.6,56957.8,0.6986
9615.2,69038.9,10237.2,69440.0,0.6986
10564.4,37145.8,11200.0,37440.0,0.6986
10083.1,42811.2,10239.8,42880.0,0.6985
4438.7,27087.7,4800.0,27520.0,0.6981
10718.1,23680.0,10879.8,24172.5,0.6978
15488.0,53252.9,15996.3,53755.9,0.6978
15680.0,58240.0,15776.2,58720.8,0.6978
2621.7,20701.2,3197.4,21118.0,0.6974
16431.7,30155.4,16639.0,30637.5,0.6974
4342.0,7367.9,4479.5,7645.9,0.6973
2270.9,320.0,2560.0,899.7,0.6970
9407.6,11689.7,9919.7,12157.3,0.6968
1928.1,50560.0,2558.0,50990.8,0.6965
14117.2,29123.3,14400.0,29600.6,0.6963
13141.8,20803.6,13440.0,21367.8,0.6962
8925.8,2885.3,9280.0,3319.0,0.6960
9328.9,20080.5,9919.5,20480.0,0.6960
1672.8,17920.0,2239.0,18336.1,0.6959
11840.0,9188.9,11985.6,9600.0,0.6959
17589.9,41714.4,18174.8,42236.0,0.6958
5472.4,53321.6,6077.3,53759.2,0.6957
6200.2,5363.0,6720.0,5758.4,0.6957
6312.2,27695.4,6720.0,28160.0,0.6956
16421.0,20174.7,16959.8,20675.1,0.6955
14723.1,37135.9,15337.9,37439.1,0.6955
12204.9,3201.2,12480.0,3669.9,0.6953
6400.0,8052.0,6576.3,8640.0,0.6946
16114.1,27841.6,16318.9,28295.8,0.6945
15469.8,39484.4,15680.0,39988.5,0.6944
1372.7,27317.5,1917.8,27838.3,0.6944
16981.6,43755.7,17278.0,43838.3,0.6943
5760.0,30720.0,6332.7,31159.0,0.6943
3609.1,25380.5,3839.2,25702.6,0.6942
13609.8,15042.5,14079.3,15558.8,0.6942
15206.2,43542.9,15360.0,43837.6,0.6942
11023.0,11840.0,11516.0,12312.6,0.6933
3054.1,6468.7,3199.8,6953.3,0.6933
2881.2,21441.0,3109.2,21603.4,0.6932
7531.2,9689.0,7679.8,10237.7,0.6932
854.3,14254.5,1277.1,14714.4,0.6930
393.5,32581.6,956.5,32959.3,0.6929
6273.2,22401.9,6399.7,22594.2,0.6928
1600.9,1156.5,2240.0,1593.8,0.6928
7739.8,23684.5,8316.9,24172.8,0.6927
17075.4,38175.0,17600.0,38720.0,0.6927
10408.9,13996.4,10560.0,14400.0,0.6925
2749.3,2807.3,2879.4,3195.4,0.6924
13551.0,22111.7,13759.1,22511.5,0.6924
10312.4,21440.0,10560.0,22077.6,0.6921
17539.2,17981.4,18176.0,18240.0,0.6920
18118.0,38721.2,18174.0,38825.1,0.6920
8969.6,7684.3,9595.8,7952.6,0.6919
5807.0,3520.0,6397.4,3708.4,0.6919
13763.3,48577.2,13897.0,48958.7,0.6919
5535.3,24000.1,5760.0,24075.1,0.6918
4115.7,14737.1,4478.6,15062.7,0.6916
8330.1,15063.5,8960.0,15360.0,0.6916
14447.3,29051.5,15035.2,29439.6,0.6914
5461.4,2572.6,5760.0,2973.3,0.6913
8000.0,17691.3,8172.0,18240.0,0.6906
6464.5,20957.2,7040.0,21438.3,0.6906
12333.0,40968.5,12480.0,41238.5,0.6903
1074.4,21368.7,1598.8,21760.0,0.6902
17940.1,38576.7,18175.5,38698.2,0.6902
17297.9,33710.1,17920.0,34240.0,0.6901
15520.1,42356.8,15993.4,42837.9,0.6900
11595.4,5021.3,12157.7,5440.0,0.6898
9529.3,35422.5,9600.0,35840.0,0.6897
16410.1,5503.7,16960.0,5856.9,0.6895
14137.4,18348.4,14716.7,18880.0,0.6891
17289.3,45471.0,17914.9,45713.9,0.6890
17282.6,27377.1,17852.9,27840.0,0.6889
13673.2,28806.8,14080.0,29238.2,0.6888
18066.1,56412.9,18175.2,56837.0,0.6888
4628.2,50952.7,5120.0,51520.0,0.6887
5609.0,21760.3,5759.2,21935.3,0.6886
3319.3,24815.9,3836.9,25277.7,0.6883
17537.0,55721.1,17757.2,56000.0,0.6882
8234.9,18240.0,8640.0,18738.5,0.6874
2241.8,23401.5,2388.2,23640.1,0.6872
11200.4,44801.3,11440.2,45120.0,0.6871
2159.3,1926.7,2560.0,2235.1,0.6871
1703.1,22588.4,2238.9,23033.9,0.6870
6483.3,27702.1,7030.3,28159.9,0.6869
7771.3,6083.2,7855.5,6713.1,0.6869
11622.7,30505.7,11840.0,30750.3,0.6869
3352.3,24336.7,3840.0,24875.9,0.6868
15131.0,32348.8,15678.4,32640.0,0.6868
729.2,5769.0,1233.2,6077.4,0.6868
10736.4,7757.5,11200.0,8065.1,0.6867
13252.7,22220.9,13440.0,22719.5,0.6867
8566.5,34241.8,8959.6,34456.0,0.6867
7378.1,41546.7,7995.2,41920.0,0.6867
7685.8,20734.9,8127.2,21120.0,0.6865
14580.3,9922.5,14720.0,10345.0,0.6865
17785.6,21461.0,18176.0,22080.0,0.6864
12768.2,5442.3,13120.0,5921.3,0.6864
997.4,38639.0,1596.3,39037.9,0.6863
10882.3,12417.5,11516.0,12800.0,0.6862
4480.8,19157.8,5118.6,19520.0,0.6862
17208.6,47362.0,17279.4,47585.5,0.6862
359.5,27401.9,955.8,27839.3,0.6861
11858.3,32539.1,12474.8,32960.0,0.6858
12316.9,969.5,12479.8,1368.6,0.6857
15781.1,45020.6,15893.3,45438.2,0.6856
17049.8,40960.2,17279.3,41117.7,0.6856
11578.0,14180.9,12160.0,14625.3,0.6854
10896.3,18560.0,11519.1,18883.4,0.6854
15137.8,9478.2,15360.0,9590.5,0.6853
8047.8,20195.7,8634.8,20694.5,0.6851
16020.4,12393.5,16637.9,12800.0,0.6851
17253.8,28160.0,17600.0,28623.3,0.6849
8978.2,25171.6,9600.0,25600.0,0.6848
13746.4,25839.1,14080.0,26240.0,0.6847
17810.9,7681.8,17920.0,7936.3,0.6847
13945.6,10140.3,14396.3,10560.0,0.6847
12633.5,27116.1,12799.1,27517.7,0.6847
9683.2,42442.8,10240.0,42880.0,0.6846
4477.4,23461.6,4800.0,24000.0,0.6843
16112.3,24210.1,16640.0,24639.8,0.6842
13671.4,15833.0,14080.0,16314.7,0.6841
2697.1,11512.6,3200.0,11840.0,0.6840
10561.5,28480.0,10729.5,28641.5,0.6838
12569.7,45760.0,12800.0,46399.9,0.6838
8321.2,22158.0,8391.6,22369.4,0.6838
10785.6,32000.9,11060.9,32112.3,0.6837
12622.1,39998.2,13113.1,40320.0,0.6835
9600.0,33840.7,10054.3,34240.0,0.6831
2557.3,5122.0,2880.0,5575.3,0.6830
5120.0,3216.6,5606.1,3553.4,0.6828
15074.8,30400.0,15360.0,30848.6,0.6827
5963.8,17552.3,6079.4,17920.0,0.6826
12212.5,39840.6,12797.4,40318.0,0.6825
10943.2,37617.4,11516.7,38080.0,0.6825
17388.5,51850.9,17911.4,52329.8,0.6823
14466.9,34725.7,15039.9,35189.8,0.6820
15150.5,39222.7,15677.0,39677.3,0.6820
993.1,15720.9,1600.0,16000.0,0.6820
8962.9,68741.8,9597.9,69120.0,0.6819
17036.3,35652.4,17599.8,36153.4,0.6817
12444.0,22080.0,12795.7,22533.2,0.6816
7047.1,39773.1,7359.5,39998.9,0.6814
14407.3,7364.4,15038.5,7682.5,0.6814
1400.1,4800.0,1913.3,5219.4,0.6813
8963.7,19528.3,9598.5,19888.9,0.6812
13499.0,17474.8,14077.1,17920.0,0.6812
2366.0,20249.0,2880.0,20800.0,0.6809
8988.4,10101.8,9058.1,10555.3,0.6809
10185.9,21760.0,10560.0,22174.7,0.6809
5447.3,24153.5,6074.7,24640.0,0.6807
9094.8,19108.1,9596.9,19519.5,0.6803
13270.3,26257.0,13757.3,26560.0,0.6802
2884.7,13760.0,3020.5,14226.5,0.6802
12780.3,21397.7,13113.2,21759.4,0.6801
11922.7,30082.3,12159.7,30357.2,0.6800
4540.1,15361.0,4800.0,15571.2,0.6798
5456.4,6657.3,5748.8,7040.0,0.6798
4188.9,15958.4,4796.4,16315.1,0.6796
11582.4,23261.0,12159.6,23680.0,0.6795
13296.9,15364.1,13760.0,15835.1,0.6795
6155.9,38402.9,6709.2,38899.1,0.6794
8644.7,42461.0,9131.2,42880.0,0.6794
15162.4,41487.2,15673.0,41920.0,0.6791
1070.8,229.7,1279.4,639.8,0.6791
1613.1,10189.9,2239.7,10560.0,0.6787
12586.1,9325.3,13115.7,9743.6,0.6783
2391.2,24596.0,2878.3,24960.0,0.6782
360.5,21640.1,960.0,22080.0,0.6781
8000.0,992.2,8161.1,1557.8,0.6781
17302.8,40783.0,17917.0,41275.4,0.6777
11690.5,19840.0,12158.9,20030.5,0.6776
9111.6,23444.7,9593.6,23680.0,0.6775
14088.4,37440.0,14716.9,37880.0,0.6774
11851.2,27918.0,12480.0,28475.7,0.6771
987.5,10160.5,1598.2,10560.0,0.6770
8960.6,37120.0,9098.4,37193.0,0.6768
17417.1,59522.2,17599.3,60058.8,0.6767
16331.5,39622.5,16954.2,40000.0,0.6767
16689.4,40642.1,16960.0,40948.3,0.6767
1953.4,15921.7,2558.9,16320.0,0.6766
5766.0,17842.8,5962.1,18237.9,0.6763
5858.1,37818.1,6080.0,38219.9,0.6762
4807.3,18461.9,5438.4,18880.0,0.6762
9935.3,22879.1,10556.9,23348.5,0.6757
709.6,25288.8,1275.3,25762.2,0.6756
12113.9,8864.5,12480.0,9279.9,0.6756
16321.6,16960.0,16593.2,17191.6,0.6754
13172.9,21952.6,13758.5,22398.9,0.6754
17170.2,27886.0,17279.4,28480.0,0.6754
4250.8,30627.3,4798.9,31040.0,0.6753
4485.4,55292.3,5116.5,55680.0,0.6753
16779.9,39020.0,17280.0,39360.0,0.6753
8128.6,12343.7,8634.7,12798.5,0.6752
8641.9,37440.0,8838.9,37586.1,0.6750
7713.0,37394.1,8318.8,37760.0,0.6750
17883.5,26075.3,18176.0,26554.6,0.6749
5191.3,12826.0,5760.0,13308.0,0.6748
4565.1,27734.4,4799.5,28160.0,0.6747
11621.1,33443.2,12159.6,33906.2,0.6746
14400.0,49600.8,15036.2,49951.9,0.6744
16320.0,6625.1,16958.8,6908.7,0.6743
1289.6,2825.4,1917.5,3200.0,0.6743
16323.0,60326.6,16434.7,60792.8,0.6742
4160.0,14694.9,4800.0,15040.0,0.6741
14400.0,28504.7,14909.2,28878.8,0.6741
7114.9,320.5,7678.5,718.3,0.6741
14369.9,22082.5,14716.0,22235.4,0.6737
1368.9,14196.4,1918.4,14380.6,0.6734
7360.1,8320.0,7614.3,8619.5,0.6734
14848.4,22092.2,15360.0,22711.3,0.6732
8660.9,4160.0,9261.3,4605.8,0.6730
11841.3,31843.7,12374.3,32314.5,0.6730
10288.7,30724.3,10560.0,30898.8,0.6728
2349.9,14791.6,2876.4,15360.0,0.6727
15920.0,6816.7,16006.1,7038.8,0.6726
2007.0,4547.6,2239.0,4800.0,0.6724
4800.0,27520.0,5042.7,27997.0,0.6724
4624.0,9064.1,5120.0,9599.2,0.6724
17596.5,52181.2,17905.6,52452.8,0.6723
7696.2,24335.8,8315.3,24804.6,0.6722
2267.7,4391.0,2874.0,4800.0,0.6721
16707.4,30948.7,17280.0,31356.6,0.6720
7204.5,18663.6,7359.5,18979.0,0.6719
13270.1,18883.3,13438.9,19099.0,0.6719
16324.3,31590.1,16958.2,32000.0,0.6718
761.2,8645.2,1277.8,8959.9,0.6718
17282.7,51522.8,17606.4,51926.4,0.6718
5682.7,27274.6,6080.0,27520.0,0.6717
15690.8,36480.0,16317.6,36838.9,0.6716
11216.3,5802.5,11838.4,6262.5,0.6715
17447.3,1110.1,17599.2,1443.9,0.6715
12800.0,47043.9,12985.7,47525.9,0.6714
14577.9,12915.8,15033.0,13435.7,0.6714
6617.1,12631.8,6719.5,13093.5,0.6714
6182.6,8324.5,6715.6,8796.8,0.6713
12607.5,20160.0,13118.2,20270.1,0.6710
759.2,20480.0,959.6,21010.3,0.6710
10561.9,43933.7,10728.8,44160.0,0.6707
4278.7,23171.6,4798.4,23678.6,0.6706
17755.0,59298.2,17920.0,59840.0,0.6705
3931.8,27200.0,4479.7,27624.1,0.6704
18012.7,42477.9,18176.0,42878.6,0.6704
12292.4,40325.9,12466.9,40783.7,0.6703
6591.8,6275.0,6720.0,6714.5,0.6703
6082.3,31523.8,6555.4,32000.0,0.6700
16388.0,45638.5,16953.3,46076.8,0.6698
15097.4,6408.0,15677.7,6876.6,0.6698
3329.2,10445.9,3834.4,10879.1,0.6697
13491.5,36298.7,13756.7,36795.8,0.6695
257.4,2880.0,639.3,3331.1,0.6695
7041.2,1281.4,7577.4,1520.2,0.6694
12557.2,32986.3,12800.0,33307.7,0.6692
14633.0,43904.2,15037.9,44160.0,0.6692
8412.9,19107.0,8952.4,19520.0,0.6689
17305.0,555.7,17918.7,959.9,0.6687
16417.5,19347.2,16959.7,19838.8,0.6687
640.5,63586.5,1115.9,64000.0,0.6686
12453.0,37449.8,12800.0,37760.0,0.6685
13520.4,41103.1,14078.0,41600.0,0.6683
357.9,20487.3,956.3,20956.8,0.6681
16967.4,30614.9,17600.0,31040.0,0.6680
17380.1,24187.8,17919.0,24636.4,0.6679
13218.6,25190.0,13760.0,25600.0,0.6679
14345.7,19207.5,14663.3,19422.7,0.6679
17539.9,48571.6,18175.0,48958.7,0.6677
7894.5,10567.5,8000.0,10719.5,0.6677
8196.1,6301.6,8637.6,6720.0,0.6677
1611.2,5991.1,2236.2,6400.0,0.6676
17094.9,22879.5,17598.6,23360.0,0.6673
16373.5,35520.0,16960.0,36007.6,0.6672
1111.7,20903.7,1600.0,21427.9,0.6671
1938.2,38339.6,2556.8,38720.0,0.6670
14790.9,32004.9,15351.7,32483.0,0.6670
3856.3,28669.3,4475.3,29120.0,0.6670
3841.7,13760.0,4480.0,14170.1,0.6670
16023.1,7247.6,16638.5,7680.0,0.6668
15680.0,37458.8,16305.1,37838.2,0.6667
755.1,8704.8,1280.0,9280.0,0.6666
7680.0,10652.5,8138.3,11200.0,0.6664
16483.7,9042.0,16638.2,9599.3,0.6657
10648.1,6300.3,11196.9,6717.9,0.6657
3162.3,4163.6,3520.0,4664.7,0.6656
10647.0,32238.7,10879.8,32640.0,0.6655
10880.0,22084.0,11418.7,22608.8,0.6654
16640.9,54092.4,17005.3,54675.9,0.6654
6332.9,17818.1,6400.0,18207.1,0.6653
2166.1,24960.0,2560.0,25375.3,0.6652
9065.1,42037.7,9600.0,42554.7,0.6652
10889.5,23362.4,11518.3,23828.5,0.6651
5760.8,31040.6,5917.4,31202.1,0.6651
12160.0,19658.8,12798.8,20006.7,0.6651
640.0,63681.8,1115.6,64233.4,0.6647
15681.8,55059.7,15808.2,55318.8,0.6646
3927.9,35569.7,4479.8,36158.3,0.6644
14586.1,5604.7,15036.8,5944.8,0.6643
5767.4,9920.0,6400.0,10384.5,0.6643
13670.8,27951.2,13759.3,28350.2,0.6642
16028.8,7703.9,16639.5,7999.1,0.6642
10561.4,32067.2,10888.4,32320.0,0.6642
1417.0,1923.4,1599.3,2238.8,0.6642
3240.0,22648.7,3834.1,23040.0,0.6642
2308.2,50789.3,2877.8,51197.5,0.6641
12971.9,10038.7,13184.9,10240.0,0.6639
7125.8,20186.9,7359.6,20632.7,0.6638
15327.1,30953.1,15677.7,31357.9,0.6638
7862.6,32454.1,8312.5,32957.4,0.6638
3967.2,23054.2,4480.0,23655.7,0.6638
11767.8,34242.4,12159.9,34657.3,0.6637
15453.6,32143.5,16000.0,32638.5,0.6637
14543.4,36906.5,14719.4,37440.0,0.6635
10907.4,7909.9,11519.6,8320.0,0.6635
10775.3,15496.6,11199.7,15993.5,0.6632
10247.1,10249.7,10361.4,10556.3,0.6630
5878.1,17587.3,6397.0,17920.0,0.6628
16092.4,36022.5,16639.3,36479.9,0.6628
16320.0,45683.3,16422.6,46080.0,0.6627
15682.8,39611.8,16307.8,40000.0,0.6626
14429.9,20839.5,15037.8,21120.0,0.6624
24.7,16854.4,636.8,17279.1,0.6624
10247.4,63935.6,10877.3,64320.0,0.6623
4761.9,22080.3,5120.0,22564.6,0.6623
4577.2,5631.9,5104.4,6076.8,0.6623
6723.4,29042.2,7079.4,29440.0,0.6622
346.9,16967.9,958.7,17445.4,0.6621
14744.3,38240.0,15355.8,38718.8,0.6621
11499.5,10242.1,11840.0,10650.5,0.6616
14737.3,36498.1,15357.5,36817.7,0.6616
11556.5,38610.2,12158.1,39040.0,0.6614
993.6,4406.9,1598.8,4800.0,0.6613
12505.6,30721.3,12799.6,31085.6,0.6613
17353.7,31838.5,17916.1,32315.2,0.6612
14758.9,21315.2,15360.0,21754.6,0.6612
3652.2,29668.2,4158.5,30077.1,0.6610
13403.2,17604.5,13759.2,17995.8,0.6607
9280.0,9198.3,9918.9,9600.0,0.6605
17708.7,30453.1,18175.4,31038.4,0.6604
17401.1,13838.0,17918.7,14388.6,0.6601
12473.7,29155.4,12800.0,29511.3,0.6600
12217.6,34569.8,12792.4,35097.1,0.6599
17597.7,10247.1,17919.8,10642.2,0.6597
2264.7,1600.0,2875.6,1839.7,0.6595
16026.1,55236.2,16635.8,55677.8,0.6594
9175.6,15042.1,9600.0,15364.3,0.6594
2933.2,18712.1,3520.0,19198.6,0.6592
17191.7,38948.0,17597.7,39360.0,0.6592
3578.6,65508.3,4156.3,65919.1,0.6592
7484.8,7683.8,7992.8,8298.9,0.6591
9923.4,34003.6,10050.4,34235.6,0.6591
15680.3,7.7,16318.5,406.8,0.6589
17626.9,2560.0,18174.5,2726.5,0.6588
5869.7,14084.3,6400.0,14703.0,0.6588
16899.9,20604.3,17280.0,21115.6,0.6588
15002.2,31680.0,15359.6,32151.0,0.6588
7401.1,31694.3,7999.5,32174.1,0.6587
6600.5,11204.3,6720.0,11464.3,0.6584
15415.3,58666.8,15996.4,59200.0,0.6584
9981.9,34191.0,10554.9,34560.0,0.6583
3256.0,13181.4,3518.1,13609.1,0.6583
3200.0,3201.9,3836.9,3502.6,0.6582
2586.9,52484.7,3198.2,52800.0,0.6580
9928.3,15573.9,10556.9,15998.2,0.6580
640.4,4484.2,995.0,4773.1,0.6580
10303.0,19532.4,10872.0,20160.0,0.6580
12397.7,38589.7,12480.0,38844.9,0.6578
11114.3,30082.0,11520.0,30415.4,0.6578
11612.4,30082.7,11840.0,30336.6,0.6577
9953.0,69328.7,10556.0,69758.0,0.6577
9603.0,11203.7,9691.9,11520.0,0.6576
13994.3,24031.6,14079.7,24583.8,0.6575
6177.2,12395.2,6720.0,12795.8,0.6575
1003.6,5372.5,1593.8,5760.0,0.6574
10908.4,40370.6,11520.0,40640.0,0.6574
16986.2,19916.4,17597.2,20330.7,0.6573
16908.5,5036.3,17274.9,5440.0,0.6572
11286.3,20079.0,11840.0,20477.5,0.6570
14406.2,34417.5,15037.5,34877.2,0.6570
9280.8,11767.2,9474.3,11838.8,0.6570
2573.8,3520.0,3197.7,3758.7,0.6567
12484.3,16222.1,13120.0,16640.0,0.6564
3966.8,5125.8,4159.6,5662.8,0.6564
13440.9,42561.5,13543.1,42669.0,0.6563
14986.6,52767.9,15356.2,53117.4,0.6561
11736.1,39360.1,11840.0,39501.1,0.6560
2326.9,3201.9,2560.0,3740.8,0.6559
16156.8,30977.6,16320.0,31343.0,0.6557
12698.2,6548.2,13116.4,6773.8,0.6557
15042.8,42465.5,15198.0,42870.5,0.6556
4803.1,53387.2,5437.0,53760.0,0.6551
5942.2,32000.0,6080.0,32108.7,0.6549
15362.1,46721.6,15553.7,46863.6,0.6549
14472.9,10473.1,15040.0,10877.8,0.6548
5788.3,68711.3,6396.2,69120.0,0.6547
11248.5,19840.5,11520.0,20015.9,0.6545
16967.2,3741.1,17590.1,4160.0,0.6545
8015.3,18578.3,8635.0,18973.3,0.6542
17017.1,21770.9,17276.6,22067.8,0.6541
11741.7,28480.8,12160.0,28774.1,0.6541
10292.7,9920.0,10867.9,10360.2,0.6536
15554.8,42242.9,15679.4,42680.2,0.6536
13025.1,20916.5,13119.9,21435.8,0.6534
10852.9,17282.3,11200.0,17622.7,0.6534
10608.5,12691.5,11196.2,13118.5,0.6532
10889.7,16570.8,11519.7,16960.0,0.6531
10282.6,8157.4,10879.5,8638.4,0.6530
8391.1,27108.6,8957.9,27520.0,0.6529
10221.3,36160.5,10560.0,36608.2,0.6527
9797.8,24775.5,9920.0,25261.5,0.6527
5802.8,12967.9,6400.0,13437.7,0.6520
2671.9,7739.0,2878.7,7998.9,0.6519
8641.6,24019.2,9279.2,24320.0,0.6519
17280.8,32272.3,17482.8,32573.2,0.6517
6818.6,18008.3,7359.9,18560.0,0.6515
17280.2,57933.4,17767.4,58554.3,0.6514
5507.7,52417.5,6077.7,52800.0,0.6514
11992.0,21120.0,12468.6,21752.0,0.6512
2583.6,12891.0,3200.0,13438.0,0.6511
16960.0,54410.0,17052.1,54645.1,0.6511
4200.1,30909.6,4795.2,31358.8,0.6510
14187.6,25615.7,14715.1,26229.0,0.6508
16426.8,22300.1,16640.0,22720.0,0.6507
16897.1,20011.3,17280.0,20480.0,0.6507
5440.5,5120.0,6075.3,5380.4,0.6506
16322.6,12416.4,16956.9,12800.0,0.6506
16767.7,26560.0,17280.0,27195.7,0.6502
14179.1,8982.3,14400.0,9287.3,0.6501
3840.0,28057.3,4476.5,28480.0,0.6501
640.0,7360.0,812.4,7889.5,0.6498
7680.0,3520.8,8031.1,3761.1,0.6496
8606.9,4496.0,8959.5,4869.5,0.6495
10561.6,28160.0,10796.0,28652.8,0.6494
12550.8,9600.0,13120.0,9813.8,0.6492
4185.6,7683.6,4800.0,8177.7,0.6492
1627.3,10562.7,2240.0,10711.7,0.6491
16339.0,1192.0,16501.4,1599.6,0.6489
7778.4,27204.1,8316.7,27701.1,0.6488
9968.8,29681.1,10240.0,30080.0,0.6487
8024.5,18310.1,8320.0,18880.0,0.6487
17536.0,20667.7,17911.7,21118.8,0.6485
9922.3,30153.6,10544.9,30601.0,0.6485
410.0,53203.7,955.9,53759.8,0.6484
10513.2,9280.0,10875.0,9565.5,0.6483
16367.5,54000.7,16639.4,54400.0,0.6482
15734.0,15785.2,16317.7,16316.1,0.6481
16963.0,33818.3,17597.5,34240.0,0.6479
10252.1,10615.0,10560.0,11002.4,0.6479
14876.8,43106.0,15039.4,43359.8,0.6478
14868.9,33741.0,15357.0,34240.0,0.6477
11200.0,33903.9,11826.9,34236.0,0.6477
5445.4,37799.7,5846.4,38400.0,0.6476
17499.1,17438.1,17600.0,17915.1,0.6476
13554.0,22999.9,14077.2,23360.0,0.6476
16213.6,21249.6,16640.0,21758.2,0.6475
3286.7,30400.0,3837.2,30915.1,0.6474
11211.7,16327.1,11823.2,16676.4,0.6472
15290.6,30722.7,15678.2,31000.4,0.6472
16648.9,58570.3,17118.2,59200.0,0.6472
12032.9,1298.6,12160.0,1619.5,0.6469
14148.2,46098.0,14717.0,46707.0,0.6467
14722.3,5653.8,15175.1,5923.1,0.6467
9620.9,38080.6,10240.0,38534.3,0.6466
1870.2,50560.0,2240.0,50996.9,0.6464
15040.9,9280.0,15676.6,9481.3,0.6461
12840.4,30621.1,13437.1,31037.4,0.6460
1600.0,68160.0,2238.0,68392.4,0.6459
14113.8,44370.0,14712.5,44788.6,0.6457
16000.5,19080.4,16145.8,19198.7,0.6456
16332.9,10886.6,16955.5,11349.2,0.6456
4255.3,10785.8,4478.0,11200.0,0.6454
6083.9,16971.9,6715.2,17323.6,0.6453
367.2,33189.9,959.8,33596.8,0.6453
15573.2,671.1,15680.0,959.8,0.6452
6419.6,41542.3,7039.0,41920.0,0.6452
1616.7,28349.3,2239.1,28795.6,0.6451
15681.3,1555.4,15829.2,1919.8,0.6449
16075.9,42778.5,16635.9,43197.5,0.6444
12675.5,24640.9,12799.7,24819.1,0.6444
11290.8,8975.4,11840.0,9431.1,0.6443
11911.9,37921.3,12479.7,38399.7,0.6443
7040.4,15947.4,7229.5,16317.3,0.6442
4897.4,12162.3,5428.1,12576.4,0.6439
6722.1,2560.9,7352.5,2828.7,0.6437
16354.8,18881.2,16640.0,19373.8,0.6436
5259.7,4160.0,5758.0,4427.8,0.6434
5825.1,28677.3,6395.9,29119.5,0.6430
9204.4,20552.1,9280.0,20798.4,0.6430
13835.9,26952.6,14391.7,27520.0,0.6429
10025.8,27535.3,10557.1,28155.6,0.6429
9065.0,23432.2,9595.2,24000.0,0.6425
15016.5,34240.0,15350.0,34761.9,0.6425
17336.3,60800.0,17600.0,61255.3,0.6425
7046.3,15385.7,7679.3,15680.0,0.6425
11978.8,19204.3,12160.0,19620.6,0.6423
11110.0,30489.6,11520.0,31026.2,0.6421
10439.6,24546.5,10876.4,24960.0,0.6420
6181.0,29767.9,6712.6,30393.5,0.6419
4518.1,29440.1,5119.5,29889.3,0.6417
4406.2,15445.3,4480.0,15997.5,0.6415
11270.4,7063.5,11519.8,7360.0,0.6414
7822.4,2386.1,8000.0,2874.3,0.6413
8778.3,30760.3,9276.0,31353.8,0.6413
15082.1,4770.9,15382.8,5118.2,0.6413
7221.6,21166.6,7359.2,21438.3,0.6413
1339.0,10739.1,1920.0,11195.2,0.6411
5209.2,30731.0,5440.0,30936.1,0.6410
17457.9,61218.9,17599.8,61439.2,0.6409
7028.5,8964.8,7360.0,9273.6,0.6408
3272.0,19790.7,3836.0,20159.0,0.6406
15427.0,21470.1,15679.7,21914.3,0.6406
3844.7,28480.0,4160.0,29029.3,0.6405
387.0,26770.1,640.0,27200.0,0.6404
12790.7,39680.0,13113.1,39824.3,0.6401
6860.7,24640.0,7353.2,24877.4,0.6401
3420.8,9676.8,3518.7,9918.9,0.6401
16716.1,23279.7,17279.3,23680.0,0.6400
9383.6,12802.4,9920.0,13248.1,0.6399
9955.2,9100.7,10558.6,9595.7,0.6399
13299.9,1600.0,13439.2,1834.2,0.6395
5065.9,29762.4,5438.3,30219.2,0.6394
17743.4,51208.7,17920.0,51757.8,0.6392
4856.3,36828.2,5438.2,37438.3,0.6390
12205.4,27441.3,12798.0,27840.0,0.6389
15750.6,59657.7,16314.8,60157.8,0.6388
14444.5,49880.2,15037.2,50240.0,0.6387
9201.0,23437.3,9279.7,23679.7,0.6387
7796.8,4070.5,8320.0,4480.0,0.6387
15507.2,9.6,15680.0,219.4,0.6385
13485.4,2734.8,14076.9,3195.1,0.6383
15045.2,48642.3,15426.3,48768.6,0.6379
16001.1,35560.7,16640.0,35840.0,0.6376
15182.7,19210.6,15680.0,19815.9,0.6375
6803.2,19692.1,7358.6,20156.5,0.6374
7450.3,10457.8,7997.5,10880.0,0.6373
11523.8,18986.8,11728.3,19520.0,0.6372
13402.3,1.2,13756.7,400.5,0.6369
1297.2,10527.9,1917.9,10880.0,0.6369
3525.4,16538.2,4160.0,16959.2,0.6368
16591.0,4550.7,16688.5,4692.7,0.6365
10569.1,21440.0,10875.6,21909.5,0.6363
5914.1,19629.7,6078.7,19956.5,0.6363
16260.5,40000.0,16640.0,40488.2,0.6362
16711.3,55361.0,16960.0,55640.5,0.6361
4078.2,51930.4,4479.6,52160.0,0.6361
16320.7,60598.0,16516.8,61120.0,0.6360
10827.1,28616.9,11200.0,29118.5,0.6359
5344.3,18428.5,5440.0,18877.3,0.6359
14002.5,11215.8,14399.5,11668.9,0.6358
2292.5,40196.2,2871.3,40636.9,0.6357
6879.3,31234.9,7360.0,31677.8,0.6355
11350.0,1019.5,11517.7,1598.8,0.6355
8229.7,9753.1,8626.7,9918.7,0.6353
8990.0,14720.0,9280.0,15137.3,0.6350
7704.9,68725.4,8316.0,69120.0,0.6350
5696.2,6270.6,6079.1,6720.0,0.6350
6080.0,30157.9,6326.4,30720.0,0.6348
3764.7,26880.8,4159.4,27338.0,0.6344
11338.0,8451.7,11836.0,8954.2,0.6344
4492.3,24651.2,5120.0,24960.0,0.6344
14586.7,19200.0,15035.3,19693.9,0.6343
9706.9,29831.6,10240.0,30394.3,0.6342
14469.9,38886.4,15036.5,39359.5,0.6341
14464.5,20800.0,14718.7,21015.7,0.6340
17981.5,55485.9,18095.8,55680.0,0.6338
17540.6,32037.7,17920.0,32445.0,0.6337
12844.1,8795.2,13438.7,9273.1,0.6336
12801.1,40640.2,13052.0,40810.6,0.6336
12075.4,25932.0,12160.0,26440.9,0.6336
1345.8,26996.7,1904.8,27520.0,0.6335
1338.4,28800.0,1916.8,29289.6,0.6334
11340.4,33287.3,11822.4,33589.2,0.6332
9622.4,62999.8,10237.7,63360.0,0.6329
11340.0,19200.7,11519.6,19746.7,0.6327
14243.5,17501.2,14400.0,17687.7,0.6326
15073.3,35524.6,15674.6,35898.2,0.6325
3840.1,26814.7,4477.4,27200.0,0.6323
16350.6,37673.6,16960.0,38080.0,0.6323
11942.9,18023.7,12474.9,18560.0,0.6323
8001.4,7040.1,8449.3,7225.3,0.6322
17080.2,18929.4,17600.0,19300.1,0.6319
13191.5,35662.5,13759.4,36158.6,0.6319
15132.1,20801.2,15358.5,21077.7,0.6316
13490.7,40006.9,13760.0,40308.7,0.6315
14619.4,32000.0,15040.0,32522.6,0.6315
16682.1,37049.4,17277.0,37440.0,0.6314
17173.3,55582.7,17280.0,55680.0,0.6311
15921.8,20826.3,16315.8,21198.0,0.6310
18057.6,20907.4,18174.6,21237.2,0.6309
15758.3,30901.1,16316.1,31357.0,0.6308
3272.5,11408.9,3518.6,11838.8,0.6307
5480.5,49516.5,6077.7,49918.0,0.6307
12288.0,19204.6,12797.5,19596.8,0.6306
15204.5,17538.0,15680.0,17920.0,0.6306
9230.6,3202.8,9600.0,3669.8,0.6306
16841.5,6080.0,16960.0,6293.1,0.6304
682.5,42740.5,1272.4,43198.9,0.6302
3943.5,20041.4,4479.8,20480.0,0.6302
14453.7,45637.6,15040.0,46042.9,0.6302
17215.5,60170.7,17280.0,60788.4,0.6301
7702.9,31255.2,8320.0,31680.0,0.6299
14642.8,43953.7,14720.0,44158.1,0.6299
15445.7,19414.2,15996.7,19840.0,0.6299
6468.8,16320.0,7035.8,16525.6,0.6298
3203.3,309.6,3840.0,640.0,0.6296
17038.5,23826.7,17598.2,24320.0,0.6292
11200.0,34701.7,11720.7,35147.9,0.6291
4810.0,29761.4,5115.3,29924.8,0.6290
6841.4,16396.9,7360.0,16912.1,0.6289
15361.2,43521.4,15445.8,43627.5,0.6288
12601.0,20075.5,13117.3,20308.0,0.6287
2588.3,49206.1,3195.7,49600.0,0.6285
3749.0,18563.1,4160.0,19129.8,0.6284
11216.9,15088.3,11519.8,15359.4,0.6283
1326.2,67429.1,1916.4,67838.9,0.6282
9607.5,10012.3,10236.5,10362.0,0.6280
8008.7,13657.3,8639.1,14080.0,0.6280
13834.4,21957.3,14397.4,22399.8,0.6279
13934.1,50107.3,14080.0,50556.4,0.6276
15081.6,30148.6,15669.9,30719.3,0.6275
8325.4,323.0,8960.0,780.3,0.6275
3200.0,32320.0,3840.0,32688.6,0.6274
10915.0,27205.1,11518.6,27581.3,0.6271
10195.4,25290.5,10559.6,25659.5,0.6271
13823.6,48437.9,14395.4,48957.8,0.6269
3467.8,25447.7,3831.9,25918.5,0.6268
3528.2,17283.3,4160.0,17641.3,0.6264
6521.0,24230.7,7037.5,24640.0,0.6263
14270.1,25595.4,14716.9,25919.8,0.6263
16991.0,32003.1,17600.0,32521.2,0.6260
8320.6,27200.0,8704.9,27428.3,0.6260
17740.4,39790.8,17920.0,40306.1,0.6259
17287.7,32323.6,17919.2,32651.1,0.6259
5308.7,50788.4,5756.3,51200.0,0.6259
6720.0,21130.1,7194.8,21552.5,0.6257
16321.2,57047.1,16391.1,57278.6,0.6257
12480.0,26919.8,12679.9,27433.4,0.6255
16381.6,21929.3,16954.3,22395.5,0.6255
16360.3,25180.7,16956.8,25600.0,0.6252
4613.7,18072.4,5117.1,18559.2,0.6251
16568.4,54949.7,16639.6,55039.6,0.6249
15221.4,1929.2,15672.5,2235.7,0.6245
1922.0,9600.0,2239.6,10056.4,0.6245
12800.0,13763.8,12940.3,14207.5,0.6245
7556.6,11521.9,7996.2,11989.0,0.6244
14086.0,463.2,14715.3,956.5,0.6244
17772.0,59528.7,17920.0,59883.4,0.6243
2568.0,3203.2,3198.9,3703.1,0.6241
14447.8,35747.0,15039.8,36159.8,0.6240
5361.3,21252.9,5439.3,21753.1,0.6240
14001.8,26401.2,14400.0,26878.4,0.6240
15788.9,343.3,16318.1,782.8,0.6238
14722.3,31860.5,15357.7,32312.6,0.6236
16756.6,9696.5,17278.9,10240.0,0.6234
9790.6,7691.9,9920.0,7995.2,0.6234
7460.5,36163.3,7986.7,36597.3,0.6234
14747.1,16959.0,15039.6,17278.6,0.6233
15069.7,40994.2,15674.8,41280.0,0.6232
9638.7,9100.8,10235.8,9597.5,0.6231
3941.0,52029.7,4468.6,52480.0,0.6229
4060.4,11521.2,4159.5,11956.4,0.6229
1954.7,52043.1,2559.7,52480.0,0.6228
17280.0,44160.6,17585.0,44320.8,0.6223
9948.2,12319.1,10557.8,12798.4,0.6222
15896.2,404.5,16000.0,946.7,0.6220
11042.9,30402.8,11200.0,30559.5,0.6220
15811.1,34463.4,16000.0,34880.0,0.6219
17773.3,19419.2,18170.5,19839.8,0.6215
2589.1,60093.8,3196.4,60480.0,0.6214
8698.6,30086.4,8959.9,30380.2,0.6213
4699.6,16320.0,5120.0,16939.0,0.6213
17280.0,30869.3,17861.8,31359.1,0.6213
4176.1,52721.8,4796.6,53120.0,0.6213
7787.7,8014.1,7998.9,8489.5,0.6212
11186.1,16664.2,11520.0,17089.1,0.6212
13251.4,8647.5,13756.5,9142.7,0.6212
3527.0,19130.9,4156.8,19519.2,0.6211
9880.7,4161.2,10240.0,4748.2,0.6211
14724.0,10107.5,15356.1,10556.8,0.6210
16250.3,25921.9,16640.0,26409.0,0.6209
7700.7,25920.7,8317.9,26306.1,0.6206
2880.0,14339.2,3517.2,14720.0,0.6206
11211.5,6948.9,11836.7,7360.0,0.6205
2711.8,13760.0,3024.8,14246.1,0.6204
11805.5,7370.2,12160.0,7780.6,0.6204
12588.0,31916.7,12800.0,32103.5,0.6204
4736.6,23682.3,5120.0,24200.3,0.6203
8655.7,62010.8,9276.3,62400.0,0.6202
17537.8,30839.2,17756.5,31360.0,0.6202
14836.6,31020.8,15353.1,31360.0,0.6200
8389.7,39928.3,8955.7,40320.0,0.6194
16484.4,61163.6,16957.9,61440.0,0.6194
8000.0,8320.4,8640.0,8668.7,0.6193
8459.3,32960.0,8638.9,33120.4,0.6190
16226.4,37699.2,16640.0,38080.0,0.6190
11208.6,67124.2,11837.0,67519.6,0.6188
7725.0,166.4,8320.0,609.4,0.6187
15360.2,45122.9,15665.0,45523.2,0.6186
16182.1,19747.8,16635.8,20160.0,0.6184
12852.4,13441.3,13053.6,13603.2,0.6184
16960.0,21475.0,17086.6,21776.2,0.6183
13828.5,57503.4,14396.8,57920.0,0.6180
3109.4,5445.1,3516.5,5877.7,0.6180
14514.5,39789.8,14791.1,40320.0,0.6180
14799.6,41188.1,15354.8,41600.0,0.6179
15790.4,27211.9,16318.0,27634.5,0.6177
5807.8,25673.9,6396.9,26232.4,0.6177
16975.8,44718.0,17099.1,45118.6,0.6177
12507.1,5431.2,13118.0,5760.0,0.6177
16968.1,51520.0,17587.3,51956.4,0.6175
13140.6,30080.0,13756.5,30364.4,0.6174
3265.7,5145.9,3839.1,5697.6,0.6173
12220.8,46242.2,12798.1,46719.1,0.6171
6672.2,21760.0,7040.0,22400.0,0.6169
9483.9,6528.2,9917.5,7036.7,0.6167
378.0,5029.3,640.0,5439.2,0.6163
10884.9,67128.0,11517.8,67520.0,0.6161
10358.8,19539.9,10875.6,19840.0,0.6160
967.3,28482.5,1596.5,28966.2,0.6158
12487.5,20480.0,12799.9,20972.3,0.6157
17032.3,38726.7,17279.2,38975.5,0.6157
1931.0,17518.1,2560.0,17919.8,0.6155
6770.9,45039.6,7355.9,45440.0,0.6154
12871.3,34876.5,13325.1,35200.0,0.6153
7429.6,24965.8,7997.9,25532.4,0.6152
12982.1,13440.0,13440.0,14074.8,0.6152
16000.0,42876.0,16097.4,43198.8,0.6151
2896.9,30080.0,3516.8,30563.0,0.6151
3840.0,13330.4,4477.4,13654.5,0.6148
14799.6,14413.8,15352.6,14888.0,0.6148
5121.9,1510.3,5751.3,1920.0,0.6147
767.5,1310.9,1279.8,1672.3,0.6147
16703.1,46606.5,17264.4,47038.4,0.6146
14501.3,36999.1,15040.0,37437.4,0.6143
2560.0,8662.0,3197.6,8960.0,0.6143
3013.9,20801.0,3516.0,21225.1,0.6142
10034.9,15900.3,10554.9,16318.8,0.6142
5634.1,17822.7,6062.9,18240.0,0.6141
1284.8,8324.1,1917.9,8720.8,0.6140
12182.9,13679.6,12798.4,14075.5,0.6139
984.7,20555.5,1280.0,21120.0,0.6139
11630.1,1280.9,12159.4,1590.8,0.6139
243.9,10240.0,640.0,10543.1,0.6138
15503.7,20803.0,15680.0,20962.4,0.6136
9009.4,38493.3,9277.6,38720.0,0.6136
14462.7,45070.1,15038.5,45439.0,0.6136
13470.7,23143.5,13758.9,23680.0,0.6135
46.7,26245.3,637.2,26560.0,0.6134
14738.1,35379.8,15360.0,35832.0,0.6132
9016.5,29907.4,9597.0,30394.5,0.6131
4212.6,20060.1,4797.8,20480.0,0.6131
13012.3,30974.2,13119.3,31358.1,0.6130
8272.9,237.6,8640.0,636.7,0.6129
14598.0,39556.2,15036.3,40000.0,0.6128
372.6,26804.5,959.1,27200.0,0.6127
8028.2,7045.4,8637.3,7432.7,0.6126
14506.7,23865.5,15035.5,24319.7,0.6126
3201.7,6003.6,3498.9,6400.0,0.6126
2881.9,33848.8,3079.2,34240.0,0.6124
8394.4,19840.7,8960.0,20169.0,0.6123
5020.0,4803.4,5120.0,5389.6,0.6123
12167.1,6080.0,12798.9,6508.7,0.6122
2892.7,11747.0,3520.0,12160.0,0.6122
13445.1,17830.5,14078.2,18240.0,0.6122
11160.0,10560.0,11520.0,11156.8,0.6120
4160.0,31364.2,4514.4,31862.5,0.6118
8262.2,4840.0,8637.6,5120.0,0.6117
16139.4,28160.0,16640.0,28381.7,0.6117
10317.2,29141.6,10869.6,29574.0,0.6116
12517.7,25857.8,12680.3,26237.1,0.6116
3520.5,11520.4,4046.0,11843.3,0.6113
7692.9,8271.7,8320.0,8640.0,0.6110
891.8,19200.0,1280.0,19690.9,0.6109
15361.8,9412.6,15687.8,9572.7,0.6106
17329.7,21605.0,17916.1,22076.6,0.6106
3294.6,7418.4,3520.0,8000.0,0.6106
11042.3,11626.6,11199.8,12160.0,0.6105
16992.9,12392.7,17595.2,12800.0,0.6105
9632.7,69479.9,10235.5,69886.6,0.6104
8418.5,26692.1,8954.7,27194.7,0.6104
16777.0,27964.4,17275.4,28478.5,0.6102
15816.1,32337.3,16000.0,32862.3,0.6100
13476.1,2353.1,14077.8,2865.5,0.6098
16259.9,18010.2,16319.1,18240.0,0.6096
6570.3,20480.1,7039.9,20663.4,0.6095
16533.2,1152.8,16959.3,1597.2,0.6095
10241.1,7886.1,10755.5,8241.8,0.6091
15362.1,17487.6,15981.9,17920.0,0.6090
14599.8,42918.1,15038.4,43513.3,0.6089
5406.9,7042.0,5760.0,7478.7,0.6089
2150.0,19058.2,2240.0,19371.9,0.6088
10431.3,40971.9,10559.9,41120.3,0.6084
14093.1,11813.0,14720.0,12160.0,0.6081
10772.8,43596.2,10880.0,43839.3,0.6081
8641.7,69056.4,9276.5,69440.0,0.6081
3572.7,38288.5,4156.5,38717.3,0.6081
13761.3,6537.5,13853.7,6720.0,0.6081
15478.3,35242.9,15994.3,35722.7,0.6081
8496.6,7002.0,8957.9,7360.0,0.6080
2127.1,2753.2,2240.0,2880.0,0.6079
11804.5,36800.0,12160.0,37189.8,0.6078
10024.7,22563.7,10559.1,23040.0,0.6078
14165.4,22164.6,14399.7,22700.5,0.6078
10298.9,5667.7,10877.8,6080.0,0.6077
9281.0,6951.6,9916.1,7360.0,0.6077
7742.7,16563.6,8320.0,16960.0,0.6076
11150.1,25289.0,11520.0,25650.4,0.6074
16098.4,890.1,16640.0,1280.0,0.6073
11854.1,16973.6,12478.4,17358.3,0.6071
13974.2,1285.1,14398.4,1489.9,0.6071
8704.9,28635.1,9276.0,29120.0,0.6071
7116.3,40260.7,7677.7,40640.0,0.6070
3474.7,24247.5,3838.3,24640.0,0.6069
16549.5,8655.3,16640.0,9216.0,0.6069
16449.7,40132.5,16955.4,40640.0,0.6069
13835.8,41982.5,14079.6,42326.8,0.6068
6915.1,29153.8,7345.2,29440.0,0.6066
7548.3,6085.9,7678.5,6429.9,0.6065
10278.9,27202.4,10560.0,27672.8,0.6063
386.6,49920.0,956.2,50403.1,0.6062
1234.8,51200.0,1600.0,51644.4,0.6060
6720.0,29984.4,7029.5,30275.0,0.6058
5854.0,17602.0,6396.6,18221.1,0.6058
16960.0,6081.6,17234.8,6266.6,0.6052
14720.0,30611.8,15280.3,31039.5,0.6052
17453.5,1280.0,17916.5,1486.2,0.6051
15040.3,42475.3,15160.5,42560.0,0.6050
1330.3,20896.7,1917.3,21432.9,0.6050
16969.0,33537.4,17600.0,33920.0,0.6050
5441.4,37066.8,5574.9,37438.2,0.6049
10330.1,32335.6,10559.8,32805.9,0.6048
1368.8,22911.6,1918.3,23360.0,0.6047
12287.1,31307.5,12358.4,31679.9,0.6046
3981.6,5980.7,4478.1,6400.0,0.6045
5204.6,31363.7,5758.9,31679.1,0.6045
3852.1,16507.3,4476.9,16958.2,0.6042
17342.7,45022.4,17920.0,45269.5,0.6039
12059.2,1990.9,12479.6,2240.0,0.6039
3204.3,3533.3,3838.4,3925.5,0.6038
13763.2,16458.9,13968.6,16956.8,0.6036
5442.9,10358.5,6078.5,10763.3,0.6036
16643.4,20009.7,17165.0,20479.6,0.6031
6443.6,6085.9,7038.4,6497.1,0.6030
2926.0,18887.4,3520.0,19412.5,0.6029
16045.2,60976.4,16636.6,61438.2,0.6028
12637.3,8331.4,12800.0,8673.9,0.6025
2574.4,65499.3,3196.7,65920.0,0.6024
13763.8,30251.7,14391.9,30586.5,0.6023
6564.6,31360.0,7040.0,31830.1,0.6023
9310.0,37628.5,9917.3,38078.9,0.6021
15171.1,19523.5,15672.1,19790.8,0.6021
640.0,21765.9,1109.1,22253.4,0.6020
5330.8,29444.9,5760.0,29903.4,0.6018
5620.2,20800.8,6073.6,21032.0,0.6018
7725.9,58744.9,8317.7,59198.5,0.6017
11221.9,37659.2,11836.1,38080.0,0.6016
4313.0,28483.8,4798.2,29119.2,0.6011
10243.9,4384.2,10477.6,4800.0,0.6011
5807.4,20482.0,6387.7,20662.8,0.6008
14256.2,32217.4,14699.9,32640.0,0.6008
670.5,50155.1,1278.2,50560.0,0.6007
9701.1,25422.3,10237.2,25915.2,0.6007
8408.9,47283.1,8957.1,47680.0,0.6006
17495.4,56644.5,17565.7,56959.0,0.6006
10882.4,12165.8,11085.8,12697.0,0.6005
12480.0,39680.6,12814.8,39810.6,0.6004
10560.0,26881.1,10751.3,27078.8,0.6004
1316.2,61714.8,1915.1,62080.0,0.6000
1472.6,11654.7,1600.0,11866.8,0.5998
11885.7,67118.8,12475.5,67518.2,0.5998
4672.2,10102.7,5119.8,10541.3,0.5998
16560.1,36390.0,16960.0,36799.3,0.5994
12836.5,2168.9,13437.7,2560.0,0.5992
16670.3,16414.6,16958.7,16639.5,0.5990
2560.7,8.1,3006.7,310.0,0.5989
15092.4,16612.1,15680.0,16960.0,0.5988
6163.4,20017.9,6720.0,20479.4,0.5986
14080.0,3760.6,14716.7,4160.0,0.5986
643.0,21659.9,986.6,22080.0,0.5986
1779.7,6326.1,2240.0,6719.4,0.5985
10274.2,37051.3,10880.0,37440.0,0.5984
11216.3,10498.8,11840.0,10880.0,0.5982
12694.6,32157.3,13120.0,32637.6,0.5981
3858.3,15242.8,4478.8,15679.4,0.5980
2403.0,104.4,2560.0,621.3,0.5979
17280.6,63360.7,17671.0,63532.3,0.5979
17305.6,42194.4,17920.0,42560.0,0.5979
2673.1,20941.1,3197.2,21431.7,0.5978
6720.8,37760.1,6942.8,37892.1,0.5978
15043.8,9921.3,15680.0,10240.0,0.5977
8738.2,26779.5,9279.7,27200.0,0.5975
7999.0,30164.8,8319.9,30393.6,0.5975
16002.0,45440.7,16368.2,45927.3,0.5973
8643.2,6016.2,9124.4,6396.8,0.5973
5286.6,14906.9,5758.1,15345.0,0.5971
13769.3,17526.0,14393.8,17920.0,0.5969
7304.1,29595.0,7368.2,29953.9,0.5968
15236.7,27202.3,15674.7,27677.6,0.5968
6546.3,11053.6,7038.6,11518.0,0.5967
13438.1,34255.2,13760.0,34634.8,0.5966
4804.2,8000.0,5435.8,8254.2,0.5963
3209.1,20069.7,3838.1,20480.0,0.5962
14621.9,21760.0,15026.1,21974.6,0.5961
950.1,27840.1,1280.0,28326.7,0.5961
9696.1,11238.6,9919.7,11458.4,0.5958
10546.5,10561.7,10852.1,10830.9,0.5956
15728.3,29122.1,15999.4,29607.0,0.5954
4496.9,15040.0,5118.2,15459.2,0.5953
16000.3,1622.6,16499.1,2232.8,0.5951
3563.6,10351.1,4155.6,10591.7,0.5950
17541.1,29235.4,18173.4,29748.3,0.5950
4407.3,31682.0,4800.0,32133.0,0.5947
16663.4,63571.5,17275.7,63996.6,0.5946
12847.8,42570.9,13439.2,42880.0,0.5946
12737.8,26549.6,12798.9,26759.8,0.5946
16653.2,35336.4,17280.0,35839.7,0.5945
413.7,26881.8,638.9,27115.5,0.5944
17281.6,50097.8,17385.3,50554.2,0.5944
13120.3,6802.2,13331.9,7227.9,0.5943
9293.5,30759.3,9918.3,31040.0,0.5942
4539.7,48852.7,5114.0,49277.8,0.5941
4246.8,23361.9,4480.0,23769.4,0.5939
14241.8,47412.0,14715.9,47679.4,0.5938
15179.1,19444.4,15359.3,19835.8,0.5937
11637.3,18086.5,12160.0,18560.0,0.5937
1595.2,5671.7,1920.0,6079.0,0.5934
15908.1,48675.7,16320.0,48937.1,0.5934
1303.0,5441.7,1920.0,5894.9,0.5933
1920.0,25226.2,2469.0,25600.0,0.5931
14584.9,38082.7,15040.0,38552.6,0.5930
4965.9,12800.0,5440.0,13301.1,0.5929
8437.8,10737.7,8545.4,11193.0,0.5929
1280.0,9501.5,1917.4,9920.0,0.5929
14092.4,5409.2,14717.9,5760.0,0.5928
3543.7,17833.4,4160.0,18240.0,0.5926
16715.3,43840.0,16959.9,43976.2,0.5926
2135.2,17280.0,2560.0,17755.0,0.5925
2883.4,5374.9,3516.7,5760.0,0.5925
5504.9,18886.2,6078.2,19382.4,0.5924
11749.3,43854.3,11839.9,44160.0,0.5923
9282.1,32601.6,9773.6,32960.0,0.5923
16640.0,18611.0,17278.1,18880.0,0.5920
6723.2,20884.1,7218.8,21440.0,0.5920
1646.3,9253.3,2238.8,9600.0,0.5918
13970.7,22122.6,14079.6,22511.7,0.5917
12694.6,30136.8,13118.7,30399.2,0.5916
3873.8,1654.4,4477.8,2044.7,0.5916
7680.7,38720.3,7982.0,38950.4,0.5916
361.7,68743.9,956.1,69120.0,0.5914
0.1,10614.7,452.7,10943.0,0.5914
6507.9,19925.5,7040.0,20480.0,0.5914
10951.5,4202.4,11520.0,4537.6,0.5913
12591.8,9157.1,13119.2,9594.3,0.5911
13795.1,18242.1,14080.0,18578.2,0.5911
15597.7,19522.5,16000.0,20014.8,0.5910
16710.3,33112.7,17278.5,33598.4,0.5908
8961.9,3041.7,9597.7,3517.7,0.5905
5080.5,25402.0,5440.0,25920.0,0.5900
10490.5,10986.2,10559.9,11331.1,0.5899
15243.0,20163.3,15358.7,20513.5,0.5899
16487.2,8201.2,16956.4,8640.0,0.5898
6632.7,11520.1,7040.0,12036.5,0.5897
10999.8,5701.7,11200.0,6080.0,0.5896
12838.5,19396.6,13438.2,19838.6,0.5895
169.8,12170.0,640.0,12794.2,0.5895
9213.9,27252.2,9280.0,27519.5,0.5894
13575.5,35214.2,13760.0,35810.6,0.5892
7050.7,30677.9,7156.5,31033.2,0.5888
16321.2,42302.7,16406.1,42559.0,0.5887
987.6,18885.9,1279.4,19200.1,0.5886
3579.9,7526.2,4159.9,7979.2,0.5886
14400.7,45404.4,15036.9,45752.7,0.5885
4617.2,13762.7,4799.9,14217.6,0.5885
13120.0,29124.4,13566.9,29510.2,0.5885
2934.2,10447.6,3520.0,10859.9,0.5883
11443.8,18565.6,11519.5,18820.3,0.5882
12517.8,29440.5,13120.0,29727.4,0.5880
7159.6,12032.7,7679.8,12471.8,0.5880
8771.8,28491.6,9280.0,28906.4,0.5880
10671.8,9235.1,11200.0,9600.0,0.5880
16325.8,56573.7,16946.6,56960.0,0.5878
10576.6,831.0,11198.7,1277.6,0.5878
12522.8,12249.0,13106.3,12610.7,0.5877
10909.3,53007.5,11514.3,53436.9,0.5876
4876.9,8141.5,5436.2,8639.3,0.5873
5473.5,21756.2,6078.9,22075.8,0.5872
7365.1,21023.7,7993.5,21440.0,0.5871
3093.3,24987.9,3199.2,25581.8,0.5870
14185.4,39505.8,14714.2,39997.7,0.5869
3731.6,22835.7,3839.9,23304.7,0.5869
11200.0,38598.3,11336.9,39035.0,0.5867
5523.4,12480.0,5760.0,13099.6,0.5867
15839.5,22280.8,16313.1,22720.0,0.5865
6085.8,41526.4,6718.1,41920.0,0.5864
15361.6,54189.8,15835.3,54720.0,0.5864
9173.9,22633.9,9597.5,23038.8,0.5863
7879.2,33497.6,8000.0,33920.0,0.5861
8269.7,15710.3,8635.6,15997.9,0.5861
9849.3,28128.0,9919.6,28480.0,0.5860
15515.5,55174.8,15680.0,55670.6,0.5859
8968.3,2741.8,9600.0,3198.5,0.5857
17125.6,58910.2,17279.3,59238.5,0.5855
6400.9,20484.6,6774.1,20917.7,0.5854
14080.0,230.0,14605.2,636.8,0.5853
2576.6,40246.9,3197.4,40640.0,0.5853
679.1,24520.7,1279.7,24960.0,0.5852
9781.1,18791.4,10240.0,19200.0,0.5852
9127.0,34081.0,9600.0,34556.9,0.5851
15450.4,23044.7,15680.0,23472.9,0.5851
5773.7,2201.4,6395.5,2560.0,0.5851
15683.9,38800.2,16048.8,39360.0,0.5849
13469.0,18838.7,14079.1,19200.0,0.5842
7683.8,41812.6,8320.0,42240.0,0.5842
6.5,51213.0,638.3,51654.9,0.5842
3248.6,67703.7,3835.0,68156.7,0.5840
9600.7,7360.0,10236.9,7617.4,0.5838
4514.2,11901.9,5110.0,12160.0,0.5835
12947.7,38847.5,13440.0,39357.9,0.5834
17489.5,55040.7,17600.0,55130.0,0.5833
321.9,52471.0,955.9,52800.0,0.5832
3936.8,20045.3,4159.8,20474.5,0.5831
17546.8,26417.3,18175.1,26875.0,0.5831
5534.7,2688.3,6077.4,3191.0,0.5829
17472.5,42254.3,17600.0,42819.2,0.5829
13714.1,8889.9,14080.0,9280.0,0.5829
17536.0,28480.5,18176.0,28858.4,0.5829
8066.1,12160.0,8320.0,12636.6,0.5829
17281.4,63315.2,17666.0,63672.2,0.5828
16761.8,46446.6,16852.3,46719.7,0.5826
10240.0,42568.7,10559.1,42884.3,0.5825
10245.2,68397.5,10878.4,68800.0,0.5825
11200.0,2560.0,11837.8,2778.7,0.5824
4546.0,42799.0,5113.8,43198.6,0.5820
16212.2,30401.7,16639.5,30612.7,0.5819
16182.8,34208.8,16320.0,34560.0,0.5819
4222.3,46958.2,4791.5,47358.2,0.5818
8381.8,3520.0,8640.0,4155.0,0.5818
13852.7,37988.5,14397.9,38400.0,0.5814
7084.2,6429.9,7678.0,6686.5,0.5813
12435.2,25280.0,12797.9,25686.2,0.5813
11299.4,33064.0,11519.9,33600.0,0.5812
6827.8,36904.8,7348.9,37440.0,0.5812
10250.7,640.0,10867.8,830.6,0.5812
5776.4,37459.4,6077.6,37762.5,0.5811
12175.1,10561.2,12798.2,10966.9,0.5809
691.0,28165.4,1277.0,28690.2,0.5809
4583.3,17217.4,5119.5,17600.0,0.5807
14594.1,52178.8,14720.0,52707.0,0.5807
1004.6,19387.3,1598.3,19839.4,0.5806
13760.7,19400.7,14380.3,19840.0,0.5805
13884.0,23911.4,14393.2,24320.0,0.5804
10115.9,13023.4,10240.0,13439.5,0.5803
2880.0,8000.0,3520.0,8417.6,0.5802
8599.5,13126.2,8958.8,13379.6,0.5802
6279.8,29628.7,6399.4,30074.3,0.5802
9290.6,12127.8,9919.2,12480.0,0.5801
16658.4,58565.6,17042.4,58879.4,0.5801
8898.1,32397.5,9280.0,32960.0,0.5801
3755.8,14967.4,3840.0,15192.1,0.5801
12844.6,19142.2,13434.9,19520.0,0.5800
16957.0,33509.7,17280.0,33918.3,0.5800
1600.9,4160.0,1904.9,4379.3,0.5798
3534.2,17573.1,4147.2,17920.0,0.5797
860.3,19840.0,960.0,20472.7,0.5795
10929.2,6938.2,11516.2,7360.0,0.5793
12821.7,15575.6,13431.2,16000.0,0.5791
642.5,5324.7,1276.0,5748.5,0.5789
7360.8,37095.1,7555.4,37437.0,0.5789
13026.0,13760.0,13440.0,14196.3,0.5789
10629.1,3308.5,11194.4,3840.0,0.5786
14400.9,48386.3,14627.1,48635.8,0.5786
8665.6,8960.8,9278.8,9432.4,0.5785
12482.5,36812.3,13117.8,37120.0,0.5784
13827.1,41427.5,14397.8,41917.3,0.5781
16801.5,38404.7,16960.0,38905.5,0.5780
2240.0,2246.8,2438.7,2705.5,0.5780
15405.1,18582.0,15680.0,18866.6,0.5780
9920.9,26561.0,10556.0,26926.1,0.5777
13547.0,3728.7,14071.4,4160.0,0.5777
5127.1,13454.6,5759.4,13875.4,0.5777
2661.3,17605.8,3196.3,18233.7,0.5776
5182.5,39586.6,5754.9,40000.0,0.5775
17153.3,11342.2,17280.0,11834.5,0.5774
10240.7,32643.9,10701.5,32947.1,0.5773
7781.8,35980.2,8314.8,36466.9,0.5773
17280.0,47608.4,17385.8,48000.0,0.5772
3448.3,28164.0,3836.5,28497.2,0.5772
13760.0,50564.1,14159.6,51125.4,0.5772
15960.2,37071.7,16320.0,37433.2,0.5769
4729.8,24176.0,5095.8,24512.8,0.5769
6724.3,13448.3,7067.7,13760.4,0.5768
6265.0,5676.8,6720.0,6080.0,0.5766
9623.7,10537.8,9917.4,10868.1,0.5765
15360.0,46404.3,15533.2,46872.5,0.5765
14740.5,9322.3,15358.8,9600.0,0.5764
4849.5,54967.5,5436.7,55360.0,0.5764
3882.1,21651.5,4477.7,22076.3,0.5764
15113.1,20643.2,15678.7,21115.5,0.5763
11200.0,6308.7,11836.5,6720.0,0.5763
16348.7,18562.0,16640.0,18713.8,0.5762
987.1,5627.9,1279.9,6080.0,0.5762
16993.2,61948.7,17597.4,62398.6,0.5761
11799.6,12160.7,12158.5,12614.4,0.5759
13002.6,12809.6,13420.5,13238.2,0.5757
7723.9,15360.4,8294.8,15597.8,0.5757
12480.0,3864.1,13116.4,4270.9,0.5757
14863.5,25296.6,15357.7,25747.2,0.5756
12660.0,1924.1,13120.0,2560.0,0.5756
14795.2,8520.3,15360.0,8958.6,0.5755
2831.1,16000.0,3200.0,16485.1,0.5751
15412.7,22936.1,15992.9,23360.0,0.5750
16129.1,33609.8,16634.1,34232.6,0.5750
14720.0,54720.0,15357.7,55184.4,0.5749
4191.7,8215.2,4795.9,8630.6,0.5745
17636.2,2575.3,18173.3,2918.8,0.5745
2563.4,7372.7,3200.0,7825.9,0.5745
8961.8,37762.9,9043.5,37915.6,0.5745
7040.0,37351.3,7144.4,37440.0,0.5743
1650.1,41181.6,2235.3,41599.0,0.5742
17043.3,27642.5,17280.0,28160.0,0.5742
9726.1,33188.5,9919.6,33599.0,0.5741
11201.6,7408.3,11299.6,7702.2,0.5740
334.9,23676.7,960.0,24000.0,0.5740
3753.4,3927.2,3840.0,4478.9,0.5738
14439.0,2887.8,15040.0,3434.7,0.5737
12564.8,19200.0,12799.3,19640.8,0.5735
5339.9,24968.7,5760.0,25468.8,0.5734
5972.5,6752.7,6398.1,7360.0,0.5734
4522.6,49187.8,5116.4,49600.0,0.5728
5625.2,24640.5,5758.9,24709.7,0.5727
13225.6,24747.3,13759.2,25280.0,0.5727
9748.8,3419.8,10240.0,3839.8,0.5727
7348.4,26242.4,7679.4,26559.8,0.5726
2371.6,26673.9,2560.0,27200.0,0.5726
9296.7,6426.0,9919.7,6720.0,0.5725
4144.9,31040.9,4480.0,31493.4,0.5724
961.1,8974.6,1336.9,9304.1,0.5723
14721.3,53227.3,14918.3,53760.0,0.5722
3521.8,10916.8,4160.0,11200.0,0.5721
13593.9,37124.3,14080.0,37626.0,0.5721
2883.5,2560.5,3346.4,2778.7,0.5721
5682.6,11840.0,6080.0,12278.7,0.5721
10062.0,25865.4,10239.1,26232.5,0.5719
8979.2,9831.5,9600.0,10230.6,0.5719
2600.9,12392.4,3198.8,12797.1,0.5719
16321.6,6931.6,16960.0,7237.6,0.5718
6873.2,32976.8,7356.6,33433.5,0.5717
8000.0,41281.2,8638.8,41660.3,0.5716
17298.1,9280.0,17917.6,9535.9,0.5714
7779.6,32003.2,8313.6,32448.2,0.5714
12577.0,8142.2,13120.0,8636.8,0.5714
11840.3,916.5,12249.6,1253.2,0.5713
8161.8,17325.8,8318.3,17599.5,0.5713
10042.4,2886.5,10240.0,3278.6,0.5711
10730.1,20555.7,10879.9,21120.0,0.5711
17129.3,10885.7,17586.1,11286.5,0.5710
12326.8,37763.5,12797.9,38177.5,0.5708
6785.8,956.9,7355.3,1280.0,0.5708
12031.4,9285.3,12473.7,9655.4,0.5707
9028.8,6613.3,9598.2,7020.6,0.5706
4177.2,62640.8,4797.1,63040.0,0.5705
1602.8,13020.7,2240.0,13440.0,0.5704
13107.3,6405.9,13440.0,6856.1,0.5703
7695.1,6313.3,8320.0,6719.9,0.5703
13151.4,4019.5,13760.0,4480.0,0.5700
15360.1,56320.0,15868.8,56748.7,0.5699
11295.6,27671.1,11519.0,27980.6,0.5698
8320.0,26560.0,8655.6,26767.6,0.5696
7041.2,13991.7,7670.9,14400.0,0.5696
17311.0,32822.8,17915.7,33278.4,0.5693
10731.7,5539.7,11183.5,5760.0,0.5693
15040.3,12480.7,15677.8,12858.4,0.5691
11200.0,25216.3,11838.0,25578.1,0.5691
15155.0,7479.4,15356.1,7663.9,0.5691
2954.2,19398.9,3516.6,19837.8,0.5690
17566.0,29120.0,18167.1,29402.5,0.5690
323.4,22403.8,461.2,22634.6,0.5690
14773.3,43843.2,15357.2,43943.2,0.5690
17006.4,31583.5,17595.3,32000.0,0.5688
8739.6,16641.9,9279.1,17123.0,0.5688
3699.0,3943.4,4159.5,4480.0,0.5688
15500.7,37777.4,15679.5,38192.8,0.5687
14720.0,12768.7,15355.8,13120.0,0.5687
5441.5,32265.9,6076.1,32640.0,0.5686
2724.5,17920.0,3199.5,18554.9,0.5686
4800.0,6080.0,4980.7,6381.9,0.5685
3310.8,11216.6,3415.9,11631.3,0.5683
7361.3,6083.0,7734.2,6642.8,0.5683
14398.7,40968.7,14672.2,41345.0,0.5682
3212.2,2463.3,3837.5,2879.7,0.5682
3536.3,56882.2,4157.9,57280.0,0.5682
12214.5,12485.4,12465.4,12740.5,0.5682
16539.2,8328.6,16954.5,8769.8,0.5681
16596.0,54904.3,16960.0,55358.9,0.5679
3202.4,1551.8,3836.3,1920.0,0.5678
336.9,3759.7,957.9,4160.0,0.5677
16327.1,53447.8,16483.2,54066.2,0.5676
19.3,20148.8,637.7,20480.0,0.5676
14742.0,26850.3,15358.5,27200.0,0.5674
2599.0,24973.1,2880.0,25320.8,0.5672
6151.5,15362.1,6719.6,15656.6,0.5672
17807.3,7395.7,17919.0,7889.4,0.5672
4836.9,56906.0,5436.9,57280.0,0.5671
16013.5,10480.7,16635.1,10880.0,0.5666
4223.9,61625.8,4796.2,62079.1,0.5666
325.5,19457.9,958.1,19840.0,0.5666
7127.2,12686.4,7678.6,13118.5,0.5666
12708.0,32137.8,12799.1,32600.4,0.5665
13383.6,10240.0,13760.0,10849.9,0.5665
6423.5,1604.3,7039.6,1982.9,0.5662
17201.6,17237.1,17593.3,17600.0,0.5662
6123.5,32477.8,6719.5,32959.4,0.5662
3521.3,34788.8,3894.5,35200.0,0.5661
5319.6,13850.9,5757.5,14080.0,0.5660
9350.6,12315.5,9918.0,12800.0,0.5659
6963.6,24161.2,7360.0,24640.0,0.5657
2974.0,1770.4,3515.3,2236.0,0.5657
16539.0,28162.3,16957.1,28656.2,0.5656
2240.0,13389.3,2880.0,13760.0,0.5655
13122.3,18150.2,13753.3,18560.0,0.5654
11116.8,38118.6,11520.0,38720.0,0.5654
5440.0,25502.6,6076.7,25920.0,0.5654
7041.7,16075.0,7483.7,16625.0,0.5653
12409.9,31043.8,12800.0,31421.7,0.5653
3212.2,14400.0,3835.6,14704.7,0.5651
9969.0,57843.6,10555.8,58240.0,0.5650
10098.4,42561.0,10220.4,42639.2,0.5649
17305.5,6948.2,17917.5,7355.3,0.5648
5098.9,6400.4,5440.0,6925.1,0.5647
16664.0,43309.8,17280.0,43512.4,0.5645
11417.7,6086.5,11520.0,6399.1,0.5645
17302.6,59228.6,17594.1,59840.0,0.5643
8320.0,3206.6,8792.8,3622.8,0.5643
3690.5,30401.2,3839.3,30546.6,0.5641
16734.3,24327.9,16902.3,24493.1,0.5641
5835.0,17922.5,6400.0,18398.7,0.5641
9257.4,1267.9,9600.0,1600.0,0.5639
14720.0,18560.1,15038.4,18662.8,0.5638
17386.9,43521.6,17584.5,43677.6,0.5637
4606.3,30400.8,5119.3,30719.1,0.5636
5181.1,66120.4,5756.0,66558.7,0.5636
2594.2,33920.0,3196.7,34425.3,0.5633
216.4,9318.4,634.2,9910.9,0.5632
13274.6,28480.0,13436.9,28535.7,0.5631
2139.6,1666.1,2240.0,1919.0,0.5631
5761.0,24960.0,6398.8,25425.3,0.5627
9888.2,33605.4,10233.1,33861.4,0.5627
8.7,39611.7,636.9,40000.0,0.5626
12161.3,20813.4,12562.3,21119.5,0.5626
9282.0,40406.9,9385.5,40622.3,0.5625
8997.3,21324.6,9598.0,21758.7,0.5625
8103.4,32641.4,8319.5,32860.2,0.5623
5880.8,8003.9,6080.0,8389.7,0.5622
8001.7,18592.1,8320.0,19200.0,0.5621
10543.7,36480.6,10879.4,36981.3,0.5621
14721.0,3417.1,15360.0,3840.0,0.5621
5145.5,31681.1,5759.5,32152.8,0.5618
15868.4,1634.7,15999.9,2054.3,0.5617
15366.2,23067.1,15997.0,23497.2,0.5616
6412.7,26636.2,7036.2,26978.4,0.5616
6250.6,12483.2,6720.0,12694.4,0.5616
9921.4,66803.1,10557.5,67200.0,0.5615
16059.4,44395.1,16640.0,44800.0,0.5614
17320.8,32465.5,17918.5,32958.4,0.5610
12896.5,34893.9,13436.6,35399.1,0.5610
18002.0,58881.4,18174.7,58977.3,0.5608
10263.2,67990.4,10876.5,68476.3,0.5608
13454.9,38971.4,14079.7,39355.0,0.5606
9626.7,58459.1,10237.9,58878.4,0.5604
15495.4,10870.1,15994.4,11198.9,0.5602
10191.1,5124.4,10560.0,5541.3,0.5601
12160.3,14374.0,12794.3,14720.0,0.5599
341.0,22578.4,955.6,23035.6,0.5598
1285.9,2563.5,1916.2,3017.2,0.5595
11774.9,16322.7,11840.0,16564.8,0.5593
15688.3,9561.1,16319.0,9913.8,0.5592
5345.5,22235.1,5440.0,22342.4,0.5592
1621.0,27409.3,2237.6,27840.0,0.5591
2240.0,5017.5,2879.6,5440.0,0.5591
6925.1,571.5,7360.0,928.1,0.5589
6946.4,1304.8,7359.7,1696.4,0.5589
8101.6,17345.5,8633.9,17920.0,0.5587
15065.3,42882.2,15677.3,43281.3,0.5587
17593.1,42168.8,18173.1,42560.0,0.5586
8960.0,9923.1,9068.1,10498.7,0.5585
3521.2,4503.2,4157.2,4800.0,0.5583
12440.1,9920.0,12800.0,10467.8,0.5581
13765.1,22296.0,14239.2,22719.8,0.5581
8485.8,20787.8,8640.0,21120.0,0.5581
7499.5,31877.5,8000.0,32315.2,0.5580
8017.0,10242.7,8635.9,10538.5,0.5580
11003.7,30308.0,11200.0,30698.0,0.5579
12864.6,4483.4,13120.0,5114.7,0.5579
12160.3,39683.0,12482.4,39961.0,0.5579
13148.5,42881.2,13440.0,43072.0,0.5578
4963.0,13021.3,5432.1,13437.4,0.5575
14403.1,51993.1,14533.1,52477.3,0.5574
16733.4,27840.0,16959.9,28198.8,0.5574
526.9,17920.0,960.0,18543.9,0.5573
320.0,2240.7,642.4,2460.7,0.5573
13760.8,5966.3,14145.6,6400.0,0.5572
13793.0,28210.0,14400.0,28623.4,0.5571
5466.4,24640.5,5757.7,24805.5,0.5570
4160.0,3200.2,4796.5,3451.3,0.5566
8665.7,10363.7,8804.7,10880.0,0.5565
4702.2,2256.2,4800.0,2728.5,0.5563
4358.8,20997.9,4795.2,21428.9,0.5560
14720.0,6954.9,15086.9,7359.1,0.5560
15602.9,37125.9,15998.4,37402.0,0.5560
9613.7,10493.8,10240.0,10874.6,0.5557
16113.2,18719.2,16640.0,19193.6,0.5556
3012.0,33875.3,3200.0,34240.0,0.5556
5291.4,13040.3,5440.0,13438.6,0.5555
8595.2,24964.2,8960.0,25443.6,0.5554
4286.0,10462.8,4640.7,10777.7,0.5553
7065.5,36480.0,7675.8,36746.6,0.5551
1280.0,20919.0,1473.8,21438.8,0.5547
16094.8,26439.2,16639.4,26869.7,0.5546
16640.9,34392.0,16960.0,34866.4,0.5544
17740.5,12076.2,18174.8,12479.7,0.5544
17388.9,27676.8,17920.0,28160.0,0.5544
8078.4,20709.4,8629.3,21120.0,0.5543
10560.6,32000.7,10707.6,32126.0,0.5540
12888.3,37033.5,13438.0,37440.0,0.5539
10297.8,23902.5,10559.8,24310.6,0.5537
15850.6,40965.3,16315.7,41279.9,0.5534
16894.4,53805.7,16959.5,54188.3,0.5534
10806.5,33288.4,11198.0,33513.2,0.5534
8002.9,29016.2,8139.8,29440.0,0.5533
3334.8,9096.9,3832.6,9280.0,0.5533
11557.1,30199.5,12159.3,30720.0,0.5533
2897.3,19735.7,3517.8,20160.0,0.5531
5841.8,23038.9,6400.0,23360.0,0.5531
4390.5,19350.0,4800.0,19840.0,0.5530
566.6,12050.4,960.0,12475.5,0.5529
17209.5,18882.5,17280.0,19406.9,0.5526
16369.1,9600.0,16958.4,9792.8,0.5525
8642.5,17604.8,9051.2,18085.4,0.5523
3864.1,18494.8,4476.8,18880.0,0.5521
12622.8,20164.3,12798.9,20356.3,0.5520
1280.0,19201.0,1683.8,19405.7,0.5519
5770.7,60715.6,6396.2,61120.0,0.5516
16069.4,5446.4,16638.4,5857.6,0.5516
1284.3,11104.4,1920.0,11520.0,0.5515
15373.3,8960.4,16000.0,9405.5,0.5514
3273.9,67090.3,3835.4,67517.3,0.5513
3589.7,30720.0,4155.2,31215.2,0.5513
10595.4,2895.3,11200.0,3200.0,0.5513
2938.3,16330.4,3517.7,16814.0,0.5512
4927.3,51322.3,5119.2,51518.3,0.5511
15461.8,22525.4,16000.0,23040.0,0.5510
14715.3,40008.3,14773.8,40382.4,0.5509
17042.4,48338.1,17590.4,48794.5,0.5505
15718.2,29618.2,16320.0,30077.6,0.5504
9209.3,11340.6,9600.0,11519.2,0.5503
15682.1,28532.2,16022.9,28795.1,0.5503
12574.4,47365.8,13116.3,47947.4,0.5502
15762.2,24752.7,16310.2,25194.0,0.5501
6937.1,2883.5,7352.9,3036.4,0.5500
13556.6,19846.0,14080.0,20453.0,0.5500
10267.2,19840.0,10558.8,20328.4,0.5499
10898.4,21384.7,11518.1,21760.0,0.5498
8974.5,69509.9,9597.4,69888.0,0.5498
3335.6,7183.3,3839.6,7658.5,0.5497
3397.2,29442.8,3520.0,29598.2,0.5497
2724.9,11200.0,2864.1,11615.8,0.5496
12800.9,27840.0,13438.2,27991.5,0.5496
13783.9,8727.1,14386.3,8956.4,0.5495
15267.1,5841.1,15581.2,6400.0,0.5493
14250.4,8155.9,14399.8,8636.0,0.5492
8320.0,33921.5,8574.2,34141.3,0.5491
4914.1,20808.8,5436.2,21268.4,0.5491
4480.0,1205.9,5116.6,1598.1,0.5490
2956.1,24317.9,3200.0,24639.8,0.5490
5226.8,24132.3,5760.0,24638.5,0.5489
15443.9,66467.0,15996.0,66879.9,0.5489
8000.1,37760.1,8328.2,37860.5,0.5488
9675.7,62298.7,10233.6,62718.5,0.5488
11858.5,15172.1,12478.5,15664.6,0.5488
2561.2,20160.0,2629.7,20236.7,0.5487
4800.0,3582.6,5426.3,3840.0,0.5484
16973.9,30825.1,17587.1,31349.2,0.5483
11855.0,5016.8,12477.2,5438.7,0.5478
11840.0,5875.1,12479.6,6155.8,0.5478
15361.3,3553.5,15727.0,3854.7,0.5477
14576.1,0.9,15036.1,455.4,0.5475
3721.2,14726.1,4151.6,15159.2,0.5474
5.9,24319.8,636.5,24640.0,0.5473
14868.2,48340.6,14986.5,48462.8,0.5473
17816.4,58242.2,17919.9,58390.7,0.5473
16085.4,26561.7,16637.1,26709.7,0.5473
4509.7,26698.0,5119.5,27194.0,0.5473
5762.4,2441.1,6396.9,2877.1,0.5471
7363.7,18163.8,7890.3,18560.0,0.5471
11429.2,18384.9,11520.0,18843.2,0.5470
13437.9,41086.9,13758.6,41280.0,0.5470
17822.8,56641.0,17920.0,56739.5,0.5468
9012.6,66506.4,9597.1,66879.5,0.5468
15511.2,38402.1,15678.7,38648.5,0.5464
16963.5,41198.2,17585.5,41600.0,0.5463
14243.3,40002.1,14400.0,40510.6,0.5463
1281.0,6281.2,1913.8,6716.3,0.5462
4166.6,1.0,4786.8,129.9,0.5462
5440.0,19522.7,5959.6,19835.3,0.5460
17065.4,51625.4,17250.9,51834.3,0.5460
15242.0,12630.7,15678.9,13111.7,0.5457
16659.8,12800.0,16960.0,13282.2,0.5456
17034.5,15794.7,17590.2,16320.0,0.5455
9955.4,48890.0,10557.7,49280.0,0.5454
1284.5,48246.4,1917.6,48640.0,0.5451
1998.1,8640.4,2558.7,8960.0,0.5451
14401.7,1541.7,14780.0,1920.0,0.5449
11904.1,52708.4,12474.3,53119.3,0.5447
4318.1,9831.3,4480.0,10240.0,0.5447
16095.0,10299.6,16320.0,10877.1,0.5446
5499.4,24324.7,6037.9,24582.4,0.5444
690.9,13446.8,1280.0,13848.2,0.5440
17037.6,23544.2,17599.0,23993.5,0.5438
1289.9,38343.0,1917.5,38720.0,0.5438
29.8,34173.5,638.1,34560.0,0.5435
2664.2,4489.6,2880.0,5056.9,0.5430
2901.8,38343.9,3517.8,38720.0,0.5430
1908.9,23.0,2240.0,544.5,0.5427
8590.8,22606.1,8960.0,23040.0,0.5425
8234.6,14401.7,8638.9,14650.9,0.5424
9617.1,67085.2,10238.2,67518.0,0.5420
6841.5,5760.3,7357.0,6037.8,0.5420
15417.2,14011.5,15999.2,14400.0,0.5419
7040.0,9846.4,7172.3,10237.8,0.5417
9432.3,26148.3,9916.6,26560.0,0.5417
14332.3,25280.0,14720.0,25747.0,0.5417
12215.5,5441.7,12470.2,5715.8,0.5416
6465.8,10093.2,6720.0,10496.0,0.5415
3524.1,500.8,4158.0,947.5,0.5415
10561.4,11844.3,10909.6,12452.8,0.5414
374.2,41767.6,955.8,42238.3,0.5412
418.5,23826.8,946.6,24317.5,0.5412
5462.5,2569.6,6080.0,2903.7,0.5409
4912.6,324.4,5119.0,697.7,0.5408
2918.8,39903.0,3515.6,40319.5,0.5405
12183.6,34263.5,12480.0,34743.1,0.5404
6400.0,37440.0,6783.0,37564.1,0.5403
6214.5,17835.1,6716.4,18239.4,0.5402
13808.6,10444.7,14388.8,10876.5,0.5401
15765.4,27840.0,16316.5,28073.1,0.5400
2633.0,24372.5,3200.0,24960.0,0.5400
13760.0,8965.7,14245.6,9312.8,0.5400
16683.6,40968.5,17277.1,41458.8,0.5400
12699.1,21305.2,12798.6,21440.0,0.5400
14244.0,29908.2,14400.0,30375.5,0.5399
5877.8,1386.1,6397.2,1909.1,0.5398
8675.0,2586.5,9280.0,2880.0,0.5397
346.7,60033.2,956.3,60478.9,0.5397
13347.1,21677.9,13439.3,22080.0,0.5392
3370.7,7681.4,3828.9,8161.0,0.5391
12287.3,29468.4,12479.4,29792.9,0.5391
12943.3,26050.3,13436.2,26559.3,0.5391
15427.1,28933.1,15999.9,29437.9,0.5390
11530.4,50157.6,12156.2,50560.0,0.5390
10599.4,67726.4,11195.7,68157.9,0.5389
13139.9,53364.3,13757.5,53760.0,0.5388
13460.6,16526.6,14010.8,16956.5,0.5388
16358.2,17243.1,16633.2,17280.0,0.5387
12308.1,32025.3,12479.6,32494.4,0.5386
17553.0,34148.9,18176.0,34560.0,0.5386
3551.3,40170.7,4157.1,40636.4,0.5385
12800.0,29126.7,12947.0,29278.9,0.5385
10194.8,26055.5,10557.5,26240.0,0.5385
13226.2,28721.5,13758.1,29119.6,0.5384
9996.1,20388.9,10559.7,20800.0,0.5383
14234.3,10594.4,14718.9,11004.3,0.5382
3892.8,24006.3,4159.5,24232.1,0.5381
16010.3,41925.2,16611.8,42325.2,0.5381
17918.1,3780.2,18176.0,4160.0,0.5381
12682.2,36391.0,13120.0,36798.9,0.5380
8347.9,9079.5,8960.0,9600.0,0.5380
17560.8,5623.0,18176.0,6080.0,0.5379
10592.1,14466.3,10880.0,14850.8,0.5379
8560.6,5572.7,8639.7,5758.6,0.5379
1609.0,12331.4,2239.9,12619.6,0.5379
15532.0,39043.9,15999.0,39575.5,0.5378
13464.5,13487.9,14077.8,13816.9,0.5377
5121.4,1920.9,5569.6,2105.9,0.5376
12543.0,46631.3,13118.8,47039.6,0.5375
16009.2,9281.9,16384.8,9415.1,0.5373
7086.1,31979.0,7679.4,32320.0,0.5373
15745.8,37982.2,16316.5,38400.0,0.5373
14513.7,38588.0,15038.0,39039.9,0.5371
17202.3,3175.3,17279.7,3519.7,0.5370
1292.1,35457.7,1916.9,35840.0,0.5369
9923.2,37658.0,10558.3,38080.0,0.5369
14554.4,34706.8,14719.7,35186.9,0.5368
14813.1,1600.7,15038.9,1984.0,0.5368
8022.5,6720.0,8638.9,7164.4,0.5367
2884.7,36412.3,3516.4,36800.0,0.5366
5894.9,6088.9,6080.0,6366.3,0.5363
6517.8,5419.1,7039.1,5759.9,0.5360
16398.7,19857.5,16960.0,20374.3,0.5360
5227.7,50939.1,5760.0,51517.4,0.5358
5773.2,41160.8,6395.6,41600.0,0.5357
5025.9,20160.0,5120.0,20481.5,0.5357
17286.7,25254.6,17920.0,25597.5,0.5357
2616.5,28800.6,2879.9,29145.0,0.5355
16757.3,55371.9,16960.0,55982.7,0.5353
5123.8,5763.2,5557.8,6245.7,0.5353
16793.3,16552.9,16959.0,16640.0,0.5352
17536.0,35520.0,18174.1,35943.5,0.5352
5799.1,54643.1,6395.8,55040.0,0.5351
17651.5,41920.0,17920.0,42410.5,0.5348
9790.7,33285.1,10240.0,33828.4,0.5348
17064.0,6418.1,17599.7,6720.0,0.5343
7392.1,20290.4,7680.0,20798.7,0.5342
15401.8,37649.0,16000.0,38080.0,0.5342
8337.5,9457.3,8960.0,9907.9,0.5341
9736.8,13174.4,9920.0,13713.8,0.5341
14615.0,13502.4,15038.9,13922.9,0.5341
17401.2,64750.2,17918.3,65277.2,0.5340
13120.7,48077.5,13315.6,48640.0,0.5338
9006.4,64456.7,9596.9,64959.4,0.5338
12625.0,35154.1,13117.9,35520.0,0.5336
8960.2,640.5,9301.4,823.7,0.5334
11610.5,27521.1,12160.0,28014.0,0.5333
7415.3,20480.0,7679.4,21061.6,0.5332
12406.5,13208.7,12479.1,13439.5,0.5330
15997.0,22086.6,16320.0,22368.5,0.5330
12172.6,13440.0,12798.8,13861.4,0.5329
11200.7,68071.5,11838.7,68480.0,0.5328
18110.5,20877.1,18176.0,21118.9,0.5328
15266.9,5303.2,15359.5,5653.0,0.5327
4588.2,25079.9,5119.3,25596.1,0.5327
3571.2,55603.1,4154.2,56000.0,0.5326
9928.3,21877.6,10059.7,22400.0,0.5323
8677.4,52674.1,9276.8,53118.4,0.5321
11848.2,31126.7,12301.8,31671.7,0.5317
4822.7,5122.4,5440.0,5539.0,0.5317
5528.5,32421.2,6072.7,32960.0,0.5316
8627.5,10887.1,8959.8,11301.3,0.5316
12620.5,11523.3,13120.0,11997.3,0.5315
16138.6,2573.8,16639.0,3063.3,0.5314
16961.3,7365.9,17597.1,7845.1,0.5312
7346.4,7582.5,7679.7,7999.8,0.5308
6175.3,6080.0,6399.6,6651.7,0.5307
1376.0,843.7,1919.9,1278.9,0.5306
8275.7,23362.6,8640.0,23918.8,0.5302
7755.2,49492.2,8314.9,49918.8,0.5299
17008.9,59843.0,17596.3,60373.8,0.5297
8996.2,63943.4,9596.5,64320.0,0.5295
657.9,1183.0,1278.6,1600.0,0.5291
14614.4,50881.0,15035.6,51015.9,0.5291
17474.5,35075.9,17599.7,35514.0,0.5290
7040.3,13762.1,7154.3,13910.5,0.5290
707.7,38286.2,1276.0,38719.2,0.5289
14401.3,5182.2,14504.1,5293.4,0.5288
13140.5,20696.9,13760.0,21120.0,0.5288
14722.2,41631.7,14813.2,41949.8,0.5287
2245.1,6962.0,2726.2,7357.0,0.5287
3920.1,34880.4,4159.2,35373.0,0.5285
1513.4,0.0,1600.0,451.5,0.5285
7992.4,24013.1,8320.0,24331.0,0.5280
17844.2,40960.0,18175.4,41484.7,0.5277
7041.5,34138.4,7679.9,34560.0,0.5277
10653.5,8971.8,11197.2,9442.3,0.5275
353.8,37600.6,957.6,38078.8,0.5275
13170.0,37648.6,13439.9,38078.0,0.5275
7742.4,1424.5,8318.0,1908.0,0.5273
17086.8,48008.3,17582.7,48546.2,0.5273
12205.4,26686.6,12796.4,27178.1,0.5272
11874.1,65813.9,12473.7,66236.2,0.5272
11409.6,22080.0,11519.8,22703.4,0.5271
14543.8,16961.4,14719.6,17091.4,0.5271
9922.6,42562.6,10070.9,43091.6,0.5270
5761.5,10241.1,6392.4,10391.4,0.5270
16640.0,3201.4,16755.1,3518.6,0.5270
8987.4,8320.0,9597.7,8741.0,0.5269
4888.0,32000.0,5436.0,32555.3,0.5268
1940.3,16269.4,2557.7,16640.0,0.5267
681.9,11448.8,1278.3,11840.0,0.5266
5846.1,7540.6,6080.0,7997.2,0.5264
12413.0,30086.0,12800.0,30337.0,0.5264
10002.0,31044.7,10239.8,31358.8,0.5261
3825.7,25163.1,4159.2,25598.5,0.5260
10908.7,32216.7,11515.4,32640.0,0.5259
9802.7,13442.3,10144.4,13688.6,0.5256
6494.4,1280.0,6718.7,1646.8,0.5255
17393.6,35946.5,17920.0,36477.4,0.5254
14949.0,37765.8,15360.0,38100.0,0.5254
8853.7,30926.3,8960.0,31354.5,0.5254
15514.5,8640.9,15959.7,8960.0,0.5254
17536.0,55211.4,17664.8,55358.8,0.5253
16001.2,55552.3,16072.1,55680.0,0.5253
16320.0,44757.0,16412.4,45118.7,0.5250
12677.9,8888.9,13120.0,9280.0,0.5246
17777.8,27914.1,18176.0,28480.0,0.5246
12540.5,960.0,12799.8,1315.6,0.5245
15913.5,27521.1,16319.9,27753.5,0.5244
16066.4,57888.8,16216.2,58238.2,0.5243
16434.7,4077.5,16953.4,4480.0,0.5243
2921.5,25605.1,3199.7,25906.9,0.5240
7828.8,5120.0,8309.3,5539.8,0.5237
10782.5,4486.8,11195.3,4896.8,0.5236
10303.5,53028.1,10876.4,53439.2,0.5235
7391.7,62949.9,7995.3,63360.0,0.5232
17000.2,22235.3,17598.3,22710.7,0.5231
17536.0,43200.7,17704.9,43360.7,0.5231
11215.3,9174.9,11839.0,9600.0,0.5230
5123.6,22720.0,5757.1,23204.3,0.5229
15463.1,3344.4,15679.8,3837.7,0.5226
9748.7,3732.8,10240.0,4160.0,0.5225
666.2,69508.7,1277.2,69888.0,0.5225
12707.6,14203.2,12798.9,14399.3,0.5224
5770.6,15365.3,6397.6,15876.9,0.5224
8329.9,6263.2,8957.3,6719.0,0.5224
3736.2,8641.4,4160.0,9139.5,0.5223
12815.1,6094.6,13438.3,6497.6,0.5221
11604.1,39044.5,11839.3,39514.2,0.5221
15619.8,17061.3,15998.1,17600.0,0.5220
4418.5,35520.8,4800.0,36077.4,0.5219
1932.8,61051.0,2556.1,61440.0,0.5217
1916.5,15879.8,2238.7,15996.4,0.5217
6418.1,68390.7,7036.7,68800.0,0.5213
15636.7,23112.2,16000.0,23679.3,0.5212
3553.5,44067.5,4154.7,44480.0,0.5212
13194.9,31181.6,13758.8,31680.0,0.5208
12552.5,10041.7,13114.0,10552.7,0.5207
10835.7,28282.8,11200.0,28797.9,0.5203
15680.0,56003.1,15879.7,56498.5,0.5202
5441.3,25814.6,6076.3,26240.0,0.5202
2315.9,9600.0,2880.0,9820.5,0.5201
12171.5,34880.0,12795.1,35116.3,0.5200
6475.4,30988.1,6719.7,31360.0,0.5200
5760.2,10564.7,6161.0,10824.8,0.5199
10686.0,17416.4,10880.0,17914.0,0.5193
14899.6,8007.8,15339.7,8411.6,0.5190
2547.3,51209.1,2880.0,51613.6,0.5190
5864.6,15003.9,6399.8,15355.4,0.5190
2144.3,19117.5,2557.6,19520.0,0.5189
16591.0,18989.7,16960.0,19520.0,0.5185
5447.9,13010.0,6078.0,13440.0,0.5184
5779.2,25281.4,6397.1,25708.6,0.5184
9304.7,3045.3,9920.0,3517.8,0.5184
6164.9,32001.9,6399.5,32200.0,0.5184
14172.2,20480.7,14398.1,20782.1,0.5183
8014.8,27906.2,8640.0,28157.6,0.5183
4807.2,3910.8,5440.0,4160.0,0.5182
13162.3,4805.4,13759.4,5259.8,0.5182
12101.7,12952.9,12263.9,13114.1,0.5181
17676.9,43885.7,17920.0,44480.0,0.5180
13337.1,48243.4,13440.0,48640.0,0.5179
17755.9,47592.5,17920.0,47679.5,0.5179
10250.6,33843.0,10874.4,34240.0,0.5177
10150.8,13545.7,10239.5,13756.1,0.5177
16800.2,28124.6,16960.0,28480.0,0.5176
4825.0,31041.0,5119.4,31499.8,0.5176
15855.8,39685.1,16320.0,40167.6,0.5175
4886.6,25114.7,5439.3,25594.7,0.5174
12401.0,45357.6,12796.6,45622.9,0.5174
17384.3,34882.3,17915.3,35369.8,0.5174
17288.2,13136.9,17919.0,13440.0,0.5173
14630.7,4822.8,14719.7,5120.0,0.5172
5168.7,41161.9,5755.7,41597.1,0.5171
15624.6,21764.4,16000.0,22227.7,0.5170
16390.4,136.4,16960.0,635.7,0.5169
16640.9,5023.4,16927.4,5436.9,0.5169
16412.9,30720.0,16958.7,31338.4,0.5166
13148.9,34617.5,13748.6,34880.0,0.5166
350.0,3059.1,958.0,3515.5,0.5164
320.0,8479.7,794.5,8956.4,0.5163
16334.3,1600.5,16518.0,1830.1,0.5163
9672.1,37440.0,10237.5,37880.7,0.5160
11866.9,27200.0,12478.8,27608.4,0.5158
16321.4,15671.7,16959.6,16000.0,0.5158
17998.9,21441.6,18175.6,21569.6,0.5156
2614.1,61010.0,3193.3,61439.5,0.5155
10679.5,7680.0,11192.7,7832.3,0.5154
6080.9,6400.0,6550.6,6851.5,0.5153
4806.0,21455.7,5440.0,21951.1,0.5152
3276.9,11482.6,3838.9,11830.5,0.5148
10255.7,10002.9,10560.0,10560.0,0.5148
3985.5,6580.3,4159.3,7014.8,0.5147
2573.5,39921.3,3196.2,40320.0,0.5146
9924.3,2267.9,10101.7,2560.0,0.5146
12800.0,45121.2,12872.6,45209.7,0.5146
8003.0,5441.2,8311.9,5547.0,0.5146
4050.4,10085.4,4160.0,10553.0,0.5145
10601.0,19003.2,11200.0,19519.0,0.5145
2567.2,9924.4,3198.2,10365.4,0.5142
633.4,2592.1,960.0,3197.0,0.5141
2188.5,22158.4,2560.0,22719.6,0.5141
693.3,15907.1,1276.8,16320.0,0.5139
8961.7,28264.9,9151.9,28478.7,0.5138
3529.7,57520.5,4157.1,57920.0,0.5138
4337.4,3414.0,4480.0,3840.0,0.5136
15372.8,40840.9,15995.6,41280.0,0.5127
14780.9,19716.5,15354.2,20160.0,0.5126
6080.0,16320.2,6162.7,16457.1,0.5125
12618.7,31064.6,13117.5,31635.8,0.5124
18095.1,57197.7,18176.0,57279.5,0.5123
12603.8,8540.4,12799.5,8960.0,0.5123
10449.4,35201.1,10880.0,35703.9,0.5121
15765.3,34001.4,16318.7,34560.0,0.5120
7777.1,12805.2,8312.4,13262.5,0.5119
12480.1,31681.2,12720.3,31753.8,0.5118
7360.0,40004.9,7714.5,40298.3,0.5118
8329.6,59118.4,8956.9,59520.0,0.5118
11888.8,33603.2,12160.0,34018.0,0.5117
9051.3,37542.3,9600.0,38077.3,0.5116
8351.8,33602.5,8640.0,33893.9,0.5115
1513.1,7691.6,1920.0,8131.4,0.5115
17770.5,7280.5,17920.0,7679.2,0.5114
2240.0,17585.2,2875.8,17920.0,0.5112
6406.7,10881.1,7040.0,11043.8,0.5112
11202.8,12476.3,11597.3,12799.0,0.5111
330.8,57538.6,955.7,57920.0,0.5111
11072.1,12070.0,11145.4,12480.0,0.5110
9670.1,31041.3,9920.0,31183.9,0.5110
12279.0,43842.8,12800.0,44367.4,0.5109
1059.1,9921.9,1600.0,10238.3,0.5109
6455.4,33603.5,7032.6,34171.6,0.5109
1068.5,27287.4,1280.0,27807.1,0.5108
11549.7,36160.0,11840.0,36652.5,0.5108
17407.3,27527.3,17917.0,27948.3,0.5108
11840.3,20355.9,12476.6,20795.3,0.5106
15360.0,30758.9,15537.4,30997.2,0.5103
4210.8,43412.3,4795.0,43839.1,0.5102
4873.3,56559.4,5436.2,56957.8,0.5101
11840.0,10733.6,12477.2,11197.7,0.5100
14422.7,53445.9,15037.9,53949.4,0.5099
6757.4,28160.0,7040.0,28722.6,0.5099
6042.5,14646.6,6400.0,15038.1,0.5097
1604.0,24134.6,2231.9,24637.6,0.5094
3210.0,11840.0,3837.2,12050.0,0.5093
7051.0,67767.0,7678.1,68160.0,0.5092
17359.3,25365.5,17915.3,25920.0,0.5090
12316.3,13320.8,12426.5,13570.0,0.5090
3707.9,18418.4,4157.2,18867.0,0.5089
13816.4,5129.7,14079.7,5438.8,0.5086
12480.0,6080.3,13117.2,6420.1,0.5086
17643.5,27740.3,18175.5,28160.0,0.5084
7682.6,20185.8,7843.6,20567.0,0.5083
7742.1,26684.8,8317.0,27200.0,0.5082
757.6,19844.7,877.2,20284.8,0.5082
17071.8,24321.5,17599.5,24718.4,0.5082
12480.0,38081.0,12578.9,38182.9,0.5081
7781.4,16135.3,8320.0,16634.3,0.5080
699.1,16198.7,1278.8,16631.1,0.5080
12531.0,21764.6,12798.9,22352.7,0.5079
14116.1,65204.6,14716.4,65600.0,0.5079
15765.0,23499.4,16316.4,23999.4,0.5078
1035.2,20068.6,1165.0,20478.9,0.5076
6354.9,10569.0,6720.0,10904.6,0.5076
13966.2,20486.2,14384.2,20877.1,0.5071
4814.6,21265.5,5437.4,21757.5,0.5071
13525.7,31059.0,14076.8,31343.9,0.5070
16961.7,55360.0,17462.6,55840.1,0.5067
1968.2,51675.2,2555.1,52159.2,0.5067
9920.0,37442.4,10374.8,37990.2,0.5067
3846.8,547.0,4480.0,960.0,0.5065
6532.0,13448.1,7040.0,14061.6,0.5064
15172.5,22080.7,15360.0,22257.0,0.5064
7783.3,29960.9,8000.0,30080.0,0.5063
2031.4,12803.1,2558.3,13247.4,0.5060
14400.5,23055.6,14762.0,23428.2,0.5057
9289.4,1817.0,9775.0,2240.0,0.5057
17766.0,30722.4,18173.4,30982.5,0.5056
10243.5,27614.7,10878.5,27840.0,0.5054
7785.9,29941.3,8193.0,30146.0,0.5054
13223.5,8004.1,13755.4,8625.2,0.5054
334.5,406.8,640.0,956.4,0.5052
6749.6,18414.7,7348.9,18869.2,0.5051
15362.5,23622.9,15732.3,24000.0,0.5050
16459.7,17703.3,16640.0,17919.0,0.5047
15688.5,24127.3,16320.0,24640.0,0.5047
17648.7,20805.3,18173.1,21281.7,0.5046
9701.0,241.5,10240.0,640.0,0.5045
11389.0,18099.2,11835.7,18559.5,0.5045
10052.4,24120.6,10551.1,24481.5,0.5043
12718.3,33080.5,13120.0,33600.0,0.5041
10885.8,28374.0,11515.2,28800.0,0.5041
14400.7,42560.0,14807.2,42672.2,0.5040
14834.8,15458.3,15355.7,15999.0,0.5040
17701.4,20481.3,18169.4,20688.0,0.5039
12814.8,46621.5,13097.1,47038.5,0.5039
14616.7,7595.9,14719.2,7999.6,0.5038
14015.4,42653.1,14297.3,42879.6,0.5038
5456.8,45392.8,6077.3,45760.0,0.5036
17335.5,28163.1,17917.0,28661.4,0.5032
12800.0,12746.0,13420.5,13120.0,0.5031
4826.4,41812.9,5435.7,42238.2,0.5030
16404.8,28665.4,16960.0,29120.0,0.5030
14450.3,25600.0,15040.0,26111.5,0.5029
5286.5,6260.3,5440.0,6714.0,0.5028
13192.0,29789.5,13754.4,30173.3,0.5026
10563.9,18846.5,11200.0,19200.0,0.5025
3493.9,1658.1,3840.0,2240.0,0.5024
1935.9,19431.3,2212.9,19828.9,0.5023
17280.0,55242.9,17686.1,55476.6,0.5018
10147.5,29120.9,10559.4,29330.3,0.5017
12186.5,4166.0,12797.1,4560.2,0.5014
2955.4,1922.4,3199.5,2447.2,0.5014
9798.0,13177.2,10235.9,13759.2,0.5013
17281.2,30410.0,17398.4,30576.2,0.5013
320.0,8014.7,842.9,8375.5,0.5012
17950.9,41281.6,18174.9,41461.5,0.5009
16916.2,3200.0,17276.7,3651.9,0.5008
8963.3,26560.0,9458.7,26811.1,0.5007
2693.3,28480.0,2878.8,28520.2,0.5005
6574.9,3525.9,7037.7,4033.4,0.5005
15681.5,55360.8,15734.9,55454.1,0.5005
9361.6,36971.3,9920.0,37438.2,0.5005
14508.9,30080.0,15031.1,30294.4,0.4999
8377.6,50413.5,8954.8,50877.7,0.4999
3654.8,13335.5,4159.8,13754.0,0.4998
14443.5,51913.7,15006.4,52477.7,0.4997
8320.0,16321.5,8672.6,16530.4,0.4994
17537.8,42832.5,17646.4,43098.4,0.4994
6324.4,10273.8,6720.0,10560.0,0.4994
649.0,68090.5,1276.5,68480.0,0.4992
9619.1,11522.7,10238.2,11969.8,0.4991
8967.3,12164.1,9596.7,12464.6,0.4991
11280.5,15915.5,11515.1,16320.0,0.4988
8033.7,64893.0,8636.5,65280.0,0.4986
3936.5,11510.0,4478.5,11840.0,0.4986
1788.7,6727.8,1920.0,7083.6,0.4985
407.1,18907.3,639.0,19273.3,0.4985
17698.2,51099.6,18165.2,51520.0,0.4984
3210.9,14646.8,3835.2,15040.0,0.4982
2315.0,13764.9,2473.5,14072.4,0.4981
9917.9,30100.3,10240.0,30441.6,0.4981
4503.1,61680.8,5116.2,62080.0,0.4978
2606.7,537.2,3196.7,960.0,0.4973
12525.7,2561.9,12800.0,2989.7,0.4971
10533.8,33940.6,10876.5,34375.1,0.4970
4483.5,48263.3,5117.1,48640.0,0.4968
15040.0,7344.9,15117.2,7680.0,0.4967
17556.7,3074.3,18173.4,3504.1,0.4966
3845.1,13509.7,4476.8,13760.0,0.4964
9601.2,42736.2,9952.3,43200.0,0.4963
16840.1,46124.6,16939.3,46581.9,0.4963
13446.6,30296.4,14079.8,30707.0,0.4961
16684.3,18240.0,16957.9,18728.2,0.4959
10251.4,69360.5,10877.3,69760.0,0.4958
117.5,14727.2,636.5,15252.4,0.4953
16648.5,35057.9,17280.0,35520.0,0.4953
7170.7,18739.0,7680.0,19194.3,0.4952
6720.0,26577.4,7360.0,26875.8,0.4951
8324.1,31386.5,8639.1,31680.0,0.4950
17381.7,40643.1,17598.8,40953.1,0.4950
7505.5,13650.3,8000.0,14080.0,0.4949
15538.0,43036.4,15996.1,43518.8,0.4946
4415.8,8799.2,4800.0,9276.6,0.4945
16644.6,6982.7,17280.0,7353.5,0.4945
5440.0,27520.0,5680.3,27988.6,0.4944
14400.0,41600.0,14821.1,42117.4,0.4944
8320.6,24640.8,8528.6,24823.1,0.4942
12891.2,36483.4,13119.5,36906.1,0.4941
16320.2,58586.7,16541.3,59200.0,0.4941
4004.1,19869.9,4159.8,20316.3,0.4939
5910.5,16818.3,6080.0,17278.0,0.4939
12482.0,4800.0,13118.7,5270.5,0.4939
3120.8,29281.6,3520.0,29755.4,0.4939
2880.1,8541.8,3518.6,8954.9,0.4938
10453.1,14090.2,10559.5,14506.2,0.4937
16640.0,9007.9,16764.1,9527.3,0.4937
3520.0,51840.0,4157.1,52270.2,0.4936
7233.5,26906.6,7680.0,27200.0,0.4935
13543.5,39791.5,13759.8,39999.0,0.4935
16640.0,21446.7,17212.5,21845.2,0.4935
8960.0,30720.9,9599.2,31135.6,0.4934
16652.3,15681.3,17276.5,15887.6,0.4933
4855.6,17283.9,5120.0,17574.5,0.4933
16977.2,55680.0,17595.8,56172.2,0.4933
16320.0,57115.1,16454.1,57582.1,0.4931
426.3,16035.1,960.0,16316.1,0.4929
13441.0,31040.2,13727.9,31457.2,0.4928
3574.5,40794.6,4156.7,41278.7,0.4927
11520.9,26911.9,12158.2,27200.0,0.4926
6405.5,33534.2,7020.1,33920.0,0.4925
10594.9,38114.6,11200.0,38720.0,0.4920
11107.1,34980.1,11520.0,35520.0,0.4920
5176.2,62274.1,5754.2,62717.9,0.4919
4189.9,29761.6,4480.0,30147.4,0.4918
19.5,36694.7,636.6,37117.7,0.4917
5433.3,11523.4,5759.1,11842.7,0.4915
4809.1,18797.4,5439.7,19195.7,0.4915
14630.3,28160.0,15040.0,28592.7,0.4914
14017.7,42592.8,14379.9,43005.5,0.4913
8254.8,2010.6,8640.0,2560.0,0.4913
1192.6,11280.8,1280.0,11586.2,0.4912
10509.4,22305.8,10880.0,22720.0,0.4912
6733.6,15064.9,7360.0,15360.0,0.4912
13453.5,13006.3,14053.8,13420.3,0.4911
10560.0,2249.5,11053.2,2736.9,0.4910
8412.6,11840.0,8640.0,12468.7,0.4909
10980.2,20161.6,11199.5,20485.3,0.4909
3935.0,20384.1,4480.0,20800.0,0.4909
14400.7,23459.6,14864.4,23680.0,0.4907
8681.1,67449.5,9277.1,67840.0,0.4906
6728.7,15949.9,7327.1,16316.6,0.4904
5760.0,24337.7,5972.9,24580.4,0.4904
11118.6,2572.0,11515.7,3100.7,0.4903
7680.0,17241.2,7800.9,17598.7,0.4900
12519.6,30720.0,13115.7,31020.3,0.4898
17549.1,46081.7,17967.4,46217.6,0.4898
16282.9,29188.8,16640.0,29760.0,0.4894
10891.9,13390.8,11517.5,13760.0,0.4893
9921.0,9920.5,10138.6,10046.0,0.4893
1906.5,24640.5,2239.0,24928.4,0.4892
352.5,41181.6,955.2,41598.4,0.4891
3876.2,41492.8,4476.8,41919.7,0.4891
7396.3,2918.9,7993.5,3311.5,0.4889
4675.5,22080.0,4800.0,22156.3,0.4885
1014.7,45372.6,1597.6,45760.0,0.4882
3318.6,25002.8,3520.0,25600.0,0.4882
8694.0,26451.6,9276.4,26879.7,0.4881
9522.1,14149.0,9920.0,14720.0,0.4881
4806.6,25825.7,5436.7,26240.0,0.4881
56.9,14625.3,636.2,15037.0,0.4880
1745.0,190.1,1919.3,631.5,0.4880
9371.2,22720.0,9912.0,23019.2,0.4880
4186.3,20694.6,4795.7,21120.0,0.4879
4213.3,69031.4,4798.1,69438.6,0.4878
12534.3,23360.0,12800.0,23984.2,0.4877
17811.9,37766.1,18176.0,38005.1,0.4877
965.8,40880.2,1594.4,41280.0,0.4877
15052.3,35565.9,15360.0,35926.5,0.4876
442.8,10827.4,958.1,11200.0,0.4876
18080.1,1528.6,18176.0,1913.3,0.4874
642.7,26882.2,1277.2,27214.8,0.4874
6802.5,9419.7,7356.5,9918.0,0.4872
9122.6,28386.6,9279.8,28800.0,0.4872
12486.3,45830.0,12626.5,46400.0,0.4869
3526.2,2171.2,4033.2,2560.0,0.4865
14942.0,6720.0,15357.6,6878.8,0.4865
2883.0,20691.2,3517.9,21120.0,0.4864
7045.6,28760.4,7680.0,29120.0,0.4863
7795.7,17281.6,7968.2,17463.5,0.4860
17127.9,42070.2,17567.1,42557.4,0.4859
9034.9,5440.8,9597.9,5937.5,0.4858
3667.9,5122.9,4155.2,5604.4,0.4857
3850.4,62016.9,4475.7,62400.0,0.4857
9978.0,32320.0,10552.5,32533.3,0.4855
3873.5,49538.7,4476.6,49920.0,0.4853
9247.0,25288.4,9600.0,25755.9,0.4853
16844.8,50573.0,16959.3,50880.0,0.4852
14777.1,24001.4,15040.0,24190.7,0.4851
7881.2,33604.2,7999.5,33775.3,0.4850
14809.4,14454.6,15040.0,15040.0,0.4850
1078.9,1600.0,1598.1,1788.2,0.4850
9658.7,10809.2,10240.0,11045.0,0.4849
5826.6,45007.6,6394.5,45437.1,0.4848
12857.3,44369.8,13438.3,44797.4,0.4847
1922.1,19212.2,2129.3,19489.0,0.4847
12690.6,14194.1,13114.4,14720.0,0.4846
16641.0,960.1,16974.5,1395.2,0.4845
16350.5,13006.8,16957.8,13437.1,0.4842
17678.3,11841.1,18176.0,12121.9,0.4841
14809.6,20807.4,15039.4,21274.0,0.4840
14796.7,20573.3,15357.8,21119.1,0.4836
12092.0,29341.6,12479.0,29760.0,0.4834
3089.9,29760.4,3200.0,29853.2,0.4833
9282.7,10374.8,9392.1,10546.0,0.4833
13761.7,43200.4,13954.6,43318.5,0.4832
16666.4,24145.2,17277.9,24636.5,0.4830
256.5,50570.4,640.0,50988.2,0.4830
5122.3,931.1,5216.5,1278.3,0.4829
15117.9,28742.9,15680.0,29116.7,0.4828
2900.5,24320.0,3517.4,24746.2,0.4824
9724.2,10954.9,9920.0,11181.3,0.4822
16640.0,44709.6,16761.6,45115.4,0.4822
4583.3,15685.6,4798.1,16111.5,0.4821
7861.7,34969.4,8319.9,35519.6,0.4821
67.3,14151.3,636.5,14712.9,0.4820
17329.7,30422.9,17916.9,30870.7,0.4818
3873.7,25773.9,4476.7,26238.5,0.4816
16530.9,38086.4,16640.0,38693.1,0.4816
14809.6,16982.6,15357.3,17280.0,0.4815
5824.9,64507.1,6395.0,64957.7,0.4807
3840.0,2576.5,4050.1,3063.3,0.4807
9296.2,16666.1,9920.0,16960.0,0.4807
9768.2,22405.9,9920.0,22860.9,0.4805
6819.4,18725.7,7359.3,19199.4,0.4803
2714.3,6589.7,2879.1,7040.0,0.4798
13990.7,37761.2,14400.0,38257.7,0.4797
1088.0,583.3,1598.1,959.7,0.4797
16622.0,13524.7,16959.7,14080.0,0.4796
8677.1,48227.0,9277.1,48637.9,0.4795
11389.4,18240.6,11833.8,18402.3,0.4794
1607.6,37347.9,2236.4,37760.0,0.4794
963.3,965.5,1598.1,1241.0,0.4793
6425.5,27011.8,7037.5,27197.3,0.4791
2457.0,24640.0,2880.0,25200.1,0.4790
7364.7,4055.4,7875.2,4474.8,0.4789
6150.7,8328.6,6400.0,8823.0,0.4788
13897.2,16202.2,14395.7,16640.0,0.4788
16960.0,28357.2,17526.6,28799.5,0.4788
16628.6,61440.0,16959.9,61985.4,0.4787
5503.2,23719.4,5758.1,24084.7,0.4785
16697.6,8018.6,16960.0,8314.5,0.4784
6812.2,41785.1,7348.8,42240.0,0.4783
10629.4,66097.4,11197.8,66556.3,0.4783
15265.0,42090.6,15360.0,42557.2,0.4782
1646.1,28484.9,1920.0,28881.2,0.4781
15391.3,13738.9,16000.0,14080.0,0.4781
3561.8,54637.9,4157.8,55040.0,0.4780
13441.8,14663.1,14077.4,15040.0,0.4779
9628.5,59094.4,10235.2,59519.7,0.4778
7140.2,27001.3,7673.7,27514.7,0.4778
5612.7,3853.6,6080.0,4262.2,0.4777
5459.5,9180.0,6076.3,9600.0,0.4776
7089.1,9862.7,7668.3,10240.0,0.4776
16827.6,45668.0,17187.1,46080.0,0.4772
1617.7,9512.4,2239.0,9920.0,0.4772
16029.9,22400.0,16320.0,23029.5,0.4772
17867.8,24961.1,18176.0,25446.1,0.4771
9845.2,35488.8,9919.6,35839.5,0.4769
1516.9,9605.7,1920.0,10039.2,0.4769
2794.7,22049.9,2879.7,22400.0,0.4768
5517.0,66416.5,6074.7,66877.2,0.4767
9058.3,1305.3,9464.2,1600.0,0.4767
8632.3,25724.8,8955.6,26240.0,0.4764
464.6,14497.9,960.0,15040.0,0.4764
9048.4,35840.0,9280.0,36469.7,0.4763
4193.7,39584.3,4796.3,39998.3,0.4761
9964.3,66170.8,10557.2,66560.0,0.4761
4160.0,51520.0,4797.5,51925.1,0.4759
7684.2,22359.5,8320.0,22720.0,0.4756
10767.1,8087.8,11199.8,8479.8,0.4755
9001.5,4879.2,9588.9,5118.5,0.4755
6220.7,22912.4,6717.1,23360.0,0.4754
17383.1,47177.6,17597.2,47360.0,0.4754
380.1,11358.5,952.5,11840.0,0.4753
5610.7,31040.0,5933.6,31181.3,0.4753
6270.7,20800.0,6720.0,20989.6,0.4752
17281.6,5938.9,17583.2,6386.2,0.4752
17642.2,32333.6,18176.0,32835.7,0.4752
10253.6,25797.6,10874.7,26238.6,0.4749
4314.5,23680.1,4470.2,23755.4,0.4748
15124.8,38742.0,15358.6,39190.6,0.4746
8960.0,13440.0,9578.7,13828.1,0.4745
4309.2,28803.8,4796.5,29207.1,0.4745
12894.0,8640.0,13435.7,8844.0,0.4745
16083.6,55766.0,16304.1,56000.0,0.4743
4480.5,22943.0,5116.8,23360.0,0.4740
17644.5,13877.2,18168.3,14392.2,0.4740
2980.0,18391.5,3520.0,18879.1,0.4739
10882.2,19391.7,11102.6,19840.0,0.4738
11663.4,12298.2,11839.5,12799.7,0.4735
15368.6,18560.0,15995.5,18807.4,0.4734
5536.2,9284.1,6080.0,9750.1,0.4733
5442.4,16488.8,5864.8,16956.8,0.4731
5211.1,53978.6,5756.1,54397.0,0.4730
17973.5,18264.2,18176.0,18835.8,0.4729
2886.2,34461.1,3517.2,34880.0,0.4726
2562.3,69393.3,3196.7,69760.0,0.4725
4484.8,18622.8,5118.5,19030.0,0.4724
16001.1,37120.0,16622.7,37368.6,0.4721
13576.4,2977.7,14079.8,3517.0,0.4721
9954.2,2880.0,10544.0,3029.3,0.4721
13196.2,67484.1,13757.2,67839.6,0.4721
17281.9,41253.3,17469.5,41595.7,0.4721
11450.1,2852.7,11839.1,3200.0,0.4719
3327.9,21128.7,3520.0,21381.5,0.4718
4217.8,45053.7,4796.0,45440.0,0.4715
2992.7,640.0,3520.0,1276.0,0.4714
17026.2,26528.4,17600.0,26880.0,0.4710
7777.5,8248.7,7986.2,8639.1,0.4710
12808.7,32841.7,13298.4,33280.0,0.4709
3421.1,6197.7,3840.0,6718.1,0.4709
11556.2,2249.1,11847.4,2414.1,0.4708
10648.4,19525.8,11197.3,19986.6,0.4706
7389.6,62604.6,7996.0,63036.1,0.4706
7045.1,19763.0,7678.1,20160.0,0.4706
3148.9,13760.0,3199.5,13878.9,0.4704
381.6,68375.6,955.6,68797.5,0.4703
6742.0,25119.0,7358.6,25597.2,0.4702
15659.0,35202.1,15993.6,35382.6,0.4702
10242.3,43655.9,10685.0,44160.0,0.4700
3036.9,14515.2,3518.3,15040.0,0.4699
7683.1,22622.0,8320.0,23040.0,0.4698
8640.0,32642.0,8757.3,32749.4,0.4698
2002.4,50990.0,2559.2,51367.4,0.4698
4916.1,30445.4,5120.0,30672.8,0.4697
17749.0,56775.8,17915.4,56960.0,0.4696
12611.0,25745.8,13109.0,26236.5,0.4695
10086.5,18244.1,10560.0,18716.6,0.4694
11207.7,26560.0,11520.0,27096.6,0.4693
960.5,12165.2,1253.0,12528.6,0.4693
11615.2,19520.0,11840.0,20121.4,0.4690
14086.2,23218.5,14717.1,23673.7,0.4690
16072.4,46086.2,16211.1,46470.4,0.4688
6091.8,4484.8,6719.0,4953.0,0.4688
1109.6,15674.2,1279.8,15996.3,0.4688
2414.5,18241.9,2879.9,18415.7,0.4687
3914.0,8347.1,4478.0,8638.8,0.4687
17239.8,10517.1,17600.0,10879.6,0.4686
5632.9,17600.0,6073.2,17848.6,0.4685
5524.2,27029.4,6075.1,27519.1,0.4684
6082.8,18242.0,6715.9,18635.5,0.4683
18003.1,27520.0,18175.7,27607.6,0.4683
8366.7,65858.9,8957.5,66240.0,0.4683
15711.3,32374.2,16000.0,32682.3,0.4682
16988.1,25301.0,17599.9,25600.0,0.4681
4480.0,7366.1,4903.1,7555.5,0.4681
5470.2,52752.1,6080.0,53120.0,0.4680
8721.5,7563.5,9269.5,7998.3,0.4679
11065.2,9281.1,11200.0,9453.9,0.4679
2560.4,9600.0,2978.1,9756.5,0.4679
15040.0,22297.3,15540.5,22720.0,0.4678
16719.1,11578.4,17277.9,12160.0,0.4677
11902.6,54907.2,12475.5,55357.2,0.4677
15318.5,18241.0,15680.0,18686.2,0.4677
15384.5,16526.7,15999.1,16960.0,0.4676
7243.5,19274.2,7680.0,19838.0,0.4675
15415.8,57824.3,15996.4,58240.0,0.4674
3539.5,54008.6,4157.2,54400.0,0.4673
16327.3,705.4,16953.2,958.2,0.4672
5815.7,53698.6,6397.5,54080.0,0.4672
10239.7,3853.0,10560.0,4159.7,0.4671
17099.9,4482.7,17278.9,4816.3,0.4670
9921.4,43352.3,10427.6,43839.3,0.4668
10882.2,40002.9,11218.0,40262.1,0.4667
17679.6,30348.0,18174.0,30720.0,0.4666
7368.9,26302.8,7998.9,26559.0,0.4666
14080.0,31360.7,14719.9,31768.7,0.4665
4163.5,918.8,4553.6,1280.0,0.4665
15191.4,13321.0,15670.3,13760.0,0.4665
8246.9,21120.5,8639.9,21601.2,0.4664
12302.5,9161.3,12797.2,9600.0,0.4663
14844.9,4482.7,15360.0,4742.9,0.4662
1021.2,17325.7,1278.4,17600.0,0.4661
9314.2,22406.7,9916.2,22944.8,0.4661
17806.1,22401.2,18165.1,22692.9,0.4660
4524.6,54348.6,5116.3,54720.0,0.4660
10896.9,66466.4,11517.7,66880.0,0.4659
3181.3,33920.0,3520.0,34400.4,0.4658
7680.0,3958.9,7849.4,4471.0,0.4654
9878.2,30720.5,10240.0,31170.1,0.4652
8410.6,2247.3,8640.0,2610.8,0.4651
17560.5,9280.0,18172.4,9515.9,0.4650
13440.0,32646.0,14079.7,33113.8,0.4649
1014.2,24530.6,1597.6,24960.0,0.4647
8063.2,29976.5,8276.7,30132.6,0.4645
10576.7,60095.6,11196.9,60480.0,0.4645
9958.6,48200.0,10555.2,48639.0,0.4644
946.1,5137.6,1280.0,5408.5,0.4642
4160.0,21456.5,4797.9,21760.0,0.4641
13370.9,4484.1,13750.9,4837.5,0.4641
14862.1,17359.1,15037.0,17599.1,0.4641
16640.0,29444.5,17278.0,29864.5,0.4640
2974.1,68739.9,3516.8,69120.0,0.4638
9588.7,27906.0,9917.3,28159.5,0.4637
2963.8,4295.0,3518.6,4800.0,0.4636
5294.9,15366.6,5758.7,15680.0,0.4636
5163.2,26733.9,5760.0,27026.8,0.4634
14080.0,50846.8,14150.4,51199.9,0.4633
4572.5,28804.7,5119.6,29432.5,0.4632
15988.8,34240.0,16319.8,34847.3,0.4631
5120.0,36627.8,5312.4,37116.3,0.4631
16000.0,18636.8,16544.3,18879.7,0.4631
997.7,1179.7,1597.6,1593.7,0.4627
663.9,13760.0,960.0,14204.4,0.4627
7688.3,15989.3,8320.0,16318.6,0.4626
12012.8,36801.5,12159.2,36953.6,0.4625
2282.4,10729.4,2879.0,11199.1,0.4623
3331.4,26318.3,3519.7,26734.3,0.4622
15890.9,8483.3,16320.0,8949.4,0.4620
14123.8,13064.2,14717.2,13440.0,0.4619
14160.3,52265.4,14719.9,52800.0,0.4619
11682.5,28193.9,11840.0,28636.2,0.4619
12634.3,40320.0,13120.0,40808.7,0.4619
9328.3,16727.9,9918.7,17280.0,0.4618
13120.0,21441.4,13235.8,22048.6,0.4617
7709.3,25211.6,8316.6,25600.0,0.4616
10240.0,41955.7,10715.1,42453.2,0.4616
329.2,18897.3,957.4,19200.0,0.4615
14229.4,28058.0,14720.0,28480.0,0.4614
678.5,67395.7,1274.6,67838.4,0.4614
4544.8,421.4,5120.0,959.4,0.4613
10852.1,32001.8,11195.7,32431.8,0.4613
10364.7,4160.0,10803.3,4427.9,0.4608
1315.3,42168.2,1916.4,42560.0,0.4608
11250.0,35524.1,11519.1,35940.5,0.4607
10560.0,68707.9,11198.0,69120.0,0.4606
16640.0,7315.8,17279.8,7680.0,0.4606
11511.5,6720.0,11836.4,7238.1,0.4605
10785.3,3200.0,11200.0,3414.7,0.4604
11218.1,21662.7,11835.5,22080.0,0.4604
15147.5,26964.1,15359.5,27412.2,0.4603
14720.3,53444.6,14991.1,53900.0,0.4602
5469.5,51736.1,6079.0,52156.8,0.4602
14619.1,41281.2,14792.4,41545.8,0.4602
8569.5,23043.5,8640.0,23356.0,0.4599
5491.1,63230.6,6075.1,63676.8,0.4598
7523.6,32710.8,7999.7,33280.0,0.4598
3840.0,13121.0,4478.0,13379.2,0.4597
12803.7,9989.1,12919.3,10546.3,0.4595
12161.8,25924.8,12271.8,26388.0,0.4594
14173.2,36374.5,14398.2,36800.0,0.4593
11422.7,8432.1,11520.0,8946.3,0.4593
6962.6,31196.3,7040.0,31670.0,0.4592
2264.1,42117.7,2877.0,42558.4,0.4591
9703.8,26583.3,10238.4,26916.0,0.4590
17050.4,7967.2,17600.0,8320.0,0.4590
11739.5,19200.0,11837.5,19749.8,0.4590
5941.5,8494.8,6210.7,8779.2,0.4589
13193.7,49281.6,13756.7,49812.8,0.4588
11879.9,45641.8,12470.2,46080.0,0.4588
13616.4,19119.7,14071.0,19520.0,0.4587
9971.7,63571.9,10553.2,63997.2,0.4585
10296.1,64207.2,10874.6,64637.3,0.4584
7421.4,18768.2,7680.0,19033.5,0.4584
8632.4,5046.9,8959.8,5316.1,0.4583
1938.0,66158.3,2558.2,66560.0,0.4581
5457.7,62636.3,6073.4,63038.6,0.4580
16155.5,44302.1,16269.0,44749.8,0.4579
14520.8,29869.0,15033.3,30287.9,0.4579
6404.5,20160.5,7037.9,20461.1,0.4579
14677.9,32329.0,15040.0,32690.9,0.4578
8320.0,23589.4,8960.0,24000.0,0.4578
1052.4,22842.7,1595.2,23360.0,0.4577
8065.7,33170.2,8639.3,33600.0,0.4576
10562.2,40194.8,11017.7,40640.0,0.4576
7467.1,28549.5,7994.2,29120.0,0.4576
11933.6,22199.8,12475.5,22720.0,0.4572
16738.7,19520.1,16960.0,20077.7,0.4572
7026.8,30292.6,7186.2,30718.8,0.4571
9947.2,15223.8,10053.2,15360.0,0.4568
14102.9,13396.1,14720.0,13759.7,0.4568
10566.9,9553.0,11199.5,9920.0,0.4566
13109.4,12484.7,13440.0,12806.9,0.4566
14675.8,40323.3,15038.8,40838.4,0.4565
12861.3,23360.6,13118.3,23664.6,0.4565
14415.1,30363.0,15033.5,30720.0,0.4563
4801.2,797.5,4923.7,960.0,0.4562
7697.8,24646.8,8318.9,25176.7,0.4562
579.1,15362.1,953.6,15614.2,0.4562
5760.0,8834.9,6398.3,9277.4,0.4560
0.5,15297.1,335.4,15676.4,0.4560
2891.0,47284.2,3517.8,47680.0,0.4560
14082.2,49050.4,14719.4,49280.0,0.4560
9834.2,34928.5,10240.0,35520.0,0.4559
16244.1,28800.0,16640.0,29133.3,0.4559
7708.4,63885.1,8317.4,64314.9,0.4558
1289.7,24848.5,1919.0,25280.0,0.4554
8647.3,3173.0,9280.0,3517.2,0.4553
13127.6,16391.2,13756.7,16802.2,0.4553
11540.2,68405.1,12155.9,68800.0,0.4553
322.5,10895.6,959.0,11343.6,0.4552
12074.6,6778.2,12480.0,7168.3,0.4552
2.3,7586.9,638.9,8000.0,0.4552
5731.3,324.4,6080.0,764.4,0.4551
15770.6,9020.5,16317.1,9280.0,0.4550
286.3,18500.5,638.7,18880.0,0.4548
6212.8,12827.5,6399.1,13112.9,0.4546
13957.4,15362.9,14393.0,15931.6,0.4545
8648.6,29654.9,9278.3,30080.0,0.4545
13201.3,15578.3,13748.2,16000.0,0.4545
10314.3,9994.1,10559.1,10240.0,0.4544
9920.4,10979.2,10173.1,11198.9,0.4543
1920.0,10859.2,2557.7,11193.7,0.4543
17671.7,38470.7,17919.3,38693.2,0.4543
3.6,37688.2,637.3,38080.0,0.4542
11336.1,10658.8,11839.9,11197.9,0.4541
7041.3,4490.7,7530.3,4868.0,0.4541
9914.7,8685.2,10233.6,8988.5,0.4541
13440.0,34244.5,14033.4,34529.1,0.4539
5492.3,53033.2,6076.7,53437.7,0.4539
16009.4,55767.7,16494.3,56315.7,0.4537
13116.5,7.4,13440.0,334.9,0.4536
5178.3,45055.4,5755.9,45439.5,0.4535
12775.2,14400.1,13120.0,14886.4,0.4534
16960.9,7350.0,17319.1,7678.6,0.4534
16847.1,59370.2,16959.1,59703.0,0.4534
1946.2,19942.7,2239.8,20480.0,0.4532
17182.1,28166.8,17279.7,28379.6,0.4529
2627.3,23363.8,3199.9,23883.3,0.4528
12160.0,28725.7,12317.3,29120.0,0.4527
3840.0,7265.0,4345.4,7679.5,0.4525
17537.0,23682.0,17645.6,23782.6,0.4525
4347.4,26278.2,4479.6,26559.3,0.4525
17209.0,34242.4,17279.7,34780.1,0.4524
15401.0,20500.4,15680.0,20819.4,0.4524
6815.6,34035.3,7353.2,34560.0,0.4524
3943.8,3559.2,4160.0,4017.0,0.4523
6799.3,58454.7,7354.0,58876.8,0.4522
3996.1,19531.5,4480.0,19905.0,0.4522
15695.4,36803.6,16314.9,37310.4,0.4520
1056.6,6485.9,1596.2,7039.0,0.4518
7360.0,29315.4,7458.1,29733.9,0.4516
8672.8,23745.6,9275.6,24189.3,0.4515
14560.4,36015.7,15038.0,36478.8,0.4512
8320.0,11981.8,8469.9,12456.7,0.4510
3140.5,19920.3,3520.0,20480.0,0.4509
1.9,8413.5,125.1,8637.5,0.4509
5440.0,4897.2,5696.3,5276.6,0.4508
3932.8,17764.2,4476.7,18229.7,0.4508
3357.5,4277.4,3830.5,4799.1,0.4508
2578.1,24004.0,3195.2,24472.7,0.4507
12162.0,12835.7,12798.8,13120.0,0.4506
10763.7,10560.8,11200.0,10914.3,0.4505
3232.2,24001.1,3520.0,24444.3,0.4505
13437.8,32035.8,13760.0,32320.0,0.4503
10468.5,14720.9,10874.0,14930.2,0.4501
15040.0,57491.7,15680.0,57920.0,0.4500
16537.7,2821.2,16640.0,3198.1,0.4500
13761.8,30374.2,14398.5,30720.0,0.4499
5774.9,11521.9,6398.6,11836.1,0.4495
9920.0,28166.2,10442.0,28598.1,0.4495
685.2,11206.4,960.0,11550.9,0.4495
9532.1,11208.2,9726.1,11520.0,0.4491
10566.3,33728.9,11200.0,34236.1,0.4491
17495.4,57099.2,17600.0,57400.2,0.4491
13209.3,28801.9,13439.1,28992.1,0.4490
12481.9,31453.7,12582.2,31664.9,0.4489
14781.5,48499.0,15356.6,48836.1,0.4488
11140.5,4482.9,11520.0,4811.4,0.4486
12808.1,6800.0,13374.1,7234.3,0.4486
467.5,50882.1,640.0,51512.0,0.4485
3390.4,29889.3,3840.0,30386.7,0.4485
1627.6,53299.4,1910.8,53760.0,0.4484
12163.2,17863.5,12623.1,18240.0,0.4483
1951.7,19402.2,2559.6,19840.0,0.4482
10714.6,30721.7,10879.8,30851.6,0.4480
10566.7,39856.5,11198.3,40302.7,0.4478
10564.0,26139.9,11197.1,26560.0,0.4476
15075.0,33751.8,15677.7,34236.7,0.4476
2925.0,39199.4,3515.1,39676.6,0.4476
13598.4,38720.8,13729.9,38830.6,0.4475
10780.8,23901.1,10880.0,24320.0,0.4475
14582.4,24036.5,15040.0,24440.0,0.4474
4499.9,53057.6,5117.9,53439.9,0.4474
17915.6,59841.4,18174.1,60438.5,0.4473
7753.1,14581.2,8319.3,15026.6,0.4473
13806.4,24394.0,14398.6,24960.0,0.4467
8320.8,41280.0,8654.2,41793.2,0.4465
4160.0,50565.7,4795.9,50963.4,0.4465
17940.4,10880.0,18175.9,11335.7,0.4463
14499.5,41920.0,14714.2,42373.2,0.4463
17639.5,36025.5,17918.8,36465.7,0.4463
11209.3,44160.8,11836.0,44651.9,0.4462
10561.6,16350.1,11014.5,16684.1,0.4460
11243.5,53052.7,11837.4,53440.0,0.4458
10801.1,21123.3,11200.0,21418.9,0.4458
14401.4,48002.6,15035.6,48199.0,0.4456
4537.8,68026.0,5113.8,68476.5,0.4455
5120.0,27205.9,5367.5,27669.1,0.4454
14478.6,26922.1,14720.0,27520.0,0.4454
11520.0,17221.4,12160.0,17600.0,0.4453
7784.2,19945.2,8315.4,20478.4,0.4453
13280.3,25860.5,13440.0,26240.0,0.4452
3868.1,11123.0,4286.1,11519.1,0.4452
15370.2,55829.3,15997.5,56313.2,0.4451
1365.2,26057.5,1916.1,26553.0,0.4451
5700.5,10462.4,6080.0,10863.1,0.4450
1337.4,50462.7,1917.8,50880.0,0.4449
15684.3,44715.9,15816.1,45120.0,0.4447
3252.0,13440.0,3834.8,14072.3,0.4446
16082.9,35212.4,16319.3,35621.0,0.4445
12072.3,36033.2,12480.0,36478.4,0.4445
12881.2,13343.3,13440.0,13760.0,0.4444
14400.0,6471.0,15037.2,6633.8,0.4443
1008.8,35463.2,1595.9,35840.0,0.4443
321.8,11200.0,714.8,11436.1,0.4440
7954.1,17611.7,8319.4,17919.6,0.4439
14401.1,8047.8,14921.9,8320.0,0.4436
12423.8,13440.5,12480.0,13583.4,0.4435
12206.2,66479.1,12797.3,66880.0,0.4435
8961.0,34882.4,9042.0,35027.3,0.4435
13760.0,49836.6,13846.9,50240.0,0.4433
13120.0,15872.8,13487.2,16320.0,0.4431
7998.9,8323.8,8320.0,8723.9,0.4430
960.0,10495.5,1080.2,10879.1,0.4428
14163.1,12700.0,14717.8,13120.0,0.4427
6489.0,30928.3,7040.0,31338.9,0.4427
7680.0,19522.4,7838.5,19964.8,0.4426
11234.2,67416.5,11836.2,67836.8,0.4425
6537.2,27520.0,6719.6,28035.8,0.4425
3822.0,52058.6,4151.8,52475.6,0.4425
13440.0,11206.0,14075.2,11553.0,0.4424
10880.0,7680.0,11519.6,7971.6,0.4423
17513.4,62396.9,17599.1,62715.1,0.4422
5772.5,10244.0,6396.4,10627.6,0.4422
8000.0,41600.0,8322.3,41798.1,0.4421
3148.6,25034.9,3520.0,25280.0,0.4421
7091.3,15583.6,7675.9,15977.9,0.4420
14634.5,21976.0,14720.0,22397.4,0.4418
16447.7,30099.0,16959.0,30399.8,0.4418
13122.4,1601.5,13330.5,1800.8,0.4417
10028.8,8467.0,10558.4,8942.8,0.4417
4695.1,22726.3,5120.0,23170.8,0.4416
11569.2,26437.2,12158.1,26880.0,0.4416
11290.0,11035.3,11838.4,11500.2,0.4412
16522.3,16000.0,16950.6,16108.7,0.4409
1681.3,51382.9,2236.7,51837.0,0.4408
16962.8,37708.6,17301.1,37969.8,0.4405
8000.1,16139.2,8157.4,16634.8,0.4401
12565.8,1456.6,13120.0,1915.7,0.4400
1306.4,3842.0,1915.7,4308.2,0.4400
15552.6,43131.7,15680.0,43199.9,0.4400
1535.7,17600.0,1920.0,18070.6,0.4398
15127.8,24173.6,15676.1,24637.7,0.4397
10152.6,31045.3,10560.0,31480.2,0.4396
971.1,16220.2,1597.8,16628.3,0.4396
11564.2,62904.3,12155.9,63357.2,0.4395
8652.3,16461.9,8955.6,16639.7,0.4395
1281.6,11840.0,1919.9,11989.7,0.4395
13774.4,51520.0,14396.9,52034.8,0.4393
16359.0,23534.0,16955.2,24000.0,0.4392
2359.6,20570.0,2560.0,21095.6,0.4392
14314.5,40436.1,14400.0,40640.0,0.4391
17308.7,10127.8,17919.7,10560.0,0.4391
7680.0,27520.0,8315.3,27826.6,0.4391
17280.7,34881.4,17386.2,34995.7,0.4390
15360.0,57187.2,15868.9,57594.3,0.4389
2579.8,50880.0,3200.0,51062.6,0.4389
13327.7,15041.6,13760.0,15547.4,0.4389
7752.3,7553.0,8314.2,7998.8,0.4388
15581.7,36906.9,15679.6,37147.9,0.4388
15748.0,52806.8,15840.5,52956.0,0.4387
12499.4,12605.0,13117.2,13118.0,0.4384
7702.0,27742.7,8319.1,28160.0,0.4383
17101.2,30301.1,17279.5,30675.2,0.4382
111.9,12800.0,627.7,13039.4,0.4382
5010.4,12239.3,5120.0,12560.0,0.4381
2646.0,18952.9,3200.0,19520.0,0.4379
14208.1,40404.2,14716.8,40957.1,0.4378
11869.9,68362.7,12477.6,68798.9,0.4377
9372.3,2243.9,9599.3,2683.2,0.4376
15979.4,19240.9,16320.0,19748.2,0.4376
15737.8,28800.5,16317.8,29243.6,0.4375
7782.3,12258.3,8317.4,12800.0,0.4374
4179.9,58165.0,4795.6,58560.0,0.4374
5483.2,65820.7,6076.2,66237.7,0.4373
4220.0,54325.4,4794.4,54717.6,0.4373
8828.6,13486.8,8958.6,13831.0,0.4372
8311.2,11763.8,8614.5,12157.9,0.4372
5445.5,960.0,6079.0,1315.3,0.4372
9728.7,18880.0,10240.0,19513.3,0.4371
17048.6,55802.0,17277.5,56000.0,0.4370
2800.3,14873.0,3200.0,15346.7,0.4369
2351.0,13763.5,2878.9,14341.9,0.4368
17543.0,5469.5,18175.1,5760.0,0.4367
417.2,51953.9,953.3,52480.0,0.4367
5122.3,319.3,5757.8,640.0,0.4366
9926.1,67105.4,10556.3,67520.0,0.4365
6304.6,2396.9,6720.0,2876.1,0.4365
10305.5,17861.1,10874.9,18240.0,0.4363
4534.5,63543.2,5116.0,63996.9,0.4361
8233.1,21445.0,8640.0,21931.5,0.4361
10493.8,22084.2,10877.8,22549.9,0.4359
12334.7,13141.3,12797.1,13438.3,0.4359
15680.0,44505.0,15846.2,44964.6,0.4358
9610.7,11757.0,10235.7,12159.5,0.4357
2887.9,23680.2,3504.5,23867.1,0.4357
16330.2,23971.3,16960.0,24315.9,0.4356
3579.1,46667.6,4156.1,47040.0,0.4354
10603.3,23106.7,11198.2,23493.2,0.4354
15747.3,32534.1,16316.6,32960.0,0.4353
16062.0,20386.3,16320.0,20800.0,0.4351
11521.1,2560.0,11761.1,2763.5,0.4350
986.8,67712.2,1597.8,68159.2,0.4350
15728.7,34883.7,15999.3,35339.1,0.4350
7802.8,31807.9,8317.8,32315.8,0.4347
1923.3,2253.7,2391.0,2501.6,0.4347
8040.9,14720.0,8634.0,15341.3,0.4346
4514.0,47307.8,5115.7,47680.0,0.4346
8000.8,29532.5,8233.9,29691.6,0.4346
2361.5,24651.2,2559.1,24961.0,0.4344
1514.0,28296.0,1920.0,28796.8,0.4343
5798.7,22725.5,6080.0,23030.1,0.4343
2234.8,5202.2,2560.0,5760.0,0.4340
9049.1,5763.6,9280.0,6022.4,0.4339
12829.6,27520.9,13436.0,27972.5,0.4339
4480.2,7140.6,4900.2,7547.4,0.4336
5760.0,21126.1,6247.0,21532.2,0.4336
3857.7,41847.6,4474.4,42240.0,0.4336
3220.9,49196.8,3837.8,49600.0,0.4335
14470.6,830.9,15037.4,1273.7,0.4333
9601.6,32824.5,9824.2,33280.0,0.4332
17543.3,38883.1,17832.5,39354.9,0.4332
6962.9,31360.1,7039.6,31572.3,0.4332
3543.0,18882.1,4158.7,19030.5,0.4331
10218.2,33955.2,10549.7,34083.6,0.4331
3982.7,35133.9,4160.0,35515.7,0.4330
14591.8,25500.5,15040.0,25918.1,0.4330
16000.0,3.1,16638.6,330.7,0.4329
697.9,38628.2,1275.9,39040.0,0.4328
11251.1,16324.7,11520.0,16712.4,0.4326
8649.5,7262.4,9278.2,7680.0,0.4326
8644.8,66168.7,9277.0,66560.0,0.4325
17001.0,65513.4,17596.4,65918.8,0.4324
4030.6,8642.1,4157.5,8880.4,0.4323
17325.3,51887.7,17584.2,52158.7,0.4323
17718.2,43617.4,18176.0,44160.0,0.4322
1602.7,21760.6,1920.0,22220.2,0.4319
17663.6,7363.2,17919.2,7865.0,0.4317
16119.4,54394.4,16638.6,54720.0,0.4316
14560.8,37120.0,14718.9,37531.3,0.4315
10562.7,11856.0,10803.1,12158.8,0.4314
15702.4,5094.0,15995.1,5440.0,0.4311
11202.6,29521.1,11606.2,29760.0,0.4311
6215.4,3908.3,6399.5,4209.7,0.4310
10580.8,34120.9,11195.8,34560.0,0.4310
18010.2,54080.7,18147.9,54187.4,0.4307
11431.7,22401.5,11832.9,22621.2,0.4306
3529.5,60410.1,4156.4,60800.0,0.4304
6547.9,16002.1,7040.0,16491.8,0.4303
15370.4,64579.2,15996.3,64960.0,0.4303
6439.7,54312.9,7036.2,54718.4,0.4303
335.4,12733.4,959.1,13120.0,0.4302
428.3,325.7,957.7,735.3,0.4302
17728.0,52426.3,17919.2,52717.4,0.4302
14502.4,24136.4,15040.0,24637.5,0.4302
8381.2,61003.5,8957.9,61439.7,0.4301
13045.5,32000.0,13440.0,32227.6,0.4300
11220.3,34240.0,11840.0,34710.6,0.4299
1044.6,42461.7,1594.6,42878.9,0.4298
16278.1,24004.4,16640.0,24456.0,0.4297
6463.8,67407.9,7036.5,67838.7,0.4297
815.4,9324.5,960.0,9918.0,0.4297
7362.0,5569.3,7510.7,6078.7,0.4296
4676.8,17700.9,4799.8,17919.7,0.4296
3561.7,41511.6,4156.7,41920.0,0.4295
14785.3,46055.5,15358.9,46400.0,0.4295
5250.2,23858.8,5759.9,24320.0,0.4295
15042.4,31560.7,15581.5,31998.4,0.4291
6874.7,320.0,7359.1,828.7,0.4291
14142.4,12019.2,14719.9,12480.0,0.4291
15138.4,53604.1,15678.5,54079.7,0.4290
11600.3,23464.7,12141.1,23994.2,0.4289
16322.4,38937.6,16956.5,39360.0,0.4288
16042.7,18241.0,16613.8,18692.7,0.4287
13465.1,20801.0,13758.7,21322.4,0.4287
16320.0,53773.7,16458.9,54236.9,0.4286
8338.2,49866.8,8956.2,50240.0,0.4285
1022.0,20162.5,1370.4,20586.9,0.4284
8640.0,25606.0,9280.0,26010.8,0.4283
6587.4,14209.1,6720.0,14720.0,0.4283
1029.8,35058.4,1597.2,35518.2,0.4283
15774.0,26164.4,16316.4,26560.0,0.4282
17045.5,45963.8,17182.1,46395.2,0.4282
3895.4,15787.0,4480.0,16303.2,0.4279
1932.0,24073.6,2559.8,24318.5,0.4279
2284.3,27200.0,2874.7,27665.7,0.4278
16173.8,6781.3,16635.5,7100.0,0.4278
16960.0,62322.0,17034.2,62720.0,0.4277
6599.2,6408.0,6720.0,6545.7,0.4277
13814.7,17091.9,14079.2,17597.8,0.4276
13466.6,16650.2,14078.4,17104.6,0.4276
12247.9,35850.1,12798.2,36425.3,0.4274
14217.0,1601.1,14399.8,2067.9,0.4274
7051.8,66836.3,7676.8,67200.0,0.4273
2371.5,533.9,2875.1,959.9,0.4271
17075.7,24320.0,17279.1,24761.8,0.4271
10921.6,33607.4,11517.0,34031.0,0.4270
15680.6,43201.7,15837.8,43320.5,0.4266
7806.4,15881.5,8000.0,16313.2,0.4266
5221.4,962.6,5440.0,1354.7,0.4265
12480.6,34882.6,12860.8,35102.7,0.4264
2910.8,15562.0,3515.7,15998.7,0.4264
15986.4,16474.9,16318.9,16638.6,0.4263
5213.7,22110.9,5752.3,22551.7,0.4260
4872.8,27527.0,5426.6,28068.2,0.4259
12852.1,64231.8,13434.3,64637.3,0.4258
715.4,2.1,960.0,386.3,0.4257
10801.3,30712.9,11193.3,31037.8,0.4256
5850.9,28917.1,6397.3,29440.0,0.4254
17549.4,254.5,18173.4,640.0,0.4254
4490.0,12800.0,4800.0,12986.6,0.4254
16029.6,4865.3,16639.4,5120.0,0.4254
12980.0,26359.1,13429.3,26873.3,0.4253
9642.1,7433.5,9920.0,7997.0,0.4252
1322.2,11527.9,1915.5,11861.3,0.4251
5130.4,46017.2,5756.6,46400.0,0.4250
12596.0,41994.5,12800.0,42544.8,0.4247
14080.0,28198.5,14495.6,28610.9,0.4247
17421.9,18154.9,17920.0,18556.3,0.4247
12403.6,23885.5,12800.0,24320.0,0.4247
7771.3,2727.0,8315.7,3198.5,0.4245
5170.2,24351.1,5409.3,24640.0,0.4245
17597.3,40592.3,18176.0,40960.0,0.4245
7811.2,7040.0,7999.8,7487.8,0.4245
13848.5,42437.2,14073.5,42560.0,0.4244
960.0,53762.3,1598.9,54180.9,0.4244
14723.5,53593.8,15058.7,54079.0,0.4244
7461.0,23946.8,7998.9,24320.0,0.4243
13760.0,17008.0,14399.2,17277.7,0.4243
11202.5,38089.7,11838.2,38543.9,0.4243
9655.0,41456.6,10240.0,41913.9,0.4242
2607.2,57433.6,3194.7,57917.9,0.4241
10268.2,12161.3,10559.6,12442.7,0.4239
16737.0,15681.0,17015.0,15726.9,0.4239
6099.0,50481.4,6715.9,50880.0,0.4237
4501.8,19848.5,4800.0,20284.8,0.4237
13826.9,21509.3,14078.0,22080.0,0.4236
15818.6,27288.5,16000.0,27834.5,0.4233
16304.1,34880.0,16638.0,35514.6,0.4232
8642.3,11829.4,8779.4,12157.7,0.4232
346.7,34820.1,956.5,35200.0,0.4229
6481.3,12221.1,7039.4,12800.0,0.4229
2935.1,38655.7,3519.4,39040.0,0.4229
10880.0,18945.5,11518.5,19199.5,0.4226
7904.9,21796.6,8317.7,22290.8,0.4226
10191.0,16001.2,10560.0,16487.2,0.4224
4481.8,36481.7,5117.1,36973.4,0.4224
5742.4,23780.0,6079.6,24315.5,0.4223
7516.7,32002.4,7680.0,32185.0,0.4223
8707.7,33924.5,8959.5,34187.3,0.4223
12858.1,28486.7,13439.0,28987.9,0.4222
15751.6,19981.9,16319.1,20480.0,0.4222
13664.0,37227.6,13759.4,37702.6,0.4221
4160.9,13122.4,4505.9,13306.4,0.4219
16670.4,1471.1,17276.9,1917.7,0.4218
2926.1,44313.7,3515.5,44798.5,0.4218
7813.6,7360.0,8320.0,7555.7,0.4217
5441.8,23256.5,5820.8,23597.9,0.4217
12507.7,5971.4,13119.4,6289.3,0.4216
8000.1,7600.8,8640.0,8000.0,0.4215
8641.9,36991.0,8804.6,37119.0,0.4215
11520.8,45274.9,11862.0,45760.0,0.4214
10260.9,27859.0,10560.0,28314.7,0.4213
4190.6,68016.5,4795.6,68477.0,0.4213
17057.2,18880.0,17215.5,18945.5,0.4212
6400.5,8534.5,6845.5,8960.0,0.4210
4493.1,21120.0,4800.0,21588.0,0.4207
17367.8,49288.6,17917.9,49806.6,0.4207
12802.1,29467.9,13033.6,29730.7,0.4206
17180.8,50152.7,17278.2,50543.6,0.4206
10901.9,7364.0,11520.0,7716.2,0.4206
3203.6,46997.4,3836.1,47360.0,0.4205
13258.2,2246.8,13439.2,2622.9,0.4205
14334.7,32441.1,14720.0,32960.0,0.4204
10491.4,14312.5,10880.0,14720.0,0.4204
11852.8,35538.3,12478.3,35999.0,0.4203
13762.7,3320.8,14311.8,3824.7,0.4203
16988.8,41613.6,17280.0,42106.9,0.4202
4802.5,6721.6,5259.3,6992.3,0.4201
14018.2,42188.4,14399.7,42554.0,0.4200
11521.9,29061.7,11965.3,29440.0,0.4200
14720.0,49281.2,15076.6,49468.3,0.4199
16960.0,3837.5,17069.7,4159.9,0.4198
3539.2,57835.6,4154.4,58237.1,0.4197
10560.0,35202.3,11193.0,35520.0,0.4196
4505.3,37697.2,5117.0,38080.0,0.4195
17663.2,33428.1,17920.0,33917.2,0.4194
17305.4,31651.2,17918.9,32000.0,0.4194
13181.3,69004.6,13756.0,69437.1,0.4194
8469.1,24236.7,8637.8,24320.0,0.4193
3561.8,39884.0,4157.3,40317.9,0.4192
16640.1,36160.2,16755.8,36224.6,0.4191
15492.5,21123.4,16000.0,21586.8,0.4191
5457.3,42821.2,6077.2,43200.0,0.4191
11841.5,39686.5,12476.0,39965.6,0.4189
15127.6,18560.0,15675.7,19051.9,0.4189
1312.8,7260.3,1919.1,7678.2,0.4189
7393.6,67102.5,7996.0,67517.5,0.4188
12837.3,38642.9,13437.4,39040.0,0.4187
1497.4,17053.9,1920.0,17600.0,0.4187
13440.0,1284.8,13843.4,1664.6,0.4185
9925.0,17628.4,10559.4,18002.5,0.4184
15715.3,20224.0,16000.0,20479.3,0.4183
15042.6,25505.7,15549.8,25919.8,0.4182
13817.2,28254.8,14077.6,28476.7,0.4182
4816.3,36684.4,5435.9,37120.0,0.4180
9988.6,16434.8,10556.4,16956.1,0.4180
1675.6,23455.3,2237.0,24000.0,0.4179
16970.1,15041.7,17599.6,15384.4,0.4179
10753.4,30939.5,10880.0,31326.1,0.4178
16369.0,63619.3,16958.2,64000.0,0.4175
11139.6,216.1,11520.0,640.0,0.4175
15770.8,30967.0,16000.0,31360.0,0.4174
1281.8,12160.0,1920.0,12463.1,0.4170
4206.2,40169.8,4794.9,40636.9,0.4168
11200.1,18880.0,11602.3,19000.3,0.4166
11257.2,35203.2,11519.8,35630.5,0.4164
10560.0,21440.0,11196.1,21722.9,0.4162
17585.4,31056.5,17920.0,31553.8,0.4162
10648.1,32387.4,11198.5,32873.7,0.4161
4697.7,1600.3,5116.3,1821.9,0.4161
6495.2,5484.5,6720.0,6080.0,0.4160
4114.1,15107.2,4480.0,15446.4,0.4160
10693.3,34778.7,11200.0,35197.6,0.4159
16578.8,11136.2,16960.0,11520.0,0.4159
14080.0,39241.8,14382.7,39677.9,0.4157
14133.7,38401.1,14399.7,38722.5,0.4157
15040.8,36302.6,15552.6,36795.8,0.4156
17536.0,36487.7,17703.6,36658.4,0.4155
11263.8,42884.4,11838.4,43379.4,0.4152
2880.0,3228.4,3518.3,3520.0,0.4151
14767.3,15890.1,15355.1,16320.0,0.4151
17785.8,44480.3,17920.0,44988.7,0.4150
3685.9,19428.1,4157.8,19840.0,0.4149
7418.0,29836.9,7809.9,29963.5,0.4148
16566.5,4222.5,16960.0,4800.0,0.4147
12480.9,35520.0,12846.9,35736.8,0.4146
17119.3,48013.1,17279.6,48370.9,0.4142
1308.0,17284.3,1920.0,17632.8,0.4142
7893.1,36749.4,8319.4,37118.3,0.4141
5124.4,677.8,5757.2,960.0,0.4141
9142.1,27302.8,9279.8,27787.9,0.4140
17766.1,19840.0,18176.0,20352.6,0.4140
3202.9,4309.6,3638.2,4797.3,0.4139
2918.7,47610.5,3517.0,48000.0,0.4138
3908.3,10130.7,4476.2,10560.0,0.4138
646.5,9820.3,1280.0,10240.0,0.4137
17538.0,58008.2,17700.0,58239.4,0.4137
8960.0,22400.8,9342.0,22522.8,0.4137
13445.7,49515.6,14080.0,49920.0,0.4136
10581.9,36691.2,11197.1,37120.0,0.4135
9923.0,1240.9,10555.2,1600.0,0.4135
15040.7,54486.9,15311.3,55040.0,0.4133
2302.5,7040.0,2560.0,7572.7,0.4132
3031.2,13318.0,3517.9,13759.5,0.4132
16642.0,13978.9,17280.0,14389.9,0.4130
16389.2,7120.4,16558.6,7182.7,0.4130
1939.1,49520.2,2556.2,49920.0,0.4130
13120.0,7360.9,13758.5,7530.6,0.4130
4894.4,26454.0,5437.5,26880.0,0.4128
3875.0,61693.2,4476.8,62079.9,0.4128
14115.7,13690.5,14400.0,14080.0,0.4127
5817.8,42416.7,6395.6,42876.4,0.4127
16321.6,39368.9,16593.5,39678.7,0.4124
2360.0,19201.3,2867.8,19662.8,0.4122
15706.6,20480.0,15998.8,21089.3,0.4120
3840.2,6103.8,4325.3,6430.9,0.4119
14866.4,29771.0,15360.0,30276.2,0.4119
3244.0,29711.3,3838.2,30080.0,0.4119
15205.3,36056.0,15676.9,36480.0,0.4113
11193.6,320.7,11520.0,792.9,0.4112
10839.2,35623.9,11200.0,36157.0,0.4111
6445.3,5689.0,7035.9,6080.0,0.4111
16303.6,35840.1,16638.6,36270.2,0.4110
9664.9,35418.8,10240.0,35839.8,0.4109
5265.9,8158.0,5440.0,8636.1,0.4107
14400.0,8119.0,14924.7,8581.4,0.4106
10269.0,11659.3,10402.8,12160.0,0.4105
7101.8,32643.0,7360.0,32853.2,0.4103
7374.9,21649.5,7997.4,22080.0,0.4103
5355.3,13124.7,5760.0,13305.2,0.4103
731.5,6902.8,1277.8,7354.2,0.4102
11259.2,69308.7,11837.0,69758.7,0.4102
350.9,33514.4,958.0,33920.0,0.4100
967.7,21128.5,1276.7,21624.2,0.4100
990.5,50069.2,1595.2,50555.5,0.4100
7261.7,3327.9,7360.0,3599.6,0.4100
6142.7,45050.1,6717.1,45440.0,0.4099
3321.8,34078.4,3830.1,34557.3,0.4099
4544.5,8861.3,5120.0,9280.0,0.4099
15534.7,1359.7,15680.0,1920.0,0.4097
3326.7,21121.1,3509.0,21195.0,0.4097
11197.1,38406.8,11520.0,38814.0,0.4096
11672.5,16321.2,12159.3,16582.7,0.4095
11274.1,30721.0,11520.0,31192.4,0.4094
16396.8,5441.8,16639.2,5591.3,0.4093
8580.1,14619.1,8960.0,15040.0,0.4091
1010.9,37360.9,1596.6,37760.0,0.4091
660.8,37694.8,1280.0,38080.0,0.4091
17281.4,36163.3,17422.4,36344.2,0.4090
83.2,50243.3,635.4,50768.0,0.4089
987.5,66141.4,1596.5,66558.9,0.4088
11216.4,42346.9,11519.3,42753.1,0.4086
8322.4,19520.0,8769.7,19972.3,0.4086
12865.8,33942.3,13431.9,34404.3,0.4085
11622.5,28800.0,12150.8,29313.4,0.4085
11232.6,66171.1,11836.6,66560.0,0.4085
6720.0,17761.8,7357.1,18238.1,0.4085
12067.6,13106.3,12432.4,13439.2,0.4083
1927.3,12411.1,2560.0,12561.1,0.4083
16387.8,29246.5,16957.6,29760.0,0.4082
17210.7,42068.5,17280.0,42560.0,0.4081
3369.5,7191.2,3520.0,7676.6,0.4081
5515.7,2275.9,6077.8,2770.0,0.4081
4197.5,53043.1,4795.7,53440.0,0.4079
15680.0,13353.8,16315.4,13760.0,0.4078
17536.0,36875.1,17697.7,37119.6,0.4078
7128.4,40640.0,7676.7,41185.4,0.4078
9951.1,67452.3,10559.6,67840.0,0.4078
13441.0,27520.0,13964.4,27958.4,0.4078
1276.4,24954.7,1598.5,25280.0,0.4077
4160.0,8004.3,4568.6,8278.8,0.4077
8320.1,6723.4,8957.2,7024.5,0.4075
14833.0,35654.7,15359.8,36153.6,0.4073
3919.2,27202.7,4159.9,27764.6,0.4072
12184.1,12018.8,12479.9,12480.0,0.4072
3944.5,2560.0,4476.8,2959.0,0.4072
7744.7,7040.0,8319.8,7273.2,0.4071
13446.2,9250.8,13901.0,9600.0,0.4069
10594.3,13626.5,10880.0,14080.0,0.4068
15690.1,68087.7,16313.4,68480.0,0.4067
4512.5,65159.4,5116.5,65598.6,0.4066
12860.6,50470.3,13432.8,50880.0,0.4065
15684.5,11752.4,16308.9,12160.0,0.4065
5156.7,56564.6,5755.1,56960.0,0.4063
9944.8,11769.8,10248.6,12157.4,0.4063
14080.0,38857.3,14204.7,39040.0,0.4062
13601.9,7631.1,13760.0,8000.0,0.4061
3840.9,30655.3,4128.3,31039.5,0.4060
1655.3,40860.8,2235.7,41278.5,0.4059
7776.3,29761.3,8181.7,29918.7,0.4059
10146.7,3730.2,10240.0,4156.0,0.4058
2931.3,39590.2,3519.2,40000.0,0.4057
17359.6,11874.7,17600.0,12240.2,0.4057
16059.8,16805.2,16320.0,16898.8,0.4057
5949.9,5440.8,6079.1,5624.3,0.4056
17321.5,27195.7,17917.9,27520.0,0.4053
3840.1,22429.6,4034.2,22774.6,0.4053
1626.0,17184.3,2231.1,17600.0,0.4052
669.4,39260.1,1276.1,39679.0,0.4051
4208.3,12408.9,4799.2,12800.0,0.4050
8497.6,18714.5,8960.0,19198.8,0.4050
7041.1,17359.6,7297.0,17600.0,0.4050
3744.1,8866.5,4160.0,9280.0,0.4049
7301.3,29579.3,7359.4,29760.0,0.4047
11217.7,325.7,11830.7,954.5,0.4047
6487.1,14095.3,7039.6,14399.5,0.4047
10564.7,31707.2,10845.5,31954.4,0.4047
17281.3,3295.1,17365.5,3516.1,0.4046
16720.2,24387.9,17277.7,24960.0,0.4046
960.8,34524.0,1593.8,34880.0,0.4046
684.5,32876.7,1274.7,33279.3,0.4046
1335.9,34156.3,1916.3,34555.9,0.4045
11781.6,32000.0,12160.0,32633.4,0.4044
1716.1,21331.6,1920.0,21760.0,0.4043
13075.9,14179.1,13440.0,14712.5,0.4043
8000.0,41622.0,8136.5,42028.9,0.4042
3200.0,16960.3,3419.9,17386.7,0.4041
17280.0,11524.1,17771.0,11959.1,0.4041
11840.0,28439.5,12478.4,28800.0,0.4040
14424.7,28315.0,14719.9,28800.0,0.4040
12164.3,37120.5,12479.6,37416.1,0.4040
7834.1,23040.0,8320.0,23537.0,0.4040
8573.8,10636.9,8662.7,10879.7,0.4038
7806.7,321.8,8000.0,460.1,0.4038
9295.7,63543.3,9916.2,63999.7,0.4036
6333.4,9280.0,6720.0,9834.0,0.4035
1280.0,6081.1,1920.0,6394.6,0.4034
14699.0,26762.9,15040.0,27200.0,0.4034
13845.1,38644.4,14080.0,39037.1,0.4034
7404.9,16000.6,7680.0,16477.5,0.4034
8025.5,14443.1,8319.7,15040.0,0.4033
16103.6,45038.7,16204.0,45439.8,0.4033
12480.6,25487.0,13115.9,25916.5,0.4030
14406.0,24644.2,15040.0,24957.7,0.4030
12503.0,16961.1,12800.0,17349.8,0.4029
4496.5,19424.7,5117.0,19840.0,0.4028
17302.6,26245.3,17599.3,26880.0,0.4026
1921.6,2881.1,2556.2,3041.4,0.4026
8972.3,7016.6,9598.8,7360.0,0.4024
4166.1,4969.6,4797.7,5437.3,0.4024
5837.0,28800.0,6080.0,29436.1,0.4022
17376.7,20251.5,17919.1,20480.0,0.4020
16320.7,32320.8,16406.7,32423.7,0.4019
14756.5,36826.8,15040.0,37117.8,0.4018
5258.6,12160.0,5760.0,12793.5,0.4017
2010.5,20183.2,2239.6,20410.4,0.4017
12597.2,26003.4,13090.4,26557.8,0.4016
16841.6,60166.5,16959.3,60705.3,0.4016
16703.0,32852.7,17277.5,33280.0,0.4016
1843.0,20280.1,2240.0,20800.0,0.4014
8662.6,20160.1,9280.0,20636.5,0.4012
5774.7,562.7,6396.0,960.0,0.4011
17280.0,28062.3,17810.5,28479.4,0.4011
1956.3,2210.9,2558.1,2560.0,0.4010
1729.5,16578.9,2235.3,16960.0,0.4009
9604.4,33099.6,10054.7,33596.6,0.4008
5590.1,20480.7,5760.0,21021.0,0.4007
8009.6,62975.9,8637.5,63360.0,0.4004
3038.1,13811.9,3166.9,14240.1,0.4003
10562.3,18240.9,10907.3,18450.1,0.4003
12049.3,25523.5,12160.0,25920.0,0.4002
10508.8,4480.0,10880.0,5059.2,0.3999
10724.9,26560.6,10878.6,26757.9,0.3998
4930.7,24331.6,5195.1,24640.0,0.3998
13979.9,50295.1,14080.0,50726.2,0.3997
10248.2,67765.3,10876.3,68160.0,0.3996
11264.8,67739.9,11836.1,68160.0,0.3994
1960.7,43409.7,2556.5,43840.0,0.3993
8320.0,4480.0,8629.4,5113.7,0.3993
1968.3,52336.5,2555.2,52799.4,0.3993
11899.5,36246.0,12159.2,36433.1,0.3992
3306.4,16960.0,3836.6,17346.7,0.3990
5192.9,16726.0,5423.0,16960.0,0.3990
6080.0,3520.0,6468.5,3695.1,0.3990
10242.1,30860.5,10390.7,31040.0,0.3988
10931.4,20878.7,11519.3,21433.2,0.3987
11842.5,19203.5,11941.1,19334.5,0.3985
9928.3,31585.4,10557.8,32000.0,0.3984
3569.6,44727.6,4154.6,45118.1,0.3983
3925.5,18240.6,4476.1,18532.7,0.3983
15084.9,5760.0,15359.8,6303.5,0.3983
16040.6,5440.0,16319.9,5860.7,0.3982
17280.0,2833.8,17920.0,3200.0,0.3981
16320.0,10440.5,16958.3,10864.6,0.3978
13760.0,10241.8,13936.0,10690.0,0.3978
996.5,60711.0,1596.6,61117.3,0.3978
15695.7,37444.8,16000.0,37738.5,0.3978
16877.0,24334.0,16960.0,24640.0,0.3975
8954.8,6724.1,9280.0,7141.3,0.3975
12800.6,44801.0,13035.1,44989.8,0.3974
11552.9,59456.1,12156.9,59840.0,0.3974
211.5,11200.7,640.0,11776.7,0.3973
17280.0,53760.5,17918.9,53878.0,0.3973
2587.5,50690.5,3199.8,51061.6,0.3972
10560.0,17926.3,10944.2,18322.8,0.3971
5769.2,25705.9,6398.0,25918.8,0.3970
16005.3,33288.5,16636.9,33564.2,0.3967
10272.2,30508.4,10560.0,30921.6,0.3965
6720.0,12800.4,7358.0,13084.6,0.3963
1623.2,37014.0,2235.1,37436.3,0.3963
5252.3,12480.0,5439.7,12908.2,0.3963
7363.1,34468.6,7996.5,34880.0,0.3962
6822.0,31076.8,6946.1,31480.6,0.3961
6415.3,7360.0,6719.2,7837.3,0.3961
14082.5,45130.1,14226.7,45433.0,0.3960
6974.4,14498.1,7360.0,15040.0,0.3959
4902.1,30583.5,5434.8,31040.0,0.3958
2968.2,9775.6,3519.4,10139.0,0.3957
6208.0,18746.2,6720.0,19197.0,0.3957
14720.0,5051.8,15341.4,5440.0,0.3957
12863.8,19537.9,13120.0,19949.1,0.3956
13428.4,17920.0,13759.8,18317.8,0.3954
13371.4,21455.1,13760.0,21781.7,0.3953
7040.0,13358.0,7172.6,13756.6,0.3949
14257.3,44533.3,14398.2,44677.7,0.3948
17537.3,62379.2,17766.9,62718.7,0.3947
12714.6,10242.0,13120.0,10778.0,0.3947
11705.8,34788.4,11840.0,35200.0,0.3944
9617.8,25191.0,10237.7,25600.0,0.3943
4202.9,19689.1,4797.5,20156.6,0.3943
3881.2,47613.0,4477.0,48000.0,0.3942
7213.1,21440.0,7353.5,21641.6,0.3942
2630.9,26363.0,3191.2,26879.9,0.3941
7051.4,4149.2,7675.8,4480.0,0.3941
13173.2,37177.8,13438.5,37479.3,0.3941
14944.1,20606.8,15040.0,20800.0,0.3941
6426.5,62953.8,7039.4,63360.0,0.3938
969.3,38999.0,1597.5,39360.0,0.3938
14080.0,28160.9,14253.7,28364.7,0.3937
15365.9,32641.8,15810.7,33059.0,0.3937
13378.0,33778.3,13760.0,34240.0,0.3937
2357.1,6230.5,2880.0,6715.7,0.3936
12044.9,30405.3,12462.6,30718.8,0.3935
6143.8,33284.4,6711.8,33820.9,0.3935
9057.3,11521.4,9600.0,11665.0,0.3934
14309.1,8641.1,14399.4,8874.9,0.3933
9696.1,21883.2,9919.6,22390.3,0.3932
15363.1,2560.0,16000.0,3000.0,0.3931
1370.6,326.0,1920.0,954.5,0.3931
12562.8,29686.4,13116.9,30079.1,0.3929
13016.6,20480.0,13440.0,20975.4,0.3929
13441.2,36255.9,13501.4,36499.7,0.3928
13486.3,38425.0,13755.8,38870.6,0.3928
8930.0,3532.0,9280.0,4150.5,0.3927
14228.7,26822.9,14719.9,27200.0,0.3926
16707.5,48519.7,17276.8,48955.6,0.3924
17856.7,9870.7,18176.0,10240.0,0.3924
5442.0,18573.8,5696.6,18846.0,0.3923
3622.2,4481.3,3840.0,4582.1,0.3922
15853.0,56281.8,16320.0,56525.6,0.3922
9212.7,27087.0,9600.0,27520.0,0.3920
16009.9,20480.0,16637.9,20800.0,0.3920
1.8,51751.5,237.2,52159.4,0.3918
322.8,57868.9,959.2,58240.0,0.3916
4805.8,8640.0,5439.2,9113.7,0.3915
4850.3,21761.7,5120.0,21945.9,0.3915
11245.8,62274.3,11836.1,62719.1,0.3914
15690.1,10079.0,16317.6,10559.0,0.3912
8999.4,67130.5,9596.2,67519.3,0.3912
15048.3,49149.0,15677.0,49595.5,0.3912
10520.9,38195.6,10880.0,38719.4,0.3911
16156.3,38400.0,16320.0,38880.2,0.3911
16792.3,46306.1,16986.4,46719.6,0.3909
14273.7,8320.0,14399.2,8555.5,0.3909
12216.7,32797.7,12795.5,33276.6,0.3908
14720.0,40381.9,14835.8,40958.9,0.3908
4410.7,17923.8,4800.0,18308.8,0.3907
14503.7,7613.9,14698.2,7999.5,0.3905
3547.6,41207.6,4156.4,41600.0,0.3904
4959.7,27535.6,5120.0,28143.6,0.3904
11256.0,33600.6,11840.0,34045.1,0.3903
8960.7,7233.0,9595.2,7678.5,0.3901
7364.0,24243.0,7997.1,24640.0,0.3900
6663.9,18161.2,7040.0,18560.0,0.3900
10612.1,35520.1,10879.7,35851.9,0.3900
4522.7,9422.0,5114.8,9903.4,0.3900
9600.0,14634.1,9744.6,15040.0,0.3899
10581.6,26.0,11198.0,464.9,0.3898
13789.5,51102.3,14383.8,51520.0,0.3897
11850.1,69377.0,12476.4,69760.0,0.3896
14740.0,35521.0,15357.8,35674.4,0.3895
11892.3,53937.7,12474.4,54398.6,0.3894
15115.5,48876.9,15359.8,48958.5,0.3893
4854.2,69279.8,5436.1,69759.5,0.3891
3724.5,23042.6,3840.0,23250.0,0.3891
5663.5,16960.4,5759.3,17055.6,0.3889
13906.3,21760.0,14080.0,22236.3,0.3889
9330.2,9447.0,9920.0,9912.7,0.3889
4362.5,9923.0,4800.0,10463.6,0.3889
11242.2,12061.3,11840.0,12480.0,0.3889
11537.2,11845.7,12160.0,12160.0,0.3886
4496.9,31597.1,5114.7,32000.0,0.3884
15362.3,5583.1,15548.8,6080.0,0.3884
11592.7,3596.8,11839.6,4156.0,0.3884
2643.0,29763.5,3197.1,30304.3,0.3883
9977.2,8013.1,10240.0,8332.4,0.3883
15900.1,6677.4,16000.0,6720.0,0.3882
12161.7,38326.8,12480.0,38720.0,0.3881
10962.4,30532.7,11150.8,30720.0,0.3879
1914.3,16321.9,2240.0,16867.6,0.3879
14617.1,31044.0,14719.5,31503.2,0.3877
12800.0,47426.4,13167.4,48000.0,0.3877
335.4,60744.1,957.1,61120.0,0.3877
8644.3,30583.4,9279.2,31033.3,0.3877
11086.7,6999.0,11199.9,7356.9,0.3876
4480.0,1074.0,4619.8,1598.8,0.3876
9660.9,15265.6,10238.6,15680.0,0.3874
3752.6,2564.7,3840.0,3078.5,0.3873
8321.0,20800.0,8707.6,21240.3,0.3873
10230.8,1692.5,10560.0,2227.4,0.3873
2246.8,2291.2,2879.7,2613.8,0.3871
7804.6,7650.3,8000.0,7999.7,0.3870
661.9,25161.8,1278.4,25576.0,0.3870
648.8,13049.0,1280.0,13440.0,0.3869
916.2,22720.1,1278.9,23196.8,0.3868
4161.5,6420.6,4512.2,6812.1,0.3868
2258.1,62099.1,2876.8,62400.0,0.3865
16643.9,25210.7,17280.0,25600.0,0.3864
17282.1,29347.2,17684.9,29757.8,0.3864
3249.3,59729.6,3836.1,60156.9,0.3863
1023.1,20512.6,1599.4,20871.0,0.3863
15915.2,7477.7,15999.5,7677.5,0.3862
4543.8,68711.1,5116.3,69119.1,0.3861
10299.8,48224.9,10876.1,48637.0,0.3859
6105.5,64565.2,6716.2,64960.0,0.3859
16030.3,19524.6,16320.0,19994.1,0.3858
18103.9,10345.5,18175.7,10865.4,0.3858
3520.0,20238.3,4007.1,20715.2,0.3857
15738.7,12611.4,16315.9,13117.4,0.3855
2587.9,47604.6,3197.4,48000.0,0.3854
5011.7,11924.4,5119.5,12158.1,0.3854
1060.9,6838.5,1596.3,7354.4,0.3853
9920.0,9637.6,10314.2,9858.4,0.3853
16348.3,43521.6,16956.3,43778.2,0.3851
2833.7,15765.3,3200.0,16320.0,0.3850
966.7,20002.1,1597.9,20478.3,0.3849
12182.4,24539.6,12798.8,24960.0,0.3848
9985.6,17426.0,10558.7,17918.7,0.3847
11289.6,13065.3,11840.0,13438.8,0.3847
9961.6,27402.1,10557.4,27840.0,0.3846
1181.3,10240.0,1600.0,10720.8,0.3845
17280.0,4342.4,17388.0,4794.8,0.3844
594.8,1600.0,960.0,2114.8,0.3844
4194.8,38325.6,4798.2,38720.0,0.3841
16001.4,53619.4,16490.6,54080.0,0.3840
14882.3,28803.1,15357.7,29052.7,0.3840
10916.8,17924.3,11516.7,18268.6,0.3835
5157.8,10891.0,5760.0,11328.0,0.3835
15315.0,28187.8,15680.0,28576.8,0.3835
13062.1,31710.7,13120.0,32176.1,0.3833
11283.5,26883.8,11520.0,27206.8,0.3830
13350.8,6971.0,13439.5,7351.8,0.3830
12056.5,30354.6,12160.0,30720.0,0.3830
10697.4,40122.5,10879.6,40317.1,0.3828
10101.3,33020.0,10240.0,33456.1,0.3828
7461.7,13440.0,7999.2,13923.3,0.3827
16320.1,36846.7,16957.0,37120.0,0.3825
346.1,51406.1,956.3,51840.0,0.3824
5219.1,21760.0,5758.8,22118.6,0.3824
2560.0,5365.9,3197.7,5760.0,0.3823
16325.2,53388.2,16956.4,53760.0,0.3822
15767.8,9814.3,16000.0,10240.0,0.3822
4971.7,10884.6,5119.9,11403.7,0.3822
1955.1,39277.5,2554.9,39680.0,0.3821
17002.1,30593.0,17274.3,30720.0,0.3821
5132.9,23894.9,5297.0,24320.0,0.3819
10069.9,13449.9,10552.8,13757.3,0.3819
3834.1,6443.8,4160.0,6720.0,0.3819
4913.5,19289.2,5440.0,19836.7,0.3817
6178.7,37932.7,6717.0,38398.7,0.3816
12542.7,66148.8,13114.1,66557.9,0.3816
12170.3,66155.4,12796.9,66560.0,0.3816
1642.4,42091.9,2234.1,42558.5,0.3814
899.9,4828.0,1278.5,5118.1,0.3813
8000.0,5134.6,8432.1,5433.9,0.3811
12628.6,1758.5,13113.9,2240.0,0.3811
5357.5,21441.8,5438.8,21648.2,0.3810
11840.1,66811.0,12476.9,67200.0,0.3810
13271.7,26242.6,13760.0,26875.0,0.3810
3210.2,64235.6,3836.4,64637.9,0.3809
1003.9,36361.8,1595.5,36798.0,0.3806
10881.1,44378.6,11052.4,44800.0,0.3805
13123.2,19434.4,13758.7,19840.0,0.3804
15688.4,42783.7,16109.8,43198.4,0.3801
13715.0,41847.5,14080.0,42239.5,0.3800
12160.9,27846.2,12260.8,27993.5,0.3800
17281.5,39363.6,17715.6,39786.6,0.3798
3917.0,50562.1,4475.3,50960.5,0.3797
10609.1,9786.1,11195.4,10236.7,0.3796
15265.0,23084.6,15359.9,23538.8,0.3794
7116.5,31304.3,7674.7,31680.0,0.3794
8399.3,37003.3,8960.0,37439.9,0.3793
16291.6,17394.4,16639.0,17600.0,0.3793
9685.3,18449.4,9754.7,18875.1,0.3792
8320.0,41600.5,8641.9,41820.6,0.3791
9600.3,25603.5,9919.2,25969.8,0.3791
3930.5,15042.2,4160.0,15232.4,0.3790
2243.4,12184.3,2880.0,12480.0,0.3789
9040.4,24493.9,9596.9,24958.0,0.3789
2078.0,28161.4,2239.9,28293.3,0.3788
3471.4,25928.4,3839.1,26328.7,0.3788
12480.5,31450.8,12656.9,31496.9,0.3785
16346.6,62080.0,16956.1,62613.8,0.3784
5626.4,23362.8,5759.3,23581.9,0.3784
6866.9,20803.3,7360.0,21199.2,0.3784
4864.5,30308.6,5439.3,30720.0,0.3783
11868.6,32325.9,12160.0,32788.3,0.3781
7280.5,17272.7,7359.8,17599.2,0.3779
12399.3,13129.9,12477.8,13586.3,0.3779
8341.0,30632.6,8960.0,31040.0,0.3779
10125.4,5320.5,10560.0,5760.0,0.3777
7783.3,29776.1,8000.0,29921.5,0.3777
646.8,12165.3,960.0,12609.4,0.3777
17988.6,21762.9,18176.0,22194.6,0.3776
4856.5,29440.0,5434.8,30074.2,0.3776
14758.2,27147.3,15355.2,27520.0,0.3775
12815.7,38012.5,13437.5,38400.0,0.3774
12428.4,18849.2,12799.7,19199.9,0.3774
17681.9,44229.2,18172.7,44793.6,0.3773
2560.0,13769.7,2733.4,14325.5,0.3771
3357.3,14145.9,3518.0,14242.7,0.3771
10295.4,12498.4,10880.0,12970.6,0.3770
15645.9,22723.9,16000.0,23208.0,0.3770
13186.3,39040.7,13758.3,39266.6,0.3768
6568.5,23360.5,6718.8,23445.7,0.3768
11233.3,51461.2,11838.1,51840.0,0.3768
16993.5,18036.1,17595.3,18560.0,0.3767
12545.8,17931.3,12799.6,18145.0,0.3767
1338.7,45939.8,1914.4,46397.8,0.3767
3840.0,12801.7,4477.2,12979.8,0.3766
1837.5,4102.9,1919.6,4472.6,0.3766
8320.1,39046.6,8646.5,39350.1,0.3766
17381.7,11902.3,17918.6,12295.5,0.3766
15302.1,18502.9,15359.2,18875.6,0.3765
12802.1,7913.5,12999.1,8319.7,0.3762
17327.5,30274.3,17920.0,30715.7,0.3761
10250.7,23906.8,10839.9,24320.0,0.3761
14453.5,8962.4,14720.0,9423.9,0.3761
14815.4,38958.1,15356.8,39360.0,0.3761
14904.5,478.4,15359.4,955.3,0.3760
8709.1,49508.0,9275.3,49920.0,0.3760
7590.9,5440.0,7741.9,5895.0,0.3760
13914.3,36512.6,14400.0,36800.0,0.3759
9167.5,13509.2,9578.4,14076.3,0.3759
16024.5,15647.0,16638.3,16000.0,0.3759
4828.3,5577.3,5440.0,5759.4,0.3758
11225.2,45440.0,11836.4,45970.9,0.3758
14404.8,31684.8,14772.5,31998.3,0.3757
15176.3,14403.1,15678.2,14851.0,0.3756
12806.8,3200.0,13438.1,3673.3,0.3756
10240.3,18578.3,10585.1,18911.7,0.3755
13182.8,10014.0,13405.3,10240.0,0.3754
14735.7,25713.8,15359.0,26237.1,0.3754
4808.6,9196.8,5436.0,9600.0,0.3753
5152.9,17142.4,5759.9,17578.5,0.3752
7241.9,9858.8,7360.0,10238.7,0.3751
1621.5,63269.1,2235.5,63680.0,0.3750
8640.9,22262.3,9277.8,22715.4,0.3748
17598.2,46720.0,17918.0,47260.0,0.3747
6770.0,25382.0,7354.0,25918.6,0.3746
7680.0,10153.5,8318.1,10560.0,0.3746
14087.0,9973.1,14596.5,10294.7,0.3745
12198.1,67368.6,12796.3,67837.5,0.3741
11844.0,37612.0,12322.1,38080.0,0.3740
1921.8,14405.5,2323.0,14719.0,0.3739
9931.3,62338.9,10554.4,62720.0,0.3739
13799.0,24877.8,14397.3,25277.9,0.3739
11065.2,12161.3,11200.0,12581.6,0.3738
13345.1,19617.4,13760.0,20151.7,0.3737
8319.1,10637.6,8457.6,10879.1,0.3737
1705.4,874.8,2234.9,1273.3,0.3736
8993.7,68985.8,9595.5,69438.2,0.3734
4224.9,11940.7,4800.0,12207.3,0.3733
17280.0,55453.1,17405.2,55679.9,0.3733
2677.6,6282.8,3193.4,6718.7,0.3732
15378.4,18377.3,15992.3,18878.2,0.3732
1936.4,34165.6,2557.4,34560.0,0.3729
5776.0,16595.0,6397.1,16959.9,0.3729
17327.4,45801.7,17407.0,46078.3,0.3728
5371.9,27225.3,5439.2,27517.3,0.3727
13733.9,19404.1,14080.0,19840.0,0.3727
7680.0,34167.7,8320.0,34560.0,0.3726
312.7,21062.0,638.3,21438.4,0.3725
320.0,20145.4,762.1,20480.0,0.3724
3278.0,8167.1,3840.0,8639.9,0.3724
346.2,531.2,960.0,960.0,0.3722
8078.6,29760.0,8166.1,29917.9,0.3721
17951.0,11938.0,18176.0,12160.0,0.3720
5519.7,20163.2,6078.9,20639.7,0.3720
17465.5,24669.0,17600.0,24960.0,0.3719
4199.7,40569.2,4792.7,40960.0,0.3718
16990.6,34560.2,17278.8,35077.4,0.3718
3581.4,15191.5,4152.4,15680.0,0.3717
17738.9,48316.0,17920.0,48636.1,0.3715
8067.0,621.5,8319.2,960.0,0.3713
8445.0,34246.0,8640.0,34518.9,0.3713
4851.6,4031.7,5120.0,4480.0,0.3712
11208.7,13727.5,11840.0,14080.0,0.3712
16962.8,17701.6,17137.7,18240.0,0.3710
8227.7,37302.0,8320.0,37440.0,0.3707
17007.9,52961.5,17597.9,53438.8,0.3706
665.1,35152.0,1277.2,35520.0,0.3706
7460.2,29267.3,7680.0,29371.0,0.3705
15768.2,53542.5,16316.9,54076.5,0.3705
17536.3,55036.4,17611.3,55126.8,0.3704
8411.9,32866.9,8960.0,33280.0,0.3701
15632.2,30476.0,16000.0,31030.2,0.3701
9006.5,53022.0,9597.8,53440.0,0.3700
9663.0,34066.8,10239.2,34556.1,0.3700
15201.2,38080.9,15680.0,38581.4,0.3700
2638.0,15479.1,3198.8,16000.0,0.3699
7365.7,61726.6,7997.3,62080.0,0.3699
14722.4,22439.8,14939.6,22721.2,0.3697
16094.0,19263.7,16320.0,19398.9,0.3696
10915.1,10551.0,11520.0,10879.8,0.3696
14989.8,26881.6,15360.0,27355.6,0.3696
15157.8,11760.8,15359.5,12157.7,0.3696
11216.1,20748.4,11836.6,21120.0,0.3695
1408.0,50019.6,1918.0,50559.2,0.3694
8000.0,41021.1,8612.0,41596.4,0.3694
14176.2,27111.2,14719.6,27520.0,0.3692
10240.0,9915.9,10373.1,10221.8,0.3692
13210.8,49075.1,13753.5,49600.0,0.3692
4160.0,13512.4,4485.5,13760.0,0.3691
978.5,705.5,1280.0,1280.0,0.3691
15760.6,24325.8,16319.9,24766.3,0.3690
4202.1,62012.1,4797.7,62400.0,0.3690
9603.5,16025.5,10240.0,16432.7,0.3690
15631.7,33520.6,16000.0,33918.6,0.3688
4721.7,5968.2,4800.0,6400.0,0.3687
11326.8,14090.3,11840.0,14508.6,0.3686
15040.0,55044.2,15544.5,55578.7,0.3683
12856.1,18561.4,13440.0,19004.1,0.3678
13790.4,48231.0,13898.0,48320.0,0.3677
14721.9,20277.2,15080.3,20797.2,0.3677
9112.1,1299.7,9280.0,1854.6,0.3674
13791.2,55934.6,14396.8,56320.0,0.3673
16322.9,12726.8,16951.6,13120.0,0.3672
17535.8,43520.6,17920.0,43996.4,0.3670
13686.8,29120.0,14080.0,29611.5,0.3670
7714.5,69037.8,8316.4,69440.0,0.3670
3888.9,65209.5,4477.4,65600.0,0.3669
11521.9,45230.1,11667.1,45440.0,0.3669
15985.5,6080.0,16320.0,6529.1,0.3668
17192.5,42240.0,17600.0,42772.2,0.3666
8656.8,61699.7,9277.3,62080.0,0.3666
3887.1,40859.9,4475.4,41277.6,0.3666
3846.5,13663.2,4065.5,13758.8,0.3666
16320.0,42291.1,16412.3,42800.2,0.3665
12389.0,13357.2,12799.4,13695.2,0.3665
6504.8,30861.8,6720.0,31036.9,0.3664
1263.7,16673.9,1599.4,17278.0,0.3663
2564.4,24294.5,3188.5,24640.0,0.3663
5219.6,30916.8,5754.7,31360.0,0.3662
12550.3,7378.2,13120.0,7881.5,0.3661
960.0,6341.3,1598.0,6720.0,0.3660
5515.3,13895.1,6076.4,14391.4,0.3660
3520.0,24920.6,4159.4,25280.0,0.3659
1760.1,17367.3,2239.6,17920.0,0.3658
9299.6,60355.2,9915.0,60796.0,0.3657
5852.7,39570.2,6394.3,39999.7,0.3657
12844.4,54286.3,13437.1,54719.8,0.3657
16409.4,36063.6,16960.0,36480.0,0.3656
8189.6,34964.7,8320.0,35198.2,0.3656
15256.8,30081.8,15675.0,30457.2,0.3655
5645.1,17602.7,5759.9,17854.8,0.3654
1444.5,2.9,1600.0,571.2,0.3651
10798.5,29167.6,11196.6,29591.4,0.3651
15517.4,23882.1,15993.6,24320.0,0.3650
16568.5,23154.4,16958.9,23680.0,0.3650
13448.6,27672.3,14080.0,28155.6,0.3649
321.3,2792.5,959.2,3200.0,0.3649
13707.5,47897.7,13816.3,48025.8,0.3649
11840.2,320.6,12244.7,512.0,0.3647
13442.8,40641.1,14074.6,40756.3,0.3645
2271.4,48203.4,2875.2,48638.6,0.3644
2630.1,4486.4,3198.2,4967.0,0.3644
7680.3,32670.5,8181.7,32960.0,0.3644
7665.3,5763.0,7766.2,6023.8,0.3644
10044.6,13762.5,10240.0,13942.4,0.3641
4800.0,15722.1,5436.5,16000.0,0.3640
16000.2,19239.4,16634.7,19519.7,0.3640
9249.8,31689.5,9600.0,32058.7,0.3640
14400.0,42241.7,14853.3,42667.0,0.3640
1308.8,34819.8,1918.7,35200.0,0.3640
2405.8,20908.5,2880.0,21347.4,0.3639
13403.8,27200.8,13760.0,27706.2,0.3639
5442.8,9921.1,5819.7,10155.2,0.3639
14723.1,28488.1,14889.3,29007.3,0.3638
2922.5,37681.1,3518.6,38080.0,0.3638
8789.4,25281.0,8959.6,25746.1,0.3638
11233.6,26573.0,11837.6,26999.2,0.3637
5762.0,9068.2,6127.8,9310.9,0.3637
9282.1,11200.4,9648.9,11338.6,0.3636
4569.6,52738.1,5117.4,53120.0,0.3635
2587.6,36025.5,3194.8,36478.0,0.3634
7871.7,22748.2,8320.0,23354.1,0.3634
8155.2,4223.7,8319.8,4552.3,0.3634
17830.5,5841.4,18176.0,6387.3,0.3633
8000.0,31040.0,8521.3,31512.5,0.3631
13166.6,19095.9,13758.3,19517.3,0.3631
13134.9,11129.3,13758.3,11519.3,0.3631
17556.2,50241.5,18173.0,50726.2,0.3630
12855.9,7040.0,13431.7,7258.9,0.3630
6408.2,26245.6,6720.0,26702.9,0.3628
12688.3,25926.7,12800.0,26357.9,0.3628
8896.9,33920.0,9279.2,34388.9,0.3626
7063.9,10178.7,7675.8,10560.0,0.3625
4815.9,52410.0,5439.1,52800.0,0.3625
2593.7,38010.8,3200.0,38400.0,0.3622
10677.3,23683.9,11191.3,24246.0,0.3622
16669.1,26568.8,16954.5,26735.1,0.3621
10319.9,2240.8,10557.9,2581.6,0.3621
14658.7,52443.3,15039.3,52800.0,0.3620
1684.2,20173.4,1919.1,20557.6,0.3620
5199.6,7578.8,5440.0,8000.0,0.3620
7336.8,5345.5,7406.0,5756.3,0.3619
13635.7,32005.2,14076.9,32432.8,0.3619
15368.3,28379.5,15998.7,28800.0,0.3618
12421.0,15486.9,12479.6,15679.8,0.3617
5138.4,19525.3,5440.0,19849.3,0.3617
16859.4,59521.5,16958.7,59694.2,0.3617
3739.8,8337.0,3840.0,8640.0,0.3615
7056.4,67455.7,7676.3,67840.0,0.3613
9847.2,30433.7,9919.6,30719.7,0.3612
645.3,1835.3,1277.9,2240.0,0.3612
5131.1,42501.6,5758.5,42880.0,0.3612
3304.0,9187.0,3504.0,9599.8,0.3609
11659.9,29765.3,12160.0,30238.9,0.3609
6179.3,29632.6,6712.8,30080.0,0.3607
4317.9,12052.3,4391.6,12480.0,0.3605
11483.3,26055.1,11572.2,26488.6,0.3604
13764.0,6080.0,14016.8,6119.4,0.3600
9825.2,31095.2,9920.0,31358.9,0.3600
4167.4,17920.0,4479.7,18519.3,0.3599
3238.5,57872.3,3837.3,58240.0,0.3599
5746.7,9600.4,6080.0,10002.7,0.3598
5146.3,19840.8,5440.0,20211.0,0.3597
14392.1,19621.7,14719.0,20160.0,0.3595
3926.3,16275.4,4479.1,16640.0,0.3594
5509.0,23727.6,5673.7,23999.3,0.3594
5197.6,29205.1,5439.5,29755.6,0.3593
9738.4,30721.1,9918.8,30896.1,0.3592
8324.3,26928.1,8953.1,27283.3,0.3592
11382.2,7118.3,11518.8,7358.6,0.3588
15740.6,1348.0,15998.2,1915.2,0.3588
15363.4,55683.5,15698.0,56169.6,0.3588
2491.7,11787.1,2559.3,12159.3,0.3586
11840.8,39360.9,11927.3,39445.0,0.3586
10619.2,27526.9,11196.0,27953.8,0.3585
3816.4,8323.7,4160.0,8619.8,0.3585
17211.9,10066.2,17600.0,10556.7,0.3584
16448.2,40000.3,16639.1,40150.7,0.3584
16119.3,45148.3,16269.2,45496.6,0.3584
15082.2,46957.2,15676.2,47360.0,0.3582
9401.7,3840.0,9920.0,4472.0,0.3582
12574.5,32014.1,13116.9,32398.4,0.3580
14400.0,17131.9,14486.7,17278.8,0.3580
12276.0,31681.6,12756.3,31754.4,0.3580
3860.2,23810.4,4476.7,24319.5,0.3578
4419.7,26025.2,4798.6,26552.0,0.3577
656.3,59458.5,1276.7,59840.0,0.3577
1003.9,19723.5,1600.0,20157.7,0.3570
1631.2,69005.8,2236.2,69438.6,0.3569
6564.6,23583.9,6720.0,24000.0,0.3569
6622.3,3533.8,6718.4,3997.1,0.3569
16833.8,37451.1,17278.4,37759.0,0.3568
8264.6,29859.3,8320.0,30079.9,0.3567
10243.0,12405.6,10852.0,12800.0,0.3566
8960.0,33170.5,9318.8,33598.7,0.3566
13537.7,36893.1,13760.0,37440.0,0.3566
7680.0,32322.2,8263.0,32713.2,0.3565
10799.8,31680.0,11200.0,32102.8,0.3565
14081.8,49140.8,14144.7,49280.0,0.3564
14849.3,17466.1,15040.0,17920.0,0.3564
16156.6,3840.0,16320.0,4264.0,0.3563
4204.2,18573.7,4800.0,19008.6,0.3563
17365.4,26291.3,17920.0,26756.1,0.3561
9796.9,28486.2,9920.0,28893.9,0.3560
11268.6,14752.2,11519.7,15118.7,0.3559
11207.9,36451.7,11838.9,36800.0,0.3558
7606.2,8003.1,8000.0,8333.3,0.3557
5176.2,63895.7,5754.9,64319.2,0.3556
0.5,4801.6,373.5,4998.1,0.3555
6195.6,19524.2,6399.6,19866.1,0.3555
680.3,18747.4,1276.7,19197.6,0.3554
5172.8,31041.4,5439.7,31361.1,0.3554
2783.9,20483.5,3200.0,20961.0,0.3554
2313.1,33600.3,2877.7,34053.5,0.3553
17781.6,15687.2,18171.6,16229.0,0.3553
15041.4,31363.2,15533.0,31516.3,0.3552
990.5,50481.3,1597.3,50880.0,0.3551
18040.6,33600.0,18175.1,33770.7,0.3551
8640.0,8056.2,9279.8,8320.0,0.3549
8521.4,33516.1,8639.7,33600.0,0.3549
12161.7,9632.4,12525.1,9959.7,0.3547
6743.9,6646.8,7358.2,7040.0,0.3547
9920.0,10561.0,10277.9,10701.1,0.3546
8143.2,11847.0,8319.7,12304.7,0.3546
2908.2,61365.9,3516.8,61760.0,0.3545
6095.9,32872.0,6717.0,33280.0,0.3545
16000.0,42880.0,16153.4,43369.7,0.3544
11919.8,58804.8,12476.1,59200.0,0.3544
12514.1,36165.7,12799.8,36624.0,0.3543
16124.7,45188.8,16227.5,45438.8,0.3542
8817.7,10612.9,9260.4,10879.5,0.3542
960.7,11200.0,1252.1,11495.9,0.3540
17618.6,3843.6,18175.6,4315.3,0.3540
8642.8,324.6,9096.4,763.0,0.3540
10275.7,36013.9,10874.6,36477.6,0.3538
15040.0,8852.0,15598.6,9225.9,0.3537
8209.9,31844.7,8320.0,32315.9,0.3536
8878.0,16971.6,9280.0,17502.7,0.3536
10995.4,35711.9,11517.8,36159.7,0.3536
14355.8,796.4,14719.6,1128.2,0.3535
2286.0,25801.7,2880.0,26237.0,0.3533
15106.4,13087.2,15678.3,13440.0,0.3533
10590.7,37534.1,11196.2,38080.0,0.3532
73.6,1455.7,640.0,1913.7,0.3532
7424.8,2880.0,7680.0,3331.7,0.3529
16590.5,45442.5,16671.7,45594.8,0.3528
5760.4,14726.2,6013.8,15035.2,0.3526
14935.5,33327.4,15039.8,33762.5,0.3525
15822.1,32328.0,16310.9,32751.2,0.3525
326.3,39612.9,957.0,40000.0,0.3524
4257.2,51319.3,4796.3,51834.7,0.3524
13210.4,229.2,13760.0,637.5,0.3523
12259.8,18563.2,12796.4,19047.6,0.3520
5884.2,10240.0,6079.9,10394.8,0.3518
8003.6,26561.9,8634.3,26780.9,0.3518
10350.0,28717.9,10879.7,29120.0,0.3517
7528.6,4508.9,7679.8,4985.2,0.3516
2243.2,21461.8,2604.3,21758.6,0.3514
4180.4,16978.5,4800.0,17280.0,0.3514
9834.1,35768.5,9919.8,36159.8,0.3514
8100.2,641.9,8320.0,1258.6,0.3510
4495.5,20480.0,5117.3,20956.2,0.3506
901.3,10609.4,1280.0,11200.0,0.3506
3240.6,5166.5,3840.0,5438.6,0.3506
5896.9,13126.6,6399.8,13527.8,0.3505
15309.4,48000.0,15676.1,48476.2,0.3505
7208.3,29121.4,7360.0,29434.2,0.3501
16960.0,49718.1,17055.0,49919.9,0.3500
3909.7,54906.0,4475.3,55358.0,0.3499
1280.4,14960.8,1919.2,15360.0,0.3499
6281.7,29761.7,6400.0,29916.3,0.3499
12231.4,52356.2,12795.0,52798.9,0.3498
11137.9,10149.3,11520.0,10555.2,0.3498
8960.0,22660.1,9088.3,23040.0,0.3496
5442.0,22188.0,5651.7,22720.0,0.3495
8697.3,46600.9,9274.9,47038.4,0.3494
1436.5,12808.8,1599.9,13298.3,0.3494
556.3,19721.8,960.0,20160.0,0.3493
1604.6,61048.8,2233.9,61440.0,0.3493
17533.4,60160.0,17599.5,60320.0,0.3490
1750.0,2059.5,2238.7,2553.6,0.3490
6877.1,17962.5,7350.2,18237.9,0.3489
2564.0,39604.8,3197.9,40000.0,0.3486
12309.3,18927.2,12799.8,19519.3,0.3486
8320.4,19424.4,8510.5,19840.0,0.3486
14074.3,10250.6,14395.8,10704.1,0.3486
2268.3,28499.8,2877.4,28800.0,0.3484
12085.9,27522.0,12479.2,27675.3,0.3483
17294.1,4299.7,17920.0,4796.3,0.3483
4550.1,64853.6,5116.2,65280.0,0.3483
12480.0,4067.0,13116.7,4480.0,0.3482
2620.1,46011.7,3194.5,46400.0,0.3481
16641.0,47361.2,17108.7,47555.4,0.3481
17042.3,35354.1,17600.0,35837.1,0.3481
7500.2,16963.2,7680.0,17360.7,0.3480
1393.5,21704.3,1600.0,22080.0,0.3478
4843.9,63272.0,5435.7,63680.0,0.3477
5549.0,7538.4,6076.5,8000.0,0.3477
16502.0,55238.8,16639.7,55359.9,0.3476
39.5,4841.3,640.0,5120.0,0.3474
15041.3,37694.9,15518.1,38080.0,0.3473
2240.9,24002.1,2364.5,24107.9,0.3472
6180.1,24960.5,6706.9,25431.6,0.3472
11154.0,10880.0,11520.0,11507.2,0.3471
16452.8,16329.3,16640.0,16372.2,0.3471
9308.1,64551.5,9915.5,64960.0,0.3470
5982.7,4016.7,6080.0,4412.1,0.3470
8650.5,64542.7,9276.2,64960.0,0.3470
662.4,62003.0,1276.3,62400.0,0.3470
17615.2,24421.5,18173.4,24955.3,0.3469
17280.0,9745.8,17906.0,10077.1,0.3469
16699.0,21268.1,16959.6,21537.3,0.3468
2887.1,35764.3,3517.9,36160.0,0.3466
2881.9,15091.7,3518.5,15360.0,0.3465
17879.4,646.6,18176.0,1154.4,0.3462
10881.2,24641.6,11518.8,24977.7,0.3462
47.7,37316.7,635.7,37757.4,0.3460
10295.8,23521.1,10880.0,23988.0,0.3460
2888.2,49215.0,3516.3,49600.0,0.3459
15078.9,67757.9,15676.8,68160.0,0.3459
1292.2,68088.3,1916.3,68480.0,0.3458
3352.3,12038.4,3518.8,12478.2,0.3458
12246.7,9011.1,12480.0,9583.7,0.3458
4487.7,38977.8,5118.6,39360.0,0.3456
10753.4,11713.1,10939.6,12160.0,0.3455
9040.2,10648.0,9266.4,11191.7,0.3455
16960.0,40542.3,17597.5,40960.0,0.3454
11260.3,19523.7,11832.2,20034.7,0.3453
17388.4,40327.0,17599.3,40530.5,0.3452
1235.1,7840.2,1600.0,8317.7,0.3452
5441.3,16045.5,5910.6,16446.8,0.3449
10054.8,33301.8,10557.2,33765.8,0.3449
12401.2,39521.3,12800.0,39842.6,0.3448
11399.9,18240.0,11520.0,18372.4,0.3448
16697.0,1927.4,17278.4,2359.4,0.3446
8993.8,39141.1,9600.0,39677.5,0.3445
9627.1,28693.1,10240.0,29120.0,0.3445
13441.7,49978.0,14040.1,50560.0,0.3444
8690.5,14627.8,9280.0,15036.8,0.3443
3526.9,12480.0,4159.0,12691.6,0.3442
16000.8,10089.0,16637.0,10553.2,0.3442
9033.5,62330.0,9595.5,62720.0,0.3441
11841.3,19628.0,12215.1,19763.4,0.3440
7390.8,15014.7,7996.2,15360.0,0.3440
12716.2,16960.0,13115.7,17187.7,0.3439
9934.8,65211.7,10556.1,65600.0,0.3439
10901.3,26880.0,11200.0,27255.0,0.3439
7342.9,12486.2,7680.0,12781.8,0.3439
7747.0,8640.0,7999.4,9273.8,0.3436
8664.0,36070.1,9280.0,36480.0,0.3433
7404.2,59441.3,7998.0,59840.0,0.3433
16789.6,3846.4,16959.1,4247.7,0.3432
15161.5,40619.5,15680.0,40957.6,0.3432
2248.5,12321.6,2880.0,12632.8,0.3431
15242.0,1937.6,15359.0,2347.4,0.3429
12918.6,13760.0,12992.9,14211.6,0.3429
11357.5,7134.4,11837.0,7677.6,0.3427
10300.9,10011.7,10380.7,10560.0,0.3426
10109.0,3911.3,10240.0,4480.0,0.3426
2824.0,5440.0,3200.0,6066.0,0.3426
9912.9,26394.4,10239.4,26873.4,0.3425
11652.0,6471.6,11839.7,7027.5,0.3424
4491.9,40250.3,5116.8,40640.0,0.3423
13528.8,26125.3,13759.8,26560.0,0.3423
12234.5,7041.5,12479.6,7152.0,0.3422
4280.3,35524.3,4480.0,35906.4,0.3418
8969.5,65229.4,9596.3,65600.0,0.3418
3856.0,53686.0,4473.1,54080.0,0.3417
14948.7,53407.0,15040.0,53759.9,0.3417
6763.4,4721.8,7039.4,5116.8,0.3416
9091.1,41281.5,9278.9,41677.0,0.3415
6461.8,31361.8,6719.7,31543.3,0.3414
6518.6,636.1,7039.9,960.0,0.3413
11887.7,16054.7,12476.6,16506.7,0.3409
6468.4,46581.2,7035.7,47036.6,0.3408
16223.9,41358.2,16320.0,41598.4,0.3408
7395.0,46658.1,7996.7,47040.0,0.3408
10881.3,16654.1,11209.0,17108.5,0.3406
9074.8,1600.0,9280.0,2066.3,0.3404
16845.6,56001.1,16960.0,56115.8,0.3403
14501.2,19541.6,14720.0,19919.8,0.3403
7040.0,8899.6,7595.9,9280.0,0.3402
3051.8,14080.7,3199.8,14219.0,0.3402
3220.8,62274.8,3835.8,62718.9,0.3401
6403.2,13447.9,6638.9,13745.0,0.3401
13853.6,16000.0,14080.0,16610.8,0.3401
12488.0,38723.7,12730.9,38935.8,0.3400
14419.2,59779.6,15036.0,60160.0,0.3400
13769.9,16401.4,14394.9,16845.2,0.3400
3948.3,5685.9,4480.0,6080.0,0.3399
15133.3,66017.2,15667.0,66560.0,0.3399
10768.7,6213.8,10880.0,6717.7,0.3399
3841.4,35135.7,4052.4,35520.0,0.3399
11693.1,13121.4,12077.4,13503.3,0.3398
11864.6,59450.0,12476.3,59840.0,0.3398
7473.0,2565.0,7680.0,3100.9,0.3395
16561.4,56640.0,16918.0,57150.6,0.3394
11418.9,26560.7,11837.1,26805.3,0.3393
1928.1,47322.4,2554.7,47680.0,0.3392
5364.7,3551.2,5439.1,3889.9,0.3392
16649.1,2536.8,17280.0,2840.5,0.3391
9044.5,17172.6,9592.7,17600.0,0.3391
15496.8,47891.3,15999.8,48314.4,0.3390
996.9,19522.2,1280.0,19712.0,0.3389
2568.8,3200.0,3199.1,3390.3,0.3388
5002.1,7360.0,5437.2,7605.5,0.3387
1332.1,7362.0,1600.0,7990.6,0.3386
2264.6,64819.8,2875.7,65279.1,0.3386
15360.7,56640.0,15760.9,56829.4,0.3383
13760.0,40615.2,13874.2,40759.6,0.3383
4153.7,6720.0,4480.0,7247.3,0.3382
5784.2,55297.5,6395.3,55680.0,0.3379
9414.3,36888.0,9599.8,37419.0,0.3379
3841.2,24640.0,4162.1,24910.4,0.3378
16352.8,29650.5,16960.0,30080.0,0.3376
4.2,67772.5,631.9,68160.0,0.3375
10445.1,28163.5,10880.0,28434.9,0.3375
14874.1,32964.1,15360.0,33411.3,0.3375
10568.1,66474.6,11196.9,66877.8,0.3375
14715.4,33921.7,15039.8,34421.4,0.3374
17428.3,23423.9,17599.4,23713.2,0.3374
12876.8,23830.0,13435.0,24305.1,0.3371
2887.9,57839.7,3515.1,58240.0,0.3368
9631.0,67430.2,10235.9,67840.0,0.3365
20.1,60106.1,636.1,60480.0,0.3363
960.0,23255.6,1417.0,23680.0,0.3363
9056.0,25942.9,9585.3,26409.3,0.3362
17456.3,22405.3,17920.0,23029.0,0.3359
2248.4,37047.5,2877.0,37440.0,0.3358
13238.9,4856.0,13438.9,5318.6,0.3358
11296.3,30210.1,11519.1,30616.3,0.3358
4505.6,47861.3,5116.6,48314.8,0.3358
3847.1,61365.1,4476.4,61760.0,0.3357
12487.8,50814.3,13116.4,51200.0,0.3356
3200.6,48883.8,3836.6,49280.0,0.3356
3521.7,25914.4,3636.6,26237.9,0.3355
16023.1,28498.3,16320.0,29036.1,0.3354
9439.9,29763.5,9599.3,30035.6,0.3354
2094.4,26162.1,2559.7,26560.0,0.3354
2907.3,6728.2,3518.7,7193.2,0.3354
3520.0,8000.0,4158.3,8409.9,0.3352
1291.8,61061.2,1917.3,61440.0,0.3351
2892.1,46975.1,3517.1,47360.0,0.3350
15682.2,57609.5,15914.7,57914.0,0.3349
7093.0,69374.2,7675.4,69760.0,0.3348
2945.2,12262.7,3498.1,12800.0,0.3348
16032.4,6306.7,16637.5,6720.0,0.3347
16062.2,43616.5,16636.0,44157.1,0.3346
8718.9,10881.2,8859.8,11093.8,0.3343
8173.2,642.7,8630.0,1093.4,0.3342
7869.1,37536.4,8000.0,37759.6,0.3342
18106.0,23862.3,18175.8,24307.0,0.3341
8673.7,11202.1,8858.2,11671.6,0.3341
8651.2,11929.3,8959.1,12477.7,0.3341
12339.4,33160.7,12479.2,33580.2,0.3340
14890.5,3202.7,15038.8,3447.2,0.3339
6685.1,7819.6,7039.7,8316.9,0.3338
1650.3,57186.8,2235.1,57600.0,0.3337
8404.0,62935.3,8954.5,63357.8,0.3336
7283.5,21307.8,7680.0,21755.2,0.3336
17385.4,2663.2,17599.8,2862.8,0.3336
10368.0,25600.0,10558.4,25861.0,0.3335
6827.3,8644.4,7040.0,9025.9,0.3333
16107.5,46148.4,16211.5,46399.9,0.3333
17283.6,8960.0,17919.4,9095.5,0.3332
16073.4,21120.3,16230.4,21192.7,0.3331
12160.6,31980.0,12585.8,32320.0,0.3331
12351.6,7121.3,12480.0,7360.0,0.3331
14605.1,20166.5,15040.0,20640.3,0.3331
6742.1,11729.6,7359.3,12157.8,0.3331
15360.0,58241.0,15848.6,58713.9,0.3330
7510.2,10882.6,7680.0,11506.6,0.3329
3467.0,32001.6,3839.5,32504.8,0.3329
10952.2,22403.9,11484.5,22881.7,0.3328
680.0,44718.2,1275.5,45120.0,0.3327
17355.2,39581.8,17920.0,40000.0,0.3326
7041.3,15360.8,7371.5,15462.7,0.3326
16983.5,36381.2,17598.4,36800.0,0.3325
5238.0,18338.5,5755.5,18876.5,0.3325
5611.1,12193.3,5759.8,12797.1,0.3325
14720.0,9155.1,15359.6,9513.5,0.3322
15263.2,26435.4,15680.0,26785.8,0.3322
2887.9,50900.9,3511.2,51287.6,0.3322
1600.7,3428.5,2232.3,3840.0,0.3321
9604.1,18415.4,9755.7,18877.7,0.3321
8395.1,64885.9,8954.9,65280.0,0.3318
8499.9,960.0,8960.0,1372.1,0.3317
16487.9,8570.5,16960.0,8959.7,0.3317
9280.0,36480.0,9919.8,36798.5,0.3315
6742.9,10721.5,7358.9,11197.6,0.3312
17343.9,14080.1,17919.7,14351.8,0.3312
1426.5,12480.0,1920.0,13081.4,0.3312
8358.5,17479.7,8957.2,17919.9,0.3311
14400.0,12953.5,14515.3,13119.1,0.3311
16442.8,59847.3,16956.2,60480.0,0.3311
9303.1,8225.1,9920.0,8640.0,0.3310
12328.6,38734.9,12479.7,39130.8,0.3308
8654.6,68106.8,9275.8,68480.0,0.3307
16642.0,38075.2,16819.0,38400.0,0.3305
4871.6,68058.7,5435.3,68477.1,0.3304
2605.8,29441.5,2880.0,29697.7,0.3304
7082.6,18127.9,7679.0,18560.0,0.3303
12480.0,40000.1,12753.4,40193.9,0.3301
2418.2,6080.0,2559.7,6540.7,0.3299
2323.8,9.7,2558.0,350.0,0.3294
2579.2,9293.1,3198.9,9691.2,0.3293
6433.8,56837.1,7035.9,57277.6,0.3291
8043.8,59385.0,8636.5,59838.2,0.3290
9995.3,36810.4,10549.3,37120.0,0.3289
17427.5,43083.7,17907.8,43512.3,0.3289
3520.0,11202.2,4156.5,11309.5,0.3286
12472.8,9601.1,12800.0,9816.2,0.3285
1357.2,41148.6,1912.7,41597.9,0.3284
7517.7,33922.4,8000.0,34411.3,0.3283
4435.4,26466.5,4800.0,26877.9,0.3283
15695.7,7111.4,16003.6,7255.1,0.3282
12530.7,45577.8,13115.1,46049.2,0.3281
12281.7,40480.5,12799.6,40958.7,0.3280
9294.0,25523.8,9920.0,25920.0,0.3278
15107.8,22159.9,15680.0,22607.0,0.3276
12814.8,62989.4,13435.6,63360.0,0.3273
9319.6,31364.7,9600.0,31636.9,0.3273
5443.6,14720.0,5807.9,15291.0,0.3272
17082.7,59916.0,17278.4,60477.6,0.3272
16372.3,38724.9,16640.0,39256.1,0.3271
2777.1,17342.2,2879.9,17600.0,0.3271
8000.0,24642.4,8640.0,24995.8,0.3271
9280.4,16320.0,9739.7,16557.3,0.3269
2322.8,16168.0,2863.1,16637.5,0.3268
1281.3,48587.2,1917.5,48960.0,0.3263
6722.7,17283.1,7063.2,17726.3,0.3263
3200.0,12486.9,3380.1,13100.5,0.3262
5441.3,28394.2,6080.0,28800.0,0.3262
17.2,19386.3,637.5,19836.8,0.3261
3899.7,14898.5,4479.3,15360.0,0.3261
11926.8,43074.0,12478.9,43514.2,0.3260
1422.9,2894.4,1600.0,3359.3,0.3259
2934.7,22725.9,3199.3,23010.8,0.3258
14724.6,16640.0,15354.8,17108.9,0.3258
4613.4,3840.0,5120.0,4474.5,0.3257
2587.6,38629.5,3197.5,39040.0,0.3257
12086.6,28733.4,12160.0,29120.0,0.3256
10001.8,30405.6,10238.0,30720.5,0.3256
16030.3,36344.4,16640.0,36800.0,0.3255
6753.4,1494.2,7360.0,1920.0,0.3255
3525.3,9784.2,3992.4,10037.6,0.3255
14468.5,18257.3,15038.4,18684.3,0.3254
10911.8,29480.1,11520.0,29954.7,0.3254
11853.9,16350.7,12477.9,16703.7,0.3254
12638.1,27946.3,13120.0,28480.0,0.3252
13120.0,9364.9,13758.7,9660.9,0.3252
967.2,41836.2,1596.4,42240.0,0.3251
13441.2,8960.3,13632.0,9129.5,0.3249
14796.9,20167.7,15039.3,20467.1,0.3249
16881.4,60164.9,16960.0,60356.9,0.3249
11763.6,6765.3,11840.0,7040.0,0.3248
1922.8,27366.1,2287.2,27835.5,0.3247
4811.4,60728.9,5436.0,61120.0,0.3247
1335.8,68673.7,1914.5,69118.0,0.3245
12800.0,14313.3,12910.3,14720.0,0.3245
12204.8,21296.1,12800.0,21755.6,0.3243
12487.2,18805.8,13118.5,19200.0,0.3243
13436.4,19848.5,13760.0,20175.8,0.3242
8960.0,11713.7,9528.3,12159.2,0.3242
13121.7,41124.3,13233.9,41279.4,0.3241
16643.7,22260.2,17277.7,22720.0,0.3240
9429.2,15049.7,9599.8,15585.7,0.3239
9314.6,12804.6,9599.7,13391.3,0.3239
3113.5,13342.8,3200.0,13753.3,0.3237
5465.9,31667.0,6080.0,31999.5,0.3237
12480.0,29571.3,12668.2,30078.3,0.3237
6986.3,19847.0,7360.0,20230.8,0.3237
17066.0,57282.5,17514.3,57684.2,0.3234
5764.7,7684.3,5917.0,8309.5,0.3233
3541.4,21859.6,4159.4,22399.9,0.3233
14753.2,29762.2,15025.1,29979.9,0.3232
9180.8,22736.9,9280.0,23330.1,0.3232
11786.5,9058.0,12160.0,9599.5,0.3231
12480.0,35840.0,13065.7,36263.9,0.3231
321.7,58163.1,956.3,58560.0,0.3230
4840.6,58439.0,5435.1,58877.7,0.3229
5178.0,69500.6,5757.0,69888.0,0.3229
45.8,59752.8,633.4,60158.1,0.3228
12169.5,38102.2,12800.0,38460.8,0.3227
10962.9,2241.7,11199.5,2458.1,0.3226
1920.0,16674.5,2481.0,17095.7,0.3225
3529.7,14439.9,4153.3,14720.0,0.3225
8640.0,22721.3,9223.6,23236.2,0.3224
9280.4,10560.4,9700.3,10701.8,0.3221
10038.2,21221.2,10556.2,21760.0,0.3221
13121.7,683.9,13272.9,960.0,0.3221
10933.5,40645.8,11517.1,41158.3,0.3220
80.9,67402.0,635.5,67839.4,0.3218
11925.1,12886.0,12007.2,13117.0,0.3217
4178.7,55617.9,4795.8,56000.0,0.3217
10657.6,36295.1,11200.0,36799.8,0.3215
5384.0,20160.0,5760.0,20754.7,0.3215
17280.0,20482.4,17598.3,20612.0,0.3214
11362.7,3200.0,11518.6,3392.9,0.3210
12004.7,1647.9,12480.0,2028.1,0.3210
6136.7,16989.4,6400.0,17304.3,0.3207
9308.3,46908.1,9916.7,47359.6,0.3206
13921.2,35752.1,14399.5,36160.0,0.3205
5502.0,57516.0,6074.9,57918.0,0.3205
17246.4,46614.3,17599.7,46936.1,0.3205
2251.7,10168.4,2880.0,10560.0,0.3204
6336.6,37506.3,6710.8,37760.0,0.3202
12302.9,40970.1,12794.1,41420.0,0.3201
9650.2,60089.4,10236.9,60480.0,0.3200
14957.2,24955.0,15040.0,25278.2,0.3200
10330.8,9598.5,10394.1,9916.0,0.3200
2577.4,29127.6,3197.8,29439.3,0.3199
17346.1,24652.2,17920.0,24999.5,0.3197
11842.0,19840.0,12478.1,19990.0,0.3197
16981.0,13761.1,17591.9,14096.8,0.3197
11682.4,14882.3,12156.2,15357.8,0.3195
4852.3,67433.5,5437.4,67840.0,0.3195
7680.0,40410.6,8084.5,40960.0,0.3194
12537.0,55265.7,13116.6,55676.2,0.3194
12480.3,39902.6,12631.7,40000.0,0.3193
5497.6,41121.4,6076.4,41595.3,0.3193
10296.1,33300.1,10559.8,33679.4,0.3193
3860.2,55269.7,4476.4,55680.0,0.3192
8977.2,65534.7,9596.8,65920.0,0.3192
10005.6,32166.7,10239.3,32632.6,0.3191
2721.0,11175.8,3047.9,11517.5,0.3189
1947.3,16486.6,2557.5,16960.0,0.3187
1682.5,8121.7,1920.0,8535.1,0.3186
8338.6,33097.2,8959.8,33600.0,0.3185
12387.9,17706.2,12480.0,18214.4,0.3185
6658.5,9284.8,7040.0,9762.7,0.3184
4857.3,42458.6,5434.9,42878.4,0.3184
15496.4,54722.7,15680.0,55051.6,0.3182
17500.5,43117.7,17599.5,43199.9,0.3182
8640.7,35117.7,9279.7,35520.0,0.3182
17283.4,7041.5,17915.4,7236.5,0.3180
7.5,32885.8,637.4,33280.0,0.3179
16962.6,58033.0,17188.8,58467.2,0.3179
8649.5,60731.0,9276.9,61120.0,0.3179
11664.9,3330.0,11839.6,3828.4,0.3177
17941.0,38309.5,18172.1,38464.8,0.3177
7396.8,53383.9,7996.0,53760.0,0.3175
1929.8,10557.8,2560.0,10880.0,0.3175
13761.9,42228.6,13894.4,42558.5,0.3173
14204.4,26564.7,14399.8,26895.1,0.3173
15667.6,41924.0,16000.0,42250.8,0.3172
11574.6,3705.6,12157.8,4159.0,0.3171
11128.3,30724.3,11520.0,30898.1,0.3171
15680.0,26882.6,15916.6,27067.7,0.3171
7993.7,35200.0,8318.5,35821.2,0.3171
15193.7,8321.1,15359.4,8850.7,0.3171
13140.0,20161.4,13543.3,20302.7,0.3169
7040.0,1280.2,7173.9,1355.7,0.3168
16076.6,32533.8,16640.0,32960.0,0.3166
6016.2,2246.1,6398.8,2681.7,0.3166
310.8,7502.0,640.0,7972.8,0.3165
4716.2,19203.6,5120.0,19647.1,0.3164
15073.5,53219.1,15675.4,53760.0,0.3163
5562.4,31681.0,5759.1,31846.3,0.3161
15255.2,42242.2,15676.9,42685.9,0.3159
8037.1,67747.2,8636.4,68160.0,0.3159
14863.6,212.8,15360.0,640.0,0.3158
569.8,50246.2,960.0,50589.6,0.3158
3537.0,49538.6,4158.9,49920.0,0.3156
13646.4,640.0,13760.0,1142.7,0.3155
8000.0,10883.1,8159.8,11310.8,0.3155
10627.0,53057.8,11196.7,53440.0,0.3153
14555.5,35919.1,14719.6,36474.6,0.3152
7997.8,22403.0,8319.8,22969.0,0.3152
7881.3,4891.0,8000.0,5342.6,0.3151
4490.1,46667.3,5117.3,47040.0,0.3150
997.2,2430.8,1598.8,2846.5,0.3149
4050.1,2698.5,4160.0,3178.5,0.3148
9327.1,69449.4,9916.3,69885.0,0.3148
3853.1,0.7,4480.0,357.7,0.3146
5927.6,11094.2,6399.9,11520.0,0.3146
15306.3,2150.7,15675.5,2559.8,0.3146
16007.0,21017.5,16639.6,21440.0,0.3144
683.2,1929.9,952.3,2093.7,0.3143
6824.6,4480.5,7359.5,4883.2,0.3142
9296.9,10425.3,9628.4,10544.9,0.3141
7040.8,20480.2,7125.4,20620.9,0.3141
5440.4,31855.3,6079.4,32319.0,0.3141
6179.8,461.8,6720.0,957.2,0.3141
13914.3,11520.0,14390.6,11809.6,0.3140
11840.0,5693.7,12332.1,6079.4,0.3139
681.7,14720.0,1273.5,15150.6,0.3139
14720.0,29275.1,14892.6,29758.5,0.3139
6782.6,32500.3,7358.4,32957.7,0.3138
16325.7,20708.9,16936.5,21120.0,0.3138
15363.1,6744.5,15702.0,7021.8,0.3138
7388.6,64876.3,7997.2,65280.0,0.3137
15040.0,21612.5,15665.5,22080.0,0.3137
7242.5,17280.0,7666.0,17798.2,0.3136
916.6,6138.2,1278.1,6519.7,0.3136
12944.3,12230.3,13440.0,12793.1,0.3134
2532.1,16740.5,2880.0,17280.0,0.3134
16987.4,41402.7,17584.3,41909.7,0.3133
2243.5,15645.3,2643.0,15885.4,0.3132
2901.7,59777.3,3517.4,60160.0,0.3132
6730.3,28407.7,7357.6,28798.1,0.3132
16322.0,24961.4,16492.3,25231.2,0.3131
7175.0,28928.0,7680.0,29120.0,0.3130
10636.8,64566.6,11193.9,64960.0,0.3129
6733.7,68741.6,7357.1,69120.0,0.3128
16179.7,1296.9,16319.6,1579.7,0.3128
4809.3,26735.1,5435.2,27189.9,0.3127
4031.3,13672.6,4158.2,13759.4,0.3127
11246.9,49845.3,11836.2,50240.0,0.3127
16686.5,27714.0,17186.3,28160.0,0.3127
17377.0,22163.0,17919.9,22716.0,0.3126
12480.0,19523.4,12561.1,19634.6,0.3126
12480.0,33923.7,12842.1,34137.4,0.3126
4871.6,58063.7,5434.5,58558.1,0.3125
13686.7,44967.3,13759.8,45116.5,0.3125
2799.3,14459.4,3200.0,14720.0,0.3122
7244.8,9622.2,7360.0,9965.6,0.3122
9031.0,36644.7,9594.7,37118.7,0.3121
15714.5,44811.0,15822.3,45255.0,0.3120
16754.7,46608.6,16857.0,46719.8,0.3120
6421.0,4336.2,7037.3,4799.0,0.3119
9691.0,11247.5,10227.9,11520.0,0.3119
12673.3,437.9,13117.6,958.8,0.3118
11661.5,14749.3,11839.2,15174.6,0.3118
1197.6,19538.9,1600.0,19867.8,0.3117
5040.4,30400.8,5440.0,30850.9,0.3116
11630.8,6084.7,12160.0,6626.8,0.3116
11258.8,19207.3,11743.0,19823.6,0.3115
903.2,14818.0,1280.0,15360.0,0.3115
6641.0,31044.2,6999.4,31486.9,0.3114
3283.2,21440.0,3520.0,21618.0,0.3114
15851.1,24967.7,15999.2,25245.9,0.3112
6432.6,10116.9,6718.6,10239.0,0.3111
15698.3,30085.1,16317.6,30571.6,0.3111
8811.6,36400.6,9277.1,36800.0,0.3111
15363.4,55361.0,15606.1,55987.9,0.3110
5241.3,6721.7,5440.0,7134.0,0.3109
1280.2,25149.3,1564.9,25594.7,0.3109
9016.3,22506.8,9279.9,23040.0,0.3108
14525.2,5120.8,14720.0,5188.1,0.3107
12194.9,18090.3,12800.0,18558.9,0.3107
13440.0,22832.0,13900.4,23359.7,0.3107
3276.2,58119.1,3834.9,58559.0,0.3105
8508.8,14354.5,8640.0,14720.0,0.3104
11535.8,5711.1,12159.5,6080.0,0.3104
10241.5,66167.9,10877.1,66560.0,0.3103
13473.6,28710.3,14076.9,29120.0,0.3102
3201.2,8630.1,3839.2,8960.0,0.3100
13070.6,4696.6,13440.0,5120.0,0.3100
11317.2,5046.3,11840.0,5440.0,0.3100
16641.2,45625.3,16717.9,46071.5,0.3099
5092.4,14464.4,5440.0,15040.0,0.3099
1301.6,48909.5,1915.9,49280.0,0.3099
17511.9,41081.8,17919.9,41597.8,0.3098
11840.0,7041.5,12478.8,7331.0,0.3097
6081.3,15697.9,6718.3,16000.0,0.3096
6116.5,1923.0,6400.0,2188.3,0.3095
17004.6,25029.5,17278.8,25279.2,0.3094
6819.4,30850.0,7358.9,31360.0,0.3094
15361.6,25608.1,15527.7,26070.4,0.3094
17802.9,33195.1,18176.0,33600.0,0.3093
15344.7,43763.8,15601.3,44160.0,0.3093
9630.7,41098.5,9920.0,41594.8,0.3093
3524.6,49191.3,4157.1,49600.0,0.3092
11865.1,52090.9,12475.6,52480.0,0.3092
11520.0,36803.3,11721.8,36991.2,0.3091
15417.6,58978.6,15997.1,59520.0,0.3090
11604.4,44892.6,12157.5,45429.0,0.3090
10233.6,16960.0,10560.0,17411.2,0.3089
17870.3,21247.0,18176.0,21582.9,0.3088
2622.6,42094.6,3194.8,42558.1,0.3087
1932.9,40904.5,2555.9,41280.0,0.3084
5033.0,16228.1,5119.4,16639.3,0.3084
14746.3,42240.0,15355.2,42334.8,0.3084
15042.7,40321.7,15676.1,40538.7,0.3084
14619.8,40644.6,14720.0,41273.2,0.3083
4395.3,26882.2,4800.0,27401.6,0.3082
7687.4,52105.1,8317.6,52480.0,0.3081
6401.0,14455.4,6495.0,14603.8,0.3080
17234.3,19218.2,17600.0,19500.1,0.3079
17536.0,6402.4,17712.0,6546.7,0.3077
9290.3,68408.9,9917.5,68800.0,0.3076
4796.7,25600.0,5120.0,26123.7,0.3074
14299.9,32457.0,14400.0,32639.1,0.3073
5440.7,27721.5,5918.8,28160.0,0.3072
609.0,17604.1,949.8,17814.4,0.3072
2130.0,3396.9,2557.8,3835.5,0.3072
6766.0,14428.2,7358.6,14719.8,0.3069
2893.1,45371.9,3516.5,45760.0,0.3068
6730.6,58173.5,7354.4,58560.0,0.3067
3247.2,42740.1,3838.0,43199.5,0.3066
16003.6,29120.1,16437.6,29284.2,0.3066
6743.9,63613.0,7357.4,64000.0,0.3065
9600.0,1827.3,9762.7,2240.0,0.3065
14720.0,28804.8,14921.7,29007.5,0.3065
10732.0,8433.4,10880.0,8671.2,0.3065
15042.5,6119.5,15152.1,6383.9,0.3064
2569.7,10158.7,3200.0,10556.9,0.3064
13851.1,15278.6,14394.1,15680.0,0.3064
1102.1,6080.0,1600.0,6678.6,0.3063
11038.5,1079.5,11198.1,1188.8,0.3063
14389.0,38083.5,14720.0,38486.1,0.3063
9280.0,1176.0,9772.9,1600.0,0.3062
5149.8,52715.6,5757.6,53120.0,0.3061
7360.0,30680.7,7813.1,30929.1,0.3060
11210.4,18878.4,11835.9,19200.0,0.3059
5461.4,13134.5,6077.9,13635.6,0.3058
0.1,7384.2,626.5,7678.6,0.3058
16877.8,61105.0,16960.0,61440.0,0.3057
11687.1,5144.4,12157.6,5760.0,0.3057
8333.4,3520.3,8638.9,3773.4,0.3056
10438.5,40457.5,10558.9,40956.2,0.3056
17039.8,40646.8,17595.5,41131.6,0.3056
5526.2,27134.4,5644.3,27270.9,0.3055
2097.9,20194.2,2560.0,20480.0,0.3054
13742.5,24901.5,14080.0,25280.0,0.3052
10591.6,24224.4,11199.9,24640.0,0.3051
9921.3,17922.4,10321.6,18211.6,0.3051
3237.7,69376.2,3837.3,69760.0,0.3051
1324.2,60070.7,1916.3,60478.2,0.3051
9639.8,36370.9,10236.8,36800.0,0.3051
2241.5,6723.5,2686.2,6976.0,0.3049
15373.0,15045.6,15993.7,15511.4,0.3049
14499.8,20482.1,14720.0,20682.9,0.3048
11846.2,33604.7,12474.4,33920.0,0.3048
6088.3,19201.1,6718.1,19503.7,0.3048
8009.2,1501.2,8637.8,1906.2,0.3048
10387.4,19524.1,10560.0,20119.1,0.3047
15040.9,48002.8,15149.1,48116.4,0.3047
5608.9,22504.8,5759.8,22720.0,0.3047
3530.2,6951.9,4160.0,7360.0,0.3047
15686.9,55362.3,15988.1,55779.3,0.3047
3521.9,12958.9,3840.0,13440.0,0.3046
14463.2,48275.6,15036.0,48640.0,0.3046
7385.3,30972.0,7996.6,31360.0,0.3045
10364.7,9603.3,10560.0,9957.6,0.3045
15237.8,54298.9,15359.6,54720.0,0.3045
10604.3,30939.4,10879.3,31348.1,0.3045
16562.2,37998.0,16640.0,38400.0,0.3044
640.0,17632.3,1232.0,18223.1,0.3043
10102.8,35038.4,10560.0,35513.9,0.3042
12480.0,2880.3,12800.0,3480.6,0.3042
13902.8,23871.9,14077.5,24317.2,0.3041
5166.1,52077.9,5758.7,52480.0,0.3041
14821.9,12020.2,15345.1,12477.0,0.3039
9600.4,69346.0,10236.0,69760.0,0.3038
10570.2,1702.6,11200.0,2234.2,0.3038
6184.8,29445.4,6716.3,29833.3,0.3038
16053.6,32649.3,16319.3,32883.8,0.3036
3863.2,53993.6,4477.6,54400.0,0.3036
4823.4,41541.0,5434.3,41920.0,0.3036
8328.1,1280.0,8957.6,1722.6,0.3035
3274.5,26028.6,3519.6,26557.4,0.3035
4489.0,25291.9,5118.3,25666.6,0.3035
2516.4,19399.5,2880.0,19840.0,0.3034
15762.1,11419.5,16316.6,11840.0,0.3033
396.3,13440.0,957.2,13607.0,0.3033
13446.3,50560.6,14077.6,51104.5,0.3033
3851.8,14289.7,4476.6,14713.3,0.3033
12810.7,51439.6,13437.4,51840.0,0.3033
14715.3,31362.9,15040.0,31826.3,0.3032
15848.0,43520.5,15999.8,43605.8,0.3031
5478.8,48850.9,6076.1,49278.7,0.3031
14080.0,49601.5,14240.4,50096.7,0.3031
15078.5,13766.2,15669.3,14258.9,0.3030
2618.0,33280.0,2879.9,33724.8,0.3030
3860.6,13939.3,4477.9,14388.9,0.3030
667.0,19654.8,1278.1,20156.8,0.3029
16002.7,59395.3,16136.4,59837.8,0.3027
16118.1,2383.4,16620.4,2877.1,0.3027
3774.3,11200.0,4160.0,11831.5,0.3027
13496.5,61286.4,14076.0,61757.2,0.3027
8907.1,21199.3,9280.0,21760.0,0.3026
7414.4,21944.2,7997.6,22398.1,0.3026
1611.9,66506.6,2236.3,66880.0,0.3025
12067.8,13581.0,12160.0,14074.3,0.3023
5761.5,18561.3,6193.7,18811.2,0.3023
9280.0,31362.3,9913.8,31640.8,0.3023
17415.4,4977.6,17599.5,5417.8,0.3021
1707.6,20803.3,1917.8,21033.1,0.3021
9621.1,64229.6,10236.5,64640.0,0.3021
1940.1,38638.9,2556.8,39038.6,0.3020
13141.0,47506.7,13759.0,47998.9,0.3018
13493.1,5120.0,14078.3,5591.3,0.3015
7704.7,26994.5,8089.5,27292.9,0.3014
3200.0,9260.9,3836.9,9587.8,0.3013
12502.1,32000.8,12577.9,32197.3,0.3012
3211.2,38953.2,3837.5,39360.0,0.3011
14080.0,35852.6,14590.8,36382.2,0.3011
557.3,52171.2,960.0,52603.2,0.3011
5292.3,16643.6,5440.0,16806.3,0.3010
14433.9,5448.3,15040.0,5790.9,0.3010
1981.4,29440.0,2556.0,29933.3,0.3010
4191.4,61358.8,4796.1,61760.0,0.3009
2545.6,15679.8,2877.7,15962.3,0.3008
1379.0,16000.0,1919.7,16194.1,0.3008
13440.4,40960.1,13675.4,41124.4,0.3004
657.4,46317.8,1276.9,46720.0,0.3004
14211.3,29450.5,14720.0,29996.7,0.3004
13778.2,31855.0,14395.6,32206.1,0.3004
17613.0,24004.1,17920.0,24616.8,0.3004
11520.8,1748.6,12022.3,2229.4,0.3003
8042.5,57816.5,8635.0,58238.7,0.3003
7130.1,17771.3,7680.0,18234.0,0.3003
9180.8,1925.3,9279.9,2186.0,0.3003
9041.7,9370.3,9598.1,9600.0,0.3002
17547.0,5075.5,18173.1,5440.0,0.3002
14601.3,4577.7,14720.0,5120.0,0.3001
14438.7,11460.2,15036.6,11839.9,0.3001
13761.8,5673.8,14400.0,5985.0,0.3001
2310.7,28801.7,2560.0,28964.5,0.3000
8320.2,19727.4,8447.4,19840.0,0.3000
8960.0,26240.5,9585.1,26462.8,0.2999
9418.4,38219.2,9916.7,38399.1,0.2999
15337.2,33613.0,15674.3,33962.2,0.2999
14946.7,15687.5,15358.3,16044.6,0.2999
3238.4,28293.8,3836.4,28799.4,0.2998
8002.1,38879.3,8170.9,39029.8,0.2998
1470.8,50243.3,1917.9,50628.1,0.2997
8464.9,31550.8,8640.0,31998.2,0.2996
8000.0,2220.0,8477.4,2559.9,0.2996
12402.6,44509.5,12800.0,45110.0,0.2996
7362.9,61357.5,7993.6,61760.0,0.2995
6332.8,29122.8,6720.0,29621.4,0.2995
320.6,4070.2,959.9,4480.0,0.2994
11218.5,24554.1,11835.1,24958.2,0.2994
10655.3,3746.3,10879.7,4160.0,0.2993
7931.6,18629.5,8017.4,19195.5,0.2993
14784.2,11750.5,15360.0,12160.0,0.2993
5579.3,6795.9,6076.2,7357.1,0.2992
6725.2,13684.4,7358.9,14080.0,0.2992
12189.8,5441.3,12795.8,5698.0,0.2991
5595.0,9280.0,5760.0,9870.3,0.2991
14106.4,36160.0,14398.7,36595.6,0.2990
14406.5,6807.1,15035.7,7198.7,0.2988
14418.6,33572.9,15038.7,33920.0,0.2987
8378.6,62319.1,8955.8,62717.0,0.2986
8356.8,57844.3,8953.1,58239.7,0.2985
2240.0,32966.4,2876.5,33276.9,0.2984
7710.1,47273.7,8316.9,47680.0,0.2984
17536.0,54400.0,18174.6,54867.7,0.2984
12378.8,650.4,12795.3,874.8,0.2983
17333.7,40998.3,17600.0,41415.8,0.2982
3681.7,14247.0,4156.9,14694.1,0.2982
14085.6,6233.9,14718.4,6649.2,0.2982
11532.0,24002.5,12157.6,24320.0,0.2981
13813.5,3527.8,14080.0,3800.9,0.2980
3565.3,13663.7,4156.1,14069.6,0.2980
7490.8,16289.4,8000.0,16640.0,0.2979
16884.0,41280.0,17280.0,41855.8,0.2978
14971.9,3902.2,15360.0,4475.8,0.2976
7604.0,22081.8,8000.0,22608.7,0.2974
12843.4,68021.5,13434.3,68477.8,0.2973
17280.0,47705.9,17431.4,48310.6,0.2971
15554.4,27857.8,15997.8,28197.0,0.2971
7362.6,16928.9,7526.2,17277.6,0.2970
13249.4,18706.4,13439.6,19133.6,0.2970
6935.3,17419.8,7359.0,17910.0,0.2969
16767.1,20800.0,16960.0,21348.6,0.2968
8352.1,69354.7,8956.0,69760.0,0.2968
7372.7,7414.4,7678.4,7678.7,0.2967
14015.9,20243.9,14400.0,20799.0,0.2967
12521.1,61702.3,13117.5,62080.0,0.2967
2035.4,67928.7,2552.6,68476.0,0.2965
2561.7,21698.3,2706.0,21951.9,0.2964
16423.9,44221.0,16639.9,44800.0,0.2964
8176.8,17841.6,8320.0,18239.0,0.2963
16646.6,15410.5,17277.0,15680.0,0.2963
15684.5,32873.8,16062.1,33280.0,0.2963
3723.9,13059.9,3839.9,13440.0,0.2963
0.0,11840.0,639.2,12231.9,0.2961
2885.5,61699.2,3516.2,62080.0,0.2959
7684.4,3744.2,8029.3,4160.0,0.2959
15144.3,40367.7,15359.8,40958.7,0.2958
8656.7,0.0,9271.6,370.0,0.2957
6454.5,7669.0,7039.9,8000.0,0.2956
1280.0,25280.0,1604.3,25769.9,0.2955
7680.0,1281.4,8114.4,1772.3,0.2954
12162.1,25633.5,12233.5,25918.0,0.2953
16089.1,44693.0,16421.6,45117.7,0.2952
50.4,48838.4,635.4,49277.9,0.2951
2880.0,17608.7,3517.2,17955.0,0.2951
6842.4,38191.7,6955.3,38397.2,0.2947
9777.2,4732.2,9920.0,5120.0,0.2947
7707.2,9737.1,8318.9,10239.6,0.2946
11875.3,64551.8,12475.9,64960.0,0.2946
17621.3,32093.2,18175.9,32639.0,0.2946
342.5,69498.0,956.7,69888.0,0.2944
3230.5,29767.2,3520.0,30172.9,0.2942
2240.0,16998.7,2877.6,17280.0,0.2941
16060.4,3933.3,16636.7,4480.0,0.2941
10263.4,48568.8,10875.9,48960.0,0.2940
14373.1,20800.0,14720.0,21366.1,0.2940
14400.0,5989.2,14563.5,6078.4,0.2939
3840.0,22642.1,4475.7,23040.0,0.2938
13129.0,11484.7,13755.0,11840.0,0.2937
5152.2,1291.0,5758.9,1772.6,0.2936
17280.4,33281.5,17841.3,33663.3,0.2935
3957.9,9920.0,4478.0,10341.1,0.2934
16962.6,45558.3,17594.1,45758.1,0.2934
6726.8,15360.2,7357.1,15461.3,0.2933
2567.2,60724.4,3197.2,61120.0,0.2933
17056.1,58247.2,17280.0,58860.6,0.2932
14722.5,7680.0,15356.4,8111.3,0.2931
10444.5,9042.8,10869.0,9593.0,0.2931
17467.5,21448.2,17598.9,21746.2,0.2930
642.3,17438.1,1278.2,17913.2,0.2929
15909.2,23911.5,16000.0,24320.0,0.2927
3255.1,12286.6,3597.7,12800.0,0.2927
6118.0,62974.3,6716.7,63360.0,0.2924
1132.8,7043.0,1599.3,7518.8,0.2922
12620.7,8324.8,13116.7,8719.4,0.2922
5760.3,5121.4,6139.3,5333.1,0.2921
15107.0,22400.0,15671.9,22624.7,0.2920
6720.0,6085.9,7112.3,6500.1,0.2920
5280.4,48471.5,5760.0,48958.2,0.2920
9927.6,65866.6,10558.4,66240.0,0.2918
16092.1,61248.7,16635.0,61759.3,0.2918
13838.8,32962.7,14079.7,33431.3,0.2918
16619.3,2576.4,16960.0,2878.2,0.2917
9921.0,10034.7,10209.0,10231.9,0.2916
5100.2,13643.7,5438.9,14080.0,0.2915
13503.4,23683.0,13760.0,24126.6,0.2915
11521.0,16642.6,11840.0,17187.2,0.2913
16896.3,31042.2,17280.0,31480.4,0.2912
11616.0,36169.2,12159.4,36682.7,0.2912
3572.6,58102.4,4156.5,58558.0,0.2912
3724.4,8654.9,3840.0,9084.1,0.2912
6589.5,12481.8,7036.3,12893.6,0.2911
11576.4,61331.3,12155.1,61756.4,0.2910
971.4,61694.2,1596.7,62080.0,0.2910
4750.9,25818.2,5120.0,26240.0,0.2907
6119.4,60698.1,6716.1,61118.3,0.2906
17536.0,65596.5,18027.0,65920.0,0.2906
6285.0,22588.5,6716.8,23040.0,0.2904
15145.4,5628.9,15359.9,6072.6,0.2903
11851.5,498.6,12469.4,956.1,0.2903
4163.9,15760.7,4569.6,15998.7,0.2903
11742.4,15043.8,11839.9,15283.5,0.2901
9920.1,38228.9,10114.8,38369.4,0.2900
961.5,4801.5,1060.1,4901.9,0.2899
15918.5,8773.3,16320.0,8937.0,0.2898
10748.0,43512.6,11182.6,43838.2,0.2898
11862.0,38172.3,12160.0,38717.1,0.2897
8024.2,20065.1,8640.0,20480.0,0.2895
14721.0,19842.4,14824.5,20012.0,0.2895
15916.0,643.9,15999.9,938.4,0.2895
4238.6,27305.8,4796.8,27840.0,0.2895
4895.2,20166.0,5120.0,20701.3,0.2894
8299.1,32645.4,8639.1,33119.0,0.2893
10882.5,14299.9,11517.3,14720.0,0.2893
14147.1,66102.4,14715.4,66560.0,0.2892
12208.6,53671.4,12795.7,54080.0,0.2891
11648.4,32793.5,11839.8,33268.7,0.2891
10671.4,27840.0,10781.3,27946.8,0.2891
13510.0,20238.7,14076.4,20800.0,0.2889
16960.1,61770.2,17226.9,62070.4,0.2888
15045.5,4207.6,15407.3,4799.7,0.2888
7904.4,17810.5,8316.3,18240.0,0.2887
2303.7,39570.3,2876.8,39998.8,0.2886
12480.9,321.0,12869.4,499.9,0.2886
13448.9,28387.8,14076.9,28800.0,0.2886
9072.4,32317.9,9600.0,32640.0,0.2886
12943.8,47053.7,13440.0,47467.6,0.2885
17582.1,18880.0,17918.0,18993.4,0.2885
8362.5,22201.8,8956.6,22717.3,0.2884
2309.7,18110.8,2560.0,18559.8,0.2884
5134.6,68116.2,5753.4,68480.0,0.2883
12800.4,5120.5,13180.0,5252.5,0.2883
3692.8,25409.2,4118.1,25783.5,0.2882
3202.9,1835.8,3675.1,2238.9,0.2881
12716.7,24646.6,13120.0,25127.2,0.2881
6127.5,24320.0,6715.3,24769.1,0.2881
17678.7,11524.4,18176.0,12029.1,0.2880
8779.5,11931.4,8957.0,12158.1,0.2880
1644.8,12450.0,2239.1,12737.4,0.2879
9799.6,4858.2,9920.0,5205.9,0.2878
16012.8,44811.2,16144.0,45319.1,0.2877
6841.5,32006.9,7040.0,32270.3,0.2877
8651.9,8651.9,9280.0,9142.8,0.2876
12537.8,17374.0,13107.2,17920.0,0.2874
17041.6,34741.6,17598.6,35200.0,0.2874
17203.3,24001.9,17600.0,24511.1,0.2873
16906.3,9920.8,17280.0,10381.1,0.2872
5774.5,38159.7,6387.1,38720.0,0.2872
10224.1,7491.4,10560.0,7889.4,0.2871
17003.2,56969.4,17280.0,57589.5,0.2871
16898.7,30100.0,17280.0,30405.0,0.2870
12704.4,45140.3,12798.9,45440.0,0.2870
10240.0,3540.0,10624.1,3858.7,0.2869
14682.7,49169.0,15039.3,49280.0,0.2869
11068.1,6464.0,11506.3,7040.0,0.2867
11947.3,9107.2,12478.1,9592.5,0.2867
7037.1,11038.1,7360.0,11508.1,0.2867
8395.9,11117.4,8639.0,11517.8,0.2866
7599.3,28904.2,8000.0,29415.9,0.2864
6832.6,32962.0,7038.6,33292.0,0.2864
14100.2,49777.2,14720.0,50231.2,0.2864
10946.3,24981.9,11518.1,25570.7,0.2863
7409.5,34729.1,7996.3,35200.0,0.2863
14623.1,9803.7,14717.9,10193.0,0.2863
16661.4,26485.2,17280.0,26880.0,0.2863
322.9,5471.2,529.9,5755.2,0.2861
7904.3,15148.5,8000.0,15576.2,0.2861
14660.5,51487.5,15032.6,51840.0,0.2861
17648.3,23306.1,18175.5,23680.0,0.2861
5781.0,57855.3,6398.4,58240.0,0.2860
9610.8,7064.5,10239.2,7360.0,0.2860
17539.4,32036.3,18165.9,32320.0,0.2860
16000.1,16916.2,16620.6,17249.4,0.2860
12112.3,55.4,12160.0,230.9,0.2858
16324.2,331.1,16817.2,640.0,0.2858
9923.2,28487.1,10328.7,28635.4,0.2858
7198.7,17283.0,7360.0,17795.0,0.2857
3521.4,12592.9,3678.0,13107.8,0.2856
10560.0,14400.7,11199.2,14759.8,0.2854
11579.5,3231.5,12160.0,3583.8,0.2853
13440.7,5955.5,14069.1,6384.5,0.2853
697.8,38899.8,1274.1,39357.9,0.2852
2915.6,18.6,3518.8,423.3,0.2851
2448.2,321.6,2560.0,715.6,0.2850
6409.9,9015.5,6720.0,9600.0,0.2849
5487.3,31361.9,5760.0,31653.9,0.2849
13120.0,17280.0,13657.0,17475.6,0.2848
12624.7,20162.7,12799.2,20260.3,0.2848
14821.5,27296.2,15354.2,27840.0,0.2846
16356.5,9920.0,16960.0,10422.4,0.2846
2282.1,41145.2,2876.6,41596.6,0.2846
13700.7,44806.1,14080.0,45120.0,0.2845
13125.6,32539.0,13756.0,32960.0,0.2844
3581.8,1362.8,3834.5,1737.1,0.2843
12829.8,9944.3,12907.7,10240.0,0.2843
12480.2,41921.6,12583.6,42005.6,0.2842
3552.6,14942.2,4160.0,15360.0,0.2842
4800.0,4432.7,5438.3,4800.0,0.2840
13443.0,24960.1,13844.4,25182.6,0.2840
5766.5,56902.7,6396.7,57280.0,0.2838
10229.0,37141.5,10560.0,37752.9,0.2838
2560.0,51130.5,3198.2,51520.0,0.2838
2905.4,4160.0,3198.3,4653.2,0.2837
1685.4,43127.7,2237.1,43520.0,0.2836
8436.2,15360.0,8952.4,15666.5,0.2835
9611.7,26268.9,9920.0,26880.0,0.2835
4715.8,16324.6,4799.2,16829.3,0.2834
12800.0,6712.2,13254.9,7027.7,0.2832
9020.1,34562.1,9280.0,34645.3,0.2829
16002.7,17603.5,16463.6,18035.1,0.2827
14400.7,6448.5,14788.2,6795.3,0.2827
5776.1,4800.0,6080.0,5296.9,0.2827
2104.2,4535.0,2239.8,4968.3,0.2826
2005.3,28800.7,2240.0,29116.3,0.2824
17240.8,52097.7,17600.0,52448.4,0.2823
15682.7,3407.5,16145.4,3838.7,0.2822
11586.2,63218.2,12154.4,63678.3,0.2820
9623.1,68063.3,10236.1,68477.1,0.2819
12480.0,16001.3,12861.3,16215.2,0.2818
2648.7,56861.5,3192.8,57278.3,0.2818
7547.2,4163.1,7894.6,4579.6,0.2817
16245.3,17904.0,16640.0,18239.0,0.2817
2231.0,13440.0,2558.0,13879.4,0.2817
3248.5,56522.2,3835.7,56957.4,0.2816
9268.6,13760.0,9600.0,14215.3,0.2814
4074.0,2882.4,4159.9,3069.0,0.2814
13918.1,960.9,14079.7,1278.3,0.2813
3520.0,1302.7,3662.3,1800.2,0.2812
14403.4,28069.7,15022.0,28480.0,0.2811
11843.2,13175.5,12065.1,13439.9,0.2810
16003.4,41600.0,16493.5,42065.8,0.2809
6415.3,60718.7,7036.6,61120.0,0.2809
2599.5,38297.1,3196.0,38716.3,0.2807
11760.7,19208.3,11819.7,19616.8,0.2807
17125.5,41924.9,17280.0,42446.4,0.2807
8574.6,10882.3,8634.8,11063.3,0.2806
5332.7,14080.0,5760.0,14585.6,0.2805
11111.5,21761.5,11520.0,22203.8,0.2805
7680.0,37120.3,7989.9,37257.3,0.2802
14383.5,36110.4,14720.0,36480.0,0.2802
16646.1,12062.9,17275.3,12480.0,0.2802
6144.5,18398.6,6720.0,18777.7,0.2799
16508.6,45129.4,16616.8,45431.0,0.2799
8973.1,65857.8,9597.2,66240.0,0.2798
661.2,53640.9,1277.8,54080.0,0.2797
12481.5,38401.1,12851.9,38687.9,0.2796
5471.0,22021.9,6076.7,22400.0,0.2796
4163.1,8013.6,4799.2,8413.5,0.2794
8059.9,46926.2,8636.0,47357.6,0.2794
4828.2,30915.9,5438.0,31360.0,0.2792
2692.2,10885.7,2878.9,11197.5,0.2791
6082.4,66503.4,6714.5,66880.0,0.2790
9280.0,33906.8,9410.3,34231.5,0.2790
9921.7,23725.0,9989.4,23984.5,0.2789
1621.1,45685.3,2234.9,46078.5,0.2789
3442.7,1925.7,3840.0,2339.8,0.2788
11398.2,8216.2,11520.0,8637.2,0.2788
17971.0,61768.2,18175.9,62005.0,0.2787
15365.0,46026.2,15852.9,46394.5,0.2785
6383.6,36850.0,6717.4,37119.5,0.2785
10249.5,62342.0,10877.2,62720.0,0.2784
65.6,66744.1,636.6,67198.4,0.2784
13126.0,48280.7,13759.3,48640.0,0.2783
12480.0,6331.1,12558.4,6585.1,0.2783
4835.6,65180.1,5436.0,65599.4,0.2783
8378.9,11521.3,8487.9,11615.1,0.2782
7690.9,33135.0,8000.0,33598.5,0.2782
15148.9,8874.8,15359.7,8958.6,0.2781
1649.2,35136.1,2236.5,35520.0,0.2780
15499.5,15363.4,15995.0,15827.4,0.2779
13493.4,36263.7,14077.8,36800.0,0.2778
7154.8,9346.6,7360.0,9918.6,0.2778
4867.4,22524.4,5439.8,23037.7,0.2778
5769.5,68090.1,6395.3,68480.0,0.2777
15683.1,56088.1,15806.3,56606.4,0.2777
17907.2,38921.8,18174.8,39040.0,0.2776
12014.5,36377.6,12160.0,36480.0,0.2776
8097.0,22449.7,8637.0,23034.6,0.2776
9420.0,37120.4,9598.7,37292.3,0.2775
3200.0,5732.3,3839.5,6080.0,0.2774
6426.4,23684.0,7037.6,24309.6,0.2773
6723.1,7696.8,7077.2,8000.0,0.2771
3859.5,10515.1,4479.6,10880.0,0.2771
10353.7,4.3,10880.0,369.8,0.2770
14080.0,50895.6,14186.1,51334.1,0.2768
4012.1,30538.5,4476.9,31035.9,0.2767
6804.3,64490.0,7355.8,64957.5,0.2767
2251.9,9932.4,2880.0,10383.5,0.2766
16688.2,46402.2,16859.9,46916.2,0.2765
12800.0,39041.7,13151.5,39239.0,0.2763
13847.6,23367.8,14079.8,23979.9,0.2763
7008.1,29760.3,7121.4,29841.7,0.2763
4021.6,30400.3,4160.0,30508.4,0.2762
9290.1,64880.6,9917.8,65280.0,0.2759
14400.7,9686.0,14693.6,9919.3,0.2759
6749.1,5446.3,7040.0,5840.8,0.2756
16845.7,55681.0,16960.0,55953.8,0.2754
16433.2,58846.2,16547.5,59200.0,0.2753
10373.0,17828.8,10559.9,18240.0,0.2753
1945.5,16259.2,2240.0,16640.0,0.2751
17280.6,57293.4,17502.7,57679.4,0.2749
11965.7,19206.4,12469.9,19630.1,0.2749
2607.8,67772.2,3195.1,68160.0,0.2748
15378.8,33160.2,15998.1,33600.0,0.2748
12037.8,14498.2,12159.6,14755.8,0.2748
10240.0,11945.1,10373.8,12480.0,0.2746
4363.9,3522.4,4480.0,3637.1,0.2745
12198.5,23158.0,12799.5,23680.0,0.2745
14082.5,10144.7,14272.2,10554.5,0.2744
1665.3,64250.2,2235.8,64640.0,0.2742
2291.9,66441.8,2876.0,66879.9,0.2742
3876.9,36672.1,4474.9,37117.9,0.2740
6110.8,45667.3,6715.8,46078.3,0.2739
8321.6,9928.2,8724.8,10241.8,0.2738
13235.2,7820.3,13439.1,8230.2,0.2738
10293.0,41921.6,10469.4,42105.1,0.2737
13766.7,5817.2,14400.0,6079.4,0.2735
4871.1,19133.7,5439.3,19520.0,0.2735
5443.8,7933.4,5937.5,8319.9,0.2734
12835.2,40971.9,13120.0,41326.4,0.2733
8679.7,19002.5,9275.2,19516.4,0.2729
4160.0,6720.6,4786.7,7205.1,0.2729
12328.0,35115.4,12479.4,35520.0,0.2728
8044.8,60087.2,8640.0,60480.0,0.2727
17323.8,38582.3,17920.0,39039.3,0.2727
3768.0,11520.0,4160.0,12148.2,0.2727
1600.2,28727.7,1912.2,29120.0,0.2727
6720.0,20162.2,7238.9,20428.6,0.2726
7360.0,29854.4,7440.0,30080.0,0.2726
2147.1,19487.2,2237.9,19758.5,0.2725
11985.9,7680.0,12159.9,8151.4,0.2725
9601.0,22400.0,10013.7,22589.6,0.2724
1946.1,33531.1,2559.7,33920.0,0.2724
4293.5,25745.7,4799.9,26232.3,0.2723
3908.2,24852.1,4478.0,25137.5,0.2723
2563.9,7680.0,3044.1,7846.2,0.2722
16960.6,24174.0,17486.8,24638.2,0.2719
8960.0,24000.6,9593.6,24381.3,0.2718
9438.2,17280.0,9909.0,17864.7,0.2718
14080.0,14409.7,14415.2,14752.8,0.2718
11958.1,11214.8,12160.0,11773.8,0.2717
16160.2,11018.4,16639.5,11520.0,0.2717
3571.1,58793.6,4156.8,59200.0,0.2716
8975.6,63636.4,9597.7,64000.0,0.2715
13760.0,27200.1,14388.1,27457.8,0.2714
13440.0,7360.0,14075.8,7624.5,0.2713
16217.1,56007.1,16319.0,56484.6,0.2712
14786.8,41494.2,15354.8,41915.6,0.2711
6127.2,46000.9,6714.2,46399.2,0.2711
17196.9,16967.3,17280.0,17393.1,0.2710
9159.1,24488.9,9279.6,24639.6,0.2710
15424.7,32897.2,16000.0,33280.0,0.2709
578.9,27520.8,960.0,28015.9,0.2709
15435.8,8646.2,15679.4,9230.5,0.2708
4191.0,64199.1,4794.2,64637.7,0.2706
2932.1,67421.2,3515.7,67838.0,0.2706
9658.0,4548.2,9917.9,4797.6,0.2706
16960.0,62443.0,17091.3,63035.6,0.2706
4183.2,59781.1,4797.3,60160.0,0.2705
17285.5,3520.0,17915.2,3991.9,0.2705
11058.9,16002.2,11200.0,16181.8,0.2704
2998.7,27404.3,3515.0,27840.0,0.2703
8326.4,20480.0,8958.7,20834.7,0.2703
4170.5,39941.4,4797.7,40320.0,0.2703
3046.9,29013.9,3200.0,29119.9,0.2702
16003.5,20325.5,16148.3,20746.0,0.2701
11520.0,30726.9,11887.3,31147.9,0.2701
9898.6,2502.5,10240.0,2878.5,0.2701
9288.8,5284.6,9916.7,5753.4,0.2700
644.1,40877.0,1277.9,41280.0,0.2698
11715.0,14882.7,11840.0,15360.0,0.2698
12355.0,22327.7,12794.8,22720.0,0.2697
7204.1,1280.0,7360.0,1541.2,0.2697
8979.8,67441.2,9598.0,67839.9,0.2697
10266.9,60391.8,10876.0,60800.0,0.2694
8591.5,14080.2,8958.8,14550.0,0.2693
967.0,22375.3,1597.8,22720.0,0.2693
4406.2,29661.3,4797.5,29760.0,0.2693
17696.5,42932.7,18174.7,43304.8,0.2692
11521.5,1458.7,11965.2,1920.0,0.2691
8054.0,3203.6,8319.8,3517.7,0.2690
5131.7,61710.6,5757.2,62080.0,0.2690
8323.1,11202.9,8555.8,11660.5,0.2688
10589.1,16832.5,11197.5,17273.0,0.2687
14010.7,40278.4,14080.0,40622.3,0.2686
14721.0,20801.3,15356.9,21012.0,0.2685
5465.2,20371.0,6075.8,20800.0,0.2685
3569.8,38648.2,4157.6,39040.0,0.2683
9600.5,28355.6,10236.3,28757.2,0.2683
4526.2,40868.4,5114.8,41278.9,0.2682
12315.4,31741.9,12800.0,31944.8,0.2682
6175.1,4938.5,6717.9,5425.8,0.2682
10298.5,21617.7,10878.9,22080.0,0.2681
10110.3,21937.6,10552.4,22399.4,0.2680
10537.0,40644.4,10880.0,41045.1,0.2680
644.0,58507.8,1276.1,58880.0,0.2680
16269.7,4490.1,16584.4,4734.9,0.2679
14997.7,31040.3,15358.1,31520.4,0.2678
3683.5,18371.7,3839.0,18687.2,0.2677
7362.8,3843.8,7743.7,4129.6,0.2677
7098.8,15481.2,7295.2,15526.0,0.2675
13134.3,21675.9,13555.9,22080.0,0.2675
8993.7,59445.6,9596.5,59840.0,0.2675
5483.9,63613.9,6076.1,64000.0,0.2674
16000.6,12686.6,16635.5,13114.9,0.2674
1121.0,5767.7,1280.0,6230.7,0.2673
7442.5,28339.3,7996.4,28796.1,0.2670
11847.9,45541.1,12478.9,45760.0,0.2669
6086.1,50145.1,6716.6,50560.0,0.2669
8087.7,13143.2,8319.1,13440.0,0.2668
16845.7,3980.3,17280.0,4478.1,0.2668
9500.8,2880.5,9920.0,3428.8,0.2667
13183.3,21041.2,13757.1,21440.0,0.2666
14242.6,3035.2,14400.0,3515.7,0.2665
1915.6,2779.8,2240.0,3189.5,0.2664
17537.4,59845.9,17893.6,60318.9,0.2664
15299.9,22882.4,15680.0,23346.2,0.2664
16636.0,16520.2,16960.0,16958.5,0.2663
1642.6,19927.6,2224.5,20159.9,0.2660
5696.0,2022.9,5760.0,2486.1,0.2659
17538.7,40616.9,17667.6,40958.8,0.2658
6081.6,3227.5,6710.9,3588.4,0.2658
2911.5,38000.8,3518.1,38400.0,0.2658
8644.3,6917.3,9278.8,7347.0,0.2657
12824.5,34498.4,13438.2,34880.0,0.2656
14739.7,9600.0,15360.0,10071.0,0.2656
7293.4,29772.7,7368.8,30080.0,0.2655
10674.1,5472.3,10879.4,6037.6,0.2655
11539.1,7059.2,12160.0,7419.9,0.2654
5777.8,12085.1,6398.6,12480.0,0.2653
9013.1,40581.1,9599.4,40952.9,0.2653
12802.1,38091.0,13034.9,38400.3,0.2652
3728.2,14402.2,4155.8,14627.1,0.2652
9029.4,47878.2,9592.9,48317.7,0.2652
14275.0,51208.7,14399.8,51710.3,0.2652
15043.6,31047.5,15678.5,31511.2,0.2651
16051.8,40005.4,16320.0,40379.2,0.2650
5683.3,27200.8,6080.0,27707.6,0.2650
1242.0,8004.1,1599.4,8221.9,0.2650
15292.1,54178.6,15360.0,54301.4,0.2649
6837.7,962.3,7040.0,1153.3,0.2648
9659.3,2881.3,9919.1,3235.9,0.2647
16483.7,61313.4,16959.9,61758.0,0.2647
4517.1,30728.5,4800.0,31344.8,0.2647
1361.4,12800.5,1915.8,13239.3,0.2646
16422.6,3105.1,16937.5,3520.0,0.2646
2326.7,26797.4,2875.9,27200.0,0.2645
16648.1,54404.7,17087.3,54645.0,0.2645
6534.7,23209.3,7037.0,23672.9,0.2645
7121.0,31040.0,7673.7,31527.4,0.2645
8328.6,67759.9,8956.5,68160.0,0.2645
5120.0,13883.6,5594.8,14395.7,0.2644
13160.3,24008.9,13757.5,24363.3,0.2643
13127.2,10451.2,13760.0,10880.0,0.2643
8321.4,24000.4,8958.7,24290.0,0.2643
5138.4,59753.2,5758.7,60160.0,0.2643
7392.6,18240.0,7680.0,18700.4,0.2642
10914.3,27762.1,11520.0,28160.0,0.2641
6188.9,10678.1,6717.0,11191.6,0.2640
6720.2,14834.9,7040.0,15360.0,0.2639
6123.3,57523.6,6715.6,57920.0,0.2639
12395.6,28914.5,12800.0,29440.0,0.2637
9982.4,64220.3,10557.1,64637.9,0.2637
10938.0,23680.0,11517.9,23809.6,0.2636
2525.5,962.9,2880.0,1301.5,0.2635
16530.4,58084.4,16930.0,58556.4,0.2635
12347.8,43303.8,12480.0,43520.0,0.2635
9444.4,26797.3,9918.5,27200.0,0.2634
5136.4,62644.0,5756.8,63037.0,0.2634
10944.0,51684.4,11515.7,52158.6,0.2634
8088.0,23130.5,8638.1,23680.0,0.2634
9920.0,5443.4,10558.8,5809.0,0.2633
5972.5,7689.0,6399.2,8193.1,0.2633
17502.1,30324.4,17599.0,30702.7,0.2633
11949.5,13542.2,12479.9,13760.0,0.2633
519.6,15040.0,959.5,15652.9,0.2632
10006.7,325.0,10558.2,851.1,0.2631
15040.0,31685.5,15609.3,32175.6,0.2631
4483.1,9966.0,5120.0,10240.0,0.2631
6774.9,27712.5,7355.0,28146.9,0.2631
11200.3,9601.8,11840.0,9960.4,0.2629
17716.6,21925.5,18158.8,22400.0,0.2627
6736.6,22866.9,7358.4,23357.2,0.2626
7107.1,19558.7,7358.1,19938.3,0.2626
11463.0,35972.3,11840.0,36480.0,0.2625
15364.5,7747.7,15861.5,8090.1,0.2624
8960.1,10316.4,9249.6,10584.9,0.2624
10959.9,34564.7,11198.2,35128.6,0.2623
7597.8,4806.4,7995.8,5094.6,0.2623
6989.7,19259.9,7360.0,19840.0,0.2623
10284.6,18738.9,10876.7,19200.0,0.2620
9280.0,8531.2,9916.9,8952.9,0.2619
8149.1,34881.8,8319.8,34985.4,0.2619
8643.6,21773.1,9277.1,22269.8,0.2618
8322.8,39339.9,8456.8,39638.9,0.2618
17563.8,4803.6,17920.0,5238.8,0.2617
1934.4,38960.8,2558.9,39357.7,0.2617
11898.2,66070.0,12472.9,66558.4,0.2617
61.7,55590.8,633.6,55998.4,0.2617
14799.5,46460.7,15030.6,46716.8,0.2616
15234.6,28707.3,15360.0,29105.5,0.2616
13814.7,25635.2,14395.1,26240.0,0.2615
13795.1,49149.7,14400.0,49600.0,0.2614
4792.6,27840.4,5120.0,28467.6,0.2614
13120.0,16965.1,13746.6,17437.5,0.2613
13446.8,5808.9,14078.5,6076.3,0.2613
14083.4,39362.2,14717.2,39768.1,0.2612
16961.6,47588.9,17592.6,48000.0,0.2612
2562.4,27730.4,3199.4,28157.9,0.2612
16519.2,56342.1,16960.0,56640.0,0.2611
4519.8,23041.4,4800.0,23528.3,0.2610
2313.9,13536.1,2871.7,14080.0,0.2610
17179.7,5690.9,17279.9,6080.0,0.2610
8642.0,29038.3,9264.0,29439.0,0.2610
48.3,59407.7,636.0,59837.6,0.2609
2889.0,56272.0,3515.7,56640.0,0.2608
4624.2,4805.7,4799.9,5291.5,0.2607
9386.6,4797.8,9918.9,5115.6,0.2605
10181.4,10881.4,10560.0,11342.8,0.2603
3291.5,11523.0,3365.4,12009.3,0.2602
5826.4,32722.5,6394.3,33280.0,0.2602
8665.4,25221.5,9268.3,25599.4,0.2601
3227.8,55610.9,3837.3,56000.0,0.2601
16960.0,8325.6,17277.9,8826.9,0.2601
17536.0,49432.7,17941.5,49916.5,0.2600
5449.5,62004.4,6076.7,62400.0,0.2600
9019.4,16820.2,9600.0,17278.7,0.2599
3532.9,66828.1,4155.7,67200.0,0.2599
9166.0,10560.0,9598.9,10668.9,0.2598
11520.0,8660.2,11853.6,8983.5,0.2597
16644.6,60500.2,16785.4,61120.0,0.2596
2540.8,13168.9,2880.0,13760.0,0.2594
4988.0,672.5,5117.8,960.0,0.2594
15596.8,7360.0,15662.7,7465.7,0.2594
6798.2,24643.7,7356.8,25107.7,0.2594
3952.8,25689.8,4160.0,25975.4,0.2593
2374.3,17924.2,2863.0,18136.0,0.2593
11573.9,31407.5,11839.3,31680.0,0.2593
14431.0,22998.4,15040.0,23355.5,0.2592
16644.1,34371.6,17236.2,34775.0,0.2591
6740.3,26.7,7357.8,625.8,0.2591
10104.8,32662.3,10560.0,33122.7,0.2590
11701.6,34730.0,12153.2,35196.4,0.2589
6092.7,69378.5,6715.9,69760.0,0.2588
7299.9,24322.5,7680.0,24921.0,0.2588
13760.2,9316.3,14398.6,9654.2,0.2588
15370.4,40330.8,16000.0,40640.0,0.2587
15049.1,9600.0,15680.0,9827.1,0.2585
4550.1,25122.3,4799.2,25545.4,0.2584
15360.0,40132.4,15998.6,40466.2,0.2583
12820.3,8320.0,13440.0,8685.5,0.2581
695.2,66451.6,1276.5,66878.3,0.2580
10005.2,2678.6,10239.1,3173.0,0.2580
15062.0,49286.3,15677.3,49771.3,0.2579
9024.2,15361.5,9280.0,15626.3,0.2579
7506.1,13449.3,7678.9,13656.0,0.2579
13036.0,29659.0,13120.0,30049.7,0.2578
3200.0,49554.6,3836.3,49920.0,0.2578
7059.7,24161.6,7678.0,24632.2,0.2577
7434.6,640.0,7995.1,1112.8,0.2577
17030.9,9593.5,17589.1,9920.0,0.2577
2880.0,11524.7,3304.7,11934.3,0.2576
12299.1,28160.0,12796.7,28388.8,0.2575
8714.0,33143.5,9278.6,33598.2,0.2574
12201.5,53001.3,12794.9,53438.7,0.2573
4746.2,3296.7,5120.0,3840.0,0.2573
1456.5,19840.0,1600.0,19924.1,0.2572
11200.0,27200.0,11740.4,27628.8,0.2570
12190.1,50171.4,12795.5,50560.0,0.2568
10603.3,44484.7,11198.6,45021.6,0.2567
1116.5,8264.3,1595.3,8640.0,0.2567
6140.3,47871.7,6715.7,48318.0,0.2567
17939.0,23360.0,18175.5,23499.3,0.2566
16962.3,46734.0,17146.2,47359.8,0.2566
15479.3,1529.3,15968.0,1920.0,0.2566
10282.1,50806.1,10876.1,51200.0,0.2566
7274.7,10882.1,7680.0,11436.5,0.2565
13158.8,55621.3,13756.9,56000.0,0.2565
15060.9,39567.0,15678.9,39998.5,0.2564
3357.0,19847.6,3519.8,20145.8,0.2564
15666.1,33304.9,16000.0,33439.0,0.2564
15821.2,41535.1,16316.7,41920.0,0.2564
3887.4,63550.4,4475.9,63999.6,0.2563
4716.4,23363.4,5118.8,23590.5,0.2563
10928.3,19181.6,11518.2,19520.0,0.2562
9571.8,22955.4,9920.0,23360.0,0.2562
4834.6,8867.0,5440.0,9280.0,0.2562
13088.0,33284.0,13439.0,33665.7,0.2561
16080.9,5579.9,16640.0,6075.8,0.2561
7680.2,15529.8,8029.7,15897.3,0.2561
15848.4,1502.3,16000.0,1917.3,0.2559
2607.2,48573.4,3196.7,48960.0,0.2559
7773.6,34384.9,8317.2,34875.0,0.2558
17366.1,29168.9,17600.0,29753.3,0.2558
17625.2,14083.5,18171.8,14529.8,0.2557
14904.1,12901.2,15358.7,13438.1,0.2557
7680.0,1285.0,8104.4,1479.4,0.2556
13292.0,20490.7,13440.0,20909.3,0.2555
9360.1,26652.5,9599.9,26879.2,0.2555
9700.5,21254.2,10232.1,21760.0,0.2555
17546.0,18543.7,18105.2,18754.1,0.2555
3207.1,7872.6,3839.0,8318.2,0.2555
14359.2,27593.6,14718.4,27908.9,0.2555
1201.8,9836.1,1279.8,10224.2,0.2554
4201.3,55278.8,4794.3,55680.0,0.2554
6422.7,28925.8,7038.5,29440.0,0.2554
1290.6,57834.8,1917.2,58240.0,0.2553
11200.0,754.2,11837.9,1257.1,0.2553
7055.8,46322.1,7675.3,46720.0,0.2553
13441.1,26241.3,13532.4,26327.5,0.2551
12801.8,31930.5,13118.6,32320.0,0.2551
13440.0,42882.0,13747.7,43085.6,0.2551
4564.6,63881.6,5115.5,64319.9,0.2551
15552.0,14724.6,16000.0,15196.2,0.2551
15173.0,30579.6,15677.3,31017.6,0.2550
10492.4,24320.0,10560.0,24618.9,0.2549
6680.1,16241.1,7040.0,16638.4,0.2549
10903.0,13740.3,11295.1,14080.0,0.2548
2579.8,41868.4,3195.9,42240.0,0.2547
1861.0,28578.3,2240.0,29113.3,0.2547
1357.0,69486.0,1915.9,69886.9,0.2547
8000.0,16320.0,8172.1,16933.0,0.2546
6082.0,16640.8,6466.1,17051.7,0.2546
5141.0,8073.3,5760.0,8319.4,0.2546
1611.6,59448.8,2236.2,59840.0,0.2545
4951.1,19203.6,5119.6,19377.0,0.2542
9279.4,16994.2,9600.0,17277.3,0.2542
9949.1,61594.2,10554.1,62075.8,0.2541
9922.2,10284.7,10280.9,10560.0,0.2541
12430.9,12824.6,12800.0,13196.3,0.2541
12371.4,29869.8,12479.5,30078.3,0.2540
6098.4,67766.6,6716.6,68160.0,0.2540
967.6,22182.7,1395.6,22358.1,0.2539
9825.3,17994.0,9919.5,18412.0,0.2539
3544.4,56577.4,4157.5,56960.0,0.2539
11866.6,3067.0,12479.4,3514.8,0.2538
10589.8,17202.8,11196.6,17600.0,0.2538
14080.4,4160.0,14720.0,4542.1,0.2537
1040.3,8437.3,1597.7,8959.3,0.2537
14081.4,44800.0,14426.1,44922.5,0.2537
9150.0,22610.6,9280.0,23040.0,0.2537
12200.4,50807.0,12796.3,51200.0,0.2536
10785.7,31904.9,10880.0,32160.3,0.2536
10562.3,36058.0,11195.0,36480.0,0.2534
17806.3,16961.2,18176.0,17475.5,0.2533
14214.9,19526.7,14718.9,19970.8,0.2532
3521.9,30385.4,3900.3,30720.0,0.2532
17280.0,4772.7,17916.5,5120.0,0.2531
11566.3,58787.1,12155.4,59198.0,0.2530
3931.7,1921.4,4160.0,2276.9,0.2529
15417.3,29461.9,15679.8,29802.1,0.2529
2306.4,19002.8,2876.9,19514.2,0.2527
1627.3,65155.6,2236.4,65599.9,0.2526
599.2,2455.6,960.0,2880.0,0.2524
5137.6,40897.6,5756.5,41280.0,0.2524
8260.2,29469.7,8640.0,30075.3,0.2524
970.2,13440.6,1599.4,13905.3,0.2523
309.0,23042.8,638.2,23627.8,0.2523
1963.9,64252.0,2557.4,64640.0,0.2522
16641.0,8001.8,16725.0,8177.1,0.2522
12801.6,6426.9,13144.4,6737.2,0.2521
12232.3,11071.6,12796.7,11512.8,0.2520
15036.1,40640.0,15360.0,41158.6,0.2520
6281.2,9382.0,6400.0,9599.2,0.2519
15368.8,55037.8,15825.5,55359.4,0.2519
8213.0,12037.8,8319.9,12480.0,0.2519
5159.3,61294.7,5756.1,61758.7,0.2519
16039.6,8248.2,16636.9,8640.0,0.2517
16643.4,23484.7,17020.9,24000.0,0.2515
7470.4,2641.2,7679.8,2879.2,0.2515
17444.6,52608.5,17599.8,52752.3,0.2515
9500.5,9921.2,9599.7,10105.5,0.2515
3445.1,26306.1,3840.0,26879.8,0.2514
10279.3,64891.4,10875.2,65280.0,0.2514
284.1,10880.0,532.1,11059.5,0.2513
4788.8,6935.2,5118.7,7360.0,0.2513
2384.8,16000.2,2864.9,16234.4,0.2513
16322.6,55689.8,16450.4,56136.0,0.2511
2058.9,5443.3,2239.4,5711.3,0.2511
5493.1,21454.9,5759.8,21759.8,0.2510
14723.9,13039.7,15184.0,13435.2,0.2510
13798.9,65492.4,14395.0,65919.1,0.2510
7744.5,11840.0,8000.0,12318.4,0.2510
17317.6,54104.9,17919.6,54400.0,0.2510
11860.8,10887.2,12479.5,11391.4,0.2510
2570.1,41214.5,3196.5,41600.0,0.2510
1043.8,14457.6,1593.9,14748.8,0.2508
3273.0,54619.1,3835.1,55039.5,0.2508
8320.9,38284.6,8427.4,38400.0,0.2508
16640.0,48610.1,16710.1,48960.0,0.2507
5781.1,51049.7,6396.4,51516.5,0.2507
16102.8,14910.5,16623.8,15355.6,0.2506
13330.8,37125.2,13760.0,37662.0,0.2506
17283.3,35861.4,17507.5,36141.4,0.2506
1989.5,67437.2,2555.9,67840.0,0.2505
8063.3,35523.3,8631.5,36022.6,0.2505
7413.8,2585.8,8000.0,2880.0,0.2505
4163.7,11316.8,4534.2,11819.7,0.2505
17168.1,57480.1,17279.5,57906.5,0.2504
4809.6,69060.5,5436.1,69440.0,0.2503
4160.0,31167.5,4348.3,31680.0,0.2502
17012.3,34070.2,17598.0,34557.3,0.2502
1141.2,20902.8,1279.4,21436.1,0.2502
4167.7,48889.9,4798.4,49280.0,0.2501
11200.0,14114.0,11390.0,14516.1,0.2501
14080.0,23017.8,14266.8,23353.4,0.2501
