x1,y1,x2,y2,score
3380.4,54326.4,3503.4,54400.0,0.9615
16461.7,37120.0,16954.4,37495.6,0.9608
3694.1,40940.8,4153.8,41280.0,0.9604
9659.3,12359.1,10238.2,12797.2,0.9603
15814.2,12331.2,16313.1,12800.0,0.9592
15685.8,6281.7,16316.0,6718.8,0.9582
3336.1,16320.0,3834.9,16777.2,0.9574
860.1,18190.0,1278.8,18559.6,0.9574
4948.0,37863.8,5436.1,38400.0,0.9568
16154.7,17523.8,16636.6,17917.1,0.9566
7838.6,18217.2,8302.0,18560.0,0.9562
10628.3,47312.4,10880.0,47574.5,0.9556
2682.5,9757.6,3194.3,10235.0,0.9554
3668.0,63149.2,4155.4,63678.9,0.9552
13760.3,12799.9,14396.2,13120.0,0.9547
10293.8,49193.8,10876.4,49599.4,0.9545
2562.6,257.6,3195.1,640.0,0.9541
12872.8,48962.8,13436.4,49381.4,0.9541
16563.7,46400.0,16665.5,46479.5,0.9540
3713.8,4480.7,4160.0,4938.9,0.9536
14894.0,23368.5,15357.9,23837.0,0.9534
7771.2,38083.7,8317.0,38539.7,0.9534
14166.5,36047.0,14716.5,36480.0,0.9533
5247.9,4225.5,5754.7,4645.2,0.9533
11233.6,39274.8,11836.0,39680.0,0.9532
9110.8,49181.1,9599.3,49600.0,0.9531
11585.5,19094.3,12158.1,19519.7,0.9529
11946.7,23173.5,12476.1,23678.3,0.9528
7819.5,15883.4,8315.6,16319.4,0.9527
1318.4,6848.3,1916.4,7358.0,0.9527
14413.1,50797.2,15039.9,51200.0,0.9526
491.4,29059.7,938.1,29438.3,0.9525
5522.7,24320.5,5758.0,24645.1,0.9521
3331.9,35731.6,3836.7,36160.0,0.9518
4029.0,24213.7,4477.1,24640.0,0.9515
14098.6,31841.4,14716.9,32316.3,0.9513
5183.1,4725.1,5755.5,5119.7,0.9509
13248.4,47944.6,13757.5,48317.0,0.9509
197.7,23691.1,640.0,24090.7,0.9508
5913.1,40006.0,6381.0,40367.3,0.9508
7876.3,14597.5,8310.7,15040.0,0.9506
16802.6,227.7,17276.4,639.9,0.9505
15631.9,51840.0,15742.9,52050.8,0.9505
10023.5,16892.2,10557.5,17280.0,0.9504
1164.3,64245.7,1594.5,64640.0,0.9502
7769.3,9169.7,8320.0,9600.0,0.9501
11613.2,19355.1,12157.9,19838.3,0.9501
9035.4,37923.7,9279.2,38391.3,0.9500
13442.1,30690.9,14080.0,31040.0,0.9499
5931.4,3386.1,6392.4,3835.3,0.9497
13851.9,50240.0,14397.8,50705.9,0.9497
452.7,47569.1,953.3,47997.6,0.9495
10291.8,36079.4,10876.8,36475.9,0.9495
3646.4,46400.1,3840.0,46670.4,0.9494
5531.7,41796.8,6073.7,42240.0,0.9494
828.2,54027.4,1256.9,54399.5,0.9493
16346.8,50251.8,16479.6,50555.1,0.9491
15143.6,40146.3,15677.3,40638.6,0.9491
15170.0,42448.5,15679.4,42879.2,0.9488
11054.8,15548.6,11517.4,16000.0,0.9486
6460.9,8960.0,6718.5,9167.8,0.9486
1071.9,28734.7,1599.3,29120.0,0.9486
66.3,42134.1,639.5,42559.8,0.9485
6501.6,5460.7,7035.4,5760.0,0.9484
10321.7,37279.7,10876.0,37760.0,0.9484
5225.6,66445.6,5755.4,66880.0,0.9483
15415.3,5992.1,15999.4,6400.0,0.9483
6801.6,13129.2,7359.1,13691.6,0.9482
17149.0,49308.1,17263.6,49459.4,0.9477
17050.6,18442.9,17595.8,18878.2,0.9477
2013.5,3440.7,2560.0,3840.0,0.9477
2113.7,22949.3,2556.6,23360.0,0.9475
16861.8,11527.6,17276.8,11952.1,0.9475
15368.4,32841.7,15995.5,33263.7,0.9474
2880.8,35527.5,3516.4,35839.7,0.9473
11918.1,29283.8,12474.4,29758.5,0.9473
9016.9,35180.1,9600.0,35520.0,0.9473
8674.9,29633.5,9275.5,30076.9,0.9472
2685.0,51245.0,3196.5,51520.0,0.9471
1403.1,2435.0,1917.6,2880.0,0.9471
6565.6,65035.3,6718.5,65279.0,0.9470
4600.4,21338.7,5117.6,21760.0,0.9470
8775.7,45444.1,8959.3,45670.5,0.9470
9678.3,33147.0,10237.2,33600.0,0.9467
17163.3,10759.0,17597.0,11200.0,0.9467
2647.6,34427.6,3197.6,34877.9,0.9467
13263.3,43058.6,13760.0,43516.8,0.9466
4485.1,35512.4,5116.1,35840.0,0.9465
1429.1,27727.3,1918.1,28156.8,0.9465
9970.4,28022.5,10560.0,28477.2,0.9464
106.7,17618.2,640.0,17920.0,0.9464
10365.6,41107.2,10876.7,41597.7,0.9464
14081.6,69258.4,14716.7,69649.3,0.9464
15407.8,44673.3,16000.0,45119.2,0.9464
17389.9,38488.1,17916.1,39040.0,0.9463
2733.9,51293.2,2878.9,51520.0,0.9462
4854.5,21859.0,5434.0,22400.0,0.9461
10560.0,25527.6,11196.7,25910.5,0.9461
5886.3,3842.9,6400.0,4311.7,0.9460
1659.7,43842.8,2236.5,44187.6,0.9460
2004.3,26450.2,2559.2,26875.5,0.9459
5798.3,22547.9,6395.5,23036.7,0.9457
12627.5,32783.5,13116.7,33276.7,0.9457
17651.0,40795.5,18174.1,41278.8,0.9457
8974.5,44995.4,9596.2,45439.6,0.9457
6837.3,65817.6,7353.8,66240.0,0.9456
11882.9,32221.3,12476.7,32627.7,0.9455
10679.7,9150.9,11196.7,9598.4,0.9452
1683.7,6305.9,2239.6,6720.0,0.9452
8033.8,17481.3,8640.0,17918.7,0.9452
1033.0,23914.1,1597.2,24320.0,0.9451
7812.9,11910.8,7999.8,12160.0,0.9451
9409.7,51610.4,9919.0,52160.0,0.9450
10401.1,18819.4,10880.0,19200.0,0.9449
4196.1,27692.1,4797.5,28153.3,0.9449
12017.9,17598.2,12478.4,17919.5,0.9449
16788.3,45260.4,16959.9,45482.1,0.9447
2311.1,31366.3,2875.6,31725.4,0.9444
7383.8,5976.2,7995.6,6397.5,0.9444
16469.1,17816.7,16957.2,18234.5,0.9443
14927.1,16960.5,15040.0,17242.8,0.9442
2092.9,49572.0,2555.8,49920.0,0.9440
6401.9,4489.2,6505.7,4800.0,0.9440
5596.9,22899.9,6079.8,23359.7,0.9440
4946.1,3996.6,5440.0,4285.6,0.9440
16967.8,53661.7,17597.3,54080.0,0.9439
3318.1,30594.6,3840.0,31040.0,0.9438
5762.9,47367.2,6396.0,47675.6,0.9438
14930.8,13027.5,15356.4,13439.7,0.9437
9370.4,32235.2,9916.7,32634.4,0.9437
6768.1,14325.6,7356.0,14719.8,0.9437
2898.1,5945.7,3516.6,6398.0,0.9436
7040.0,16962.3,7482.5,17426.5,0.9435
10890.5,26439.9,11516.8,26872.0,0.9435
13234.7,50083.6,13752.8,50559.6,0.9434
412.4,22081.5,638.8,22270.8,0.9434
12439.5,29135.7,12796.3,29440.0,0.9433
14857.1,31818.3,15355.7,32315.0,0.9433
16686.4,20352.7,17277.1,20800.0,0.9432
110.5,7560.6,635.3,7998.7,0.9432
7796.7,13288.7,8320.0,13758.9,0.9431
15794.1,69478.4,16314.3,69885.0,0.9431
16330.9,30328.4,16955.7,30720.0,0.9428
16751.4,6950.0,17279.9,7359.7,0.9428
7411.6,34746.6,7996.0,35199.6,0.9427
15765.5,10471.4,16316.3,10877.8,0.9426
11416.5,15234.7,11840.0,15680.0,0.9426
5605.9,17505.6,5760.0,17905.5,0.9425
11237.5,33504.5,11833.5,33920.0,0.9425
81.0,12480.0,633.3,12917.4,0.9425
7825.8,30247.6,8318.6,30716.2,0.9425
9639.1,24297.6,10235.2,24640.0,0.9424
14190.0,47890.1,14718.2,48318.1,0.9424
10252.7,28743.2,10877.9,29107.7,0.9424
1736.1,3750.3,2239.4,4158.2,0.9424
11013.7,18884.6,11198.4,19106.4,0.9423
2665.9,55139.6,2880.0,55359.2,0.9423
11371.9,42953.7,11519.3,43199.1,0.9422
10243.4,50410.7,10868.6,50877.9,0.9422
17370.6,35201.3,17598.1,35480.0,0.9422
11018.1,52699.6,11517.3,53120.0,0.9421
8804.3,16319.1,9272.4,16637.7,0.9421
17112.0,26332.3,17598.7,26880.0,0.9420
13130.9,41186.5,13757.7,41599.7,0.9419
2968.7,4316.5,3520.0,4798.1,0.9419
11787.6,5456.6,12158.0,5826.2,0.9418
15174.0,12401.0,15679.0,12800.0,0.9417
14185.5,15546.0,14711.8,15997.6,0.9417
12801.9,11117.0,13435.8,11520.0,0.9414
5090.3,6400.0,5440.0,6847.0,0.9414
8461.6,14406.7,8958.3,14938.6,0.9413
15863.8,52160.0,16310.8,52302.9,0.9412
13460.3,17250.0,14080.0,17595.7,0.9412
13197.6,39567.3,13755.7,39996.6,0.9411
824.3,20482.0,1275.5,20932.5,0.9410
17390.7,19507.4,17558.5,19838.8,0.9410
11884.7,5012.2,12160.0,5440.0,0.9408
14881.5,16964.4,15360.0,17280.0,0.9408
12400.4,47531.3,12800.0,47994.8,0.9408
14493.3,21968.5,15037.3,22397.0,0.9407
17327.4,42081.0,17916.2,42557.4,0.9405
15903.8,7720.9,16320.0,8000.0,0.9404
16478.3,15561.0,16958.6,16000.0,0.9404
3975.8,7257.8,4476.5,7680.0,0.9404
10045.2,46637.2,10554.8,47040.0,0.9404
16962.4,49198.7,17061.6,49600.0,0.9404
1927.0,36973.5,2560.0,37439.3,0.9402
3363.4,20160.3,3519.4,20344.3,0.9401
16499.8,12101.8,16960.0,12479.4,0.9401
5172.7,64046.1,5343.4,64294.4,0.9400
14216.4,15042.4,14715.9,15351.7,0.9399
10404.3,48252.6,10872.2,48636.5,0.9396
12367.6,43841.2,12480.0,44118.0,0.9395
5532.7,13957.4,6079.9,14369.8,0.9395
4185.1,33793.0,4798.8,34238.8,0.9395
15055.5,33803.6,15677.3,34235.8,0.9394
10981.9,21658.2,11517.8,22080.0,0.9393
17784.9,46096.6,17888.8,46198.3,0.9393
11020.5,40960.4,11199.1,41145.3,0.9392
13531.2,44114.4,14075.1,44479.1,0.9391
1710.5,52984.5,2234.2,53440.0,0.9391
1669.1,30298.8,2239.2,30718.8,0.9391
1755.2,60628.2,2238.6,61113.5,0.9388
5910.9,29144.1,6388.6,29544.9,0.9388
3928.0,54771.7,4474.4,55040.0,0.9388
13257.0,30619.2,13754.1,31038.6,0.9387
10022.8,39979.5,10239.9,40319.9,0.9387
16804.6,22729.6,17274.9,23038.4,0.9386
17359.5,27479.0,17916.8,27840.0,0.9386
16766.2,18139.5,17280.0,18557.6,0.9386
10928.5,22302.4,11517.6,22720.0,0.9384
9496.6,25469.0,9915.2,25915.5,0.9384
3984.8,24642.3,4475.6,25109.2,0.9383
1932.8,27120.0,2557.8,27520.0,0.9381
1978.4,4382.6,2560.0,4799.8,0.9378
15062.8,34142.4,15679.1,34560.0,0.9378
4592.7,5995.1,5120.0,6400.0,0.9378
8047.2,1184.1,8627.9,1598.9,0.9377
351.6,24532.4,960.0,24960.0,0.9377
5586.4,14869.1,6074.5,15349.6,0.9376
10431.5,27704.7,10876.6,28156.1,0.9375
5324.3,22241.5,5760.0,22716.2,0.9375
3554.0,20975.8,4154.6,21438.0,0.9375
11031.3,45613.6,11506.2,46079.2,0.9374
4335.8,23213.9,4798.3,23678.5,0.9374
3271.0,46082.5,3840.0,46449.2,0.9374
4253.9,5638.8,4795.4,6080.0,0.9373
104.2,19413.4,636.1,19835.1,0.9373
16012.6,26484.8,16636.9,26880.0,0.9372
16640.6,27141.3,17275.8,27520.0,0.9370
11395.2,42269.2,11837.1,42577.5,0.9370
14875.3,14039.1,15358.2,14399.8,0.9369
3987.6,44375.9,4470.1,44800.0,0.9368
15777.9,38401.4,15998.7,38649.1,0.9368
11282.6,14406.4,11835.5,14776.2,0.9366
8370.3,44984.0,8955.4,45433.6,0.9365
168.4,9824.5,639.9,10240.0,0.9365
3964.1,41602.6,4479.6,42031.0,0.9364
3615.5,12683.7,4158.9,13119.3,0.9363
13517.5,27409.6,14080.0,27840.0,0.9363
4026.0,3416.0,4160.0,3520.0,0.9362
13456.6,18122.4,14080.0,18557.2,0.9362
16470.3,40007.7,16571.5,40496.5,0.9362
4227.1,22080.0,4797.3,22516.7,0.9362
11039.3,31921.1,11520.0,32319.4,0.9362
7053.0,36751.8,7680.0,37120.0,0.9361
140.7,61124.0,589.2,61606.2,0.9361
15040.0,52551.8,15678.0,52799.8,0.9359
1698.5,36648.3,2238.1,37120.0,0.9359
16080.0,35843.4,16636.7,36219.5,0.9358
12187.9,20143.9,12798.9,20480.0,0.9357
11596.9,44967.8,12156.9,45432.4,0.9355
1317.1,45018.2,1920.0,45433.5,0.9355
16376.9,51888.4,16629.3,52156.9,0.9354
11226.8,29594.6,11837.7,30077.7,0.9354
15812.5,38412.8,16313.2,38682.8,0.9353
6461.6,36803.4,7037.7,37266.5,0.9353
17413.1,36056.9,17916.9,36478.4,0.9352
3296.6,4621.1,3833.3,5117.3,0.9352
15437.2,30400.0,15986.5,30862.6,0.9352
7539.4,16962.2,7680.0,17396.1,0.9351
12286.1,54859.4,12795.3,55360.0,0.9351
3029.9,20356.9,3516.7,20800.0,0.9350
12972.8,40900.7,13436.6,41277.7,0.9350
661.6,37651.3,1280.0,38078.8,0.9350
3584.3,22596.3,4157.3,23038.5,0.9348
970.6,9784.0,1599.1,10238.7,0.9348
4863.6,45215.5,5426.2,45760.0,0.9347
16051.6,7705.6,16638.1,8000.0,0.9346
11868.8,27381.7,12477.0,27838.0,0.9346
10951.3,42579.3,11512.9,42993.5,0.9346
11600.3,32244.1,12155.1,32640.0,0.9344
12962.4,54289.6,13436.1,54720.0,0.9344
2284.7,7241.2,2876.4,7679.5,0.9343
6455.0,7362.8,6719.7,7668.5,0.9343
9158.5,39724.0,9591.4,40000.0,0.9343
15040.0,33532.5,15675.0,33920.0,0.9343
14080.0,32902.4,14718.1,33280.0,0.9342
14801.9,41406.5,15035.3,41599.6,0.9342
1782.6,3841.7,1919.1,4097.2,0.9342
336.6,67520.0,957.2,68002.7,0.9342
122.8,29762.9,636.7,30092.3,0.9342
1043.2,42116.5,1597.8,42557.5,0.9341
4491.9,20136.8,5118.7,20480.0,0.9341
659.3,41469.3,1276.1,41917.6,0.9341
17016.1,27520.0,17598.4,27938.0,0.9341
3572.8,34711.1,4158.2,35197.7,0.9341
15889.3,60161.4,16000.0,60406.7,0.9341
7417.7,33829.8,7997.4,34235.4,0.9341
9096.7,19345.2,9599.5,19836.1,0.9340
11038.3,28933.1,11516.1,29440.0,0.9340
3879.3,21441.0,4160.0,21582.8,0.9340
16481.9,39680.0,16575.5,40207.3,0.9339
17133.0,45760.3,17279.7,45859.8,0.9339
12112.0,26551.7,12480.0,26880.0,0.9338
6505.6,27992.5,7038.2,28480.0,0.9338
13760.0,50795.3,14212.7,51200.0,0.9337
2032.7,41943.9,2559.3,42240.0,0.9337
6478.1,38084.2,7027.7,38581.0,0.9337
8396.1,48475.4,8957.1,48941.9,0.9336
14441.7,43421.9,15036.8,43840.0,0.9336
14452.2,39564.3,15040.0,39997.8,0.9334
5575.1,5652.8,6075.0,6080.0,0.9333
13893.5,38591.6,14399.0,39037.2,0.9332
3998.5,6433.4,4472.8,6774.0,0.9332
428.1,56639.0,945.8,56960.0,0.9332
5913.7,42125.7,6394.0,42555.3,0.9331
6720.0,18908.5,7356.7,19200.0,0.9330
12184.7,38720.5,12797.1,39159.6,0.9329
9285.5,5288.3,9920.0,5759.3,0.9327
14429.9,20992.4,15031.0,21435.2,0.9326
11967.7,42390.0,12160.0,42874.9,0.9324
13837.3,24907.6,13958.7,25280.0,0.9324
3302.7,47446.5,3832.6,48000.0,0.9324
8962.5,23041.0,9598.5,23487.4,0.9324
6517.8,10843.0,7037.7,11200.0,0.9324
16629.0,47288.9,16727.7,47673.6,0.9321
1095.4,19092.4,1595.0,19519.7,0.9321
15074.2,32517.6,15680.0,32957.3,0.9320
14814.2,30457.2,15354.1,30720.0,0.9320
17917.3,37040.7,18175.1,37439.7,0.9319
12216.8,13328.2,12795.0,13756.6,0.9318
10118.7,42160.1,10557.1,42560.0,0.9318
8101.6,37257.0,8637.3,37758.9,0.9318
9710.3,48003.9,10234.9,48410.7,0.9317
11345.8,32960.0,11840.0,33465.1,0.9317
14720.0,42598.6,14826.1,42880.0,0.9317
11376.1,41235.0,11836.5,41600.0,0.9317
13271.8,19369.4,13758.6,19832.4,0.9317
5928.2,31888.1,6398.7,32318.9,0.9316
4258.5,40643.5,4795.0,41096.7,0.9316
1818.6,66172.6,1920.0,66560.0,0.9316
11976.2,35095.8,12479.8,35518.3,0.9315
6686.3,63210.9,6937.6,63385.1,0.9315
12168.8,32176.5,12796.0,32639.3,0.9315
8961.5,39501.8,9177.8,39642.3,0.9314
1393.4,28960.9,1915.9,29440.0,0.9314
16269.6,37762.9,16640.0,38188.4,0.9314
16966.1,2765.8,17598.7,3199.5,0.9313
12568.4,39527.2,13120.0,39997.0,0.9313
4310.5,22871.8,4794.0,23358.5,0.9313
12245.6,12680.2,12794.8,13118.1,0.9312
2960.1,40017.4,3199.7,40392.6,0.9312
7096.7,11531.9,7676.0,12010.5,0.9312
4316.4,5788.3,4800.0,6210.5,0.9312
5253.3,5120.0,5439.9,5267.7,0.9310
7489.9,36973.7,7998.6,37435.5,0.9310
16663.3,46289.4,16762.7,46483.3,0.9309
5443.0,56503.0,5564.7,56952.1,0.9308
1980.8,5346.7,2558.3,5759.3,0.9308
13896.3,15362.3,14079.4,15588.7,0.9308
14490.0,24962.2,14718.3,25281.4,0.9307
10737.5,24843.8,11200.0,25279.9,0.9306
11520.4,53440.0,12158.8,53803.9,0.9306
2398.0,3734.9,2869.0,4160.0,0.9306
9678.8,42770.1,10236.8,43200.0,0.9305
2885.7,12056.4,3516.6,12468.2,0.9304
16492.8,16405.0,16631.6,16638.9,0.9304
748.0,41845.9,1274.2,42240.0,0.9303
14464.1,32866.0,15038.9,33280.0,0.9302
16961.4,39910.8,17073.4,40084.1,0.9302
15041.0,7526.0,15675.8,7997.6,0.9302
7429.8,64648.1,7997.7,64973.8,0.9301
356.4,30378.9,960.0,30720.0,0.9301
10689.2,38092.2,11198.1,38398.8,0.9299
3346.8,42426.4,3840.0,42877.0,0.9299
6121.3,27055.5,6717.4,27518.7,0.9297
2232.7,54752.9,2560.0,55040.0,0.9297
10899.9,51121.1,11514.5,51520.0,0.9297
10910.6,18523.6,11516.2,18879.9,0.9296
15704.2,22231.8,16318.4,22718.7,0.9296
18066.3,44199.1,18176.0,44480.0,0.9296
10613.4,47509.3,11197.7,47997.4,0.9296
1479.6,61915.1,1600.0,62393.7,0.9295
3665.4,3841.6,3753.5,4161.9,0.9294
16039.9,27343.4,16640.0,27835.2,0.9294
7429.2,16596.1,7986.7,16960.0,0.9294
12023.4,36830.8,12478.5,37120.0,0.9293
10349.2,37767.4,10559.4,38228.1,0.9293
14864.6,44714.4,15358.8,45118.5,0.9293
12820.6,49600.0,13437.8,49956.6,0.9292
13820.5,38902.8,14397.2,39358.4,0.9291
11013.2,17600.6,11199.3,17814.2,0.9291
13754.8,37443.7,14079.1,37760.5,0.9290
6801.4,45313.7,7357.3,45758.6,0.9290
8137.9,9493.8,8633.8,9920.0,0.9290
13450.2,20099.5,14078.2,20480.0,0.9290
432.3,1189.7,944.5,1600.0,0.9290
6103.2,18733.1,6717.9,19195.6,0.9290
17361.1,7646.7,17917.9,7998.3,0.9290
6485.7,29761.6,6718.9,30205.8,0.9289
14836.1,25816.8,15360.0,26240.0,0.9288
5567.5,5130.7,6076.1,5462.4,0.9288
15792.4,36000.2,16317.6,36474.6,0.9288
7049.9,28377.3,7677.1,28798.0,0.9287
17964.7,3235.7,18175.8,3544.5,0.9287
15680.0,48498.1,15836.8,48954.3,0.9287
17655.6,41115.4,18169.8,41600.0,0.9287
10608.6,29329.6,11199.0,29758.1,0.9287
2880.9,49600.8,3183.0,49781.8,0.9286
1396.4,42412.6,1916.1,42880.0,0.9285
1033.5,9317.0,1598.9,9600.0,0.9285
16830.9,68307.8,17274.6,68792.6,0.9285
3381.0,55040.0,3520.0,55112.9,0.9284
429.3,30921.9,946.9,31360.0,0.9284
7849.0,15572.5,8315.3,16000.0,0.9284
2974.7,27753.5,3520.0,28160.0,0.9283
1939.4,13121.2,2557.0,13590.2,0.9282
3919.9,5263.0,4462.7,5757.9,0.9280
17282.0,18468.0,17920.0,18880.0,0.9278
2015.8,48744.6,2554.9,49280.0,0.9278
10037.3,18149.3,10558.7,18559.7,0.9278
1176.9,64233.3,1280.0,64638.1,0.9278
8984.3,42240.0,9595.8,42749.9,0.9278
16000.0,41876.4,16635.4,42240.0,0.9277
9036.1,34560.7,9597.4,34978.7,0.9276
16729.3,30465.8,17277.5,31040.0,0.9276
11865.9,49923.1,12473.9,50298.6,0.9276
2152.5,40885.9,2551.7,41280.0,0.9276
16827.9,13068.6,17275.5,13440.0,0.9275
12883.1,36726.9,13120.0,37120.0,0.9274
9663.7,33456.5,10238.5,33920.0,0.9274
13851.3,33204.2,14399.0,33600.0,0.9274
12031.8,17240.7,12159.7,17600.0,0.9274
6112.2,28997.6,6717.4,29438.9,0.9273
10989.5,30359.6,11515.4,30720.0,0.9272
17787.4,41920.2,17919.2,42131.9,0.9272
3618.7,43201.8,4155.1,43681.2,0.9271
11349.0,21600.8,11840.0,22078.5,0.9271
4286.5,34472.0,4795.6,34880.0,0.9271
1649.2,30600.3,2229.6,31040.0,0.9269
9395.0,28015.5,9915.4,28478.0,0.9269
14293.7,28715.4,14400.0,29118.1,0.9268
11312.8,14400.2,11519.8,14865.8,0.9268
4242.9,36898.1,4793.5,37436.4,0.9268
3024.5,11388.8,3518.7,11837.7,0.9268
9776.4,45044.7,9920.0,45120.0,0.9266
5857.1,33112.9,6398.2,33600.0,0.9265
12843.7,19118.6,13440.0,19520.0,0.9264
4056.9,64502.9,4480.0,64960.0,0.9264
17537.4,3760.8,18169.5,4157.0,0.9264
2304.6,51316.1,2553.9,51517.5,0.9262
14772.8,25166.4,15350.7,25600.0,0.9260
3754.6,7918.5,4156.2,8320.0,0.9260
17414.5,25138.8,17903.8,25592.1,0.9259
8804.9,11583.3,9278.9,11840.0,0.9259
4045.2,59281.0,4155.1,59519.2,0.9257
13337.9,46966.0,13756.2,47359.1,0.9257
3582.1,33795.9,4155.8,34239.7,0.9257
13440.2,49986.2,13855.7,50560.0,0.9256
1954.2,52398.8,2080.8,52800.0,0.9256
10050.8,39877.8,10557.7,40315.7,0.9256
1419.1,22096.7,1919.3,22400.0,0.9256
13604.4,48689.2,14073.1,49280.0,0.9256
12838.2,13393.1,13439.7,13760.0,0.9256
980.5,68777.7,1597.5,69120.0,0.9255
17345.5,37662.8,17916.5,38080.0,0.9255
312.9,61440.0,640.0,61915.2,0.9253
8747.9,5938.4,9277.6,6396.0,0.9252
17059.2,38091.9,17596.7,38563.9,0.9252
11935.8,24808.1,12479.8,25280.0,0.9251
4147.7,27853.9,4478.7,28300.1,0.9250
16965.1,14746.3,17597.3,15036.5,0.9250
3317.5,37260.4,3838.6,37754.5,0.9250
7685.1,8003.2,8317.4,8385.6,0.9250
12079.1,4037.3,12477.7,4480.0,0.9249
4255.6,39363.9,4798.9,39739.5,0.9248
16839.2,63046.6,16959.4,63359.8,0.9248
2883.1,936.3,3516.4,1280.0,0.9247
9832.7,22683.4,10239.2,23040.0,0.9247
14811.8,22857.9,15355.7,23326.0,0.9246
11520.0,26696.2,11764.5,27200.0,0.9246
13459.0,11840.8,14077.0,12270.5,0.9246
13761.6,39360.7,13847.7,39514.1,0.9246
7432.9,45760.0,7680.0,46194.4,0.9245
9657.9,42226.6,10225.3,42560.0,0.9244
909.4,3205.3,1280.0,3657.3,0.9243
3052.7,9544.0,3514.4,9919.6,0.9241
11269.2,19853.7,11834.9,20180.2,0.9240
15714.0,38969.2,16320.0,39360.0,0.9240
6221.7,25512.6,6720.0,25920.0,0.9240
14160.8,40823.6,14715.6,41275.7,0.9239
7435.8,31305.7,7999.2,31680.0,0.9239
4859.8,6337.1,5439.0,6720.0,0.9239
13798.1,5126.1,14396.6,5475.8,0.9238
13158.5,54653.2,13757.2,55040.0,0.9237
14138.8,37959.3,14720.0,38345.8,0.9237
11270.5,45623.4,11836.7,46078.8,0.9237
8332.4,40640.6,8957.1,41078.8,0.9237
3650.6,44198.8,3838.9,44480.0,0.9237
10601.6,50719.4,11195.0,51198.2,0.9236
13985.5,32328.5,14400.0,32804.1,0.9236
17735.5,24322.3,17919.2,24600.6,0.9235
11568.6,45983.0,12159.4,46400.0,0.9235
15484.0,26331.5,15680.0,26557.8,0.9233
10636.5,41592.0,11200.0,41920.0,0.9233
1077.0,26126.7,1589.6,26533.1,0.9232
9348.3,19506.0,9919.6,19839.7,0.9232
15776.6,50244.3,15867.7,50525.0,0.9232
18079.0,69350.6,18175.4,69667.3,0.9231
16640.0,13148.8,16819.8,13614.5,0.9231
5852.7,36359.1,6399.1,36798.8,0.9230
9948.8,16206.0,10556.1,16637.2,0.9229
3943.0,22931.2,4478.3,23360.0,0.9229
10571.0,51107.7,11196.4,51520.0,0.9229
4201.8,41186.9,4480.0,41600.0,0.9228
1787.2,62620.8,1919.2,62720.0,0.9227
12523.8,14728.4,13115.0,15190.9,0.9226
8333.1,28383.9,8959.5,28797.4,0.9225
2359.7,53581.1,2438.4,53815.4,0.9224
11853.9,5440.8,12474.9,5846.5,0.9223
14887.0,19767.0,15346.2,20158.2,0.9220
8135.0,49525.3,8640.0,49920.0,0.9220
3843.2,13572.9,4478.5,14075.2,0.9219
14232.5,26889.6,14717.1,27200.0,0.9219
3029.3,9136.8,3516.2,9596.7,0.9219
6815.3,40383.7,7357.6,40637.6,0.9219
13321.8,46103.2,13755.6,46418.2,0.9219
6092.4,29486.4,6399.5,29760.0,0.9218
15842.9,11870.9,16319.8,12160.0,0.9218
17888.0,48280.4,18011.5,48510.8,0.9218
2619.1,22010.7,3200.0,22397.1,0.9218
2641.3,24966.8,2879.8,25214.4,0.9217
11520.1,37381.7,12155.1,37760.0,0.9216
7384.5,47916.5,7999.1,48320.0,0.9215
843.3,24254.2,1280.0,24639.0,0.9215
11382.2,46776.8,11834.7,47161.6,0.9215
682.2,29387.7,1279.4,29757.2,0.9214
17305.5,25858.5,17920.0,26240.0,0.9213
7808.0,11852.1,8312.6,12353.2,0.9211
14400.4,10246.7,15037.2,10642.4,0.9211
11953.9,14289.5,12159.5,14708.9,0.9211
8150.3,38890.4,8637.9,39359.1,0.9211
6593.5,64378.4,6720.0,64639.5,0.9210
2670.3,30950.4,3195.8,31360.0,0.9210
3608.2,30909.0,4157.5,31355.4,0.9209
5890.0,38057.9,6396.6,38400.0,0.9209
10886.7,12363.1,11516.1,12800.0,0.9208
3929.0,34157.2,4479.5,34560.0,0.9208
8983.9,23403.6,9598.1,23680.0,0.9206
14872.1,35435.9,15358.6,35835.9,0.9205
15361.9,7680.0,15999.4,8107.1,0.9205
14134.2,21294.2,14720.0,21760.0,0.9205
10770.9,43509.5,11194.7,43840.0,0.9203
16962.1,45225.5,17107.2,45494.7,0.9202
10982.5,5279.7,11517.2,5760.0,0.9202
2910.9,53041.9,3520.0,53440.0,0.9202
5394.1,35405.0,5760.0,35840.0,0.9201
9042.2,5023.9,9596.0,5440.0,0.9201
6417.4,9190.8,7034.5,9599.7,0.9201
3521.2,53069.7,3980.2,53440.0,0.9200
4877.0,9280.8,5120.0,9495.8,0.9200
15841.9,48324.8,15936.1,48885.9,0.9199
16486.7,39586.5,16577.5,40000.0,0.9199
11602.3,42697.2,11839.5,43193.2,0.9198
4302.1,6612.2,4796.6,7040.0,0.9198
14570.7,43703.2,15038.9,44137.5,0.9198
14171.8,4671.3,14717.2,5118.6,0.9197
1333.4,25531.6,1917.3,25920.0,0.9196
1961.5,87.7,2555.6,457.4,0.9196
3209.2,43381.7,3837.2,43824.9,0.9195
16011.9,15680.0,16136.6,15995.2,0.9194
13247.1,30291.9,13440.0,30720.0,0.9194
15423.2,45236.0,15677.5,45437.2,0.9194
5835.8,66202.5,6397.1,66560.0,0.9194
2585.6,21135.6,3198.5,21440.0,0.9193
15488.9,28626.3,16000.0,29117.4,0.9193
12344.9,43847.0,12796.3,44238.3,0.9192
10394.8,36320.1,10879.8,36796.0,0.9190
11296.0,21760.0,11840.0,22218.5,0.9187
16729.0,33775.0,17278.5,34240.0,0.9187
13555.6,32448.0,14052.0,32960.0,0.9186
3588.6,6080.0,4160.0,6432.6,0.9186
10254.5,7243.0,10876.4,7680.0,0.9185
3110.0,9507.9,3200.0,9920.0,0.9184
14461.1,49500.3,15034.4,49920.0,0.9184
3537.4,39917.1,4157.6,40320.0,0.9184
8047.1,38004.8,8635.5,38400.0,0.9183
3583.1,4356.4,3840.0,4788.7,0.9182
1.9,46970.3,638.7,47360.0,0.9181
1507.9,65282.9,1920.0,65918.9,0.9181
11550.9,13027.0,12154.9,13439.2,0.9181
16033.9,32237.2,16636.0,32640.0,0.9180
9382.6,34064.2,9914.8,34558.0,0.9180
2722.1,62331.2,2879.6,62720.0,0.9179
4950.4,38087.9,5439.1,38532.1,0.9179
2566.8,24244.9,3200.0,24640.0,0.9179
9610.4,11413.2,10239.1,11840.0,0.9178
5298.8,5446.5,5670.0,5752.8,0.9177
7743.6,36611.0,8318.5,37118.1,0.9177
658.5,3524.6,1277.0,3869.4,0.9177
3716.2,47319.5,4155.4,47680.0,0.9176
7099.9,32245.0,7675.5,32640.0,0.9176
5881.3,39711.4,6380.8,40320.0,0.9176
1387.8,6021.3,1911.1,6400.0,0.9175
13763.1,41477.9,13979.7,41920.0,0.9174
7742.8,25510.4,8315.0,25920.0,0.9174
7895.8,23364.5,8319.6,23781.7,0.9174
5455.1,44049.4,6080.0,44480.0,0.9174
16411.3,49485.1,16587.1,49608.8,0.9174
15506.4,37771.2,15987.9,38031.1,0.9174
8252.1,30609.7,8561.0,31040.0,0.9173
1732.6,44160.0,2235.9,44602.1,0.9173
9062.4,48011.6,9279.9,48530.4,0.9173
15130.1,44264.0,15678.1,44795.8,0.9173
1785.6,29588.7,2239.6,30077.4,0.9172
15632.7,51661.8,15743.0,52137.7,0.9171
11962.0,42376.2,12474.9,42880.0,0.9171
2930.8,36335.3,3519.5,36799.7,0.9171
15683.6,11130.8,16320.0,11520.0,0.9171
11593.2,31842.7,12156.0,32318.5,0.9170
9.0,26421.2,636.4,26876.9,0.9169
640.0,9920.0,1106.3,10436.7,0.9169
4479.5,3842.1,4570.6,4094.2,0.9169
5833.4,47535.3,6397.2,47997.4,0.9168
5767.4,32559.8,6398.2,32960.0,0.9168
8450.3,23852.9,8956.2,24317.2,0.9168
1998.9,38623.6,2547.7,39040.0,0.9167
2560.0,49920.0,2995.6,50245.4,0.9167
6120.7,24543.0,6720.0,24960.0,0.9165
15478.1,34785.4,15996.5,35200.0,0.9164
6817.5,38957.8,7360.0,39360.0,0.9164
17320.5,18165.2,17917.9,18559.2,0.9163
6438.5,15777.5,7036.0,16320.0,0.9163
3849.5,36061.9,4476.4,36480.0,0.9163
12062.4,37120.0,12480.0,37349.0,0.9163
1436.4,59524.5,1898.5,59958.7,0.9163
16705.7,26125.9,17280.0,26557.0,0.9162
14775.9,17214.5,15353.5,17600.0,0.9162
14419.7,45410.9,14717.4,45760.0,0.9162
14694.2,41510.1,14795.7,41918.2,0.9161
7723.5,37672.3,8315.9,38080.0,0.9161
1685.3,9314.9,2239.2,9600.0,0.9161
7775.1,42493.8,8313.6,42879.7,0.9160
89.2,59528.0,621.1,60158.0,0.9160
5650.0,38980.6,6076.4,39359.1,0.9160
15750.5,36160.0,16316.8,36661.4,0.9160
16751.3,62962.3,17273.0,63359.2,0.9159
2089.7,30435.8,2555.9,30862.0,0.9159
9982.2,36960.1,10553.3,37436.8,0.9158
1393.1,31067.0,1919.0,31360.0,0.9158
2627.0,56775.8,3195.1,57274.6,0.9157
15830.1,48670.4,15913.5,49152.9,0.9157
13873.5,33281.9,14080.0,33489.9,0.9156
6918.0,44499.8,7357.1,44970.5,0.9154
6160.6,10882.9,6399.8,11109.1,0.9153
14287.3,51200.0,14399.8,51605.3,0.9152
12271.6,28048.6,12800.0,28465.5,0.9152
11027.0,20910.5,11513.8,21435.8,0.9151
9927.4,43103.3,10560.0,43517.3,0.9151
6748.3,23609.6,7359.2,24000.0,0.9151
7375.6,43520.1,7999.4,44029.1,0.9150
15402.5,34176.0,15995.6,34560.0,0.9149
14632.0,31630.9,15040.0,31996.2,0.9148
148.8,62288.6,588.5,62716.4,0.9148
15557.0,48863.6,15674.7,49276.5,0.9148
1798.5,60625.7,1920.0,61114.4,0.9147
9188.3,39723.1,9279.0,40000.0,0.9147
14527.5,44345.9,15038.8,44800.0,0.9147
5834.8,20696.2,6396.5,21118.6,0.9147
1950.4,23521.6,2560.0,23996.6,0.9146
3054.5,54649.9,3137.0,55028.7,0.9145
12367.1,38817.7,12800.0,39360.0,0.9145
16642.1,46522.9,16753.0,46720.0,0.9144
10560.0,34561.5,10707.2,34711.7,0.9144
12619.1,53698.4,13117.0,54079.4,0.9144
12480.0,24545.3,13117.7,24960.0,0.9144
2246.7,2756.2,2375.0,3195.4,0.9143
8724.8,22862.1,8960.0,23037.8,0.9143
11364.7,40813.6,11839.6,41277.4,0.9143
9350.7,27847.1,9913.0,28160.0,0.9142
5524.1,38725.6,6077.6,39085.2,0.9142
5278.9,22910.1,5754.7,23358.5,0.9142
11556.2,41600.0,11840.0,42080.0,0.9141
8122.6,13620.2,8636.9,14076.2,0.9141
8744.5,33108.7,9279.3,33596.9,0.9141
13294.7,38608.2,13760.0,39036.7,0.9140
6864.8,25329.8,7039.7,25599.2,0.9140
10520.5,40320.0,10880.0,40787.1,0.9140
13822.7,49554.0,14395.2,49920.0,0.9140
4035.6,5760.0,4480.0,6186.2,0.9140
13765.8,39720.5,14396.2,40000.0,0.9139
9683.4,30632.3,10238.6,31040.0,0.9139
8857.9,8646.8,9266.7,8954.2,0.9139
15.0,66466.2,635.0,66879.0,0.9139
15124.3,48937.1,15226.6,49220.3,0.9139
11522.2,22388.0,11994.8,22720.0,0.9139
6452.0,31595.8,7035.6,32000.0,0.9138
15067.6,27049.3,15676.7,27515.0,0.9138
3649.6,64329.4,3840.0,64834.6,0.9137
6136.5,2130.6,6711.2,2560.0,0.9137
334.7,19819.1,959.9,20160.0,0.9137
15486.4,45979.2,15997.3,46399.7,0.9135
11622.9,50953.6,11839.2,51473.2,0.9135
15319.5,48320.9,15419.1,48545.6,0.9134
10910.6,12574.0,11519.1,13118.3,0.9134
10243.3,18443.1,10877.0,18874.4,0.9133
10579.7,22313.2,11200.0,22720.0,0.9133
2358.0,29958.1,2879.1,30398.7,0.9133
6609.8,14986.9,7036.8,15360.0,0.9131
3612.4,16006.4,4157.2,16522.0,0.9131
17179.7,26563.3,17600.0,27008.5,0.9130
10552.4,46011.4,10612.5,46400.0,0.9130
13210.9,29015.3,13756.7,29437.7,0.9129
9056.9,33789.1,9597.4,34238.8,0.9126
3834.8,38401.9,4160.0,38770.0,0.9124
13633.9,49601.1,14075.6,49968.5,0.9124
2104.2,22998.4,2240.0,23360.0,0.9124
16003.8,68160.0,16638.4,68602.9,0.9123
8163.2,4800.0,8640.0,5263.7,0.9123
7547.5,39214.3,7999.8,39635.5,0.9122
3212.0,8679.6,3837.1,8960.0,0.9121
13457.2,41080.9,13757.9,41595.7,0.9121
11523.8,31591.0,12156.9,32000.0,0.9121
17574.0,30619.5,18176.0,31040.0,0.9121
3855.6,40549.3,4480.0,40960.0,0.9120
5533.0,65619.9,5592.7,65919.7,0.9119
7380.6,35751.6,7996.3,36160.0,0.9119
17280.3,48960.4,17545.5,49092.5,0.9118
10336.5,14005.7,10560.0,14393.7,0.9118
16640.0,30478.4,17278.4,30719.7,0.9118
1993.0,4701.2,2240.0,5120.0,0.9117
6191.2,47457.1,6709.8,47994.9,0.9116
16529.2,14292.1,16957.6,14720.0,0.9116
4769.1,3862.3,4850.0,4276.3,0.9115
17352.5,48642.6,17596.1,48883.6,0.9115
3921.7,15199.0,4471.4,15676.2,0.9114
14439.3,37065.8,15039.2,37440.0,0.9113
17031.4,27853.3,17600.0,28304.9,0.9112
14639.3,4800.0,15040.0,5260.1,0.9112
16477.4,50251.6,16573.3,50560.0,0.9112
7738.4,13443.1,7999.5,13651.7,0.9111
9696.4,35684.9,10238.6,36158.0,0.9110
13131.2,37665.7,13757.0,38080.0,0.9110
16674.6,53631.9,17275.7,54078.8,0.9110
15577.2,49817.2,15657.8,50239.8,0.9110
13898.3,21982.1,14396.9,22400.0,0.9110
14485.8,36710.0,15038.2,37116.4,0.9109
10949.8,32776.1,11519.1,33277.4,0.9109
7383.4,19063.5,7998.5,19519.8,0.9107
444.2,38699.5,589.9,38859.7,0.9107
13932.2,25922.1,14383.9,26240.0,0.9105
13.2,37637.1,637.4,38080.0,0.9105
15780.4,49980.5,15873.4,50553.0,0.9104
15059.5,43200.4,15679.2,43608.1,0.9104
3876.3,2759.2,4475.4,3198.8,0.9104
16787.4,38085.2,17276.0,38642.3,0.9103
7043.2,40647.8,7516.7,41127.3,0.9103
7776.1,10285.1,8000.0,10559.0,0.9102
9380.1,47361.1,9599.2,47598.8,0.9101
389.7,67963.0,957.4,68478.4,0.9101
15735.0,52333.5,16320.0,52607.0,0.9101
17944.1,38081.5,18176.0,38685.4,0.9101
845.2,54082.2,958.8,54381.0,0.9100
11696.2,15681.2,12159.3,16098.4,0.9099
15890.6,59977.4,15999.5,60476.0,0.9099
13187.6,29797.0,13439.7,30074.7,0.9097
16979.7,48960.0,17596.7,49100.3,0.9097
3026.9,14400.8,3113.6,14505.8,0.9096
5170.4,37298.9,5757.4,37750.6,0.9096
15082.0,23289.6,15678.5,23680.0,0.9095
3708.8,30082.9,3839.5,30298.1,0.9094
16701.5,10245.2,17276.5,10687.2,0.9094
10702.4,20670.5,11198.5,21113.1,0.9094
6637.7,41927.9,7040.0,42250.9,0.9094
13190.1,36800.3,13756.0,37204.9,0.9094
9285.9,15229.1,9919.6,15678.8,0.9094
17049.9,68160.3,17278.5,68521.9,0.9094
13651.7,42880.0,14080.0,43426.2,0.9093
5534.5,11928.5,6076.1,12476.2,0.9093
14120.8,27418.4,14716.7,27840.0,0.9092
9452.8,40276.1,9905.6,40640.0,0.9091
7044.5,51442.9,7676.0,51840.0,0.9091
7523.9,26430.9,7999.6,26784.0,0.9091
7734.5,43806.2,8320.0,44160.0,0.9090
1176.0,67434.8,1279.7,67519.9,0.9090
1409.6,44065.4,1600.0,44480.0,0.9089
2688.8,40640.0,3195.0,41051.5,0.9089
15728.8,52954.1,16316.4,53440.0,0.9089
16542.4,22651.5,16640.0,23039.6,0.9089
2900.3,3839.1,3383.9,4160.0,0.9089
9179.6,11974.9,9597.8,12475.3,0.9089
3963.7,8155.1,4480.0,8623.9,0.9088
4631.2,42800.6,5117.7,43200.0,0.9087
480.3,11841.8,639.5,12053.0,0.9087
5142.5,2089.5,5754.2,2560.0,0.9086
12209.4,18741.9,12800.0,19200.0,0.9086
16081.0,26571.7,16319.8,26990.5,0.9085
10650.1,44050.2,11196.8,44477.5,0.9085
3845.8,39550.9,4312.8,39992.6,0.9083
7398.4,7361.7,7680.0,7618.0,0.9083
13850.3,50240.0,14080.0,50722.8,0.9082
16189.4,14865.4,16636.6,15358.8,0.9080
13499.5,32963.3,13760.0,33270.2,0.9080
12888.4,14436.2,13434.3,14843.9,0.9079
1950.8,25803.4,2555.9,26236.6,0.9079
15047.8,18746.8,15680.0,19200.0,0.9079
3415.1,53042.9,3518.9,53430.8,0.9077
15197.4,18671.8,15296.9,18869.2,0.9077
17763.2,49547.0,17920.0,49600.0,0.9077
10617.9,33205.3,11199.4,33600.0,0.9077
8707.4,19840.0,9274.4,20328.1,0.9076
14805.8,16211.9,15359.5,16638.9,0.9076
16771.7,37003.8,17278.8,37437.3,0.9075
4474.3,3506.7,4569.0,3840.0,0.9075
11864.3,21604.3,12475.6,22075.6,0.9075
15930.6,60367.4,16000.0,60800.0,0.9075
8742.3,10132.7,9275.0,10560.0,0.9074
9613.3,46082.2,10240.0,46451.3,0.9073
8017.3,4364.3,8634.1,4798.7,0.9073
16646.0,30720.0,17276.3,31141.5,0.9073
15620.4,40176.3,16000.0,40634.3,0.9072
11520.1,34547.4,12159.5,34880.0,0.9071
17412.5,12515.7,17912.8,12921.1,0.9071
15774.0,38196.0,16316.6,38700.8,0.9071
134.1,33193.9,635.6,33599.4,0.9071
14738.0,37032.6,15354.6,37438.4,0.9070
10512.9,14418.8,10880.0,14828.0,0.9070
16417.2,37543.8,16957.5,38077.9,0.9069
8868.6,16320.0,8958.9,16612.0,0.9069
7234.7,12166.6,7680.0,12643.0,0.9067
17756.5,37454.4,18176.0,37850.0,0.9065
3.8,8640.0,441.7,9067.0,0.9064
10283.0,29401.6,10879.4,29760.0,0.9064
11716.4,41478.3,12160.0,41920.0,0.9063
4528.3,13441.7,5117.5,13826.2,0.9063
15780.2,49813.5,15876.5,50240.0,0.9063
1827.2,66246.5,1919.8,66767.6,0.9063
4495.4,26151.3,5115.6,26560.0,0.9061
16984.7,28966.6,17600.0,29439.2,0.9061
1921.9,50882.1,2127.8,51024.5,0.9060
1476.9,61906.4,1778.0,62398.1,0.9059
12549.6,41822.6,13115.2,42236.8,0.9059
15699.6,32589.7,16320.0,32960.0,0.9059
18055.6,48526.6,18176.0,48956.7,0.9057
4058.7,7600.4,4480.0,8000.0,0.9055
7687.2,29976.0,8317.5,30400.0,0.9055
5555.0,10304.1,6062.9,10559.9,0.9054
16960.0,51716.0,17448.2,52151.5,0.9053
6418.7,15552.9,7039.1,16000.0,0.9053
9245.3,20172.5,9600.0,20575.3,0.9053
14854.0,29699.5,15360.0,30080.0,0.9053
3558.5,38970.5,4157.2,39358.9,0.9052
5120.0,7360.7,5578.1,7804.3,0.9051
10243.8,28142.1,10875.6,28478.2,0.9051
16648.8,31281.3,17280.0,31674.9,0.9050
11247.8,29427.9,11836.5,29760.0,0.9050
11235.3,36957.4,11833.1,37437.9,0.9050
1344.3,6408.7,1915.7,6882.8,0.9050
14080.0,27004.8,14491.2,27517.1,0.9050
9347.4,13123.0,9916.3,13508.0,0.9049
15058.6,10252.0,15677.5,10578.4,0.9049
4669.3,18886.4,5113.7,19291.3,0.9048
7585.7,45440.0,7996.8,46066.8,0.9047
8444.5,12605.4,8944.5,13120.0,0.9047
13827.4,18468.6,14397.1,18877.1,0.9046
1788.6,63042.7,1920.0,63218.7,0.9046
11793.0,45680.6,12159.6,46078.3,0.9046
2346.8,1942.7,2880.0,2395.1,0.9045
4256.8,465.4,4798.9,960.0,0.9045
3687.8,36045.1,4160.0,36477.7,0.9045
2245.6,66240.0,2560.0,66880.0,0.9044
1154.4,34410.5,1597.9,34879.4,0.9043
4559.4,14080.0,5119.4,14640.2,0.9041
5873.7,41474.7,6395.5,41919.2,0.9041
3035.5,4807.8,3518.3,5220.3,0.9041
648.3,8564.2,958.0,8960.0,0.9041
17545.8,47315.5,18133.2,47679.4,0.9040
4005.3,41929.5,4478.5,42216.8,0.9040
16046.4,6082.0,16320.0,6423.2,0.9040
7711.0,17280.0,8084.8,17388.7,0.9040
4185.6,26561.0,4799.7,26958.4,0.9039
1955.1,34206.3,2558.9,34560.0,0.9039
12068.6,17531.5,12160.0,17919.4,0.9039
13863.0,13271.1,14400.0,13755.7,0.9039
9023.2,28087.0,9596.5,28480.0,0.9038
17048.2,45761.4,17153.0,45883.6,0.9038
10564.2,39087.8,10775.7,39680.0,0.9038
5280.2,57603.8,5440.0,57961.3,0.9038
17080.8,30974.2,17600.0,31359.4,0.9036
1122.9,4490.7,1598.0,4829.7,0.9035
17070.4,3004.1,17598.5,3520.0,0.9035
147.6,60823.3,610.1,61440.0,0.9034
15885.6,18811.4,16000.0,19200.0,0.9034
14420.0,43115.4,14717.9,43520.0,0.9033
12510.9,21020.9,13118.0,21440.0,0.9033
4964.6,44071.0,5438.2,44480.0,0.9032
429.5,23040.0,954.4,23330.7,0.9032
11924.6,30400.0,12480.0,30888.2,0.9032
3239.6,34433.0,3835.6,34879.8,0.9031
4482.0,39602.6,5120.0,40000.0,0.9031
13232.0,26172.6,13760.0,26560.0,0.9030
16073.2,32836.3,16639.3,33273.4,0.9029
1025.3,27848.3,1597.2,28426.8,0.9029
15626.5,69047.8,16000.0,69435.3,0.9029
15360.0,30941.8,15996.2,31358.1,0.9028
5014.3,43576.5,5440.0,43954.2,0.9028
6081.5,14720.0,6719.8,14934.2,0.9027
4495.6,20408.5,5115.4,20800.0,0.9027
10890.3,43541.3,11516.7,43839.9,0.9027
14743.2,41921.0,15356.7,42213.3,0.9027
9054.8,38761.1,9595.7,39353.7,0.9026
3365.9,13123.6,3835.7,13586.8,0.9026
13848.8,38420.1,14399.9,38720.0,0.9025
8321.0,38296.2,8956.6,38716.1,0.9025
5760.0,3763.7,5955.4,4160.0,0.9024
952.6,63473.7,1279.3,64000.0,0.9024
2952.4,59418.1,3049.0,59836.6,0.9024
2072.6,61742.8,2556.7,62080.0,0.9023
15361.7,41920.0,15515.3,42131.8,0.9021
8567.6,11291.6,8960.0,11722.8,0.9021
3272.0,359.9,3838.6,672.5,0.9021
2881.5,49951.5,2974.5,50310.8,0.9020
332.6,66171.8,956.6,66552.6,0.9019
321.5,36161.0,455.2,36303.2,0.9018
14616.7,42594.5,14829.5,42880.0,0.9018
12908.5,14437.1,13119.3,14719.8,0.9018
5324.8,57946.6,5440.0,58237.7,0.9018
14527.4,38402.3,15035.0,38909.4,0.9017
2170.4,56914.2,2239.8,57279.9,0.9017
2131.5,66240.0,2240.0,66514.9,0.9017
8403.8,24876.3,8959.8,25280.0,0.9016
11049.5,36737.7,11520.0,37120.0,0.9016
1979.6,36162.4,2560.0,36645.9,0.9014
17476.5,42240.0,17920.0,42714.9,0.9014
4251.7,38513.3,4797.4,39036.5,0.9013
11349.3,46543.0,11833.6,47038.3,0.9013
14808.3,38259.2,15354.2,38720.0,0.9012
8327.3,4070.9,8955.9,4479.6,0.9012
16080.6,29763.8,16633.7,30239.7,0.9012
4977.3,4224.1,5119.9,4480.0,0.9010
4878.6,21121.5,5438.7,21499.6,0.9009
7141.9,33092.3,7677.3,33598.8,0.9009
1501.5,46031.1,1600.0,46400.0,0.9007
4325.6,37131.1,4798.7,37531.4,0.9007
8461.4,13032.3,8959.7,13440.0,0.9007
14761.3,43521.3,15358.7,43907.0,0.9005
6497.2,25842.3,6719.7,26240.0,0.9005
3251.6,11821.1,3520.0,12142.5,0.9005
3377.2,53006.4,3837.8,53439.7,0.9005
17404.3,2279.4,17600.0,2513.5,0.9003
8693.2,1854.1,9275.3,2240.0,0.9003
13788.0,40144.1,14397.5,40628.4,0.9003
15225.9,45971.9,15360.0,46399.8,0.9002
9731.6,24545.2,10238.1,24960.0,0.9002
10242.0,28446.8,10877.9,28800.0,0.9002
2937.4,31244.9,3520.0,31679.0,0.9001
13771.7,30405.0,14397.5,30870.5,0.9001
15041.8,21357.1,15675.8,21760.0,0.9000
15546.9,58790.2,15995.5,59200.0,0.9000
5631.1,36585.3,6077.5,37120.0,0.9000
4971.1,36251.9,5436.6,36797.9,0.9000
8039.7,12716.9,8636.9,13120.0,0.9000
2375.6,21691.8,2871.9,22080.0,0.9000
17690.6,24320.0,18176.0,24598.6,0.8997
320.0,48380.0,958.3,48640.0,0.8997
338.0,13043.8,960.0,13440.0,0.8997
7717.3,39230.9,8316.8,39678.1,0.8996
12161.9,23529.4,12800.0,24000.0,0.8996
3635.2,22250.7,4158.8,22712.6,0.8996
7449.7,9136.0,7997.5,9598.0,0.8995
16018.7,11777.9,16639.5,12160.0,0.8995
6202.8,10563.2,6719.3,10999.7,0.8995
931.9,46846.0,1226.6,47183.1,0.8995
15382.0,28053.0,15997.6,28477.5,0.8994
15412.7,48643.0,15542.0,49093.8,0.8994
3110.3,40320.0,3459.7,40431.8,0.8994
5243.8,66500.3,5440.0,66880.0,0.8992
16977.2,43844.5,17599.4,44180.0,0.8992
14463.7,45703.5,15034.1,46080.0,0.8992
3707.2,10837.5,4156.8,11152.5,0.8991
7040.0,61674.0,7162.7,62076.3,0.8991
11909.2,33506.0,12480.0,33916.0,0.8991
4.9,59207.5,480.7,59520.0,0.8991
5903.3,22225.1,6396.0,22716.4,0.8990
12937.5,43592.2,13435.9,43880.3,0.8989
9655.5,30380.0,10235.7,30720.0,0.8989
236.7,19751.4,640.0,20160.0,0.8989
9280.0,45328.7,9384.2,45760.0,0.8989
13556.3,44951.3,14076.0,45440.0,0.8989
7681.8,25192.0,8320.0,25595.6,0.8988
17235.5,16256.1,17371.1,16640.0,0.8988
13479.8,37999.4,14076.5,38400.0,0.8988
14172.2,38722.8,14399.9,38971.6,0.8987
6183.5,30617.6,6719.5,31040.0,0.8987
3840.0,64546.1,3947.1,64640.0,0.8986
11659.7,47330.2,12159.0,47677.4,0.8986
5120.0,43895.6,5752.1,44155.9,0.8986
1929.5,26119.1,2560.0,26560.0,0.8985
2821.7,58797.8,2909.6,59200.0,0.8984
14408.9,10756.4,15037.2,11199.0,0.8984
16742.2,35356.3,17280.0,35837.5,0.8983
17636.5,34884.9,18175.8,35356.2,0.8982
14812.1,15799.9,15038.9,16055.3,0.8982
16977.9,41836.8,17599.1,42240.0,0.8981
16350.8,41192.0,16959.5,41599.7,0.8981
14102.0,41602.0,14204.6,41883.5,0.8981
986.0,21442.3,1280.0,21807.9,0.8980
8527.9,32251.7,8949.1,32640.0,0.8980
12504.8,22533.3,13115.9,23038.6,0.8979
3107.0,39570.4,3199.8,39996.6,0.8977
10635.2,51843.1,10880.0,52235.9,0.8977
2091.4,67205.2,2239.6,67647.6,0.8976
11622.4,50418.8,12158.3,50880.0,0.8976
9603.7,41972.6,10238.9,42240.0,0.8975
16506.3,25809.4,16956.5,26232.2,0.8975
3202.3,12751.9,3321.2,13110.7,0.8975
377.2,21415.7,960.0,21760.0,0.8974
2648.5,53686.2,2873.6,54080.0,0.8973
5171.5,4801.9,5440.0,5286.2,0.8972
14268.8,14725.5,14708.6,15007.7,0.8971
1049.0,6721.5,1598.5,7173.2,0.8970
15714.7,37418.2,16320.0,37760.0,0.8969
11520.0,21677.1,12159.0,22080.0,0.8967
3601.5,41611.4,3840.0,41887.9,0.8967
16001.7,39873.8,16457.8,40320.0,0.8967
11571.8,29442.0,12157.5,29948.2,0.8967
16961.1,63680.9,17064.2,63784.5,0.8966
14755.5,17516.6,15356.4,17920.0,0.8966
1.4,19060.8,148.9,19200.0,0.8965
4697.3,32203.6,5120.0,32640.0,0.8965
16920.7,10996.6,17279.0,11520.0,0.8964
14668.0,16332.1,15040.0,16773.3,0.8964
8964.8,27779.1,9596.7,28160.0,0.8964
417.9,5586.3,960.0,6080.0,0.8963
17913.3,13773.1,18024.3,14080.0,0.8962
17298.9,43840.6,17920.0,44199.9,0.8962
8433.8,9885.2,8960.0,10240.0,0.8962
7871.7,14720.4,7999.3,14999.3,0.8961
747.5,31320.8,1280.0,31680.0,0.8959
407.3,23042.9,639.7,23252.5,0.8959
12704.4,15577.9,12799.9,16000.0,0.8959
16028.4,36811.5,16320.0,37304.0,0.8959
15259.3,37853.7,15680.0,38381.7,0.8959
11267.6,14963.4,11519.8,15341.4,0.8958
16150.9,30826.6,16638.2,31255.6,0.8957
3200.0,47376.2,3776.5,47679.1,0.8957
9951.0,28985.2,10556.3,29440.0,0.8957
10881.0,26932.5,11519.5,27200.0,0.8956
15154.3,14703.1,15674.4,15040.0,0.8955
11935.3,28979.8,12480.0,29438.6,0.8954
10464.2,16799.6,10879.3,17268.2,0.8953
983.7,35107.8,1596.5,35516.6,0.8953
5579.7,2883.6,6078.3,3474.4,0.8952
10334.3,45442.2,10421.5,45731.4,0.8952
4328.3,51840.0,4793.7,52269.0,0.8951
9439.2,31259.7,9920.0,31678.4,0.8950
9015.6,15680.0,9280.0,16167.0,0.8950
10724.8,40571.7,11196.4,40958.4,0.8950
15350.8,47063.9,15460.6,47489.0,0.8950
2240.0,17833.7,2876.5,18240.0,0.8948
6722.2,27546.9,7360.0,27840.0,0.8948
8667.2,25816.2,9280.0,26240.0,0.8946
3656.7,6618.3,4160.0,7040.0,0.8946
16376.4,1182.9,16960.0,1600.0,0.8946
1986.4,30325.7,2559.2,30720.0,0.8946
1280.0,57475.9,1410.0,57899.7,0.8946
7083.4,47497.4,7678.8,47998.3,0.8944
16981.4,39318.7,17599.4,39607.9,0.8943
6122.1,34943.3,6714.3,35400.5,0.8943
2389.1,52046.4,2547.9,52480.0,0.8942
1017.1,1208.6,1595.9,1600.0,0.8940
3524.6,64911.1,4158.8,65280.0,0.8940
15509.8,50883.9,15679.5,51097.6,0.8938
13449.7,10803.6,14076.6,11200.0,0.8938
9152.8,8849.6,9598.0,9278.9,0.8937
4829.9,3414.1,5435.5,3835.3,0.8937
6456.5,18084.4,7036.1,18555.9,0.8937
13709.4,42560.0,14080.0,43015.9,0.8935
6904.0,62568.7,7039.5,62720.0,0.8935
548.7,18856.4,960.0,19200.0,0.8935
7783.0,16590.7,8316.6,16959.2,0.8935
16197.4,16701.6,16320.0,17280.0,0.8935
2334.0,62289.8,2455.7,62400.0,0.8934
14923.0,48322.5,15039.5,48530.4,0.8934
1308.9,12715.9,1919.8,13117.7,0.8934
16865.2,12706.0,17279.4,13120.0,0.8933
14181.3,5329.3,14710.6,5760.0,0.8933
8061.0,43473.7,8635.8,43840.0,0.8933
471.4,64217.6,640.0,64631.6,0.8933
9046.9,5233.6,9584.6,5757.0,0.8931
1711.4,42710.5,2236.0,43200.0,0.8929
15836.2,48960.0,15899.7,49202.8,0.8929
15084.3,10560.9,15677.9,10854.1,0.8928
1972.3,28094.1,2560.0,28480.0,0.8928
7097.0,22723.3,7674.0,23150.8,0.8928
5920.9,10977.4,6080.0,11200.0,0.8927
8098.4,32961.6,8317.6,33092.4,0.8926
13854.0,29450.9,14079.5,29760.0,0.8926
2392.2,39040.0,2878.0,39504.0,0.8926
16172.0,52802.0,16319.6,53021.5,0.8925
2285.2,35520.0,2560.0,35680.2,0.8925
12017.8,41351.5,12480.0,41920.0,0.8923
9368.3,37309.9,9918.7,37756.0,0.8923
219.3,27070.1,638.3,27520.0,0.8922
1689.9,42482.9,2236.3,42880.0,0.8920
15275.7,48595.4,15415.8,48954.7,0.8920
3842.2,66244.9,4102.9,66536.3,0.8919
4335.7,8865.9,4800.0,9280.0,0.8919
8213.7,7680.3,8319.9,7775.4,0.8918
7043.1,43041.4,7676.8,43517.0,0.8917
15154.5,25012.4,15359.8,25280.0,0.8917
2324.3,21761.9,2557.7,22034.9,0.8917
9056.2,14610.4,9279.4,15038.7,0.8916
3777.4,25489.9,4160.0,25920.0,0.8915
16630.2,13396.5,16959.5,13760.0,0.8914
12191.3,13927.2,12796.9,14397.0,0.8913
4763.8,3671.5,4840.2,4141.4,0.8913
1350.0,34701.8,1918.3,35195.8,0.8913
5579.9,14080.4,5758.7,14363.8,0.8913
2699.2,65885.3,3193.5,66240.0,0.8912
16214.7,15876.6,16320.0,16320.0,0.8910
7549.7,10457.0,7999.0,10880.0,0.8910
11212.7,49769.7,11840.0,50144.2,0.8909
3314.6,12668.8,3520.0,13113.1,0.8909
11334.4,37122.6,11835.1,37660.3,0.8909
12372.9,54422.6,12800.0,54821.3,0.8907
7503.7,22972.3,7997.7,23360.0,0.8907
4160.0,64170.4,4295.1,64634.3,0.8905
15394.2,39306.2,15996.9,39676.0,0.8905
7448.6,2071.9,7998.8,2558.6,0.8905
14236.7,38083.1,14399.2,38299.1,0.8904
3266.3,6277.9,3840.0,6719.8,0.8904
12800.2,49926.3,13440.0,50240.0,0.8903
7468.9,32800.4,7993.0,33278.4,0.8902
2337.3,27672.9,2876.6,28156.2,0.8902
15252.5,36059.3,15679.5,36475.8,0.8902
3232.3,22327.8,3840.0,22720.0,0.8902
3200.0,6080.0,3819.7,6365.0,0.8901
17823.2,68693.0,18164.4,69120.0,0.8901
2251.2,12078.4,2880.0,12479.6,0.8901
6236.3,8961.5,6399.5,9221.4,0.8900
1315.1,19077.7,1919.2,19520.0,0.8900
5484.1,26398.7,6075.0,26870.9,0.8899
14834.7,29314.0,15360.0,29760.0,0.8899
3840.3,34880.0,4467.5,35319.5,0.8899
3995.4,50566.1,4160.0,51137.0,0.8899
16101.0,28334.4,16640.0,28795.5,0.8898
11124.2,20179.6,11520.0,20580.8,0.8898
13481.1,41480.8,14075.3,41920.0,0.8897
5554.6,34744.5,6080.0,35195.6,0.8897
4173.5,1761.3,4800.0,2236.0,0.8897
2839.1,55361.5,3192.6,55679.7,0.8897
15569.7,44303.2,15998.2,44800.0,0.8896
14720.0,11441.6,15356.5,11836.4,0.8895
3907.7,28058.5,4475.0,28480.0,0.8894
16320.0,15663.4,16513.5,15999.5,0.8894
2894.1,35205.1,3518.1,35746.6,0.8893
4975.4,34885.5,5423.6,35135.0,0.8893
2439.6,40331.4,2875.8,40759.8,0.8892
3560.2,16555.7,4155.0,16960.0,0.8892
15499.1,46084.5,15680.0,46699.8,0.8891
5553.1,439.8,6074.9,956.6,0.8891
17287.9,29345.5,17915.4,29760.0,0.8890
2710.3,39686.9,3193.9,40141.0,0.8890
14616.9,26058.2,14720.0,26534.2,0.8890
15793.2,14904.5,16320.0,15360.0,0.8890
10927.6,17172.6,11520.0,17600.0,0.8889
7364.0,45488.1,7679.9,45760.0,0.8889
8179.7,15360.1,8319.5,15492.1,0.8889
975.9,31259.1,1597.6,31671.4,0.8889
7254.4,64509.9,7359.2,64640.0,0.8889
10642.8,16968.5,11198.3,17437.0,0.8887
10322.5,22725.3,10873.3,23225.5,0.8885
4188.3,25849.7,4793.6,26240.0,0.8885
11904.2,50889.5,12478.3,51418.6,0.8884
1743.7,53135.7,2237.5,53566.7,0.8883
2564.0,35092.6,3190.6,35516.7,0.8883
5211.5,33283.6,5756.7,33672.4,0.8882
14401.2,42880.0,14614.1,43218.9,0.8881
15683.4,44394.3,16128.9,44800.0,0.8881
2240.0,60800.0,2494.4,61322.0,0.8880
9980.5,31532.6,10557.6,31996.1,0.8880
14760.8,22604.6,15359.4,23038.2,0.8880
11443.5,15385.4,11518.7,15680.0,0.8879
6231.0,46723.4,6710.7,47168.9,0.8878
14935.3,48076.5,15039.1,48541.6,0.8878
12311.0,24190.2,12794.6,24624.5,0.8877
13167.1,20625.2,13759.3,21120.0,0.8877
1387.9,5625.6,1907.7,6047.2,0.8876
17537.0,53791.6,18173.0,54080.0,0.8875
7130.7,37127.0,7658.7,37466.1,0.8875
11309.8,18248.8,11520.0,18686.3,0.8874
3533.2,21769.7,4159.3,22080.0,0.8873
6189.5,41083.8,6714.7,41600.0,0.8873
3864.0,20162.6,4476.8,20611.8,0.8873
16383.7,10482.7,16957.0,10880.0,0.8872
7434.5,1617.9,7989.0,2023.8,0.8870
7928.0,44904.7,8080.4,45119.3,0.8870
17063.4,41935.5,17599.9,42389.9,0.8869
1675.6,20439.9,2238.9,20800.0,0.8867
7709.5,27116.9,8316.9,27520.0,0.8867
9999.1,11844.8,10240.0,12145.6,0.8867
17292.1,7920.2,17916.3,8320.0,0.8867
3367.7,12499.7,3838.7,12885.1,0.8867
5947.2,57827.5,6043.5,58239.0,0.8866
11537.9,47923.4,12097.2,48320.0,0.8865
3928.8,30381.4,4480.0,30720.0,0.8865
2562.2,64255.0,3200.0,64640.0,0.8864
2085.0,26479.9,2239.8,26874.3,0.8862
7008.6,43841.5,7360.0,44284.1,0.8862
10298.3,38990.7,10875.9,39360.0,0.8862
4162.2,54773.1,4552.3,55035.8,0.8861
8120.0,227.5,8635.7,636.9,0.8860
6464.0,22220.9,7034.7,22717.8,0.8860
2283.5,19876.1,2877.2,20288.9,0.8859
17661.3,36707.1,18173.1,37119.0,0.8859
5563.8,2880.0,5760.0,3386.7,0.8859
1179.0,7848.4,1278.9,8205.9,0.8859
14425.9,12386.4,15034.5,12793.7,0.8858
16652.4,18714.4,17278.5,19187.8,0.8857
14383.5,40725.2,14718.8,40958.5,0.8857
8323.8,18868.5,8955.6,19200.0,0.8855
9922.3,15040.0,10271.8,15218.4,0.8854
16649.9,12171.3,17273.6,12671.5,0.8853
15050.4,28172.9,15677.0,28575.3,0.8852
5023.1,33924.5,5440.0,34241.0,0.8852
7440.5,38405.0,7996.5,38863.6,0.8852
17771.0,41920.0,18174.1,42134.8,0.8851
4615.1,24645.2,5110.6,24934.2,0.8851
9631.1,12629.0,10239.3,13116.8,0.8851
7770.5,38401.1,8000.0,38520.4,0.8851
1616.3,44993.2,2240.0,45434.8,0.8850
10564.6,42302.0,11193.0,42560.0,0.8849
3997.7,65830.5,4464.6,66240.0,0.8849
17385.6,44722.7,17919.0,45120.0,0.8847
15607.0,12802.0,16000.0,13113.7,0.8846
8739.0,36346.2,9280.0,36798.9,0.8845
5794.4,38415.2,6398.6,38888.7,0.8844
14402.6,47682.0,14722.5,47880.5,0.8843
2972.9,21678.9,3520.0,22079.7,0.8843
5884.3,7362.4,6079.5,7606.4,0.8842
14644.6,41662.3,14720.0,41920.0,0.8842
18089.3,50889.3,18173.0,51326.0,0.8841
6977.3,45772.1,7355.3,46069.8,0.8839
15362.9,10880.0,15997.2,11251.0,0.8839
10771.4,38400.0,11199.7,38798.1,0.8839
10272.3,26738.0,10877.4,27197.8,0.8838
3383.6,54328.1,3518.6,54575.4,0.8838
14015.9,43200.9,14400.0,43280.3,0.8838
5299.8,34364.2,5756.8,34788.4,0.8838
7494.8,39533.2,7994.6,39997.3,0.8837
7758.8,17379.8,8315.2,17905.6,0.8836
2934.6,9603.2,3516.8,10068.9,0.8836
12283.9,22498.3,12800.0,23040.0,0.8835
17538.8,18138.1,18172.8,18558.0,0.8834
6936.5,39681.5,7348.0,40122.3,0.8833
11945.2,38218.2,12158.6,38531.2,0.8831
14872.2,12549.3,15360.0,13118.7,0.8831
9383.7,45334.0,9576.5,45759.3,0.8830
15486.2,25799.8,15997.4,26240.0,0.8829
6942.4,62721.3,7039.5,62829.1,0.8829
7193.7,38568.7,7680.0,39037.3,0.8829
15331.3,50405.3,15446.4,50871.4,0.8828
2365.9,4483.7,2872.8,4882.0,0.8827
18083.1,48320.0,18169.9,48707.1,0.8827
1696.3,7871.2,2240.0,8318.8,0.8827
13768.4,31261.6,14400.0,31680.0,0.8826
4410.3,61536.9,4480.0,61756.8,0.8826
8985.4,13760.0,9594.5,14237.1,0.8825
1050.0,42436.4,1597.9,42880.0,0.8825
8645.7,21363.7,9279.8,21760.0,0.8825
12480.2,26251.5,12907.6,26556.3,0.8824
6823.5,12365.3,7357.6,12800.0,0.8823
4625.4,7118.9,5120.0,7680.0,0.8821
12287.0,5761.4,12799.9,6263.5,0.8821
14805.8,25285.2,15040.0,25656.0,0.8821
1609.8,12785.6,2237.7,13120.0,0.8821
10355.5,14836.1,10873.7,15360.0,0.8821
1507.5,29139.3,1920.0,29750.1,0.8820
9529.4,31315.1,9600.0,31662.6,0.8820
17384.3,10416.4,17918.9,10878.5,0.8820
15763.5,62205.1,16314.1,62720.0,0.8818
1117.3,9920.5,1597.1,10366.6,0.8818
1928.2,48410.1,2557.1,48960.0,0.8818
11526.2,35431.9,12156.2,35840.0,0.8817
14765.0,49214.1,15356.5,49600.0,0.8817
8397.7,6752.4,8636.5,7039.7,0.8817
15360.0,8012.9,15997.0,8320.0,0.8815
5137.6,30254.0,5756.2,30713.8,0.8815
1816.6,40702.6,2234.3,41081.1,0.8815
10369.6,12008.5,10876.6,12478.5,0.8815
18070.6,49280.0,18176.0,49810.0,0.8814
1921.1,63040.3,2048.4,63180.4,0.8814
14737.2,17822.7,15357.4,18240.0,0.8813
15921.1,60505.6,16319.8,60800.0,0.8813
5555.7,17504.7,6076.6,17920.0,0.8812
7720.5,65604.5,8316.9,65920.0,0.8812
1162.6,1601.3,1595.9,1750.3,0.8810
8436.0,33284.2,8639.9,33446.7,0.8810
11064.4,38627.2,11519.1,39039.6,0.8810
16665.4,24234.5,17280.0,24640.0,0.8809
12579.5,4802.5,13112.7,5237.5,0.8809
6071.8,13441.8,6400.0,13951.8,0.8808
18075.7,49188.6,18175.7,49591.8,0.8808
8723.2,29954.0,9275.4,30399.1,0.8808
6100.0,22083.5,6717.8,22404.2,0.8807
4911.4,42525.1,5437.8,42880.0,0.8807
11730.7,14624.1,12158.0,15036.9,0.8806
14234.7,50937.0,14718.7,51199.8,0.8806
3073.8,58884.2,3199.0,59453.1,0.8805
641.0,54971.4,730.2,55345.9,0.8804
16069.8,42087.6,16640.0,42560.0,0.8803
8728.6,31905.9,9276.9,32320.0,0.8803
8642.2,13440.0,9279.3,13855.6,0.8803
9311.1,32535.1,9920.0,32960.0,0.8802
15437.5,24299.9,16000.0,24639.3,0.8802
7040.3,18995.9,7678.9,19355.6,0.8801
18099.5,50770.7,18176.0,51191.2,0.8799
2793.0,58399.9,2879.6,58861.3,0.8799
11043.9,40766.9,11518.7,41280.0,0.8798
17465.9,10050.6,17918.0,10555.0,0.8798
9081.7,23904.7,9279.6,24320.0,0.8797
11008.9,17370.1,11518.2,17918.3,0.8796
14085.7,14811.4,14399.3,15261.5,0.8796
15394.8,48963.2,15493.8,49416.1,0.8796
10631.4,13712.6,11196.2,14079.6,0.8796
3938.6,12813.8,4477.4,13227.9,0.8795
3897.6,21761.6,4477.7,22282.6,0.8795
690.3,37860.5,1276.8,38397.9,0.8794
697.4,22720.0,1280.0,23183.9,0.8794
13995.1,53161.5,14080.0,53438.7,0.8793
7680.0,43162.4,8317.1,43517.0,0.8792
767.4,13061.2,1269.7,13438.0,0.8792
2594.8,10246.0,3195.7,10560.0,0.8792
321.3,38303.8,536.7,38466.6,0.8791
4820.8,26983.3,5120.0,27520.0,0.8790
16967.5,31594.4,17598.6,32000.0,0.8790
16035.8,22080.0,16637.0,22526.2,0.8790
872.7,5482.3,1280.0,6066.2,0.8789
1280.0,17316.0,1917.4,17600.0,0.8788
16714.6,13443.5,17278.3,13890.5,0.8787
1699.8,2893.6,2239.4,3385.5,0.8787
17578.2,34883.4,17920.0,35346.0,0.8785
9522.3,16640.8,9917.6,17144.1,0.8785
12054.7,31128.8,12479.9,31358.8,0.8785
4188.9,31242.8,4799.0,31680.0,0.8784
752.1,2760.6,1276.6,3198.5,0.8784
13502.7,24323.6,14076.6,24937.6,0.8784
1696.9,7128.3,2231.4,7680.0,0.8783
2044.6,64642.0,2557.1,65099.5,0.8782
16802.1,43416.3,17276.1,43840.0,0.8782
8199.9,49603.9,8640.0,50109.3,0.8782
2617.5,53660.7,3196.7,54080.0,0.8780
6825.5,43520.0,7040.0,43930.9,0.8780
11520.0,14727.8,12156.3,15074.2,0.8780
6080.0,43409.7,6719.8,43840.0,0.8780
4272.3,8960.0,4478.7,9110.2,0.8779
5578.7,35084.5,6077.5,35515.8,0.8779
11692.3,42888.9,12156.9,43366.8,0.8778
15460.1,32226.6,15983.4,32640.0,0.8778
5543.4,42241.1,5760.0,42529.4,0.8778
14589.4,31362.3,15040.0,31783.6,0.8777
16726.0,38404.9,17276.2,38827.2,0.8776
9969.4,14736.6,10560.0,15087.7,0.8776
11219.9,44383.3,11838.4,44800.0,0.8776
14724.9,18564.5,15182.5,18910.2,0.8775
17072.7,7205.4,17600.0,7605.1,0.8774
10271.5,17265.9,10876.6,17600.0,0.8774
8685.3,41168.2,9278.0,41597.5,0.8773
13446.7,30915.1,14075.5,31359.0,0.8773
9102.5,12225.2,9592.1,12797.6,0.8773
17280.9,16320.0,17373.4,16603.5,0.8772
12063.1,4803.8,12158.9,5117.6,0.8771
2307.0,15134.0,2874.6,15678.9,0.8771
12010.7,52981.4,12478.2,53440.0,0.8770
16345.4,26783.7,16955.0,27200.0,0.8770
6473.0,64002.8,6718.8,64255.0,0.8768
2827.6,26560.0,3200.0,27089.4,0.8767
6838.1,4535.3,6902.4,5104.3,0.8767
3227.8,39507.6,3839.7,39998.9,0.8765
2919.0,28488.9,3518.0,28862.7,0.8765
10263.7,30951.1,10879.2,31360.0,0.8764
1654.1,50461.0,1725.2,50874.5,0.8764
14284.0,17351.9,14720.0,17599.9,0.8762
121.7,35428.0,635.7,35836.5,0.8762
4863.5,7581.8,5432.5,7997.4,0.8762
3523.6,53014.6,3833.1,53118.9,0.8761
1376.2,11201.4,1918.2,11628.7,0.8761
5253.8,34340.2,5759.2,34559.7,0.8759
5394.4,55364.2,5760.0,55843.8,0.8758
2271.6,49968.8,2425.4,50403.0,0.8758
2923.1,50452.0,3141.3,50558.6,0.8757
6464.9,2509.8,7040.0,2879.2,0.8757
11940.7,39052.2,12477.3,39533.3,0.8757
7503.0,25522.9,8000.0,25920.0,0.8756
14868.6,53811.4,15355.8,54080.0,0.8756
959.5,28800.0,1279.2,29215.4,0.8755
1330.6,20387.0,1917.6,20800.0,0.8755
1984.2,42889.7,2240.0,43184.2,0.8755
15778.0,41133.6,16317.0,41597.2,0.8754
9115.5,35520.0,9600.0,36041.4,0.8754
7715.5,45649.2,8318.5,46077.8,0.8753
5120.0,48614.1,5755.5,48960.0,0.8752
3107.8,58564.2,3198.7,58954.6,0.8752
143.1,37911.7,252.2,38394.5,0.8751
12579.7,45909.0,13116.4,46399.0,0.8750
6845.0,32339.3,7354.2,32640.0,0.8750
15059.4,34457.8,15680.0,34880.0,0.8750
12984.5,17469.3,13440.0,17914.8,0.8749
2089.6,66048.4,2560.0,66560.0,0.8749
10263.1,221.1,10875.8,640.0,0.8748
16640.8,47099.9,16734.5,47288.0,0.8746
4202.0,8208.4,4797.1,8637.1,0.8746
15361.5,15681.0,15677.1,16129.0,0.8745
15046.2,38403.3,15680.0,38720.0,0.8745
17560.5,7346.8,18174.0,7678.8,0.8743
16670.6,49270.4,16731.8,49600.0,0.8742
1831.5,60800.4,1920.0,61218.1,0.8739
713.4,4511.5,1280.0,5001.1,0.8739
3103.8,59520.0,3198.9,59823.6,0.8738
4255.8,10364.7,4799.1,10877.2,0.8738
2240.0,56599.2,2359.9,56959.2,0.8737
5525.5,36804.5,6078.7,37318.9,0.8736
13996.2,53765.0,14080.0,54146.2,0.8736
11222.3,23021.1,11837.8,23360.0,0.8736
14169.8,21008.8,14718.8,21439.1,0.8736
5454.0,39343.0,6080.0,39680.0,0.8735
17850.1,16827.7,18102.9,16868.0,0.8735
2326.3,9172.6,2878.6,9600.0,0.8734
17111.3,7040.0,17280.0,7620.4,0.8733
1010.1,25252.0,1600.0,25600.0,0.8732
6957.3,39040.0,7360.0,39512.2,0.8732
8000.0,13440.0,8340.7,13699.7,0.8732
1677.8,48685.1,2234.3,49280.0,0.8731
9799.9,41273.3,10240.0,41600.0,0.8731
12482.0,559.5,13119.7,960.0,0.8731
11922.9,19678.1,12476.7,20153.6,0.8730
17008.1,49970.9,17581.3,50240.0,0.8730
13546.0,26044.2,14079.6,26558.9,0.8730
6134.0,57600.0,6400.0,58204.2,0.8729
16002.1,52326.8,16451.5,52615.0,0.8726
9719.2,13703.0,10235.1,14079.6,0.8726
10916.1,45287.9,11517.6,45757.1,0.8725
7927.6,44902.7,7999.8,45186.1,0.8725
9956.0,42641.7,10560.0,42984.0,0.8725
13035.6,35605.1,13111.4,35972.5,0.8725
7798.3,7043.1,7999.8,7233.3,0.8724
7146.3,41302.9,7672.7,41683.9,0.8722
10032.2,19926.9,10240.0,20159.6,0.8722
7055.8,22724.1,7359.6,23012.3,0.8722
17145.0,16087.6,17279.8,16162.4,0.8722
8980.4,41319.3,9596.4,41672.3,0.8722
640.4,21760.0,959.9,22220.6,0.8721
1760.6,28800.0,2232.6,29035.8,0.8721
6080.0,26892.0,6717.8,27200.0,0.8720
13451.7,21727.8,14080.0,22078.6,0.8719
6129.8,43846.0,6400.0,44104.5,0.8719
14190.5,44667.3,14717.7,45120.0,0.8719
15865.2,52267.2,16317.6,52479.9,0.8719
3625.8,22001.0,4154.5,22400.0,0.8717
12629.2,35841.8,12800.0,36010.5,0.8717
3375.7,47918.2,3832.2,48320.0,0.8715
7879.8,48322.9,8313.7,48787.4,0.8715
973.4,36753.7,1590.6,37120.0,0.8715
5974.0,6756.1,6393.6,7063.1,0.8715
5167.2,14574.3,5760.0,15039.8,0.8714
9306.5,20357.1,9911.4,20800.0,0.8714
10138.9,40983.5,10560.0,41398.7,0.8713
893.8,8962.0,959.9,9339.1,0.8713
4481.2,3570.5,4574.8,4109.5,0.8712
14083.1,26738.3,14232.5,27200.0,0.8712
770.9,62982.5,959.5,63356.0,0.8710
2148.5,62081.7,2239.8,62453.3,0.8709
9865.0,34241.9,10240.0,34625.0,0.8706
3231.8,33812.7,3836.9,34240.0,0.8706
6491.3,33167.1,7036.4,33597.6,0.8705
14277.0,48000.4,14400.0,48504.0,0.8704
16260.1,51540.7,16320.0,51840.0,0.8702
4480.1,53762.6,4604.2,54209.7,0.8702
10271.3,22598.1,10878.7,23040.0,0.8702
158.4,62401.1,606.8,62948.1,0.8701
3707.2,42454.7,4160.0,42863.0,0.8701
10527.7,46092.0,10620.2,46505.1,0.8701
8000.0,42886.0,8638.8,43200.0,0.8701
14826.7,48005.1,14936.0,48502.1,0.8699
12517.6,24000.0,13108.2,24321.7,0.8698
1025.6,5878.5,1597.3,6400.0,0.8698
585.3,24004.1,958.5,24370.4,0.8697
370.4,21636.4,960.0,22080.0,0.8697
15321.9,48034.0,15422.3,48551.8,0.8697
3282.1,524.1,3838.1,959.3,0.8696
13844.1,12160.0,14397.2,12610.3,0.8695
16976.9,7053.0,17598.1,7360.0,0.8695
3300.3,67831.4,3836.8,68160.0,0.8695
416.2,11692.8,958.1,12154.9,0.8695
7683.7,40860.2,8320.0,41280.0,0.8694
5452.2,36074.4,6077.1,36480.0,0.8694
4207.0,28987.5,4796.0,29435.7,0.8694
0.3,46082.7,301.7,46208.7,0.8693
10906.0,48775.1,11519.1,49256.8,0.8693
7847.5,18218.0,7999.4,18560.0,0.8693
2561.9,57522.2,2660.6,57920.0,0.8692
2364.3,21002.8,2877.2,21440.0,0.8692
17280.0,53733.5,17916.4,54080.0,0.8691
9999.3,28353.2,10557.1,28795.4,0.8691
17366.7,33500.8,17915.0,33920.0,0.8689
15361.0,48063.2,15418.5,48320.0,0.8688
2240.0,44524.7,2877.2,44795.5,0.8687
1356.8,19502.4,1913.1,19838.7,0.8687
9637.8,45330.3,9725.8,45755.1,0.8685
16126.6,13120.0,16320.0,13575.4,0.8685
75.3,27932.8,638.0,28479.4,0.8684
6159.6,42241.0,6399.1,42657.8,0.8684
6726.5,44533.8,7040.0,44799.2,0.8684
17099.1,68169.1,17600.0,68690.8,0.8681
9079.0,20311.8,9597.3,20798.2,0.8679
2971.1,25078.7,3199.0,25493.0,0.8678
3535.0,336.3,4157.1,649.4,0.8678
14716.7,48226.3,14819.1,48640.0,0.8676
9959.3,34242.7,10556.3,34601.3,0.8674
4483.1,33806.4,5109.0,34240.0,0.8673
824.2,63040.5,959.9,63472.9,0.8672
1936.0,31613.3,2560.0,32000.0,0.8672
1831.9,10567.2,2239.2,10864.3,0.8671
10325.1,49633.0,10877.0,50230.4,0.8670
398.5,42026.8,958.2,42558.1,0.8670
1327.9,15911.1,1917.6,16319.7,0.8669
1618.5,33504.8,2240.0,33920.0,0.8669
2561.2,53444.2,2657.5,53620.3,0.8668
1666.8,36386.3,2240.0,36800.0,0.8668
7467.5,31935.7,8000.0,32320.0,0.8668
14402.8,11571.1,15038.2,11840.0,0.8666
2410.7,39120.0,2560.0,39360.0,0.8666
5224.6,66883.1,5438.3,67253.7,0.8666
2915.0,2753.8,3196.3,2879.0,0.8666
9124.0,39099.0,9594.8,39678.1,0.8664
3878.0,28123.6,4158.8,28480.0,0.8663
16649.7,15040.5,16960.0,15162.9,0.8663
2743.3,42272.6,3192.2,42669.5,0.8662
8076.6,38295.2,8637.0,38719.3,0.8661
3241.3,41254.6,3840.0,41600.0,0.8661
16731.0,67847.8,17277.0,68310.0,0.8661
15252.2,48006.9,15359.3,48320.0,0.8660
16344.5,31363.0,16956.9,31841.3,0.8660
2325.6,2465.6,2507.5,2878.8,0.8660
16532.8,12118.8,16639.7,12480.0,0.8660
3406.7,22722.0,3834.0,23173.9,0.8659
6105.2,45648.0,6718.3,46080.0,0.8658
8733.1,15213.3,9275.8,15676.7,0.8658
14766.1,18902.7,15358.8,19198.4,0.8657
11609.6,30313.3,12160.0,30720.0,0.8656
8940.1,47360.1,9280.0,47489.7,0.8656
2436.2,53120.0,2880.0,53600.7,0.8656
8975.5,12781.1,9597.3,13120.0,0.8655
688.5,64000.0,960.0,64558.8,0.8655
15730.1,33765.0,16320.0,34238.4,0.8654
4828.6,29363.2,5436.6,29760.0,0.8653
544.4,45773.7,639.9,46358.5,0.8652
8320.0,9725.8,8956.9,10042.9,0.8652
16135.1,52704.2,16638.3,53115.8,0.8651
17560.3,19202.7,17920.0,19710.9,0.8650
8219.0,64641.4,8320.0,65025.9,0.8649
882.7,58590.3,959.5,58941.6,0.8649
12193.7,30562.9,12794.6,31028.9,0.8649
1933.1,35676.2,2559.3,36159.6,0.8648
4265.8,32123.3,4797.0,32637.4,0.8648
8712.6,5582.4,9278.1,6080.0,0.8648
5265.8,13314.3,5758.9,13747.7,0.8648
14187.6,16006.3,14719.7,16365.7,0.8647
8491.5,31384.1,8960.0,31909.5,0.8647
1657.6,27031.9,2237.2,27520.0,0.8647
5731.6,29380.5,6080.0,29760.0,0.8647
6380.7,33282.0,6720.0,33732.0,0.8647
11202.3,19397.4,11837.9,19839.8,0.8646
8252.4,23681.9,8320.0,23995.3,0.8646
4540.6,23683.6,4800.0,24121.7,0.8645
16867.0,44241.2,16960.0,44394.8,0.8644
2720.3,58473.3,2811.0,58878.7,0.8644
17635.2,8223.8,18176.0,8637.2,0.8644
16569.3,46294.0,16660.9,46472.2,0.8642
14116.4,29325.6,14720.0,29760.0,0.8642
9978.6,31042.5,10557.9,31486.2,0.8642
13865.3,32784.0,14398.5,33273.7,0.8641
1920.0,18456.4,2560.0,18880.0,0.8641
3527.0,30019.1,3695.0,30168.1,0.8640
11521.8,29101.6,12156.1,29440.0,0.8639
15702.4,51218.6,15807.6,51715.0,0.8639
7255.9,16397.4,7360.0,16639.9,0.8639
12825.5,51352.2,13437.1,51839.9,0.8638
11687.8,38090.2,11839.6,38384.0,0.8637
15212.5,16286.5,15360.0,16547.8,0.8637
14791.4,41600.0,15355.4,42071.6,0.8637
27.5,23297.6,639.2,23680.0,0.8636
2640.0,26252.0,3197.6,26560.0,0.8635
6511.5,65962.8,7039.9,66240.0,0.8635
11.5,9571.4,626.6,9920.0,0.8635
8387.0,25765.9,8957.6,26239.9,0.8634
1510.0,62083.5,1599.6,62458.1,0.8633
2648.4,22083.8,2879.6,22259.4,0.8633
16966.3,20397.2,17587.8,20800.0,0.8632
12618.5,19420.3,13110.4,19838.8,0.8631
12161.9,5354.2,12800.0,5760.0,0.8631
960.0,47372.8,1162.8,47839.3,0.8630
8026.6,2144.3,8634.6,2560.0,0.8628
5249.4,28028.9,5759.5,28474.3,0.8628
8153.2,28800.0,8640.0,29260.5,0.8628
6184.5,24330.5,6720.0,24831.3,0.8627
2972.6,32913.3,3517.6,33280.0,0.8627
14168.3,25288.7,14720.0,25785.6,0.8626
11674.3,38034.2,12145.9,38400.0,0.8626
9043.2,40566.1,9279.4,40960.0,0.8626
15552.1,18282.3,15997.4,18560.0,0.8626
17060.6,9923.3,17600.0,10393.5,0.8625
13949.7,46303.4,14079.6,46647.0,0.8625
14935.4,16643.3,15357.7,17005.9,0.8624
5453.0,28483.0,6077.7,28836.4,0.8624
14137.9,39231.3,14713.9,39676.3,0.8624
3178.5,54449.8,3435.3,54615.4,0.8623
7775.7,31680.0,7999.5,32127.4,0.8622
1739.2,62720.0,1919.3,63249.4,0.8620
11986.9,17293.9,12422.4,17600.0,0.8619
5969.8,22413.8,6393.9,22790.0,0.8618
4531.7,37576.7,5116.6,38062.5,0.8617
15074.9,42881.6,15137.1,43061.0,0.8617
2714.7,5126.4,3199.4,5689.3,0.8617
6796.1,47276.8,7357.6,47680.0,0.8617
15070.9,21676.4,15676.3,22080.0,0.8616
10009.1,8561.7,10557.0,8960.0,0.8616
3575.7,22723.6,3839.6,23043.8,0.8616
10460.8,25642.5,10559.9,25918.5,0.8616
16963.0,62943.1,17115.5,63357.3,0.8616
3528.1,41607.8,4147.4,41886.4,0.8615
15221.4,49659.3,15349.9,49920.0,0.8615
17334.2,35736.3,17916.5,36160.0,0.8615
3555.2,27649.7,4155.5,28160.0,0.8614
355.9,26461.9,960.0,26880.0,0.8614
9600.0,19419.1,9782.4,19837.3,0.8613
11623.4,26304.0,12150.8,26623.4,0.8612
4251.6,36337.8,4799.1,36800.0,0.8612
8326.2,49166.2,8930.3,49600.0,0.8609
12224.5,6743.8,12796.0,7263.0,0.8609
1741.6,64708.6,2231.8,65280.0,0.8609
14775.4,7361.7,15350.6,7836.0,0.8608
10016.4,30721.6,10240.0,30865.8,0.8608
966.2,6508.1,1595.1,7039.4,0.8607
16331.8,62644.7,16958.8,63015.4,0.8607
4888.0,45448.1,5431.4,45858.5,0.8606
6463.7,46890.8,7036.3,47359.8,0.8606
5191.0,39197.3,5753.7,39680.0,0.8605
13865.8,33836.0,14393.6,34240.0,0.8605
1447.1,65213.5,1600.0,65280.0,0.8604
14672.3,26882.3,15040.0,27463.1,0.8601
1037.6,27865.1,1278.3,28160.0,0.8601
14472.1,38303.4,15035.3,38720.0,0.8601
5990.9,5535.9,6079.9,5758.7,0.8600
2118.2,64004.5,2240.0,64484.8,0.8600
16377.7,6306.6,16639.7,6717.6,0.8599
17347.7,18880.3,17600.0,19101.9,0.8598
13632.2,51463.6,13759.1,51520.0,0.8597
15360.6,6300.2,15996.4,6720.0,0.8596
16454.8,17922.4,16639.8,18107.6,0.8596
4801.7,31661.0,5438.3,32000.0,0.8595
6453.8,39314.3,7034.2,39680.0,0.8595
13627.3,12729.2,14080.0,13120.0,0.8594
13123.4,51526.4,13760.0,51836.5,0.8593
2978.5,64228.5,3501.9,64626.6,0.8593
9490.9,11914.6,9600.0,12159.8,0.8591
2466.5,57296.8,2559.3,57805.4,0.8591
15416.5,52660.7,15995.9,53120.0,0.8590
16000.8,47271.0,16515.4,47677.5,0.8590
4895.5,24020.4,5439.7,24382.2,0.8590
17165.9,1794.6,17599.7,2235.9,0.8590
11247.5,16960.0,11837.3,17269.0,0.8589
2880.0,60161.1,2992.3,60237.4,0.8589
16265.6,14077.6,16635.0,14398.3,0.8589
7374.1,22538.7,8000.0,23035.8,0.8587
3440.6,62893.1,3520.0,63040.0,0.8587
17336.5,15041.4,17600.0,15238.8,0.8586
2950.8,20161.5,3516.7,20649.7,0.8585
17143.7,45403.0,17390.0,45440.0,0.8585
8000.0,5109.4,8186.5,5439.7,0.8584
17340.2,37861.3,17917.9,38400.0,0.8584
994.2,38080.0,1280.0,38599.3,0.8584
12563.0,14100.2,12799.5,14608.1,0.8584
734.6,36043.9,1280.0,36476.0,0.8583
6084.1,14910.9,6717.1,15359.1,0.8583
1636.5,2076.9,2236.4,2551.0,0.8583
16960.0,44730.1,17112.3,44800.0,0.8582
17647.0,29645.2,18176.0,30080.0,0.8582
7696.4,13042.2,8318.9,13440.0,0.8581
12633.4,46161.0,13119.4,46720.0,0.8580
993.6,41497.8,1600.0,41920.0,0.8579
7104.0,32231.6,7359.4,32625.5,0.8579
15233.2,50560.0,15360.0,51125.8,0.8579
7847.5,13449.1,8304.6,13889.0,0.8578
14080.0,50913.8,14209.5,51512.3,0.8577
13653.1,48796.5,13759.7,49272.5,0.8575
4840.2,11485.4,5439.9,11840.0,0.8575
10223.3,32643.0,10560.0,33061.7,0.8575
13529.0,18855.2,14080.0,19199.0,0.8575
15489.2,39579.3,15997.7,40000.0,0.8574
15686.2,31278.6,16319.5,31680.0,0.8574
3408.6,12565.5,3520.0,12799.4,0.8573
15887.7,41293.0,16319.4,41665.9,0.8573
2777.9,57935.4,2879.5,58413.2,0.8573
4864.0,5760.0,5425.0,6044.0,0.8572
3201.5,53902.5,3304.5,54080.0,0.8572
5666.6,21453.5,6073.4,21754.3,0.8571
15680.0,68483.8,16316.0,68785.0,0.8568
7242.1,12231.1,7360.0,12480.0,0.8568
1280.0,970.2,1917.0,1279.6,0.8567
15360.0,23244.4,15992.8,23680.0,0.8567
8655.6,17163.7,9275.8,17600.0,0.8567
9348.5,39042.1,9918.4,39519.0,0.8566
13910.3,19755.2,14398.3,20159.6,0.8566
5904.7,3756.4,6080.0,4160.0,0.8566
16707.4,7470.9,17277.1,7996.0,0.8564
6491.0,44811.0,7037.8,45227.1,0.8564
3357.4,44802.2,3837.2,45369.0,0.8563
334.8,11212.8,959.7,11619.7,0.8563
9306.4,49280.3,9918.1,49766.3,0.8562
8184.5,41463.1,8640.0,41917.3,0.8561
8480.1,14848.6,8955.1,15359.1,0.8561
13841.2,34881.8,14389.1,35393.0,0.8561
15146.0,31869.1,15668.1,32313.7,0.8561
9606.0,46331.4,10237.7,46720.0,0.8561
13919.7,13643.7,14386.1,14079.2,0.8559
1631.1,33983.7,2237.3,34368.6,0.8559
2882.7,14506.4,3200.0,14718.2,0.8559
10.8,56560.4,157.4,56639.6,0.8558
16229.9,50702.9,16302.0,50879.7,0.8558
12832.6,27841.7,13440.0,28262.3,0.8558
13970.1,25870.7,14080.0,26240.0,0.8558
13545.3,15008.2,13760.0,15352.2,0.8557
17540.1,10172.2,18172.6,10560.0,0.8557
3575.8,9135.1,4159.0,9598.6,0.8557
2899.9,29345.8,3513.1,29760.0,0.8555
7523.0,15062.1,7993.3,15680.0,0.8554
52.8,25472.1,638.9,25918.3,0.8554
2902.9,26091.3,3514.4,26559.5,0.8553
16037.5,45442.6,16637.0,45822.9,0.8553
4820.9,36692.9,5440.0,37118.9,0.8552
6413.3,42454.1,7036.5,42880.0,0.8552
12921.6,38245.7,13440.0,38720.0,0.8551
14405.4,11099.5,15040.0,11520.0,0.8551
8336.7,41600.0,8956.9,42086.4,0.8550
10064.2,44084.2,10555.4,44480.0,0.8550
4192.9,33538.5,4800.0,33920.0,0.8550
3455.0,15309.6,3520.0,15679.5,0.8549
3202.6,61777.0,3323.3,62080.0,0.8548
15415.4,28964.2,15997.6,29439.0,0.8548
7992.5,6720.1,8320.0,7076.6,0.8548
8002.6,15586.4,8156.0,16000.0,0.8546
10254.2,26143.9,10876.0,26560.0,0.8545
17367.5,7552.2,17600.0,7679.3,0.8544
3415.2,60485.9,3520.0,60872.7,0.8544
9632.8,45441.0,9728.3,45922.9,0.8544
17498.0,32017.8,17917.6,32468.7,0.8542
2941.1,38305.2,3520.0,38720.0,0.8541
4160.3,1.4,4797.3,461.2,0.8540
12509.5,25184.2,13120.0,25600.0,0.8539
17590.3,23364.2,18172.0,23804.4,0.8538
9754.1,19415.2,10237.4,19840.0,0.8538
7135.0,15041.5,7360.0,15444.0,0.8538
11446.9,39539.9,11519.7,40000.0,0.8538
9946.4,3915.9,10557.1,4475.3,0.8538
17536.2,20160.4,17723.3,20307.9,0.8537
509.2,10242.6,954.3,10468.1,0.8537
3292.5,59107.1,3395.9,59499.0,0.8537
22.4,48260.0,640.0,48633.8,0.8536
3519.0,65281.7,3778.0,65413.7,0.8536
9285.3,905.1,9918.3,1280.0,0.8535
14862.1,15704.6,15358.1,16061.2,0.8535
4285.2,37396.1,4796.1,37760.0,0.8534
10709.7,41741.5,11195.5,42234.5,0.8532
4480.0,0.0,5112.1,353.9,0.8529
2371.2,40648.3,2560.0,41185.4,0.8529
1082.7,4368.7,1279.1,4791.1,0.8529
2572.6,60028.4,2905.9,60476.0,0.8528
15393.1,14611.4,15995.8,15038.4,0.8527
5812.1,17781.1,6397.1,18240.0,0.8527
2251.3,13901.4,2880.0,14395.9,0.8527
14638.3,13573.2,14720.0,14066.6,0.8527
8374.5,13125.9,8640.0,13658.2,0.8526
6801.8,29325.8,7360.0,29676.6,0.8525
1285.3,274.8,1917.9,630.7,0.8524
18007.6,51310.2,18088.0,51518.6,0.8524
7433.1,28638.5,7999.7,29119.7,0.8522
8960.0,27478.9,9407.6,27840.0,0.8521
9086.1,42880.0,9600.0,43360.8,0.8521
11408.2,37440.0,11518.5,37669.7,0.8521
15462.7,69550.4,15997.9,69888.0,0.8521
10560.0,4172.2,11197.2,4565.9,0.8520
10266.0,18102.1,10876.9,18556.7,0.8520
5137.2,35710.1,5756.7,36159.4,0.8519
17614.2,21875.8,18173.3,22398.7,0.8519
3324.9,28585.4,3839.7,29120.0,0.8519
9964.1,32781.4,10557.4,33277.7,0.8518
11930.0,22244.9,12480.0,22719.1,0.8518
15680.9,49449.9,15899.4,49599.7,0.8518
8211.7,7360.7,8638.3,7624.3,0.8517
2656.7,53773.3,2729.5,54239.2,0.8517
2425.5,57515.5,2541.1,57920.0,0.8517
6086.5,35430.9,6715.8,35840.0,0.8517
2368.1,57186.4,2507.7,57600.0,0.8517
8402.2,50039.4,8955.5,50558.0,0.8516
17593.3,31680.3,17920.0,32171.1,0.8516
7489.5,32983.3,7991.3,33396.4,0.8516
491.2,60795.3,913.3,61119.3,0.8516
17961.7,18881.3,18176.0,19139.5,0.8516
13779.5,25202.7,14394.7,25600.0,0.8516
11522.2,15362.8,12158.0,15777.4,0.8516
3900.8,23040.8,4160.0,23322.9,0.8516
17072.6,35097.7,17598.8,35520.0,0.8515
2370.4,3084.8,2559.9,3218.7,0.8515
1768.7,45243.0,2240.0,45758.7,0.8514
18066.9,51520.3,18164.4,51966.0,0.8513
6473.7,40856.5,7035.8,41280.0,0.8513
9326.9,12270.4,9919.5,12797.7,0.8513
14720.0,10887.0,15243.1,11198.3,0.8513
8322.4,14083.8,8758.0,14471.7,0.8512
16320.0,52088.0,16424.6,52480.0,0.8511
1099.1,6883.8,1599.2,7359.2,0.8510
10270.7,44818.3,10878.5,45120.0,0.8510
3569.9,46714.3,4160.0,47040.0,0.8510
1096.6,27808.4,1586.2,28160.0,0.8509
13814.6,19978.1,14395.8,20475.6,0.8509
10242.9,30607.0,10880.0,31040.0,0.8509
16432.1,26094.4,16960.0,26555.5,0.8508
9681.2,16004.5,9919.2,16228.6,0.8508
8402.1,36387.7,8960.0,36800.0,0.8505
6889.2,33770.7,7355.1,34238.1,0.8505
15212.1,40640.0,15680.0,41148.4,0.8504
10374.7,24826.6,10870.3,25273.2,0.8504
2348.5,6903.2,2872.0,7360.0,0.8503
14323.3,33753.1,14720.0,34240.0,0.8503
6402.3,43164.0,7036.8,43520.0,0.8501
1514.4,26560.0,1599.2,27066.3,0.8501
16254.2,46932.6,16320.0,47189.8,0.8501
2509.7,38749.4,2877.7,39040.0,0.8500
17187.4,53015.2,17598.6,53413.3,0.8500
1007.4,21671.7,1594.6,22080.0,0.8499
13867.1,23139.6,14398.4,23629.7,0.8498
6805.5,13008.2,7357.8,13440.0,0.8498
1203.8,57576.0,1279.4,57911.5,0.8498
16507.4,16746.1,16640.0,17138.3,0.8497
7230.8,17700.8,7678.4,18240.0,0.8496
2887.4,9920.0,3517.6,10332.0,0.8494
5250.0,6087.0,5439.5,6451.0,0.8494
238.9,20163.5,638.4,20483.6,0.8491
3925.1,20527.2,4480.0,21032.4,0.8490
14501.3,24874.0,15036.6,25279.1,0.8489
95.0,30404.8,638.8,30905.8,0.8489
231.5,3769.4,624.6,4160.0,0.8489
13749.8,28680.5,14078.8,28798.4,0.8488
139.6,24237.2,635.2,24637.3,0.8488
17658.3,38953.7,18173.3,39360.0,0.8487
11013.3,46967.5,11520.0,47360.0,0.8487
17823.5,48320.0,17881.2,48609.1,0.8487
7754.2,29062.4,8316.3,29440.0,0.8487
3227.4,24351.7,3840.0,24640.0,0.8486
4480.0,32640.3,4616.3,32793.0,0.8486
16121.5,21306.7,16638.4,21758.1,0.8485
13132.5,18904.9,13760.0,19198.5,0.8485
13760.0,27523.1,14218.7,27940.3,0.8484
11873.9,14891.0,12479.9,15341.2,0.8484
9054.1,48009.6,9595.0,48488.3,0.8483
3372.9,4009.9,3650.3,4183.5,0.8483
16641.6,46720.5,16747.3,46767.3,0.8482
9013.2,7041.2,9595.7,7463.6,0.8482
16424.3,48256.2,16588.0,48602.4,0.8481
3282.6,16965.6,3837.3,17425.1,0.8481
964.8,24638.3,1597.2,24960.0,0.8480
14152.1,20031.0,14720.0,20480.0,0.8480
17362.2,38720.0,17918.1,39156.0,0.8479
11639.9,31323.9,12154.6,31680.0,0.8478
1119.0,1184.5,1280.0,1600.0,0.8478
4482.6,24222.7,5095.5,24640.0,0.8478
13764.2,2790.5,14400.0,3200.0,0.8477
17006.7,63652.0,17598.4,64000.0,0.8476
9663.2,15527.9,10239.2,15992.4,0.8475
851.7,63867.1,960.0,63999.2,0.8474
14433.3,17215.6,15037.9,17600.0,0.8474
1105.8,3774.3,1600.0,4160.0,0.8473
10066.5,43382.4,10552.5,43838.9,0.8472
14081.7,12184.1,14717.8,12480.0,0.8472
15466.8,31362.8,15996.4,31874.0,0.8472
9076.5,35299.8,9599.0,35837.7,0.8472
6486.8,18240.0,7040.0,18765.8,0.8472
15298.2,46224.2,15358.7,46627.4,0.8471
1969.9,41512.3,2557.2,41920.0,0.8470
12174.5,12483.7,12798.9,12833.0,0.8470
6322.7,9749.8,6720.0,10240.0,0.8470
5956.2,39448.3,6399.5,40000.0,0.8469
8072.6,35708.1,8639.9,36160.0,0.8468
6086.5,12674.0,6717.1,13120.0,0.8467
3004.5,6897.8,3518.7,7360.0,0.8466
7776.4,5235.2,8318.0,5756.5,0.8465
14746.5,26560.0,15040.0,27024.5,0.8464
12816.3,41626.3,13439.4,41969.1,0.8464
9524.2,46408.7,9599.4,46856.8,0.8463
10274.2,29043.6,10879.3,29440.0,0.8462
15517.7,43200.6,15996.7,43685.2,0.8462
7443.5,179.7,7997.2,640.0,0.8462
1698.3,62284.9,1817.7,62399.8,0.8462
2990.1,56521.6,3520.0,56955.4,0.8460
2240.0,33953.6,2856.3,34240.0,0.8459
9801.6,15755.6,10238.7,16320.0,0.8459
4910.3,43210.2,5440.0,43650.6,0.8458
5857.3,35094.1,6398.2,35520.0,0.8457
3840.0,57750.1,4434.7,58161.2,0.8457
14325.2,48242.7,14403.1,48640.0,0.8454
7117.9,27681.0,7677.3,28157.0,0.8454
5545.2,38407.7,6080.0,38789.3,0.8453
11606.8,33170.1,12160.0,33600.0,0.8451
14975.6,37461.8,15360.0,37760.0,0.8450
13476.5,17520.1,14076.8,17920.0,0.8450
16284.4,51445.6,16399.8,51839.1,0.8449
14748.7,48546.5,14974.1,48960.0,0.8449
7456.7,63040.0,7680.0,63611.3,0.8449
623.6,21942.8,960.0,22399.6,0.8447
11025.1,40352.0,11518.2,40640.0,0.8446
13026.1,48005.7,13433.6,48427.5,0.8445
5530.3,10298.8,6074.0,10880.0,0.8443
5859.8,9894.3,6397.2,10240.0,0.8443
16054.2,12484.0,16640.0,12787.7,0.8442
9689.8,37592.1,10240.0,38079.5,0.8442
10352.6,37520.0,10877.9,38079.1,0.8442
1994.6,12529.2,2240.0,12800.0,0.8441
10252.1,42244.8,10874.7,42628.2,0.8441
17405.7,52180.4,17918.1,52479.0,0.8440
5981.0,59859.3,6077.2,60159.4,0.8440
8749.5,47042.4,9279.2,47518.4,0.8439
10607.1,12574.9,11197.0,13012.5,0.8438
12022.6,7042.2,12476.2,7539.3,0.8438
13554.7,27840.0,14065.7,28267.3,0.8437
5580.7,29949.9,6080.0,30393.8,0.8436
3253.6,49280.0,3520.0,49899.4,0.8436
12271.3,53310.3,12795.1,53758.5,0.8436
12826.6,20937.5,13434.0,21438.5,0.8436
5755.1,57618.0,5818.6,57918.9,0.8435
13760.0,17558.7,14399.6,17920.0,0.8433
11902.3,13419.3,12477.1,13760.0,0.8433
7467.7,41607.5,7994.7,42130.0,0.8433
10601.9,31206.9,11197.9,31679.9,0.8433
7162.6,31828.6,7680.0,32315.1,0.8431
13146.4,12046.6,13757.8,12480.0,0.8431
2409.0,52381.2,2542.6,52799.1,0.8431
150.1,5942.8,639.9,6387.6,0.8429
7085.1,34726.5,7680.0,35194.7,0.8429
5766.0,5978.3,6395.7,6400.0,0.8428
7784.0,44482.2,8320.0,44918.5,0.8427
11613.1,39111.6,12160.0,39679.2,0.8427
8323.1,48430.0,8478.2,48639.3,0.8427
17490.5,16376.8,17624.2,16634.3,0.8425
10971.3,3015.6,11508.0,3517.3,0.8425
1027.4,21770.3,1591.3,22277.9,0.8424
7594.6,8012.1,8000.0,8620.3,0.8424
10895.9,36069.8,11514.0,36476.2,0.8423
15962.7,40880.4,16319.9,41280.0,0.8423
3643.3,20334.6,4154.5,20799.9,0.8423
12906.2,47120.7,13432.0,47506.3,0.8423
1488.5,48137.7,1600.0,48320.0,0.8423
960.4,49922.7,1597.3,50345.4,0.8422
9810.5,26486.4,10237.3,26876.3,0.8421
11030.2,17610.8,11518.2,18097.0,0.8420
3293.8,21592.1,3839.7,22080.0,0.8420
13151.7,12303.6,13758.1,12798.9,0.8420
9286.9,19795.8,9920.0,20159.1,0.8420
6506.5,65356.8,6720.0,65559.3,0.8418
17061.2,7361.3,17600.0,7557.7,0.8417
14420.6,13135.9,15040.0,13439.7,0.8417
982.5,68160.0,1564.6,68405.7,0.8416
13848.5,31625.9,14399.2,32000.0,0.8416
7431.7,38960.6,7995.2,39360.0,0.8416
2567.1,568.9,3199.6,912.6,0.8414
13982.1,19962.3,14080.0,20156.9,0.8413
8574.9,11851.2,8640.0,12160.0,0.8412
10457.8,33745.0,10880.0,34233.8,0.8411
16977.4,29357.4,17600.0,29760.0,0.8411
16632.8,48303.8,16692.5,48637.7,0.8410
4342.1,30057.8,4798.0,30399.1,0.8410
751.2,44160.0,959.9,44327.9,0.8410
13760.0,32431.1,13893.6,32960.0,0.8408
11970.8,38824.8,12476.1,39040.0,0.8407
2790.6,43211.1,3198.2,43628.3,0.8407
3872.0,30947.3,4478.8,31360.0,0.8407
4813.0,37135.1,5424.1,37440.0,0.8406
8988.1,49280.0,9280.0,49918.9,0.8406
3538.6,874.1,4160.0,1280.0,0.8406
1720.6,44329.3,2235.5,44795.8,0.8405
15113.5,35173.9,15675.9,35520.0,0.8405
9089.1,10446.3,9587.0,10877.1,0.8405
16091.1,5973.9,16631.2,6397.9,0.8405
335.7,30551.1,957.9,31035.2,0.8404
13979.1,53443.6,14080.0,53931.4,0.8404
5919.1,33285.5,6396.8,33786.2,0.8403
15701.5,18755.3,16320.0,19170.5,0.8403
7053.3,28199.0,7677.2,28480.0,0.8402
14026.5,37121.3,14399.7,37585.1,0.8402
9969.8,50881.5,10240.0,51246.4,0.8401
5769.8,40586.3,6394.4,40960.0,0.8401
14099.6,32542.3,14716.4,32960.0,0.8399
16029.6,24533.8,16640.0,24960.0,0.8398
10017.7,27130.8,10559.4,27520.0,0.8398
12273.9,20375.8,12800.0,20800.0,0.8397
17065.9,22915.8,17280.0,23239.0,0.8397
12831.6,20376.4,13440.0,20800.0,0.8396
14172.0,50075.4,14715.4,50558.4,0.8396
4580.7,45129.9,4798.9,45474.7,0.8396
13196.2,27721.4,13759.3,28157.6,0.8396
5197.5,66602.3,5439.5,67197.5,0.8396
14747.0,52554.4,15355.7,52800.0,0.8394
2792.0,21440.0,3199.7,21886.1,0.8393
55.2,5662.7,637.2,6080.0,0.8393
13318.9,35431.1,13760.0,35838.4,0.8392
9602.7,51840.0,10236.7,52363.5,0.8391
15334.9,50043.4,15475.0,50560.0,0.8391
960.6,40322.0,1149.3,40532.2,0.8391
2647.9,5760.0,3198.0,6274.2,0.8390
14618.1,13338.3,15032.9,13760.0,0.8390
912.8,39591.5,1274.2,40000.0,0.8390
5998.2,24640.0,6400.0,25169.2,0.8389
8758.5,17603.2,8960.0,18137.8,0.8388
3369.4,34246.4,3840.0,34743.7,0.8387
13114.3,23607.2,13235.7,23998.7,0.8387
10355.4,20391.1,10876.8,20800.0,0.8386
13850.3,69310.2,14395.7,69757.7,0.8386
14586.1,48640.0,15038.3,49161.3,0.8386
5328.7,9713.5,5760.0,10231.0,0.8386
13898.6,24857.0,14398.1,25280.0,0.8385
7685.7,23482.6,8258.8,23994.2,0.8384
3023.9,13989.4,3520.0,14398.4,0.8384
15374.2,3767.4,15996.7,4160.0,0.8383
3292.1,3939.9,3364.0,4158.9,0.8383
15480.0,44804.1,15997.2,45248.8,0.8382
14272.7,36374.0,14713.7,36800.0,0.8382
10256.9,47611.2,10880.0,47981.2,0.8382
5662.6,42880.0,6080.0,43156.5,0.8382
4621.4,21445.5,5118.2,21959.5,0.8381
3757.6,7686.3,4160.0,8203.9,0.8381
7362.2,17486.2,7781.5,17920.0,0.8379
4999.0,650.2,5438.4,1036.5,0.8379
4891.0,5761.3,5118.4,6111.8,0.8378
975.7,44480.0,1600.0,44921.4,0.8378
11.5,64672.1,640.0,64960.0,0.8377
9374.4,47091.1,9598.0,47360.0,0.8376
16364.7,15927.4,16958.5,16319.7,0.8376
3270.9,57603.3,3838.3,57879.4,0.8376
14801.4,32800.7,15355.9,33277.6,0.8374
16255.0,46937.1,16427.1,47039.7,0.8373
13760.6,42150.9,13975.9,42239.9,0.8372
8361.6,42406.5,8959.0,42876.4,0.8371
13121.9,48489.4,13358.4,48960.0,0.8371
4303.9,13534.7,4800.0,14079.6,0.8370
15365.7,45120.0,15997.9,45501.8,0.8368
11934.2,13793.9,12159.4,14119.2,0.8368
16330.1,29652.7,16960.0,30080.0,0.8368
2274.7,50015.2,2350.0,50403.1,0.8364
10831.7,49281.3,11200.0,49788.1,0.8363
3962.3,21122.2,4475.6,21613.8,0.8362
6862.7,12622.7,7341.9,13112.2,0.8362
10383.8,25284.6,10880.0,25739.3,0.8360
15537.8,49810.1,15629.9,50240.0,0.8360
1287.3,35773.3,1914.5,36160.0,0.8359
2928.4,10343.9,3508.1,10785.4,0.8358
10638.1,19083.2,11198.0,19518.1,0.8357
13473.1,44703.8,13760.0,45120.0,0.8356
14391.0,42560.7,14653.3,42710.5,0.8356
9325.6,36806.7,9920.0,37089.8,0.8356
15747.1,30045.1,16320.0,30400.0,0.8355
11193.5,20481.2,11519.6,20572.4,0.8355
14761.1,15210.6,15350.0,15680.0,0.8355
4528.4,10779.3,5115.3,11200.0,0.8354
15362.1,10240.0,15972.4,10404.9,0.8354
6759.1,18432.2,7360.0,18863.7,0.8354
3113.2,48024.0,3200.0,48603.3,0.8353
16166.2,35366.3,16640.0,35837.4,0.8353
16835.0,41608.9,16959.7,42149.6,0.8353
3854.0,27385.5,4480.0,27835.2,0.8352
17954.3,43522.6,18175.7,43743.0,0.8350
8322.8,16231.7,8708.9,16640.0,0.8350
7204.5,8001.9,7359.9,8215.7,0.8350
14448.3,37565.6,15039.6,38077.9,0.8350
1656.6,4376.7,2239.1,4800.0,0.8349
3038.6,33932.1,3520.0,34409.8,0.8349
17509.0,24211.0,17920.0,24640.0,0.8349
6552.8,16420.4,7040.0,16960.0,0.8348
6764.8,30732.7,7038.7,31194.7,0.8347
13506.8,23518.8,14075.6,23997.3,0.8347
17741.8,8320.0,18176.0,8833.0,0.8346
17672.7,30305.2,18176.0,30720.0,0.8345
13877.3,21667.5,14397.9,22080.0,0.8345
9925.0,50132.5,10560.0,50558.8,0.8344
6867.5,12484.7,7039.6,12794.5,0.8344
1978.4,41280.8,2240.0,41633.8,0.8344
15398.6,46482.3,15484.2,47040.0,0.8343
16358.3,49920.0,16519.7,50204.3,0.8343
14442.6,33796.7,15040.0,34239.0,0.8342
9927.5,30023.5,10521.8,30400.0,0.8342
8058.4,551.5,8638.6,960.0,0.8342
11945.0,35658.7,12464.2,36153.7,0.8342
667.9,48320.1,1277.5,48741.2,0.8342
4681.6,11318.0,5120.0,11836.8,0.8341
14410.0,27623.2,14720.0,28160.0,0.8341
3230.1,10242.2,3519.7,10513.7,0.8340
14741.1,30687.6,15359.5,31017.1,0.8340
10302.1,54252.0,10874.9,54715.5,0.8340
10610.5,28068.5,11200.0,28480.0,0.8339
3641.3,33926.6,3839.5,34335.1,0.8338
9746.0,38407.7,10237.4,38720.0,0.8337
12832.8,34758.9,13439.5,35197.3,0.8337
3202.3,58720.4,3271.8,59192.2,0.8336
3840.9,15360.5,3977.5,15583.5,0.8336
8961.3,17533.8,9598.4,17920.0,0.8335
3053.0,52164.2,3195.1,52652.1,0.8335
14721.9,4160.0,15356.4,4584.3,0.8332
12567.2,33301.7,13120.0,33683.6,0.8332
6726.0,35722.7,7351.3,36159.5,0.8331
15656.9,51460.3,15798.3,51838.2,0.8331
13810.7,39381.4,14072.3,39677.2,0.8331
1200.4,33764.4,1600.0,34237.6,0.8330
12703.2,40513.8,13116.5,40960.0,0.8329
1216.4,47075.1,1280.0,47360.0,0.8328
10972.2,11843.5,11511.3,12358.5,0.8327
4884.3,45454.8,5120.0,45792.4,0.8326
7393.8,31053.0,7680.0,31461.9,0.8325
2014.0,18812.4,2558.9,19199.6,0.8325
7502.8,9613.5,7994.0,10005.0,0.8323
1037.9,42241.3,1277.6,42556.5,0.8323
3.1,51302.8,110.0,51833.0,0.8323
14146.8,69665.6,14399.7,69887.6,0.8323
8409.1,537.8,8956.9,960.0,0.8322
14082.5,42460.7,14679.8,42880.0,0.8322
14400.0,46667.5,14520.7,47038.9,0.8318
17232.4,43103.4,17342.5,43358.1,0.8317
4926.7,24000.0,5119.7,24442.7,0.8317
2330.5,45760.6,2560.0,45964.1,0.8316
16001.3,49073.5,16087.6,49122.6,0.8315
7446.1,6093.2,7997.2,6553.2,0.8315
3288.5,35300.6,3840.0,35837.2,0.8314
3271.7,25601.6,3836.2,26099.8,0.8314
10286.5,43114.6,10879.3,43515.1,0.8314
16650.0,34281.2,17278.4,34560.0,0.8312
11520.0,34793.6,11997.5,35199.4,0.8312
3712.1,40979.0,3840.0,41280.0,0.8311
6661.9,34691.8,7040.0,35199.7,0.8310
17281.4,13123.5,17919.3,13489.1,0.8308
11204.6,19536.2,11827.5,20149.1,0.8307
3200.5,21125.6,3404.5,21513.0,0.8304
3354.6,55041.3,3718.0,55117.3,0.8303
13895.4,50480.3,14400.0,50880.0,0.8302
3114.6,44520.0,3520.0,44800.0,0.8302
1356.0,22698.4,1920.0,23040.0,0.8301
7599.2,64643.8,7680.0,64972.0,0.8300
16008.5,68779.9,16640.0,69119.8,0.8300
9090.1,12482.8,9594.1,12756.5,0.8300
14829.2,35996.6,15346.3,36479.9,0.8299
8651.2,18829.8,9280.0,19200.0,0.8298
7386.2,29917.0,7996.1,30399.2,0.8296
11604.5,54753.8,12157.7,55360.0,0.8295
6493.4,41322.5,7037.9,41599.3,0.8295
17431.7,20160.9,17599.4,20305.4,0.8295
13838.6,15257.7,14398.2,15680.0,0.8295
278.4,61320.1,640.0,61756.8,0.8294
8495.2,16769.6,8950.6,17276.9,0.8293
5760.0,57823.7,5879.0,58238.9,0.8293
7145.7,6115.4,7680.0,6400.0,0.8293
385.1,25551.3,960.0,25920.0,0.8293
15224.0,29882.2,15360.0,30389.7,0.8292
12800.0,35840.8,13172.3,36339.9,0.8292
2840.6,23360.0,3198.4,23902.7,0.8292
9311.7,24184.4,9920.0,24638.1,0.8291
748.8,34721.2,1275.6,35198.3,0.8290
10692.3,30083.4,10880.0,30252.4,0.8290
14457.6,69786.5,14714.1,69886.4,0.8290
640.1,61108.5,997.3,61440.0,0.8289
11202.6,36766.9,11824.7,37120.0,0.8289
1729.7,3204.3,1920.0,3404.9,0.8287
7395.2,42005.1,7680.0,42557.4,0.8287
4493.7,31290.7,5118.9,31680.0,0.8287
15725.9,26242.2,16000.0,26544.2,0.8284
1921.5,44072.3,2556.3,44478.5,0.8284
721.3,41927.0,958.2,42294.6,0.8283
13217.5,34721.1,13748.0,35197.5,0.8282
10012.5,36161.2,10239.9,36387.7,0.8282
6461.1,35322.1,7039.9,35840.0,0.8281
6727.0,9609.9,7357.4,10062.5,0.8281
14750.0,44480.0,15039.7,44959.3,0.8280
5357.9,12487.2,5760.0,12937.5,0.8279
17687.9,6720.0,18154.7,7295.5,0.8279
13238.8,35028.4,13756.4,35516.2,0.8279
16663.6,61517.3,16767.6,61759.5,0.8278
1352.5,43063.4,1915.5,43515.0,0.8278
12480.7,27090.0,13120.0,27432.2,0.8277
7804.9,13778.4,7999.5,14337.8,0.8277
16962.8,15082.3,17292.2,15323.1,0.8276
5120.0,35397.4,5245.4,35840.0,0.8276
13455.8,38610.5,14077.3,39040.0,0.8276
11536.3,37121.6,12153.4,37440.0,0.8274
7680.0,35097.8,8317.6,35520.0,0.8274
368.0,32476.2,958.3,32958.6,0.8273
9773.4,24852.6,10234.0,25280.0,0.8272
379.9,63040.0,640.0,63592.1,0.8271
6088.7,49841.6,6717.8,50240.0,0.8270
5120.7,1207.7,5309.1,1279.4,0.8269
9419.3,12003.1,9918.6,12470.2,0.8268
16220.7,46085.7,16319.9,46400.0,0.8268
16110.4,21955.5,16633.5,22397.3,0.8265
5344.7,39680.7,5760.0,40193.9,0.8265
15876.6,49923.5,15963.4,50238.4,0.8264
4236.7,12990.9,4800.0,13440.0,0.8264
2734.5,50881.1,3194.1,51125.6,0.8262
15237.1,48001.1,15360.0,48574.2,0.8259
4023.2,44556.2,4159.6,44800.0,0.8259
12249.9,5786.6,12479.8,6265.9,0.8258
14794.2,19200.3,15357.4,19658.9,0.8258
12522.9,44857.2,13117.8,45268.2,0.8257
0.0,67219.1,636.3,67520.0,0.8256
2062.3,42249.0,2239.3,42632.5,0.8256
3206.9,33165.5,3835.5,33600.0,0.8256
12004.4,44160.0,12480.0,44599.3,0.8256
6457.7,46626.2,7039.4,47040.0,0.8255
6279.2,32644.8,6720.0,33196.5,0.8253
2016.0,43091.1,2560.0,43520.0,0.8253
8722.2,15203.1,8959.6,15670.0,0.8251
13437.1,42166.5,13759.7,42551.5,0.8251
13856.7,43844.2,14395.4,44230.9,0.8250
11205.7,36127.7,11835.9,36480.0,0.8250
14546.6,16098.3,15037.9,16638.3,0.8250
8720.4,38721.2,9280.0,39021.7,0.8249
1617.2,12846.8,2237.3,13371.0,0.8249
15812.6,17288.3,15999.7,17493.4,0.8248
4542.2,22481.6,5103.3,23030.7,0.8248
17747.2,32961.4,18174.8,33376.7,0.8248
17553.6,12426.3,18171.4,12797.6,0.8248
15811.6,40321.2,16320.0,40765.8,0.8248
3374.0,58777.5,3453.5,59198.0,0.8248
8416.9,33689.0,8956.6,34239.5,0.8247
6413.0,26442.1,7040.0,26873.7,0.8246
8553.9,11720.3,8960.0,12157.9,0.8243
363.8,26736.0,958.3,27196.3,0.8243
5367.9,25308.8,5440.0,25599.6,0.8242
12989.1,26431.7,13437.1,26878.4,0.8242
8165.9,7131.3,8639.5,7672.4,0.8242
1634.7,51797.9,2237.3,52160.0,0.8240
12519.7,49766.9,13117.5,50232.7,0.8240
16971.0,960.0,17277.3,1593.0,0.8239
14623.5,38574.7,14720.0,39035.6,0.8238
421.0,28294.4,957.6,28796.3,0.8238
10562.8,36680.7,11199.1,37106.2,0.8236
13486.5,42085.4,14076.1,42558.4,0.8235
10224.2,17600.4,10558.6,18117.9,0.8235
9494.3,16481.2,9920.0,16957.5,0.8234
3955.9,15590.8,4475.4,16000.0,0.8234
16377.0,48642.6,16712.8,48757.5,0.8234
10480.1,30282.2,10626.5,30400.0,0.8234
14410.7,43040.4,15040.0,43517.8,0.8234
15120.6,16470.6,15677.7,16955.8,0.8232
16320.0,48182.5,16400.7,48318.6,0.8232
7502.1,34593.4,7680.0,34880.0,0.8232
10560.0,13099.7,11198.7,13440.0,0.8231
3209.7,39040.0,3835.5,39437.8,0.8230
1347.6,39360.0,1600.0,39792.4,0.8230
12997.1,47390.6,13439.1,47812.8,0.8229
12696.9,15313.3,12800.0,15360.0,0.8228
12409.3,42243.7,12798.4,42531.8,0.8227
11539.9,3110.7,12157.6,3520.0,0.8227
4630.6,24567.8,4800.0,24960.0,0.8227
2648.7,3845.9,3190.0,4310.3,0.8226
10651.7,34362.6,11197.8,34880.0,0.8226
407.8,58476.1,534.6,58560.0,0.8226
4204.3,18800.4,4797.9,19200.0,0.8225
9865.6,49405.8,10239.3,49599.3,0.8225
9364.0,28638.2,9920.0,29117.2,0.8224
11257.7,20596.9,11840.0,21015.0,0.8224
12762.4,53440.0,13119.0,53939.0,0.8224
3314.9,17922.9,3838.2,18314.7,0.8223
7470.0,24851.0,7997.1,25280.0,0.8223
6129.8,39040.0,6715.9,39532.7,0.8222
9678.0,35842.7,9918.0,36172.9,0.8222
1967.5,10875.7,2559.1,11200.0,0.8221
15047.0,38723.5,15467.6,39040.0,0.8220
14454.1,35767.2,15037.2,36160.0,0.8219
13548.7,13951.2,14072.3,14400.0,0.8219
4870.0,5476.4,5431.8,5972.6,0.8218
12227.1,6080.9,12795.9,6386.1,0.8217
10927.8,23223.7,11517.7,23679.8,0.8217
16079.0,12832.7,16635.0,13120.0,0.8216
10880.0,13763.7,11507.3,14192.2,0.8216
9152.7,14203.3,9600.0,14720.0,0.8215
12685.2,38723.6,13120.0,39199.2,0.8215
17536.0,17920.8,18173.7,18206.9,0.8214
3944.9,16404.0,4473.2,16960.0,0.8213
12482.5,37679.4,13117.1,38080.0,0.8213
2027.8,19067.2,2558.1,19520.0,0.8212
17130.8,49462.0,17263.6,49584.9,0.8211
2666.1,29545.6,3200.0,30030.2,0.8210
4319.1,6085.1,4800.0,6547.8,0.8210
331.1,40940.0,958.4,41280.0,0.8209
2701.7,18980.5,3191.2,19520.0,0.8209
4246.7,67414.2,4794.7,67840.0,0.8209
12264.3,34190.2,12797.5,34560.0,0.8208
3971.0,2065.4,4477.0,2558.6,0.8208
11863.8,33280.0,12478.3,33520.6,0.8207
16639.7,17116.1,16916.3,17156.5,0.8207
12485.4,31684.1,13118.8,32072.3,0.8205
1168.8,7680.0,1599.8,8166.5,0.8205
960.0,39571.6,1598.0,40000.0,0.8205
3611.3,24000.0,3839.6,24142.8,0.8205
11522.6,26424.5,11666.8,26879.2,0.8204
15778.4,21260.5,16319.5,21759.9,0.8204
17610.2,21458.7,18173.2,21886.5,0.8204
462.9,640.4,640.0,1079.3,0.8203
16213.7,24641.5,16639.9,25038.2,0.8203
2244.3,57368.8,2373.2,57920.0,0.8203
2801.6,58762.5,2879.0,59192.9,0.8202
7266.8,62098.1,7359.5,62556.5,0.8202
13803.6,49920.0,14080.0,50538.9,0.8201
10577.3,16224.7,11195.4,16640.0,0.8201
10191.3,36166.3,10560.0,36612.5,0.8200
7534.2,63360.0,7679.2,63577.0,0.8198
15726.7,51221.2,16000.0,51348.2,0.8197
13954.4,23360.0,14391.2,23590.4,0.8197
12843.7,34463.5,13435.9,34880.0,0.8197
8877.0,45578.2,9279.0,45759.6,0.8196
8326.6,245.9,8956.2,640.0,0.8195
12212.7,20826.3,12794.0,21118.7,0.8194
2244.1,23901.7,2880.0,24320.0,0.8194
7197.0,22954.8,7359.6,23360.0,0.8194
16960.0,36941.5,17402.3,37435.4,0.8193
1931.6,32549.9,2559.8,32958.7,0.8193
961.9,56307.2,1063.2,56638.2,0.8193
8960.0,29765.5,9590.5,30080.0,0.8190
7541.7,11920.9,8000.0,12480.0,0.8188
3261.2,25922.7,3833.8,26409.8,0.8188
13465.5,45813.7,14077.2,46197.4,0.8188
14333.6,20800.0,14720.0,21060.3,0.8187
15751.8,33482.0,16317.0,33917.4,0.8187
2025.4,12060.6,2538.8,12477.1,0.8187
8218.8,5021.1,8320.0,5440.0,0.8187
9338.6,48320.9,9906.5,48794.0,0.8185
15203.2,47505.4,15375.2,47680.0,0.8184
5635.5,42668.5,6080.0,43191.0,0.8183
15373.1,37987.6,15997.9,38400.0,0.8183
13467.7,52249.1,13584.8,52478.9,0.8183
7254.1,16163.4,7359.1,16403.2,0.8183
15054.0,16353.6,15676.5,16640.0,0.8183
1010.0,6081.3,1279.6,6411.1,0.8182
9309.9,14405.9,9918.5,14918.3,0.8182
13198.3,38315.7,13757.6,38718.8,0.8181
12482.3,48150.4,13039.1,48544.7,0.8181
8518.0,7360.1,8640.0,7456.8,0.8181
13760.0,25371.4,13884.9,25920.0,0.8180
14433.9,40421.6,14718.5,40639.3,0.8180
1655.5,9920.0,1920.0,10402.4,0.8180
3861.8,51840.0,4475.7,52255.4,0.8179
2893.3,33283.8,3517.1,33600.0,0.8179
9.4,13639.9,637.5,14078.9,0.8178
13486.4,47041.2,14077.7,47513.1,0.8177
6790.8,37033.3,7360.0,37440.0,0.8176
9926.1,52301.8,10554.0,52798.6,0.8175
622.5,12024.3,960.0,12477.3,0.8174
4424.8,32960.0,4800.0,33458.2,0.8174
4885.0,44640.2,5430.5,45120.0,0.8174
44.9,7065.3,636.3,7459.5,0.8174
15372.3,11260.7,15996.9,11520.0,0.8174
2250.3,25882.6,2877.3,26240.0,0.8172
406.3,7691.2,960.0,7999.9,0.8171
12930.8,32964.8,13440.0,33419.4,0.8171
4174.3,8553.7,4796.1,8960.0,0.8170
3652.3,6152.8,3840.0,6397.6,0.8170
12835.2,54080.0,13120.0,54523.7,0.8168
4544.3,52480.0,4799.9,53019.9,0.8168
11916.8,19845.2,12159.1,20091.0,0.8167
2981.1,17191.6,3513.2,17600.0,0.8167
5591.8,7917.9,5759.1,8296.7,0.8166
13511.6,34671.8,14075.5,35197.7,0.8166
8002.4,22951.9,8636.2,23360.0,0.8165
8801.4,39915.4,9259.9,40320.0,0.8164
15846.1,48246.6,15936.9,48640.0,0.8162
16941.8,64321.9,17279.9,64727.4,0.8162
11432.5,14743.8,11840.0,15181.8,0.8161
17278.4,36480.0,17600.0,36912.0,0.8161
9281.0,42478.9,9919.2,42880.0,0.8160
15414.9,45230.2,15680.0,45648.4,0.8160
2463.8,18880.0,2560.0,18977.4,0.8158
10345.8,19762.3,10877.7,20160.0,0.8156
10674.1,12001.9,11200.0,12477.3,0.8156
16643.9,41806.1,17274.5,42240.0,0.8155
10582.3,7365.0,11196.4,7654.8,0.8155
10563.7,31581.8,11196.8,32000.0,0.8154
8321.5,22400.4,8706.8,22856.6,0.8154
14607.5,14858.9,15038.6,15355.2,0.8154
12061.6,44584.5,12159.7,44799.1,0.8154
9340.9,35520.0,9600.0,35898.3,0.8154
12177.7,31516.2,12799.1,31993.1,0.8153
2147.3,28371.4,2560.0,28799.5,0.8152
642.1,19538.2,1088.9,19840.0,0.8152
15285.1,39401.7,15678.0,39680.0,0.8152
8227.4,45337.4,8640.0,45759.6,0.8152
12412.2,47589.7,12480.0,48000.0,0.8151
2293.9,33127.0,2878.9,33597.6,0.8151
8411.9,13567.4,8958.5,14073.2,0.8151
9355.1,50186.5,9913.0,50560.0,0.8150
1316.6,14928.3,1917.4,15360.0,0.8149
7366.2,37440.0,7998.5,37829.3,0.8149
16648.1,14699.9,17280.0,15040.0,0.8148
13627.1,50566.4,13760.0,51044.4,0.8147
14250.1,50975.2,14399.6,51520.0,0.8146
6499.8,25789.7,7022.2,26240.0,0.8145
8284.7,48126.7,8554.4,48320.0,0.8145
7463.6,45764.8,7995.1,46227.1,0.8145
13530.2,48000.0,14080.0,48329.5,0.8144
3235.2,3270.2,3297.1,3440.7,0.8143
4823.6,33190.2,5438.0,33600.0,0.8143
15757.3,5573.1,16316.5,6079.5,0.8142
11896.1,11844.9,12473.8,12331.0,0.8141
7681.7,18850.5,8317.4,19197.9,0.8141
10241.5,52800.0,10875.4,53275.6,0.8141
640.0,63055.5,775.5,63457.2,0.8140
1863.5,3367.3,2239.6,3838.5,0.8140
3264.8,8005.4,3520.0,8347.5,0.8140
2685.7,38409.9,3193.7,39020.5,0.8139
8966.9,53668.5,9599.4,54080.0,0.8138
6412.5,45128.2,7036.4,45430.4,0.8137
16022.1,34202.8,16640.0,34550.9,0.8137
12567.5,24646.9,13118.5,25171.6,0.8135
960.0,42954.0,1087.7,43520.0,0.8134
892.3,656.0,1280.0,1029.5,0.8134
1007.5,64640.0,1166.8,64775.6,0.8133
4533.7,20977.5,5118.9,21374.1,0.8133
6720.0,61341.4,6860.5,61759.6,0.8132
7156.9,39371.9,7359.6,39765.9,0.8130
3404.1,64642.2,3519.3,64824.2,0.8129
6301.0,60385.4,6400.0,60800.0,0.8127
14243.8,51200.3,14718.9,51476.1,0.8127
16004.8,15369.5,16495.2,15804.5,0.8127
15360.0,49281.8,15487.4,49681.1,0.8126
1962.9,6971.8,2554.2,7360.0,0.8124
15364.4,45838.3,15509.2,46400.0,0.8124
9372.0,47050.0,9600.0,47586.0,0.8120
11868.9,43101.8,12478.0,43520.0,0.8120
336.8,67038.7,957.5,67519.0,0.8119
10880.0,26142.7,11516.3,26553.0,0.8118
10560.0,37442.4,10973.9,37968.2,0.8118
15360.0,30122.2,15997.3,30400.0,0.8117
10244.8,45440.0,10423.1,45847.8,0.8116
5478.6,14222.6,6077.3,14713.6,0.8116
3878.8,54792.1,4160.0,55070.7,0.8116
13603.6,40023.4,14068.9,40320.0,0.8116
12894.1,47089.9,13120.0,47542.1,0.8115
11599.4,42623.6,12145.9,43198.0,0.8114
6668.2,9601.9,7039.8,10074.9,0.8114
12671.9,37154.9,13120.0,37684.4,0.8114
3200.0,59917.0,3412.4,60477.7,0.8112
6693.5,22725.3,7040.0,23143.9,0.8111
14459.6,52553.9,15037.9,52800.0,0.8111
3604.9,61124.9,3789.6,61435.0,0.8110
1799.7,53367.2,2228.7,53760.0,0.8108
13453.5,1529.1,14077.9,1920.0,0.8108
2610.5,31361.3,2880.0,31539.0,0.8108
2690.8,50438.5,2876.5,50880.0,0.8107
7026.9,41600.0,7360.0,41883.6,0.8107
12403.1,49613.8,12479.7,49920.0,0.8106
6608.3,41611.6,7040.0,42232.0,0.8106
10679.9,12800.7,11198.5,13012.9,0.8103
9325.5,38077.1,9919.0,38400.0,0.8103
16142.8,21015.0,16638.0,21440.0,0.8103
2597.9,38081.1,3196.6,38504.1,0.8101
3258.3,16003.4,3840.0,16450.0,0.8100
16335.4,68529.0,16960.0,68800.0,0.8100
10248.0,15608.7,10877.7,16000.0,0.8096
3910.6,11525.0,4479.2,11964.0,0.8096
16355.9,16320.0,16439.4,16651.5,0.8094
6087.5,24004.8,6720.0,24320.0,0.8093
17293.5,39362.0,17916.4,39709.5,0.8092
10648.0,40640.5,10879.1,40839.9,0.8092
7890.6,9602.7,8318.0,10157.8,0.8092
11526.4,20611.5,12158.8,21102.2,0.8091
4557.0,41921.8,4800.0,42277.9,0.8091
13160.3,53268.0,13756.2,53751.2,0.8091
3478.6,45120.0,3840.0,45542.8,0.8091
4188.0,20946.1,4798.4,21434.1,0.8090
8692.5,14281.2,9273.5,14708.5,0.8089
11026.1,35203.4,11518.4,35695.1,0.8089
6098.9,26414.0,6719.5,26876.9,0.8089
6108.5,15150.6,6715.6,15680.0,0.8089
1145.4,18619.4,1594.5,18879.7,0.8088
13884.5,38722.2,14079.1,38913.6,0.8087
12480.0,50185.0,12992.5,50560.0,0.8084
11260.9,8332.5,11829.8,8610.1,0.8083
640.0,46089.0,776.7,46708.8,0.8083
9354.5,11037.2,9912.8,11516.6,0.8081
4527.1,25770.5,5119.4,26238.0,0.8081
11693.9,19207.1,12156.1,19619.1,0.8081
6447.5,36110.4,7033.4,36480.0,0.8080
17050.0,3437.1,17600.0,3840.0,0.8078
794.0,35842.5,1280.0,36311.4,0.8078
15068.1,26254.4,15680.0,26559.6,0.8078
9640.7,19203.3,9920.0,19700.2,0.8076
2886.4,37654.2,3519.2,38080.0,0.8076
384.5,42480.7,955.8,42880.0,0.8076
7059.1,25190.0,7675.3,25591.2,0.8076
5121.8,64792.4,5211.1,65264.5,0.8075
17312.0,49510.5,17600.0,49598.2,0.8073
14479.6,23690.3,15040.0,23999.7,0.8073
0.0,50099.2,121.8,50328.9,0.8070
4827.1,41535.5,5440.0,41920.0,0.8070
8724.4,36107.1,9276.6,36477.0,0.8069
15040.0,41421.3,15550.9,41920.0,0.8068
11200.0,13635.8,11826.5,14079.5,0.8068
3551.7,47042.5,4154.5,47325.6,0.8068
5492.7,27520.2,5759.5,27869.5,0.8065
3237.4,43843.2,3840.0,44160.0,0.8064
8243.5,40042.6,8640.0,40320.0,0.8064
7260.8,8330.1,7678.4,8775.2,0.8063
15401.1,15515.9,15991.6,15997.7,0.8062
17280.0,44486.9,17713.1,44827.3,0.8062
4160.0,1556.5,4798.2,1920.0,0.8061
3531.8,35843.0,4160.0,36158.5,0.8061
14591.5,24967.7,15040.0,25432.4,0.8059
1376.3,34387.3,1919.8,34878.7,0.8059
16515.4,25863.6,16640.0,26240.0,0.8059
3235.8,28874.3,3520.0,29119.2,0.8058
7744.3,36353.2,8316.9,36799.3,0.8058
8374.9,40047.2,8957.0,40520.7,0.8056
7835.4,17617.5,8312.1,18011.2,0.8056
2174.7,35200.0,2560.0,35613.0,0.8055
5791.7,26126.5,6392.0,26560.0,0.8055
3888.6,42752.1,4474.0,43197.3,0.8055
4870.9,36480.0,5437.9,36846.9,0.8055
1381.0,23890.6,1599.2,24219.9,0.8054
3987.6,27258.5,4159.0,27657.3,0.8052
11848.8,862.4,12477.1,1280.0,0.8051
5855.3,18565.3,6399.9,19055.0,0.8051
11680.2,25834.2,12160.0,26240.0,0.8051
8966.2,17252.0,9600.0,17587.8,0.8049
2240.0,7682.2,2877.7,8120.6,0.8049
4432.1,38080.8,4800.0,38571.3,0.8049
5440.0,26229.2,6078.9,26560.0,0.8049
15150.3,18560.0,15652.6,18646.2,0.8049
11275.8,50566.0,11833.6,51068.5,0.8048
16000.1,21667.4,16640.0,22080.0,0.8048
5573.1,5013.1,5760.0,5440.0,0.8048
321.5,38272.8,536.5,38399.8,0.8047
4800.8,28488.4,5440.0,28824.3,0.8046
4858.4,35203.8,5120.0,35399.8,0.8044
9383.5,19994.9,9920.0,20475.1,0.8043
16000.0,38602.4,16638.4,39039.0,0.8041
13460.6,31882.1,14076.3,32319.1,0.8040
7244.2,12160.1,7360.0,12241.4,0.8039
8231.3,49926.0,8640.0,50163.0,0.8038
5187.1,3840.0,5755.5,4280.8,0.8038
11537.5,41170.3,12156.5,41600.0,0.8038
12598.3,25444.9,13114.5,25920.0,0.8037
17808.2,44504.9,17919.6,44682.9,0.8036
10476.8,9655.4,10880.0,10240.0,0.8036
16400.8,48115.4,16634.2,48233.6,0.8036
17752.7,49601.8,18062.4,49738.1,0.8035
6740.9,42747.6,7360.0,43198.1,0.8035
4945.9,34716.9,5437.7,35196.3,0.8035
9754.5,32808.0,10239.1,33280.0,0.8034
2254.1,68203.2,2879.8,68480.0,0.8034
10638.0,14080.0,11199.4,14310.2,0.8032
1936.0,37677.2,2558.9,38080.0,0.8031
15040.0,50283.2,15334.0,50877.3,0.8030
10309.5,46403.2,10417.4,46712.8,0.8030
17283.1,47685.9,17920.0,47989.1,0.8029
13444.0,33792.6,14073.8,34239.7,0.8029
14646.9,31579.9,14720.0,32000.0,0.8028
3214.2,53901.1,3308.5,54233.1,0.8028
4491.5,2246.4,5119.1,2558.6,0.8026
13812.5,14720.0,14080.0,14916.8,0.8025
10627.3,46642.0,11194.1,47039.8,0.8024
17280.0,9600.0,17822.8,10232.3,0.8022
2341.7,62720.2,2536.8,62933.5,0.8020
1624.0,1224.4,2240.0,1600.0,0.8019
7780.6,1234.7,8315.3,1600.0,0.8017
3681.5,63360.0,4158.1,63773.6,0.8016
14725.9,33214.1,15360.0,33600.0,0.8015
7874.4,33589.2,8000.0,33920.0,0.8014
10914.4,25220.8,11516.4,25595.3,0.8013
3005.4,25282.0,3199.7,25485.8,0.8013
10240.0,34560.5,10714.5,34762.6,0.8013
9683.4,26727.3,10238.1,27197.5,0.8013
14959.1,29311.2,15040.0,29756.7,0.8012
1493.5,26560.0,1906.1,27056.1,0.8011
12723.3,25663.8,13120.0,26240.0,0.8011
6157.4,29233.7,6719.1,29755.5,0.8009
2880.5,12823.1,3238.4,13116.0,0.8008
1002.2,21760.3,1279.4,22077.1,0.8008
15533.4,14080.0,15940.4,14417.2,0.8007
15375.5,22400.6,16000.0,22859.1,0.8007
17280.0,46528.1,17656.4,46695.8,0.8005
15691.0,45459.7,15998.7,45758.9,0.8005
1420.2,44160.0,1912.6,44658.6,0.8005
4204.1,25925.2,4480.0,26338.4,0.8003
2240.0,10197.7,2361.0,10240.0,0.8003
17112.4,25772.8,17598.8,26220.1,0.8002
2994.1,24845.4,3520.0,25280.0,0.8002
14862.4,18877.0,15039.9,19192.0,0.8000
3923.3,41607.2,4160.0,41942.6,0.8000
13446.8,43200.4,14078.6,43628.1,0.7999
2011.1,24001.2,2240.0,24290.7,0.7997
17540.4,29038.8,18173.1,29440.0,0.7996
14725.6,34096.7,15357.5,34559.8,0.7996
9665.2,47773.2,10236.2,48318.0,0.7996
11289.8,53536.2,11837.5,54078.4,0.7996
3343.1,15266.7,3838.7,15680.0,0.7994
12354.0,15318.9,12800.0,15679.7,0.7993
3059.1,51694.2,3200.0,51838.8,0.7992
3208.3,33672.3,3839.0,33917.9,0.7989
15275.8,37947.0,15360.0,38397.2,0.7989
11461.7,44736.6,11839.5,45119.7,0.7985
2621.0,10861.3,3197.3,11200.0,0.7985
9967.2,38707.1,10555.6,39039.7,0.7984
15361.3,41437.2,15541.6,41919.4,0.7983
13773.2,36160.0,14400.0,36540.2,0.7983
15244.5,23332.5,15358.6,23674.3,0.7981
13206.4,55151.2,13755.8,55680.0,0.7981
716.8,43993.9,959.3,44333.7,0.7980
14128.5,19419.4,14719.0,19840.0,0.7979
11869.9,2244.9,12474.1,2560.0,0.7976
14244.1,51393.5,14720.0,51725.8,0.7975
5463.8,24960.0,6079.0,25424.8,0.7975
4493.5,3082.9,5117.0,3520.0,0.7975
13572.9,44205.8,14080.0,44800.0,0.7974
10015.8,33283.4,10557.2,33730.3,0.7974
6838.8,4801.4,6909.6,5112.7,0.7972
16082.5,63140.9,16634.2,63680.0,0.7970
16323.1,60697.0,16464.0,60957.9,0.7970
3842.2,52135.8,3989.3,52480.0,0.7969
15360.0,41446.2,15496.5,41599.0,0.7969
2702.1,20801.4,2879.8,20941.9,0.7966
2240.0,58578.0,2330.9,58880.0,0.7966
5822.8,7253.6,6397.3,7680.0,0.7966
9161.4,8875.9,9278.3,9273.0,0.7965
16733.9,45680.7,16788.4,46045.8,0.7965
16627.9,46685.7,16747.7,46906.3,0.7964
10714.4,38118.4,10880.0,38608.1,0.7963
14091.1,41332.9,14416.2,41509.1,0.7960
5334.2,25111.8,5758.8,25590.6,0.7960
3522.2,25923.2,3891.8,26407.8,0.7958
14133.4,29966.1,14717.8,30400.0,0.7958
13298.0,25154.0,13760.0,25600.0,0.7958
2257.3,18136.5,2877.4,18558.8,0.7957
6857.7,27219.6,7354.5,27557.7,0.7957
4838.6,21749.9,5438.3,22079.5,0.7955
1517.7,33281.9,1920.0,33720.1,0.7955
13548.1,24640.0,14080.0,24891.3,0.7954
5230.4,32321.5,5439.0,32495.3,0.7953
7116.2,1665.0,7668.1,2098.0,0.7952
16320.0,25280.0,16554.3,25480.4,0.7952
6486.4,31833.9,7031.7,32315.5,0.7951
6721.5,24194.4,7358.0,24636.9,0.7951
11675.8,24645.9,12160.0,25089.9,0.7950
14623.2,42603.3,14720.0,42880.0,0.7948
16828.8,13155.8,16959.7,13668.6,0.7948
17102.1,9349.3,17600.0,9920.0,0.7948
17371.8,49242.2,17600.0,49280.0,0.7948
7505.6,8002.3,7994.2,8318.0,0.7946
12572.3,14237.0,13120.0,14716.7,0.7946
9623.8,41601.4,10236.9,41882.0,0.7945
6952.1,4484.9,7040.0,4898.1,0.7944
14080.0,17599.3,14702.2,17916.1,0.7944
6462.0,1930.8,7036.3,2329.8,0.7944
5122.4,40213.4,5326.6,40318.6,0.7944
1921.2,39360.6,2037.4,39535.9,0.7940
8400.3,7362.7,8953.8,7847.6,0.7940
9619.3,27724.5,10240.0,28156.4,0.7940
17289.5,17957.5,17915.9,18232.3,0.7939
3859.5,30081.1,4160.0,30206.7,0.7939
1002.2,47258.9,1598.9,47680.0,0.7937
10293.9,10887.7,10873.4,11260.1,0.7935
16008.3,31361.2,16640.0,31776.1,0.7934
11547.8,21125.7,12155.5,21581.1,0.7933
8721.3,26560.4,9276.2,26797.9,0.7932
248.5,38974.5,640.0,39360.0,0.7932
9447.8,3571.3,9919.9,4160.0,0.7931
11900.0,39405.6,12476.8,39889.9,0.7931
1763.6,50880.9,2178.4,51039.7,0.7930
16344.2,32006.8,16958.9,32466.9,0.7930
723.6,32521.6,1273.5,32960.0,0.7928
17070.9,51206.8,17279.3,51695.8,0.7928
5818.0,9516.2,6397.6,9920.0,0.7927
14311.1,46079.0,14717.8,46400.0,0.7927
2949.5,43752.8,3517.7,44156.1,0.7926
17602.1,30003.0,18175.1,30400.0,0.7925
16000.0,36487.7,16474.6,36790.8,0.7925
11216.3,31523.5,11837.7,31998.6,0.7924
3841.3,30720.1,4262.5,30930.7,0.7924
11335.5,21767.0,11519.9,22181.5,0.7924
17289.1,23043.8,17886.1,23505.6,0.7923
5207.7,5880.0,5747.1,6400.0,0.7922
2494.6,50737.5,2559.5,50927.3,0.7921
10617.8,32853.1,11196.2,33264.4,0.7920
11165.0,50730.5,11517.2,51200.0,0.7920
14728.3,29440.0,15355.3,29940.3,0.7920
16370.2,53615.0,16955.1,54078.3,0.7920
13772.1,11769.6,14397.4,12158.7,0.7918
10082.4,46722.2,10238.9,47028.4,0.7917
15694.4,14720.0,16317.9,15193.2,0.7917
16979.2,47339.7,17228.0,47378.8,0.7915
8897.1,45120.0,9280.0,45547.9,0.7915
5480.0,21133.0,6078.2,21585.8,0.7915
15420.7,68480.0,15997.8,68928.6,0.7914
9489.4,39491.5,9920.0,39993.5,0.7913
14808.6,28408.0,15360.0,28793.5,0.7913
6754.0,19840.0,7357.8,20305.6,0.7911
9685.5,31882.9,10233.3,32319.8,0.7908
2138.3,67520.7,2377.4,67659.2,0.7907
9287.0,10147.4,9916.8,10560.0,0.7906
3879.3,20163.6,4160.0,20561.1,0.7905
4352.5,51146.2,4795.0,51520.0,0.7905
2344.5,34824.0,2878.1,35197.9,0.7904
11430.6,21446.8,11840.0,21880.1,0.7903
15475.9,44647.5,15680.0,45116.1,0.7903
17566.9,65817.6,18172.9,66240.0,0.7901
3039.5,14080.0,3140.4,14507.6,0.7900
5144.4,55230.7,5243.1,55478.5,0.7899
10612.2,45991.0,10689.5,46398.5,0.7899
4166.1,35748.8,4795.0,36160.0,0.7899
12928.7,41924.5,13436.9,42543.2,0.7898
3522.1,4006.1,3649.3,4183.9,0.7897
17636.0,32640.0,18170.2,33078.4,0.7896
10724.2,21760.0,10880.0,22253.6,0.7895
10241.9,39947.2,10880.0,40320.0,0.7895
8841.4,32185.4,9272.8,32638.4,0.7895
2753.9,68044.4,3197.7,68412.9,0.7894
2240.0,62291.5,2355.7,62399.9,0.7894
0.9,6080.0,190.6,6280.2,0.7893
4591.3,9515.5,5116.2,9920.0,0.7893
5855.8,14424.7,6399.7,14977.8,0.7893
3422.1,60161.9,3520.0,60463.2,0.7892
11622.1,27443.6,12158.8,27832.8,0.7891
3542.9,44161.1,3790.5,44270.8,0.7891
3404.2,42807.8,3520.0,43200.0,0.7891
8078.8,34269.0,8320.0,34682.9,0.7890
1601.3,40002.1,1719.7,40169.0,0.7889
11225.8,52806.7,11840.0,53120.0,0.7889
3229.8,57850.9,3835.0,58231.6,0.7888
12807.6,5123.8,13435.3,5451.4,0.7888
13796.0,5647.9,14397.1,6079.8,0.7887
2956.3,17753.8,3515.0,18237.4,0.7887
17738.4,44257.0,17909.6,44440.2,0.7886
3975.4,22572.7,4159.1,22974.3,0.7885
8979.8,37445.9,9596.7,37819.1,0.7885
9959.4,16517.1,10559.6,16932.5,0.7885
3840.0,3853.7,3955.6,4237.5,0.7885
13137.9,53761.8,13758.6,54107.1,0.7884
17537.4,18818.6,17989.1,19199.2,0.7883
11171.3,21135.9,11519.4,21586.5,0.7883
12013.2,42584.5,12480.0,43010.6,0.7883
2880.1,30258.2,3511.2,30720.0,0.7882
5882.0,12819.4,6080.0,13338.7,0.7880
15455.7,45685.9,15515.0,46080.0,0.7879
16659.5,20912.6,17279.2,21417.7,0.7879
16344.6,6343.6,16957.0,6718.9,0.7878
13452.6,32858.7,14077.6,33280.0,0.7878
16321.9,7261.0,16412.6,7579.8,0.7877
8464.7,18435.0,8954.8,18777.5,0.7877
8781.3,29760.0,9276.9,30230.8,0.7876
16737.9,11204.0,17277.3,11693.1,0.7874
12570.5,12973.0,13119.0,13436.4,0.7873
10600.1,27388.1,11197.2,27840.0,0.7873
13765.3,25600.0,13914.3,26071.0,0.7872
641.5,66681.1,1075.4,66880.0,0.7871
370.3,10560.0,946.3,10778.8,0.7871
13440.0,16234.0,13544.2,16582.8,0.7870
8318.9,36160.0,8638.7,36706.5,0.7870
7555.5,39360.0,7997.8,39823.3,0.7869
12925.2,45001.8,13438.3,45440.0,0.7867
3109.0,7048.0,3520.0,7479.8,0.7867
4204.3,33280.2,4480.0,33536.9,0.7867
4184.7,34194.8,4798.0,34560.0,0.7867
2232.6,1190.5,2557.0,1600.0,0.7866
10885.4,2152.4,11519.9,2560.0,0.7865
7131.3,30936.4,7680.0,31360.0,0.7864
3224.8,6720.8,3520.0,7014.7,0.7864
2757.9,48619.4,2936.8,48955.3,0.7864
2801.9,24961.8,3200.0,25411.8,0.7864
9962.7,50246.7,10558.1,50735.8,0.7863
7795.1,48652.9,8318.2,48960.0,0.7862
11993.3,47685.7,12474.2,48200.2,0.7862
16843.7,46004.6,16959.7,46079.6,0.7861
14804.1,28918.7,15358.9,29440.0,0.7861
6340.1,31655.7,6720.0,32000.0,0.7861
8410.0,39685.6,8953.5,40231.2,0.7861
6477.8,36328.4,7038.4,36799.9,0.7860
10049.7,35958.8,10557.2,36476.4,0.7860
17564.0,64834.5,18174.0,65280.0,0.7860
3199.6,25280.0,3518.5,25763.2,0.7860
16551.1,47293.3,16638.0,47672.0,0.7860
6401.2,24669.0,7037.4,25077.0,0.7858
9920.6,45966.2,10161.2,46080.0,0.7858
6736.6,1920.0,7357.4,2264.2,0.7858
5342.7,6135.4,5439.6,6449.8,0.7858
8641.6,15681.5,8892.9,15782.4,0.7857
7746.6,10567.0,8317.9,10880.0,0.7857
16061.3,34389.8,16637.9,34873.2,0.7855
8338.0,30080.0,8960.0,30529.8,0.7853
14117.3,11752.4,14719.2,12159.3,0.7852
16005.0,31853.0,16637.1,32300.7,0.7852
3243.6,4280.6,3835.0,4479.7,0.7852
7564.5,48001.5,7995.8,48487.2,0.7851
1920.7,52483.5,2056.1,52972.7,0.7851
7729.2,48646.1,7999.8,49011.5,0.7851
16235.8,11209.5,16640.0,11660.4,0.7850
16344.5,39294.5,16960.0,39612.9,0.7848
6797.3,44068.3,7360.0,44472.0,0.7848
2293.1,52487.5,2551.9,53105.3,0.7847
8477.7,23886.1,8640.0,24320.0,0.7847
8016.5,45460.4,8319.5,45925.4,0.7846
13138.4,20094.0,13760.0,20480.0,0.7846
6808.1,16774.3,7357.7,17276.8,0.7846
17280.3,51201.4,17918.1,51307.0,0.7845
11450.5,37448.4,11840.0,37916.8,0.7845
7680.0,8323.0,8052.3,8582.6,0.7845
1305.6,67789.9,1918.9,68160.0,0.7844
3998.5,2240.0,4160.0,2801.5,0.7842
17071.8,44483.8,17599.6,44910.3,0.7842
2136.3,49515.3,2240.0,49920.0,0.7841
2992.9,52019.8,3185.3,52476.7,0.7840
11124.0,20801.5,11519.4,20893.7,0.7839
13768.4,17841.9,14398.8,18240.0,0.7838
4481.5,64139.7,4703.8,64320.0,0.7838
6720.4,32005.8,6937.8,32270.6,0.7836
10147.6,14104.4,10240.0,14650.4,0.7835
10240.0,48963.1,10616.9,49124.4,0.7835
2005.8,5635.7,2558.1,6078.2,0.7834
5037.5,41091.3,5440.0,41593.2,0.7834
14866.7,1046.2,15358.5,1596.6,0.7833
7067.0,23779.7,7680.0,24000.0,0.7832
14167.4,19669.8,14700.6,20159.7,0.7832
15680.2,49225.3,15802.1,49279.4,0.7832
9087.8,37785.1,9600.0,38080.0,0.7830
7506.6,44630.4,7977.4,45115.9,0.7830
12015.5,4804.4,12480.0,5325.2,0.7830
11840.0,1510.0,12476.5,1920.0,0.7829
1617.7,50473.9,1920.0,50559.3,0.7828
4532.7,22935.2,5117.1,23360.0,0.7827
17634.2,42469.4,18174.8,42880.0,0.7826
9017.5,19847.4,9595.1,20303.8,0.7826
3841.4,9827.3,4472.6,10240.0,0.7825
2351.4,12163.2,2880.0,12647.3,0.7825
17806.8,9601.4,18176.0,10118.2,0.7825
6892.0,15681.9,7039.5,15925.4,0.7825
8641.3,49500.5,9265.2,49920.0,0.7825
16003.2,23784.9,16636.9,24155.2,0.7824
8321.5,8339.9,8384.3,8470.1,0.7824
2611.4,58148.8,2755.4,58559.1,0.7823
11091.5,43255.7,11516.1,43515.7,0.7823
1936.5,7587.6,2556.2,8000.0,0.7822
9614.7,34997.7,9920.0,35520.0,0.7822
17852.0,13693.9,17920.0,13815.5,0.7820
8085.8,16529.3,8320.0,16960.0,0.7820
16201.3,14404.7,16639.1,14887.4,0.7818
6402.1,30317.0,7036.9,30720.0,0.7817
12273.3,36564.4,12799.0,37107.9,0.7817
6559.3,1184.6,7037.6,1600.0,0.7817
8590.1,9373.8,8960.0,9764.5,0.7815
7807.8,29002.2,7999.6,29434.3,0.7815
470.1,43188.2,639.2,43503.5,0.7814
12597.5,28668.5,13117.7,29109.2,0.7814
4480.0,9612.2,4644.0,10030.1,0.7813
14218.5,25636.4,14715.5,25920.0,0.7813
2954.1,14926.4,3029.1,15038.8,0.7813
6086.8,43705.5,6717.7,44140.4,0.7812
3572.9,36328.6,4158.5,36799.0,0.7811
6798.2,34897.9,7359.8,35200.0,0.7810
2564.0,56970.9,2693.2,57575.1,0.7810
1316.0,41158.7,1476.0,41596.4,0.7810
13158.7,32035.9,13757.7,32320.0,0.7809
13440.0,46080.0,13935.7,46340.0,0.7808
11823.4,15866.2,12154.7,16318.9,0.7807
11522.6,38724.8,11679.0,38993.9,0.7807
9692.7,33684.0,10238.0,34240.0,0.7806
4701.3,40961.8,5115.4,41419.2,0.7806
17067.1,40101.2,17220.2,40274.5,0.7804
961.0,24001.5,1117.6,24173.8,0.7802
10558.8,43734.2,10880.0,44155.1,0.7802
4029.1,43653.3,4160.0,43840.0,0.7802
7112.6,25601.6,7677.1,26080.4,0.7800
12164.2,7040.0,12797.3,7297.8,0.7800
12802.4,41782.1,13440.0,42239.0,0.7799
8405.9,36988.4,8960.0,37435.2,0.7798
14285.0,42656.8,14624.4,43196.7,0.7798
1679.0,38539.2,2238.2,39035.3,0.7797
7416.2,32325.1,7991.7,32797.2,0.7796
13210.9,45760.4,13439.7,46084.4,0.7796
17336.5,18722.7,17600.0,19188.8,0.7795
9016.4,35972.5,9596.5,36478.9,0.7795
93.4,19840.0,635.2,20351.9,0.7794
5136.0,38744.1,5755.0,39014.3,0.7793
11438.5,39690.9,11519.3,40132.8,0.7790
13610.1,45148.4,14078.3,45564.1,0.7789
831.5,33091.3,1276.2,33598.4,0.7789
2280.8,22723.5,2877.1,23198.7,0.7789
13585.5,21912.7,14072.5,22399.9,0.7789
8320.9,22653.0,8706.7,23040.0,0.7789
210.7,21120.3,632.6,21254.9,0.7788
12514.6,18618.0,13119.8,18879.1,0.7786
4560.8,8774.4,5120.0,9273.7,0.7786
4884.6,32166.7,5437.8,32640.0,0.7786
2685.7,5667.0,3199.5,6080.0,0.7786
5442.4,38400.0,5673.3,38870.2,0.7786
16325.9,48761.5,16640.0,48960.0,0.7786
9934.5,29764.8,10557.6,30071.8,0.7785
8703.2,6400.0,8959.0,6822.4,0.7785
10052.6,51203.4,10239.9,51478.6,0.7785
2249.6,1503.6,2559.6,1919.8,0.7784
2883.8,6400.7,3516.3,6833.8,0.7784
3603.7,38704.1,4156.5,39034.5,0.7783
12810.0,44650.5,13439.7,45115.1,0.7783
10562.8,46402.3,10668.4,46612.2,0.7779
17036.5,15916.7,17598.4,16320.0,0.7778
13132.0,45455.6,13740.3,45874.4,0.7778
3304.9,17299.3,3518.9,17692.4,0.7777
180.8,27211.8,637.2,27647.7,0.7777
14732.5,15938.9,15357.7,16320.0,0.7776
16427.0,1386.2,16960.0,1920.0,0.7774
1032.5,50321.2,1095.0,50646.8,0.7772
10014.1,35528.3,10558.1,35973.7,0.7771
9200.7,40005.3,9600.0,40276.2,0.7771
10776.2,39360.0,10864.0,39455.1,0.7769
13520.5,41055.4,14078.3,41475.6,0.7769
10882.2,40630.6,11370.8,40960.0,0.7769
14854.3,35395.1,15040.0,35835.1,0.7768
3629.7,26151.2,4159.5,26559.3,0.7767
17554.7,36329.8,18174.0,36797.5,0.7766
16980.6,47342.6,17280.0,47671.5,0.7766
3200.0,59139.3,3287.3,59518.5,0.7763
7433.9,16716.1,8000.0,17272.4,0.7761
16460.2,44215.3,16639.1,44418.4,0.7760
11998.0,45286.9,12474.3,45759.4,0.7759
7507.2,63360.0,7836.9,63624.8,0.7759
17517.5,11427.2,17918.5,11840.0,0.7758
14458.0,49281.0,15036.7,49727.2,0.7758
15710.3,32000.0,16320.0,32457.4,0.7758
13844.6,22996.2,14395.0,23360.0,0.7758
11814.6,38504.5,12158.6,39037.2,0.7756
12843.5,32157.9,13437.5,32626.3,0.7756
5495.3,27840.0,6080.0,28326.2,0.7755
7542.1,18291.4,7679.8,18559.3,0.7755
17396.4,20393.0,17916.1,20800.0,0.7754
17357.0,15448.9,17599.4,15774.6,0.7751
799.7,63695.2,921.0,63832.2,0.7749
8874.5,34247.7,9271.0,34579.5,0.7749
18059.4,49503.4,18176.0,49920.0,0.7749
16648.6,43905.7,17279.1,44171.9,0.7748
11936.6,21323.9,12479.9,21758.5,0.7748
14510.1,39076.7,14720.0,39345.1,0.7748
13451.4,51534.0,14078.8,51836.7,0.7747
8337.4,7360.0,8960.0,7475.3,0.7747
5655.8,63812.3,5760.0,64000.0,0.7747
7685.0,16579.2,7894.3,16960.0,0.7746
13136.8,3178.4,13755.0,3520.0,0.7746
16965.9,34248.0,17597.1,34709.9,0.7746
1621.2,22647.6,2234.3,23040.0,0.7744
4315.5,26253.3,4800.0,26628.2,0.7744
524.9,45366.1,640.0,45748.3,0.7744
1702.4,37637.9,2232.2,38076.9,0.7743
994.5,37052.1,1598.1,37440.0,0.7743
5606.0,3200.0,6073.8,3373.9,0.7742
17463.1,33920.1,17598.8,34115.0,0.7742
144.3,23524.7,638.0,24000.0,0.7742
5126.1,44373.6,5760.0,44799.5,0.7742
12941.0,54620.1,13436.1,55040.0,0.7742
5221.8,26886.9,5760.0,27322.8,0.7741
960.0,28699.8,1093.7,29120.0,0.7741
8608.5,6152.9,8960.0,6720.0,0.7740
15789.3,29632.8,16319.7,30080.0,0.7740
1629.2,18478.3,2238.8,18880.0,0.7740
1969.5,22415.3,2560.0,22782.2,0.7739
10240.0,43521.5,10754.3,43936.3,0.7739
11218.4,31040.0,11838.5,31227.0,0.7738
17301.2,68160.0,17916.0,68631.5,0.7738
14817.8,44800.5,15038.8,45029.0,0.7737
6080.8,4575.6,6337.4,4693.1,0.7736
14080.1,18784.0,14458.2,19199.2,0.7736
2288.6,20106.8,2875.2,20479.1,0.7736
4202.6,60927.1,4396.7,61072.6,0.7736
9324.3,41953.2,9908.8,42240.0,0.7736
15215.8,26560.8,15676.5,26847.8,0.7735
1280.9,67357.5,1376.1,67830.5,0.7735
4806.0,14586.8,5436.4,15029.4,0.7734
16000.0,6727.0,16570.3,7273.9,0.7734
1082.2,1944.7,1597.8,2240.0,0.7733
12552.6,53766.4,12799.8,54228.4,0.7729
16551.9,6780.2,16960.0,7360.0,0.7726
15040.0,13450.3,15677.2,13729.9,0.7725
3593.7,23775.6,3840.0,24043.6,0.7725
7784.1,35223.7,8318.2,35725.1,0.7724
4194.3,24326.6,4480.0,24620.4,0.7724
2996.8,7281.4,3199.2,7504.0,0.7722
8076.6,32732.3,8319.5,33097.9,0.7721
5440.0,56640.0,5601.4,57150.5,0.7720
4168.4,25600.0,4799.6,26059.5,0.7719
12529.8,12689.1,13119.8,13117.4,0.7718
2962.6,23680.0,3516.9,24109.0,0.7718
7148.9,36846.5,7673.0,37440.0,0.7717
734.1,23454.6,959.9,23675.7,0.7716
17588.6,7681.8,18176.0,8066.8,0.7715
10898.8,46481.6,11198.4,46719.9,0.7715
10903.4,4406.2,11518.0,4800.0,0.7715
5760.5,17513.0,6398.3,17920.0,0.7714
8391.9,10886.2,8957.5,11294.2,0.7713
14082.1,20523.2,14330.3,21120.0,0.7712
15080.7,19983.7,15673.4,20480.0,0.7712
6092.3,28480.2,6400.0,28889.2,0.7712
3682.5,63347.6,3839.6,63678.4,0.7710
3840.0,15267.8,3969.0,15360.0,0.7710
1353.2,16243.9,1913.2,16640.0,0.7708
11237.4,40962.5,11520.0,41476.6,0.7706
7143.4,6164.6,7360.0,6398.6,0.7706
1606.8,2562.6,2238.3,2926.4,0.7706
1363.6,6720.0,1916.0,6870.7,0.7704
3757.4,26565.1,4160.0,27176.9,0.7704
12352.9,52481.0,12799.8,52930.5,0.7703
15161.2,922.6,15359.4,1242.0,0.7702
8030.8,44058.2,8637.9,44480.0,0.7701
13047.6,42885.9,13440.0,43285.3,0.7701
13991.0,53348.1,14080.0,53760.0,0.7700
6749.5,25188.3,7357.1,25600.0,0.7700
10879.8,51230.7,11200.0,51840.0,0.7700
1662.5,30940.2,2235.9,31360.0,0.7699
13791.8,160.0,14395.0,639.2,0.7698
15315.0,34291.0,15680.0,34636.8,0.7698
6505.4,43086.7,6719.0,43512.5,0.7698
17508.8,38183.4,17919.4,38581.5,0.7695
14555.7,26062.6,15040.0,26545.3,0.7694
2426.4,62606.9,2555.1,62720.0,0.7693
10252.7,43892.4,10880.0,44282.9,0.7693
7188.1,41690.1,7360.0,42240.0,0.7693
8321.5,26882.3,8826.5,27383.9,0.7692
5247.6,13443.6,5440.0,13705.8,0.7690
321.9,38020.6,596.2,38234.1,0.7690
17286.8,13837.5,17827.5,13951.1,0.7690
16482.3,13806.7,16636.9,14080.0,0.7690
640.0,53082.0,782.4,53438.0,0.7689
325.3,14299.3,951.0,14719.6,0.7689
4346.0,56961.4,4479.4,57200.0,0.7689
17135.5,38413.1,17597.3,38914.2,0.7687
2242.5,44800.0,2876.0,45039.5,0.7686
14881.4,18086.9,15040.0,18556.2,0.7685
11241.1,12392.5,11834.8,12800.0,0.7683
9934.3,11430.2,10556.6,11840.0,0.7683
5789.1,22772.7,6397.5,23098.0,0.7682
12488.6,18914.9,13120.0,19200.0,0.7682
11928.9,53121.7,12158.1,53396.1,0.7681
12481.4,52928.4,12569.4,53118.0,0.7681
1920.0,53127.2,2330.3,53473.6,0.7680
10087.1,37763.2,10557.4,38028.8,0.7680
56.5,28745.4,639.6,29120.0,0.7680
17556.7,6613.2,18156.5,7040.0,0.7680
378.0,18249.3,952.0,18769.9,0.7679
3850.6,27136.3,4480.0,27520.0,0.7679
10059.2,12161.1,10240.0,12295.6,0.7678
14001.9,5447.7,14396.9,5867.3,0.7677
17287.1,22098.3,17920.0,22400.0,0.7676
15041.5,47360.0,15351.3,47471.5,0.7676
10445.8,17508.1,10880.0,17920.0,0.7676
14400.0,49142.6,14810.5,49597.0,0.7675
5532.4,33423.7,6071.7,33920.0,0.7674
16644.7,32230.5,17280.0,32640.0,0.7674
9922.2,54741.1,10559.5,55040.0,0.7673
16571.2,7042.2,16640.0,7543.2,0.7672
1283.1,43306.4,1374.0,43831.2,0.7672
11629.3,6499.3,12160.0,7037.2,0.7671
10243.7,38080.0,10655.1,38234.6,0.7671
17376.7,16216.9,17480.5,16636.5,0.7670
12133.1,26503.1,12221.8,26875.2,0.7669
15282.8,45446.6,15360.0,45934.1,0.7669
6807.7,11200.5,7039.5,11353.4,0.7666
3888.4,33491.3,4476.2,33917.5,0.7665
8656.1,20673.0,9277.7,21116.4,0.7664
16072.0,37120.5,16319.0,37270.7,0.7664
14773.9,16640.7,15039.8,16914.7,0.7661
14720.2,40521.3,14967.6,40960.0,0.7657
16417.8,25944.1,16959.7,26349.4,0.7656
14772.2,26561.4,15345.4,27043.9,0.7655
12745.7,42746.7,13120.0,43200.0,0.7655
11225.4,12748.9,11836.6,13120.0,0.7654
960.0,36488.0,1597.1,36818.9,0.7652
16640.8,49601.2,16738.0,49677.8,0.7652
15692.0,42421.4,16320.0,42879.2,0.7652
16744.2,2803.7,16960.0,3200.0,0.7651
1051.9,13127.0,1597.9,13412.6,0.7649
11364.4,39593.3,11837.8,40000.0,0.7649
16336.2,29123.8,16958.8,29591.0,0.7649
7042.2,14640.4,7675.6,15040.0,0.7648
11302.0,47921.1,11836.7,48320.0,0.7648
16042.1,42560.0,16629.0,42785.2,0.7648
5723.0,57289.3,5782.4,57749.6,0.7647
11589.0,12699.3,12159.6,13095.2,0.7646
4480.0,57656.3,4617.6,58233.7,0.7646
4201.7,66247.1,4796.4,66734.3,0.7646
3553.8,542.9,4156.5,960.0,0.7644
16320.0,23790.1,16673.0,24125.6,0.7644
5924.1,44359.1,6399.9,44799.5,0.7644
3862.4,980.3,4475.7,1280.0,0.7643
14468.1,325.0,14719.8,564.2,0.7641
1640.7,29282.3,2237.8,29758.5,0.7641
13762.6,48850.5,14151.4,49280.0,0.7641
15728.3,41936.6,16320.0,42240.0,0.7639
2002.3,38862.5,2558.2,39358.0,0.7638
2684.4,39248.4,3195.8,39680.0,0.7638
6662.8,18562.1,7035.1,18711.0,0.7636
11928.4,30965.1,12480.0,31360.0,0.7635
14110.1,31698.9,14719.7,32000.0,0.7634
2836.3,23909.2,3200.0,24314.5,0.7632
6725.9,63681.4,7122.8,63812.4,0.7632
10061.7,37965.7,10556.7,38399.1,0.7632
7163.9,47971.4,7670.7,48320.0,0.7631
15999.3,33280.0,16320.0,33802.7,0.7631
3859.2,7874.2,4480.0,8317.0,0.7630
401.9,41328.9,637.8,41590.0,0.7627
14575.2,38082.9,15040.0,38303.6,0.7627
12519.9,18239.9,13117.9,18560.0,0.7626
4116.2,66240.0,4478.9,66722.0,0.7625
6943.4,34883.2,7360.0,35429.7,0.7624
16728.3,31681.0,17279.3,32167.4,0.7623
7300.7,8881.5,7680.0,9280.0,0.7623
10135.3,18116.9,10240.0,18560.0,0.7623
6634.6,18882.5,7040.0,19306.6,0.7623
8716.7,30821.9,9275.9,31360.0,0.7622
6171.2,12939.2,6399.7,13429.1,0.7622
15503.3,37127.4,15997.8,37534.3,0.7621
391.7,28586.2,958.8,29067.3,0.7620
2296.5,54742.3,2875.9,55185.9,0.7617
9292.3,3408.0,9920.0,3840.0,0.7616
7754.3,37325.2,8317.7,37760.0,0.7616
3252.0,37761.9,3838.3,38198.7,0.7615
5569.5,37398.1,6073.0,37760.0,0.7615
5398.3,13122.6,5760.0,13602.5,0.7614
6740.0,36480.0,7358.0,36735.5,0.7614
5440.2,25188.9,6077.0,25597.2,0.7609
4554.2,17505.5,5116.8,17920.0,0.7609
6132.2,41286.1,6716.6,41677.1,0.7608
12.2,41830.9,638.4,42240.0,0.7608
8702.5,37200.3,9275.8,37755.7,0.7607
7401.4,23932.7,7999.3,24316.5,0.7606
16736.3,63814.4,17277.9,64319.7,0.7604
2880.0,3199.9,2951.5,3520.0,0.7604
8640.0,15805.6,9037.3,15999.3,0.7602
2087.1,2882.6,2409.8,3179.2,0.7602
6684.2,13120.0,7040.0,13746.0,0.7601
2569.4,30080.6,3195.7,30507.2,0.7601
7040.3,12575.5,7235.0,13118.0,0.7601
2862.7,29123.6,3194.6,29635.9,0.7601
327.2,5764.9,956.7,6161.8,0.7601
2441.5,56963.2,2560.0,57377.2,0.7600
4161.8,15680.0,4311.8,16190.2,0.7600
14585.1,38727.1,15023.3,38916.9,0.7600
4150.7,640.0,4480.0,1183.1,0.7599
8597.7,32641.6,8960.0,33099.8,0.7599
5276.7,54720.8,5440.0,55194.5,0.7599
11261.8,16894.9,11840.0,17071.4,0.7596
7122.2,47397.2,7609.7,47675.2,0.7595
16354.6,34420.4,16960.0,34880.0,0.7593
11920.0,6040.9,12480.0,6400.0,0.7592
9764.4,31040.2,9920.0,31134.2,0.7591
15368.7,53679.9,15996.4,54080.0,0.7590
2573.0,1161.4,3198.7,1599.0,0.7589
7086.6,2063.3,7677.2,2556.4,0.7589
2562.4,59841.6,2696.0,60003.4,0.7589
1844.1,43138.9,2240.0,43512.5,0.7588
16001.0,49677.9,16330.2,49806.8,0.7588
8745.0,17384.5,9276.7,17917.5,0.7588
15759.0,20076.1,16315.7,20480.0,0.7587
11879.8,40640.0,12479.6,41118.6,0.7586
8000.0,65049.4,8126.3,65595.3,0.7585
2319.0,56321.2,2876.9,56770.3,0.7584
16088.4,51843.2,16264.3,52022.1,0.7584
16672.0,20720.7,17280.0,21120.0,0.7583
13557.7,28160.0,14080.0,28648.6,0.7582
7119.1,51527.3,7677.6,52154.9,0.7582
15711.6,42784.5,16319.0,43200.0,0.7582
8091.3,10565.1,8318.6,10868.8,0.7579
6056.3,9602.8,6399.8,10040.4,0.7578
2118.6,33920.4,2240.0,34028.2,0.7578
7361.0,6724.0,7446.7,6896.4,0.7577
5884.8,30366.6,6394.2,30718.1,0.7576
14048.8,15681.4,14399.5,16254.7,0.7570
9625.1,32223.1,10240.0,32640.0,0.7570
5440.0,17312.1,5641.9,17918.1,0.7570
13155.6,12706.3,13756.2,13120.0,0.7569
668.0,66881.3,1276.5,67254.3,0.7569
7603.7,13627.7,8000.0,14078.6,0.7568
8805.1,36561.3,9280.0,37120.0,0.7568
6824.4,4471.1,6902.7,4800.0,0.7567
10241.2,45586.6,10426.3,46078.8,0.7567
935.5,8504.1,1280.0,8960.0,0.7566
10608.3,51523.1,10880.0,51892.4,0.7565
16466.9,39229.0,16639.1,39521.1,0.7565
13917.0,30371.2,14395.7,30719.4,0.7564
14556.2,19563.8,15040.0,20003.2,0.7564
13189.2,23680.6,13440.0,23850.3,0.7563
5190.6,64604.7,5440.0,64953.5,0.7563
965.4,40640.2,1600.0,40960.0,0.7563
7415.5,6044.0,7572.3,6088.0,0.7561
12120.7,15754.3,12478.7,15998.2,0.7558
17532.0,51533.3,17600.0,51839.8,0.7557
7249.8,45094.8,7680.0,45411.9,0.7557
16539.0,38638.4,16960.0,39038.7,0.7557
727.1,28412.4,1273.8,28800.0,0.7553
11285.0,35641.8,11836.9,36160.0,0.7553
7715.6,46601.4,8317.9,47038.2,0.7550
3727.7,29830.6,3840.0,30071.0,0.7550
7512.4,16000.1,7678.9,16261.3,0.7550
16000.7,51253.5,16275.0,51362.9,0.7549
508.4,58512.0,639.1,58607.4,0.7548
17293.5,45466.0,17916.9,45929.5,0.7547
9328.7,48000.0,9914.0,48483.1,0.7546
2713.5,53443.4,2880.0,53594.1,0.7546
7815.8,16000.4,8000.0,16522.3,0.7546
2278.8,42240.0,2872.1,42717.0,0.7545
8778.9,44255.5,9276.8,44798.5,0.7544
643.0,4162.0,1130.6,4458.8,0.7543
15438.2,42893.9,15996.4,43198.9,0.7542
16235.0,44485.3,16320.0,44634.5,0.7542
10.0,40578.4,640.0,40960.0,0.7542
1514.9,59536.9,1600.0,60155.4,0.7541
3978.7,9930.7,4160.0,10425.8,0.7540
2971.8,3277.5,3227.0,3453.1,0.7539
2166.6,2742.5,2239.6,3186.4,0.7537
999.7,64960.4,1280.0,65579.7,0.7537
13860.9,23040.0,14080.0,23459.6,0.7535
1280.6,10253.9,1487.3,10543.7,0.7535
11382.2,28160.0,11839.0,28346.3,0.7535
12003.8,41022.6,12159.5,41417.4,0.7534
12204.5,11523.5,12795.4,11972.6,0.7532
320.0,65600.0,664.7,65715.5,0.7532
16012.2,23040.0,16318.9,23599.3,0.7532
7199.9,16560.3,7308.4,16955.0,0.7531
1740.7,21442.5,2240.0,22073.5,0.7530
7716.9,32480.1,8305.3,32958.0,0.7530
16533.7,46950.7,16640.0,47080.4,0.7529
6528.5,23366.7,7038.0,23738.3,0.7529
8320.5,36161.4,8392.6,36243.9,0.7528
14294.6,17398.1,14399.4,17794.2,0.7528
9336.4,31808.8,9600.0,32224.1,0.7526
15704.8,21767.2,16315.6,22209.0,0.7526
16641.9,29668.2,17280.0,30080.0,0.7526
8661.9,7727.0,8958.0,7998.0,0.7526
13822.2,11204.2,14395.7,11543.2,0.7526
5978.3,43200.0,6397.7,43461.5,0.7525
3041.5,48004.4,3516.9,48632.2,0.7525
5468.8,34240.0,6079.7,34467.1,0.7525
2240.0,38400.0,2375.2,38521.3,0.7524
4217.4,37155.6,4478.8,37760.0,0.7523
6103.4,5765.5,6720.0,6284.2,0.7523
3380.8,10892.6,3821.7,11291.2,0.7522
16357.4,2082.5,16958.9,2557.9,0.7522
5813.6,27047.8,6400.0,27517.1,0.7522
15653.9,22080.0,15999.3,22675.1,0.7521
8266.3,35401.6,8640.0,35840.0,0.7520
667.7,28150.0,1265.3,28474.2,0.7518
142.9,20392.7,637.7,20800.0,0.7518
12195.7,46907.7,12480.0,47358.7,0.7518
16322.5,6720.1,16580.0,7251.1,0.7517
4275.9,17146.8,4800.0,17599.8,0.7517
4340.8,10122.3,4480.0,10555.7,0.7517
8097.4,11034.2,8319.6,11417.0,0.7517
5633.1,55897.4,5760.0,56317.4,0.7516
14856.7,27842.8,15040.0,28241.3,0.7515
14613.5,38081.5,14719.7,38326.9,0.7513
11212.6,30720.0,11840.0,31002.3,0.7512
5622.2,7361.9,6080.0,7827.5,0.7512
17295.7,8438.2,17918.8,8959.9,0.7511
8330.0,37343.5,8955.6,37760.0,0.7510
5657.4,27386.4,6080.0,27840.0,0.7508
5826.9,20390.9,6400.0,20800.0,0.7507
10882.9,8236.7,11516.0,8640.0,0.7506
14403.7,20800.0,15039.7,21232.9,0.7505
2240.0,47333.1,2418.8,47663.5,0.7504
8000.0,15045.7,8499.7,15303.5,0.7504
14150.1,16007.5,14400.0,16270.4,0.7504
9632.5,38080.0,10236.4,38322.1,0.7503
9754.4,38919.7,10234.8,39358.7,0.7503
16640.3,28701.7,17280.0,29118.3,0.7503
1371.9,36601.8,1919.7,37120.0,0.7500
4963.5,43425.0,5438.5,43840.0,0.7500
3582.2,67714.8,4156.3,68160.0,0.7499
6597.8,61440.0,6720.0,61933.0,0.7498
1056.4,55197.2,1598.1,55675.9,0.7497
1780.2,23040.8,1919.4,23228.7,0.7496
4725.0,42749.2,4800.0,43195.6,0.7496
15921.2,26243.4,16320.0,26750.0,0.7494
11923.0,39680.0,12474.3,39926.3,0.7494
15457.4,9605.7,15997.5,10057.7,0.7493
1936.2,48279.2,2558.3,48640.0,0.7489
7733.9,51987.0,8319.9,52476.8,0.7488
1920.7,50436.9,2103.4,50589.5,0.7488
15477.5,13589.6,15996.9,14074.4,0.7487
15378.4,9920.0,15995.3,10152.2,0.7486
10412.1,14537.2,10877.8,15034.9,0.7485
2565.8,16891.7,3200.0,17280.0,0.7483
9527.0,30250.9,9920.0,30720.0,0.7483
17526.8,35206.0,17920.0,35658.1,0.7482
8290.0,26849.9,8639.6,27200.0,0.7482
17318.0,28995.5,17916.8,29440.0,0.7480
17882.6,48528.1,18000.9,48640.0,0.7479
640.0,63183.8,800.7,63673.1,0.7478
8744.2,47048.0,8960.0,47417.2,0.7478
3006.0,4592.3,3200.0,5115.9,0.7477
11019.9,51427.3,11509.0,51840.0,0.7476
6425.9,14273.2,7035.8,14714.5,0.7476
16574.7,46086.7,16638.6,46271.6,0.7476
8045.1,39068.7,8316.8,39360.0,0.7474
14203.0,56191.1,14717.9,56638.9,0.7473
14826.2,32000.0,15359.9,32561.1,0.7472
7719.5,52352.8,8316.6,52799.4,0.7471
6453.7,14608.0,7036.9,15032.8,0.7470
8435.9,7509.3,8639.5,7890.4,0.7469
6186.8,38777.1,6689.4,39360.0,0.7469
5427.6,22120.3,5758.7,22399.3,0.7468
15366.2,46080.0,15499.0,46711.5,0.7468
1627.0,19440.6,2236.7,19839.5,0.7467
13569.8,54720.9,13759.6,54988.8,0.7467
10242.6,30400.0,10879.5,30840.1,0.7466
392.7,18560.0,955.7,18844.2,0.7466
10912.6,48004.8,11200.0,48402.0,0.7466
17939.5,37988.9,18174.8,38392.2,0.7465
17536.9,49522.8,17763.4,49598.3,0.7464
5440.3,26240.5,5705.4,26368.3,0.7464
7680.0,12721.5,8316.6,13120.0,0.7464
4213.1,30344.3,4796.8,30720.0,0.7463
14086.2,34677.3,14580.8,34876.5,0.7463
2711.3,40646.5,2880.0,41080.8,0.7462
2166.6,51019.6,2240.0,51199.8,0.7460
8287.6,36703.9,8640.0,37120.0,0.7459
15369.3,46722.9,15480.6,47121.3,0.7458
1879.0,19782.3,2227.7,20160.0,0.7456
7764.0,36053.0,8317.1,36480.0,0.7455
5163.7,46499.2,5756.2,47037.0,0.7454
1997.8,44590.2,2558.5,44958.3,0.7453
10333.2,25280.0,10560.0,25701.1,0.7453
5025.4,54407.8,5115.7,54904.8,0.7453
14402.5,40320.4,15033.1,40743.3,0.7453
14944.6,26058.4,15039.2,26239.4,0.7452
9624.5,28666.1,10236.1,29119.1,0.7450
13564.2,6179.5,14080.0,6485.5,0.7450
640.6,55040.9,721.2,55140.8,0.7447
11874.3,28800.4,12477.6,29039.9,0.7447
11841.7,26331.1,12175.6,26558.3,0.7447
4161.3,59607.1,4227.2,59839.9,0.7446
3840.0,20499.1,4480.0,20800.0,0.7446
17018.8,5241.1,17594.6,5758.0,0.7444
15817.8,59686.5,16313.7,60159.6,0.7444
13832.0,48000.0,14078.7,48629.1,0.7443
12169.0,24923.6,12799.0,25280.0,0.7443
16274.7,46559.9,16360.5,46770.7,0.7443
10561.9,2792.5,11195.2,3200.0,0.7442
2194.5,21442.4,2559.6,21963.6,0.7441
3522.0,64162.6,3689.2,64638.2,0.7441
4960.8,11623.7,5120.0,12159.7,0.7440
4481.5,2520.2,5119.6,2872.6,0.7440
14080.0,42883.0,14637.4,43271.5,0.7439
2869.2,34247.0,3199.5,34727.3,0.7437
11218.5,16640.0,11839.3,16885.1,0.7434
476.0,43841.6,639.7,44330.6,0.7434
729.2,31362.0,959.5,31944.1,0.7434
13273.9,45820.1,13754.6,46171.4,0.7431
5171.6,30647.4,5754.0,31036.6,0.7431
17536.0,44227.6,17625.2,44433.1,0.7429
3678.4,56209.4,4159.4,56640.0,0.7426
4854.9,11698.9,5438.1,12159.7,0.7426
13126.2,27068.0,13759.0,27434.7,0.7426
8412.0,46407.2,8631.3,46596.6,0.7426
3559.6,26883.0,4158.6,27308.3,0.7425
8960.0,4819.7,9581.4,5083.3,0.7424
16053.8,22591.5,16632.5,23040.0,0.7423
8965.7,27186.5,9596.9,27520.0,0.7422
9303.8,46067.2,9917.4,46400.0,0.7421
2459.5,65715.4,2553.1,65918.3,0.7417
6234.1,29666.6,6400.0,30079.6,0.7417
12865.5,46329.3,13440.0,46720.0,0.7416
662.3,7360.0,1276.5,7698.8,0.7415
7680.0,14402.0,7818.6,14504.9,0.7415
17129.2,35206.1,17600.0,35752.1,0.7414
7179.7,31364.3,7359.6,31743.7,0.7414
5762.7,12356.5,6400.0,12800.0,0.7414
15360.0,4056.8,15995.6,4480.0,0.7414
1630.1,20068.7,2231.6,20480.0,0.7414
6422.2,35095.9,7038.8,35520.0,0.7413
7416.9,44161.4,7680.0,44599.7,0.7412
6731.2,63777.3,6927.3,64035.4,0.7412
11231.4,8563.2,11836.7,8956.1,0.7412
13826.9,23360.9,14080.0,23612.4,0.7411
7684.3,16237.7,8316.4,16621.9,0.7410
12296.9,52332.7,12793.4,52796.9,0.7409
4007.9,43433.1,4474.1,43840.0,0.7406
15474.4,46720.0,15649.5,47202.0,0.7406
9061.1,48101.2,9279.0,48320.0,0.7405
4800.0,63859.4,4924.1,64310.4,0.7405
12482.4,53373.8,13115.2,53760.0,0.7403
3085.9,59907.9,3200.0,60132.2,0.7403
12292.3,54289.5,12800.0,54720.0,0.7402
7748.8,35124.6,8000.0,35515.8,0.7402
2800.7,33439.0,3200.0,33918.1,0.7402
8117.8,29872.4,8633.5,30396.6,0.7401
7278.9,27887.0,7678.4,28158.9,0.7400
2029.7,37993.4,2560.0,38400.0,0.7399
12681.1,15680.0,13119.1,15934.1,0.7397
3531.7,4800.0,3840.0,5313.5,0.7397
1663.9,31183.2,2236.3,31680.0,0.7396
5720.7,40594.4,6079.5,40957.8,0.7396
2017.4,44250.5,2556.5,44800.0,0.7394
5984.4,59442.1,6080.0,59840.0,0.7391
14168.6,44495.5,14718.0,44887.9,0.7389
13821.3,6999.6,14394.6,7359.2,0.7389
8679.3,4671.9,9272.7,5116.7,0.7388
2582.4,34100.0,3198.0,34560.0,0.7387
14102.3,44006.7,14720.0,44480.0,0.7386
14080.0,26501.3,14147.1,26880.0,0.7386
7959.1,23681.8,8318.5,24203.9,0.7385
8440.4,49285.7,8959.1,49761.3,0.7385
649.8,25016.2,1275.9,25270.4,0.7384
8809.7,12484.0,9280.0,12800.0,0.7383
13147.1,50597.7,13760.0,51200.0,0.7382
5926.7,33920.2,6397.8,34407.7,0.7382
1091.8,58560.7,1580.2,58914.5,0.7381
2009.2,62601.1,2124.1,62719.8,0.7381
9095.5,8329.2,9594.4,8671.7,0.7380
2451.9,22080.0,2880.0,22458.0,0.7378
1982.1,16223.1,2554.8,16640.0,0.7378
3217.7,51282.8,3520.0,51840.0,0.7377
14204.4,4924.6,14717.3,5437.5,0.7377
5468.5,62801.0,5618.6,62938.0,0.7377
17701.2,26561.3,17919.6,27063.7,0.7376
9924.3,2243.5,10559.2,2594.8,0.7375
14293.5,17601.7,14400.0,17788.2,0.7375
3622.0,32270.4,4160.0,32640.0,0.7375
12224.9,36998.9,12794.1,37425.0,0.7374
13763.1,41600.0,13979.1,41754.8,0.7374
17281.5,28481.1,17506.4,28690.8,0.7373
17297.1,7363.1,17916.0,7704.5,0.7373
1174.6,34488.8,1280.0,34880.0,0.7372
13226.4,14606.4,13756.2,15038.6,0.7370
16075.0,36800.0,16639.0,37226.3,0.7370
14827.0,56448.3,15352.3,56960.0,0.7370
14035.6,30559.7,14400.0,31040.0,0.7370
15040.0,13656.7,15677.2,14080.0,0.7368
10250.7,6314.4,10880.0,6720.0,0.7367
9370.5,29026.2,9919.9,29438.6,0.7366
16468.9,13649.0,16945.5,14080.0,0.7365
16323.0,62418.5,16959.5,62720.0,0.7365
2560.0,48927.3,2806.1,49279.6,0.7365
1333.5,33726.7,1918.3,34240.0,0.7365
1929.8,63459.2,2240.0,63679.6,0.7365
16049.8,22260.4,16638.2,22716.8,0.7362
6523.4,13261.1,6720.0,13759.2,0.7361
10511.5,6080.0,10879.1,6554.1,0.7361
7483.3,61842.8,7680.0,62400.0,0.7360
16392.2,41401.8,16960.0,41915.8,0.7360
2025.9,11320.8,2555.4,11836.4,0.7359
4863.5,10566.9,5118.4,10880.0,0.7358
3615.7,32001.4,3839.9,32517.9,0.7358
5252.4,8962.1,5440.0,9536.7,0.7355
13149.5,30945.0,13760.0,31360.0,0.7355
18007.0,51476.6,18070.9,51840.0,0.7355
3861.2,40801.8,4478.9,41278.4,0.7354
16582.8,53441.7,16960.0,53512.3,0.7353
13762.7,28688.2,14215.6,29120.0,0.7353
8755.6,36014.5,8959.4,36465.7,0.7353
17389.6,37670.9,17600.0,38078.3,0.7353
14139.9,28957.0,14720.0,29439.1,0.7353
16759.1,24328.2,17278.1,24847.8,0.7349
9321.8,26244.5,9920.0,26680.9,0.7348
7887.6,16571.8,7999.2,16954.7,0.7348
7228.0,40488.3,7680.0,40957.0,0.7347
3214.1,40276.2,3840.0,40639.7,0.7345
15190.9,34669.9,15680.0,35199.7,0.7344
7721.0,20027.1,8315.6,20479.7,0.7344
9370.7,8094.0,9916.3,8636.3,0.7343
1093.2,29335.0,1600.0,29760.0,0.7343
2881.1,48320.1,2965.8,48496.8,0.7342
966.9,12373.5,1596.5,12800.0,0.7341
296.9,4480.2,640.0,5090.8,0.7341
8640.0,28517.7,9274.1,28800.0,0.7340
8784.9,31079.3,9278.5,31462.5,0.7339
8393.5,35051.7,8960.0,35518.3,0.7338
15040.0,9920.0,15678.4,10310.4,0.7334
9989.5,36633.2,10559.2,37114.8,0.7334
3983.4,41647.4,4160.0,42237.2,0.7334
3521.8,28162.1,3967.5,28380.8,0.7333
16103.4,59304.3,16632.0,59840.0,0.7333
9753.8,17281.7,9919.5,17452.5,0.7333
7512.0,18317.1,7979.6,18621.6,0.7333
13760.5,48737.1,14012.5,48960.0,0.7333
3850.5,5189.8,4159.3,5633.0,0.7331
11523.4,39587.3,12006.1,40000.0,0.7329
2510.6,43840.0,2880.0,44412.4,0.7328
9630.7,45638.7,9730.0,46080.0,0.7328
8122.6,5765.0,8319.8,6056.1,0.7325
8564.4,36483.7,8960.0,36879.9,0.7325
16688.2,22886.3,17278.1,23344.5,0.7324
11123.6,37178.1,11236.3,37331.5,0.7323
320.0,28800.0,958.8,29054.5,0.7322
3615.0,44440.0,4159.6,44800.0,0.7321
15378.4,46539.6,15836.2,47038.3,0.7321
8997.6,24167.7,9600.0,24640.0,0.7321
11937.3,50573.7,12159.5,51005.5,0.7318
8320.1,15853.7,8422.7,15998.4,0.7317
2678.1,49609.5,2879.7,50066.5,0.7316
18003.7,13859.4,18175.6,14400.0,0.7315
3880.5,38301.9,4474.5,38720.0,0.7315
640.0,33445.3,777.8,33650.8,0.7314
6840.6,16028.7,7277.1,16640.0,0.7314
1316.9,41675.9,1918.4,41920.0,0.7314
1666.4,3185.3,2238.0,3518.6,0.7313
1920.0,51882.2,2258.3,52152.7,0.7313
10983.8,27989.7,11514.0,28479.0,0.7313
4289.0,43177.0,4788.6,43518.4,0.7313
8889.2,12811.3,9280.0,13241.8,0.7310
4911.8,39258.7,5440.0,39680.0,0.7309
16.2,18824.9,635.5,19200.0,0.7307
744.3,67204.8,1275.8,67559.6,0.7307
1163.6,59520.9,1280.0,59811.9,0.7307
4802.9,27104.7,5440.0,27519.1,0.7307
1176.0,18663.7,1598.8,19091.7,0.7306
5777.9,24299.7,6397.7,24640.0,0.7304
5527.0,32325.9,5759.3,32770.3,0.7304
9358.6,30088.5,9598.7,30586.7,0.7303
734.2,7520.6,1279.4,8000.0,0.7299
10475.3,21504.3,10880.0,22080.0,0.7298
4206.0,45998.9,4796.3,46400.0,0.7298
9321.3,35207.4,9918.9,35720.9,0.7298
7138.4,40000.0,7677.1,40509.4,0.7296
1600.0,4164.2,2121.6,4551.3,0.7294
7278.5,33677.6,7680.0,33918.5,0.7294
13860.1,55045.1,14078.9,55466.7,0.7294
2561.2,59628.0,2637.1,59839.2,0.7292
14932.8,13322.9,15356.2,13760.0,0.7291
15883.6,34562.7,16320.0,35027.5,0.7288
1611.6,11080.4,2237.2,11520.0,0.7288
16407.7,52165.3,16952.7,52515.4,0.7287
4484.8,34788.2,4915.8,35200.0,0.7286
8402.5,39255.7,8957.0,39680.0,0.7286
3522.1,59207.5,3674.1,59730.3,0.7286
13563.1,54456.3,14075.0,55040.0,0.7285
10241.9,45205.5,10318.6,45439.8,0.7282
8973.1,40640.5,9598.8,41075.6,0.7282
8987.1,35208.3,9280.0,35649.2,0.7282
4355.6,37446.1,4479.0,37748.5,0.7280
17286.3,26438.9,17915.0,26878.1,0.7280
13146.6,49748.5,13759.9,50237.6,0.7279
8708.5,13631.3,9280.0,14080.0,0.7279
16960.0,39910.6,17086.9,39998.5,0.7277
5523.2,30404.4,6079.3,30928.0,0.7277
178.6,17284.5,636.0,17692.8,0.7276
16640.0,46089.9,16773.3,46271.9,0.7275
506.0,33473.8,960.0,33918.1,0.7275
13572.9,42390.6,13759.6,42839.9,0.7274
2882.0,10249.5,3267.6,10559.4,0.7274
4922.4,26564.8,5440.0,27116.2,0.7273
6824.0,11406.4,7357.2,11840.0,0.7273
1600.0,17282.0,2238.7,17645.1,0.7272
11840.0,13023.4,12470.9,13436.5,0.7272
15444.1,44160.0,15678.8,44631.9,0.7270
5120.0,26362.6,5758.2,26560.0,0.7270
5853.2,35302.3,6399.8,35838.4,0.7267
17312.8,33095.0,17918.4,33583.2,0.7267
14593.7,46082.1,15040.0,46591.2,0.7266
5121.9,29131.0,5759.3,29440.0,0.7264
7439.3,12800.0,7995.8,13250.8,0.7264
17925.5,45985.9,18025.5,46397.6,0.7262
12828.5,6761.6,13440.0,7040.0,0.7261
4193.9,17417.0,4797.3,17919.6,0.7259
7486.0,40538.6,8000.0,40960.0,0.7257
7712.5,33282.9,8320.0,33597.5,0.7257
4486.0,24997.4,5119.4,25420.3,0.7256
368.9,6192.4,957.8,6718.7,0.7255
8442.4,16993.5,8639.6,17567.1,0.7254
15684.5,47835.0,16315.8,48067.7,0.7253
13444.4,34530.9,14079.2,34880.0,0.7251
4377.6,60160.7,4480.0,60295.0,0.7251
15098.1,42961.5,15359.9,43520.0,0.7250
5516.9,32320.0,6078.2,32815.6,0.7250
14499.9,23040.0,15035.2,23466.7,0.7248
1293.0,24819.6,1918.8,25271.9,0.7248
2296.3,64201.6,2424.0,64319.7,0.7248
15347.9,49673.3,15486.0,50084.8,0.7247
1600.1,62293.0,1724.6,62400.0,0.7246
10940.1,27574.2,11520.0,27840.0,0.7245
983.8,11832.9,1598.5,12160.0,0.7244
11545.3,34193.0,12160.0,34556.4,0.7243
2167.6,38088.6,2559.3,38507.9,0.7242
11927.5,23570.9,12479.5,23999.9,0.7242
4644.2,42240.2,4799.3,42383.3,0.7241
4804.4,37659.4,5440.0,38080.0,0.7240
12194.1,27084.0,12795.6,27515.9,0.7238
15870.7,59840.0,16000.0,60266.1,0.7236
3439.2,25487.1,3840.0,25914.1,0.7236
7107.8,27102.3,7677.9,27518.4,0.7235
4486.1,52325.9,4798.7,52798.0,0.7235
14127.6,5132.6,14716.3,5568.8,0.7234
14422.1,28818.3,15034.5,29177.9,0.7234
1602.6,68363.2,1739.7,68448.5,0.7234
559.5,1789.5,640.0,2235.7,0.7233
1054.7,29682.9,1596.2,30080.0,0.7231
16640.0,48792.3,16730.0,48960.0,0.7231
6455.1,18115.9,6720.0,18553.1,0.7231
12211.3,47363.2,12790.0,47864.1,0.7230
6826.2,7682.1,7038.1,7944.9,0.7229
9316.6,227.6,9917.3,640.0,0.7228
13320.5,22884.8,13756.5,23359.6,0.7228
1712.1,28522.2,2233.6,29017.2,0.7226
7467.5,34518.5,7994.3,34880.0,0.7226
16058.3,42243.3,16626.5,42728.4,0.7225
8801.2,17643.2,9276.6,18240.0,0.7225
9315.0,8545.2,9914.2,8960.0,0.7224
6176.9,23534.8,6399.4,23999.5,0.7224
2875.5,17283.2,3199.8,17715.8,0.7223
14149.6,41489.4,14235.7,41901.6,0.7222
378.4,41527.2,955.8,41920.0,0.7222
10106.1,25600.0,10239.8,25749.1,0.7222
8762.7,23876.2,9275.5,24316.7,0.7222
2055.5,63680.0,2240.0,64298.2,0.7220
17637.1,35651.4,18174.8,36154.9,0.7216
44.9,39977.1,638.6,40320.0,0.7214
6817.4,63520.7,7360.0,63993.3,0.7213
5828.8,28162.1,6079.0,28571.6,0.7213
12580.0,42394.7,13115.5,42877.8,0.7212
6739.1,34154.9,7360.0,34559.8,0.7212
16009.3,68996.2,16320.0,69120.0,0.7212
1341.6,39221.5,1916.1,39670.6,0.7211
5576.9,6412.4,6076.2,6838.8,0.7209
9673.4,5302.0,10231.9,5759.0,0.7207
12211.1,22400.0,12480.0,22906.1,0.7206
9669.1,30928.6,10240.0,31360.0,0.7203
2351.4,695.7,2879.9,960.0,0.7201
3372.5,6725.5,3840.0,7175.0,0.7200
16176.3,16052.3,16320.0,16640.0,0.7200
6404.4,34565.4,7040.0,34979.2,0.7200
2625.4,6083.1,3195.9,6607.7,0.7199
4805.6,47239.5,5437.4,47676.9,0.7199
6291.1,40852.1,6717.6,41280.0,0.7198
16000.0,53122.0,16469.9,53717.8,0.7197
1948.8,63680.0,2494.9,64215.6,0.7197
15586.6,48067.0,15724.5,48319.6,0.7194
10037.1,34712.0,10550.1,35123.1,0.7193
13167.7,44333.4,13758.1,44796.1,0.7191
601.7,20811.6,959.7,21182.2,0.7191
17560.0,15325.2,18174.1,15680.0,0.7190
6801.1,23705.9,7037.5,24000.0,0.7190
11969.7,40862.5,12478.7,41280.0,0.7189
17589.6,13120.4,18171.8,13536.6,0.7184
15861.6,23185.0,16000.0,23674.5,0.7184
12251.6,46400.0,12479.7,46824.1,0.7183
4573.8,1832.2,5101.8,2240.0,0.7183
2297.9,24642.2,2560.0,24935.5,0.7182
9286.0,25166.1,9916.1,25595.6,0.7181
13123.8,18240.0,13757.3,18683.8,0.7180
7164.5,12008.8,7359.9,12240.6,0.7180
4230.1,23680.6,4479.6,23970.3,0.7177
10981.1,47045.4,11519.2,47578.1,0.7177
5664.8,44837.8,6080.0,45436.0,0.7174
15267.3,18560.0,15680.0,19027.8,0.7174
7135.8,10676.3,7678.0,11197.9,0.7174
842.6,26003.6,960.0,26239.0,0.7173
12480.0,21673.3,13106.0,22080.0,0.7172
9678.4,46930.1,10239.0,47359.7,0.7171
14738.0,33424.2,15357.2,33920.0,0.7169
3357.4,16320.9,3519.7,16705.4,0.7169
3200.0,39393.0,3818.9,39680.0,0.7168
526.3,176.5,640.0,640.0,0.7166
13504.9,40353.3,14072.7,40745.5,0.7166
3942.8,24640.0,4158.7,25091.2,0.7165
7567.0,15197.3,7680.0,15674.6,0.7164
13226.7,45613.1,13740.5,46079.3,0.7162
15143.5,42885.3,15680.0,43495.6,0.7162
5304.2,34319.6,5440.0,34764.7,0.7161
10984.7,37890.4,11200.0,38080.0,0.7161
4160.9,4060.5,4256.9,4160.0,0.7160
11665.9,23223.2,12156.4,23680.0,0.7159
17085.8,25698.4,17278.9,26023.1,0.7159
14328.6,17367.2,14400.0,17599.3,0.7159
3561.5,27419.0,4155.9,27840.0,0.7158
15196.6,29830.6,15678.6,30399.1,0.7158
410.9,30964.6,640.0,31360.0,0.7154
8754.8,4489.4,9277.4,4787.4,0.7154
3337.6,16960.0,3519.1,17445.7,0.7154
8960.3,14950.5,9599.1,15360.0,0.7152
5852.2,37218.0,6396.1,37595.6,0.7152
13188.3,2815.2,13755.9,3199.9,0.7151
11469.6,43522.6,11840.0,44058.3,0.7149
5920.6,8327.1,6400.0,8816.8,0.7148
8023.3,26215.6,8635.9,26560.0,0.7147
10572.3,29622.0,11200.0,30078.7,0.7144
7057.9,65856.2,7663.9,66240.0,0.7144
16324.5,52874.3,16640.0,53440.0,0.7143
14720.0,35155.2,15358.7,35514.7,0.7142
10935.1,18241.6,11199.8,18536.0,0.7138
3738.4,8470.9,4160.0,8867.7,0.7138
17830.2,23538.4,17920.0,23997.3,0.7137
9330.5,50242.6,9600.0,50616.4,0.7135
15392.1,48068.8,15727.6,48319.9,0.7134
10269.5,42645.3,10876.1,43037.2,0.7134
6869.7,7043.0,7038.4,7279.1,0.7134
4881.4,35841.2,5118.4,36157.0,0.7133
8344.2,36740.2,8957.3,37120.0,0.7132
379.1,20234.9,639.9,20561.1,0.7130
12368.6,53443.5,12800.0,53905.0,0.7130
7154.0,22858.9,7680.0,23358.3,0.7129
2352.9,2704.1,2880.0,3039.7,0.7129
5617.1,21763.0,6080.0,22264.6,0.7128
1192.0,8000.9,1279.5,8196.2,0.7128
17603.6,40856.6,17919.4,41280.0,0.7127
10933.8,34383.3,11517.4,34876.3,0.7127
10436.3,24967.0,10560.0,25202.8,0.7126
15910.3,60180.5,15999.6,60637.3,0.7126
3530.3,2561.3,4155.8,3016.0,0.7126
14777.9,39579.8,15359.3,40000.0,0.7124
7444.2,9393.4,7995.3,9913.2,0.7122
1019.1,38980.3,1596.9,39360.0,0.7121
11984.9,44495.5,12478.1,44839.8,0.7120
13833.0,22402.3,14079.0,22652.5,0.7120
9309.5,34922.0,9600.0,35212.5,0.7118
6080.0,60161.8,6219.1,60656.2,0.7118
1494.7,59178.0,1599.9,59520.0,0.7117
12624.4,36473.5,12799.5,36800.0,0.7113
8452.1,33101.3,8960.0,33535.9,0.7112
16335.2,8860.3,16954.9,9280.0,0.7111
15360.0,13484.1,16000.0,13760.0,0.7110
3520.2,35530.6,4158.3,35840.0,0.7109
13824.1,49583.9,14080.0,49920.0,0.7108
11200.5,15040.0,11836.7,15283.3,0.7106
2667.5,27354.8,3194.7,27840.0,0.7104
6259.7,28391.5,6713.3,28800.0,0.7103
14092.1,50566.3,14399.4,50881.7,0.7103
6824.0,8410.6,7356.3,8957.7,0.7103
1952.9,41922.9,2234.3,42105.9,0.7102
15049.7,14310.4,15676.1,14717.8,0.7102
11532.7,40000.0,12129.7,40339.9,0.7102
14110.5,47258.9,14718.7,47680.0,0.7102
2925.3,63040.8,3087.0,63203.1,0.7100
1156.3,20993.8,1596.0,21435.4,0.7099
2622.8,29764.1,3200.0,30014.7,0.7093
12907.3,43142.0,13440.0,43520.0,0.7091
16652.8,61448.4,16775.5,61891.5,0.7090
13658.3,36484.6,14080.0,36954.2,0.7089
6812.7,42211.6,7360.0,42560.0,0.7089
15502.8,37599.2,15679.8,38029.5,0.7089
4937.6,3940.9,5440.0,4160.0,0.7088
10916.3,33191.4,11516.5,33600.0,0.7088
15602.1,28229.5,16000.0,28799.5,0.7086
4885.7,47740.6,5439.7,48320.0,0.7085
6808.4,37550.2,7359.7,38080.0,0.7084
2883.5,26416.6,3516.6,26878.4,0.7084
13133.5,17606.9,13758.6,18014.8,0.7082
1934.6,3750.2,2558.1,4157.1,0.7080
7465.6,16964.2,7997.7,17241.6,0.7077
3425.9,2560.0,3520.0,3084.6,0.7077
16065.1,43860.9,16637.0,44152.8,0.7077
6506.9,13001.5,7040.0,13439.9,0.7076
13506.8,33260.4,14076.1,33600.0,0.7076
1435.5,644.6,1899.1,932.2,0.7076
9282.0,45645.5,9747.4,46080.0,0.7075
15917.1,31789.8,16320.0,32317.3,0.7074
4.5,22603.5,638.5,23031.2,0.7074
3015.9,20357.8,3200.0,20791.6,0.7074
8960.0,11520.0,9583.1,11990.8,0.7073
14713.8,19116.6,15040.0,19520.0,0.7073
12852.0,29298.4,13439.5,29753.1,0.7072
12455.8,22727.5,12799.8,23117.8,0.7071
5786.0,22047.4,6398.6,22400.0,0.7070
12187.8,33154.7,12800.0,33598.2,0.7068
49.7,31593.3,637.7,32000.0,0.7068
69.5,65110.6,633.5,65599.2,0.7068
11066.8,30400.0,11199.7,30877.7,0.7066
1325.0,24321.6,1600.0,24599.4,0.7065
963.3,10188.9,1101.9,10556.7,0.7064
17038.7,39466.1,17599.4,39622.5,0.7060
21.8,5123.3,638.7,5618.0,0.7059
12657.0,54667.3,13106.8,55040.0,0.7057
3303.6,54735.1,3518.8,55040.0,0.7056
16108.1,44206.1,16313.2,44387.8,0.7055
2950.4,50564.3,3199.3,51110.0,0.7055
5262.8,40601.0,5756.0,40960.0,0.7055
8149.4,9600.0,8320.0,9991.2,0.7054
3563.1,30585.7,4160.0,31038.0,0.7054
14005.1,29761.5,14400.0,30291.1,0.7053
16728.1,24445.9,16959.7,24697.2,0.7053
2311.5,18244.5,2880.0,18733.0,0.7052
10849.0,33282.2,11197.4,33682.6,0.7052
12482.9,20805.4,13117.7,20936.8,0.7052
8393.4,44249.8,8951.8,44800.0,0.7051
1773.5,323.7,2240.0,796.7,0.7051
16672.9,51187.4,17278.4,51520.0,0.7051
15070.2,14403.1,15358.5,14813.4,0.7050
16975.6,45168.1,17598.7,45405.6,0.7049
11777.5,15095.0,12159.1,15360.0,0.7048
722.7,37122.2,960.0,37304.3,0.7047
20.3,2482.8,637.0,2880.0,0.7047
12180.5,39343.7,12794.4,39680.0,0.7046
9605.0,43818.2,10239.1,44156.4,0.7046
8413.5,33927.2,8958.2,34366.3,0.7045
4268.9,35313.6,4798.0,35838.7,0.7045
11692.4,23360.0,11839.8,23575.1,0.7045
9281.4,46400.7,9388.5,46526.0,0.7045
7921.0,40985.9,8320.0,41600.0,0.7043
3273.6,38720.0,3837.7,39287.6,0.7041
9091.3,13195.2,9588.5,13760.0,0.7039
12817.9,24557.4,13427.4,24953.8,0.7037
16748.5,60944.7,17273.0,61440.0,0.7037
17731.6,26880.4,17919.0,27055.1,0.7035
7299.4,28670.9,7680.0,29118.5,0.7033
6080.6,34564.8,6296.0,34772.7,0.7033
7059.0,23274.4,7676.2,23680.0,0.7033
3200.0,50240.9,3425.9,50702.6,0.7032
10261.1,44438.7,10878.8,44799.9,0.7031
15680.0,50880.9,16218.5,51100.4,0.7030
15477.2,38721.0,15541.9,39004.3,0.7028
15775.4,28875.9,16320.0,29440.0,0.7027
12502.1,41303.6,13120.0,41600.0,0.7027
8692.8,28962.0,9275.4,29433.3,0.7026
11535.9,1780.0,12156.0,2238.9,0.7026
10245.9,36727.5,10877.3,37120.0,0.7025
17577.3,32214.4,18176.0,32640.0,0.7025
10989.1,32154.5,11198.9,32633.5,0.7024
5848.6,4160.0,6397.6,4349.0,0.7024
4576.9,35709.3,5119.2,36156.6,0.7021
14475.0,19409.0,15040.0,19840.0,0.7020
5979.1,64002.1,6153.9,64149.9,0.7019
12163.5,52038.1,12800.0,52480.0,0.7017
14294.3,38729.9,14720.0,39237.6,0.7016
4247.4,43841.7,4799.1,44320.6,0.7016
7130.9,5434.8,7314.0,5754.3,0.7015
4765.5,42566.3,5118.3,42879.4,0.7014
12904.4,19942.2,13428.7,20468.4,0.7013
16002.6,28266.1,16156.7,28786.7,0.7013
8945.3,23531.1,9280.0,24000.0,0.7012
14624.3,14738.2,14719.4,15220.0,0.7012
17599.2,13442.9,17851.8,13642.9,0.7011
1178.4,3843.4,1280.0,4188.2,0.7011
7503.1,6400.0,7679.3,6642.6,0.7009
5167.9,25606.6,5756.2,26136.6,0.7008
5124.8,25920.0,5755.2,26198.0,0.7008
6404.4,25011.2,7038.1,25280.0,0.7008
17318.8,1286.6,17917.6,1755.6,0.7007
16425.0,16026.6,16638.7,16337.4,0.7006
17525.6,19528.5,17920.0,19980.9,0.7006
3445.9,61036.9,3520.0,61439.0,0.7004
7026.0,37126.7,7360.0,37589.0,0.7003
14677.5,15680.6,14939.9,15944.0,0.7002
4418.3,40960.3,4800.0,41434.1,0.7001
13869.2,32227.9,14400.0,32640.0,0.7000
0.0,11324.1,157.8,11840.0,0.7000
9944.1,20895.8,10557.7,21313.1,0.6999
17297.9,28070.8,17918.5,28480.0,0.6998
5850.1,2352.3,6398.6,2878.2,0.6998
17129.3,7361.5,17279.1,7603.4,0.6994
8103.1,16567.2,8636.3,16960.0,0.6993
12819.1,7056.0,13425.1,7379.3,0.6991
7050.4,29873.4,7587.6,30400.0,0.6990
5940.4,7037.0,6080.0,7354.7,0.6990
1485.5,48134.4,1599.1,48528.7,0.6990
5120.0,35520.8,5308.5,35598.0,0.6990
2023.1,8000.0,2556.8,8476.3,0.6989
6405.0,40000.0,7038.9,40200.9,0.6989
11054.0,7794.0,11518.5,8309.8,0.6989
3369.2,3951.0,3519.2,4007.8,0.6989
4469.3,41422.0,4800.0,41915.2,0.6988
2964.2,7702.2,3199.2,8120.8,0.6988
1580.4,23729.4,1920.0,24316.8,0.6987
16859.4,68323.8,16959.3,68778.2,0.6986
13765.8,1259.7,14394.6,1599.6,0.6986
9920.0,35203.0,10558.0,35554.6,0.6986
2632.3,23042.0,2879.5,23326.9,0.6985
1457.7,30650.0,1916.8,31040.0,0.6984
3072.5,54452.1,3146.6,54895.9,0.6984
6776.4,44468.6,7359.7,44800.0,0.6983
3627.5,2114.8,4160.0,2559.8,0.6983
14504.8,37210.6,15032.7,37747.5,0.6983
10561.7,20400.3,11200.0,20797.1,0.6982
9033.4,34681.9,9561.0,35199.6,0.6980
1883.9,33608.0,2240.0,34038.3,0.6980
4839.2,35809.9,5433.4,36160.0,0.6978
15419.1,40962.3,15679.6,41206.6,0.6977
13825.8,47553.6,14400.0,47995.2,0.6976
1318.0,9189.3,1918.9,9335.1,0.6975
16365.1,31861.1,16956.6,32316.3,0.6974
495.2,3411.5,960.0,3840.0,0.6973
12673.4,14404.1,12800.0,14586.2,0.6973
18010.7,11245.7,18176.0,11516.8,0.6972
6721.6,64321.3,6860.5,64489.7,0.6972
9921.1,45121.6,10375.3,45267.9,0.6972
7117.1,60800.0,7360.0,61408.1,0.6972
3368.6,5643.5,3840.0,6080.0,0.6968
8065.8,40644.2,8320.0,40948.2,0.6966
13573.3,28229.1,14075.9,28480.0,0.6965
15577.5,48072.8,15682.9,48640.0,0.6965
1964.0,4698.2,2558.4,5120.0,0.6965
2066.5,39040.0,2558.4,39503.2,0.6963
8337.6,34468.0,8957.9,34880.0,0.6961
4866.4,53440.0,5120.0,54064.5,0.6961
3685.8,34880.2,4160.0,35338.4,0.6960
465.2,41315.3,946.0,41600.0,0.6959
3373.2,4008.8,3519.4,4159.3,0.6958
6182.8,9370.2,6718.2,9920.0,0.6957
3865.6,46404.6,4160.0,46674.7,0.6957
12178.0,48203.1,12797.7,48636.1,0.6957
11287.5,48725.5,11833.0,49259.1,0.6956
752.0,36165.8,1280.0,36708.0,0.6954
578.5,36055.8,960.0,36479.7,0.6953
3358.5,32003.9,3520.0,32459.3,0.6952
2563.2,44429.3,3200.0,44764.7,0.6951
10327.1,36491.8,10880.0,36927.6,0.6951
16050.3,39267.9,16638.9,39675.0,0.6949
13589.3,21010.4,14079.4,21440.0,0.6949
10302.3,31238.2,10873.8,31677.8,0.6949
15360.2,47785.4,15541.1,48000.0,0.6948
9994.2,24656.1,10547.8,25014.2,0.6946
1658.7,34241.1,2236.0,34757.0,0.6946
5440.0,62996.5,5879.3,63360.0,0.6945
6418.4,19101.3,7035.3,19520.0,0.6944
16047.1,48448.7,16160.9,48639.9,0.6944
13506.8,47369.2,14078.9,47986.8,0.6944
2501.8,57185.7,2855.6,57600.0,0.6943
2794.6,58562.3,2879.6,58754.2,0.6941
11357.4,42936.7,11837.0,43518.0,0.6941
7052.9,2785.8,7675.5,3199.8,0.6938
2629.1,35774.5,3198.7,36160.0,0.6938
8772.1,49611.8,9275.6,50045.6,0.6938
11362.7,18785.6,11840.0,19200.0,0.6936
3088.9,34889.7,3510.4,35227.4,0.6936
17689.4,26886.5,18172.3,27512.2,0.6935
15180.7,18560.5,15358.9,18636.5,0.6935
15188.6,30081.8,15675.7,30536.7,0.6932
535.1,38290.7,602.6,38399.6,0.6932
6816.6,6713.1,7358.7,7039.2,0.6932
8794.4,25176.2,9280.0,25600.0,0.6930
417.1,55364.5,648.6,55516.6,0.6929
1012.4,37968.8,1598.6,38400.0,0.6927
1714.5,41620.7,1919.9,41936.7,0.6925
12531.5,48572.9,13116.7,48958.7,0.6921
14413.8,50248.5,14904.5,50641.4,0.6921
3077.0,54444.7,3200.0,54720.0,0.6918
14400.0,17981.7,14504.0,18402.5,0.6918
13202.8,23362.7,13758.0,23896.5,0.6916
2224.2,11523.7,2560.0,12013.6,0.6915
1004.8,22312.2,1596.2,22717.7,0.6913
12587.7,32477.9,13120.0,32954.5,0.6913
4539.3,40317.1,5120.0,40581.1,0.6908
10928.7,38298.5,11514.2,38720.0,0.6908
7181.4,9287.8,7359.2,9601.4,0.6906
2945.5,14400.3,3026.9,14500.3,0.6906
1858.6,53358.6,1994.7,53760.0,0.6904
17829.3,11092.9,17919.9,11515.2,0.6904
13760.1,52161.3,13957.4,52269.9,0.6904
697.0,34243.4,1278.3,34691.4,0.6904
11863.6,28386.1,12480.0,28799.8,0.6902
7102.2,47680.0,7675.1,48127.7,0.6902
12193.4,22083.0,12800.0,22482.4,0.6902
10005.0,4715.0,10556.8,5118.0,0.6902
8006.2,27114.0,8473.0,27520.0,0.6902
1282.7,9771.9,1629.2,10237.8,0.6901
15.7,18020.7,640.0,18239.6,0.6901
131.8,55468.9,541.3,56000.0,0.6901
5760.0,14357.2,6397.1,14720.0,0.6899
5519.3,33923.8,6078.0,34429.6,0.6898
16527.1,40746.6,16960.0,40953.8,0.6898
7451.5,36574.7,7997.3,37120.0,0.6898
15819.3,35802.4,16318.7,36159.0,0.6896
5828.8,10560.0,6396.8,10974.9,0.6895
7803.3,13986.3,8316.9,14400.0,0.6895
7633.2,38080.0,8000.0,38528.4,0.6894
6458.1,5120.0,6720.0,5654.0,0.6894
10275.0,11116.9,10869.9,11520.0,0.6892
15733.3,35102.0,16317.2,35518.6,0.6892
7065.9,9186.3,7676.5,9600.0,0.6892
3205.0,11388.6,3837.6,11833.9,0.6891
7615.4,27416.3,7680.0,27838.2,0.6890
202.1,24964.9,635.7,25393.8,0.6889
13167.5,33497.4,13758.0,33920.0,0.6889
14720.0,50238.4,14819.1,50552.0,0.6888
11325.7,14789.0,11838.3,15037.5,0.6888
9004.3,49921.6,9280.0,50225.1,0.6887
4494.5,32529.7,5119.8,32960.0,0.6886
14644.2,41600.3,14793.2,41963.1,0.6886
15447.5,45506.3,15996.6,46079.7,0.6886
11242.2,38010.1,11838.3,38400.0,0.6884
8801.2,22080.0,9279.9,22597.4,0.6884
15054.6,31200.2,15677.7,31677.9,0.6884
17333.0,22408.3,17599.7,22738.7,0.6884
8753.6,1284.8,9269.4,1653.8,0.6880
599.8,39353.7,957.5,39680.0,0.6879
16001.9,51362.3,16113.0,51520.0,0.6878
6725.8,17974.6,7356.9,18303.6,0.6878
2147.4,42394.1,2560.0,42875.6,0.6877
11298.6,31870.8,11838.5,32320.0,0.6877
3353.1,3520.0,3520.0,3560.5,0.6877
9965.8,49310.6,10558.2,49844.9,0.6876
224.6,22402.4,640.0,22739.0,0.6874
765.5,15518.7,959.7,15994.3,0.6874
8054.4,24123.8,8634.0,24636.0,0.6872
1938.8,29596.8,2557.5,30072.4,0.6869
1493.8,7364.7,1919.1,7721.0,0.6869
14720.8,20038.3,14974.4,20480.0,0.6869
1605.6,52758.0,2102.9,53000.0,0.6868
17541.8,23040.0,18173.4,23207.3,0.6867
13717.0,36905.8,14080.0,37440.0,0.6867
15382.3,35456.3,15999.0,35840.0,0.6867
3005.0,14722.1,3516.3,15073.7,0.6866
16642.8,44653.4,16896.3,44798.8,0.6865
400.5,41621.8,638.2,42020.3,0.6865
4669.4,8216.9,5118.3,8640.0,0.6864
10283.5,20162.0,10560.0,20643.3,0.6864
17039.4,41280.6,17598.7,41909.6,0.6862
4481.5,21441.5,4595.3,21640.1,0.6860
2880.0,62057.7,3430.1,62343.6,0.6860
11919.7,50366.3,12474.8,50877.5,0.6859
10286.6,24328.5,10872.0,24774.9,0.6859
4961.9,14306.4,5120.0,14720.0,0.6859
9046.3,37818.3,9600.0,38400.0,0.6859
3261.2,23042.9,3838.3,23524.6,0.6859
6642.8,10245.3,7040.0,10726.2,0.6858
14109.5,10560.3,14718.3,10776.5,0.6858
9945.2,20386.1,10556.8,20800.0,0.6858
17537.4,9183.1,18165.0,9600.0,0.6857
9528.6,24531.3,9919.8,24960.0,0.6854
16760.4,19147.8,17280.0,19520.0,0.6852
3200.0,58266.9,3284.7,58560.0,0.6852
14400.0,56228.0,14542.0,56639.6,0.6852
7440.2,46863.0,7999.8,47360.0,0.6851
405.6,48492.3,956.3,48960.0,0.6851
13780.8,3424.8,14399.7,3840.0,0.6850
10766.8,16326.5,11200.0,16734.3,0.6848
3447.1,5120.0,3840.0,5547.4,0.6847
14800.5,41340.0,15354.3,41597.9,0.6846
16323.5,24476.0,16790.0,24955.7,0.6845
15454.4,24005.2,15997.0,24398.0,0.6844
5514.0,22720.0,6079.2,23066.4,0.6843
1298.7,3534.2,1917.4,3881.8,0.6843
11656.1,26504.5,11739.1,26880.0,0.6841
4557.0,47048.7,5104.8,47671.8,0.6840
15365.5,18560.0,16000.0,18964.1,0.6840
14324.5,21761.3,14720.0,22362.8,0.6840
4985.6,3840.0,5119.6,4241.6,0.6840
3272.5,21760.0,3839.3,22229.5,0.6839
10186.5,18734.9,10560.0,19198.9,0.6837
2971.5,33004.7,3199.0,33353.2,0.6837
3431.3,21875.2,3840.0,22395.2,0.6837
4639.1,11203.0,4799.5,11431.0,0.6837
12907.5,20160.0,13435.4,20409.4,0.6836
16961.0,16960.0,17429.4,17055.6,0.6835
7686.3,15479.9,8157.9,16000.0,0.6835
15421.3,27241.0,15997.5,27837.2,0.6833
17.0,37455.8,640.0,37806.8,0.6833
10165.5,11693.0,10558.1,12160.0,0.6832
9912.6,47044.5,10240.0,47443.4,0.6830
3615.7,34249.9,3840.0,34517.6,0.6830
12248.0,14917.5,12797.5,15358.0,0.6830
12168.7,31040.0,12793.3,31366.2,0.6828
4495.7,14724.7,5117.3,15079.3,0.6828
10623.6,16735.5,11196.3,17274.1,0.6826
11749.2,32649.4,11839.3,33087.9,0.6826
4536.3,32858.2,5116.2,33276.0,0.6826
2822.1,6724.5,3200.0,7163.8,0.6826
9921.9,39683.9,10361.4,40053.3,0.6823
5781.0,42491.9,6398.5,42880.0,0.6820
1719.9,67645.8,1920.0,67839.0,0.6819
13528.4,50978.6,14080.0,51513.4,0.6816
14416.7,5658.4,15038.2,6080.0,0.6815
4978.2,26881.7,5439.4,27104.8,0.6814
9294.0,23200.3,9918.7,23678.5,0.6812
13906.3,53484.1,14398.2,54080.0,0.6812
10699.5,26253.7,11200.0,26791.1,0.6804
324.4,18219.3,899.1,18560.0,0.6804
5293.7,960.0,5756.5,1397.4,0.6804
2150.3,18243.6,2560.0,18752.5,0.6803
10142.7,37652.6,10240.0,38065.3,0.6803
1366.7,3842.1,1600.0,3980.0,0.6803
15963.6,50240.9,16181.6,50369.5,0.6803
13442.3,37763.9,13809.1,38057.7,0.6802
5517.3,49476.7,6068.8,49920.0,0.6802
3313.0,59754.2,3484.4,60160.0,0.6802
1920.0,59445.7,1993.2,59811.2,0.6801
16966.8,29647.1,17596.5,30080.0,0.6800
1947.7,8956.3,2560.0,9280.0,0.6800
11224.9,45760.0,11837.5,46247.9,0.6799
7042.5,65088.7,7149.0,65274.4,0.6798
8148.4,23937.0,8627.3,24320.0,0.6798
7415.2,28164.4,7997.7,28666.0,0.6798
17636.8,24913.3,18170.4,25277.1,0.6797
8272.0,8015.1,8640.0,8449.7,0.6796
11520.1,7656.2,12160.0,8000.0,0.6796
320.3,16544.6,959.5,16960.0,0.6794
729.8,46081.9,959.7,46564.9,0.6794
3393.7,12162.2,3520.0,12326.7,0.6791
8375.5,10885.8,8640.0,11122.7,0.6791
12808.7,40228.3,13436.6,40637.5,0.6788
17644.3,30735.2,18174.4,31178.5,0.6786
17635.7,21602.3,18173.4,22080.0,0.6782
2295.6,12801.9,2861.7,13018.3,0.6782
2936.6,15360.0,3199.1,15532.7,0.6780
10270.4,28698.1,10560.0,29021.3,0.6780
3202.7,59695.0,3327.6,60157.9,0.6779
3268.6,11840.0,3838.5,12275.6,0.6778
2082.0,61811.9,2239.6,62259.8,0.6778
15364.4,34479.6,15996.9,34880.0,0.6777
13772.4,6092.8,14390.0,6439.8,0.6777
7620.2,65193.9,7995.9,65600.0,0.6775
4289.8,36893.6,4479.7,37431.7,0.6775
5495.8,20763.5,6076.5,21120.0,0.6775
3768.1,50435.5,3840.0,50680.2,0.6774
7772.0,23526.3,7999.4,23984.0,0.6773
11583.6,35748.8,12150.9,36158.3,0.6773
3669.6,28805.3,4159.1,29271.0,0.6773
1829.9,60338.3,1920.0,60799.3,0.6771
16002.3,10880.2,16305.2,11082.6,0.6771
14590.9,37441.4,15033.0,37723.9,0.6770
2353.3,38034.7,2874.5,38400.0,0.6769
10585.4,30385.6,10813.8,30718.8,0.6769
1835.2,32250.5,2240.0,32640.0,0.6768
6157.9,34567.8,6718.3,34994.7,0.6768
13200.0,15288.4,13759.7,15680.0,0.6768
13144.3,43882.7,13671.7,44238.3,0.6767
1995.1,30139.8,2239.6,30399.5,0.6765
6720.0,61661.9,6972.3,62079.8,0.6764
10644.0,22401.4,11197.5,22910.7,0.6764
11760.5,36485.5,12160.0,37038.1,0.6764
9656.8,18455.8,10233.5,18880.0,0.6763
16148.5,17602.6,16318.5,17804.7,0.6763
8053.4,12358.0,8638.1,12800.0,0.6763
7181.4,16639.4,7678.5,16960.0,0.6761
14779.5,20826.1,15358.0,21331.0,0.6761
16642.9,45704.0,16737.5,46049.5,0.6760
4376.0,6253.5,4480.0,6720.0,0.6759
332.9,29972.5,957.0,30400.0,0.6758
12343.0,17920.0,12797.6,18174.3,0.6758
16838.8,26681.8,16957.9,26905.6,0.6754
10249.7,42536.1,10875.7,42880.0,0.6753
7698.7,17351.3,8320.0,17600.0,0.6753
8391.3,24115.3,8956.9,24630.7,0.6752
3455.8,40560.3,3840.0,40960.0,0.6751
3907.7,24514.8,4160.0,24960.0,0.6750
13607.0,6038.9,14075.8,6398.3,0.6750
646.9,61120.0,960.0,61756.1,0.6749
10246.3,44911.1,10559.0,45439.9,0.6748
7919.5,14733.6,8318.2,15188.3,0.6747
13548.7,43520.8,13759.2,43708.1,0.6745
1601.4,31690.5,1975.2,32123.8,0.6744
7604.2,28483.6,8000.0,28975.5,0.6743
10663.7,7653.7,11196.5,8000.0,0.6743
3403.8,42370.9,3520.0,42661.5,0.6743
1923.1,33285.5,2559.4,33718.2,0.6742
8894.1,39695.2,9172.7,39869.6,0.6742
9729.8,39589.5,10238.3,40000.0,0.6741
11241.5,31680.8,11520.0,32134.9,0.6741
744.9,38425.0,958.1,38720.0,0.6740
13663.5,23875.9,14080.0,24320.0,0.6740
17284.9,28711.2,17919.1,29120.0,0.6740
15360.0,48322.5,15418.8,48509.6,0.6740
17319.6,64659.9,17917.7,64960.0,0.6738
14655.6,26249.3,15040.0,26725.0,0.6737
8320.4,22879.1,8957.9,23358.3,0.6735
1908.5,23365.1,2240.0,23705.4,0.6733
11525.0,30080.0,12160.0,30578.8,0.6732
590.6,1924.6,960.0,2443.2,0.6731
7360.0,14758.8,7633.1,15037.6,0.6730
14206.6,37313.3,14720.0,37760.0,0.6730
8019.4,19114.4,8637.7,19520.0,0.6730
8649.9,1652.4,9278.2,1920.0,0.6728
2384.1,9405.3,2880.0,9914.6,0.6726
17695.1,34484.0,18174.3,34880.0,0.6725
18081.1,48895.8,18174.2,49280.0,0.6724
11668.2,27027.8,12160.0,27304.8,0.6724
14680.7,15481.4,15035.7,15987.1,0.6723
9280.0,2818.1,9915.8,3200.0,0.6723
16690.3,25173.0,17274.9,25600.0,0.6722
9928.6,41605.0,10558.1,41993.3,0.6720
11141.9,52160.0,11520.0,52673.7,0.6720
3761.2,20371.7,3839.9,20800.0,0.6718
6080.8,46646.5,6715.2,47036.9,0.6718
11925.3,43248.6,12477.4,43808.5,0.6718
12966.5,21552.1,13440.0,22080.0,0.6717
649.7,6955.0,1278.8,7360.0,0.6716
9240.2,48655.0,9600.0,48960.7,0.6715
16034.4,15454.6,16142.7,15994.6,0.6715
11235.8,26162.1,11837.1,26560.0,0.6714
6797.9,15364.4,7039.9,15924.9,0.6713
1608.1,62437.8,2198.6,62720.0,0.6712
1263.9,20802.1,1600.0,21267.0,0.6711
3647.0,22720.0,4157.2,23185.4,0.6710
3127.8,2244.3,3520.0,2683.6,0.6710
6206.6,10615.4,6399.1,10864.2,0.6710
15697.2,34251.0,16317.6,34635.9,0.6709
15737.3,24203.3,16320.0,24636.7,0.6709
13672.6,42976.2,13759.1,43290.0,0.6709
3840.5,63680.2,4236.0,63980.9,0.6709
8675.7,24000.0,9273.6,24461.9,0.6708
15580.0,51433.6,15655.7,51840.0,0.6708
736.9,36176.7,959.7,36586.0,0.6707
14290.4,47555.7,14718.9,47875.8,0.6706
15429.8,19764.6,16000.0,20118.4,0.6705
9280.5,31280.2,9491.2,31680.0,0.6704
17917.6,8320.9,18065.1,8420.8,0.6703
1156.0,29123.5,1600.0,29538.6,0.6703
11397.3,28069.0,11519.5,28480.0,0.6702
18075.2,51317.0,18159.3,51671.7,0.6702
15059.9,33137.1,15680.0,33589.9,0.6702
4919.3,55588.7,5431.3,56000.0,0.6701
4481.6,61761.8,4639.9,61931.1,0.6701
15214.5,34961.5,15358.8,35199.3,0.6699
11334.2,30080.1,11838.0,30528.6,0.6699
1957.6,51520.1,2557.2,51860.3,0.6697
17349.2,65438.8,17916.7,65919.4,0.6697
1920.9,2660.0,2288.1,2880.0,0.6695
4916.3,53764.2,5118.8,54158.3,0.6695
2314.3,45587.2,2880.0,46063.9,0.6694
4501.4,19756.0,5119.6,20160.0,0.6694
4241.2,16047.0,4794.8,16320.0,0.6693
6080.0,60136.6,6167.1,60478.6,0.6691
13767.9,48059.3,14289.9,48320.0,0.6691
8421.4,45984.4,8960.0,46400.0,0.6691
17368.7,31686.7,17920.0,31997.6,0.6691
12821.9,49600.7,13119.9,49800.6,0.6690
3840.0,3436.5,3944.1,3831.7,0.6689
12800.3,31539.7,13437.4,31993.5,0.6686
3202.3,60206.8,3308.1,60480.0,0.6683
448.3,22400.6,639.0,22554.9,0.6683
322.2,52789.8,439.4,53091.4,0.6683
12523.5,29035.3,13118.2,29440.0,0.6682
14847.6,30148.8,15360.0,30398.3,0.6682
6080.6,2919.6,6718.6,3265.5,0.6680
961.8,64061.5,1073.4,64320.0,0.6680
16503.2,10563.7,16640.0,11010.2,0.6679
7817.5,42566.8,7999.6,42935.2,0.6679
993.7,5763.9,1280.0,6046.8,0.6674
6120.4,11520.2,6400.0,11648.3,0.6674
2880.0,2782.9,3230.3,2924.4,0.6674
2880.0,52484.3,2996.9,52907.0,0.6672
42.7,12174.7,635.9,12508.7,0.6672
15086.3,27723.9,15673.6,28160.0,0.6671
3842.2,22584.1,4222.7,23039.6,0.6671
12828.5,27563.1,13440.0,27840.0,0.6670
11528.1,18483.0,12155.7,18880.0,0.6670
9463.0,36483.1,9917.0,36936.6,0.6669
16783.6,47360.0,16922.9,47865.2,0.6668
656.3,2571.2,1279.0,2880.0,0.6667
11203.9,51077.8,11635.3,51520.0,0.6667
3215.2,0.0,3831.8,457.3,0.6666
14966.3,40003.7,15357.4,40318.0,0.6665
17480.5,11713.9,17911.9,12013.5,0.6664
13133.4,18445.7,13759.0,18874.5,0.6664
4041.0,55360.0,4160.0,55472.1,0.6664
1015.1,962.5,1597.9,1399.0,0.6663
3207.8,51857.3,3661.8,52160.0,0.6663
11128.1,40006.3,11520.0,40481.8,0.6662
1216.3,61120.0,1567.8,61632.6,0.6662
5231.1,30976.8,5760.0,31360.0,0.6662
5677.0,64321.2,5759.4,64455.6,0.6660
12971.1,54721.6,13440.0,55323.3,0.6659
2044.4,5777.6,2239.5,6256.8,0.6659
11640.3,49647.1,12160.0,49920.0,0.6659
14080.0,11475.9,14717.9,11840.0,0.6659
1692.5,21762.0,2240.0,22220.6,0.6656
0.0,35840.0,337.3,36065.9,0.6655
4995.3,43339.5,5120.0,43835.6,0.6654
16359.1,35433.7,16958.6,35840.0,0.6654
4615.5,26465.1,5117.3,26879.5,0.6654
7367.2,7360.5,7997.4,7757.6,0.6654
14655.6,31150.9,15040.0,31680.0,0.6653
13418.7,21779.9,13760.0,22201.6,0.6653
16962.0,18257.4,17442.8,18560.0,0.6650
12136.0,26560.0,12478.9,27197.9,0.6649
13760.0,42106.9,14391.4,42558.3,0.6649
10880.5,52480.9,10989.2,52586.8,0.6649
82.1,24842.1,637.1,25277.6,0.6647
3520.1,24000.0,4144.5,24249.5,0.6647
2652.6,39681.3,2879.4,40041.5,0.6645
13761.0,41282.7,13849.8,41427.8,0.6645
9600.3,13044.3,9970.6,13440.0,0.6645
1432.9,2460.3,1599.4,2880.0,0.6644
12001.6,48004.7,12476.8,48430.3,0.6644
9280.0,22406.2,9583.7,22607.1,0.6643
15718.7,7040.0,16318.4,7382.6,0.6641
2321.4,25166.7,2875.2,25600.0,0.6639
3075.9,59850.4,3480.6,60137.8,0.6639
7659.3,36428.3,8000.0,36798.1,0.6639
1206.8,35425.9,1600.0,35838.6,0.6639
10037.7,27657.0,10557.6,28156.7,0.6637
16001.6,19219.6,16382.5,19286.0,0.6637
7412.3,46392.8,7996.0,46720.0,0.6635
0.5,32640.1,624.9,32960.0,0.6635
16021.6,31703.4,16640.0,32000.0,0.6634
2599.0,10381.1,3200.0,10880.0,0.6633
3659.5,48805.6,4156.2,49280.0,0.6633
7259.4,10169.7,7680.0,10560.0,0.6633
0.8,18518.6,440.0,18762.0,0.6633
1731.4,38863.0,2235.3,39352.5,0.6632
3201.7,55611.8,3351.3,55837.1,0.6632
4232.1,42437.9,4800.0,42880.0,0.6632
7099.8,32928.3,7676.5,33280.0,0.6630
12327.5,22938.1,12479.9,23358.6,0.6630
508.0,29120.0,639.5,29542.7,0.6630
4543.8,13582.8,5112.0,14076.1,0.6630
5.0,5460.5,640.0,5760.0,0.6630
15360.5,48590.4,15417.6,48906.0,0.6627
11204.6,30213.2,11839.3,30716.4,0.6627
12906.5,48772.5,13111.6,48960.0,0.6627
11259.6,18887.1,11520.0,19173.6,0.6625
5398.2,57174.8,5477.5,57588.8,0.6623
6290.3,58647.7,6399.3,58879.7,0.6618
6080.0,2408.3,6720.0,2876.6,0.6616
1436.4,45856.8,1917.0,46399.6,0.6615
5605.7,35398.1,6077.4,35840.0,0.6614
12885.3,3059.2,13433.7,3518.7,0.6613
1921.9,11200.0,2257.7,11438.6,0.6612
8990.3,15575.3,9596.1,16000.0,0.6612
9298.6,15940.0,9918.7,16320.0,0.6612
2956.2,3497.9,3200.0,3706.5,0.6611
13476.1,31335.1,14072.3,31680.0,0.6610
2463.4,57615.5,2559.2,58098.1,0.6609
17651.9,31514.6,18175.2,31992.5,0.6609
11995.6,30181.1,12475.6,30720.0,0.6609
7454.4,41280.0,7997.8,41887.3,0.6607
960.3,10778.9,1455.4,11200.0,0.6605
4162.2,52333.8,4575.3,52796.8,0.6605
7284.9,39709.9,7680.0,40304.6,0.6605
9365.5,35523.9,9920.0,36018.8,0.6605
8670.1,28698.6,9278.6,29120.0,0.6603
4965.5,40531.9,5431.3,40945.9,0.6603
2242.5,965.4,2340.5,1430.6,0.6603
14731.4,24338.2,15359.8,24640.0,0.6602
15987.4,30401.6,16318.6,30808.5,0.6602
645.8,22080.0,1136.2,22483.2,0.6602
382.5,14902.5,954.7,15359.3,0.6602
9246.3,43016.9,9600.0,43519.6,0.6601
6434.6,27171.7,7028.2,27510.3,0.6601
6903.6,24006.6,7040.0,24159.4,0.6601
9983.0,2747.5,10559.4,3197.7,0.6601
350.4,34117.8,960.0,34555.9,0.6600
17160.5,26563.6,17279.8,26814.9,0.6597
12161.5,53472.0,12241.8,53648.1,0.6597
2987.5,7687.0,3520.0,8211.0,0.6597
10089.5,23686.1,10560.0,24195.9,0.6595
4382.8,57202.7,4800.0,57600.0,0.6595
11529.5,16350.1,12160.0,16640.0,0.6595
5198.6,11206.6,5757.5,11656.5,0.6594
330.0,25513.1,683.3,25918.2,0.6594
12372.8,29445.5,12800.0,29760.0,0.6593
5441.6,48000.8,6077.1,48451.5,0.6593
226.9,11852.8,640.0,12230.4,0.6592
16010.3,48504.0,16152.7,48956.4,0.6591
776.3,63046.2,1264.1,63503.2,0.6590
5828.0,59112.2,6395.8,59520.0,0.6588
15539.2,19580.4,16000.0,19840.0,0.6588
15384.1,33600.0,15657.4,33652.9,0.6588
13810.0,18757.1,14398.2,19196.7,0.6588
5690.5,29034.1,5759.6,29434.4,0.6587
2908.2,28044.9,3520.0,28480.0,0.6585
2915.5,55689.5,3218.1,56017.3,0.6583
16640.0,1600.0,16805.2,2058.5,0.6583
5509.6,44703.9,6074.0,45120.0,0.6582
1190.2,61123.3,1280.0,61403.5,0.6582
8073.6,48544.3,8638.2,48960.0,0.6581
16324.5,37477.2,16960.0,37748.0,0.6581
8393.9,53226.0,8952.7,53760.0,0.6580
7457.6,24330.9,7999.4,24720.5,0.6580
5760.0,12726.1,6397.5,13120.0,0.6579
16371.3,61985.7,16957.3,62400.0,0.6579
328.1,6722.4,583.6,6931.2,0.6578
7040.3,28136.7,7120.9,28276.6,0.6578
14559.1,15319.7,15034.6,15680.0,0.6577
8013.5,40486.8,8635.9,40954.7,0.6577
1324.1,17308.4,1918.2,17914.3,0.6577
12294.9,54306.2,12480.0,54720.0,0.6575
3869.2,28223.4,4160.0,28672.4,0.6575
881.0,62128.8,959.5,62398.4,0.6575
15682.0,45461.5,16310.2,45760.0,0.6570
16087.5,22955.9,16639.8,23359.4,0.6570
3472.6,8964.5,3840.0,9371.4,0.6568
2.6,2880.0,622.1,3127.8,0.6566
16320.4,47040.0,16504.7,47210.4,0.6565
8263.4,6721.9,8637.7,6875.2,0.6565
4489.6,33204.6,5120.0,33600.0,0.6565
15436.8,38734.9,15997.8,39202.4,0.6565
7680.9,29676.7,8319.8,30080.0,0.6564
14705.7,47619.3,15038.5,47999.6,0.6563
15680.0,37993.7,16296.5,38400.0,0.6562
2764.1,47934.3,3191.0,48320.0,0.6556
11900.8,5121.4,12478.7,5586.0,0.6556
15705.9,27541.5,16318.6,27965.7,0.6556
4482.4,13078.5,5120.0,13440.0,0.6556
5609.7,3201.1,5759.6,3362.1,0.6555
13829.8,14279.3,14385.4,14718.4,0.6554
1370.6,3209.8,1917.1,3818.1,0.6553
4064.4,65925.5,4160.0,66449.1,0.6552
17409.0,3845.5,17600.0,4148.1,0.6550
16646.0,49284.5,17060.3,49634.4,0.6549
5791.7,34620.0,6079.0,34877.7,0.6547
12243.5,53441.6,12480.0,53833.3,0.6547
2240.7,31360.6,2395.5,31473.2,0.6547
16386.6,4379.9,16955.4,4800.0,0.6547
8331.8,24648.2,8959.8,25121.5,0.6546
4480.0,64652.3,4648.0,65202.7,0.6545
16373.8,2240.0,16640.0,2681.8,0.6545
12481.2,49182.4,12970.2,49598.4,0.6545
504.0,60800.0,640.0,61397.8,0.6545
16332.3,48824.6,16640.0,49145.9,0.6545
12166.7,21669.1,12796.1,22080.0,0.6544
14721.0,12175.3,15360.0,12578.2,0.6544
3841.3,46722.0,4200.9,47355.0,0.6544
2240.3,67431.4,2331.4,67519.1,0.6543
3609.2,26256.5,3840.0,26873.1,0.6540
2606.1,41808.9,3200.0,42240.0,0.6539
3583.7,52481.0,3702.9,52580.6,0.6538
15772.6,15101.2,16317.6,15679.8,0.6536
8323.0,25512.0,8957.3,25920.0,0.6536
14400.9,26909.4,15038.9,27200.0,0.6535
3268.0,31588.6,3839.8,32000.0,0.6535
12250.8,29921.1,12800.0,30396.4,0.6534
961.1,67840.2,1408.4,67988.1,0.6534
3203.3,15697.4,3575.8,16246.3,0.6531
5003.7,38570.8,5439.6,39037.9,0.6531
4334.2,65354.2,4479.7,65920.0,0.6530
8334.0,960.0,8960.0,1314.1,0.6529
1009.1,2564.3,1280.0,2986.8,0.6529
4573.4,29987.1,5112.7,30400.0,0.6526
17281.0,49967.7,17664.4,50228.8,0.6526
4433.5,45767.5,4800.0,46131.9,0.6525
7285.8,30622.9,7680.0,31040.0,0.6524
12573.9,36161.1,13110.5,36339.1,0.6523
3295.7,26752.0,3837.9,27195.8,0.6521
423.2,4482.1,639.9,4680.3,0.6521
17470.3,27841.4,17600.0,28040.9,0.6520
12800.0,42260.2,13311.2,42859.5,0.6519
17601.3,31208.7,18173.4,31678.8,0.6518
7104.2,30267.1,7679.6,30720.0,0.6518
3120.0,50240.4,3199.1,50426.6,0.6518
8024.8,10337.4,8319.8,10880.0,0.6518
14078.3,30724.3,14400.0,31235.5,0.6517
13760.0,23685.7,14200.9,24296.5,0.6517
16002.2,43926.5,16397.5,44142.2,0.6517
10021.3,23040.0,10559.2,23506.6,0.6515
11840.0,16579.3,12477.1,16960.0,0.6514
12019.0,54724.0,12476.7,55146.9,0.6514
16961.6,16646.1,17370.2,16965.3,0.6513
8323.0,19209.7,8960.0,19520.0,0.6512
15121.3,889.0,15674.5,1280.0,0.6511
421.9,8584.0,640.0,8960.0,0.6511
16396.7,53028.9,16960.0,53437.8,0.6511
6358.6,24004.9,6720.0,24451.0,0.6511
2882.1,58962.3,2962.8,59451.3,0.6511
3385.4,42906.0,3836.4,43271.4,0.6510
13192.7,23680.0,13758.9,24309.6,0.6510
8762.7,7169.8,9279.5,7647.6,0.6508
3372.6,26327.0,3840.0,26880.0,0.6508
5648.5,40961.9,6080.0,41487.9,0.6506
11965.4,41921.7,12476.1,42295.2,0.6506
10666.1,46232.2,10880.0,46393.4,0.6504
14012.8,37621.9,14400.0,38080.0,0.6504
13475.9,19200.0,14077.0,19704.4,0.6503
7344.7,38081.9,7680.0,38273.1,0.6503
8113.3,46628.1,8639.0,46979.2,0.6503
5068.5,12160.0,5438.1,12641.3,0.6500
695.0,16856.4,1278.5,17280.0,0.6499
1970.4,20304.3,2555.7,20798.6,0.6499
16774.7,48644.1,16861.1,49138.8,0.6497
16295.1,33920.0,16638.7,34551.1,0.6495
5183.0,33860.4,5755.5,34240.0,0.6494
15771.8,24326.4,16000.0,24611.8,0.6494
715.3,50053.9,1278.0,50239.5,0.6494
9049.3,36480.0,9594.3,36935.9,0.6492
1812.5,29742.4,1920.0,30075.4,0.6491
2049.2,30090.4,2560.0,30400.0,0.6491
14400.9,30021.2,14741.6,30391.2,0.6490
8253.4,47732.0,8320.0,47996.4,0.6490
14632.5,21512.7,15036.8,21759.6,0.6488
3302.9,30720.5,3518.1,30992.9,0.6487
5440.0,58880.8,5563.0,58978.4,0.6486
1464.8,8721.7,1600.0,9277.7,0.6486
10881.3,13089.2,11217.9,13438.4,0.6486
1530.2,48703.6,1599.9,48959.0,0.6485
2241.0,53579.1,2332.5,53718.1,0.6484
7043.6,62405.1,7196.4,62813.8,0.6483
13897.0,46271.1,14399.4,46720.0,0.6482
10560.0,8560.8,11195.1,8960.0,0.6481
9925.9,24960.0,10502.1,25400.5,0.6481
3531.5,63095.7,4150.4,63353.4,0.6479
474.9,29344.2,640.0,29760.0,0.6479
5760.2,2560.0,6400.0,2953.7,0.6479
3965.2,4136.0,4045.6,4239.2,0.6477
7380.9,8875.9,7996.5,9280.0,0.6476
5832.5,45440.0,6399.4,46015.4,0.6475
8693.4,49601.2,8960.0,49969.8,0.6474
16756.2,21330.9,17279.3,21760.0,0.6473
501.3,38704.8,893.1,39040.0,0.6473
2323.1,838.2,2868.8,1273.1,0.6471
9380.2,15360.4,9917.1,15786.8,0.6469
12242.9,49468.6,12795.0,49918.2,0.6469
16464.2,40324.1,16554.1,40539.7,0.6468
5904.3,59423.1,6400.0,59840.0,0.6466
17604.3,37543.9,18174.3,38053.6,0.6466
3846.6,22233.9,4480.0,22716.8,0.6466
3520.0,60182.6,3621.5,60612.6,0.6465
8414.4,35200.4,8639.7,35528.9,0.6465
3303.7,17223.2,3840.0,17600.0,0.6464
6219.8,11472.6,6720.0,11840.0,0.6464
11918.6,28009.2,12480.0,28479.4,0.6462
0.3,64869.5,640.0,65276.1,0.6461
5395.9,57280.0,5479.3,57469.4,0.6461
16318.2,35520.0,16640.0,36040.0,0.6461
1282.1,16566.5,1919.1,16960.0,0.6461
4519.4,41464.1,5117.0,41920.0,0.6460
11307.8,29026.8,11835.6,29439.6,0.6459
1922.3,2011.3,2357.8,2237.9,0.6458
16242.5,26880.3,16640.0,27321.2,0.6458
12161.7,18224.8,12480.0,18557.5,0.6455
11239.0,4611.3,11840.0,5103.4,0.6453
16820.3,46307.6,16958.9,46400.0,0.6452
15196.6,25314.5,15360.0,25813.7,0.6452
12576.0,35119.8,13116.3,35519.8,0.6452
387.7,20543.8,640.0,21111.5,0.6451
7505.5,40751.9,7679.3,41154.7,0.6451
826.9,57531.7,1278.4,57886.9,0.6450
16027.3,22918.8,16318.8,23360.0,0.6450
2456.4,47364.5,2559.3,47575.7,0.6450
11200.0,16320.0,11836.4,16675.6,0.6449
1793.0,63041.0,2046.2,63181.2,0.6448
6578.2,64321.5,7033.3,64795.9,0.6447
1667.0,13771.7,2237.1,14252.6,0.6447
2751.3,50588.2,2864.7,51142.2,0.6444
1536.9,41144.8,1599.8,41585.5,0.6443
16466.4,22720.5,16640.0,23282.1,0.6443
4293.6,51520.0,4480.0,52160.0,0.6443
17291.3,19247.9,17595.6,19549.0,0.6443
17908.3,17084.4,18106.5,17118.7,0.6441
960.0,23044.0,1295.1,23201.0,0.6441
724.3,20350.1,1275.8,20800.0,0.6440
5538.6,27624.1,6080.0,28160.0,0.6438
12985.0,32000.0,13436.0,32103.3,0.6437
10320.3,41922.3,10559.1,42434.2,0.6436
685.7,20486.2,960.0,20843.4,0.6436
14188.6,48477.3,14715.8,48958.9,0.6435
2621.8,60160.0,2879.0,60592.6,0.6434
13791.3,24960.0,13982.2,25502.4,0.6432
17467.2,51873.1,17920.0,52398.3,0.6431
1342.3,26554.5,1600.0,26880.0,0.6431
5771.4,22931.4,6400.0,23360.0,0.6431
9340.4,46051.8,9600.0,46400.0,0.6430
3843.7,64968.7,4166.9,65451.7,0.6430
377.4,35404.4,954.2,35835.4,0.6429
3520.0,59522.5,3584.6,59692.7,0.6429
9991.6,47680.0,10560.0,48103.4,0.6428
8431.1,26570.4,8942.0,26978.2,0.6427
3990.8,65920.0,4476.0,66550.2,0.6426
16641.4,68525.3,17009.0,68800.0,0.6425
2191.5,39360.0,2560.0,39817.2,0.6424
7040.0,46400.0,7234.0,46563.7,0.6423
5932.5,5327.8,6398.4,5760.0,0.6423
15403.2,31615.4,15994.4,32000.0,0.6423
9341.9,26698.5,9918.8,27115.4,0.6420
9378.7,29344.2,9916.2,29760.0,0.6420
6806.5,1761.6,7355.5,2143.7,0.6419
14772.2,21340.2,15358.1,21760.0,0.6419
15884.6,60165.4,16317.9,60480.0,0.6418
2509.8,19235.2,2880.0,19818.7,0.6415
458.1,33600.0,639.7,34191.4,0.6414
14078.7,21218.9,14397.5,21438.9,0.6414
7387.6,63100.0,7995.9,63360.0,0.6413
3478.0,20723.6,3836.2,21120.0,0.6412
5299.1,56497.4,5574.9,56948.3,0.6412
2241.8,48894.7,2749.5,49280.0,0.6410
1201.3,43201.4,1280.0,43665.9,0.6410
10243.8,51118.2,10853.5,51520.0,0.6410
8246.9,7129.6,8320.0,7358.6,0.6410
5222.9,32161.2,5759.4,32632.6,0.6410
2240.5,44270.8,2877.3,44686.4,0.6409
10242.5,8960.0,10878.2,9392.7,0.6409
6535.3,34250.8,7036.8,34682.1,0.6407
8227.5,6221.2,8320.0,6399.7,0.6405
3220.4,60254.3,3348.7,60800.0,0.6405
21.6,56065.9,639.7,56320.0,0.6404
15571.3,42500.4,15998.9,42879.0,0.6404
10032.6,15693.5,10560.0,16000.0,0.6402
1442.3,8053.3,1919.2,8318.8,0.6401
786.5,18880.2,956.2,18972.0,0.6401
17282.0,46101.9,17704.9,46400.0,0.6400
10386.3,27521.2,10877.3,27896.3,0.6400
1118.7,58624.8,1279.5,58880.0,0.6400
11076.5,15629.7,11199.4,15975.4,0.6398
1922.4,3200.0,2378.7,3685.4,0.6395
11848.2,52027.8,12478.7,52480.0,0.6393
5809.1,21488.3,6080.0,21914.8,0.6392
5808.9,7680.0,6396.3,8171.5,0.6392
6928.7,47699.3,7357.5,48000.0,0.6392
7040.0,46573.7,7150.3,46718.6,0.6391
14687.0,42004.2,15040.0,42214.0,0.6391
4496.5,28487.3,5119.1,28903.3,0.6390
6434.7,27478.0,7037.8,27840.0,0.6385
4962.3,39132.0,5439.5,39364.1,0.6384
396.5,35526.8,639.7,35951.7,0.6384
6165.0,13764.7,6719.2,14254.9,0.6382
3234.6,28002.0,3839.0,28471.0,0.6382
10831.0,49149.7,11199.5,49600.0,0.6381
10162.8,22295.6,10560.0,22720.0,0.6379
17844.3,34656.3,18174.5,35200.0,0.6379
1965.1,44808.7,2557.4,45080.2,0.6379
16640.0,48561.0,16719.5,48760.4,0.6378
2900.8,38725.6,3519.7,39102.4,0.6377
16233.9,44425.0,16634.6,44649.6,0.6376
11245.6,40079.8,11835.9,40558.2,0.6375
14726.0,51200.0,15209.8,51320.2,0.6374
1623.8,68431.2,2239.8,68800.0,0.6372
12057.6,36795.7,12159.7,37120.0,0.6372
14082.1,42903.3,14397.4,43199.3,0.6371
683.4,29975.8,1274.8,30400.0,0.6371
17850.9,29440.3,18175.2,29911.7,0.6371
16366.4,48960.5,16677.4,49156.7,0.6369
10686.2,50240.8,10876.9,50428.1,0.6367
7195.9,63364.9,7360.0,63844.6,0.6367
16415.5,34002.5,16959.6,34556.0,0.6366
8846.1,24624.0,9279.6,24960.0,0.6365
10885.6,16726.5,11199.1,17184.2,0.6364
3154.6,59467.0,3508.6,59840.0,0.6362
244.8,20526.3,635.7,20882.5,0.6360
1984.2,14155.2,2560.0,14720.0,0.6358
14120.3,33212.4,14718.3,33600.0,0.6358
13089.2,36492.8,13424.7,36793.7,0.6357
11200.0,51438.7,11837.5,51840.0,0.6356
13666.0,14213.3,14079.4,14720.0,0.6356
5440.3,24000.0,5927.2,24460.7,0.6355
17280.0,12395.8,17917.5,12800.0,0.6355
3056.0,22722.2,3199.2,22897.3,0.6354
5183.4,32040.0,5438.4,32319.3,0.6354
15701.6,44804.0,16318.3,45239.6,0.6353
17375.1,38616.0,17599.9,39039.7,0.6352
15669.3,5582.7,16000.0,6076.8,0.6351
15884.5,40000.5,16000.0,40260.4,0.6351
510.1,32767.8,960.0,33278.4,0.6350
16646.5,51391.0,17280.0,51838.7,0.6350
2291.6,36419.6,2880.0,36798.9,0.6349
4582.0,23503.6,5120.0,23993.5,0.6349
17741.7,48846.6,18170.9,49277.6,0.6349
5217.8,32968.5,5755.6,33417.1,0.6349
1394.2,42241.5,1600.0,42446.6,0.6348
1280.4,48320.4,1430.6,48523.0,0.6348
1005.3,17777.9,1596.9,18239.2,0.6347
5264.8,5155.6,5440.0,5691.4,0.6345
4867.2,55561.4,5114.4,55877.6,0.6344
8000.0,51203.1,8636.2,51565.5,0.6342
11129.6,12828.0,11520.0,13440.0,0.6342
960.0,3468.5,1597.4,3840.0,0.6341
5120.0,43059.2,5758.8,43513.7,0.6341
14173.5,30314.8,14720.0,30509.8,0.6340
9559.2,31127.2,9920.0,31358.9,0.6340
7845.3,64954.4,8000.0,65277.6,0.6340
15833.3,48640.3,15925.2,48913.2,0.6335
16683.3,21645.8,17277.1,22048.8,0.6333
16320.0,69121.6,16514.9,69224.5,0.6333
14813.0,15366.5,15038.7,15706.1,0.6332
1968.9,46242.9,2548.2,46718.4,0.6332
10326.6,50808.3,10871.4,51200.0,0.6330
2242.7,54063.9,2476.3,54383.2,0.6328
7357.8,5460.5,7678.8,5753.4,0.6326
18029.5,13643.1,18176.0,14080.0,0.6326
2783.2,66116.1,3195.1,66557.9,0.6326
11547.2,29943.9,12160.0,30394.1,0.6325
10720.5,20895.5,10878.1,21432.7,0.6325
11758.9,13126.7,12150.9,13523.9,0.6324
2341.7,27200.7,2560.0,27407.7,0.6323
2921.5,10560.0,3502.9,10790.3,0.6323
9600.0,37020.7,10231.2,37440.0,0.6322
4517.6,24225.1,4799.7,24630.2,0.6322
2099.9,45150.0,2405.2,45440.0,0.6321
1743.4,57827.9,1903.5,58237.8,0.6321
4876.2,6971.6,5439.6,7359.1,0.6320
641.8,62486.5,1060.3,63036.9,0.6319
11271.8,27045.9,11840.0,27472.9,0.6318
13821.1,32472.2,14398.0,32960.0,0.6317
3196.3,51282.0,3432.2,51517.9,0.6317
2641.6,20515.8,2878.4,20839.1,0.6317
38.5,35728.6,627.9,36155.6,0.6316
4376.6,5353.7,4793.6,5760.0,0.6316
10976.1,28265.3,11516.3,28797.9,0.6316
14080.0,43603.0,14499.2,44160.0,0.6315
1280.0,11136.5,1385.9,11520.0,0.6314
5780.8,47902.3,6395.8,48320.0,0.6314
16653.8,63740.2,17278.6,64000.0,0.6314
17410.3,802.3,17918.4,1251.1,0.6313
10016.0,33795.8,10559.7,34239.4,0.6312
646.2,32961.8,960.0,33414.9,0.6312
17286.4,47861.3,17917.7,48124.3,0.6311
16678.5,67840.8,16960.0,68331.1,0.6311
14774.1,610.2,15353.2,960.0,0.6310
5760.0,58984.8,5854.2,59515.5,0.6309
320.0,65280.0,627.0,65474.2,0.6308
7682.8,8824.0,8222.4,9276.1,0.6306
6956.1,39779.3,7038.8,40140.7,0.6304
4392.1,42255.9,4717.5,42423.0,0.6303
8640.9,46721.3,8740.0,46820.5,0.6300
5505.3,46404.4,6067.3,46720.0,0.6299
17552.8,5440.8,17920.0,5856.8,0.6299
4161.7,57643.6,4389.4,58142.7,0.6298
6508.7,8000.0,6719.7,8582.9,0.6296
1046.0,398.5,1279.5,960.0,0.6296
18113.1,50247.3,18176.0,50873.6,0.6295
6721.1,8320.0,7040.0,8844.6,0.6294
4481.0,43412.9,4895.8,43840.0,0.6293
10887.4,43059.3,11519.6,43520.0,0.6290
6084.4,42263.1,6585.7,42651.2,0.6288
2259.4,32325.1,2875.3,32817.9,0.6288
16806.9,39040.6,16960.0,39129.3,0.6288
11327.6,41282.0,11519.8,41464.2,0.6287
7043.2,16161.6,7228.7,16636.9,0.6287
9601.5,38720.0,10238.7,38997.7,0.6286
17361.0,28482.9,17920.0,28962.7,0.6285
6418.3,13447.5,7036.7,13815.2,0.6285
12187.2,31861.8,12797.0,32315.7,0.6285
15683.8,33258.0,16317.2,33600.0,0.6284
5516.3,32642.1,5759.6,32825.2,0.6279
16962.1,41604.2,17598.7,41957.0,0.6278
3722.7,4485.2,3840.0,5006.6,0.6277
7753.7,34691.4,8319.5,35200.0,0.6273
10912.8,33828.8,11514.8,34240.0,0.6272
16875.3,13161.7,16959.5,13437.6,0.6270
15360.0,41607.2,15553.6,42073.4,0.6270
1747.6,23569.3,2238.8,23996.0,0.6268
5840.5,27672.1,6398.4,28156.6,0.6268
121.9,37761.4,627.7,38006.5,0.6265
1281.8,22400.0,1683.6,22901.0,0.6265
3846.2,43718.8,4158.2,44157.3,0.6263
13032.2,43709.5,13119.8,44153.4,0.6263
4164.6,10071.7,4659.8,10560.0,0.6262
5516.3,6947.0,6074.4,7360.0,0.6260
1148.1,8851.7,1243.4,9275.2,0.6258
3719.1,47359.3,3839.4,47680.0,0.6258
4809.5,24538.1,5440.0,24960.0,0.6257
8172.5,14080.0,8613.2,14246.1,0.6257
11291.8,50342.4,11840.0,50880.0,0.6257
17156.3,34070.8,17280.0,34547.4,0.6257
15324.7,16973.4,15680.0,17454.5,0.6257
3967.2,11206.1,4419.2,11515.6,0.6256
10281.6,51521.1,10560.0,51808.9,0.6254
8589.6,7743.1,8960.0,8320.0,0.6253
15758.7,15040.0,15999.5,15618.8,0.6253
4160.4,904.5,4785.3,1279.5,0.6252
2240.0,63879.4,2395.1,64318.7,0.6251
3404.6,47682.6,3840.0,48216.8,0.6250
3228.9,40000.0,3519.3,40353.2,0.6249
16981.4,12017.1,17599.0,12473.9,0.6249
6430.2,1924.2,6719.5,2219.3,0.6249
2880.0,62729.7,3063.3,63229.3,0.6249
12877.1,23781.1,13428.4,24320.0,0.6248
17907.4,44262.8,17978.9,44449.9,0.6248
10712.8,45446.7,10880.0,45909.2,0.6246
16089.4,23114.8,16640.0,23680.0,0.6246
9600.5,36481.1,9687.5,36574.2,0.6245
5527.3,27214.1,5758.5,27614.2,0.6245
3490.4,52160.7,3715.1,52588.1,0.6243
9834.9,37124.7,10240.0,37652.6,0.6242
3215.0,34721.9,3840.0,35197.0,0.6242
4287.7,25154.6,4480.0,25595.6,0.6241
12263.7,40641.0,12795.8,41054.0,0.6240
15040.0,46263.6,15149.0,46614.9,0.6239
8325.6,41006.3,8959.0,41280.0,0.6238
1734.5,42560.5,1919.2,42724.4,0.6238
2423.5,40967.8,2879.6,41239.1,0.6237
2565.1,28054.5,3199.5,28480.0,0.6236
646.4,15269.4,1279.3,15680.0,0.6236
684.4,1865.1,1273.1,2240.0,0.6234
5455.5,43133.8,6073.9,43509.4,0.6234
5784.6,24960.0,6080.0,25585.8,0.6233
4165.4,27075.8,4615.0,27520.0,0.6233
11529.8,48587.2,12160.0,48960.0,0.6233
3501.1,45563.8,3838.2,45760.0,0.6233
13761.8,51908.2,14398.9,52160.0,0.6233
7368.0,59130.5,7993.4,59520.0,0.6232
3520.0,60111.8,3602.6,60480.0,0.6231
7386.8,5453.8,7999.9,5760.0,0.6230
6407.3,66047.2,6718.1,66239.0,0.6229
1800.0,62930.2,1918.5,63040.0,0.6229
7147.9,34240.0,7664.2,34711.2,0.6229
1600.0,66253.9,1791.2,66875.1,0.6228
8487.4,5849.2,8956.5,6400.0,0.6226
1325.3,43457.4,1920.0,43840.0,0.6224
16713.9,11200.0,16959.5,11725.7,0.6222
1716.5,37025.8,2236.4,37439.7,0.6221
11840.0,15040.1,12477.8,15512.6,0.6220
15506.0,46004.8,15630.8,46399.7,0.6219
319.7,60165.6,639.1,60554.1,0.6218
477.8,31360.0,934.4,31576.4,0.6218
10560.3,51425.1,11183.8,51840.0,0.6217
12427.4,45762.6,12800.0,46025.7,0.6217
1611.8,18648.6,1920.0,19191.4,0.6216
2903.7,34562.7,3515.8,35005.2,0.6215
1966.8,58158.7,2559.2,58559.7,0.6213
2001.9,26562.6,2240.0,27068.6,0.6212
8223.5,7101.6,8319.5,7521.5,0.6212
4480.0,46072.7,4943.1,46400.0,0.6211
14502.8,38880.2,15040.0,39354.2,0.6211
11724.1,40739.7,12157.7,41083.0,0.6211
16336.1,27522.5,16956.7,27987.5,0.6209
17751.7,48672.7,17994.5,48960.0,0.6208
15900.9,49394.3,16000.0,49600.0,0.6208
7091.9,18122.6,7680.0,18556.8,0.6208
193.5,58252.1,634.2,58560.0,0.6207
14629.9,18883.5,14720.0,19495.2,0.6205
7617.1,34037.7,8000.0,34559.6,0.6204
16412.5,17759.7,16638.6,18150.9,0.6204
9303.4,18243.0,9918.2,18738.5,0.6203
4258.8,1795.7,4479.3,2236.7,0.6202
17280.0,49920.5,17469.9,49971.9,0.6201
2086.7,62083.5,2557.1,62566.7,0.6200
16235.6,39051.7,16639.6,39345.5,0.6200
556.1,56796.6,640.0,57276.4,0.6200
2011.1,62929.7,2135.7,63040.0,0.6200
6403.7,5463.6,6547.1,6018.1,0.6199
6725.2,15880.5,7092.1,16320.0,0.6199
12801.7,38401.5,13041.9,38903.0,0.6197
17352.0,26049.7,17917.6,26556.9,0.6197
10928.6,1401.9,11515.1,1917.3,0.6195
4264.3,30927.9,4793.8,31358.9,0.6195
1609.8,48168.9,2236.1,48637.8,0.6195
4160.0,17609.8,4792.1,18054.6,0.6192
1315.9,31993.6,1920.0,32320.0,0.6189
3528.8,38030.5,4160.0,38400.0,0.6188
14739.5,36869.6,15039.8,37271.0,0.6186
2161.6,66870.6,2240.0,67197.1,0.6185
17548.2,36161.6,18175.0,36607.5,0.6184
6963.9,28160.0,7360.0,28679.7,0.6183
7043.3,45120.0,7418.2,45655.2,0.6182
7833.5,31747.3,8314.3,32317.6,0.6182
5505.0,22412.3,6069.4,22934.2,0.6182
388.9,449.1,933.8,959.6,0.6182
15041.8,25282.9,15483.0,25600.0,0.6182
16008.8,18148.9,16640.0,18560.0,0.6181
1840.6,29440.6,2239.7,29888.8,0.6181
12884.7,43373.5,13119.6,43836.1,0.6179
14929.6,51842.9,15356.3,52429.2,0.6177
16430.1,60225.7,16954.7,60800.0,0.6177
5338.9,41153.3,5760.0,41593.1,0.6177
7360.0,16961.9,7485.0,17381.2,0.6176
16112.5,12927.5,16320.0,13437.2,0.6175
4167.6,43521.2,4800.0,43943.7,0.6174
13812.0,42882.1,14397.1,43291.2,0.6173
17360.4,28319.7,17917.1,28796.7,0.6171
2325.6,34420.2,2880.0,34880.0,0.6170
640.9,27389.7,1276.1,27838.9,0.6170
8724.6,7853.0,9279.2,8318.1,0.6170
3720.0,55141.8,4016.0,55359.5,0.6168
5567.7,8520.4,6080.0,8960.0,0.6168
12605.3,19530.2,12799.9,19923.5,0.6168
12940.6,17184.6,13438.7,17511.4,0.6168
6712.0,8108.8,7040.0,8556.2,0.6168
7372.5,23272.4,7998.4,23680.0,0.6167
2496.4,12901.2,2880.0,13429.8,0.6167
5141.5,21575.1,5756.7,22075.8,0.6166
1921.7,62162.7,2007.2,62397.3,0.6166
11956.1,38827.8,12475.1,39358.5,0.6164
9740.3,50564.7,9919.2,50933.2,0.6163
11659.8,41601.0,11838.9,41784.4,0.6163
2242.9,63685.6,2486.7,64196.1,0.6163
15485.2,17454.5,16000.0,17916.3,0.6162
8643.7,18447.5,9101.9,18845.1,0.6162
2265.6,1460.4,2877.5,1920.0,0.6161
15384.4,31240.7,15998.6,31675.7,0.6161
5752.3,56708.5,5881.1,56959.1,0.6161
8735.8,42902.1,9276.8,43422.1,0.6161
8332.2,14757.4,8956.5,15040.0,0.6161
11955.6,13442.9,12158.1,13664.6,0.6160
10242.2,24008.8,10593.2,24452.7,0.6158
724.5,45826.1,954.1,46400.0,0.6158
10483.2,51305.7,10880.0,51839.7,0.6156
9600.0,35522.2,10228.2,35964.7,0.6155
14951.0,19841.8,15039.0,20074.0,0.6155
467.2,43200.4,902.7,43535.9,0.6155
702.9,9726.9,1278.3,10229.6,0.6154
8461.2,42240.3,8640.0,42870.9,0.6152
962.0,32640.2,1335.6,32801.2,0.6151
6879.7,7450.9,7358.6,7847.8,0.6151
2746.6,65926.5,2880.0,66495.4,0.6149
4847.3,2141.7,5439.3,2556.6,0.6148
383.0,12620.0,956.1,13116.8,0.6147
13504.6,32985.4,14078.9,33410.9,0.6147
6400.0,12485.0,6874.7,12912.4,0.6147
3811.4,66141.8,4033.1,66240.0,0.6146
7683.9,42728.7,8318.5,43197.6,0.6146
11361.1,17939.8,11835.0,18240.0,0.6143
8029.1,28648.8,8639.4,29116.6,0.6142
640.0,41112.8,1116.2,41594.0,0.6141
1545.1,41160.5,1909.3,41594.3,0.6141
12480.0,51840.0,13116.0,52203.1,0.6141
3843.6,475.7,4445.7,955.1,0.6141
14809.5,133.3,15355.1,636.0,0.6140
8002.0,13122.6,8405.9,13534.4,0.6138
1687.6,4801.5,1919.9,5144.9,0.6137
6090.0,28852.5,6720.0,29119.7,0.6132
12252.2,7894.3,12793.6,8320.0,0.6131
12175.8,17139.8,12800.0,17595.0,0.6131
3868.4,21120.0,4159.0,21607.7,0.6130
14376.9,52658.0,14718.0,53120.0,0.6130
2329.3,52278.0,2393.6,52480.0,0.6130
12800.0,23018.6,13438.6,23360.0,0.6128
2917.0,27457.1,3520.0,27840.0,0.6128
12593.8,36453.4,13118.3,36799.3,0.6127
11082.8,40631.3,11200.0,40959.1,0.6127
4160.0,63040.0,4352.0,63186.8,0.6127
5988.2,56974.0,6080.0,57574.1,0.6126
1602.2,52481.2,1949.5,52628.7,0.6125
320.6,37851.9,608.8,38003.5,0.6125
10974.9,33822.3,11198.8,34233.4,0.6124
10647.6,51530.7,11193.8,51973.5,0.6123
4511.0,33600.0,5116.2,34021.6,0.6123
8644.4,33824.9,9116.1,34240.0,0.6122
12683.3,24186.8,13120.0,24640.0,0.6122
6905.9,29345.7,7040.0,29756.2,0.6121
3540.1,6269.5,4160.0,6720.0,0.6121
5039.7,22652.6,5120.0,23040.0,0.6121
13030.4,19526.8,13436.7,19963.0,0.6120
16349.6,18198.7,16956.5,18560.0,0.6119
11645.7,38511.6,12160.0,38718.7,0.6117
5522.1,12489.0,6075.3,12800.0,0.6117
3202.1,55328.7,3342.8,55630.4,0.6115
12208.1,40819.5,12798.1,41280.0,0.6115
3850.6,50240.0,4160.0,50761.3,0.6114
12317.2,14404.0,12479.6,14664.5,0.6112
16957.3,1280.4,17280.0,1710.1,0.6112
6415.3,60492.7,7033.9,61035.1,0.6112
4490.0,37149.0,5076.1,37512.7,0.6111
10923.7,33430.1,11520.0,33912.3,0.6111
655.9,47956.2,1276.6,48312.3,0.6110
16018.6,61525.2,16319.8,61759.1,0.6110
14450.8,46338.0,15038.9,46720.0,0.6110
8013.1,18964.3,8638.3,19311.1,0.6109
16078.6,60970.7,16632.8,61435.4,0.6108
11225.3,146.5,11836.3,637.0,0.6108
7131.3,18279.9,7673.2,18715.1,0.6108
2533.4,2560.9,2876.3,2634.9,0.6106
4857.5,67237.5,5436.4,67520.0,0.6106
5165.9,8500.7,5752.3,8950.4,0.6106
2784.0,24555.3,2879.9,24640.0,0.6105
18063.1,51314.8,18153.2,51520.0,0.6104
11222.9,33779.3,11840.0,34239.1,0.6103
1280.5,46944.0,1475.7,47360.0,0.6103
17346.5,15833.7,17910.2,16320.0,0.6100
5780.1,24544.6,6397.4,24960.0,0.6100
6400.0,5024.7,6600.5,5120.0,0.6100
3970.4,36558.1,4159.3,36921.9,0.6098
7684.6,40960.3,7861.7,41027.1,0.6098
3725.9,23361.6,4160.0,23791.7,0.6097
5859.1,36545.4,6400.0,37120.0,0.6097
16725.2,4927.0,17277.2,5437.3,0.6097
13925.6,27547.8,14078.2,27925.8,0.6096
2934.6,41695.2,3200.0,41919.7,0.6096
3842.1,15926.9,4317.5,16320.0,0.6093
15331.1,50240.9,15475.3,50690.9,0.6093
16198.2,43203.8,16640.0,43664.5,0.6093
16001.2,37245.4,16484.6,37760.0,0.6092
17887.0,51149.5,17944.6,51490.0,0.6092
10143.4,14169.5,10553.5,14557.0,0.6089
9920.0,33924.1,10098.0,34274.5,0.6088
3637.1,44006.7,4157.3,44474.8,0.6088
9611.5,15272.9,10238.6,15680.0,0.6087
6565.7,17923.0,7039.8,18240.0,0.6087
3331.6,2565.3,3837.5,3078.2,0.6087
1410.8,10283.2,1599.6,10739.1,0.6086
928.3,46850.6,1194.2,47040.0,0.6085
10340.4,17922.7,10559.7,18134.4,0.6084
9200.1,34250.4,9596.1,34657.3,0.6084
17536.9,9600.5,17819.3,10110.4,0.6083
16192.7,16320.0,16320.0,16848.5,0.6081
5120.0,40251.9,5757.0,40624.6,0.6081
11880.9,44938.5,12160.0,45119.0,0.6080
17280.0,50880.8,17903.5,50976.6,0.6080
13266.6,46720.5,13438.4,46939.4,0.6079
16370.5,38459.0,16637.6,38718.4,0.6078
11642.4,5781.4,12156.7,6208.3,0.6077
10005.7,7211.4,10556.5,7680.0,0.6076
9629.9,54020.7,10237.3,54400.0,0.6076
8912.6,15417.4,9280.0,16000.0,0.6074
8640.0,40591.1,8815.6,40640.0,0.6074
9098.9,7687.2,9600.0,8069.2,0.6069
6464.8,43828.1,7035.2,44160.0,0.6067
7198.2,45664.2,7680.0,46076.9,0.6065
16964.9,47360.0,17599.8,47729.0,0.6065
3272.2,33604.4,3519.8,34222.4,0.6064
6141.7,46723.7,6400.0,47067.8,0.6063
2946.3,15222.7,3516.4,15677.6,0.6060
611.8,3232.1,952.7,3724.4,0.6060
15457.3,20484.3,15672.3,20904.7,0.6059
14441.6,40645.9,15040.0,41031.1,0.6057
5195.6,21760.0,5756.0,22258.0,0.6057
1616.2,52865.2,2239.3,53120.0,0.6057
1280.0,10881.0,1413.2,11073.1,0.6055
2329.0,52203.6,2393.3,52616.6,0.6054
15799.9,48058.6,16320.0,48319.4,0.6054
3977.8,1614.5,4160.0,2133.8,0.6053
12527.9,45235.6,13109.9,45753.6,0.6051
4162.1,45572.9,4444.2,46075.3,0.6050
2238.6,51315.1,2560.0,51830.7,0.6050
1324.1,36408.4,1917.5,36800.0,0.6047
12564.8,36482.9,13117.4,37100.1,0.6047
7372.6,24665.0,8000.0,24959.0,0.6046
17348.9,13319.6,17919.3,13587.9,0.6044
14209.8,55681.3,14399.5,55979.5,0.6043
13525.9,40101.6,14070.7,40640.0,0.6042
15040.0,6080.7,15677.7,6480.1,0.6042
6876.3,21956.0,7359.5,22381.1,0.6042
14408.9,47040.0,15037.6,47348.6,0.6037
971.1,1435.9,1600.0,1762.2,0.6036
358.9,645.0,915.3,1097.4,0.6035
7733.1,21666.9,8314.4,22079.3,0.6035
16930.0,50251.2,17280.0,50591.1,0.6034
12793.3,52802.7,13120.0,53319.3,0.6033
14081.0,37760.0,14719.5,38038.5,0.6030
1092.2,477.4,1593.7,954.3,0.6030
4178.1,2908.5,4798.3,3200.0,0.6029
14680.1,23932.2,15040.0,24316.9,0.6029
13441.4,37139.6,13826.0,37562.6,0.6029
7104.5,9600.6,7360.0,9762.5,0.6029
16490.1,26959.0,16640.0,27508.1,0.6029
10563.1,35112.1,11197.4,35520.0,0.6027
16809.8,44802.1,17280.0,45148.0,0.6021
15361.9,22836.7,15733.4,23156.3,0.6020
8064.2,1383.8,8633.3,1920.0,0.6018
9650.5,26241.9,10240.0,26720.5,0.6018
12958.8,35525.2,13115.5,35961.6,0.6017
2267.6,60033.4,2560.0,60480.0,0.6017
7648.1,16000.0,8000.0,16630.8,0.6016
17682.7,4693.6,18176.0,5119.7,0.6016
8091.6,23367.7,8637.5,23827.1,0.6015
9818.6,14838.6,10236.9,15335.5,0.6012
2981.6,40002.9,3520.0,40434.7,0.6011
8643.1,49292.0,9032.3,49600.0,0.6011
6132.8,4956.2,6718.4,5420.2,0.6010
1079.5,20163.1,1598.2,20688.9,0.6008
2492.2,24640.0,2880.0,25102.7,0.6008
14.5,66844.3,636.3,67200.0,0.6007
1984.2,26808.2,2240.0,27200.0,0.6006
12486.3,5444.9,13119.4,5760.0,0.6004
2337.3,6727.0,2869.8,7090.7,0.6004
1896.2,6098.2,2240.0,6577.9,0.6003
11841.4,34577.5,12476.8,34958.5,0.6001
2956.5,39501.2,3199.9,39999.2,0.5999
2959.8,35854.1,3197.2,36129.3,0.5999
8646.7,25485.8,9276.8,25920.0,0.5998
11932.0,7681.9,12476.3,8111.2,0.5997
16045.5,1793.8,16640.0,2239.9,0.5996
15363.8,26561.8,15610.6,27133.2,0.5996
4480.0,10195.9,4627.4,10560.0,0.5995
9603.4,45972.6,9920.0,46080.0,0.5995
11906.1,37762.5,12480.0,38275.5,0.5994
17674.6,63493.1,18172.9,63999.2,0.5994
8381.4,10562.9,8640.0,10929.8,0.5993
10400.9,18856.8,10560.0,19196.9,0.5992
1921.4,66560.0,2072.3,66763.7,0.5992
15481.8,46441.9,15680.0,47040.0,0.5991
2244.8,16320.6,2879.0,16850.9,0.5991
9048.7,51261.8,9596.0,51837.5,0.5990
17629.6,16356.1,17972.5,16640.0,0.5989
16000.0,25737.3,16197.3,26166.9,0.5989
13393.1,26572.1,13759.7,26907.5,0.5989
8640.6,15777.0,9096.7,16318.7,0.5989
7041.9,24862.8,7674.1,25280.0,0.5989
13448.9,44685.7,14071.2,45120.0,0.5988
3448.8,24324.4,3840.0,24743.8,0.5988
13206.4,33988.7,13756.9,34559.7,0.5988
740.8,21674.4,957.8,21866.0,0.5987
6246.7,42884.8,6400.0,43449.8,0.5986
15478.4,46640.3,15590.0,47037.9,0.5986
6522.7,45574.4,7035.0,46076.8,0.5983
15408.4,48559.9,15546.9,48639.1,0.5983
5364.2,54931.0,5440.0,55359.7,0.5981
2605.2,25921.7,3197.6,26198.7,0.5980
9920.0,38403.5,10493.2,38782.9,0.5980
960.4,47040.6,1217.0,47170.2,0.5979
13879.7,37765.8,14079.4,38229.1,0.5978
9038.2,29302.1,9600.0,29760.0,0.5977
12939.6,53644.8,13120.0,54076.2,0.5976
2880.0,20801.8,3013.0,20976.1,0.5976
1974.9,35136.6,2553.9,35520.0,0.5974
12203.8,44871.1,12798.7,45120.0,0.5971
8641.8,20169.4,9262.9,20769.8,0.5970
7351.0,32000.4,7680.0,32445.9,0.5970
3397.8,20888.6,3838.2,21440.0,0.5968
12602.2,26880.3,12799.3,27008.9,0.5968
17538.2,11520.0,18163.5,11973.2,0.5968
7824.8,10675.1,8317.8,11195.5,0.5967
17285.4,10878.1,17716.9,11200.0,0.5967
14575.5,43840.0,14719.6,44038.2,0.5965
13860.8,22313.7,14390.5,22719.5,0.5963
5425.4,45450.2,5760.0,45760.0,0.5963
3520.0,53539.2,3621.8,54080.0,0.5962
6454.4,7213.4,7036.2,7675.0,0.5960
8007.9,31129.9,8320.0,31680.0,0.5959
7541.3,13441.5,7679.9,13892.0,0.5957
4482.8,21198.2,4638.0,21666.2,0.5957
11282.8,34739.3,11840.0,35199.4,0.5955
13520.8,20338.7,14072.9,20797.2,0.5955
1620.4,47681.0,2238.5,48159.9,0.5955
8255.7,49040.6,8640.0,49600.0,0.5955
12720.2,27843.8,13120.0,28273.2,0.5954
641.9,60580.9,787.9,60798.9,0.5954
15360.0,38724.1,15476.2,39087.3,0.5953
15879.4,10568.6,15999.7,10880.0,0.5952
15068.4,42778.2,15147.8,43195.1,0.5952
14443.4,28926.6,15040.0,29439.3,0.5951
2122.0,3845.0,2560.0,4339.7,0.5949
1427.7,9384.1,1916.9,9531.9,0.5949
16960.8,64335.6,17594.2,64640.0,0.5949
5544.2,30576.4,5759.5,31026.5,0.5948
1597.8,23580.4,1920.0,24000.0,0.5947
6403.2,60483.9,6622.6,61113.6,0.5941
72.1,50243.9,635.3,50756.2,0.5941
1943.7,49280.7,2556.4,49742.9,0.5939
15268.3,17280.0,15680.0,17652.1,0.5938
5762.3,18240.0,6396.2,18683.4,0.5936
16274.7,46552.1,16440.9,46718.6,0.5934
5000.4,36345.2,5120.0,36791.8,0.5931
4197.1,14303.2,4796.5,14720.0,0.5930
143.4,18880.0,640.0,19466.8,0.5930
7364.7,1819.7,7993.8,2240.0,0.5928
5852.9,22084.2,6079.5,22651.5,0.5928
8543.5,35975.0,8638.9,36340.1,0.5927
15041.6,48326.1,15259.2,48540.7,0.5926
17600.3,35840.0,17920.0,36327.7,0.5926
9386.3,10770.6,9907.6,11200.0,0.5925
3521.1,24889.1,4155.2,25280.0,0.5925
2.1,38467.2,278.0,38692.2,0.5925
13939.9,50561.9,14077.8,50746.3,0.5925
12309.9,13442.1,12800.0,13962.2,0.5924
8642.2,32573.5,9277.6,32960.0,0.5924
87.0,34887.9,637.7,35328.1,0.5923
14271.1,15049.3,14400.0,15359.5,0.5922
4247.1,36587.4,4793.9,37120.0,0.5921
17195.6,50678.7,17598.5,50853.2,0.5917
8345.4,27376.2,8956.2,27827.9,0.5916
10197.6,22721.3,10560.0,23216.3,0.5916
0.3,6585.9,333.0,6967.5,0.5914
13430.6,28481.0,13760.0,28915.9,0.5913
8001.4,1893.1,8635.8,2240.0,0.5911
11215.7,22545.5,11838.6,22871.5,0.5909
8005.9,40348.8,8640.0,40638.4,0.5909
15131.4,57085.2,15670.5,57600.0,0.5909
16320.0,47855.4,16958.3,48062.8,0.5908
2974.2,49861.6,3518.0,50240.0,0.5904
8004.5,42615.9,8638.7,42880.0,0.5904
12394.1,20952.6,12798.2,21438.0,0.5904
13346.8,48433.1,13440.0,48960.0,0.5902
3941.5,15376.1,4478.0,15809.3,0.5901
2395.0,52165.9,2535.4,52620.2,0.5900
14248.4,27842.5,14417.4,28209.3,0.5900
1974.7,44804.5,2240.0,45199.5,0.5900
18040.4,36116.7,18176.0,36358.7,0.5900
6666.6,60163.2,6720.0,60378.3,0.5897
535.4,38312.5,600.3,38468.4,0.5896
17536.0,53088.2,18174.1,53440.0,0.5896
12794.3,27608.4,13120.0,28160.0,0.5894
10248.5,26279.9,10859.0,26760.6,0.5894
1817.7,39734.9,2240.0,40320.0,0.5892
7806.4,29122.4,7999.5,29319.5,0.5891
2993.9,16320.0,3516.6,16913.9,0.5891
6720.9,29760.5,6805.2,29847.4,0.5890
15404.3,40753.4,15998.4,41178.0,0.5889
6400.5,6080.0,7038.0,6551.3,0.5889
2525.2,52481.7,2877.4,52586.5,0.5889
14080.5,51841.4,14173.3,51955.6,0.5888
1929.4,27696.8,2560.0,28157.0,0.5888
7042.4,46727.0,7484.4,47040.0,0.5888
15683.3,34088.5,16022.0,34558.6,0.5888
14082.9,26574.1,14210.1,27056.1,0.5888
8352.7,36014.3,8958.4,36480.0,0.5886
4008.4,50050.9,4477.0,50560.0,0.5884
5913.5,57685.0,6043.8,57919.0,0.5880
3205.1,3200.0,3837.7,3564.7,0.5880
17280.0,47953.8,17474.5,48000.0,0.5880
11202.5,7902.7,11835.9,8320.0,0.5879
8975.7,16764.6,9600.0,17280.0,0.5877
3739.1,63538.8,4160.0,63990.9,0.5877
5887.7,56683.0,6080.0,57274.3,0.5877
4307.6,20800.2,4795.8,20955.3,0.5877
7360.0,6693.9,7996.7,7040.0,0.5875
10612.0,849.7,11198.7,1280.0,0.5874
15050.0,577.7,15677.4,960.0,0.5873
16699.6,27202.2,16960.0,27562.8,0.5873
324.5,34820.4,960.0,35198.9,0.5872
14177.9,56744.1,14715.3,57280.0,0.5869
9233.2,35205.4,9600.0,35638.5,0.5869
1928.5,21377.2,2559.3,21760.0,0.5869
6087.5,32960.0,6400.0,33456.8,0.5869
17545.9,38400.4,17918.9,38565.7,0.5867
15310.9,50005.0,15680.0,50560.0,0.5867
2880.4,39040.5,3517.5,39338.4,0.5867
2945.3,7092.0,3200.0,7501.5,0.5867
14132.0,27231.5,14400.0,27831.4,0.5866
2964.0,20162.4,3200.0,20507.6,0.5865
15722.3,69003.1,16320.0,69436.9,0.5864
12812.2,28486.2,13440.0,28928.6,0.5863
17375.8,30239.2,17917.1,30717.4,0.5862
2560.0,54918.8,2667.9,55360.0,0.5861
5057.4,5030.9,5120.0,5437.6,0.5860
15680.9,30660.7,16317.6,31040.0,0.5859
16062.7,4047.2,16638.5,4478.8,0.5858
836.4,10256.0,1280.0,10840.0,0.5855
15507.1,57886.3,15995.8,58240.0,0.5855
10569.3,14596.6,11197.2,15036.8,0.5854
15367.6,30256.9,15997.1,30720.0,0.5853
3679.8,22427.5,3840.0,22613.7,0.5851
5702.1,35520.0,6080.0,36150.7,0.5851
17699.7,52160.0,17920.0,52197.0,0.5851
7259.3,61760.5,7358.2,61805.5,0.5849
9927.0,30412.3,10559.1,30914.1,0.5848
7928.4,34242.5,8320.0,34451.1,0.5848
4745.7,6400.0,5120.0,7014.4,0.5847
4429.1,7683.1,4800.0,8132.8,0.5847
1599.1,52784.2,1920.0,53117.2,0.5846
14720.0,41620.5,14786.6,42200.0,0.5845
12443.5,40003.7,12800.0,40381.4,0.5844
3418.2,49614.9,3519.8,50035.6,0.5843
16960.0,33258.9,17127.8,33569.3,0.5843
17391.8,1882.1,17552.2,1920.0,0.5842
2962.2,31041.0,3199.2,31528.7,0.5842
6407.4,4482.1,6527.2,5008.2,0.5840
8645.6,20974.7,9274.1,21437.3,0.5837
75.5,5.5,639.0,521.9,0.5837
16438.0,13875.7,16639.9,14393.8,0.5835
2012.7,40009.5,2560.0,40506.8,0.5835
3071.4,16097.0,3518.6,16640.0,0.5835
12993.4,45131.4,13119.2,45485.3,0.5834
17427.0,64960.0,17920.0,65478.8,0.5834
1338.4,33173.7,1917.8,33600.0,0.5832
3229.7,27758.9,3838.2,28160.0,0.5829
6690.3,6275.7,7040.0,6720.0,0.5829
4071.3,32207.8,4480.0,32640.0,0.5828
10245.7,45312.2,10345.0,45756.2,0.5828
4028.8,26318.9,4480.0,26879.6,0.5827
12806.3,12222.4,13440.0,12477.8,0.5826
786.9,42461.7,1280.0,42880.0,0.5825
2560.0,6080.6,2976.5,6279.7,0.5823
6756.2,36067.2,7360.0,36480.0,0.5823
640.0,31360.4,832.6,31555.5,0.5821
3931.7,17709.0,4476.4,18236.2,0.5820
10880.3,29999.7,11520.0,30400.0,0.5819
9427.0,27660.4,9597.6,27840.0,0.5818
15867.0,52082.4,15952.2,52182.4,0.5818
984.0,68329.8,1591.7,68793.9,0.5815
5645.6,2577.0,6072.9,3008.7,0.5815
4997.5,5482.3,5384.1,5760.0,0.5814
14940.9,50240.0,15040.0,50319.7,0.5813
11393.0,39041.7,11828.2,39302.8,0.5813
13921.0,49922.3,14399.6,50201.6,0.5811
334.7,66689.5,956.3,66880.0,0.5810
3201.3,41529.0,3529.8,41920.0,0.5805
7683.3,26880.9,8144.0,27346.6,0.5805
10068.7,26240.0,10554.2,26658.1,0.5803
2635.6,31713.7,3200.0,32000.0,0.5802
8487.3,18240.0,8639.7,18723.1,0.5802
8891.8,24632.8,8959.8,24960.0,0.5802
11874.1,18471.0,12476.3,18880.0,0.5802
6471.2,47806.3,7038.4,48315.9,0.5802
17280.0,9496.7,17826.9,9920.0,0.5801
2257.7,54346.0,2349.2,54719.5,0.5801
145.7,45829.4,218.2,46079.4,0.5799
10934.5,31267.2,11519.5,31680.0,0.5798
11265.9,47851.1,11499.1,47998.7,0.5798
16979.5,11200.0,17506.8,11404.7,0.5798
9853.3,26887.0,10240.0,27318.4,0.5798
1903.5,17920.0,2239.0,18388.4,0.5797
7370.3,28451.3,7999.4,28800.0,0.5796
10179.6,25176.3,10558.7,25597.8,0.5794
6694.0,28491.2,7040.0,28961.2,0.5794
3302.1,54804.1,3724.0,55112.6,0.5793
12965.3,43879.6,13440.0,44160.0,0.5793
13217.4,21854.1,13751.8,22400.0,0.5791
11852.5,25074.1,12475.7,25544.6,0.5791
2974.5,30402.2,3516.7,30854.9,0.5791
17559.4,22724.6,17920.0,22977.6,0.5790
4161.2,34880.0,4477.3,35520.0,0.5789
17504.7,24855.5,17920.0,25280.0,0.5788
13442.5,49088.6,13508.8,49589.3,0.5788
17382.3,33761.9,17920.0,34240.0,0.5788
14292.3,26333.4,14400.0,26869.6,0.5787
7164.0,10240.0,7673.9,10745.6,0.5787
13453.0,28006.5,14080.0,28476.3,0.5786
9146.4,11202.6,9280.0,11374.1,0.5786
5228.6,46083.2,5438.8,46401.8,0.5785
16000.2,18894.2,16356.9,19110.7,0.5785
4802.1,26464.4,5440.0,26876.6,0.5784
7075.1,14728.0,7675.6,15259.2,0.5784
2645.0,25603.3,3198.1,26228.7,0.5782
8640.0,12161.7,9194.9,12534.6,0.5780
3200.0,15392.7,3467.5,15586.3,0.5780
16650.7,3409.1,17272.4,3840.0,0.5780
13480.8,6409.2,14074.2,6805.5,0.5780
10372.1,39046.7,10559.2,39299.5,0.5779
1987.2,7391.9,2559.6,7680.0,0.5778
12136.1,13123.2,12480.0,13757.0,0.5777
17095.4,37207.0,17600.0,37694.8,0.5777
3203.9,41925.0,3835.5,42224.1,0.5776
5120.0,16824.7,5474.1,17251.6,0.5776
4518.1,13120.0,4800.0,13551.6,0.5776
6583.9,22409.6,7040.0,22797.3,0.5776
8337.7,4710.6,8955.5,5118.0,0.5775
3283.3,12867.2,3836.6,13120.0,0.5772
6646.8,37665.9,7038.4,38080.0,0.5772
4871.4,44166.9,5435.3,44739.1,0.5771
15040.0,22779.1,15674.9,23040.0,0.5771
6854.8,8255.6,7039.8,8634.4,0.5770
3282.3,23361.2,3519.6,23651.4,0.5769
5458.6,3767.7,6034.6,4160.0,0.5768
972.7,25840.5,1594.4,26240.0,0.5767
11591.1,53177.3,12157.6,53760.0,0.5766
9404.9,26896.5,9917.5,27200.0,0.5766
329.7,13636.8,957.0,14076.4,0.5766
16691.0,22429.9,16960.0,22795.4,0.5765
8418.1,3639.7,8955.9,4160.0,0.5764
9874.2,16005.5,10239.7,16320.2,0.5763
15277.6,50027.9,15341.9,50558.7,0.5762
11036.7,34958.1,11324.0,35200.0,0.5762
6139.7,8000.7,6718.4,8462.0,0.5762
5525.6,41414.2,6078.4,41920.0,0.5761
15506.4,19041.3,15678.0,19424.8,0.5760
7362.8,42416.3,7989.4,42880.0,0.5759
3361.9,55375.9,3840.0,55846.2,0.5757
1919.2,31452.9,2240.0,32000.0,0.5757
16033.8,30069.7,16639.7,30400.0,0.5757
16770.6,48288.6,17279.2,48638.7,0.5756
9978.3,49133.1,10560.0,49596.0,0.5756
5767.3,14985.5,6400.0,15360.0,0.5756
2291.8,62420.6,2849.5,63022.1,0.5753
2590.3,58052.7,2682.7,58560.0,0.5753
11000.0,47370.5,11517.9,47818.7,0.5752
3268.1,44167.4,3835.4,44614.7,0.5751
7900.2,63907.8,7998.8,63999.8,0.5751
15680.7,10248.7,16161.0,10611.9,0.5750
7348.3,12803.1,7680.0,13060.4,0.5750
3919.7,31801.6,4479.1,32318.9,0.5749
12188.6,53886.2,12480.0,54199.6,0.5748
4224.0,26725.0,4800.0,27195.3,0.5745
8496.9,17282.1,8639.1,17475.4,0.5745
8988.6,10159.1,9596.0,10560.0,0.5745
11224.3,1932.8,11835.8,2281.5,0.5743
3247.1,63360.1,3519.0,63900.2,0.5740
15682.2,49764.7,15789.7,49920.0,0.5740
3840.0,41292.0,4273.1,41591.1,0.5738
17611.8,65202.1,18173.2,65600.0,0.5738
1326.6,25767.8,1915.9,26238.7,0.5736
5595.4,42285.2,6079.4,42560.0,0.5734
5310.7,1175.8,5440.0,1279.6,0.5734
9518.2,46491.1,9920.0,47036.9,0.5731
402.8,34578.8,959.5,34880.0,0.5731
9235.3,32709.5,9600.0,33280.0,0.5729
15731.0,40647.9,16000.0,41029.9,0.5729
5264.3,16988.4,5747.4,17600.0,0.5726
13229.3,11491.9,13751.2,11840.0,0.5725
2854.2,58906.4,2945.4,59378.2,0.5725
3419.0,22081.6,3838.3,22191.3,0.5722
4801.3,40320.0,5440.0,40496.5,0.5721
2035.6,63883.1,2424.1,64320.0,0.5721
11203.0,21960.1,11837.5,22398.2,0.5720
7049.1,5020.5,7678.9,5399.0,0.5719
11004.7,19742.5,11518.9,20158.3,0.5719
6003.9,8960.0,6400.0,9578.7,0.5717
5811.8,48428.3,6394.3,48958.0,0.5715
10138.9,40320.0,10560.0,40790.1,0.5714
6862.5,59841.8,7355.2,60358.4,0.5713
2380.6,27414.9,2558.9,27834.8,0.5712
6720.6,23680.9,6872.0,23795.2,0.5711
15680.9,19509.6,16319.4,19835.4,0.5711
4066.7,56505.8,4160.0,56879.6,0.5708
12152.2,29915.6,12480.0,30396.9,0.5707
6819.3,25822.6,7360.0,26237.3,0.5706
780.2,3723.1,1276.7,4160.0,0.5705
17987.3,50908.5,18092.2,51177.2,0.5704
1600.4,34881.9,1990.5,35111.6,0.5704
6191.3,41506.9,6715.7,41920.0,0.5703
1602.5,30084.1,1837.5,30576.7,0.5703
6894.9,8000.0,7356.0,8199.5,0.5703
13614.7,48651.5,13760.0,49139.1,0.5701
16960.6,16892.6,17085.6,16960.0,0.5701
7109.0,51114.9,7673.1,51520.0,0.5699
9378.8,27341.7,9920.0,27840.0,0.5697
2341.5,960.0,2559.8,1397.1,0.5697
415.0,21002.7,957.6,21437.2,0.5696
5206.1,36390.8,5756.6,36798.1,0.5695
16011.8,1494.2,16637.8,1920.0,0.5694
9362.2,7047.2,9916.7,7549.5,0.5694
12874.6,11280.4,13440.0,11835.7,0.5694
16737.1,35046.5,17280.0,35520.0,0.5694
3993.1,42241.9,4159.9,42420.0,0.5693
14781.0,46720.0,15039.4,47151.2,0.5693
7360.8,30279.6,7997.0,30715.7,0.5693
6229.3,11411.6,6399.3,11774.0,0.5690
17820.5,11851.1,18176.0,12217.8,0.5688
14026.8,14013.4,14400.0,14400.0,0.5687
7442.0,51961.9,7995.3,52480.0,0.5685
11618.4,41393.6,11839.6,41890.3,0.5684
1335.5,7042.2,1916.8,7524.4,0.5684
14416.5,12069.1,15040.0,12474.3,0.5683
11543.9,24852.2,12153.6,25280.0,0.5678
15041.2,22857.4,15198.3,23321.0,0.5676
17282.3,64339.2,17918.2,64640.0,0.5676
15680.0,16000.0,16081.4,16620.6,0.5676
8971.2,17892.1,9594.6,18240.0,0.5675
3145.7,48641.6,3520.0,49280.0,0.5675
16718.9,17969.5,17278.3,18240.0,0.5675
2478.4,27520.0,2880.0,27974.4,0.5674
15484.5,47695.1,15999.7,47931.8,0.5672
9596.6,33920.0,9920.0,34399.3,0.5672
10729.6,29978.6,11197.0,30400.0,0.5671
1515.1,3865.2,1920.0,4478.5,0.5668
15743.3,18470.3,16319.7,18879.9,0.5667
10792.3,15060.7,11197.0,15497.8,0.5666
9600.0,12160.1,9994.7,12381.5,0.5666
7293.2,64716.8,7359.8,64959.4,0.5665
320.5,62273.2,521.0,62710.2,0.5665
6546.1,13957.7,7037.3,14400.0,0.5664
5445.5,65476.9,5592.2,65918.7,0.5663
774.9,2244.3,959.9,2569.7,0.5663
8000.0,7681.7,8637.9,8000.0,0.5663
16399.3,42661.6,16953.7,43197.1,0.5662
12357.5,37262.6,12800.0,37756.4,0.5662
12168.3,6607.6,12796.9,7036.5,0.5661
13611.2,45124.3,13758.5,45516.1,0.5661
4402.7,6597.0,4480.0,7029.9,0.5661
17377.1,20480.0,17916.7,21061.7,0.5660
13128.3,4962.4,13757.6,5436.9,0.5660
14170.0,29683.2,14720.0,30080.0,0.5659
17332.4,36800.0,17599.6,37240.0,0.5659
11891.9,19635.8,12160.0,20095.3,0.5658
17536.0,50398.1,17639.9,50560.0,0.5658
3272.8,49345.3,3831.8,49920.0,0.5657
3948.5,43625.3,4475.4,44157.4,0.5656
16450.4,7486.4,16956.5,8000.0,0.5654
7761.3,12374.5,8319.3,12797.7,0.5653
7698.1,26135.3,8316.3,26554.7,0.5653
15746.3,1437.4,16319.1,1917.9,0.5653
962.4,64414.6,1179.2,64814.1,0.5653
2929.0,1491.6,3519.7,1920.0,0.5652
3258.8,29130.9,3840.0,29440.0,0.5650
960.0,24811.7,1598.8,25270.8,0.5649
1922.2,67230.1,2127.9,67840.0,0.5649
12624.1,19128.3,13115.4,19520.0,0.5649
3527.5,57601.7,4157.1,57719.5,0.5649
9735.5,24258.9,9919.8,24638.1,0.5649
12187.9,27340.6,12798.3,27818.5,0.5647
14093.9,14341.7,14718.5,14720.0,0.5647
9229.4,36910.5,9600.0,37438.8,0.5643
5441.0,43840.0,5766.0,44302.7,0.5642
3293.0,37945.8,3839.5,38395.8,0.5642
1310.0,20957.7,1920.0,21436.6,0.5642
17276.8,41069.6,17599.6,41600.0,0.5641
7395.3,7525.4,7998.2,7996.1,0.5640
10730.5,53875.2,11193.2,54400.0,0.5639
43.5,36921.8,638.3,37249.2,0.5638
15827.0,42131.1,16316.3,42560.0,0.5638
2880.0,19840.0,3517.0,20191.3,0.5634
12653.8,44485.9,13120.0,44824.7,0.5633
5123.3,55569.7,5295.8,55999.8,0.5632
4806.0,13440.0,5440.0,13873.8,0.5630
5848.4,12859.1,6398.4,13436.0,0.5629
9839.2,51233.6,9919.9,51518.3,0.5628
684.5,25943.6,1277.8,26457.3,0.5628
3352.3,25295.1,3519.9,25483.0,0.5627
7822.5,17434.3,7999.7,17599.0,0.5627
11520.0,12160.0,12156.9,12500.7,0.5626
9767.5,48205.0,10235.8,48640.0,0.5626
1.7,6410.0,143.2,6788.7,0.5625
8124.3,22404.9,8618.6,22882.0,0.5623
16875.5,12921.7,16960.0,13119.0,0.5622
16427.4,21124.7,16952.1,21610.0,0.5621
16884.7,48922.4,16957.7,49278.9,0.5620
16526.6,27202.4,16640.0,27482.8,0.5620
5764.9,49531.3,6397.0,49920.0,0.5620
17056.2,10888.8,17596.9,11397.5,0.5620
15262.3,45287.2,15360.0,45754.0,0.5618
5279.9,39575.8,5758.0,40000.0,0.5618
9962.6,12317.9,10557.8,12785.6,0.5618
9618.8,16961.3,9899.3,17149.0,0.5618
9754.4,32000.0,9920.0,32502.8,0.5618
15057.7,16887.9,15678.3,17280.0,0.5616
3225.3,41281.9,3493.6,41474.0,0.5616
8414.3,10560.9,8960.0,11006.8,0.5615
13573.1,39043.9,13759.1,39347.6,0.5613
7790.0,63363.1,8000.0,63716.3,0.5611
7189.7,64000.8,7302.5,64109.5,0.5611
7683.9,36998.5,8307.4,37440.0,0.5610
6153.0,36031.3,6400.0,36480.0,0.5610
7360.0,30647.6,7996.5,31040.0,0.5610
5920.1,15050.0,6397.1,15521.6,0.5609
1445.9,65165.5,1599.7,65595.8,0.5608
4208.8,3520.0,4471.8,3550.5,0.5608
14464.6,15896.7,15037.1,16320.0,0.5607
10352.5,38219.8,10876.9,38720.0,0.5607
7487.7,47067.1,7680.0,47374.8,0.5607
14720.0,27437.1,15357.3,27837.1,0.5606
4527.8,8441.6,5119.3,8954.5,0.5605
15970.0,46505.3,16031.4,46760.2,0.5605
3062.7,7229.2,3518.5,7678.2,0.5604
12529.8,34560.0,13119.3,35044.8,0.5603
6739.2,23293.1,7356.9,23680.0,0.5602
9603.7,49489.4,10238.5,49920.0,0.5601
5396.3,41812.6,5760.0,42240.0,0.5600
15041.2,52196.8,15678.4,52581.5,0.5599
13776.9,40552.0,14400.0,40960.0,0.5599
2246.8,27104.1,2732.5,27520.0,0.5598
1301.9,27051.7,1916.1,27476.4,0.5598
15139.6,39472.3,15679.2,40000.0,0.5598
16001.0,48116.5,16401.1,48317.3,0.5597
15693.3,34458.4,16320.0,34880.0,0.5596
16517.8,49991.1,16589.0,50207.0,0.5595
8000.8,48327.9,8415.4,48640.0,0.5594
17606.1,8798.1,18172.7,9278.4,0.5593
8020.7,24856.8,8634.9,25280.0,0.5593
10898.4,16502.2,11513.2,16958.0,0.5592
5520.6,46402.1,5760.0,46707.6,0.5591
17132.5,37443.0,17591.5,37694.9,0.5591
6072.0,28803.3,6400.0,29090.4,0.5590
3806.8,28480.1,4160.0,28940.1,0.5589
15839.0,67840.0,16319.0,68286.8,0.5587
8640.0,41889.7,9280.0,42240.0,0.5587
9938.5,27561.7,10558.0,27840.0,0.5586
17602.0,38411.6,18170.1,38873.5,0.5586
23.2,41257.0,638.0,41599.7,0.5586
12879.1,19217.6,13120.0,19620.2,0.5585
14084.3,29120.0,14399.5,29534.7,0.5582
11017.9,21121.6,11198.8,21325.3,0.5581
17348.8,3758.2,17914.6,4160.0,0.5579
71.2,13761.3,629.9,14222.8,0.5577
16541.7,52165.0,16639.6,52542.1,0.5577
13128.0,31257.5,13757.5,31679.1,0.5576
5120.0,27329.3,5579.7,27839.7,0.5576
5023.0,17084.3,5432.5,17600.0,0.5576
10880.0,640.0,11518.2,982.6,0.5575
17853.0,15765.6,18176.0,16320.0,0.5573
3321.7,4811.2,3519.5,5236.0,0.5573
1800.6,35984.0,2240.0,36470.6,0.5570
3010.9,35966.0,3517.2,36479.4,0.5570
14494.5,34560.3,15040.0,34807.4,0.5568
11541.7,21987.9,12158.1,22400.0,0.5565
2665.3,66240.7,2880.0,66742.4,0.5563
3522.7,7579.2,4073.2,8000.0,0.5561
4433.2,41692.5,4800.0,42240.0,0.5559
8010.6,41935.3,8639.2,42240.0,0.5559
4800.0,13081.5,5440.0,13440.0,0.5557
13355.1,48644.3,13638.9,49280.0,0.5557
4805.5,1796.3,5427.6,2238.4,0.5557
6881.9,36164.3,7360.0,36625.3,0.5556
8089.3,46288.7,8637.7,46713.4,0.5556
10836.0,19461.8,11197.9,19840.0,0.5555
12927.9,20160.0,13119.3,20543.8,0.5555
13836.8,40655.6,14398.0,41136.6,0.5554
12555.1,13866.2,13120.0,14400.0,0.5553
8846.6,44065.2,9280.0,44480.0,0.5553
4177.2,40002.6,4796.5,40378.8,0.5551
17318.0,4349.3,17917.2,4797.8,0.5551
17813.3,18500.3,17910.7,18880.0,0.5550
4521.6,34443.3,5114.7,34879.0,0.5549
17255.9,35841.2,17600.0,36344.4,0.5549
5488.0,28649.1,6080.0,29031.9,0.5548
7013.0,30403.1,7358.4,30943.9,0.5548
7278.9,7196.2,7680.0,7598.3,0.5547
12404.6,41927.0,12800.0,42183.9,0.5547
370.4,13278.9,948.8,13756.6,0.5546
10202.8,16003.9,10557.3,16344.7,0.5546
13156.8,26413.4,13757.7,26877.2,0.5546
2560.0,42771.4,3196.1,43200.0,0.5545
964.2,28168.6,1598.9,28445.3,0.5545
9155.7,11203.0,9598.4,11455.8,0.5545
6400.0,40293.0,7038.0,40633.9,0.5544
11238.2,40330.7,11520.0,40700.9,0.5544
10167.3,48826.2,10560.0,49275.4,0.5543
11238.1,37120.0,11518.9,37566.8,0.5543
11840.0,24320.0,12352.5,24785.2,0.5542
3785.7,15434.6,4160.0,16000.0,0.5541
13163.1,11094.5,13760.0,11516.0,0.5537
9956.1,22580.7,10559.5,23038.4,0.5537
4074.8,15680.6,4142.4,15770.5,0.5536
12863.2,35352.7,13119.5,35836.5,0.5535
16010.4,45200.5,16638.9,45566.0,0.5535
11585.2,20971.7,12155.6,21438.9,0.5535
14477.8,24003.1,14719.7,24368.2,0.5535
9697.6,32470.3,10239.2,32959.2,0.5533
1027.6,26560.0,1599.9,26992.8,0.5532
11845.7,30407.9,12160.0,31039.7,0.5531
15680.0,27128.0,16313.4,27520.0,0.5530
12560.5,46931.1,12757.4,47359.5,0.5530
3644.2,15681.8,3724.5,15790.3,0.5529
17335.8,34759.6,17915.3,35200.0,0.5529
3653.3,3529.1,3748.4,3949.8,0.5529
13859.5,6587.5,14389.6,7040.0,0.5528
4802.0,12482.3,4865.6,12607.7,0.5527
2033.4,42119.6,2559.7,42559.6,0.5527
13770.2,18075.6,14399.7,18558.8,0.5527
16968.7,47694.4,17280.0,47850.3,0.5527
3256.1,24427.8,3838.2,24959.1,0.5524
8161.6,31689.1,8627.0,32067.3,0.5523
16007.3,25601.5,16451.6,25725.0,0.5522
12565.3,16.1,13116.4,447.8,0.5521
10683.3,19843.4,10880.0,20105.7,0.5519
16785.1,48329.6,16872.4,48788.4,0.5518
10687.1,12346.3,11196.1,12800.0,0.5518
10284.8,35200.0,10877.9,35668.8,0.5517
7279.1,37764.1,7680.0,38266.2,0.5516
15840.6,26146.6,16318.1,26560.0,0.5515
10386.2,25649.9,10874.2,26239.6,0.5512
5441.3,28165.8,5854.1,28660.2,0.5512
0.0,48975.2,142.1,49574.5,0.5511
4440.0,8000.2,4800.0,8187.4,0.5510
12480.0,17229.5,13028.9,17600.0,0.5510
17988.8,50461.9,18110.6,50879.7,0.5510
8646.5,40913.5,9278.2,41280.0,0.5507
7543.8,26921.6,8000.0,27200.0,0.5507
15450.6,34965.2,16000.0,35515.5,0.5507
11520.0,24331.5,12154.0,24635.5,0.5505
15605.0,26656.1,15680.0,26877.6,0.5504
4855.7,17600.0,5428.1,18101.8,0.5504
8651.5,34819.7,9275.9,35200.0,0.5503
13202.3,31365.1,13440.0,31515.8,0.5501
16984.8,19976.6,17348.0,20160.0,0.5501
15714.0,29763.2,16317.6,30229.7,0.5500
1650.0,41191.7,2238.8,41600.0,0.5498
4217.0,65157.7,4796.0,65596.3,0.5497
12800.0,33920.0,13037.7,34111.2,0.5497
6721.3,22081.3,6865.2,22252.4,0.5496
4486.8,7362.5,4800.0,7679.1,0.5495
3226.6,52036.9,3737.9,52476.6,0.5491
16641.3,44483.3,16759.6,44633.0,0.5490
10563.5,20038.1,11186.2,20478.7,0.5489
3436.7,53123.8,3840.0,53594.1,0.5489
9314.8,40254.8,9600.0,40640.0,0.5489
1684.3,5124.5,1920.0,5499.0,0.5489
9637.9,54555.8,10235.2,55038.7,0.5487
12541.9,34882.5,13117.9,35165.7,0.5487
13120.7,5654.8,13756.2,6080.0,0.5485
10565.2,26560.0,11198.1,26956.7,0.5484
3823.5,5478.8,4160.0,6076.5,0.5484
14183.8,24816.8,14718.4,25278.4,0.5483
5063.7,13921.5,5440.0,14394.2,0.5482
107.7,13455.8,636.7,13827.4,0.5479
717.6,50026.8,1277.6,50552.5,0.5475
7078.5,11391.4,7675.2,11840.0,0.5474
960.0,49547.9,1597.3,49901.1,0.5473
385.7,43642.1,950.7,44158.2,0.5473
10881.7,44709.2,11517.4,45120.0,0.5470
6969.0,61364.9,7039.5,61759.9,0.5469
11206.4,48037.2,11351.7,48294.3,0.5468
15703.7,37506.7,15999.1,37760.0,0.5468
13762.6,49197.9,14020.8,49600.0,0.5467
2882.0,58165.1,2977.9,58558.8,0.5466
442.4,37455.2,955.0,37911.2,0.5465
556.9,63568.1,939.8,64000.0,0.5462
1806.6,48974.5,1920.0,49423.4,0.5462
17838.5,14499.5,18176.0,15040.0,0.5458
17364.5,7937.5,17599.9,8320.0,0.5457
5761.9,56961.2,5861.4,57484.1,0.5456
343.6,43442.0,960.0,43840.0,0.5456
11297.7,33280.0,11519.7,33471.4,0.5455
8767.4,29763.0,8959.7,29971.2,0.5455
7142.4,35203.0,7678.7,35750.8,0.5454
4801.2,14400.0,5002.6,14668.1,0.5454
16908.0,36211.9,17280.0,36800.0,0.5452
2175.4,56593.4,2496.0,56960.0,0.5450
2796.9,47462.9,3198.3,47999.3,0.5447
17225.3,29441.3,17600.0,29977.5,0.5447
2900.9,63026.4,3517.1,63360.0,0.5447
17345.2,26884.6,17919.6,27403.5,0.5446
13440.5,28694.1,13911.7,29120.0,0.5441
16659.0,30967.6,17277.8,31359.3,0.5441
12430.5,39043.9,12800.0,39494.6,0.5440
879.3,38292.1,959.4,38720.0,0.5439
5540.1,26560.0,6074.4,27037.4,0.5437
15041.8,7954.5,15680.0,8320.0,0.5437
13125.9,5324.2,13757.8,5756.9,0.5437
13120.0,48643.0,13393.7,49157.1,0.5436
3521.2,19852.3,4155.9,20160.0,0.5436
4001.0,41924.8,4159.5,42262.7,0.5435
5242.5,12078.1,5758.1,12480.0,0.5435
16694.1,7091.3,17276.0,7680.0,0.5435
7992.4,45986.0,8320.0,46400.0,0.5434
1260.1,43522.8,1600.0,44110.8,0.5434
12901.3,19284.6,13438.6,19840.0,0.5433
9977.3,20483.6,10240.0,20890.6,0.5432
18077.6,34247.2,18176.0,34736.0,0.5432
13120.0,16151.0,13552.2,16626.4,0.5432
6080.0,29476.3,6567.9,29830.7,0.5431
13431.3,22788.4,13760.0,23206.2,0.5429
17893.6,18562.0,18174.3,19139.8,0.5427
5358.8,33490.9,5439.6,33920.0,0.5427
16961.5,32214.3,17586.7,32640.0,0.5426
4050.8,44480.0,4480.0,44992.0,0.5425
12486.0,41604.5,13120.0,41918.1,0.5423
4179.5,11795.3,4800.0,12160.0,0.5423
695.2,9377.3,1280.0,9689.3,0.5423
3119.8,50142.9,3199.8,50545.7,0.5423
17682.9,41600.0,17919.9,42123.6,0.5422
4870.6,34259.5,5440.0,34560.0,0.5422
6946.1,60004.1,7040.0,60475.1,0.5421
1355.5,37912.2,1917.9,38397.0,0.5420
1985.2,33806.1,2560.0,34240.0,0.5420
11333.7,38435.5,11831.1,38797.7,0.5420
14514.8,46723.2,14626.2,47045.6,0.5420
2331.5,20214.1,2874.0,20651.6,0.5420
16727.7,28803.5,17277.0,29326.8,0.5419
17732.3,9298.4,17920.0,9758.8,0.5414
2922.0,58444.8,3191.7,58878.3,0.5414
8353.7,1839.7,8957.3,2240.0,0.5413
15360.0,23365.2,15882.4,23798.8,0.5412
13760.0,27916.7,14022.7,28160.0,0.5412
12167.0,26806.8,12796.4,27200.0,0.5411
13121.5,31680.0,13438.4,32169.7,0.5410
10561.0,34718.7,11182.1,35200.0,0.5409
6215.4,39360.0,6720.0,39835.5,0.5408
16331.0,37760.0,16943.2,38184.1,0.5408
3520.0,61190.5,3627.4,61758.8,0.5408
4175.4,452.5,4799.6,639.6,0.5406
6213.5,7114.5,6720.0,7677.4,0.5406
32.6,28516.3,633.1,28800.0,0.5406
6402.1,42277.7,6579.2,42637.3,0.5405
960.0,56343.9,1109.8,56926.1,0.5403
2333.2,52370.2,2392.6,52797.6,0.5403
17603.2,570.5,18173.4,960.0,0.5403
15456.0,47247.9,15633.2,47680.0,0.5402
732.8,36987.3,1278.0,37429.3,0.5402
5446.2,48179.1,6077.4,48636.8,0.5402
13165.2,15046.0,13755.1,15421.1,0.5400
5760.0,41650.0,6303.9,41918.9,0.5400
2403.2,53121.8,2558.7,53446.7,0.5399
11904.3,23360.0,12160.0,23847.6,0.5399
15731.9,14400.0,16320.0,14865.8,0.5398
7040.0,15377.4,7234.9,15898.8,0.5397
2560.2,10563.5,3010.6,10992.0,0.5397
2881.2,2880.0,3245.6,2973.6,0.5397
7040.0,38400.0,7522.5,38869.3,0.5397
6581.4,11993.9,7035.4,12305.5,0.5396
5658.7,29618.9,5759.1,30060.9,0.5395
16977.6,36489.9,17280.0,36806.0,0.5395
323.3,22387.5,960.0,22720.0,0.5391
2880.0,51740.8,2983.2,52160.0,0.5391
12546.3,35386.8,13116.4,35839.2,0.5391
5479.7,35206.5,6078.5,35668.5,0.5390
12494.5,11212.8,13117.1,11700.4,0.5389
4241.3,10659.0,4480.0,11200.0,0.5384
1365.5,51200.3,1599.2,51420.9,0.5383
10818.4,48960.0,11200.0,49409.4,0.5383
1601.9,26585.5,1802.3,26944.5,0.5383
2888.9,33473.9,3515.5,33920.0,0.5382
3995.2,15680.7,4081.6,15753.4,0.5382
7881.0,47066.3,8000.0,47360.0,0.5381
15929.2,1600.0,16320.0,2152.0,0.5381
11840.1,43801.3,12259.7,44160.0,0.5380
14098.3,12325.2,14716.6,12800.0,0.5379
13838.4,54436.1,14394.1,54855.5,0.5379
669.1,23610.8,1277.5,23954.5,0.5379
6751.8,25411.1,7356.3,25918.2,0.5378
10908.3,32244.3,11520.0,32640.0,0.5378
12279.7,55114.4,12479.5,55358.9,0.5377
15130.4,29440.0,15679.3,30072.3,0.5376
7360.5,23806.9,7678.9,23998.8,0.5375
6511.9,8210.6,7038.5,8634.7,0.5374
3028.4,49789.5,3191.4,49918.3,0.5374
1924.5,15040.0,2560.0,15264.5,0.5373
11842.1,31264.2,12222.5,31680.0,0.5370
15778.0,18135.5,16317.1,18559.9,0.5369
13130.7,10240.0,13753.7,10697.8,0.5369
14721.2,41434.4,14799.6,41600.0,0.5368
3698.2,57280.0,4088.2,57527.2,0.5367
16642.0,62151.4,16850.5,62399.1,0.5365
11938.0,43520.0,12479.5,43816.1,0.5364
5174.3,62985.2,5760.0,63360.0,0.5363
1054.4,66297.4,1597.6,66880.0,0.5362
14110.0,40547.4,14715.8,40960.0,0.5362
1333.0,47965.9,1913.1,48320.0,0.5362
8059.3,52455.1,8632.2,52799.9,0.5362
8138.2,34561.1,8640.0,35029.5,0.5360
16765.5,31755.0,16959.3,32174.3,0.5359
16640.0,2346.8,17108.7,2880.0,0.5353
1600.0,19143.4,1857.3,19520.0,0.5353
15463.6,3091.6,15998.3,3520.0,0.5353
15415.1,46517.9,15488.2,46720.0,0.5353
265.0,38576.0,627.7,38701.4,0.5352
16000.0,61622.8,16063.5,62074.4,0.5351
5141.9,9281.9,5760.0,9590.4,0.5351
602.0,38285.0,671.9,38590.0,0.5351
5626.4,644.5,6076.5,1058.2,0.5351
2726.4,8051.3,3200.0,8640.0,0.5350
4163.0,63373.5,4499.4,63894.9,0.5350
8317.7,23257.9,8640.0,23676.8,0.5350
3895.5,3208.6,4480.0,3554.7,0.5350
10029.8,26880.5,10560.0,27183.6,0.5349
13351.9,33910.9,13758.9,34239.3,0.5349
5894.6,26883.5,6079.8,27516.0,0.5349
12802.4,49416.3,13120.0,49917.7,0.5348
11222.0,31362.3,11840.0,31680.0,0.5347
11875.7,15362.6,12472.9,15486.0,0.5345
13018.7,4569.8,13119.5,5091.6,0.5345
2938.3,47680.0,3200.0,48303.0,0.5345
9770.7,25924.1,10240.0,26350.4,0.5344
8007.9,12143.9,8639.8,12478.0,0.5342
6453.9,36484.3,6720.0,36739.7,0.5341
12197.5,4806.0,12790.5,5166.2,0.5340
8642.2,49161.8,8864.2,49593.9,0.5340
10271.3,51202.2,10559.2,51671.2,0.5340
14821.7,48320.0,14922.9,48530.3,0.5339
15521.6,45581.1,15671.1,46079.2,0.5338
8084.3,52930.5,8627.4,53440.0,0.5337
12800.9,48162.0,13060.2,48527.6,0.5335
17954.1,39469.6,18175.3,39992.2,0.5335
8369.2,8643.9,8640.0,8825.5,0.5334
17379.2,7554.4,17600.0,7949.5,0.5334
5800.4,2885.5,6400.0,3196.0,0.5333
5568.8,16969.4,6070.0,17396.5,0.5333
1989.7,26570.9,2545.8,27041.1,0.5332
4876.5,34948.1,5119.7,35396.3,0.5330
8338.3,12800.4,8934.6,13054.6,0.5330
12818.5,37301.8,13438.6,37755.8,0.5329
14737.9,33851.4,15357.2,34240.0,0.5329
960.9,1927.8,1348.4,2240.0,0.5328
15162.1,36513.9,15675.8,36800.0,0.5328
16910.2,50909.9,16963.4,51213.0,0.5327
14080.0,28697.1,14211.7,29113.6,0.5326
1962.6,53586.1,2187.2,54079.7,0.5325
974.0,67129.8,1598.7,67520.0,0.5325
15502.0,34883.5,15679.4,35071.3,0.5324
3402.3,64259.6,3519.8,64370.7,0.5324
15897.0,23360.0,16320.0,23734.5,0.5322
3384.2,60254.2,3511.0,60799.5,0.5321
2231.4,5762.7,2559.4,6079.0,0.5320
8136.2,13908.2,8320.0,14398.2,0.5320
18030.6,45293.3,18176.0,45719.3,0.5319
14843.0,27799.4,15353.9,28160.0,0.5319
6571.8,16644.9,7040.0,17233.4,0.5317
11683.7,2547.9,12156.0,2880.0,0.5315
8640.0,18570.1,9099.0,18766.8,0.5314
9280.0,12803.1,9613.7,13051.5,0.5314
1603.1,12396.2,2232.1,12781.6,0.5314
2589.2,45474.3,3198.6,45792.6,0.5313
2277.3,4020.4,2877.2,4478.2,0.5313
6763.4,42399.5,7360.0,42879.6,0.5312
11722.1,28391.6,12160.0,28800.0,0.5311
10002.2,15361.0,10240.0,15926.0,0.5311
9280.5,44666.0,9918.4,45119.0,0.5311
14203.3,55415.1,14714.1,56000.0,0.5310
13856.0,24320.5,14079.0,24531.2,0.5310
15389.7,1825.4,16000.0,2240.0,0.5308
11927.6,25991.1,12478.0,26489.9,0.5307
15625.1,21918.4,16000.0,22394.7,0.5306
11855.4,28494.5,12476.8,29043.4,0.5304
960.0,65354.7,1053.9,65665.9,0.5303
12046.2,48753.5,12159.5,48957.3,0.5302
5024.5,3521.4,5120.0,4057.7,0.5299
14967.3,44160.0,15360.0,44794.2,0.5297
10882.5,30427.0,10980.4,30972.6,0.5297
1921.3,47360.8,2463.7,47674.8,0.5296
10581.5,36023.2,11198.9,36473.1,0.5296
11665.6,27080.4,12160.0,27199.4,0.5294
3987.1,9933.9,4472.8,10365.2,0.5292
2753.4,49787.0,2879.9,50235.1,0.5292
10793.9,32008.5,11198.8,32263.5,0.5292
6858.5,41468.1,7039.7,41916.5,0.5292
12032.2,28166.7,12480.0,28604.2,0.5290
14554.9,16326.7,14719.4,16596.5,0.5289
7396.8,2518.1,7999.6,2880.0,0.5289
12800.0,30722.8,13312.3,31010.3,0.5288
321.4,53565.5,434.7,53760.0,0.5288
7682.5,39037.9,8086.8,39360.0,0.5287
11287.0,54218.5,11835.0,54719.8,0.5287
2.8,58301.6,156.3,58879.1,0.5287
15725.2,59204.7,16000.0,59669.7,0.5282
6532.1,58880.0,6720.0,59435.3,0.5280
2927.6,13964.2,3197.8,14395.2,0.5279
12202.2,4316.1,12799.5,4796.3,0.5278
10629.4,18389.1,11195.9,18876.4,0.5278
5763.0,13440.0,5948.2,13964.1,0.5277
7720.2,34413.4,8310.2,34877.8,0.5276
10241.0,32330.3,10618.4,32749.5,0.5274
4160.0,62899.4,4349.8,63349.4,0.5272
6400.0,38409.8,6889.8,38824.9,0.5271
16000.0,10560.7,16432.2,10760.0,0.5270
16320.1,17283.7,16653.0,17610.2,0.5270
15360.0,25455.0,15500.0,25913.3,0.5268
16336.3,2776.8,16957.6,3200.0,0.5267
5859.0,10562.4,6079.6,10940.4,0.5265
12800.0,26880.6,13212.0,27051.2,0.5264
16934.7,16320.0,17220.9,16352.4,0.5263
2768.2,58592.5,2859.6,59042.6,0.5261
16785.0,64003.4,17280.0,64502.0,0.5261
12882.9,25608.9,13440.0,26095.3,0.5260
15245.2,46610.5,15359.2,47033.1,0.5260
13327.6,30400.2,13440.0,30587.5,0.5258
5135.3,28800.0,5759.5,29083.3,0.5257
4480.0,9732.8,4621.8,10235.3,0.5255
3093.8,52487.2,3200.0,52712.3,0.5254
8080.0,47433.3,8639.3,47996.7,0.5254
6530.9,39360.6,6719.8,39956.4,0.5252
1600.0,6412.0,1812.5,6873.6,0.5251
1610.6,797.3,2217.5,1204.1,0.5251
8640.0,22978.0,9071.8,23360.0,0.5250
6235.1,41736.6,6399.7,41920.0,0.5250
8076.0,10812.9,8636.5,11200.0,0.5249
17014.2,49927.9,17579.4,50488.7,0.5248
9690.0,28917.2,10236.0,29438.6,0.5248
372.8,27833.5,955.3,28158.2,0.5246
5793.3,38673.8,6399.2,39040.0,0.5245
2050.3,40640.0,2553.5,40870.2,0.5244
17053.4,33461.7,17597.5,33917.8,0.5242
12873.7,15360.0,13437.2,15980.8,0.5241
6804.4,15382.2,7356.8,15951.1,0.5241
3938.4,33928.5,4475.8,34414.2,0.5241
6243.2,3520.0,6717.1,4041.1,0.5240
2240.0,5650.1,2876.4,6078.6,0.5240
15364.3,5367.9,15998.6,5760.0,0.5239
15445.1,40960.5,15998.9,41182.5,0.5239
6865.5,16773.8,7040.0,17278.4,0.5238
2508.4,34240.0,2880.0,34665.5,0.5237
3071.7,54539.6,3146.3,54720.0,0.5236
10228.3,37376.4,10559.3,37760.0,0.5234
12614.2,2686.5,13113.2,3195.1,0.5234
10564.4,48796.7,11199.5,49255.2,0.5234
16900.2,43053.4,16960.0,43493.8,0.5229
656.3,26737.4,1276.0,27196.4,0.5229
6804.2,46481.6,7037.5,46713.6,0.5227
699.0,8000.0,1280.0,8443.6,0.5227
10891.9,30925.3,11517.4,31360.0,0.5226
3012.5,1761.9,3520.0,2237.4,0.5226
5818.9,18034.4,6395.1,18560.0,0.5225
6040.7,6080.0,6400.0,6465.8,0.5224
15843.7,21026.4,16317.3,21440.0,0.5224
13205.8,6571.4,13756.0,7035.8,0.5224
6776.7,42272.8,7039.2,42560.0,0.5223
9602.9,50484.8,10221.6,50880.0,0.5223
328.5,55423.3,468.3,56000.0,0.5223
4123.6,9604.0,4480.0,10014.8,0.5222
2588.7,25280.0,2880.0,25714.7,0.5221
675.7,44458.1,1278.9,44798.8,0.5221
7710.5,24585.7,8317.8,24960.0,0.5219
2365.8,52720.4,2557.8,53120.0,0.5218
15651.1,51520.0,15719.8,52031.9,0.5217
6370.8,60719.1,6687.4,61118.2,0.5216
14532.6,33681.2,14719.9,33919.5,0.5215
16000.8,61440.5,16320.0,61653.6,0.5213
0.8,42561.0,366.9,42715.8,0.5213
4311.9,29800.5,4480.0,30032.1,0.5212
12480.1,22402.2,13120.0,22720.0,0.5211
12481.3,47015.9,12560.2,47300.1,0.5210
9017.7,42065.4,9593.2,42557.7,0.5209
395.2,56444.3,637.9,56639.1,0.5209
15367.1,29506.0,15811.0,30080.0,0.5208
15427.7,1161.4,15989.4,1597.0,0.5208
7683.2,40015.9,8310.8,40483.7,0.5206
4480.7,14857.9,4799.0,15360.0,0.5206
17663.4,30896.7,18175.6,31360.0,0.5205
1001.6,58185.0,1280.0,58560.0,0.5204
13848.2,35844.6,14400.0,36359.3,0.5203
16769.8,37120.0,16960.0,37697.3,0.5203
12212.2,51426.3,12794.5,51840.0,0.5203
16004.7,36164.4,16446.6,36378.7,0.5201
15769.9,58560.3,15998.4,58951.0,0.5200
13573.0,48466.2,14026.2,48957.2,0.5200
12851.6,1477.8,13438.2,1917.8,0.5200
2744.0,4486.2,3200.0,5083.8,0.5199
7643.0,18724.7,8000.0,19197.7,0.5195
1921.3,10740.0,2240.0,11186.1,0.5195
15435.8,36898.4,15994.2,37437.5,0.5193
7977.6,26560.3,8320.0,27038.2,0.5193
11348.5,39545.8,11520.0,40000.0,0.5191
15138.2,23680.0,15679.2,24135.0,0.5191
7188.0,23042.5,7680.0,23496.8,0.5190
10269.5,2853.6,10876.7,3200.0,0.5190
5938.4,22402.0,6079.3,22702.6,0.5188
11624.2,40960.0,11840.0,41494.9,0.5188
14720.9,29139.6,14922.5,29459.2,0.5188
8990.5,5993.3,9592.2,6400.0,0.5187
15244.5,47765.6,15680.0,48000.0,0.5187
39.7,16551.8,639.2,16960.0,0.5187
17059.1,32963.2,17279.7,33190.3,0.5186
10021.4,7914.0,10558.2,8319.9,0.5186
16563.8,17200.6,16651.7,17540.8,0.5185
11914.7,41920.0,12159.2,42204.5,0.5185
9787.8,24871.6,9920.0,25280.0,0.5185
13323.4,52805.9,13439.5,53151.1,0.5184
3786.2,34251.3,4160.0,34629.1,0.5184
3629.4,60729.1,3776.5,61119.7,0.5182
6766.9,24339.0,7357.6,24832.0,0.5181
11109.2,27732.3,11199.8,28160.0,0.5181
2706.5,29320.7,2880.0,29746.1,0.5181
12263.7,19207.1,12800.0,19517.3,0.5180
6477.1,29138.6,7039.4,29484.5,0.5180
9372.4,39110.4,9599.3,39548.3,0.5180
13093.4,39032.5,13437.8,39360.0,0.5178
7374.0,5764.7,7999.3,6227.7,0.5178
2981.6,39361.8,3508.2,39886.7,0.5177
2595.6,53451.3,3199.0,53759.9,0.5177
7144.1,36871.2,7358.4,37077.9,0.5175
10384.5,47042.6,10560.0,47184.7,0.5175
1923.1,53836.8,2027.1,54400.0,0.5175
12.1,18305.4,640.0,18556.7,0.5175
6720.0,33617.7,6870.4,33992.6,0.5175
14416.6,43334.6,14720.0,43837.7,0.5174
4160.0,3729.3,4309.1,3840.0,0.5172
14510.7,37765.7,15038.2,38258.7,0.5172
9267.3,17931.4,9599.0,18560.0,0.5172
5503.3,22071.3,6079.0,22400.0,0.5171
14735.7,28744.3,15359.2,29120.0,0.5168
2346.1,50732.0,2473.3,50880.0,0.5167
13182.5,51846.0,13745.0,52193.2,0.5167
15791.3,49669.3,15879.7,49919.7,0.5166
12338.6,19522.6,12799.1,20025.7,0.5165
3215.5,32816.4,3839.3,33276.9,0.5163
8115.7,5168.4,8640.0,5561.1,0.5162
7767.0,62755.4,8000.0,63360.0,0.5161
2994.3,14081.1,3506.3,14214.1,0.5160
16535.1,36679.6,16960.0,37072.7,0.5159
5835.0,36883.1,6397.9,37439.9,0.5157
17619.4,28030.6,18172.6,28480.0,0.5156
18106.3,50563.0,18173.5,51060.9,0.5156
10049.2,40010.3,10558.6,40563.8,0.5156
2985.9,58102.4,3089.8,58557.3,0.5156
2375.8,4487.8,2559.6,4914.0,0.5155
3500.4,25281.5,3839.0,25590.0,0.5154
12800.0,10790.3,13436.5,11200.0,0.5154
3997.0,24835.3,4476.8,25280.0,0.5153
2337.9,8476.7,2880.0,8957.0,0.5152
2919.7,45862.4,3520.0,46238.4,0.5152
10531.1,12632.5,10880.0,13120.0,0.5151
11409.3,13123.6,11840.0,13666.0,0.5151
2072.6,54074.5,2518.5,54395.0,0.5150
4802.0,65576.3,4865.9,65909.7,0.5149
16739.7,61017.0,16960.0,61440.0,0.5148
6099.0,61888.5,6716.5,62380.6,0.5148
1285.4,24189.5,1731.7,24618.5,0.5147
13136.3,32206.1,13760.0,32640.0,0.5146
2068.7,54639.8,2236.3,55039.2,0.5146
7151.1,8469.6,7677.2,8951.3,0.5146
3840.4,61967.2,3987.3,62080.0,0.5146
8940.4,37463.0,9279.5,37778.4,0.5144
10894.5,39049.8,11520.0,39457.3,0.5144
8362.6,20800.0,8958.0,21227.5,0.5144
13602.9,24906.9,13893.8,25280.0,0.5142
10924.6,51840.6,11200.0,52218.7,0.5140
13888.7,26264.1,14080.0,26865.5,0.5139
11025.8,47788.6,11519.9,48318.6,0.5139
13852.0,20185.3,14395.9,20712.1,0.5138
10244.0,12384.2,10612.9,12800.0,0.5138
13809.8,41281.2,14080.0,41479.8,0.5138
10279.9,35716.2,10869.1,36144.7,0.5138
16887.0,18543.0,17280.0,18859.9,0.5136
10728.0,21770.0,11200.0,22291.6,0.5135
642.0,42517.1,1018.3,42880.0,0.5134
3547.2,1044.6,4160.0,1597.7,0.5134
10711.1,45999.7,10880.0,46170.7,0.5134
582.7,6620.5,639.4,7017.0,0.5133
8604.7,9601.0,8957.0,9742.8,0.5132
12109.0,47121.2,12480.0,47680.0,0.5129
2879.5,30448.7,3199.3,31040.0,0.5129
1042.1,2478.4,1598.5,2880.0,0.5127
11414.1,17415.2,11520.0,17916.2,0.5127
9022.1,52381.3,9599.3,52800.0,0.5126
3210.1,11691.7,3838.5,12013.0,0.5124
3094.7,59598.2,3320.7,60144.7,0.5124
13471.0,33393.3,14077.0,33918.5,0.5123
5527.5,1925.2,6073.1,2374.1,0.5123
16081.5,12938.9,16639.3,13434.8,0.5121
13713.0,24008.8,14080.0,24451.5,0.5121
16973.6,11854.9,17597.4,12160.0,0.5120
14016.0,52946.2,14399.6,53440.0,0.5119
13606.0,54733.3,14076.3,55058.0,0.5115
14468.6,32964.1,15035.6,33579.2,0.5114
13880.1,41148.4,14400.0,41599.9,0.5114
204.2,9924.8,640.0,10553.9,0.5113
7410.7,38400.0,7679.7,38882.1,0.5113
4468.4,30426.8,4798.6,30720.0,0.5112
2474.5,66971.0,2559.6,67517.0,0.5111
9521.7,50374.0,9920.0,50880.0,0.5110
16003.7,10883.7,16638.5,11322.2,0.5109
3794.4,59774.9,3867.6,60156.9,0.5108
16457.5,22503.2,16955.3,23040.0,0.5107
11816.2,41605.8,12160.0,42143.2,0.5106
2253.9,56889.3,2463.8,57279.7,0.5103
2159.9,46878.2,2240.0,47255.3,0.5101
5057.7,65861.4,5120.0,66022.5,0.5100
13571.1,12901.5,14078.6,13397.7,0.5097
12519.9,26484.9,13116.9,26760.6,0.5097
3520.2,45653.3,4157.0,46060.6,0.5097
9600.0,13392.5,10239.5,13760.0,0.5095
2263.3,42450.3,2877.7,42880.0,0.5094
15908.8,60401.8,16000.0,60479.4,0.5091
8009.2,2467.5,8640.0,2880.0,0.5090
1932.3,8501.9,2560.0,8958.7,0.5090
5461.6,31924.5,6077.8,32318.7,0.5090
5897.5,39760.5,6080.0,40317.8,0.5089
2284.1,25603.0,2873.2,25817.0,0.5089
17411.8,23361.0,17909.2,23791.3,0.5086
15040.4,28050.6,15165.8,28158.9,0.5086
6778.6,18994.8,7356.2,19513.5,0.5085
12039.6,4689.9,12479.3,5120.0,0.5084
14263.1,38082.0,14715.2,38305.1,0.5083
440.5,4016.5,957.0,4477.6,0.5082
2203.5,45345.0,2525.4,45760.0,0.5082
5309.2,56525.7,5439.7,56947.7,0.5082
16321.1,7360.3,16402.8,7505.5,0.5080
2572.7,30252.2,3200.0,30718.7,0.5080
12096.5,4140.7,12159.7,4480.0,0.5079
14409.8,34187.4,15039.4,34560.0,0.5079
17834.0,22939.3,17920.0,23262.5,0.5078
8494.1,30720.3,8960.0,31202.2,0.5077
9391.9,47360.0,9846.1,47586.2,0.5077
6603.5,59891.3,7038.2,60480.0,0.5076
9922.2,34945.7,10559.5,35199.8,0.5074
5494.6,47600.3,6075.5,48000.0,0.5073
676.6,27569.7,960.0,28038.8,0.5072
858.3,18212.2,960.0,18559.5,0.5071
9288.4,7412.3,9600.0,7999.1,0.5070
12701.5,46406.0,13120.0,46756.4,0.5070
12303.0,48004.0,12800.0,48523.6,0.5070
2212.2,62400.0,2559.4,62903.4,0.5069
3200.0,12800.0,3520.0,13421.0,0.5068
9751.2,4721.2,10238.4,5120.0,0.5068
15916.0,7783.7,15999.9,7998.4,0.5068
5444.9,30721.3,6078.8,30940.6,0.5067
11489.1,5871.9,11839.6,6339.9,0.5065
11244.4,35432.7,11840.0,35840.0,0.5065
2920.2,50440.7,3188.4,50874.0,0.5065
9809.2,28289.5,10240.0,28798.7,0.5064
9421.2,25713.0,9600.0,26240.0,0.5064
4078.6,64563.0,4160.0,64958.1,0.5063
2937.1,35743.4,3517.6,36160.0,0.5063
5120.0,39031.7,5756.6,39360.0,0.5063
12163.3,34880.0,12800.0,35349.9,0.5062
15726.9,44160.0,15959.9,44692.9,0.5061
1606.3,9946.8,2240.0,10240.0,0.5060
14116.9,43845.7,14400.0,44091.1,0.5056
15603.5,36160.0,16000.0,36646.8,0.5055
11104.3,48512.3,11518.7,48960.0,0.5055
1995.0,32323.4,2239.0,32903.6,0.5053
6277.5,38633.6,6713.1,39040.0,0.5053
10560.0,37760.0,10962.9,38012.1,0.5052
5142.4,61125.2,5759.0,61596.0,0.5051
4800.0,62955.1,4891.3,63189.0,0.5051
9966.7,5981.7,10560.0,6400.0,0.5050
12162.0,51840.0,12799.6,52255.4,0.5050
10644.6,26298.0,11200.0,26559.2,0.5049
1510.5,59843.3,1599.8,60136.2,0.5049
17856.1,18331.4,18159.0,18880.0,0.5049
16088.2,48682.0,16151.9,49007.6,0.5049
4480.2,14404.3,5070.2,14711.7,0.5047
15008.9,36808.0,15360.0,37236.4,0.5047
6424.7,5120.0,7039.4,5454.1,0.5046
14406.9,9921.5,15037.1,10257.5,0.5045
5763.0,13773.2,6398.5,14207.5,0.5045
17851.9,13674.5,17970.0,13819.0,0.5045
6412.5,33047.9,6719.7,33596.0,0.5045
1670.3,48669.6,1920.0,49279.4,0.5043
5069.9,30153.8,5440.0,30720.0,0.5043
1088.2,21179.9,1590.6,21757.5,0.5042
5334.4,34560.0,5759.3,34814.9,0.5041
10467.2,9606.5,10560.0,10125.4,0.5040
7366.7,50146.4,7997.7,50560.0,0.5038
3546.7,13668.8,3838.8,14080.0,0.5037
9930.0,538.5,10556.0,958.6,0.5034
529.0,38779.3,960.0,39178.5,0.5033
6576.7,23629.3,7040.0,24000.0,0.5033
14959.2,51451.6,15358.6,51840.0,0.5031
2367.7,57285.9,2445.0,57725.9,0.5030
9625.5,15622.3,9916.4,15998.9,0.5029
9380.4,32230.4,9599.3,32615.0,0.5029
11639.4,46308.3,12156.9,46720.0,0.5028
15680.0,51696.1,15776.0,52160.0,0.5028
8379.4,9317.2,8639.2,9608.4,0.5027
9374.7,28803.5,9911.8,29303.0,0.5026
5919.5,59227.8,6079.9,59828.1,0.5025
6720.0,31802.0,6945.9,32315.4,0.5020
11840.0,16000.0,11963.2,16408.0,0.5019
6488.7,42680.9,7039.0,43199.0,0.5018
4545.5,6106.0,4799.1,6442.8,0.5017
17164.5,48643.4,17280.0,48850.0,0.5017
2213.6,19526.0,2560.0,19837.1,0.5017
7710.0,61061.6,8315.6,61440.0,0.5016
5568.7,35200.0,5759.7,35705.2,0.5015
17280.0,50240.0,17517.1,50444.9,0.5015
2089.2,26886.7,2558.9,27360.3,0.5013
12800.0,27200.0,13439.7,27403.2,0.5012
1116.5,2670.9,1280.0,3200.0,0.5012
5923.1,30087.2,6400.0,30600.9,0.5012
2799.4,34883.7,3200.0,35325.2,0.5010
5407.8,8185.7,5760.0,8640.0,0.5010
7771.0,13643.8,8311.9,14080.0,0.5009
5524.1,46567.0,6079.1,47038.8,0.5008
16703.8,7117.0,16960.0,7680.0,0.5008
9675.5,47040.2,9919.1,47370.9,0.5007
7766.8,322.8,8316.1,742.1,0.5006
17148.7,35115.9,17280.0,35513.4,0.5005
17071.0,41268.3,17594.3,41597.7,0.5005
3.9,27520.4,635.1,27612.5,0.5005
13601.1,52160.1,13759.5,52306.9,0.5005
10169.0,20483.0,10560.0,20930.4,0.5003
1805.1,28800.0,1919.0,29057.3,0.5003
3757.0,8386.8,3839.9,8696.0,0.4999
5790.5,26696.5,6396.0,27188.1,0.4998
2540.9,3840.0,2878.8,4349.8,0.4996
3483.3,32426.6,3839.2,32960.0,0.4995
6143.3,29917.3,6720.0,30395.1,0.4995
1642.8,43875.9,1919.9,44280.1,0.4994
7418.4,9925.5,7680.0,10143.3,0.4994
2145.3,67521.2,2240.0,67639.1,0.4994
12502.9,35849.3,13115.5,36355.3,0.4993
16009.3,28679.5,16635.8,29117.8,0.4992
9350.2,32816.5,9917.8,33280.0,0.4992
11629.3,4632.3,12158.6,5113.8,0.4992
24.0,37136.3,637.7,37474.4,0.4992
15562.6,24043.1,15680.0,24319.2,0.4992
4208.4,12317.3,4798.6,12796.1,0.4991
1947.1,50348.8,2558.2,50558.4,0.4990
16567.7,46294.9,16640.0,46398.6,0.4989
2567.8,57325.0,2820.6,57920.0,0.4989
12491.3,16956.4,13119.4,17276.4,0.4987
16737.4,61666.5,17280.0,62080.0,0.4987
10881.8,27520.0,11392.2,27966.0,0.4987
2240.0,61970.9,2351.5,62079.9,0.4986
10041.3,8810.7,10552.4,9274.4,0.4985
14724.0,31300.7,15355.5,31680.0,0.4984
16646.0,35729.2,17279.3,36160.0,0.4984
2240.0,67308.8,2364.0,67728.9,0.4983
4206.9,27526.4,4800.0,27895.7,0.4983
16631.8,13989.6,16960.0,14400.0,0.4983
3369.2,7565.2,3840.0,7999.3,0.4982
240.3,394.8,640.0,960.0,0.4981
9630.6,6632.3,10236.9,7039.9,0.4981
16697.5,48323.7,16764.4,48603.2,0.4981
10585.1,32262.2,11200.0,32640.0,0.4981
12413.8,13764.9,12800.0,14176.9,0.4980
14549.5,16012.4,14719.9,16358.2,0.4980
850.6,2259.4,1277.0,2617.9,0.4979
14511.1,22580.4,15024.0,23038.8,0.4978
8549.0,31688.7,8960.0,31920.8,0.4977
15947.5,45355.3,16319.7,45440.0,0.4977
2883.5,42261.9,3261.9,42559.7,0.4974
15680.7,40202.7,16316.8,40640.0,0.4973
5896.7,58273.6,6396.2,58560.0,0.4973
7648.1,25923.7,8000.0,26471.5,0.4973
5918.8,19623.8,6400.0,20160.0,0.4971
5222.8,31122.0,5759.8,31679.6,0.4970
10880.0,23919.8,11027.9,24320.0,0.4969
4924.7,18764.6,5436.3,19200.0,0.4968
11764.5,15041.6,12160.0,15675.5,0.4968
15125.2,40180.4,15359.6,40635.0,0.4967
1379.7,23807.8,1600.0,24000.0,0.4962
2216.7,42255.5,2560.0,42680.5,0.4962
14720.0,48328.8,14823.8,48922.1,0.4962
2859.5,27520.0,3200.0,28090.7,0.4960
10786.9,38402.1,10880.0,38637.6,0.4960
16653.8,16573.5,17278.3,16959.6,0.4960
16887.5,51005.5,16960.0,51212.7,0.4957
2619.4,9609.8,3195.1,10044.4,0.4956
1603.7,65600.8,1920.0,66148.9,0.4956
16075.1,9287.1,16637.8,9788.1,0.4954
4193.3,28158.0,4798.2,28480.0,0.4954
17540.0,51843.3,18176.0,52166.3,0.4952
16670.8,48972.9,16765.4,49204.9,0.4952
9017.5,50649.5,9598.3,51200.0,0.4951
4830.0,27751.9,5436.6,28160.0,0.4949
1705.6,5129.7,2196.7,5526.2,0.4949
10780.1,21007.3,11199.7,21436.0,0.4949
38.3,49934.1,636.8,50453.5,0.4949
5992.9,58064.6,6079.6,58556.1,0.4948
14907.7,29120.1,15359.4,29574.6,0.4948
16024.1,30972.6,16639.1,31360.0,0.4946
3671.7,20492.0,3839.8,20848.4,0.4946
13166.3,29305.1,13760.0,29747.2,0.4944
13791.8,39681.5,14079.6,40097.3,0.4944
8044.5,48960.9,8320.0,49338.6,0.4943
16002.5,20006.5,16466.8,20477.9,0.4942
9999.2,50847.8,10544.6,51200.0,0.4942
12160.2,44487.3,12657.2,44839.4,0.4938
9605.8,28396.8,10046.4,28798.2,0.4935
13573.6,30352.6,14077.5,30717.3,0.4935
8090.2,5534.2,8636.8,6080.0,0.4935
5622.4,37322.8,5759.3,37726.3,0.4933
6400.4,4800.0,6576.4,5022.8,0.4933
12149.1,26880.0,12252.3,27068.4,0.4931
2653.4,60020.2,3200.0,60480.0,0.4930
4884.5,9209.9,5438.1,9600.0,0.4929
9281.0,11520.2,9610.9,11951.5,0.4928
1087.5,18980.6,1280.0,19520.0,0.4928
15763.5,21337.7,15999.6,21756.7,0.4927
6985.1,24964.5,7357.5,25368.7,0.4926
5309.6,1188.6,5440.0,1416.9,0.4926
14560.4,43554.5,14720.0,44046.9,0.4925
427.6,56640.7,639.4,56937.4,0.4923
5032.7,38408.4,5119.5,38807.4,0.4923
17231.2,37769.4,17599.6,38238.8,0.4922
4261.0,18131.4,4796.1,18560.0,0.4919
9266.2,10567.4,9599.9,11033.5,0.4918
2382.8,35202.2,2559.7,35682.3,0.4916
17238.8,45441.1,17597.5,45916.4,0.4916
2120.5,24643.7,2239.8,24767.0,0.4915
2610.5,36837.7,3199.9,37120.0,0.4914
10581.7,5445.3,11200.0,5925.2,0.4913
13326.0,24331.0,13440.0,24957.7,0.4911
15042.8,21293.7,15359.1,21438.3,0.4910
642.4,47200.1,1171.5,47680.0,0.4909
14803.9,57997.8,15355.4,58560.0,0.4909
5621.5,7680.0,5758.7,7885.7,0.4903
15895.6,25151.4,16000.0,25333.0,0.4902
16974.2,43419.0,17600.0,43840.0,0.4901
14090.1,46720.9,14531.8,47117.2,0.4901
4160.0,7208.3,4279.8,7358.4,0.4900
5731.1,4800.4,5887.2,4858.2,0.4900
10099.2,41373.0,10239.6,41600.0,0.4899
4034.5,57362.8,4472.8,57599.1,0.4897
6725.5,15191.2,7178.7,15676.8,0.4896
17731.1,65435.2,18176.0,65917.9,0.4896
7086.4,2441.7,7677.0,2877.1,0.4896
1334.6,1599.0,1920.0,1920.0,0.4895
12836.2,37931.7,13440.0,38398.2,0.4895
2551.0,52789.8,2880.0,53120.0,0.4894
3558.4,31975.7,4160.0,32319.8,0.4893
8750.6,19105.7,9279.0,19520.0,0.4892
1275.8,60483.0,1600.0,60957.5,0.4891
12825.8,46720.0,13433.4,46980.1,0.4890
4360.9,6403.9,4480.0,6527.4,0.4888
3907.5,16000.5,4478.8,16524.0,0.4887
4409.7,33280.0,4800.0,33703.3,0.4885
14673.5,17282.4,15040.0,17887.2,0.4885
6750.5,6074.6,7359.1,6400.0,0.4884
3613.1,58626.2,4158.7,58914.6,0.4883
6721.7,31360.0,6878.5,31837.3,0.4882
14042.1,39360.0,14400.0,39790.7,0.4882
7398.7,43184.4,8000.0,43520.0,0.4881
6440.9,37290.5,7040.0,37760.0,0.4881
16070.3,15044.3,16629.5,15547.3,0.4879
6209.8,27845.1,6400.0,28410.1,0.4878
9287.1,18095.1,9917.5,18557.8,0.4877
5968.2,41805.1,6400.0,42237.5,0.4877
17819.7,39095.3,17920.0,39673.6,0.4877
1614.6,21036.5,2235.5,21440.0,0.4877
971.6,27214.3,1596.9,27699.6,0.4876
4569.2,27853.2,5116.4,28469.1,0.4876
15917.8,17282.8,16317.3,17663.8,0.4875
13863.8,19202.2,14398.7,19732.7,0.4875
17382.4,32330.8,17599.5,32743.5,0.4875
10887.4,43974.6,11520.0,44480.0,0.4874
9116.5,12377.5,9279.8,12794.7,0.4872
12537.1,19201.0,12799.9,19680.9,0.4872
9419.4,11405.5,9920.0,11832.1,0.4872
7619.7,30725.8,8000.0,31153.9,0.4871
12860.0,30926.7,13438.4,31360.0,0.4869
5789.9,37440.0,6080.0,37921.6,0.4868
1638.4,62401.7,1920.0,62970.5,0.4866
2827.5,31360.2,3200.0,31789.7,0.4865
9920.9,42246.0,10244.9,42579.4,0.4864
16329.9,23348.1,16956.9,23680.0,0.4863
17340.8,19174.5,17920.0,19520.0,0.4859
9688.2,26022.9,10236.3,26557.5,0.4857
11840.0,48319.4,12480.0,48638.5,0.4855
8320.0,18819.0,8444.8,18880.0,0.4854
12404.0,19026.6,12479.7,19520.0,0.4853
16407.9,49611.4,16571.9,49725.5,0.4853
2890.7,24600.4,3518.6,24960.0,0.4852
11307.3,48519.8,11840.0,48960.0,0.4850
14771.4,6824.8,15359.5,7358.1,0.4850
7361.9,2880.0,7998.2,3115.0,0.4849
5861.0,63169.0,5985.9,63268.7,0.4849
10922.7,16864.8,11519.6,17280.0,0.4848
4488.4,40344.5,5118.0,40758.5,0.4848
1370.8,33945.9,1919.1,34308.9,0.4847
641.2,32960.0,1279.7,33392.9,0.4845
17991.1,20108.4,18174.9,20475.7,0.4845
12801.6,22429.6,13439.6,22720.0,0.4844
4160.0,3520.0,4337.7,3556.9,0.4844
8640.0,50240.2,9275.2,50631.4,0.4843
346.4,66564.2,953.9,67017.8,0.4842
5483.0,29120.0,6077.7,29566.1,0.4840
2006.7,1600.2,2239.0,1751.4,0.4840
972.5,57780.3,1600.0,58238.1,0.4840
4800.0,64006.3,4977.0,64542.2,0.4839
17644.3,24083.2,18173.1,24637.0,0.4838
12166.6,20859.7,12480.0,21439.8,0.4837
640.1,32010.0,960.0,32461.3,0.4836
9633.4,18917.5,10239.1,19200.0,0.4833
16650.2,28168.1,17279.3,28604.8,0.4833
11537.4,39076.9,11814.4,39207.9,0.4832
12539.2,41297.4,12800.0,41681.2,0.4831
6089.5,6177.6,6717.1,6714.0,0.4831
106.5,16747.1,635.4,17277.7,0.4831
11893.9,572.7,12469.4,959.2,0.4830
4800.0,1311.5,5437.9,1682.2,0.4830
12800.0,35631.6,13033.0,36160.0,0.4830
15482.9,40500.9,15998.0,40960.0,0.4829
1998.1,55816.1,2180.8,56318.9,0.4827
16526.2,9600.0,16960.0,10105.9,0.4826
2245.2,9623.4,2879.7,9922.8,0.4825
5568.0,41280.0,6077.8,41501.4,0.4825
11527.8,25920.0,12160.0,26342.3,0.4824
4481.4,27483.2,4800.0,27840.0,0.4823
4139.0,12481.0,4477.1,12745.0,0.4823
2283.9,411.6,2876.2,704.3,0.4822
3280.2,1924.2,3520.0,2106.4,0.4822
8278.9,9920.0,8640.0,10559.6,0.4821
2451.3,26888.7,2880.0,27342.7,0.4820
4845.4,27406.8,5436.6,27838.6,0.4820
8397.9,14723.6,8640.0,15276.3,0.4820
3684.5,46403.4,4160.0,46779.5,0.4819
8002.4,44410.6,8636.0,44800.0,0.4818
17638.2,740.4,18173.7,1275.8,0.4818
13177.3,29122.6,13439.6,29498.4,0.4818
1030.3,24960.4,1174.6,25033.5,0.4815
8981.2,2880.0,9590.0,3405.2,0.4815
9601.0,49182.1,9711.2,49280.0,0.4815
7245.9,9311.3,7680.0,9766.9,0.4814
248.2,59844.8,638.1,60408.2,0.4813
16960.0,51201.1,17597.6,51634.1,0.4811
16412.5,64116.1,16956.0,64640.0,0.4811
14150.4,28480.0,14720.0,28930.3,0.4810
14824.0,24579.8,15352.0,24960.0,0.4808
9612.0,29330.0,10235.5,29760.0,0.4806
1962.8,36702.4,2556.6,37114.5,0.4804
38.4,30021.5,640.0,30400.0,0.4803
8320.0,6744.3,8815.0,7083.7,0.4802
706.3,16527.5,1280.0,16958.8,0.4802
1920.0,17283.3,2558.6,17624.0,0.4800
6045.6,43525.0,6400.0,43987.9,0.4799
11324.7,19840.0,11519.7,20265.2,0.4798
8689.7,31044.5,8959.5,31502.7,0.4798
3170.9,23361.2,3519.6,23852.2,0.4798
1942.7,27680.2,2240.0,28143.7,0.4796
5176.9,9282.1,5439.5,9574.9,0.4796
8144.2,5009.7,8636.2,5440.0,0.4795
10561.6,34362.5,10805.3,34560.0,0.4795
6415.7,2755.8,7034.2,3197.9,0.4795
3552.4,13689.2,4157.9,14080.0,0.4795
8524.2,30400.0,8960.0,30873.7,0.4795
10406.0,46412.7,10668.4,46614.6,0.4794
16958.3,41775.8,17277.8,42144.3,0.4794
10917.5,16640.0,11517.0,17134.4,0.4793
13131.0,35842.5,13353.1,36017.5,0.4791
12317.0,20302.9,12479.7,20795.8,0.4789
5186.0,31952.0,5758.9,32320.0,0.4788
17056.9,3286.6,17279.1,3661.8,0.4787
16977.6,38946.5,17599.0,39360.0,0.4785
5361.8,23040.0,5760.0,23491.7,0.4784
13775.0,48000.0,14400.0,48185.5,0.4784
4481.5,53301.9,4594.3,53439.9,0.4783
7769.2,63361.3,7893.8,63562.1,0.4782
16007.6,28090.0,16639.8,28478.3,0.4782
15683.3,15739.2,15792.6,16212.5,0.4782
747.7,30703.0,1277.5,31039.6,0.4781
1329.3,36069.4,1918.2,36480.0,0.4781
367.7,2563.8,956.2,2888.9,0.4778
6400.0,33550.1,7030.8,33909.6,0.4778
6980.5,10891.8,7358.6,11311.9,0.4777
15743.8,7873.3,16314.9,8316.5,0.4777
3383.9,21031.6,3520.0,21440.0,0.4776
4721.9,26564.3,4799.3,26748.8,0.4775
15423.3,18820.5,15997.7,19200.0,0.4773
2561.0,3200.0,2969.3,3633.1,0.4773
2449.3,2882.0,2877.9,3025.6,0.4773
9851.9,25606.8,10240.0,26069.7,0.4773
16406.1,20535.9,16956.6,21120.0,0.4771
878.0,12160.0,1280.0,12606.4,0.4771
8674.8,42254.0,9279.0,42558.5,0.4771
12649.1,47905.6,13115.2,48245.0,0.4771
4220.7,20424.2,4799.0,20800.0,0.4771
8670.3,44676.0,9278.7,45117.3,0.4770
14519.3,18895.7,15040.0,19200.0,0.4770
12550.4,3977.1,13115.9,4474.8,0.4769
15042.6,45121.8,15502.0,45410.0,0.4768
4986.8,5124.6,5435.8,5423.6,0.4765
5129.8,7694.9,5474.9,7846.6,0.4765
9612.8,18572.8,10240.0,19109.7,0.4765
15063.3,36804.5,15675.9,37084.5,0.4764
6020.1,36800.0,6400.0,37197.4,0.4764
16740.0,26457.9,17273.9,26880.0,0.4764
3200.9,15633.0,3552.7,15993.3,0.4763
13876.3,17310.0,14395.1,17600.0,0.4761
13699.3,42240.0,14077.9,42651.9,0.4761
15680.0,31572.3,16318.0,32000.0,0.4760
8001.7,44719.2,8637.7,45120.0,0.4759
14871.1,20012.2,15040.0,20476.7,0.4759
16867.8,49280.7,16960.0,49401.8,0.4759
15480.1,48064.8,15736.7,48636.6,0.4757
1406.1,8828.9,1574.3,9275.9,0.4756
11584.0,17625.7,12157.4,17908.5,0.4756
13440.1,35169.2,13588.6,35516.0,0.4756
17791.9,48000.0,18157.6,48117.0,0.4755
10932.5,19523.9,11200.0,19971.3,0.4754
12760.6,34456.2,13120.0,34880.0,0.4753
1323.5,31683.5,1920.0,32148.6,0.4751
8000.0,28481.9,8136.4,29025.8,0.4751
5826.4,46883.6,6398.2,47359.0,0.4751
10800.8,23043.1,11198.7,23342.0,0.4750
6916.4,9531.5,7039.8,9912.6,0.4748
10773.6,39276.1,10880.0,39670.1,0.4746
10579.6,42907.7,11197.3,43349.6,0.4746
13440.0,46720.0,14076.0,46953.1,0.4746
1715.1,22354.5,1919.8,22714.7,0.4744
17993.2,65767.9,18175.2,66202.3,0.4742
930.0,39049.6,1278.9,39469.8,0.4742
5511.2,27081.2,6075.9,27520.0,0.4741
13110.6,23610.7,13399.0,23998.6,0.4741
4924.8,7732.9,5119.3,8110.4,0.4740
1725.4,31362.9,2240.0,31877.3,0.4740
5004.6,1004.4,5120.0,1278.6,0.4738
3929.4,28486.1,4480.0,29004.2,0.4735
3311.5,60087.2,3440.4,60478.5,0.4734
14952.4,29760.7,15360.0,29933.6,0.4733
13120.0,13362.8,13757.9,13760.0,0.4733
1746.0,7367.7,1919.1,7732.9,0.4732
1987.5,6141.9,2556.1,6714.1,0.4730
13568.7,47360.0,13760.0,47885.4,0.4729
17673.0,38954.2,17920.0,39360.0,0.4729
17400.9,8200.6,17920.0,8638.1,0.4729
7618.7,62400.0,8000.0,63021.8,0.4728
6485.4,61178.2,6720.0,61759.4,0.4728
17282.1,47362.1,17914.5,47734.0,0.4727
17236.3,64771.8,17600.0,65154.6,0.4727
15251.4,14888.8,15678.9,15353.0,0.4726
8328.3,51125.1,8958.3,51520.0,0.4725
2792.9,51180.8,2879.0,51290.6,0.4723
11535.9,36162.5,12151.8,36437.0,0.4722
13014.2,15362.3,13437.4,15646.1,0.4722
3304.7,8002.3,3837.6,8457.1,0.4721
13137.2,17930.0,13760.0,18240.0,0.4721
5441.7,4254.0,6077.2,4474.3,0.4720
15846.8,42570.8,16320.0,43006.9,0.4719
5440.7,8962.8,5746.9,9318.6,0.4719
9920.0,13761.1,10412.0,13974.4,0.4718
17536.0,14906.0,17806.6,15339.0,0.4717
2270.4,34880.0,2875.8,35401.3,0.4717
15574.7,47913.7,15680.0,47999.3,0.4716
8865.8,6468.0,9280.0,7040.0,0.4716
1920.0,29885.8,2031.1,30103.4,0.4715
4162.6,52701.3,4299.7,53119.2,0.4715
11530.0,874.8,12146.1,1280.0,0.4714
4173.2,35131.1,4791.3,35520.0,0.4714
8016.7,44803.7,8320.0,45333.2,0.4713
1029.7,27843.5,1279.9,28456.3,0.4711
11235.8,12166.4,11840.0,12651.2,0.4711
10713.9,22267.3,10878.5,22720.0,0.4710
17601.2,47050.2,17699.3,47321.9,0.4710
4478.0,54216.7,4800.0,54701.4,0.4710
16727.8,63886.1,16960.0,64320.0,0.4709
1387.4,12380.7,1914.8,12790.3,0.4708
16351.5,183.8,16958.0,636.1,0.4704
6080.0,11579.7,6272.3,12035.8,0.4704
16037.1,33608.4,16639.7,33964.5,0.4703
7685.1,64646.0,7985.6,64954.2,0.4703
6083.5,1194.9,6689.7,1600.0,0.4703
1920.0,58015.0,2050.4,58560.0,0.4702
8640.3,32967.8,8943.6,33128.4,0.4702
8363.8,42072.1,8950.6,42535.4,0.4700
8984.3,14400.0,9280.0,14912.1,0.4699
1994.3,7683.1,2240.0,8064.3,0.4698
2918.6,53440.0,3519.5,53889.8,0.4697
9603.1,44728.3,10239.5,45120.0,0.4697
12899.1,32642.6,13120.0,32804.0,0.4697
16479.0,40828.8,16768.8,41127.6,0.4694
17448.0,23569.9,17918.1,24000.0,0.4693
1130.4,26991.8,1600.0,27501.3,0.4692
5512.6,55680.0,5760.0,56148.5,0.4691
320.0,47700.8,527.3,48139.7,0.4690
9920.0,3695.2,10555.9,4155.6,0.4690
5198.9,3520.0,5754.5,3964.2,0.4689
10005.3,24738.3,10553.8,25273.8,0.4689
13647.3,34907.2,14073.1,35227.7,0.4688
6069.7,28221.7,6400.0,28796.5,0.4687
737.3,35522.4,1279.3,35980.0,0.4687
10881.9,41600.0,11516.6,41820.8,0.4687
14240.0,28358.7,14400.0,28797.5,0.4687
6379.8,31040.5,6719.3,31497.2,0.4685
11841.1,16786.3,11948.6,16960.0,0.4684
16366.7,27082.4,16960.0,27509.1,0.4683
9002.0,34881.4,9278.0,35096.8,0.4682
11515.5,38375.8,11840.0,38720.0,0.4680
16969.0,35996.1,17280.0,36478.3,0.4680
4546.9,28825.2,5119.0,29064.4,0.4678
14720.4,40321.4,15066.9,40615.2,0.4678
9284.1,22616.7,9902.0,23039.3,0.4677
5120.0,16160.0,5590.4,16632.8,0.4677
11203.4,45619.8,11411.1,46077.8,0.4675
5895.9,35686.1,6395.7,36155.9,0.4675
754.5,5914.8,1277.8,6398.5,0.4675
12257.3,6080.3,12479.1,6253.7,0.4675
9994.2,13268.9,10559.3,13756.4,0.4673
2964.0,27206.1,3520.0,27723.3,0.4673
2118.6,731.4,2240.0,1262.4,0.4673
13470.9,7158.7,14070.8,7676.5,0.4672
13239.0,24000.0,13439.9,24520.7,0.4671
6180.2,32962.9,6718.2,33430.1,0.4670
9654.1,14708.5,10239.3,15040.0,0.4669
1280.0,16879.8,1914.8,17280.0,0.4668
15514.9,24646.6,15998.8,24872.2,0.4668
3805.9,56537.3,4160.0,56960.0,0.4668
7173.2,31333.7,7667.8,31680.0,0.4667
1922.2,40042.9,2465.0,40311.9,0.4666
13448.6,1921.9,14078.7,2371.3,0.4666
9540.6,13444.5,9920.0,13795.1,0.4666
3447.4,49920.7,3520.0,50026.4,0.4664
11142.4,10776.0,11520.0,11199.7,0.4663
2110.2,39566.8,2240.0,39953.9,0.4661
13762.1,14463.5,14080.0,14910.0,0.4661
3863.3,54947.0,4479.8,55360.0,0.4660
2242.2,40017.8,2471.9,40528.6,0.4660
351.6,4383.5,956.8,4800.0,0.4658
12484.1,5752.3,13116.5,6080.0,0.4658
5147.2,55232.1,5255.6,55675.0,0.4656
17689.4,18473.8,18105.7,18880.0,0.4652
17219.8,13784.1,17582.8,14080.0,0.4651
10419.9,45477.8,10559.3,45720.1,0.4650
15546.6,18243.6,15679.7,18854.1,0.4649
9395.4,24936.4,9600.0,25277.9,0.4649
10050.0,34705.4,10239.8,35194.2,0.4649
7040.0,17293.1,7489.2,17516.5,0.4648
756.3,40156.5,1279.7,40638.8,0.4648
13941.4,35602.1,14080.0,35839.8,0.4647
4851.0,10430.6,5437.8,10875.6,0.4647
16682.4,45201.6,17158.0,45489.3,0.4647
9287.6,33494.0,9912.6,33920.0,0.4647
6721.7,11922.4,6913.3,12159.8,0.4646
4854.7,32002.4,5119.5,32257.9,0.4644
8004.6,48869.8,8630.9,49280.0,0.4644
2969.4,2065.6,3519.3,2557.5,0.4643
16712.2,29866.8,17269.5,30399.7,0.4641
9280.4,14080.7,9390.7,14133.9,0.4641
10566.7,21213.1,10851.1,21760.0,0.4641
5265.9,42883.2,5755.9,43147.1,0.4640
7425.7,28896.6,7679.9,29438.6,0.4640
18076.2,2906.7,18176.0,3303.9,0.4640
7362.8,14732.9,7674.3,15348.7,0.4639
562.4,63684.3,960.0,64238.8,0.4638
16335.4,31044.5,16640.0,31566.6,0.4638
2752.5,8373.9,3200.0,8947.9,0.4637
6081.1,40304.0,6720.0,40551.0,0.4637
10580.6,33434.5,11197.4,33919.1,0.4636
14402.0,34595.7,14588.6,35017.0,0.4636
8127.3,5760.6,8638.6,6222.8,0.4635
11520.0,14407.3,11921.5,14651.5,0.4635
5227.4,36807.1,5757.3,37185.0,0.4635
13806.6,24113.5,14080.0,24640.0,0.4634
3555.1,31267.8,4157.5,31680.0,0.4634
16320.0,12800.4,16624.9,13007.8,0.4634
658.7,62721.9,1115.6,63238.6,0.4634
666.7,26476.4,1280.0,26880.0,0.4634
14476.1,52680.5,14720.0,52799.4,0.4633
6420.3,5761.6,7036.6,6205.5,0.4633
1802.2,64964.1,2238.0,65564.9,0.4628
14462.0,56006.4,14720.0,56418.7,0.4628
9377.8,49920.0,9915.0,50347.1,0.4627
6722.0,34880.0,7176.3,35298.1,0.4626
14400.0,45442.8,14848.5,45875.0,0.4626
12261.4,46400.0,12796.2,46864.6,0.4624
7155.6,28164.1,7359.1,28474.2,0.4624
8027.4,45929.0,8634.7,46395.6,0.4622
320.2,34767.6,640.0,35191.1,0.4621
16740.0,51649.5,17279.3,52157.1,0.4621
6432.0,21965.5,7039.9,22400.0,0.4619
5722.8,5762.1,6080.0,6242.5,0.4618
8374.2,41127.1,8959.0,41596.7,0.4617
17280.0,44210.5,17349.6,44439.3,0.4616
11921.9,18939.7,12479.6,19520.0,0.4616
13958.6,47236.2,14400.0,47678.2,0.4616
7042.2,7593.7,7678.5,8000.0,0.4615
506.7,58510.0,634.8,58560.0,0.4615
14434.7,22088.7,14720.0,22402.2,0.4614
667.5,25142.5,1279.1,25599.6,0.4614
2733.1,57830.2,2879.2,58240.0,0.4614
3204.6,50880.0,3334.3,51098.0,0.4613
5883.6,35524.1,6400.0,35961.0,0.4612
13955.9,24648.9,14079.7,24852.3,0.4612
8961.8,25545.4,9598.8,25920.0,0.4611
10881.5,37584.0,10967.7,37812.4,0.4609
2596.9,4965.6,3200.0,5440.0,0.4608
16320.4,40054.4,16472.6,40329.0,0.4607
2640.4,62727.5,3139.5,63225.5,0.4607
2605.0,55683.2,2825.1,55869.2,0.4606
1964.7,21685.3,2560.0,22080.0,0.4606
10400.3,25180.8,10560.0,25599.0,0.4606
12922.8,28609.3,13435.6,29117.5,0.4605
17865.1,41609.6,18176.0,42135.8,0.4604
1.7,32252.6,152.4,32636.5,0.4604
14295.3,48175.1,14378.2,48640.0,0.4603
7363.2,65610.7,8000.0,65917.8,0.4602
1055.9,38262.3,1600.0,38719.7,0.4601
17189.4,10894.3,17280.0,11199.9,0.4600
2880.0,57248.8,2950.9,57600.0,0.4599
9014.2,53003.2,9597.2,53440.0,0.4598
9280.0,41298.2,9806.1,41656.1,0.4598
15041.3,7377.9,15413.3,7680.0,0.4598
3940.6,39172.3,4479.2,39677.9,0.4597
16350.3,67976.2,16959.3,68470.2,0.4597
5908.3,59237.4,6078.9,59520.0,0.4597
12954.5,17280.0,13439.9,17653.6,0.4596
9840.3,11636.5,9919.7,12149.6,0.4595
2948.2,31680.0,3514.1,31897.7,0.4594
2644.0,37319.4,3192.2,37760.0,0.4594
4276.6,43842.8,4480.0,44382.8,0.4591
16960.0,11364.4,17492.4,11834.3,0.4590
10679.8,43587.8,10880.0,43835.7,0.4586
10275.9,33417.0,10876.4,33871.8,0.4585
2573.6,65280.0,2880.0,65892.5,0.4584
1927.9,66695.1,2191.1,67199.5,0.4584
4314.6,12523.6,4799.7,12846.3,0.4583
1087.4,30720.0,1584.2,31143.8,0.4582
1.7,67484.8,637.1,67840.0,0.4580
320.0,62293.0,453.6,62400.0,0.4580
17399.7,35139.6,17920.0,35520.0,0.4579
5353.3,45761.2,5759.7,46289.0,0.4578
9920.0,39053.9,10255.4,39518.0,0.4578
9280.0,48640.0,9802.6,48910.3,0.4578
12648.6,32897.4,12799.1,33190.2,0.4577
17012.8,46683.2,17167.9,46720.0,0.4577
4020.0,45230.2,4479.4,45760.0,0.4574
8421.2,43746.2,8955.3,44160.0,0.4574
13385.2,24006.4,13760.0,24473.5,0.4574
5721.3,44214.0,6080.0,44799.7,0.4574
11648.6,32309.6,11838.9,32640.0,0.4574
13451.7,18423.1,14076.9,18862.1,0.4572
16324.1,15279.0,16499.5,15679.5,0.4572
11528.6,22915.1,12148.7,23213.1,0.4571
15103.6,29280.7,15671.1,29757.7,0.4571
6738.2,26174.5,7359.2,26560.0,0.4571
2926.1,31439.5,3518.7,31895.8,0.4570
1.5,47576.6,284.4,47680.0,0.4569
6720.2,16353.4,7232.5,16640.0,0.4568
2240.0,52032.7,2302.7,52479.9,0.4568
16060.6,25985.0,16637.0,26525.6,0.4568
2272.7,47782.8,2866.6,47999.6,0.4567
15197.7,16755.0,15360.0,17277.6,0.4566
6745.5,8930.4,7040.0,9279.4,0.4566
228.9,32213.2,640.0,32640.0,0.4566
14723.0,12670.8,14867.3,13117.4,0.4564
600.1,38205.9,673.1,38400.0,0.4563
12792.0,38080.0,13119.6,38662.0,0.4562
7092.3,44172.3,7680.0,44644.7,0.4561
4508.0,5121.8,4800.0,5197.4,0.4561
16046.0,69417.8,16637.7,69886.4,0.4561
13171.9,36969.2,13760.0,37439.4,0.4561
9364.9,13140.7,9598.9,13521.3,0.4561
13418.4,22851.3,13758.3,23040.0,0.4560
2242.6,28489.8,2865.0,28875.2,0.4560
13760.0,1625.5,14390.6,1920.0,0.4559
1933.6,24849.3,2554.6,25280.0,0.4559
1731.1,52160.0,2137.1,52398.0,0.4557
13130.9,29695.7,13759.1,30080.0,0.4555
1089.0,35864.8,1597.6,36311.1,0.4555
15577.9,14796.2,16000.0,15360.0,0.4555
12480.9,42163.8,13116.8,42560.0,0.4554
6169.3,24860.9,6717.2,25280.0,0.4554
8265.1,32964.7,8637.8,33464.8,0.4554
2858.2,16000.0,3200.0,16550.3,0.4553
13847.2,15147.4,14079.0,15587.8,0.4553
9280.0,13732.3,9547.5,14062.8,0.4552
13464.4,31717.5,14080.0,32000.0,0.4552
14057.0,27522.6,14230.4,27926.5,0.4551
6809.1,31904.5,7360.0,32320.0,0.4550
1953.0,2240.0,2559.3,2408.4,0.4550
13755.7,29604.1,14078.6,30080.0,0.4547
12800.2,32566.9,13440.0,32960.0,0.4547
16322.7,14083.4,16393.5,14226.0,0.4545
322.5,40675.4,469.3,41158.8,0.4545
17829.1,25151.6,18176.0,25600.0,0.4545
3464.8,21336.5,3840.0,21759.1,0.4544
16414.8,16759.0,16510.6,17275.5,0.4544
4800.0,28063.8,5309.5,28480.0,0.4543
15237.6,51318.8,15359.8,51519.8,0.4543
1799.0,49004.1,2240.0,49600.0,0.4542
13261.7,50056.1,13440.0,50543.2,0.4535
8648.3,41280.0,8960.0,41727.2,0.4535
11878.7,20638.7,12480.0,20907.0,0.4533
2444.5,65051.0,2876.1,65599.3,0.4533
1714.4,33609.7,1919.1,33778.7,0.4532
3520.5,3945.1,3646.5,4002.9,0.4532
16088.2,19781.7,16639.2,20160.0,0.4532
13458.5,46720.0,13760.0,47067.0,0.4532
16852.2,12800.0,17280.0,13345.2,0.4531
16640.0,52163.7,17141.6,52627.6,0.4531
9139.2,38642.1,9579.8,39040.0,0.4530
10357.1,25075.5,10878.3,25597.8,0.4529
9291.0,14720.0,9914.6,14922.1,0.4529
0.3,20270.1,323.2,20480.0,0.4529
1087.9,3966.5,1279.8,4458.6,0.4528
13799.0,30081.7,14397.5,30537.0,0.4526
2187.6,30793.2,2560.0,31222.7,0.4525
13441.6,49600.0,13721.0,50111.0,0.4525
4481.1,64320.3,4826.5,64958.8,0.4524
6545.0,10897.4,6720.0,11373.9,0.4524
17038.8,42983.6,17193.0,43400.3,0.4523
13763.4,46720.0,14079.4,47249.0,0.4523
1600.3,36399.8,1876.7,36799.5,0.4523
2403.0,1952.3,2559.7,2240.0,0.4523
12934.4,47699.4,13440.0,48167.8,0.4523
7360.0,40642.2,7541.7,41175.3,0.4522
10185.0,19578.1,10560.0,20160.0,0.4522
8.9,36160.0,634.4,36439.7,0.4522
10880.0,31918.0,11032.3,32318.2,0.4521
15715.5,9813.0,16320.0,10238.7,0.4519
17002.7,63918.4,17598.2,64320.0,0.4519
16393.7,69480.7,16954.8,69760.0,0.4517
1915.3,46312.3,2233.3,46719.4,0.4517
17643.6,2243.2,18175.2,2799.6,0.4514
3296.6,6509.5,3761.4,7018.7,0.4514
15829.4,38720.0,15994.9,38776.2,0.4512
14474.1,7895.4,15035.9,8320.0,0.4512
16960.0,38248.0,17476.3,38719.7,0.4512
15040.0,6938.9,15680.0,7354.0,0.4511
2342.4,54468.8,2560.0,54605.3,0.4510
4102.9,67482.2,4480.0,67840.0,0.4509
10165.4,9600.0,10553.5,10230.2,0.4507
11084.0,34960.1,11200.0,35224.7,0.4506
15334.4,13128.2,15678.1,13681.2,0.4506
14080.0,48365.5,14196.7,48954.6,0.4506
12939.6,4622.9,13428.7,5117.8,0.4504
728.4,13249.1,1276.1,13758.7,0.4504
3258.5,23375.4,3823.3,23690.7,0.4504
8000.0,16255.0,8637.6,16640.0,0.4503
11100.3,27117.2,11245.3,27462.4,0.4503
4905.6,31830.4,5119.6,32287.0,0.4502
15447.1,18320.7,15999.4,18880.0,0.4501
5785.9,18880.0,6396.5,19319.0,0.4501
16313.2,27520.6,16638.3,28028.6,0.4501
8320.7,44482.3,8669.7,44823.9,0.4496
8960.2,31286.5,9463.5,31680.0,0.4495
2568.7,14851.1,2976.7,15360.0,0.4495
13120.5,42471.4,13483.2,42880.0,0.4493
3103.8,42606.3,3199.8,43086.2,0.4492
10789.1,14087.9,10880.0,14482.3,0.4492
2173.4,19840.6,2560.0,20112.0,0.4491
10560.0,15960.7,11197.4,16320.0,0.4491
10249.0,17601.9,10877.2,18096.7,0.4490
8770.5,29273.4,9276.6,29757.0,0.4490
1922.5,12364.7,2558.8,12792.9,0.4489
3522.9,6938.7,4137.4,7360.0,0.4488
10498.3,37962.5,10880.0,38396.9,0.4488
6082.2,3843.4,6484.7,4276.4,0.4488
12581.8,35688.8,13119.2,36159.5,0.4487
13170.1,15685.6,13433.2,15932.2,0.4484
170.2,17043.2,637.8,17599.8,0.4483
13635.1,20153.3,13759.4,20478.0,0.4481
8640.0,37735.1,9280.0,38080.0,0.4480
2883.0,61767.6,3084.5,62278.1,0.4480
9085.8,36800.0,9279.5,37239.6,0.4479
8969.1,44072.5,9597.1,44480.0,0.4476
321.1,57101.5,457.1,57280.0,0.4476
10561.3,49282.9,10859.6,49590.1,0.4475
8642.1,39453.5,8885.4,40000.0,0.4473
9032.3,49244.9,9279.7,49600.0,0.4473
14436.0,13440.0,14720.0,13669.4,0.4472
1017.1,63681.6,1270.3,64242.7,0.4471
13760.0,45041.2,14181.2,45440.0,0.4469
1920.2,62931.1,2013.3,63039.8,0.4469
6831.6,12804.7,7039.6,13047.1,0.4468
1005.4,46963.0,1597.7,47360.0,0.4468
10572.2,39645.6,10903.5,39950.8,0.4467
2927.0,63024.4,3090.3,63344.2,0.4467
1761.0,39046.3,2161.6,39332.2,0.4466
13523.2,48401.6,13760.0,48953.2,0.4466
799.2,38602.2,1271.3,39037.8,0.4465
15401.6,20994.6,15995.1,21438.4,0.4464
16752.7,67091.1,17273.8,67520.0,0.4463
14014.8,33600.3,14400.0,33920.0,0.4463
17253.4,24393.4,17599.7,24898.4,0.4462
2934.0,31683.9,3199.2,31894.4,0.4461
13265.6,51683.1,13754.2,51991.2,0.4461
10052.9,18562.5,10239.6,18695.4,0.4460
15181.0,9282.5,15667.1,9747.3,0.4459
11494.9,44841.3,11839.5,45440.0,0.4459
6410.6,24320.2,7039.1,24610.3,0.4459
15211.8,25600.7,15359.8,25714.3,0.4457
446.1,1077.1,639.8,1596.0,0.4457
1644.7,63927.6,2237.8,64320.0,0.4456
7707.5,27424.9,8320.0,27839.3,0.4452
16152.4,27203.5,16319.5,27355.3,0.4452
3841.4,14854.1,4117.9,15040.0,0.4451
7110.6,11200.9,7344.3,11291.9,0.4451
11200.0,42568.2,11592.0,42955.7,0.4451
12301.6,45507.0,12479.6,46080.0,0.4450
8720.2,53538.7,9273.1,54080.0,0.4450
8022.1,32567.8,8638.9,32956.1,0.4450
16111.5,48388.1,16277.3,48448.8,0.4450
16715.1,22232.4,17279.5,22720.0,0.4449
17697.0,65420.9,17918.8,65810.7,0.4448
9920.2,45002.1,10240.5,45120.0,0.4447
15360.0,10241.3,15712.4,10561.6,0.4445
13294.1,14622.3,13440.0,15040.0,0.4444
4150.8,64962.4,4480.0,65246.1,0.4444
222.4,46638.5,634.1,46831.0,0.4444
3840.9,33921.0,4177.7,34138.0,0.4444
17291.6,21174.8,17919.6,21440.0,0.4444
3522.4,60239.5,3658.2,60800.0,0.4442
2909.5,43446.3,3520.0,43839.5,0.4442
17857.3,51404.3,18006.5,51520.0,0.4440
13461.4,44848.7,14075.4,45219.0,0.4438
6083.2,34820.4,6465.0,35200.0,0.4438
1600.0,61991.5,1721.5,62080.0,0.4437
1282.0,27008.2,1614.1,27200.0,0.4436
13012.7,35697.7,13115.4,36155.3,0.4435
14082.2,45760.0,14210.0,46201.9,0.4434
2883.9,11207.1,3367.2,11552.6,0.4433
14402.6,69120.0,15036.7,69545.0,0.4429
2243.6,11134.2,2880.0,11520.0,0.4429
17562.0,48414.8,17658.9,48525.9,0.4428
4651.7,42240.3,5120.0,42497.8,0.4427
5555.8,25282.9,6075.8,25770.6,0.4426
9655.2,42892.4,9920.0,43344.3,0.4425
11973.3,7360.0,12476.1,7584.3,0.4425
11331.6,48000.5,11520.0,48178.3,0.4425
8391.8,39518.8,8900.6,40000.0,0.4424
15804.3,51355.1,16000.0,51520.0,0.4424
2888.7,12365.2,3518.8,12727.9,0.4422
5543.5,8011.3,6080.0,8319.8,0.4420
5813.0,30852.2,6396.5,31356.3,0.4420
15041.3,41923.6,15398.1,42207.4,0.4418
8960.0,25819.9,9600.0,26240.0,0.4418
13547.5,50350.8,13992.3,50880.0,0.4417
1920.0,52161.3,2116.7,52392.7,0.4416
56.5,4041.1,637.6,4480.0,0.4416
3630.8,51521.4,3728.1,51618.4,0.4415
14161.8,22190.3,14718.2,22718.4,0.4414
6191.9,10240.0,6717.6,10718.0,0.4413
6504.5,61655.5,7033.2,62080.0,0.4413
2924.7,36647.9,3200.0,37116.6,0.4412
10760.9,24960.8,10880.0,25218.0,0.4410
1939.8,27847.6,2560.0,28355.1,0.4410
13254.8,43203.2,13440.0,43433.1,0.4410
2014.1,24328.2,2559.6,24764.3,0.4410
4480.0,43621.7,4893.8,44159.3,0.4408
14080.8,18494.3,14405.2,18831.5,0.4408
14188.3,13135.3,14720.0,13672.2,0.4406
9601.8,27041.1,9775.4,27346.4,0.4405
4615.1,40015.6,5118.3,40406.3,0.4405
5711.1,56322.1,6080.0,56913.2,0.4405
9095.7,8544.3,9578.1,8960.0,0.4404
2342.5,62609.1,2457.1,62719.9,0.4402
7745.1,1930.4,8318.2,2327.1,0.4402
7366.0,5121.4,7997.2,5496.4,0.4401
16374.6,44735.1,16640.0,45120.0,0.4401
14685.4,23137.5,15039.5,23668.3,0.4400
11028.7,48321.4,11200.0,48460.6,0.4399
12312.5,47588.8,12480.0,47679.1,0.4399
12827.7,16678.8,13432.3,17056.8,0.4398
4038.4,1928.6,4474.4,2289.7,0.4396
553.3,9390.7,639.6,9599.6,0.4396
14239.8,24320.0,14373.5,24395.2,0.4395
13358.1,14735.7,13760.0,15124.1,0.4395
4480.0,9920.3,4617.8,10010.6,0.4392
2916.9,21120.0,3499.0,21518.6,0.4392
12800.0,36701.3,13260.5,37120.0,0.4391
16923.0,23363.6,17279.4,23746.8,0.4390
1515.0,44274.8,1600.0,44792.8,0.4388
6161.8,45760.6,6720.0,46370.0,0.4387
2669.8,57447.3,3200.0,57917.1,0.4387
13017.6,45144.9,13440.0,45603.8,0.4385
5187.1,27562.0,5756.3,28160.0,0.4385
2240.0,38629.1,2483.8,39040.0,0.4382
2975.9,26563.9,3519.5,26996.2,0.4381
641.4,17922.9,960.0,18240.6,0.4381
6455.9,56869.9,7035.3,57278.9,0.4380
7042.9,63220.9,7115.1,63658.5,0.4379
960.0,47680.0,1215.1,47892.3,0.4379
633.5,22693.0,958.8,23040.0,0.4378
11528.3,27200.0,12158.1,27365.8,0.4377
7439.9,39883.4,7995.0,40320.0,0.4376
969.7,45406.9,1599.5,45760.0,0.4376
1432.0,27842.9,1600.0,28184.8,0.4375
1858.1,53367.3,1919.8,53760.0,0.4374
9082.1,38950.0,9280.0,39327.3,0.4374
474.4,6721.3,581.6,6943.8,0.4371
15087.1,8641.9,15680.0,9062.7,0.4371
9288.3,33830.9,9920.0,34240.0,0.4371
11202.4,49185.0,11472.8,49600.0,0.4371
16001.8,40975.8,16491.0,41280.0,0.4369
13578.4,0.0,14080.0,509.5,0.4368
10389.1,6404.6,10560.0,7017.2,0.4368
16297.2,43522.0,16639.7,44085.2,0.4367
10560.7,42880.0,10976.2,43037.8,0.4366
16427.8,52057.2,16559.1,52480.0,0.4366
12990.5,53440.0,13120.0,54006.7,0.4366
8801.4,30720.9,8959.0,30853.9,0.4366
12352.3,48966.5,12800.0,49474.2,0.4364
5531.6,6554.3,6072.9,7040.0,0.4363
7063.7,5760.0,7678.8,6079.0,0.4362
799.3,22004.6,1280.0,22400.0,0.4362
3042.7,5572.2,3520.0,5927.7,0.4362
7016.3,60480.0,7360.0,61099.9,0.4360
13761.5,41950.6,14159.3,42159.3,0.4359
8468.5,27205.4,8639.5,27485.4,0.4358
7041.7,11385.8,7118.5,11520.0,0.4357
17445.0,47961.5,17600.0,48000.0,0.4356
3520.8,67201.0,3724.1,67385.6,0.4356
9679.8,35204.1,10225.4,35515.6,0.4356
11521.1,4077.2,11837.0,4480.0,0.4356
3576.8,41365.3,4158.8,41902.8,0.4355
12260.2,43520.0,12782.5,43723.8,0.4354
8395.2,9199.9,8954.8,9600.0,0.4353
12599.4,44316.5,12799.7,44789.6,0.4352
16241.3,42884.1,16632.0,43207.7,0.4350
15448.4,57803.1,15680.0,58240.0,0.4350
16967.5,30304.2,17599.7,30720.0,0.4349
2582.0,14080.4,2878.9,14649.2,0.4349
471.3,4801.5,958.2,5111.9,0.4348
11920.7,23025.9,12475.5,23359.6,0.4347
4799.0,42891.2,5119.2,43354.9,0.4347
15030.0,46395.9,15114.6,46614.9,0.4346
16895.4,27335.8,17280.0,27840.0,0.4345
10560.0,23916.2,11054.9,24320.0,0.4345
7775.7,17417.1,8000.0,17918.7,0.4345
3953.0,46102.0,4475.7,46522.8,0.4343
16921.0,50956.3,17280.0,51291.3,0.4343
8132.8,11202.6,8319.2,11353.7,0.4340
17536.8,50242.4,17620.0,50356.2,0.4339
1713.5,1878.9,2239.0,2240.0,0.4339
6457.2,45440.6,6720.0,46064.8,0.4338
5456.4,1473.4,6078.6,1915.3,0.4337
1705.1,34684.2,2240.0,35196.4,0.4337
4175.9,66561.8,4560.9,66718.4,0.4337
13011.4,53506.2,13436.2,53759.8,0.4336
13080.4,21207.1,13440.0,21534.7,0.4335
2561.9,54724.8,2811.3,55177.5,0.4334
13785.9,29686.8,14396.8,30080.0,0.4334
17694.9,63693.3,18176.0,64195.9,0.4334
1885.3,9601.5,2239.5,9886.7,0.4333
18091.0,34321.3,18175.9,34559.3,0.4332
2122.7,9443.4,2558.4,9892.3,0.4331
2.8,55702.6,133.6,56244.3,0.4329
644.1,27126.8,1015.3,27520.0,0.4329
1100.8,31472.2,1596.6,32000.0,0.4328
9872.3,51632.6,10236.7,51839.9,0.4327
8539.8,37120.0,8640.0,37296.9,0.4327
5120.0,35200.9,5445.5,35390.8,0.4325
4765.9,3936.4,4844.0,4160.0,0.4324
8200.8,33826.0,8625.1,34240.0,0.4324
2882.1,48984.5,3033.3,49305.2,0.4324
7154.5,63402.2,7678.1,63991.4,0.4323
13440.7,12350.4,14080.0,12800.0,0.4323
1000.1,6723.7,1280.0,7074.0,0.4323
14570.2,22080.0,15032.0,22634.1,0.4321
13107.5,25468.2,13440.0,25920.0,0.4318
1734.9,29440.0,1919.0,29973.3,0.4318
12172.3,18509.4,12800.0,18880.0,0.4317
16505.0,60708.4,16640.0,61119.1,0.4314
8718.0,41303.6,8959.1,41549.9,0.4313
2639.9,21893.5,2878.1,22271.2,0.4312
2010.6,426.8,2560.0,638.5,0.4312
1607.4,68551.0,1918.0,68797.5,0.4310
13444.2,49316.7,13631.1,49919.1,0.4310
17301.3,18240.9,17919.1,18364.4,0.4310
10919.9,6927.1,11514.5,7360.0,0.4309
10624.6,33983.5,10880.0,34265.6,0.4309
640.0,65280.8,1125.7,65701.5,0.4309
4876.5,14726.2,5437.3,15170.4,0.4307
4790.3,13862.2,5120.0,14392.2,0.4307
10323.9,4309.2,10877.2,4798.7,0.4306
4474.6,4188.4,4799.2,4480.0,0.4305
769.6,8290.7,1277.6,8640.0,0.4305
8267.9,37522.9,8640.0,38073.2,0.4304
6832.7,28374.3,7359.1,28800.0,0.4301
320.0,18044.7,647.7,18240.0,0.4300
14081.3,49600.8,14720.0,50022.2,0.4300
975.3,23360.3,1596.8,23784.8,0.4300
4533.4,15360.0,5118.4,15830.1,0.4299
11584.8,16960.0,12066.0,17138.2,0.4299
16680.5,44242.1,16821.9,44400.9,0.4299
17423.7,23573.6,17600.0,23996.9,0.4298
16668.6,48068.0,17280.0,48315.8,0.4297
6516.5,12015.3,6720.0,12281.9,0.4297
330.6,19502.3,960.0,19829.6,0.4295
16996.7,17921.0,17599.2,18238.1,0.4295
3840.0,12070.6,4479.0,12480.0,0.4295
11520.0,35214.6,12158.9,35597.5,0.4294
12226.9,40208.6,12796.1,40635.0,0.4293
15704.6,2807.3,16318.0,3200.0,0.4292
16676.7,14303.1,17280.0,14720.0,0.4292
1338.4,42560.5,1600.0,42784.6,0.4292
8419.5,35279.7,8956.4,35840.0,0.4292
1397.2,18376.5,1919.1,18880.0,0.4291
9920.0,41920.4,10232.6,42079.4,0.4289
11874.5,13770.3,12477.8,14080.0,0.4288
5242.8,961.4,5439.7,1032.1,0.4287
16962.5,12191.0,17103.2,12480.0,0.4287
2453.1,53637.1,2558.3,53759.6,0.4287
12508.1,35840.6,13118.1,36080.6,0.4284
3222.4,38640.6,3835.5,39040.0,0.4282
17075.6,23801.1,17597.8,24316.4,0.4282
8164.4,8712.7,8319.4,9056.3,0.4282
503.8,46358.0,639.0,46400.0,0.4281
15807.0,51648.6,16245.2,51840.0,0.4280
5441.2,5267.2,5655.4,5742.3,0.4280
1176.5,6827.7,1279.6,7359.1,0.4277
7731.5,24207.0,8320.0,24640.0,0.4277
12663.5,11520.0,13120.0,11688.2,0.4276
12435.8,24602.3,12800.0,24960.0,0.4275
14942.8,35410.3,15040.0,35519.9,0.4272
1985.1,22082.6,2239.4,22293.1,0.4270
14013.2,46068.2,14388.4,46396.3,0.4270
15252.2,40645.5,15360.0,41018.4,0.4269
2404.6,63048.1,2876.4,63360.0,0.4269
17380.5,2177.2,17910.1,2560.0,0.4267
14271.0,38920.8,14400.0,39359.3,0.4267
14081.5,51210.8,14271.3,51631.1,0.4267
5807.2,43752.3,6079.0,44159.9,0.4267
3201.7,53445.4,3640.1,54078.3,0.4266
2244.7,1281.9,2877.1,1584.2,0.4266
6941.6,4481.7,7360.0,4701.0,0.4264
15092.0,31503.4,15676.4,32000.0,0.4262
667.1,24595.5,1276.7,24960.0,0.4261
17276.2,44680.8,17599.7,44798.6,0.4260
16095.6,16458.1,16634.6,16960.0,0.4260
1349.8,3840.3,1599.9,4297.4,0.4260
11504.6,32422.3,11840.0,32960.0,0.4258
15189.5,14721.7,15360.0,15338.9,0.4258
8408.2,37593.7,8960.0,38079.3,0.4256
14196.9,34788.4,14716.7,35197.5,0.4255
12160.2,24000.0,12796.4,24249.7,0.4255
8894.7,31365.0,9280.0,31691.3,0.4254
6578.4,35841.3,7033.6,35996.9,0.4253
9969.1,28800.0,10560.0,29242.3,0.4252
13022.8,4800.0,13118.8,5031.6,0.4250
9581.2,4484.7,9920.0,5083.0,0.4250
2765.8,62402.8,2880.0,62872.7,0.4248
12160.0,339.5,12797.4,707.3,0.4248
1281.0,4726.4,1917.2,5113.6,0.4248
331.2,12301.2,957.8,12794.8,0.4247
1921.3,54404.8,2240.0,54894.4,0.4247
7308.1,37440.0,7680.0,37854.7,0.4246
13187.7,13772.0,13759.0,14252.6,0.4246
3292.6,20480.0,3840.0,21114.5,0.4244
3764.8,50560.5,3839.8,50676.8,0.4243
7581.9,40429.8,7679.7,40959.1,0.4242
4820.4,39680.0,5440.0,40146.9,0.4242
3876.6,28925.5,4477.1,29243.1,0.4240
17751.3,26933.4,17920.0,27484.4,0.4240
7111.7,6289.8,7360.0,6720.0,0.4238
17437.4,15040.8,17910.0,15306.5,0.4238
14778.2,12800.0,15355.1,13054.7,0.4236
3455.1,30720.0,3840.0,31169.2,0.4235
2891.9,62320.8,3517.0,62713.7,0.4235
841.9,60480.1,960.0,60611.6,0.4235
2560.9,54005.2,2663.8,54079.4,0.4233
4261.9,44722.2,4796.3,45119.7,0.4233
9615.5,28071.5,10239.2,28480.0,0.4232
8151.9,13910.2,8638.9,14396.5,0.4232
881.1,46402.6,1279.7,46926.4,0.4232
1381.6,29630.8,1803.1,30080.0,0.4230
17545.0,10478.6,18175.2,10880.0,0.4230
13553.7,41062.4,14080.0,41280.0,0.4230
5120.0,32657.4,5318.4,32812.9,0.4229
4889.1,57607.9,5123.9,58157.1,0.4229
7725.0,9462.9,8317.6,9918.3,0.4229
13696.5,43521.4,14080.0,43944.6,0.4228
72.4,2679.1,640.0,3115.9,0.4228
3521.0,56641.7,3841.5,56940.9,0.4227
9944.0,10137.2,10555.5,10560.0,0.4227
15680.0,22896.5,16199.3,23359.3,0.4225
8699.5,5025.5,9280.0,5440.0,0.4223
7668.6,9924.6,7998.4,10339.8,0.4222
15945.1,60803.6,15999.6,61084.0,0.4222
4800.0,57607.2,4915.8,58131.1,0.4220
5729.6,57422.2,5789.7,57913.8,0.4218
1603.4,50881.2,1736.3,51147.0,0.4217
1068.0,51940.2,1596.5,52474.7,0.4210
1660.0,7681.0,1919.3,8111.7,0.4210
8868.2,17600.5,8960.0,17730.4,0.4210
12529.0,28221.4,13118.8,28716.9,0.4209
6871.1,15680.0,7351.8,15928.2,0.4209
13120.0,39307.6,13755.2,39680.0,0.4208
4820.5,35027.7,5414.0,35512.2,0.4208
10560.7,43187.9,10981.0,43466.6,0.4207
5219.1,44624.0,5757.0,45116.6,0.4206
7050.9,44703.0,7677.9,45120.0,0.4206
15361.6,46848.2,15468.9,47357.1,0.4204
9280.0,7883.0,9920.0,8317.4,0.4204
1721.5,8452.3,2240.0,8959.4,0.4204
14144.7,28226.4,14718.6,28632.2,0.4202
11503.1,6722.2,11840.0,7108.4,0.4202
4943.2,37312.3,5437.9,37723.5,0.4202
2335.4,26888.4,2559.9,27453.7,0.4201
4814.1,35371.5,5433.9,35833.9,0.4200
11584.7,28484.3,12152.5,29033.4,0.4199
4160.0,7723.1,4521.7,7998.4,0.4198
3205.0,27463.7,3840.0,27840.0,0.4198
13593.2,50486.0,13760.0,50880.0,0.4197
8351.7,29657.0,8956.0,30080.0,0.4196
12251.9,37947.0,12795.2,38399.1,0.4194
12480.0,14401.0,12608.2,14584.1,0.4193
9766.6,47558.8,10240.0,48000.0,0.4192
11775.5,13540.7,12160.0,14077.9,0.4192
11856.5,55374.1,12476.2,55679.9,0.4192
15040.0,24343.2,15348.3,24724.4,0.4190
2317.0,41104.5,2874.2,41597.3,0.4190
15119.4,32218.2,15678.6,32640.0,0.4189
17457.3,62831.4,17918.1,63359.8,0.4189
16642.6,69249.0,17261.6,69763.8,0.4189
12139.3,26138.4,12480.0,26558.9,0.4183
9291.4,43102.2,9918.0,43520.0,0.4182
5306.9,56422.7,5517.2,56639.8,0.4181
17872.5,15566.9,18176.0,16000.0,0.4181
1281.1,57438.0,1367.3,57600.0,0.4180
7041.3,18938.4,7676.8,19200.0,0.4179
16343.2,13915.8,16960.0,14396.6,0.4179
13330.2,13597.3,13756.1,14076.4,0.4178
3254.0,44480.0,3519.9,45116.4,0.4178
4665.9,8728.1,4799.7,9020.9,0.4177
3842.6,25501.1,4474.3,25917.6,0.4176
16266.7,41280.0,16640.0,41734.6,0.4175
5507.3,9603.9,5760.0,9886.2,0.4175
3881.4,31043.7,4159.8,31492.1,0.4175
8322.7,27114.7,8412.3,27518.2,0.4173
4729.4,58258.8,4800.0,58560.0,0.4172
6825.0,6933.2,7360.0,7358.7,0.4171
6325.4,7157.6,6400.0,7637.0,0.4170
6803.4,37058.8,7040.0,37440.0,0.4170
2332.2,55040.3,2559.5,55342.2,0.4169
1922.6,38400.0,2449.8,38520.6,0.4168
4802.8,13760.0,5022.9,14186.4,0.4168
960.4,66882.1,1159.9,67291.0,0.4168
16968.7,35737.9,17599.4,36158.1,0.4167
8650.0,3850.2,9279.4,4288.5,0.4166
12893.1,13010.6,13440.0,13438.1,0.4164
2204.8,32960.0,2558.4,33513.6,0.4162
1036.3,42703.3,1279.9,43197.9,0.4161
3844.9,36338.6,4478.7,36796.2,0.4160
11200.0,38620.4,11681.8,39021.3,0.4160
960.0,57230.8,1110.1,57393.4,0.4160
9840.4,31180.7,10240.0,31677.2,0.4159
10371.8,15200.4,10876.8,15664.9,0.4159
6402.0,8320.6,6548.5,8541.3,0.4157
5.7,10362.3,445.8,10876.8,0.4156
15916.0,11857.0,16000.0,12160.0,0.4156
17827.8,46418.3,17920.0,46930.9,0.4155
2432.6,59843.8,2697.5,60009.4,0.4155
15556.8,32005.0,16000.0,32415.2,0.4154
10783.7,36496.1,11199.8,36895.0,0.4153
16960.0,47757.4,17597.7,47970.8,0.4153
780.4,11890.7,959.8,12274.6,0.4152
6085.8,8642.6,6400.0,8809.7,0.4151
10247.1,37050.5,10879.1,37440.0,0.4151
15297.7,68812.1,15680.0,69071.0,0.4151
13440.0,18741.7,13853.4,19186.0,0.4150
1286.0,47079.1,1920.0,47360.0,0.4148
1732.7,23768.8,2237.7,24320.0,0.4147
4812.4,23066.7,5439.0,23360.0,0.4146
3526.2,9619.0,4159.7,9896.8,0.4145
13120.0,10880.0,13760.0,11116.0,0.4145
5387.8,24492.2,5760.0,24959.0,0.4143
13440.0,14384.2,13699.0,14632.6,0.4143
548.5,18881.8,639.4,19080.1,0.4142
4810.3,20403.5,5440.0,20800.0,0.4142
11643.2,45519.1,12159.0,45748.2,0.4142
2561.9,59591.2,2658.7,59960.1,0.4140
13159.1,32440.0,13759.8,32960.0,0.4139
8102.7,27840.0,8640.0,28296.6,0.4139
16762.8,64000.3,16960.0,64451.4,0.4139
10087.5,7537.1,10547.0,7995.5,0.4139
11162.7,31042.1,11520.0,31223.1,0.4137
1581.8,11858.1,1874.7,12187.3,0.4137
11592.0,49769.2,12155.7,50235.0,0.4135
6741.0,57853.8,7358.0,58240.0,0.4135
11304.0,24383.0,11835.4,24836.9,0.4135
6080.2,4918.0,6389.9,5101.7,0.4135
10694.0,45441.4,11200.0,45918.7,0.4135
10893.0,19522.3,11515.0,19928.2,0.4134
12583.1,29554.6,13120.0,29988.7,0.4134
2578.0,57833.6,2745.8,58240.0,0.4131
9009.0,40369.2,9588.0,40640.0,0.4131
15620.4,28482.3,16000.0,28759.0,0.4131
11298.9,35178.9,11840.0,35520.0,0.4130
1111.4,4164.5,1280.0,4599.4,0.4128
10459.9,45766.5,10874.4,45918.4,0.4128
7955.3,63362.7,8320.0,63992.4,0.4128
10562.1,39360.4,10774.4,39652.1,0.4128
17813.5,24640.0,18170.8,25259.4,0.4128
3842.9,1431.0,4062.5,1599.0,0.4127
7392.8,42763.7,8000.0,43197.9,0.4125
1373.2,29621.4,1599.6,30073.7,0.4125
6556.2,65017.7,7029.7,65279.9,0.4124
7446.2,28231.6,8000.0,28480.0,0.4123
8968.8,44852.9,9600.0,45113.0,0.4122
4832.8,7357.1,5439.8,7680.0,0.4121
15501.4,33613.4,15996.2,34174.3,0.4120
13214.7,34025.0,13439.0,34559.9,0.4118
3188.3,58798.7,3316.2,59200.0,0.4118
4396.2,62322.6,4479.7,62711.9,0.4117
6345.7,63114.2,6445.8,63291.5,0.4116
0.0,51852.4,198.8,52462.4,0.4116
16303.2,50655.0,16576.0,50880.0,0.4116
9070.8,14725.4,9597.6,15090.8,0.4116
11840.0,17920.7,12122.8,18032.0,0.4116
4818.7,1212.1,5120.0,1600.0,0.4115
11842.9,15887.7,12004.7,16317.9,0.4114
9920.0,24327.5,10558.1,24743.1,0.4114
5136.7,28458.1,5755.1,28796.0,0.4113
14761.6,31595.9,15360.0,32000.0,0.4112
6825.1,43426.8,7358.2,43839.2,0.4109
12484.0,44322.4,13083.6,44723.2,0.4109
5831.2,12071.3,6397.6,12475.7,0.4108
13595.4,27159.9,14069.6,27383.6,0.4107
1577.7,21122.1,1919.3,21533.5,0.4107
6470.7,46097.3,7038.9,46556.5,0.4107
1920.0,45450.4,2061.5,46063.3,0.4107
15805.2,58575.0,16320.0,59071.7,0.4105
4717.2,11318.9,4800.0,11836.2,0.4104
8040.0,24495.3,8637.5,24954.0,0.4103
13840.2,56130.0,14396.4,56640.0,0.4102
15869.8,52359.6,16000.0,52478.6,0.4102
14403.1,33280.0,15036.4,33557.7,0.4099
12563.3,49281.8,12800.0,49905.6,0.4099
15043.4,11520.0,15390.7,11757.4,0.4097
6095.0,42748.2,6715.6,43200.0,0.4097
611.3,47360.0,957.1,47835.9,0.4097
5284.4,56640.0,5584.7,57103.9,0.4096
6691.8,42880.1,7040.0,43360.1,0.4095
16805.0,38081.2,16960.0,38712.1,0.4094
13471.8,31101.5,13758.0,31677.6,0.4093
7432.1,63051.5,7983.1,63656.8,0.4092
11604.7,14141.3,12160.0,14720.0,0.4092
14745.0,47919.5,15358.0,48317.2,0.4092
5120.0,42250.1,5633.8,42710.8,0.4091
12077.3,37120.4,12160.0,37341.5,0.4091
13145.8,47319.8,13755.6,47680.0,0.4090
16960.0,34458.4,17494.2,34880.0,0.4090
8216.8,64000.0,8640.0,64494.1,0.4090
3188.4,48963.2,3517.8,49423.1,0.4090
6809.1,28481.7,7039.2,28672.5,0.4088
5259.9,24799.0,5757.7,25278.7,0.4087
12630.6,13120.0,13116.1,13594.7,0.4086
730.3,27143.0,1277.8,27520.0,0.4085
12504.8,9505.5,13119.9,9918.6,0.4085
11843.3,44160.0,12276.9,44359.2,0.4085
7920.6,44629.5,8000.0,45120.0,0.4085
13139.2,14255.8,13759.9,14719.3,0.4085
960.8,33132.1,1597.3,33593.9,0.4084
2917.6,5761.6,3519.6,5906.2,0.4084
2880.0,62514.7,3009.2,63038.3,0.4083
9819.3,50881.0,9919.8,51226.8,0.4082
11810.4,52803.2,12160.0,53218.3,0.4081
1432.7,8784.3,1918.7,9066.1,0.4079
4490.4,21122.0,5117.3,21328.3,0.4079
17282.3,18243.4,17408.3,18711.6,0.4078
12813.9,3443.7,13437.2,3840.0,0.4078
8371.9,25144.9,8946.7,25599.1,0.4077
12812.2,52089.8,13431.7,52480.0,0.4075
11556.0,45140.4,11840.0,45577.4,0.4075
6510.9,25280.6,7040.0,25764.8,0.4074
7700.0,36808.3,8317.1,37241.8,0.4073
4568.0,3546.1,4714.8,4074.1,0.4073
6447.4,41470.3,7035.9,41920.0,0.4073
3361.6,54401.1,3814.2,54474.6,0.4072
11890.7,22081.2,12160.0,22371.2,0.4072
9827.8,50759.1,10240.0,51199.5,0.4072
7163.5,26560.0,7667.8,26975.5,0.4071
13795.4,30900.8,14398.3,31360.0,0.4071
4158.0,8655.1,4480.0,9108.4,0.4070
1686.7,48962.7,1920.0,49451.3,0.4070
3942.5,12168.8,4477.5,12745.9,0.4070
15042.0,17600.0,15355.1,18051.8,0.4069
16001.4,25601.0,16101.3,25678.2,0.4069
3859.4,46148.1,4159.8,46715.8,0.4068
8343.5,15363.3,8947.8,15981.7,0.4068
10247.3,8429.7,10880.0,8939.3,0.4068
1116.3,10055.5,1506.7,10558.1,0.4067
16880.4,26560.2,16960.0,26662.7,0.4066
9280.0,34660.9,9512.7,35200.0,0.4066
17154.7,44203.8,17212.6,44405.9,0.4066
1281.8,21353.4,1913.0,21760.0,0.4066
16640.0,46659.6,16750.7,46719.6,0.4065
1519.2,2883.5,1920.0,3376.9,0.4063
6100.1,27753.7,6711.6,28160.0,0.4063
17747.8,2567.8,17919.8,2971.4,0.4060
2880.0,50974.3,3006.0,51329.3,0.4060
13789.5,9508.8,14396.5,9920.0,0.4057
10367.1,38411.0,10877.0,38884.8,0.4057
12168.3,7370.9,12795.5,7677.8,0.4056
4160.0,63190.6,4478.1,63676.4,0.4056
12804.7,31341.9,13439.2,31680.0,0.4055
6720.0,13779.9,6913.3,14214.6,0.4055
13635.5,13352.2,13759.9,13759.9,0.4054
13445.7,19065.8,14080.0,19518.5,0.4054
14706.2,45824.2,15038.2,46400.0,0.4053
1367.1,43432.4,1599.8,43840.0,0.4052
16426.3,1908.6,16955.0,2239.8,0.4051
1687.1,25193.2,2235.3,25593.0,0.4051
14165.2,21122.8,14400.0,21304.3,0.4050
4828.6,22721.0,5436.5,22943.0,0.4049
8029.7,4707.3,8634.7,5118.8,0.4049
2681.2,22194.1,3197.6,22719.7,0.4047
1500.0,44337.3,1914.3,44798.9,0.4047
0.9,52480.2,307.8,52705.1,0.4045
15005.0,48947.0,15139.7,49218.4,0.4044
15759.1,22461.7,16320.0,23035.5,0.4043
6617.2,18476.3,7039.0,18880.0,0.4043
16357.3,28802.0,16640.0,28947.0,0.4042
16134.5,62169.6,16319.4,62399.3,0.4041
16226.2,17777.5,16640.0,18237.1,0.4040
13440.2,1183.4,14077.6,1600.0,0.4038
2338.5,24337.5,2873.3,24786.0,0.4038
11281.6,24734.7,11837.3,25270.0,0.4038
3522.0,45121.3,4157.7,45520.1,0.4037
5284.1,37874.4,5440.0,38070.0,0.4037
15844.7,59603.4,16000.0,60160.0,0.4035
15052.5,19716.4,15671.4,20160.0,0.4035
7975.4,9280.7,8319.3,9871.7,0.4033
8665.7,18563.8,9279.1,18878.5,0.4033
2880.3,34185.5,3518.3,34560.0,0.4032
12428.4,28480.0,12800.0,28974.3,0.4032
2584.5,37120.0,2880.0,37581.8,0.4030
10384.7,9120.2,10880.0,9600.0,0.4029
3752.9,8640.0,4160.0,9156.0,0.4029
11133.6,43847.6,11520.0,44156.8,0.4028
11369.6,42949.6,11793.4,43198.0,0.4027
3353.5,23041.8,3519.6,23443.4,0.4027
1920.0,63681.7,2099.1,64310.3,0.4026
12900.3,50279.7,13428.7,50737.9,0.4026
9360.5,25920.0,9916.8,26361.6,0.4026
16120.5,27200.3,16638.4,27314.2,0.4025
14852.5,43857.5,15039.7,44395.7,0.4024
17633.2,22397.3,18176.0,22719.5,0.4024
10880.3,50241.0,10982.5,50305.4,0.4023
6578.5,43200.0,6720.0,43663.1,0.4020
12480.4,4664.5,12635.8,5112.4,0.4019
17296.0,21304.8,17919.9,21759.7,0.4017
5509.9,13443.3,6073.2,14056.2,0.4016
10119.2,54404.9,10560.0,54835.6,0.4015
5175.3,42112.0,5756.1,42560.0,0.4014
9103.3,10566.0,9278.8,10820.2,0.4014
6802.1,51001.6,7352.5,51520.0,0.4013
13135.2,28405.3,13760.0,28800.0,0.4013
12225.4,25509.2,12800.0,25920.0,0.4013
5273.5,32805.3,5757.1,33274.9,0.4012
3423.6,5519.0,3837.1,5759.6,0.4010
6400.0,37013.0,7036.4,37440.0,0.4009
15743.7,23773.1,15985.5,24320.0,0.4009
8293.8,17992.1,8640.0,18552.1,0.4008
14316.9,25800.6,14717.7,26231.9,0.4008
8662.9,19352.4,9276.9,19836.7,0.4008
3862.7,6720.0,4476.6,7099.1,0.4007
3526.1,55680.0,3966.0,55802.1,0.4006
13847.2,36619.2,14400.0,37120.0,0.4006
11036.2,27203.0,11242.2,27374.8,0.4005
9669.6,42240.7,9920.0,42657.8,0.4004
666.6,45652.7,872.0,46076.4,0.4004
11268.1,52159.3,11832.3,52480.0,0.4002
11948.5,45867.1,12474.2,46396.4,0.4002
2240.0,62194.5,2732.9,62720.0,0.4000
1093.2,62759.5,1278.9,63278.1,0.4000
7874.7,45303.9,7999.6,45658.3,0.3999
4188.0,39610.3,4798.6,40000.0,0.3999
1144.9,29835.3,1600.0,30400.0,0.3999
9663.1,37782.9,10236.5,38314.4,0.3997
2789.7,57516.0,2878.8,57919.8,0.3997
12800.0,42566.9,13435.9,42985.1,0.3997
15732.2,36812.9,16320.0,37120.0,0.3995
11200.0,43437.4,11836.7,43840.0,0.3995
5760.0,8965.2,6106.5,9294.0,0.3994
13760.0,50299.6,13945.0,50880.0,0.3992
4802.4,56640.3,5036.3,56840.5,0.3992
7122.3,38721.1,7360.0,39077.1,0.3992
5358.6,37007.2,5757.8,37440.0,0.3991
8385.7,13286.6,8959.9,13751.0,0.3988
4160.0,9570.1,4650.8,9916.7,0.3988
14539.7,1382.3,15037.8,1915.0,0.3987
10917.4,37780.7,11518.3,38077.5,0.3986
3520.0,60549.1,3619.7,61120.0,0.3986
16962.2,13328.7,17463.9,13739.7,0.3986
2101.8,68301.8,2557.1,68477.5,0.3985
1715.2,59981.7,1896.2,60160.0,0.3985
5679.7,22252.9,6076.6,22720.0,0.3984
3943.2,38404.4,4479.2,38938.8,0.3983
8603.4,4241.7,8956.6,4800.0,0.3981
13325.4,24965.9,13754.4,25431.6,0.3980
2113.5,30400.0,2239.9,30899.7,0.3979
960.0,45790.5,1463.9,46080.0,0.3979
10054.5,14776.9,10239.5,15138.1,0.3978
3866.9,13994.7,4478.4,14400.0,0.3976
4310.2,16964.2,4794.8,17267.4,0.3975
15135.7,57841.7,15675.3,58240.0,0.3974
13431.4,24394.3,13760.0,24960.0,0.3972
11064.6,27761.1,11518.0,28158.5,0.3971
4218.3,46492.8,4793.2,47038.8,0.3971
15083.0,45042.4,15677.5,45440.0,0.3970
12480.0,31294.4,13118.9,31680.0,0.3969
5761.1,21470.7,5955.7,21745.1,0.3969
3520.7,54808.0,3714.0,55101.1,0.3969
12174.1,21449.1,12797.4,21835.2,0.3969
2949.4,1176.4,3520.0,1599.0,0.3969
5120.0,23235.1,5630.9,23680.0,0.3968
14720.0,44087.9,14846.8,44478.8,0.3968
2803.1,63400.2,2879.6,63678.8,0.3968
3840.0,8964.8,4055.2,9388.1,0.3966
9832.3,11523.1,10240.0,12001.1,0.3966
1942.3,54308.4,2264.7,54718.6,0.3963
12117.2,25287.5,12478.6,25540.4,0.3962
14081.4,20825.5,14309.2,21147.7,0.3962
5760.0,3064.0,6392.1,3513.5,0.3961
6535.0,43852.0,6720.0,44321.1,0.3961
2242.2,37662.5,2712.3,38080.0,0.3960
16770.0,2856.6,17279.6,3200.0,0.3959
17531.9,19840.2,17855.8,20010.6,0.3959
1971.7,28268.2,2239.1,28800.0,0.3958
350.7,11597.4,639.1,12160.0,0.3956
16417.1,68699.6,16959.4,69077.3,0.3955
8651.4,33504.2,9280.0,33920.0,0.3955
2576.7,39361.4,2880.0,39495.6,0.3955
16450.7,35840.0,16957.3,36265.8,0.3955
8013.2,28130.5,8640.0,28480.0,0.3954
13440.0,41921.8,13767.9,42124.3,0.3953
15738.9,4637.5,16314.5,5117.5,0.3953
16320.0,61400.3,16667.1,61760.0,0.3953
321.1,6040.7,960.0,6400.0,0.3952
2030.3,68265.0,2556.6,68797.8,0.3952
1926.8,25480.2,2557.0,25898.4,0.3951
1850.1,18248.5,2240.0,18700.2,0.3951
12526.8,40211.4,13117.3,40640.0,0.3949
12703.6,49290.9,13120.0,49754.0,0.3949
5546.9,48410.3,6075.1,48960.0,0.3948
6560.4,7512.6,7040.0,7996.9,0.3947
14130.8,39360.0,14716.2,39870.4,0.3943
17616.6,37231.0,18175.7,37760.0,0.3943
12218.5,55201.1,12795.4,55676.9,0.3942
7041.8,21969.8,7511.8,22400.0,0.3942
14081.2,50447.0,14577.7,50880.0,0.3941
1680.3,24038.5,1920.0,24256.8,0.3941
3840.7,45760.0,4142.4,45966.6,0.3940
1602.3,50980.5,1763.3,51250.3,0.3939
4282.3,40853.9,4480.0,41263.0,0.3939
15040.8,45760.0,15477.4,45995.7,0.3939
652.2,49494.2,1280.0,49889.2,0.3938
3929.5,61840.4,4157.3,62078.2,0.3937
1047.2,32506.3,1592.9,32960.0,0.3936
1947.3,17719.0,2553.6,18240.0,0.3935
10291.8,20902.0,10877.3,21440.0,0.3934
961.3,51205.3,1095.3,51345.8,0.3933
4829.3,36035.5,5440.0,36476.8,0.3932
3237.4,7026.3,3840.0,7360.0,0.3930
3520.0,63390.2,3658.4,63789.7,0.3930
13103.9,32331.6,13439.3,32959.6,0.3930
11236.0,17925.8,11491.1,18132.7,0.3928
1600.0,10264.7,1720.8,10555.1,0.3927
16654.2,38041.1,16939.4,38395.1,0.3927
16539.9,19466.1,16640.0,19823.7,0.3926
15509.7,45760.0,15679.7,46398.8,0.3926
8264.9,15373.6,8640.0,15837.8,0.3925
6798.7,2364.1,7356.7,2877.3,0.3923
8890.1,10240.0,9280.0,10699.0,0.3923
6937.4,21959.5,7039.8,22320.6,0.3923
4504.2,15089.2,4800.0,15676.7,0.3922
3237.3,58100.9,3840.0,58557.4,0.3922
14554.0,54002.7,15036.9,54400.0,0.3922
2667.2,29275.1,3197.0,29753.7,0.3920
12518.3,48320.7,13115.2,48556.7,0.3919
4178.9,46720.8,4480.0,47351.4,0.3919
12678.6,33643.0,12800.0,33926.9,0.3919
8380.6,46175.9,8640.0,46602.1,0.3919
6643.1,9920.0,7040.0,10328.5,0.3918
13915.7,26564.9,14080.0,26906.7,0.3914
975.0,12656.8,1600.0,13107.4,0.3914
16960.0,2456.0,17088.6,2879.6,0.3914
16317.9,37440.0,16637.8,38079.7,0.3914
2240.9,27867.9,2587.4,28261.7,0.3914
17369.3,33925.7,17920.0,34413.9,0.3913
9227.7,47159.4,9280.0,47356.1,0.3913
5697.1,2165.0,6080.0,2560.0,0.3912
5122.5,5760.0,5415.9,6000.1,0.3912
3360.0,3913.2,3643.9,4008.8,0.3911
6985.9,27747.4,7360.0,28160.0,0.3911
17280.0,48462.0,17526.9,48552.7,0.3910
9276.8,16001.7,9599.5,16483.1,0.3910
922.5,62181.4,1280.0,62714.6,0.3910
6731.1,46720.0,7357.3,47178.3,0.3909
5121.6,960.5,5556.6,1035.9,0.3909
17485.0,16253.1,17600.0,16381.3,0.3907
4482.5,52552.8,4630.9,53120.0,0.3907
6536.9,39532.0,7005.5,39997.3,0.3907
3961.5,25604.6,4476.8,26110.4,0.3907
11555.1,18088.3,12155.4,18545.5,0.3906
9683.2,39387.4,9918.6,39915.1,0.3905
10467.3,36406.9,10560.0,36788.1,0.3905
2503.1,57822.4,2600.7,58238.8,0.3905
9008.0,29952.5,9594.6,30398.7,0.3905
6791.4,5789.8,7154.2,6080.0,0.3905
11014.4,47243.7,11200.0,47678.9,0.3904
13589.1,22557.0,14077.3,23036.2,0.3904
2767.1,66767.4,3199.5,67200.0,0.3902
17641.9,26052.3,18174.0,26560.0,0.3901
2318.3,14848.5,2871.1,15359.3,0.3900
11431.3,44001.7,11830.6,44473.4,0.3900
3358.9,63684.8,3519.2,64055.6,0.3899
7810.5,22541.4,8000.0,23036.3,0.3898
2136.0,55051.9,2560.0,55655.9,0.3898
12190.4,46045.3,12800.0,46400.0,0.3898
17064.4,32014.7,17533.2,32417.7,0.3896
8479.7,34677.0,8960.0,35200.0,0.3895
3923.2,2244.5,4475.3,2834.8,0.3895
437.2,50349.0,640.0,50558.8,0.3893
12800.4,5440.3,12992.0,5627.3,0.3891
12332.1,35945.0,12478.5,36091.7,0.3891
4210.9,46441.8,4480.0,47039.4,0.3890
16358.5,27704.1,16957.0,28135.5,0.3889
6414.7,16248.8,7036.0,16640.0,0.3889
13472.6,48326.1,13725.6,48680.3,0.3888
7135.6,5633.6,7680.0,5899.5,0.3886
6090.3,3375.3,6715.9,3837.8,0.3885
7352.1,39040.0,7680.0,39494.0,0.3884
14254.2,45279.5,14400.0,45570.2,0.3883
5737.5,32685.0,6080.0,33280.0,0.3882
12060.5,48669.4,12475.8,49096.9,0.3882
11841.2,22740.2,12198.9,23167.1,0.3882
13521.5,36160.0,13759.5,36597.2,0.3879
1827.3,9365.0,1920.0,9762.1,0.3879
15768.6,68219.2,16315.8,68798.0,0.3876
6423.4,55928.1,7036.4,56320.0,0.3875
5143.4,11754.0,5759.8,12160.0,0.3875
5043.6,65075.2,5120.0,65280.0,0.3873
5121.9,31688.5,5468.7,31834.7,0.3871
13246.7,25608.0,13737.3,25940.3,0.3871
7776.9,10683.1,7999.8,11188.9,0.3870
11523.9,51520.0,11890.7,51963.1,0.3869
10918.9,39682.3,11200.0,40000.0,0.3868
6720.8,22569.4,7157.7,23037.1,0.3868
0.0,51783.0,91.3,52159.5,0.3867
4827.6,36173.1,5119.6,36559.8,0.3867
16440.9,22630.6,16667.5,23039.9,0.3866
2191.2,12769.7,2560.0,13120.0,0.3866
11520.4,42561.1,11613.3,42637.2,0.3865
16321.5,44214.5,16409.3,44407.4,0.3865
6683.3,59246.3,7040.0,59840.0,0.3864
8101.5,63897.4,8636.3,64319.0,0.3863
17620.4,44257.8,17712.2,44431.9,0.3862
13441.8,28384.5,14073.6,28797.0,0.3862
5171.0,54400.0,5440.0,55019.7,0.3861
17300.2,48114.9,17917.9,48320.0,0.3860
6720.0,5137.4,7157.1,5331.6,0.3859
17770.2,28254.5,18176.0,28799.8,0.3859
569.3,50797.8,638.5,51200.0,0.3859
7685.3,31360.2,8147.9,31790.2,0.3859
17590.6,14080.2,17918.3,14305.1,0.3859
16002.5,39692.3,16428.2,40154.9,0.3859
260.5,41921.4,639.8,42304.4,0.3858
1224.5,19981.0,1600.0,20477.8,0.3857
4213.7,27736.0,4480.0,28160.0,0.3856
262.8,19520.0,640.0,19983.4,0.3854
17636.9,18992.9,18173.6,19520.0,0.3854
8106.3,37409.7,8320.0,37681.7,0.3854
8988.4,22582.9,9053.7,22719.4,0.3853
15682.0,28703.0,16316.3,29120.0,0.3852
3987.7,15700.5,4062.7,15818.0,0.3851
16367.8,24291.3,16639.8,24640.0,0.3851
6093.3,15514.0,6716.8,15993.0,0.3851
4149.7,30048.9,4480.0,30399.2,0.3850
8322.2,26246.5,8958.8,26702.5,0.3849
7905.3,28006.5,7998.8,28308.3,0.3847
9982.5,26569.4,10560.0,27010.9,0.3847
16336.7,41923.4,16960.0,42240.0,0.3846
3224.4,62287.2,3840.0,62710.2,0.3845
3200.0,28481.6,3611.5,28733.1,0.3845
8097.6,38726.7,8639.1,39173.9,0.3845
10008.9,30400.0,10239.4,30870.3,0.3845
15361.3,51236.0,15734.3,51520.0,0.3844
2598.2,28480.4,3197.8,28936.0,0.3843
6698.3,7692.4,7040.0,8100.9,0.3842
2922.2,14081.4,3200.0,14188.7,0.3840
10256.7,32574.8,10878.2,32960.0,0.3840
2564.9,61767.3,2799.0,62371.5,0.3839
960.0,17280.0,1597.2,17576.1,0.3838
16390.9,51401.4,16639.3,51838.1,0.3838
2240.0,9726.7,2374.3,9955.3,0.3836
10880.9,22080.0,11519.6,22415.2,0.3835
16144.2,38723.6,16640.0,39163.7,0.3834
9230.6,11.7,9599.3,321.6,0.3830
14082.1,19200.0,14191.5,19683.8,0.3830
14458.6,38400.0,14720.0,38839.8,0.3829
12888.2,15857.9,13432.6,16310.1,0.3829
11841.1,31885.2,12472.1,32320.0,0.3829
12800.0,35841.1,13123.7,36068.5,0.3829
14915.7,12992.1,15040.0,13435.4,0.3829
320.0,46901.6,959.4,47319.8,0.3828
14080.6,15344.2,14711.3,15679.8,0.3825
2440.5,10352.3,2877.8,10557.8,0.3825
10756.2,1806.6,11199.2,2240.0,0.3825
11624.0,51002.1,11840.0,51199.2,0.3824
9758.6,20808.1,9920.0,21344.1,0.3823
2313.2,742.3,2560.0,1280.0,0.3821
16766.8,12246.6,16959.2,12667.2,0.3821
14400.0,48321.5,14757.0,48818.7,0.3821
16504.9,49736.2,16958.2,50232.4,0.3820
4162.2,42255.1,4311.4,42550.3,0.3820
9225.8,28273.4,9600.0,28800.0,0.3820
11204.2,37767.9,11833.4,38255.5,0.3819
17444.2,16844.2,17600.0,16960.0,0.3819
11024.6,34836.3,11514.2,35178.4,0.3819
11342.5,48320.1,11840.0,48781.1,0.3817
8751.5,23493.0,8951.3,23750.9,0.3816
2017.0,29761.7,2239.5,29873.0,0.3816
29.7,26577.8,640.0,27005.6,0.3814
9338.8,10882.5,9600.0,11035.3,0.3811
8320.0,27205.1,8447.3,27637.1,0.3808
2263.8,64600.2,2873.8,64960.0,0.3808
4480.4,55391.5,4789.7,55671.2,0.3808
5120.0,19841.9,5754.3,20194.2,0.3808
3520.0,16053.5,4157.6,16320.0,0.3808
2280.4,54362.4,2525.9,54400.0,0.3806
4480.0,14081.4,4837.7,14305.0,0.3806
2816.6,33847.5,3196.6,34240.0,0.3804
6551.3,5446.1,6720.0,5783.6,0.3803
12873.1,12760.2,13440.0,13118.4,0.3802
16640.0,8640.0,17277.0,9040.7,0.3802
1671.5,18716.1,2238.2,19198.6,0.3801
5177.2,25089.3,5439.8,25323.2,0.3801
16685.1,28481.4,17274.6,28737.8,0.3799
642.3,64960.0,1278.5,65155.3,0.3799
17025.2,27840.0,17280.0,28337.1,0.3799
13130.7,35634.3,13368.3,35811.2,0.3798
9749.5,44251.8,10236.6,44797.6,0.3797
7838.8,45316.2,8319.7,45757.9,0.3796
3821.3,9283.7,4160.0,9915.2,0.3796
1046.4,4125.9,1599.3,4480.0,0.3796
5516.4,46082.1,5759.9,46432.7,0.3795
8965.6,9761.5,9340.0,10235.7,0.3794
5446.2,29304.7,6080.0,29750.5,0.3794
11854.9,9936.4,12476.8,10331.2,0.3794
10014.2,12900.4,10558.8,13433.9,0.3794
12800.0,41293.2,13188.3,41600.0,0.3793
8320.0,26425.0,8949.8,26869.0,0.3792
7284.7,27215.2,7680.0,27671.5,0.3791
5073.6,28974.3,5440.0,29438.5,0.3791
8731.1,10245.8,8960.0,10491.8,0.3789
15043.6,50074.3,15279.1,50554.6,0.3789
4544.4,17823.0,5120.0,18240.0,0.3788
17743.5,20800.0,17920.0,21402.5,0.3788
10562.7,12505.5,10706.2,12693.0,0.3788
9345.9,30080.7,9910.2,30545.2,0.3787
15754.4,39239.5,16317.2,39680.0,0.3785
5142.4,15145.0,5760.0,15679.6,0.3784
10240.0,30037.3,10373.6,30399.8,0.3784
3079.2,39592.5,3516.6,40000.0,0.3783
6788.1,61978.6,7360.0,62400.0,0.3782
4480.1,10456.1,4889.8,10880.0,0.3781
14088.4,34153.5,14719.3,34560.0,0.3780
13500.4,23683.3,13760.0,24151.7,0.3777
3908.9,38698.1,4480.0,39039.1,0.3776
3269.6,40000.0,3839.1,40417.8,0.3775
3618.5,40320.0,4157.2,40833.4,0.3773
16337.5,31048.4,16960.0,31350.5,0.3773
3877.9,35081.9,4480.0,35520.0,0.3773
6793.3,35843.5,7357.9,36310.7,0.3772
1280.0,60161.7,1423.5,60623.3,0.3770
15048.6,21879.9,15680.0,22400.0,0.3770
5486.5,66121.5,6078.7,66560.0,0.3770
3885.1,12595.9,4478.1,13117.7,0.3769
4552.9,54411.9,4697.0,54677.4,0.3769
16050.2,45440.0,16638.9,45582.9,0.3768
4103.8,23361.1,4480.0,23881.7,0.3767
6722.3,40871.7,7357.3,41278.2,0.3767
17536.3,45440.0,17866.8,45571.8,0.3766
12594.2,49139.3,12799.9,49599.2,0.3764
1734.4,23752.1,1919.6,24136.6,0.3764
15398.1,48759.5,15546.0,49278.6,0.3760
11136.6,45761.5,11520.0,46270.2,0.3760
16962.8,12343.9,17600.0,12795.3,0.3759
7547.5,26421.1,7680.0,26808.0,0.3758
13846.6,42880.2,14077.5,43129.0,0.3758
15740.2,43913.2,16320.0,44139.8,0.3758
12838.4,38906.5,13439.4,39360.0,0.3757
14474.2,3264.0,15032.4,3631.6,0.3755
14227.4,37344.0,14400.0,37760.0,0.3753
15145.8,57825.7,15359.7,58240.0,0.3753
640.9,21441.9,1044.5,21671.5,0.3753
1488.9,23281.0,1912.9,23581.4,0.3752
2364.2,46734.3,2558.8,47072.5,0.3751
14743.8,48028.6,14824.0,48552.4,0.3750
2560.0,11207.8,2877.1,11348.9,0.3749
16000.0,53062.1,16384.6,53439.8,0.3748
2295.2,37259.7,2877.1,37758.3,0.3746
6392.9,36803.8,6720.0,37300.0,0.3745
2560.9,47777.8,2831.9,48000.0,0.3744
6722.3,46102.3,7207.4,46512.4,0.3744
15025.1,32669.9,15359.6,32957.9,0.3743
13136.8,32641.1,13759.3,33105.5,0.3743
324.0,224.3,823.7,640.0,0.3743
470.3,19200.3,639.8,19423.3,0.3742
15495.1,45120.7,15679.9,45246.9,0.3742
6767.4,23924.3,7360.0,24320.0,0.3741
6428.5,42600.7,6719.6,43200.0,0.3740
6994.7,40962.5,7360.0,41454.5,0.3737
10560.0,37234.7,10951.9,37760.0,0.3737
6591.0,44165.8,7040.0,44535.3,0.3737
12974.4,48321.0,13440.0,48474.7,0.3736
8014.3,40855.6,8640.0,41280.0,0.3736
17454.8,45398.0,17600.0,45440.0,0.3734
2729.2,11360.1,2879.2,11727.9,0.3734
3841.6,65600.7,4376.6,65918.7,0.3734
16426.9,52780.8,16640.0,53120.0,0.3729
7563.3,35317.1,8000.0,35840.0,0.3728
11421.5,25296.9,11839.5,25661.1,0.3728
9920.0,10880.0,10546.7,11287.9,0.3727
7960.9,9971.4,8320.0,10560.0,0.3727
4480.1,9281.1,4799.0,9600.2,0.3726
12480.0,12352.2,13116.6,12694.5,0.3725
3769.6,7897.7,3840.0,8318.8,0.3723
5120.0,5201.9,5306.1,5462.1,0.3722
961.7,51609.3,1158.9,51724.4,0.3722
5123.2,60933.5,5297.0,61120.0,0.3722
44.0,45370.4,254.5,45428.4,0.3722
4415.9,28480.0,4798.1,28712.6,0.3722
7068.5,35993.3,7675.4,36480.0,0.3722
1922.9,43804.2,2352.5,44113.9,0.3721
13883.9,27992.9,14399.4,28480.0,0.3719
9702.7,44948.9,10238.8,45342.0,0.3719
3843.2,142.0,4477.1,620.3,0.3718
12216.7,22404.7,12797.2,22808.3,0.3718
8723.0,30296.9,9278.3,30720.0,0.3717
10837.0,44162.3,11200.0,44456.9,0.3713
2319.7,2458.9,2550.6,2560.0,0.3712
499.9,40215.8,948.6,40637.3,0.3712
550.7,6727.0,960.0,7250.6,0.3710
17023.7,15040.0,17600.0,15160.0,0.3710
14721.6,43012.9,14871.3,43515.5,0.3709
14225.2,28818.7,14720.0,29226.1,0.3709
12186.2,1469.9,12791.3,1918.7,0.3708
2988.8,42098.2,3520.0,42560.0,0.3707
16330.4,49282.6,16640.0,49354.1,0.3707
7010.8,62829.5,7288.7,63101.6,0.3704
13906.6,53417.0,14395.4,53760.0,0.3703
4240.4,4370.0,4796.2,4800.0,0.3703
1189.5,7561.8,1595.2,7996.2,0.3702
6882.7,920.9,7356.5,1280.0,0.3702
12271.0,55090.6,12479.1,55602.5,0.3701
6721.7,4520.7,6826.9,4798.2,0.3701
16406.7,5260.5,16954.3,5758.7,0.3701
16091.9,63379.6,16634.3,63904.2,0.3700
14400.0,40641.2,14748.6,40825.9,0.3700
3650.0,64447.6,3839.9,64640.0,0.3700
10300.7,6859.5,10876.1,7360.0,0.3699
1330.0,2131.0,1917.1,2556.3,0.3699
10560.0,39068.1,11175.3,39360.0,0.3699
14948.1,29582.3,15039.6,30075.5,0.3698
3529.9,26453.1,4055.6,26880.0,0.3698
10946.7,37935.6,11517.5,38400.0,0.3697
9921.4,33601.5,10552.8,33851.0,0.3696
12572.0,23040.7,12793.5,23153.8,0.3695
7400.3,25794.0,7679.9,26234.4,0.3694
5024.9,35377.8,5423.9,35594.5,0.3691
4160.4,56320.6,4418.5,56490.0,0.3690
14887.8,33925.8,15360.0,34395.8,0.3689
8644.3,16762.7,8871.9,17280.0,0.3688
836.2,41807.8,960.0,41919.7,0.3688
5686.8,40893.0,6080.0,41280.0,0.3688
2861.6,51678.4,2957.2,52022.2,0.3688
10358.7,41283.0,10559.5,41516.6,0.3688
8378.5,41042.3,8640.0,41593.5,0.3687
17584.5,40002.8,17891.8,40224.0,0.3687
320.0,0.0,782.8,434.8,0.3686
13787.6,50880.0,14080.0,51403.4,0.3686
14740.2,22084.3,15359.9,22610.5,0.3684
6058.7,42883.0,6399.1,43442.4,0.3684
15684.6,16881.5,16189.7,17279.4,0.3684
9920.0,48334.9,10412.4,48763.8,0.3684
17217.8,25346.7,17595.8,25920.0,0.3684
12160.0,15597.2,12223.3,15754.8,0.3684
5444.8,35525.1,5870.5,35865.7,0.3683
12830.6,50727.6,13435.5,51198.1,0.3683
3861.6,28833.2,4479.6,29118.8,0.3681
4264.4,32779.9,4799.2,33274.3,0.3680
9983.7,15808.7,10556.8,16309.0,0.3678
9674.7,23050.8,10240.0,23519.8,0.3677
12255.8,17436.9,12797.4,17913.7,0.3676
14569.6,15285.7,14719.8,15680.0,0.3676
4823.8,40794.7,5439.9,41279.5,0.3674
10119.4,19909.0,10560.0,20480.0,0.3673
17629.2,20085.2,18175.5,20480.0,0.3672
1607.8,44480.0,2237.8,44888.0,0.3671
12892.5,44160.0,13118.8,44508.9,0.3670
17536.0,37188.4,17730.6,37442.3,0.3668
6930.4,22081.8,7040.0,22242.7,0.3667
2976.3,58711.0,3159.1,59199.0,0.3667
11221.9,17179.6,11839.0,17498.5,0.3666
4800.0,21431.4,5440.0,21760.0,0.3666
8677.5,43539.0,9278.2,43970.6,0.3665
13499.0,4801.6,14077.1,5263.2,0.3664
764.4,43528.0,1276.4,43889.3,0.3663
10891.2,29760.0,11519.6,30207.8,0.3662
14400.0,39268.6,14594.6,39680.0,0.3662
8581.8,26017.9,8960.0,26560.0,0.3662
1.0,44065.9,637.5,44480.0,0.3661
2242.7,52862.8,2379.4,53434.6,0.3660
6813.2,7368.9,7040.0,7663.3,0.3658
13166.3,19214.3,13758.4,19576.1,0.3658
12886.8,39482.2,13440.0,40000.0,0.3657
4162.3,7593.1,4794.2,8000.0,0.3656
5833.5,26512.4,6396.4,26880.0,0.3655
13457.6,26881.8,14071.7,27132.0,0.3655
10777.7,39110.1,10878.7,39500.9,0.3655
17852.9,33600.0,18175.3,34236.2,0.3653
9280.0,41938.8,9658.5,42097.8,0.3653
15362.0,12992.4,15603.6,13436.9,0.3653
9209.5,50024.5,9600.0,50560.0,0.3653
16320.0,68979.7,16468.3,69118.7,0.3648
10886.0,42103.6,11183.4,42557.0,0.3647
5500.5,53286.8,6074.9,53758.7,0.3647
13013.1,42241.8,13437.2,42440.1,0.3647
14314.8,21567.6,14718.9,22075.9,0.3646
3390.1,54113.7,3474.2,54333.5,0.3645
3840.0,24005.6,4148.5,24237.1,0.3645
6796.6,10042.3,7357.9,10556.7,0.3644
2402.4,57285.9,2546.5,57547.6,0.3643
2492.5,31040.0,2880.0,31569.3,0.3643
16806.7,17116.7,17065.8,17151.8,0.3643
5013.3,38416.8,5440.0,38718.0,0.3642
15086.1,43743.3,15680.0,44160.0,0.3642
7839.2,5372.8,8000.0,5440.0,0.3640
5684.8,3203.4,6080.0,3674.7,0.3640
7445.7,62723.8,7676.0,63125.6,0.3640
12168.3,19815.8,12797.0,20160.0,0.3639
15852.0,39903.4,16320.0,40320.0,0.3638
4161.2,59218.0,4443.7,59407.1,0.3636
5517.6,57289.3,5667.5,57684.6,0.3635
11035.0,21601.8,11200.0,22079.3,0.3635
95.1,46720.0,637.4,46830.4,0.3634
14482.7,47040.0,14720.0,47096.4,0.3634
6727.5,8967.5,7192.2,9423.8,0.3633
320.7,65419.3,681.0,65702.8,0.3633
9087.5,34047.8,9597.4,34560.0,0.3633
11931.0,37628.8,12478.1,38075.7,0.3632
12991.7,43522.8,13120.0,43984.2,0.3632
15684.8,33280.2,16000.0,33763.8,0.3632
15040.0,57137.6,15161.6,57598.0,0.3631
2243.7,46402.5,2469.0,46974.7,0.3630
7686.2,1526.8,8320.0,1920.0,0.3629
3226.9,59522.9,3590.6,59728.6,0.3627
15979.1,5862.5,16312.0,6400.0,0.3627
320.0,31667.8,873.3,32000.0,0.3627
3229.8,35019.5,3840.0,35520.0,0.3626
663.3,6629.7,1277.9,7040.0,0.3626
1601.7,47022.6,2237.4,47349.8,0.3625
8267.2,29121.3,8640.0,29673.9,0.3625
2667.1,20354.5,3195.7,20800.0,0.3624
16640.0,68800.7,16993.4,69006.4,0.3624
316.4,55464.3,434.6,55679.7,0.3622
15899.2,42883.1,16320.0,43344.3,0.3621
281.2,26081.6,640.0,26546.5,0.3621
11547.3,7890.8,12155.9,8319.7,0.3621
16580.3,34752.4,16960.0,35197.7,0.3620
16410.8,66713.5,16950.7,67200.0,0.3620
14775.5,57513.8,15357.2,57920.0,0.3620
9622.6,39271.3,10240.0,39680.0,0.3619
10000.4,29120.0,10240.0,29576.2,0.3619
3037.3,22400.5,3520.0,23031.6,0.3619
16786.6,47418.4,16922.3,47677.3,0.3615
4129.1,26880.0,4480.0,27458.0,0.3615
4.3,54400.7,499.2,54867.2,0.3615
13445.8,13441.0,13929.9,13920.3,0.3614
6100.0,948.2,6715.5,1280.0,0.3614
11053.4,47683.4,11199.1,47883.5,0.3613
8960.0,14080.0,9598.1,14254.2,0.3612
11857.0,10127.4,12476.8,10560.0,0.3612
6409.9,48002.0,7037.0,48448.9,0.3611
9115.9,15739.6,9599.9,16320.0,0.3611
15680.0,16114.9,15773.8,16640.0,0.3610
7460.7,28942.6,7995.5,29440.0,0.3608
13510.6,30084.6,13760.0,30635.4,0.3607
16240.5,37998.5,16635.9,38400.0,0.3606
1828.6,9.1,2240.0,490.0,0.3606
5781.3,44878.6,6399.2,45430.8,0.3604
17733.5,42769.4,18176.0,43200.0,0.3604
2738.1,66452.5,2880.0,66879.2,0.3604
1140.5,43840.0,1276.8,43958.9,0.3603
9378.5,44963.6,9919.3,45436.8,0.3601
8049.4,37441.9,8637.5,37871.0,0.3601
4740.7,36247.0,5118.3,36790.4,0.3600
1441.4,20160.0,1599.6,20224.2,0.3599
14413.3,51200.0,15040.0,51366.3,0.3597
7692.5,48126.7,8315.2,48637.8,0.3597
3307.5,12887.4,3840.0,13440.0,0.3597
1629.2,24640.0,2240.0,25142.5,0.3596
9317.5,33183.9,9919.4,33600.0,0.3596
2091.2,56965.2,2271.4,57421.3,0.3595
7052.7,59148.9,7676.8,59520.0,0.3594
15040.7,25157.5,15235.7,25597.5,0.3593
16500.9,49922.6,16960.0,50444.0,0.3593
8320.0,18.7,8955.7,361.2,0.3591
2417.7,57896.7,2519.1,58239.9,0.3591
10012.5,43214.4,10239.1,43635.7,0.3590
8401.3,7680.0,8955.7,7895.4,0.3590
15721.2,1933.0,16317.7,2240.0,0.3589
15331.4,20943.0,15679.4,21437.5,0.3588
15075.9,49642.2,15357.3,49920.0,0.3586
15916.7,32960.0,16320.0,33444.6,0.3586
14470.0,22941.5,14720.0,23360.0,0.3585
17921.4,37442.9,18176.0,37732.9,0.3585
688.7,26005.4,1275.9,26239.7,0.3584
7373.7,51752.2,7996.4,52160.0,0.3583
2974.4,27042.7,3520.0,27511.7,0.3583
17619.9,38262.2,18175.0,38717.7,0.3581
960.0,8542.1,1597.5,8960.0,0.3580
3266.2,44519.9,3840.0,45120.0,0.3578
6031.2,41082.0,6399.7,41600.0,0.3578
6075.1,25920.0,6400.0,26350.4,0.3576
17793.4,5760.8,18164.1,5874.0,0.3574
16726.2,52826.6,17275.4,53215.3,0.3574
4504.9,27425.1,5118.0,27840.0,0.3574
16007.2,11099.9,16640.0,11520.0,0.3574
10216.3,11105.3,10560.0,11519.7,0.3573
16960.0,16960.0,17139.2,16990.4,0.3573
11729.8,40814.7,11840.0,41263.8,0.3570
16019.7,23748.1,16319.6,24265.7,0.3570
13185.2,13842.7,13438.6,14080.0,0.3569
13066.7,32811.1,13440.0,33277.5,0.3569
1431.9,29762.5,1600.0,30382.2,0.3569
6400.0,24535.6,6896.0,24956.7,0.3568
10727.0,21343.4,11198.1,21760.0,0.3568
9100.0,30408.1,9593.7,30881.3,0.3568
2145.1,21211.2,2237.6,21315.0,0.3564
7360.0,62724.9,7862.7,63124.3,0.3563
1955.8,34749.9,2556.7,35200.0,0.3563
6178.0,33687.7,6718.4,34240.0,0.3562
815.5,28486.5,1275.0,28973.7,0.3561
5784.1,27269.5,6080.0,27606.3,0.3560
17045.1,65013.4,17597.1,65598.3,0.3560
589.2,6400.0,960.0,7025.6,0.3559
9631.8,40880.9,10240.0,41178.9,0.3559
7494.2,6400.6,7913.5,6610.9,0.3557
13888.7,32468.9,14019.6,32960.0,0.3556
15457.4,1288.8,15680.0,1562.8,0.3556
5760.9,44042.3,6098.3,44480.0,0.3554
14948.0,36160.0,15358.3,36617.7,0.3553
11858.8,5120.0,12160.0,5667.7,0.3553
8223.6,44800.0,8640.0,45244.1,0.3553
12160.0,19522.9,12341.7,20010.2,0.3552
9018.3,43410.9,9596.4,43840.0,0.3551
6105.5,32323.6,6718.4,32824.7,0.3549
12501.2,26880.0,13108.6,27109.3,0.3549
9280.5,23387.3,9917.1,23820.2,0.3549
5345.4,29646.3,5440.0,30080.0,0.3549
13543.2,5054.6,14077.9,5440.0,0.3547
4019.1,26561.6,4480.0,27097.3,0.3546
15051.8,35315.5,15357.7,35519.2,0.3546
4823.3,4382.7,5435.6,4780.6,0.3546
10897.8,14338.1,11520.0,14720.0,0.3546
4800.0,4160.0,4853.2,4258.6,0.3545
4912.3,40961.4,5438.9,41444.8,0.3545
12064.8,26880.0,12480.0,27338.8,0.3544
14823.8,28087.9,15360.0,28469.7,0.3544
15700.6,43206.0,16314.9,43577.0,0.3544
7066.0,64960.0,7675.6,65531.6,0.3541
535.3,11106.5,640.0,11520.0,0.3540
9292.1,40000.0,9915.5,40183.2,0.3540
17339.8,13790.8,17415.7,14172.7,0.3540
4480.0,65921.6,4813.9,66028.9,0.3539
12193.2,1787.9,12795.5,2236.8,0.3538
4658.8,52777.4,4800.0,53120.0,0.3537
16997.4,35469.5,17600.0,35840.0,0.3536
5578.8,55044.0,5760.0,55530.5,0.3535
6419.9,38968.9,7036.1,39356.9,0.3534
9286.6,51303.1,9716.1,51840.0,0.3534
16416.1,52161.0,16640.0,52580.9,0.3533
5451.4,1017.4,6079.8,1277.5,0.3533
16001.9,49298.6,16091.4,49599.3,0.3531
12259.8,11970.0,12798.4,12476.0,0.3531
6848.8,61677.0,7342.7,62080.0,0.3530
18085.4,51123.5,18165.2,51321.0,0.3529
640.0,32001.0,1019.7,32260.3,0.3529
11841.8,48643.4,12246.8,48791.9,0.3527
712.1,9673.4,957.3,9918.9,0.3527
8038.4,64002.6,8318.3,64599.2,0.3526
10878.3,42513.2,11200.0,42880.0,0.3526
15370.2,2587.8,15998.6,2899.5,0.3525
17809.0,9343.8,18176.0,9918.1,0.3523
17484.5,51538.6,17920.0,52098.0,0.3522
4801.5,55364.2,5115.5,55527.5,0.3522
10609.8,15464.1,11196.0,15997.7,0.3522
13470.2,17920.0,14076.7,18409.4,0.3520
321.4,7069.1,958.6,7473.7,0.3520
2597.7,35450.3,3194.8,35840.0,0.3520
6997.5,33601.2,7360.0,33738.1,0.3519
8783.7,46030.1,8960.0,46400.0,0.3519
14004.1,15363.9,14399.1,15783.1,0.3519
9610.6,13924.5,10240.0,14269.0,0.3518
3948.6,55556.7,4479.2,55907.2,0.3517
4891.8,12480.7,5052.3,12594.1,0.3516
1877.1,47937.1,2240.0,48320.0,0.3515
2562.0,21650.6,3197.3,22080.0,0.3514
8070.5,25174.9,8637.1,25600.0,0.3514
13524.6,42143.8,14061.4,42240.0,0.3513
16612.0,63563.6,16960.0,63853.5,0.3513
13256.6,54573.2,13439.8,55035.9,0.3511
15581.4,49826.4,15743.5,50240.0,0.3511
10643.9,7837.2,11196.1,8307.0,0.3510
17797.9,23130.9,18176.0,23360.0,0.3510
13485.6,54400.0,13760.0,54909.0,0.3509
9839.7,16668.0,10240.0,17276.4,0.3509
9282.3,38633.2,9439.5,39038.8,0.3507
11087.3,33920.0,11520.0,34383.3,0.3507
13760.0,24961.6,13878.6,25447.5,0.3505
9920.0,31360.2,10244.9,31570.3,0.3504
16963.4,47720.6,17597.0,47875.5,0.3502
4421.9,57608.1,4480.0,57920.0,0.3502
9721.1,16541.0,10237.7,16960.0,0.3501
13835.8,55642.6,14079.9,56000.0,0.3500
16320.2,61120.0,16585.5,61358.7,0.3499
653.0,26890.5,1275.1,27385.1,0.3498
962.2,6080.8,1578.4,6317.9,0.3497
15767.3,58385.0,16313.6,58880.0,0.3497
10318.9,13359.8,10880.0,13760.0,0.3496
3320.3,19984.0,3835.0,20476.6,0.3496
7161.2,6404.3,7571.2,6714.5,0.3496
15104.5,46625.7,15360.0,47040.0,0.3494
1920.0,52800.0,2328.0,52969.5,0.3494
3840.0,44162.8,4169.5,44462.0,0.3493
1322.1,19200.0,1916.7,19768.9,0.3493
6172.7,44637.4,6719.8,45114.3,0.3493
2375.9,52023.3,2769.4,52239.4,0.3492
8661.8,205.6,9271.6,640.0,0.3492
14467.7,30775.4,15040.0,31040.0,0.3489
12483.1,52872.3,12891.8,53440.0,0.3488
16374.9,36962.9,16640.0,37437.8,0.3488
9604.1,45120.9,10060.1,45275.7,0.3487
17561.3,12800.7,18175.5,13101.7,0.3484
9394.3,53210.3,9914.6,53758.7,0.3484
10329.1,45760.0,10877.8,46185.7,0.3484
3940.9,35202.0,4480.0,35714.7,0.3483
6733.6,56587.3,7355.7,56960.0,0.3483
15537.0,58605.9,15680.0,59109.5,0.3483
15405.7,16199.3,15861.9,16640.0,0.3483
7687.8,5440.0,8320.0,5814.1,0.3482
5441.2,8337.4,5910.6,8681.7,0.3480
2070.1,34353.6,2557.1,34880.0,0.3480
15443.6,35204.1,16000.0,35730.4,0.3478
5755.5,45120.0,6079.0,45517.2,0.3478
16960.0,5677.8,17595.8,6080.0,0.3478
9220.3,47138.4,9279.1,47495.4,0.3478
4480.9,59010.8,4567.4,59200.0,0.3478
14220.0,37893.8,14400.0,38302.8,0.3477
1062.8,37669.8,1597.6,38078.0,0.3477
644.3,42905.9,1099.7,43202.9,0.3476
13399.9,23107.0,13760.0,23554.7,0.3476
16960.0,16978.6,17434.0,17223.3,0.3476
5158.4,1723.0,5751.0,2061.7,0.3476
11520.9,38401.8,11640.0,38543.2,0.3475
3269.2,27121.7,3840.0,27520.0,0.3475
16708.0,48590.5,16766.2,48763.9,0.3474
7918.0,64366.9,7999.5,64453.9,0.3473
3981.0,4203.4,4479.8,4320.1,0.3473
10955.6,32449.6,11520.0,32954.9,0.3473
16633.5,24987.5,16960.0,25596.4,0.3472
655.2,15606.4,1277.8,16000.0,0.3472
12148.4,33941.1,12479.7,34202.5,0.3471
13200.6,23238.2,13759.3,23680.0,0.3471
2312.6,20807.8,2880.0,21244.1,0.3471
7172.7,34248.4,7360.0,34857.8,0.3471
4409.7,468.3,4479.7,820.8,0.3471
14207.9,25527.8,14399.8,25919.0,0.3470
541.3,16321.0,960.0,16793.6,0.3469
6793.2,33166.6,7360.0,33600.0,0.3469
687.6,68480.0,1277.1,69061.8,0.3469
8642.5,23680.0,8968.3,23777.3,0.3469
1943.3,36481.1,2559.5,36635.2,0.3468
2868.5,26334.3,3200.0,26880.0,0.3468
15681.3,34245.2,16037.8,34483.1,0.3468
14177.2,15557.1,14399.0,15995.4,0.3465
14067.8,21144.8,14399.8,21631.4,0.3465
4657.4,40239.6,5120.0,40497.7,0.3464
7.5,40790.1,640.0,41267.3,0.3463
9035.4,45762.9,9593.5,46223.9,0.3462
11282.5,46406.8,11836.6,46849.1,0.3462
17626.2,64968.3,18172.8,65408.6,0.3462
7783.8,21377.0,8314.4,21760.0,0.3461
10334.6,39089.8,10871.5,39680.0,0.3458
320.0,62915.3,792.4,63360.0,0.3458
14858.7,40669.3,15299.0,40967.2,0.3457
6432.3,45129.2,6720.0,45516.2,0.3457
9587.1,22400.0,9919.2,22967.8,0.3457
2.3,7397.2,76.7,7702.6,0.3456
9020.4,49922.3,9597.7,50240.0,0.3456
3752.4,63504.4,3840.0,63992.1,0.3456
3506.6,24960.0,3840.0,25470.9,0.3455
11857.1,45091.1,12480.0,45440.0,0.3455
11826.5,49920.5,12158.8,50430.8,0.3454
17381.8,37172.5,17600.0,37446.7,0.3454
17456.1,23473.0,17899.8,23679.3,0.3453
6431.7,33282.3,6720.0,33510.4,0.3453
2245.6,52059.3,2392.7,52479.5,0.3450
7379.4,19417.7,7995.7,19840.0,0.3448
2281.1,3097.3,2876.7,3520.0,0.3448
8787.5,17921.5,8960.0,18370.1,0.3446
13406.9,22189.0,13760.0,22719.8,0.3445
17917.7,50241.9,18113.6,50695.8,0.3445
7389.1,24975.1,7995.8,25590.5,0.3445
974.0,5454.4,1593.9,5910.0,0.3445
11567.0,33447.6,12157.8,33918.6,0.3445
14793.2,28480.2,15039.1,28739.9,0.3444
694.9,35006.8,1276.9,35518.6,0.3443
18006.0,51520.7,18076.1,51611.9,0.3441
325.6,65921.2,835.5,66212.0,0.3441
11211.3,20571.7,11837.2,20800.0,0.3438
4160.0,61739.9,4266.6,62067.9,0.3438
15067.9,30684.9,15680.0,31040.0,0.3437
16688.0,10880.0,16960.0,11511.4,0.3437
10264.6,47433.9,10560.0,47998.9,0.3436
5442.4,56356.9,5516.1,56827.8,0.3436
15569.4,32646.1,16000.0,33008.6,0.3436
9434.9,29490.6,9920.0,30080.0,0.3434
4951.1,8759.9,5440.0,9278.2,0.3433
6952.8,63187.1,7040.0,63360.0,0.3433
3201.7,22146.2,3282.6,22384.1,0.3433
16663.5,456.3,17277.8,960.0,0.3433
3205.6,1144.2,3837.1,1460.2,0.3432
9694.8,39360.3,10239.8,39893.0,0.3431
5570.6,12616.3,5760.0,13120.0,0.3430
17613.1,3449.7,18173.2,3838.9,0.3429
5040.6,22720.0,5440.0,23138.6,0.3429
6187.3,23314.8,6716.6,23680.0,0.3428
9967.0,8112.6,10553.5,8638.8,0.3427
10685.5,46872.9,11198.6,47354.4,0.3427
2729.7,58243.6,2866.5,58599.2,0.3427
16640.0,46909.5,16737.6,47090.4,0.3426
16648.0,53551.2,17277.9,53737.4,0.3425
2408.9,38401.9,2880.0,38549.6,0.3423
165.1,42467.3,635.9,42878.5,0.3421
14512.8,46769.0,14716.6,47043.5,0.3420
6968.0,17284.8,7351.6,17659.1,0.3419
8459.3,7060.6,8639.7,7465.0,0.3419
10294.3,19201.3,10560.0,19600.0,0.3418
6398.1,63863.9,6472.5,64000.0,0.3418
11616.7,47040.8,11838.6,47235.6,0.3417
7224.1,7762.5,7359.6,8043.5,0.3417
631.4,62548.1,960.0,62720.0,0.3415
9106.6,19251.9,9279.8,19827.4,0.3415
3202.0,15042.8,3312.1,15193.4,0.3414
9040.2,2711.0,9596.9,3197.7,0.3414
7795.5,28480.4,8316.2,28988.8,0.3414
14376.1,51840.0,14719.9,52371.2,0.3413
3840.0,13060.0,4478.1,13440.0,0.3411
8003.6,35225.9,8442.9,35520.0,0.3411
13210.8,23044.4,13440.0,23335.2,0.3411
13766.7,34087.1,14396.3,34553.6,0.3410
15738.3,22080.0,16317.5,22499.2,0.3409
16641.1,17727.3,16720.2,17918.2,0.3408
17322.0,33629.7,17598.8,34213.2,0.3408
498.1,25462.8,638.6,25914.0,0.3408
2934.2,65600.0,3516.8,66069.4,0.3408
641.4,53040.9,926.0,53439.6,0.3406
7083.7,7688.5,7355.1,7932.0,0.3406
14400.0,7375.9,15039.5,7773.1,0.3406
5891.9,13523.7,6079.7,13757.4,0.3406
11280.6,17441.5,11839.5,17758.7,0.3405
13760.4,38402.3,13985.4,38586.8,0.3402
12160.8,15680.0,12227.0,15767.7,0.3401
3445.8,19843.0,3840.0,20297.7,0.3401
8641.2,35673.2,8960.0,36158.1,0.3401
572.2,43980.6,944.5,44477.2,0.3400
2887.4,36511.1,3519.6,37002.2,0.3399
15332.6,49726.8,15404.1,50239.0,0.3399
9284.6,14864.5,9915.7,15352.8,0.3397
3221.1,30950.3,3840.0,31360.0,0.3397
1074.8,36990.0,1279.8,37439.1,0.3394
13538.9,43459.7,14077.0,43840.0,0.3393
8103.5,17730.7,8635.1,18220.2,0.3393
10579.4,3226.2,11198.4,3520.0,0.3391
9250.3,18354.7,9600.0,18880.0,0.3390
2880.0,56569.8,3111.7,56907.8,0.3390
15645.7,3846.2,16000.0,4251.6,0.3389
17106.6,37144.3,17280.0,37672.5,0.3388
320.0,64333.3,434.4,64768.7,0.3387
17332.7,35523.8,17600.0,35757.9,0.3387
16005.7,28913.7,16639.9,29431.0,0.3387
9536.8,30405.6,9920.0,30889.0,0.3384
0.0,38335.4,264.6,38465.4,0.3383
5186.6,29444.3,5751.9,29896.0,0.3383
17017.3,27520.0,17280.0,28151.6,0.3383
3201.7,3915.9,3324.1,4159.9,0.3382
17280.0,50729.0,17904.3,51010.3,0.3378
1654.3,4653.4,2239.2,5117.9,0.3378
1915.6,11846.5,2240.0,12142.0,0.3378
15130.0,46246.0,15263.9,46692.5,0.3377
7512.0,64963.2,7680.0,65246.1,0.3376
7756.2,10561.6,7999.6,10798.4,0.3376
3347.0,27108.4,3519.8,27520.0,0.3376
5779.4,40892.7,6397.8,41280.0,0.3376
6094.2,36647.6,6719.8,37119.2,0.3375
17671.5,8961.4,18176.0,9445.2,0.3375
1016.9,30400.0,1280.0,30833.4,0.3374
3846.1,61796.0,4278.7,62090.7,0.3374
14815.5,56644.8,15038.6,57018.0,0.3373
640.0,8780.9,1077.8,9280.0,0.3372
12482.2,47822.0,12617.1,48316.6,0.3372
350.9,61763.0,638.7,61998.3,0.3372
2301.7,31924.6,2877.7,32320.0,0.3371
7683.2,16968.5,7862.1,17236.3,0.3370
2447.8,60295.7,2560.0,60413.7,0.3369
17537.4,48000.0,17869.5,48111.8,0.3368
1353.6,50091.8,1920.0,50558.9,0.3368
10993.7,49600.0,11519.1,50096.4,0.3366
8097.8,16000.2,8319.2,16460.0,0.3365
8640.4,15683.7,9039.4,16075.5,0.3365
10709.5,32320.0,10877.8,32412.3,0.3364
17315.8,11973.5,17917.3,12479.1,0.3363
5647.4,46080.0,6073.1,46519.8,0.3363
3256.2,19653.8,3831.9,20158.8,0.3362
12923.9,46720.0,13118.5,46931.2,0.3358
14545.1,48297.2,14698.6,48631.0,0.3358
15683.1,45362.2,16320.0,45494.3,0.3357
15314.5,19020.0,15680.0,19403.8,0.3356
10799.0,30456.6,10879.9,30720.0,0.3356
8000.0,14796.4,8501.0,15360.0,0.3355
17175.8,14278.0,17280.0,14712.6,0.3354
5447.4,34560.7,6078.2,34955.9,0.3353
2241.5,13121.1,2600.4,13583.8,0.3353
2014.4,29263.6,2559.4,29757.0,0.3353
2763.9,42236.8,2880.0,42560.0,0.3353
9938.8,9488.5,10558.3,9918.9,0.3353
640.0,32755.9,789.0,33280.0,0.3352
17599.3,26322.9,18168.0,26875.7,0.3352
5838.6,7073.5,6079.5,7680.0,0.3351
5120.0,38490.8,5694.1,39035.4,0.3351
14458.2,26240.4,14718.2,26692.4,0.3351
5130.4,26263.0,5757.3,26365.0,0.3350
14734.5,40070.4,15040.0,40630.7,0.3350
7381.5,44811.6,7906.4,45140.5,0.3350
15754.7,51200.0,16313.4,51355.9,0.3348
9631.3,49829.4,10236.3,50240.0,0.3348
6383.7,17924.7,6720.0,18363.5,0.3347
1932.3,34560.0,2240.0,35135.2,0.3347
6517.7,4480.0,6580.6,4966.1,0.3346
6173.1,24964.0,6398.4,25243.8,0.3346
5831.2,12486.8,6397.8,13028.7,0.3345
2718.8,9626.0,2880.0,10163.1,0.3345
532.6,3714.9,639.9,4160.0,0.3343
573.6,63759.1,640.0,64179.4,0.3343
7367.6,62760.0,7678.7,63360.0,0.3343
6844.4,14080.1,7039.4,14666.6,0.3342
14410.3,13763.2,14718.8,14230.8,0.3342
14400.0,23364.0,14746.1,23638.6,0.3341
8321.4,3840.0,8953.4,4273.8,0.3341
8000.0,30406.6,8626.6,30735.5,0.3341
16432.3,60161.6,16639.8,60664.1,0.3339
5927.3,23869.1,6400.0,24320.0,0.3338
13821.0,22082.0,14080.0,22437.3,0.3338
5805.1,37122.2,6080.0,37423.0,0.3337
15954.2,17604.0,16320.0,18040.8,0.3336
7703.7,40640.0,8315.8,40879.6,0.3335
320.4,65280.4,955.8,65753.5,0.3335
5199.1,65600.0,5281.3,65701.2,0.3333
4896.4,34803.6,5120.0,35199.6,0.3333
3040.6,58788.6,3190.0,59200.0,0.3332
5548.6,42560.6,6074.2,42971.8,0.3332
15128.6,58641.6,15675.1,59200.0,0.3331
8740.2,24320.0,9280.0,24753.1,0.3330
2561.0,63064.8,2901.2,63514.2,0.3329
8368.8,42139.2,8640.0,42558.3,0.3329
7050.3,42448.6,7678.7,42880.0,0.3325
5110.9,4025.1,5439.0,4475.5,0.3325
7062.9,44039.2,7676.0,44477.7,0.3324
7040.1,42740.7,7678.2,43195.6,0.3324
3613.4,35094.0,4151.5,35517.7,0.3323
2240.0,19533.8,2877.0,19872.3,0.3322
16650.2,25600.4,17258.6,26028.7,0.3322
1601.1,37332.5,2240.0,37760.0,0.3320
5762.4,35849.8,6235.5,36227.5,0.3320
16657.4,23562.9,17276.4,23977.1,0.3319
15040.4,5441.4,15678.5,5924.3,0.3318
3213.7,3520.0,3646.2,3720.2,0.3318
8561.8,10313.7,8960.0,10880.0,0.3318
5120.0,45666.4,5760.0,46080.0,0.3317
17297.4,49609.2,17600.0,49805.2,0.3317
5772.4,44485.6,6079.3,44866.1,0.3316
4397.1,22400.1,4800.0,22491.0,0.3315
3.2,45456.2,173.4,45633.5,0.3314
10165.5,51569.2,10240.0,51771.7,0.3314
10819.4,32332.4,11200.0,32830.8,0.3310
15006.7,47178.1,15102.8,47463.6,0.3310
10944.8,31900.9,11200.0,32320.0,0.3308
2276.6,29637.6,2560.0,29959.2,0.3308
9624.2,6633.3,9919.7,7040.0,0.3308
2082.1,2744.6,2240.0,3148.2,0.3308
8537.6,43212.1,8960.0,43518.9,0.3307
17280.0,22784.9,17475.9,23261.7,0.3306
774.1,22085.6,960.0,22237.7,0.3306
6131.8,36067.9,6720.0,36480.0,0.3305
15154.6,18434.6,15676.3,18840.5,0.3303
15680.0,15433.7,16023.6,16000.0,0.3302
8330.0,49843.0,8957.3,50240.0,0.3302
2584.6,56529.5,3190.3,56952.7,0.3302
4253.6,12627.3,4798.9,13116.4,0.3301
8895.0,9187.9,9280.0,9600.0,0.3301
12695.0,19447.9,12800.0,19840.0,0.3300
12823.0,15363.3,13120.0,15773.5,0.3298
10242.9,550.1,10876.5,960.0,0.3297
16831.3,18177.8,16960.0,18560.0,0.3297
6459.7,7878.8,7035.7,8320.0,0.3296
9493.9,16169.6,9920.0,16638.7,0.3295
1920.6,1282.9,2370.8,1775.5,0.3294
15276.8,49585.1,15351.0,49919.5,0.3294
10240.0,51886.0,10491.1,52107.0,0.3294
8343.3,44658.0,8958.3,45119.5,0.3292
2421.4,37440.3,2880.0,37864.2,0.3291
10241.3,4727.5,10875.9,5120.0,0.3289
2615.8,1791.2,3196.9,2237.4,0.3288
5445.2,8000.0,5760.0,8487.4,0.3288
320.0,14056.9,958.6,14400.0,0.3288
15095.6,33920.0,15359.3,34174.9,0.3287
487.5,60565.9,639.7,61112.9,0.3286
2708.2,1798.4,2879.7,2240.0,0.3285
16010.3,36227.2,16640.0,36470.7,0.3284
15812.8,59426.1,16000.0,59840.0,0.3284
15487.9,50248.1,15679.4,50741.7,0.3282
451.0,29340.8,958.8,29760.0,0.3281
320.0,63040.0,826.6,63531.3,0.3279
8054.4,38418.3,8319.7,38784.5,0.3279
1696.1,62545.3,2230.3,63037.1,0.3279
4801.1,34458.9,5057.6,34878.5,0.3279
4689.9,23360.4,5118.7,23560.9,0.3279
1679.3,38490.1,2240.0,38718.1,0.3279
548.1,64328.7,639.8,64849.3,0.3278
4579.9,22726.1,5120.0,23198.8,0.3278
2886.2,26724.9,3406.6,27197.3,0.3277
8091.4,41280.0,8637.8,41789.1,0.3276
5182.5,47917.1,5752.5,48320.0,0.3276
17280.0,14041.3,17362.6,14397.6,0.3276
17283.8,4711.3,17916.6,5120.0,0.3274
4474.2,14168.9,4799.2,14518.0,0.3274
698.9,55908.5,1276.0,56320.0,0.3273
16679.1,41272.3,17277.6,41600.0,0.3272
11204.4,1182.2,11837.5,1600.0,0.3272
2661.7,5199.7,2880.0,5562.9,0.3270
8320.0,53059.1,8957.0,53440.0,0.3269
7456.1,41709.9,7680.0,41920.0,0.3268
17830.6,39360.0,17920.0,39563.8,0.3267
14323.2,31045.6,14714.7,31235.7,0.3267
3018.5,32127.7,3520.0,32635.3,0.3267
18053.7,51628.5,18175.7,52154.8,0.3264
38.5,34152.7,636.7,34560.0,0.3264
5517.1,9334.2,6080.0,9751.2,0.3264
5943.2,43201.9,6080.0,43520.0,0.3263
6721.9,26438.1,7105.8,26871.5,0.3263
11843.3,45762.8,12320.8,46041.9,0.3258
8627.6,7278.2,8959.8,7680.0,0.3258
11857.1,35520.0,12476.6,35771.7,0.3256
16001.3,18053.7,16146.6,18240.0,0.3255
2292.2,26837.6,2880.0,27200.0,0.3253
1600.0,29760.0,1805.1,30317.5,0.3252
15961.6,50131.8,16197.8,50372.1,0.3252
2959.4,14722.4,3058.9,14859.4,0.3251
878.3,36801.9,1278.5,37243.0,0.3250
2381.5,10455.4,2880.0,10880.0,0.3250
15046.0,3441.4,15679.8,3840.0,0.3249
15680.0,40960.6,15951.4,41170.0,0.3249
690.8,30720.4,960.0,30927.1,0.3247
5424.7,31684.0,5760.0,32159.7,0.3245
2694.4,33604.7,3199.2,34118.7,0.3245
10898.1,36444.9,11520.0,36800.0,0.3244
6400.4,5768.7,6783.5,6080.0,0.3244
16412.3,66942.3,16953.0,67519.8,0.3244
10828.5,37760.0,11200.0,38075.2,0.3244
16840.1,46080.0,16972.3,46511.0,0.3243
7735.6,47360.5,7999.0,47643.5,0.3243
15150.5,20168.3,15359.9,20675.8,0.3243
7462.0,48331.3,7993.4,48640.0,0.3242
4262.4,39241.7,4478.9,39660.9,0.3242
16960.0,11238.8,17284.5,11558.8,0.3241
5121.2,63360.6,5322.2,63494.8,0.3240
7729.5,45760.0,7999.6,46165.9,0.3238
13820.3,21444.2,14388.8,21812.6,0.3238
15018.9,35200.3,15359.9,35742.6,0.3238
15419.7,13760.3,15680.0,14302.3,0.3237
12494.4,47174.6,12790.2,47676.0,0.3234
5874.5,46188.6,6394.2,46720.0,0.3233
1300.2,65921.0,1605.8,66032.2,0.3232
16729.4,16112.6,17279.6,16341.5,0.3230
10887.9,25550.6,11520.0,25920.0,0.3229
4895.8,30967.3,5428.2,31360.0,0.3229
17471.4,16641.6,17600.0,16838.6,0.3229
8278.7,31042.2,8640.0,31420.2,0.3229
7200.5,17628.9,7360.0,17979.2,0.3228
11216.0,33280.0,11839.0,33700.9,0.3227
9910.4,22822.1,10240.0,23358.0,0.3227
10893.9,30169.5,11199.6,30698.6,0.3226
10638.2,30821.8,11196.8,31357.4,0.3226
3840.0,63790.0,4312.3,64310.5,0.3226
3134.9,47377.4,3518.0,47679.6,0.3223
695.2,10880.3,958.3,11064.5,0.3223
805.1,21120.0,1280.0,21750.5,0.3220
576.1,52201.7,639.6,52478.4,0.3220
640.0,56200.4,762.8,56314.6,0.3219
11395.9,23770.6,11839.8,24320.0,0.3219
15412.5,7361.6,15534.1,7539.4,0.3219
1952.7,65605.1,2237.4,65947.4,0.3218
12566.7,31780.1,13119.0,32319.6,0.3217
9434.8,4276.7,9915.7,4796.5,0.3217
2293.2,4160.0,2560.0,4612.8,0.3216
10240.4,47129.1,10483.6,47680.0,0.3216
16320.0,60094.3,16447.6,60480.0,0.3215
14811.6,44970.1,15359.6,45438.5,0.3215
11300.0,13017.0,11836.5,13440.0,0.3214
3319.0,59234.5,3430.6,59476.6,0.3212
10594.0,18081.3,11199.8,18557.5,0.3212
9704.2,48000.0,9920.0,48397.8,0.3212
15801.3,51520.0,15972.0,51792.5,0.3211
7208.1,41724.1,7674.5,42236.8,0.3208
14430.8,27846.0,14510.8,28047.9,0.3208
2695.7,58404.4,2781.4,58879.6,0.3208
2726.9,9925.9,2879.8,10105.7,0.3207
13763.5,45451.0,14389.0,45899.9,0.3206
1280.0,1441.3,1614.0,1750.6,0.3206
16359.2,30083.1,16959.5,30384.4,0.3205
6137.0,17280.8,6690.5,17823.9,0.3205
10241.0,44103.2,10878.9,44480.0,0.3203
3614.2,32648.0,4158.9,32994.8,0.3203
469.6,26020.4,960.0,26560.0,0.3203
6080.0,15360.0,6715.3,15796.9,0.3202
11201.0,52484.9,11313.2,52689.3,0.3201
3986.7,50635.3,4480.0,51199.2,0.3200
16003.8,49197.4,16338.2,49379.3,0.3199
2240.8,14080.0,2878.0,14581.9,0.3199
1651.8,25467.4,2236.2,25916.7,0.3198
7135.5,37778.3,7360.0,38069.0,0.3195
16320.5,47681.3,16666.7,47788.8,0.3195
708.8,23681.4,959.7,23860.2,0.3194
2165.4,43202.6,2560.0,43696.2,0.3194
12819.1,16000.5,13440.0,16433.7,0.3193
11943.0,53781.9,12475.0,54079.6,0.3192
2861.2,13121.6,3200.0,13580.6,0.3191
1280.0,11841.3,1423.3,12156.2,0.3191
9577.0,41467.2,9920.0,41911.4,0.3190
3281.5,22643.4,3837.9,23040.0,0.3188
3866.9,37218.6,4160.0,37734.1,0.3188
14496.5,47878.0,14719.2,48000.0,0.3187
1843.8,49281.9,2240.0,49755.9,0.3186
8000.0,17328.7,8333.1,17600.0,0.3185
4244.8,4061.4,4315.4,4160.0,0.3185
6313.9,58082.5,6400.0,58554.9,0.3185
3954.7,25964.6,4159.8,26240.0,0.3184
14728.6,47363.6,14999.9,47611.2,0.3184
640.0,68363.3,1276.7,68797.6,0.3183
12216.4,47042.8,12532.6,47210.2,0.3181
14746.0,30988.2,15355.2,31356.2,0.3181
5441.6,28826.1,6077.1,29238.4,0.3181
16960.8,50880.0,17600.0,51272.1,0.3180
888.2,38761.2,959.8,39040.0,0.3179
15194.3,45443.6,15675.2,45881.7,0.3179
5597.8,8547.1,5759.6,8959.5,0.3178
15112.7,1178.3,15671.7,1598.2,0.3176
1306.2,18183.7,1920.0,18560.0,0.3176
9954.2,45961.6,10240.0,46254.4,0.3175
4169.2,31965.0,4800.0,32320.0,0.3174
2561.8,12812.9,3197.4,13120.0,0.3173
7634.1,25284.1,8000.0,25728.7,0.3169
470.3,56463.0,934.9,56637.3,0.3169
10778.6,14763.9,11198.5,15177.5,0.3168
6402.3,18774.6,7040.0,19197.8,0.3167
8320.6,38084.3,8958.9,38563.2,0.3166
6402.6,9879.0,7040.0,10239.2,0.3165
2881.0,28802.2,3323.6,29433.9,0.3165
17380.2,22885.3,17913.8,23358.6,0.3165
3520.0,3548.3,3641.8,3890.8,0.3164
6780.1,59562.7,7040.0,60157.2,0.3164
17804.1,43200.0,18176.0,43644.6,0.3163
17649.9,4170.4,17920.0,4493.3,0.3163
13422.8,53760.0,13758.7,54331.3,0.3163
1390.1,6214.6,1918.1,6720.0,0.3162
3763.4,11841.0,4160.0,12116.2,0.3161
15041.4,41342.7,15314.0,41576.1,0.3161
10732.6,30379.4,10820.0,30717.1,0.3161
7363.3,63360.0,7513.2,63991.9,0.3159
4167.4,66768.7,4796.7,67174.4,0.3159
11295.6,48000.1,11520.0,48368.0,0.3157
11713.1,44483.1,12152.2,44650.5,0.3156
17128.8,36628.6,17598.8,37120.0,0.3156
795.4,59413.2,931.9,59516.1,0.3155
8868.5,45872.5,8959.8,46387.2,0.3155
2180.0,5096.6,2560.0,5370.1,0.3154
12147.3,26718.9,12259.0,27114.4,0.3154
9280.0,34240.0,9899.3,34750.8,0.3154
14407.5,12648.9,14897.1,13120.0,0.3151
9601.1,40320.0,9942.7,40787.3,0.3150
1331.6,12164.6,1600.0,12433.2,0.3150
1602.2,46568.8,1689.3,46987.2,0.3150
16641.0,45318.7,16775.1,45519.5,0.3149
3892.7,31507.6,4480.0,31999.8,0.3146
16666.8,13934.5,17278.3,14390.9,0.3145
16502.8,50240.8,16590.0,50358.7,0.3145
7062.4,2560.0,7360.0,3047.3,0.3144
9723.4,10105.3,10223.7,10556.6,0.3143
7836.7,23362.4,7999.7,23790.3,0.3143
12163.2,16321.4,12449.7,16486.2,0.3143
7036.4,14440.1,7360.0,15040.0,0.3141
7338.3,24154.1,7680.0,24631.5,0.3138
5126.0,2883.5,5760.0,3246.8,0.3137
13452.5,11208.6,14080.0,11698.7,0.3136
15680.0,29440.0,16314.9,29817.6,0.3136
2253.7,24515.4,2876.3,24957.8,0.3136
17537.1,13948.0,17803.1,14075.4,0.3135
6179.0,25056.5,6716.9,25597.5,0.3135
13109.4,27922.4,13440.0,28473.3,0.3134
4577.0,54806.2,4677.5,55038.9,0.3134
1648.5,19521.0,1920.0,19633.2,0.3133
4772.5,40692.5,5120.0,40960.0,0.3133
12160.7,36480.0,12348.9,36661.9,0.3131
14720.0,26749.7,15356.0,27199.3,0.3131
2756.7,50894.7,2880.0,51156.9,0.3130
15615.3,16219.6,15985.0,16640.0,0.3130
12800.0,43884.4,13057.6,44209.6,0.3126
6934.6,17043.4,7356.6,17600.0,0.3126
16644.0,40559.9,17124.3,40792.1,0.3125
15801.2,12382.2,15999.6,12800.0,0.3123
9942.3,30693.6,10555.9,31040.0,0.3122
348.0,54080.6,485.3,54190.8,0.3122
3841.4,62937.0,4010.1,63359.0,0.3121
10560.0,37121.7,10967.6,37310.3,0.3121
4810.4,34341.0,5415.7,34880.0,0.3121
2978.2,9283.4,3200.0,9750.5,0.3121
7878.7,63160.8,8000.0,63677.6,0.3121
8269.7,25602.7,8640.0,26051.2,0.3120
5484.0,57112.0,5662.9,57589.2,0.3120
12967.3,39110.5,13431.5,39680.0,0.3120
5466.1,48843.0,6076.4,49278.3,0.3119
4160.1,35844.0,4507.3,36380.1,0.3118
976.8,21220.6,1280.0,21440.0,0.3118
12071.3,37338.3,12478.0,37756.7,0.3117
2266.9,22272.7,2876.0,22719.7,0.3116
2880.0,48036.3,3000.6,48502.2,0.3116
2560.9,2965.9,3200.0,3211.8,0.3115
3599.2,11727.3,4159.4,12145.6,0.3115
2240.7,2063.0,2350.4,2238.0,0.3115
14220.1,54300.1,14714.4,54720.0,0.3114
15360.7,26779.1,15983.9,27198.0,0.3113
5435.9,9280.0,5759.8,9913.5,0.3112
3981.8,49788.6,4474.2,50240.0,0.3112
10460.7,50880.0,10867.4,51331.1,0.3112
15364.8,68171.5,15994.6,68509.1,0.3112
2498.2,21196.0,2880.0,21760.0,0.3112
4593.7,2882.6,5117.1,3330.9,0.3111
1048.4,38400.0,1278.3,38757.0,0.3109
14602.0,27209.3,15040.0,27774.8,0.3109
678.3,62723.4,929.5,63012.8,0.3109
11862.0,38081.4,12477.0,38322.8,0.3108
8003.7,31365.0,8544.7,31760.1,0.3107
9921.8,14732.3,10303.0,15270.3,0.3106
769.4,23682.6,1278.8,24089.9,0.3105
1.2,49286.6,259.2,49911.2,0.3105
11910.0,16321.7,12160.0,16543.2,0.3104
15165.0,37214.5,15359.8,37439.3,0.3104
8.1,8960.0,640.0,9055.6,0.3102
6087.7,33488.7,6720.0,33920.0,0.3102
4169.1,24960.2,4800.0,25358.4,0.3101
3225.6,28808.9,3520.0,29379.8,0.3100
7367.4,36176.7,7680.0,36586.3,0.3099
15667.3,26004.5,16000.0,26555.3,0.3099
8656.2,34552.4,9277.8,34865.9,0.3098
825.0,15061.2,1273.3,15359.2,0.3098
9931.5,32207.5,10560.0,32640.0,0.3097
2476.3,60774.1,2559.6,60940.2,0.3097
3200.0,13482.7,3347.1,13758.8,0.3097
7054.0,50279.8,7673.3,50560.0,0.3097
551.2,3728.7,640.0,3924.4,0.3096
8689.3,34563.5,8960.0,34802.9,0.3096
10611.9,46007.1,11191.3,46280.5,0.3096
11840.0,30293.4,12324.9,30720.0,0.3095
2079.5,39681.8,2238.9,39883.7,0.3095
1812.2,53120.0,1919.9,53636.7,0.3095
15756.1,28516.3,16318.6,28911.9,0.3094
16040.0,35101.4,16638.4,35520.0,0.3094
1987.0,19297.2,2558.6,19836.7,0.3094
2582.3,4.1,3200.0,456.0,0.3093
12801.3,52169.4,13292.6,52591.0,0.3092
16532.6,49752.1,16638.3,50211.6,0.3091
6413.6,50259.7,7031.9,50560.0,0.3090
2881.0,60042.4,2976.3,60159.4,0.3089
320.0,64332.3,395.9,64637.6,0.3088
14831.6,57230.1,15039.7,57600.0,0.3088
2610.4,2884.0,2880.0,3356.5,0.3088
4800.0,53622.8,4903.6,54074.6,0.3087
10247.7,1826.9,10876.9,2240.0,0.3087
1926.0,40989.7,2240.0,41592.5,0.3086
10390.8,14720.0,10560.0,15219.7,0.3086
14080.1,18196.7,14478.1,18560.0,0.3084
6652.2,61568.6,6720.0,62010.4,0.3083
14886.9,24322.5,15039.2,24539.0,0.3081
3842.1,38623.9,4190.0,39033.3,0.3081
10590.4,9878.8,11193.7,10240.0,0.3079
15360.7,51629.8,15631.5,52159.6,0.3078
6720.0,41610.5,7131.1,42075.2,0.3078
12480.0,5451.0,12960.9,6073.9,0.3076
3843.4,32970.4,4478.3,33280.0,0.3076
10239.0,34605.5,10559.0,34877.5,0.3075
16996.7,34706.8,17599.3,35196.7,0.3075
6786.2,12482.1,7040.0,13108.5,0.3075
17129.6,48453.3,17567.6,48920.2,0.3075
350.4,47332.5,960.0,47677.5,0.3075
16330.9,33913.5,16959.5,34240.0,0.3074
10562.4,15683.3,11197.7,16140.8,0.3074
3442.6,56962.4,3519.0,57160.2,0.3073
15777.2,35200.0,16316.7,35741.5,0.3073
571.3,31537.9,960.0,32000.0,0.3072
340.0,6845.9,955.7,7360.0,0.3072
15609.5,27523.1,16000.0,27884.8,0.3070
15626.6,15897.4,15959.7,16320.0,0.3070
16970.0,48317.9,17545.3,48603.2,0.3069
13122.4,37444.4,13538.3,37778.0,0.3069
8326.0,15273.3,8793.0,15680.0,0.3068
6633.0,41741.0,6720.0,42237.2,0.3067
14769.9,56369.4,15040.0,56959.3,0.3067
8423.6,34541.8,8638.7,34878.9,0.3066
1358.9,63789.5,1917.8,64318.2,0.3064
660.9,12507.8,1276.4,12928.0,0.3064
4125.7,45760.0,4480.0,46342.5,0.3064
7076.0,47045.4,7679.9,47452.8,0.3064
8320.0,38723.6,8960.0,39060.3,0.3064
15395.4,28622.0,15660.8,28799.0,0.3063
8433.6,41603.9,8639.4,42070.2,0.3062
12247.0,37598.5,12796.8,38076.1,0.3061
8000.0,29338.3,8138.5,29440.0,0.3061
6750.4,30256.7,7040.0,30720.0,0.3060
2899.4,36768.3,3520.0,37120.0,0.3060
2240.0,64000.0,2421.3,64465.3,0.3060
3642.9,58583.3,3725.3,58723.9,0.3059
15690.7,53734.8,16316.4,54080.0,0.3059
2134.8,65920.7,2240.0,66017.4,0.3059
11080.3,48960.9,11200.0,49041.5,0.3057
9052.2,15186.4,9598.3,15652.5,0.3056
15455.1,28803.1,15997.1,29230.9,0.3055
5810.3,1600.5,6394.7,2147.7,0.3054
9346.2,43725.5,9916.2,44157.3,0.3052
2258.5,13313.1,2879.5,13760.0,0.3052
2243.1,46306.6,2449.4,46719.7,0.3052
7078.4,37440.3,7360.0,37617.5,0.3051
14400.0,51539.7,14820.3,51725.5,0.3051
8056.4,17134.9,8634.5,17600.0,0.3049
9920.0,49589.4,10555.9,49919.8,0.3049
11524.1,11536.7,12157.1,11955.4,0.3049
8085.8,24001.7,8497.7,24117.7,0.3048
15258.4,15048.6,15360.0,15285.3,0.3047
17121.3,62401.7,17279.6,62717.1,0.3047
17282.4,40008.2,17588.1,40568.3,0.3047
10880.7,29760.0,11198.1,30206.0,0.3046
8640.0,40640.9,8997.4,40960.0,0.3046
16007.2,11389.4,16634.1,11834.6,0.3046
15040.0,35855.5,15374.5,36037.3,0.3045
13222.3,42690.2,13759.3,43196.2,0.3044
2245.0,64822.1,2596.2,65276.5,0.3043
10561.2,50447.5,10927.8,50879.4,0.3042
16003.1,7680.0,16471.8,7890.9,0.3042
9655.5,38725.7,9919.8,39085.4,0.3042
15716.5,25125.1,16318.4,25593.4,0.3042
16323.8,16429.7,16423.3,16957.2,0.3041
11442.6,51842.4,11840.0,52333.8,0.3040
7428.1,15486.7,7680.0,15986.1,0.3039
2866.2,33280.0,3199.9,33745.2,0.3039
4552.9,34888.7,4799.2,35231.8,0.3038
11857.8,6720.3,12159.9,7291.6,0.3038
7673.0,29441.9,7998.9,29830.6,0.3038
6401.1,29215.9,6919.4,29758.3,0.3037
18024.0,12991.6,18175.7,13421.1,0.3037
620.6,5020.9,959.2,5333.2,0.3035
5764.7,23040.0,6079.1,23666.9,0.3035
13325.1,38080.0,13753.3,38156.3,0.3034
17285.7,29936.2,17915.2,30395.3,0.3032
5442.5,889.5,5655.5,1278.4,0.3031
16746.8,15097.3,16959.3,15623.6,0.3029
9482.0,34816.0,9599.8,35191.2,0.3027
17241.5,47041.9,17392.6,47255.1,0.3027
10654.4,44945.2,11197.9,45437.2,0.3027
17998.0,52204.1,18176.0,52264.4,0.3025
3197.2,29131.3,3520.0,29438.3,0.3025
11520.1,49281.4,11957.1,49451.9,0.3025
5443.8,19106.6,6077.8,19520.0,0.3024
10523.4,45129.0,10880.0,45433.0,0.3023
2405.6,33400.8,2875.6,33918.5,0.3022
6661.4,37438.4,7040.0,37758.1,0.3022
17303.4,31365.0,17920.0,31721.7,0.3021
10884.2,6367.2,11516.7,6720.0,0.3020
14476.3,51841.3,14720.0,51998.1,0.3020
11200.0,16644.5,11339.4,17129.2,0.3019
9763.2,24961.2,9919.9,25512.8,0.3018
1558.8,1324.3,1920.0,1599.9,0.3017
12230.9,43205.4,12784.3,43636.8,0.3017
8167.9,64350.3,8320.0,64960.0,0.3016
2560.0,7041.2,2938.7,7301.6,0.3016
7444.0,29554.8,7999.8,30057.7,0.3016
15385.1,9944.9,15996.5,10409.9,0.3015
16386.6,69120.9,16955.6,69352.8,0.3015
8002.5,15820.8,8416.7,16318.2,0.3015
1339.9,43522.1,1920.0,44152.3,0.3015
7040.6,20804.6,7676.8,21232.0,0.3014
15724.3,23681.3,16319.5,24016.1,0.3014
8538.9,34240.0,8960.0,34683.2,0.3013
4399.8,51949.2,4800.0,52480.0,0.3013
12351.4,44353.2,12800.0,44798.1,0.3012
4160.0,14084.6,4798.6,14365.0,0.3011
15040.0,9533.4,15677.2,9920.0,0.3010
3727.3,31681.9,4158.0,32137.7,0.3009
922.2,11840.9,1280.0,12101.3,0.3009
2002.4,51101.8,2088.7,51327.5,0.3008
961.6,30298.1,1514.0,30720.0,0.3006
3091.9,48323.8,3519.5,48922.9,0.3006
9601.4,49241.4,9923.5,49534.1,0.3004
15694.1,9600.0,16316.3,9954.0,0.3004
10616.6,25284.1,11197.2,25748.3,0.3004
10244.4,6035.6,10878.2,6400.0,0.3003
16320.0,16660.4,16416.3,17269.2,0.3003
3707.7,37445.4,4160.0,37891.8,0.3002
15075.5,38726.6,15360.0,39254.7,0.3001
14532.3,22829.3,15037.1,23356.8,0.3001
5158.1,26461.6,5760.0,26879.1,0.3001
8685.8,5041.8,8960.0,5440.0,0.3001
2886.1,41626.6,3516.4,42068.0,0.3001
641.7,44259.4,939.0,44471.6,0.3001
12558.7,6846.4,13117.2,7344.2,0.3000
10064.9,34011.0,10560.0,34555.4,0.3000
16641.5,24736.0,16933.7,24955.7,0.2999
7347.2,63681.1,7673.9,64186.3,0.2999
16334.4,43858.1,16957.8,44166.4,0.2999
5941.4,33404.5,6080.0,33910.5,0.2999
15440.4,49283.5,15979.9,49599.7,0.2998
10881.4,52614.3,11152.7,52800.0,0.2998
1511.0,7.5,1919.2,328.2,0.2997
7693.9,42167.8,8320.0,42559.8,0.2997
1921.5,11254.8,2240.0,11837.3,0.2997
9209.4,29120.0,9600.0,29511.6,0.2997
14230.0,56033.1,14399.8,56503.8,0.2996
8001.4,29296.2,8639.2,29755.1,0.2996
4807.7,33280.0,5119.9,33777.3,0.2996
17675.1,49819.1,17756.1,49986.9,0.2996
1056.1,16963.8,1597.4,17573.5,0.2994
14483.9,57374.5,15036.9,57920.0,0.2993
2083.2,64592.9,2240.0,64960.0,0.2993
5798.5,5063.0,6399.8,5440.0,0.2992
10240.0,40607.4,10822.4,40934.3,0.2990
2577.3,53163.1,3196.8,53609.2,0.2990
471.4,40397.9,957.9,40960.0,0.2990
3355.3,60076.4,3719.6,60480.0,0.2990
15096.0,56997.7,15360.0,57597.8,0.2989
320.0,67854.4,957.8,68160.0,0.2988
8268.4,37120.0,8640.0,37634.7,0.2987
12225.2,53007.9,12800.0,53440.0,0.2985
12579.7,46894.4,13120.0,47358.6,0.2985
9604.1,20494.9,10221.3,20800.0,0.2985
17370.1,2398.0,17920.0,2876.5,0.2984
15360.0,22994.7,15997.1,23358.9,0.2983
13500.9,29856.9,14075.7,30382.3,0.2983
11084.8,41780.0,11520.0,42235.5,0.2983
4187.1,21764.6,4797.6,22293.2,0.2981
16640.0,26844.7,17279.8,27200.0,0.2981
7555.1,15409.2,8000.0,16000.0,0.2980
4185.2,7364.2,4480.0,7660.1,0.2980
16824.3,34225.6,16960.0,34560.0,0.2979
39.3,33773.8,640.0,34235.7,0.2979
14403.0,10560.0,14833.4,10758.3,0.2978
18040.2,48089.1,18172.9,48541.2,0.2978
2328.6,39773.4,2877.4,40318.3,0.2978
17547.4,17710.1,18176.0,17993.2,0.2978
16640.0,5441.2,17274.3,5760.0,0.2978
10300.5,42880.0,10880.0,43064.7,0.2977
13104.9,38825.7,13439.0,39038.3,0.2976
9455.4,8647.4,9910.6,9168.8,0.2976
1285.5,64640.0,1918.1,65059.1,0.2975
1986.8,13607.7,2557.7,14079.0,0.2974
13341.5,50036.9,13439.7,50238.5,0.2974
4818.9,25280.0,5435.5,25713.1,0.2973
17340.4,25587.5,17919.2,25918.9,0.2973
5440.1,57291.0,5501.6,57467.3,0.2973
16025.3,10003.3,16637.8,10331.7,0.2972
2262.5,64322.3,2439.1,64479.1,0.2971
6723.9,45055.1,7345.6,45406.4,0.2971
13121.7,49920.5,13491.2,50055.6,0.2971
16359.0,23526.2,16956.4,23995.5,0.2970
13512.1,21289.4,14075.3,21758.6,0.2969
13114.3,35988.8,13176.9,36156.2,0.2969
14438.4,26525.1,15038.3,26878.4,0.2968
10244.1,33929.9,10693.8,34471.7,0.2968
4480.0,40259.8,4661.2,40383.1,0.2968
8645.8,11846.9,9210.3,12467.7,0.2966
2242.5,3200.8,2558.9,3578.8,0.2965
16321.3,45254.0,16708.8,45356.6,0.2965
6315.3,7692.4,6719.3,8060.1,0.2963
8640.0,42513.2,9280.0,42880.0,0.2962
9064.0,1509.6,9594.4,1920.0,0.2961
14803.5,23717.5,15355.4,24119.7,0.2961
2265.7,8968.7,2878.4,9393.4,0.2961
2562.7,25461.1,3195.8,25918.1,0.2960
961.7,64887.3,1376.1,65280.0,0.2960
9380.3,23524.2,9916.5,23992.0,0.2960
15834.1,69425.0,16000.0,69760.0,0.2959
10560.0,36908.7,10968.3,37440.0,0.2958
14661.1,641.0,15040.0,1152.3,0.2958
11528.8,52977.8,12157.8,53438.2,0.2957
11844.0,33700.6,11981.1,34240.0,0.2955
678.7,17015.7,1279.0,17600.0,0.2955
17537.6,46125.7,17667.0,46400.0,0.2954
5794.4,13294.0,6400.0,13754.6,0.2954
4698.8,29002.4,4799.4,29096.5,0.2954
13760.0,50171.7,13882.0,50559.0,0.2953
6535.0,37814.7,7036.4,38400.0,0.2953
6584.7,39682.0,6719.7,39992.4,0.2952
14747.7,51795.2,15360.0,52160.0,0.2952
17641.7,4160.0,18173.1,4570.9,0.2952
17549.0,42091.2,18176.0,42557.5,0.2951
8899.9,16880.8,9280.0,17280.0,0.2951
995.8,21442.2,1598.1,21862.7,0.2951
17983.9,28316.8,18175.8,28787.7,0.2950
321.7,9374.2,783.9,9909.9,0.2950
6595.3,6779.8,7038.4,7040.0,0.2949
8321.7,12480.0,8701.1,12747.8,0.2946
6878.3,59846.2,7040.0,60191.7,0.2946
16722.8,13675.5,17265.1,14080.0,0.2946
575.0,46082.1,639.0,46344.4,0.2944
7539.6,37845.1,8000.0,38399.4,0.2944
1602.1,23040.5,2045.7,23239.1,0.2944
4418.3,61893.7,4480.0,62108.9,0.2943
2739.9,1926.9,3200.0,2397.9,0.2943
14111.7,40211.8,14720.0,40637.8,0.2942
5121.4,61156.1,5277.2,61326.1,0.2942
4160.0,210.9,4798.6,640.0,0.2942
15615.9,46916.7,15998.3,47040.0,0.2941
7686.9,44162.9,8318.3,44693.5,0.2940
14196.3,51569.6,14719.8,51728.0,0.2939
11296.5,1499.2,11835.1,1920.0,0.2939
16649.7,47933.2,17277.8,48237.2,0.2938
9509.9,36535.9,9600.0,36798.6,0.2937
11343.7,25985.5,11840.0,26235.6,0.2936
10965.9,30400.0,11198.9,31033.9,0.2936
347.6,36996.4,960.0,37440.0,0.2933
16000.0,16030.5,16177.4,16081.4,0.2932
8977.2,31040.0,9592.5,31277.7,0.2932
11901.7,7872.4,12474.0,8320.0,0.2931
2240.0,45130.8,2397.4,45583.4,0.2930
6402.6,4258.7,6835.7,4524.8,0.2929
9300.3,26397.3,9919.3,26876.4,0.2928
2560.0,62168.8,2691.2,62718.4,0.2927
7877.9,6580.7,8000.0,6962.0,0.2927
8493.6,15044.1,8638.9,15247.9,0.2926
640.0,46027.3,730.9,46388.7,0.2925
1863.3,20616.4,2240.0,21066.6,0.2924
17281.9,11205.7,17758.3,11535.9,0.2923
1964.3,34882.3,2239.0,35253.2,0.2922
6735.7,57225.2,7356.7,57600.0,0.2922
2567.0,22628.4,3195.8,23040.0,0.2922
15040.9,31050.8,15680.0,31358.4,0.2920
16001.5,44800.7,16640.0,45261.1,0.2920
2851.9,30720.0,3200.0,31258.2,0.2920
982.0,22401.5,1280.0,22696.9,0.2920
6768.1,33930.3,7352.0,34403.3,0.2919
11575.6,47040.0,12160.0,47252.2,0.2918
9315.1,9191.4,9916.9,9600.0,0.2917
6092.7,43203.9,6716.5,43670.0,0.2916
1960.3,27204.8,2240.0,27513.4,0.2915
14117.4,28800.0,14400.0,29433.5,0.2914
14749.8,9923.5,15358.4,10421.9,0.2914
11673.4,44339.9,12157.9,44617.2,0.2910
13571.1,729.2,14076.8,1277.6,0.2910
14536.4,25877.2,15027.5,26237.5,0.2909
2344.6,42789.5,2873.0,43200.0,0.2909
16405.3,22780.4,16960.0,23360.0,0.2908
13762.1,43111.5,14091.1,43520.0,0.2908
7382.8,35523.2,7999.6,36031.8,0.2907
15507.6,29251.5,15994.5,29758.8,0.2907
3215.2,18880.3,3519.5,19326.8,0.2907
12917.9,44423.4,13439.2,44800.0,0.2907
321.6,45121.1,416.6,45205.9,0.2905
10667.0,46481.8,10873.0,46613.7,0.2905
7514.5,63113.5,7679.3,63359.1,0.2903
12800.3,18518.1,13434.9,18880.0,0.2903
1.9,17465.2,467.3,17920.0,0.2902
15680.0,49740.8,15789.4,50237.7,0.2901
2696.0,38430.5,3190.1,38720.0,0.2901
12067.4,41372.9,12160.0,41910.7,0.2901
16566.2,40669.2,16639.7,40956.4,0.2900
13863.2,20571.8,14389.0,21120.0,0.2900
9922.1,41287.7,10381.8,41861.5,0.2899
3867.1,22416.9,4479.1,22830.0,0.2899
8083.3,42966.9,8634.8,43520.0,0.2898
67.8,59451.5,640.0,59840.0,0.2898
14400.0,15361.5,14582.3,15523.6,0.2898
6326.5,14081.9,6399.4,14400.0,0.2897
3521.4,8320.0,3791.8,8739.4,0.2896
16000.0,62741.9,16480.1,63351.4,0.2896
6400.3,61760.0,6656.9,61930.4,0.2896
3528.5,21440.0,4157.6,21897.3,0.2896
6622.4,8976.8,7040.0,9507.5,0.2895
11970.0,34759.6,12159.9,35200.0,0.2895
13126.9,3842.3,13440.0,4266.7,0.2894
10880.0,15454.2,11098.6,16000.0,0.2894
7680.0,39761.8,8317.7,39999.2,0.2894
10024.8,50510.2,10553.5,50880.0,0.2894
12982.2,17920.3,13438.1,18166.4,0.2893
11841.4,22896.0,12191.1,23360.0,0.2892
16142.1,1997.7,16319.1,2329.2,0.2892
640.0,40003.5,718.1,40117.7,0.2891
872.9,22193.5,960.0,22521.5,0.2890
1921.8,22630.6,2262.8,23038.9,0.2890
11756.3,31680.0,12160.0,32115.6,0.2890
2098.8,30720.2,2554.6,30982.6,0.2889
15506.4,20001.4,15985.7,20476.0,0.2889
15682.8,51964.2,15872.7,52449.7,0.2887
2240.0,692.4,2348.2,1280.0,0.2887
14265.0,14611.4,14399.3,15035.6,0.2887
7452.1,40165.9,7999.8,40637.1,0.2887
13947.9,49262.5,14378.3,49583.5,0.2886
15810.2,7041.5,16000.0,7367.7,0.2885
4890.3,31244.1,5437.8,31679.8,0.2885
10572.0,46.0,11193.4,443.9,0.2885
5154.7,24005.1,5752.8,24501.7,0.2884
6877.6,45348.0,7039.2,45758.4,0.2884
13029.5,41179.5,13438.8,41599.6,0.2884
8717.2,26090.0,9280.0,26555.3,0.2884
9982.9,17600.0,10560.0,17930.9,0.2884
3520.0,62400.6,3851.8,62623.5,0.2884
2560.2,5856.7,2975.1,6388.2,0.2884
5564.8,55198.1,6074.0,55680.0,0.2883
10252.5,32961.1,10874.4,33450.4,0.2881
6767.7,36698.7,7356.4,37115.8,0.2880
8769.9,8458.6,8960.0,8960.0,0.2880
4569.5,67393.1,5114.1,67840.0,0.2880
15381.8,12017.4,15995.2,12477.3,0.2878
14724.5,41286.6,15040.0,41868.4,0.2877
16354.7,51850.9,16640.0,52480.0,0.2876
17695.8,42561.0,17920.0,42860.8,0.2875
3840.0,43970.3,3980.4,44160.0,0.2875
6431.3,57248.0,7036.2,57600.0,0.2873
13441.0,19523.6,14072.1,19838.6,0.2872
17342.5,29626.9,17916.8,30080.0,0.2872
8244.4,39919.3,8319.9,40320.0,0.2871
8229.2,23686.5,8593.0,23922.2,0.2870
4499.2,3324.7,4704.5,3839.0,0.2870
5491.5,57627.5,5559.3,57918.3,0.2869
1437.7,47040.3,1599.7,47265.5,0.2868
15366.1,25065.9,15778.4,25526.9,0.2868
13639.9,21944.0,13760.0,22397.0,0.2867
6625.3,28160.0,7040.0,28607.2,0.2867
12311.0,38086.8,12796.7,38525.4,0.2866
17537.6,27844.5,17746.1,28237.1,0.2866
7360.0,31369.3,7751.9,31884.5,0.2866
10934.0,29330.2,11514.6,29760.0,0.2865
5764.3,45990.2,6396.6,46400.0,0.2865
11573.1,5905.1,12157.5,6396.8,0.2865
11370.7,6590.1,11840.0,7040.0,0.2864
3742.5,64963.4,3840.0,65396.2,0.2861
1601.2,9383.3,1945.0,9580.4,0.2861
4423.6,1603.2,4800.0,2074.0,0.2861
13760.0,29371.4,13955.6,29743.7,0.2861
11916.6,12617.4,12477.2,12992.9,0.2860
13385.4,54215.0,13760.0,54720.0,0.2859
2367.5,55046.9,2680.3,55410.1,0.2858
16749.9,9281.4,17278.6,9716.8,0.2857
14884.9,32000.0,15040.0,32521.8,0.2857
6397.1,1600.0,6719.9,2114.8,0.2857
5659.8,17834.6,6077.4,18240.0,0.2857
3339.4,21655.2,3520.0,22076.5,0.2856
11579.7,39684.8,12156.8,40190.2,0.2855
8551.0,979.5,8960.0,1594.7,0.2855
10419.6,46437.2,10560.0,46612.7,0.2855
5882.9,7363.4,6400.0,7853.7,0.2854
11851.6,39242.2,12477.3,39680.0,0.2854
16952.8,26415.5,17034.3,26727.4,0.2854
3167.2,41795.7,3519.2,42240.0,0.2854
10593.3,15362.3,11186.2,15501.7,0.2853
505.3,3225.8,640.0,3836.8,0.2853
3214.4,7040.6,3772.1,7201.2,0.2852
1653.6,41408.1,2237.9,41920.0,0.2852
9934.4,17725.7,10240.0,18240.0,0.2851
8233.9,6483.8,8640.0,7040.0,0.2851
10562.9,32463.0,11190.0,32959.3,0.2851
2468.0,4801.1,2560.0,4902.4,0.2850
2928.9,67283.7,3516.2,67829.8,0.2850
4481.8,1365.2,4618.8,1598.8,0.2849
321.5,48000.0,959.5,48367.0,0.2846
5525.9,63341.3,5643.7,63423.6,0.2844
16737.6,45440.0,16960.0,45483.7,0.2844
7543.6,26293.3,7999.6,26560.0,0.2844
14376.4,45138.8,14720.0,45396.4,0.2844
10888.5,1604.5,11518.3,2071.4,0.2842
2920.3,46733.5,3517.1,47157.6,0.2841
17538.2,50161.0,17643.2,50359.8,0.2841
874.6,29037.2,960.0,29438.5,0.2839
8402.1,30089.3,8628.7,30539.1,0.2838
6419.8,2250.9,7034.7,2730.1,0.2838
2431.1,47195.0,2559.3,47630.4,0.2838
14317.5,20549.1,14720.0,21057.9,0.2837
321.1,38400.4,546.7,38475.5,0.2837
17555.0,39990.9,18176.0,40320.0,0.2837
917.7,40213.7,1270.4,40320.0,0.2836
4101.1,1.4,4480.0,523.0,0.2835
11659.7,23958.1,12137.5,24320.0,0.2835
11840.0,30723.4,12480.0,31051.3,0.2834
10035.0,23570.6,10560.0,24000.0,0.2834
2075.5,644.6,2547.7,1253.5,0.2833
9600.0,23360.0,10232.8,23628.6,0.2833
9354.3,49929.9,9599.1,50239.3,0.2833
10254.2,46442.7,10734.9,46646.6,0.2831
8318.8,18247.4,8640.0,18628.6,0.2830
16401.1,48160.7,16638.2,48313.6,0.2830
2881.8,11542.0,3265.0,11966.2,0.2829
10412.9,24000.0,10879.1,24561.0,0.2829
6501.4,4485.1,6571.5,4800.0,0.2829
2434.5,43202.3,2880.0,43702.8,0.2829
15365.1,44550.8,15529.4,45120.0,0.2828
13440.8,37444.5,13925.6,37696.5,0.2827
3047.1,6938.1,3200.0,7350.6,0.2827
1920.7,52366.1,2299.1,52480.0,0.2827
864.9,57564.6,959.3,57805.0,0.2827
10882.5,32960.0,11519.6,33204.5,0.2827
10576.7,38660.4,11200.0,39040.0,0.2826
10241.3,52279.5,10381.2,52480.0,0.2826
3096.7,32000.7,3518.0,32264.7,0.2825
1055.3,20481.8,1277.6,20597.7,0.2824
4160.8,4192.1,4486.7,4477.3,0.2823
6166.5,44308.7,6719.9,44800.0,0.2823
13777.6,8876.9,14385.2,9280.0,0.2823
744.9,22324.5,1278.8,22673.4,0.2822
10571.2,14417.8,11197.9,14720.0,0.2821
15127.2,34411.6,15359.5,34879.2,0.2821
7774.4,39364.5,8320.0,39891.0,0.2819
2685.5,32823.0,3197.1,33277.7,0.2819
17671.5,52216.4,18175.7,52480.0,0.2819
11622.7,17156.0,12144.2,17432.2,0.2819
14400.0,42394.8,14647.0,42876.5,0.2817
9565.6,18995.2,9918.6,19519.6,0.2817
406.3,34023.6,639.5,34551.5,0.2815
7837.3,7041.1,8297.2,7247.5,0.2815
11840.0,24115.7,12343.2,24640.0,0.2813
13438.2,2563.3,13760.0,3187.0,0.2812
15629.4,640.0,16000.0,1108.6,0.2812
355.5,23518.8,956.8,23998.2,0.2810
9650.3,4131.5,10240.0,4480.0,0.2808
385.4,27842.2,640.0,28195.6,0.2808
3906.1,46410.4,4473.5,46772.8,0.2808
3426.3,2620.6,3518.6,2879.1,0.2806
13455.0,37208.6,14058.3,37753.3,0.2806
11200.1,26452.7,11664.0,26880.0,0.2806
5517.5,65623.2,5596.3,65792.4,0.2804
2665.1,20801.2,3098.6,20980.3,0.2804
1355.8,26346.2,1919.5,26880.0,0.2804
13451.9,55043.8,13759.5,55462.1,0.2803
82.3,35112.1,638.7,35520.0,0.2803
2880.0,52479.4,2953.2,52798.8,0.2802
11245.7,19075.3,11837.1,19513.9,0.2802
4586.3,44972.8,5112.7,45440.0,0.2801
2142.0,59448.0,2236.5,59840.0,0.2801
5123.3,24438.8,5493.8,24960.0,0.2801
3840.0,18886.3,4473.6,19355.4,0.2800
6082.5,4753.9,6334.4,4852.5,0.2799
4483.9,21944.5,5120.0,22400.0,0.2799
12480.0,20501.8,13120.0,20867.1,0.2799
6869.4,11520.2,7039.0,11666.1,0.2798
15391.5,3414.6,15998.5,3840.0,0.2798
4551.5,42080.5,5108.6,42500.4,0.2796
15040.0,16000.0,15667.2,16253.1,0.2796
16782.4,37786.3,16959.9,38084.9,0.2796
2326.8,992.0,2864.1,1401.3,0.2795
13925.7,55577.3,14395.1,55999.5,0.2795
2880.9,44762.5,3165.9,44920.3,0.2793
16641.1,38725.4,17021.5,39001.5,0.2793
4931.5,63152.4,5439.6,63359.4,0.2792
17173.3,35520.0,17279.6,35662.9,0.2791
1933.9,29120.6,2212.4,29250.8,0.2791
3500.0,64966.5,3833.0,65423.7,0.2791
16000.0,27699.1,16640.0,28153.7,0.2791
640.0,32007.3,1278.8,32320.0,0.2791
4161.2,38974.6,4797.0,39358.1,0.2789
9589.6,54085.7,9919.5,54494.9,0.2788
12164.1,32651.1,12682.8,33166.2,0.2787
4756.4,3657.3,4834.2,3840.0,0.2786
6080.1,6015.8,6716.8,6400.0,0.2786
320.2,25867.2,957.3,26240.0,0.2786
17826.1,48836.0,17920.0,49277.6,0.2784
12597.1,32640.0,12799.7,33186.3,0.2783
10517.0,41920.0,10880.0,42432.0,0.2782
3565.5,14540.3,3837.7,15039.5,0.2782
4565.7,38080.0,5117.2,38601.5,0.2781
3045.5,7361.4,3199.1,7496.4,0.2780
13804.1,29453.6,14389.1,29760.0,0.2780
4160.1,15377.2,4498.7,15676.9,0.2779
14321.7,44808.4,14720.0,45313.1,0.2779
9202.2,41864.3,9280.0,42240.0,0.2777
5441.7,8982.9,6078.9,9336.3,0.2777
4485.6,2750.3,5118.2,3193.3,0.2776
3504.3,16640.0,3837.3,16791.6,0.2776
16414.7,26881.4,16639.9,27056.1,0.2775
17280.0,48922.6,17468.9,48960.0,0.2774
3327.3,14008.8,3840.0,14400.0,0.2773
9336.8,24320.0,9600.0,24762.8,0.2773
18074.2,51520.0,18143.3,51675.4,0.2773
12388.3,31138.3,12479.6,31446.6,0.2773
3523.0,3777.9,3643.3,3946.6,0.2773
5074.9,43846.5,5439.7,44105.1,0.2769
11843.0,17283.8,12076.4,17411.1,0.2768
5107.4,45504.1,5438.8,46080.0,0.2767
3841.1,55233.1,3996.2,55359.0,0.2767
6022.0,10356.9,6400.0,10880.0,0.2766
69.4,42880.0,632.2,43353.9,0.2764
7530.1,27629.5,7679.8,28158.2,0.2762
13467.4,11076.0,14078.7,11518.1,0.2761
688.0,13760.0,1274.5,13909.2,0.2761
8512.4,6520.6,8638.4,6719.8,0.2760
12091.9,37441.8,12476.4,37648.6,0.2757
1600.0,5957.8,2142.5,6400.0,0.2757
17148.5,38804.6,17280.0,38977.0,0.2757
14515.8,3002.3,15029.5,3517.1,0.2757
1601.5,53319.0,1801.9,53493.2,0.2757
1203.5,5440.7,1600.0,5641.3,0.2756
3472.0,38082.2,3840.0,38602.0,0.2756
12403.1,37128.9,12797.5,37408.6,0.2755
17357.7,68664.6,17917.0,69114.8,0.2755
3527.8,36667.1,3840.0,37120.0,0.2754
3840.0,15025.1,4474.3,15355.8,0.2754
9920.0,48077.8,10438.1,48638.2,0.2754
17151.8,16160.0,17279.1,16214.5,0.2754
17050.0,33989.0,17278.7,34478.2,0.2753
780.4,59840.6,959.7,59958.1,0.2752
13170.0,30419.2,13757.5,30892.5,0.2752
10560.0,28807.5,11005.2,29118.3,0.2752
15491.6,50561.3,15995.1,50715.0,0.2752
4426.8,26024.4,4800.0,26560.0,0.2750
11309.6,30721.7,11519.9,30903.8,0.2750
5023.4,40986.6,5120.0,41455.6,0.2749
2953.6,14088.0,3035.6,14502.8,0.2749
9550.2,13760.0,9918.6,14222.0,0.2748
1203.2,18949.1,1279.1,19198.2,0.2747
4480.2,4179.3,4932.7,4613.1,0.2747
4160.4,57920.2,4390.8,58139.8,0.2747
11840.0,16960.8,12012.2,17138.9,0.2747
9306.7,7536.4,9920.0,8000.0,0.2746
4567.6,3840.7,4713.1,4023.9,0.2746
533.0,31364.8,639.8,31575.4,0.2745
4623.1,1296.4,5120.0,1628.4,0.2745
8344.6,37900.7,8956.8,38398.0,0.2745
6402.3,60387.9,6570.8,60797.9,0.2745
6720.0,25600.9,6882.6,25777.3,0.2744
9920.0,46961.2,10369.6,47360.0,0.2743
16644.2,36800.8,17092.8,37179.0,0.2742
3597.0,31488.8,4155.3,32000.0,0.2742
9741.7,34886.4,10240.0,35373.5,0.2741
14946.4,13179.2,15039.9,13755.2,0.2740
14889.3,22744.0,15356.5,23134.9,0.2740
4571.3,52070.2,5116.4,52480.0,0.2740
13120.0,16897.5,13624.8,17269.6,0.2739
8060.7,38084.3,8319.6,38300.7,0.2738
4219.0,4805.4,4799.0,5232.9,0.2738
5826.0,30082.7,6080.0,30327.0,0.2738
9036.0,10884.5,9279.9,11470.5,0.2738
9342.3,9601.0,9600.0,9819.4,0.2737
11435.1,52308.6,11840.0,52797.6,0.2736
14919.9,320.0,15360.0,793.0,0.2734
7041.3,14320.0,7320.7,14720.0,0.2734
5928.0,3840.0,6080.0,4384.8,0.2734
10901.7,27093.2,11517.3,27520.0,0.2734
3173.2,52173.8,3515.9,52587.3,0.2733
6835.7,41046.2,7039.6,41594.5,0.2733
15041.7,49227.3,15297.6,49598.3,0.2731
4480.0,28962.8,4956.8,29438.1,0.2731
8349.8,39024.6,8960.0,39360.0,0.2731
10126.5,39366.8,10560.0,39967.1,0.2729
2102.8,39221.9,2554.2,39680.0,0.2728
15440.9,25610.4,15679.8,25923.9,0.2728
1328.0,42329.7,1600.0,42880.0,0.2727
1920.2,51104.8,2092.2,51336.8,0.2727
3237.1,41623.0,3833.9,42112.4,0.2727
7643.2,40975.2,7997.5,41392.3,0.2726
8641.4,22465.1,8701.0,22775.7,0.2725
10560.0,17490.4,11118.1,17918.1,0.2724
17542.4,47680.0,18005.4,47773.9,0.2723
8020.8,36320.7,8637.8,36798.7,0.2722
13646.8,22449.2,14075.8,22849.1,0.2721
9145.0,42379.7,9596.6,42880.0,0.2721
14082.2,48184.0,14280.9,48640.0,0.2720
17287.2,5009.2,17916.5,5437.5,0.2720
3201.3,63355.7,3657.7,63679.3,0.2719
5051.3,4715.0,5167.1,5120.0,0.2719
9280.0,27678.1,9657.0,28158.6,0.2718
10563.1,29458.8,10931.0,29760.0,0.2718
1076.6,11334.9,1595.2,11832.1,0.2717
14170.6,7266.7,14720.0,7680.0,0.2716
17435.7,13440.3,17597.8,13659.5,0.2716
1613.0,22042.2,2239.6,22400.0,0.2716
8647.8,323.8,8960.0,794.9,0.2715
13575.4,13971.2,13759.8,14400.0,0.2713
5149.3,48203.8,5759.3,48640.0,0.2710
8337.7,45310.2,8942.7,45758.0,0.2710
5787.1,32645.5,6080.0,32958.7,0.2709
8991.6,22582.3,9055.4,22865.9,0.2707
7830.2,22185.6,8316.5,22717.7,0.2707
16640.0,31402.7,17165.9,31802.1,0.2706
16207.5,49926.2,16325.9,50107.8,0.2706
323.4,32000.0,958.8,32282.6,0.2706
5344.8,34560.0,5440.0,34729.4,0.2706
3248.4,31861.4,3839.4,32317.5,0.2706
6119.0,35192.6,6720.0,35520.0,0.2705
17280.5,12080.6,17671.4,12478.2,0.2704
12490.9,19850.4,13115.0,20122.3,0.2704
12884.5,30766.8,13118.2,31038.8,0.2703
6444.9,28165.6,6720.0,28581.6,0.2703
2240.7,23512.3,2610.7,23996.9,0.2701
7680.7,6090.2,8026.4,6372.2,0.2701
15941.8,60804.3,16320.0,61048.7,0.2701
7710.3,49213.4,8318.6,49600.0,0.2700
14957.9,21882.3,15360.0,22400.0,0.2699
8814.9,8847.4,9185.9,9272.1,0.2698
9763.5,35840.4,9920.0,35942.1,0.2697
6723.6,14736.0,6876.5,15321.0,0.2693
6847.0,7246.4,7359.4,7675.2,0.2692
12847.6,22092.7,13439.5,22601.2,0.2692
15040.0,18431.4,15151.8,18870.8,0.2692
16616.6,25600.7,16959.4,26121.9,0.2691
16640.0,47671.3,16709.4,47829.0,0.2691
5977.0,39374.1,6079.5,39951.2,0.2690
2992.6,8967.6,3520.0,9432.0,0.2689
1537.7,26166.1,1920.0,26560.0,0.2689
10985.9,18819.8,11519.1,19198.9,0.2689
12176.6,54628.6,12796.4,55040.0,0.2687
16320.2,50604.5,16439.3,50660.8,0.2686
3057.3,42640.7,3409.6,42876.5,0.2685
9021.1,34449.9,9280.0,34880.0,0.2685
15361.4,43200.0,15709.1,43610.4,0.2683
4167.4,19092.6,4797.7,19520.0,0.2683
10607.6,49424.3,11198.0,49917.9,0.2683
17068.4,26248.9,17599.0,26620.8,0.2683
3450.4,1939.5,3840.0,2342.1,0.2683
11844.2,53445.5,12281.9,53758.0,0.2682
9927.7,19678.1,10222.7,20160.0,0.2682
6631.5,22530.2,7038.2,22702.6,0.2682
15366.3,658.0,15739.8,1266.6,0.2682
2563.0,32210.6,3200.0,32640.0,0.2681
7240.3,16170.7,7421.5,16318.1,0.2680
6080.0,46400.6,6718.9,46693.2,0.2679
7017.3,5790.2,7163.6,6078.6,0.2679
11674.3,48325.5,11839.4,48591.6,0.2678
15070.1,53638.4,15675.4,54078.5,0.2678
1943.4,27390.9,2557.1,27840.0,0.2676
5212.7,37457.1,5754.2,37884.4,0.2676
16409.4,50763.3,16953.0,51124.2,0.2675
17282.7,22400.0,17865.9,22632.1,0.2675
13207.8,34240.0,13749.7,34655.2,0.2675
2605.1,37123.4,3190.2,37600.5,0.2674
1921.4,10241.3,2018.4,10404.2,0.2674
7719.7,51397.2,8288.8,51840.0,0.2674
14766.5,5324.6,15360.0,5760.0,0.2674
16003.7,30710.1,16639.0,31040.0,0.2673
11692.5,26633.6,11953.6,26679.6,0.2673
3840.0,10880.4,4151.0,11107.7,0.2673
1600.0,48962.0,1788.5,49496.9,0.2673
12489.9,28487.0,13120.0,28905.0,0.2672
7680.0,63360.2,7790.4,63625.6,0.2671
16400.3,42115.4,16959.1,42549.9,0.2671
15449.8,67719.9,15983.8,68160.0,0.2669
10975.3,18076.5,11520.0,18558.1,0.2668
2103.3,56774.7,2239.4,57271.6,0.2667
6831.3,29602.1,7359.8,30070.0,0.2667
16552.8,40321.5,16640.0,40470.1,0.2666
5036.9,66624.5,5117.5,66776.6,0.2666
13846.0,10636.8,14397.4,11192.8,0.2666
11863.8,1773.0,12478.7,2220.6,0.2663
13772.3,43371.1,14396.9,43840.0,0.2663
11200.0,26743.6,11764.4,27194.4,0.2663
7040.8,64320.1,7349.8,64576.4,0.2663
11620.2,35550.9,12155.0,35989.4,0.2662
3570.6,41280.0,3839.6,41893.3,0.2662
2088.9,64128.3,2465.9,64633.1,0.2662
13270.6,24728.3,13440.0,25279.0,0.2661
11246.8,36457.2,11840.0,36799.8,0.2661
2882.9,484.4,3520.0,782.0,0.2660
10768.9,26571.3,10880.0,26880.0,0.2659
8954.5,25600.0,9280.0,26099.7,0.2659
16642.4,17920.0,17279.4,18029.5,0.2659
8591.0,23040.9,8960.0,23461.5,0.2657
9690.3,35840.5,10239.6,36324.9,0.2657
8413.8,8321.1,8640.0,8506.2,0.2656
14720.0,41600.0,14795.5,41766.2,0.2656
1342.2,25734.8,1600.0,26237.7,0.2656
16372.9,16964.7,16508.2,17250.7,0.2655
326.4,27210.9,956.1,27650.6,0.2655
6087.6,60077.2,6505.3,60480.0,0.2655
9280.0,38928.7,9831.5,39360.0,0.2655
5120.0,2693.3,5246.4,3003.5,0.2655
16000.2,29168.1,16220.9,29423.6,0.2654
13218.2,38722.3,13756.1,39280.5,0.2654
2568.9,66253.8,3190.2,66719.0,0.2653
17817.2,24803.4,17919.3,25269.4,0.2653
13878.5,35528.8,14396.6,35936.2,0.2653
1037.4,20702.9,1598.6,21120.0,0.2652
3660.7,35646.3,4160.0,36138.2,0.2652
5770.6,18454.1,6397.0,18880.0,0.2652
1848.4,9094.8,1920.0,9280.0,0.2651
13589.5,42166.2,13759.0,42240.0,0.2650
3982.8,44299.0,4160.0,44479.6,0.2649
1357.2,5880.6,1600.0,6398.7,0.2648
5154.2,6976.6,5760.0,7360.0,0.2648
7103.0,44165.4,7359.6,44558.4,0.2647
12602.7,17280.0,13113.3,17727.4,0.2645
17044.2,28635.6,17278.1,28800.0,0.2645
11840.0,51842.9,12473.7,52158.1,0.2644
1602.9,29647.3,1808.8,30080.0,0.2644
7680.0,5112.9,8195.6,5440.0,0.2644
3521.4,47433.4,3789.2,47674.1,0.2643
5120.1,34267.4,5588.2,34560.0,0.2642
10562.1,22055.7,10678.3,22398.9,0.2642
17354.1,19744.9,17546.6,20160.0,0.2641
15364.4,29760.2,15807.5,29989.0,0.2641
8828.6,39209.6,9277.2,39517.3,0.2640
16385.5,48982.5,16516.2,49247.6,0.2640
8107.6,34969.4,8640.0,35520.0,0.2640
11867.2,31361.7,12478.3,31874.1,0.2639
7775.2,20379.5,8316.0,20798.4,0.2638
16812.9,15971.4,16910.9,16273.3,0.2638
5781.2,30720.0,6078.7,31356.4,0.2638
15331.1,25920.0,15680.0,26552.9,0.2638
16636.6,18241.2,16959.2,18423.9,0.2637
12218.1,19289.7,12476.5,19840.0,0.2637
1600.0,51431.4,1756.6,51509.7,0.2637
3223.5,31360.0,3519.4,31795.2,0.2636
1169.4,16083.1,1600.0,16640.0,0.2636
3200.2,6720.0,3746.2,6952.3,0.2635
10560.0,40258.0,11076.9,40637.9,0.2632
8850.9,41609.3,9280.0,41997.3,0.2631
8698.0,24643.1,9277.8,25137.0,0.2631
1000.5,3080.3,1598.4,3517.5,0.2629
3201.5,52515.0,3284.9,52721.8,0.2628
14798.3,20484.4,15359.0,20980.6,0.2628
17077.3,48962.3,17280.0,49105.1,0.2627
5455.7,56960.0,5622.0,57334.0,0.2626
5777.5,31754.1,6080.0,32077.6,0.2626
14159.1,69654.9,14716.0,69888.0,0.2625
15781.7,13955.0,16302.9,14399.4,0.2625
9310.2,32645.6,9600.0,32993.8,0.2625
5308.3,5444.6,5440.0,5798.7,0.2624
582.8,25098.2,960.0,25600.0,0.2623
7498.9,43765.9,7679.7,44156.0,0.2622
11209.5,27202.4,11838.3,27394.0,0.2622
3840.0,59960.8,3916.2,60248.1,0.2621
2947.7,55170.3,3198.2,55357.9,0.2620
15365.6,16876.0,15996.8,17280.0,0.2620
16862.6,33039.7,16960.0,33449.8,0.2619
17297.8,32327.9,17918.2,32790.6,0.2619
4056.1,52974.2,4160.0,53120.0,0.2618
13852.9,25370.5,14079.7,25906.8,0.2616
16991.2,33781.3,17600.0,34239.5,0.2615
9280.0,1264.0,9918.1,1600.0,0.2613
3835.0,49610.8,4160.0,49968.0,0.2612
5601.3,33603.6,6076.4,34021.1,0.2612
12162.5,49602.0,12412.2,50234.9,0.2611
10560.7,23299.2,11199.4,23680.0,0.2611
4674.8,4549.1,5033.4,4757.5,0.2611
11417.7,42258.2,11519.3,42525.7,0.2611
13863.4,44477.2,14398.4,44799.7,0.2611
1715.3,57778.7,2234.9,58239.9,0.2607
13185.2,6863.5,13754.4,7346.0,0.2606
8409.1,7044.1,8956.6,7489.1,0.2605
9663.7,15680.0,9919.7,16317.5,0.2605
2961.1,9921.5,3199.5,10057.8,0.2602
9735.9,36028.5,10240.0,36480.0,0.2602
4173.1,24625.8,4795.9,24960.0,0.2601
2667.0,55045.1,3197.3,55633.5,0.2601
10984.4,8823.4,11516.5,9272.9,0.2600
8647.0,15043.9,9278.2,15360.0,0.2599
17322.5,26947.4,17599.6,27200.0,0.2599
3965.1,52071.3,4078.6,52474.0,0.2599
16715.1,43204.7,17279.0,43569.4,0.2598
8950.7,10588.4,9280.0,11195.6,0.2597
13441.1,47721.6,13841.6,47974.0,0.2597
15401.4,48961.5,15524.4,49141.3,0.2596
2880.0,58983.3,2937.7,59200.0,0.2595
7044.4,24551.5,7680.0,24960.0,0.2595
14757.0,32320.0,15358.4,32579.9,0.2594
8358.9,18158.9,8956.5,18489.0,0.2594
11300.2,39221.7,11518.5,39638.6,0.2594
11520.0,23040.0,12147.5,23260.5,0.2594
1513.8,44481.7,1600.0,44729.2,0.2590
10776.7,22085.8,11198.1,22376.3,0.2590
13120.0,54139.3,13316.4,54400.0,0.2590
16320.0,35854.7,16771.2,36209.0,0.2589
14958.7,24640.0,15039.2,24795.5,0.2588
9221.7,48360.5,9600.0,48957.8,0.2588
15112.5,12910.6,15676.2,13437.3,0.2588
4161.2,38341.0,4469.3,38720.0,0.2588
13519.4,4480.0,14076.4,4903.7,0.2587
2561.0,26025.9,2950.2,26351.1,0.2586
9921.4,31681.9,10424.2,32088.2,0.2586
15360.0,36459.7,15873.7,36797.4,0.2586
15360.0,49600.2,15797.1,49711.9,0.2585
5631.9,17167.1,6076.9,17598.8,0.2584
14720.0,41280.7,14824.5,41346.4,0.2583
11159.1,30729.7,11520.0,31231.6,0.2583
1920.0,53440.0,1987.5,53932.9,0.2583
9550.1,35643.3,9920.0,36158.1,0.2582
13166.6,39877.0,13760.0,40320.0,0.2581
4161.6,58880.8,4385.0,58963.9,0.2580
13385.1,31772.4,13760.0,32320.0,0.2580
5440.0,38084.5,5932.5,38710.2,0.2579
1601.1,24322.9,1688.6,24514.3,0.2579
1280.1,27554.9,1916.7,28010.8,0.2579
10885.8,2764.6,11519.0,3197.5,0.2577
11287.4,49137.2,11838.6,49556.9,0.2576
1509.2,27862.6,1920.0,28294.3,0.2575
105.0,22129.1,638.6,22719.4,0.2574
5130.7,1204.9,5756.3,1600.0,0.2574
12230.0,52936.7,12567.1,53120.0,0.2573
8243.6,7040.0,8319.5,7198.1,0.2572
9922.7,40032.7,10106.9,40320.0,0.2572
3520.0,43724.5,3685.0,43838.8,0.2571
17431.2,2509.1,17597.7,2560.0,0.2571
3028.6,20480.0,3200.0,21035.7,0.2571
17332.2,13784.3,17547.5,14179.9,0.2570
7599.3,63515.0,7679.9,64000.0,0.2569
414.5,18560.0,638.7,18964.1,0.2569
11559.5,45125.0,12157.4,45585.5,0.2569
1920.2,47023.4,2138.9,47334.7,0.2568
15250.7,48640.7,15360.0,49047.1,0.2567
15688.8,52480.0,16318.3,52912.1,0.2567
3541.3,25197.3,4160.0,25600.0,0.2567
8952.7,41299.5,9280.0,41698.2,0.2566
10243.9,22400.0,10701.2,22847.6,0.2565
7059.0,24000.0,7680.0,24453.4,0.2565
17280.0,45239.9,17918.3,45393.9,0.2565
12064.5,320.0,12476.7,604.7,0.2564
12234.5,31309.8,12796.7,31680.0,0.2563
1011.3,51894.5,1597.9,52160.0,0.2563
10149.2,14127.6,10240.0,14399.0,0.2561
4863.0,21850.0,5119.4,22400.0,0.2560
7726.8,34150.0,8320.0,34560.0,0.2559
14135.1,52166.1,14716.1,52672.9,0.2559
3684.8,31042.4,3839.9,31219.6,0.2558
17627.5,63233.9,18169.5,63680.0,0.2558
3842.6,46478.5,4315.2,47040.0,0.2557
11263.7,50365.2,11839.5,50553.5,0.2556
6834.9,49885.4,7346.4,50240.0,0.2556
6208.0,60309.5,6399.5,60791.0,0.2555
16478.2,33920.6,16638.8,34122.7,0.2555
5862.9,47688.0,6395.9,48162.6,0.2554
4544.9,36445.8,4799.8,36794.6,0.2553
4755.7,3520.0,4832.1,3996.6,0.2553
292.4,642.5,638.8,1139.2,0.2553
6292.6,47681.4,6720.0,48185.4,0.2551
3520.2,34240.0,3620.3,34318.2,0.2548
13760.0,26562.3,14255.7,27193.2,0.2547
962.3,68480.2,1352.8,68914.0,0.2547
4603.8,52612.4,5120.0,53120.0,0.2547
11535.1,9511.1,12157.3,9920.0,0.2545
8217.9,7360.2,8320.0,7443.7,0.2545
3352.9,9034.9,3519.6,9461.0,0.2544
11262.8,18259.4,11704.9,18560.0,0.2543
10442.8,20483.9,10878.4,21115.2,0.2543
14161.3,36937.8,14720.0,37438.7,0.2542
1468.7,65920.3,1598.5,66004.4,0.2542
8320.0,46739.7,8630.7,46979.6,0.2541
1469.3,41161.2,1546.7,41595.3,0.2540
4800.9,57922.1,4928.7,58121.7,0.2539
4409.0,33218.6,4795.2,33474.7,0.2539
14484.7,1926.0,15034.9,2247.2,0.2538
13637.8,48960.0,14077.9,49301.5,0.2537
7042.0,23577.9,7574.0,24000.0,0.2536
3251.2,21440.8,3835.9,21840.1,0.2536
6082.9,3824.4,6222.1,4146.8,0.2536
1171.8,5196.3,1598.5,5755.3,0.2535
1122.2,18647.4,1280.0,18880.0,0.2535
7009.8,31694.0,7360.0,32241.1,0.2535
6105.4,21760.0,6400.0,22244.7,0.2535
16815.6,46623.9,16955.6,46719.0,0.2535
1116.7,42926.7,1280.0,43488.1,0.2534
1280.0,54082.0,1644.9,54646.0,0.2533
6444.9,5251.9,6719.9,5440.0,0.2532
5441.9,62782.3,5588.1,63024.9,0.2532
4800.9,66880.4,5011.7,67015.3,0.2530
2000.1,32742.1,2560.0,33278.5,0.2529
12831.0,5760.0,13439.0,6209.0,0.2529
9282.7,23040.0,9631.8,23488.3,0.2529
14400.0,30495.7,14835.6,30718.2,0.2527
4870.1,5568.3,5116.0,5759.6,0.2527
17917.0,52161.3,18175.6,52263.7,0.2527
7049.0,32547.9,7678.7,32960.0,0.2526
8960.0,31913.9,9374.3,32320.0,0.2525
17083.8,16865.9,17267.6,16963.7,0.2524
2570.7,45638.9,3199.1,45927.5,0.2524
5772.2,28048.6,6400.0,28480.0,0.2524
16468.8,63145.8,16639.3,63360.0,0.2523
15073.9,29178.5,15673.6,29439.5,0.2523
8144.2,42565.0,8640.0,43063.6,0.2523
13909.2,38436.2,14079.0,38712.0,0.2523
11902.2,27054.5,12475.9,27515.9,0.2523
13122.7,47686.8,13758.6,47998.8,0.2521
9002.8,34560.0,9279.6,35199.9,0.2521
2464.8,29608.3,2880.0,30077.7,0.2518
17016.4,44746.8,17280.0,45119.7,0.2517
7757.7,2408.8,8316.2,2877.6,0.2517
17715.3,27200.0,17919.1,27555.6,0.2517
2484.5,43842.2,2869.8,44040.8,0.2514
16254.6,38169.1,16616.2,38429.4,0.2513
5778.6,49842.5,6394.4,50240.0,0.2513
826.1,12026.5,1280.0,12474.1,0.2513
8363.7,65505.5,8956.4,65919.0,0.2513
1772.3,64732.2,1918.7,65276.9,0.2512
4493.8,6316.8,5117.9,6720.0,0.2511
5503.8,36482.0,6076.4,36908.5,0.2511
3272.7,51943.6,3516.5,52160.0,0.2510
4918.5,25084.0,5439.6,25596.0,0.2509
1019.7,25511.4,1600.0,25920.0,0.2509
8427.7,5585.8,8949.2,6072.1,0.2507
12628.0,19204.9,12799.8,19496.3,0.2506
9339.2,9350.8,9599.7,9914.5,0.2506
6080.0,19175.8,6717.6,19520.0,0.2504
5440.4,64598.7,5775.6,64957.9,0.2504
16342.8,38380.7,16959.2,38720.0,0.2503
6336.7,13657.4,6720.0,14080.0,0.2503
14415.0,50624.6,15039.7,50878.5,0.2503
13388.1,49920.0,13760.0,50410.6,0.2503
607.0,37915.0,686.6,38080.0,0.2502
6729.2,13440.4,7358.4,13680.4,0.2501
9644.0,43050.7,10239.6,43519.2,0.2501
15775.6,25308.6,16314.0,25729.1,0.2500
8750.9,11652.6,9275.8,12158.3,0.2500
