x1,y1,x2,y2,score
37782.6,35075.1,37840.0,35113.4,0.9336
16877.1,13968.0,16907.7,14004.0,0.9195
35204.9,3356.3,35257.2,3387.5,0.9184
34827.3,19035.3,34879.6,19077.3,0.9140
2211.4,17225.9,2256.0,17273.7,0.9134
36641.6,15954.5,36695.9,15995.5,0.9114
36590.5,25217.9,36621.4,25246.2,0.9112
20291.0,22483.3,20320.0,22515.0,0.8996
20465.1,1182.4,20514.2,1219.4,0.8967
21003.7,20506.1,21040.7,20542.8,0.8962
958.0,26125.8,979.5,26150.0,0.8952
2088.4,23150.6,2152.8,23211.8,0.8951
18570.1,9727.8,18662.3,9802.1,0.8933
33338.0,21475.9,33372.9,21531.0,0.8928
37891.7,4651.5,37933.7,4708.8,0.8916
7014.6,19785.8,7039.0,19818.9,0.8914
800.5,24640.1,891.5,24692.3,0.8913
21141.8,24384.8,21168.9,24417.4,0.8890
30493.4,3963.2,30544.7,3987.9,0.8888
27315.0,32330.6,27411.4,32401.9,0.8885
9200.5,9916.0,9235.0,9950.6,0.8875
24721.4,8731.7,24762.6,8784.2,0.8873
36501.4,24901.9,36526.7,24927.8,0.8872
27240.3,26289.8,27317.7,26359.5,0.8862
13175.3,5835.4,13254.3,5905.3,0.8818
4760.3,19846.0,4870.9,19954.5,0.8797
38398.2,34026.7,38429.6,34063.9,0.8790
5097.3,20412.7,5211.4,20517.6,0.8774
33220.0,28864.8,33268.7,28900.5,0.8747
38014.3,19091.6,38033.6,19126.5,0.8734
36870.6,35702.9,36900.4,35732.3,0.8733
9152.4,9713.6,9178.5,9740.2,0.8696
14852.1,25331.2,14886.1,25369.9,0.8686
37410.1,36115.6,37439.3,36149.4,0.8677
23448.0,2873.1,23502.8,2901.7,0.8655
22975.6,3520.0,23038.9,3576.0,0.8652
10213.1,26375.9,10318.3,26481.0,0.8646
356.8,3430.0,396.6,3465.8,0.8636
809.8,23851.3,879.3,23958.0,0.8631
38126.6,5928.6,38165.6,5956.3,0.8606
23527.0,19140.1,23562.9,19168.7,0.8599
28057.4,5556.9,28098.7,5591.4,0.8583
33403.5,3689.4,33463.0,3721.3,0.8581
37327.0,17246.3,37364.9,17312.8,0.8564
6486.3,21400.6,6562.6,21475.0,0.8562
37826.7,14208.1,37856.0,14251.4,0.8490
12937.1,11745.8,12958.4,11771.3,0.8489
4912.4,29015.4,4928.3,29035.6,0.8487
20568.0,32424.8,20644.7,32504.6,0.8483
613.5,12622.4,657.3,12671.1,0.8479
38286.8,34205.8,38311.5,34228.2,0.8466
21076.0,1652.9,21119.0,1679.2,0.8453
33761.6,21627.6,33784.7,21657.4,0.8447
38446.0,34294.9,38465.8,34320.4,0.8419
11152.3,10972.0,11187.2,11006.4,0.8417
35682.8,15300.5,35733.3,15349.0,0.8413
26032.3,32954.8,26135.8,33068.7,0.8404
32395.2,4967.4,32448.2,5035.8,0.8394
37748.0,10034.7,37776.3,10075.7,0.8390
22816.9,3517.3,22883.4,3581.8,0.8387
32887.0,20073.1,32953.3,20110.5,0.8377
35706.6,19250.0,35755.1,19295.2,0.8362
36369.6,16470.7,36400.6,16507.7,0.8356
1217.3,7521.1,1276.4,7555.1,0.8355
35539.5,5738.4,35588.5,5777.2,0.8352
31334.5,12902.9,31388.8,12950.4,0.8351
20086.7,9911.0,20151.9,9976.9,0.8331
37427.9,10549.7,37459.7,10593.0,0.8323
19121.8,14873.5,19154.8,14902.2,0.8321
36219.8,19997.4,36242.3,20026.0,0.8316
34911.4,12800.0,34956.6,12842.6,0.8314
36763.5,36091.8,36792.7,36119.8,0.8302
35492.3,16110.7,35547.7,16150.2,0.8298
1310.9,7346.3,1369.7,7360.0,0.8297
7394.4,3802.6,7442.5,3831.8,0.8272
32631.6,3611.4,32669.1,3637.8,0.8271
24070.5,29588.4,24132.5,29652.1,0.8270
2911.3,23360.0,2983.3,23419.5,0.8267
33970.7,28480.0,34078.2,28555.2,0.8266
38418.4,33865.4,38442.1,33891.8,0.8264
6850.7,34578.3,6873.6,34613.8,0.8261
32717.0,5295.5,32748.7,5324.7,0.8246
22090.5,2535.4,22131.7,2556.6,0.8246
37778.6,11377.0,37821.4,11407.9,0.8245
2827.3,21451.3,2879.0,21518.2,0.8244
3608.6,27611.6,3623.5,27627.3,0.8235
32561.2,532.2,32624.7,587.9,0.8233
2800.7,20917.2,2917.8,21007.4,0.8228
35011.6,3368.5,35052.8,3395.5,0.8224
35172.4,6202.3,35199.5,6234.4,0.8218
33453.0,22619.8,33483.1,22658.9,0.8212
10491.3,26336.8,10602.6,26435.5,0.8195
36153.6,3335.5,36195.5,3358.3,0.8188
35628.2,6041.0,35669.1,6066.2,0.8180
4276.2,31955.9,4301.1,31969.0,0.8179
31996.6,11376.9,32070.5,11438.5,0.8171
767.3,19819.2,783.2,19837.8,0.8166
38569.9,34122.2,38593.1,34146.9,0.8155
6819.2,25559.6,6828.7,25575.4,0.8150
34981.8,21460.6,35004.8,21486.3,0.8148
31573.9,12399.2,31605.8,12422.4,0.8143
34682.9,3582.9,34724.9,3606.7,0.8141
36171.6,25299.3,36197.7,25327.1,0.8140
3087.3,19506.8,3206.9,19614.2,0.8139
15062.5,13092.6,15093.5,13123.4,0.8136
34848.5,25511.9,34874.8,25535.9,0.8128
14452.8,2343.5,14500.4,2405.1,0.8122
22603.1,2435.4,22645.6,2459.7,0.8118
35987.4,14539.7,36015.8,14567.9,0.8113
25396.1,7415.9,25424.9,7445.8,0.8110
23606.7,4027.1,23642.7,4069.6,0.8102
38537.6,14498.0,38585.9,14530.9,0.8096
33691.2,5525.9,33740.2,5576.1,0.8092
36543.6,960.3,36593.5,997.2,0.8088
14293.5,1259.6,14336.7,1284.7,0.8087
23450.8,19344.5,23489.9,19372.3,0.8086
22700.0,19819.3,22757.3,19875.1,0.8079
26179.8,33097.0,26287.9,33207.1,0.8066
37027.0,10960.7,37056.2,11003.8,0.8064
37582.3,3129.4,37620.2,3156.5,0.8057
12722.2,33071.3,12786.7,33082.1,0.8049
3864.1,21656.7,3977.5,21749.5,0.8046
29515.2,3938.0,29563.6,3969.6,0.8038
36762.1,17203.6,36783.8,17235.9,0.8038
11370.5,4282.9,11427.7,4318.5,0.8034
2641.0,22443.0,2710.5,22551.7,0.8030
37259.8,14174.9,37291.9,14208.3,0.8028
6865.1,19093.5,6881.3,19106.1,0.8018
33820.1,28480.0,33920.0,28552.2,0.8013
24891.0,8504.5,24924.5,8532.9,0.8012
827.3,26371.9,842.1,26384.2,0.8009
37385.4,10630.0,37415.6,10668.4,0.8004
31146.0,17069.9,31160.6,17099.9,0.7994
37012.2,6973.9,37058.0,7024.1,0.7994
2342.8,22537.1,2422.7,22621.6,0.7992
7737.8,28683.9,7750.9,28697.8,0.7989
23651.3,2421.9,23692.9,2444.4,0.7988
32569.4,472.8,32639.4,524.2,0.7987
20202.4,21062.5,20236.0,21087.8,0.7985
36891.8,35799.2,36915.9,35829.2,0.7984
1108.3,13699.4,1144.3,13716.1,0.7971
1495.8,19775.6,1585.2,19840.0,0.7967
2498.5,31228.3,2529.0,31247.8,0.7957
28905.5,4207.8,28948.6,4251.5,0.7953
23648.0,844.7,23664.1,863.8,0.7947
35729.0,9655.6,35772.5,9688.2,0.7939
21305.6,11380.3,21341.3,11421.4,0.7934
2401.1,28536.9,2415.5,28556.8,0.7933
6950.5,25600.5,7040.0,25676.3,0.7931
14238.1,14547.0,14253.9,14572.6,0.7928
33338.0,9182.8,33381.7,9226.4,0.7927
4722.3,26153.7,4798.3,26230.8,0.7919
33773.1,28600.0,33845.5,28667.9,0.7914
35587.0,25393.6,35611.4,25420.3,0.7911
17663.0,1814.0,17678.5,1834.0,0.7911
37241.9,3952.1,37301.0,4011.3,0.7909
34682.9,3682.6,34723.8,3706.6,0.7899
38164.3,15015.4,38196.3,15047.5,0.7897
320.0,137.2,391.8,212.0,0.7894
36987.5,18963.2,37028.0,18987.2,0.7890
22827.8,3349.6,22884.5,3405.0,0.7882
36764.1,8354.8,36810.2,8380.2,0.7882
22079.7,19378.1,22112.7,19413.3,0.7878
19469.1,2755.4,19508.6,2780.2,0.7874
21738.3,2381.7,21779.5,2405.1,0.7873
25154.3,8563.2,25197.2,8594.5,0.7855
23563.1,859.2,23581.4,874.8,0.7854
29218.1,22218.5,29231.2,22246.2,0.7851
2207.2,16132.4,2224.1,16145.7,0.7844
4506.2,23940.0,4627.9,24043.3,0.7836
35012.4,4963.1,35043.9,4997.8,0.7834
18523.3,3107.0,18577.1,3145.1,0.7828
9173.0,30740.3,9187.7,30757.2,0.7825
16247.7,3596.7,16286.0,3618.8,0.7825
35940.6,4465.5,35980.1,4520.5,0.7813
10198.2,23114.1,10224.2,23147.2,0.7811
4080.7,4634.9,4128.6,4675.1,0.7810
35764.2,25047.4,35790.4,25069.7,0.7802
36780.9,35618.8,36799.2,35640.6,0.7797
38066.9,34430.8,38089.4,34455.6,0.7795
469.5,33825.0,481.9,33838.8,0.7794
40.2,11951.4,66.7,11981.9,0.7791
38570.3,3556.2,38619.9,3592.3,0.7791
3716.4,18382.0,3732.4,18402.3,0.7787
36813.3,1154.9,36861.6,1204.4,0.7782
37904.9,9776.5,37953.7,9816.5,0.7782
35521.2,8699.0,35551.4,8750.2,0.7778
34592.3,25655.8,34613.2,25679.6,0.7759
11181.8,26601.5,11269.6,26711.2,0.7757
9124.2,3882.3,9171.9,3908.2,0.7756
7304.8,8887.0,7341.8,8918.3,0.7756
1102.3,27415.7,1114.1,27430.8,0.7755
30889.9,21537.9,30945.2,21588.9,0.7741
37413.3,14254.4,37440.0,14290.6,0.7736
32197.5,12456.1,32230.3,12505.6,0.7734
35492.1,16110.1,35518.4,16144.7,0.7732
4282.5,19500.6,4343.4,19520.0,0.7726
30299.6,3798.8,30355.5,3833.1,0.7721
35133.2,25237.5,35155.7,25263.3,0.7715
37853.9,9930.1,37888.9,9971.6,0.7706
21149.8,15689.0,21186.1,15720.0,0.7704
24668.9,35722.0,24743.4,35802.9,0.7689
17491.5,2350.9,17521.3,2395.2,0.7683
18091.0,14762.5,18120.6,14775.9,0.7682
37712.6,6555.5,37748.7,6583.0,0.7678
22070.2,19665.6,22087.2,19686.7,0.7672
35627.8,9589.0,35669.2,9620.7,0.7669
4239.5,27841.6,4258.1,27864.6,0.7662
35448.0,25393.1,35471.0,25416.5,0.7658
907.1,24476.5,1031.6,24578.0,0.7656
93.3,32723.7,120.8,32735.5,0.7655
36363.5,1199.5,36403.5,1227.9,0.7651
1813.1,16913.8,1860.8,16926.5,0.7650
755.8,6666.5,793.0,6694.9,0.7643
36941.6,13665.8,36963.4,13691.2,0.7626
37452.0,3363.4,37491.5,3385.9,0.7622
33800.7,28710.3,33869.1,28777.4,0.7621
22277.3,20253.2,22353.5,20321.6,0.7617
38181.3,15231.7,38215.7,15265.0,0.7614
4937.6,20537.0,5057.8,20641.1,0.7614
33818.9,3674.4,33860.2,3699.8,0.7607
36756.2,3250.8,36798.2,3278.8,0.7606
36279.6,25185.6,36302.9,25210.8,0.7604
13318.7,12107.1,13350.9,12118.7,0.7602
37338.2,3161.2,37391.2,3213.2,0.7600
36160.9,3665.7,36224.4,3699.1,0.7596
33420.6,5795.8,33459.9,5817.3,0.7582
2639.4,22597.6,2707.5,22707.6,0.7576
307.8,20626.4,421.9,20739.7,0.7571
23898.6,3219.2,23928.9,3250.2,0.7571
30659.5,19299.4,30718.8,19332.9,0.7568
1113.3,15218.4,1140.9,15229.3,0.7568
38065.0,34429.3,38079.4,34457.0,0.7564
33227.0,23787.6,33266.3,23829.7,0.7553
29534.0,3792.0,29575.1,3812.5,0.7552
33489.6,10880.0,33563.2,10932.8,0.7549
20678.1,2473.4,20724.2,2503.2,0.7548
4120.2,32468.7,4134.9,32485.4,0.7544
12448.7,24121.9,12465.3,24137.1,0.7537
37146.7,6176.9,37185.8,6205.7,0.7535
16539.6,5560.7,16585.9,5597.8,0.7527
7492.6,22600.0,7604.7,22711.2,0.7525
6422.2,21100.3,6535.0,21210.1,0.7516
22359.1,680.4,22402.6,738.3,0.7515
32459.0,1441.7,32518.9,1497.9,0.7507
34337.1,9282.4,34374.0,9323.5,0.7497
152.0,20781.5,268.2,20888.5,0.7496
37943.7,7658.1,38029.3,7679.9,0.7493
34008.7,14400.0,34083.0,14458.2,0.7491
9324.4,14619.4,9344.0,14633.1,0.7489
25197.3,5275.2,25235.6,5301.1,0.7488
36108.6,3255.5,36159.5,3306.6,0.7486
29233.6,3402.4,29297.7,3476.4,0.7483
33891.4,3367.3,33934.8,3391.8,0.7482
21420.4,21105.2,21474.6,21170.1,0.7481
278.6,19718.3,398.8,19809.4,0.7480
2541.4,20763.4,2559.0,20800.0,0.7480
3662.9,27799.9,3673.9,27814.7,0.7479
7541.6,19343.3,7553.5,19355.4,0.7476
30001.9,22369.6,30043.9,22412.0,0.7474
31974.9,20619.4,32021.6,20671.4,0.7474
408.6,2384.7,478.4,2448.6,0.7471
16300.8,3491.8,16340.1,3516.8,0.7466
21010.3,28787.3,21087.9,28849.9,0.7464
38121.3,1347.8,38178.3,1389.7,0.7464
22169.2,1593.6,22195.7,1621.1,0.7453
33280.7,5443.2,33376.2,5549.5,0.7452
15834.3,3721.6,15878.9,3747.7,0.7450
8486.7,32523.4,8512.1,32534.7,0.7450
9033.1,25346.3,9147.2,25454.9,0.7444
4441.4,29323.1,4476.7,29334.3,0.7444
37440.5,5760.0,37496.8,5816.0,0.7440
31378.0,3887.4,31433.9,3910.9,0.7438
31041.7,2451.3,31091.0,2477.1,0.7437
35734.7,3451.9,35773.8,3476.4,0.7437
31977.9,8929.1,32013.7,8970.5,0.7435
6949.9,16829.3,6968.3,16844.9,0.7426
11012.3,9348.9,11074.7,9413.1,0.7424
1677.6,1920.0,1736.0,1950.8,0.7418
27989.3,13002.1,28049.9,13040.6,0.7410
3077.5,22773.6,3195.8,22868.3,0.7408
37833.1,9895.9,37866.3,9939.5,0.7402
1873.3,29056.6,1895.3,29067.8,0.7402
34037.3,3631.4,34082.1,3656.3,0.7401
19556.1,2845.9,19595.3,2869.2,0.7392
4312.6,24320.0,4385.3,24384.5,0.7391
15326.1,31594.7,15357.3,31606.2,0.7389
13322.5,5767.8,13356.8,5801.4,0.7381
20315.6,3488.1,20361.1,3508.8,0.7379
19752.1,10669.2,19804.9,10716.0,0.7376
16141.8,24532.3,16154.4,24545.0,0.7375
37393.9,16809.4,37429.3,16829.2,0.7375
21973.9,34413.8,22000.1,34434.8,0.7364
2209.5,6899.8,2240.0,6943.8,0.7362
5050.5,24250.3,5169.7,24319.9,0.7357
36681.9,14080.0,36750.6,14107.3,0.7356
35820.6,22072.6,35839.9,22101.4,0.7356
9380.9,25603.7,9491.1,25707.2,0.7349
34443.9,13568.2,34499.7,13618.1,0.7347
23097.1,16515.3,23140.7,16549.9,0.7343
13502.8,6969.6,13556.4,7034.0,0.7339
4918.5,25263.5,4972.0,25280.0,0.7337
19790.7,2784.4,19839.5,2815.8,0.7337
26856.8,11812.2,26901.9,11853.9,0.7337
2417.0,15891.7,2433.0,15902.1,0.7336
3341.9,16845.2,3360.1,16864.9,0.7335
37083.3,5688.8,37141.8,5752.9,0.7333
27541.9,2274.7,27563.0,2318.3,0.7332
4401.2,27020.0,4519.8,27087.6,0.7330
33702.6,19392.6,33759.4,19421.9,0.7328
37323.5,14400.0,37359.3,14411.9,0.7326
20672.1,32506.1,20689.2,32528.3,0.7323
36161.2,9257.0,36215.9,9280.0,0.7322
36761.3,36150.1,36800.0,36179.6,0.7322
29971.7,15577.2,30012.2,15623.8,0.7320
31322.0,9890.9,31360.0,9920.0,0.7305
961.6,33933.4,1027.9,33951.0,0.7303
10279.5,35654.8,10292.7,35672.5,0.7302
35200.0,14485.4,35243.8,14537.5,0.7300
26221.2,555.5,26239.8,594.6,0.7298
11953.3,4332.6,11999.9,4361.7,0.7295
31109.4,5978.0,31156.2,6022.0,0.7292
17698.5,1740.1,17712.4,1762.0,0.7283
21162.3,2377.8,21203.9,2404.2,0.7282
30321.4,16428.0,30387.4,16481.1,0.7276
17658.1,3148.1,17695.5,3170.8,0.7275
37742.5,14647.0,37774.1,14684.9,0.7271
31041.2,9029.4,31077.0,9089.1,0.7270
28919.1,9217.5,28944.2,9251.7,0.7259
23610.3,851.7,23628.5,871.4,0.7259
26103.7,8945.0,26139.5,8974.9,0.7255
32111.4,10115.9,32140.6,10146.7,0.7254
18902.4,2859.0,18955.4,2888.3,0.7254
6199.7,22655.6,6315.2,22719.8,0.7251
11366.3,33460.7,11378.8,33474.7,0.7250
17513.7,2242.3,17524.2,2263.8,0.7250
33178.4,28280.1,33230.4,28343.9,0.7247
32709.4,3741.5,32751.7,3761.6,0.7241
38210.7,32559.7,38237.7,32628.7,0.7241
35176.9,25520.9,35198.7,25546.4,0.7236
5074.1,23569.1,5091.8,23583.1,0.7236
22225.5,114.0,22260.3,136.6,0.7235
6967.7,21148.1,7036.6,21249.4,0.7228
2854.3,25524.3,2878.4,25563.0,0.7224
29271.3,10592.4,29294.8,10636.2,0.7221
36504.6,19857.6,36532.0,19890.7,0.7220
35121.5,3777.8,35197.9,3802.7,0.7218
545.0,19974.3,640.0,20070.8,0.7216
36705.4,3228.5,36747.8,3256.6,0.7215
6728.7,35823.2,6779.9,35855.0,0.7215
30149.5,23739.6,30219.5,23784.3,0.7211
33448.1,1994.2,33472.1,2011.1,0.7208
10435.9,19131.5,10467.0,19143.3,0.7206
30587.3,16800.0,30608.1,16829.6,0.7206
8275.6,18093.4,8293.7,18113.4,0.7201
18075.8,21036.9,18097.1,21051.4,0.7200
4715.4,19144.9,4798.5,19224.3,0.7198
37301.1,10602.7,37323.0,10640.3,0.7196
2716.5,5387.4,2769.3,5426.1,0.7194
34751.0,4314.1,34776.4,4363.3,0.7192
35024.8,18501.1,35078.7,18544.9,0.7190
6452.5,18079.8,6474.8,18096.0,0.7189
36625.2,7915.8,36665.0,7938.2,0.7188
21199.1,15114.0,21258.7,15171.0,0.7183
16077.4,3672.8,16117.2,3694.1,0.7180
34498.5,13120.0,34569.7,13190.0,0.7176
22640.0,2370.3,22679.2,2397.1,0.7172
32721.3,5732.5,32762.1,5758.9,0.7169
24123.5,28753.7,24196.9,28820.4,0.7168
18673.7,16843.6,18687.9,16854.8,0.7165
32459.5,12152.0,32526.0,12205.8,0.7150
27291.5,3819.3,27341.5,3877.4,0.7150
34780.2,3561.0,34826.2,3584.1,0.7144
33835.1,11181.1,33870.5,11204.9,0.7142
33758.8,5444.6,33789.7,5483.4,0.7139
35644.1,25208.7,35670.9,25235.5,0.7135
13394.0,31235.3,13436.6,31245.1,0.7133
22283.4,2238.5,22324.6,2260.0,0.7130
35877.5,19994.1,35888.7,20006.8,0.7123
372.2,20921.7,490.5,21024.2,0.7123
523.2,3388.9,563.4,3418.0,0.7117
29338.3,8539.7,29362.4,8579.7,0.7109
34729.5,10239.6,34789.4,10312.4,0.7103
21990.8,19985.0,22049.2,20036.0,0.7102
9939.9,19407.8,9961.4,19423.7,0.7097
23127.0,16484.5,23163.2,16514.2,0.7095
680.9,19883.2,802.0,19988.2,0.7089
22563.9,780.6,22602.4,828.6,0.7083
35786.6,19253.5,35823.6,19276.6,0.7081
38344.3,16699.9,38429.8,16758.9,0.7079
3344.4,20093.7,3463.8,20159.6,0.7076
32180.9,3660.3,32221.5,3685.8,0.7075
37322.7,10650.4,37347.6,10691.4,0.7072
6401.3,26085.7,6486.6,26195.3,0.7071
34240.0,16960.0,34281.4,17024.7,0.7069
20898.2,2745.4,20939.7,2767.6,0.7063
38171.3,1786.1,38218.4,1838.4,0.7062
14474.1,209.6,14548.4,268.1,0.7062
32053.5,14985.3,32135.5,15054.9,0.7054
28600.2,4157.4,28646.2,4193.7,0.7050
37528.9,3275.5,37564.0,3298.7,0.7050
18337.5,3256.2,18377.2,3277.0,0.7048
20835.2,2451.8,20880.8,2479.1,0.7045
37450.9,36103.8,37481.3,36133.0,0.7043
6483.4,23621.9,6598.2,23680.0,0.7042
31099.0,3927.6,31140.0,3951.2,0.7042
38258.5,3166.3,38300.0,3195.8,0.7042
17106.0,29476.6,17153.2,29500.1,0.7037
24129.1,28966.2,24187.7,29026.6,0.7034
6643.4,17508.0,6660.0,17521.2,0.7031
24884.1,5851.1,24901.1,5873.3,0.7030
6355.0,34631.7,6379.8,34654.7,0.7030
11478.8,10425.1,11489.7,10438.6,0.7028
36205.4,13009.2,36223.0,13028.8,0.7027
5441.6,25057.5,5518.1,25132.0,0.7025
5120.9,20412.3,5214.9,20480.0,0.7024
17716.2,1703.6,17732.3,1723.2,0.7020
3749.3,28382.3,3762.2,28395.3,0.7012
35267.8,14530.5,35298.5,14561.3,0.7009
24906.8,20394.3,24944.7,20417.9,0.7005
38458.7,6969.9,38543.3,7051.5,0.7004
5359.9,4212.7,5397.7,4235.6,0.7002
22268.0,19715.4,22287.9,19737.0,0.6997
3020.0,17484.8,3033.4,17499.7,0.6990
4752.5,29916.3,4766.4,29929.6,0.6990
20432.4,4304.2,20471.5,4328.4,0.6988
14947.4,23680.8,14971.6,23691.9,0.6986
23346.3,3593.9,23407.8,3644.5,0.6984
17690.4,1823.0,17703.1,1844.3,0.6980
34523.9,2096.1,34548.4,2120.5,0.6979
4307.4,24450.7,4406.7,24558.6,0.6978
8236.8,17798.8,8274.3,17816.7,0.6976
32339.7,3656.6,32405.2,3688.8,0.6972
13873.4,20025.5,13897.9,20042.9,0.6966
30902.4,7093.2,30944.7,7126.9,0.6965
2420.5,16999.2,2442.6,17020.5,0.6959
9550.3,26089.3,9599.0,26199.7,0.6958
5887.1,16895.7,5898.2,16906.7,0.6951
31361.7,3732.2,31397.3,3752.0,0.6948
14030.6,28796.4,14077.4,28809.7,0.6946
10825.8,25922.2,10879.3,26001.5,0.6945
7498.5,26641.0,7511.1,26654.0,0.6941
28843.1,8296.3,28887.0,8330.2,0.6940
22087.6,1459.3,22132.6,1486.0,0.6939
25902.4,618.6,25919.7,657.0,0.6937
2096.9,33800.2,2108.6,33812.8,0.6935
19786.6,863.0,19833.1,890.5,0.6931
3973.0,16945.4,3993.0,16956.3,0.6926
36211.8,1241.0,36241.2,1275.5,0.6926
30936.8,22009.1,31036.4,22077.8,0.6924
14514.4,6806.2,14558.8,6838.3,0.6922
32001.2,10240.0,32078.9,10297.1,0.6922
29379.6,10370.3,29404.7,10402.1,0.6918
7878.3,20155.0,7890.2,20168.3,0.6916
15463.7,29386.5,15493.4,29400.3,0.6916
36520.4,7742.3,36559.3,7780.9,0.6909
34886.1,18509.1,34996.2,18567.8,0.6908
4014.1,29333.2,4037.3,29345.0,0.6904
12358.9,31587.1,12395.6,31600.6,0.6904
14706.0,3817.0,14746.7,3849.5,0.6902
37274.6,7662.6,37371.2,7723.3,0.6902
22988.1,1242.5,23039.1,1292.0,0.6900
2566.0,5435.6,2615.7,5475.2,0.6899
38258.5,14530.3,38291.2,14559.0,0.6898
37810.3,13969.2,37845.0,14012.3,0.6896
19019.3,2863.3,19060.0,2884.9,0.6895
36742.9,13770.5,36798.8,13857.1,0.6888
36359.7,16619.6,36380.5,16634.2,0.6883
2675.7,35930.2,2704.1,35998.6,0.6881
8214.4,32090.8,8240.8,32105.6,0.6877
14252.7,0.0,14288.2,29.7,0.6877
10240.9,3016.6,10299.6,3075.9,0.6871
3151.9,13624.8,3172.2,13635.9,0.6870
14766.1,29128.3,14827.1,29150.6,0.6869
6494.3,12682.8,6505.3,12696.6,0.6866
38142.3,19347.3,38194.0,19395.9,0.6866
13561.3,7109.4,13580.3,7137.9,0.6860
38381.6,17762.4,38400.0,17791.5,0.6859
6554.3,20965.7,6670.5,21076.8,0.6853
36060.2,3444.7,36099.8,3467.5,0.6850
6382.7,26099.3,6399.8,26150.7,0.6849
29076.5,3976.5,29113.3,4009.4,0.6844
38174.0,9539.5,38201.7,9582.3,0.6844
8814.0,13770.5,8826.4,13784.6,0.6839
31893.2,15235.9,31908.1,15249.6,0.6836
4841.8,4363.4,4880.0,4386.1,0.6836
34524.0,11840.0,34560.0,11878.6,0.6833
6759.8,22061.0,6829.5,22080.0,0.6830
28220.8,3805.4,28269.3,3839.8,0.6827
30707.1,3948.2,30760.5,3971.7,0.6826
38352.9,14400.0,38400.0,14438.4,0.6825
19389.0,2752.1,19432.2,2780.0,0.6824
2757.0,29018.4,2770.8,29030.4,0.6822
32718.2,5791.3,32759.0,5815.3,0.6815
20979.1,2576.2,21039.4,2605.6,0.6814
131.1,17203.0,149.8,17217.4,0.6810
7639.1,31134.7,7674.2,31145.8,0.6809
36818.4,35730.8,36844.0,35752.7,0.6809
18882.5,331.5,18941.7,369.1,0.6805
603.8,5321.5,640.0,5349.2,0.6797
484.9,20827.3,599.4,20936.4,0.6793
38120.9,13408.3,38152.7,13444.4,0.6791
5427.7,25895.5,5480.4,25920.0,0.6787
10126.4,14345.4,10137.4,14359.6,0.6785
15090.4,10652.7,15161.1,10706.0,0.6784
8760.5,25600.4,8877.2,25650.5,0.6783
36314.8,3276.0,36354.8,3301.1,0.6782
19371.3,31953.2,19393.8,31969.0,0.6781
36923.5,6490.2,36975.5,6551.4,0.6781
25901.5,618.2,25941.7,652.8,0.6780
688.8,2206.3,713.4,2240.0,0.6779
35950.3,20118.9,35972.3,20177.3,0.6776
6800.6,27158.0,6916.1,27226.8,0.6771
11074.6,26984.2,11165.9,27090.8,0.6768
1294.2,28327.8,1325.7,28338.7,0.6763
1427.4,34642.2,1450.1,34654.5,0.6762
38017.0,11244.3,38079.1,11307.2,0.6762
30280.1,3947.2,30328.6,3974.4,0.6762
33590.8,5587.0,33649.9,5616.9,0.6755
6682.0,20937.3,6703.4,20962.2,0.6755
22779.4,2560.0,22812.5,2588.8,0.6754
1177.4,28481.8,1191.9,28490.3,0.6752
16834.4,32341.1,16900.0,32367.9,0.6747
5401.1,20174.9,5440.0,20238.4,0.6745
17563.1,2047.7,17574.2,2068.1,0.6737
29363.1,3950.8,29408.0,3974.3,0.6735
33054.1,6022.5,33120.4,6068.8,0.6732
4403.6,4488.5,4437.8,4510.5,0.6731
31904.7,11841.8,31978.5,11939.8,0.6727
6380.5,19507.6,6406.6,19519.2,0.6725
38204.2,1379.1,38244.6,1403.0,0.6723
14222.8,19580.3,14235.3,19593.6,0.6720
1167.7,15499.5,1179.4,15510.2,0.6716
31248.0,808.4,31320.2,876.4,0.6712
26939.8,1357.6,26967.0,1409.8,0.6711
11369.8,22348.1,11395.7,22360.6,0.6709
21071.2,2990.9,21118.6,3031.7,0.6709
27643.2,22097.4,27712.0,22150.6,0.6709
3210.7,25883.9,3277.9,25920.0,0.6702
16361.2,14384.5,16373.2,14399.3,0.6697
16489.3,3571.8,16521.4,3595.7,0.6695
5786.3,10162.0,5797.2,10174.3,0.6691
29671.8,20277.0,29689.8,20303.5,0.6691
20186.1,1238.3,20242.3,1271.4,0.6688
33610.0,11515.7,33671.0,11566.4,0.6688
1846.0,21992.5,1916.9,22061.4,0.6684
12747.4,19203.6,12798.2,19215.4,0.6681
38058.4,13420.2,38123.7,13440.0,0.6679
22355.0,492.6,22397.2,515.2,0.6674
9494.3,21646.6,9505.4,21658.3,0.6673
37739.9,18788.9,37795.5,18827.3,0.6672
24106.0,5952.6,24137.4,5987.5,0.6672
2390.6,2946.8,2431.1,2973.5,0.6671
14340.0,5760.0,14398.9,5830.0,0.6665
37864.0,7661.7,37935.4,7679.9,0.6664
26131.4,169.5,26163.0,195.5,0.6662
8457.9,3927.8,8498.8,3948.6,0.6662
31747.5,3815.1,31816.4,3847.2,0.6661
1518.2,19840.3,1597.3,19889.8,0.6655
4871.9,12576.8,4889.1,12592.6,0.6655
26179.0,3134.9,26220.3,3157.1,0.6653
17923.5,394.0,17953.1,427.9,0.6652
22228.9,2230.3,22273.8,2258.6,0.6652
26903.5,11914.0,26975.6,11982.6,0.6632
23025.7,31694.5,23110.3,31750.4,0.6631
30667.9,22061.4,30719.2,22089.7,0.6631
7963.0,3918.2,8000.0,3948.2,0.6631
1377.7,1600.0,1415.6,1648.0,0.6629
34880.2,9997.4,34903.3,10053.6,0.6625
8031.4,17438.7,8047.5,17452.3,0.6624
5046.4,1269.7,5082.9,1295.5,0.6621
14682.8,3988.1,14727.8,4012.4,0.6619
34450.9,9176.2,34498.6,9233.9,0.6618
33269.5,11184.9,33333.6,11244.1,0.6616
31244.0,3801.8,31255.9,3839.4,0.6615
9468.1,4355.6,9482.0,4368.0,0.6615
33255.2,19210.5,33293.6,19233.2,0.6612
23923.2,3187.0,23964.4,3215.1,0.6607
37740.3,7370.8,37759.1,7395.7,0.6605
815.0,23720.8,886.1,23828.8,0.6603
5667.4,31893.6,5698.6,31919.6,0.6603
22076.0,4480.0,22149.1,4543.9,0.6602
4337.5,4564.3,4378.4,4595.9,0.6597
2399.1,24564.4,2424.9,24578.0,0.6595
36978.1,13627.4,37026.7,13669.8,0.6593
28001.4,3785.5,28068.6,3819.4,0.6591
13127.8,12036.2,13165.1,12082.6,0.6591
23609.0,851.7,23623.6,865.8,0.6589
26038.4,7792.9,26063.9,7824.5,0.6588
1327.1,34583.0,1349.0,34600.9,0.6585
10823.8,25923.5,10938.5,26027.9,0.6584
19730.4,23713.4,19781.3,23734.4,0.6583
37524.1,15080.4,37552.1,15105.5,0.6582
1581.4,13537.3,1592.6,13551.2,0.6575
2497.8,23021.7,2553.0,23040.0,0.6573
2419.2,29623.3,2437.3,29633.3,0.6571
8823.6,26432.7,8849.4,26446.2,0.6567
31522.4,3879.3,31566.6,3910.0,0.6561
26098.4,3312.6,26149.9,3343.9,0.6558
4916.2,16662.5,4928.6,16674.9,0.6557
2538.4,33410.0,2570.5,33422.6,0.6556
31995.5,10802.2,32055.8,10860.6,0.6555
28144.3,5736.1,28159.6,5769.3,0.6554
4660.1,4291.4,4708.1,4331.5,0.6552
36049.0,20193.0,36104.1,20217.9,0.6550
11036.3,15587.1,11087.3,15598.7,0.6550
37051.4,2050.8,37087.0,2077.6,0.6541
34807.6,13049.9,34865.8,13087.9,0.6541
34264.7,5977.6,34356.3,6043.7,0.6540
36375.8,25007.2,36391.2,25023.0,0.6538
32001.0,7323.0,32065.3,7360.0,0.6537
37205.2,8095.7,37258.2,8145.9,0.6532
22540.8,3786.1,22601.5,3844.7,0.6529
4421.9,18402.4,4478.0,18414.5,0.6528
30120.9,6535.4,30162.0,6563.8,0.6524
25475.8,265.2,25491.8,285.5,0.6521
7588.4,31380.1,7615.7,31392.0,0.6516
23072.9,1964.7,23092.0,1999.7,0.6514
34102.2,4842.9,34130.7,4877.8,0.6514
5301.1,19070.9,5313.0,19082.8,0.6512
37991.5,15446.8,38054.1,15485.4,0.6511
9793.6,19587.4,9815.5,19598.3,0.6509
12482.7,25471.0,12508.2,25502.6,0.6507
111.2,32321.5,129.3,32330.8,0.6506
15623.4,22590.2,15679.1,22600.4,0.6505
12625.4,24665.1,12648.8,24678.4,0.6505
35650.7,1900.4,35685.1,1920.0,0.6504
9083.5,23160.9,9107.3,23175.0,0.6504
32622.1,4144.5,32647.5,4181.9,0.6502
14003.0,20156.1,14027.5,20167.7,0.6498
21850.5,19842.8,21904.0,19893.6,0.6495
38465.2,34484.0,38498.2,34515.3,0.6494
35622.2,5687.1,35666.1,5717.2,0.6492
31291.6,19159.5,31342.0,19191.0,0.6491
13803.3,14304.9,13862.5,14320.5,0.6489
25197.1,20906.7,25225.9,20939.1,0.6484
13243.5,11960.8,13279.4,11971.4,0.6483
175.4,406.1,204.7,443.9,0.6481
10679.3,25066.4,10719.2,25081.6,0.6478
38493.7,7865.2,38533.3,7905.5,0.6477
37355.8,9435.0,37389.2,9465.4,0.6473
37395.0,22244.7,37439.3,22279.6,0.6471
30869.6,3637.1,30934.8,3703.3,0.6467
7653.1,3900.6,7701.3,3930.7,0.6465
6063.7,25464.8,6079.4,25510.2,0.6462
37163.3,17837.2,37238.7,17915.5,0.6459
34191.3,4168.0,34239.7,4212.1,0.6457
36513.6,3246.5,36552.4,3267.0,0.6455
11459.7,19346.2,11518.7,19360.4,0.6454
15617.1,19089.9,15647.7,19103.0,0.6449
1543.7,13468.9,1556.3,13481.2,0.6447
37691.9,9993.3,37704.2,10015.4,0.6444
5893.2,18814.7,5920.5,18830.8,0.6438
37112.9,18244.0,37137.0,18282.7,0.6438
31146.9,8534.7,31209.9,8577.5,0.6435
1399.0,35105.0,1413.6,35119.0,0.6435
36933.2,7690.6,36989.3,7719.6,0.6433
34205.5,2551.9,34248.9,2601.8,0.6431
14451.6,10876.2,14464.8,10887.6,0.6427
34786.6,10232.6,34848.9,10286.7,0.6423
34578.8,16950.9,34635.6,16995.5,0.6422
29018.2,5961.6,29060.3,5993.0,0.6422
22705.7,19821.4,22752.4,19840.0,0.6421
203.0,16614.8,233.8,16633.6,0.6419
33720.0,3533.4,33757.3,3556.4,0.6419
22235.1,2353.3,22276.2,2374.3,0.6419
37731.4,17640.5,37767.4,17685.6,0.6417
25348.8,8511.3,25374.6,8529.8,0.6414
30343.7,8123.6,30398.9,8210.0,0.6408
37563.3,5717.1,37651.2,5779.1,0.6406
6491.4,24397.5,6507.7,24414.1,0.6406
6901.0,31290.5,6926.8,31298.4,0.6403
1423.2,22692.0,1445.5,22703.5,0.6395
24282.7,6416.2,24306.5,6437.4,0.6389
35454.7,9670.1,35501.6,9705.5,0.6388
35941.6,17902.5,35957.2,17920.0,0.6388
35430.3,17006.4,35473.0,17054.8,0.6381
29140.7,10313.3,29155.9,10337.3,0.6380
37725.1,16772.1,37759.8,16801.6,0.6379
26622.0,1034.8,26659.2,1067.4,0.6377
3554.8,11980.5,3569.1,11994.1,0.6375
24213.4,6573.1,24241.5,6613.0,0.6371
22143.9,2230.1,22186.4,2252.7,0.6370
32847.4,5282.7,32877.7,5310.0,0.6370
32000.8,10635.0,32071.1,10708.7,0.6363
12624.1,12074.9,12640.6,12088.2,0.6360
22415.1,481.0,22452.1,500.8,0.6357
17525.9,2286.5,17540.3,2306.0,0.6357
6300.1,19593.1,6316.6,19606.5,0.6356
2162.7,20038.2,2238.9,20124.7,0.6353
36946.2,19111.3,36962.5,19133.0,0.6352
32398.0,26293.1,32461.2,26346.9,0.6346
5442.3,20799.2,5544.3,20915.2,0.6345
30195.5,4297.9,30217.5,4324.3,0.6343
2075.7,29868.2,2117.8,29881.7,0.6340
37157.2,9641.5,37178.5,9664.0,0.6337
18042.1,4134.3,18099.3,4166.7,0.6335
4521.4,24000.0,4622.8,24043.7,0.6331
35150.1,1600.0,35199.9,1635.5,0.6330
3974.6,19165.3,3985.5,19176.8,0.6327
11832.9,29481.0,11945.9,29549.5,0.6325
12275.8,27355.6,12322.9,27366.7,0.6323
16839.6,16140.1,16853.5,16150.7,0.6320
993.6,15735.9,1005.4,15754.4,0.6319
27492.4,4193.2,27530.5,4221.4,0.6317
5851.7,16876.9,5864.2,16888.9,0.6317
1491.3,34488.9,1516.9,34499.2,0.6316
3763.6,13095.4,3778.0,13111.6,0.6316
30601.7,4004.0,30647.7,4031.5,0.6311
30619.1,12752.7,30673.5,12807.2,0.6308
21003.8,1703.9,21038.8,1734.7,0.6307
7184.5,17166.3,7201.2,17186.4,0.6307
553.1,31275.3,575.5,31285.3,0.6306
800.8,24577.3,918.0,24691.7,0.6299
27737.2,5440.0,27831.3,5492.5,0.6299
38061.0,15215.0,38103.5,15249.3,0.6296
13762.1,30643.3,13804.0,30653.5,0.6295
5414.1,25904.3,5440.0,25962.3,0.6292
3688.7,12351.5,3700.7,12362.1,0.6292
7834.6,20828.4,7848.9,20841.1,0.6281
24070.9,17732.5,24133.5,17796.5,0.6279
1684.0,25040.8,1700.1,25054.8,0.6276
17477.7,3188.4,17514.3,3216.4,0.6276
8235.4,22847.6,8318.2,22908.4,0.6275
780.6,28093.6,795.0,28104.2,0.6274
12756.8,23674.4,12795.9,23686.0,0.6272
21570.0,1305.7,21670.9,1374.9,0.6270
34058.3,8867.8,34116.6,8924.4,0.6269
35680.6,17358.4,35696.6,17380.2,0.6267
31989.6,18988.0,32004.0,18998.8,0.6265
25093.1,5250.2,25136.5,5272.3,0.6265
33317.7,28071.6,33414.0,28145.8,0.6263
1890.8,15181.2,1905.2,15194.9,0.6262
37426.4,10555.0,37439.5,10593.5,0.6261
4800.1,26178.8,4845.3,26238.6,0.6257
17681.9,1778.1,17695.3,1798.6,0.6255
11982.6,12374.7,12015.0,12385.2,0.6250
20481.7,1067.6,20500.0,1094.3,0.6249
29120.0,2961.0,29188.5,3038.5,0.6249
9308.4,19572.2,9330.6,19583.7,0.6249
15093.5,11304.5,15115.8,11323.0,0.6248
22906.2,28669.3,22977.1,28725.1,0.6240
27200.0,7292.8,27283.4,7359.6,0.6236
20996.3,2410.2,21058.1,2453.5,0.6236
34564.6,19469.8,34610.3,19518.5,0.6234
14804.9,6379.2,14900.6,6491.7,0.6234
37614.7,14647.8,37644.7,14668.1,0.6232
38156.2,14756.8,38187.4,14790.7,0.6232
32774.7,12643.4,32792.0,12669.2,0.6230
1536.0,19529.6,1599.0,19627.0,0.6230
25235.3,20650.7,25257.2,20677.1,0.6229
33972.0,18909.7,33989.4,18931.8,0.6226
4123.1,16875.4,4137.4,16887.1,0.6225
9463.4,23968.0,9515.9,23979.9,0.6223
36179.6,20038.9,36189.9,20053.8,0.6222
3140.1,31058.8,3193.0,31071.8,0.6221
38036.6,3159.0,38081.3,3189.9,0.6220
36690.0,8235.0,36720.3,8259.9,0.6218
1978.4,30580.1,2016.9,30593.5,0.6217
35940.5,3186.6,35996.4,3200.0,0.6215
27633.8,13223.9,27699.5,13280.3,0.6214
4895.2,24338.3,4905.2,24347.4,0.6212
35245.4,3498.3,35297.0,3528.5,0.6209
37307.5,4102.6,37356.5,4163.7,0.6208
7425.4,21789.4,7440.9,21810.1,0.6208
3051.7,28283.9,3068.5,28298.0,0.6207
28433.6,3704.5,28462.8,3724.5,0.6207
37479.8,3798.2,37518.8,3839.7,0.6205
17052.3,12680.1,17065.9,12692.5,0.6203
21350.2,21797.1,21421.2,21868.8,0.6201
2878.8,15575.2,2889.3,15596.4,0.6196
25044.0,5244.9,25087.3,5267.1,0.6196
30772.6,8364.0,30805.7,8394.9,0.6195
14518.2,6657.3,14565.7,6703.4,0.6185
32319.0,4126.2,32338.6,4148.8,0.6184
897.6,14210.9,914.7,14222.0,0.6184
26726.7,14243.2,26791.3,14311.2,0.6184
11564.6,35720.2,11635.6,35775.1,0.6182
16849.1,29596.1,16896.3,29610.0,0.6182
26210.3,1697.1,26243.7,1731.3,0.6182
35200.9,5425.2,35246.0,5460.6,0.6181
10012.9,19324.9,10023.9,19337.3,0.6181
25093.0,29199.5,25151.2,29254.6,0.6180
36451.6,121.4,36479.7,149.0,0.6175
14555.3,20691.1,14607.8,20703.0,0.6173
27155.1,2116.7,27177.2,2156.1,0.6173
25418.1,3548.3,25474.6,3627.9,0.6173
6159.6,23022.9,6207.0,23040.0,0.6173
24849.9,9657.4,24923.6,9716.5,0.6170
7785.6,3809.0,7824.3,3845.7,0.6170
33236.1,11803.7,33280.0,11842.7,0.6166
33280.1,18194.5,33306.8,18239.0,0.6164
31110.2,8615.6,31175.7,8639.8,0.6163
16555.8,5624.1,16596.5,5677.3,0.6158
33675.6,5376.3,33720.0,5423.3,0.6154
35382.3,13639.1,35413.3,13677.2,0.6151
25832.1,632.1,25854.5,667.7,0.6149
33121.1,6081.7,33159.3,6138.4,0.6149
2132.2,9111.2,2151.4,9128.1,0.6148
34193.7,3475.5,34248.2,3515.3,0.6146
32586.0,36730.6,32616.0,36760.1,0.6146
7328.5,28332.3,7343.8,28345.6,0.6145
4977.9,2377.4,5030.8,2422.1,0.6142
33370.0,1811.2,33426.9,1860.9,0.6141
16835.6,21179.4,16862.4,21190.9,0.6140
200.8,121.0,278.5,188.8,0.6140
37632.1,14877.5,37665.7,14903.4,0.6137
4661.1,19965.2,4775.8,20077.8,0.6133
26582.6,6531.5,26632.9,6564.8,0.6131
2183.7,28877.1,2211.2,28892.2,0.6127
8097.3,25528.0,8109.2,25546.7,0.6126
16105.1,3432.7,16147.3,3459.7,0.6121
33634.7,8960.0,33710.9,9014.8,0.6120
28760.5,4192.9,28800.0,4228.1,0.6117
37288.1,13297.3,37324.0,13330.3,0.6116
34995.1,1588.2,35032.9,1636.6,0.6115
2455.1,15468.4,2482.0,15485.3,0.6112
36530.9,10241.3,36589.2,10286.3,0.6110
6378.5,31314.5,6450.6,31328.3,0.6107
20471.6,23117.6,20526.8,23173.1,0.6106
4944.9,32879.6,4984.6,32894.7,0.6105
9070.5,17959.8,9096.2,17970.6,0.6105
23602.2,899.3,23612.1,925.6,0.6104
35437.5,16642.2,35457.2,16684.1,0.6102
13881.2,15274.1,13933.5,15286.5,0.6102
16690.3,18352.6,16715.7,18363.2,0.6100
21272.5,15599.5,21334.6,15651.6,0.6099
31026.4,8624.5,31097.9,8697.1,0.6097
33377.7,19147.8,33416.0,19200.0,0.6096
954.2,29080.9,978.9,29097.7,0.6095
21748.2,5397.8,21787.2,5438.8,0.6094
14039.3,14604.7,14078.7,14620.4,0.6092
4519.9,23728.8,4631.2,23834.3,0.6084
56.1,17473.6,117.3,17484.7,0.6081
1886.2,34682.5,1903.6,34693.7,0.6080
25807.7,6766.2,25844.7,6804.0,0.6078
21579.4,2386.2,21620.8,2409.7,0.6077
12311.8,19448.8,12370.1,19460.5,0.6076
33251.3,3029.4,33332.4,3099.0,0.6070
26772.8,14330.6,26796.0,14352.6,0.6068
24310.5,29622.6,24404.2,29688.2,0.6058
26066.1,587.2,26084.5,625.8,0.6057
8849.9,14349.1,8864.1,14360.1,0.6057
3521.1,21315.3,3596.0,21383.4,0.6055
5926.9,8334.5,5996.8,8400.0,0.6055
35275.7,8358.6,35330.2,8424.6,0.6053
2966.3,19605.7,3079.4,19707.7,0.6048
32128.7,16302.1,32168.7,16319.3,0.6043
6347.1,34546.5,6398.9,34611.8,0.6042
34205.4,3630.7,34245.6,3653.5,0.6038
2448.8,32249.5,2463.0,32259.1,0.6038
34588.1,3429.1,34631.1,3459.8,0.6037
907.3,200.3,956.0,233.4,0.6036
17267.9,33025.8,17322.4,33037.9,0.6035
31096.4,36154.4,31153.0,36221.2,0.6035
34091.4,17794.6,34143.2,17827.3,0.6034
19244.9,26766.6,19297.7,26821.7,0.6032
3819.3,28335.6,3842.2,28348.4,0.6026
6886.1,16743.4,6900.8,16757.6,0.6026
5873.0,2698.8,5982.4,2773.2,0.6026
624.1,17600.0,682.5,17629.3,0.6025
2517.8,30351.9,2534.8,30362.4,0.6025
12898.4,13755.4,12934.9,13770.9,0.6025
7412.2,16332.6,7428.6,16345.4,0.6024
2537.7,20763.9,2556.8,20828.0,0.6022
34732.7,13017.8,34760.4,13045.9,0.6020
36733.8,35672.7,36770.0,35717.0,0.6019
18516.3,24235.5,18537.2,24245.5,0.6014
7536.6,31284.1,7558.0,31295.8,0.6014
1094.5,16284.4,1115.5,16301.7,0.6012
4952.8,18087.5,4989.1,18099.0,0.6012
37790.9,20394.2,37819.0,20423.1,0.6011
34382.3,16768.1,34439.9,16802.6,0.6011
29363.5,6150.6,29402.4,6187.0,0.6011
37123.9,6128.0,37163.9,6151.1,0.6010
34697.3,7192.9,34754.5,7236.2,0.6007
18308.0,26546.6,18348.2,26557.6,0.6005
3140.3,19504.1,3180.5,19520.0,0.6004
38305.0,17476.7,38339.6,17503.6,0.6004
2248.7,22017.4,2366.4,22086.9,0.6002
34287.6,12783.1,34326.6,12800.0,0.5997
3281.3,16930.7,3319.2,16943.4,0.5994
3860.8,4437.7,3910.6,4473.1,0.5991
8708.8,18247.6,8721.8,18258.4,0.5987
37655.8,10224.4,37676.6,10240.0,0.5986
32626.3,5368.3,32667.8,5415.8,0.5977
38048.0,13766.9,38079.2,13795.6,0.5975
33527.6,16271.7,33598.2,16328.3,0.5973
16157.5,13439.2,16229.7,13449.2,0.5973
35033.5,6720.5,35077.3,6768.4,0.5970
22681.9,3584.5,22754.0,3642.7,0.5969
34.6,16680.5,64.5,16691.9,0.5967
9905.9,18785.3,9916.2,18798.6,0.5964
15460.6,29782.5,15521.1,29792.7,0.5964
31309.4,2498.3,31356.2,2530.0,0.5963
33782.2,7341.3,33823.2,7360.0,0.5962
19390.5,18168.0,19408.1,18187.1,0.5958
32243.9,8729.1,32326.4,8797.2,0.5957
10053.1,18882.4,10066.9,18893.9,0.5955
9519.4,19694.2,9539.7,19706.3,0.5952
32634.3,13741.8,32676.3,13760.0,0.5951
23675.6,16792.1,23698.3,16813.1,0.5951
34379.4,6757.7,34434.0,6813.0,0.5950
38230.0,10306.5,38264.8,10335.4,0.5949
38279.5,18664.2,38309.0,18708.1,0.5948
5274.7,18112.7,5312.4,18126.1,0.5941
57.2,32924.3,70.7,32936.5,0.5939
753.5,13022.5,772.4,13035.7,0.5937
31107.2,2487.2,31148.6,2510.5,0.5935
17146.5,28784.2,17161.3,28795.9,0.5935
615.8,30915.2,638.5,30927.9,0.5935
807.3,28473.3,820.5,28482.9,0.5927
10440.1,24972.2,10534.7,25086.2,0.5924
14521.9,24876.2,14586.2,24887.5,0.5922
31924.8,23847.1,32015.1,23906.9,0.5919
36109.3,9171.8,36159.6,9220.6,0.5918
2521.5,16175.9,2554.0,16189.4,0.5918
12996.4,26514.7,13067.9,26526.0,0.5915
5173.3,30564.1,5193.7,30575.0,0.5915
33009.6,7672.3,33055.1,7718.6,0.5913
5625.9,14622.2,5639.9,14642.3,0.5910
567.2,31642.2,582.9,31651.1,0.5908
36712.7,7984.5,36748.4,8000.0,0.5902
33202.0,5993.9,33277.3,6052.1,0.5901
29247.9,8528.8,29308.5,8587.6,0.5900
27150.8,9433.2,27198.6,9462.4,0.5897
35392.5,5944.0,35439.9,5984.3,0.5894
22356.2,30609.6,22418.0,30664.1,0.5891
13043.3,4295.1,13092.2,4323.2,0.5889
30705.7,3952.3,30719.0,3970.6,0.5886
36072.8,9259.2,36107.2,9281.9,0.5881
38278.2,18664.0,38339.1,18707.4,0.5881
7150.0,17202.7,7169.6,17221.0,0.5879
21688.4,27581.7,21745.5,27648.7,0.5879
6286.1,3889.9,6337.9,3916.2,0.5879
14259.4,25203.9,14289.8,25214.7,0.5878
19927.0,14431.6,19982.9,14484.3,0.5873
6411.0,16815.0,6424.8,16830.6,0.5872
32000.0,21087.6,32018.1,21120.0,0.5866
20744.7,1225.7,20800.0,1257.2,0.5862
36800.2,13342.5,36842.2,13399.9,0.5861
2850.5,23753.9,2878.7,23766.7,0.5860
37621.8,11020.5,37661.4,11063.9,0.5860
2242.0,17238.8,2254.4,17268.2,0.5860
23164.3,4672.9,23199.3,4706.4,0.5857
5854.6,29684.3,5899.3,29695.4,0.5857
17569.5,16851.6,17582.0,16865.3,0.5855
23621.6,232.8,23677.1,263.6,0.5848
209.8,21377.0,336.2,21439.8,0.5848
25038.1,6937.2,25069.3,6965.1,0.5846
26887.8,22506.6,26939.4,22562.2,0.5838
17505.9,2283.0,17516.4,2301.2,0.5837
38369.0,16885.4,38413.9,16915.3,0.5837
6069.8,4039.6,6114.5,4066.4,0.5834
23656.7,34888.3,23718.0,34952.0,0.5832
7362.1,26496.1,7479.0,26559.8,0.5830
34537.6,5937.3,34558.7,5972.5,0.5829
35816.2,3683.9,35875.3,3742.8,0.5829
38600.1,19336.3,38653.1,19376.7,0.5827
678.3,31064.2,702.6,31074.1,0.5826
14640.2,14395.6,14673.3,14406.6,0.5825
35172.6,124.2,35196.1,147.7,0.5824
33971.9,18908.9,34006.9,18934.0,0.5822
3399.6,16897.9,3412.7,16910.8,0.5821
26300.4,7763.6,26333.0,7796.4,0.5820
35755.2,14445.1,35814.6,14510.7,0.5820
33904.7,28351.4,33919.3,28386.1,0.5817
37978.5,16479.2,38051.8,16541.0,0.5815
32883.2,6266.1,32929.0,6305.4,0.5813
15596.6,13228.0,15630.3,13240.0,0.5810
36750.1,106.7,36770.1,139.2,0.5808
35964.2,14594.2,36005.5,14624.3,0.5808
33890.1,9828.7,33920.0,9883.7,0.5806
933.1,19679.5,1044.2,19794.6,0.5803
13791.8,32523.2,13838.5,32534.3,0.5800
3249.8,3824.2,3289.1,3840.0,0.5799
2957.2,13414.4,2975.0,13432.2,0.5798
3823.8,20745.0,3839.4,20796.6,0.5797
550.1,12416.7,562.1,12428.1,0.5796
2152.6,31831.6,2165.6,31841.3,0.5795
17249.1,171.3,17294.4,197.9,0.5795
35860.8,16720.3,35919.7,16782.2,0.5793
37355.8,7626.6,37411.9,7671.1,0.5793
14516.4,4003.1,14570.2,4035.2,0.5792
32771.0,21087.2,32797.4,21130.6,0.5789
18839.7,13200.6,18894.0,13252.0,0.5786
24492.9,4970.1,24534.7,5001.0,0.5784
1339.9,31774.6,1360.8,31791.3,0.5780
35688.0,19367.9,35727.6,19393.2,0.5767
24961.9,8436.2,24976.7,8465.2,0.5766
33371.9,13937.2,33413.7,13965.4,0.5766
24779.8,8446.1,24812.6,8476.2,0.5763
618.9,21076.3,639.9,21134.2,0.5762
17683.9,3162.7,17722.4,3188.5,0.5759
8890.2,25463.4,9011.4,25567.1,0.5758
20457.0,22217.6,20521.9,22289.6,0.5757
5415.0,25896.4,5528.7,26004.4,0.5755
13619.6,5553.7,13695.1,5611.8,0.5755
21954.8,2546.3,22002.0,2577.3,0.5755
33600.2,8131.2,33671.1,8189.8,0.5754
35849.1,18552.1,35872.0,18583.3,0.5752
36787.0,36049.2,36817.1,36078.7,0.5752
37166.4,10169.3,37223.6,10222.0,0.5751
34880.0,18900.7,34941.4,18939.7,0.5750
400.8,23682.2,513.8,23765.2,0.5750
36100.6,20870.9,36141.9,20914.8,0.5745
34283.5,5482.0,34311.9,5509.8,0.5744
3824.1,19399.3,3839.3,19455.9,0.5739
29026.7,11162.8,29049.0,11198.5,0.5738
6037.9,3849.9,6068.3,3880.9,0.5735
36111.0,9863.3,36159.4,9894.7,0.5734
11366.5,24132.3,11399.6,24143.8,0.5734
18705.3,3065.7,18772.5,3098.7,0.5731
33901.0,10087.0,33919.4,10142.9,0.5731
1159.4,6835.3,1204.8,6877.7,0.5731
2639.3,32012.1,2669.6,32031.1,0.5731
33215.5,8476.9,33245.6,8509.8,0.5728
25583.1,5813.3,25599.6,5852.6,0.5725
16214.8,21232.9,16245.6,21242.3,0.5723
33766.5,5456.4,33789.1,5482.8,0.5721
14075.1,27377.4,14117.5,27391.6,0.5718
945.5,14112.8,959.3,14121.9,0.5716
32533.3,11200.0,32639.2,11253.3,0.5714
22648.2,728.4,22718.9,808.2,0.5714
32911.5,3845.4,32967.8,3905.9,0.5711
1224.7,24879.9,1238.5,24891.7,0.5709
18167.4,5298.0,18239.4,5372.3,0.5709
20024.0,2579.9,20069.9,2612.6,0.5707
37011.6,7618.8,37044.6,7649.5,0.5700
22323.2,320.0,22392.1,345.3,0.5699
37305.5,2866.7,37361.3,2911.3,0.5699
11220.2,29062.2,11334.4,29133.8,0.5697
1326.8,31545.7,1342.5,31556.5,0.5696
2771.8,14223.4,2783.6,14234.7,0.5696
5257.4,20576.4,5375.2,20673.7,0.5691
35822.9,22080.0,35847.9,22102.9,0.5690
27538.4,3913.3,27618.0,3974.7,0.5685
13254.4,4114.2,13295.6,4136.1,0.5678
31386.4,641.6,31418.5,715.8,0.5675
18067.8,1189.6,18084.7,1208.1,0.5675
20595.7,3811.7,20630.5,3840.0,0.5674
7895.7,3217.1,7998.9,3273.7,0.5674
27339.9,5658.4,27393.7,5755.2,0.5672
10216.6,9785.5,10228.8,9798.0,0.5671
37330.7,15371.4,37388.6,15431.1,0.5665
4730.9,24343.4,4799.5,24403.6,0.5664
12672.3,12602.8,12691.2,12612.1,0.5664
35572.5,12160.7,35639.7,12201.4,0.5662
36746.4,5290.2,36797.1,5327.5,0.5662
32314.5,10593.6,32348.5,10623.8,0.5659
27428.3,2794.5,27452.5,2823.1,0.5659
4982.5,4314.3,5028.0,4329.9,0.5658
6801.2,27200.0,6914.2,27229.6,0.5654
34250.1,1667.5,34294.1,1697.6,0.5653
37450.5,6087.3,37478.2,6119.2,0.5651
2285.5,22911.3,2297.7,22922.1,0.5649
16897.0,19584.6,16910.5,19595.2,0.5649
1069.5,31942.5,1082.9,31952.9,0.5646
37652.5,6408.1,37678.2,6434.2,0.5646
7945.1,30347.8,7972.1,30359.0,0.5645
27205.5,2311.0,27283.3,2367.3,0.5643
34449.3,4118.8,34501.8,4182.4,0.5642
34331.2,7739.9,34382.8,7788.0,0.5641
21644.9,30920.9,21698.3,30985.1,0.5641
30006.3,3967.5,30049.3,3994.2,0.5638
12209.5,24471.4,12258.0,24482.5,0.5637
913.8,16290.1,938.0,16300.8,0.5635
31680.0,7542.3,31749.0,7617.9,0.5635
12441.7,13145.9,12475.0,13157.9,0.5634
15565.1,7748.8,15619.0,7794.2,0.5634
5778.4,23221.4,5790.1,23234.5,0.5633
14072.4,29440.0,14183.0,29510.2,0.5632
13299.8,14830.6,13348.0,14847.0,0.5632
36595.1,922.7,36644.8,949.4,0.5632
34012.2,14701.7,34063.2,14720.0,0.5631
20294.7,17852.6,20314.9,17865.3,0.5631
30022.8,8457.4,30055.1,8488.0,0.5624
35355.6,13807.4,35398.4,13853.3,0.5621
3246.5,15242.8,3260.0,15255.5,0.5619
7112.3,22260.8,7226.7,22324.7,0.5619
21189.3,10393.5,21242.1,10451.6,0.5615
26564.5,8874.1,26628.6,8935.6,0.5615
14173.3,25675.3,14231.0,25685.4,0.5614
1664.0,3439.7,1711.5,3531.3,0.5614
25382.0,33786.8,25451.6,33858.0,0.5613
234.1,17218.1,250.0,17233.5,0.5611
4636.5,19817.1,4691.4,19840.0,0.5608
6164.0,10600.1,6177.0,10614.4,0.5607
8786.4,32808.2,8799.4,32826.6,0.5603
24253.6,6537.3,24280.8,6556.9,0.5601
34560.0,19520.4,34597.2,19575.7,0.5600
17655.0,1898.4,17668.7,1917.6,0.5599
32172.8,10809.5,32248.8,10878.1,0.5598
30524.1,8223.8,30575.4,8277.6,0.5598
19462.0,4236.6,19515.2,4277.4,0.5595
22283.1,27981.0,22342.8,28033.0,0.5594
34003.9,8822.9,34041.7,8853.3,0.5593
36744.2,918.5,36785.5,949.7,0.5593
13622.7,4201.9,13664.1,4228.9,0.5592
2859.9,3912.7,2932.1,3964.7,0.5590
21512.0,27232.7,21571.4,27284.5,0.5589
37900.7,15272.1,37955.6,15326.6,0.5587
26495.5,7479.5,26559.9,7543.4,0.5587
13881.2,28375.9,13945.8,28391.5,0.5584
6816.9,3821.3,6849.6,3837.8,0.5580
9865.5,22605.9,9892.6,22631.8,0.5580
26937.4,2898.5,26978.3,2952.0,0.5579
19656.6,14083.3,19712.9,14136.4,0.5577
18837.4,3785.0,18880.0,3840.0,0.5575
17778.3,32127.6,17844.8,32147.1,0.5574
2994.0,13492.2,3004.7,13503.1,0.5572
10168.2,22719.8,10231.8,22747.1,0.5571
26052.3,3185.7,26095.1,3213.3,0.5570
37043.8,10259.0,37091.8,10296.1,0.5565
1915.3,24490.1,1931.5,24504.1,0.5565
19987.8,2730.6,20032.8,2759.8,0.5564
35567.5,12578.9,35590.7,12620.8,0.5564
8778.6,19976.2,8790.2,19985.6,0.5563
30907.7,3812.5,30946.6,3838.2,0.5561
16916.2,33528.9,16955.2,33541.5,0.5559
34622.5,21349.8,34650.8,21384.3,0.5557
38172.6,16444.3,38230.4,16495.5,0.5557
33682.8,11195.0,33766.9,11278.6,0.5556
3590.5,15419.5,3608.5,15435.0,0.5555
4821.5,20627.9,4935.2,20720.5,0.5552
11607.3,33976.2,11675.1,34038.4,0.5550
114.9,19992.8,128.0,20003.9,0.5549
30984.4,7033.2,31016.1,7064.8,0.5548
35693.4,19335.2,35732.6,19356.8,0.5547
7904.4,21351.6,7918.8,21364.7,0.5546
27689.1,22452.0,27707.3,22465.4,0.5542
21898.6,4239.5,21951.4,4270.5,0.5542
14484.9,29433.5,14587.4,29465.0,0.5540
7874.6,24705.4,7888.1,24714.8,0.5539
7268.2,27084.4,7360.0,27167.1,0.5535
13301.6,28563.9,13335.2,28576.5,0.5535
6560.7,20681.6,6576.4,20697.8,0.5530
27000.2,23396.5,27059.5,23435.5,0.5519
14753.4,32333.2,14787.4,32346.7,0.5518
13823.7,24303.5,13893.2,24316.9,0.5517
1777.3,28970.7,1809.0,28983.0,0.5516
34108.2,17740.3,34138.2,17763.3,0.5516
35688.0,25247.6,35704.3,25259.5,0.5514
216.1,28959.2,239.6,28970.7,0.5514
11200.9,18064.9,11224.4,18080.0,0.5514
27498.7,1722.1,27521.4,1740.6,0.5507
1876.8,15181.9,1905.5,15196.7,0.5505
38248.5,22561.2,38301.2,22600.2,0.5503
28209.4,5667.9,28256.3,5707.7,0.5502
9340.1,18703.6,9383.5,18715.9,0.5501
37395.4,21604.7,37440.0,21670.7,0.5497
1337.0,17318.5,1447.9,17382.2,0.5497
26103.5,8943.9,26134.6,8960.0,0.5497
37984.0,12212.4,38015.3,12251.0,0.5492
33650.2,3719.3,33697.9,3760.6,0.5492
16613.9,17855.2,16628.8,17865.7,0.5491
21639.8,25032.2,21692.3,25089.2,0.5491
24219.6,3327.8,24320.0,3404.6,0.5488
11183.0,26643.3,11199.8,26700.2,0.5487
19381.7,15937.0,19392.9,15946.2,0.5486
34658.7,12977.4,34689.3,13006.4,0.5486
36322.9,6105.3,36345.4,6122.8,0.5486
14569.3,19448.5,14596.8,19463.3,0.5486
33263.2,10182.7,33279.3,10250.4,0.5485
9900.3,11899.2,9933.0,11911.1,0.5480
9812.5,18460.1,9917.6,18483.7,0.5474
8583.1,28257.5,8639.4,28320.4,0.5472
33225.1,13817.7,33278.8,13867.1,0.5470
30488.8,8320.0,30599.4,8396.4,0.5469
38435.8,18689.1,38460.0,18727.7,0.5466
14971.6,7398.5,15032.6,7437.5,0.5464
19772.7,14845.1,19824.2,14901.8,0.5459
19283.1,2899.6,19330.6,2928.9,0.5456
19432.3,35692.3,19448.7,35703.4,0.5451
9481.1,25479.9,9590.5,25587.8,0.5451
18352.1,3009.3,18410.2,3037.9,0.5451
11805.0,17908.1,11854.4,17921.1,0.5451
23487.7,586.4,23539.2,638.8,0.5451
1182.3,20857.5,1280.0,20932.5,0.5450
19276.4,25652.1,19302.4,25664.8,0.5447
18356.4,3171.1,18401.4,3197.0,0.5446
1921.9,17600.4,1992.7,17673.4,0.5446
19620.6,20013.9,19633.8,20026.2,0.5443
38241.1,3019.3,38279.1,3043.7,0.5439
11207.9,28402.2,11325.3,28480.0,0.5436
35789.0,3305.3,35838.8,3334.3,0.5433
37842.3,7626.5,37910.1,7663.8,0.5431
21049.7,960.0,21118.4,990.5,0.5423
37980.1,14444.1,38015.9,14511.7,0.5420
33987.7,3555.6,34028.6,3581.0,0.5419
22738.1,4188.9,22756.1,4217.9,0.5419
28958.4,6122.4,29001.8,6156.8,0.5416
31333.4,12893.9,31359.7,12945.0,0.5416
10250.6,15902.8,10263.8,15915.9,0.5416
34124.7,17930.4,34146.0,17956.6,0.5416
31360.2,10633.2,31427.3,10711.4,0.5413
7164.0,29908.9,7202.0,29922.4,0.5413
8917.1,19222.7,8930.8,19234.1,0.5412
381.4,27858.4,401.9,27869.4,0.5410
12333.7,13044.4,12349.9,13057.2,0.5409
36316.5,20143.8,36331.5,20160.0,0.5409
1780.7,33097.0,1793.1,33110.7,0.5405
817.8,19780.8,936.2,19891.7,0.5403
1372.2,31552.0,1386.5,31563.6,0.5401
37836.9,9895.1,37867.2,9919.6,0.5401
12428.7,24597.1,12451.0,24610.0,0.5400
34454.3,13613.9,34518.9,13675.6,0.5400
28362.6,5304.5,28421.5,5356.2,0.5398
10880.0,5440.0,10946.7,5495.9,0.5398
158.6,1248.8,192.8,1266.4,0.5393
22700.8,19822.0,22719.7,19870.1,0.5393
18346.9,4160.1,18389.1,4199.4,0.5393
18026.2,3075.9,18061.1,3104.1,0.5391
2633.7,24738.1,2645.7,24750.0,0.5388
12059.6,10468.6,12074.8,10479.8,0.5388
6648.5,23522.6,6765.9,23623.2,0.5387
35203.9,9379.2,35256.9,9416.3,0.5386
32657.8,20241.5,32702.9,20279.4,0.5385
24542.4,7023.7,24580.7,7047.9,0.5385
25978.7,187.4,26020.6,222.6,0.5384
332.9,17225.7,346.1,17239.2,0.5380
4524.2,16222.0,4537.4,16235.5,0.5378
38512.0,7274.2,38555.4,7301.8,0.5373
31043.5,8623.5,31095.0,8640.0,0.5370
23958.9,2384.2,24016.2,2409.8,0.5366
22713.8,2527.0,22772.8,2621.4,0.5364
7323.3,403.0,7356.0,420.8,0.5363
29122.9,5991.4,29162.2,6024.3,0.5363
10145.0,20962.8,10158.8,20973.7,0.5362
24768.9,5864.7,24834.5,5939.6,0.5359
9822.2,4079.5,9863.2,4109.0,0.5358
22736.4,3767.8,22816.1,3836.3,0.5357
22481.3,2489.2,22520.0,2506.8,0.5353
23950.0,2573.4,24022.2,2639.5,0.5353
19052.7,3012.3,19094.3,3037.7,0.5350
31072.7,8960.0,31151.5,9021.2,0.5349
26063.3,585.5,26118.9,628.2,0.5345
28337.4,3723.2,28353.0,3769.0,0.5345
28958.4,8903.6,28986.8,8924.9,0.5345
35352.4,3474.7,35402.6,3505.1,0.5342
12496.9,29666.6,12529.9,29678.1,0.5338
14939.6,12643.7,14981.9,12654.1,0.5334
3049.5,15761.4,3064.3,15774.6,0.5334
38147.7,3025.7,38188.2,3051.9,0.5331
6317.6,21721.0,6397.8,21787.3,0.5331
37865.7,20449.1,37899.0,20488.9,0.5330
1483.5,23429.6,1593.1,23541.9,0.5327
34126.2,17674.1,34148.0,17701.4,0.5327
38324.6,10139.1,38399.0,10247.7,0.5327
6253.1,19402.5,6264.5,19412.1,0.5326
33459.9,25700.4,33494.3,25725.1,0.5326
36398.6,11014.1,36439.6,11081.6,0.5324
33962.2,6655.2,33992.5,6695.4,0.5324
35037.1,15621.9,35109.8,15680.0,0.5323
36711.5,4354.4,36748.4,4409.7,0.5321
34433.8,3482.2,34474.9,3510.5,0.5321
36870.6,3355.9,36916.7,3385.3,0.5320
3646.4,16931.1,3661.4,16947.8,0.5320
17574.6,14921.7,17585.6,14933.6,0.5318
3183.3,22316.0,3200.6,22329.5,0.5317
21815.0,19072.9,21904.2,19121.7,0.5314
29855.7,4314.6,29883.6,4338.6,0.5314
8214.5,30594.2,8234.2,30603.0,0.5313
36423.8,10125.6,36486.0,10177.5,0.5313
13712.4,22177.0,13757.7,22201.7,0.5311
24045.1,29857.6,24131.3,29931.9,0.5306
37325.8,14380.6,37359.2,14412.4,0.5304
196.3,14328.5,208.9,14341.7,0.5303
15435.6,15966.7,15517.0,15984.9,0.5303
37459.7,9478.9,37539.3,9579.6,0.5300
8017.2,32127.2,8048.6,32140.9,0.5299
18298.4,20688.1,18314.7,20698.7,0.5296
29266.9,10536.8,29311.9,10572.3,0.5294
36162.7,5691.6,36245.9,5753.7,0.5293
31642.0,613.7,31680.0,640.0,0.5292
5713.8,34489.1,5759.7,34541.6,0.5292
869.2,18191.1,960.0,18240.0,0.5288
13982.0,15878.0,14054.8,15904.2,0.5287
14763.0,20623.8,14798.9,20638.8,0.5286
15683.2,29386.1,15753.0,29402.6,0.5281
1220.3,29124.3,1235.8,29135.3,0.5278
8449.8,27337.5,8536.2,27449.3,0.5277
2827.6,34401.2,2874.5,34418.8,0.5277
29066.7,3772.4,29100.6,3797.5,0.5276
36259.6,20051.8,36269.5,20063.5,0.5276
20256.3,32899.0,20335.2,32959.9,0.5276
28314.2,4035.6,28361.5,4070.3,0.5273
28864.8,3804.0,28903.8,3834.9,0.5267
20629.4,7542.2,20707.5,7601.0,0.5266
1239.3,7520.1,1275.6,7543.5,0.5265
38569.3,19041.4,38605.3,19063.3,0.5262
12712.5,33177.5,12754.8,33193.7,0.5262
14588.0,3890.9,14627.3,3917.1,0.5259
33206.2,11416.9,33266.7,11467.4,0.5257
35542.6,15708.6,35573.1,15743.5,0.5257
36647.0,21418.9,36716.8,21513.0,0.5256
31025.7,8640.5,31039.7,8686.5,0.5254
13396.8,5808.8,13438.6,5841.3,0.5254
37695.0,14647.1,37758.9,14719.7,0.5253
37092.5,1105.9,37120.0,1150.8,0.5251
16107.4,32899.8,16160.2,32910.0,0.5249
1600.5,20658.3,1660.8,20750.7,0.5248
2897.4,19805.7,3014.7,19873.2,0.5248
14617.1,19233.1,14650.3,19247.1,0.5248
10223.2,3016.9,10239.5,3076.0,0.5244
1192.8,30339.0,1209.9,30350.4,0.5243
32128.8,12516.2,32194.3,12563.6,0.5243
17865.3,3100.5,17905.7,3127.7,0.5241
102.7,13248.7,113.6,13258.2,0.5238
36620.3,3763.1,36656.6,3814.5,0.5235
34442.9,15964.5,34506.3,16008.6,0.5235
13464.1,11938.6,13489.4,11949.6,0.5232
21342.9,794.5,21386.7,833.6,0.5224
34813.6,4480.7,34878.3,4586.9,0.5223
21939.6,2408.2,21981.7,2432.0,0.5222
14420.8,26733.0,14451.0,26771.9,0.5221
38428.5,20610.2,38450.6,20637.7,0.5218
35751.1,8353.5,35840.0,8404.5,0.5218
34673.9,5236.2,34704.6,5284.9,0.5217
9798.5,21775.8,9810.0,21786.0,0.5214
34686.2,3754.5,34719.0,3787.2,0.5214
21975.6,2350.9,22016.2,2372.0,0.5213
3898.1,15207.6,3909.3,15218.9,0.5213
18611.8,15685.2,18626.1,15696.2,0.5212
36924.4,12519.4,36959.4,12548.6,0.5212
36273.5,5882.8,36317.1,5917.3,0.5208
288.4,3478.4,326.0,3509.4,0.5205
27202.6,6355.8,27257.5,6395.2,0.5204
616.9,21033.0,727.6,21151.4,0.5203
6778.8,16877.6,6791.1,16890.8,0.5201
22046.5,1804.7,22066.9,1838.6,0.5200
4179.3,4322.4,4222.5,4357.2,0.5200
11700.6,25505.9,11750.3,25517.5,0.5199
37028.2,11247.1,37077.5,11295.3,0.5197
4096.6,4676.1,4155.9,4719.4,0.5194
37414.3,8960.0,37439.6,9003.5,0.5192
10787.2,4111.1,10823.4,4156.2,0.5188
35074.8,7351.4,35126.7,7394.1,0.5186
2843.4,497.9,2880.0,534.9,0.5183
12003.8,11651.2,12040.3,11661.7,0.5181
8089.2,30786.8,8142.1,30800.0,0.5180
2770.5,2724.0,2811.2,2757.3,0.5178
12570.1,27177.3,12614.6,27201.0,0.5175
14360.7,24362.2,14399.6,24375.9,0.5169
32469.3,3772.4,32505.9,3798.6,0.5169
24331.5,7471.8,24371.4,7503.2,0.5167
21033.9,22291.0,21095.8,22354.1,0.5163
20410.2,4651.7,20424.0,4681.9,0.5161
35520.1,16320.2,35541.9,16366.0,0.5160
36428.0,3401.4,36479.5,3434.9,0.5159
1625.6,17188.9,1745.5,17278.7,0.5158
10042.1,15206.8,10058.2,15221.3,0.5158
22087.6,26589.7,22193.4,26647.9,0.5155
27926.4,5306.3,27963.4,5331.8,0.5155
30440.1,8175.4,30489.8,8222.5,0.5152
14130.9,25376.5,14193.4,25408.4,0.5151
35295.3,17367.6,35323.1,17387.7,0.5151
20309.6,15699.4,20373.3,15757.9,0.5149
8041.5,3791.9,8084.4,3822.9,0.5146
1905.9,33428.3,1918.6,33438.6,0.5144
24046.5,9427.9,24090.4,9463.2,0.5143
26649.3,2447.5,26705.5,2491.9,0.5143
38059.8,15450.8,38139.2,15499.0,0.5142
2075.3,15840.5,2094.0,15851.5,0.5140
22404.4,1608.6,22447.2,1653.0,0.5138
27520.0,3929.2,27543.5,3973.7,0.5137
6017.9,3930.9,6059.0,3958.2,0.5136
29910.3,3978.5,29950.5,4008.3,0.5135
2140.1,34516.2,2169.6,34530.5,0.5135
689.9,31860.2,727.1,31882.2,0.5134
6529.9,22948.9,6549.7,22972.5,0.5130
7959.0,23752.8,8000.0,23827.3,0.5129
21482.2,746.4,21510.0,779.1,0.5127
5100.2,20480.0,5183.4,20519.9,0.5126
2543.2,15242.2,2578.5,15261.8,0.5125
13772.6,29339.5,13808.3,29351.1,0.5123
882.7,16788.5,897.1,16799.3,0.5122
14741.4,29282.8,14809.9,29294.2,0.5119
1625.8,15874.5,1638.7,15887.4,0.5113
13609.3,6936.8,13683.5,7000.7,0.5113
33339.4,4476.0,33376.4,4498.1,0.5113
38398.6,28103.8,38455.8,28116.2,0.5112
14337.9,23690.6,14399.7,23702.2,0.5112
9395.1,14689.2,9409.0,14699.5,0.5111
36251.0,21204.9,36302.1,21263.4,0.5110
13156.4,6667.3,13174.5,6696.9,0.5108
38266.8,10218.4,38344.8,10240.0,0.5107
29210.3,1918.1,29270.9,1988.3,0.5105
12300.3,19007.4,12357.3,19018.4,0.5105
35374.7,6017.0,35403.9,6039.2,0.5103
3932.1,36267.1,3971.0,36295.3,0.5101
11303.4,33776.1,11314.5,33787.4,0.5100
30973.1,8000.0,31000.2,8030.1,0.5098
33951.0,18856.5,33965.8,18874.3,0.5095
20386.9,930.8,20429.8,961.9,0.5093
34561.6,21312.3,34610.0,21370.6,0.5092
167.9,2370.2,186.8,2395.9,0.5090
5920.6,24416.0,5936.6,24438.3,0.5090
3382.4,31950.7,3393.3,31961.8,0.5087
35559.9,9583.9,35600.6,9600.0,0.5085
20801.8,5860.6,20883.0,5967.3,0.5084
33882.3,11120.6,33949.8,11200.0,0.5083
21848.5,17595.0,21909.9,17668.5,0.5083
36902.2,6440.6,36931.3,6468.4,0.5081
24380.9,3575.0,24410.5,3637.9,0.5080
27449.8,5202.2,27488.0,5231.9,0.5080
1700.7,31671.8,1712.9,31680.8,0.5080
16943.9,11634.8,17007.5,11684.4,0.5079
31595.9,12347.5,31633.7,12375.8,0.5077
10038.5,20008.4,10049.1,20018.2,0.5070
26051.8,3183.2,26094.2,3200.0,0.5070
24259.4,2441.9,24320.0,2485.8,0.5066
35355.7,6438.4,35409.9,6483.7,0.5065
32011.9,8935.5,32045.0,8970.7,0.5065
28523.5,25492.1,28555.3,25505.9,0.5064
28076.0,10498.8,28113.4,10555.9,0.5061
27748.5,24041.3,27769.3,24053.8,0.5060
30476.4,3846.8,30517.8,3868.3,0.5059
30091.8,3801.0,30138.0,3830.4,0.5058
6165.0,19168.5,6179.9,19182.7,0.5056
13405.0,23876.9,13436.8,23890.4,0.5055
33752.5,8877.4,33813.4,8930.3,0.5055
4308.2,14994.7,4331.1,15010.5,0.5055
1643.4,28961.0,1655.3,28971.3,0.5055
1438.2,25322.5,1452.4,25333.7,0.5054
7375.4,17136.9,7392.2,17150.6,0.5052
7959.2,23767.5,7993.6,23800.2,0.5051
35909.4,14361.9,35940.8,14410.6,0.5051
13717.7,28312.5,13755.8,28325.8,0.5051
30369.9,6859.8,30410.4,6890.5,0.5050
122.8,17148.2,169.4,17162.6,0.5050
38451.7,2711.9,38476.0,2750.7,0.5047
10520.6,18644.7,10558.4,18656.0,0.5047
10906.0,25637.6,11013.1,25758.0,0.5044
31418.0,4194.9,31475.3,4272.8,0.5043
37339.9,17246.7,37364.7,17280.0,0.5043
2337.0,154.6,2382.9,181.6,0.5035
2451.1,18839.9,2496.9,18887.6,0.5034
34282.8,3848.8,34337.4,3869.6,0.5033
1738.7,30286.0,1768.4,30307.0,0.5033
35763.0,5784.6,35792.1,5850.7,0.5033
7503.8,13159.5,7516.6,13169.0,0.5031
33280.0,3520.0,33302.9,3559.8,0.5031
25276.9,29198.5,25333.3,29255.3,0.5027
2863.1,26201.6,2879.5,26246.4,0.5026
38567.4,19139.1,38585.4,19149.8,0.5026
688.5,31860.5,726.5,31870.6,0.5024
35746.9,19139.9,35780.0,19163.8,0.5024
3565.8,23176.7,3577.4,23191.9,0.5024
21634.3,1012.7,21683.8,1049.8,0.5023
7216.2,3919.5,7264.0,3930.6,0.5020
6435.8,32116.2,6454.0,32128.4,0.5020
28425.0,3843.6,28479.6,3867.2,0.5019
11030.0,20394.1,11071.0,20408.3,0.5018
32052.5,20461.9,32079.1,20480.0,0.5014
9794.2,21560.7,9822.3,21571.7,0.5013
17762.0,26056.9,17798.4,26073.8,0.5011
37609.4,18950.5,37645.7,18974.5,0.5011
9970.7,24184.4,10008.0,24195.6,0.5011
33315.3,29156.9,33387.0,29194.2,0.5009
7041.2,26122.1,7108.4,26186.2,0.5006
37646.8,19117.5,37670.7,19154.8,0.5005
4381.5,16784.3,4392.0,16793.9,0.5003
25108.7,28619.4,25166.4,28677.0,0.5003
3036.5,24422.3,3048.9,24432.7,0.5002
9188.3,22338.7,9229.0,22350.2,0.5002
14250.8,19351.7,14313.3,19379.5,0.4997
1006.9,14575.6,1039.2,14585.1,0.4996
37697.5,13713.7,37730.3,13752.1,0.4995
6996.7,1434.7,7039.9,1471.7,0.4993
15107.5,30934.8,15133.7,30946.1,0.4992
13533.3,4072.0,13578.1,4100.5,0.4991
7847.0,31951.5,7894.8,31962.0,0.4990
37310.5,10560.0,37332.9,10589.5,0.4989
28062.1,5095.7,28119.6,5169.5,0.4987
37860.0,21753.9,37918.0,21797.5,0.4986
25011.0,5213.6,25060.4,5244.0,0.4986
3101.0,30638.2,3112.3,30655.6,0.4985
3033.9,2947.9,3092.2,2979.6,0.4984
37027.2,18905.9,37060.6,18930.3,0.4983
26226.3,35451.2,26239.2,35470.9,0.4980
26171.9,8809.5,26237.7,8879.7,0.4979
5610.9,19234.9,5633.9,19246.5,0.4977
33208.5,14080.8,33276.6,14172.1,0.4976
11234.2,10995.3,11258.0,11005.9,0.4976
23165.1,7018.8,23197.4,7035.1,0.4973
35468.1,16673.7,35507.9,16704.0,0.4973
11399.4,18451.0,11429.1,18462.9,0.4971
14659.0,15443.3,14706.7,15456.7,0.4968
36368.9,5898.6,36419.7,5975.1,0.4968
14553.6,7010.8,14628.8,7121.3,0.4967
12842.4,4307.6,12888.1,4341.1,0.4967
34658.7,3303.6,34704.4,3333.5,0.4966
2062.5,28737.0,2082.2,28746.7,0.4964
7873.0,24690.0,7887.9,24715.5,0.4964
37306.7,6106.8,37377.4,6171.6,0.4964
20313.8,4454.6,20332.2,4479.8,0.4963
33195.9,3565.4,33259.2,3602.1,0.4961
34560.0,11840.0,34626.4,11956.1,0.4961
6460.4,3859.4,6508.0,3885.8,0.4960
37981.5,14383.0,38011.2,14400.0,0.4959
35653.5,18913.9,35700.9,18944.7,0.4957
26808.7,22524.7,26830.2,22541.3,0.4955
35811.0,25686.1,35858.3,25710.9,0.4953
32086.8,26430.2,32111.1,26447.8,0.4952
26465.5,11715.4,26492.9,11732.9,0.4951
13594.1,25796.0,13646.1,25809.2,0.4950
17670.9,1861.6,17686.5,1882.0,0.4946
24658.1,6170.9,24675.7,6194.1,0.4945
28408.2,34727.2,28449.1,34759.8,0.4944
17411.7,33160.5,17500.8,33179.4,0.4942
11372.0,23504.7,11436.2,23516.7,0.4942
31968.9,5731.6,32000.0,5795.7,0.4942
7023.6,17205.9,7037.0,17216.7,0.4941
38235.4,13463.7,38265.4,13500.7,0.4941
29506.9,6211.6,29545.0,6248.2,0.4939
34352.3,17656.8,34371.2,17683.3,0.4939
2791.7,26210.7,2815.7,26218.6,0.4939
8454.6,14840.4,8466.6,14851.2,0.4938
23821.0,28558.4,23876.7,28611.3,0.4937
20666.7,2374.0,20708.7,2403.7,0.4937
8786.4,26268.0,8800.7,26281.0,0.4934
10939.0,4120.4,10998.9,4162.0,0.4933
25243.9,5294.3,25281.8,5321.4,0.4933
13400.4,28616.2,13437.3,28626.2,0.4933
2412.0,14674.0,2425.0,14682.9,0.4930
27239.1,5320.7,27277.2,5343.3,0.4927
17086.5,18220.1,17117.5,18232.4,0.4927
34160.1,17805.2,34190.4,17843.3,0.4922
35452.0,745.7,35492.2,788.7,0.4917
30827.0,3960.3,30899.3,3994.4,0.4917
19602.2,2848.6,19648.8,2861.5,0.4915
13997.3,4124.6,14045.9,4139.4,0.4913
5366.4,31298.0,5393.2,31307.1,0.4911
12879.9,26434.9,12927.7,26446.1,0.4911
1495.4,32194.1,1510.9,32202.8,0.4910
31461.6,20013.8,31539.6,20067.7,0.4909
21992.6,36415.9,22065.7,36479.7,0.4905
19922.9,2771.0,19969.9,2784.4,0.4905
38598.3,15532.9,38656.0,15561.2,0.4904
10779.5,5524.5,10788.3,5547.1,0.4903
2860.3,3915.5,2879.9,3974.9,0.4899
18755.8,35145.4,18822.0,35167.9,0.4896
28363.4,3665.5,28421.3,3702.9,0.4894
38491.4,12800.0,38542.4,12822.7,0.4893
36317.5,18713.0,36341.1,18732.6,0.4892
10057.2,25203.8,10104.7,25215.7,0.4891
14080.3,6349.9,14138.5,6423.2,0.4890
24571.3,7040.0,24652.5,7053.1,0.4888
5708.0,20185.5,5759.0,20253.8,0.4888
5065.7,31962.9,5111.6,31975.1,0.4887
38484.8,16751.3,38542.9,16810.2,0.4882
907.8,24498.0,959.5,24582.0,0.4880
4800.0,20267.5,4871.3,20344.8,0.4880
33532.0,4354.6,33600.0,4389.1,0.4876
7249.9,33727.1,7299.9,33772.9,0.4872
21532.6,2251.1,21572.9,2271.7,0.4872
5531.4,4028.2,5575.7,4055.5,0.4870
1845.6,21994.0,1963.8,22077.4,0.4870
1898.7,33740.1,1922.5,33753.0,0.4870
14317.5,19881.2,14392.5,19892.5,0.4865
12883.0,6288.1,12899.9,6298.1,0.4864
531.6,27377.6,544.7,27386.1,0.4864
2156.7,25722.8,2170.0,25734.2,0.4863
16828.7,12395.1,16847.1,12413.1,0.4863
23027.2,29341.7,23089.7,29393.9,0.4862
35439.4,5947.3,35517.7,6007.2,0.4858
35520.2,5650.6,35565.9,5703.7,0.4858
21967.9,22755.6,21982.8,22768.5,0.4857
2153.8,31831.3,2175.0,31843.3,0.4852
36163.0,8137.1,36179.3,8158.0,0.4852
30604.3,22059.8,30659.3,22080.0,0.4850
495.3,34983.2,509.8,34993.1,0.4850
955.5,28346.7,971.4,28358.7,0.4843
8405.9,32650.9,8424.8,32666.0,0.4837
37068.0,22110.3,37119.5,22164.7,0.4836
13178.2,12282.3,13212.2,12293.2,0.4831
37425.7,10496.9,37439.7,10528.3,0.4829
11774.8,18035.0,11830.5,18045.6,0.4828
14517.3,18912.6,14575.9,18922.9,0.4828
38348.7,1581.0,38376.6,1645.3,0.4825
36541.9,15040.0,36612.1,15071.0,0.4823
30172.8,16457.8,30275.4,16530.9,0.4823
5633.4,17777.5,5645.5,17789.6,0.4821
37053.0,18157.5,37073.4,18187.6,0.4819
31905.7,3702.4,31947.4,3723.8,0.4819
13978.1,6802.3,14080.0,6852.1,0.4819
36130.7,5859.9,36176.6,5902.4,0.4815
32195.6,14358.4,32245.3,14391.0,0.4815
21130.8,24960.2,21198.2,25011.8,0.4814
14202.2,14277.5,14242.7,14291.0,0.4812
17816.0,33184.9,17848.7,33194.9,0.4811
38297.9,5120.0,38375.0,5189.8,0.4811
35893.9,35201.8,35921.2,35233.0,0.4810
11090.0,20091.3,11102.3,20102.6,0.4810
5558.7,10607.9,5570.5,10618.3,0.4810
26123.8,3516.0,26163.2,3538.7,0.4809
12714.7,17763.5,12778.0,17775.5,0.4807
626.9,21120.0,690.5,21153.7,0.4805
14772.1,25137.8,14821.0,25147.7,0.4804
525.3,31931.0,538.9,31941.8,0.4804
36995.5,5583.2,37026.8,5629.3,0.4803
21184.5,4232.8,21262.1,4298.9,0.4799
18710.3,2889.5,18758.3,2918.5,0.4797
28746.9,1840.2,28799.0,1919.1,0.4797
6730.1,35823.9,6776.0,35840.0,0.4793
34504.9,2211.8,34598.3,2280.3,0.4792
33636.1,21937.6,33693.3,21989.3,0.4788
35788.7,24990.7,35831.4,25037.3,0.4788
4120.6,4595.3,4159.4,4621.0,0.4788
36445.5,1032.4,36480.0,1054.5,0.4785
17898.1,36012.9,17956.7,36081.2,0.4784
33869.6,18161.7,33931.6,18193.0,0.4782
6976.8,22080.0,7009.0,22091.5,0.4781
9594.7,13843.4,9609.3,13855.5,0.4781
9249.9,4010.7,9293.4,4036.1,0.4776
12793.0,34259.7,12847.4,34271.6,0.4775
28278.0,34195.1,28296.5,34210.6,0.4774
19660.5,21641.6,19673.1,21654.0,0.4773
4031.2,17395.1,4043.6,17410.2,0.4773
9429.4,24398.8,9441.5,24409.5,0.4773
11613.1,18234.5,11655.2,18245.5,0.4772
22161.5,6617.5,22208.8,6670.2,0.4772
10235.9,16482.1,10257.7,16492.0,0.4767
27688.9,2832.1,27700.8,2851.8,0.4766
36347.1,13440.0,36405.2,13481.6,0.4765
11761.6,26178.9,11859.7,26240.0,0.4765
10729.0,4071.9,10785.4,4112.0,0.4764
843.7,31178.9,877.9,31188.7,0.4763
30955.2,7456.0,31006.5,7498.3,0.4761
12051.4,28962.3,12082.4,28975.1,0.4760
5181.0,11396.7,5192.0,11407.7,0.4760
31877.8,4168.0,31927.8,4207.6,0.4759
23017.5,30391.9,23077.8,30455.1,0.4758
562.8,28098.9,580.6,28109.5,0.4758
28275.4,25262.5,28288.3,25282.6,0.4757
11160.5,15768.7,11192.6,15780.5,0.4757
14524.4,24620.8,14583.4,24637.4,0.4756
2007.3,5440.0,2067.0,5472.3,0.4753
21690.9,5440.0,21759.6,5470.6,0.4753
34557.6,25843.8,34575.7,25867.0,0.4751
4175.6,16259.5,4196.3,16269.6,0.4751
960.3,28161.7,978.1,28177.6,0.4750
33845.7,7116.8,33872.0,7154.2,0.4750
34457.8,2752.7,34507.2,2801.2,0.4749
34317.1,2103.5,34364.4,2139.9,0.4748
21760.0,5711.9,21823.5,5796.0,0.4747
37632.0,6532.0,37673.3,6591.0,0.4747
5249.5,15746.4,5271.0,15758.2,0.4747
37073.4,6720.0,37120.0,6791.6,0.4739
31537.4,5499.5,31573.5,5546.8,0.4736
38284.5,7282.0,38327.2,7312.2,0.4734
27138.7,7334.4,27170.3,7359.6,0.4733
4642.4,271.3,4710.3,338.4,0.4733
21454.0,1597.4,21492.6,1620.4,0.4732
15765.4,9222.2,15789.8,9244.2,0.4730
4398.9,19840.6,4477.4,19891.9,0.4730
36631.6,1529.6,36647.8,1555.2,0.4730
33818.6,3483.2,33858.4,3506.2,0.4729
7471.3,24578.2,7482.3,24587.8,0.4728
14079.0,27436.4,14133.3,27451.8,0.4728
30603.7,28823.9,30652.8,28867.0,0.4728
36920.1,2025.2,36945.1,2063.0,0.4726
33601.3,28160.0,33672.3,28193.8,0.4726
35364.0,15136.9,35415.5,15212.3,0.4726
17294.9,32076.0,17397.3,32099.9,0.4725
26277.1,546.4,26344.0,583.2,0.4722
29707.4,12592.2,29760.0,12639.7,0.4714
26613.3,2304.6,26676.2,2354.9,0.4714
10845.0,26607.8,10962.8,26716.5,0.4712
5458.9,24516.1,5486.8,24528.7,0.4710
11024.9,21320.6,11081.0,21333.2,0.4709
5016.7,20800.1,5106.3,20828.8,0.4707
34231.0,35210.0,34255.1,35235.2,0.4707
36922.0,17263.8,36943.8,17280.0,0.4703
4129.6,36806.8,4174.2,36834.7,0.4702
1275.8,26984.5,1289.9,26994.5,0.4701
20423.5,3455.3,20478.6,3494.1,0.4693
5268.3,4090.0,5330.9,4120.7,0.4692
28394.5,9848.1,28424.6,9881.9,0.4691
32226.7,24209.2,32288.0,24258.6,0.4691
1538.4,2818.2,1598.5,2879.3,0.4690
2846.0,28686.5,2896.5,28702.9,0.4690
37063.8,15385.7,37118.9,15421.6,0.4687
36047.6,5680.0,36102.2,5750.2,0.4685
27436.0,3690.8,27472.5,3719.0,0.4682
15139.8,3740.6,15176.0,3764.0,0.4679
36618.3,21068.2,36656.2,21092.8,0.4679
28208.8,10369.4,28250.8,10419.1,0.4678
34809.5,9239.8,34852.0,9272.9,0.4677
3090.0,34707.9,3106.7,34721.2,0.4677
2457.0,24816.9,2468.5,24825.8,0.4674
18066.7,15801.5,18079.2,15818.4,0.4673
32779.0,8821.7,32814.4,8853.8,0.4673
14172.2,11697.4,14206.4,11714.1,0.4672
7027.4,33940.0,7063.4,33982.0,0.4672
21760.4,5760.2,21817.3,5797.7,0.4669
12442.2,32745.7,12455.0,32761.9,0.4668
10808.3,21259.0,10850.1,21269.7,0.4667
35556.3,12725.4,35608.2,12777.5,0.4665
29438.6,10001.2,29456.7,10018.2,0.4661
34888.2,21730.2,34946.8,21789.9,0.4658
31642.0,612.9,31680.0,670.2,0.4658
26220.5,552.7,26266.4,593.3,0.4657
23854.0,22989.8,23881.2,23006.1,0.4656
27423.5,25543.1,27453.2,25568.9,0.4656
2822.9,2240.0,2879.2,2252.6,0.4654
15571.5,29918.1,15623.1,29935.4,0.4654
38480.5,279.5,38531.0,303.8,0.4651
33280.3,3021.6,33336.6,3087.8,0.4651
26399.5,904.3,26441.5,937.0,0.4648
18971.9,3861.2,19021.8,3930.0,0.4647
3209.0,20169.1,3334.9,20260.2,0.4645
28909.4,24110.7,28936.4,24133.3,0.4644
2098.4,33769.5,2133.1,33782.4,0.4644
17533.0,2164.0,17570.7,2199.7,0.4643
21267.1,4722.0,21284.5,4745.7,0.4641
34446.9,4098.1,34503.8,4159.7,0.4640
2142.6,3912.5,2183.7,3952.0,0.4636
32060.1,7649.2,32105.9,7685.3,0.4634
15224.3,32185.9,15336.8,32286.5,0.4633
20827.9,19375.6,20877.4,19424.8,0.4633
1357.0,34480.8,1391.3,34491.6,0.4632
8164.1,384.3,8180.6,406.5,0.4627
35562.8,9585.9,35597.7,9611.5,0.4626
195.9,16863.3,237.8,16882.2,0.4626
10092.4,29025.3,10120.1,29034.1,0.4624
8255.5,3933.9,8299.8,3963.3,0.4622
28659.3,17662.1,28668.5,17687.2,0.4621
28702.0,24057.3,28717.4,24070.2,0.4619
1607.0,5977.1,1634.1,6021.9,0.4618
14286.2,26790.5,14331.4,26804.0,0.4614
17098.8,19245.6,17159.6,19266.1,0.4612
36475.2,8640.0,36527.9,8662.6,0.4612
19770.0,8894.4,19838.1,8960.0,0.4610
37075.7,8399.6,37092.7,8417.4,0.4607
23652.8,4099.6,23678.2,4134.2,0.4607
16521.7,9862.1,16548.8,9889.0,0.4606
22282.8,19133.9,22335.7,19184.3,0.4604
6897.2,25822.8,7015.9,25910.4,0.4600
20283.2,34251.7,20355.5,34319.7,0.4599
32624.0,5370.2,32639.5,5410.9,0.4597
32653.0,29041.8,32683.5,29073.1,0.4597
17804.0,30335.2,17875.3,30367.1,0.4597
37810.7,8218.1,37883.2,8268.2,0.4595
16434.0,17199.7,16451.7,17214.0,0.4594
36286.4,18824.1,36316.4,18843.1,0.4592
34.4,4889.5,83.9,4911.9,0.4591
24296.3,28560.9,24351.1,28619.3,0.4587
36385.3,5704.0,36432.3,5743.2,0.4587
29195.6,22253.0,29225.1,22278.7,0.4580
1957.0,31454.3,1982.5,31467.5,0.4580
14155.8,21414.8,14208.3,21432.1,0.4579
32786.9,11456.3,32808.2,11472.5,0.4576
36062.0,2987.5,36139.3,3028.6,0.4576
30335.0,12531.6,30395.5,12579.0,0.4576
21152.9,23026.3,21186.1,23052.3,0.4570
38188.1,340.2,38216.2,367.2,0.4570
1306.3,23680.4,1382.1,23722.4,0.4569
33621.2,7743.4,33676.4,7790.7,0.4566
16616.2,18148.2,16636.0,18161.7,0.4563
2297.0,35116.1,2312.4,35126.3,0.4563
9731.9,4143.5,9792.6,4160.0,0.4563
37867.4,7429.5,37913.1,7495.0,0.4559
17912.5,16517.9,17929.1,16528.5,0.4559
14098.5,34384.4,14113.6,34399.6,0.4558
38507.1,10832.3,38572.6,10880.0,0.4554
24610.0,6215.3,24628.7,6245.3,0.4554
26602.9,1416.6,26687.5,1479.3,0.4553
20565.7,5760.0,20661.7,5815.5,0.4552
14835.7,3931.5,14888.6,3964.5,0.4550
10674.1,23233.9,10699.7,23245.3,0.4549
14242.9,32369.3,14297.5,32381.4,0.4548
9875.2,4722.8,9919.4,4759.8,0.4546
1987.8,17466.7,2006.2,17477.6,0.4546
4044.9,13068.5,4068.4,13079.8,0.4546
12956.0,23683.6,12997.3,23696.6,0.4546
18785.9,31882.1,18820.5,31893.8,0.4544
144.9,30817.5,157.4,30826.5,0.4543
9761.4,14396.5,9775.0,14413.0,0.4536
38467.3,14080.0,38522.2,14126.5,0.4533
19489.1,2707.9,19529.6,2736.4,0.4532
14439.7,20726.2,14482.8,20748.8,0.4527
14113.8,29408.8,14174.6,29440.0,0.4524
31479.6,10334.1,31519.2,10367.0,0.4522
27109.2,24044.2,27177.9,24056.4,0.4522
14476.3,3931.5,14516.7,3957.2,0.4521
38276.0,14767.8,38310.2,14806.0,0.4521
38613.4,3120.7,38656.0,3153.1,0.4521
37081.8,4138.8,37120.0,4175.7,0.4519
7792.6,26072.4,7810.2,26081.4,0.4518
20308.2,26186.6,20334.9,26201.7,0.4517
23097.7,31377.5,23163.5,31459.0,0.4516
13613.9,11616.4,13702.4,11635.6,0.4514
37325.6,14381.4,37378.8,14400.0,0.4512
34360.9,8729.4,34457.7,8812.4,0.4511
4532.9,19289.1,4545.9,19300.2,0.4508
17501.2,2403.5,17516.2,2425.6,0.4508
32766.5,11859.9,32787.6,11878.9,0.4504
3331.0,17115.0,3351.0,17126.4,0.4504
30434.6,6873.5,30473.4,6903.4,0.4501
11427.5,4154.1,11465.6,4178.5,0.4499
36325.9,9803.2,36373.2,9846.3,0.4499
38033.5,16618.9,38075.8,16667.0,0.4496
3757.8,28916.3,3769.2,28927.1,0.4496
37848.6,11025.9,37888.8,11063.8,0.4494
36499.2,17687.6,36519.6,17713.5,0.4492
13601.9,34902.0,13667.2,34916.0,0.4491
29879.2,3822.5,29937.7,3840.0,0.4490
27941.4,6933.5,27974.2,6963.5,0.4490
21237.7,20335.4,21287.4,20389.9,0.4485
10673.1,19082.7,10716.4,19093.1,0.4485
31438.6,23862.9,31463.2,23884.1,0.4484
1489.6,30456.0,1514.7,30470.0,0.4484
4075.3,21132.0,4158.1,21211.8,0.4483
1299.8,23609.0,1412.5,23677.6,0.4482
32271.6,11051.6,32320.0,11077.8,0.4479
17676.1,16863.0,17690.2,16875.2,0.4475
28388.5,35780.9,28442.3,35814.6,0.4474
34673.2,1988.8,34722.2,2020.0,0.4470
4924.2,18304.8,4948.5,18317.8,0.4470
11768.1,21724.9,11783.7,21743.2,0.4466
16530.6,28283.9,16564.6,28293.8,0.4466
35658.0,1899.8,35684.0,1936.9,0.4466
2406.5,24702.7,2418.1,24713.4,0.4466
36496.0,3348.8,36537.2,3371.8,0.4466
36783.4,50.0,36831.4,77.5,0.4466
22050.5,2615.9,22094.3,2644.1,0.4465
28555.5,5547.9,28608.0,5607.5,0.4464
5437.7,2954.0,5543.7,3056.8,0.4464
21929.9,26709.4,21991.6,26784.3,0.4463
13811.0,11180.1,13827.0,11191.5,0.4463
1920.0,30341.3,1938.6,30400.0,0.4462
35983.1,3427.4,36024.2,3453.4,0.4461
28384.2,11900.1,28438.3,11957.0,0.4460
27149.9,9484.2,27169.2,9509.0,0.4460
22315.5,2335.0,22358.5,2357.1,0.4458
501.3,17562.8,516.2,17575.0,0.4456
5228.7,33131.1,5282.3,33186.6,0.4452
31040.0,16960.4,31081.6,17010.8,0.4452
4681.7,28362.5,4694.1,28371.3,0.4451
9969.7,21647.3,10009.8,21660.7,0.4450
686.8,6218.7,724.5,6249.8,0.4447
35641.5,3359.5,35680.2,3386.6,0.4447
947.1,22627.2,959.6,22653.5,0.4446
16970.3,16570.9,16989.0,16583.3,0.4445
33234.8,28233.4,33248.2,28256.8,0.4445
8286.3,15179.3,8313.0,15190.7,0.4440
20967.7,32882.0,21043.4,32958.9,0.4437
38157.0,14400.2,38214.1,14432.2,0.4435
35184.9,4855.8,35198.9,4902.6,0.4434
30798.5,7680.0,30870.4,7710.2,0.4433
38328.6,16243.5,38384.7,16270.8,0.4432
26422.6,13939.9,26441.0,13960.9,0.4432
13250.0,31872.2,13279.1,31885.4,0.4432
36277.5,19025.4,36292.1,19043.8,0.4430
30763.0,3637.1,30816.6,3674.6,0.4430
32000.0,2560.0,32054.7,2631.8,0.4429
33920.0,19454.2,33964.4,19484.7,0.4428
7629.0,34927.4,7721.6,34986.9,0.4426
33142.8,20642.9,33169.1,20667.3,0.4425
22322.7,2265.4,22363.2,2284.2,0.4424
20073.9,15260.3,20132.9,15323.5,0.4423
20674.3,21669.7,20721.8,21730.6,0.4423
16595.5,14922.8,16635.6,14935.6,0.4421
32062.1,32741.2,32109.0,32761.8,0.4419
36690.6,8361.7,36733.5,8399.5,0.4418
22.6,22920.7,148.4,23020.7,0.4418
13896.1,4144.9,13969.3,4177.7,0.4418
7792.1,26071.9,7830.5,26087.7,0.4415
24645.9,2996.7,24686.3,3025.3,0.4415
13742.8,31252.2,13766.3,31263.9,0.4412
22316.5,29222.0,22371.5,29288.2,0.4412
32221.3,16351.9,32246.5,16381.8,0.4412
37864.9,31713.8,37933.3,31765.5,0.4411
25850.9,3033.8,25891.7,3059.7,0.4403
31809.1,3939.0,31849.6,3963.0,0.4402
14087.1,14772.3,14105.5,14783.5,0.4401
15640.1,24563.9,15674.3,24575.2,0.4398
38283.9,15026.0,38316.6,15061.6,0.4397
27476.8,24820.1,27494.0,24835.3,0.4395
13635.8,4090.3,13692.6,4120.8,0.4394
31968.3,3873.3,32038.0,3932.0,0.4393
6806.0,18084.2,6819.9,18096.4,0.4392
2990.5,13872.8,3005.1,13885.4,0.4387
28800.3,7730.1,28843.5,7784.5,0.4386
18113.2,22764.3,18160.0,22776.2,0.4386
27305.2,21686.9,27366.0,21735.6,0.4384
34669.7,21696.5,34728.1,21757.5,0.4384
6520.2,19001.3,6563.3,19025.4,0.4384
24820.7,5429.0,24853.6,5450.9,0.4383
17136.7,18242.8,17149.9,18258.9,0.4380
29834.3,22491.2,29891.9,22553.8,0.4379
18565.9,2880.3,18608.8,2930.2,0.4379
11921.6,26534.0,11979.4,26560.0,0.4378
38454.4,18337.1,38532.7,18389.1,0.4378
12607.9,11626.8,12624.2,11634.8,0.4376
27643.0,5866.9,27696.3,5907.6,0.4376
37112.1,3167.3,37166.4,3200.0,0.4375
34510.3,11166.4,34560.0,11200.0,0.4374
32320.6,8235.2,32346.3,8268.2,0.4372
28239.4,12094.5,28325.5,12159.6,0.4372
33495.9,2216.8,33557.3,2240.0,0.4370
37840.0,4480.0,37892.5,4538.0,0.4370
8411.0,22432.1,8450.1,22445.7,0.4369
37226.3,3161.4,37274.5,3202.8,0.4369
33229.4,28316.5,33280.6,28365.9,0.4368
366.2,30927.6,377.5,30939.9,0.4366
38225.8,11696.7,38284.7,11745.5,0.4366
32423.3,3685.5,32464.7,3715.0,0.4365
8402.2,21675.9,8422.1,21687.4,0.4364
34838.9,9150.9,34877.0,9179.4,0.4364
31458.8,3779.7,31471.4,3829.5,0.4353
36939.9,6926.6,36994.5,6987.3,0.4350
5394.0,30715.3,5408.9,30725.5,0.4349
2909.0,2740.0,2926.6,2751.7,0.4348
26594.9,2458.9,26621.8,2493.4,0.4348
3148.3,18727.3,3198.7,18791.3,0.4344
11920.4,32889.8,11951.8,32903.6,0.4343
35311.3,3645.7,35382.5,3704.0,0.4338
33984.0,34006.5,34000.9,34025.5,0.4338
17595.7,29564.1,17623.9,29576.4,0.4338
35279.9,2072.0,35363.3,2135.0,0.4336
12107.1,10673.5,12139.2,10685.8,0.4336
21660.3,36321.1,21730.4,36390.3,0.4334
22990.9,8502.9,23039.6,8548.5,0.4333
18517.6,3210.5,18551.1,3232.8,0.4333
3235.1,19671.0,3359.1,19774.4,0.4333
11697.4,24495.9,11725.4,24508.0,0.4333
9119.7,11572.0,9137.1,11582.4,0.4333
33391.6,8526.3,33431.8,8559.9,0.4332
21099.3,23661.3,21157.1,23733.0,0.4331
765.0,30930.9,786.6,30939.2,0.4331
36027.7,6595.2,36072.5,6654.9,0.4330
28893.0,22185.4,28935.0,22224.6,0.4329
6122.9,10865.4,6161.1,10880.0,0.4329
2010.6,33578.2,2035.4,33588.2,0.4328
37460.3,21385.7,37519.6,21439.5,0.4328
34858.4,10001.4,34907.3,10053.5,0.4328
14624.0,3958.9,14664.4,3990.1,0.4325
3993.1,20800.0,4049.9,20835.7,0.4323
14945.5,27362.7,14996.6,27375.0,0.4323
38378.0,14549.9,38410.9,14582.2,0.4322
8558.8,30626.0,8584.8,30635.7,0.4321
33831.5,13582.9,33899.7,13644.2,0.4316
10075.6,33266.7,10098.3,33277.3,0.4315
16076.8,18419.7,16098.8,18428.8,0.4315
17495.7,2320.8,17508.1,2338.0,0.4314
23582.1,1401.6,23638.3,1485.8,0.4313
17348.3,26139.0,17374.0,26167.4,0.4310
36778.9,960.0,36830.5,986.6,0.4310
21023.6,23027.1,21051.3,23052.6,0.4308
35802.8,20168.2,35852.1,20198.0,0.4308
6963.1,21866.4,6984.2,21875.9,0.4307
2113.1,19410.1,2131.3,19421.8,0.4306
36114.0,14578.5,36159.5,14631.0,0.4303
7825.0,14435.5,7837.7,14445.9,0.4300
28844.8,5992.4,28882.6,6023.5,0.4299
35543.1,16640.0,35578.2,16673.2,0.4298
14808.2,13274.7,14820.3,13290.9,0.4298
31980.3,10128.4,31991.8,10144.4,0.4298
31538.8,3981.6,31598.7,4011.7,0.4297
21871.3,1209.3,21927.5,1278.5,0.4293
14362.3,34530.0,14398.3,34543.1,0.4292
3924.2,16810.9,3958.3,16823.9,0.4288
35764.5,19334.5,35801.1,19355.4,0.4288
14065.3,1502.5,14079.0,1572.4,0.4288
21130.3,22130.9,21191.3,22220.7,0.4286
34560.3,17086.1,34609.4,17135.1,0.4286
30425.8,6839.1,30459.0,6867.3,0.4282
32729.8,12196.7,32791.6,12285.6,0.4279
16421.4,6796.8,16438.9,6816.1,0.4276
417.1,14443.1,431.8,14462.7,0.4276
4513.0,16575.1,4528.7,16586.3,0.4273
646.4,21296.6,767.7,21383.7,0.4272
9339.1,16353.9,9352.2,16366.4,0.4271
20356.0,1280.0,20421.4,1299.3,0.4270
38138.4,17487.7,38220.1,17539.1,0.4268
21823.6,9528.9,21897.9,9557.0,0.4268
1729.4,26722.3,1740.7,26734.2,0.4268
18067.7,30753.4,18112.7,30766.7,0.4268
2160.0,33848.1,2182.1,33858.9,0.4267
6888.9,17596.0,6905.1,17610.2,0.4258
14439.2,27475.4,14475.6,27486.7,0.4256
2727.8,17388.0,2762.5,17399.1,0.4253
35661.4,19939.0,35674.8,19960.7,0.4252
29807.7,569.8,29866.3,623.6,0.4252
24471.5,29156.8,24614.7,29216.2,0.4248
33803.4,18184.4,33877.7,18231.9,0.4246
14003.9,30978.1,14045.2,30988.1,0.4245
36730.6,16355.0,36797.8,16420.4,0.4242
33435.9,16288.2,33506.3,16320.0,0.4242
37072.5,9424.3,37119.4,9487.3,0.4242
2192.2,25280.2,2240.0,25371.1,0.4240
20327.4,7296.2,20407.5,7360.0,0.4239
1484.8,30625.8,1510.0,30638.3,0.4239
32033.6,11132.6,32128.1,11199.3,0.4238
19531.8,1928.3,19576.2,1957.4,0.4236
4770.1,15267.5,4786.3,15278.5,0.4236
23482.3,4800.0,23534.9,4847.0,0.4236
1760.6,31900.0,1803.3,31910.3,0.4235
23570.2,29156.8,23644.2,29221.2,0.4234
30952.2,18858.6,31020.7,18879.8,0.4234
27477.3,22363.7,27504.1,22395.8,0.4233
34213.5,8979.1,34239.1,9012.6,0.4232
12488.3,19200.1,12555.9,19226.6,0.4231
7435.1,3907.6,7484.2,3936.6,0.4230
4570.9,13733.0,4582.9,13746.2,0.4229
37625.6,8568.6,37701.8,8635.1,0.4226
30674.9,6682.9,30734.8,6759.9,0.4226
38019.8,11249.8,38054.0,11293.4,0.4225
31623.4,12160.0,31678.8,12192.0,0.4223
30228.8,4297.0,30249.5,4324.6,0.4222
32960.8,2880.3,33013.0,2929.9,0.4221
13891.4,7139.7,13937.9,7193.9,0.4220
7565.6,23535.1,7585.9,23547.9,0.4218
16586.4,25579.8,16617.4,25591.4,0.4214
3793.0,25515.7,3839.0,25582.8,0.4214
15158.2,16162.5,15174.7,16172.1,0.4213
2356.5,14873.0,2369.6,14881.0,0.4211
36420.3,8858.2,36460.7,8891.1,0.4210
35919.8,3302.0,35963.1,3332.7,0.4209
30100.6,24538.0,30115.0,24571.0,0.4208
34160.4,8858.4,34179.8,8890.2,0.4204
32850.1,3638.9,32890.1,3661.5,0.4203
30985.2,16024.4,31050.3,16088.0,0.4198
32133.5,8681.3,32210.4,8747.3,0.4197
1543.7,20664.1,1660.7,20766.2,0.4197
29736.6,19241.8,29771.2,19269.8,0.4195
18163.7,23250.4,18202.8,23262.3,0.4194
37409.5,14578.4,37460.5,14599.2,0.4194
5478.4,4059.1,5541.8,4090.3,0.4194
28121.8,3689.8,28137.7,3741.1,0.4193
18124.4,28977.1,18153.0,28989.2,0.4192
775.5,3433.5,847.4,3509.6,0.4190
136.7,31481.9,161.9,31491.5,0.4186
146.3,30659.6,158.5,30671.1,0.4185
11513.5,17553.9,11550.5,17565.0,0.4185
38140.4,7578.7,38167.3,7637.2,0.4185
26478.8,17200.7,26514.6,17227.0,0.4184
32640.5,8137.4,32706.6,8204.3,0.4184
28188.6,5692.0,28234.2,5740.0,0.4184
29750.3,3938.4,29793.3,3968.0,0.4183
11848.1,10835.0,11868.1,10846.2,0.4183
21653.3,1219.5,21710.4,1278.7,0.4182
18749.1,24607.6,18779.6,24622.6,0.4182
38018.0,11785.5,38066.4,11839.3,0.4181
32640.0,7417.1,32711.0,7488.4,0.4180
4012.5,10313.5,4024.1,10322.7,0.4180
38428.1,3158.4,38464.0,3180.3,0.4180
36375.7,18043.3,36443.1,18084.5,0.4175
12606.4,13157.0,12642.2,13171.2,0.4174
27333.5,20307.7,27350.6,20320.7,0.4172
15691.0,26754.9,15733.9,26768.4,0.4168
33443.6,2832.1,33476.9,2865.4,0.4167
19686.6,919.8,19729.0,959.4,0.4167
37736.5,2276.1,37763.5,2299.8,0.4166
31833.7,4439.9,31858.4,4476.8,0.4166
4701.2,17887.3,4713.2,17898.5,0.4166
10844.1,28609.3,10880.0,28673.0,0.4165
34494.3,524.1,34559.6,572.8,0.4162
37441.0,9107.4,37520.7,9166.4,0.4160
37795.0,11215.0,37865.7,11284.4,0.4159
36869.4,5145.7,36898.0,5195.9,0.4158
36898.3,1215.7,36916.8,1236.6,0.4157
34618.5,25440.4,34637.6,25459.8,0.4156
32265.9,6184.3,32350.3,6253.8,0.4155
32379.2,8265.3,32403.0,8291.8,0.4153
38255.2,1307.0,38273.3,1348.6,0.4153
2413.2,29391.1,2429.5,29400.5,0.4147
32915.9,24227.5,32954.8,24260.3,0.4145
36013.0,17936.8,36051.6,17968.7,0.4145
35155.2,17641.7,35195.1,17667.5,0.4143
734.9,6351.4,791.7,6423.1,0.4141
12875.5,6352.0,12940.7,6398.5,0.4140
73.8,27909.2,96.8,27920.5,0.4137
32920.9,36460.0,32951.7,36480.0,0.4137
10330.5,20424.3,10369.5,20448.9,0.4136
34084.1,19824.2,34124.1,19840.0,0.4132
35069.5,5422.3,35120.1,5440.0,0.4132
33091.6,2920.8,33155.5,2990.7,0.4131
23319.6,313.3,23360.0,344.3,0.4130
15499.9,18290.3,15547.4,18305.0,0.4129
11099.3,18880.0,11248.4,18904.8,0.4129
1018.1,27671.7,1030.1,27681.9,0.4128
470.4,21192.2,582.3,21298.8,0.4128
25009.0,5324.4,25074.3,5385.2,0.4126
34881.0,18925.4,34935.5,18969.8,0.4126
11217.5,28480.0,11273.3,28509.9,0.4123
23068.3,3807.8,23136.6,3840.0,0.4123
19709.0,22223.9,19727.3,22241.0,0.4118
30123.0,4113.3,30168.1,4149.2,0.4117
31978.1,4160.0,32054.5,4219.9,0.4117
8467.7,26058.8,8485.0,26072.1,0.4117
29863.3,3864.5,29920.3,3896.3,0.4116
18383.2,21227.1,18455.9,21239.1,0.4114
9986.3,29847.4,10133.5,29882.1,0.4112
17212.2,17212.6,17241.8,17229.0,0.4111
18825.0,20996.3,18865.0,21008.9,0.4110
11971.9,18147.2,12026.1,18162.6,0.4107
24320.3,6080.0,24423.7,6147.0,0.4106
18291.9,23836.3,18330.1,23849.3,0.4105
21869.8,20083.9,21923.8,20148.6,0.4104
36189.6,19359.2,36210.0,19393.9,0.4104
31947.2,18985.0,31960.3,18998.7,0.4100
8195.9,14540.7,8210.9,14551.4,0.4099
12107.6,26753.1,12150.9,26765.6,0.4098
3279.5,12366.8,3295.3,12376.7,0.4097
15100.0,29007.9,15128.9,29022.3,0.4096
36495.9,1221.8,36597.8,1271.1,0.4095
19377.4,16560.2,19400.5,16573.6,0.4094
22891.0,3451.0,22906.2,3470.9,0.4093
29440.0,14046.5,29458.7,14080.0,0.4091
36025.0,17734.7,36096.3,17795.7,0.4090
31808.4,7814.9,31829.6,7838.3,0.4089
23611.6,950.5,23622.8,974.5,0.4089
22702.4,883.8,22719.7,929.4,0.4086
12613.9,13349.5,12653.8,13368.4,0.4086
24834.7,34927.1,24913.9,34991.4,0.4085
31026.9,22778.7,31038.9,22793.7,0.4084
1525.8,33876.2,1549.8,33904.7,0.4084
36743.5,23120.1,36776.3,23147.7,0.4084
2618.0,2932.3,2668.0,2957.4,0.4081
2197.8,18845.3,2239.6,18916.7,0.4080
29760.9,11520.4,29781.1,11578.3,0.4080
35618.6,19779.6,35660.3,19812.4,0.4078
37211.6,8143.6,37260.4,8193.3,0.4077
12548.5,1903.0,12603.5,1920.0,0.4077
30194.2,13005.6,30249.3,13067.8,0.4075
764.2,17504.1,801.1,17523.0,0.4074
5717.5,19144.0,5744.6,19160.1,0.4074
31378.5,8417.8,31416.1,8446.6,0.4073
24910.3,35998.8,24922.9,36016.1,0.4073
16942.8,28419.9,16983.0,28429.9,0.4072
25524.5,4497.2,25542.2,4535.2,0.4071
37005.9,35716.4,37060.3,35785.4,0.4071
13463.2,24133.3,13485.2,24145.0,0.4069
29585.4,22270.6,29636.0,22314.4,0.4068
38593.7,1875.2,38628.3,1919.7,0.4067
34881.3,18663.6,34951.9,18733.7,0.4067
915.9,16449.0,957.8,16460.2,0.4067
3800.0,32826.2,3816.1,32838.0,0.4066
29658.9,3519.5,29708.0,3580.8,0.4063
14860.0,30225.7,14889.2,30237.6,0.4059
14691.3,33653.8,14751.2,33665.8,0.4059
10967.5,16773.6,11014.4,16784.7,0.4057
1442.7,31496.4,1458.1,31508.2,0.4057
26584.9,10352.0,26655.5,10405.1,0.4056
6994.7,20957.3,7039.6,21034.6,0.4054
38427.9,265.6,38471.5,283.5,0.4053
20691.0,32036.2,20764.1,32115.1,0.4053
11272.3,35504.6,11304.3,35520.0,0.4052
14898.6,28749.5,14926.5,28763.5,0.4052
2275.8,21760.4,2397.4,21840.2,0.4051
32399.3,6033.5,32431.1,6079.2,0.4050
19730.5,34655.0,19790.8,34727.9,0.4050
2796.1,25531.7,2809.5,25552.1,0.4046
5886.8,17057.3,5906.5,17065.7,0.4044
35108.1,3342.0,35145.6,3367.4,0.4043
18241.1,13052.2,18259.3,13119.7,0.4042
37803.0,31584.9,37816.7,31593.5,0.4042
37061.4,6012.3,37120.0,6066.8,0.4040
11568.3,32354.3,11624.2,32363.5,0.4039
17588.4,2054.7,17601.3,2077.6,0.4039
6491.8,21441.0,6563.2,21480.1,0.4039
21122.2,5693.0,21137.7,5724.4,0.4039
7980.0,36224.0,8035.9,36254.5,0.4037
23086.5,33996.9,23108.6,34018.6,0.4034
28984.5,6472.9,29058.7,6545.9,0.4034
4155.0,36112.5,4176.0,36133.0,0.4033
18060.7,4800.0,18112.7,4848.3,0.4033
28760.3,3854.7,28800.0,3886.4,0.4033
36024.7,3294.9,36064.8,3318.0,0.4033
25854.8,24168.2,25883.5,24199.4,0.4032
26319.0,3367.8,26362.8,3398.9,0.4031
12087.8,13011.7,12140.2,13021.7,0.4028
4246.6,28741.9,4259.6,28752.7,0.4028
19178.0,10737.4,19198.7,10757.0,0.4028
28468.9,8624.9,28484.1,8640.0,0.4027
36066.4,3180.7,36109.8,3200.0,0.4026
29643.3,22240.7,29689.9,22278.0,0.4026
22255.8,1528.7,22324.1,1592.1,0.4022
3302.1,4993.8,3372.1,5042.2,0.4018
31308.5,7120.9,31360.0,7156.9,0.4017
15462.0,27391.6,15525.3,27430.7,0.4015
24346.2,4349.5,24372.0,4381.0,0.4013
13390.6,11087.8,13434.8,11099.8,0.4011
13995.0,10784.3,14025.6,10796.8,0.4011
35520.0,4520.8,35570.5,4571.8,0.4010
960.8,22119.6,1031.2,22188.5,0.4010
9895.1,15263.4,9919.2,15279.5,0.4009
35695.2,4003.0,35760.4,4059.0,0.4008
6319.8,21760.0,6396.3,21790.5,0.4007
6692.6,19386.2,6703.1,19398.8,0.4005
31041.9,23757.5,31071.9,23812.4,0.4001
28467.2,22101.8,28478.0,22125.4,0.3999
34734.8,1014.3,34783.0,1079.8,0.3998
28276.3,3801.1,28317.0,3827.4,0.3998
1541.7,24010.6,1560.2,24019.3,0.3997
24882.3,7714.1,24911.9,7744.0,0.3996
12522.9,25439.1,12583.7,25453.4,0.3996
35849.6,18560.0,35886.7,18582.3,0.3996
21417.1,2546.5,21465.3,2573.9,0.3995
14913.3,28290.3,14989.6,28303.7,0.3993
1574.4,32783.2,1598.9,32793.0,0.3991
14566.4,11361.2,14580.8,11373.4,0.3991
30419.7,8320.0,30483.7,8376.5,0.3991
6671.8,3971.3,6718.1,4000.6,0.3990
35200.3,1341.6,35283.3,1441.5,0.3986
37103.3,8524.2,37119.5,8583.5,0.3986
1220.0,17017.7,1246.1,17026.1,0.3986
8692.7,22883.3,8755.9,22896.8,0.3985
16067.1,22228.0,16111.4,22256.0,0.3985
37731.8,3266.4,37771.5,3293.7,0.3985
22476.8,698.2,22532.6,740.9,0.3984
26917.3,1638.0,26972.5,1679.7,0.3982
12948.7,26060.6,13007.2,26081.2,0.3981
13332.7,19103.1,13393.9,19119.9,0.3981
7970.9,22384.5,8081.7,22475.9,0.3981
23400.3,2091.6,23506.9,2124.0,0.3979
19817.1,8300.9,19863.5,8320.0,0.3974
14801.4,3841.6,14851.2,3868.9,0.3973
34997.9,10040.9,35064.0,10112.3,0.3972
1883.4,23999.7,1918.7,24015.2,0.3971
10214.2,19520.0,10267.0,19549.5,0.3971
36611.1,3354.4,36654.0,3383.5,0.3970
1350.8,1920.0,1394.7,1955.4,0.3970
31363.6,23717.2,31456.4,23765.8,0.3966
23950.1,3069.4,24005.4,3142.4,0.3962
4901.0,13620.1,4913.8,13632.2,0.3961
2746.0,2783.7,2763.1,2794.1,0.3961
4364.3,4393.6,4407.6,4412.3,0.3960
8473.1,3840.7,8515.9,3892.9,0.3960
659.8,1905.2,702.5,1920.0,0.3958
4285.2,26500.2,4302.9,26512.8,0.3958
38015.2,5440.0,38079.0,5469.6,0.3956
17946.5,34187.8,17978.4,34202.6,0.3956
4381.3,17843.0,4430.5,17887.4,0.3955
23512.7,3938.3,23538.0,3949.8,0.3953
34741.8,26807.1,34785.7,26828.1,0.3953
10252.2,35689.9,10266.9,35705.2,0.3953
6947.5,34516.9,6969.5,34539.2,0.3952
36098.1,5673.5,36145.9,5723.7,0.3951
14025.0,116.1,14055.7,148.1,0.3951
32000.0,11274.3,32014.4,11301.6,0.3950
7233.4,20959.6,7271.8,20977.5,0.3950
14857.6,13595.8,14879.0,13607.4,0.3950
19483.3,545.8,19497.4,568.8,0.3949
37451.1,3259.9,37492.3,3288.8,0.3949
18753.5,2917.1,18804.7,2944.8,0.3949
3840.5,22098.5,3887.9,22171.4,0.3949
7077.6,20086.1,7092.5,20096.9,0.3945
801.6,14925.7,851.4,14943.3,0.3939
3768.5,29316.4,3810.6,29329.9,0.3939
18834.7,543.7,18878.5,566.2,0.3938
36007.2,15787.7,36057.9,15845.4,0.3937
11761.3,21162.5,11863.8,21182.9,0.3937
12490.4,22674.9,12513.4,22685.0,0.3936
22495.9,1169.3,22558.0,1289.1,0.3935
8617.2,26347.6,8637.0,26411.2,0.3934
3457.5,23279.6,3518.6,23346.2,0.3932
12697.5,25175.8,12762.8,25197.9,0.3932
25862.0,167.5,25883.1,206.5,0.3926
37317.5,19958.7,37333.9,19988.1,0.3925
36999.8,35273.2,37075.3,35358.8,0.3924
8320.4,26336.7,8366.7,26386.5,0.3924
16641.8,29691.6,16665.2,29703.1,0.3923
27148.5,9484.2,27185.4,9514.6,0.3923
16556.6,17256.8,16567.3,17268.3,0.3922
33313.9,14654.1,33372.8,14718.9,0.3922
1326.4,34584.7,1370.8,34604.5,0.3921
2738.7,25544.2,2768.4,25562.0,0.3921
30996.3,3945.9,31038.6,3973.4,0.3918
33864.9,656.1,33918.8,696.3,0.3915
15480.2,36609.1,15513.8,36655.1,0.3915
21322.7,20515.1,21346.9,20537.3,0.3912
5423.6,32443.2,5439.2,32453.2,0.3912
36949.5,12426.3,37007.3,12494.2,0.3910
33920.5,9843.2,33985.1,9919.8,0.3910
36690.2,25228.7,36700.5,25245.6,0.3907
34351.6,5977.9,34416.7,6052.7,0.3905
10475.6,18191.9,10536.2,18213.1,0.3904
22239.8,2029.4,22304.8,2098.9,0.3902
8733.9,23907.8,8746.7,23919.3,0.3902
37441.2,7573.8,37507.9,7641.3,0.3901
1446.3,28567.5,1459.3,28576.8,0.3901
11033.8,23970.5,11080.5,23982.4,0.3900
8990.8,20377.3,9007.4,20390.1,0.3900
2200.4,23662.4,2240.0,23739.5,0.3899
29296.3,3365.4,29354.1,3412.3,0.3898
38331.4,19484.9,38371.1,19514.1,0.3896
32320.3,8870.0,32364.9,8916.9,0.3896
16986.7,19696.2,17019.4,19708.9,0.3894
34978.8,5211.1,35017.4,5260.0,0.3893
304.8,28364.1,329.9,28374.4,0.3892
37660.8,19561.7,37702.1,19588.7,0.3890
36326.5,5914.2,36348.9,5947.2,0.3890
36038.9,14974.9,36073.7,15000.6,0.3890
19723.7,2678.5,19772.7,2709.2,0.3890
13923.4,32601.6,13958.9,32610.9,0.3886
17565.2,35761.8,17597.9,35775.5,0.3886
31773.1,8193.6,31854.8,8256.6,0.3885
35907.1,17920.0,35960.3,17944.6,0.3883
26149.0,3225.3,26197.5,3250.7,0.3882
8727.1,19073.9,8737.6,19083.0,0.3882
12078.0,24351.4,12104.3,24362.4,0.3881
28404.4,26050.1,28462.4,26073.6,0.3880
10356.8,26471.2,10469.5,26576.5,0.3872
27249.0,21710.8,27312.6,21760.0,0.3872
12625.5,14059.4,12680.3,14068.0,0.3871
35352.5,16909.5,35365.9,16937.2,0.3871
22106.1,2409.2,22183.2,2499.4,0.3870
14843.5,29524.1,14876.0,29535.1,0.3870
1061.5,32868.1,1074.1,32878.8,0.3870
22176.1,495.5,22188.8,514.8,0.3870
26740.0,2773.2,26780.7,2807.9,0.3869
6269.2,16352.3,6283.2,16366.4,0.3869
3739.0,27082.9,3751.9,27092.7,0.3869
14660.0,27411.0,14718.4,27422.6,0.3867
2079.1,22080.0,2197.2,22103.6,0.3866
1030.8,13974.5,1046.0,13985.2,0.3865
11558.7,9420.5,11626.5,9497.8,0.3862
10097.1,16194.1,10127.7,16207.4,0.3861
17350.5,29264.3,17368.5,29274.1,0.3860
34176.1,16023.7,34239.0,16137.3,0.3857
4095.4,17156.2,4128.9,17168.2,0.3856
12154.4,26481.6,12200.4,26494.3,0.3856
33138.2,6350.3,33171.6,6372.2,0.3855
28495.1,11613.7,28552.7,11670.4,0.3855
13608.1,13630.3,13669.4,13643.9,0.3855
10199.6,25608.2,10311.5,25712.8,0.3855
34883.2,23963.0,34961.9,24024.0,0.3852
37445.9,19014.6,37492.4,19034.0,0.3851
2761.7,34815.5,2788.8,34827.5,0.3850
28947.3,24115.3,28960.7,24134.4,0.3847
15842.6,3678.4,15881.9,3701.3,0.3845
15563.3,33683.9,15610.5,33699.3,0.3845
37614.2,10311.5,37644.9,10350.2,0.3841
24974.8,35931.3,24994.6,35959.6,0.3841
2345.3,32168.9,2415.5,32187.5,0.3841
33371.3,11593.3,33420.6,11630.8,0.3840
21561.7,1360.2,21687.4,1435.1,0.3840
37442.1,5593.2,37514.0,5673.2,0.3840
33853.6,9776.7,33918.7,9843.0,0.3840
1732.3,34170.4,1748.6,34182.0,0.3839
13650.7,18800.9,13681.2,18813.2,0.3837
32523.4,1259.6,32582.0,1280.0,0.3836
35927.3,19840.0,35955.2,19913.0,0.3831
35956.4,17847.2,35990.0,17871.6,0.3829
15959.8,32420.5,15997.8,32432.7,0.3827
34521.4,13100.0,34559.9,13120.0,0.3826
27043.2,6668.1,27093.1,6719.2,0.3825
26209.6,1696.5,26239.7,1715.8,0.3825
30713.1,30491.3,30765.9,30535.5,0.3825
36479.3,19713.1,36533.1,19756.2,0.3823
15401.3,29107.2,15426.6,29120.6,0.3819
1691.4,19123.2,1813.6,19200.0,0.3819
36644.7,4005.3,36683.5,4056.5,0.3818
18059.3,4181.1,18115.7,4227.5,0.3818
34577.7,7898.6,34628.4,7978.0,0.3817
17804.7,13005.8,17817.5,13017.9,0.3816
27638.8,25549.1,27652.5,25569.5,0.3814
1469.1,7128.3,1517.3,7175.0,0.3814
790.7,28297.5,805.4,28306.1,0.3813
37677.0,5713.8,37738.7,5753.7,0.3813
25563.7,3840.5,25618.7,3900.3,0.3812
19743.1,21521.1,19792.4,21590.7,0.3811
20819.7,4644.3,20854.7,4665.6,0.3811
36761.2,8298.2,36827.0,8320.0,0.3811
29330.5,23543.4,29340.3,23555.1,0.3810
12769.0,25738.1,12800.0,25750.7,0.3808
24023.4,31368.5,24100.5,31442.1,0.3807
31939.7,10771.8,31987.6,10808.6,0.3804
22588.0,1185.9,22604.4,1200.8,0.3801
31640.7,640.0,31680.0,672.7,0.3801
6482.4,21401.8,6556.4,21440.0,0.3799
30981.0,5074.8,30997.0,5104.1,0.3799
35030.8,5203.2,35071.6,5259.7,0.3798
33324.1,5718.9,33365.6,5750.6,0.3797
32012.1,3666.1,32067.5,3694.6,0.3796
15438.2,3779.3,15473.5,3803.5,0.3795
4912.1,18657.8,4925.1,18670.7,0.3794
14578.0,6808.0,14643.7,6885.3,0.3794
2879.4,30850.8,2910.4,30863.0,0.3791
34750.3,8561.0,34766.5,8579.7,0.3788
10609.1,5298.0,10644.1,5331.5,0.3787
13637.4,26732.2,13698.1,26744.6,0.3785
814.7,19840.0,918.4,19891.7,0.3782
2924.2,32442.2,2936.6,32454.1,0.3780
18154.4,3066.8,18224.6,3098.4,0.3780
32465.7,10624.9,32514.0,10665.8,0.3778
1901.8,28701.4,1917.0,28711.3,0.3778
32487.8,550.3,32537.7,626.7,0.3777
36786.1,5738.5,36835.8,5760.0,0.3775
35897.8,4547.4,35937.3,4599.7,0.3774
37440.6,9602.4,37502.1,9637.8,0.3772
21260.5,2387.1,21300.0,2411.0,0.3771
16505.2,3450.8,16544.1,3475.5,0.3771
13114.3,4129.5,13172.8,4160.6,0.3770
18979.3,35132.0,19012.7,35149.1,0.3768
2842.5,25369.1,2880.0,25405.0,0.3767
9120.3,14698.4,9133.0,14709.9,0.3766
33360.1,1947.9,33383.6,1979.3,0.3765
35948.8,7752.8,36007.3,7807.5,0.3762
17701.4,16625.5,17725.7,16641.2,0.3761
19800.5,2629.7,19850.4,2682.7,0.3760
30999.3,8399.1,31089.9,8536.6,0.3756
21544.7,1219.4,21587.7,1252.5,0.3754
289.7,15041.2,331.7,15053.9,0.3754
35378.1,16960.0,35432.8,17034.0,0.3753
15680.1,17928.5,15770.0,17949.9,0.3750
26864.9,1303.8,26889.9,1344.7,0.3749
3734.5,1726.0,3780.7,1756.1,0.3747
32001.1,12922.8,32044.4,12986.0,0.3745
21761.5,5440.0,21780.5,5462.1,0.3743
1559.4,17736.6,1677.4,17825.7,0.3743
6820.6,9285.7,6833.1,9297.0,0.3743
6265.1,20278.1,6297.5,20290.5,0.3743
13876.9,24765.2,13934.8,24776.9,0.3742
31600.8,13251.7,31659.8,13294.1,0.3741
6471.1,21100.3,6515.5,21120.0,0.3741
23148.9,4639.1,23169.2,4662.3,0.3741
25957.6,22080.0,25983.5,22111.7,0.3739
4438.6,21432.8,4478.0,21454.5,0.3737
25454.0,3657.4,25504.2,3717.8,0.3734
30652.2,17324.3,30709.9,17388.9,0.3730
34424.0,6247.0,34488.0,6308.6,0.3730
35270.2,1920.7,35319.6,1971.5,0.3725
5445.6,4165.7,5485.6,4190.8,0.3724
955.0,30889.7,979.4,30900.7,0.3720
34142.8,17869.8,34171.0,17895.3,0.3718
2283.4,30608.2,2304.2,30618.6,0.3718
37532.9,3057.5,37571.6,3084.2,0.3717
6336.1,20474.4,6358.2,20483.2,0.3716
16772.7,15875.5,16795.0,15890.1,0.3715
32968.9,23441.4,32995.5,23455.2,0.3714
36454.1,19706.8,36479.6,19735.2,0.3712
35145.9,5570.2,35200.0,5631.1,0.3710
20277.5,3299.5,20313.5,3322.7,0.3709
30160.5,7413.7,30193.6,7446.3,0.3707
8878.0,16193.3,8889.3,16202.6,0.3706
36919.8,8776.4,36982.2,8831.1,0.3705
28199.8,12736.9,28262.8,12799.7,0.3705
27554.5,7568.3,27601.4,7617.9,0.3703
9190.0,11088.5,9205.3,11097.4,0.3703
9937.7,18762.7,9954.2,18777.0,0.3703
34447.6,9066.7,34474.8,9092.9,0.3703
35618.4,9450.2,35658.6,9469.6,0.3699
36307.0,12116.7,36326.1,12144.0,0.3699
266.2,3478.4,328.8,3530.5,0.3698
1884.8,34401.2,1919.3,34428.3,0.3697
16452.0,26115.7,16490.6,26127.0,0.3691
31665.9,26734.7,31679.8,26764.7,0.3691
30199.6,12480.0,30311.9,12543.0,0.3691
13422.7,18448.0,13439.2,18457.2,0.3690
21154.2,23024.9,21186.3,23040.0,0.3689
811.0,15115.7,837.9,15127.3,0.3687
18089.6,14760.7,18105.6,14778.3,0.3687
49.4,24779.5,79.7,24791.2,0.3686
32297.3,20678.8,32317.3,20714.5,0.3685
28058.6,16436.1,28100.6,16464.1,0.3681
4606.9,17575.6,4617.1,17584.3,0.3680
12079.0,12287.3,12100.5,12297.2,0.3680
14725.0,30727.7,14760.8,30738.0,0.3679
34697.1,8413.3,34756.4,8471.4,0.3679
27316.2,28121.4,27449.3,28154.2,0.3678
10550.5,26880.0,10664.6,26939.8,0.3678
29937.8,4278.1,29973.2,4308.8,0.3677
32001.9,11321.4,32045.7,11379.7,0.3676
10748.6,26360.0,10800.3,26417.6,0.3676
20253.4,14028.1,20307.0,14078.0,0.3675
3521.5,8450.4,3590.8,8520.5,0.3675
5099.1,4264.6,5138.4,4294.0,0.3673
26885.8,9987.9,26944.7,10055.5,0.3673
34192.9,13744.0,34235.4,13760.0,0.3672
4059.1,29033.0,4070.8,29041.4,0.3669
30400.0,8640.1,30455.5,8745.0,0.3665
37005.0,19373.7,37035.3,19394.1,0.3665
7654.1,14179.0,7668.4,14196.8,0.3665
5894.6,32176.1,5948.5,32189.2,0.3664
5120.2,24248.6,5170.0,24312.9,0.3664
27055.2,10825.0,27127.0,10869.3,0.3663
31567.9,7470.3,31626.6,7514.9,0.3663
35370.3,10097.3,35401.3,10129.4,0.3662
21104.1,2465.9,21119.6,2508.2,0.3662
22069.1,2511.1,22084.0,2526.8,0.3660
36916.4,6813.7,36978.6,6861.9,0.3660
4833.2,22728.5,4950.5,22802.1,0.3660
29964.2,8929.7,29987.5,8961.0,0.3659
960.5,259.9,1026.8,352.8,0.3658
5957.9,19824.1,5971.3,19834.0,0.3656
24255.7,15524.1,24273.9,15559.0,0.3652
17768.3,4703.8,17831.7,4757.3,0.3652
7792.9,20631.8,7819.0,20645.2,0.3652
25737.7,6930.6,25756.0,6956.6,0.3651
36222.1,20140.2,36240.2,20160.0,0.3651
21653.6,1600.0,21703.5,1671.1,0.3647
7202.6,20236.2,7233.7,20248.8,0.3647
5051.8,18123.5,5102.9,18140.5,0.3646
26498.8,2466.0,26558.9,2509.4,0.3645
1765.2,16201.0,1800.3,16215.7,0.3643
3700.9,4506.3,3739.0,4545.9,0.3643
36123.8,3870.7,36181.6,3945.4,0.3643
25645.8,665.7,25687.8,701.7,0.3643
8000.0,2585.0,8075.5,2659.0,0.3642
36106.7,35421.7,36160.0,35489.4,0.3642
28907.1,9809.8,28961.7,9848.6,0.3636
16616.4,29001.8,16648.0,29011.9,0.3636
17533.9,22860.4,17579.2,22882.8,0.3635
5572.5,18501.2,5593.7,18520.9,0.3634
18376.1,23816.0,18400.3,23830.5,0.3632
31400.7,4321.0,31449.6,4374.4,0.3631
32779.2,3600.5,32820.7,3621.1,0.3631
8844.6,17306.9,8855.9,17318.4,0.3628
7680.2,25566.2,7697.7,25600.0,0.3628
28139.4,3595.7,28160.0,3628.1,0.3622
28834.9,22497.3,28852.7,22522.3,0.3621
33242.0,18267.2,33265.5,18297.8,0.3619
33221.9,18167.2,33256.8,18214.8,0.3616
38022.2,14962.5,38058.4,14992.2,0.3616
36183.6,14080.0,36278.3,14178.1,0.3614
34166.0,4258.0,34216.7,4299.2,0.3613
28338.0,4433.4,28388.0,4478.6,0.3612
3390.8,16763.8,3410.2,16775.8,0.3611
37440.1,10768.0,37485.4,10800.6,0.3607
33049.2,9821.7,33124.0,9894.6,0.3607
10197.8,35698.7,10212.8,35711.7,0.3607
33766.7,6750.6,33845.3,6781.4,0.3607
8831.8,22466.1,8851.8,22479.7,0.3606
30804.3,6150.3,30832.4,6187.8,0.3605
5636.2,20145.4,5646.7,20155.6,0.3603
33593.8,10888.1,33660.2,10948.8,0.3603
10835.1,4107.2,10878.5,4138.5,0.3603
27788.1,3634.9,27838.8,3647.1,0.3602
9841.3,4122.3,9851.6,4156.3,0.3600
12065.1,25692.4,12110.0,25709.3,0.3598
31821.6,23322.8,31841.6,23336.4,0.3595
17510.8,5545.9,17600.0,5654.5,0.3594
12881.6,26018.6,12914.5,26030.9,0.3592
33600.9,14610.0,33636.5,14651.4,0.3592
488.9,28082.4,502.7,28091.7,0.3590
148.6,24706.3,163.5,24715.7,0.3587
33229.2,3771.3,33279.2,3800.3,0.3587
33608.6,7135.5,33666.7,7200.8,0.3585
5722.8,26669.0,5760.0,26732.5,0.3585
23108.6,1423.3,23156.1,1450.6,0.3581
37295.0,20538.6,37318.3,20553.3,0.3578
22813.1,3247.7,22882.5,3302.4,0.3577
36251.7,2363.4,36284.9,2429.0,0.3577
7680.5,34927.8,7729.3,34987.7,0.3576
35200.0,7207.4,35254.8,7293.0,0.3575
957.6,26737.0,991.5,26750.3,0.3574
35659.7,7343.3,35708.2,7360.0,0.3574
35377.3,18451.5,35395.8,18462.2,0.3573
33588.4,8469.1,33623.9,8499.1,0.3573
67.4,37.0,121.2,76.4,0.3572
14435.3,27521.0,14480.1,27533.9,0.3572
27017.4,1765.5,27096.1,1835.6,0.3571
1934.7,15349.5,1945.0,15360.0,0.3569
1344.3,15891.3,1357.5,15902.1,0.3569
15360.0,7040.4,15408.4,7137.3,0.3569
17455.8,31520.8,17485.0,31530.5,0.3567
8001.8,23730.4,8077.8,23817.8,0.3566
20672.4,2623.9,20707.5,2649.5,0.3565
33523.8,3533.1,33585.1,3560.7,0.3564
12136.0,18754.7,12175.4,18765.5,0.3564
37702.2,16699.8,37759.0,16747.0,0.3563
6221.7,30158.8,6232.3,30169.2,0.3563
14250.7,19351.1,14313.8,19362.6,0.3561
8920.6,12506.9,8932.2,12517.5,0.3560
2674.1,33287.7,2718.0,33303.8,0.3560
27485.8,2781.0,27508.5,2811.3,0.3560
36923.2,35820.6,36948.3,35851.7,0.3558
35778.3,21187.0,35839.2,21226.8,0.3558
16405.8,16930.1,16444.9,16945.1,0.3553
28208.4,5120.0,28260.9,5168.7,0.3553
11751.8,22349.7,11765.4,22362.9,0.3553
38311.0,20255.7,38350.4,20304.2,0.3550
14409.7,6090.2,14487.4,6169.4,0.3549
12834.5,24620.8,12872.8,24635.6,0.3549
10065.2,17850.3,10102.3,17863.4,0.3549
9516.0,16657.5,9528.6,16670.6,0.3548
2337.6,29780.6,2350.4,29792.6,0.3547
22506.7,2529.7,22552.7,2573.5,0.3547
37570.8,10323.4,37600.1,10370.1,0.3546
13896.6,3985.1,13934.9,4007.9,0.3542
25781.3,7040.5,25825.5,7070.4,0.3541
5722.5,26673.0,5838.1,26742.8,0.3539
38351.3,21703.3,38393.1,21758.6,0.3537
37787.4,14641.9,37799.2,14672.7,0.3536
36282.1,13591.1,36392.9,13703.8,0.3532
2560.0,15652.3,2574.7,15680.0,0.3531
31826.1,11773.5,31941.0,11839.7,0.3530
12993.8,16467.2,13011.5,16478.5,0.3529
29656.6,8511.0,29719.3,8566.5,0.3527
6197.9,23419.0,6315.6,23520.6,0.3527
38261.2,441.9,38297.1,472.5,0.3526
4491.2,25862.1,4613.7,25935.0,0.3526
11649.7,22401.7,11704.5,22408.9,0.3526
10588.5,26245.6,10698.6,26346.5,0.3525
25265.7,20780.4,25321.0,20810.7,0.3524
30954.2,6234.4,30980.8,6268.5,0.3524
34157.8,21208.0,34193.4,21261.1,0.3524
33259.5,3539.1,33302.8,3559.1,0.3523
37083.3,5952.8,37120.0,6024.8,0.3522
33475.6,21079.1,33518.0,21122.1,0.3520
36873.4,12556.3,36928.3,12621.0,0.3520
26992.4,506.6,27013.4,547.1,0.3519
38054.8,3871.4,38112.7,3927.2,0.3517
17929.9,14517.9,17940.2,14530.5,0.3516
13639.2,34112.3,13767.8,34138.4,0.3515
38336.7,18672.4,38377.8,18717.8,0.3514
11602.0,1631.9,11657.9,1688.0,0.3513
3577.1,34418.8,3639.3,34483.7,0.3510
32660.3,5278.9,32676.3,5313.2,0.3510
35413.0,5591.8,35460.3,5622.5,0.3509
32579.7,8689.2,32625.9,8715.5,0.3509
36071.1,23726.1,36128.3,23751.7,0.3507
124.3,33387.8,151.4,33401.3,0.3504
9178.7,3915.0,9222.4,3940.6,0.3502
23174.6,30544.5,23233.7,30608.7,0.3502
35407.8,1236.7,35426.2,1279.7,0.3501
35998.4,4825.9,36044.3,4887.2,0.3500
30865.4,20869.4,30882.6,20889.9,0.3498
3883.0,17410.8,3905.9,17422.6,0.3498
31762.3,11361.0,31812.9,11414.8,0.3496
26493.2,21675.5,26559.5,21701.5,0.3493
25515.1,28944.1,25586.3,29000.6,0.3492
37732.9,3231.4,37769.4,3252.6,0.3492
37274.7,10533.6,37295.9,10570.1,0.3492
16854.8,458.5,16884.6,495.5,0.3491
15485.6,1513.3,15538.1,1549.3,0.3488
28308.5,10504.2,28358.0,10557.6,0.3487
26882.7,1543.3,26944.0,1607.7,0.3487
36889.2,17263.5,36946.5,17280.0,0.3485
22750.3,3248.1,22789.9,3283.5,0.3484
31599.3,7680.0,31678.3,7743.1,0.3484
5030.9,13829.2,5044.5,13840.1,0.3483
7824.5,29646.0,7852.4,29657.2,0.3481
12202.8,24372.1,12241.2,24384.1,0.3479
36335.9,12075.4,36353.2,12102.1,0.3477
27182.1,8960.0,27245.5,8997.7,0.3477
37157.5,4802.4,37212.2,4854.0,0.3476
1141.2,33472.2,1193.6,33497.2,0.3475
35617.0,15783.2,35654.6,15838.6,0.3473
35841.6,5004.1,35913.8,5083.5,0.3472
35652.0,17568.2,35667.0,17596.9,0.3471
38370.9,11092.4,38399.9,11126.4,0.3471
3355.9,13617.1,3381.8,13630.8,0.3468
20962.4,2456.5,20988.8,2486.8,0.3467
282.7,31499.5,309.7,31517.4,0.3465
18107.6,4017.7,18179.1,4071.2,0.3463
12428.8,17809.8,12477.1,17822.1,0.3462
15955.6,15096.4,15996.6,15109.2,0.3459
20700.4,33735.3,20754.4,33796.7,0.3458
31399.0,12512.9,31470.7,12572.7,0.3457
35284.0,16693.5,35349.7,16740.6,0.3455
34569.7,15688.5,34633.4,15721.6,0.3455
38175.3,5929.6,38223.8,5981.9,0.3454
28231.1,23606.5,28292.4,23642.4,0.3449
20344.1,22615.0,20406.3,22681.8,0.3449
11930.3,10441.8,11966.3,10451.2,0.3448
31614.5,32564.2,31676.0,32577.2,0.3447
19922.2,35719.1,19960.3,35731.0,0.3446
37651.2,10017.6,37664.0,10040.0,0.3444
12462.0,3672.3,12480.0,3726.0,0.3443
38391.9,14778.9,38428.4,14821.5,0.3443
2976.4,18428.3,2992.4,18443.3,0.3443
8858.9,3849.2,8895.2,3871.4,0.3442
16410.3,16888.9,16420.1,16902.8,0.3442
32197.9,12480.3,32225.4,12506.8,0.3441
18401.3,4519.5,18433.9,4564.4,0.3440
10419.3,20434.9,10445.7,20443.4,0.3440
239.0,21019.9,358.4,21120.3,0.3439
14168.3,4093.1,14201.3,4115.5,0.3439
7539.8,19435.3,7566.5,19446.9,0.3438
30173.2,23155.8,30199.0,23169.5,0.3437
449.6,30633.1,479.6,30644.3,0.3437
9189.3,31809.6,9243.4,31821.8,0.3434
32242.9,14031.4,32317.3,14072.3,0.3434
12883.2,10265.1,12929.7,10280.1,0.3431
28477.8,22629.0,28529.1,22678.6,0.3430
22841.3,3645.5,22916.3,3692.0,0.3429
34562.1,12113.8,34578.5,12157.7,0.3429
6550.9,21737.7,6628.7,21760.0,0.3429
23770.7,3475.4,23816.1,3519.4,0.3428
21257.1,26123.0,21327.5,26181.6,0.3428
38184.1,11590.8,38211.9,11621.6,0.3427
15479.3,18491.4,15532.8,18501.4,0.3426
5300.9,19070.3,5351.1,19089.8,0.3425
22808.4,31767.2,22903.0,31836.0,0.3424
16321.8,6699.8,16337.6,6720.0,0.3424
12771.3,24772.0,12812.3,24786.4,0.3423
8568.7,3953.1,8629.6,3989.6,0.3420
5301.2,17297.3,5312.3,17304.8,0.3420
21339.2,2409.6,21399.4,2462.8,0.3419
30060.7,3463.7,30133.0,3494.4,0.3414
23497.2,2856.1,23553.1,2880.0,0.3412
13609.2,12484.2,13632.2,12496.2,0.3411
32876.1,10240.0,32957.8,10298.8,0.3410
23066.1,4777.4,23080.3,4800.0,0.3410
26485.8,13935.6,26513.8,13970.7,0.3408
1035.4,30292.4,1051.0,30303.6,0.3406
28919.8,4157.3,28943.2,4182.2,0.3405
31194.4,5786.2,31227.9,5812.1,0.3404
28758.0,4800.0,28798.7,4821.0,0.3399
10827.9,35645.7,10864.1,35682.9,0.3398
28095.1,26426.8,28120.1,26465.7,0.3397
26777.4,9032.5,26834.6,9082.4,0.3394
33568.5,7040.1,33600.0,7070.6,0.3393
4628.2,17573.7,4643.3,17591.0,0.3393
33684.4,11269.2,33761.1,11317.0,0.3391
35240.5,29012.3,35311.3,29115.2,0.3391
7807.9,30721.9,7820.9,30732.2,0.3391
1601.3,17425.9,1672.5,17497.8,0.3390
21741.5,5552.5,21759.8,5611.4,0.3390
3520.0,17223.4,3575.8,17286.3,0.3386
2754.7,27514.3,2764.3,27526.8,0.3386
5121.2,34760.4,5187.3,34810.8,0.3385
10344.9,16354.8,10370.0,16365.4,0.3383
11447.1,916.1,11495.7,947.5,0.3381
1259.3,7323.7,1318.8,7360.0,0.3381
11671.7,18324.4,11697.7,18337.1,0.3381
17793.9,17970.0,17807.0,17981.9,0.3379
36922.6,19106.9,36936.7,19130.8,0.3379
7547.0,3883.5,7591.6,3914.1,0.3378
32405.3,15812.0,32425.4,15835.1,0.3376
29539.5,10076.9,29590.9,10142.6,0.3374
35880.7,5502.7,35937.1,5542.1,0.3374
8147.9,14550.1,8163.5,14559.6,0.3374
34715.9,7857.8,34749.5,7872.5,0.3368
32320.4,10522.3,32369.6,10595.1,0.3368
38467.3,1526.6,38539.3,1552.9,0.3368
29629.1,7954.0,29653.2,7985.9,0.3367
22281.4,6569.3,22318.8,6603.5,0.3366
15445.0,18659.6,15489.2,18669.1,0.3364
29446.1,13036.9,29486.2,13062.0,0.3364
32696.8,8197.6,32755.2,8245.2,0.3363
7680.0,2560.0,7748.9,2599.4,0.3362
8459.2,20995.1,8490.5,21005.6,0.3360
34667.3,1541.6,34703.1,1598.8,0.3360
37030.6,7019.6,37072.1,7076.2,0.3359
12859.6,28187.3,12872.7,28199.2,0.3358
35335.3,2529.0,35401.8,2560.0,0.3357
37113.3,17828.0,37166.7,17869.1,0.3356
5829.0,29649.1,5881.4,29662.4,0.3356
1805.4,19375.2,1824.9,19396.4,0.3356
2560.0,23058.7,2599.6,23133.4,0.3355
4774.8,4378.5,4820.4,4395.5,0.3355
3711.7,18855.9,3773.3,18880.0,0.3353
31620.8,7663.4,31658.1,7680.0,0.3353
12954.6,1126.7,12996.0,1152.7,0.3352
33682.4,10098.0,33713.7,10137.9,0.3351
320.7,23767.3,384.1,23839.2,0.3351
33068.0,5929.3,33104.5,5958.1,0.3350
11185.8,22168.4,11238.4,22190.1,0.3349
34880.0,20831.2,34926.6,20880.0,0.3348
18809.0,21156.1,18840.2,21167.1,0.3348
21548.5,7865.4,21588.5,7901.1,0.3348
441.8,3448.0,486.2,3474.9,0.3346
12887.4,20706.3,12934.6,20717.7,0.3345
24748.3,9267.7,24772.9,9287.5,0.3345
28069.8,9254.2,28132.4,9280.0,0.3345
21738.5,2382.4,21760.0,2404.8,0.3344
27139.5,12667.0,27198.4,12728.5,0.3344
7583.3,11579.2,7593.3,11592.2,0.3342
10544.5,14224.9,10558.9,14238.4,0.3342
37349.3,35335.9,37382.0,35371.4,0.3341
26326.1,8924.0,26423.6,9009.6,0.3336
5747.2,17778.0,5760.4,17790.5,0.3336
33292.1,22624.4,33304.1,22647.6,0.3335
38454.8,17552.9,38519.0,17631.8,0.3335
37356.6,10713.6,37385.3,10752.6,0.3334
1414.5,6537.7,1454.1,6556.5,0.3334
16582.0,4004.5,16635.1,4046.2,0.3330
16264.8,32992.8,16312.1,33007.3,0.3330
29190.8,14041.1,29248.4,14064.0,0.3329
12371.4,34131.9,12407.5,34142.9,0.3328
16842.9,22056.9,16867.8,22067.1,0.3327
9609.0,25958.9,9715.4,26073.1,0.3326
37507.3,9043.2,37553.2,9085.9,0.3326
36124.3,19632.2,36160.0,19665.7,0.3325
27853.4,11606.7,27868.1,11626.7,0.3325
12428.7,13280.1,12478.1,13292.9,0.3324
22400.1,19153.2,22416.4,19199.8,0.3323
33211.9,9265.4,33268.7,9280.0,0.3323
16268.2,23065.4,16317.4,23094.3,0.3322
10056.7,26240.0,10115.9,26261.9,0.3322
30850.3,20790.2,30875.5,20804.0,0.3321
3860.2,29803.7,3877.4,29823.4,0.3319
22369.1,1522.8,22400.2,1567.1,0.3318
37955.9,12250.0,37980.2,12292.9,0.3318
14145.2,3944.3,14182.4,3972.8,0.3318
20161.5,3824.9,20215.0,3840.0,0.3318
26355.7,23314.5,26389.3,23351.1,0.3317
2158.9,32093.3,2180.2,32107.8,0.3317
32621.6,4160.0,32639.9,4181.9,0.3316
2907.0,14344.9,2920.4,14359.0,0.3316
913.7,28033.2,958.5,28054.0,0.3316
15526.3,29456.6,15553.2,29475.0,0.3315
14875.1,22078.0,14917.7,22090.1,0.3314
36404.2,15021.0,36452.5,15040.0,0.3314
32640.8,11381.9,32685.7,11454.9,0.3313
36485.9,19520.0,36549.3,19545.3,0.3312
31242.8,5822.1,31294.6,5875.9,0.3310
10662.4,24488.2,10712.4,24517.9,0.3310
36160.5,25280.9,36198.0,25329.1,0.3309
18542.4,2990.8,18558.7,3013.0,0.3307
23605.7,20527.6,23629.1,20547.1,0.3306
36650.3,3363.6,36702.9,3399.7,0.3306
33322.4,8464.9,33362.4,8494.4,0.3305
3007.7,33646.2,3020.7,33657.9,0.3304
14314.8,34443.0,14340.6,34454.3,0.3304
23346.1,3595.8,23360.0,3645.0,0.3304
34332.9,9012.4,34368.8,9045.3,0.3302
10810.9,33664.9,10857.3,33682.3,0.3301
22669.8,623.7,22694.8,640.0,0.3299
10659.9,4114.0,10705.6,4141.6,0.3299
15810.7,33219.4,15843.4,33229.1,0.3297
27165.0,29532.5,27223.0,29582.8,0.3297
25396.2,363.0,25440.8,397.9,0.3295
16166.5,7932.2,16225.6,7950.7,0.3292
2425.1,5114.5,2521.9,5188.1,0.3291
36866.7,8821.4,36892.4,8850.6,0.3291
29490.5,11795.6,29526.2,11839.6,0.3290
37120.0,10405.6,37175.5,10454.5,0.3290
32590.4,5348.2,32605.5,5396.0,0.3289
33824.1,28431.7,33920.0,28480.0,0.3289
17755.0,416.2,17798.7,467.7,0.3289
34820.4,12862.6,34895.5,12920.7,0.3288
3075.4,20753.4,3192.4,20853.4,0.3287
35914.1,18606.7,35969.7,18644.6,0.3287
961.6,25820.1,978.8,25883.9,0.3286
30915.2,8537.2,30947.2,8583.7,0.3285
36130.4,1876.4,36186.8,1914.1,0.3284
25166.3,4569.6,25192.3,4599.7,0.3283
18621.8,22009.8,18669.6,22023.7,0.3283
23539.4,2676.4,23574.1,2703.4,0.3281
32248.2,21436.4,32313.1,21500.6,0.3281
17171.1,3418.3,17218.2,3445.2,0.3281
38504.8,1473.7,38612.2,1535.9,0.3279
6652.6,19439.1,6665.2,19449.2,0.3278
30099.9,22048.6,30143.3,22083.9,0.3278
397.0,32882.4,417.5,32893.1,0.3277
14936.0,24577.1,14981.8,24591.2,0.3277
32196.0,12461.9,32231.4,12480.0,0.3276
2162.3,14816.5,2186.2,14830.7,0.3275
13096.5,24884.9,13131.7,24899.1,0.3274
10473.0,18108.6,10521.3,18119.8,0.3273
5417.7,24083.4,5439.8,24139.8,0.3272
6521.5,3994.5,6561.9,4022.9,0.3272
250.7,5311.7,278.3,5327.1,0.3272
15059.7,20770.8,15084.3,20783.1,0.3271
13891.9,24716.7,13966.4,24727.9,0.3271
13966.1,33907.2,14013.9,33922.8,0.3270
4267.1,16128.4,4287.3,16143.5,0.3270
14551.8,20640.6,14574.4,20652.9,0.3270
34181.9,8702.4,34238.5,8751.5,0.3270
13404.5,30324.9,13457.3,30353.9,0.3269
27161.9,2313.1,27211.2,2363.4,0.3267
10183.3,4008.1,10238.6,4041.4,0.3267
1220.2,35009.5,1233.4,35023.5,0.3267
1109.5,35207.3,1121.7,35218.1,0.3266
474.9,19840.0,589.1,19896.6,0.3265
11149.6,13332.1,11193.9,13343.6,0.3265
20306.7,3321.9,20371.8,3377.9,0.3261
20245.9,2689.1,20296.1,2721.6,0.3261
30907.3,6305.8,30931.2,6334.8,0.3261
17223.6,25488.6,17235.9,25500.8,0.3260
21552.1,3569.1,21611.9,3620.9,0.3260
926.4,15217.5,950.8,15226.3,0.3259
15737.9,23648.9,15761.3,23659.6,0.3259
25085.8,5465.7,25149.4,5519.9,0.3258
15520.2,9072.3,15551.5,9097.3,0.3258
29976.1,9001.2,30003.4,9026.4,0.3255
2966.8,29180.6,2978.0,29191.7,0.3252
14367.3,11490.5,14397.2,11504.1,0.3252
17247.1,31875.5,17264.8,31888.8,0.3250
13180.1,22282.5,13201.2,22296.8,0.3250
26531.4,8000.0,26594.8,8040.3,0.3246
21880.5,9262.9,21929.7,9280.0,0.3245
1709.6,33273.0,1719.0,33280.7,0.3243
31917.1,26105.8,31972.1,26119.8,0.3242
12855.6,28484.0,12903.8,28496.0,0.3241
24452.4,4952.8,24483.9,4979.6,0.3239
6337.9,27322.9,6353.0,27334.3,0.3239
18273.2,20994.4,18287.2,21001.6,0.3236
21098.4,30281.7,21119.1,30294.3,0.3235
37783.7,16373.8,37838.7,16420.3,0.3234
3845.2,16832.8,3859.0,16841.7,0.3234
9834.8,20345.3,9895.1,20377.7,0.3233
14400.0,152.8,14464.5,231.2,0.3233
37566.5,7667.9,37593.6,7698.0,0.3231
10087.2,17716.3,10115.5,17727.0,0.3231
38588.7,15297.2,38629.3,15362.8,0.3229
3163.8,25882.6,3286.5,26012.5,0.3229
3554.5,28155.9,3577.2,28167.6,0.3229
25538.3,4426.8,25550.8,4453.0,0.3228
27884.2,5433.7,27950.8,5495.5,0.3227
13673.2,22297.0,13704.2,22307.5,0.3227
16026.1,19423.4,16071.6,19434.5,0.3226
17622.0,13244.1,17648.9,13255.4,0.3225
112.9,94.3,184.1,165.2,0.3224
20802.1,2988.9,20815.8,3029.6,0.3224
274.8,22634.4,287.9,22646.7,0.3222
37051.1,18538.5,37069.6,18558.8,0.3222
14259.2,23632.7,14312.6,23652.2,0.3222
2521.9,16160.0,2550.1,16188.0,0.3220
34620.6,1561.1,34646.7,1595.1,0.3219
10579.2,4081.1,10620.4,4109.2,0.3218
3669.9,4542.5,3700.0,4574.6,0.3216
7412.6,20186.5,7425.4,20195.2,0.3215
33063.7,22313.4,33132.8,22361.2,0.3215
14170.9,18893.9,14214.0,18921.6,0.3214
9512.9,21748.1,9541.3,21759.0,0.3214
21105.9,2480.3,21149.4,2507.8,0.3212
30434.8,8112.8,30516.9,8184.0,0.3210
13902.3,17423.4,13913.0,17433.0,0.3210
33511.6,33835.6,33535.3,33845.9,0.3210
32505.6,10443.0,32569.0,10498.0,0.3207
23613.4,2240.0,23677.5,2277.3,0.3207
7806.9,20129.6,7824.8,20140.3,0.3207
6991.1,26113.1,7039.3,26179.4,0.3206
9411.5,32746.2,9442.5,32757.2,0.3204
6237.4,4028.5,6288.2,4041.4,0.3204
15360.3,6947.6,15378.3,7039.0,0.3201
18022.8,3202.4,18068.9,3215.1,0.3200
28043.1,9316.2,28100.5,9398.1,0.3200
36663.2,2824.0,36721.8,2876.9,0.3199
35323.6,17723.0,35365.2,17764.6,0.3197
30935.7,17302.4,30978.6,17357.7,0.3197
599.3,30876.9,616.0,30889.8,0.3196
14233.1,19201.5,14266.8,19214.0,0.3196
7876.5,17280.0,7913.3,17310.2,0.3193
6150.7,18137.7,6162.0,18145.8,0.3193
13440.0,5440.4,13501.4,5544.8,0.3191
34997.6,2114.6,35028.6,2142.6,0.3191
37252.6,11745.6,37297.4,11778.0,0.3191
16434.1,17200.5,16469.7,17216.0,0.3188
10544.6,14223.6,10588.5,14242.0,0.3187
26037.2,35655.6,26059.3,35674.7,0.3186
13891.5,4145.0,13968.6,4160.0,0.3186
3073.1,19990.2,3191.7,20060.7,0.3185
6722.0,1454.5,6736.0,1484.6,0.3182
33856.8,7869.6,33909.4,7899.7,0.3179
37986.9,6993.5,38010.3,7038.0,0.3179
31999.9,10737.9,32086.1,10840.1,0.3179
23583.0,817.3,23595.1,835.3,0.3177
12745.9,12980.6,12795.4,12996.3,0.3175
27849.9,23942.3,27887.1,23967.9,0.3174
38462.6,10663.5,38482.8,10684.5,0.3174
17829.7,14945.6,17840.0,14955.6,0.3174
8968.9,23304.6,9084.2,23360.0,0.3173
10363.3,1920.0,10419.5,1949.8,0.3172
18790.2,16076.1,18802.4,16086.8,0.3171
4828.1,4114.9,4875.7,4151.6,0.3171
34822.6,6017.0,34880.0,6079.6,0.3171
30612.7,2309.9,30692.9,2403.9,0.3170
38229.4,2880.0,38287.4,2901.4,0.3170
11547.3,20843.7,11570.0,20855.3,0.3168
510.7,28438.1,527.9,28448.4,0.3167
10538.3,15482.8,10558.9,15494.5,0.3167
17479.3,2402.0,17492.1,2418.1,0.3166
14767.6,11103.2,14782.7,11119.6,0.3166
35014.1,152.7,35037.6,176.4,0.3166
11888.4,11019.8,11923.2,11030.1,0.3165
5345.3,35895.0,5394.7,35927.3,0.3164
684.3,21777.7,697.3,21794.7,0.3163
12248.8,20094.5,12319.4,20108.6,0.3162
34901.2,9949.4,34970.9,10000.4,0.3161
28413.2,17303.3,28442.0,17319.8,0.3160
37572.4,10523.0,37624.8,10588.0,0.3160
30400.7,24000.0,30493.2,24055.3,0.3159
2139.5,32089.8,2199.1,32110.9,0.3158
32518.3,7910.3,32575.3,7945.0,0.3158
36060.1,9941.7,36106.1,9976.6,0.3158
15293.2,6889.2,15360.9,6974.9,0.3155
27154.4,3582.9,27200.5,3617.1,0.3155
37868.1,15995.5,37913.4,16037.5,0.3155
13470.6,29614.7,13481.4,29625.9,0.3151
32295.5,14266.5,32326.3,14283.0,0.3151
15114.7,25835.6,15149.6,25848.7,0.3150
3788.7,17781.0,3801.5,17792.2,0.3150
5563.4,15183.1,5581.1,15199.2,0.3150
38393.4,5143.6,38438.3,5186.9,0.3149
12943.4,18607.3,12961.0,18624.4,0.3149
8133.4,17078.9,8146.1,17087.6,0.3148
8185.3,3931.1,8233.7,3962.0,0.3147
34221.9,3654.6,34239.9,3699.9,0.3146
37383.1,14158.7,37439.4,14231.6,0.3145
32747.5,29010.5,32772.9,29056.3,0.3144
31516.7,15439.0,31531.4,15454.3,0.3143
32297.1,7272.4,32335.6,7305.1,0.3143
12818.8,32836.0,12857.1,32849.2,0.3142
28337.3,4480.0,28400.5,4513.2,0.3141
20364.6,2508.1,20406.9,2530.5,0.3140
13578.5,31267.8,13600.9,31278.2,0.3139
31956.1,4035.7,31998.2,4092.5,0.3138
5402.8,32273.4,5423.7,32283.7,0.3138
12262.6,14975.2,12293.1,14992.5,0.3138
27780.0,11384.4,27831.7,11417.1,0.3137
27045.6,30755.0,27060.4,30770.7,0.3136
25996.7,36062.2,26011.8,36081.4,0.3136
8830.7,14674.2,8841.0,14682.3,0.3136
5940.5,16225.3,5967.8,16249.9,0.3134
31917.5,1807.1,31978.2,1864.9,0.3132
25532.7,4465.1,25547.7,4480.0,0.3131
25243.5,5256.1,25297.6,5276.5,0.3128
2832.3,36175.6,2879.3,36238.7,0.3128
9415.1,26903.4,9452.6,26919.3,0.3125
15169.8,13895.4,15190.8,13911.8,0.3124
27354.9,5384.7,27415.7,5418.7,0.3124
38220.0,30972.8,38277.5,31023.4,0.3122
4247.6,17669.0,4293.8,17681.5,0.3121
23979.0,34923.0,23998.2,34938.0,0.3121
32289.2,13249.3,32352.0,13293.7,0.3118
19244.1,30921.5,19274.5,30933.9,0.3116
32224.6,8388.6,32283.7,8449.0,0.3115
8508.6,3955.4,8556.3,3970.2,0.3115
36080.9,3205.8,36137.2,3246.9,0.3115
8133.2,24946.6,8147.2,24958.7,0.3114
14528.0,23816.7,14544.5,23827.2,0.3113
37884.2,1848.0,37933.8,1898.4,0.3112
16046.2,23235.7,16065.7,23249.4,0.3109
17369.4,5120.0,17428.2,5151.7,0.3108
3352.5,4859.6,3395.5,4893.1,0.3108
33297.5,5819.0,33363.8,5848.7,0.3107
11330.2,22601.3,11377.0,22619.9,0.3106
10938.7,27177.4,11001.5,27200.0,0.3104
27260.9,28574.0,27271.4,28583.8,0.3104
36594.4,17712.1,36647.0,17776.4,0.3102
35264.4,7915.4,35329.0,7990.1,0.3102
13368.5,10888.1,13389.2,10898.3,0.3101
27589.2,12972.8,27657.9,13037.5,0.3101
27526.9,22410.1,27582.7,22439.0,0.3101
33819.1,28436.9,33956.2,28552.6,0.3099
24160.6,7100.0,24183.2,7123.4,0.3099
35317.0,6640.7,35365.4,6668.2,0.3097
38598.6,21954.8,38648.2,21987.9,0.3097
35682.1,25239.8,35704.6,25260.1,0.3096
35522.1,16733.1,35538.0,16771.0,0.3096
28688.8,112.7,28713.0,156.4,0.3094
0.2,26526.7,19.6,26560.0,0.3093
4099.1,28201.5,4114.7,28213.9,0.3093
2891.1,5321.4,2931.4,5341.7,0.3092
6661.6,20079.4,6675.5,20094.2,0.3092
18680.6,15081.7,18693.7,15090.4,0.3092
33401.3,9772.2,33454.1,9821.3,0.3091
2216.4,31468.4,2232.6,31479.2,0.3088
6347.6,4012.5,6398.2,4032.7,0.3087
8249.1,26317.6,8319.9,26392.7,0.3085
28340.6,35788.2,28356.0,35811.3,0.3085
13421.3,5464.7,13491.1,5539.6,0.3083
788.7,25519.3,903.0,25588.0,0.3083
38236.2,1655.8,38253.0,1688.3,0.3082
7875.3,29337.2,7888.3,29347.2,0.3080
37889.2,4285.1,37934.0,4345.5,0.3080
36913.7,6954.0,36969.9,7014.3,0.3080
7167.3,30865.4,7226.1,30879.3,0.3080
11126.4,30608.2,11140.6,30624.5,0.3079
37120.3,17899.5,37165.4,17956.4,0.3079
16916.3,33740.7,16952.2,33757.4,0.3078
22664.1,27872.0,22736.0,27937.3,0.3077
35674.3,17262.3,35722.1,17280.0,0.3076
36383.6,902.4,36435.8,917.7,0.3076
13319.7,11675.6,13345.1,11687.3,0.3074
38017.1,14036.0,38040.9,14077.6,0.3074
14158.8,23562.5,14192.2,23592.3,0.3073
23187.5,30960.6,23256.2,31017.0,0.3072
35677.3,8349.7,35703.6,8375.8,0.3072
24560.0,3087.9,24607.1,3114.6,0.3072
513.1,17900.6,564.7,17920.0,0.3072
15958.0,27274.9,15998.4,27287.5,0.3072
16816.4,18297.2,16829.5,18308.2,0.3071
19459.7,7360.0,19519.4,7391.0,0.3071
38139.5,10960.6,38172.8,10991.4,0.3068
16922.3,17844.2,16973.1,17864.5,0.3068
24770.2,5386.2,24785.7,5405.2,0.3068
14484.0,14206.4,14526.6,14217.8,0.3067
6355.4,23276.9,6490.4,23360.0,0.3067
10664.2,3671.9,10726.5,3706.3,0.3066
34410.3,10913.8,34452.9,10949.5,0.3066
10763.7,15699.7,10836.8,15713.4,0.3066
34102.9,14508.3,34125.7,14536.5,0.3065
3458.0,17226.3,3519.1,17288.4,0.3065
12538.2,24588.6,12582.3,24600.7,0.3065
14367.6,26.3,14426.1,84.7,0.3064
2537.2,20768.0,2647.6,20831.0,0.3064
2434.6,24882.2,2448.3,24893.8,0.3064
14510.5,11092.8,14524.3,11102.9,0.3063
16205.4,6039.4,16224.8,6058.6,0.3063
24188.1,6080.9,24309.5,6154.0,0.3060
33292.2,28160.0,33311.6,28180.8,0.3060
2786.2,742.7,2832.6,772.6,0.3059
14257.5,3922.3,14295.0,3942.7,0.3057
38017.8,17920.0,38102.1,17980.7,0.3049
37668.0,14146.8,37718.3,14191.3,0.3048
36626.3,13095.9,36675.7,13148.3,0.3048
23254.1,30426.3,23326.9,30481.4,0.3047
37441.1,3072.7,37476.6,3097.1,0.3045
277.2,28345.1,288.7,28356.0,0.3045
5327.7,31019.7,5353.1,31035.8,0.3044
8376.2,30162.7,8388.9,30175.3,0.3042
32204.3,10909.9,32263.2,10970.6,0.3042
21449.8,24995.8,21503.7,25051.0,0.3040
20114.9,21212.5,20130.2,21234.3,0.3040
16640.0,35794.8,16665.3,35838.6,0.3040
37377.2,12432.1,37428.4,12477.1,0.3038
3003.2,31324.9,3057.2,31336.8,0.3037
23681.4,2303.8,23700.9,2326.2,0.3036
6534.2,31023.5,6573.8,31033.6,0.3033
20625.5,7373.4,20681.1,7419.4,0.3031
321.3,19711.9,394.8,19793.0,0.3031
38553.7,1883.3,38596.5,1920.0,0.3029
31629.6,3355.7,31672.4,3405.6,0.3028
15952.9,30774.9,16021.2,30785.2,0.3026
11881.7,21986.6,11928.7,21998.4,0.3025
4611.0,28202.3,4624.6,28214.0,0.3024
2832.1,12316.3,2846.5,12328.9,0.3023
35785.9,19253.3,35805.5,19273.7,0.3023
2438.7,2281.2,2474.6,2303.7,0.3023
26880.5,1689.0,26921.6,1738.9,0.3022
11431.7,23602.7,11500.1,23615.4,0.3020
36831.2,9901.8,36883.1,9920.0,0.3019
3040.4,2063.6,3088.4,2079.8,0.3019
30240.4,8673.4,30265.7,8695.0,0.3019
13292.4,21391.1,13314.5,21403.8,0.3018
14529.4,29889.6,14581.8,29903.1,0.3018
3883.0,18451.2,3941.0,18462.9,0.3017
3001.3,314.7,3050.8,345.3,0.3016
12633.6,16444.3,12696.3,16457.4,0.3015
15688.5,15751.4,15735.5,15769.3,0.3015
3475.7,22328.6,3519.0,22393.5,0.3014
2969.6,29619.9,2991.8,29630.8,0.3014
2698.8,16696.5,2740.1,16712.4,0.3013
33106.9,2836.4,33151.1,2868.2,0.3012
35377.8,16786.3,35400.8,16820.2,0.3011
194.2,20782.4,250.1,20800.0,0.3010
31799.4,5762.2,31847.5,5795.0,0.3010
34723.2,3411.5,34759.3,3441.4,0.3007
30680.3,6720.0,30720.0,6757.1,0.3006
35354.5,7887.5,35408.7,7948.3,0.3006
28196.6,6263.8,28256.1,6341.6,0.3005
26109.7,11803.0,26164.2,11855.1,0.3005
558.5,29896.0,569.7,29904.7,0.3004
4617.4,25774.6,4730.8,25887.9,0.3002
16170.3,28731.6,16214.1,28741.6,0.3002
37120.1,9567.5,37166.1,9600.0,0.3001
37970.4,2706.0,38016.5,2766.6,0.3000
13648.9,11617.1,13701.3,11631.6,0.3000
38447.3,1424.1,38503.5,1492.8,0.3000
13815.9,6968.9,13891.8,7040.4,0.2999
3446.8,29036.1,3468.7,29049.8,0.2997
1507.1,15590.8,1522.1,15600.3,0.2997
21025.2,8406.5,21087.4,8435.2,0.2996
640.1,30993.3,655.9,31039.4,0.2996
15836.6,21440.0,15990.7,21464.9,0.2993
32977.8,15279.1,33038.9,15359.7,0.2993
23084.4,23737.7,23132.8,23779.0,0.2992
22381.1,1236.0,22413.8,1268.4,0.2992
37656.1,10223.1,37700.4,10240.0,0.2992
824.6,27454.8,845.7,27465.6,0.2988
13876.1,23195.5,13919.8,23207.9,0.2987
32225.7,8322.9,32262.4,8388.2,0.2987
8810.7,4036.4,8886.1,4093.1,0.2987
33697.8,9784.0,33810.2,9852.7,0.2987
15581.2,14650.4,15610.2,14659.9,0.2986
12172.7,14713.5,12226.9,14729.6,0.2985
26531.8,560.5,26600.4,611.9,0.2985
37423.4,11461.3,37439.2,11512.2,0.2984
938.0,20143.6,994.3,20160.0,0.2981
36330.2,12129.6,36345.3,12151.8,0.2981
37180.4,15984.9,37226.0,16000.0,0.2980
37120.4,4800.1,37162.3,4841.8,0.2979
26116.5,981.4,26237.7,1023.2,0.2978
19842.2,960.0,19856.6,1001.1,0.2975
4761.7,25747.1,4800.0,25817.5,0.2974
13675.5,23636.3,13708.0,23654.1,0.2974
10521.5,1244.4,10539.8,1269.8,0.2974
16693.4,19089.5,16771.9,19104.1,0.2974
8408.6,20085.9,8420.5,20097.0,0.2973
4626.0,20310.3,4740.4,20372.9,0.2972
30961.4,14661.3,31016.3,14718.3,0.2971
7370.6,26560.0,7452.5,26597.3,0.2971
8385.8,21363.8,8407.0,21374.7,0.2967
31741.2,19020.5,31780.2,19048.2,0.2967
13211.3,2663.6,13229.2,2683.6,0.2964
2240.0,25896.9,2256.8,25920.0,0.2962
32709.0,20212.4,32749.8,20239.5,0.2961
24036.3,3004.8,24092.1,3060.9,0.2961
27200.0,10315.9,27245.4,10345.0,0.2960
30374.7,4414.3,30422.7,4468.4,0.2958
26819.1,26528.5,26878.9,26590.0,0.2957
3991.3,20800.0,4108.1,20831.1,0.2957
30818.1,28659.7,30842.8,28673.0,0.2955
24108.2,18118.0,24134.4,18153.6,0.2955
11249.6,21610.5,11273.8,21620.8,0.2954
26615.9,9161.1,26712.1,9230.1,0.2953
6401.0,1896.4,6449.3,1951.3,0.2953
35346.9,4883.4,35385.6,4920.4,0.2952
29508.0,10184.5,29551.3,10214.6,0.2951
25265.0,20785.5,25279.2,20800.3,0.2950
5695.6,18328.4,5742.4,18353.1,0.2949
16428.7,3503.9,16472.2,3520.0,0.2948
23681.2,17663.0,23756.8,17719.5,0.2946
7229.2,32030.1,7242.6,32042.9,0.2945
7127.6,25920.0,7240.0,25969.8,0.2945
28919.0,33172.7,28950.4,33199.2,0.2943
36424.1,13440.1,36480.0,13484.2,0.2943
14026.0,11994.6,14069.5,12007.3,0.2943
12974.2,24763.2,13036.1,24775.9,0.2942
36214.7,17083.8,36269.3,17142.1,0.2942
1600.0,25570.3,1617.5,25600.0,0.2941
5368.3,3969.0,5437.4,4032.7,0.2941
10896.9,30502.9,10955.9,30562.0,0.2940
38297.1,12773.0,38374.6,12800.0,0.2937
29440.0,9951.2,29493.5,10062.6,0.2936
25754.2,1808.3,25771.3,1829.5,0.2935
32961.0,11349.0,33009.2,11400.0,0.2935
23040.0,5120.0,23106.1,5201.8,0.2935
33741.5,2703.4,33797.8,2759.0,0.2933
34880.7,18722.9,34937.5,18764.1,0.2933
4759.5,18509.6,4794.6,18521.0,0.2932
29745.2,4215.7,29805.3,4262.8,0.2931
23899.7,18812.8,23974.3,18879.7,0.2931
13512.8,29680.9,13556.2,29695.4,0.2930
20365.9,2509.1,20418.2,2550.9,0.2930
23690.1,6155.6,23748.8,6217.0,0.2929
32913.7,6679.7,32955.1,6717.5,0.2929
7987.9,21760.0,8098.4,21788.2,0.2929
13954.5,23511.2,13982.0,23521.5,0.2928
897.5,32406.2,958.4,32423.5,0.2927
35182.3,1885.1,35227.3,1930.4,0.2927
23063.1,17295.9,23118.5,17350.6,0.2927
37275.9,4004.9,37324.7,4074.1,0.2926
7895.3,2946.7,7942.4,2975.8,0.2925
681.4,19520.8,771.8,19566.7,0.2925
7881.4,17294.4,7912.0,17309.9,0.2925
36693.5,8179.5,36708.8,8199.4,0.2924
34240.7,13686.6,34290.4,13750.5,0.2924
9436.1,15706.6,9450.1,15718.5,0.2922
15480.5,32062.4,15547.0,32074.4,0.2920
22831.2,1920.0,22882.7,1952.4,0.2920
11556.5,21167.3,11623.8,21178.9,0.2920
19953.9,34125.9,20055.0,34190.8,0.2920
14378.5,4043.5,14409.6,4068.7,0.2919
33978.9,9045.3,34022.3,9103.2,0.2919
26881.3,10831.2,26951.7,10878.1,0.2919
31680.6,8642.1,31708.1,8718.8,0.2919
38288.2,21986.8,38346.0,22019.9,0.2918
38012.8,16406.5,38076.1,16463.0,0.2917
6898.5,20421.4,6913.6,20431.3,0.2917
16154.7,17827.5,16198.3,17839.0,0.2915
2889.6,17477.0,3005.4,17551.1,0.2915
17814.2,28917.5,17836.1,28929.2,0.2914
21276.0,31512.8,21330.5,31576.3,0.2914
4295.6,13666.7,4306.3,13674.9,0.2913
30224.5,24303.6,30246.4,24329.1,0.2913
30387.1,8731.4,30400.0,8778.5,0.2913
929.0,5151.0,960.0,5186.2,0.2912
31661.0,8293.5,31680.0,8343.3,0.2911
34971.9,23699.1,35029.9,23739.9,0.2911
34676.8,14682.2,34731.5,14720.9,0.2910
773.9,26874.0,786.2,26881.1,0.2910
21761.8,2383.3,21778.1,2404.6,0.2910
36480.0,13045.2,36539.0,13145.3,0.2909
27597.5,5188.4,27623.9,5244.8,0.2909
9452.4,19375.9,9464.0,19390.4,0.2908
4810.3,21166.5,4820.5,21180.0,0.2907
36071.6,35477.0,36119.8,35512.1,0.2906
27879.2,12007.6,27959.7,12063.8,0.2906
19498.0,2874.1,19544.5,2904.9,0.2905
31793.6,7434.3,31849.3,7473.6,0.2905
13033.5,1881.5,13043.0,1915.0,0.2905
35036.3,8898.3,35094.9,8957.4,0.2904
1665.5,4648.6,1704.0,4676.7,0.2902
14371.1,6957.0,14423.5,7022.3,0.2902
5066.0,34481.0,5118.6,34559.5,0.2901
34090.1,1856.2,34160.5,1903.0,0.2901
14156.7,31633.5,14203.8,31648.0,0.2900
37726.2,11608.1,37739.8,11631.6,0.2898
17256.4,25594.4,17317.6,25650.1,0.2898
38482.1,11200.1,38531.3,11245.0,0.2897
30921.1,3903.0,30961.2,3920.6,0.2896
14168.0,12386.8,14190.4,12398.8,0.2895
36675.3,17189.7,36687.8,17211.2,0.2894
31681.3,8569.2,31746.1,8619.4,0.2892
22480.2,16714.3,22552.0,16771.4,0.2892
6758.8,17104.9,6770.3,17113.6,0.2889
4532.0,20075.1,4647.1,20156.9,0.2884
8891.2,25472.4,8957.8,25565.5,0.2882
25601.8,4105.4,25654.8,4159.7,0.2882
37469.6,17063.7,37501.6,17096.2,0.2880
16952.6,11998.0,17007.5,12054.6,0.2880
2080.8,5399.1,2108.5,5433.0,0.2880
13887.9,32434.2,13926.5,32446.7,0.2880
29629.6,7954.0,29691.2,8005.4,0.2878
4725.7,26155.2,4844.8,26245.5,0.2878
34151.3,12934.4,34189.5,12971.6,0.2877
32876.8,12467.1,32939.5,12503.0,0.2876
14428.2,4070.2,14471.3,4104.0,0.2876
14896.8,30426.1,14941.7,30438.7,0.2876
35116.1,17635.9,35141.9,17659.3,0.2875
36845.6,6830.7,36896.9,6886.4,0.2875
6960.2,20097.9,6990.7,20113.1,0.2874
36524.0,1022.6,36604.2,1050.2,0.2873
34560.2,11739.8,34599.1,11823.4,0.2872
6567.8,36548.4,6638.7,36626.2,0.2871
12145.8,23177.5,12179.4,23186.9,0.2869
12895.8,12527.2,12952.9,12536.3,0.2868
14973.9,6921.1,14995.4,6930.5,0.2868
2822.7,23840.1,2878.4,23908.1,0.2866
6144.1,4098.2,6199.8,4132.9,0.2865
27939.4,7920.5,27975.3,7949.7,0.2865
3310.5,18271.7,3340.5,18282.9,0.2863
28735.3,24456.3,28756.1,24489.7,0.2863
6721.1,31933.3,6736.6,31945.2,0.2862
2241.3,18834.1,2316.3,18904.4,0.2861
14290.8,29859.1,14356.7,29872.2,0.2859
34613.0,16582.0,34690.4,16680.9,0.2859
19575.5,3170.9,19629.3,3216.1,0.2858
38162.1,1707.5,38214.5,1799.0,0.2858
27019.1,7998.6,27068.7,8052.5,0.2857
29055.1,10408.8,29092.7,10441.8,0.2857
8851.7,21904.0,8869.0,21916.2,0.2856
35822.1,14917.7,35846.9,14940.2,0.2856
28818.1,4128.8,28866.2,4169.2,0.2855
19963.7,34777.5,20007.2,34799.1,0.2854
8018.7,22383.1,8069.0,22400.0,0.2853
1647.7,33687.8,1692.2,33698.7,0.2851
2131.7,15706.9,2142.2,15717.0,0.2851
34814.2,15983.4,34851.1,16000.0,0.2850
4261.7,18156.4,4274.8,18168.9,0.2850
27201.1,12067.9,27222.1,12135.9,0.2849
17075.5,27620.3,17118.7,27631.9,0.2848
4459.6,4631.6,4516.4,4663.3,0.2848
7478.0,20570.3,7505.0,20578.9,0.2847
7349.3,25920.9,7462.5,25987.7,0.2847
29122.0,8640.0,29154.0,8706.6,0.2846
8517.3,19130.5,8529.7,19138.6,0.2846
10269.9,15177.8,10342.9,15203.2,0.2844
14027.1,5617.6,14078.6,5645.6,0.2844
9818.5,32275.0,9834.6,32286.2,0.2843
33444.0,2034.4,33499.2,2087.4,0.2839
2098.0,26122.5,2124.8,26137.6,0.2838
38060.6,13304.6,38084.9,13333.6,0.2838
2969.9,213.7,3009.3,235.1,0.2837
16463.2,7983.8,16483.5,7998.4,0.2837
19515.5,3281.7,19566.9,3354.7,0.2837
36861.0,18560.0,36885.4,18588.6,0.2835
4998.2,18110.4,5009.3,18119.1,0.2835
11754.4,16570.9,11790.4,16581.7,0.2834
36161.3,16001.1,36242.3,16042.6,0.2833
16937.4,640.0,16959.7,662.7,0.2831
36804.1,11608.3,36829.2,11631.5,0.2831
21975.2,2736.4,22080.0,2800.6,0.2831
37761.5,11486.8,37780.6,11516.3,0.2830
29973.1,31611.8,29986.0,31630.6,0.2829
34486.8,19731.5,34519.4,19760.9,0.2827
16126.9,25270.0,16185.0,25291.8,0.2825
34774.0,17220.2,34883.8,17310.6,0.2824
34999.3,12346.3,35075.2,12377.9,0.2822
36533.0,3840.0,36615.9,3866.7,0.2822
2769.4,17202.0,2779.9,17211.9,0.2822
6284.2,34640.6,6340.0,34672.2,0.2821
3579.1,27071.5,3601.4,27083.4,0.2821
34161.2,5419.8,34204.7,5455.7,0.2821
7310.8,31403.9,7323.0,31416.4,0.2820
30995.2,6596.7,31039.3,6682.7,0.2819
37369.8,7260.6,37410.6,7333.2,0.2818
32250.2,20660.1,32279.8,20684.9,0.2818
7061.4,20764.4,7073.0,20777.4,0.2817
11547.4,4169.5,11599.3,4214.8,0.2816
37538.7,7135.1,37582.5,7157.6,0.2816
4356.0,24153.2,4374.8,24174.1,0.2816
27399.8,12473.1,27465.1,12540.0,0.2815
1103.8,15914.6,1119.5,15924.8,0.2815
31436.4,5590.0,31488.1,5624.0,0.2814
5069.2,17736.2,5104.8,17746.8,0.2814
35060.1,6174.5,35132.9,6222.4,0.2814
27520.0,21699.2,27586.4,21757.8,0.2813
32000.0,10570.9,32063.8,10650.9,0.2813
1530.6,23185.2,1561.1,23198.9,0.2813
32231.1,8776.1,32319.1,8864.9,0.2813
15282.2,33291.8,15328.0,33303.6,0.2813
35433.7,9559.5,35470.5,9585.3,0.2812
14712.6,18116.0,14740.4,18126.4,0.2812
6027.5,22304.5,6079.5,22374.1,0.2812
31747.6,3823.4,31793.9,3840.0,0.2811
20488.4,16688.0,20538.8,16758.3,0.2811
27367.5,20383.5,27421.5,20444.9,0.2810
7934.0,20506.6,7948.5,20518.5,0.2810
37058.7,6810.2,37100.1,6853.3,0.2810
219.6,30805.2,248.9,30818.6,0.2810
22089.0,2377.1,22142.2,2416.7,0.2809
14595.4,11698.2,14622.5,11710.2,0.2808
24723.7,36435.7,24755.2,36469.9,0.2808
33672.6,1756.7,33743.2,1824.8,0.2808
2380.1,13824.2,2392.9,13833.2,0.2807
30973.2,5219.7,30991.7,5246.7,0.2807
4801.5,25754.2,4874.4,25818.8,0.2807
10406.6,33769.8,10466.2,33832.6,0.2806
755.3,31644.1,782.0,31654.5,0.2806
14849.4,13238.6,14897.3,13249.3,0.2805
38419.1,7508.6,38434.2,7526.4,0.2804
33854.1,9776.8,33899.6,9819.9,0.2803
12543.2,6811.7,12562.3,6823.4,0.2802
38611.4,15793.3,38654.8,15823.7,0.2801
2497.8,2271.6,2560.0,2303.8,0.2801
7979.7,21004.0,7998.4,21015.0,0.2801
5050.9,24257.5,5118.2,24340.6,0.2800
5424.1,32442.8,5453.7,32454.1,0.2799
36110.9,2880.2,36159.1,2956.1,0.2798
13675.7,28633.4,13737.8,28647.5,0.2797
19771.0,22698.2,19784.0,22706.2,0.2797
18203.0,16362.1,18232.4,16375.9,0.2796
37765.2,7476.7,37847.5,7547.0,0.2796
38250.1,11564.4,38278.3,11623.9,0.2795
4965.1,14745.4,4977.2,14753.2,0.2794
3752.8,4481.8,3801.8,4528.1,0.2793
37761.4,14703.5,37791.7,14720.0,0.2793
2331.3,33110.0,2357.7,33119.7,0.2790
13751.0,29705.5,13832.8,29737.2,0.2788
31229.8,10442.3,31268.3,10469.7,0.2787
3200.2,11962.8,3214.9,11971.3,0.2786
14004.3,4144.1,14078.9,4160.0,0.2785
35330.0,17113.9,35377.8,17178.9,0.2785
25598.0,34916.9,25650.6,34950.4,0.2784
32447.2,20602.1,32480.4,20656.1,0.2783
37957.9,27675.4,37970.5,27710.7,0.2783
23579.1,17330.2,23633.8,17393.4,0.2783
11498.8,22224.2,11545.9,22237.9,0.2782
33694.0,35556.0,33741.1,35567.8,0.2782
26086.5,3236.2,26125.0,3254.8,0.2782
30676.7,13266.1,30718.3,13310.3,0.2781
292.0,17199.6,318.3,17217.6,0.2780
27268.5,9487.8,27295.0,9511.1,0.2780
2602.1,14379.8,2620.3,14401.2,0.2779
17540.4,2243.4,17576.6,2269.0,0.2779
287.9,34696.5,316.8,34714.8,0.2779
34886.8,17220.0,34939.2,17279.7,0.2778
4463.3,14549.5,4473.1,14561.0,0.2777
32168.0,7903.2,32220.5,7950.4,0.2776
33935.3,6918.6,33974.3,6960.6,0.2776
11006.1,15145.0,11025.6,15153.7,0.2776
19640.0,28120.0,19694.7,28191.9,0.2775
33280.0,7069.5,33331.3,7126.6,0.2775
8655.4,14473.2,8674.8,14494.7,0.2774
38017.6,13795.9,38052.3,13854.0,0.2774
37209.5,14068.1,37299.0,14144.9,0.2772
770.8,34979.4,788.3,34988.2,0.2770
30962.0,379.5,31039.6,415.5,0.2770
3116.4,33409.9,3163.7,33433.3,0.2769
37683.1,18803.6,37722.3,18849.8,0.2768
25833.9,6853.0,25920.0,6973.2,0.2766
3455.8,21206.8,3518.5,21293.3,0.2765
25600.0,1039.6,25625.3,1066.9,0.2763
33289.1,7928.5,33365.7,7998.0,0.2761
9097.1,20386.8,9121.7,20398.1,0.2761
25281.5,29.6,25317.1,77.8,0.2761
18970.2,2992.8,19023.4,3021.1,0.2761
33815.2,15795.5,33920.0,15844.3,0.2761
31810.0,3013.7,31925.3,3100.0,0.2760
30829.0,5418.3,30855.5,5439.7,0.2759
13961.0,19683.9,13982.7,19694.7,0.2759
24926.7,5902.8,24959.5,5931.6,0.2757
31959.0,18514.4,31993.9,18543.1,0.2754
4520.0,15509.2,4532.4,15521.0,0.2754
15635.4,33576.6,15801.4,33608.8,0.2753
11801.5,34473.3,11879.3,34537.1,0.2753
17777.7,490.7,17812.0,520.3,0.2752
1205.3,22742.2,1240.3,22765.1,0.2752
1318.1,36257.2,1377.7,36307.5,0.2751
37448.8,16548.2,37504.0,16597.8,0.2750
15425.3,20282.8,15465.5,20295.5,0.2749
15588.2,3751.1,15689.0,3811.5,0.2747
11299.9,17555.5,11345.8,17564.4,0.2747
14613.8,6111.3,14692.3,6183.2,0.2747
24029.6,2931.2,24067.3,2967.9,0.2746
17846.9,22713.8,17870.4,22723.9,0.2743
8302.4,22283.9,8319.1,22295.5,0.2743
7261.8,18435.2,7281.6,18446.0,0.2742
33281.8,28299.0,33297.6,28332.7,0.2740
28160.5,15828.4,28199.2,15888.5,0.2737
31256.6,12525.8,31323.3,12613.3,0.2736
11867.3,18203.3,11912.7,18214.5,0.2735
20784.2,3223.3,20799.2,3246.8,0.2735
29931.9,3936.0,29970.9,3966.5,0.2734
15530.9,5937.1,15596.3,5982.4,0.2734
13112.6,5444.8,13192.0,5486.5,0.2733
18148.6,3012.8,18193.1,3043.1,0.2733
19840.6,960.0,19900.2,1015.8,0.2733
31676.7,3815.5,31724.9,3840.0,0.2732
30401.2,9878.3,30428.2,9920.0,0.2731
7707.5,1886.4,7759.4,1919.0,0.2731
24881.9,3628.0,24904.9,3657.3,0.2730
14059.8,6400.3,14133.9,6447.3,0.2730
33531.6,24363.3,33591.4,24410.1,0.2729
37841.9,17235.0,37864.8,17260.9,0.2727
21097.6,32160.5,21172.4,32279.5,0.2724
19166.2,2929.1,19192.4,2949.9,0.2723
4297.5,4601.6,4351.7,4639.1,0.2723
20202.5,2618.3,20245.0,2645.1,0.2722
36480.4,15939.4,36532.0,15981.2,0.2722
1420.4,20736.3,1543.1,20799.9,0.2722
15788.2,18242.2,15828.8,18251.9,0.2721
17026.9,22040.0,17042.7,22051.5,0.2721
21205.5,27693.4,21280.0,27746.2,0.2721
13777.4,13859.6,13829.3,13871.4,0.2721
32032.1,4954.8,32080.3,5027.9,0.2720
23867.4,4394.3,23900.0,4412.6,0.2719
10638.7,13687.2,10656.1,13698.8,0.2719
2864.7,35974.6,2879.6,36010.5,0.2719
6021.9,25142.7,6035.6,25153.5,0.2719
25504.2,3751.3,25555.9,3807.3,0.2718
13661.9,31289.3,13705.9,31320.0,0.2717
12429.6,13277.1,12489.8,13288.6,0.2716
92.5,34327.2,129.8,34336.5,0.2715
5753.6,31336.5,5803.3,31347.9,0.2715
33782.5,18147.2,33849.1,18185.2,0.2715
22449.9,648.4,22493.5,678.0,0.2714
31331.5,8054.3,31359.6,8107.2,0.2714
7465.1,32702.4,7517.2,32717.4,0.2712
11397.1,35473.6,11423.0,35482.2,0.2712
31477.9,13971.5,31584.6,14059.8,0.2712
27611.6,2567.8,27647.8,2603.7,0.2711
9905.8,19904.3,9921.6,19916.1,0.2710
4163.6,4441.5,4224.5,4490.0,0.2710
35800.2,9637.7,35840.0,9674.5,0.2710
34264.7,17702.8,34302.7,17733.2,0.2709
12796.1,23105.2,12839.1,23132.5,0.2709
18114.6,10531.8,18150.8,10561.3,0.2708
16815.3,33721.0,16872.6,33735.8,0.2706
17844.2,26824.2,17895.3,26846.0,0.2706
11795.9,23933.0,11812.2,23943.6,0.2705
36545.7,7631.4,36627.9,7680.0,0.2704
17513.5,32184.4,17592.4,32214.3,0.2704
4451.5,10138.4,4466.0,10147.4,0.2703
11754.4,4297.8,11797.8,4329.3,0.2701
14975.4,18370.9,15025.1,18382.8,0.2701
33960.0,24227.1,34025.0,24300.1,0.2700
33817.4,15815.3,33871.1,15844.1,0.2699
38056.4,15076.3,38092.0,15110.0,0.2699
8212.6,32090.6,8271.3,32109.9,0.2698
27962.1,5585.1,28055.5,5655.5,0.2698
12556.4,15852.0,12595.8,15863.7,0.2697
27245.8,9570.9,27286.1,9598.6,0.2697
6442.6,35426.3,6465.2,35442.0,0.2697
3607.7,28238.6,3617.5,28248.3,0.2696
31010.6,20794.6,31039.9,20832.5,0.2695
13866.1,32782.0,13916.9,32792.6,0.2693
37410.3,5401.6,37434.5,5423.0,0.2693
29409.1,3930.8,29450.7,3957.0,0.2693
9230.9,27363.5,9243.8,27378.6,0.2693
38062.6,9330.2,38079.9,9350.5,0.2693
18004.9,16539.7,18036.4,16566.3,0.2691
1341.9,15105.6,1381.4,15117.8,0.2690
31881.2,8544.5,31965.7,8667.1,0.2690
11370.1,11652.4,11401.3,11663.2,0.2690
38171.8,20038.2,38223.1,20089.2,0.2689
37454.0,2833.9,37500.4,2873.8,0.2685
31414.3,22640.8,31448.4,22683.9,0.2685
6080.8,15275.6,6099.0,15359.6,0.2684
30617.7,16255.8,30675.7,16309.2,0.2684
3228.5,31281.8,3274.2,31294.8,0.2681
32736.1,11840.0,32798.7,11877.6,0.2681
9288.0,25702.0,9399.4,25809.5,0.2681
34560.0,19648.5,34618.5,19707.9,0.2679
34880.0,12776.5,34922.1,12807.8,0.2679
36592.2,3503.4,36631.5,3520.0,0.2679
10857.2,14893.2,10876.8,14905.9,0.2678
6926.3,19041.6,6944.3,19057.2,0.2677
9731.4,25785.2,9834.0,25901.4,0.2677
35763.8,19058.3,35789.3,19084.6,0.2677
5751.1,4094.6,5797.1,4121.6,0.2677
31975.2,20618.8,31998.5,20669.8,0.2675
19708.4,2824.8,19757.8,2858.0,0.2674
38328.8,17003.3,38363.8,17030.5,0.2673
5239.7,32959.7,5263.0,32973.3,0.2669
13253.3,5760.3,13357.6,5800.8,0.2668
342.4,19869.8,461.8,19967.1,0.2667
22369.6,780.7,22416.3,839.5,0.2667
18188.6,32816.8,18236.6,32830.3,0.2666
2182.3,27682.7,2193.5,27691.8,0.2666
28919.2,33172.4,28981.5,33196.7,0.2665
34485.6,13398.0,34558.4,13463.4,0.2665
17391.4,26906.1,17458.2,26931.9,0.2664
28104.1,955.5,28151.5,966.8,0.2664
21491.7,2543.8,21534.2,2570.7,0.2663
37235.6,20820.0,37264.3,20861.0,0.2663
26880.0,1297.2,26892.6,1342.2,0.2662
16835.5,17499.7,16851.8,17510.2,0.2662
7277.4,35822.1,7358.2,35913.9,0.2662
7860.6,32664.7,7879.7,32674.4,0.2661
17366.5,33842.5,17402.2,33853.2,0.2659
12565.6,6242.7,12584.2,6261.5,0.2657
15803.9,24036.4,15849.2,24050.7,0.2657
10026.4,3201.5,10058.6,3230.4,0.2656
37594.7,3050.9,37638.6,3081.8,0.2655
38108.6,12719.2,38136.6,12767.3,0.2654
18828.8,8186.9,18872.8,8200.0,0.2653
26834.5,22456.2,26849.7,22472.3,0.2652
20202.1,26948.4,20268.6,27011.9,0.2652
19279.3,3059.7,19330.4,3089.9,0.2651
11496.8,22224.9,11519.3,22237.1,0.2649
37890.8,6659.0,37922.8,6705.9,0.2648
1600.0,33280.4,1641.8,33406.7,0.2648
29521.7,10061.5,29559.1,10079.9,0.2648
36446.1,19814.9,36480.0,19846.0,0.2645
11813.0,13962.9,11842.5,13973.5,0.2643
9508.3,16832.6,9521.4,16843.8,0.2643
12977.6,19231.5,12999.1,19241.8,0.2643
25859.2,1714.2,25917.5,1729.3,0.2642
11515.9,25811.7,11572.1,25821.6,0.2642
905.3,1817.9,931.6,1857.7,0.2642
34025.1,2651.5,34085.3,2748.3,0.2641
13009.5,27900.0,13063.9,27911.1,0.2641
17762.5,22154.7,17796.9,22174.4,0.2639
13266.3,12591.6,13327.5,12609.1,0.2635
35921.7,14113.4,35981.2,14164.5,0.2635
34776.4,3824.6,34815.1,3840.0,0.2633
4519.9,19727.5,4639.4,19824.2,0.2632
35094.3,8120.6,35110.9,8141.6,0.2631
4276.2,4556.6,4326.9,4595.6,0.2630
37674.7,9983.1,37685.3,10000.0,0.2629
453.2,16983.4,463.3,16992.7,0.2628
24934.3,2204.2,24961.3,2240.0,0.2627
7842.9,3886.3,7888.8,3911.9,0.2627
3342.7,27178.7,3355.1,27186.0,0.2626
14032.1,12065.2,14064.6,12081.6,0.2626
1845.9,4473.0,1905.9,4572.9,0.2625
1627.3,19576.3,1743.3,19683.2,0.2624
4319.6,28239.4,4333.9,28248.5,0.2624
19497.7,2873.3,19541.9,2884.2,0.2623
5357.7,29698.8,5368.6,29705.8,0.2622
5869.1,2213.1,5889.7,2239.5,0.2622
394.0,5786.7,441.5,5820.1,0.2621
14782.2,29596.0,14821.9,29607.4,0.2620
35325.2,3379.2,35367.7,3406.9,0.2619
23978.6,10614.1,23999.9,10662.6,0.2619
14898.0,30860.6,14913.1,30871.5,0.2617
17784.0,538.3,17822.2,573.5,0.2616
13918.5,27584.7,13964.3,27597.7,0.2616
11099.4,22530.5,11167.0,22539.9,0.2615
34986.1,19347.0,34998.1,19366.4,0.2615
26799.8,22642.3,26814.0,22659.6,0.2614
14816.7,14690.7,14890.1,14713.2,0.2614
20103.4,22873.7,20139.8,22888.1,0.2612
34360.7,9064.3,34415.6,9098.7,0.2612
38016.8,5404.3,38109.3,5468.3,0.2611
9755.5,15295.5,9766.7,15305.3,0.2611
6720.0,22187.4,6763.3,22243.0,0.2610
36722.4,14400.0,36762.5,14411.1,0.2610
15472.2,19409.4,15519.7,19423.7,0.2610
18940.3,1950.3,18968.7,1969.3,0.2610
35599.8,21616.7,35649.7,21668.7,0.2609
15856.0,18078.5,15872.4,18089.6,0.2608
15530.9,23788.6,15608.8,23816.5,0.2607
5011.9,17234.6,5032.3,17246.0,0.2607
1112.3,27559.3,1129.9,27567.6,0.2607
213.4,32554.0,224.8,32564.0,0.2606
34524.2,12110.3,34577.6,12165.9,0.2606
34824.1,17600.0,34877.2,17635.2,0.2604
34880.0,19048.0,34906.1,19080.6,0.2602
3039.4,27374.6,3057.6,27386.4,0.2602
36707.7,13177.2,36791.0,13259.6,0.2601
11260.5,15729.3,11308.1,15741.3,0.2600
3480.3,22217.3,3520.0,22284.7,0.2600
1510.2,33202.2,1543.3,33212.6,0.2599
2459.4,35431.8,2473.0,35441.8,0.2599
16159.3,32838.4,16193.7,32851.4,0.2598
28279.0,4338.0,28339.8,4368.3,0.2598
34690.3,8059.9,34707.4,8081.6,0.2598
192.8,28611.9,212.8,28622.9,0.2597
20793.4,2465.6,20839.3,2483.6,0.2597
14889.9,32320.4,15001.0,32356.0,0.2597
33920.0,19468.4,33965.2,19518.9,0.2596
38530.8,18354.2,38604.6,18401.2,0.2595
1659.6,34833.6,1680.2,34843.6,0.2595
7935.8,14232.4,7954.0,14241.7,0.2595
20813.4,3861.5,20871.7,3895.5,0.2595
10336.5,4006.1,10368.6,4024.1,0.2595
2092.8,34896.9,2104.3,34905.1,0.2594
9202.6,21433.8,9212.4,21451.9,0.2594
14011.2,29910.8,14026.8,29925.9,0.2594
12788.9,17410.6,12823.5,17422.5,0.2593
18067.9,1189.4,18085.6,1228.0,0.2593
15591.6,28417.7,15628.4,28430.6,0.2593
21380.9,26317.2,21444.8,26383.8,0.2592
1760.5,6358.3,1773.4,6393.3,0.2591
37786.8,9761.8,37799.1,9776.9,0.2590
12257.8,3669.3,12286.9,3726.1,0.2590
14916.6,30157.3,15031.1,30259.3,0.2590
14359.3,31747.4,14399.6,31759.2,0.2588
35158.1,14483.4,35200.0,14545.3,0.2588
9319.1,17823.4,9347.0,17835.6,0.2585
36800.0,6400.0,36857.5,6468.0,0.2584
1144.5,34723.1,1178.4,34735.7,0.2584
33288.4,10815.0,33344.2,10879.2,0.2583
3833.6,16073.9,3868.2,16095.1,0.2583
37551.4,7600.1,37612.8,7631.0,0.2583
4507.3,18492.5,4534.7,18503.7,0.2582
38159.1,1666.1,38209.8,1708.8,0.2582
34401.4,23335.5,34450.1,23386.8,0.2582
1600.7,29194.6,1618.2,29218.9,0.2581
33780.6,5073.8,33816.2,5114.2,0.2581
27709.4,3538.7,27761.3,3570.6,0.2580
14880.2,27192.5,14907.4,27203.3,0.2580
29963.3,3021.6,30017.5,3078.3,0.2580
11780.9,16226.7,11813.6,16239.1,0.2578
13387.4,5379.7,13440.0,5418.7,0.2577
16900.8,556.6,16960.0,598.8,0.2576
16996.2,644.4,17035.2,680.3,0.2576
5896.9,18545.9,5912.6,18554.8,0.2576
985.6,35297.6,1032.8,35314.4,0.2576
608.6,31995.8,635.3,32008.3,0.2574
12393.2,13004.2,12452.7,13020.3,0.2571
36932.2,4160.0,37010.3,4192.6,0.2571
37950.6,18002.1,37997.0,18043.9,0.2571
5306.4,27361.1,5329.6,27371.2,0.2570
33164.6,5617.3,33211.6,5682.6,0.2570
1177.9,28480.9,1198.4,28494.2,0.2568
14617.8,11873.3,14645.1,11888.1,0.2567
482.8,19791.7,587.1,19840.0,0.2567
37201.8,5659.1,37239.6,5715.3,0.2566
3406.3,33151.4,3416.5,33160.8,0.2565
14495.3,17890.7,14548.8,17906.1,0.2565
34192.9,5499.0,34239.1,5541.4,0.2563
32196.5,13742.8,32236.7,13760.0,0.2562
11942.3,26061.6,11953.6,26073.2,0.2561
17570.3,30536.2,17597.8,30550.1,0.2560
36987.3,8320.0,37042.0,8344.2,0.2560
28387.5,4377.6,28447.6,4409.1,0.2560
32864.5,3783.9,32960.0,3852.1,0.2560
17409.3,14864.0,17469.8,14880.7,0.2559
33331.3,23906.4,33376.8,23943.6,0.2558
21061.9,1580.2,21120.0,1640.7,0.2558
26791.1,6400.0,26880.0,6425.0,0.2557
320.6,2268.3,416.7,2326.6,0.2555
34558.0,19317.9,34586.5,19349.0,0.2555
35773.0,5547.0,35801.7,5587.4,0.2554
7954.4,3811.1,7997.4,3839.2,0.2553
29690.9,23703.7,29700.0,23728.6,0.2553
11424.0,25945.4,11441.4,25954.3,0.2552
20531.7,36020.0,20558.8,36032.6,0.2552
579.5,34056.4,606.7,34068.3,0.2551
9779.8,33691.0,9796.1,33707.1,0.2550
2234.8,33617.9,2247.8,33630.1,0.2550
143.7,30816.0,166.0,30827.7,0.2549
1687.2,28378.3,1700.0,28385.7,0.2549
37955.3,4480.0,38023.4,4531.6,0.2549
33921.6,7343.5,33940.6,7360.0,0.2548
22295.8,30491.1,22379.1,30560.7,0.2548
34685.5,32251.4,34698.9,32269.9,0.2548
36690.6,7250.9,36720.3,7279.3,0.2545
18881.8,299.1,18942.0,338.4,0.2544
29675.2,11181.1,29703.2,11200.0,0.2543
6151.7,31186.2,6185.2,31197.4,0.2542
25994.1,22028.8,26007.1,22047.7,0.2541
33027.4,2846.6,33103.1,2897.7,0.2541
38356.5,13227.5,38385.5,13255.8,0.2541
37762.4,3329.9,37814.1,3358.3,0.2541
27149.9,9432.5,27171.1,9449.1,0.2540
34936.2,18222.5,34970.7,18240.0,0.2539
8255.5,17803.3,8273.4,17815.4,0.2539
1473.9,14624.7,1489.9,14633.1,0.2538
35342.0,13916.0,35406.8,13997.9,0.2538
11841.4,3502.0,11862.2,3520.0,0.2538
16941.6,2682.4,16983.0,2727.5,0.2537
13570.6,7083.4,13620.4,7139.0,0.2535
10627.5,23680.6,10664.5,23693.2,0.2535
36955.5,6990.3,37012.8,7049.3,0.2534
21379.2,28866.7,21408.4,28879.4,0.2533
5010.8,17459.1,5035.1,17469.3,0.2533
21849.2,2540.7,21893.5,2568.0,0.2533
12404.8,24846.8,12475.8,24858.0,0.2532
21470.5,615.9,21490.7,635.3,0.2532
33136.9,18762.3,33207.3,18832.8,0.2531
22345.6,31389.0,22422.7,31469.3,0.2531
7808.1,17273.2,7824.0,17283.0,0.2531
18613.0,589.6,18672.2,615.8,0.2529
21681.8,2716.3,21716.5,2738.7,0.2529
34522.6,3613.3,34564.7,3636.9,0.2528
30952.9,10826.8,31018.7,10886.8,0.2526
11824.2,27505.5,11839.3,27567.8,0.2524
7861.7,19548.3,7877.7,19558.6,0.2523
669.0,17211.1,692.1,17222.5,0.2523
38027.4,10587.6,38096.5,10642.3,0.2523
28394.2,26880.0,28440.5,26896.1,0.2522
7705.2,13503.9,7719.6,13515.4,0.2521
2242.9,2918.5,2258.5,2928.9,0.2521
35923.5,23962.7,35976.1,24011.5,0.2519
37138.0,15876.4,37151.3,15891.5,0.2518
12996.6,28086.3,13032.3,28100.0,0.2517
37213.2,6249.3,37284.3,6327.8,0.2516
18238.0,20938.2,18260.6,20950.3,0.2515
37521.7,14365.0,37550.6,14397.9,0.2514
33963.3,18184.8,34040.5,18219.3,0.2514
674.7,34305.2,712.4,34318.2,0.2513
12301.4,4212.3,12344.1,4231.3,0.2513
31841.6,1903.0,31909.8,1957.6,0.2513
1516.3,7360.0,1599.7,7394.0,0.2512
17136.7,24208.8,17195.6,24227.4,0.2511
600.4,19703.7,716.6,19805.8,0.2510
1600.3,25853.7,1618.4,25920.0,0.2510
32812.3,6400.0,32863.8,6430.2,0.2509
28948.2,16531.5,28964.4,16551.4,0.2509
37646.1,10225.3,37674.9,10263.5,0.2509
30170.1,8433.5,30219.4,8473.9,0.2508
35298.4,18496.6,35344.0,18527.3,0.2508
22836.5,2145.1,22883.0,2178.5,0.2508
13308.0,33576.8,13383.1,33603.3,0.2507
21639.1,2279.6,21681.8,2313.1,0.2506
14349.6,4005.8,14396.4,4032.0,0.2506
60.6,28098.3,72.1,28107.0,0.2506
3153.5,32641.1,3180.6,32650.5,0.2505
18880.0,795.3,18937.4,861.2,0.2505
28518.9,10543.6,28551.3,10560.0,0.2504
20300.1,2432.2,20334.6,2466.0,0.2503
20394.1,19745.7,20470.2,19796.4,0.2503
30190.5,32293.4,30227.0,32318.9,0.2502
16118.0,29186.1,16180.8,29200.7,0.2502
26379.8,8844.9,26420.5,8897.5,0.2501
12613.6,31739.0,12641.3,31747.8,0.2501
24484.4,54.1,24505.1,91.3,0.2501
22136.8,2491.1,22191.6,2522.2,0.2500
23646.8,5947.1,23680.0,5986.4,0.2500
