<?xml version="1.0" encoding="UTF-8"?>
<kml xmlns="http://www.opengis.net/kml/2.2">
  <Document>
    <name>Mangrove Gap Detections - pos2_1</name>
    <Style id="gapStyle">
      <LineStyle><color>ff00ff00</color><width>2</width></LineStyle>
      <PolyStyle><color>4000ff00</color></PolyStyle>
    </Style>
    <Placemark>
      <name>gap_0001</name>
      <description>confidence: 0.9302</description>
      <styleUrl>#gapStyle</styleUrl>
      <Polygon>
        <outerBoundaryIs><LinearRing><coordinates>
          113.82958770833946,22.609026050106177,0
          113.82965245095696,22.609026050106177,0
          113.82965245095696,22.60907233622782,0
          113.82958770833946,22.60907233622782,0
          113.82958770833946,22.609026050106177,0
        </coordinates></LinearRing></outerBoundaryIs>
      </Polygon>
    </Placemark>
    <Placemark>
      <name>gap_0002</name>
      <description>confidence: 0.9194</description>
      <styleUrl>#gapStyle</styleUrl>
      <Polygon>
        <outerBoundaryIs><LinearRing><coordinates>
          113.82078305148261,22.60827698321953,0
          113.8208341941805,22.60827698321953,0
          113.8208341941805,22.60832556126012,0
          113.82078305148261,22.60832556126012,0
          113.82078305148261,22.60827698321953,0
        </coordinates></LinearRing></outerBoundaryIs>
      </Polygon>
    </Placemark>
    <Placemark>
      <name>gap_0003</name>
      <description>confidence: 0.8992</description>
      <styleUrl>#gapStyle</styleUrl>
      <Polygon>
        <outerBoundaryIs><LinearRing><coordinates>
          113.82049623084143,22.608600238045987,0
          113.8205487527834,22.608600238045987,0
          113.8205487527834,22.608643663811858,0
          113.82049623084143,22.608643663811858,0
          113.82049623084143,22.608600238045987,0
        </coordinates></LinearRing></outerBoundaryIs>
      </Polygon>
    </Placemark>
    <Placemark>
      <name>gap_0004</name>
      <description>confidence: 0.8897</description>
      <styleUrl>#gapStyle</styleUrl>
      <Polygon>
        <outerBoundaryIs><LinearRing><coordinates>
          113.82009431616989,22.608110459755846,0
          113.82014865200199,22.608110459755846,0
          113.82014865200199,22.608152539735563,0
          113.82009431616989,22.608152539735563,0
          113.82009431616989,22.608110459755846,0
        </coordinates></LinearRing></outerBoundaryIs>
      </Polygon>
    </Placemark>
    <Placemark>
      <name>gap_0005</name>
      <description>confidence: 0.8776</description>
      <styleUrl>#gapStyle</styleUrl>
      <Polygon>
        <outerBoundaryIs><LinearRing><coordinates>
          113.83104265548407,22.60225219745032,0
          113.83110673197169,22.60225219745032,0
          113.83110673197169,22.602297356561746,0
          113.83104265548407,22.602297356561746,0
          113.83104265548407,22.60225219745032,0
        </coordinates></LinearRing></outerBoundaryIs>
      </Polygon>
    </Placemark>
    <Placemark>
      <name>gap_0006</name>
      <description>confidence: 0.8632</description>
      <styleUrl>#gapStyle</styleUrl>
      <Polygon>
        <outerBoundaryIs><LinearRing><coordinates>
          113.8100054286569,22.608584446519817,0
          113.81006254049397,22.608584446519817,0
          113.81006254049397,22.60863520450274,0
          113.8100054286569,22.60863520450274,0
          113.8100054286569,22.608584446519817,0
        </coordinates></LinearRing></outerBoundaryIs>
      </Polygon>
    </Placemark>
    <Placemark>
      <name>gap_0007</name>
      <description>confidence: 0.8630</description>
      <styleUrl>#gapStyle</styleUrl>
      <Polygon>
        <outerBoundaryIs><LinearRing><coordinates>
          113.82242672268191,22.608885216925657,0
          113.82248587907439,22.608885216925657,0
          113.82248587907439,22.608923736225123,0
          113.82242672268191,22.608923736225123,0
          113.82242672268191,22.608885216925657,0
        </coordinates></LinearRing></outerBoundaryIs>
      </Polygon>
    </Placemark>
    <Placemark>
      <name>gap_0008</name>
      <description>confidence: 0.8601</description>
      <styleUrl>#gapStyle</styleUrl>
      <Polygon>
        <outerBoundaryIs><LinearRing><coordinates>
          113.82584726578213,22.60773700490595,0
          113.82587813232331,22.60773700490595,0
          113.82587813232331,22.607762033970502,0
          113.82584726578213,22.607762033970502,0
          113.82584726578213,22.60773700490595,0
        </coordinates></LinearRing></outerBoundaryIs>
      </Polygon>
    </Placemark>
    <Placemark>
      <name>gap_0009</name>
      <description>confidence: 0.8552</description>
      <styleUrl>#gapStyle</styleUrl>
      <Polygon>
        <outerBoundaryIs><LinearRing><coordinates>
          113.82080981986807,22.60809851018159,0
          113.82087294406338,22.60809851018159,0
          113.82087294406338,22.608147092499063,0
          113.82080981986807,22.608147092499063,0
          113.82080981986807,22.60809851018159,0
        </coordinates></LinearRing></outerBoundaryIs>
      </Polygon>
    </Placemark>
    <Placemark>
      <name>gap_0010</name>
      <description>confidence: 0.8353</description>
      <styleUrl>#gapStyle</styleUrl>
      <Polygon>
        <outerBoundaryIs><LinearRing><coordinates>
          113.8129734263246,22.612852932939052,0
          113.81303275559326,22.612852932939052,0
          113.81303275559326,22.612894911194402,0
          113.8129734263246,22.612894911194402,0
          113.8129734263246,22.612852932939052,0
        </coordinates></LinearRing></outerBoundaryIs>
      </Polygon>
    </Placemark>
    <Placemark>
      <name>gap_0011</name>
      <description>confidence: 0.8352</description>
      <styleUrl>#gapStyle</styleUrl>
      <Polygon>
        <outerBoundaryIs><LinearRing><coordinates>
          113.83104235507898,22.5999063085,0
          113.83114539287901,22.5999063085,0
          113.83114539287901,22.599971999644517,0
          113.83104235507898,22.599971999644517,0
          113.83104235507898,22.5999063085,0
        </coordinates></LinearRing></outerBoundaryIs>
      </Polygon>
    </Placemark>
    <Placemark>
      <name>gap_0012</name>
      <description>confidence: 0.8350</description>
      <styleUrl>#gapStyle</styleUrl>
      <Polygon>
        <outerBoundaryIs><LinearRing><coordinates>
          113.82041709767415,22.608180824000314,0
          113.82047500218776,22.608180824000314,0
          113.82047500218776,22.60822132515483,0
          113.82041709767415,22.60822132515483,0
          113.82041709767415,22.608180824000314,0
        </coordinates></LinearRing></outerBoundaryIs>
      </Polygon>
    </Placemark>
    <Placemark>
      <name>gap_0013</name>
      <description>confidence: 0.8321</description>
      <styleUrl>#gapStyle</styleUrl>
      <Polygon>
        <outerBoundaryIs><LinearRing><coordinates>
          113.8152217374602,22.602966580666173,0
          113.8152805243626,22.602966580666173,0
          113.8152805243626,22.6030026502317,0
          113.8152217374602,22.6030026502317,0
          113.8152217374602,22.602966580666173,0
        </coordinates></LinearRing></outerBoundaryIs>
      </Polygon>
    </Placemark>
    <Placemark>
      <name>gap_0014</name>
      <description>confidence: 0.8082</description>
      <styleUrl>#gapStyle</styleUrl>
      <Polygon>
        <outerBoundaryIs><LinearRing><coordinates>
          113.8110925151574,22.61693081736251,0
          113.81114072657282,22.61693081736251,0
          113.81114072657282,22.616978611976087,0
          113.8110925151574,22.616978611976087,0
          113.8110925151574,22.61693081736251,0
        </coordinates></LinearRing></outerBoundaryIs>
      </Polygon>
    </Placemark>
    <Placemark>
      <name>gap_0015</name>
      <description>confidence: 0.8016</description>
      <styleUrl>#gapStyle</styleUrl>
      <Polygon>
        <outerBoundaryIs><LinearRing><coordinates>
          113.82785155622575,22.607663303913988,0
          113.82788687215923,22.607663303913988,0
          113.82788687215923,22.60770293053772,0
          113.82785155622575,22.60770293053772,0
          113.82785155622575,22.607663303913988,0
        </coordinates></LinearRing></outerBoundaryIs>
      </Polygon>
    </Placemark>
    <Placemark>
      <name>gap_0016</name>
      <description>confidence: 0.7984</description>
      <styleUrl>#gapStyle</styleUrl>
      <Polygon>
        <outerBoundaryIs><LinearRing><coordinates>
          113.82809628620524,22.605983315499135,0
          113.8281446777,22.605983315499135,0
          113.8281446777,22.606030329305042,0
          113.82809628620524,22.606030329305042,0
          113.82809628620524,22.605983315499135,0
        </coordinates></LinearRing></outerBoundaryIs>
      </Polygon>
    </Placemark>
    <Placemark>
      <name>gap_0017</name>
      <description>confidence: 0.7949</description>
      <styleUrl>#gapStyle</styleUrl>
      <Polygon>
        <outerBoundaryIs><LinearRing><coordinates>
          113.82314419618211,22.600766270621502,0
          113.82317683095923,22.600766270621502,0
          113.82317683095923,22.600796111733587,0
          113.82314419618211,22.600796111733587,0
          113.82314419618211,22.600766270621502,0
        </coordinates></LinearRing></outerBoundaryIs>
      </Polygon>
    </Placemark>
    <Placemark>
      <name>gap_0018</name>
      <description>confidence: 0.7917</description>
      <styleUrl>#gapStyle</styleUrl>
      <Polygon>
        <outerBoundaryIs><LinearRing><coordinates>
          113.80861054108455,22.597565408566098,0
          113.80868914956609,22.597565408566098,0
          113.80868914956609,22.597589412651754,0
          113.80861054108455,22.597589412651754,0
          113.80861054108455,22.597565408566098,0
        </coordinates></LinearRing></outerBoundaryIs>
      </Polygon>
    </Placemark>
    <Placemark>
      <name>gap_0019</name>
      <description>confidence: 0.7916</description>
      <styleUrl>#gapStyle</styleUrl>
      <Polygon>
        <outerBoundaryIs><LinearRing><coordinates>
          113.82835460961738,22.57602681548613,0
          113.82843146928292,22.57602681548613,0
          113.82843146928292,22.576045222173672,0
          113.82835460961738,22.576045222173672,0
          113.82835460961738,22.57602681548613,0
        </coordinates></LinearRing></outerBoundaryIs>
      </Polygon>
    </Placemark>
    <Placemark>
      <name>gap_0020</name>
      <description>confidence: 0.7915</description>
      <styleUrl>#gapStyle</styleUrl>
      <Polygon>
        <outerBoundaryIs><LinearRing><coordinates>
          113.83080703968862,22.599812037249013,0
          113.83084771850778,22.599812037249013,0
          113.83084771850778,22.59985029477859,0
          113.83080703968862,22.59985029477859,0
          113.83080703968862,22.599812037249013,0
        </coordinates></LinearRing></outerBoundaryIs>
      </Polygon>
    </Placemark>
    <Placemark>
      <name>gap_0021</name>
      <description>confidence: 0.7898</description>
      <styleUrl>#gapStyle</styleUrl>
      <Polygon>
        <outerBoundaryIs><LinearRing><coordinates>
          113.82087711069016,22.608278481888956,0
          113.82093907402852,22.608278481888956,0
          113.82093907402852,22.608313610376197,0
          113.82087711069016,22.608313610376197,0
          113.82087711069016,22.608278481888956,0
        </coordinates></LinearRing></outerBoundaryIs>
      </Polygon>
    </Placemark>
    <Placemark>
      <name>gap_0022</name>
      <description>confidence: 0.7895</description>
      <styleUrl>#gapStyle</styleUrl>
      <Polygon>
        <outerBoundaryIs><LinearRing><coordinates>
          113.82792295525117,22.583148083866377,0
          113.82796172105469,22.583148083866377,0
          113.82796172105469,22.583188317439358,0
          113.82792295525117,22.583188317439358,0
          113.82792295525117,22.583148083866377,0
        </coordinates></LinearRing></outerBoundaryIs>
      </Polygon>
    </Placemark>
    <Placemark>
      <name>gap_0023</name>
      <description>confidence: 0.7845</description>
      <styleUrl>#gapStyle</styleUrl>
      <Polygon>
        <outerBoundaryIs><LinearRing><coordinates>
          113.82229730274615,22.60847918621325,0
          113.8223231310765,22.60847918621325,0
          113.8223231310765,22.608496340735428,0
          113.82229730274615,22.608496340735428,0
          113.82229730274615,22.60847918621325,0
        </coordinates></LinearRing></outerBoundaryIs>
      </Polygon>
    </Placemark>
    <Placemark>
      <name>gap_0024</name>
      <description>confidence: 0.7839</description>
      <styleUrl>#gapStyle</styleUrl>
      <Polygon>
        <outerBoundaryIs><LinearRing><coordinates>
          113.8266338081424,22.577398456615747,0
          113.82668860751511,22.577398456615747,0
          113.82668860751511,22.577417396542785,0
          113.8266338081424,22.577417396542785,0
          113.8266338081424,22.577398456615747,0
        </coordinates></LinearRing></outerBoundaryIs>
      </Polygon>
    </Placemark>
    <Placemark>
      <name>gap_0025</name>
      <description>confidence: 0.7834</description>
      <styleUrl>#gapStyle</styleUrl>
      <Polygon>
        <outerBoundaryIs><LinearRing><coordinates>
          113.81371847871058,22.616144262376217,0
          113.81379309049477,22.616144262376217,0
          113.81379309049477,22.616214553729474,0
          113.81371847871058,22.616214553729474,0
          113.81371847871058,22.616144262376217,0
        </coordinates></LinearRing></outerBoundaryIs>
      </Polygon>
    </Placemark>
    <Placemark>
      <name>gap_0026</name>
      <description>confidence: 0.7784</description>
      <styleUrl>#gapStyle</styleUrl>
      <Polygon>
        <outerBoundaryIs><LinearRing><coordinates>
          113.81391211299699,22.616520839515477,0
          113.81398182531329,22.616520839515477,0
          113.81398182531329,22.616622304895397,0
          113.81391211299699,22.616622304895397,0
          113.81391211299699,22.616520839515477,0
        </coordinates></LinearRing></outerBoundaryIs>
      </Polygon>
    </Placemark>
    <Placemark>
      <name>gap_0027</name>
      <description>confidence: 0.7745</description>
      <styleUrl>#gapStyle</styleUrl>
      <Polygon>
        <outerBoundaryIs><LinearRing><coordinates>
          113.83047804599944,22.598762931119598,0
          113.83055661158936,22.598762931119598,0
          113.83055661158936,22.59885504776214,0
          113.83047804599944,22.59885504776214,0
          113.83047804599944,22.598762931119598,0
        </coordinates></LinearRing></outerBoundaryIs>
      </Polygon>
    </Placemark>
    <Placemark>
      <name>gap_0028</name>
      <description>confidence: 0.7743</description>
      <styleUrl>#gapStyle</styleUrl>
      <Polygon>
        <outerBoundaryIs><LinearRing><coordinates>
          113.81937909372289,22.604324838339743,0
          113.81941083585896,22.604324838339743,0
          113.81941083585896,22.60435320198265,0
          113.81937909372289,22.60435320198265,0
          113.81937909372289,22.604324838339743,0
        </coordinates></LinearRing></outerBoundaryIs>
      </Polygon>
    </Placemark>
    <Placemark>
      <name>gap_0029</name>
      <description>confidence: 0.7739</description>
      <styleUrl>#gapStyle</styleUrl>
      <Polygon>
        <outerBoundaryIs><LinearRing><coordinates>
          113.82631786801619,22.607951631532803,0
          113.82635265116035,22.607951631532803,0
          113.82635265116035,22.607980979964168,0
          113.82631786801619,22.607980979964168,0
          113.82631786801619,22.607951631532803,0
        </coordinates></LinearRing></outerBoundaryIs>
      </Polygon>
    </Placemark>
    <Placemark>
      <name>gap_0030</name>
      <description>confidence: 0.7711</description>
      <styleUrl>#gapStyle</styleUrl>
      <Polygon>
        <outerBoundaryIs><LinearRing><coordinates>
          113.8207389027391,22.60832105452893,0
          113.82076607867687,22.60832105452893,0
          113.82076607867687,22.608344227957677,0
          113.8207389027391,22.608344227957677,0
          113.8207389027391,22.60832105452893,0
        </coordinates></LinearRing></outerBoundaryIs>
      </Polygon>
    </Placemark>
    <Placemark>
      <name>gap_0031</name>
      <description>confidence: 0.7699</description>
      <styleUrl>#gapStyle</styleUrl>
      <Polygon>
        <outerBoundaryIs><LinearRing><coordinates>
          113.8221428438824,22.608823472629272,0
          113.82219631566106,22.608823472629272,0
          113.82219631566106,22.608866604794187,0
          113.8221428438824,22.608866604794187,0
          113.8221428438824,22.608823472629272,0
        </coordinates></LinearRing></outerBoundaryIs>
      </Polygon>
    </Placemark>
    <Placemark>
      <name>gap_0032</name>
      <description>confidence: 0.7692</description>
      <styleUrl>#gapStyle</styleUrl>
      <Polygon>
        <outerBoundaryIs><LinearRing><coordinates>
          113.81534082358364,22.599392333562083,0
          113.81537468709533,22.599392333562083,0
          113.81537468709533,22.599450046946025,0
          113.81534082358364,22.599450046946025,0
          113.81534082358364,22.599392333562083,0
        </coordinates></LinearRing></outerBoundaryIs>
      </Polygon>
    </Placemark>
    <Placemark>
      <name>gap_0033</name>
      <description>confidence: 0.7646</description>
      <styleUrl>#gapStyle</styleUrl>
      <Polygon>
        <outerBoundaryIs><LinearRing><coordinates>
          113.82248219702475,22.555383801623375,0
          113.82255005247744,22.555383801623375,0
          113.82255005247744,22.55540302378386,0
          113.82248219702475,22.55540302378386,0
          113.82248219702475,22.555383801623375,0
        </coordinates></LinearRing></outerBoundaryIs>
      </Polygon>
    </Placemark>
    <Placemark>
      <name>gap_0034</name>
      <description>confidence: 0.7628</description>
      <styleUrl>#gapStyle</styleUrl>
      <Polygon>
        <outerBoundaryIs><LinearRing><coordinates>
          113.8263364210182,22.615365287789054,0
          113.82641871220422,22.615365287789054,0
          113.82641871220422,22.615408489151505,0
          113.8263364210182,22.615408489151505,0
          113.8263364210182,22.615365287789054,0
        </coordinates></LinearRing></outerBoundaryIs>
      </Polygon>
    </Placemark>
    <Placemark>
      <name>gap_0035</name>
      <description>confidence: 0.7601</description>
      <styleUrl>#gapStyle</styleUrl>
      <Polygon>
        <outerBoundaryIs><LinearRing><coordinates>
          113.83078948963647,22.596055948436334,0
          113.83084422661578,22.596055948436334,0
          113.83084422661578,22.59612718389649,0
          113.83078948963647,22.59612718389649,0
          113.83078948963647,22.596055948436334,0
        </coordinates></LinearRing></outerBoundaryIs>
      </Polygon>
    </Placemark>
    <Placemark>
      <name>gap_0036</name>
      <description>confidence: 0.7567</description>
      <styleUrl>#gapStyle</styleUrl>
      <Polygon>
        <outerBoundaryIs><LinearRing><coordinates>
          113.82611869346594,22.585464213456543,0
          113.82619549878025,22.585464213456543,0
          113.82619549878025,22.58554953455941,0
          113.82611869346594,22.58554953455941,0
          113.82611869346594,22.585464213456543,0
        </coordinates></LinearRing></outerBoundaryIs>
      </Polygon>
    </Placemark>
    <Placemark>
      <name>gap_0037</name>
      <description>confidence: 0.7535</description>
      <styleUrl>#gapStyle</styleUrl>
      <Polygon>
        <outerBoundaryIs><LinearRing><coordinates>
          113.82721816586476,22.54478099376925,0
          113.82728557234691,22.54478099376925,0
          113.82728557234691,22.544806123841944,0
          113.82721816586476,22.544806123841944,0
          113.82721816586476,22.54478099376925,0
        </coordinates></LinearRing></outerBoundaryIs>
      </Polygon>
    </Placemark>
    <Placemark>
      <name>gap_0038</name>
      <description>confidence: 0.7497</description>
      <styleUrl>#gapStyle</styleUrl>
      <Polygon>
        <outerBoundaryIs><LinearRing><coordinates>
          113.81391063741046,22.596247560800023,0
          113.81398778700374,22.596247560800023,0
          113.81398778700374,22.59632618278752,0
          113.81391063741046,22.59632618278752,0
          113.81391063741046,22.596247560800023,0
        </coordinates></LinearRing></outerBoundaryIs>
      </Polygon>
    </Placemark>
    <Placemark>
      <name>gap_0039</name>
      <description>confidence: 0.7473</description>
      <styleUrl>#gapStyle</styleUrl>
      <Polygon>
        <outerBoundaryIs><LinearRing><coordinates>
          113.81342054492278,22.613755279722245,0
          113.81349109902818,22.613755279722245,0
          113.81349109902818,22.61381119190346,0
          113.81342054492278,22.61381119190346,0
          113.81342054492278,22.613755279722245,0
        </coordinates></LinearRing></outerBoundaryIs>
      </Polygon>
    </Placemark>
    <Placemark>
      <name>gap_0040</name>
      <description>confidence: 0.7448</description>
      <styleUrl>#gapStyle</styleUrl>
      <Polygon>
        <outerBoundaryIs><LinearRing><coordinates>
          113.82960756049117,22.60435801292515,0
          113.82967276468477,22.60435801292515,0
          113.82967276468477,22.604402929870787,0
          113.82960756049117,22.604402929870787,0
          113.82960756049117,22.60435801292515,0
        </coordinates></LinearRing></outerBoundaryIs>
      </Polygon>
    </Placemark>
    <Placemark>
      <name>gap_0041</name>
      <description>confidence: 0.7431</description>
      <styleUrl>#gapStyle</styleUrl>
      <Polygon>
        <outerBoundaryIs><LinearRing><coordinates>
          113.82890409431963,22.602178867073928,0
          113.82900082033858,22.602178867073928,0
          113.82900082033858,22.60230471879884,0
          113.82890409431963,22.60230471879884,0
          113.82890409431963,22.602178867073928,0
        </coordinates></LinearRing></outerBoundaryIs>
      </Polygon>
    </Placemark>
    <Placemark>
      <name>gap_0042</name>
      <description>confidence: 0.7423</description>
      <styleUrl>#gapStyle</styleUrl>
      <Polygon>
        <outerBoundaryIs><LinearRing><coordinates>
          113.82280959699125,22.609101398496733,0
          113.82286867987862,22.609101398496733,0
          113.82286867987862,22.60913932304323,0
          113.82280959699125,22.60913932304323,0
          113.82280959699125,22.609101398496733,0
        </coordinates></LinearRing></outerBoundaryIs>
      </Polygon>
    </Placemark>
    <Placemark>
      <name>gap_0043</name>
      <description>confidence: 0.7409</description>
      <styleUrl>#gapStyle</styleUrl>
      <Polygon>
        <outerBoundaryIs><LinearRing><coordinates>
          113.82366115669234,22.606109177373977,0
          113.8237465268259,22.606109177373977,0
          113.8237465268259,22.606178420624516,0
          113.82366115669234,22.606178420624516,0
          113.82366115669234,22.606109177373977,0
        </coordinates></LinearRing></outerBoundaryIs>
      </Polygon>
    </Placemark>
    <Placemark>
      <name>gap_0044</name>
      <description>confidence: 0.7392</description>
      <styleUrl>#gapStyle</styleUrl>
      <Polygon>
        <outerBoundaryIs><LinearRing><coordinates>
          113.82302094711534,22.60911363550218,0
          113.82309717011853,22.60911363550218,0
          113.82309717011853,22.609150676595778,0
          113.82302094711534,22.609150676595778,0
          113.82302094711534,22.60911363550218,0
        </coordinates></LinearRing></outerBoundaryIs>
      </Polygon>
    </Placemark>
    <Placemark>
      <name>gap_0045</name>
      <description>confidence: 0.7384</description>
      <styleUrl>#gapStyle</styleUrl>
      <Polygon>
        <outerBoundaryIs><LinearRing><coordinates>
          113.82239995503313,22.608532373180054,0
          113.82242175085489,22.608532373180054,0
          113.82242175085489,22.60854938846816,0
          113.82239995503313,22.60854938846816,0
          113.82239995503313,22.608532373180054,0
        </coordinates></LinearRing></outerBoundaryIs>
      </Polygon>
    </Placemark>
    <Placemark>
      <name>gap_0046</name>
      <description>confidence: 0.7318</description>
      <styleUrl>#gapStyle</styleUrl>
      <Polygon>
        <outerBoundaryIs><LinearRing><coordinates>
          113.82164788556896,22.604892941240898,0
          113.82170740703138,22.604892941240898,0
          113.82170740703138,22.60494396619145,0
          113.82164788556896,22.60494396619145,0
          113.82164788556896,22.604892941240898,0
        </coordinates></LinearRing></outerBoundaryIs>
      </Polygon>
    </Placemark>
    <Placemark>
      <name>gap_0047</name>
      <description>confidence: 0.7315</description>
      <styleUrl>#gapStyle</styleUrl>
      <Polygon>
        <outerBoundaryIs><LinearRing><coordinates>
          113.82486204142954,22.54685639288081,0
          113.82492522030348,22.54685639288081,0
          113.82492522030348,22.54688579730048,0
          113.82486204142954,22.54688579730048,0
          113.82486204142954,22.54685639288081,0
        </coordinates></LinearRing></outerBoundaryIs>
      </Polygon>
    </Placemark>
    <Placemark>
      <name>gap_0048</name>
      <description>confidence: 0.7296</description>
      <styleUrl>#gapStyle</styleUrl>
      <Polygon>
        <outerBoundaryIs><LinearRing><coordinates>
          113.82245275090034,22.61262516428526,0
          113.82249838210615,22.61262516428526,0
          113.82249838210615,22.612663364435008,0
          113.82245275090034,22.612663364435008,0
          113.82245275090034,22.61262516428526,0
        </coordinates></LinearRing></outerBoundaryIs>
      </Polygon>
    </Placemark>
    <Placemark>
      <name>gap_0049</name>
      <description>confidence: 0.7285</description>
      <styleUrl>#gapStyle</styleUrl>
      <Polygon>
        <outerBoundaryIs><LinearRing><coordinates>
          113.81532001117928,22.598931172294677,0
          113.81534014050993,22.598931172294677,0
          113.81534014050993,22.598966305775022,0
          113.81532001117928,22.598966305775022,0
          113.81532001117928,22.598931172294677,0
        </coordinates></LinearRing></outerBoundaryIs>
      </Polygon>
    </Placemark>
    <Placemark>
      <name>gap_0050</name>
      <description>confidence: 0.7251</description>
      <styleUrl>#gapStyle</styleUrl>
      <Polygon>
        <outerBoundaryIs><LinearRing><coordinates>
          113.82883482092626,22.6084103984816,0
          113.82886197226682,22.6084103984816,0
          113.82886197226682,22.608432099597987,0
          113.82883482092626,22.608432099597987,0
          113.82883482092626,22.6084103984816,0
        </coordinates></LinearRing></outerBoundaryIs>
      </Polygon>
    </Placemark>
    <Placemark>
      <name>gap_0051</name>
      <description>confidence: 0.7249</description>
      <styleUrl>#gapStyle</styleUrl>
      <Polygon>
        <outerBoundaryIs><LinearRing><coordinates>
          113.82374095187632,22.54650738936818,0
          113.82382867378475,22.54650738936818,0
          113.82382867378475,22.546542663801542,0
          113.82374095187632,22.546542663801542,0
          113.82374095187632,22.54650738936818,0
        </coordinates></LinearRing></outerBoundaryIs>
      </Polygon>
    </Placemark>
    <Placemark>
      <name>gap_0052</name>
      <description>confidence: 0.7237</description>
      <styleUrl>#gapStyle</styleUrl>
      <Polygon>
        <outerBoundaryIs><LinearRing><coordinates>
          113.8121814468573,22.61527507674922,0
          113.81226325150168,22.61527507674922,0
          113.81226325150168,22.6153557805,0
          113.8121814468573,22.6153557805,0
          113.8121814468573,22.61527507674922,0
        </coordinates></LinearRing></outerBoundaryIs>
      </Polygon>
    </Placemark>
    <Placemark>
      <name>gap_0053</name>
      <description>confidence: 0.7203</description>
      <styleUrl>#gapStyle</styleUrl>
      <Polygon>
        <outerBoundaryIs><LinearRing><coordinates>
          113.83094613094934,22.59612815157741,0
          113.8310208472614,22.59612815157741,0
          113.8310208472614,22.596190484733256,0
          113.83094613094934,22.596190484733256,0
          113.83094613094934,22.59612815157741,0
        </coordinates></LinearRing></outerBoundaryIs>
      </Polygon>
    </Placemark>
    <Placemark>
      <name>gap_0054</name>
      <description>confidence: 0.7197</description>
      <styleUrl>#gapStyle</styleUrl>
      <Polygon>
        <outerBoundaryIs><LinearRing><coordinates>
          113.83001637793146,22.60559390177206,0
          113.83007106933842,22.60559390177206,0
          113.83007106933842,22.605624559543976,0
          113.83001637793146,22.605624559543976,0
          113.83001637793146,22.60559390177206,0
        </coordinates></LinearRing></outerBoundaryIs>
      </Polygon>
    </Placemark>
    <Placemark>
      <name>gap_0055</name>
      <description>confidence: 0.7195</description>
      <styleUrl>#gapStyle</styleUrl>
      <Polygon>
        <outerBoundaryIs><LinearRing><coordinates>
          113.82068303795148,22.608468190077275,0
          113.82070651432281,22.608468190077275,0
          113.82070651432281,22.608485846693412,0
          113.82068303795148,22.608485846693412,0
          113.82068303795148,22.608468190077275,0
        </coordinates></LinearRing></outerBoundaryIs>
      </Polygon>
    </Placemark>
    <Placemark>
      <name>gap_0056</name>
      <description>confidence: 0.7195</description>
      <styleUrl>#gapStyle</styleUrl>
      <Polygon>
        <outerBoundaryIs><LinearRing><coordinates>
          113.83078312398509,22.578335734085385,0
          113.83081623402842,22.578335734085385,0
          113.83081623402842,22.5783508901361,0
          113.83078312398509,22.5783508901361,0
          113.83078312398509,22.578335734085385,0
        </coordinates></LinearRing></outerBoundaryIs>
      </Polygon>
    </Placemark>
    <Placemark>
      <name>gap_0057</name>
      <description>confidence: 0.7182</description>
      <styleUrl>#gapStyle</styleUrl>
      <Polygon>
        <outerBoundaryIs><LinearRing><coordinates>
          113.82974733214488,22.616962317649968,0
          113.82985903143401,22.616962317649968,0
          113.82985903143401,22.617038981236217,0
          113.82974733214488,22.617038981236217,0
          113.82974733214488,22.616962317649968,0
        </coordinates></LinearRing></outerBoundaryIs>
      </Polygon>
    </Placemark>
    <Placemark>
      <name>gap_0058</name>
      <description>confidence: 0.7179</description>
      <styleUrl>#gapStyle</styleUrl>
      <Polygon>
        <outerBoundaryIs><LinearRing><coordinates>
          113.82879150633892,22.604650467021244,0
          113.82885894196117,22.604650467021244,0
          113.82885894196117,22.604709700684136,0
          113.82879150633892,22.604709700684136,0
          113.82879150633892,22.604650467021244,0
        </coordinates></LinearRing></outerBoundaryIs>
      </Polygon>
    </Placemark>
    <Placemark>
      <name>gap_0059</name>
      <description>confidence: 0.7160</description>
      <styleUrl>#gapStyle</styleUrl>
      <Polygon>
        <outerBoundaryIs><LinearRing><coordinates>
          113.8300714484259,22.60556220404192,0
          113.83012581773639,22.60556220404192,0
          113.83012581773639,22.60560050765544,0
          113.8300714484259,22.60560050765544,0
          113.8300714484259,22.60556220404192,0
        </coordinates></LinearRing></outerBoundaryIs>
      </Polygon>
    </Placemark>
    <Placemark>
      <name>gap_0060</name>
      <description>confidence: 0.7136</description>
      <styleUrl>#gapStyle</styleUrl>
      <Polygon>
        <outerBoundaryIs><LinearRing><coordinates>
          113.83108838483312,22.60977268895026,0
          113.831148487297,22.60977268895026,0
          113.831148487297,22.609817618992576,0
          113.83108838483312,22.609817618992576,0
          113.83108838483312,22.60977268895026,0
        </coordinates></LinearRing></outerBoundaryIs>
      </Polygon>
    </Placemark>
    <Placemark>
      <name>gap_0061</name>
      <description>confidence: 0.7106</description>
      <styleUrl>#gapStyle</styleUrl>
      <Polygon>
        <outerBoundaryIs><LinearRing><coordinates>
          113.83044100718753,22.59869606561218,0
          113.83050852598393,22.59869606561218,0
          113.83050852598393,22.598738965751,0
          113.83044100718753,22.598738965751,0
          113.83044100718753,22.59869606561218,0
        </coordinates></LinearRing></outerBoundaryIs>
      </Polygon>
    </Placemark>
    <Placemark>
      <name>gap_0062</name>
      <description>confidence: 0.7099</description>
      <styleUrl>#gapStyle</styleUrl>
      <Polygon>
        <outerBoundaryIs><LinearRing><coordinates>
          113.8251172763172,22.60851003503298,0
          113.8251686680157,22.60851003503298,0
          113.8251686680157,22.60855847785035,0
          113.8251172763172,22.60855847785035,0
          113.8251172763172,22.60851003503298,0
        </coordinates></LinearRing></outerBoundaryIs>
      </Polygon>
    </Placemark>
    <Placemark>
      <name>gap_0063</name>
      <description>confidence: 0.7085</description>
      <styleUrl>#gapStyle</styleUrl>
      <Polygon>
        <outerBoundaryIs><LinearRing><coordinates>
          113.83061119437573,22.59881634183499,0
          113.83066148202414,22.59881634183499,0
          113.83066148202414,22.598847149318328,0
          113.83061119437573,22.598847149318328,0
          113.83061119437573,22.59881634183499,0
        </coordinates></LinearRing></outerBoundaryIs>
      </Polygon>
    </Placemark>
    <Placemark>
      <name>gap_0064</name>
      <description>confidence: 0.7075</description>
      <styleUrl>#gapStyle</styleUrl>
      <Polygon>
        <outerBoundaryIs><LinearRing><coordinates>
          113.82065192545876,22.608620366537632,0
          113.8206784543387,22.608620366537632,0
          113.8206784543387,22.60863935770543,0
          113.82065192545876,22.60863935770543,0
          113.82065192545876,22.608620366537632,0
        </coordinates></LinearRing></outerBoundaryIs>
      </Polygon>
    </Placemark>
    <Placemark>
      <name>gap_0065</name>
      <description>confidence: 0.7062</description>
      <styleUrl>#gapStyle</styleUrl>
      <Polygon>
        <outerBoundaryIs><LinearRing><coordinates>
          113.80969241385826,22.608796103106204,0
          113.80978334192596,22.608796103106204,0
          113.80978334192596,22.608916184874015,0
          113.80969241385826,22.608916184874015,0
          113.80969241385826,22.608796103106204,0
        </coordinates></LinearRing></outerBoundaryIs>
      </Polygon>
    </Placemark>
    <Placemark>
      <name>gap_0066</name>
      <description>confidence: 0.7051</description>
      <styleUrl>#gapStyle</styleUrl>
      <Polygon>
        <outerBoundaryIs><LinearRing><coordinates>
          113.82477356818097,22.54834240882844,0
          113.82484767203908,22.54834240882844,0
          113.82484767203908,22.548366783509202,0
          113.82477356818097,22.548366783509202,0
          113.82477356818097,22.54834240882844,0
        </coordinates></LinearRing></outerBoundaryIs>
      </Polygon>
    </Placemark>
    <Placemark>
      <name>gap_0067</name>
      <description>confidence: 0.7031</description>
      <styleUrl>#gapStyle</styleUrl>
      <Polygon>
        <outerBoundaryIs><LinearRing><coordinates>
          113.83094422079861,22.535746325145254,0
          113.8310216395696,22.535746325145254,0
          113.8310216395696,22.53576926013258,0
          113.83094422079861,22.53576926013258,0
          113.83094422079861,22.535746325145254,0
        </coordinates></LinearRing></outerBoundaryIs>
      </Polygon>
    </Placemark>
    <Placemark>
      <name>gap_0068</name>
      <description>confidence: 0.7027</description>
      <styleUrl>#gapStyle</styleUrl>
      <Polygon>
        <outerBoundaryIs><LinearRing><coordinates>
          113.82073654672827,22.608489348499997,0
          113.82076278387967,22.608489348499997,0
          113.82076278387967,22.608508238905216,0
          113.82073654672827,22.608508238905216,0
          113.82073654672827,22.608489348499997,0
        </coordinates></LinearRing></outerBoundaryIs>
      </Polygon>
    </Placemark>
    <Placemark>
      <name>gap_0069</name>
      <description>confidence: 0.7015</description>
      <styleUrl>#gapStyle</styleUrl>
      <Polygon>
        <outerBoundaryIs><LinearRing><coordinates>
          113.80966862973543,22.610839465447327,0
          113.80969604976256,22.610839465447327,0
          113.80969604976256,22.610877859346083,0
          113.80966862973543,22.610877859346083,0
          113.80966862973543,22.610839465447327,0
        </coordinates></LinearRing></outerBoundaryIs>
      </Polygon>
    </Placemark>
    <Placemark>
      <name>gap_0070</name>
      <description>confidence: 0.7011</description>
      <styleUrl>#gapStyle</styleUrl>
      <Polygon>
        <outerBoundaryIs><LinearRing><coordinates>
          113.81469019295814,22.595158444273235,0
          113.81472547295759,22.595158444273235,0
          113.81472547295759,22.59520273421533,0
          113.81469019295814,22.59520273421533,0
          113.81469019295814,22.595158444273235,0
        </coordinates></LinearRing></outerBoundaryIs>
      </Polygon>
    </Placemark>
    <Placemark>
      <name>gap_0071</name>
      <description>confidence: 0.7005</description>
      <styleUrl>#gapStyle</styleUrl>
      <Polygon>
        <outerBoundaryIs><LinearRing><coordinates>
          113.81549842147594,22.601132090148067,0
          113.81553984766532,22.601132090148067,0
          113.81553984766532,22.601171742146615,0
          113.81549842147594,22.601171742146615,0
          113.81549842147594,22.601132090148067,0
        </coordinates></LinearRing></outerBoundaryIs>
      </Polygon>
    </Placemark>
    <Placemark>
      <name>gap_0072</name>
      <description>confidence: 0.6989</description>
      <styleUrl>#gapStyle</styleUrl>
      <Polygon>
        <outerBoundaryIs><LinearRing><coordinates>
          113.83175335867618,22.586731944956536,0
          113.83186108901653,22.586731944956536,0
          113.83186108901653,22.58681716734318,0
          113.83175335867618,22.58681716734318,0
          113.83175335867618,22.586731944956536,0
        </coordinates></LinearRing></outerBoundaryIs>
      </Polygon>
    </Placemark>
    <Placemark>
      <name>gap_0073</name>
      <description>confidence: 0.6979</description>
      <styleUrl>#gapStyle</styleUrl>
      <Polygon>
        <outerBoundaryIs><LinearRing><coordinates>
          113.81218964938964,22.61135251802088,0
          113.81226157553594,22.61135251802088,0
          113.81226157553594,22.61139800667751,0
          113.81218964938964,22.61139800667751,0
          113.81218964938964,22.61135251802088,0
        </coordinates></LinearRing></outerBoundaryIs>
      </Polygon>
    </Placemark>
    <Placemark>
      <name>gap_0074</name>
      <description>confidence: 0.6978</description>
      <styleUrl>#gapStyle</styleUrl>
      <Polygon>
        <outerBoundaryIs><LinearRing><coordinates>
          113.82306465319108,22.541846649769628,0
          113.82316957253379,22.541846649769628,0
          113.82316957253379,22.54187561100994,0
          113.82306465319108,22.54187561100994,0
          113.82306465319108,22.541846649769628,0
        </coordinates></LinearRing></outerBoundaryIs>
      </Polygon>
    </Placemark>
    <Placemark>
      <name>gap_0075</name>
      <description>confidence: 0.6974</description>
      <styleUrl>#gapStyle</styleUrl>
      <Polygon>
        <outerBoundaryIs><LinearRing><coordinates>
          113.81972907097365,22.60481904879185,0
          113.81975219709064,22.60481904879185,0
          113.81975219709064,22.60483825752824,0
          113.81972907097365,22.60483825752824,0
          113.81972907097365,22.60481904879185,0
        </coordinates></LinearRing></outerBoundaryIs>
      </Polygon>
    </Placemark>
    <Placemark>
      <name>gap_0076</name>
      <description>confidence: 0.6973</description>
      <styleUrl>#gapStyle</styleUrl>
      <Polygon>
        <outerBoundaryIs><LinearRing><coordinates>
          113.83028049977574,22.59827655988975,0
          113.8303415381611,22.59827655988975,0
          113.8303415381611,22.598336456244635,0
          113.83028049977574,22.598336456244635,0
          113.83028049977574,22.59827655988975,0
        </coordinates></LinearRing></outerBoundaryIs>
      </Polygon>
    </Placemark>
    <Placemark>
      <name>gap_0077</name>
      <description>confidence: 0.6969</description>
      <styleUrl>#gapStyle</styleUrl>
      <Polygon>
        <outerBoundaryIs><LinearRing><coordinates>
          113.82286743937749,22.609069026430834,0
          113.82292580767727,22.609069026430834,0
          113.82292580767727,22.609106154821987,0
          113.82286743937749,22.609106154821987,0
          113.82286743937749,22.609069026430834,0
        </coordinates></LinearRing></outerBoundaryIs>
      </Polygon>
    </Placemark>
    <Placemark>
      <name>gap_0078</name>
      <description>confidence: 0.6968</description>
      <styleUrl>#gapStyle</styleUrl>
      <Polygon>
        <outerBoundaryIs><LinearRing><coordinates>
          113.82549035697039,22.551026120635473,0
          113.8255308291485,22.551026120635473,0
          113.8255308291485,22.551045251282908,0
          113.82549035697039,22.551045251282908,0
          113.82549035697039,22.551026120635473,0
        </coordinates></LinearRing></outerBoundaryIs>
      </Polygon>
    </Placemark>
    <Placemark>
      <name>gap_0079</name>
      <description>confidence: 0.6966</description>
      <styleUrl>#gapStyle</styleUrl>
      <Polygon>
        <outerBoundaryIs><LinearRing><coordinates>
          113.81358534993838,22.613640791740732,0
          113.81370373098979,22.613640791740732,0
          113.81370373098979,22.61379434458027,0
          113.81358534993838,22.61379434458027,0
          113.81358534993838,22.613640791740732,0
        </coordinates></LinearRing></outerBoundaryIs>
      </Polygon>
    </Placemark>
    <Placemark>
      <name>gap_0080</name>
      <description>confidence: 0.6938</description>
      <styleUrl>#gapStyle</styleUrl>
      <Polygon>
        <outerBoundaryIs><LinearRing><coordinates>
          113.82363045521025,22.578158606731286,0
          113.82369304612513,22.578158606731286,0
          113.82369304612513,22.57818246757201,0
          113.82363045521025,22.57818246757201,0
          113.82363045521025,22.578158606731286,0
        </coordinates></LinearRing></outerBoundaryIs>
      </Polygon>
    </Placemark>
    <Placemark>
      <name>gap_0081</name>
      <description>confidence: 0.6917</description>
      <styleUrl>#gapStyle</styleUrl>
      <Polygon>
        <outerBoundaryIs><LinearRing><coordinates>
          113.82356623613254,22.543226729877812,0
          113.82364856153363,22.543226729877812,0
          113.82364856153363,22.54326689444766,0
          113.82356623613254,22.54326689444766,0
          113.82356623613254,22.543226729877812,0
        </coordinates></LinearRing></outerBoundaryIs>
      </Polygon>
    </Placemark>
    <Placemark>
      <name>gap_0082</name>
      <description>confidence: 0.6910</description>
      <styleUrl>#gapStyle</styleUrl>
      <Polygon>
        <outerBoundaryIs><LinearRing><coordinates>
          113.82059558872002,22.605279895288746,0
          113.82061955580757,22.605279895288746,0
          113.82061955580757,22.60529777098778,0
          113.82059558872002,22.60529777098778,0
          113.82059558872002,22.605279895288746,0
        </coordinates></LinearRing></outerBoundaryIs>
      </Polygon>
    </Placemark>
    <Placemark>
      <name>gap_0083</name>
      <description>confidence: 0.6909</description>
      <styleUrl>#gapStyle</styleUrl>
      <Polygon>
        <outerBoundaryIs><LinearRing><coordinates>
          113.82615790369711,22.607882278679423,0
          113.82619607233298,22.607882278679423,0
          113.82619607233298,22.607915868797924,0
          113.82615790369711,22.607915868797924,0
          113.82615790369711,22.607882278679423,0
        </coordinates></LinearRing></outerBoundaryIs>
      </Polygon>
    </Placemark>
    <Placemark>
      <name>gap_0084</name>
      <description>confidence: 0.6895</description>
      <styleUrl>#gapStyle</styleUrl>
      <Polygon>
        <outerBoundaryIs><LinearRing><coordinates>
          113.82234739269609,22.608502670074234,0
          113.82237292819288,22.608502670074234,0
          113.82237292819288,22.608523262311124,0
          113.82234739269609,22.608523262311124,0
          113.82234739269609,22.608502670074234,0
        </coordinates></LinearRing></outerBoundaryIs>
      </Polygon>
    </Placemark>
    <Placemark>
      <name>gap_0085</name>
      <description>confidence: 0.6887</description>
      <styleUrl>#gapStyle</styleUrl>
      <Polygon>
        <outerBoundaryIs><LinearRing><coordinates>
          113.82788012951787,22.54486597448123,0
          113.82796801879776,22.54486597448123,0
          113.82796801879776,22.544892896752685,0
          113.82788012951787,22.544892896752685,0
          113.82788012951787,22.54486597448123,0
        </coordinates></LinearRing></outerBoundaryIs>
      </Polygon>
    </Placemark>
    <Placemark>
      <name>gap_0086</name>
      <description>confidence: 0.6882</description>
      <styleUrl>#gapStyle</styleUrl>
      <Polygon>
        <outerBoundaryIs><LinearRing><coordinates>
          113.8249544262266,22.606442290153087,0
          113.82501459351904,22.606442290153087,0
          113.82501459351904,22.606478583017005,0
          113.8249544262266,22.606478583017005,0
          113.8249544262266,22.606442290153087,0
        </coordinates></LinearRing></outerBoundaryIs>
      </Polygon>
    </Placemark>
    <Placemark>
      <name>gap_0087</name>
      <description>confidence: 0.6882</description>
      <styleUrl>#gapStyle</styleUrl>
      <Polygon>
        <outerBoundaryIs><LinearRing><coordinates>
          113.82067615310883,22.608271784451603,0
          113.82072566657976,22.608271784451603,0
          113.82072566657976,22.608319292176272,0
          113.82067615310883,22.608319292176272,0
          113.82067615310883,22.608271784451603,0
        </coordinates></LinearRing></outerBoundaryIs>
      </Polygon>
    </Placemark>
    <Placemark>
      <name>gap_0088</name>
      <description>confidence: 0.6862</description>
      <styleUrl>#gapStyle</styleUrl>
      <Polygon>
        <outerBoundaryIs><LinearRing><coordinates>
          113.82192577636188,22.579381240142194,0
          113.8220116979475,22.579381240142194,0
          113.8220116979475,22.57940100761568,0
          113.82192577636188,22.57940100761568,0
          113.82192577636188,22.579381240142194,0
        </coordinates></LinearRing></outerBoundaryIs>
      </Polygon>
    </Placemark>
    <Placemark>
      <name>gap_0089</name>
      <description>confidence: 0.6856</description>
      <styleUrl>#gapStyle</styleUrl>
      <Polygon>
        <outerBoundaryIs><LinearRing><coordinates>
          113.82070468606724,22.608646170966548,0
          113.82073360730129,22.608646170966548,0
          113.82073360730129,22.608665925097792,0
          113.82070468606724,22.608665925097792,0
          113.82070468606724,22.608646170966548,0
        </coordinates></LinearRing></outerBoundaryIs>
      </Polygon>
    </Placemark>
    <Placemark>
      <name>gap_0090</name>
      <description>confidence: 0.6849</description>
      <styleUrl>#gapStyle</styleUrl>
      <Polygon>
        <outerBoundaryIs><LinearRing><coordinates>
          113.82589779870679,22.607759525219652,0
          113.82593000182553,22.607759525219652,0
          113.82593000182553,22.60778630825703,0
          113.82589779870679,22.60778630825703,0
          113.82589779870679,22.607759525219652,0
        </coordinates></LinearRing></outerBoundaryIs>
      </Polygon>
    </Placemark>
    <Placemark>
      <name>gap_0091</name>
      <description>confidence: 0.6848</description>
      <styleUrl>#gapStyle</styleUrl>
      <Polygon>
        <outerBoundaryIs><LinearRing><coordinates>
          113.83092296799794,22.599749683056626,0
          113.83104173953504,22.599749683056626,0
          113.83104173953504,22.599831978780443,0
          113.83092296799794,22.599831978780443,0
          113.83092296799794,22.599749683056626,0
        </coordinates></LinearRing></outerBoundaryIs>
      </Polygon>
    </Placemark>
    <Placemark>
      <name>gap_0092</name>
      <description>confidence: 0.6837</description>
      <styleUrl>#gapStyle</styleUrl>
      <Polygon>
        <outerBoundaryIs><LinearRing><coordinates>
          113.82458854788776,22.54635273296967,0
          113.82467013062526,22.54635273296967,0
          113.82467013062526,22.5463796865913,0
          113.82458854788776,22.5463796865913,0
          113.82458854788776,22.54635273296967,0
        </coordinates></LinearRing></outerBoundaryIs>
      </Polygon>
    </Placemark>
    <Placemark>
      <name>gap_0093</name>
      <description>confidence: 0.6795</description>
      <styleUrl>#gapStyle</styleUrl>
      <Polygon>
        <outerBoundaryIs><LinearRing><coordinates>
          113.83254270759352,22.54752056152363,0
          113.83260940914687,22.54752056152363,0
          113.83260940914687,22.547578431822167,0
          113.83254270759352,22.547578431822167,0
          113.83254270759352,22.54752056152363,0
        </coordinates></LinearRing></outerBoundaryIs>
      </Polygon>
    </Placemark>
    <Placemark>
      <name>gap_0094</name>
      <description>confidence: 0.6791</description>
      <styleUrl>#gapStyle</styleUrl>
      <Polygon>
        <outerBoundaryIs><LinearRing><coordinates>
          113.82079302935173,22.6083488636707,0
          113.82081842381365,22.6083488636707,0
          113.82081842381365,22.60836585890451,0
          113.82079302935173,22.60836585890451,0
          113.82079302935173,22.6083488636707,0
        </coordinates></LinearRing></outerBoundaryIs>
      </Polygon>
    </Placemark>
    <Placemark>
      <name>gap_0095</name>
      <description>confidence: 0.6781</description>
      <styleUrl>#gapStyle</styleUrl>
      <Polygon>
        <outerBoundaryIs><LinearRing><coordinates>
          113.82550038497526,22.60868077939282,0
          113.82553571867109,22.60868077939282,0
          113.82553571867109,22.60871910461586,0
          113.82550038497526,22.60871910461586,0
          113.82550038497526,22.60868077939282,0
        </coordinates></LinearRing></outerBoundaryIs>
      </Polygon>
    </Placemark>
    <Placemark>
      <name>gap_0096</name>
      <description>confidence: 0.6772</description>
      <styleUrl>#gapStyle</styleUrl>
      <Polygon>
        <outerBoundaryIs><LinearRing><coordinates>
          113.81679865602909,22.60343165554889,0
          113.81682327803247,22.60343165554889,0
          113.81682327803247,22.603447958950596,0
          113.81679865602909,22.603447958950596,0
          113.81679865602909,22.60343165554889,0
        </coordinates></LinearRing></outerBoundaryIs>
      </Polygon>
    </Placemark>
    <Placemark>
      <name>gap_0097</name>
      <description>confidence: 0.6768</description>
      <styleUrl>#gapStyle</styleUrl>
      <Polygon>
        <outerBoundaryIs><LinearRing><coordinates>
          113.83042598980815,22.609860003285924,0
          113.83046180333358,22.609860003285924,0
          113.83046180333358,22.609890128432248,0
          113.83042598980815,22.609890128432248,0
          113.83042598980815,22.609860003285924,0
        </coordinates></LinearRing></outerBoundaryIs>
      </Polygon>
    </Placemark>
    <Placemark>
      <name>gap_0098</name>
      <description>confidence: 0.6759</description>
      <styleUrl>#gapStyle</styleUrl>
      <Polygon>
        <outerBoundaryIs><LinearRing><coordinates>
          113.8272094063552,22.615990606645887,0
          113.82729887018341,22.615990606645887,0
          113.82729887018341,22.61605695238906,0
          113.8272094063552,22.61605695238906,0
          113.8272094063552,22.615990606645887,0
        </coordinates></LinearRing></outerBoundaryIs>
      </Polygon>
    </Placemark>
    <Placemark>
      <name>gap_0099</name>
      <description>confidence: 0.6755</description>
      <styleUrl>#gapStyle</styleUrl>
      <Polygon>
        <outerBoundaryIs><LinearRing><coordinates>
          113.82880348333434,22.53886908032194,0
          113.828861418707,22.53886908032194,0
          113.828861418707,22.538887159797124,0
          113.82880348333434,22.538887159797124,0
          113.82880348333434,22.53886908032194,0
        </coordinates></LinearRing></outerBoundaryIs>
      </Polygon>
    </Placemark>
    <Placemark>
      <name>gap_0100</name>
      <description>confidence: 0.6735</description>
      <styleUrl>#gapStyle</styleUrl>
      <Polygon>
        <outerBoundaryIs><LinearRing><coordinates>
          113.8106522411296,22.58771245919059,0
          113.81069097816136,22.58771245919059,0
          113.81069097816136,22.58775234922129,0
          113.8106522411296,22.58775234922129,0
          113.8106522411296,22.58771245919059,0
        </coordinates></LinearRing></outerBoundaryIs>
      </Polygon>
    </Placemark>
    <Placemark>
      <name>gap_0101</name>
      <description>confidence: 0.6729</description>
      <styleUrl>#gapStyle</styleUrl>
      <Polygon>
        <outerBoundaryIs><LinearRing><coordinates>
          113.81305227758585,22.610027220546215,0
          113.81312467193845,22.610027220546215,0
          113.81312467193845,22.610129067858054,0
          113.81305227758585,22.610129067858054,0
          113.81305227758585,22.610027220546215,0
        </coordinates></LinearRing></outerBoundaryIs>
      </Polygon>
    </Placemark>
    <Placemark>
      <name>gap_0102</name>
      <description>confidence: 0.6713</description>
      <styleUrl>#gapStyle</styleUrl>
      <Polygon>
        <outerBoundaryIs><LinearRing><coordinates>
          113.81539420380832,22.599680978734455,0
          113.81541473015254,22.599680978734455,0
          113.81541473015254,22.59972112325001,0
          113.81539420380832,22.59972112325001,0
          113.81539420380832,22.599680978734455,0
        </coordinates></LinearRing></outerBoundaryIs>
      </Polygon>
    </Placemark>
    <Placemark>
      <name>gap_0103</name>
      <description>confidence: 0.6706</description>
      <styleUrl>#gapStyle</styleUrl>
      <Polygon>
        <outerBoundaryIs><LinearRing><coordinates>
          113.81746870954215,22.60293440028246,0
          113.81751589442344,22.60293440028246,0
          113.81751589442344,22.60297557133214,0
          113.81746870954215,22.60297557133214,0
          113.81746870954215,22.60293440028246,0
        </coordinates></LinearRing></outerBoundaryIs>
      </Polygon>
    </Placemark>
    <Placemark>
      <name>gap_0104</name>
      <description>confidence: 0.6699</description>
      <styleUrl>#gapStyle</styleUrl>
      <Polygon>
        <outerBoundaryIs><LinearRing><coordinates>
          113.82052353299845,22.60824050114952,0
          113.82055311676078,22.60824050114952,0
          113.82055311676078,22.608259771112888,0
          113.82052353299845,22.608259771112888,0
          113.82052353299845,22.60824050114952,0
        </coordinates></LinearRing></outerBoundaryIs>
      </Polygon>
    </Placemark>
    <Placemark>
      <name>gap_0105</name>
      <description>confidence: 0.6679</description>
      <styleUrl>#gapStyle</styleUrl>
      <Polygon>
        <outerBoundaryIs><LinearRing><coordinates>
          113.8192670003874,22.604583190769212,0
          113.81929169646887,22.604583190769212,0
          113.81929169646887,22.604600780264867,0
          113.8192670003874,22.604600780264867,0
          113.8192670003874,22.604583190769212,0
        </coordinates></LinearRing></outerBoundaryIs>
      </Polygon>
    </Placemark>
    <Placemark>
      <name>gap_0106</name>
      <description>confidence: 0.6678</description>
      <styleUrl>#gapStyle</styleUrl>
      <Polygon>
        <outerBoundaryIs><LinearRing><coordinates>
          113.82515988804256,22.54790216069727,0
          113.82522200084678,22.54790216069727,0
          113.82522200084678,22.54792095001249,0
          113.82515988804256,22.54792095001249,0
          113.82515988804256,22.54790216069727,0
        </coordinates></LinearRing></outerBoundaryIs>
      </Polygon>
    </Placemark>
    <Placemark>
      <name>gap_0107</name>
      <description>confidence: 0.6665</description>
      <styleUrl>#gapStyle</styleUrl>
      <Polygon>
        <outerBoundaryIs><LinearRing><coordinates>
          113.82884491656318,22.540543002477545,0
          113.82893104867794,22.540543002477545,0
          113.82893104867794,22.54056365086645,0
          113.82884491656318,22.54056365086645,0
          113.82884491656318,22.540543002477545,0
        </coordinates></LinearRing></outerBoundaryIs>
      </Polygon>
    </Placemark>
    <Placemark>
      <name>gap_0108</name>
      <description>confidence: 0.6644</description>
      <styleUrl>#gapStyle</styleUrl>
      <Polygon>
        <outerBoundaryIs><LinearRing><coordinates>
          113.8232355150527,22.54618516825856,0
          113.82330278086832,22.54618516825856,0
          113.82330278086832,22.54621035563946,0
          113.8232355150527,22.54621035563946,0
          113.8232355150527,22.54618516825856,0
        </coordinates></LinearRing></outerBoundaryIs>
      </Polygon>
    </Placemark>
    <Placemark>
      <name>gap_0109</name>
      <description>confidence: 0.6635</description>
      <styleUrl>#gapStyle</styleUrl>
      <Polygon>
        <outerBoundaryIs><LinearRing><coordinates>
          113.82204448249742,22.60038324643703,0
          113.82212928317098,22.60038324643703,0
          113.82212928317098,22.600405025233098,0
          113.82204448249742,22.600405025233098,0
          113.82204448249742,22.60038324643703,0
        </coordinates></LinearRing></outerBoundaryIs>
      </Polygon>
    </Placemark>
    <Placemark>
      <name>gap_0110</name>
      <description>confidence: 0.6595</description>
      <styleUrl>#gapStyle</styleUrl>
      <Polygon>
        <outerBoundaryIs><LinearRing><coordinates>
          113.82258989155387,22.601673869623447,0
          113.82260737643979,22.601673869623447,0
          113.82260737643979,22.601702168274084,0
          113.82258989155387,22.601702168274084,0
          113.82258989155387,22.601673869623447,0
        </coordinates></LinearRing></outerBoundaryIs>
      </Polygon>
    </Placemark>
    <Placemark>
      <name>gap_0111</name>
      <description>confidence: 0.6571</description>
      <styleUrl>#gapStyle</styleUrl>
      <Polygon>
        <outerBoundaryIs><LinearRing><coordinates>
          113.82407317201438,22.547073892059714,0
          113.82415730966854,22.547073892059714,0
          113.82415730966854,22.547097301965387,0
          113.82407317201438,22.547097301965387,0
          113.82407317201438,22.547073892059714,0
        </coordinates></LinearRing></outerBoundaryIs>
      </Polygon>
    </Placemark>
    <Placemark>
      <name>gap_0112</name>
      <description>confidence: 0.6567</description>
      <styleUrl>#gapStyle</styleUrl>
      <Polygon>
        <outerBoundaryIs><LinearRing><coordinates>
          113.83261297684614,22.56733769565483,0
          113.83270201937053,22.56733769565483,0
          113.83270201937053,22.567369763366173,0
          113.83261297684614,22.567369763366173,0
          113.83261297684614,22.56733769565483,0
        </coordinates></LinearRing></outerBoundaryIs>
      </Polygon>
    </Placemark>
    <Placemark>
      <name>gap_0113</name>
      <description>confidence: 0.6543</description>
      <styleUrl>#gapStyle</styleUrl>
      <Polygon>
        <outerBoundaryIs><LinearRing><coordinates>
          113.8235281580377,22.57513854636486,0
          113.82355936836672,22.57513854636486,0
          113.82355936836672,22.575180814425174,0
          113.8235281580377,22.575180814425174,0
          113.8235281580377,22.57513854636486,0
        </coordinates></LinearRing></outerBoundaryIs>
      </Polygon>
    </Placemark>
    <Placemark>
      <name>gap_0114</name>
      <description>confidence: 0.6532</description>
      <styleUrl>#gapStyle</styleUrl>
      <Polygon>
        <outerBoundaryIs><LinearRing><coordinates>
          113.81967910214753,22.60479564568008,0
          113.8197024820127,22.60479564568008,0
          113.8197024820127,22.604811209201245,0
          113.81967910214753,22.604811209201245,0
          113.81967910214753,22.60479564568008,0
        </coordinates></LinearRing></outerBoundaryIs>
      </Polygon>
    </Placemark>
    <Placemark>
      <name>gap_0115</name>
      <description>confidence: 0.6531</description>
      <styleUrl>#gapStyle</styleUrl>
      <Polygon>
        <outerBoundaryIs><LinearRing><coordinates>
          113.8235813450352,22.576311389801184,0
          113.82366639319508,22.576311389801184,0
          113.82366639319508,22.5763309892279,0
          113.8235813450352,22.5763309892279,0
          113.8235813450352,22.576311389801184,0
        </coordinates></LinearRing></outerBoundaryIs>
      </Polygon>
    </Placemark>
    <Placemark>
      <name>gap_0116</name>
      <description>confidence: 0.6519</description>
      <styleUrl>#gapStyle</styleUrl>
      <Polygon>
        <outerBoundaryIs><LinearRing><coordinates>
          113.827025416873,22.607725449050626,0
          113.82704363292198,22.607725449050626,0
          113.82704363292198,22.60776399323378,0
          113.827025416873,22.60776399323378,0
          113.827025416873,22.607725449050626,0
        </coordinates></LinearRing></outerBoundaryIs>
      </Polygon>
    </Placemark>
    <Placemark>
      <name>gap_0117</name>
      <description>confidence: 0.6516</description>
      <styleUrl>#gapStyle</styleUrl>
      <Polygon>
        <outerBoundaryIs><LinearRing><coordinates>
          113.82678653499072,22.608252985191086,0
          113.82681536143755,22.608252985191086,0
          113.82681536143755,22.608293128888103,0
          113.82678653499072,22.608293128888103,0
          113.82678653499072,22.608252985191086,0
        </coordinates></LinearRing></outerBoundaryIs>
      </Polygon>
    </Placemark>
    <Placemark>
      <name>gap_0118</name>
      <description>confidence: 0.6510</description>
      <styleUrl>#gapStyle</styleUrl>
      <Polygon>
        <outerBoundaryIs><LinearRing><coordinates>
          113.82809604633137,22.603080774402127,0
          113.82811476590678,22.603080774402127,0
          113.82811476590678,22.603109556893223,0
          113.82809604633137,22.603109556893223,0
          113.82809604633137,22.603080774402127,0
        </coordinates></LinearRing></outerBoundaryIs>
      </Polygon>
    </Placemark>
    <Placemark>
      <name>gap_0119</name>
      <description>confidence: 0.6499</description>
      <styleUrl>#gapStyle</styleUrl>
      <Polygon>
        <outerBoundaryIs><LinearRing><coordinates>
          113.81829879011558,22.61145267339518,0
          113.81835446852105,22.61145267339518,0
          113.81835446852105,22.61148882235933,0
          113.81829879011558,22.61148882235933,0
          113.81829879011558,22.61145267339518,0
        </coordinates></LinearRing></outerBoundaryIs>
      </Polygon>
    </Placemark>
    <Placemark>
      <name>gap_0120</name>
      <description>confidence: 0.6494</description>
      <styleUrl>#gapStyle</styleUrl>
      <Polygon>
        <outerBoundaryIs><LinearRing><coordinates>
          113.8194219781457,22.604658974010462,0
          113.81945193647306,22.604658974010462,0
          113.81945193647306,22.604679155420882,0
          113.8194219781457,22.604679155420882,0
          113.8194219781457,22.604658974010462,0
        </coordinates></LinearRing></outerBoundaryIs>
      </Polygon>
    </Placemark>
    <Placemark>
      <name>gap_0121</name>
      <description>confidence: 0.6488</description>
      <styleUrl>#gapStyle</styleUrl>
      <Polygon>
        <outerBoundaryIs><LinearRing><coordinates>
          113.81651446376874,22.606439793107395,0
          113.8165575737,22.606439793107395,0
          113.8165575737,22.60646314972595,0
          113.81651446376874,22.60646314972595,0
          113.81651446376874,22.606439793107395,0
        </coordinates></LinearRing></outerBoundaryIs>
      </Polygon>
    </Placemark>
    <Placemark>
      <name>gap_0122</name>
      <description>confidence: 0.6483</description>
      <styleUrl>#gapStyle</styleUrl>
      <Polygon>
        <outerBoundaryIs><LinearRing><coordinates>
          113.82911123850641,22.60623976912492,0
          113.82917308896776,22.60623976912492,0
          113.82917308896776,22.60629877517161,0
          113.82911123850641,22.60629877517161,0
          113.82911123850641,22.60623976912492,0
        </coordinates></LinearRing></outerBoundaryIs>
      </Polygon>
    </Placemark>
    <Placemark>
      <name>gap_0123</name>
      <description>confidence: 0.6483</description>
      <styleUrl>#gapStyle</styleUrl>
      <Polygon>
        <outerBoundaryIs><LinearRing><coordinates>
          113.82668832208935,22.570978144428388,0
          113.826772219092,22.570978144428388,0
          113.826772219092,22.57100225093417,0
          113.82668832208935,22.57100225093417,0
          113.82668832208935,22.570978144428388,0
        </coordinates></LinearRing></outerBoundaryIs>
      </Polygon>
    </Placemark>
    <Placemark>
      <name>gap_0124</name>
      <description>confidence: 0.6475</description>
      <styleUrl>#gapStyle</styleUrl>
      <Polygon>
        <outerBoundaryIs><LinearRing><coordinates>
          113.82223708394692,22.543990045256198,0
          113.82232148312539,22.543990045256198,0
          113.82232148312539,22.544012897898146,0
          113.82223708394692,22.544012897898146,0
          113.82223708394692,22.543990045256198,0
        </coordinates></LinearRing></outerBoundaryIs>
      </Polygon>
    </Placemark>
    <Placemark>
      <name>gap_0125</name>
      <description>confidence: 0.6464</description>
      <styleUrl>#gapStyle</styleUrl>
      <Polygon>
        <outerBoundaryIs><LinearRing><coordinates>
          113.83043740067913,22.59290564707465,0
          113.83053341161937,22.59290564707465,0
          113.83053341161937,22.59297345218698,0
          113.83043740067913,22.59297345218698,0
          113.83043740067913,22.59290564707465,0
        </coordinates></LinearRing></outerBoundaryIs>
      </Polygon>
    </Placemark>
    <Placemark>
      <name>gap_0126</name>
      <description>confidence: 0.6456</description>
      <styleUrl>#gapStyle</styleUrl>
      <Polygon>
        <outerBoundaryIs><LinearRing><coordinates>
          113.82674255044682,22.54514599941903,0
          113.82683259863252,22.54514599941903,0
          113.82683259863252,22.545177509866647,0
          113.82674255044682,22.545177509866647,0
          113.82674255044682,22.54514599941903,0
        </coordinates></LinearRing></outerBoundaryIs>
      </Polygon>
    </Placemark>
    <Placemark>
      <name>gap_0127</name>
      <description>confidence: 0.6418</description>
      <styleUrl>#gapStyle</styleUrl>
      <Polygon>
        <outerBoundaryIs><LinearRing><coordinates>
          113.82328880310949,22.581842497518778,0
          113.82335872464526,22.581842497518778,0
          113.82335872464526,22.581860646242657,0
          113.82328880310949,22.581860646242657,0
          113.82328880310949,22.581842497518778,0
        </coordinates></LinearRing></outerBoundaryIs>
      </Polygon>
    </Placemark>
    <Placemark>
      <name>gap_0128</name>
      <description>confidence: 0.6396</description>
      <styleUrl>#gapStyle</styleUrl>
      <Polygon>
        <outerBoundaryIs><LinearRing><coordinates>
          113.83029288757974,22.608644280338055,0
          113.83031037437645,22.608644280338055,0
          113.83031037437645,22.60867773891678,0
          113.83029288757974,22.60867773891678,0
          113.83029288757974,22.608644280338055,0
        </coordinates></LinearRing></outerBoundaryIs>
      </Polygon>
    </Placemark>
    <Placemark>
      <name>gap_0129</name>
      <description>confidence: 0.6391</description>
      <styleUrl>#gapStyle</styleUrl>
      <Polygon>
        <outerBoundaryIs><LinearRing><coordinates>
          113.82289531598762,22.596357362912325,0
          113.82294440619025,22.596357362912325,0
          113.82294440619025,22.596373080401325,0
          113.82289531598762,22.596373080401325,0
          113.82289531598762,22.596357362912325,0
        </coordinates></LinearRing></outerBoundaryIs>
      </Polygon>
    </Placemark>
    <Placemark>
      <name>gap_0130</name>
      <description>confidence: 0.6382</description>
      <styleUrl>#gapStyle</styleUrl>
      <Polygon>
        <outerBoundaryIs><LinearRing><coordinates>
          113.82816595874039,22.60601163661876,0
          113.82822327373971,22.60601163661876,0
          113.82822327373971,22.606050497741563,0
          113.82816595874039,22.606050497741563,0
          113.82816595874039,22.60601163661876,0
        </coordinates></LinearRing></outerBoundaryIs>
      </Polygon>
    </Placemark>
    <Placemark>
      <name>gap_0131</name>
      <description>confidence: 0.6379</description>
      <styleUrl>#gapStyle</styleUrl>
      <Polygon>
        <outerBoundaryIs><LinearRing><coordinates>
          113.83109756421406,22.596186769368938,0
          113.83118472834717,22.596186769368938,0
          113.83118472834717,22.59624496528367,0
          113.83109756421406,22.59624496528367,0
          113.83109756421406,22.596186769368938,0
        </coordinates></LinearRing></outerBoundaryIs>
      </Polygon>
    </Placemark>
    <Placemark>
      <name>gap_0132</name>
      <description>confidence: 0.6378</description>
      <styleUrl>#gapStyle</styleUrl>
      <Polygon>
        <outerBoundaryIs><LinearRing><coordinates>
          113.83100650971224,22.596285848902163,0
          113.8310733636782,22.596285848902163,0
          113.8310733636782,22.596367046249405,0
          113.83100650971224,22.596367046249405,0
          113.83100650971224,22.596285848902163,0
        </coordinates></LinearRing></outerBoundaryIs>
      </Polygon>
    </Placemark>
    <Placemark>
      <name>gap_0133</name>
      <description>confidence: 0.6378</description>
      <styleUrl>#gapStyle</styleUrl>
      <Polygon>
        <outerBoundaryIs><LinearRing><coordinates>
          113.82197511957597,22.605060898381737,0
          113.82199673245348,22.605060898381737,0
          113.82199673245348,22.60507818665376,0
          113.82197511957597,22.60507818665376,0
          113.82197511957597,22.605060898381737,0
        </coordinates></LinearRing></outerBoundaryIs>
      </Polygon>
    </Placemark>
    <Placemark>
      <name>gap_0134</name>
      <description>confidence: 0.6369</description>
      <styleUrl>#gapStyle</styleUrl>
      <Polygon>
        <outerBoundaryIs><LinearRing><coordinates>
          113.82961815378147,22.57030284872372,0
          113.82969865481508,22.57030284872372,0
          113.82969865481508,22.57032749454668,0
          113.82961815378147,22.57032749454668,0
          113.82961815378147,22.57030284872372,0
        </coordinates></LinearRing></outerBoundaryIs>
      </Polygon>
    </Placemark>
    <Placemark>
      <name>gap_0135</name>
      <description>confidence: 0.6364</description>
      <styleUrl>#gapStyle</styleUrl>
      <Polygon>
        <outerBoundaryIs><LinearRing><coordinates>
          113.82296795017317,22.609252627657877,0
          113.8229941157021,22.609252627657877,0
          113.8229941157021,22.609267156950615,0
          113.82296795017317,22.609267156950615,0
          113.82296795017317,22.609252627657877,0
        </coordinates></LinearRing></outerBoundaryIs>
      </Polygon>
    </Placemark>
    <Placemark>
      <name>gap_0136</name>
      <description>confidence: 0.6352</description>
      <styleUrl>#gapStyle</styleUrl>
      <Polygon>
        <outerBoundaryIs><LinearRing><coordinates>
          113.82365031947639,22.542746500990738,0
          113.82373236522245,22.542746500990738,0
          113.82373236522245,22.542776809163165,0
          113.82365031947639,22.542776809163165,0
          113.82365031947639,22.542746500990738,0
        </coordinates></LinearRing></outerBoundaryIs>
      </Polygon>
    </Placemark>
    <Placemark>
      <name>gap_0137</name>
      <description>confidence: 0.6350</description>
      <styleUrl>#gapStyle</styleUrl>
      <Polygon>
        <outerBoundaryIs><LinearRing><coordinates>
          113.83192890693905,22.609776456783152,0
          113.83195043788047,22.609776456783152,0
          113.83195043788047,22.609792666052478,0
          113.83192890693905,22.609792666052478,0
          113.83192890693905,22.609776456783152,0
        </coordinates></LinearRing></outerBoundaryIs>
      </Polygon>
    </Placemark>
    <Placemark>
      <name>gap_0138</name>
      <description>confidence: 0.6347</description>
      <styleUrl>#gapStyle</styleUrl>
      <Polygon>
        <outerBoundaryIs><LinearRing><coordinates>
          113.83029163285899,22.604223996075287,0
          113.8303706237022,22.604223996075287,0
          113.8303706237022,22.604270776596586,0
          113.83029163285899,22.604270776596586,0
          113.83029163285899,22.604223996075287,0
        </coordinates></LinearRing></outerBoundaryIs>
      </Polygon>
    </Placemark>
    <Placemark>
      <name>gap_0139</name>
      <description>confidence: 0.6334</description>
      <styleUrl>#gapStyle</styleUrl>
      <Polygon>
        <outerBoundaryIs><LinearRing><coordinates>
          113.82237451538766,22.545447844489292,0
          113.82243748193169,22.545447844489292,0
          113.82243748193169,22.54547901687887,0
          113.82237451538766,22.54547901687887,0
          113.82237451538766,22.545447844489292,0
        </coordinates></LinearRing></outerBoundaryIs>
      </Polygon>
    </Placemark>
    <Placemark>
      <name>gap_0140</name>
      <description>confidence: 0.6334</description>
      <styleUrl>#gapStyle</styleUrl>
      <Polygon>
        <outerBoundaryIs><LinearRing><coordinates>
          113.82756985599752,22.606976823685795,0
          113.82762312985263,22.606976823685795,0
          113.82762312985263,22.607023466200836,0
          113.82756985599752,22.607023466200836,0
          113.82756985599752,22.606976823685795,0
        </coordinates></LinearRing></outerBoundaryIs>
      </Polygon>
    </Placemark>
    <Placemark>
      <name>gap_0141</name>
      <description>confidence: 0.6329</description>
      <styleUrl>#gapStyle</styleUrl>
      <Polygon>
        <outerBoundaryIs><LinearRing><coordinates>
          113.82285748446847,22.605701292130796,0
          113.82293628809056,22.605701292130796,0
          113.82293628809056,22.605776029325916,0
          113.82285748446847,22.605776029325916,0
          113.82285748446847,22.605701292130796,0
        </coordinates></LinearRing></outerBoundaryIs>
      </Polygon>
    </Placemark>
    <Placemark>
      <name>gap_0142</name>
      <description>confidence: 0.6316</description>
      <styleUrl>#gapStyle</styleUrl>
      <Polygon>
        <outerBoundaryIs><LinearRing><coordinates>
          113.81252138681275,22.615999518117874,0
          113.81262013184859,22.615999518117874,0
          113.81262013184859,22.616141634773,0
          113.81252138681275,22.616141634773,0
          113.81252138681275,22.615999518117874,0
        </coordinates></LinearRing></outerBoundaryIs>
      </Polygon>
    </Placemark>
    <Placemark>
      <name>gap_0143</name>
      <description>confidence: 0.6294</description>
      <styleUrl>#gapStyle</styleUrl>
      <Polygon>
        <outerBoundaryIs><LinearRing><coordinates>
          113.82721352210957,22.544456179046392,0
          113.82728062294795,22.544456179046392,0
          113.82728062294795,22.54447857747912,0
          113.82721352210957,22.54447857747912,0
          113.82721352210957,22.544456179046392,0
        </coordinates></LinearRing></outerBoundaryIs>
      </Polygon>
    </Placemark>
    <Placemark>
      <name>gap_0144</name>
      <description>confidence: 0.6285</description>
      <styleUrl>#gapStyle</styleUrl>
      <Polygon>
        <outerBoundaryIs><LinearRing><coordinates>
          113.82224911934536,22.60845423695659,0
          113.82227087702303,22.60845423695659,0
          113.82227087702303,22.608469479690953,0
          113.82224911934536,22.608469479690953,0
          113.82224911934536,22.60845423695659,0
        </coordinates></LinearRing></outerBoundaryIs>
      </Polygon>
    </Placemark>
    <Placemark>
      <name>gap_0145</name>
      <description>confidence: 0.6280</description>
      <styleUrl>#gapStyle</styleUrl>
      <Polygon>
        <outerBoundaryIs><LinearRing><coordinates>
          113.8096048633117,22.60954624359317,0
          113.80964383722966,22.60954624359317,0
          113.80964383722966,22.60958695986065,0
          113.8096048633117,22.60958695986065,0
          113.8096048633117,22.60954624359317,0
        </coordinates></LinearRing></outerBoundaryIs>
      </Polygon>
    </Placemark>
    <Placemark>
      <name>gap_0146</name>
      <description>confidence: 0.6272</description>
      <styleUrl>#gapStyle</styleUrl>
      <Polygon>
        <outerBoundaryIs><LinearRing><coordinates>
          113.8307195897,22.605824344041388,0
          113.8308129266666,22.605824344041388,0
          113.8308129266666,22.605914436499997,0
          113.8307195897,22.605914436499997,0
          113.8307195897,22.605824344041388,0
        </coordinates></LinearRing></outerBoundaryIs>
      </Polygon>
    </Placemark>
    <Placemark>
      <name>gap_0147</name>
      <description>confidence: 0.6270</description>
      <styleUrl>#gapStyle</styleUrl>
      <Polygon>
        <outerBoundaryIs><LinearRing><coordinates>
          113.8131243577,22.610496285854218,0
          113.81320271009542,22.610496285854218,0
          113.81320271009542,22.6106351085,0
          113.8131243577,22.6106351085,0
          113.8131243577,22.610496285854218,0
        </coordinates></LinearRing></outerBoundaryIs>
      </Polygon>
    </Placemark>
    <Placemark>
      <name>gap_0148</name>
      <description>confidence: 0.6251</description>
      <styleUrl>#gapStyle</styleUrl>
      <Polygon>
        <outerBoundaryIs><LinearRing><coordinates>
          113.81742155224575,22.607393142331226,0
          113.81743926558688,22.607393142331226,0
          113.81743926558688,22.60741234844828,0
          113.81742155224575,22.60741234844828,0
          113.81742155224575,22.607393142331226,0
        </coordinates></LinearRing></outerBoundaryIs>
      </Polygon>
    </Placemark>
    <Placemark>
      <name>gap_0149</name>
      <description>confidence: 0.6245</description>
      <styleUrl>#gapStyle</styleUrl>
      <Polygon>
        <outerBoundaryIs><LinearRing><coordinates>
          113.82595217659151,22.607784422498863,0
          113.82598277330017,22.607784422498863,0
          113.82598277330017,22.607810457552123,0
          113.82595217659151,22.607810457552123,0
          113.82595217659151,22.607784422498863,0
        </coordinates></LinearRing></outerBoundaryIs>
      </Polygon>
    </Placemark>
    <Placemark>
      <name>gap_0150</name>
      <description>confidence: 0.6239</description>
      <styleUrl>#gapStyle</styleUrl>
      <Polygon>
        <outerBoundaryIs><LinearRing><coordinates>
          113.8303718453922,22.609842307420674,0
          113.83040433334325,22.609842307420674,0
          113.83040433334325,22.609870956161927,0
          113.8303718453922,22.609870956161927,0
          113.8303718453922,22.609842307420674,0
        </coordinates></LinearRing></outerBoundaryIs>
      </Polygon>
    </Placemark>
    <Placemark>
      <name>gap_0151</name>
      <description>confidence: 0.6228</description>
      <styleUrl>#gapStyle</styleUrl>
      <Polygon>
        <outerBoundaryIs><LinearRing><coordinates>
          113.8231631421152,22.60603922551121,0
          113.82319318899864,22.60603922551121,0
          113.82319318899864,22.60606633923975,0
          113.8231631421152,22.60606633923975,0
          113.8231631421152,22.60603922551121,0
        </coordinates></LinearRing></outerBoundaryIs>
      </Polygon>
    </Placemark>
    <Placemark>
      <name>gap_0152</name>
      <description>confidence: 0.6223</description>
      <styleUrl>#gapStyle</styleUrl>
      <Polygon>
        <outerBoundaryIs><LinearRing><coordinates>
          113.81043513767506,22.60988920658971,0
          113.81051651037455,22.60988920658971,0
          113.81051651037455,22.60997800989507,0
          113.81043513767506,22.60997800989507,0
          113.81043513767506,22.60988920658971,0
        </coordinates></LinearRing></outerBoundaryIs>
      </Polygon>
    </Placemark>
    <Placemark>
      <name>gap_0153</name>
      <description>confidence: 0.6206</description>
      <styleUrl>#gapStyle</styleUrl>
      <Polygon>
        <outerBoundaryIs><LinearRing><coordinates>
          113.82057919351878,22.60826161606671,0
          113.82060510243464,22.60826161606671,0
          113.82060510243464,22.60827964094511,0
          113.82057919351878,22.60827964094511,0
          113.82057919351878,22.60826161606671,0
        </coordinates></LinearRing></outerBoundaryIs>
      </Polygon>
    </Placemark>
    <Placemark>
      <name>gap_0154</name>
      <description>confidence: 0.6196</description>
      <styleUrl>#gapStyle</styleUrl>
      <Polygon>
        <outerBoundaryIs><LinearRing><coordinates>
          113.82747791321341,22.60875583245325,0
          113.8275010035601,22.60875583245325,0
          113.8275010035601,22.60877516372545,0
          113.82747791321341,22.60877516372545,0
          113.82747791321341,22.60875583245325,0
        </coordinates></LinearRing></outerBoundaryIs>
      </Polygon>
    </Placemark>
    <Placemark>
      <name>gap_0155</name>
      <description>confidence: 0.6153</description>
      <styleUrl>#gapStyle</styleUrl>
      <Polygon>
        <outerBoundaryIs><LinearRing><coordinates>
          113.83158144819514,22.597315815502956,0
          113.8316506226165,22.597315815502956,0
          113.8316506226165,22.597364282631037,0
          113.83158144819514,22.597364282631037,0
          113.83158144819514,22.597315815502956,0
        </coordinates></LinearRing></outerBoundaryIs>
      </Polygon>
    </Placemark>
    <Placemark>
      <name>gap_0156</name>
      <description>confidence: 0.6148</description>
      <styleUrl>#gapStyle</styleUrl>
      <Polygon>
        <outerBoundaryIs><LinearRing><coordinates>
          113.83072134141928,22.595969776284615,0
          113.83075199248171,22.595969776284615,0
          113.83075199248171,22.5960439405,0
          113.83072134141928,22.5960439405,0
          113.83072134141928,22.595969776284615,0
        </coordinates></LinearRing></outerBoundaryIs>
      </Polygon>
    </Placemark>
    <Placemark>
      <name>gap_0157</name>
      <description>confidence: 0.6130</description>
      <styleUrl>#gapStyle</styleUrl>
      <Polygon>
        <outerBoundaryIs><LinearRing><coordinates>
          113.82997439738419,22.605611810867625,0
          113.8300004012919,22.605611810867625,0
          113.8300004012919,22.605653929462083,0
          113.82997439738419,22.605653929462083,0
          113.82997439738419,22.605611810867625,0
        </coordinates></LinearRing></outerBoundaryIs>
      </Polygon>
    </Placemark>
    <Placemark>
      <name>gap_0158</name>
      <description>confidence: 0.6126</description>
      <styleUrl>#gapStyle</styleUrl>
      <Polygon>
        <outerBoundaryIs><LinearRing><coordinates>
          113.82380081886599,22.577865747047394,0
          113.82388237450974,22.577865747047394,0
          113.82388237450974,22.577890171004416,0
          113.82380081886599,22.577890171004416,0
          113.82380081886599,22.577865747047394,0
        </coordinates></LinearRing></outerBoundaryIs>
      </Polygon>
    </Placemark>
    <Placemark>
      <name>gap_0159</name>
      <description>confidence: 0.6118</description>
      <styleUrl>#gapStyle</styleUrl>
      <Polygon>
        <outerBoundaryIs><LinearRing><coordinates>
          113.82238264965358,22.601902054792582,0
          113.82241922245902,22.601902054792582,0
          113.82241922245902,22.601925839181437,0
          113.82238264965358,22.601925839181437,0
          113.82238264965358,22.601902054792582,0
        </coordinates></LinearRing></outerBoundaryIs>
      </Polygon>
    </Placemark>
    <Placemark>
      <name>gap_0160</name>
      <description>confidence: 0.6108</description>
      <styleUrl>#gapStyle</styleUrl>
      <Polygon>
        <outerBoundaryIs><LinearRing><coordinates>
          113.82190842371149,22.55079008322925,0
          113.82208090469105,22.55079008322925,0
          113.82208090469105,22.55082125938412,0
          113.82190842371149,22.55082125938412,0
          113.82190842371149,22.55079008322925,0
        </coordinates></LinearRing></outerBoundaryIs>
      </Polygon>
    </Placemark>
    <Placemark>
      <name>gap_0161</name>
      <description>confidence: 0.6097</description>
      <styleUrl>#gapStyle</styleUrl>
      <Polygon>
        <outerBoundaryIs><LinearRing><coordinates>
          113.8118380660204,22.61093584149845,0
          113.8119047396768,22.61093584149845,0
          113.8119047396768,22.61099231086153,0
          113.8118380660204,22.61099231086153,0
          113.8118380660204,22.61093584149845,0
        </coordinates></LinearRing></outerBoundaryIs>
      </Polygon>
    </Placemark>
    <Placemark>
      <name>gap_0162</name>
      <description>confidence: 0.6079</description>
      <styleUrl>#gapStyle</styleUrl>
      <Polygon>
        <outerBoundaryIs><LinearRing><coordinates>
          113.82406657128783,22.551963985654908,0
          113.82409887965065,22.551963985654908,0
          113.82409887965065,22.55201035444934,0
          113.82406657128783,22.55201035444934,0
          113.82406657128783,22.551963985654908,0
        </coordinates></LinearRing></outerBoundaryIs>
      </Polygon>
    </Placemark>
    <Placemark>
      <name>gap_0163</name>
      <description>confidence: 0.6076</description>
      <styleUrl>#gapStyle</styleUrl>
      <Polygon>
        <outerBoundaryIs><LinearRing><coordinates>
          113.81690813882797,22.6034743070145,0
          113.81693441846173,22.6034743070145,0
          113.81693441846173,22.603494144227806,0
          113.81690813882797,22.603494144227806,0
          113.81690813882797,22.6034743070145,0
        </coordinates></LinearRing></outerBoundaryIs>
      </Polygon>
    </Placemark>
    <Placemark>
      <name>gap_0164</name>
      <description>confidence: 0.6072</description>
      <styleUrl>#gapStyle</styleUrl>
      <Polygon>
        <outerBoundaryIs><LinearRing><coordinates>
          113.8306512522895,22.609937654154624,0
          113.83068511334555,22.609937654154624,0
          113.83068511334555,22.60996075800726,0
          113.8306512522895,22.60996075800726,0
          113.8306512522895,22.609937654154624,0
        </coordinates></LinearRing></outerBoundaryIs>
      </Polygon>
    </Placemark>
    <Placemark>
      <name>gap_0165</name>
      <description>confidence: 0.6069</description>
      <styleUrl>#gapStyle</styleUrl>
      <Polygon>
        <outerBoundaryIs><LinearRing><coordinates>
          113.81056908458046,22.610946439167943,0
          113.81063960119661,22.610946439167943,0
          113.81063960119661,22.610973895374656,0
          113.81056908458046,22.610973895374656,0
          113.81056908458046,22.610946439167943,0
        </coordinates></LinearRing></outerBoundaryIs>
      </Polygon>
    </Placemark>
    <Placemark>
      <name>gap_0166</name>
      <description>confidence: 0.6065</description>
      <styleUrl>#gapStyle</styleUrl>
      <Polygon>
        <outerBoundaryIs><LinearRing><coordinates>
          113.8311499821909,22.603989607581962,0
          113.8312145210834,22.603989607581962,0
          113.8312145210834,22.60405919482498,0
          113.8311499821909,22.60405919482498,0
          113.8311499821909,22.603989607581962,0
        </coordinates></LinearRing></outerBoundaryIs>
      </Polygon>
    </Placemark>
    <Placemark>
      <name>gap_0167</name>
      <description>confidence: 0.6064</description>
      <styleUrl>#gapStyle</styleUrl>
      <Polygon>
        <outerBoundaryIs><LinearRing><coordinates>
          113.81540098471655,22.60301739480111,0
          113.81542504528163,22.60301739480111,0
          113.81542504528163,22.60303506647843,0
          113.81540098471655,22.60303506647843,0
          113.81540098471655,22.60301739480111,0
        </coordinates></LinearRing></outerBoundaryIs>
      </Polygon>
    </Placemark>
    <Placemark>
      <name>gap_0168</name>
      <description>confidence: 0.6058</description>
      <styleUrl>#gapStyle</styleUrl>
      <Polygon>
        <outerBoundaryIs><LinearRing><coordinates>
          113.82075649853752,22.608112148490836,0
          113.8207799558368,22.608112148490836,0
          113.8207799558368,22.60813010207419,0
          113.82075649853752,22.60813010207419,0
          113.82075649853752,22.608112148490836,0
        </coordinates></LinearRing></outerBoundaryIs>
      </Polygon>
    </Placemark>
    <Placemark>
      <name>gap_0169</name>
      <description>confidence: 0.6048</description>
      <styleUrl>#gapStyle</styleUrl>
      <Polygon>
        <outerBoundaryIs><LinearRing><coordinates>
          113.82878249148501,22.608385942437714,0
          113.82881094598613,22.608385942437714,0
          113.82881094598613,22.608409951598333,0
          113.82878249148501,22.608409951598333,0
          113.82878249148501,22.608385942437714,0
        </coordinates></LinearRing></outerBoundaryIs>
      </Polygon>
    </Placemark>
    <Placemark>
      <name>gap_0170</name>
      <description>confidence: 0.6046</description>
      <styleUrl>#gapStyle</styleUrl>
      <Polygon>
        <outerBoundaryIs><LinearRing><coordinates>
          113.82618505499674,22.57691327677448,0
          113.82627136105178,22.57691327677448,0
          113.82627136105178,22.576931877906787,0
          113.82618505499674,22.576931877906787,0
          113.82618505499674,22.57691327677448,0
        </coordinates></LinearRing></outerBoundaryIs>
      </Polygon>
    </Placemark>
    <Placemark>
      <name>gap_0171</name>
      <description>confidence: 0.6040</description>
      <styleUrl>#gapStyle</styleUrl>
      <Polygon>
        <outerBoundaryIs><LinearRing><coordinates>
          113.8210604806585,22.570334667598146,0
          113.82114491061417,22.570334667598146,0
          113.82114491061417,22.570411495831653,0
          113.8210604806585,22.570411495831653,0
          113.8210604806585,22.570334667598146,0
        </coordinates></LinearRing></outerBoundaryIs>
      </Polygon>
    </Placemark>
    <Placemark>
      <name>gap_0172</name>
      <description>confidence: 0.6040</description>
      <styleUrl>#gapStyle</styleUrl>
      <Polygon>
        <outerBoundaryIs><LinearRing><coordinates>
          113.83076153672795,22.609977917010962,0
          113.83079415007971,22.609977917010962,0
          113.83079415007971,22.609996784619774,0
          113.83076153672795,22.609996784619774,0
          113.83076153672795,22.609977917010962,0
        </coordinates></LinearRing></outerBoundaryIs>
      </Polygon>
    </Placemark>
    <Placemark>
      <name>gap_0173</name>
      <description>confidence: 0.6037</description>
      <styleUrl>#gapStyle</styleUrl>
      <Polygon>
        <outerBoundaryIs><LinearRing><coordinates>
          113.81784746495084,22.610711437422594,0
          113.81789823694108,22.610711437422594,0
          113.81789823694108,22.610785281741343,0
          113.81784746495084,22.610785281741343,0
          113.81784746495084,22.610711437422594,0
        </coordinates></LinearRing></outerBoundaryIs>
      </Polygon>
    </Placemark>
    <Placemark>
      <name>gap_0174</name>
      <description>confidence: 0.6035</description>
      <styleUrl>#gapStyle</styleUrl>
      <Polygon>
        <outerBoundaryIs><LinearRing><coordinates>
          113.82045982714686,22.6042070485625,0
          113.82051970059278,22.6042070485625,0
          113.82051970059278,22.604256634883715,0
          113.82045982714686,22.604256634883715,0
          113.82045982714686,22.6042070485625,0
        </coordinates></LinearRing></outerBoundaryIs>
      </Polygon>
    </Placemark>
    <Placemark>
      <name>gap_0175</name>
      <description>confidence: 0.6033</description>
      <styleUrl>#gapStyle</styleUrl>
      <Polygon>
        <outerBoundaryIs><LinearRing><coordinates>
          113.82558726265943,22.550210237272104,0
          113.82565555210334,22.550210237272104,0
          113.82565555210334,22.55022914396632,0
          113.82558726265943,22.55022914396632,0
          113.82558726265943,22.550210237272104,0
        </coordinates></LinearRing></outerBoundaryIs>
      </Polygon>
    </Placemark>
    <Placemark>
      <name>gap_0176</name>
      <description>confidence: 0.6032</description>
      <styleUrl>#gapStyle</styleUrl>
      <Polygon>
        <outerBoundaryIs><LinearRing><coordinates>
          113.82234182623888,22.574711892965784,0
          113.82241441188486,22.574711892965784,0
          113.82241441188486,22.574727690017113,0
          113.82234182623888,22.574727690017113,0
          113.82234182623888,22.574711892965784,0
        </coordinates></LinearRing></outerBoundaryIs>
      </Polygon>
    </Placemark>
    <Placemark>
      <name>gap_0177</name>
      <description>confidence: 0.6030</description>
      <styleUrl>#gapStyle</styleUrl>
      <Polygon>
        <outerBoundaryIs><LinearRing><coordinates>
          113.80857998321574,22.596808101770414,0
          113.80866066371479,22.596808101770414,0
          113.80866066371479,22.596826362706235,0
          113.80857998321574,22.596826362706235,0
          113.80857998321574,22.596808101770414,0
        </coordinates></LinearRing></outerBoundaryIs>
      </Polygon>
    </Placemark>
    <Placemark>
      <name>gap_0178</name>
      <description>confidence: 0.6024</description>
      <styleUrl>#gapStyle</styleUrl>
      <Polygon>
        <outerBoundaryIs><LinearRing><coordinates>
          113.81298619886148,22.602763386376584,0
          113.81305998588225,22.602763386376584,0
          113.81305998588225,22.602861564285266,0
          113.81298619886148,22.602861564285266,0
          113.81298619886148,22.602763386376584,0
        </coordinates></LinearRing></outerBoundaryIs>
      </Polygon>
    </Placemark>
    <Placemark>
      <name>gap_0179</name>
      <description>confidence: 0.6017</description>
      <styleUrl>#gapStyle</styleUrl>
      <Polygon>
        <outerBoundaryIs><LinearRing><coordinates>
          113.83031709058912,22.609823911128625,0
          113.83034931202275,22.609823911128625,0
          113.83034931202275,22.609853535163243,0
          113.83031709058912,22.609853535163243,0
          113.83031709058912,22.609823911128625,0
        </coordinates></LinearRing></outerBoundaryIs>
      </Polygon>
    </Placemark>
    <Placemark>
      <name>gap_0180</name>
      <description>confidence: 0.6012</description>
      <styleUrl>#gapStyle</styleUrl>
      <Polygon>
        <outerBoundaryIs><LinearRing><coordinates>
          113.82355414102142,22.54467874917782,0
          113.82359903693052,22.54467874917782,0
          113.82359903693052,22.544706977761216,0
          113.82355414102142,22.544706977761216,0
          113.82355414102142,22.54467874917782,0
        </coordinates></LinearRing></outerBoundaryIs>
      </Polygon>
    </Placemark>
    <Placemark>
      <name>gap_0181</name>
      <description>confidence: 0.6004</description>
      <styleUrl>#gapStyle</styleUrl>
      <Polygon>
        <outerBoundaryIs><LinearRing><coordinates>
          113.83122735370128,22.595534388996345,0
          113.8313039799185,22.595534388996345,0
          113.8313039799185,22.595571358262838,0
          113.83122735370128,22.595571358262838,0
          113.83122735370128,22.595534388996345,0
        </coordinates></LinearRing></outerBoundaryIs>
      </Polygon>
    </Placemark>
    <Placemark>
      <name>gap_0182</name>
      <description>confidence: 0.6003</description>
      <styleUrl>#gapStyle</styleUrl>
      <Polygon>
        <outerBoundaryIs><LinearRing><coordinates>
          113.831232956379,22.59982577276018,0
          113.83131006889231,22.59982577276018,0
          113.83131006889231,22.599896209486584,0
          113.831232956379,22.599896209486584,0
          113.831232956379,22.59982577276018,0
        </coordinates></LinearRing></outerBoundaryIs>
      </Polygon>
    </Placemark>
    <Placemark>
      <name>gap_0183</name>
      <description>confidence: 0.5993</description>
      <styleUrl>#gapStyle</styleUrl>
      <Polygon>
        <outerBoundaryIs><LinearRing><coordinates>
          113.82487286288855,22.545709138576267,0
          113.82495205589129,22.545709138576267,0
          113.82495205589129,22.54573072947591,0
          113.82487286288855,22.54573072947591,0
          113.82487286288855,22.545709138576267,0
        </coordinates></LinearRing></outerBoundaryIs>
      </Polygon>
    </Placemark>
    <Placemark>
      <name>gap_0184</name>
      <description>confidence: 0.5990</description>
      <styleUrl>#gapStyle</styleUrl>
      <Polygon>
        <outerBoundaryIs><LinearRing><coordinates>
          113.82028543411346,22.608459430363066,0
          113.82031037620787,22.608459430363066,0
          113.82031037620787,22.60847752097043,0
          113.82028543411346,22.60847752097043,0
          113.82028543411346,22.608459430363066,0
        </coordinates></LinearRing></outerBoundaryIs>
      </Polygon>
    </Placemark>
    <Placemark>
      <name>gap_0185</name>
      <description>confidence: 0.5974</description>
      <styleUrl>#gapStyle</styleUrl>
      <Polygon>
        <outerBoundaryIs><LinearRing><coordinates>
          113.82726815261697,22.616166937998123,0
          113.82732878484154,22.616166937998123,0
          113.82732878484154,22.616214084499997,0
          113.82726815261697,22.616214084499997,0
          113.82726815261697,22.616166937998123,0
        </coordinates></LinearRing></outerBoundaryIs>
      </Polygon>
    </Placemark>
    <Placemark>
      <name>gap_0186</name>
      <description>confidence: 0.5965</description>
      <styleUrl>#gapStyle</styleUrl>
      <Polygon>
        <outerBoundaryIs><LinearRing><coordinates>
          113.82356586732799,22.548199381790365,0
          113.82363936852396,22.548199381790365,0
          113.82363936852396,22.548221212686663,0
          113.82356586732799,22.548221212686663,0
          113.82356586732799,22.548199381790365,0
        </coordinates></LinearRing></outerBoundaryIs>
      </Polygon>
    </Placemark>
    <Placemark>
      <name>gap_0187</name>
      <description>confidence: 0.5964</description>
      <styleUrl>#gapStyle</styleUrl>
      <Polygon>
        <outerBoundaryIs><LinearRing><coordinates>
          113.8197817226546,22.60484466033123,0
          113.81980441985533,22.60484466033123,0
          113.81980441985533,22.604863398814963,0
          113.8197817226546,22.604863398814963,0
          113.8197817226546,22.60484466033123,0
        </coordinates></LinearRing></outerBoundaryIs>
      </Polygon>
    </Placemark>
    <Placemark>
      <name>gap_0188</name>
      <description>confidence: 0.5964</description>
      <styleUrl>#gapStyle</styleUrl>
      <Polygon>
        <outerBoundaryIs><LinearRing><coordinates>
          113.82058154776973,22.60768719806939,0
          113.82065090107331,22.60768719806939,0
          113.82065090107331,22.607722811706754,0
          113.82058154776973,22.607722811706754,0
          113.82058154776973,22.60768719806939,0
        </coordinates></LinearRing></outerBoundaryIs>
      </Polygon>
    </Placemark>
    <Placemark>
      <name>gap_0189</name>
      <description>confidence: 0.5939</description>
      <styleUrl>#gapStyle</styleUrl>
      <Polygon>
        <outerBoundaryIs><LinearRing><coordinates>
          113.8313681561046,22.59995337637064,0
          113.8314485827327,22.59995337637064,0
          113.8314485827327,22.599997329073233,0
          113.8313681561046,22.599997329073233,0
          113.8313681561046,22.59995337637064,0
        </coordinates></LinearRing></outerBoundaryIs>
      </Polygon>
    </Placemark>
    <Placemark>
      <name>gap_0190</name>
      <description>confidence: 0.5915</description>
      <styleUrl>#gapStyle</styleUrl>
      <Polygon>
        <outerBoundaryIs><LinearRing><coordinates>
          113.821807823797,22.578298259737256,0
          113.82188072865408,22.578298259737256,0
          113.82188072865408,22.578314899232506,0
          113.821807823797,22.578314899232506,0
          113.821807823797,22.578298259737256,0
        </coordinates></LinearRing></outerBoundaryIs>
      </Polygon>
    </Placemark>
    <Placemark>
      <name>gap_0191</name>
      <description>confidence: 0.5913</description>
      <styleUrl>#gapStyle</styleUrl>
      <Polygon>
        <outerBoundaryIs><LinearRing><coordinates>
          113.83107377143514,22.59632513892076,0
          113.83112075004372,22.59632513892076,0
          113.83112075004372,22.59637978350709,0
          113.83107377143514,22.59637978350709,0
          113.83107377143514,22.59632513892076,0
        </coordinates></LinearRing></outerBoundaryIs>
      </Polygon>
    </Placemark>
    <Placemark>
      <name>gap_0192</name>
      <description>confidence: 0.5911</description>
      <styleUrl>#gapStyle</styleUrl>
      <Polygon>
        <outerBoundaryIs><LinearRing><coordinates>
          113.82579931971773,22.609135627815057,0
          113.8258421434456,22.609135627815057,0
          113.8258421434456,22.609162145153544,0
          113.82579931971773,22.609162145153544,0
          113.82579931971773,22.609135627815057,0
        </coordinates></LinearRing></outerBoundaryIs>
      </Polygon>
    </Placemark>
    <Placemark>
      <name>gap_0193</name>
      <description>confidence: 0.5907</description>
      <styleUrl>#gapStyle</styleUrl>
      <Polygon>
        <outerBoundaryIs><LinearRing><coordinates>
          113.81937296938806,22.604635199157627,0
          113.81939675115757,22.604635199157627,0
          113.81939675115757,22.604654216682494,0
          113.81937296938806,22.604654216682494,0
          113.81937296938806,22.604635199157627,0
        </coordinates></LinearRing></outerBoundaryIs>
      </Polygon>
    </Placemark>
    <Placemark>
      <name>gap_0194</name>
      <description>confidence: 0.5900</description>
      <styleUrl>#gapStyle</styleUrl>
      <Polygon>
        <outerBoundaryIs><LinearRing><coordinates>
          113.8277195373767,22.607384431852346,0
          113.82775983708791,22.607384431852346,0
          113.82775983708791,22.607427861178877,0
          113.8277195373767,22.607427861178877,0
          113.8277195373767,22.607384431852346,0
        </coordinates></LinearRing></outerBoundaryIs>
      </Polygon>
    </Placemark>
    <Placemark>
      <name>gap_0195</name>
      <description>confidence: 0.5893</description>
      <styleUrl>#gapStyle</styleUrl>
      <Polygon>
        <outerBoundaryIs><LinearRing><coordinates>
          113.8323059844124,22.6081490289864,0
          113.83239132990784,22.6081490289864,0
          113.83239132990784,22.60820166347796,0
          113.8323059844124,22.60820166347796,0
          113.8323059844124,22.6081490289864,0
        </coordinates></LinearRing></outerBoundaryIs>
      </Polygon>
    </Placemark>
    <Placemark>
      <name>gap_0196</name>
      <description>confidence: 0.5892</description>
      <styleUrl>#gapStyle</styleUrl>
      <Polygon>
        <outerBoundaryIs><LinearRing><coordinates>
          113.82158890413993,22.605411307643873,0
          113.82165421760895,22.605411307643873,0
          113.82165421760895,22.6054583020094,0
          113.82158890413993,22.6054583020094,0
          113.82158890413993,22.605411307643873,0
        </coordinates></LinearRing></outerBoundaryIs>
      </Polygon>
    </Placemark>
    <Placemark>
      <name>gap_0197</name>
      <description>confidence: 0.5890</description>
      <styleUrl>#gapStyle</styleUrl>
      <Polygon>
        <outerBoundaryIs><LinearRing><coordinates>
          113.8263646082652,22.612261468630866,0
          113.8264280697,22.612261468630866,0
          113.8264280697,22.612327329541095,0
          113.8263646082652,22.612327329541095,0
          113.8263646082652,22.612261468630866,0
        </coordinates></LinearRing></outerBoundaryIs>
      </Polygon>
    </Placemark>
    <Placemark>
      <name>gap_0198</name>
      <description>confidence: 0.5880</description>
      <styleUrl>#gapStyle</styleUrl>
      <Polygon>
        <outerBoundaryIs><LinearRing><coordinates>
          113.82084776618781,22.608371656088384,0
          113.82087746159932,22.608371656088384,0
          113.82087746159932,22.60838842131176,0
          113.82084776618781,22.60838842131176,0
          113.82084776618781,22.608371656088384,0
        </coordinates></LinearRing></outerBoundaryIs>
      </Polygon>
    </Placemark>
    <Placemark>
      <name>gap_0199</name>
      <description>confidence: 0.5861</description>
      <styleUrl>#gapStyle</styleUrl>
      <Polygon>
        <outerBoundaryIs><LinearRing><coordinates>
          113.82872968921271,22.61601405281299,0
          113.82874921394743,22.61601405281299,0
          113.82874921394743,22.61603641232402,0
          113.82872968921271,22.61603641232402,0
          113.82872968921271,22.61601405281299,0
        </coordinates></LinearRing></outerBoundaryIs>
      </Polygon>
    </Placemark>
    <Placemark>
      <name>gap_0200</name>
      <description>confidence: 0.5859</description>
      <styleUrl>#gapStyle</styleUrl>
      <Polygon>
        <outerBoundaryIs><LinearRing><coordinates>
          113.81652521532422,22.593145722228147,0
          113.81662252823814,22.593145722228147,0
          113.81662252823814,22.593228309931185,0
          113.81652521532422,22.593228309931185,0
          113.81652521532422,22.593145722228147,0
        </coordinates></LinearRing></outerBoundaryIs>
      </Polygon>
    </Placemark>
    <Placemark>
      <name>gap_0201</name>
      <description>confidence: 0.5857</description>
      <styleUrl>#gapStyle</styleUrl>
      <Polygon>
        <outerBoundaryIs><LinearRing><coordinates>
          113.82652318057093,22.60765486695108,0
          113.82653610191882,22.60765486695108,0
          113.82653610191882,22.607683216351347,0
          113.82652318057093,22.607683216351347,0
          113.82652318057093,22.60765486695108,0
        </coordinates></LinearRing></outerBoundaryIs>
      </Polygon>
    </Placemark>
    <Placemark>
      <name>gap_0202</name>
      <description>confidence: 0.5857</description>
      <styleUrl>#gapStyle</styleUrl>
      <Polygon>
        <outerBoundaryIs><LinearRing><coordinates>
          113.82390485356889,22.576804514497617,0
          113.82399407355331,22.576804514497617,0
          113.82399407355331,22.576832232965344,0
          113.82390485356889,22.576832232965344,0
          113.82390485356889,22.576804514497617,0
        </coordinates></LinearRing></outerBoundaryIs>
      </Polygon>
    </Placemark>
    <Placemark>
      <name>gap_0203</name>
      <description>confidence: 0.5850</description>
      <styleUrl>#gapStyle</styleUrl>
      <Polygon>
        <outerBoundaryIs><LinearRing><coordinates>
          113.83150482429542,22.60246446542655,0
          113.83156591383967,22.60246446542655,0
          113.83156591383967,22.602496945847008,0
          113.83150482429542,22.602496945847008,0
          113.83150482429542,22.60246446542655,0
        </coordinates></LinearRing></outerBoundaryIs>
      </Polygon>
    </Placemark>
    <Placemark>
      <name>gap_0204</name>
      <description>confidence: 0.5841</description>
      <styleUrl>#gapStyle</styleUrl>
      <Polygon>
        <outerBoundaryIs><LinearRing><coordinates>
          113.8257060806488,22.545748580025226,0
          113.82580204914763,22.545748580025226,0
          113.82580204914763,22.545781832904222,0
          113.8257060806488,22.545781832904222,0
          113.8257060806488,22.545748580025226,0
        </coordinates></LinearRing></outerBoundaryIs>
      </Polygon>
    </Placemark>
    <Placemark>
      <name>gap_0205</name>
      <description>confidence: 0.5836</description>
      <styleUrl>#gapStyle</styleUrl>
      <Polygon>
        <outerBoundaryIs><LinearRing><coordinates>
          113.81173305689894,22.602053349518982,0
          113.81183221529874,22.602053349518982,0
          113.81183221529874,22.602158781064634,0
          113.81173305689894,22.602158781064634,0
          113.81173305689894,22.602053349518982,0
        </coordinates></LinearRing></outerBoundaryIs>
      </Polygon>
    </Placemark>
    <Placemark>
      <name>gap_0206</name>
      <description>confidence: 0.5830</description>
      <styleUrl>#gapStyle</styleUrl>
      <Polygon>
        <outerBoundaryIs><LinearRing><coordinates>
          113.8251559068975,22.607138247547972,0
          113.82522563173751,22.607138247547972,0
          113.82522563173751,22.60718968672195,0
          113.8251559068975,22.60718968672195,0
          113.8251559068975,22.607138247547972,0
        </coordinates></LinearRing></outerBoundaryIs>
      </Polygon>
    </Placemark>
    <Placemark>
      <name>gap_0207</name>
      <description>confidence: 0.5830</description>
      <styleUrl>#gapStyle</styleUrl>
      <Polygon>
        <outerBoundaryIs><LinearRing><coordinates>
          113.82475257665907,22.548473792468073,0
          113.82481937162858,22.548473792468073,0
          113.82481937162858,22.54850336835193,0
          113.82475257665907,22.54850336835193,0
          113.82475257665907,22.548473792468073,0
        </coordinates></LinearRing></outerBoundaryIs>
      </Polygon>
    </Placemark>
    <Placemark>
      <name>gap_0208</name>
      <description>confidence: 0.5828</description>
      <styleUrl>#gapStyle</styleUrl>
      <Polygon>
        <outerBoundaryIs><LinearRing><coordinates>
          113.83088941303583,22.59626095982884,0
          113.83100449896263,22.59626095982884,0
          113.83100449896263,22.59633124516581,0
          113.83088941303583,22.59633124516581,0
          113.83088941303583,22.59626095982884,0
        </coordinates></LinearRing></outerBoundaryIs>
      </Polygon>
    </Placemark>
    <Placemark>
      <name>gap_0209</name>
      <description>confidence: 0.5818</description>
      <styleUrl>#gapStyle</styleUrl>
      <Polygon>
        <outerBoundaryIs><LinearRing><coordinates>
          113.81256987262407,22.60871705762529,0
          113.81260794172516,22.60871705762529,0
          113.81260794172516,22.608754265701553,0
          113.81256987262407,22.608754265701553,0
          113.81256987262407,22.60871705762529,0
        </coordinates></LinearRing></outerBoundaryIs>
      </Polygon>
    </Placemark>
    <Placemark>
      <name>gap_0210</name>
      <description>confidence: 0.5804</description>
      <styleUrl>#gapStyle</styleUrl>
      <Polygon>
        <outerBoundaryIs><LinearRing><coordinates>
          113.8255603263909,22.608695275043463,0
          113.82559920118337,22.608695275043463,0
          113.82559920118337,22.608729562478302,0
          113.8255603263909,22.608729562478302,0
          113.8255603263909,22.608695275043463,0
        </coordinates></LinearRing></outerBoundaryIs>
      </Polygon>
    </Placemark>
    <Placemark>
      <name>gap_0211</name>
      <description>confidence: 0.5802</description>
      <styleUrl>#gapStyle</styleUrl>
      <Polygon>
        <outerBoundaryIs><LinearRing><coordinates>
          113.82827832939806,22.608321151444358,0
          113.82834245647162,22.608321151444358,0
          113.82834245647162,22.608366258844367,0
          113.82827832939806,22.608366258844367,0
          113.82827832939806,22.608321151444358,0
        </coordinates></LinearRing></outerBoundaryIs>
      </Polygon>
    </Placemark>
    <Placemark>
      <name>gap_0212</name>
      <description>confidence: 0.5799</description>
      <styleUrl>#gapStyle</styleUrl>
      <Polygon>
        <outerBoundaryIs><LinearRing><coordinates>
          113.81686810915393,22.61634736650335,0
          113.8169867257,22.61634736650335,0
          113.8169867257,22.616459040090255,0
          113.81686810915393,22.616459040090255,0
          113.81686810915393,22.61634736650335,0
        </coordinates></LinearRing></outerBoundaryIs>
      </Polygon>
    </Placemark>
    <Placemark>
      <name>gap_0213</name>
      <description>confidence: 0.5771</description>
      <styleUrl>#gapStyle</styleUrl>
      <Polygon>
        <outerBoundaryIs><LinearRing><coordinates>
          113.83246510534624,22.525873164359744,0
          113.83257846349356,22.525873164359744,0
          113.83257846349356,22.525904100763523,0
          113.83246510534624,22.525904100763523,0
          113.83246510534624,22.525873164359744,0
        </coordinates></LinearRing></outerBoundaryIs>
      </Polygon>
    </Placemark>
    <Placemark>
      <name>gap_0214</name>
      <description>confidence: 0.5771</description>
      <styleUrl>#gapStyle</styleUrl>
      <Polygon>
        <outerBoundaryIs><LinearRing><coordinates>
          113.81637036353962,22.606020145204138,0
          113.81643859142915,22.606020145204138,0
          113.81643859142915,22.606041679910838,0
          113.81637036353962,22.606041679910838,0
          113.81637036353962,22.606020145204138,0
        </coordinates></LinearRing></outerBoundaryIs>
      </Polygon>
    </Placemark>
    <Placemark>
      <name>gap_0215</name>
      <description>confidence: 0.5770</description>
      <styleUrl>#gapStyle</styleUrl>
      <Polygon>
        <outerBoundaryIs><LinearRing><coordinates>
          113.82298569556023,22.580000284666276,0
          113.82305974541501,22.580000284666276,0
          113.82305974541501,22.58001830962653,0
          113.82298569556023,22.58001830962653,0
          113.82298569556023,22.580000284666276,0
        </coordinates></LinearRing></outerBoundaryIs>
      </Polygon>
    </Placemark>
    <Placemark>
      <name>gap_0216</name>
      <description>confidence: 0.5763</description>
      <styleUrl>#gapStyle</styleUrl>
      <Polygon>
        <outerBoundaryIs><LinearRing><coordinates>
          113.81963730933299,22.60445922570286,0
          113.81966698788253,22.60445922570286,0
          113.81966698788253,22.604483423087324,0
          113.81963730933299,22.604483423087324,0
          113.81963730933299,22.60445922570286,0
        </coordinates></LinearRing></outerBoundaryIs>
      </Polygon>
    </Placemark>
    <Placemark>
      <name>gap_0217</name>
      <description>confidence: 0.5762</description>
      <styleUrl>#gapStyle</styleUrl>
      <Polygon>
        <outerBoundaryIs><LinearRing><coordinates>
          113.82764213436266,22.53969793623303,0
          113.82771446143107,22.53969793623303,0
          113.82771446143107,22.5397149275583,0
          113.82764213436266,22.5397149275583,0
          113.82764213436266,22.53969793623303,0
        </coordinates></LinearRing></outerBoundaryIs>
      </Polygon>
    </Placemark>
    <Placemark>
      <name>gap_0218</name>
      <description>confidence: 0.5761</description>
      <styleUrl>#gapStyle</styleUrl>
      <Polygon>
        <outerBoundaryIs><LinearRing><coordinates>
          113.82967347497501,22.610175015650512,0
          113.82972275638915,22.610175015650512,0
          113.82972275638915,22.6102059565,0
          113.82967347497501,22.6102059565,0
          113.82967347497501,22.610175015650512,0
        </coordinates></LinearRing></outerBoundaryIs>
      </Polygon>
    </Placemark>
    <Placemark>
      <name>gap_0219</name>
      <description>confidence: 0.5756</description>
      <styleUrl>#gapStyle</styleUrl>
      <Polygon>
        <outerBoundaryIs><LinearRing><coordinates>
          113.831331371665,22.594803984110868,0
          113.83139320035312,22.594803984110868,0
          113.83139320035312,22.594862264826602,0
          113.831331371665,22.594862264826602,0
          113.831331371665,22.594803984110868,0
        </coordinates></LinearRing></outerBoundaryIs>
      </Polygon>
    </Placemark>
    <Placemark>
      <name>gap_0220</name>
      <description>confidence: 0.5756</description>
      <styleUrl>#gapStyle</styleUrl>
      <Polygon>
        <outerBoundaryIs><LinearRing><coordinates>
          113.83101595953961,22.60939255016896,0
          113.83103844048142,22.60939255016896,0
          113.83103844048142,22.609407164835677,0
          113.83101595953961,22.609407164835677,0
          113.83101595953961,22.60939255016896,0
        </coordinates></LinearRing></outerBoundaryIs>
      </Polygon>
    </Placemark>
    <Placemark>
      <name>gap_0221</name>
      <description>confidence: 0.5751</description>
      <styleUrl>#gapStyle</styleUrl>
      <Polygon>
        <outerBoundaryIs><LinearRing><coordinates>
          113.82062991208888,22.608446762763347,0
          113.8206523740405,22.608446762763347,0
          113.8206523740405,22.608463314920115,0
          113.82062991208888,22.608463314920115,0
          113.82062991208888,22.608446762763347,0
        </coordinates></LinearRing></outerBoundaryIs>
      </Polygon>
    </Placemark>
    <Placemark>
      <name>gap_0222</name>
      <description>confidence: 0.5748</description>
      <styleUrl>#gapStyle</styleUrl>
      <Polygon>
        <outerBoundaryIs><LinearRing><coordinates>
          113.8277994811466,22.60755860263101,0
          113.82783369769565,22.60755860263101,0
          113.82783369769565,22.607601772315864,0
          113.8277994811466,22.607601772315864,0
          113.8277994811466,22.60755860263101,0
        </coordinates></LinearRing></outerBoundaryIs>
      </Polygon>
    </Placemark>
    <Placemark>
      <name>gap_0223</name>
      <description>confidence: 0.5744</description>
      <styleUrl>#gapStyle</styleUrl>
      <Polygon>
        <outerBoundaryIs><LinearRing><coordinates>
          113.829643744448,22.6068083326097,0
          113.82969865358727,22.6068083326097,0
          113.82969865358727,22.60686701195562,0
          113.829643744448,22.60686701195562,0
          113.829643744448,22.6068083326097,0
        </coordinates></LinearRing></outerBoundaryIs>
      </Polygon>
    </Placemark>
    <Placemark>
      <name>gap_0224</name>
      <description>confidence: 0.5730</description>
      <styleUrl>#gapStyle</styleUrl>
      <Polygon>
        <outerBoundaryIs><LinearRing><coordinates>
          113.82385456804869,22.540387504289946,0
          113.82393029436031,22.540387504289946,0
          113.82393029436031,22.54041403554366,0
          113.82385456804869,22.54041403554366,0
          113.82385456804869,22.540387504289946,0
        </coordinates></LinearRing></outerBoundaryIs>
      </Polygon>
    </Placemark>
    <Placemark>
      <name>gap_0225</name>
      <description>confidence: 0.5728</description>
      <styleUrl>#gapStyle</styleUrl>
      <Polygon>
        <outerBoundaryIs><LinearRing><coordinates>
          113.82465208880303,22.60795418067872,0
          113.82466795886835,22.60795418067872,0
          113.82466795886835,22.60798153538617,0
          113.82465208880303,22.60798153538617,0
          113.82465208880303,22.60795418067872,0
        </coordinates></LinearRing></outerBoundaryIs>
      </Polygon>
    </Placemark>
    <Placemark>
      <name>gap_0226</name>
      <description>confidence: 0.5724</description>
      <styleUrl>#gapStyle</styleUrl>
      <Polygon>
        <outerBoundaryIs><LinearRing><coordinates>
          113.83100818453201,22.5976808018249,0
          113.83111070173901,22.5976808018249,0
          113.83111070173901,22.5977605485,0
          113.83100818453201,22.5977605485,0
          113.83100818453201,22.5976808018249,0
        </coordinates></LinearRing></outerBoundaryIs>
      </Polygon>
    </Placemark>
    <Placemark>
      <name>gap_0227</name>
      <description>confidence: 0.5722</description>
      <styleUrl>#gapStyle</styleUrl>
      <Polygon>
        <outerBoundaryIs><LinearRing><coordinates>
          113.83124528923577,22.612230740259662,0
          113.83129573099527,22.612230740259662,0
          113.83129573099527,22.61225663157686,0
          113.83124528923577,22.61225663157686,0
          113.83124528923577,22.612230740259662,0
        </coordinates></LinearRing></outerBoundaryIs>
      </Polygon>
    </Placemark>
    <Placemark>
      <name>gap_0228</name>
      <description>confidence: 0.5721</description>
      <styleUrl>#gapStyle</styleUrl>
      <Polygon>
        <outerBoundaryIs><LinearRing><coordinates>
          113.82845476680271,22.60611213943365,0
          113.82850746947885,22.60611213943365,0
          113.82850746947885,22.60614778875947,0
          113.82845476680271,22.60614778875947,0
          113.82845476680271,22.60611213943365,0
        </coordinates></LinearRing></outerBoundaryIs>
      </Polygon>
    </Placemark>
    <Placemark>
      <name>gap_0229</name>
      <description>confidence: 0.5718</description>
      <styleUrl>#gapStyle</styleUrl>
      <Polygon>
        <outerBoundaryIs><LinearRing><coordinates>
          113.82765262054667,22.585109931327164,0
          113.82771341991761,22.585109931327164,0
          113.82771341991761,22.585131433210314,0
          113.82765262054667,22.585131433210314,0
          113.82765262054667,22.585109931327164,0
        </coordinates></LinearRing></outerBoundaryIs>
      </Polygon>
    </Placemark>
    <Placemark>
      <name>gap_0230</name>
      <description>confidence: 0.5712</description>
      <styleUrl>#gapStyle</styleUrl>
      <Polygon>
        <outerBoundaryIs><LinearRing><coordinates>
          113.8210981395061,22.605557213511197,0
          113.82112250280913,22.605557213511197,0
          113.82112250280913,22.605576790591705,0
          113.8210981395061,22.605576790591705,0
          113.8210981395061,22.605557213511197,0
        </coordinates></LinearRing></outerBoundaryIs>
      </Polygon>
    </Placemark>
    <Placemark>
      <name>gap_0231</name>
      <description>confidence: 0.5694</description>
      <styleUrl>#gapStyle</styleUrl>
      <Polygon>
        <outerBoundaryIs><LinearRing><coordinates>
          113.82225947059264,22.601631297556455,0
          113.82230630235469,22.601631297556455,0
          113.82230630235469,22.601643532556473,0
          113.82225947059264,22.601643532556473,0
          113.82225947059264,22.601631297556455,0
        </coordinates></LinearRing></outerBoundaryIs>
      </Polygon>
    </Placemark>
    <Placemark>
      <name>gap_0232</name>
      <description>confidence: 0.5689</description>
      <styleUrl>#gapStyle</styleUrl>
      <Polygon>
        <outerBoundaryIs><LinearRing><coordinates>
          113.83100803269238,22.596331449371696,0
          113.83105979322613,22.596331449371696,0
          113.83105979322613,22.596366395242107,0
          113.83100803269238,22.596366395242107,0
          113.83100803269238,22.596331449371696,0
        </coordinates></LinearRing></outerBoundaryIs>
      </Polygon>
    </Placemark>
    <Placemark>
      <name>gap_0233</name>
      <description>confidence: 0.5688</description>
      <styleUrl>#gapStyle</styleUrl>
      <Polygon>
        <outerBoundaryIs><LinearRing><coordinates>
          113.83028546308994,22.60172441773208,0
          113.83031646833312,22.60172441773208,0
          113.83031646833312,22.601755498444895,0
          113.83028546308994,22.601755498444895,0
          113.83028546308994,22.60172441773208,0
        </coordinates></LinearRing></outerBoundaryIs>
      </Polygon>
    </Placemark>
    <Placemark>
      <name>gap_0234</name>
      <description>confidence: 0.5678</description>
      <styleUrl>#gapStyle</styleUrl>
      <Polygon>
        <outerBoundaryIs><LinearRing><coordinates>
          113.81761261806862,22.582467301471464,0
          113.81764802551514,22.582467301471464,0
          113.81764802551514,22.58251019571678,0
          113.81761261806862,22.58251019571678,0
          113.81761261806862,22.582467301471464,0
        </coordinates></LinearRing></outerBoundaryIs>
      </Polygon>
    </Placemark>
    <Placemark>
      <name>gap_0235</name>
      <description>confidence: 0.5673</description>
      <styleUrl>#gapStyle</styleUrl>
      <Polygon>
        <outerBoundaryIs><LinearRing><coordinates>
          113.82679516860846,22.537794911649588,0
          113.82687927965998,22.537794911649588,0
          113.82687927965998,22.537820465809137,0
          113.82679516860846,22.537820465809137,0
          113.82679516860846,22.537794911649588,0
        </coordinates></LinearRing></outerBoundaryIs>
      </Polygon>
    </Placemark>
    <Placemark>
      <name>gap_0236</name>
      <description>confidence: 0.5669</description>
      <styleUrl>#gapStyle</styleUrl>
      <Polygon>
        <outerBoundaryIs><LinearRing><coordinates>
          113.81563086762463,22.61511445592326,0
          113.81569160658715,22.61511445592326,0
          113.81569160658715,22.61517798267775,0
          113.81563086762463,22.61517798267775,0
          113.81563086762463,22.61511445592326,0
        </coordinates></LinearRing></outerBoundaryIs>
      </Polygon>
    </Placemark>
    <Placemark>
      <name>gap_0237</name>
      <description>confidence: 0.5668</description>
      <styleUrl>#gapStyle</styleUrl>
      <Polygon>
        <outerBoundaryIs><LinearRing><coordinates>
          113.82272131964037,22.54664573387772,0
          113.8227847221401,22.54664573387772,0
          113.8227847221401,22.546678397182312,0
          113.82272131964037,22.546678397182312,0
          113.82272131964037,22.54664573387772,0
        </coordinates></LinearRing></outerBoundaryIs>
      </Polygon>
    </Placemark>
    <Placemark>
      <name>gap_0238</name>
      <description>confidence: 0.5664</description>
      <styleUrl>#gapStyle</styleUrl>
      <Polygon>
        <outerBoundaryIs><LinearRing><coordinates>
          113.83132486519361,22.606187278400114,0
          113.83138048646482,22.606187278400114,0
          113.83138048646482,22.606219914752916,0
          113.83132486519361,22.606219914752916,0
          113.83132486519361,22.606187278400114,0
        </coordinates></LinearRing></outerBoundaryIs>
      </Polygon>
    </Placemark>
    <Placemark>
      <name>gap_0239</name>
      <description>confidence: 0.5663</description>
      <styleUrl>#gapStyle</styleUrl>
      <Polygon>
        <outerBoundaryIs><LinearRing><coordinates>
          113.83070735748302,22.609958699372925,0
          113.8307384749484,22.609958699372925,0
          113.8307384749484,22.60997792407089,0
          113.83070735748302,22.60997792407089,0
          113.83070735748302,22.609958699372925,0
        </coordinates></LinearRing></outerBoundaryIs>
      </Polygon>
    </Placemark>
    <Placemark>
      <name>gap_0240</name>
      <description>confidence: 0.5653</description>
      <styleUrl>#gapStyle</styleUrl>
      <Polygon>
        <outerBoundaryIs><LinearRing><coordinates>
          113.82934962412685,22.616006386712463,0
          113.82943091619991,22.616006386712463,0
          113.82943091619991,22.61607813761905,0
          113.82934962412685,22.61607813761905,0
          113.82934962412685,22.616006386712463,0
        </coordinates></LinearRing></outerBoundaryIs>
      </Polygon>
    </Placemark>
    <Placemark>
      <name>gap_0241</name>
      <description>confidence: 0.5642</description>
      <styleUrl>#gapStyle</styleUrl>
      <Polygon>
        <outerBoundaryIs><LinearRing><coordinates>
          113.82268327620056,22.538344938799927,0
          113.82276277754826,22.538344938799927,0
          113.82276277754826,22.53836920436898,0
          113.82268327620056,22.53836920436898,0
          113.82268327620056,22.538344938799927,0
        </coordinates></LinearRing></outerBoundaryIs>
      </Polygon>
    </Placemark>
    <Placemark>
      <name>gap_0242</name>
      <description>confidence: 0.5640</description>
      <styleUrl>#gapStyle</styleUrl>
      <Polygon>
        <outerBoundaryIs><LinearRing><coordinates>
          113.81082136305639,22.591259913762208,0
          113.81087910337037,22.591259913762208,0
          113.81087910337037,22.59127845235787,0
          113.81082136305639,22.59127845235787,0
          113.81082136305639,22.591259913762208,0
        </coordinates></LinearRing></outerBoundaryIs>
      </Polygon>
    </Placemark>
    <Placemark>
      <name>gap_0243</name>
      <description>confidence: 0.5620</description>
      <styleUrl>#gapStyle</styleUrl>
      <Polygon>
        <outerBoundaryIs><LinearRing><coordinates>
          113.82318523473023,22.587708909703906,0
          113.82326237310949,22.587708909703906,0
          113.82326237310949,22.587770512024097,0
          113.82318523473023,22.587770512024097,0
          113.82318523473023,22.587708909703906,0
        </coordinates></LinearRing></outerBoundaryIs>
      </Polygon>
    </Placemark>
    <Placemark>
      <name>gap_0244</name>
      <description>confidence: 0.5615</description>
      <styleUrl>#gapStyle</styleUrl>
      <Polygon>
        <outerBoundaryIs><LinearRing><coordinates>
          113.8209176585016,22.612791750776715,0
          113.82094503023474,22.612791750776715,0
          113.82094503023474,22.61280910076684,0
          113.8209176585016,22.61280910076684,0
          113.8209176585016,22.612791750776715,0
        </coordinates></LinearRing></outerBoundaryIs>
      </Polygon>
    </Placemark>
    <Placemark>
      <name>gap_0245</name>
      <description>confidence: 0.5607</description>
      <styleUrl>#gapStyle</styleUrl>
      <Polygon>
        <outerBoundaryIs><LinearRing><coordinates>
          113.83164359352106,22.55121904190998,0
          113.83172869533641,22.55121904190998,0
          113.83172869533641,22.55123975541394,0
          113.83164359352106,22.55123975541394,0
          113.83164359352106,22.55121904190998,0
        </coordinates></LinearRing></outerBoundaryIs>
      </Polygon>
    </Placemark>
    <Placemark>
      <name>gap_0246</name>
      <description>confidence: 0.5606</description>
      <styleUrl>#gapStyle</styleUrl>
      <Polygon>
        <outerBoundaryIs><LinearRing><coordinates>
          113.82440751539026,22.60807700019487,0
          113.82444287757137,22.60807700019487,0
          113.82444287757137,22.608136675870703,0
          113.82440751539026,22.608136675870703,0
          113.82440751539026,22.60807700019487,0
        </coordinates></LinearRing></outerBoundaryIs>
      </Polygon>
    </Placemark>
    <Placemark>
      <name>gap_0247</name>
      <description>confidence: 0.5604</description>
      <styleUrl>#gapStyle</styleUrl>
      <Polygon>
        <outerBoundaryIs><LinearRing><coordinates>
          113.8208490937,22.609205000661333,0
          113.8209388689427,22.609205000661333,0
          113.8209388689427,22.609286070382456,0
          113.8208490937,22.609286070382456,0
          113.8208490937,22.609205000661333,0
        </coordinates></LinearRing></outerBoundaryIs>
      </Polygon>
    </Placemark>
    <Placemark>
      <name>gap_0248</name>
      <description>confidence: 0.5595</description>
      <styleUrl>#gapStyle</styleUrl>
      <Polygon>
        <outerBoundaryIs><LinearRing><coordinates>
          113.82646362886337,22.586846398088603,0
          113.82654717585726,22.586846398088603,0
          113.82654717585726,22.586865029547905,0
          113.82646362886337,22.586865029547905,0
          113.82646362886337,22.586846398088603,0
        </coordinates></LinearRing></outerBoundaryIs>
      </Polygon>
    </Placemark>
    <Placemark>
      <name>gap_0249</name>
      <description>confidence: 0.5593</description>
      <styleUrl>#gapStyle</styleUrl>
      <Polygon>
        <outerBoundaryIs><LinearRing><coordinates>
          113.82033651879715,22.608482380043228,0
          113.82036067120269,22.608482380043228,0
          113.82036067120269,22.608499408509864,0
          113.82033651879715,22.608499408509864,0
          113.82033651879715,22.608482380043228,0
        </coordinates></LinearRing></outerBoundaryIs>
      </Polygon>
    </Placemark>
    <Placemark>
      <name>gap_0250</name>
      <description>confidence: 0.5593</description>
      <styleUrl>#gapStyle</styleUrl>
      <Polygon>
        <outerBoundaryIs><LinearRing><coordinates>
          113.82321204981355,22.60606735022157,0
          113.82324220606449,22.60606735022157,0
          113.82324220606449,22.60609392829591,0
          113.82321204981355,22.60609392829591,0
          113.82321204981355,22.60606735022157,0
        </coordinates></LinearRing></outerBoundaryIs>
      </Polygon>
    </Placemark>
    <Placemark>
      <name>gap_0251</name>
      <description>confidence: 0.5589</description>
      <styleUrl>#gapStyle</styleUrl>
      <Polygon>
        <outerBoundaryIs><LinearRing><coordinates>
          113.82275876147189,22.605813496460645,0
          113.82280044820334,22.605813496460645,0
          113.82280044820334,22.605846035161328,0
          113.82275876147189,22.605846035161328,0
          113.82275876147189,22.605813496460645,0
        </coordinates></LinearRing></outerBoundaryIs>
      </Polygon>
    </Placemark>
    <Placemark>
      <name>gap_0252</name>
      <description>confidence: 0.5589</description>
      <styleUrl>#gapStyle</styleUrl>
      <Polygon>
        <outerBoundaryIs><LinearRing><coordinates>
          113.82595073071808,22.549158891385364,0
          113.82602592890609,22.549158891385364,0
          113.82602592890609,22.5491920708411,0
          113.82595073071808,22.5491920708411,0
          113.82595073071808,22.549158891385364,0
        </coordinates></LinearRing></outerBoundaryIs>
      </Polygon>
    </Placemark>
    <Placemark>
      <name>gap_0253</name>
      <description>confidence: 0.5587</description>
      <styleUrl>#gapStyle</styleUrl>
      <Polygon>
        <outerBoundaryIs><LinearRing><coordinates>
          113.82302019438367,22.60900298607563,0
          113.82304309916678,22.60900298607563,0
          113.82304309916678,22.60901912126686,0
          113.82302019438367,22.60901912126686,0
          113.82302019438367,22.60900298607563,0
        </coordinates></LinearRing></outerBoundaryIs>
      </Polygon>
    </Placemark>
    <Placemark>
      <name>gap_0254</name>
      <description>confidence: 0.5578</description>
      <styleUrl>#gapStyle</styleUrl>
      <Polygon>
        <outerBoundaryIs><LinearRing><coordinates>
          113.83029254601986,22.599802441373196,0
          113.830358938819,22.599802441373196,0
          113.830358938819,22.59983618005204,0
          113.83029254601986,22.59983618005204,0
          113.83029254601986,22.599802441373196,0
        </coordinates></LinearRing></outerBoundaryIs>
      </Polygon>
    </Placemark>
    <Placemark>
      <name>gap_0255</name>
      <description>confidence: 0.5568</description>
      <styleUrl>#gapStyle</styleUrl>
      <Polygon>
        <outerBoundaryIs><LinearRing><coordinates>
          113.82134794508333,22.605696895166155,0
          113.82137029685914,22.605696895166155,0
          113.82137029685914,22.605716498276312,0
          113.82134794508333,22.605716498276312,0
          113.82134794508333,22.605696895166155,0
        </coordinates></LinearRing></outerBoundaryIs>
      </Polygon>
    </Placemark>
    <Placemark>
      <name>gap_0256</name>
      <description>confidence: 0.5563</description>
      <styleUrl>#gapStyle</styleUrl>
      <Polygon>
        <outerBoundaryIs><LinearRing><coordinates>
          113.81859949958093,22.604249959833496,0
          113.81861935140522,22.604249959833496,0
          113.81861935140522,22.60426730998733,0
          113.81859949958093,22.60426730998733,0
          113.81859949958093,22.604249959833496,0
        </coordinates></LinearRing></outerBoundaryIs>
      </Polygon>
    </Placemark>
    <Placemark>
      <name>gap_0257</name>
      <description>confidence: 0.5558</description>
      <styleUrl>#gapStyle</styleUrl>
      <Polygon>
        <outerBoundaryIs><LinearRing><coordinates>
          113.81537135282392,22.59952078690149,0
          113.81538912321746,22.59952078690149,0
          113.81538912321746,22.59955907610866,0
          113.81537135282392,22.59955907610866,0
          113.81537135282392,22.59952078690149,0
        </coordinates></LinearRing></outerBoundaryIs>
      </Polygon>
    </Placemark>
    <Placemark>
      <name>gap_0258</name>
      <description>confidence: 0.5555</description>
      <styleUrl>#gapStyle</styleUrl>
      <Polygon>
        <outerBoundaryIs><LinearRing><coordinates>
          113.82989139134455,22.537625058150457,0
          113.82998747315011,22.537625058150457,0
          113.82998747315011,22.53765517052752,0
          113.82989139134455,22.53765517052752,0
          113.82989139134455,22.537625058150457,0
        </coordinates></LinearRing></outerBoundaryIs>
      </Polygon>
    </Placemark>
    <Placemark>
      <name>gap_0259</name>
      <description>confidence: 0.5552</description>
      <styleUrl>#gapStyle</styleUrl>
      <Polygon>
        <outerBoundaryIs><LinearRing><coordinates>
          113.82701051080515,22.60825307355275,0
          113.82704037958398,22.60825307355275,0
          113.82704037958398,22.60827339493393,0
          113.82701051080515,22.60827339493393,0
          113.82701051080515,22.60825307355275,0
        </coordinates></LinearRing></outerBoundaryIs>
      </Polygon>
    </Placemark>
    <Placemark>
      <name>gap_0260</name>
      <description>confidence: 0.5549</description>
      <styleUrl>#gapStyle</styleUrl>
      <Polygon>
        <outerBoundaryIs><LinearRing><coordinates>
          113.82878009008601,22.524547780968813,0
          113.82882939220929,22.524547780968813,0
          113.82882939220929,22.52456887476761,0
          113.82878009008601,22.52456887476761,0
          113.82878009008601,22.524547780968813,0
        </coordinates></LinearRing></outerBoundaryIs>
      </Polygon>
    </Placemark>
    <Placemark>
      <name>gap_0261</name>
      <description>confidence: 0.5549</description>
      <styleUrl>#gapStyle</styleUrl>
      <Polygon>
        <outerBoundaryIs><LinearRing><coordinates>
          113.81868657731688,22.60971874544557,0
          113.81872501836368,22.60971874544557,0
          113.81872501836368,22.60976175797027,0
          113.81868657731688,22.60976175797027,0
          113.81868657731688,22.60971874544557,0
        </coordinates></LinearRing></outerBoundaryIs>
      </Polygon>
    </Placemark>
    <Placemark>
      <name>gap_0262</name>
      <description>confidence: 0.5542</description>
      <styleUrl>#gapStyle</styleUrl>
      <Polygon>
        <outerBoundaryIs><LinearRing><coordinates>
          113.821842141743,22.606350908070567,0
          113.82186336769549,22.606350908070567,0
          113.82186336769549,22.606371391605016,0
          113.821842141743,22.606371391605016,0
          113.821842141743,22.606350908070567,0
        </coordinates></LinearRing></outerBoundaryIs>
      </Polygon>
    </Placemark>
    <Placemark>
      <name>gap_0263</name>
      <description>confidence: 0.5538</description>
      <styleUrl>#gapStyle</styleUrl>
      <Polygon>
        <outerBoundaryIs><LinearRing><coordinates>
          113.82795616738721,22.5766572524333,0
          113.82803738472735,22.5766572524333,0
          113.82803738472735,22.576676575028948,0
          113.82795616738721,22.576676575028948,0
          113.82795616738721,22.5766572524333,0
        </coordinates></LinearRing></outerBoundaryIs>
      </Polygon>
    </Placemark>
    <Placemark>
      <name>gap_0264</name>
      <description>confidence: 0.5527</description>
      <styleUrl>#gapStyle</styleUrl>
      <Polygon>
        <outerBoundaryIs><LinearRing><coordinates>
          113.82084447265936,22.607856731723047,0
          113.82087065431357,22.607856731723047,0
          113.82087065431357,22.607873593207017,0
          113.82084447265936,22.607873593207017,0
          113.82084447265936,22.607856731723047,0
        </coordinates></LinearRing></outerBoundaryIs>
      </Polygon>
    </Placemark>
    <Placemark>
      <name>gap_0265</name>
      <description>confidence: 0.5526</description>
      <styleUrl>#gapStyle</styleUrl>
      <Polygon>
        <outerBoundaryIs><LinearRing><coordinates>
          113.82078931038583,22.608511703549976,0
          113.82081190952518,22.608511703549976,0
          113.82081190952518,22.608530830268407,0
          113.82078931038583,22.608530830268407,0
          113.82078931038583,22.608511703549976,0
        </coordinates></LinearRing></outerBoundaryIs>
      </Polygon>
    </Placemark>
    <Placemark>
      <name>gap_0266</name>
      <description>confidence: 0.5522</description>
      <styleUrl>#gapStyle</styleUrl>
      <Polygon>
        <outerBoundaryIs><LinearRing><coordinates>
          113.8237938617051,22.54015592895319,0
          113.82387635114212,22.54015592895319,0
          113.82387635114212,22.540188455846398,0
          113.8237938617051,22.540188455846398,0
          113.8237938617051,22.54015592895319,0
        </coordinates></LinearRing></outerBoundaryIs>
      </Polygon>
    </Placemark>
    <Placemark>
      <name>gap_0267</name>
      <description>confidence: 0.5519</description>
      <styleUrl>#gapStyle</styleUrl>
      <Polygon>
        <outerBoundaryIs><LinearRing><coordinates>
          113.82086497326041,22.60815871674361,0
          113.82088891595538,22.60815871674361,0
          113.82088891595538,22.608173554463153,0
          113.82086497326041,22.608173554463153,0
          113.82086497326041,22.60815871674361,0
        </coordinates></LinearRing></outerBoundaryIs>
      </Polygon>
    </Placemark>
    <Placemark>
      <name>gap_0268</name>
      <description>confidence: 0.5518</description>
      <styleUrl>#gapStyle</styleUrl>
      <Polygon>
        <outerBoundaryIs><LinearRing><coordinates>
          113.83243606468685,22.564134663254507,0
          113.83249970374537,22.564134663254507,0
          113.83249970374537,22.564158648800177,0
          113.83243606468685,22.564158648800177,0
          113.83243606468685,22.564134663254507,0
        </coordinates></LinearRing></outerBoundaryIs>
      </Polygon>
    </Placemark>
    <Placemark>
      <name>gap_0269</name>
      <description>confidence: 0.5513</description>
      <styleUrl>#gapStyle</styleUrl>
      <Polygon>
        <outerBoundaryIs><LinearRing><coordinates>
          113.81595534498521,22.60686420099889,0
          113.81598833764956,22.60686420099889,0
          113.81598833764956,22.606900866135923,0
          113.81595534498521,22.606900866135923,0
          113.81595534498521,22.60686420099889,0
        </coordinates></LinearRing></outerBoundaryIs>
      </Polygon>
    </Placemark>
    <Placemark>
      <name>gap_0270</name>
      <description>confidence: 0.5507</description>
      <styleUrl>#gapStyle</styleUrl>
      <Polygon>
        <outerBoundaryIs><LinearRing><coordinates>
          113.82310544386408,22.59656801428762,0
          113.82315746698626,22.59656801428762,0
          113.82315746698626,22.59658562064525,0
          113.82310544386408,22.59658562064525,0
          113.82310544386408,22.59656801428762,0
        </coordinates></LinearRing></outerBoundaryIs>
      </Polygon>
    </Placemark>
    <Placemark>
      <name>gap_0271</name>
      <description>confidence: 0.5505</description>
      <styleUrl>#gapStyle</styleUrl>
      <Polygon>
        <outerBoundaryIs><LinearRing><coordinates>
          113.8126796635428,22.60246133212779,0
          113.8126954445507,22.60246133212779,0
          113.8126954445507,22.60248948638753,0
          113.8126796635428,22.60248948638753,0
          113.8126796635428,22.60246133212779,0
        </coordinates></LinearRing></outerBoundaryIs>
      </Polygon>
    </Placemark>
    <Placemark>
      <name>gap_0272</name>
      <description>confidence: 0.5492</description>
      <styleUrl>#gapStyle</styleUrl>
      <Polygon>
        <outerBoundaryIs><LinearRing><coordinates>
          113.81272192500361,22.60182782647509,0
          113.81273734622629,22.60182782647509,0
          113.81273734622629,22.601856713289425,0
          113.81272192500361,22.601856713289425,0
          113.81272192500361,22.60182782647509,0
        </coordinates></LinearRing></outerBoundaryIs>
      </Polygon>
    </Placemark>
    <Placemark>
      <name>gap_0273</name>
      <description>confidence: 0.5489</description>
      <styleUrl>#gapStyle</styleUrl>
      <Polygon>
        <outerBoundaryIs><LinearRing><coordinates>
          113.82578570801111,22.615322818776562,0
          113.82585509012738,22.615322818776562,0
          113.82585509012738,22.61537319711948,0
          113.82578570801111,22.61537319711948,0
          113.82578570801111,22.615322818776562,0
        </coordinates></LinearRing></outerBoundaryIs>
      </Polygon>
    </Placemark>
    <Placemark>
      <name>gap_0274</name>
      <description>confidence: 0.5488</description>
      <styleUrl>#gapStyle</styleUrl>
      <Polygon>
        <outerBoundaryIs><LinearRing><coordinates>
          113.82144155720299,22.54564866913933,0
          113.82151802822456,22.54564866913933,0
          113.82151802822456,22.545672707112644,0
          113.82144155720299,22.545672707112644,0
          113.82144155720299,22.54564866913933,0
        </coordinates></LinearRing></outerBoundaryIs>
      </Polygon>
    </Placemark>
    <Placemark>
      <name>gap_0275</name>
      <description>confidence: 0.5477</description>
      <styleUrl>#gapStyle</styleUrl>
      <Polygon>
        <outerBoundaryIs><LinearRing><coordinates>
          113.82950258622428,22.5712982453902,0
          113.82955749405386,22.5712982453902,0
          113.82955749405386,22.571318873029053,0
          113.82950258622428,22.571318873029053,0
          113.82950258622428,22.5712982453902,0
        </coordinates></LinearRing></outerBoundaryIs>
      </Polygon>
    </Placemark>
    <Placemark>
      <name>gap_0276</name>
      <description>confidence: 0.5477</description>
      <styleUrl>#gapStyle</styleUrl>
      <Polygon>
        <outerBoundaryIs><LinearRing><coordinates>
          113.82240973313696,22.548618163798462,0
          113.8224528851413,22.548618163798462,0
          113.8224528851413,22.54864774412291,0
          113.82240973313696,22.54864774412291,0
          113.82240973313696,22.548618163798462,0
        </coordinates></LinearRing></outerBoundaryIs>
      </Polygon>
    </Placemark>
    <Placemark>
      <name>gap_0277</name>
      <description>confidence: 0.5463</description>
      <styleUrl>#gapStyle</styleUrl>
      <Polygon>
        <outerBoundaryIs><LinearRing><coordinates>
          113.8235228867776,22.5797342906107,0
          113.82358148942609,22.5797342906107,0
          113.82358148942609,22.579758554501737,0
          113.8235228867776,22.579758554501737,0
          113.8235228867776,22.5797342906107,0
        </coordinates></LinearRing></outerBoundaryIs>
      </Polygon>
    </Placemark>
    <Placemark>
      <name>gap_0278</name>
      <description>confidence: 0.5460</description>
      <styleUrl>#gapStyle</styleUrl>
      <Polygon>
        <outerBoundaryIs><LinearRing><coordinates>
          113.83100874981744,22.602818338673494,0
          113.8311487417,22.602818338673494,0
          113.8311487417,22.602909756485392,0
          113.83100874981744,22.602909756485392,0
          113.83100874981744,22.602818338673494,0
        </coordinates></LinearRing></outerBoundaryIs>
      </Polygon>
    </Placemark>
    <Placemark>
      <name>gap_0279</name>
      <description>confidence: 0.5454</description>
      <styleUrl>#gapStyle</styleUrl>
      <Polygon>
        <outerBoundaryIs><LinearRing><coordinates>
          113.82388134899878,22.547894356181207,0
          113.82396391539926,22.547894356181207,0
          113.82396391539926,22.547922433109147,0
          113.82388134899878,22.547922433109147,0
          113.82388134899878,22.547894356181207,0
        </coordinates></LinearRing></outerBoundaryIs>
      </Polygon>
    </Placemark>
    <Placemark>
      <name>gap_0280</name>
      <description>confidence: 0.5447</description>
      <styleUrl>#gapStyle</styleUrl>
      <Polygon>
        <outerBoundaryIs><LinearRing><coordinates>
          113.83083207847336,22.609776804499997,0
          113.83089291128177,22.609776804499997,0
          113.83089291128177,22.60979642643663,0
          113.83083207847336,22.60979642643663,0
          113.83083207847336,22.609776804499997,0
        </coordinates></LinearRing></outerBoundaryIs>
      </Polygon>
    </Placemark>
    <Placemark>
      <name>gap_0281</name>
      <description>confidence: 0.5446</description>
      <styleUrl>#gapStyle</styleUrl>
      <Polygon>
        <outerBoundaryIs><LinearRing><coordinates>
          113.82792229890288,22.583149335163313,0
          113.82796364945892,22.583149335163313,0
          113.82796364945892,22.5831693805,0
          113.82792229890288,22.5831693805,0
          113.82792229890288,22.583149335163313,0
        </coordinates></LinearRing></outerBoundaryIs>
      </Polygon>
    </Placemark>
    <Placemark>
      <name>gap_0282</name>
      <description>confidence: 0.5440</description>
      <styleUrl>#gapStyle</styleUrl>
      <Polygon>
        <outerBoundaryIs><LinearRing><coordinates>
          113.83218311549722,22.537912380476325,0
          113.83227425087104,22.537912380476325,0
          113.83227425087104,22.537941980773212,0
          113.83218311549722,22.537941980773212,0
          113.83218311549722,22.537912380476325,0
        </coordinates></LinearRing></outerBoundaryIs>
      </Polygon>
    </Placemark>
    <Placemark>
      <name>gap_0283</name>
      <description>confidence: 0.5436</description>
      <styleUrl>#gapStyle</styleUrl>
      <Polygon>
        <outerBoundaryIs><LinearRing><coordinates>
          113.82294503163855,22.587889852611927,0
          113.82302657173,22.587889852611927,0
          113.82302657173,22.58794388378252,0
          113.82294503163855,22.58794388378252,0
          113.82294503163855,22.587889852611927,0
        </coordinates></LinearRing></outerBoundaryIs>
      </Polygon>
    </Placemark>
    <Placemark>
      <name>gap_0284</name>
      <description>confidence: 0.5436</description>
      <styleUrl>#gapStyle</styleUrl>
      <Polygon>
        <outerBoundaryIs><LinearRing><coordinates>
          113.82533855896315,22.545709577601524,0
          113.8253942326211,22.545709577601524,0
          113.8253942326211,22.54573200280059,0
          113.82533855896315,22.54573200280059,0
          113.82533855896315,22.545709577601524,0
        </coordinates></LinearRing></outerBoundaryIs>
      </Polygon>
    </Placemark>
    <Placemark>
      <name>gap_0285</name>
      <description>confidence: 0.5427</description>
      <styleUrl>#gapStyle</styleUrl>
      <Polygon>
        <outerBoundaryIs><LinearRing><coordinates>
          113.81972759758696,22.60836210801545,0
          113.81975752228246,22.60836210801545,0
          113.81975752228246,22.608378908231515,0
          113.81972759758696,22.608378908231515,0
          113.81972759758696,22.60836210801545,0
        </coordinates></LinearRing></outerBoundaryIs>
      </Polygon>
    </Placemark>
    <Placemark>
      <name>gap_0286</name>
      <description>confidence: 0.5423</description>
      <styleUrl>#gapStyle</styleUrl>
      <Polygon>
        <outerBoundaryIs><LinearRing><coordinates>
          113.8293909300314,22.538934332686765,0
          113.82946169736711,22.538934332686765,0
          113.82946169736711,22.53895775470686,0
          113.8293909300314,22.53895775470686,0
          113.8293909300314,22.538934332686765,0
        </coordinates></LinearRing></outerBoundaryIs>
      </Polygon>
    </Placemark>
    <Placemark>
      <name>gap_0287</name>
      <description>confidence: 0.5415</description>
      <styleUrl>#gapStyle</styleUrl>
      <Polygon>
        <outerBoundaryIs><LinearRing><coordinates>
          113.83048608040316,22.598890645724417,0
          113.83057623770055,22.598890645724417,0
          113.83057623770055,22.598940460582693,0
          113.83048608040316,22.598940460582693,0
          113.83048608040316,22.598890645724417,0
        </coordinates></LinearRing></outerBoundaryIs>
      </Polygon>
    </Placemark>
    <Placemark>
      <name>gap_0288</name>
      <description>confidence: 0.5412</description>
      <styleUrl>#gapStyle</styleUrl>
      <Polygon>
        <outerBoundaryIs><LinearRing><coordinates>
          113.82947471676616,22.604277379123943,0
          113.82952243444697,22.604277379123943,0
          113.82952243444697,22.604320147150005,0
          113.82947471676616,22.604320147150005,0
          113.82947471676616,22.604277379123943,0
        </coordinates></LinearRing></outerBoundaryIs>
      </Polygon>
    </Placemark>
    <Placemark>
      <name>gap_0289</name>
      <description>confidence: 0.5410</description>
      <styleUrl>#gapStyle</styleUrl>
      <Polygon>
        <outerBoundaryIs><LinearRing><coordinates>
          113.82494646000747,22.54836821546742,0
          113.8250038002179,22.54836821546742,0
          113.8250038002179,22.54839029818831,0
          113.82494646000747,22.54839029818831,0
          113.82494646000747,22.54836821546742,0
        </coordinates></LinearRing></outerBoundaryIs>
      </Polygon>
    </Placemark>
    <Placemark>
      <name>gap_0290</name>
      <description>confidence: 0.5410</description>
      <styleUrl>#gapStyle</styleUrl>
      <Polygon>
        <outerBoundaryIs><LinearRing><coordinates>
          113.81868163872268,22.609307997424242,0
          113.8187025570669,22.609307997424242,0
          113.8187025570669,22.609347179387562,0
          113.81868163872268,22.609347179387562,0
          113.81868163872268,22.609307997424242,0
        </coordinates></LinearRing></outerBoundaryIs>
      </Polygon>
    </Placemark>
    <Placemark>
      <name>gap_0291</name>
      <description>confidence: 0.5405</description>
      <styleUrl>#gapStyle</styleUrl>
      <Polygon>
        <outerBoundaryIs><LinearRing><coordinates>
          113.8290181860038,22.605750108878837,0
          113.82905667477162,22.605750108878837,0
          113.82905667477162,22.60577566602607,0
          113.8290181860038,22.60577566602607,0
          113.8290181860038,22.605750108878837,0
        </coordinates></LinearRing></outerBoundaryIs>
      </Polygon>
    </Placemark>
    <Placemark>
      <name>gap_0292</name>
      <description>confidence: 0.5404</description>
      <styleUrl>#gapStyle</styleUrl>
      <Polygon>
        <outerBoundaryIs><LinearRing><coordinates>
          113.82354199205022,22.545771375297576,0
          113.82360359097346,22.545771375297576,0
          113.82360359097346,22.545787675629754,0
          113.82354199205022,22.545787675629754,0
          113.82354199205022,22.545771375297576,0
        </coordinates></LinearRing></outerBoundaryIs>
      </Polygon>
    </Placemark>
    <Placemark>
      <name>gap_0293</name>
      <description>confidence: 0.5401</description>
      <styleUrl>#gapStyle</styleUrl>
      <Polygon>
        <outerBoundaryIs><LinearRing><coordinates>
          113.82872766780159,22.608362138731255,0
          113.82875824805754,22.608362138731255,0
          113.82875824805754,22.608387802084373,0
          113.82872766780159,22.608387802084373,0
          113.82872766780159,22.608362138731255,0
        </coordinates></LinearRing></outerBoundaryIs>
      </Polygon>
    </Placemark>
    <Placemark>
      <name>gap_0294</name>
      <description>confidence: 0.5394</description>
      <styleUrl>#gapStyle</styleUrl>
      <Polygon>
        <outerBoundaryIs><LinearRing><coordinates>
          113.8206370481013,22.608282447154295,0
          113.8206579736896,22.608282447154295,0
          113.8206579736896,22.608296937975535,0
          113.8206370481013,22.608296937975535,0
          113.8206370481013,22.608282447154295,0
        </coordinates></LinearRing></outerBoundaryIs>
      </Polygon>
    </Placemark>
    <Placemark>
      <name>gap_0295</name>
      <description>confidence: 0.5387</description>
      <styleUrl>#gapStyle</styleUrl>
      <Polygon>
        <outerBoundaryIs><LinearRing><coordinates>
          113.83156017786231,22.599075103494773,0
          113.8316609816962,22.599075103494773,0
          113.8316609816962,22.59915732983177,0
          113.83156017786231,22.59915732983177,0
          113.83156017786231,22.599075103494773,0
        </coordinates></LinearRing></outerBoundaryIs>
      </Polygon>
    </Placemark>
    <Placemark>
      <name>gap_0296</name>
      <description>confidence: 0.5386</description>
      <styleUrl>#gapStyle</styleUrl>
      <Polygon>
        <outerBoundaryIs><LinearRing><coordinates>
          113.82466322458235,22.546165265326525,0
          113.82471083003077,22.546165265326525,0
          113.82471083003077,22.546184450918627,0
          113.82466322458235,22.546184450918627,0
          113.82466322458235,22.546165265326525,0
        </coordinates></LinearRing></outerBoundaryIs>
      </Polygon>
    </Placemark>
    <Placemark>
      <name>gap_0297</name>
      <description>confidence: 0.5385</description>
      <styleUrl>#gapStyle</styleUrl>
      <Polygon>
        <outerBoundaryIs><LinearRing><coordinates>
          113.81326842545344,22.60214882889774,0
          113.81335427005516,22.60214882889774,0
          113.81335427005516,22.60224538257258,0
          113.81326842545344,22.60224538257258,0
          113.81326842545344,22.60214882889774,0
        </coordinates></LinearRing></outerBoundaryIs>
      </Polygon>
    </Placemark>
    <Placemark>
      <name>gap_0298</name>
      <description>confidence: 0.5373</description>
      <styleUrl>#gapStyle</styleUrl>
      <Polygon>
        <outerBoundaryIs><LinearRing><coordinates>
          113.82246692838352,22.606652968581212,0
          113.82249179631798,22.606652968581212,0
          113.82249179631798,22.606671428924212,0
          113.82246692838352,22.606671428924212,0
          113.82246692838352,22.606652968581212,0
        </coordinates></LinearRing></outerBoundaryIs>
      </Polygon>
    </Placemark>
    <Placemark>
      <name>gap_0299</name>
      <description>confidence: 0.5370</description>
      <styleUrl>#gapStyle</styleUrl>
      <Polygon>
        <outerBoundaryIs><LinearRing><coordinates>
          113.83188381564386,22.605145200317363,0
          113.83192689271064,22.605145200317363,0
          113.83192689271064,22.605201501961087,0
          113.83188381564386,22.605201501961087,0
          113.83188381564386,22.605145200317363,0
        </coordinates></LinearRing></outerBoundaryIs>
      </Polygon>
    </Placemark>
    <Placemark>
      <name>gap_0300</name>
      <description>confidence: 0.5369</description>
      <styleUrl>#gapStyle</styleUrl>
      <Polygon>
        <outerBoundaryIs><LinearRing><coordinates>
          113.83003903899353,22.609728692169156,0
          113.8300731844931,22.609728692169156,0
          113.8300731844931,22.609750479887335,0
          113.83003903899353,22.609750479887335,0
          113.83003903899353,22.609728692169156,0
        </coordinates></LinearRing></outerBoundaryIs>
      </Polygon>
    </Placemark>
    <Placemark>
      <name>gap_0301</name>
      <description>confidence: 0.5363</description>
      <styleUrl>#gapStyle</styleUrl>
      <Polygon>
        <outerBoundaryIs><LinearRing><coordinates>
          113.83021967683078,22.596111440214127,0
          113.83025261367052,22.596111440214127,0
          113.83025261367052,22.596167762075854,0
          113.83021967683078,22.596167762075854,0
          113.83021967683078,22.596111440214127,0
        </coordinates></LinearRing></outerBoundaryIs>
      </Polygon>
    </Placemark>
    <Placemark>
      <name>gap_0302</name>
      <description>confidence: 0.5362</description>
      <styleUrl>#gapStyle</styleUrl>
      <Polygon>
        <outerBoundaryIs><LinearRing><coordinates>
          113.8313573800747,22.601778009304432,0
          113.83143538479932,22.601778009304432,0
          113.83143538479932,22.60186192938999,0
          113.8313573800747,22.60186192938999,0
          113.8313573800747,22.601778009304432,0
        </coordinates></LinearRing></outerBoundaryIs>
      </Polygon>
    </Placemark>
    <Placemark>
      <name>gap_0303</name>
      <description>confidence: 0.5360</description>
      <styleUrl>#gapStyle</styleUrl>
      <Polygon>
        <outerBoundaryIs><LinearRing><coordinates>
          113.8294321337,22.61015053638048,0
          113.82950816805473,22.61015053638048,0
          113.82950816805473,22.610205483643355,0
          113.8294321337,22.610205483643355,0
          113.8294321337,22.61015053638048,0
        </coordinates></LinearRing></outerBoundaryIs>
      </Polygon>
    </Placemark>
    <Placemark>
      <name>gap_0304</name>
      <description>confidence: 0.5355</description>
      <styleUrl>#gapStyle</styleUrl>
      <Polygon>
        <outerBoundaryIs><LinearRing><coordinates>
          113.81051600128207,22.590440384950842,0
          113.81054731446095,22.590440384950842,0
          113.81054731446095,22.590462448476913,0
          113.81051600128207,22.590462448476913,0
          113.81051600128207,22.590440384950842,0
        </coordinates></LinearRing></outerBoundaryIs>
      </Polygon>
    </Placemark>
    <Placemark>
      <name>gap_0305</name>
      <description>confidence: 0.5350</description>
      <styleUrl>#gapStyle</styleUrl>
      <Polygon>
        <outerBoundaryIs><LinearRing><coordinates>
          113.81776027199992,22.60384627612794,0
          113.8177848585604,22.60384627612794,0
          113.8177848585604,22.603865080013218,0
          113.81776027199992,22.603865080013218,0
          113.81776027199992,22.60384627612794,0
        </coordinates></LinearRing></outerBoundaryIs>
      </Polygon>
    </Placemark>
    <Placemark>
      <name>gap_0306</name>
      <description>confidence: 0.5343</description>
      <styleUrl>#gapStyle</styleUrl>
      <Polygon>
        <outerBoundaryIs><LinearRing><coordinates>
          113.83074364460691,22.539760564713887,0
          113.83085142533879,22.539760564713887,0
          113.83085142533879,22.5397803500316,0
          113.83074364460691,22.5397803500316,0
          113.83074364460691,22.539760564713887,0
        </coordinates></LinearRing></outerBoundaryIs>
      </Polygon>
    </Placemark>
    <Placemark>
      <name>gap_0307</name>
      <description>confidence: 0.5340</description>
      <styleUrl>#gapStyle</styleUrl>
      <Polygon>
        <outerBoundaryIs><LinearRing><coordinates>
          113.82290730245768,22.605901084516912,0
          113.8229383471751,22.605901084516912,0
          113.8229383471751,22.60592824424754,0
          113.82290730245768,22.60592824424754,0
          113.82290730245768,22.605901084516912,0
        </coordinates></LinearRing></outerBoundaryIs>
      </Polygon>
    </Placemark>
    <Placemark>
      <name>gap_0308</name>
      <description>confidence: 0.5338</description>
      <styleUrl>#gapStyle</styleUrl>
      <Polygon>
        <outerBoundaryIs><LinearRing><coordinates>
          113.82012396664342,22.60506397659259,0
          113.82014296581248,22.60506397659259,0
          113.82014296581248,22.605079785267222,0
          113.82012396664342,22.605079785267222,0
          113.82012396664342,22.60506397659259,0
        </coordinates></LinearRing></outerBoundaryIs>
      </Polygon>
    </Placemark>
    <Placemark>
      <name>gap_0309</name>
      <description>confidence: 0.5332</description>
      <styleUrl>#gapStyle</styleUrl>
      <Polygon>
        <outerBoundaryIs><LinearRing><coordinates>
          113.83064969664952,22.56036782808409,0
          113.83071885497627,22.56036782808409,0
          113.83071885497627,22.560419311950483,0
          113.83064969664952,22.560419311950483,0
          113.83064969664952,22.56036782808409,0
        </coordinates></LinearRing></outerBoundaryIs>
      </Polygon>
    </Placemark>
    <Placemark>
      <name>gap_0310</name>
      <description>confidence: 0.5331</description>
      <styleUrl>#gapStyle</styleUrl>
      <Polygon>
        <outerBoundaryIs><LinearRing><coordinates>
          113.8307217736532,22.59617350873519,0
          113.830769274983,22.59617350873519,0
          113.830769274983,22.596207352520008,0
          113.8307217736532,22.596207352520008,0
          113.8307217736532,22.59617350873519,0
        </coordinates></LinearRing></outerBoundaryIs>
      </Polygon>
    </Placemark>
    <Placemark>
      <name>gap_0311</name>
      <description>confidence: 0.5329</description>
      <styleUrl>#gapStyle</styleUrl>
      <Polygon>
        <outerBoundaryIs><LinearRing><coordinates>
          113.82085146984697,22.608108206922303,0
          113.8208725474642,22.608108206922303,0
          113.8208725474642,22.60813973406819,0
          113.82085146984697,22.60813973406819,0
          113.82085146984697,22.608108206922303,0
        </coordinates></LinearRing></outerBoundaryIs>
      </Polygon>
    </Placemark>
    <Placemark>
      <name>gap_0312</name>
      <description>confidence: 0.5325</description>
      <styleUrl>#gapStyle</styleUrl>
      <Polygon>
        <outerBoundaryIs><LinearRing><coordinates>
          113.8257765360789,22.54570502464315,0
          113.8258545336822,22.54570502464315,0
          113.8258545336822,22.545725826999895,0
          113.8257765360789,22.545725826999895,0
          113.8257765360789,22.54570502464315,0
        </coordinates></LinearRing></outerBoundaryIs>
      </Polygon>
    </Placemark>
    <Placemark>
      <name>gap_0313</name>
      <description>confidence: 0.5321</description>
      <styleUrl>#gapStyle</styleUrl>
      <Polygon>
        <outerBoundaryIs><LinearRing><coordinates>
          113.82534405166969,22.577081088828663,0
          113.82540572008719,22.577081088828663,0
          113.82540572008719,22.577100063707466,0
          113.82534405166969,22.577100063707466,0
          113.82534405166969,22.577081088828663,0
        </coordinates></LinearRing></outerBoundaryIs>
      </Polygon>
    </Placemark>
    <Placemark>
      <name>gap_0314</name>
      <description>confidence: 0.5309</description>
      <styleUrl>#gapStyle</styleUrl>
      <Polygon>
        <outerBoundaryIs><LinearRing><coordinates>
          113.81781596898631,22.60387187784481,0
          113.8178370813251,22.60387187784481,0
          113.8178370813251,22.603891582781653,0
          113.81781596898631,22.603891582781653,0
          113.81781596898631,22.60387187784481,0
        </coordinates></LinearRing></outerBoundaryIs>
      </Polygon>
    </Placemark>
    <Placemark>
      <name>gap_0315</name>
      <description>confidence: 0.5307</description>
      <styleUrl>#gapStyle</styleUrl>
      <Polygon>
        <outerBoundaryIs><LinearRing><coordinates>
          113.81802406147504,22.60397169799527,0
          113.81804740450579,22.60397169799527,0
          113.81804740450579,22.60398969586177,0
          113.81802406147504,22.60398969586177,0
          113.81802406147504,22.60397169799527,0
        </coordinates></LinearRing></outerBoundaryIs>
      </Polygon>
    </Placemark>
    <Placemark>
      <name>gap_0316</name>
      <description>confidence: 0.5296</description>
      <styleUrl>#gapStyle</styleUrl>
      <Polygon>
        <outerBoundaryIs><LinearRing><coordinates>
          113.83074429208425,22.60789095572084,0
          113.83078569265324,22.60789095572084,0
          113.83078569265324,22.60792132986779,0
          113.83074429208425,22.60792132986779,0
          113.83074429208425,22.60789095572084,0
        </coordinates></LinearRing></outerBoundaryIs>
      </Polygon>
    </Placemark>
    <Placemark>
      <name>gap_0317</name>
      <description>confidence: 0.5289</description>
      <styleUrl>#gapStyle</styleUrl>
      <Polygon>
        <outerBoundaryIs><LinearRing><coordinates>
          113.83158067921029,22.60634933638715,0
          113.83160438368382,22.60634933638715,0
          113.83160438368382,22.606394768768986,0
          113.83158067921029,22.606394768768986,0
          113.83158067921029,22.60634933638715,0
        </coordinates></LinearRing></outerBoundaryIs>
      </Polygon>
    </Placemark>
    <Placemark>
      <name>gap_0318</name>
      <description>confidence: 0.5280</description>
      <styleUrl>#gapStyle</styleUrl>
      <Polygon>
        <outerBoundaryIs><LinearRing><coordinates>
          113.82360163432952,22.596907546035936,0
          113.82368402095759,22.596907546035936,0
          113.82368402095759,22.596923701608873,0
          113.82360163432952,22.596923701608873,0
          113.82360163432952,22.596907546035936,0
        </coordinates></LinearRing></outerBoundaryIs>
      </Polygon>
    </Placemark>
    <Placemark>
      <name>gap_0319</name>
      <description>confidence: 0.5280</description>
      <styleUrl>#gapStyle</styleUrl>
      <Polygon>
        <outerBoundaryIs><LinearRing><coordinates>
          113.82380758305548,22.5472466710706,0
          113.82385084891908,22.5472466710706,0
          113.82385084891908,22.54727829848794,0
          113.82380758305548,22.54727829848794,0
          113.82380758305548,22.5472466710706,0
        </coordinates></LinearRing></outerBoundaryIs>
      </Polygon>
    </Placemark>
    <Placemark>
      <name>gap_0320</name>
      <description>confidence: 0.5275</description>
      <styleUrl>#gapStyle</styleUrl>
      <Polygon>
        <outerBoundaryIs><LinearRing><coordinates>
          113.8178165930431,22.547062107953824,0
          113.81796003049838,22.547062107953824,0
          113.81796003049838,22.547165251755096,0
          113.8178165930431,22.547165251755096,0
          113.8178165930431,22.547062107953824,0
        </coordinates></LinearRing></outerBoundaryIs>
      </Polygon>
    </Placemark>
    <Placemark>
      <name>gap_0321</name>
      <description>confidence: 0.5271</description>
      <styleUrl>#gapStyle</styleUrl>
      <Polygon>
        <outerBoundaryIs><LinearRing><coordinates>
          113.82707819117161,22.540695645670823,0
          113.82716498466868,22.540695645670823,0
          113.82716498466868,22.540714297798328,0
          113.82707819117161,22.540714297798328,0
          113.82707819117161,22.540695645670823,0
        </coordinates></LinearRing></outerBoundaryIs>
      </Polygon>
    </Placemark>
    <Placemark>
      <name>gap_0322</name>
      <description>confidence: 0.5270</description>
      <styleUrl>#gapStyle</styleUrl>
      <Polygon>
        <outerBoundaryIs><LinearRing><coordinates>
          113.82776451923276,22.537783862676694,0
          113.82785101396183,22.537783862676694,0
          113.82785101396183,22.53781810820216,0
          113.82776451923276,22.53781810820216,0
          113.82776451923276,22.537783862676694,0
        </coordinates></LinearRing></outerBoundaryIs>
      </Polygon>
    </Placemark>
    <Placemark>
      <name>gap_0323</name>
      <description>confidence: 0.5257</description>
      <styleUrl>#gapStyle</styleUrl>
      <Polygon>
        <outerBoundaryIs><LinearRing><coordinates>
          113.83234365705245,22.612168089202378,0
          113.83243435090445,22.612168089202378,0
          113.83243435090445,22.612272151858516,0
          113.83234365705245,22.612272151858516,0
          113.83234365705245,22.612168089202378,0
        </coordinates></LinearRing></outerBoundaryIs>
      </Polygon>
    </Placemark>
    <Placemark>
      <name>gap_0324</name>
      <description>confidence: 0.5252</description>
      <styleUrl>#gapStyle</styleUrl>
      <Polygon>
        <outerBoundaryIs><LinearRing><coordinates>
          113.8294321337,22.610150173402936,0
          113.82951607893015,22.610150173402936,0
          113.82951607893015,22.610271571110797,0
          113.8294321337,22.610271571110797,0
          113.8294321337,22.610150173402936,0
        </coordinates></LinearRing></outerBoundaryIs>
      </Polygon>
    </Placemark>
    <Placemark>
      <name>gap_0325</name>
      <description>confidence: 0.5246</description>
      <styleUrl>#gapStyle</styleUrl>
      <Polygon>
        <outerBoundaryIs><LinearRing><coordinates>
          113.8261242879173,22.61369062166019,0
          113.82616106683174,22.61369062166019,0
          113.82616106683174,22.61373281684976,0
          113.8261242879173,22.61373281684976,0
          113.8261242879173,22.61369062166019,0
        </coordinates></LinearRing></outerBoundaryIs>
      </Polygon>
    </Placemark>
    <Placemark>
      <name>gap_0326</name>
      <description>confidence: 0.5238</description>
      <styleUrl>#gapStyle</styleUrl>
      <Polygon>
        <outerBoundaryIs><LinearRing><coordinates>
          113.82413712097309,22.61381675467723,0
          113.82420820917746,22.61381675467723,0
          113.82420820917746,22.613875363382935,0
          113.82413712097309,22.613875363382935,0
          113.82413712097309,22.61381675467723,0
        </coordinates></LinearRing></outerBoundaryIs>
      </Polygon>
    </Placemark>
    <Placemark>
      <name>gap_0327</name>
      <description>confidence: 0.5237</description>
      <styleUrl>#gapStyle</styleUrl>
      <Polygon>
        <outerBoundaryIs><LinearRing><coordinates>
          113.83198900715195,22.52580622256417,0
          113.8320873344037,22.52580622256417,0
          113.8320873344037,22.525834451474985,0
          113.83198900715195,22.525834451474985,0
          113.83198900715195,22.52580622256417,0
        </coordinates></LinearRing></outerBoundaryIs>
      </Polygon>
    </Placemark>
    <Placemark>
      <name>gap_0328</name>
      <description>confidence: 0.5236</description>
      <styleUrl>#gapStyle</styleUrl>
      <Polygon>
        <outerBoundaryIs><LinearRing><coordinates>
          113.82118968464229,22.54310411298162,0
          113.82127815287728,22.54310411298162,0
          113.82127815287728,22.543123668902805,0
          113.82118968464229,22.543123668902805,0
          113.82118968464229,22.54310411298162,0
        </coordinates></LinearRing></outerBoundaryIs>
      </Polygon>
    </Placemark>
    <Placemark>
      <name>gap_0329</name>
      <description>confidence: 0.5229</description>
      <styleUrl>#gapStyle</styleUrl>
      <Polygon>
        <outerBoundaryIs><LinearRing><coordinates>
          113.82789703307492,22.536218006361548,0
          113.82802539919862,22.536218006361548,0
          113.82802539919862,22.536250746034874,0
          113.82789703307492,22.536250746034874,0
          113.82789703307492,22.536218006361548,0
        </coordinates></LinearRing></outerBoundaryIs>
      </Polygon>
    </Placemark>
    <Placemark>
      <name>gap_0330</name>
      <description>confidence: 0.5222</description>
      <styleUrl>#gapStyle</styleUrl>
      <Polygon>
        <outerBoundaryIs><LinearRing><coordinates>
          113.8298612857,22.60556787101615,0
          113.82993417281517,22.60556787101615,0
          113.82993417281517,22.605654309756922,0
          113.8298612857,22.605654309756922,0
          113.8298612857,22.60556787101615,0
        </coordinates></LinearRing></outerBoundaryIs>
      </Polygon>
    </Placemark>
    <Placemark>
      <name>gap_0331</name>
      <description>confidence: 0.5222</description>
      <styleUrl>#gapStyle</styleUrl>
      <Polygon>
        <outerBoundaryIs><LinearRing><coordinates>
          113.8098455817475,22.595044347043437,0
          113.80988417881873,22.595044347043437,0
          113.80988417881873,22.595062606372867,0
          113.8098455817475,22.595062606372867,0
          113.8098455817475,22.595044347043437,0
        </coordinates></LinearRing></outerBoundaryIs>
      </Polygon>
    </Placemark>
    <Placemark>
      <name>gap_0332</name>
      <description>confidence: 0.5218</description>
      <styleUrl>#gapStyle</styleUrl>
      <Polygon>
        <outerBoundaryIs><LinearRing><coordinates>
          113.81072250964552,22.615948089707732,0
          113.81078151870035,22.615948089707732,0
          113.81078151870035,22.61600954464935,0
          113.81072250964552,22.61600954464935,0
          113.81072250964552,22.615948089707732,0
        </coordinates></LinearRing></outerBoundaryIs>
      </Polygon>
    </Placemark>
    <Placemark>
      <name>gap_0333</name>
      <description>confidence: 0.5218</description>
      <styleUrl>#gapStyle</styleUrl>
      <Polygon>
        <outerBoundaryIs><LinearRing><coordinates>
          113.81994142004697,22.60408364829046,0
          113.81999640580182,22.60408364829046,0
          113.81999640580182,22.604125869857562,0
          113.81994142004697,22.604125869857562,0
          113.81994142004697,22.60408364829046,0
        </coordinates></LinearRing></outerBoundaryIs>
      </Polygon>
    </Placemark>
    <Placemark>
      <name>gap_0334</name>
      <description>confidence: 0.5216</description>
      <styleUrl>#gapStyle</styleUrl>
      <Polygon>
        <outerBoundaryIs><LinearRing><coordinates>
          113.8275933526687,22.604447063798688,0
          113.82761386698034,22.604447063798688,0
          113.82761386698034,22.604475958327782,0
          113.8275933526687,22.604475958327782,0
          113.8275933526687,22.604447063798688,0
        </coordinates></LinearRing></outerBoundaryIs>
      </Polygon>
    </Placemark>
    <Placemark>
      <name>gap_0335</name>
      <description>confidence: 0.5211</description>
      <styleUrl>#gapStyle</styleUrl>
      <Polygon>
        <outerBoundaryIs><LinearRing><coordinates>
          113.83019239804314,22.53829996852625,0
          113.83024211737751,22.53829996852625,0
          113.83024211737751,22.538318880459137,0
          113.83019239804314,22.538318880459137,0
          113.83019239804314,22.53829996852625,0
        </coordinates></LinearRing></outerBoundaryIs>
      </Polygon>
    </Placemark>
    <Placemark>
      <name>gap_0336</name>
      <description>confidence: 0.5205</description>
      <styleUrl>#gapStyle</styleUrl>
      <Polygon>
        <outerBoundaryIs><LinearRing><coordinates>
          113.82894023898642,22.538560551115637,0
          113.82899836278756,22.538560551115637,0
          113.82899836278756,22.53857617037954,0
          113.82894023898642,22.53857617037954,0
          113.82894023898642,22.538560551115637,0
        </coordinates></LinearRing></outerBoundaryIs>
      </Polygon>
    </Placemark>
    <Placemark>
      <name>gap_0337</name>
      <description>confidence: 0.5204</description>
      <styleUrl>#gapStyle</styleUrl>
      <Polygon>
        <outerBoundaryIs><LinearRing><coordinates>
          113.8317516702686,22.525935819120935,0
          113.83184224682347,22.525935819120935,0
          113.83184224682347,22.52597458160937,0
          113.8317516702686,22.52597458160937,0
          113.8317516702686,22.525935819120935,0
        </coordinates></LinearRing></outerBoundaryIs>
      </Polygon>
    </Placemark>
    <Placemark>
      <name>gap_0338</name>
      <description>confidence: 0.5196</description>
      <styleUrl>#gapStyle</styleUrl>
      <Polygon>
        <outerBoundaryIs><LinearRing><coordinates>
          113.82832400505073,22.53828739882421,0
          113.82839564241524,22.53828739882421,0
          113.82839564241524,22.538313106951605,0
          113.82832400505073,22.538313106951605,0
          113.82832400505073,22.53828739882421,0
        </coordinates></LinearRing></outerBoundaryIs>
      </Polygon>
    </Placemark>
    <Placemark>
      <name>gap_0339</name>
      <description>confidence: 0.5194</description>
      <styleUrl>#gapStyle</styleUrl>
      <Polygon>
        <outerBoundaryIs><LinearRing><coordinates>
          113.82088875372027,22.612829834079523,0
          113.82095859291066,22.612829834079523,0
          113.82095859291066,22.61287697582362,0
          113.82088875372027,22.61287697582362,0
          113.82088875372027,22.612829834079523,0
        </coordinates></LinearRing></outerBoundaryIs>
      </Polygon>
    </Placemark>
    <Placemark>
      <name>gap_0340</name>
      <description>confidence: 0.5192</description>
      <styleUrl>#gapStyle</styleUrl>
      <Polygon>
        <outerBoundaryIs><LinearRing><coordinates>
          113.8281602568144,22.599264423693956,0
          113.82822832361475,22.599264423693956,0
          113.82822832361475,22.599325079042355,0
          113.8281602568144,22.599325079042355,0
          113.8281602568144,22.599264423693956,0
        </coordinates></LinearRing></outerBoundaryIs>
      </Polygon>
    </Placemark>
    <Placemark>
      <name>gap_0341</name>
      <description>confidence: 0.5187</description>
      <styleUrl>#gapStyle</styleUrl>
      <Polygon>
        <outerBoundaryIs><LinearRing><coordinates>
          113.83208766397959,22.597713823230315,0
          113.83211053373931,22.597713823230315,0
          113.83211053373931,22.597738760290692,0
          113.83208766397959,22.597738760290692,0
          113.83208766397959,22.597713823230315,0
        </coordinates></LinearRing></outerBoundaryIs>
      </Polygon>
    </Placemark>
    <Placemark>
      <name>gap_0342</name>
      <description>confidence: 0.5183</description>
      <styleUrl>#gapStyle</styleUrl>
      <Polygon>
        <outerBoundaryIs><LinearRing><coordinates>
          113.82481309610894,22.545496391916394,0
          113.82489028728419,22.545496391916394,0
          113.82489028728419,22.545522673678356,0
          113.82481309610894,22.545522673678356,0
          113.82481309610894,22.545496391916394,0
        </coordinates></LinearRing></outerBoundaryIs>
      </Polygon>
    </Placemark>
    <Placemark>
      <name>gap_0343</name>
      <description>confidence: 0.5173</description>
      <styleUrl>#gapStyle</styleUrl>
      <Polygon>
        <outerBoundaryIs><LinearRing><coordinates>
          113.81733585633228,22.60365447152955,0
          113.81736117974471,22.60365447152955,0
          113.81736117974471,22.603676249097806,0
          113.81733585633228,22.603676249097806,0
          113.81733585633228,22.60365447152955,0
        </coordinates></LinearRing></outerBoundaryIs>
      </Polygon>
    </Placemark>
    <Placemark>
      <name>gap_0344</name>
      <description>confidence: 0.5170</description>
      <styleUrl>#gapStyle</styleUrl>
      <Polygon>
        <outerBoundaryIs><LinearRing><coordinates>
          113.8184271510006,22.60420370661726,0
          113.81845037026773,22.60420370661726,0
          113.81845037026773,22.604219551962597,0
          113.8184271510006,22.604219551962597,0
          113.8184271510006,22.60420370661726,0
        </coordinates></LinearRing></outerBoundaryIs>
      </Polygon>
    </Placemark>
    <Placemark>
      <name>gap_0345</name>
      <description>confidence: 0.5165</description>
      <styleUrl>#gapStyle</styleUrl>
      <Polygon>
        <outerBoundaryIs><LinearRing><coordinates>
          113.8139826617,22.601983003471737,0
          113.81405584207847,22.601983003471737,0
          113.81405584207847,22.602051694533518,0
          113.8139826617,22.602051694533518,0
          113.8139826617,22.601983003471737,0
        </coordinates></LinearRing></outerBoundaryIs>
      </Polygon>
    </Placemark>
    <Placemark>
      <name>gap_0346</name>
      <description>confidence: 0.5163</description>
      <styleUrl>#gapStyle</styleUrl>
      <Polygon>
        <outerBoundaryIs><LinearRing><coordinates>
          113.81892512269634,22.61232821761876,0
          113.81899531647933,22.61232821761876,0
          113.81899531647933,22.61239070425132,0
          113.81892512269634,22.61239070425132,0
          113.81892512269634,22.61232821761876,0
        </coordinates></LinearRing></outerBoundaryIs>
      </Polygon>
    </Placemark>
    <Placemark>
      <name>gap_0347</name>
      <description>confidence: 0.5156</description>
      <styleUrl>#gapStyle</styleUrl>
      <Polygon>
        <outerBoundaryIs><LinearRing><coordinates>
          113.8324396738862,22.563495285766862,0
          113.83252486328558,22.563495285766862,0
          113.83252486328558,22.563510496086945,0
          113.8324396738862,22.563510496086945,0
          113.8324396738862,22.563495285766862,0
        </coordinates></LinearRing></outerBoundaryIs>
      </Polygon>
    </Placemark>
    <Placemark>
      <name>gap_0348</name>
      <description>confidence: 0.5153</description>
      <styleUrl>#gapStyle</styleUrl>
      <Polygon>
        <outerBoundaryIs><LinearRing><coordinates>
          113.8090870095056,22.59781355297276,0
          113.8091419226148,22.59781355297276,0
          113.8091419226148,22.597834315139067,0
          113.8090870095056,22.597834315139067,0
          113.8090870095056,22.59781355297276,0
        </coordinates></LinearRing></outerBoundaryIs>
      </Polygon>
    </Placemark>
    <Placemark>
      <name>gap_0349</name>
      <description>confidence: 0.5151</description>
      <styleUrl>#gapStyle</styleUrl>
      <Polygon>
        <outerBoundaryIs><LinearRing><coordinates>
          113.83179780144016,22.527411821224494,0
          113.83189451653158,22.527411821224494,0
          113.83189451653158,22.527426105936737,0
          113.83179780144016,22.527426105936737,0
          113.83179780144016,22.527411821224494,0
        </coordinates></LinearRing></outerBoundaryIs>
      </Polygon>
    </Placemark>
    <Placemark>
      <name>gap_0350</name>
      <description>confidence: 0.5147</description>
      <styleUrl>#gapStyle</styleUrl>
      <Polygon>
        <outerBoundaryIs><LinearRing><coordinates>
          113.82058438150241,22.6126841392171,0
          113.82063204523105,22.6126841392171,0
          113.82063204523105,22.612723233501733,0
          113.82058438150241,22.612723233501733,0
          113.82058438150241,22.6126841392171,0
        </coordinates></LinearRing></outerBoundaryIs>
      </Polygon>
    </Placemark>
    <Placemark>
      <name>gap_0351</name>
      <description>confidence: 0.5142</description>
      <styleUrl>#gapStyle</styleUrl>
      <Polygon>
        <outerBoundaryIs><LinearRing><coordinates>
          113.82560596958835,22.551262866858554,0
          113.82566435589607,22.551262866858554,0
          113.82566435589607,22.55127880674555,0
          113.82560596958835,22.55127880674555,0
          113.82560596958835,22.551262866858554,0
        </coordinates></LinearRing></outerBoundaryIs>
      </Polygon>
    </Placemark>
    <Placemark>
      <name>gap_0352</name>
      <description>confidence: 0.5136</description>
      <styleUrl>#gapStyle</styleUrl>
      <Polygon>
        <outerBoundaryIs><LinearRing><coordinates>
          113.8101125010528,22.590357784015552,0
          113.810184409846,22.590357784015552,0
          113.810184409846,22.590398992063356,0
          113.8101125010528,22.590398992063356,0
          113.8101125010528,22.590357784015552,0
        </coordinates></LinearRing></outerBoundaryIs>
      </Polygon>
    </Placemark>
    <Placemark>
      <name>gap_0353</name>
      <description>confidence: 0.5134</description>
      <styleUrl>#gapStyle</styleUrl>
      <Polygon>
        <outerBoundaryIs><LinearRing><coordinates>
          113.83125068310329,22.59444058984382,0
          113.83133003971221,22.59444058984382,0
          113.83133003971221,22.594536722746895,0
          113.83125068310329,22.594536722746895,0
          113.83125068310329,22.59444058984382,0
        </coordinates></LinearRing></outerBoundaryIs>
      </Polygon>
    </Placemark>
    <Placemark>
      <name>gap_0354</name>
      <description>confidence: 0.5134</description>
      <styleUrl>#gapStyle</styleUrl>
      <Polygon>
        <outerBoundaryIs><LinearRing><coordinates>
          113.82216508130783,22.579453835651606,0
          113.82224815837648,22.579453835651606,0
          113.82224815837648,22.57948050933171,0
          113.82216508130783,22.57948050933171,0
          113.82216508130783,22.579453835651606,0
        </coordinates></LinearRing></outerBoundaryIs>
      </Polygon>
    </Placemark>
    <Placemark>
      <name>gap_0355</name>
      <description>confidence: 0.5120</description>
      <styleUrl>#gapStyle</styleUrl>
      <Polygon>
        <outerBoundaryIs><LinearRing><coordinates>
          113.8207285772759,22.604335405027403,0
          113.82075123850169,22.604335405027403,0
          113.82075123850169,22.60435382910897,0
          113.8207285772759,22.60435382910897,0
          113.8207285772759,22.604335405027403,0
        </coordinates></LinearRing></outerBoundaryIs>
      </Polygon>
    </Placemark>
    <Placemark>
      <name>gap_0356</name>
      <description>confidence: 0.5120</description>
      <styleUrl>#gapStyle</styleUrl>
      <Polygon>
        <outerBoundaryIs><LinearRing><coordinates>
          113.822225525902,22.60899797045658,0
          113.8222707379322,22.60899797045658,0
          113.8222707379322,22.60903077907165,0
          113.822225525902,22.60903077907165,0
          113.822225525902,22.60899797045658,0
        </coordinates></LinearRing></outerBoundaryIs>
      </Polygon>
    </Placemark>
    <Placemark>
      <name>gap_0357</name>
      <description>confidence: 0.5104</description>
      <styleUrl>#gapStyle</styleUrl>
      <Polygon>
        <outerBoundaryIs><LinearRing><coordinates>
          113.82911490625203,22.527557185978964,0
          113.82918638187255,22.527557185978964,0
          113.82918638187255,22.52759392028284,0
          113.82911490625203,22.52759392028284,0
          113.82911490625203,22.527557185978964,0
        </coordinates></LinearRing></outerBoundaryIs>
      </Polygon>
    </Placemark>
    <Placemark>
      <name>gap_0358</name>
      <description>confidence: 0.5093</description>
      <styleUrl>#gapStyle</styleUrl>
      <Polygon>
        <outerBoundaryIs><LinearRing><coordinates>
          113.82306650776277,22.605687012247955,0
          113.82309110807478,22.605687012247955,0
          113.82309110807478,22.605708199647083,0
          113.82306650776277,22.605708199647083,0
          113.82306650776277,22.605687012247955,0
        </coordinates></LinearRing></outerBoundaryIs>
      </Polygon>
    </Placemark>
    <Placemark>
      <name>gap_0359</name>
      <description>confidence: 0.5087</description>
      <styleUrl>#gapStyle</styleUrl>
      <Polygon>
        <outerBoundaryIs><LinearRing><coordinates>
          113.82034344403488,22.592056345363925,0
          113.82040183058815,22.592056345363925,0
          113.82040183058815,22.592073472546787,0
          113.82034344403488,22.592073472546787,0
          113.82034344403488,22.592056345363925,0
        </coordinates></LinearRing></outerBoundaryIs>
      </Polygon>
    </Placemark>
    <Placemark>
      <name>gap_0360</name>
      <description>confidence: 0.5085</description>
      <styleUrl>#gapStyle</styleUrl>
      <Polygon>
        <outerBoundaryIs><LinearRing><coordinates>
          113.80931077777859,22.58785200690386,0
          113.80947768759432,22.58785200690386,0
          113.80947768759432,22.587890052499997,0
          113.80931077777859,22.587890052499997,0
          113.80931077777859,22.58785200690386,0
        </coordinates></LinearRing></outerBoundaryIs>
      </Polygon>
    </Placemark>
    <Placemark>
      <name>gap_0361</name>
      <description>confidence: 0.5084</description>
      <styleUrl>#gapStyle</styleUrl>
      <Polygon>
        <outerBoundaryIs><LinearRing><coordinates>
          113.82583587336927,22.545404036013885,0
          113.82591649521976,22.545404036013885,0
          113.82591649521976,22.54543764258509,0
          113.82583587336927,22.54543764258509,0
          113.82583587336927,22.545404036013885,0
        </coordinates></LinearRing></outerBoundaryIs>
      </Polygon>
    </Placemark>
    <Placemark>
      <name>gap_0362</name>
      <description>confidence: 0.5083</description>
      <styleUrl>#gapStyle</styleUrl>
      <Polygon>
        <outerBoundaryIs><LinearRing><coordinates>
          113.82312834381779,22.544958704114887,0
          113.82324103157882,22.544958704114887,0
          113.82324103157882,22.54497464469892,0
          113.82312834381779,22.54497464469892,0
          113.82312834381779,22.544958704114887,0
        </coordinates></LinearRing></outerBoundaryIs>
      </Polygon>
    </Placemark>
    <Placemark>
      <name>gap_0363</name>
      <description>confidence: 0.5076</description>
      <styleUrl>#gapStyle</styleUrl>
      <Polygon>
        <outerBoundaryIs><LinearRing><coordinates>
          113.81771093754422,22.606195015611522,0
          113.81779217100966,22.606195015611522,0
          113.81779217100966,22.60621259839513,0
          113.81771093754422,22.60621259839513,0
          113.81771093754422,22.606195015611522,0
        </coordinates></LinearRing></outerBoundaryIs>
      </Polygon>
    </Placemark>
    <Placemark>
      <name>gap_0364</name>
      <description>confidence: 0.5071</description>
      <styleUrl>#gapStyle</styleUrl>
      <Polygon>
        <outerBoundaryIs><LinearRing><coordinates>
          113.81536193452067,22.59946921745648,0
          113.81538230081937,22.59946921745648,0
          113.81538230081937,22.599503914817394,0
          113.81536193452067,22.599503914817394,0
          113.81536193452067,22.59946921745648,0
        </coordinates></LinearRing></outerBoundaryIs>
      </Polygon>
    </Placemark>
    <Placemark>
      <name>gap_0365</name>
      <description>confidence: 0.5069</description>
      <styleUrl>#gapStyle</styleUrl>
      <Polygon>
        <outerBoundaryIs><LinearRing><coordinates>
          113.80871470937359,22.609253483812385,0
          113.80877285707616,22.609253483812385,0
          113.80877285707616,22.609298658189633,0
          113.80871470937359,22.609298658189633,0
          113.80871470937359,22.609253483812385,0
        </coordinates></LinearRing></outerBoundaryIs>
      </Polygon>
    </Placemark>
    <Placemark>
      <name>gap_0366</name>
      <description>confidence: 0.5066</description>
      <styleUrl>#gapStyle</styleUrl>
      <Polygon>
        <outerBoundaryIs><LinearRing><coordinates>
          113.82049744302098,22.60522524904487,0
          113.82051608786347,22.60522524904487,0
          113.82051608786347,22.60524384813082,0
          113.82049744302098,22.60524384813082,0
          113.82049744302098,22.60522524904487,0
        </coordinates></LinearRing></outerBoundaryIs>
      </Polygon>
    </Placemark>
    <Placemark>
      <name>gap_0367</name>
      <description>confidence: 0.5064</description>
      <styleUrl>#gapStyle</styleUrl>
      <Polygon>
        <outerBoundaryIs><LinearRing><coordinates>
          113.82231158702866,22.6065814806007,0
          113.82233499063155,22.6065814806007,0
          113.82233499063155,22.60659738267103,0
          113.82231158702866,22.60659738267103,0
          113.82231158702866,22.6065814806007,0
        </coordinates></LinearRing></outerBoundaryIs>
      </Polygon>
    </Placemark>
    <Placemark>
      <name>gap_0368</name>
      <description>confidence: 0.5062</description>
      <styleUrl>#gapStyle</styleUrl>
      <Polygon>
        <outerBoundaryIs><LinearRing><coordinates>
          113.8252210759347,22.608538155077646,0
          113.82527535888896,22.608538155077646,0
          113.82527535888896,22.60859589033714,0
          113.8252210759347,22.60859589033714,0
          113.8252210759347,22.608538155077646,0
        </coordinates></LinearRing></outerBoundaryIs>
      </Polygon>
    </Placemark>
    <Placemark>
      <name>gap_0369</name>
      <description>confidence: 0.5061</description>
      <styleUrl>#gapStyle</styleUrl>
      <Polygon>
        <outerBoundaryIs><LinearRing><coordinates>
          113.82710864058353,22.55066254366974,0
          113.82718216080039,22.55066254366974,0
          113.82718216080039,22.55068101113406,0
          113.82710864058353,22.55068101113406,0
          113.82710864058353,22.55066254366974,0
        </coordinates></LinearRing></outerBoundaryIs>
      </Polygon>
    </Placemark>
    <Placemark>
      <name>gap_0370</name>
      <description>confidence: 0.5059</description>
      <styleUrl>#gapStyle</styleUrl>
      <Polygon>
        <outerBoundaryIs><LinearRing><coordinates>
          113.83250817181289,22.56078844919343,0
          113.8325884384978,22.56078844919343,0
          113.8325884384978,22.56080673706953,0
          113.83250817181289,22.56080673706953,0
          113.83250817181289,22.56078844919343,0
        </coordinates></LinearRing></outerBoundaryIs>
      </Polygon>
    </Placemark>
    <Placemark>
      <name>gap_0371</name>
      <description>confidence: 0.5058</description>
      <styleUrl>#gapStyle</styleUrl>
      <Polygon>
        <outerBoundaryIs><LinearRing><coordinates>
          113.83218205925,22.526832083478663,0
          113.83226319105245,22.526832083478663,0
          113.83226319105245,22.5268654572615,0
          113.83218205925,22.5268654572615,0
          113.83218205925,22.526832083478663,0
        </coordinates></LinearRing></outerBoundaryIs>
      </Polygon>
    </Placemark>
    <Placemark>
      <name>gap_0372</name>
      <description>confidence: 0.5055</description>
      <styleUrl>#gapStyle</styleUrl>
      <Polygon>
        <outerBoundaryIs><LinearRing><coordinates>
          113.82012485144692,22.60839644327363,0
          113.82014835155597,22.60839644327363,0
          113.82014835155597,22.60841401410652,0
          113.82012485144692,22.60841401410652,0
          113.82012485144692,22.60839644327363,0
        </coordinates></LinearRing></outerBoundaryIs>
      </Polygon>
    </Placemark>
    <Placemark>
      <name>gap_0373</name>
      <description>confidence: 0.5048</description>
      <styleUrl>#gapStyle</styleUrl>
      <Polygon>
        <outerBoundaryIs><LinearRing><coordinates>
          113.82124706741692,22.60564349640148,0
          113.82126954655793,22.60564349640148,0
          113.82126954655793,22.605661353560528,0
          113.82124706741692,22.605661353560528,0
          113.82124706741692,22.60564349640148,0
        </coordinates></LinearRing></outerBoundaryIs>
      </Polygon>
    </Placemark>
    <Placemark>
      <name>gap_0374</name>
      <description>confidence: 0.5048</description>
      <styleUrl>#gapStyle</styleUrl>
      <Polygon>
        <outerBoundaryIs><LinearRing><coordinates>
          113.81681676124744,22.59308327549953,0
          113.81691791672718,22.59308327549953,0
          113.81691791672718,22.593209573084536,0
          113.81681676124744,22.593209573084536,0
          113.81681676124744,22.59308327549953,0
        </coordinates></LinearRing></outerBoundaryIs>
      </Polygon>
    </Placemark>
    <Placemark>
      <name>gap_0375</name>
      <description>confidence: 0.5048</description>
      <styleUrl>#gapStyle</styleUrl>
      <Polygon>
        <outerBoundaryIs><LinearRing><coordinates>
          113.82730932492515,22.576804171037193,0
          113.8273744002904,22.576804171037193,0
          113.8273744002904,22.57682445975853,0
          113.82730932492515,22.57682445975853,0
          113.82730932492515,22.576804171037193,0
        </coordinates></LinearRing></outerBoundaryIs>
      </Polygon>
    </Placemark>
    <Placemark>
      <name>gap_0376</name>
      <description>confidence: 0.5042</description>
      <styleUrl>#gapStyle</styleUrl>
      <Polygon>
        <outerBoundaryIs><LinearRing><coordinates>
          113.81906289510096,22.604474869563965,0
          113.81908588272056,22.604474869563965,0
          113.81908588272056,22.604496607842183,0
          113.81906289510096,22.604496607842183,0
          113.81906289510096,22.604474869563965,0
        </coordinates></LinearRing></outerBoundaryIs>
      </Polygon>
    </Placemark>
    <Placemark>
      <name>gap_0377</name>
      <description>confidence: 0.5039</description>
      <styleUrl>#gapStyle</styleUrl>
      <Polygon>
        <outerBoundaryIs><LinearRing><coordinates>
          113.81127220987,22.593619691147893,0
          113.81133143632971,22.593619691147893,0
          113.81133143632971,22.5936354164949,0
          113.81127220987,22.5936354164949,0
          113.81127220987,22.593619691147893,0
        </coordinates></LinearRing></outerBoundaryIs>
      </Polygon>
    </Placemark>
    <Placemark>
      <name>gap_0378</name>
      <description>confidence: 0.5037</description>
      <styleUrl>#gapStyle</styleUrl>
      <Polygon>
        <outerBoundaryIs><LinearRing><coordinates>
          113.82810689631658,22.608489348499997,0
          113.82816527722191,22.608489348499997,0
          113.82816527722191,22.608508609950523,0
          113.82810689631658,22.608508609950523,0
          113.82810689631658,22.608489348499997,0
        </coordinates></LinearRing></outerBoundaryIs>
      </Polygon>
    </Placemark>
    <Placemark>
      <name>gap_0379</name>
      <description>confidence: 0.5036</description>
      <styleUrl>#gapStyle</styleUrl>
      <Polygon>
        <outerBoundaryIs><LinearRing><coordinates>
          113.8113415829823,22.615281754382963,0
          113.8113886969778,22.615281754382963,0
          113.8113886969778,22.61533857473706,0
          113.8113415829823,22.61533857473706,0
          113.8113415829823,22.615281754382963,0
        </coordinates></LinearRing></outerBoundaryIs>
      </Polygon>
    </Placemark>
    <Placemark>
      <name>gap_0380</name>
      <description>confidence: 0.5029</description>
      <styleUrl>#gapStyle</styleUrl>
      <Polygon>
        <outerBoundaryIs><LinearRing><coordinates>
          113.83081536354942,22.596216127049836,0
          113.83085545731534,22.596216127049836,0
          113.83085545731534,22.59625782916988,0
          113.83081536354942,22.59625782916988,0
          113.83081536354942,22.596216127049836,0
        </coordinates></LinearRing></outerBoundaryIs>
      </Polygon>
    </Placemark>
    <Placemark>
      <name>gap_0381</name>
      <description>confidence: 0.5028</description>
      <styleUrl>#gapStyle</styleUrl>
      <Polygon>
        <outerBoundaryIs><LinearRing><coordinates>
          113.82044507877123,22.60852929230894,0
          113.82046844905945,22.60852929230894,0
          113.82046844905945,22.608547807248723,0
          113.82044507877123,22.608547807248723,0
          113.82044507877123,22.60852929230894,0
        </coordinates></LinearRing></outerBoundaryIs>
      </Polygon>
    </Placemark>
    <Placemark>
      <name>gap_0382</name>
      <description>confidence: 0.5022</description>
      <styleUrl>#gapStyle</styleUrl>
      <Polygon>
        <outerBoundaryIs><LinearRing><coordinates>
          113.82233813805017,22.577349151586652,0
          113.82241255223819,22.577349151586652,0
          113.82241255223819,22.577378204851602,0
          113.82233813805017,22.577378204851602,0
          113.82233813805017,22.577349151586652,0
        </coordinates></LinearRing></outerBoundaryIs>
      </Polygon>
    </Placemark>
    <Placemark>
      <name>gap_0383</name>
      <description>confidence: 0.5022</description>
      <styleUrl>#gapStyle</styleUrl>
      <Polygon>
        <outerBoundaryIs><LinearRing><coordinates>
          113.81101374386776,22.61353141444175,0
          113.811070976358,22.61353141444175,0
          113.811070976358,22.613573730530042,0
          113.81101374386776,22.613573730530042,0
          113.81101374386776,22.61353141444175,0
        </coordinates></LinearRing></outerBoundaryIs>
      </Polygon>
    </Placemark>
    <Placemark>
      <name>gap_0384</name>
      <description>confidence: 0.5019</description>
      <styleUrl>#gapStyle</styleUrl>
      <Polygon>
        <outerBoundaryIs><LinearRing><coordinates>
          113.83208737849245,22.552835334111585,0
          113.83216110329376,22.552835334111585,0
          113.83216110329376,22.55286907623342,0
          113.83208737849245,22.55286907623342,0
          113.83208737849245,22.552835334111585,0
        </coordinates></LinearRing></outerBoundaryIs>
      </Polygon>
    </Placemark>
    <Placemark>
      <name>gap_0385</name>
      <description>confidence: 0.5012</description>
      <styleUrl>#gapStyle</styleUrl>
      <Polygon>
        <outerBoundaryIs><LinearRing><coordinates>
          113.82151758907652,22.54603813746319,0
          113.82161588751558,22.54603813746319,0
          113.82161588751558,22.546068557775932,0
          113.82151758907652,22.546068557775932,0
          113.82151758907652,22.54603813746319,0
        </coordinates></LinearRing></outerBoundaryIs>
      </Polygon>
    </Placemark>
    <Placemark>
      <name>gap_0386</name>
      <description>confidence: 0.5008</description>
      <styleUrl>#gapStyle</styleUrl>
      <Polygon>
        <outerBoundaryIs><LinearRing><coordinates>
          113.82610316677919,22.607859794258808,0
          113.82614109443614,22.607859794258808,0
          113.82614109443614,22.607896357610088,0
          113.82610316677919,22.607896357610088,0
          113.82610316677919,22.607859794258808,0
        </coordinates></LinearRing></outerBoundaryIs>
      </Polygon>
    </Placemark>
    <Placemark>
      <name>gap_0387</name>
      <description>confidence: 0.5006</description>
      <styleUrl>#gapStyle</styleUrl>
      <Polygon>
        <outerBoundaryIs><LinearRing><coordinates>
          113.81796646948095,22.603036734668002,0
          113.81798563172413,22.603036734668002,0
          113.81798563172413,22.603053799805345,0
          113.81796646948095,22.603053799805345,0
          113.81796646948095,22.603036734668002,0
        </coordinates></LinearRing></outerBoundaryIs>
      </Polygon>
    </Placemark>
    <Placemark>
      <name>gap_0388</name>
      <description>confidence: 0.5003</description>
      <styleUrl>#gapStyle</styleUrl>
      <Polygon>
        <outerBoundaryIs><LinearRing><coordinates>
          113.82357220590609,22.58058441123225,0
          113.82362669787517,22.58058441123225,0
          113.82362669787517,22.58060146458258,0
          113.82357220590609,22.58060146458258,0
          113.82357220590609,22.58058441123225,0
        </coordinates></LinearRing></outerBoundaryIs>
      </Polygon>
    </Placemark>
    <Placemark>
      <name>gap_0389</name>
      <description>confidence: 0.4999</description>
      <styleUrl>#gapStyle</styleUrl>
      <Polygon>
        <outerBoundaryIs><LinearRing><coordinates>
          113.82787094687298,22.574377431597007,0
          113.8279613334339,22.574377431597007,0
          113.8279613334339,22.57439263978888,0
          113.82787094687298,22.57439263978888,0
          113.82787094687298,22.574377431597007,0
        </coordinates></LinearRing></outerBoundaryIs>
      </Polygon>
    </Placemark>
    <Placemark>
      <name>gap_0390</name>
      <description>confidence: 0.4995</description>
      <styleUrl>#gapStyle</styleUrl>
      <Polygon>
        <outerBoundaryIs><LinearRing><coordinates>
          113.83114284786673,22.59638898382225,0
          113.83120280176514,22.59638898382225,0
          113.83120280176514,22.596428692627647,0
          113.83114284786673,22.596428692627647,0
          113.83114284786673,22.59638898382225,0
        </coordinates></LinearRing></outerBoundaryIs>
      </Polygon>
    </Placemark>
    <Placemark>
      <name>gap_0391</name>
      <description>confidence: 0.4992</description>
      <styleUrl>#gapStyle</styleUrl>
      <Polygon>
        <outerBoundaryIs><LinearRing><coordinates>
          113.81362034853316,22.599994906555832,0
          113.8137044221159,22.599994906555832,0
          113.8137044221159,22.60004384622849,0
          113.81362034853316,22.60004384622849,0
          113.81362034853316,22.599994906555832,0
        </coordinates></LinearRing></outerBoundaryIs>
      </Polygon>
    </Placemark>
    <Placemark>
      <name>gap_0392</name>
      <description>confidence: 0.4987</description>
      <styleUrl>#gapStyle</styleUrl>
      <Polygon>
        <outerBoundaryIs><LinearRing><coordinates>
          113.82568346616179,22.571349718267662,0
          113.82575836050684,22.571349718267662,0
          113.82575836050684,22.571371880141612,0
          113.82568346616179,22.571371880141612,0
          113.82568346616179,22.571349718267662,0
        </coordinates></LinearRing></outerBoundaryIs>
      </Polygon>
    </Placemark>
    <Placemark>
      <name>gap_0393</name>
      <description>confidence: 0.4985</description>
      <styleUrl>#gapStyle</styleUrl>
      <Polygon>
        <outerBoundaryIs><LinearRing><coordinates>
          113.82013886542624,22.605035005918577,0
          113.82016133212541,22.605035005918577,0
          113.82016133212541,22.605051592535986,0
          113.82013886542624,22.605051592535986,0
          113.82013886542624,22.605035005918577,0
        </coordinates></LinearRing></outerBoundaryIs>
      </Polygon>
    </Placemark>
    <Placemark>
      <name>gap_0394</name>
      <description>confidence: 0.4984</description>
      <styleUrl>#gapStyle</styleUrl>
      <Polygon>
        <outerBoundaryIs><LinearRing><coordinates>
          113.82390594886058,22.58634169414699,0
          113.82394298577962,22.58634169414699,0
          113.82394298577962,22.586387058016822,0
          113.82390594886058,22.586387058016822,0
          113.82390594886058,22.58634169414699,0
        </coordinates></LinearRing></outerBoundaryIs>
      </Polygon>
    </Placemark>
    <Placemark>
      <name>gap_0395</name>
      <description>confidence: 0.4980</description>
      <styleUrl>#gapStyle</styleUrl>
      <Polygon>
        <outerBoundaryIs><LinearRing><coordinates>
          113.81324787477806,22.611361343433355,0
          113.81329720579586,22.611361343433355,0
          113.81329720579586,22.611418196283587,0
          113.81324787477806,22.611418196283587,0
          113.81324787477806,22.611361343433355,0
        </coordinates></LinearRing></outerBoundaryIs>
      </Polygon>
    </Placemark>
    <Placemark>
      <name>gap_0396</name>
      <description>confidence: 0.4978</description>
      <styleUrl>#gapStyle</styleUrl>
      <Polygon>
        <outerBoundaryIs><LinearRing><coordinates>
          113.82517237881665,22.55112584264269,0
          113.82524586571883,22.55112584264269,0
          113.82524586571883,22.55114451744382,0
          113.82517237881665,22.55114451744382,0
          113.82517237881665,22.55112584264269,0
        </coordinates></LinearRing></outerBoundaryIs>
      </Polygon>
    </Placemark>
    <Placemark>
      <name>gap_0397</name>
      <description>confidence: 0.4977</description>
      <styleUrl>#gapStyle</styleUrl>
      <Polygon>
        <outerBoundaryIs><LinearRing><coordinates>
          113.82743928251031,22.60891716733986,0
          113.82745844057892,22.60891716733986,0
          113.82745844057892,22.60893336826005,0
          113.82743928251031,22.60893336826005,0
          113.82743928251031,22.60891716733986,0
        </coordinates></LinearRing></outerBoundaryIs>
      </Polygon>
    </Placemark>
    <Placemark>
      <name>gap_0398</name>
      <description>confidence: 0.4975</description>
      <styleUrl>#gapStyle</styleUrl>
      <Polygon>
        <outerBoundaryIs><LinearRing><coordinates>
          113.82302545990375,22.60925657806667,0
          113.82305475946812,22.60925657806667,0
          113.82305475946812,22.609267932069418,0
          113.82302545990375,22.609267932069418,0
          113.82302545990375,22.60925657806667,0
        </coordinates></LinearRing></outerBoundaryIs>
      </Polygon>
    </Placemark>
    <Placemark>
      <name>gap_0399</name>
      <description>confidence: 0.4971</description>
      <styleUrl>#gapStyle</styleUrl>
      <Polygon>
        <outerBoundaryIs><LinearRing><coordinates>
          113.83108233302114,22.53783989624776,0
          113.83114755841498,22.53783989624776,0
          113.83114755841498,22.53786679862863,0
          113.83108233302114,22.53786679862863,0
          113.83108233302114,22.53783989624776,0
        </coordinates></LinearRing></outerBoundaryIs>
      </Polygon>
    </Placemark>
    <Placemark>
      <name>gap_0400</name>
      <description>confidence: 0.4962</description>
      <styleUrl>#gapStyle</styleUrl>
      <Polygon>
        <outerBoundaryIs><LinearRing><coordinates>
          113.8223999679661,22.59803279589271,0
          113.82248655633644,22.59803279589271,0
          113.82248655633644,22.59805209264288,0
          113.8223999679661,22.59805209264288,0
          113.8223999679661,22.59803279589271,0
        </coordinates></LinearRing></outerBoundaryIs>
      </Polygon>
    </Placemark>
    <Placemark>
      <name>gap_0401</name>
      <description>confidence: 0.4953</description>
      <styleUrl>#gapStyle</styleUrl>
      <Polygon>
        <outerBoundaryIs><LinearRing><coordinates>
          113.83217386138335,22.567583003218356,0
          113.83223075205025,22.567583003218356,0
          113.83223075205025,22.567606894017732,0
          113.83217386138335,22.567606894017732,0
          113.83217386138335,22.567583003218356,0
        </coordinates></LinearRing></outerBoundaryIs>
      </Polygon>
    </Placemark>
    <Placemark>
      <name>gap_0402</name>
      <description>confidence: 0.4952</description>
      <styleUrl>#gapStyle</styleUrl>
      <Polygon>
        <outerBoundaryIs><LinearRing><coordinates>
          113.82084930357429,22.60541935827008,0
          113.82087026284563,22.60541935827008,0
          113.82087026284563,22.60543698640094,0
          113.82084930357429,22.60543698640094,0
          113.82084930357429,22.60541935827008,0
        </coordinates></LinearRing></outerBoundaryIs>
      </Polygon>
    </Placemark>
    <Placemark>
      <name>gap_0403</name>
      <description>confidence: 0.4951</description>
      <styleUrl>#gapStyle</styleUrl>
      <Polygon>
        <outerBoundaryIs><LinearRing><coordinates>
          113.82047507155924,22.608037910043883,0
          113.8205009237501,22.608037910043883,0
          113.8205009237501,22.608054895291477,0
          113.82047507155924,22.608054895291477,0
          113.82047507155924,22.608037910043883,0
        </coordinates></LinearRing></outerBoundaryIs>
      </Polygon>
    </Placemark>
    <Placemark>
      <name>gap_0404</name>
      <description>confidence: 0.4946</description>
      <styleUrl>#gapStyle</styleUrl>
      <Polygon>
        <outerBoundaryIs><LinearRing><coordinates>
          113.82399103135833,22.593261182801836,0
          113.82404788363557,22.593261182801836,0
          113.82404788363557,22.593275870482543,0
          113.82399103135833,22.593275870482543,0
          113.82399103135833,22.593261182801836,0
        </coordinates></LinearRing></outerBoundaryIs>
      </Polygon>
    </Placemark>
    <Placemark>
      <name>gap_0405</name>
      <description>confidence: 0.4934</description>
      <styleUrl>#gapStyle</styleUrl>
      <Polygon>
        <outerBoundaryIs><LinearRing><coordinates>
          113.81097943673674,22.605491267308842,0
          113.81107233849453,22.605491267308842,0
          113.81107233849453,22.605628303577745,0
          113.81097943673674,22.605628303577745,0
          113.81097943673674,22.605491267308842,0
        </coordinates></LinearRing></outerBoundaryIs>
      </Polygon>
    </Placemark>
    <Placemark>
      <name>gap_0406</name>
      <description>confidence: 0.4933</description>
      <styleUrl>#gapStyle</styleUrl>
      <Polygon>
        <outerBoundaryIs><LinearRing><coordinates>
          113.82807139080867,22.603129252887488,0
          113.82808762430686,22.603129252887488,0
          113.82808762430686,22.603154918859943,0
          113.82807139080867,22.603154918859943,0
          113.82807139080867,22.603129252887488,0
        </coordinates></LinearRing></outerBoundaryIs>
      </Polygon>
    </Placemark>
    <Placemark>
      <name>gap_0407</name>
      <description>confidence: 0.4932</description>
      <styleUrl>#gapStyle</styleUrl>
      <Polygon>
        <outerBoundaryIs><LinearRing><coordinates>
          113.81995850503398,22.60834976243034,0
          113.81998482412148,22.60834976243034,0
          113.81998482412148,22.608366924687747,0
          113.81995850503398,22.608366924687747,0
          113.81995850503398,22.60834976243034,0
        </coordinates></LinearRing></outerBoundaryIs>
      </Polygon>
    </Placemark>
    <Placemark>
      <name>gap_0408</name>
      <description>confidence: 0.4930</description>
      <styleUrl>#gapStyle</styleUrl>
      <Polygon>
        <outerBoundaryIs><LinearRing><coordinates>
          113.81386088721703,22.61667702257757,0
          113.8139826617,22.61667702257757,0
          113.8139826617,22.616799428647912,0
          113.81386088721703,22.616799428647912,0
          113.81386088721703,22.61667702257757,0
        </coordinates></LinearRing></outerBoundaryIs>
      </Polygon>
    </Placemark>
    <Placemark>
      <name>gap_0409</name>
      <description>confidence: 0.4927</description>
      <styleUrl>#gapStyle</styleUrl>
      <Polygon>
        <outerBoundaryIs><LinearRing><coordinates>
          113.82332891144547,22.614498555830114,0
          113.82342150300637,22.614498555830114,0
          113.82342150300637,22.614622938271275,0
          113.82332891144547,22.614622938271275,0
          113.82332891144547,22.614498555830114,0
        </coordinates></LinearRing></outerBoundaryIs>
      </Polygon>
    </Placemark>
    <Placemark>
      <name>gap_0410</name>
      <description>confidence: 0.4922</description>
      <styleUrl>#gapStyle</styleUrl>
      <Polygon>
        <outerBoundaryIs><LinearRing><coordinates>
          113.82229344718597,22.58055392142525,0
          113.8223288635546,22.58055392142525,0
          113.8223288635546,22.580580704462626,0
          113.82229344718597,22.580580704462626,0
          113.82229344718597,22.58055392142525,0
        </coordinates></LinearRing></outerBoundaryIs>
      </Polygon>
    </Placemark>
    <Placemark>
      <name>gap_0411</name>
      <description>confidence: 0.4918</description>
      <styleUrl>#gapStyle</styleUrl>
      <Polygon>
        <outerBoundaryIs><LinearRing><coordinates>
          113.82290604961702,22.609244425452953,0
          113.82293674553301,22.609244425452953,0
          113.82293674553301,22.609257720874755,0
          113.82290604961702,22.609257720874755,0
          113.82290604961702,22.609244425452953,0
        </coordinates></LinearRing></outerBoundaryIs>
      </Polygon>
    </Placemark>
    <Placemark>
      <name>gap_0412</name>
      <description>confidence: 0.4918</description>
      <styleUrl>#gapStyle</styleUrl>
      <Polygon>
        <outerBoundaryIs><LinearRing><coordinates>
          113.83203206878919,22.560951292490124,0
          113.8321225201889,22.560951292490124,0
          113.8321225201889,22.560977572287584,0
          113.83203206878919,22.560977572287584,0
          113.83203206878919,22.560951292490124,0
        </coordinates></LinearRing></outerBoundaryIs>
      </Polygon>
    </Placemark>
    <Placemark>
      <name>gap_0413</name>
      <description>confidence: 0.4916</description>
      <styleUrl>#gapStyle</styleUrl>
      <Polygon>
        <outerBoundaryIs><LinearRing><coordinates>
          113.81978558764848,22.60834957451345,0
          113.81981334532439,22.60834957451345,0
          113.81981334532439,22.608366970833078,0
          113.81978558764848,22.608366970833078,0
          113.81978558764848,22.60834957451345,0
        </coordinates></LinearRing></outerBoundaryIs>
      </Polygon>
    </Placemark>
    <Placemark>
      <name>gap_0414</name>
      <description>confidence: 0.4916</description>
      <styleUrl>#gapStyle</styleUrl>
      <Polygon>
        <outerBoundaryIs><LinearRing><coordinates>
          113.82100244502462,22.54364514742987,0
          113.82104829665367,22.54364514742987,0
          113.82104829665367,22.54366064162048,0
          113.82100244502462,22.54366064162048,0
          113.82100244502462,22.54364514742987,0
        </coordinates></LinearRing></outerBoundaryIs>
      </Polygon>
    </Placemark>
    <Placemark>
      <name>gap_0415</name>
      <description>confidence: 0.4913</description>
      <styleUrl>#gapStyle</styleUrl>
      <Polygon>
        <outerBoundaryIs><LinearRing><coordinates>
          113.82538736038398,22.550887479143373,0
          113.82546733484922,22.550887479143373,0
          113.82546733484922,22.55091767018237,0
          113.82538736038398,22.55091767018237,0
          113.82538736038398,22.550887479143373,0
        </coordinates></LinearRing></outerBoundaryIs>
      </Polygon>
    </Placemark>
    <Placemark>
      <name>gap_0416</name>
      <description>confidence: 0.4910</description>
      <styleUrl>#gapStyle</styleUrl>
      <Polygon>
        <outerBoundaryIs><LinearRing><coordinates>
          113.829219690658,22.541647427344873,0
          113.82939149077393,22.541647427344873,0
          113.82939149077393,22.541680581425794,0
          113.829219690658,22.541680581425794,0
          113.829219690658,22.541647427344873,0
        </coordinates></LinearRing></outerBoundaryIs>
      </Polygon>
    </Placemark>
    <Placemark>
      <name>gap_0417</name>
      <description>confidence: 0.4907</description>
      <styleUrl>#gapStyle</styleUrl>
      <Polygon>
        <outerBoundaryIs><LinearRing><coordinates>
          113.81549053080828,22.58731759447195,0
          113.81553091106407,22.58731759447195,0
          113.81553091106407,22.58734379898397,0
          113.81549053080828,22.58734379898397,0
          113.81549053080828,22.58731759447195,0
        </coordinates></LinearRing></outerBoundaryIs>
      </Polygon>
    </Placemark>
    <Placemark>
      <name>gap_0418</name>
      <description>confidence: 0.4905</description>
      <styleUrl>#gapStyle</styleUrl>
      <Polygon>
        <outerBoundaryIs><LinearRing><coordinates>
          113.8261819662267,22.536864607547972,0
          113.82624774053514,22.536864607547972,0
          113.82624774053514,22.536884959133374,0
          113.8261819662267,22.536884959133374,0
          113.8261819662267,22.536864607547972,0
        </coordinates></LinearRing></outerBoundaryIs>
      </Polygon>
    </Placemark>
    <Placemark>
      <name>gap_0419</name>
      <description>confidence: 0.4903</description>
      <styleUrl>#gapStyle</styleUrl>
      <Polygon>
        <outerBoundaryIs><LinearRing><coordinates>
          113.81020075323352,22.59094754530518,0
          113.81022753864467,22.59094754530518,0
          113.81022753864467,22.59096394578603,0
          113.81020075323352,22.59096394578603,0
          113.81020075323352,22.59094754530518,0
        </coordinates></LinearRing></outerBoundaryIs>
      </Polygon>
    </Placemark>
    <Placemark>
      <name>gap_0420</name>
      <description>confidence: 0.4898</description>
      <styleUrl>#gapStyle</styleUrl>
      <Polygon>
        <outerBoundaryIs><LinearRing><coordinates>
          113.8189110270674,22.60439987621621,0
          113.81893454878598,22.60439987621621,0
          113.81893454878598,22.604419898542897,0
          113.8189110270674,22.604419898542897,0
          113.8189110270674,22.60439987621621,0
        </coordinates></LinearRing></outerBoundaryIs>
      </Polygon>
    </Placemark>
    <Placemark>
      <name>gap_0421</name>
      <description>confidence: 0.4894</description>
      <styleUrl>#gapStyle</styleUrl>
      <Polygon>
        <outerBoundaryIs><LinearRing><coordinates>
          113.83268975138326,22.59302983134668,0
          113.83277771670575,22.59302983134668,0
          113.83277771670575,22.593148258911757,0
          113.83268975138326,22.593148258911757,0
          113.83268975138326,22.59302983134668,0
        </coordinates></LinearRing></outerBoundaryIs>
      </Polygon>
    </Placemark>
    <Placemark>
      <name>gap_0422</name>
      <description>confidence: 0.4889</description>
      <styleUrl>#gapStyle</styleUrl>
      <Polygon>
        <outerBoundaryIs><LinearRing><coordinates>
          113.81227780117612,22.603780257034376,0
          113.81235435028664,22.603780257034376,0
          113.81235435028664,22.603875176611933,0
          113.81227780117612,22.603875176611933,0
          113.81227780117612,22.603780257034376,0
        </coordinates></LinearRing></outerBoundaryIs>
      </Polygon>
    </Placemark>
    <Placemark>
      <name>gap_0423</name>
      <description>confidence: 0.4882</description>
      <styleUrl>#gapStyle</styleUrl>
      <Polygon>
        <outerBoundaryIs><LinearRing><coordinates>
          113.83143043834711,22.536497435420884,0
          113.83150769664283,22.536497435420884,0
          113.83150769664283,22.536520528141345,0
          113.83143043834711,22.536520528141345,0
          113.83143043834711,22.536497435420884,0
        </coordinates></LinearRing></outerBoundaryIs>
      </Polygon>
    </Placemark>
    <Placemark>
      <name>gap_0424</name>
      <description>confidence: 0.4878</description>
      <styleUrl>#gapStyle</styleUrl>
      <Polygon>
        <outerBoundaryIs><LinearRing><coordinates>
          113.82461786120365,22.599253596709787,0
          113.82464952537354,22.599253596709787,0
          113.82464952537354,22.59926965855961,0
          113.82461786120365,22.59926965855961,0
          113.82461786120365,22.599253596709787,0
        </coordinates></LinearRing></outerBoundaryIs>
      </Polygon>
    </Placemark>
    <Placemark>
      <name>gap_0425</name>
      <description>confidence: 0.4874</description>
      <styleUrl>#gapStyle</styleUrl>
      <Polygon>
        <outerBoundaryIs><LinearRing><coordinates>
          113.82872464926248,22.540785808452465,0
          113.82875855206422,22.540785808452465,0
          113.82875855206422,22.540813536251573,0
          113.82872464926248,22.540813536251573,0
          113.82872464926248,22.540785808452465,0
        </coordinates></LinearRing></outerBoundaryIs>
      </Polygon>
    </Placemark>
    <Placemark>
      <name>gap_0426</name>
      <description>confidence: 0.4873</description>
      <styleUrl>#gapStyle</styleUrl>
      <Polygon>
        <outerBoundaryIs><LinearRing><coordinates>
          113.82120547154369,22.587993267432616,0
          113.82123810977915,22.587993267432616,0
          113.82123810977915,22.588035233368903,0
          113.82120547154369,22.588035233368903,0
          113.82120547154369,22.587993267432616,0
        </coordinates></LinearRing></outerBoundaryIs>
      </Polygon>
    </Placemark>
    <Placemark>
      <name>gap_0427</name>
      <description>confidence: 0.4870</description>
      <styleUrl>#gapStyle</styleUrl>
      <Polygon>
        <outerBoundaryIs><LinearRing><coordinates>
          113.83240361283352,22.53916837978648,0
          113.83243381181238,22.53916837978648,0
          113.83243381181238,22.539187969104198,0
          113.83240361283352,22.539187969104198,0
          113.83240361283352,22.53916837978648,0
        </coordinates></LinearRing></outerBoundaryIs>
      </Polygon>
    </Placemark>
    <Placemark>
      <name>gap_0428</name>
      <description>confidence: 0.4869</description>
      <styleUrl>#gapStyle</styleUrl>
      <Polygon>
        <outerBoundaryIs><LinearRing><coordinates>
          113.82482888088214,22.53816552071377,0
          113.82489606267437,22.53816552071377,0
          113.82489606267437,22.538198885507988,0
          113.82482888088214,22.538198885507988,0
          113.82482888088214,22.53816552071377,0
        </coordinates></LinearRing></outerBoundaryIs>
      </Polygon>
    </Placemark>
    <Placemark>
      <name>gap_0429</name>
      <description>confidence: 0.4847</description>
      <styleUrl>#gapStyle</styleUrl>
      <Polygon>
        <outerBoundaryIs><LinearRing><coordinates>
          113.83090884740346,22.59942327823314,0
          113.8309760234659,22.59942327823314,0
          113.8309760234659,22.599468055453574,0
          113.83090884740346,22.599468055453574,0
          113.83090884740346,22.59942327823314,0
        </coordinates></LinearRing></outerBoundaryIs>
      </Polygon>
    </Placemark>
    <Placemark>
      <name>gap_0430</name>
      <description>confidence: 0.4846</description>
      <styleUrl>#gapStyle</styleUrl>
      <Polygon>
        <outerBoundaryIs><LinearRing><coordinates>
          113.81734756844736,22.546852428843284,0
          113.81741427851355,22.546852428843284,0
          113.81741427851355,22.546929233298133,0
          113.81734756844736,22.546929233298133,0
          113.81734756844736,22.546852428843284,0
        </coordinates></LinearRing></outerBoundaryIs>
      </Polygon>
    </Placemark>
    <Placemark>
      <name>gap_0431</name>
      <description>confidence: 0.4834</description>
      <styleUrl>#gapStyle</styleUrl>
      <Polygon>
        <outerBoundaryIs><LinearRing><coordinates>
          113.81198191227114,22.614185452199155,0
          113.81205632081122,22.614185452199155,0
          113.81205632081122,22.614239361816193,0
          113.81198191227114,22.614239361816193,0
          113.81198191227114,22.614185452199155,0
        </coordinates></LinearRing></outerBoundaryIs>
      </Polygon>
    </Placemark>
    <Placemark>
      <name>gap_0432</name>
      <description>confidence: 0.4832</description>
      <styleUrl>#gapStyle</styleUrl>
      <Polygon>
        <outerBoundaryIs><LinearRing><coordinates>
          113.82932614914705,22.57485058782685,0
          113.8294295420308,22.57485058782685,0
          113.8294295420308,22.574866877804464,0
          113.82932614914705,22.574866877804464,0
          113.82932614914705,22.57485058782685,0
        </coordinates></LinearRing></outerBoundaryIs>
      </Polygon>
    </Placemark>
    <Placemark>
      <name>gap_0433</name>
      <description>confidence: 0.4829</description>
      <styleUrl>#gapStyle</styleUrl>
      <Polygon>
        <outerBoundaryIs><LinearRing><coordinates>
          113.8202923146383,22.605118128498198,0
          113.82031223583407,22.605118128498198,0
          113.82031223583407,22.605136317494367,0
          113.8202923146383,22.605136317494367,0
          113.8202923146383,22.605118128498198,0
        </coordinates></LinearRing></outerBoundaryIs>
      </Polygon>
    </Placemark>
    <Placemark>
      <name>gap_0434</name>
      <description>confidence: 0.4828</description>
      <styleUrl>#gapStyle</styleUrl>
      <Polygon>
        <outerBoundaryIs><LinearRing><coordinates>
          113.8229040279808,22.608969452968616,0
          113.82292909093302,22.608969452968616,0
          113.82292909093302,22.608984699631982,0
          113.8229040279808,22.608984699631982,0
          113.8229040279808,22.608969452968616,0
        </coordinates></LinearRing></outerBoundaryIs>
      </Polygon>
    </Placemark>
    <Placemark>
      <name>gap_0435</name>
      <description>confidence: 0.4826</description>
      <styleUrl>#gapStyle</styleUrl>
      <Polygon>
        <outerBoundaryIs><LinearRing><coordinates>
          113.81534048706035,22.598386494565005,0
          113.81535724074229,22.598386494565005,0
          113.81535724074229,22.598422463286102,0
          113.81534048706035,22.598422463286102,0
          113.81534048706035,22.598386494565005,0
        </coordinates></LinearRing></outerBoundaryIs>
      </Polygon>
    </Placemark>
    <Placemark>
      <name>gap_0436</name>
      <description>confidence: 0.4826</description>
      <styleUrl>#gapStyle</styleUrl>
      <Polygon>
        <outerBoundaryIs><LinearRing><coordinates>
          113.82879673471761,22.538797459491985,0
          113.82885913020547,22.538797459491985,0
          113.82885913020547,22.53881732502686,0
          113.82879673471761,22.53881732502686,0
          113.82879673471761,22.538797459491985,0
        </coordinates></LinearRing></outerBoundaryIs>
      </Polygon>
    </Placemark>
    <Placemark>
      <name>gap_0437</name>
      <description>confidence: 0.4825</description>
      <styleUrl>#gapStyle</styleUrl>
      <Polygon>
        <outerBoundaryIs><LinearRing><coordinates>
          113.82064461556746,22.60807227818701,0
          113.82067494011073,22.60807227818701,0
          113.82067494011073,22.608088111745335,0
          113.82064461556746,22.608088111745335,0
          113.82064461556746,22.60807227818701,0
        </coordinates></LinearRing></outerBoundaryIs>
      </Polygon>
    </Placemark>
    <Placemark>
      <name>gap_0438</name>
      <description>confidence: 0.4823</description>
      <styleUrl>#gapStyle</styleUrl>
      <Polygon>
        <outerBoundaryIs><LinearRing><coordinates>
          113.82305983021601,22.60598577264088,0
          113.8230897485985,22.60598577264088,0
          113.8230897485985,22.60601019336466,0
          113.82305983021601,22.60601019336466,0
          113.82305983021601,22.60598577264088,0
        </coordinates></LinearRing></outerBoundaryIs>
      </Polygon>
    </Placemark>
    <Placemark>
      <name>gap_0439</name>
      <description>confidence: 0.4820</description>
      <styleUrl>#gapStyle</styleUrl>
      <Polygon>
        <outerBoundaryIs><LinearRing><coordinates>
          113.81151936848548,22.59292399308773,0
          113.81157642097823,22.59292399308773,0
          113.81157642097823,22.592946602131438,0
          113.81151936848548,22.592946602131438,0
          113.81151936848548,22.59292399308773,0
        </coordinates></LinearRing></outerBoundaryIs>
      </Polygon>
    </Placemark>
    <Placemark>
      <name>gap_0440</name>
      <description>confidence: 0.4818</description>
      <styleUrl>#gapStyle</styleUrl>
      <Polygon>
        <outerBoundaryIs><LinearRing><coordinates>
          113.8255142961047,22.55049187960892,0
          113.8255819578084,22.55049187960892,0
          113.8255819578084,22.550514297850373,0
          113.8255142961047,22.550514297850373,0
          113.8255142961047,22.55049187960892,0
        </coordinates></LinearRing></outerBoundaryIs>
      </Polygon>
    </Placemark>
    <Placemark>
      <name>gap_0441</name>
      <description>confidence: 0.4818</description>
      <styleUrl>#gapStyle</styleUrl>
      <Polygon>
        <outerBoundaryIs><LinearRing><coordinates>
          113.82964056132047,22.56430971007826,0
          113.82969532398155,22.56430971007826,0
          113.82969532398155,22.564335998879685,0
          113.82964056132047,22.564335998879685,0
          113.82964056132047,22.56430971007826,0
        </coordinates></LinearRing></outerBoundaryIs>
      </Polygon>
    </Placemark>
    <Placemark>
      <name>gap_0442</name>
      <description>confidence: 0.4815</description>
      <styleUrl>#gapStyle</styleUrl>
      <Polygon>
        <outerBoundaryIs><LinearRing><coordinates>
          113.82142232165934,22.54513631802599,0
          113.82152030692404,22.54513631802599,0
          113.82152030692404,22.545166391931552,0
          113.82142232165934,22.545166391931552,0
          113.82142232165934,22.54513631802599,0
        </coordinates></LinearRing></outerBoundaryIs>
      </Polygon>
    </Placemark>
    <Placemark>
      <name>gap_0443</name>
      <description>confidence: 0.4805</description>
      <styleUrl>#gapStyle</styleUrl>
      <Polygon>
        <outerBoundaryIs><LinearRing><coordinates>
          113.82211887163805,22.6010272626663,0
          113.82218806516214,22.6010272626663,0
          113.82218806516214,22.601046621891722,0
          113.82211887163805,22.601046621891722,0
          113.82211887163805,22.6010272626663,0
        </coordinates></LinearRing></outerBoundaryIs>
      </Polygon>
    </Placemark>
    <Placemark>
      <name>gap_0444</name>
      <description>confidence: 0.4798</description>
      <styleUrl>#gapStyle</styleUrl>
      <Polygon>
        <outerBoundaryIs><LinearRing><coordinates>
          113.82956383595729,22.575340732977498,0
          113.82961012944583,22.575340732977498,0
          113.82961012944583,22.575364038293902,0
          113.82956383595729,22.575364038293902,0
          113.82956383595729,22.575340732977498,0
        </coordinates></LinearRing></outerBoundaryIs>
      </Polygon>
    </Placemark>
    <Placemark>
      <name>gap_0445</name>
      <description>confidence: 0.4795</description>
      <styleUrl>#gapStyle</styleUrl>
      <Polygon>
        <outerBoundaryIs><LinearRing><coordinates>
          113.81220654467941,22.61228360240323,0
          113.812263618045,22.61228360240323,0
          113.812263618045,22.61231633314421,0
          113.81220654467941,22.61231633314421,0
          113.81220654467941,22.61228360240323,0
        </coordinates></LinearRing></outerBoundaryIs>
      </Polygon>
    </Placemark>
    <Placemark>
      <name>gap_0446</name>
      <description>confidence: 0.4795</description>
      <styleUrl>#gapStyle</styleUrl>
      <Polygon>
        <outerBoundaryIs><LinearRing><coordinates>
          113.82097698846601,22.6050561325,0
          113.82104129447295,22.6050561325,0
          113.82104129447295,22.605077359925854,0
          113.82097698846601,22.605077359925854,0
          113.82097698846601,22.6050561325,0
        </coordinates></LinearRing></outerBoundaryIs>
      </Polygon>
    </Placemark>
    <Placemark>
      <name>gap_0447</name>
      <description>confidence: 0.4788</description>
      <styleUrl>#gapStyle</styleUrl>
      <Polygon>
        <outerBoundaryIs><LinearRing><coordinates>
          113.82600422832176,22.60781102480206,0
          113.82603713160127,22.60781102480206,0
          113.82603713160127,22.607831238544907,0
          113.82600422832176,22.607831238544907,0
          113.82600422832176,22.60781102480206,0
        </coordinates></LinearRing></outerBoundaryIs>
      </Polygon>
    </Placemark>
    <Placemark>
      <name>gap_0448</name>
      <description>confidence: 0.4784</description>
      <styleUrl>#gapStyle</styleUrl>
      <Polygon>
        <outerBoundaryIs><LinearRing><coordinates>
          113.83087380725742,22.61001272354498,0
          113.83090689251938,22.61001272354498,0
          113.83090689251938,22.61003044343445,0
          113.83087380725742,22.61003044343445,0
          113.83087380725742,22.61001272354498,0
        </coordinates></LinearRing></outerBoundaryIs>
      </Polygon>
    </Placemark>
    <Placemark>
      <name>gap_0449</name>
      <description>confidence: 0.4765</description>
      <styleUrl>#gapStyle</styleUrl>
      <Polygon>
        <outerBoundaryIs><LinearRing><coordinates>
          113.81092741800398,22.61320562848754,0
          113.81096402060439,22.61320562848754,0
          113.81096402060439,22.613233264773598,0
          113.81092741800398,22.613233264773598,0
          113.81092741800398,22.61320562848754,0
        </coordinates></LinearRing></outerBoundaryIs>
      </Polygon>
    </Placemark>
    <Placemark>
      <name>gap_0450</name>
      <description>confidence: 0.4761</description>
      <styleUrl>#gapStyle</styleUrl>
      <Polygon>
        <outerBoundaryIs><LinearRing><coordinates>
          113.8300488716123,22.53736744326869,0
          113.83019740097478,22.53736744326869,0
          113.83019740097478,22.537409788435703,0
          113.8300488716123,22.537409788435703,0
          113.8300488716123,22.53736744326869,0
        </coordinates></LinearRing></outerBoundaryIs>
      </Polygon>
    </Placemark>
    <Placemark>
      <name>gap_0451</name>
      <description>confidence: 0.4750</description>
      <styleUrl>#gapStyle</styleUrl>
      <Polygon>
        <outerBoundaryIs><LinearRing><coordinates>
          113.83025552850029,22.60660429859784,0
          113.83028890866265,22.60660429859784,0
          113.83028890866265,22.606631528804975,0
          113.83025552850029,22.606631528804975,0
          113.83025552850029,22.60660429859784,0
        </coordinates></LinearRing></outerBoundaryIs>
      </Polygon>
    </Placemark>
    <Placemark>
      <name>gap_0452</name>
      <description>confidence: 0.4750</description>
      <styleUrl>#gapStyle</styleUrl>
      <Polygon>
        <outerBoundaryIs><LinearRing><coordinates>
          113.82336382375564,22.55704312761132,0
          113.82342047704522,22.55704312761132,0
          113.82342047704522,22.557062540655913,0
          113.82336382375564,22.557062540655913,0
          113.82336382375564,22.55704312761132,0
        </coordinates></LinearRing></outerBoundaryIs>
      </Polygon>
    </Placemark>
    <Placemark>
      <name>gap_0453</name>
      <description>confidence: 0.4745</description>
      <styleUrl>#gapStyle</styleUrl>
      <Polygon>
        <outerBoundaryIs><LinearRing><coordinates>
          113.81520695159533,22.6002251104349,0
          113.8152221692823,22.6002251104349,0
          113.8152221692823,22.600248085182923,0
          113.81520695159533,22.600248085182923,0
          113.81520695159533,22.6002251104349,0
        </coordinates></LinearRing></outerBoundaryIs>
      </Polygon>
    </Placemark>
    <Placemark>
      <name>gap_0454</name>
      <description>confidence: 0.4741</description>
      <styleUrl>#gapStyle</styleUrl>
      <Polygon>
        <outerBoundaryIs><LinearRing><coordinates>
          113.83136651071143,22.610170563869104,0
          113.83139595806367,22.610170563869104,0
          113.83139595806367,22.610189571735166,0
          113.83136651071143,22.610189571735166,0
          113.83136651071143,22.610170563869104,0
        </coordinates></LinearRing></outerBoundaryIs>
      </Polygon>
    </Placemark>
    <Placemark>
      <name>gap_0455</name>
      <description>confidence: 0.4738</description>
      <styleUrl>#gapStyle</styleUrl>
      <Polygon>
        <outerBoundaryIs><LinearRing><coordinates>
          113.8325903143516,22.596637410810242,0
          113.83261106669539,22.596637410810242,0
          113.83261106669539,22.596660185445092,0
          113.8325903143516,22.596660185445092,0
          113.8325903143516,22.596637410810242,0
        </coordinates></LinearRing></outerBoundaryIs>
      </Polygon>
    </Placemark>
    <Placemark>
      <name>gap_0456</name>
      <description>confidence: 0.4734</description>
      <styleUrl>#gapStyle</styleUrl>
      <Polygon>
        <outerBoundaryIs><LinearRing><coordinates>
          113.83134624941127,22.59542450311645,0
          113.83139604978135,22.59542450311645,0
          113.83139604978135,22.595479410045645,0
          113.83134624941127,22.595479410045645,0
          113.83134624941127,22.59542450311645,0
        </coordinates></LinearRing></outerBoundaryIs>
      </Polygon>
    </Placemark>
    <Placemark>
      <name>gap_0457</name>
      <description>confidence: 0.4733</description>
      <styleUrl>#gapStyle</styleUrl>
      <Polygon>
        <outerBoundaryIs><LinearRing><coordinates>
          113.82686553187068,22.548117209988764,0
          113.82695011661274,22.548117209988764,0
          113.82695011661274,22.548140912768933,0
          113.82686553187068,22.548140912768933,0
          113.82686553187068,22.548117209988764,0
        </coordinates></LinearRing></outerBoundaryIs>
      </Polygon>
    </Placemark>
    <Placemark>
      <name>gap_0458</name>
      <description>confidence: 0.4732</description>
      <styleUrl>#gapStyle</styleUrl>
      <Polygon>
        <outerBoundaryIs><LinearRing><coordinates>
          113.82465260964162,22.545187660284533,0
          113.82473922928027,22.545187660284533,0
          113.82473922928027,22.545207085443554,0
          113.82465260964162,22.545207085443554,0
          113.82465260964162,22.545187660284533,0
        </coordinates></LinearRing></outerBoundaryIs>
      </Polygon>
    </Placemark>
    <Placemark>
      <name>gap_0459</name>
      <description>confidence: 0.4726</description>
      <styleUrl>#gapStyle</styleUrl>
      <Polygon>
        <outerBoundaryIs><LinearRing><coordinates>
          113.82925120753117,22.60508336033336,0
          113.82930752382681,22.60508336033336,0
          113.82930752382681,22.605117959960303,0
          113.82925120753117,22.605117959960303,0
          113.82925120753117,22.60508336033336,0
        </coordinates></LinearRing></outerBoundaryIs>
      </Polygon>
    </Placemark>
    <Placemark>
      <name>gap_0460</name>
      <description>confidence: 0.4724</description>
      <styleUrl>#gapStyle</styleUrl>
      <Polygon>
        <outerBoundaryIs><LinearRing><coordinates>
          113.82549451479785,22.57637355417357,0
          113.82556309032236,22.57637355417357,0
          113.82556309032236,22.576400067419346,0
          113.82549451479785,22.576400067419346,0
          113.82549451479785,22.57637355417357,0
        </coordinates></LinearRing></outerBoundaryIs>
      </Polygon>
    </Placemark>
    <Placemark>
      <name>gap_0461</name>
      <description>confidence: 0.4713</description>
      <styleUrl>#gapStyle</styleUrl>
      <Polygon>
        <outerBoundaryIs><LinearRing><coordinates>
          113.82364757281617,22.543273630315586,0
          113.82378500708089,22.543273630315586,0
          113.82378500708089,22.543310740576025,0
          113.82364757281617,22.543310740576025,0
          113.82364757281617,22.543273630315586,0
        </coordinates></LinearRing></outerBoundaryIs>
      </Polygon>
    </Placemark>
    <Placemark>
      <name>gap_0462</name>
      <description>confidence: 0.4712</description>
      <styleUrl>#gapStyle</styleUrl>
      <Polygon>
        <outerBoundaryIs><LinearRing><coordinates>
          113.81744446054859,22.603702377587688,0
          113.81747195882838,22.603702377587688,0
          113.81747195882838,22.603721510363336,0
          113.81744446054859,22.603721510363336,0
          113.81744446054859,22.603702377587688,0
        </coordinates></LinearRing></outerBoundaryIs>
      </Polygon>
    </Placemark>
    <Placemark>
      <name>gap_0463</name>
      <description>confidence: 0.4710</description>
      <styleUrl>#gapStyle</styleUrl>
      <Polygon>
        <outerBoundaryIs><LinearRing><coordinates>
          113.82764274229416,22.60595958799898,0
          113.82769711758002,22.60595958799898,0
          113.82769711758002,22.605998416380086,0
          113.82764274229416,22.605998416380086,0
          113.82764274229416,22.60595958799898,0
        </coordinates></LinearRing></outerBoundaryIs>
      </Polygon>
    </Placemark>
    <Placemark>
      <name>gap_0464</name>
      <description>confidence: 0.4702</description>
      <styleUrl>#gapStyle</styleUrl>
      <Polygon>
        <outerBoundaryIs><LinearRing><coordinates>
          113.82721157848044,22.54647512627075,0
          113.82728542394516,22.54647512627075,0
          113.82728542394516,22.546498259099792,0
          113.82721157848044,22.546498259099792,0
          113.82721157848044,22.54647512627075,0
        </coordinates></LinearRing></outerBoundaryIs>
      </Polygon>
    </Placemark>
    <Placemark>
      <name>gap_0465</name>
      <description>confidence: 0.4702</description>
      <styleUrl>#gapStyle</styleUrl>
      <Polygon>
        <outerBoundaryIs><LinearRing><coordinates>
          113.82461794011114,22.547647463970602,0
          113.8246996499683,22.547647463970602,0
          113.8246996499683,22.54767474525479,0
          113.82461794011114,22.54767474525479,0
          113.82461794011114,22.547647463970602,0
        </coordinates></LinearRing></outerBoundaryIs>
      </Polygon>
    </Placemark>
    <Placemark>
      <name>gap_0466</name>
      <description>confidence: 0.4693</description>
      <styleUrl>#gapStyle</styleUrl>
      <Polygon>
        <outerBoundaryIs><LinearRing><coordinates>
          113.82799760210989,22.564777312456442,0
          113.82807803000674,22.564777312456442,0
          113.82807803000674,22.564812214780392,0
          113.82799760210989,22.564812214780392,0
          113.82799760210989,22.564777312456442,0
        </coordinates></LinearRing></outerBoundaryIs>
      </Polygon>
    </Placemark>
    <Placemark>
      <name>gap_0467</name>
      <description>confidence: 0.4689</description>
      <styleUrl>#gapStyle</styleUrl>
      <Polygon>
        <outerBoundaryIs><LinearRing><coordinates>
          113.81242849558346,22.60155508904146,0
          113.81246546877895,22.60155508904146,0
          113.81246546877895,22.601592428002665,0
          113.81242849558346,22.601592428002665,0
          113.81242849558346,22.60155508904146,0
        </coordinates></LinearRing></outerBoundaryIs>
      </Polygon>
    </Placemark>
    <Placemark>
      <name>gap_0468</name>
      <description>confidence: 0.4689</description>
      <styleUrl>#gapStyle</styleUrl>
      <Polygon>
        <outerBoundaryIs><LinearRing><coordinates>
          113.83049858003795,22.52356713505174,0
          113.83056618362512,22.52356713505174,0
          113.83056618362512,22.5235934148492,0
          113.83049858003795,22.5235934148492,0
          113.83049858003795,22.52356713505174,0
        </coordinates></LinearRing></outerBoundaryIs>
      </Polygon>
    </Placemark>
    <Placemark>
      <name>gap_0469</name>
      <description>confidence: 0.4675</description>
      <styleUrl>#gapStyle</styleUrl>
      <Polygon>
        <outerBoundaryIs><LinearRing><coordinates>
          113.82952099986943,22.549132453506886,0
          113.8295986608062,22.549132453506886,0
          113.8295986608062,22.54915688217053,0
          113.82952099986943,22.54915688217053,0
          113.82952099986943,22.549132453506886,0
        </coordinates></LinearRing></outerBoundaryIs>
      </Polygon>
    </Placemark>
    <Placemark>
      <name>gap_0470</name>
      <description>confidence: 0.4674</description>
      <styleUrl>#gapStyle</styleUrl>
      <Polygon>
        <outerBoundaryIs><LinearRing><coordinates>
          113.82798900565398,22.60910249075982,0
          113.82801294671187,22.60910249075982,0
          113.82801294671187,22.60911920637952,0
          113.82798900565398,22.60911920637952,0
          113.82798900565398,22.60910249075982,0
        </coordinates></LinearRing></outerBoundaryIs>
      </Polygon>
    </Placemark>
    <Placemark>
      <name>gap_0471</name>
      <description>confidence: 0.4668</description>
      <styleUrl>#gapStyle</styleUrl>
      <Polygon>
        <outerBoundaryIs><LinearRing><coordinates>
          113.82951214876495,22.606228637223442,0
          113.82956002596947,22.606228637223442,0
          113.82956002596947,22.606262893553666,0
          113.82951214876495,22.606262893553666,0
          113.82951214876495,22.606228637223442,0
        </coordinates></LinearRing></outerBoundaryIs>
      </Polygon>
    </Placemark>
    <Placemark>
      <name>gap_0472</name>
      <description>confidence: 0.4662</description>
      <styleUrl>#gapStyle</styleUrl>
      <Polygon>
        <outerBoundaryIs><LinearRing><coordinates>
          113.82255237468246,22.608534361951794,0
          113.82260284895855,22.608534361951794,0
          113.82260284895855,22.608581252321496,0
          113.82255237468246,22.608581252321496,0
          113.82255237468246,22.608534361951794,0
        </coordinates></LinearRing></outerBoundaryIs>
      </Polygon>
    </Placemark>
    <Placemark>
      <name>gap_0473</name>
      <description>confidence: 0.4661</description>
      <styleUrl>#gapStyle</styleUrl>
      <Polygon>
        <outerBoundaryIs><LinearRing><coordinates>
          113.83075690946639,22.595899208990453,0
          113.83080905831669,22.595899208990453,0
          113.83080905831669,22.595956025313228,0
          113.83075690946639,22.595956025313228,0
          113.83075690946639,22.595899208990453,0
        </coordinates></LinearRing></outerBoundaryIs>
      </Polygon>
    </Placemark>
    <Placemark>
      <name>gap_0474</name>
      <description>confidence: 0.4658</description>
      <styleUrl>#gapStyle</styleUrl>
      <Polygon>
        <outerBoundaryIs><LinearRing><coordinates>
          113.83169951323288,22.596658508742674,0
          113.83176907051724,22.596658508742674,0
          113.83176907051724,22.596709067083086,0
          113.83169951323288,22.596709067083086,0
          113.83169951323288,22.596658508742674,0
        </coordinates></LinearRing></outerBoundaryIs>
      </Polygon>
    </Placemark>
    <Placemark>
      <name>gap_0475</name>
      <description>confidence: 0.4653</description>
      <styleUrl>#gapStyle</styleUrl>
      <Polygon>
        <outerBoundaryIs><LinearRing><coordinates>
          113.83132063283786,22.537355617785472,0
          113.83139168216145,22.537355617785472,0
          113.83139168216145,22.537373718051633,0
          113.83132063283786,22.537373718051633,0
          113.83132063283786,22.537355617785472,0
        </coordinates></LinearRing></outerBoundaryIs>
      </Polygon>
    </Placemark>
    <Placemark>
      <name>gap_0476</name>
      <description>confidence: 0.4650</description>
      <styleUrl>#gapStyle</styleUrl>
      <Polygon>
        <outerBoundaryIs><LinearRing><coordinates>
          113.8310984177083,22.53691205100683,0
          113.83115719249628,22.53691205100683,0
          113.83115719249628,22.536939139033134,0
          113.8310984177083,22.536939139033134,0
          113.8310984177083,22.53691205100683,0
        </coordinates></LinearRing></outerBoundaryIs>
      </Polygon>
    </Placemark>
    <Placemark>
      <name>gap_0477</name>
      <description>confidence: 0.4649</description>
      <styleUrl>#gapStyle</styleUrl>
      <Polygon>
        <outerBoundaryIs><LinearRing><coordinates>
          113.83093885062789,22.602177118871825,0
          113.8310274077566,22.602177118871825,0
          113.8310274077566,22.60223226587953,0
          113.83093885062789,22.60223226587953,0
          113.83093885062789,22.602177118871825,0
        </coordinates></LinearRing></outerBoundaryIs>
      </Polygon>
    </Placemark>
    <Placemark>
      <name>gap_0478</name>
      <description>confidence: 0.4643</description>
      <styleUrl>#gapStyle</styleUrl>
      <Polygon>
        <outerBoundaryIs><LinearRing><coordinates>
          113.82248454157597,22.58454486499351,0
          113.8225657017,22.58454486499351,0
          113.8225657017,22.584575897821594,0
          113.82248454157597,22.584575897821594,0
          113.82248454157597,22.58454486499351,0
        </coordinates></LinearRing></outerBoundaryIs>
      </Polygon>
    </Placemark>
    <Placemark>
      <name>gap_0479</name>
      <description>confidence: 0.4642</description>
      <styleUrl>#gapStyle</styleUrl>
      <Polygon>
        <outerBoundaryIs><LinearRing><coordinates>
          113.8311000998131,22.524800470332597,0
          113.83114789941979,22.524800470332597,0
          113.83114789941979,22.524824564949053,0
          113.8311000998131,22.524824564949053,0
          113.8311000998131,22.524800470332597,0
        </coordinates></LinearRing></outerBoundaryIs>
      </Polygon>
    </Placemark>
    <Placemark>
      <name>gap_0480</name>
      <description>confidence: 0.4640</description>
      <styleUrl>#gapStyle</styleUrl>
      <Polygon>
        <outerBoundaryIs><LinearRing><coordinates>
          113.82595070636644,22.543310690808642,0
          113.8259989177,22.543310690808642,0
          113.8259989177,22.543343356874534,0
          113.82595070636644,22.543343356874534,0
          113.82595070636644,22.543310690808642,0
        </coordinates></LinearRing></outerBoundaryIs>
      </Polygon>
    </Placemark>
    <Placemark>
      <name>gap_0481</name>
      <description>confidence: 0.4627</description>
      <styleUrl>#gapStyle</styleUrl>
      <Polygon>
        <outerBoundaryIs><LinearRing><coordinates>
          113.812990011264,22.615220030468286,0
          113.81307050501259,22.615220030468286,0
          113.81307050501259,22.615294751691593,0
          113.812990011264,22.615294751691593,0
          113.812990011264,22.615220030468286,0
        </coordinates></LinearRing></outerBoundaryIs>
      </Polygon>
    </Placemark>
    <Placemark>
      <name>gap_0482</name>
      <description>confidence: 0.4621</description>
      <styleUrl>#gapStyle</styleUrl>
      <Polygon>
        <outerBoundaryIs><LinearRing><coordinates>
          113.82145474674633,22.60267014923124,0
          113.8214924272853,22.60267014923124,0
          113.8214924272853,22.602686703106947,0
          113.82145474674633,22.602686703106947,0
          113.82145474674633,22.60267014923124,0
        </coordinates></LinearRing></outerBoundaryIs>
      </Polygon>
    </Placemark>
    <Placemark>
      <name>gap_0483</name>
      <description>confidence: 0.4617</description>
      <styleUrl>#gapStyle</styleUrl>
      <Polygon>
        <outerBoundaryIs><LinearRing><coordinates>
          113.82571640416796,22.60697696120093,0
          113.82579392153238,22.60697696120093,0
          113.82579392153238,22.60705229051945,0
          113.82571640416796,22.60705229051945,0
          113.82571640416796,22.60697696120093,0
        </coordinates></LinearRing></outerBoundaryIs>
      </Polygon>
    </Placemark>
    <Placemark>
      <name>gap_0484</name>
      <description>confidence: 0.4614</description>
      <styleUrl>#gapStyle</styleUrl>
      <Polygon>
        <outerBoundaryIs><LinearRing><coordinates>
          113.83075449741865,22.59618360930384,0
          113.83081184814479,22.59618360930384,0
          113.83081184814479,22.596232875083818,0
          113.83075449741865,22.596232875083818,0
          113.83075449741865,22.59618360930384,0
        </coordinates></LinearRing></outerBoundaryIs>
      </Polygon>
    </Placemark>
    <Placemark>
      <name>gap_0485</name>
      <description>confidence: 0.4609</description>
      <styleUrl>#gapStyle</styleUrl>
      <Polygon>
        <outerBoundaryIs><LinearRing><coordinates>
          113.82834391274054,22.5381084205,0
          113.82842681947051,22.5381084205,0
          113.82842681947051,22.538132620708435,0
          113.82834391274054,22.538132620708435,0
          113.82834391274054,22.5381084205,0
        </coordinates></LinearRing></outerBoundaryIs>
      </Polygon>
    </Placemark>
    <Placemark>
      <name>gap_0486</name>
      <description>confidence: 0.4607</description>
      <styleUrl>#gapStyle</styleUrl>
      <Polygon>
        <outerBoundaryIs><LinearRing><coordinates>
          113.83065960117723,22.52503165153092,0
          113.83073945294295,22.52503165153092,0
          113.83073945294295,22.525050675440415,0
          113.83065960117723,22.525050675440415,0
          113.83065960117723,22.52503165153092,0
        </coordinates></LinearRing></outerBoundaryIs>
      </Polygon>
    </Placemark>
    <Placemark>
      <name>gap_0487</name>
      <description>confidence: 0.4602</description>
      <styleUrl>#gapStyle</styleUrl>
      <Polygon>
        <outerBoundaryIs><LinearRing><coordinates>
          113.81993380228138,22.604926579612478,0
          113.81995634395905,22.604926579612478,0
          113.81995634395905,22.604943947446827,0
          113.81993380228138,22.604943947446827,0
          113.81993380228138,22.604926579612478,0
        </coordinates></LinearRing></outerBoundaryIs>
      </Polygon>
    </Placemark>
    <Placemark>
      <name>gap_0488</name>
      <description>confidence: 0.4601</description>
      <styleUrl>#gapStyle</styleUrl>
      <Polygon>
        <outerBoundaryIs><LinearRing><coordinates>
          113.82112960632541,22.605151004683947,0
          113.82118238299779,22.605151004683947,0
          113.82118238299779,22.605195713146813,0
          113.82112960632541,22.605195713146813,0
          113.82112960632541,22.605151004683947,0
        </coordinates></LinearRing></outerBoundaryIs>
      </Polygon>
    </Placemark>
    <Placemark>
      <name>gap_0489</name>
      <description>confidence: 0.4600</description>
      <styleUrl>#gapStyle</styleUrl>
      <Polygon>
        <outerBoundaryIs><LinearRing><coordinates>
          113.81504979459046,22.616214084499997,0
          113.81509008095944,22.616214084499997,0
          113.81509008095944,22.616262582323422,0
          113.81504979459046,22.616262582323422,0
          113.81504979459046,22.616214084499997,0
        </coordinates></LinearRing></outerBoundaryIs>
      </Polygon>
    </Placemark>
    <Placemark>
      <name>gap_0490</name>
      <description>confidence: 0.4595</description>
      <styleUrl>#gapStyle</styleUrl>
      <Polygon>
        <outerBoundaryIs><LinearRing><coordinates>
          113.82079028682516,22.6124140415932,0
          113.82083323542169,22.6124140415932,0
          113.82083323542169,22.61245338123594,0
          113.82079028682516,22.61245338123594,0
          113.82079028682516,22.6124140415932,0
        </coordinates></LinearRing></outerBoundaryIs>
      </Polygon>
    </Placemark>
    <Placemark>
      <name>gap_0491</name>
      <description>confidence: 0.4592</description>
      <styleUrl>#gapStyle</styleUrl>
      <Polygon>
        <outerBoundaryIs><LinearRing><coordinates>
          113.82487943262305,22.543666109484253,0
          113.8249643722135,22.543666109484253,0
          113.8249643722135,22.54369681505905,0
          113.82487943262305,22.54369681505905,0
          113.82487943262305,22.543666109484253,0
        </coordinates></LinearRing></outerBoundaryIs>
      </Polygon>
    </Placemark>
    <Placemark>
      <name>gap_0492</name>
      <description>confidence: 0.4592</description>
      <styleUrl>#gapStyle</styleUrl>
      <Polygon>
        <outerBoundaryIs><LinearRing><coordinates>
          113.820307730433,22.611194310979492,0
          113.82042819203522,22.611194310979492,0
          113.82042819203522,22.611278354010132,0
          113.820307730433,22.611278354010132,0
          113.820307730433,22.611194310979492,0
        </coordinates></LinearRing></outerBoundaryIs>
      </Polygon>
    </Placemark>
    <Placemark>
      <name>gap_0493</name>
      <description>confidence: 0.4584</description>
      <styleUrl>#gapStyle</styleUrl>
      <Polygon>
        <outerBoundaryIs><LinearRing><coordinates>
          113.81021414352439,22.610056458351565,0
          113.81034303842654,22.610056458351565,0
          113.81034303842654,22.610123100192247,0
          113.81021414352439,22.610123100192247,0
          113.81021414352439,22.610056458351565,0
        </coordinates></LinearRing></outerBoundaryIs>
      </Polygon>
    </Placemark>
    <Placemark>
      <name>gap_0494</name>
      <description>confidence: 0.4583</description>
      <styleUrl>#gapStyle</styleUrl>
      <Polygon>
        <outerBoundaryIs><LinearRing><coordinates>
          113.827390846405,22.544942824815386,0
          113.82746304876845,22.544942824815386,0
          113.82746304876845,22.54496140605711,0
          113.827390846405,22.54496140605711,0
          113.827390846405,22.544942824815386,0
        </coordinates></LinearRing></outerBoundaryIs>
      </Polygon>
    </Placemark>
    <Placemark>
      <name>gap_0495</name>
      <description>confidence: 0.4578</description>
      <styleUrl>#gapStyle</styleUrl>
      <Polygon>
        <outerBoundaryIs><LinearRing><coordinates>
          113.82125877527558,22.544674374191043,0
          113.82134154776458,22.544674374191043,0
          113.82134154776458,22.544699063151192,0
          113.82125877527558,22.544699063151192,0
          113.82125877527558,22.544674374191043,0
        </coordinates></LinearRing></outerBoundaryIs>
      </Polygon>
    </Placemark>
    <Placemark>
      <name>gap_0496</name>
      <description>confidence: 0.4577</description>
      <styleUrl>#gapStyle</styleUrl>
      <Polygon>
        <outerBoundaryIs><LinearRing><coordinates>
          113.81932046242541,22.604609736838544,0
          113.81934527850521,22.604609736838544,0
          113.81934527850521,22.604627076023906,0
          113.81932046242541,22.604627076023906,0
          113.81932046242541,22.604609736838544,0
        </coordinates></LinearRing></outerBoundaryIs>
      </Polygon>
    </Placemark>
    <Placemark>
      <name>gap_0497</name>
      <description>confidence: 0.4576</description>
      <styleUrl>#gapStyle</styleUrl>
      <Polygon>
        <outerBoundaryIs><LinearRing><coordinates>
          113.82838938617228,22.525259692391014,0
          113.82847067108311,22.525259692391014,0
          113.82847067108311,22.52527909937839,0
          113.82838938617228,22.52527909937839,0
          113.82838938617228,22.525259692391014,0
        </coordinates></LinearRing></outerBoundaryIs>
      </Polygon>
    </Placemark>
    <Placemark>
      <name>gap_0498</name>
      <description>confidence: 0.4571</description>
      <styleUrl>#gapStyle</styleUrl>
      <Polygon>
        <outerBoundaryIs><LinearRing><coordinates>
          113.82545723157939,22.614958095851357,0
          113.82553827497925,22.614958095851357,0
          113.82553827497925,22.61506016400596,0
          113.82545723157939,22.61506016400596,0
          113.82545723157939,22.614958095851357,0
        </coordinates></LinearRing></outerBoundaryIs>
      </Polygon>
    </Placemark>
    <Placemark>
      <name>gap_0499</name>
      <description>confidence: 0.4571</description>
      <styleUrl>#gapStyle</styleUrl>
      <Polygon>
        <outerBoundaryIs><LinearRing><coordinates>
          113.8267545196661,22.542274897331346,0
          113.82684319302784,22.542274897331346,0
          113.82684319302784,22.542303960664366,0
          113.8267545196661,22.542303960664366,0
          113.8267545196661,22.542274897331346,0
        </coordinates></LinearRing></outerBoundaryIs>
      </Polygon>
    </Placemark>
    <Placemark>
      <name>gap_0500</name>
      <description>confidence: 0.4571</description>
      <styleUrl>#gapStyle</styleUrl>
      <Polygon>
        <outerBoundaryIs><LinearRing><coordinates>
          113.81055350312299,22.606029085488817,0
          113.8106943999145,22.606029085488817,0
          113.8106943999145,22.60615610118114,0
          113.81055350312299,22.60615610118114,0
          113.81055350312299,22.606029085488817,0
        </coordinates></LinearRing></outerBoundaryIs>
      </Polygon>
    </Placemark>
    <Placemark>
      <name>gap_0501</name>
      <description>confidence: 0.4566</description>
      <styleUrl>#gapStyle</styleUrl>
      <Polygon>
        <outerBoundaryIs><LinearRing><coordinates>
          113.81537205263682,22.598119019029394,0
          113.81538745441398,22.598119019029394,0
          113.81538745441398,22.59815409815852,0
          113.81537205263682,22.59815409815852,0
          113.81537205263682,22.598119019029394,0
        </coordinates></LinearRing></outerBoundaryIs>
      </Polygon>
    </Placemark>
    <Placemark>
      <name>gap_0502</name>
      <description>confidence: 0.4563</description>
      <styleUrl>#gapStyle</styleUrl>
      <Polygon>
        <outerBoundaryIs><LinearRing><coordinates>
          113.82868955138873,22.605616974151737,0
          113.82871679313732,22.605616974151737,0
          113.82871679313732,22.60565065815706,0
          113.82868955138873,22.60565065815706,0
          113.82868955138873,22.605616974151737,0
        </coordinates></LinearRing></outerBoundaryIs>
      </Polygon>
    </Placemark>
    <Placemark>
      <name>gap_0503</name>
      <description>confidence: 0.4563</description>
      <styleUrl>#gapStyle</styleUrl>
      <Polygon>
        <outerBoundaryIs><LinearRing><coordinates>
          113.8165575737,22.61321142037135,0
          113.81662088625215,22.61321142037135,0
          113.81662088625215,22.613283101446033,0
          113.8165575737,22.613283101446033,0
          113.8165575737,22.61321142037135,0
        </coordinates></LinearRing></outerBoundaryIs>
      </Polygon>
    </Placemark>
    <Placemark>
      <name>gap_0504</name>
      <description>confidence: 0.4558</description>
      <styleUrl>#gapStyle</styleUrl>
      <Polygon>
        <outerBoundaryIs><LinearRing><coordinates>
          113.82239151455049,22.57300156998051,0
          113.82245579665599,22.57300156998051,0
          113.82245579665599,22.57301778497963,0
          113.82239151455049,22.57301778497963,0
          113.82239151455049,22.57300156998051,0
        </coordinates></LinearRing></outerBoundaryIs>
      </Polygon>
    </Placemark>
    <Placemark>
      <name>gap_0505</name>
      <description>confidence: 0.4553</description>
      <styleUrl>#gapStyle</styleUrl>
      <Polygon>
        <outerBoundaryIs><LinearRing><coordinates>
          113.82034949294102,22.612760753186887,0
          113.82040492889422,22.612760753186887,0
          113.82040492889422,22.612802140331784,0
          113.82034949294102,22.612802140331784,0
          113.82034949294102,22.612760753186887,0
        </coordinates></LinearRing></outerBoundaryIs>
      </Polygon>
    </Placemark>
    <Placemark>
      <name>gap_0506</name>
      <description>confidence: 0.4544</description>
      <styleUrl>#gapStyle</styleUrl>
      <Polygon>
        <outerBoundaryIs><LinearRing><coordinates>
          113.8230026274798,22.605780718581848,0
          113.82310589872813,22.605780718581848,0
          113.82310589872813,22.605865875485094,0
          113.8230026274798,22.605865875485094,0
          113.8230026274798,22.605780718581848,0
        </coordinates></LinearRing></outerBoundaryIs>
      </Polygon>
    </Placemark>
    <Placemark>
      <name>gap_0507</name>
      <description>confidence: 0.4543</description>
      <styleUrl>#gapStyle</styleUrl>
      <Polygon>
        <outerBoundaryIs><LinearRing><coordinates>
          113.83109981974879,22.524803013953356,0
          113.83118909924124,22.524803013953356,0
          113.83118909924124,22.524827984246556,0
          113.83109981974879,22.524827984246556,0
          113.83109981974879,22.524803013953356,0
        </coordinates></LinearRing></outerBoundaryIs>
      </Polygon>
    </Placemark>
    <Placemark>
      <name>gap_0508</name>
      <description>confidence: 0.4542</description>
      <styleUrl>#gapStyle</styleUrl>
      <Polygon>
        <outerBoundaryIs><LinearRing><coordinates>
          113.82195739768108,22.57959481105388,0
          113.82203431169783,22.57959481105388,0
          113.82203431169783,22.579618069611048,0
          113.82195739768108,22.579618069611048,0
          113.82195739768108,22.57959481105388,0
        </coordinates></LinearRing></outerBoundaryIs>
      </Polygon>
    </Placemark>
    <Placemark>
      <name>gap_0509</name>
      <description>confidence: 0.4539</description>
      <styleUrl>#gapStyle</styleUrl>
      <Polygon>
        <outerBoundaryIs><LinearRing><coordinates>
          113.8260571592894,22.607832125312903,0
          113.82608993847786,22.607832125312903,0
          113.82608993847786,22.607855719963613,0
          113.8260571592894,22.607855719963613,0
          113.8260571592894,22.607832125312903,0
        </coordinates></LinearRing></outerBoundaryIs>
      </Polygon>
    </Placemark>
    <Placemark>
      <name>gap_0510</name>
      <description>confidence: 0.4539</description>
      <styleUrl>#gapStyle</styleUrl>
      <Polygon>
        <outerBoundaryIs><LinearRing><coordinates>
          113.82937980280585,22.539289953828856,0
          113.82953339992854,22.539289953828856,0
          113.82953339992854,22.539320444126982,0
          113.82937980280585,22.539320444126982,0
          113.82937980280585,22.539289953828856,0
        </coordinates></LinearRing></outerBoundaryIs>
      </Polygon>
    </Placemark>
    <Placemark>
      <name>gap_0511</name>
      <description>confidence: 0.4533</description>
      <styleUrl>#gapStyle</styleUrl>
      <Polygon>
        <outerBoundaryIs><LinearRing><coordinates>
          113.82270985763094,22.605788860992245,0
          113.8227418632149,22.605788860992245,0
          113.8227418632149,22.605816562025012,0
          113.82270985763094,22.605816562025012,0
          113.82270985763094,22.605788860992245,0
        </coordinates></LinearRing></outerBoundaryIs>
      </Polygon>
    </Placemark>
    <Placemark>
      <name>gap_0512</name>
      <description>confidence: 0.4532</description>
      <styleUrl>#gapStyle</styleUrl>
      <Polygon>
        <outerBoundaryIs><LinearRing><coordinates>
          113.82354469328133,22.576237649068982,0
          113.82361702444246,22.576237649068982,0
          113.82361702444246,22.576256757042792,0
          113.82354469328133,22.576256757042792,0
          113.82354469328133,22.576237649068982,0
        </coordinates></LinearRing></outerBoundaryIs>
      </Polygon>
    </Placemark>
    <Placemark>
      <name>gap_0513</name>
      <description>confidence: 0.4531</description>
      <styleUrl>#gapStyle</styleUrl>
      <Polygon>
        <outerBoundaryIs><LinearRing><coordinates>
          113.80990665748908,22.610817398381062,0
          113.80997044625903,22.610817398381062,0
          113.80997044625903,22.6108656440934,0
          113.80990665748908,22.6108656440934,0
          113.80990665748908,22.610817398381062,0
        </coordinates></LinearRing></outerBoundaryIs>
      </Polygon>
    </Placemark>
    <Placemark>
      <name>gap_0514</name>
      <description>confidence: 0.4527</description>
      <styleUrl>#gapStyle</styleUrl>
      <Polygon>
        <outerBoundaryIs><LinearRing><coordinates>
          113.81580000174772,22.603111621564313,0
          113.81582135048156,22.603111621564313,0
          113.81582135048156,22.60312881979666,0
          113.81580000174772,22.60312881979666,0
          113.81580000174772,22.603111621564313,0
        </coordinates></LinearRing></outerBoundaryIs>
      </Polygon>
    </Placemark>
    <Placemark>
      <name>gap_0515</name>
      <description>confidence: 0.4526</description>
      <styleUrl>#gapStyle</styleUrl>
      <Polygon>
        <outerBoundaryIs><LinearRing><coordinates>
          113.82139934881442,22.60572656237889,0
          113.82142345603643,22.60572656237889,0
          113.82142345603643,22.605743106104672,0
          113.82139934881442,22.605743106104672,0
          113.82139934881442,22.60572656237889,0
        </coordinates></LinearRing></outerBoundaryIs>
      </Polygon>
    </Placemark>
    <Placemark>
      <name>gap_0516</name>
      <description>confidence: 0.4525</description>
      <styleUrl>#gapStyle</styleUrl>
      <Polygon>
        <outerBoundaryIs><LinearRing><coordinates>
          113.8237064478756,22.57793981103225,0
          113.82378912885154,22.57793981103225,0
          113.82378912885154,22.577958476788485,0
          113.8237064478756,22.577958476788485,0
          113.8237064478756,22.57793981103225,0
        </coordinates></LinearRing></outerBoundaryIs>
      </Polygon>
    </Placemark>
    <Placemark>
      <name>gap_0517</name>
      <description>confidence: 0.4523</description>
      <styleUrl>#gapStyle</styleUrl>
      <Polygon>
        <outerBoundaryIs><LinearRing><coordinates>
          113.82502469171392,22.605872548325248,0
          113.82509710391074,22.605872548325248,0
          113.82509710391074,22.60594255204268,0
          113.82502469171392,22.60594255204268,0
          113.82502469171392,22.605872548325248,0
        </coordinates></LinearRing></outerBoundaryIs>
      </Polygon>
    </Placemark>
    <Placemark>
      <name>gap_0518</name>
      <description>confidence: 0.4515</description>
      <styleUrl>#gapStyle</styleUrl>
      <Polygon>
        <outerBoundaryIs><LinearRing><coordinates>
          113.8292775888279,22.580830919065537,0
          113.82933914264946,22.580830919065537,0
          113.82933914264946,22.58084818155347,0
          113.8292775888279,22.58084818155347,0
          113.8292775888279,22.580830919065537,0
        </coordinates></LinearRing></outerBoundaryIs>
      </Polygon>
    </Placemark>
    <Placemark>
      <name>gap_0519</name>
      <description>confidence: 0.4514</description>
      <styleUrl>#gapStyle</styleUrl>
      <Polygon>
        <outerBoundaryIs><LinearRing><coordinates>
          113.83160006089447,22.59908575449231,0
          113.83166236229087,22.59908575449231,0
          113.83166236229087,22.59914606355631,0
          113.83160006089447,22.59914606355631,0
          113.83160006089447,22.59908575449231,0
        </coordinates></LinearRing></outerBoundaryIs>
      </Polygon>
    </Placemark>
    <Placemark>
      <name>gap_0520</name>
      <description>confidence: 0.4513</description>
      <styleUrl>#gapStyle</styleUrl>
      <Polygon>
        <outerBoundaryIs><LinearRing><coordinates>
          113.82771452945195,22.537652688000726,0
          113.82781133225019,22.537652688000726,0
          113.82781133225019,22.5376792685,0
          113.82771452945195,22.5376792685,0
          113.82771452945195,22.537652688000726,0
        </coordinates></LinearRing></outerBoundaryIs>
      </Polygon>
    </Placemark>
    <Placemark>
      <name>gap_0521</name>
      <description>confidence: 0.4512</description>
      <styleUrl>#gapStyle</styleUrl>
      <Polygon>
        <outerBoundaryIs><LinearRing><coordinates>
          113.81732415641348,22.60666796591654,0
          113.81740500516393,22.60666796591654,0
          113.81740500516393,22.606685745641467,0
          113.81732415641348,22.606685745641467,0
          113.81732415641348,22.60666796591654,0
        </coordinates></LinearRing></outerBoundaryIs>
      </Polygon>
    </Placemark>
    <Placemark>
      <name>gap_0522</name>
      <description>confidence: 0.4511</description>
      <styleUrl>#gapStyle</styleUrl>
      <Polygon>
        <outerBoundaryIs><LinearRing><coordinates>
          113.83107412484085,22.569467279618333,0
          113.8311474603536,22.569467279618333,0
          113.8311474603536,22.569495510002525,0
          113.83107412484085,22.569495510002525,0
          113.83107412484085,22.569467279618333,0
        </coordinates></LinearRing></outerBoundaryIs>
      </Polygon>
    </Placemark>
    <Placemark>
      <name>gap_0523</name>
      <description>confidence: 0.4507</description>
      <styleUrl>#gapStyle</styleUrl>
      <Polygon>
        <outerBoundaryIs><LinearRing><coordinates>
          113.8238036362892,22.606678278364907,0
          113.82388317209752,22.606678278364907,0
          113.82388317209752,22.60674646123459,0
          113.8238036362892,22.60674646123459,0
          113.8238036362892,22.606678278364907,0
        </coordinates></LinearRing></outerBoundaryIs>
      </Polygon>
    </Placemark>
    <Placemark>
      <name>gap_0524</name>
      <description>confidence: 0.4494</description>
      <styleUrl>#gapStyle</styleUrl>
      <Polygon>
        <outerBoundaryIs><LinearRing><coordinates>
          113.82330862657129,22.588433218381706,0
          113.823389468446,22.588433218381706,0
          113.823389468446,22.5884526911799,0
          113.82330862657129,22.5884526911799,0
          113.82330862657129,22.588433218381706,0
        </coordinates></LinearRing></outerBoundaryIs>
      </Polygon>
    </Placemark>
    <Placemark>
      <name>gap_0525</name>
      <description>confidence: 0.4485</description>
      <styleUrl>#gapStyle</styleUrl>
      <Polygon>
        <outerBoundaryIs><LinearRing><coordinates>
          113.80991834003432,22.615225039948264,0
          113.80997019257225,22.615225039948264,0
          113.80997019257225,22.615266638768247,0
          113.80991834003432,22.615266638768247,0
          113.80991834003432,22.615225039948264,0
        </coordinates></LinearRing></outerBoundaryIs>
      </Polygon>
    </Placemark>
    <Placemark>
      <name>gap_0526</name>
      <description>confidence: 0.4480</description>
      <styleUrl>#gapStyle</styleUrl>
      <Polygon>
        <outerBoundaryIs><LinearRing><coordinates>
          113.82415479678404,22.573899750668968,0
          113.82421786716019,22.573899750668968,0
          113.82421786716019,22.573918672424362,0
          113.82415479678404,22.573918672424362,0
          113.82415479678404,22.573899750668968,0
        </coordinates></LinearRing></outerBoundaryIs>
      </Polygon>
    </Placemark>
    <Placemark>
      <name>gap_0527</name>
      <description>confidence: 0.4480</description>
      <styleUrl>#gapStyle</styleUrl>
      <Polygon>
        <outerBoundaryIs><LinearRing><coordinates>
          113.83173589437659,22.594078066587823,0
          113.83181827445634,22.594078066587823,0
          113.83181827445634,22.594176713060914,0
          113.83173589437659,22.594176713060914,0
          113.83173589437659,22.594078066587823,0
        </coordinates></LinearRing></outerBoundaryIs>
      </Polygon>
    </Placemark>
    <Placemark>
      <name>gap_0528</name>
      <description>confidence: 0.4475</description>
      <styleUrl>#gapStyle</styleUrl>
      <Polygon>
        <outerBoundaryIs><LinearRing><coordinates>
          113.82923399407393,22.604653018336304,0
          113.8293072442127,22.604653018336304,0
          113.8293072442127,22.604688689599058,0
          113.82923399407393,22.604688689599058,0
          113.82923399407393,22.604653018336304,0
        </coordinates></LinearRing></outerBoundaryIs>
      </Polygon>
    </Placemark>
    <Placemark>
      <name>gap_0529</name>
      <description>confidence: 0.4464</description>
      <styleUrl>#gapStyle</styleUrl>
      <Polygon>
        <outerBoundaryIs><LinearRing><coordinates>
          113.82970878681576,22.566687583719247,0
          113.82979898708665,22.566687583719247,0
          113.82979898708665,22.566708936341172,0
          113.82970878681576,22.566708936341172,0
          113.82970878681576,22.566687583719247,0
        </coordinates></LinearRing></outerBoundaryIs>
      </Polygon>
    </Placemark>
    <Placemark>
      <name>gap_0530</name>
      <description>confidence: 0.4464</description>
      <styleUrl>#gapStyle</styleUrl>
      <Polygon>
        <outerBoundaryIs><LinearRing><coordinates>
          113.81940574718499,22.604692123548475,0
          113.81942662100049,22.604692123548475,0
          113.81942662100049,22.60470757681196,0
          113.81940574718499,22.60470757681196,0
          113.81940574718499,22.604692123548475,0
        </coordinates></LinearRing></outerBoundaryIs>
      </Polygon>
    </Placemark>
    <Placemark>
      <name>gap_0531</name>
      <description>confidence: 0.4458</description>
      <styleUrl>#gapStyle</styleUrl>
      <Polygon>
        <outerBoundaryIs><LinearRing><coordinates>
          113.83218820658588,22.581437214995127,0
          113.8322473310552,22.581437214995127,0
          113.8322473310552,22.581491470855628,0
          113.83218820658588,22.581491470855628,0
          113.83218820658588,22.581437214995127,0
        </coordinates></LinearRing></outerBoundaryIs>
      </Polygon>
    </Placemark>
    <Placemark>
      <name>gap_0532</name>
      <description>confidence: 0.4447</description>
      <styleUrl>#gapStyle</styleUrl>
      <Polygon>
        <outerBoundaryIs><LinearRing><coordinates>
          113.81057452813351,22.590688952919983,0
          113.8106680539788,22.590688952919983,0
          113.8106680539788,22.5907070022728,0
          113.81057452813351,22.5907070022728,0
          113.81057452813351,22.590688952919983,0
        </coordinates></LinearRing></outerBoundaryIs>
      </Polygon>
    </Placemark>
    <Placemark>
      <name>gap_0533</name>
      <description>confidence: 0.4445</description>
      <styleUrl>#gapStyle</styleUrl>
      <Polygon>
        <outerBoundaryIs><LinearRing><coordinates>
          113.8258151379693,22.549489596237596,0
          113.82587574923919,22.549489596237596,0
          113.82587574923919,22.549510552562182,0
          113.8258151379693,22.549510552562182,0
          113.8258151379693,22.549489596237596,0
        </coordinates></LinearRing></outerBoundaryIs>
      </Polygon>
    </Placemark>
    <Placemark>
      <name>gap_0534</name>
      <description>confidence: 0.4444</description>
      <styleUrl>#gapStyle</styleUrl>
      <Polygon>
        <outerBoundaryIs><LinearRing><coordinates>
          113.81264572799937,22.612862148786057,0
          113.81269376023583,22.612862148786057,0
          113.81269376023583,22.61291748651416,0
          113.81264572799937,22.61291748651416,0
          113.81264572799937,22.612862148786057,0
        </coordinates></LinearRing></outerBoundaryIs>
      </Polygon>
    </Placemark>
    <Placemark>
      <name>gap_0535</name>
      <description>confidence: 0.4442</description>
      <styleUrl>#gapStyle</styleUrl>
      <Polygon>
        <outerBoundaryIs><LinearRing><coordinates>
          113.82231311561581,22.574416230019455,0
          113.82237491721017,22.574416230019455,0
          113.82237491721017,22.57443684370216,0
          113.82231311561581,22.57443684370216,0
          113.82231311561581,22.574416230019455,0
        </coordinates></LinearRing></outerBoundaryIs>
      </Polygon>
    </Placemark>
    <Placemark>
      <name>gap_0536</name>
      <description>confidence: 0.4437</description>
      <styleUrl>#gapStyle</styleUrl>
      <Polygon>
        <outerBoundaryIs><LinearRing><coordinates>
          113.82489735996188,22.546629799940508,0
          113.82497681137848,22.546629799940508,0
          113.82497681137848,22.54665427583405,0
          113.82489735996188,22.54665427583405,0
          113.82489735996188,22.546629799940508,0
        </coordinates></LinearRing></outerBoundaryIs>
      </Polygon>
    </Placemark>
    <Placemark>
      <name>gap_0537</name>
      <description>confidence: 0.4432</description>
      <styleUrl>#gapStyle</styleUrl>
      <Polygon>
        <outerBoundaryIs><LinearRing><coordinates>
          113.82115597718573,22.605015330121848,0
          113.82122676355254,22.605015330121848,0
          113.82122676355254,22.605056556505005,0
          113.82115597718573,22.605056556505005,0
          113.82115597718573,22.605015330121848,0
        </coordinates></LinearRing></outerBoundaryIs>
      </Polygon>
    </Placemark>
    <Placemark>
      <name>gap_0538</name>
      <description>confidence: 0.4426</description>
      <styleUrl>#gapStyle</styleUrl>
      <Polygon>
        <outerBoundaryIs><LinearRing><coordinates>
          113.81055944096316,22.5947104738179,0
          113.81064182374408,22.5947104738179,0
          113.81064182374408,22.594737908087676,0
          113.81055944096316,22.594737908087676,0
          113.81055944096316,22.5947104738179,0
        </coordinates></LinearRing></outerBoundaryIs>
      </Polygon>
    </Placemark>
    <Placemark>
      <name>gap_0539</name>
      <description>confidence: 0.4422</description>
      <styleUrl>#gapStyle</styleUrl>
      <Polygon>
        <outerBoundaryIs><LinearRing><coordinates>
          113.82283747499291,22.587968574093264,0
          113.82295015947977,22.587968574093264,0
          113.82295015947977,22.58806914992214,0
          113.82283747499291,22.58806914992214,0
          113.82283747499291,22.587968574093264,0
        </coordinates></LinearRing></outerBoundaryIs>
      </Polygon>
    </Placemark>
    <Placemark>
      <name>gap_0540</name>
      <description>confidence: 0.4422</description>
      <styleUrl>#gapStyle</styleUrl>
      <Polygon>
        <outerBoundaryIs><LinearRing><coordinates>
          113.82229836382277,22.579904625535587,0
          113.82234729338643,22.579904625535587,0
          113.82234729338643,22.579923837382438,0
          113.82229836382277,22.579923837382438,0
          113.82229836382277,22.579904625535587,0
        </coordinates></LinearRing></outerBoundaryIs>
      </Polygon>
    </Placemark>
    <Placemark>
      <name>gap_0541</name>
      <description>confidence: 0.4421</description>
      <styleUrl>#gapStyle</styleUrl>
      <Polygon>
        <outerBoundaryIs><LinearRing><coordinates>
          113.82864149778831,22.606166225855862,0
          113.82869662793405,22.606166225855862,0
          113.82869662793405,22.606195816821366,0
          113.82864149778831,22.606195816821366,0
          113.82864149778831,22.606166225855862,0
        </coordinates></LinearRing></outerBoundaryIs>
      </Polygon>
    </Placemark>
    <Placemark>
      <name>gap_0542</name>
      <description>confidence: 0.4420</description>
      <styleUrl>#gapStyle</styleUrl>
      <Polygon>
        <outerBoundaryIs><LinearRing><coordinates>
          113.82753545355747,22.608779749793868,0
          113.82755855986574,22.608779749793868,0
          113.82755855986574,22.60879524558064,0
          113.82753545355747,22.60879524558064,0
          113.82753545355747,22.608779749793868,0
        </coordinates></LinearRing></outerBoundaryIs>
      </Polygon>
    </Placemark>
    <Placemark>
      <name>gap_0543</name>
      <description>confidence: 0.4409</description>
      <styleUrl>#gapStyle</styleUrl>
      <Polygon>
        <outerBoundaryIs><LinearRing><coordinates>
          113.81547368675926,22.616951820630504,0
          113.81553597464972,22.616951820630504,0
          113.81553597464972,22.61698709563173,0
          113.81547368675926,22.61698709563173,0
          113.81547368675926,22.616951820630504,0
        </coordinates></LinearRing></outerBoundaryIs>
      </Polygon>
    </Placemark>
    <Placemark>
      <name>gap_0544</name>
      <description>confidence: 0.4409</description>
      <styleUrl>#gapStyle</styleUrl>
      <Polygon>
        <outerBoundaryIs><LinearRing><coordinates>
          113.83029094558515,22.598446309659085,0
          113.83034071580217,22.598446309659085,0
          113.83034071580217,22.598529485034696,0
          113.83029094558515,22.598529485034696,0
          113.83029094558515,22.598446309659085,0
        </coordinates></LinearRing></outerBoundaryIs>
      </Polygon>
    </Placemark>
    <Placemark>
      <name>gap_0545</name>
      <description>confidence: 0.4409</description>
      <styleUrl>#gapStyle</styleUrl>
      <Polygon>
        <outerBoundaryIs><LinearRing><coordinates>
          113.81243956866243,22.598461431678896,0
          113.81253531652312,22.598461431678896,0
          113.81253531652312,22.59853092859575,0
          113.81243956866243,22.59853092859575,0
          113.81243956866243,22.598461431678896,0
        </coordinates></LinearRing></outerBoundaryIs>
      </Polygon>
    </Placemark>
    <Placemark>
      <name>gap_0546</name>
      <description>confidence: 0.4409</description>
      <styleUrl>#gapStyle</styleUrl>
      <Polygon>
        <outerBoundaryIs><LinearRing><coordinates>
          113.82163031465421,22.613117001844106,0
          113.8217056510122,22.613117001844106,0
          113.8217056510122,22.61318520390861,0
          113.82163031465421,22.61318520390861,0
          113.82163031465421,22.613117001844106,0
        </coordinates></LinearRing></outerBoundaryIs>
      </Polygon>
    </Placemark>
    <Placemark>
      <name>gap_0547</name>
      <description>confidence: 0.4405</description>
      <styleUrl>#gapStyle</styleUrl>
      <Polygon>
        <outerBoundaryIs><LinearRing><coordinates>
          113.82424345889083,22.54668829789742,0
          113.82432597779537,22.54668829789742,0
          113.82432597779537,22.54671010084049,0
          113.82424345889083,22.54671010084049,0
          113.82424345889083,22.54668829789742,0
        </coordinates></LinearRing></outerBoundaryIs>
      </Polygon>
    </Placemark>
    <Placemark>
      <name>gap_0548</name>
      <description>confidence: 0.4402</description>
      <styleUrl>#gapStyle</styleUrl>
      <Polygon>
        <outerBoundaryIs><LinearRing><coordinates>
          113.83000091668718,22.6057706861364,0
          113.83004681774597,22.6057706861364,0
          113.83004681774597,22.605822539370088,0
          113.83000091668718,22.605822539370088,0
          113.83000091668718,22.6057706861364,0
        </coordinates></LinearRing></outerBoundaryIs>
      </Polygon>
    </Placemark>
    <Placemark>
      <name>gap_0549</name>
      <description>confidence: 0.4391</description>
      <styleUrl>#gapStyle</styleUrl>
      <Polygon>
        <outerBoundaryIs><LinearRing><coordinates>
          113.81385837658354,22.596398936889543,0
          113.8139418590763,22.596398936889543,0
          113.8139418590763,22.596477395495963,0
          113.81385837658354,22.596477395495963,0
          113.81385837658354,22.596398936889543,0
        </coordinates></LinearRing></outerBoundaryIs>
      </Polygon>
    </Placemark>
    <Placemark>
      <name>gap_0550</name>
      <description>confidence: 0.4390</description>
      <styleUrl>#gapStyle</styleUrl>
      <Polygon>
        <outerBoundaryIs><LinearRing><coordinates>
          113.82354289171026,22.545324750393068,0
          113.82367168494943,22.545324750393068,0
          113.82367168494943,22.545370326920235,0
          113.82354289171026,22.545370326920235,0
          113.82354289171026,22.545324750393068,0
        </coordinates></LinearRing></outerBoundaryIs>
      </Polygon>
    </Placemark>
    <Placemark>
      <name>gap_0551</name>
      <description>confidence: 0.4388</description>
      <styleUrl>#gapStyle</styleUrl>
      <Polygon>
        <outerBoundaryIs><LinearRing><coordinates>
          113.83141718188793,22.57185808029608,0
          113.83149360445178,22.57185808029608,0
          113.83149360445178,22.571883534798086,0
          113.83141718188793,22.571883534798086,0
          113.83141718188793,22.57185808029608,0
        </coordinates></LinearRing></outerBoundaryIs>
      </Polygon>
    </Placemark>
    <Placemark>
      <name>gap_0552</name>
      <description>confidence: 0.4386</description>
      <styleUrl>#gapStyle</styleUrl>
      <Polygon>
        <outerBoundaryIs><LinearRing><coordinates>
          113.8319212153,22.607422141777004,0
          113.8319829319808,22.607422141777004,0
          113.8319829319808,22.60750185827858,0
          113.8319212153,22.60750185827858,0
          113.8319212153,22.607422141777004,0
        </coordinates></LinearRing></outerBoundaryIs>
      </Polygon>
    </Placemark>
    <Placemark>
      <name>gap_0553</name>
      <description>confidence: 0.4381</description>
      <styleUrl>#gapStyle</styleUrl>
      <Polygon>
        <outerBoundaryIs><LinearRing><coordinates>
          113.82238298846876,22.60640755743114,0
          113.82240359183784,22.60640755743114,0
          113.82240359183784,22.606424034854978,0
          113.82238298846876,22.606424034854978,0
          113.82238298846876,22.60640755743114,0
        </coordinates></LinearRing></outerBoundaryIs>
      </Polygon>
    </Placemark>
    <Placemark>
      <name>gap_0554</name>
      <description>confidence: 0.4380</description>
      <styleUrl>#gapStyle</styleUrl>
      <Polygon>
        <outerBoundaryIs><LinearRing><coordinates>
          113.82836409636103,22.54572399463116,0
          113.82844813529896,22.54572399463116,0
          113.82844813529896,22.545745139425154,0
          113.82836409636103,22.545745139425154,0
          113.82836409636103,22.54572399463116,0
        </coordinates></LinearRing></outerBoundaryIs>
      </Polygon>
    </Placemark>
    <Placemark>
      <name>gap_0555</name>
      <description>confidence: 0.4377</description>
      <styleUrl>#gapStyle</styleUrl>
      <Polygon>
        <outerBoundaryIs><LinearRing><coordinates>
          113.82385575837317,22.598051764980326,0
          113.8238959496275,22.598051764980326,0
          113.8238959496275,22.598071750759093,0
          113.82385575837317,22.598071750759093,0
          113.82385575837317,22.598051764980326,0
        </coordinates></LinearRing></outerBoundaryIs>
      </Polygon>
    </Placemark>
    <Placemark>
      <name>gap_0556</name>
      <description>confidence: 0.4369</description>
      <styleUrl>#gapStyle</styleUrl>
      <Polygon>
        <outerBoundaryIs><LinearRing><coordinates>
          113.82375595156495,22.541154326590807,0
          113.82381850679137,22.541154326590807,0
          113.82381850679137,22.54118583712028,0
          113.82375595156495,22.54118583712028,0
          113.82375595156495,22.541154326590807,0
        </coordinates></LinearRing></outerBoundaryIs>
      </Polygon>
    </Placemark>
    <Placemark>
      <name>gap_0557</name>
      <description>confidence: 0.4352</description>
      <styleUrl>#gapStyle</styleUrl>
      <Polygon>
        <outerBoundaryIs><LinearRing><coordinates>
          113.83072197993869,22.605443429187172,0
          113.8307434681266,22.605443429187172,0
          113.8307434681266,22.605483814318408,0
          113.83072197993869,22.605483814318408,0
          113.83072197993869,22.605443429187172,0
        </coordinates></LinearRing></outerBoundaryIs>
      </Polygon>
    </Placemark>
    <Placemark>
      <name>gap_0558</name>
      <description>confidence: 0.4350</description>
      <styleUrl>#gapStyle</styleUrl>
      <Polygon>
        <outerBoundaryIs><LinearRing><coordinates>
          113.81280953124175,22.602086873990373,0
          113.81282696726069,22.602086873990373,0
          113.81282696726069,22.602113758854436,0
          113.81280953124175,22.602113758854436,0
          113.81280953124175,22.602086873990373,0
        </coordinates></LinearRing></outerBoundaryIs>
      </Polygon>
    </Placemark>
    <Placemark>
      <name>gap_0559</name>
      <description>confidence: 0.4346</description>
      <styleUrl>#gapStyle</styleUrl>
      <Polygon>
        <outerBoundaryIs><LinearRing><coordinates>
          113.82636055828071,22.58076497147166,0
          113.82642650628387,22.58076497147166,0
          113.82642650628387,22.580811785921547,0
          113.82636055828071,22.580811785921547,0
          113.82636055828071,22.58076497147166,0
        </coordinates></LinearRing></outerBoundaryIs>
      </Polygon>
    </Placemark>
    <Placemark>
      <name>gap_0560</name>
      <description>confidence: 0.4346</description>
      <styleUrl>#gapStyle</styleUrl>
      <Polygon>
        <outerBoundaryIs><LinearRing><coordinates>
          113.8322249186254,22.59691643647138,0
          113.83228350383894,22.59691643647138,0
          113.83228350383894,22.596955457046256,0
          113.8322249186254,22.596955457046256,0
          113.8322249186254,22.59691643647138,0
        </coordinates></LinearRing></outerBoundaryIs>
      </Polygon>
    </Placemark>
    <Placemark>
      <name>gap_0561</name>
      <description>confidence: 0.4344</description>
      <styleUrl>#gapStyle</styleUrl>
      <Polygon>
        <outerBoundaryIs><LinearRing><coordinates>
          113.82505692395229,22.60960794477283,0
          113.82513853787627,22.60960794477283,0
          113.82513853787627,22.609663903447256,0
          113.82505692395229,22.609663903447256,0
          113.82505692395229,22.60960794477283,0
        </coordinates></LinearRing></outerBoundaryIs>
      </Polygon>
    </Placemark>
    <Placemark>
      <name>gap_0562</name>
      <description>confidence: 0.4342</description>
      <styleUrl>#gapStyle</styleUrl>
      <Polygon>
        <outerBoundaryIs><LinearRing><coordinates>
          113.82419847351504,22.54502201282501,0
          113.82426410441484,22.54502201282501,0
          113.82426410441484,22.54505413046744,0
          113.82419847351504,22.54505413046744,0
          113.82419847351504,22.54502201282501,0
        </coordinates></LinearRing></outerBoundaryIs>
      </Polygon>
    </Placemark>
    <Placemark>
      <name>gap_0563</name>
      <description>confidence: 0.4340</description>
      <styleUrl>#gapStyle</styleUrl>
      <Polygon>
        <outerBoundaryIs><LinearRing><coordinates>
          113.82993077921991,22.60968806188956,0
          113.82996729186247,22.60968806188956,0
          113.82996729186247,22.60971226152502,0
          113.82993077921991,22.60971226152502,0
          113.82993077921991,22.60968806188956,0
        </coordinates></LinearRing></outerBoundaryIs>
      </Polygon>
    </Placemark>
    <Placemark>
      <name>gap_0564</name>
      <description>confidence: 0.4339</description>
      <styleUrl>#gapStyle</styleUrl>
      <Polygon>
        <outerBoundaryIs><LinearRing><coordinates>
          113.831021038432,22.536392538056052,0
          113.83108647402756,22.536392538056052,0
          113.83108647402756,22.536409023992736,0
          113.831021038432,22.536409023992736,0
          113.831021038432,22.536392538056052,0
        </coordinates></LinearRing></outerBoundaryIs>
      </Polygon>
    </Placemark>
    <Placemark>
      <name>gap_0565</name>
      <description>confidence: 0.4336</description>
      <styleUrl>#gapStyle</styleUrl>
      <Polygon>
        <outerBoundaryIs><LinearRing><coordinates>
          113.83042162638328,22.56972901348772,0
          113.83047916932621,22.56972901348772,0
          113.83047916932621,22.5697529356782,0
          113.83042162638328,22.5697529356782,0
          113.83042162638328,22.56972901348772,0
        </coordinates></LinearRing></outerBoundaryIs>
      </Polygon>
    </Placemark>
    <Placemark>
      <name>gap_0566</name>
      <description>confidence: 0.4334</description>
      <styleUrl>#gapStyle</styleUrl>
      <Polygon>
        <outerBoundaryIs><LinearRing><coordinates>
          113.81078342393984,22.616361846151488,0
          113.81082871029369,22.616361846151488,0
          113.81082871029369,22.616421667200463,0
          113.81078342393984,22.616421667200463,0
          113.81078342393984,22.616361846151488,0
        </coordinates></LinearRing></outerBoundaryIs>
      </Polygon>
    </Placemark>
    <Placemark>
      <name>gap_0567</name>
      <description>confidence: 0.4333</description>
      <styleUrl>#gapStyle</styleUrl>
      <Polygon>
        <outerBoundaryIs><LinearRing><coordinates>
          113.82341544497346,22.5929369562836,0
          113.82350496503555,22.5929369562836,0
          113.82350496503555,22.59295497420439,0
          113.82341544497346,22.59295497420439,0
          113.82341544497346,22.5929369562836,0
        </coordinates></LinearRing></outerBoundaryIs>
      </Polygon>
    </Placemark>
    <Placemark>
      <name>gap_0568</name>
      <description>confidence: 0.4332</description>
      <styleUrl>#gapStyle</styleUrl>
      <Polygon>
        <outerBoundaryIs><LinearRing><coordinates>
          113.82001717959143,22.608362597933585,0
          113.82004064982368,22.608362597933585,0
          113.82004064982368,22.608378078372684,0
          113.82001717959143,22.608378078372684,0
          113.82001717959143,22.608362597933585,0
        </coordinates></LinearRing></outerBoundaryIs>
      </Polygon>
    </Placemark>
    <Placemark>
      <name>gap_0569</name>
      <description>confidence: 0.4329</description>
      <styleUrl>#gapStyle</styleUrl>
      <Polygon>
        <outerBoundaryIs><LinearRing><coordinates>
          113.82269881399904,22.613823010265357,0
          113.82275672849886,22.613823010265357,0
          113.82275672849886,22.61386910026422,0
          113.82269881399904,22.61386910026422,0
          113.82269881399904,22.613823010265357,0
        </coordinates></LinearRing></outerBoundaryIs>
      </Polygon>
    </Placemark>
    <Placemark>
      <name>gap_0570</name>
      <description>confidence: 0.4328</description>
      <styleUrl>#gapStyle</styleUrl>
      <Polygon>
        <outerBoundaryIs><LinearRing><coordinates>
          113.8309290021294,22.61002977104273,0
          113.83096118586913,22.61002977104273,0
          113.83096118586913,22.610050140636066,0
          113.8309290021294,22.610050140636066,0
          113.8309290021294,22.61002977104273,0
        </coordinates></LinearRing></outerBoundaryIs>
      </Polygon>
    </Placemark>
    <Placemark>
      <name>gap_0571</name>
      <description>confidence: 0.4325</description>
      <styleUrl>#gapStyle</styleUrl>
      <Polygon>
        <outerBoundaryIs><LinearRing><coordinates>
          113.82926775187086,22.606350654649816,0
          113.82932403125024,22.606350654649816,0
          113.82932403125024,22.60643021534183,0
          113.82926775187086,22.60643021534183,0
          113.82926775187086,22.606350654649816,0
        </coordinates></LinearRing></outerBoundaryIs>
      </Polygon>
    </Placemark>
    <Placemark>
      <name>gap_0572</name>
      <description>confidence: 0.4321</description>
      <styleUrl>#gapStyle</styleUrl>
      <Polygon>
        <outerBoundaryIs><LinearRing><coordinates>
          113.82017856416356,22.60841512081688,0
          113.82020345767748,22.60841512081688,0
          113.82020345767748,22.60843473988861,0
          113.82017856416356,22.60843473988861,0
          113.82017856416356,22.60841512081688,0
        </coordinates></LinearRing></outerBoundaryIs>
      </Polygon>
    </Placemark>
    <Placemark>
      <name>gap_0573</name>
      <description>confidence: 0.4321</description>
      <styleUrl>#gapStyle</styleUrl>
      <Polygon>
        <outerBoundaryIs><LinearRing><coordinates>
          113.8326141295995,22.58109336195642,0
          113.83268997509091,22.58109336195642,0
          113.83268997509091,22.581149256211553,0
          113.8326141295995,22.581149256211553,0
          113.8326141295995,22.58109336195642,0
        </coordinates></LinearRing></outerBoundaryIs>
      </Polygon>
    </Placemark>
    <Placemark>
      <name>gap_0574</name>
      <description>confidence: 0.4319</description>
      <styleUrl>#gapStyle</styleUrl>
      <Polygon>
        <outerBoundaryIs><LinearRing><coordinates>
          113.8192772906942,22.604273563815585,0
          113.8193091108783,22.604273563815585,0
          113.8193091108783,22.604300162517198,0
          113.8192772906942,22.604300162517198,0
          113.8192772906942,22.604273563815585,0
        </coordinates></LinearRing></outerBoundaryIs>
      </Polygon>
    </Placemark>
    <Placemark>
      <name>gap_0575</name>
      <description>confidence: 0.4318</description>
      <styleUrl>#gapStyle</styleUrl>
      <Polygon>
        <outerBoundaryIs><LinearRing><coordinates>
          113.82449072985128,22.598748078257017,0
          113.8245103279274,22.598748078257017,0
          113.8245103279274,22.598771545378806,0
          113.82449072985128,22.598771545378806,0
          113.82449072985128,22.598748078257017,0
        </coordinates></LinearRing></outerBoundaryIs>
      </Polygon>
    </Placemark>
    <Placemark>
      <name>gap_0576</name>
      <description>confidence: 0.4307</description>
      <styleUrl>#gapStyle</styleUrl>
      <Polygon>
        <outerBoundaryIs><LinearRing><coordinates>
          113.8195616377,22.604889967650006,0
          113.81964634253247,22.604889967650006,0
          113.81964634253247,22.605053393083878,0
          113.8195616377,22.605053393083878,0
          113.8195616377,22.604889967650006,0
        </coordinates></LinearRing></outerBoundaryIs>
      </Polygon>
    </Placemark>
    <Placemark>
      <name>gap_0577</name>
      <description>confidence: 0.4297</description>
      <styleUrl>#gapStyle</styleUrl>
      <Polygon>
        <outerBoundaryIs><LinearRing><coordinates>
          113.81532377811178,22.5986188525,0
          113.815343359285,22.5986188525,0
          113.815343359285,22.59863943164021,0
          113.81532377811178,22.59863943164021,0
          113.81532377811178,22.5986188525,0
        </coordinates></LinearRing></outerBoundaryIs>
      </Polygon>
    </Placemark>
    <Placemark>
      <name>gap_0578</name>
      <description>confidence: 0.4294</description>
      <styleUrl>#gapStyle</styleUrl>
      <Polygon>
        <outerBoundaryIs><LinearRing><coordinates>
          113.83083407023278,22.525153282850805,0
          113.83090985187786,22.525153282850805,0
          113.83090985187786,22.525179146828684,0
          113.83083407023278,22.525179146828684,0
          113.83083407023278,22.525153282850805,0
        </coordinates></LinearRing></outerBoundaryIs>
      </Polygon>
    </Placemark>
    <Placemark>
      <name>gap_0579</name>
      <description>confidence: 0.4289</description>
      <styleUrl>#gapStyle</styleUrl>
      <Polygon>
        <outerBoundaryIs><LinearRing><coordinates>
          113.82637002582953,22.608670693025886,0
          113.8264379299855,22.608670693025886,0
          113.8264379299855,22.608735632789337,0
          113.82637002582953,22.608735632789337,0
          113.82637002582953,22.608670693025886,0
        </coordinates></LinearRing></outerBoundaryIs>
      </Polygon>
    </Placemark>
    <Placemark>
      <name>gap_0580</name>
      <description>confidence: 0.4283</description>
      <styleUrl>#gapStyle</styleUrl>
      <Polygon>
        <outerBoundaryIs><LinearRing><coordinates>
          113.82987828191607,22.609668452578948,0
          113.82991055369004,22.609668452578948,0
          113.82991055369004,22.60969424910381,0
          113.82987828191607,22.60969424910381,0
          113.82987828191607,22.609668452578948,0
        </coordinates></LinearRing></outerBoundaryIs>
      </Polygon>
    </Placemark>
    <Placemark>
      <name>gap_0581</name>
      <description>confidence: 0.4279</description>
      <styleUrl>#gapStyle</styleUrl>
      <Polygon>
        <outerBoundaryIs><LinearRing><coordinates>
          113.82567787563943,22.60860454132844,0
          113.8257410881964,22.60860454132844,0
          113.8257410881964,22.60866868902926,0
          113.82567787563943,22.60866868902926,0
          113.82567787563943,22.60860454132844,0
        </coordinates></LinearRing></outerBoundaryIs>
      </Polygon>
    </Placemark>
    <Placemark>
      <name>gap_0582</name>
      <description>confidence: 0.4279</description>
      <styleUrl>#gapStyle</styleUrl>
      <Polygon>
        <outerBoundaryIs><LinearRing><coordinates>
          113.82016826616247,22.55486740691018,0
          113.82025036449988,22.55486740691018,0
          113.82025036449988,22.55488360553845,0
          113.82016826616247,22.55488360553845,0
          113.82016826616247,22.55486740691018,0
        </coordinates></LinearRing></outerBoundaryIs>
      </Polygon>
    </Placemark>
    <Placemark>
      <name>gap_0583</name>
      <description>confidence: 0.4272</description>
      <styleUrl>#gapStyle</styleUrl>
      <Polygon>
        <outerBoundaryIs><LinearRing><coordinates>
          113.83125538517965,22.610135401494208,0
          113.83128639124139,22.610135401494208,0
          113.83128639124139,22.61015401416796,0
          113.83125538517965,22.61015401416796,0
          113.83125538517965,22.610135401494208,0
        </coordinates></LinearRing></outerBoundaryIs>
      </Polygon>
    </Placemark>
    <Placemark>
      <name>gap_0584</name>
      <description>confidence: 0.4268</description>
      <styleUrl>#gapStyle</styleUrl>
      <Polygon>
        <outerBoundaryIs><LinearRing><coordinates>
          113.82188906346289,22.578002540557062,0
          113.82197017471992,22.578002540557062,0
          113.82197017471992,22.578029966477704,0
          113.82188906346289,22.578029966477704,0
          113.82188906346289,22.578002540557062,0
        </coordinates></LinearRing></outerBoundaryIs>
      </Polygon>
    </Placemark>
    <Placemark>
      <name>gap_0585</name>
      <description>confidence: 0.4263</description>
      <styleUrl>#gapStyle</styleUrl>
      <Polygon>
        <outerBoundaryIs><LinearRing><coordinates>
          113.81202724327649,22.611718503005577,0
          113.81205751232258,22.611718503005577,0
          113.81205751232258,22.611737439658445,0
          113.81202724327649,22.611737439658445,0
          113.81202724327649,22.611718503005577,0
        </coordinates></LinearRing></outerBoundaryIs>
      </Polygon>
    </Placemark>
    <Placemark>
      <name>gap_0586</name>
      <description>confidence: 0.4262</description>
      <styleUrl>#gapStyle</styleUrl>
      <Polygon>
        <outerBoundaryIs><LinearRing><coordinates>
          113.81918994639987,22.603709207260582,0
          113.81926945863418,22.603709207260582,0
          113.81926945863418,22.60376593110852,0
          113.81918994639987,22.60376593110852,0
          113.81918994639987,22.603709207260582,0
        </coordinates></LinearRing></outerBoundaryIs>
      </Polygon>
    </Placemark>
    <Placemark>
      <name>gap_0587</name>
      <description>confidence: 0.4262</description>
      <styleUrl>#gapStyle</styleUrl>
      <Polygon>
        <outerBoundaryIs><LinearRing><coordinates>
          113.8275264655927,22.604657066765558,0
          113.82754166109716,22.604657066765558,0
          113.82754166109716,22.604684264640262,0
          113.8275264655927,22.604684264640262,0
          113.8275264655927,22.604657066765558,0
        </coordinates></LinearRing></outerBoundaryIs>
      </Polygon>
    </Placemark>
    <Placemark>
      <name>gap_0588</name>
      <description>confidence: 0.4262</description>
      <styleUrl>#gapStyle</styleUrl>
      <Polygon>
        <outerBoundaryIs><LinearRing><coordinates>
          113.82548883198483,22.586689176664446,0
          113.8255677329316,22.586689176664446,0
          113.8255677329316,22.586704836282497,0
          113.82548883198483,22.586704836282497,0
          113.82548883198483,22.586689176664446,0
        </coordinates></LinearRing></outerBoundaryIs>
      </Polygon>
    </Placemark>
    <Placemark>
      <name>gap_0589</name>
      <description>confidence: 0.4253</description>
      <styleUrl>#gapStyle</styleUrl>
      <Polygon>
        <outerBoundaryIs><LinearRing><coordinates>
          113.82269476882348,22.53814486626765,0
          113.82283043741022,22.53814486626765,0
          113.82283043741022,22.5381808746062,0
          113.82269476882348,22.5381808746062,0
          113.82269476882348,22.53814486626765,0
        </coordinates></LinearRing></outerBoundaryIs>
      </Polygon>
    </Placemark>
    <Placemark>
      <name>gap_0590</name>
      <description>confidence: 0.4249</description>
      <styleUrl>#gapStyle</styleUrl>
      <Polygon>
        <outerBoundaryIs><LinearRing><coordinates>
          113.81345106337878,22.61655256282507,0
          113.81354953043758,22.61655256282507,0
          113.81354953043758,22.616633959426014,0
          113.81345106337878,22.616633959426014,0
          113.81345106337878,22.61655256282507,0
        </coordinates></LinearRing></outerBoundaryIs>
      </Polygon>
    </Placemark>
    <Placemark>
      <name>gap_0591</name>
      <description>confidence: 0.4237</description>
      <styleUrl>#gapStyle</styleUrl>
      <Polygon>
        <outerBoundaryIs><LinearRing><coordinates>
          113.82309839916007,22.578750028598044,0
          113.8231512208523,22.578750028598044,0
          113.8231512208523,22.578769366336726,0
          113.82309839916007,22.578769366336726,0
          113.82309839916007,22.578750028598044,0
        </coordinates></LinearRing></outerBoundaryIs>
      </Polygon>
    </Placemark>
    <Placemark>
      <name>gap_0592</name>
      <description>confidence: 0.4233</description>
      <styleUrl>#gapStyle</styleUrl>
      <Polygon>
        <outerBoundaryIs><LinearRing><coordinates>
          113.81798978169357,22.58798643121138,0
          113.81802478412527,22.58798643121138,0
          113.81802478412527,22.588032083208166,0
          113.81798978169357,22.588032083208166,0
          113.81798978169357,22.58798643121138,0
        </coordinates></LinearRing></outerBoundaryIs>
      </Polygon>
    </Placemark>
    <Placemark>
      <name>gap_0593</name>
      <description>confidence: 0.4232</description>
      <styleUrl>#gapStyle</styleUrl>
      <Polygon>
        <outerBoundaryIs><LinearRing><coordinates>
          113.82359304249837,22.577724259749115,0
          113.82366652092863,22.577724259749115,0
          113.82366652092863,22.57773973466305,0
          113.82359304249837,22.57773973466305,0
          113.82359304249837,22.577724259749115,0
        </coordinates></LinearRing></outerBoundaryIs>
      </Polygon>
    </Placemark>
    <Placemark>
      <name>gap_0594</name>
      <description>confidence: 0.4230</description>
      <styleUrl>#gapStyle</styleUrl>
      <Polygon>
        <outerBoundaryIs><LinearRing><coordinates>
          113.82508030881057,22.61553308359517,0
          113.8251406137,22.61553308359517,0
          113.8251406137,22.61558797890106,0
          113.82508030881057,22.61558797890106,0
          113.82508030881057,22.61553308359517,0
        </coordinates></LinearRing></outerBoundaryIs>
      </Polygon>
    </Placemark>
    <Placemark>
      <name>gap_0595</name>
      <description>confidence: 0.4223</description>
      <styleUrl>#gapStyle</styleUrl>
      <Polygon>
        <outerBoundaryIs><LinearRing><coordinates>
          113.82359152545267,22.547609837905622,0
          113.8236663963874,22.547609837905622,0
          113.8236663963874,22.54765025538463,0
          113.82359152545267,22.54765025538463,0
          113.82359152545267,22.547609837905622,0
        </coordinates></LinearRing></outerBoundaryIs>
      </Polygon>
    </Placemark>
    <Placemark>
      <name>gap_0596</name>
      <description>confidence: 0.4223</description>
      <styleUrl>#gapStyle</styleUrl>
      <Polygon>
        <outerBoundaryIs><LinearRing><coordinates>
          113.82851790327615,22.605914436499997,0
          113.8285738297,22.605914436499997,0
          113.8285738297,22.60593865471637,0
          113.82851790327615,22.60593865471637,0
          113.82851790327615,22.605914436499997,0
        </coordinates></LinearRing></outerBoundaryIs>
      </Polygon>
    </Placemark>
    <Placemark>
      <name>gap_0597</name>
      <description>confidence: 0.4221</description>
      <styleUrl>#gapStyle</styleUrl>
      <Polygon>
        <outerBoundaryIs><LinearRing><coordinates>
          113.82373202274428,22.614108267122052,0
          113.82381443425604,22.614108267122052,0
          113.82381443425604,22.614174678420248,0
          113.82373202274428,22.614174678420248,0
          113.82373202274428,22.614108267122052,0
        </coordinates></LinearRing></outerBoundaryIs>
      </Polygon>
    </Placemark>
    <Placemark>
      <name>gap_0598</name>
      <description>confidence: 0.4219</description>
      <styleUrl>#gapStyle</styleUrl>
      <Polygon>
        <outerBoundaryIs><LinearRing><coordinates>
          113.81253756510024,22.60196744325544,0
          113.81259531196257,22.60196744325544,0
          113.81259531196257,22.602052068499997,0
          113.81253756510024,22.602052068499997,0
          113.81253756510024,22.60196744325544,0
        </coordinates></LinearRing></outerBoundaryIs>
      </Polygon>
    </Placemark>
    <Placemark>
      <name>gap_0599</name>
      <description>confidence: 0.4215</description>
      <styleUrl>#gapStyle</styleUrl>
      <Polygon>
        <outerBoundaryIs><LinearRing><coordinates>
          113.82135277824926,22.588292489606282,0
          113.82144470237061,22.588292489606282,0
          113.82144470237061,22.588347726981073,0
          113.82135277824926,22.588347726981073,0
          113.82135277824926,22.588292489606282,0
        </coordinates></LinearRing></outerBoundaryIs>
      </Polygon>
    </Placemark>
    <Placemark>
      <name>gap_0600</name>
      <description>confidence: 0.4214</description>
      <styleUrl>#gapStyle</styleUrl>
      <Polygon>
        <outerBoundaryIs><LinearRing><coordinates>
          113.82293040477555,22.596302753021966,0
          113.82299409753045,22.596302753021966,0
          113.82299409753045,22.59632071796259,0
          113.82293040477555,22.59632071796259,0
          113.82293040477555,22.596302753021966,0
        </coordinates></LinearRing></outerBoundaryIs>
      </Polygon>
    </Placemark>
    <Placemark>
      <name>gap_0601</name>
      <description>confidence: 0.4210</description>
      <styleUrl>#gapStyle</styleUrl>
      <Polygon>
        <outerBoundaryIs><LinearRing><coordinates>
          113.82054816674791,22.60857501568263,0
          113.82057315570388,22.60857501568263,0
          113.82057315570388,22.608591941176623,0
          113.82054816674791,22.608591941176623,0
          113.82054816674791,22.60857501568263,0
        </coordinates></LinearRing></outerBoundaryIs>
      </Polygon>
    </Placemark>
    <Placemark>
      <name>gap_0602</name>
      <description>confidence: 0.4207</description>
      <styleUrl>#gapStyle</styleUrl>
      <Polygon>
        <outerBoundaryIs><LinearRing><coordinates>
          113.82369075400155,22.548139742416893,0
          113.8237702699193,22.548139742416893,0
          113.8237702699193,22.548169015787913,0
          113.82369075400155,22.548169015787913,0
          113.82369075400155,22.548139742416893,0
        </coordinates></LinearRing></outerBoundaryIs>
      </Polygon>
    </Placemark>
    <Placemark>
      <name>gap_0603</name>
      <description>confidence: 0.4201</description>
      <styleUrl>#gapStyle</styleUrl>
      <Polygon>
        <outerBoundaryIs><LinearRing><coordinates>
          113.80897697345387,22.608949828740062,0
          113.80905277490768,22.608949828740062,0
          113.80905277490768,22.609009413066552,0
          113.80897697345387,22.609009413066552,0
          113.80897697345387,22.608949828740062,0
        </coordinates></LinearRing></outerBoundaryIs>
      </Polygon>
    </Placemark>
    <Placemark>
      <name>gap_0604</name>
      <description>confidence: 0.4200</description>
      <styleUrl>#gapStyle</styleUrl>
      <Polygon>
        <outerBoundaryIs><LinearRing><coordinates>
          113.8205767820517,22.60530348903906,0
          113.82060025825932,22.60530348903906,0
          113.82060025825932,22.60532486453925,0
          113.8205767820517,22.60532486453925,0
          113.8205767820517,22.60530348903906,0
        </coordinates></LinearRing></outerBoundaryIs>
      </Polygon>
    </Placemark>
    <Placemark>
      <name>gap_0605</name>
      <description>confidence: 0.4200</description>
      <styleUrl>#gapStyle</styleUrl>
      <Polygon>
        <outerBoundaryIs><LinearRing><coordinates>
          113.8232453112054,22.601568196853325,0
          113.82330635216915,22.601568196853325,0
          113.82330635216915,22.60159035381602,0
          113.8232453112054,22.60159035381602,0
          113.8232453112054,22.601568196853325,0
        </coordinates></LinearRing></outerBoundaryIs>
      </Polygon>
    </Placemark>
    <Placemark>
      <name>gap_0606</name>
      <description>confidence: 0.4200</description>
      <styleUrl>#gapStyle</styleUrl>
      <Polygon>
        <outerBoundaryIs><LinearRing><coordinates>
          113.81162758299372,22.586829157844562,0
          113.81170576792046,22.586829157844562,0
          113.81170576792046,22.586852279214007,0
          113.81162758299372,22.586852279214007,0
          113.81162758299372,22.586829157844562,0
        </coordinates></LinearRing></outerBoundaryIs>
      </Polygon>
    </Placemark>
    <Placemark>
      <name>gap_0607</name>
      <description>confidence: 0.4200</description>
      <styleUrl>#gapStyle</styleUrl>
      <Polygon>
        <outerBoundaryIs><LinearRing><coordinates>
          113.82504136296862,22.54044475274176,0
          113.82511894868134,22.54044475274176,0
          113.82511894868134,22.540467077587518,0
          113.82504136296862,22.540467077587518,0
          113.82504136296862,22.54044475274176,0
        </coordinates></LinearRing></outerBoundaryIs>
      </Polygon>
    </Placemark>
    <Placemark>
      <name>gap_0608</name>
      <description>confidence: 0.4198</description>
      <styleUrl>#gapStyle</styleUrl>
      <Polygon>
        <outerBoundaryIs><LinearRing><coordinates>
          113.82524878490733,22.608453927956806,0
          113.82527085543195,22.608453927956806,0
          113.82527085543195,22.60846605286286,0
          113.82524878490733,22.60846605286286,0
          113.82524878490733,22.608453927956806,0
        </coordinates></LinearRing></outerBoundaryIs>
      </Polygon>
    </Placemark>
    <Placemark>
      <name>gap_0609</name>
      <description>confidence: 0.4197</description>
      <styleUrl>#gapStyle</styleUrl>
      <Polygon>
        <outerBoundaryIs><LinearRing><coordinates>
          113.82603448975541,22.577033373490924,0
          113.8260907905806,22.577033373490924,0
          113.8260907905806,22.577050739033353,0
          113.82603448975541,22.577050739033353,0
          113.82603448975541,22.577033373490924,0
        </coordinates></LinearRing></outerBoundaryIs>
      </Polygon>
    </Placemark>
    <Placemark>
      <name>gap_0610</name>
      <description>confidence: 0.4197</description>
      <styleUrl>#gapStyle</styleUrl>
      <Polygon>
        <outerBoundaryIs><LinearRing><coordinates>
          113.82726627193377,22.608681370789764,0
          113.82728628685264,22.608681370789764,0
          113.82728628685264,22.608698062508026,0
          113.82726627193377,22.608698062508026,0
          113.82726627193377,22.608681370789764,0
        </coordinates></LinearRing></outerBoundaryIs>
      </Polygon>
    </Placemark>
    <Placemark>
      <name>gap_0611</name>
      <description>confidence: 0.4194</description>
      <styleUrl>#gapStyle</styleUrl>
      <Polygon>
        <outerBoundaryIs><LinearRing><coordinates>
          113.81849419069385,22.61209722370296,0
          113.81854960511939,22.61209722370296,0
          113.81854960511939,22.61214259510338,0
          113.81849419069385,22.61214259510338,0
          113.81849419069385,22.61209722370296,0
        </coordinates></LinearRing></outerBoundaryIs>
      </Polygon>
    </Placemark>
    <Placemark>
      <name>gap_0612</name>
      <description>confidence: 0.4194</description>
      <styleUrl>#gapStyle</styleUrl>
      <Polygon>
        <outerBoundaryIs><LinearRing><coordinates>
          113.81264968098657,22.602182512862136,0
          113.81269393335756,22.602182512862136,0
          113.81269393335756,22.6022425822569,0
          113.81264968098657,22.6022425822569,0
          113.81264968098657,22.602182512862136,0
        </coordinates></LinearRing></outerBoundaryIs>
      </Polygon>
    </Placemark>
    <Placemark>
      <name>gap_0613</name>
      <description>confidence: 0.4193</description>
      <styleUrl>#gapStyle</styleUrl>
      <Polygon>
        <outerBoundaryIs><LinearRing><coordinates>
          113.8248469795726,22.549248698203343,0
          113.8249162745141,22.549248698203343,0
          113.8249162745141,22.54927292329547,0
          113.8248469795726,22.54927292329547,0
          113.8248469795726,22.549248698203343,0
        </coordinates></LinearRing></outerBoundaryIs>
      </Polygon>
    </Placemark>
    <Placemark>
      <name>gap_0614</name>
      <description>confidence: 0.4188</description>
      <styleUrl>#gapStyle</styleUrl>
      <Polygon>
        <outerBoundaryIs><LinearRing><coordinates>
          113.83183208887499,22.615409510528814,0
          113.83190751003397,22.615409510528814,0
          113.83190751003397,22.615526255804923,0
          113.83183208887499,22.615526255804923,0
          113.83183208887499,22.615409510528814,0
        </coordinates></LinearRing></outerBoundaryIs>
      </Polygon>
    </Placemark>
    <Placemark>
      <name>gap_0615</name>
      <description>confidence: 0.4185</description>
      <styleUrl>#gapStyle</styleUrl>
      <Polygon>
        <outerBoundaryIs><LinearRing><coordinates>
          113.82793641315365,22.566017527259433,0
          113.82802751365756,22.566017527259433,0
          113.82802751365756,22.56603940886444,0
          113.82793641315365,22.56603940886444,0
          113.82793641315365,22.566017527259433,0
        </coordinates></LinearRing></outerBoundaryIs>
      </Polygon>
    </Placemark>
    <Placemark>
      <name>gap_0616</name>
      <description>confidence: 0.4180</description>
      <styleUrl>#gapStyle</styleUrl>
      <Polygon>
        <outerBoundaryIs><LinearRing><coordinates>
          113.8261543396813,22.54368775363008,0
          113.82622694579084,22.54368775363008,0
          113.82622694579084,22.54372008810442,0
          113.8261543396813,22.54372008810442,0
          113.8261543396813,22.54368775363008,0
        </coordinates></LinearRing></outerBoundaryIs>
      </Polygon>
    </Placemark>
    <Placemark>
      <name>gap_0617</name>
      <description>confidence: 0.4175</description>
      <styleUrl>#gapStyle</styleUrl>
      <Polygon>
        <outerBoundaryIs><LinearRing><coordinates>
          113.83003583579125,22.570415348915745,0
          113.83013307208958,22.570415348915745,0
          113.83013307208958,22.570437884208776,0
          113.83003583579125,22.570437884208776,0
          113.83003583579125,22.570415348915745,0
        </coordinates></LinearRing></outerBoundaryIs>
      </Polygon>
    </Placemark>
    <Placemark>
      <name>gap_0618</name>
      <description>confidence: 0.4173</description>
      <styleUrl>#gapStyle</styleUrl>
      <Polygon>
        <outerBoundaryIs><LinearRing><coordinates>
          113.81793541397924,22.544924907406497,0
          113.81811814851304,22.544924907406497,0
          113.81811814851304,22.544974852499998,0
          113.81793541397924,22.544974852499998,0
          113.81793541397924,22.544924907406497,0
        </coordinates></LinearRing></outerBoundaryIs>
      </Polygon>
    </Placemark>
    <Placemark>
      <name>gap_0619</name>
      <description>confidence: 0.4172</description>
      <styleUrl>#gapStyle</styleUrl>
      <Polygon>
        <outerBoundaryIs><LinearRing><coordinates>
          113.82216616125184,22.600723221016825,0
          113.82224621950515,22.600723221016825,0
          113.82224621950515,22.600747432357437,0
          113.82216616125184,22.600747432357437,0
          113.82216616125184,22.600723221016825,0
        </coordinates></LinearRing></outerBoundaryIs>
      </Polygon>
    </Placemark>
    <Placemark>
      <name>gap_0620</name>
      <description>confidence: 0.4171</description>
      <styleUrl>#gapStyle</styleUrl>
      <Polygon>
        <outerBoundaryIs><LinearRing><coordinates>
          113.83173176169886,22.59357044689558,0
          113.83175313118277,22.59357044689558,0
          113.83175313118277,22.59359636326018,0
          113.83173176169886,22.59359636326018,0
          113.83173176169886,22.59357044689558,0
        </coordinates></LinearRing></outerBoundaryIs>
      </Polygon>
    </Placemark>
    <Placemark>
      <name>gap_0621</name>
      <description>confidence: 0.4166</description>
      <styleUrl>#gapStyle</styleUrl>
      <Polygon>
        <outerBoundaryIs><LinearRing><coordinates>
          113.82498980281406,22.608334152579676,0
          113.82501053387575,22.608334152579676,0
          113.82501053387575,22.608354595432562,0
          113.82498980281406,22.608354595432562,0
          113.82498980281406,22.608334152579676,0
        </coordinates></LinearRing></outerBoundaryIs>
      </Polygon>
    </Placemark>
    <Placemark>
      <name>gap_0622</name>
      <description>confidence: 0.4162</description>
      <styleUrl>#gapStyle</styleUrl>
      <Polygon>
        <outerBoundaryIs><LinearRing><coordinates>
          113.82544292705842,22.60674340531623,0
          113.82556537626594,22.60674340531623,0
          113.82556537626594,22.6067727405,0
          113.82544292705842,22.6067727405,0
          113.82544292705842,22.60674340531623,0
        </coordinates></LinearRing></outerBoundaryIs>
      </Polygon>
    </Placemark>
    <Placemark>
      <name>gap_0623</name>
      <description>confidence: 0.4159</description>
      <styleUrl>#gapStyle</styleUrl>
      <Polygon>
        <outerBoundaryIs><LinearRing><coordinates>
          113.83191622620173,22.525932381569934,0
          113.83200678744984,22.525932381569934,0
          113.83200678744984,22.52596357000294,0
          113.83191622620173,22.52596357000294,0
          113.83191622620173,22.525932381569934,0
        </coordinates></LinearRing></outerBoundaryIs>
      </Polygon>
    </Placemark>
    <Placemark>
      <name>gap_0624</name>
      <description>confidence: 0.4153</description>
      <styleUrl>#gapStyle</styleUrl>
      <Polygon>
        <outerBoundaryIs><LinearRing><coordinates>
          113.82356786527762,22.57984109517951,0
          113.82362210386688,22.57984109517951,0
          113.82362210386688,22.579870233654727,0
          113.82356786527762,22.579870233654727,0
          113.82356786527762,22.57984109517951,0
        </coordinates></LinearRing></outerBoundaryIs>
      </Polygon>
    </Placemark>
    <Placemark>
      <name>gap_0625</name>
      <description>confidence: 0.4152</description>
      <styleUrl>#gapStyle</styleUrl>
      <Polygon>
        <outerBoundaryIs><LinearRing><coordinates>
          113.8209160408161,22.608178947082404,0
          113.82094143053047,22.608178947082404,0
          113.82094143053047,22.60819632654006,0
          113.8209160408161,22.60819632654006,0
          113.8209160408161,22.608178947082404,0
        </coordinates></LinearRing></outerBoundaryIs>
      </Polygon>
    </Placemark>
    <Placemark>
      <name>gap_0626</name>
      <description>confidence: 0.4150</description>
      <styleUrl>#gapStyle</styleUrl>
      <Polygon>
        <outerBoundaryIs><LinearRing><coordinates>
          113.82384821886023,22.598363374259666,0
          113.82391977928175,22.598363374259666,0
          113.82391977928175,22.598378960618163,0
          113.82384821886023,22.598378960618163,0
          113.82384821886023,22.598363374259666,0
        </coordinates></LinearRing></outerBoundaryIs>
      </Polygon>
    </Placemark>
    <Placemark>
      <name>gap_0627</name>
      <description>confidence: 0.4150</description>
      <styleUrl>#gapStyle</styleUrl>
      <Polygon>
        <outerBoundaryIs><LinearRing><coordinates>
          113.82848131590065,22.606145281911733,0
          113.82853548344042,22.606145281911733,0
          113.82853548344042,22.606178512812864,0
          113.82848131590065,22.606178512812864,0
          113.82848131590065,22.606145281911733,0
        </coordinates></LinearRing></outerBoundaryIs>
      </Polygon>
    </Placemark>
    <Placemark>
      <name>gap_0628</name>
      <description>confidence: 0.4145</description>
      <styleUrl>#gapStyle</styleUrl>
      <Polygon>
        <outerBoundaryIs><LinearRing><coordinates>
          113.80905755175789,22.60897975858215,0
          113.80910566732197,22.60897975858215,0
          113.80910566732197,22.609017861734618,0
          113.80905755175789,22.609017861734618,0
          113.80905755175789,22.60897975858215,0
        </coordinates></LinearRing></outerBoundaryIs>
      </Polygon>
    </Placemark>
    <Placemark>
      <name>gap_0629</name>
      <description>confidence: 0.4142</description>
      <styleUrl>#gapStyle</styleUrl>
      <Polygon>
        <outerBoundaryIs><LinearRing><coordinates>
          113.82208956953619,22.600704304336393,0
          113.82224038361444,22.600704304336393,0
          113.82224038361444,22.60074525347921,0
          113.82208956953619,22.60074525347921,0
          113.82208956953619,22.600704304336393,0
        </coordinates></LinearRing></outerBoundaryIs>
      </Polygon>
    </Placemark>
    <Placemark>
      <name>gap_0630</name>
      <description>confidence: 0.4139</description>
      <styleUrl>#gapStyle</styleUrl>
      <Polygon>
        <outerBoundaryIs><LinearRing><coordinates>
          113.82189237634987,22.6049779701241,0
          113.82191511357732,22.6049779701241,0
          113.82191511357732,22.604992125506634,0
          113.82189237634987,22.604992125506634,0
          113.82189237634987,22.6049779701241,0
        </coordinates></LinearRing></outerBoundaryIs>
      </Polygon>
    </Placemark>
    <Placemark>
      <name>gap_0631</name>
      <description>confidence: 0.4138</description>
      <styleUrl>#gapStyle</styleUrl>
      <Polygon>
        <outerBoundaryIs><LinearRing><coordinates>
          113.81019556792037,22.59029266658746,0
          113.810287148745,22.59029266658746,0
          113.810287148745,22.590346006294293,0
          113.81019556792037,22.590346006294293,0
          113.81019556792037,22.59029266658746,0
        </coordinates></LinearRing></outerBoundaryIs>
      </Polygon>
    </Placemark>
    <Placemark>
      <name>gap_0632</name>
      <description>confidence: 0.4137</description>
      <styleUrl>#gapStyle</styleUrl>
      <Polygon>
        <outerBoundaryIs><LinearRing><coordinates>
          113.82736595684054,22.542510122866208,0
          113.82743283853463,22.542510122866208,0
          113.82743283853463,22.542527395422216,0
          113.82736595684054,22.542527395422216,0
          113.82736595684054,22.542510122866208,0
        </coordinates></LinearRing></outerBoundaryIs>
      </Polygon>
    </Placemark>
    <Placemark>
      <name>gap_0633</name>
      <description>confidence: 0.4136</description>
      <styleUrl>#gapStyle</styleUrl>
      <Polygon>
        <outerBoundaryIs><LinearRing><coordinates>
          113.8247998984211,22.60401543476636,0
          113.82485737172654,22.60401543476636,0
          113.82485737172654,22.604069425337244,0
          113.8247998984211,22.604069425337244,0
          113.8247998984211,22.60401543476636,0
        </coordinates></LinearRing></outerBoundaryIs>
      </Polygon>
    </Placemark>
    <Placemark>
      <name>gap_0634</name>
      <description>confidence: 0.4134</description>
      <styleUrl>#gapStyle</styleUrl>
      <Polygon>
        <outerBoundaryIs><LinearRing><coordinates>
          113.82681259648291,22.613072630763988,0
          113.826843414771,22.613072630763988,0
          113.826843414771,22.61311123928458,0
          113.82681259648291,22.61311123928458,0
          113.82681259648291,22.613072630763988,0
        </coordinates></LinearRing></outerBoundaryIs>
      </Polygon>
    </Placemark>
    <Placemark>
      <name>gap_0635</name>
      <description>confidence: 0.4132</description>
      <styleUrl>#gapStyle</styleUrl>
      <Polygon>
        <outerBoundaryIs><LinearRing><coordinates>
          113.81217229342415,22.615268364583216,0
          113.81226268294206,22.615268364583216,0
          113.81226268294206,22.61543770481528,0
          113.81217229342415,22.61543770481528,0
          113.81217229342415,22.615268364583216,0
        </coordinates></LinearRing></outerBoundaryIs>
      </Polygon>
    </Placemark>
    <Placemark>
      <name>gap_0636</name>
      <description>confidence: 0.4129</description>
      <styleUrl>#gapStyle</styleUrl>
      <Polygon>
        <outerBoundaryIs><LinearRing><coordinates>
          113.82808400389347,22.576483020622064,0
          113.8281415985069,22.576483020622064,0
          113.8281415985069,22.576513343528255,0
          113.82808400389347,22.576513343528255,0
          113.82808400389347,22.576483020622064,0
        </coordinates></LinearRing></outerBoundaryIs>
      </Polygon>
    </Placemark>
    <Placemark>
      <name>gap_0637</name>
      <description>confidence: 0.4122</description>
      <styleUrl>#gapStyle</styleUrl>
      <Polygon>
        <outerBoundaryIs><LinearRing><coordinates>
          113.82379656661965,22.578020574152937,0
          113.82384646611523,22.578020574152937,0
          113.82384646611523,22.578040183074744,0
          113.82379656661965,22.578040183074744,0
          113.82379656661965,22.578020574152937,0
        </coordinates></LinearRing></outerBoundaryIs>
      </Polygon>
    </Placemark>
    <Placemark>
      <name>gap_0638</name>
      <description>confidence: 0.4121</description>
      <styleUrl>#gapStyle</styleUrl>
      <Polygon>
        <outerBoundaryIs><LinearRing><coordinates>
          113.82105438931092,22.545178439117,0
          113.82113069375909,22.545178439117,0
          113.82113069375909,22.54519590288453,0
          113.82105438931092,22.54519590288453,0
          113.82105438931092,22.545178439117,0
        </coordinates></LinearRing></outerBoundaryIs>
      </Polygon>
    </Placemark>
    <Placemark>
      <name>gap_0639</name>
      <description>confidence: 0.4116</description>
      <styleUrl>#gapStyle</styleUrl>
      <Polygon>
        <outerBoundaryIs><LinearRing><coordinates>
          113.82502558818165,22.605914436499997,0
          113.82507732874295,22.605914436499997,0
          113.82507732874295,22.60594111279944,0
          113.82502558818165,22.60594111279944,0
          113.82502558818165,22.605914436499997,0
        </coordinates></LinearRing></outerBoundaryIs>
      </Polygon>
    </Placemark>
    <Placemark>
      <name>gap_0640</name>
      <description>confidence: 0.4108</description>
      <styleUrl>#gapStyle</styleUrl>
      <Polygon>
        <outerBoundaryIs><LinearRing><coordinates>
          113.82776476291285,22.607490983123185,0
          113.82779090329205,22.607490983123185,0
          113.82779090329205,22.607525323313087,0
          113.82776476291285,22.607525323313087,0
          113.82776476291285,22.607490983123185,0
        </coordinates></LinearRing></outerBoundaryIs>
      </Polygon>
    </Placemark>
    <Placemark>
      <name>gap_0641</name>
      <description>confidence: 0.4102</description>
      <styleUrl>#gapStyle</styleUrl>
      <Polygon>
        <outerBoundaryIs><LinearRing><coordinates>
          113.82897167793436,22.604389825169385,0
          113.8290157441688,22.604389825169385,0
          113.8290157441688,22.604445913009812,0
          113.82897167793436,22.604445913009812,0
          113.82897167793436,22.604389825169385,0
        </coordinates></LinearRing></outerBoundaryIs>
      </Polygon>
    </Placemark>
    <Placemark>
      <name>gap_0642</name>
      <description>confidence: 0.4099</description>
      <styleUrl>#gapStyle</styleUrl>
      <Polygon>
        <outerBoundaryIs><LinearRing><coordinates>
          113.81555113643023,22.60122039733483,0
          113.81558307121027,22.60122039733483,0
          113.81558307121027,22.60125630875795,0
          113.81555113643023,22.60125630875795,0
          113.81555113643023,22.60122039733483,0
        </coordinates></LinearRing></outerBoundaryIs>
      </Polygon>
    </Placemark>
    <Placemark>
      <name>gap_0643</name>
      <description>confidence: 0.4098</description>
      <styleUrl>#gapStyle</styleUrl>
      <Polygon>
        <outerBoundaryIs><LinearRing><coordinates>
          113.8283788037686,22.573945089982523,0
          113.82845172935528,22.573945089982523,0
          113.82845172935528,22.573964037276447,0
          113.8283788037686,22.573964037276447,0
          113.8283788037686,22.573945089982523,0
        </coordinates></LinearRing></outerBoundaryIs>
      </Polygon>
    </Placemark>
    <Placemark>
      <name>gap_0644</name>
      <description>confidence: 0.4095</description>
      <styleUrl>#gapStyle</styleUrl>
      <Polygon>
        <outerBoundaryIs><LinearRing><coordinates>
          113.82797809982371,22.577773107601768,0
          113.82804887825067,22.577773107601768,0
          113.82804887825067,22.577791261564318,0
          113.82797809982371,22.577791261564318,0
          113.82797809982371,22.577773107601768,0
        </coordinates></LinearRing></outerBoundaryIs>
      </Polygon>
    </Placemark>
    <Placemark>
      <name>gap_0645</name>
      <description>confidence: 0.4095</description>
      <styleUrl>#gapStyle</styleUrl>
      <Polygon>
        <outerBoundaryIs><LinearRing><coordinates>
          113.80945008844962,22.608539758193096,0
          113.80949306495846,22.608539758193096,0
          113.80949306495846,22.60858573328906,0
          113.80945008844962,22.60858573328906,0
          113.80945008844962,22.608539758193096,0
        </coordinates></LinearRing></outerBoundaryIs>
      </Polygon>
    </Placemark>
    <Placemark>
      <name>gap_0646</name>
      <description>confidence: 0.4094</description>
      <styleUrl>#gapStyle</styleUrl>
      <Polygon>
        <outerBoundaryIs><LinearRing><coordinates>
          113.81026536322666,22.614433949663653,0
          113.8103040347341,22.614433949663653,0
          113.8103040347341,22.614465019080583,0
          113.81026536322666,22.614465019080583,0
          113.81026536322666,22.614433949663653,0
        </coordinates></LinearRing></outerBoundaryIs>
      </Polygon>
    </Placemark>
    <Placemark>
      <name>gap_0647</name>
      <description>confidence: 0.4092</description>
      <styleUrl>#gapStyle</styleUrl>
      <Polygon>
        <outerBoundaryIs><LinearRing><coordinates>
          113.83017819997362,22.611933322931236,0
          113.83026307497084,22.611933322931236,0
          113.83026307497084,22.61201409244679,0
          113.83017819997362,22.61201409244679,0
          113.83017819997362,22.611933322931236,0
        </coordinates></LinearRing></outerBoundaryIs>
      </Polygon>
    </Placemark>
    <Placemark>
      <name>gap_0648</name>
      <description>confidence: 0.4090</description>
      <styleUrl>#gapStyle</styleUrl>
      <Polygon>
        <outerBoundaryIs><LinearRing><coordinates>
          113.80849448854093,22.616705558441815,0
          113.80854917030955,22.616705558441815,0
          113.80854917030955,22.616751705881896,0
          113.80849448854093,22.616751705881896,0
          113.80849448854093,22.616705558441815,0
        </coordinates></LinearRing></outerBoundaryIs>
      </Polygon>
    </Placemark>
    <Placemark>
      <name>gap_0649</name>
      <description>confidence: 0.4087</description>
      <styleUrl>#gapStyle</styleUrl>
      <Polygon>
        <outerBoundaryIs><LinearRing><coordinates>
          113.82369092683679,22.595352721074555,0
          113.82371972545317,22.595352721074555,0
          113.82371972545317,22.59536494928067,0
          113.82369092683679,22.59536494928067,0
          113.82369092683679,22.595352721074555,0
        </coordinates></LinearRing></outerBoundaryIs>
      </Polygon>
    </Placemark>
    <Placemark>
      <name>gap_0650</name>
      <description>confidence: 0.4086</description>
      <styleUrl>#gapStyle</styleUrl>
      <Polygon>
        <outerBoundaryIs><LinearRing><coordinates>
          113.81964513034268,22.588461548709937,0
          113.81973011371491,22.588461548709937,0
          113.81973011371491,22.588482222473655,0
          113.81964513034268,22.588482222473655,0
          113.81964513034268,22.588461548709937,0
        </coordinates></LinearRing></outerBoundaryIs>
      </Polygon>
    </Placemark>
    <Placemark>
      <name>gap_0651</name>
      <description>confidence: 0.4085</description>
      <styleUrl>#gapStyle</styleUrl>
      <Polygon>
        <outerBoundaryIs><LinearRing><coordinates>
          113.83250919204424,22.608494259673027,0
          113.83258761709041,22.608494259673027,0
          113.83258761709041,22.60854229420141,0
          113.83250919204424,22.60854229420141,0
          113.83250919204424,22.608494259673027,0
        </coordinates></LinearRing></outerBoundaryIs>
      </Polygon>
    </Placemark>
    <Placemark>
      <name>gap_0652</name>
      <description>confidence: 0.4077</description>
      <styleUrl>#gapStyle</styleUrl>
      <Polygon>
        <outerBoundaryIs><LinearRing><coordinates>
          113.82459792789346,22.60938313713507,0
          113.82467546825892,22.60938313713507,0
          113.82467546825892,22.60944455434188,0
          113.82459792789346,22.60944455434188,0
          113.82459792789346,22.60938313713507,0
        </coordinates></LinearRing></outerBoundaryIs>
      </Polygon>
    </Placemark>
    <Placemark>
      <name>gap_0653</name>
      <description>confidence: 0.4075</description>
      <styleUrl>#gapStyle</styleUrl>
      <Polygon>
        <outerBoundaryIs><LinearRing><coordinates>
          113.8120478903148,22.61354988441285,0
          113.81209033784056,22.61354988441285,0
          113.81209033784056,22.613605990097508,0
          113.8120478903148,22.613605990097508,0
          113.8120478903148,22.61354988441285,0
        </coordinates></LinearRing></outerBoundaryIs>
      </Polygon>
    </Placemark>
    <Placemark>
      <name>gap_0654</name>
      <description>confidence: 0.4069</description>
      <styleUrl>#gapStyle</styleUrl>
      <Polygon>
        <outerBoundaryIs><LinearRing><coordinates>
          113.81431052447043,22.61399292370226,0
          113.81440959135716,22.61399292370226,0
          113.81440959135716,22.6140683245,0
          113.81431052447043,22.6140683245,0
          113.81431052447043,22.61399292370226,0
        </coordinates></LinearRing></outerBoundaryIs>
      </Polygon>
    </Placemark>
    <Placemark>
      <name>gap_0655</name>
      <description>confidence: 0.4057</description>
      <styleUrl>#gapStyle</styleUrl>
      <Polygon>
        <outerBoundaryIs><LinearRing><coordinates>
          113.82095225968378,22.607899877179044,0
          113.82097448032907,22.607899877179044,0
          113.82097448032907,22.60791608186453,0
          113.82095225968378,22.60791608186453,0
          113.82095225968378,22.607899877179044,0
        </coordinates></LinearRing></outerBoundaryIs>
      </Polygon>
    </Placemark>
    <Placemark>
      <name>gap_0656</name>
      <description>confidence: 0.4053</description>
      <styleUrl>#gapStyle</styleUrl>
      <Polygon>
        <outerBoundaryIs><LinearRing><coordinates>
          113.82422367046266,22.547646520968737,0
          113.82428827965772,22.547646520968737,0
          113.82428827965772,22.547668929878807,0
          113.82422367046266,22.547668929878807,0
          113.82422367046266,22.547646520968737,0
        </coordinates></LinearRing></outerBoundaryIs>
      </Polygon>
    </Placemark>
    <Placemark>
      <name>gap_0657</name>
      <description>confidence: 0.4048</description>
      <styleUrl>#gapStyle</styleUrl>
      <Polygon>
        <outerBoundaryIs><LinearRing><coordinates>
          113.82470793521436,22.549289942839994,0
          113.82486354341407,22.549289942839994,0
          113.82486354341407,22.54931952439226,0
          113.82470793521436,22.54931952439226,0
          113.82470793521436,22.549289942839994,0
        </coordinates></LinearRing></outerBoundaryIs>
      </Polygon>
    </Placemark>
    <Placemark>
      <name>gap_0658</name>
      <description>confidence: 0.4044</description>
      <styleUrl>#gapStyle</styleUrl>
      <Polygon>
        <outerBoundaryIs><LinearRing><coordinates>
          113.8190382503421,22.608781110917466,0
          113.81912943204543,22.608781110917466,0
          113.81912943204543,22.6089185005,0
          113.8190382503421,22.6089185005,0
          113.8190382503421,22.608781110917466,0
        </coordinates></LinearRing></outerBoundaryIs>
      </Polygon>
    </Placemark>
    <Placemark>
      <name>gap_0659</name>
      <description>confidence: 0.4038</description>
      <styleUrl>#gapStyle</styleUrl>
      <Polygon>
        <outerBoundaryIs><LinearRing><coordinates>
          113.82749914833356,22.539366018832894,0
          113.82759205454218,22.539366018832894,0
          113.82759205454218,22.53938394230155,0
          113.82749914833356,22.53938394230155,0
          113.82749914833356,22.539366018832894,0
        </coordinates></LinearRing></outerBoundaryIs>
      </Polygon>
    </Placemark>
    <Placemark>
      <name>gap_0660</name>
      <description>confidence: 0.4036</description>
      <styleUrl>#gapStyle</styleUrl>
      <Polygon>
        <outerBoundaryIs><LinearRing><coordinates>
          113.8225690130778,22.60617416202425,0
          113.82261528232212,22.60617416202425,0
          113.82261528232212,22.606214759418897,0
          113.8225690130778,22.606214759418897,0
          113.8225690130778,22.60617416202425,0
        </coordinates></LinearRing></outerBoundaryIs>
      </Polygon>
    </Placemark>
    <Placemark>
      <name>gap_0661</name>
      <description>confidence: 0.4035</description>
      <styleUrl>#gapStyle</styleUrl>
      <Polygon>
        <outerBoundaryIs><LinearRing><coordinates>
          113.8228160038051,22.58001424535848,0
          113.82289800784642,22.58001424535848,0
          113.82289800784642,22.5800370612888,0
          113.8228160038051,22.5800370612888,0
          113.8228160038051,22.58001424535848,0
        </coordinates></LinearRing></outerBoundaryIs>
      </Polygon>
    </Placemark>
    <Placemark>
      <name>gap_0662</name>
      <description>confidence: 0.4034</description>
      <styleUrl>#gapStyle</styleUrl>
      <Polygon>
        <outerBoundaryIs><LinearRing><coordinates>
          113.81012686954287,22.610344195473832,0
          113.81017354250768,22.610344195473832,0
          113.81017354250768,22.61039100464412,0
          113.81012686954287,22.61039100464412,0
          113.81012686954287,22.610344195473832,0
        </coordinates></LinearRing></outerBoundaryIs>
      </Polygon>
    </Placemark>
    <Placemark>
      <name>gap_0663</name>
      <description>confidence: 0.4032</description>
      <styleUrl>#gapStyle</styleUrl>
      <Polygon>
        <outerBoundaryIs><LinearRing><coordinates>
          113.82969801520599,22.603308912008828,0
          113.82974645605886,22.603308912008828,0
          113.82974645605886,22.603339524499997,0
          113.82969801520599,22.603339524499997,0
          113.82969801520599,22.603308912008828,0
        </coordinates></LinearRing></outerBoundaryIs>
      </Polygon>
    </Placemark>
    <Placemark>
      <name>gap_0664</name>
      <description>confidence: 0.4030</description>
      <styleUrl>#gapStyle</styleUrl>
      <Polygon>
        <outerBoundaryIs><LinearRing><coordinates>
          113.82439640987656,22.550057971641777,0
          113.82447308776426,22.550057971641777,0
          113.82447308776426,22.55008054980597,0
          113.82439640987656,22.55008054980597,0
          113.82439640987656,22.550057971641777,0
        </coordinates></LinearRing></outerBoundaryIs>
      </Polygon>
    </Placemark>
    <Placemark>
      <name>gap_0665</name>
      <description>confidence: 0.4030</description>
      <styleUrl>#gapStyle</styleUrl>
      <Polygon>
        <outerBoundaryIs><LinearRing><coordinates>
          113.8162075787278,22.616075840512593,0
          113.81624232814801,22.616075840512593,0
          113.81624232814801,22.616105568665816,0
          113.8162075787278,22.616105568665816,0
          113.8162075787278,22.616075840512593,0
        </coordinates></LinearRing></outerBoundaryIs>
      </Polygon>
    </Placemark>
    <Placemark>
      <name>gap_0666</name>
      <description>confidence: 0.4023</description>
      <styleUrl>#gapStyle</styleUrl>
      <Polygon>
        <outerBoundaryIs><LinearRing><coordinates>
          113.83192203561258,22.597181513800308,0
          113.83203015406485,22.597181513800308,0
          113.83203015406485,22.597281399045357,0
          113.83192203561258,22.597281399045357,0
          113.83192203561258,22.597181513800308,0
        </coordinates></LinearRing></outerBoundaryIs>
      </Polygon>
    </Placemark>
    <Placemark>
      <name>gap_0667</name>
      <description>confidence: 0.4022</description>
      <styleUrl>#gapStyle</styleUrl>
      <Polygon>
        <outerBoundaryIs><LinearRing><coordinates>
          113.82832438665523,22.538587438435325,0
          113.82841469579226,22.538587438435325,0
          113.82841469579226,22.538618135906553,0
          113.82832438665523,22.538618135906553,0
          113.82832438665523,22.538587438435325,0
        </coordinates></LinearRing></outerBoundaryIs>
      </Polygon>
    </Placemark>
    <Placemark>
      <name>gap_0668</name>
      <description>confidence: 0.4021</description>
      <styleUrl>#gapStyle</styleUrl>
      <Polygon>
        <outerBoundaryIs><LinearRing><coordinates>
          113.82283288968164,22.553060411766044,0
          113.82297520376922,22.553060411766044,0
          113.82297520376922,22.553092367500774,0
          113.82283288968164,22.553092367500774,0
          113.82283288968164,22.553060411766044,0
        </coordinates></LinearRing></outerBoundaryIs>
      </Polygon>
    </Placemark>
    <Placemark>
      <name>gap_0669</name>
      <description>confidence: 0.4016</description>
      <styleUrl>#gapStyle</styleUrl>
      <Polygon>
        <outerBoundaryIs><LinearRing><coordinates>
          113.82278126306144,22.609152143137415,0
          113.82280329920727,22.609152143137415,0
          113.82280329920727,22.609163074567604,0
          113.82278126306144,22.609163074567604,0
          113.82278126306144,22.609152143137415,0
        </coordinates></LinearRing></outerBoundaryIs>
      </Polygon>
    </Placemark>
    <Placemark>
      <name>gap_0670</name>
      <description>confidence: 0.4015</description>
      <styleUrl>#gapStyle</styleUrl>
      <Polygon>
        <outerBoundaryIs><LinearRing><coordinates>
          113.82872625716641,22.60209713532076,0
          113.82876204744524,22.60209713532076,0
          113.82876204744524,22.602154872688,0
          113.82872625716641,22.602154872688,0
          113.82872625716641,22.60209713532076,0
        </coordinates></LinearRing></outerBoundaryIs>
      </Polygon>
    </Placemark>
    <Placemark>
      <name>gap_0671</name>
      <description>confidence: 0.4014</description>
      <styleUrl>#gapStyle</styleUrl>
      <Polygon>
        <outerBoundaryIs><LinearRing><coordinates>
          113.81020945704127,22.59022390259354,0
          113.81026996975864,22.59022390259354,0
          113.81026996975864,22.590248494065282,0
          113.81020945704127,22.590248494065282,0
          113.81020945704127,22.59022390259354,0
        </coordinates></LinearRing></outerBoundaryIs>
      </Polygon>
    </Placemark>
    <Placemark>
      <name>gap_0672</name>
      <description>confidence: 0.4007</description>
      <styleUrl>#gapStyle</styleUrl>
      <Polygon>
        <outerBoundaryIs><LinearRing><coordinates>
          113.82504875236086,22.54564317950233,0
          113.82513860524232,22.54564317950233,0
          113.82513860524232,22.54569226258363,0
          113.82504875236086,22.54569226258363,0
          113.82504875236086,22.54564317950233,0
        </coordinates></LinearRing></outerBoundaryIs>
      </Polygon>
    </Placemark>
    <Placemark>
      <name>gap_0673</name>
      <description>confidence: 0.4006</description>
      <styleUrl>#gapStyle</styleUrl>
      <Polygon>
        <outerBoundaryIs><LinearRing><coordinates>
          113.82338638094468,22.57733694936926,0
          113.82342476714915,22.57733694936926,0
          113.82342476714915,22.57735094399005,0
          113.82338638094468,22.57735094399005,0
          113.82338638094468,22.57733694936926,0
        </coordinates></LinearRing></outerBoundaryIs>
      </Polygon>
    </Placemark>
    <Placemark>
      <name>gap_0674</name>
      <description>confidence: 0.3993</description>
      <styleUrl>#gapStyle</styleUrl>
      <Polygon>
        <outerBoundaryIs><LinearRing><coordinates>
          113.82808151527877,22.545973098799344,0
          113.82817090388293,22.545973098799344,0
          113.82817090388293,22.545990168479594,0
          113.82808151527877,22.545990168479594,0
          113.82808151527877,22.545973098799344,0
        </coordinates></LinearRing></outerBoundaryIs>
      </Polygon>
    </Placemark>
    <Placemark>
      <name>gap_0675</name>
      <description>confidence: 0.3991</description>
      <styleUrl>#gapStyle</styleUrl>
      <Polygon>
        <outerBoundaryIs><LinearRing><coordinates>
          113.83198837458231,22.605394990792487,0
          113.8320066794841,22.605394990792487,0
          113.8320066794841,22.605425674102932,0
          113.83198837458231,22.605425674102932,0
          113.83198837458231,22.605394990792487,0
        </coordinates></LinearRing></outerBoundaryIs>
      </Polygon>
    </Placemark>
    <Placemark>
      <name>gap_0676</name>
      <description>confidence: 0.3985</description>
      <styleUrl>#gapStyle</styleUrl>
      <Polygon>
        <outerBoundaryIs><LinearRing><coordinates>
          113.81113264829523,22.61198114324705,0
          113.81117762998757,22.61198114324705,0
          113.81117762998757,22.61201520099887,0
          113.81113264829523,22.61201520099887,0
          113.81113264829523,22.61198114324705,0
        </coordinates></LinearRing></outerBoundaryIs>
      </Polygon>
    </Placemark>
    <Placemark>
      <name>gap_0677</name>
      <description>confidence: 0.3983</description>
      <styleUrl>#gapStyle</styleUrl>
      <Polygon>
        <outerBoundaryIs><LinearRing><coordinates>
          113.82993417924074,22.537100800763756,0
          113.83001423433241,22.537100800763756,0
          113.83001423433241,22.537120901302178,0
          113.82993417924074,22.537120901302178,0
          113.82993417924074,22.537100800763756,0
        </coordinates></LinearRing></outerBoundaryIs>
      </Polygon>
    </Placemark>
    <Placemark>
      <name>gap_0678</name>
      <description>confidence: 0.3982</description>
      <styleUrl>#gapStyle</styleUrl>
      <Polygon>
        <outerBoundaryIs><LinearRing><coordinates>
          113.82892010165452,22.604943668344305,0
          113.8290029817,22.604943668344305,0
          113.8290029817,22.604987078307193,0
          113.82892010165452,22.604987078307193,0
          113.82892010165452,22.604943668344305,0
        </coordinates></LinearRing></outerBoundaryIs>
      </Polygon>
    </Placemark>
    <Placemark>
      <name>gap_0679</name>
      <description>confidence: 0.3977</description>
      <styleUrl>#gapStyle</styleUrl>
      <Polygon>
        <outerBoundaryIs><LinearRing><coordinates>
          113.81894499019572,22.590113919133152,0
          113.81897941007072,22.590113919133152,0
          113.81897941007072,22.590149969053662,0
          113.81894499019572,22.590149969053662,0
          113.81894499019572,22.590113919133152,0
        </coordinates></LinearRing></outerBoundaryIs>
      </Polygon>
    </Placemark>
    <Placemark>
      <name>gap_0680</name>
      <description>confidence: 0.3975</description>
      <styleUrl>#gapStyle</styleUrl>
      <Polygon>
        <outerBoundaryIs><LinearRing><coordinates>
          113.82356771130979,22.59795650151261,0
          113.82360678541734,22.59795650151261,0
          113.82360678541734,22.597972166287473,0
          113.82356771130979,22.597972166287473,0
          113.82356771130979,22.59795650151261,0
        </coordinates></LinearRing></outerBoundaryIs>
      </Polygon>
    </Placemark>
    <Placemark>
      <name>gap_0681</name>
      <description>confidence: 0.3975</description>
      <styleUrl>#gapStyle</styleUrl>
      <Polygon>
        <outerBoundaryIs><LinearRing><coordinates>
          113.82053234006534,22.60804884990506,0
          113.8205590814389,22.60804884990506,0
          113.8205590814389,22.60806544020591,0
          113.82053234006534,22.60806544020591,0
          113.82053234006534,22.60804884990506,0
        </coordinates></LinearRing></outerBoundaryIs>
      </Polygon>
    </Placemark>
    <Placemark>
      <name>gap_0682</name>
      <description>confidence: 0.3971</description>
      <styleUrl>#gapStyle</styleUrl>
      <Polygon>
        <outerBoundaryIs><LinearRing><coordinates>
          113.81430258624545,22.603089641816062,0
          113.8143648445865,22.603089641816062,0
          113.8143648445865,22.60313143708624,0
          113.81430258624545,22.60313143708624,0
          113.81430258624545,22.603089641816062,0
        </coordinates></LinearRing></outerBoundaryIs>
      </Polygon>
    </Placemark>
    <Placemark>
      <name>gap_0683</name>
      <description>confidence: 0.3968</description>
      <styleUrl>#gapStyle</styleUrl>
      <Polygon>
        <outerBoundaryIs><LinearRing><coordinates>
          113.82520931528005,22.537310995596982,0
          113.82528764889504,22.537310995596982,0
          113.82528764889504,22.53734469859249,0
          113.82520931528005,22.53734469859249,0
          113.82520931528005,22.537310995596982,0
        </coordinates></LinearRing></outerBoundaryIs>
      </Polygon>
    </Placemark>
    <Placemark>
      <name>gap_0684</name>
      <description>confidence: 0.3967</description>
      <styleUrl>#gapStyle</styleUrl>
      <Polygon>
        <outerBoundaryIs><LinearRing><coordinates>
          113.8204984885453,22.608553963261155,0
          113.82052024638668,22.608553963261155,0
          113.82052024638668,22.608569785687305,0
          113.8204984885453,22.608569785687305,0
          113.8204984885453,22.608553963261155,0
        </coordinates></LinearRing></outerBoundaryIs>
      </Polygon>
    </Placemark>
    <Placemark>
      <name>gap_0685</name>
      <description>confidence: 0.3965</description>
      <styleUrl>#gapStyle</styleUrl>
      <Polygon>
        <outerBoundaryIs><LinearRing><coordinates>
          113.82008737992275,22.605008994030072,0
          113.82010996465576,22.605008994030072,0
          113.82010996465576,22.605023494346405,0
          113.82008737992275,22.605023494346405,0
          113.82008737992275,22.605008994030072,0
        </coordinates></LinearRing></outerBoundaryIs>
      </Polygon>
    </Placemark>
    <Placemark>
      <name>gap_0686</name>
      <description>confidence: 0.3965</description>
      <styleUrl>#gapStyle</styleUrl>
      <Polygon>
        <outerBoundaryIs><LinearRing><coordinates>
          113.81161453088367,22.611785193641623,0
          113.81164609715589,22.611785193641623,0
          113.81164609715589,22.611807623281283,0
          113.81161453088367,22.611807623281283,0
          113.81161453088367,22.611785193641623,0
        </coordinates></LinearRing></outerBoundaryIs>
      </Polygon>
    </Placemark>
    <Placemark>
      <name>gap_0687</name>
      <description>confidence: 0.3965</description>
      <styleUrl>#gapStyle</styleUrl>
      <Polygon>
        <outerBoundaryIs><LinearRing><coordinates>
          113.82737600622983,22.55392395587037,0
          113.82746269871876,22.55392395587037,0
          113.82746269871876,22.553948127920943,0
          113.82737600622983,22.553948127920943,0
          113.82737600622983,22.55392395587037,0
        </coordinates></LinearRing></outerBoundaryIs>
      </Polygon>
    </Placemark>
    <Placemark>
      <name>gap_0688</name>
      <description>confidence: 0.3952</description>
      <styleUrl>#gapStyle</styleUrl>
      <Polygon>
        <outerBoundaryIs><LinearRing><coordinates>
          113.8217558444873,22.53885845752319,0
          113.82181623344106,22.53885845752319,0
          113.82181623344106,22.538891617825037,0
          113.8217558444873,22.538891617825037,0
          113.8217558444873,22.53885845752319,0
        </coordinates></LinearRing></outerBoundaryIs>
      </Polygon>
    </Placemark>
    <Placemark>
      <name>gap_0689</name>
      <description>confidence: 0.3951</description>
      <styleUrl>#gapStyle</styleUrl>
      <Polygon>
        <outerBoundaryIs><LinearRing><coordinates>
          113.82227660577675,22.549682295242008,0
          113.82237499102224,22.549682295242008,0
          113.82237499102224,22.5496955245,0
          113.82227660577675,22.5496955245,0
          113.82227660577675,22.549682295242008,0
        </coordinates></LinearRing></outerBoundaryIs>
      </Polygon>
    </Placemark>
    <Placemark>
      <name>gap_0690</name>
      <description>confidence: 0.3950</description>
      <styleUrl>#gapStyle</styleUrl>
      <Polygon>
        <outerBoundaryIs><LinearRing><coordinates>
          113.8225707259956,22.605406813779148,0
          113.82259263518549,22.605406813779148,0
          113.82259263518549,22.605425610297544,0
          113.8225707259956,22.605425610297544,0
          113.8225707259956,22.605406813779148,0
        </coordinates></LinearRing></outerBoundaryIs>
      </Polygon>
    </Placemark>
    <Placemark>
      <name>gap_0691</name>
      <description>confidence: 0.3948</description>
      <styleUrl>#gapStyle</styleUrl>
      <Polygon>
        <outerBoundaryIs><LinearRing><coordinates>
          113.81084239345907,22.615881961052256,0
          113.81088927973606,22.615881961052256,0
          113.81088927973606,22.61594659775035,0
          113.81084239345907,22.61594659775035,0
          113.81084239345907,22.615881961052256,0
        </coordinates></LinearRing></outerBoundaryIs>
      </Polygon>
    </Placemark>
    <Placemark>
      <name>gap_0692</name>
      <description>confidence: 0.3947</description>
      <styleUrl>#gapStyle</styleUrl>
      <Polygon>
        <outerBoundaryIs><LinearRing><coordinates>
          113.82416393274131,22.60280955049447,0
          113.82428172526068,22.60280955049447,0
          113.82428172526068,22.602907712165315,0
          113.82416393274131,22.602907712165315,0
          113.82416393274131,22.60280955049447,0
        </coordinates></LinearRing></outerBoundaryIs>
      </Polygon>
    </Placemark>
    <Placemark>
      <name>gap_0693</name>
      <description>confidence: 0.3947</description>
      <styleUrl>#gapStyle</styleUrl>
      <Polygon>
        <outerBoundaryIs><LinearRing><coordinates>
          113.81557419681826,22.603058362033714,0
          113.81559598592796,22.603058362033714,0
          113.81559598592796,22.603071400596885,0
          113.81557419681826,22.603071400596885,0
          113.81557419681826,22.603058362033714,0
        </coordinates></LinearRing></outerBoundaryIs>
      </Polygon>
    </Placemark>
    <Placemark>
      <name>gap_0694</name>
      <description>confidence: 0.3946</description>
      <styleUrl>#gapStyle</styleUrl>
      <Polygon>
        <outerBoundaryIs><LinearRing><coordinates>
          113.8256516797835,22.60849944816825,0
          113.82567760105935,22.60849944816825,0
          113.82567760105935,22.608517065330638,0
          113.8256516797835,22.608517065330638,0
          113.8256516797835,22.60849944816825,0
        </coordinates></LinearRing></outerBoundaryIs>
      </Polygon>
    </Placemark>
    <Placemark>
      <name>gap_0695</name>
      <description>confidence: 0.3939</description>
      <styleUrl>#gapStyle</styleUrl>
      <Polygon>
        <outerBoundaryIs><LinearRing><coordinates>
          113.8299517640707,22.570949452631798,0
          113.83005124378934,22.570949452631798,0
          113.83005124378934,22.57097035296808,0
          113.8299517640707,22.57097035296808,0
          113.8299517640707,22.570949452631798,0
        </coordinates></LinearRing></outerBoundaryIs>
      </Polygon>
    </Placemark>
    <Placemark>
      <name>gap_0696</name>
      <description>confidence: 0.3938</description>
      <styleUrl>#gapStyle</styleUrl>
      <Polygon>
        <outerBoundaryIs><LinearRing><coordinates>
          113.82221353992307,22.58140968426012,0
          113.82227098441581,22.58140968426012,0
          113.82227098441581,22.581434016908727,0
          113.82221353992307,22.581434016908727,0
          113.82221353992307,22.58140968426012,0
        </coordinates></LinearRing></outerBoundaryIs>
      </Polygon>
    </Placemark>
    <Placemark>
      <name>gap_0697</name>
      <description>confidence: 0.3936</description>
      <styleUrl>#gapStyle</styleUrl>
      <Polygon>
        <outerBoundaryIs><LinearRing><coordinates>
          113.81949896051074,22.61095566524673,0
          113.8195618216265,22.61095566524673,0
          113.8195618216265,22.611020661407757,0
          113.81949896051074,22.611020661407757,0
          113.81949896051074,22.61095566524673,0
        </coordinates></LinearRing></outerBoundaryIs>
      </Polygon>
    </Placemark>
    <Placemark>
      <name>gap_0698</name>
      <description>confidence: 0.3933</description>
      <styleUrl>#gapStyle</styleUrl>
      <Polygon>
        <outerBoundaryIs><LinearRing><coordinates>
          113.82606191731314,22.58066148052652,0
          113.82611572584017,22.58066148052652,0
          113.82611572584017,22.580677959096317,0
          113.82606191731314,22.580677959096317,0
          113.82606191731314,22.58066148052652,0
        </coordinates></LinearRing></outerBoundaryIs>
      </Polygon>
    </Placemark>
    <Placemark>
      <name>gap_0699</name>
      <description>confidence: 0.3932</description>
      <styleUrl>#gapStyle</styleUrl>
      <Polygon>
        <outerBoundaryIs><LinearRing><coordinates>
          113.8288668668439,22.538786604493197,0
          113.82894609618992,22.538786604493197,0
          113.82894609618992,22.53880464381887,0
          113.8288668668439,22.53880464381887,0
          113.8288668668439,22.538786604493197,0
        </coordinates></LinearRing></outerBoundaryIs>
      </Polygon>
    </Placemark>
    <Placemark>
      <name>gap_0700</name>
      <description>confidence: 0.3929</description>
      <styleUrl>#gapStyle</styleUrl>
      <Polygon>
        <outerBoundaryIs><LinearRing><coordinates>
          113.82410298959337,22.592780794462687,0
          113.82416815543826,22.592780794462687,0
          113.82416815543826,22.592796656997418,0
          113.82410298959337,22.592796656997418,0
          113.82410298959337,22.592780794462687,0
        </coordinates></LinearRing></outerBoundaryIs>
      </Polygon>
    </Placemark>
    <Placemark>
      <name>gap_0701</name>
      <description>confidence: 0.3928</description>
      <styleUrl>#gapStyle</styleUrl>
      <Polygon>
        <outerBoundaryIs><LinearRing><coordinates>
          113.82387783086229,22.578601204764905,0
          113.82393408314789,22.578601204764905,0
          113.82393408314789,22.578616930275622,0
          113.82387783086229,22.578616930275622,0
          113.82387783086229,22.578601204764905,0
        </coordinates></LinearRing></outerBoundaryIs>
      </Polygon>
    </Placemark>
    <Placemark>
      <name>gap_0702</name>
      <description>confidence: 0.3926</description>
      <styleUrl>#gapStyle</styleUrl>
      <Polygon>
        <outerBoundaryIs><LinearRing><coordinates>
          113.82137135744463,22.604723036398692,0
          113.82139253281119,22.604723036398692,0
          113.82139253281119,22.604740007444573,0
          113.82137135744463,22.604740007444573,0
          113.82137135744463,22.604723036398692,0
        </coordinates></LinearRing></outerBoundaryIs>
      </Polygon>
    </Placemark>
    <Placemark>
      <name>gap_0703</name>
      <description>confidence: 0.3925</description>
      <styleUrl>#gapStyle</styleUrl>
      <Polygon>
        <outerBoundaryIs><LinearRing><coordinates>
          113.81242274937432,22.615036747019897,0
          113.8124989258843,22.615036747019897,0
          113.8124989258843,22.615130865981055,0
          113.81242274937432,22.615130865981055,0
          113.81242274937432,22.615036747019897,0
        </coordinates></LinearRing></outerBoundaryIs>
      </Polygon>
    </Placemark>
    <Placemark>
      <name>gap_0704</name>
      <description>confidence: 0.3924</description>
      <styleUrl>#gapStyle</styleUrl>
      <Polygon>
        <outerBoundaryIs><LinearRing><coordinates>
          113.82529575160612,22.581794432949888,0
          113.82533395683083,22.581794432949888,0
          113.82533395683083,22.58181291891327,0
          113.82529575160612,22.58181291891327,0
          113.82529575160612,22.581794432949888,0
        </coordinates></LinearRing></outerBoundaryIs>
      </Polygon>
    </Placemark>
    <Placemark>
      <name>gap_0705</name>
      <description>confidence: 0.3922</description>
      <styleUrl>#gapStyle</styleUrl>
      <Polygon>
        <outerBoundaryIs><LinearRing><coordinates>
          113.82408466566048,22.57620874702976,0
          113.82414966480918,22.57620874702976,0
          113.82414966480918,22.576225804472802,0
          113.82408466566048,22.576225804472802,0
          113.82408466566048,22.57620874702976,0
        </coordinates></LinearRing></outerBoundaryIs>
      </Polygon>
    </Placemark>
    <Placemark>
      <name>gap_0706</name>
      <description>confidence: 0.3921</description>
      <styleUrl>#gapStyle</styleUrl>
      <Polygon>
        <outerBoundaryIs><LinearRing><coordinates>
          113.8287902396035,22.541246601703172,0
          113.82887894370151,22.541246601703172,0
          113.82887894370151,22.54127953068491,0
          113.8287902396035,22.54127953068491,0
          113.8287902396035,22.541246601703172,0
        </coordinates></LinearRing></outerBoundaryIs>
      </Polygon>
    </Placemark>
    <Placemark>
      <name>gap_0707</name>
      <description>confidence: 0.3918</description>
      <styleUrl>#gapStyle</styleUrl>
      <Polygon>
        <outerBoundaryIs><LinearRing><coordinates>
          113.83047407926072,22.582694311131743,0
          113.83053094979148,22.582694311131743,0
          113.83053094979148,22.582752708899054,0
          113.83047407926072,22.582752708899054,0
          113.83047407926072,22.582694311131743,0
        </coordinates></LinearRing></outerBoundaryIs>
      </Polygon>
    </Placemark>
    <Placemark>
      <name>gap_0708</name>
      <description>confidence: 0.3914</description>
      <styleUrl>#gapStyle</styleUrl>
      <Polygon>
        <outerBoundaryIs><LinearRing><coordinates>
          113.81388528493977,22.615433481136083,0
          113.8139553675647,22.615433481136083,0
          113.8139553675647,22.61555090727583,0
          113.81388528493977,22.61555090727583,0
          113.81388528493977,22.615433481136083,0
        </coordinates></LinearRing></outerBoundaryIs>
      </Polygon>
    </Placemark>
    <Placemark>
      <name>gap_0709</name>
      <description>confidence: 0.3911</description>
      <styleUrl>#gapStyle</styleUrl>
      <Polygon>
        <outerBoundaryIs><LinearRing><coordinates>
          113.82464092699406,22.54045603483555,0
          113.8247114617,22.54045603483555,0
          113.8247114617,22.54048258016819,0
          113.82464092699406,22.54048258016819,0
          113.82464092699406,22.54045603483555,0
        </coordinates></LinearRing></outerBoundaryIs>
      </Polygon>
    </Placemark>
    <Placemark>
      <name>gap_0710</name>
      <description>confidence: 0.3906</description>
      <styleUrl>#gapStyle</styleUrl>
      <Polygon>
        <outerBoundaryIs><LinearRing><coordinates>
          113.82968897481356,22.60641304092907,0
          113.82973047806871,22.60641304092907,0
          113.82973047806871,22.60645718427021,0
          113.82968897481356,22.60645718427021,0
          113.82968897481356,22.60641304092907,0
        </coordinates></LinearRing></outerBoundaryIs>
      </Polygon>
    </Placemark>
    <Placemark>
      <name>gap_0711</name>
      <description>confidence: 0.3905</description>
      <styleUrl>#gapStyle</styleUrl>
      <Polygon>
        <outerBoundaryIs><LinearRing><coordinates>
          113.82404909761593,22.579513669756334,0
          113.82411691631606,22.579513669756334,0
          113.82411691631606,22.579530855874253,0
          113.82404909761593,22.579530855874253,0
          113.82404909761593,22.579513669756334,0
        </coordinates></LinearRing></outerBoundaryIs>
      </Polygon>
    </Placemark>
    <Placemark>
      <name>gap_0712</name>
      <description>confidence: 0.3901</description>
      <styleUrl>#gapStyle</styleUrl>
      <Polygon>
        <outerBoundaryIs><LinearRing><coordinates>
          113.81935589238184,22.55138572533733,0
          113.81949712402884,22.55138572533733,0
          113.81949712402884,22.55142170306239,0
          113.81935589238184,22.55142170306239,0
          113.81935589238184,22.55138572533733,0
        </coordinates></LinearRing></outerBoundaryIs>
      </Polygon>
    </Placemark>
    <Placemark>
      <name>gap_0713</name>
      <description>confidence: 0.3900</description>
      <styleUrl>#gapStyle</styleUrl>
      <Polygon>
        <outerBoundaryIs><LinearRing><coordinates>
          113.82191401918602,22.57868324314408,0
          113.82196696742493,22.57868324314408,0
          113.82196696742493,22.57870510248473,0
          113.82191401918602,22.57870510248473,0
          113.82191401918602,22.57868324314408,0
        </coordinates></LinearRing></outerBoundaryIs>
      </Polygon>
    </Placemark>
    <Placemark>
      <name>gap_0714</name>
      <description>confidence: 0.3899</description>
      <styleUrl>#gapStyle</styleUrl>
      <Polygon>
        <outerBoundaryIs><LinearRing><coordinates>
          113.83141740723268,22.610185015400305,0
          113.8314507976268,22.610185015400305,0
          113.8314507976268,22.61020533146096,0
          113.83141740723268,22.61020533146096,0
          113.83141740723268,22.610185015400305,0
        </coordinates></LinearRing></outerBoundaryIs>
      </Polygon>
    </Placemark>
    <Placemark>
      <name>gap_0715</name>
      <description>confidence: 0.3899</description>
      <styleUrl>#gapStyle</styleUrl>
      <Polygon>
        <outerBoundaryIs><LinearRing><coordinates>
          113.8172851993575,22.60363398987775,0
          113.81730973872901,22.60363398987775,0
          113.81730973872901,22.60364995808631,0
          113.8172851993575,22.60364995808631,0
          113.8172851993575,22.60363398987775,0
        </coordinates></LinearRing></outerBoundaryIs>
      </Polygon>
    </Placemark>
    <Placemark>
      <name>gap_0716</name>
      <description>confidence: 0.3888</description>
      <styleUrl>#gapStyle</styleUrl>
      <Polygon>
        <outerBoundaryIs><LinearRing><coordinates>
          113.83025964589176,22.60980238698112,0
          113.83029414041783,22.60980238698112,0
          113.83029414041783,22.609836790157868,0
          113.83025964589176,22.609836790157868,0
          113.83025964589176,22.60980238698112,0
        </coordinates></LinearRing></outerBoundaryIs>
      </Polygon>
    </Placemark>
    <Placemark>
      <name>gap_0717</name>
      <description>confidence: 0.3888</description>
      <styleUrl>#gapStyle</styleUrl>
      <Polygon>
        <outerBoundaryIs><LinearRing><coordinates>
          113.83039986332369,22.59850114864925,0
          113.83043643481946,22.59850114864925,0
          113.83043643481946,22.598540233070445,0
          113.83039986332369,22.598540233070445,0
          113.83039986332369,22.59850114864925,0
        </coordinates></LinearRing></outerBoundaryIs>
      </Polygon>
    </Placemark>
    <Placemark>
      <name>gap_0718</name>
      <description>confidence: 0.3886</description>
      <styleUrl>#gapStyle</styleUrl>
      <Polygon>
        <outerBoundaryIs><LinearRing><coordinates>
          113.82278600897074,22.544610432558294,0
          113.82286627655604,22.544610432558294,0
          113.82286627655604,22.54464668991793,0
          113.82278600897074,22.54464668991793,0
          113.82278600897074,22.544610432558294,0
        </coordinates></LinearRing></outerBoundaryIs>
      </Polygon>
    </Placemark>
    <Placemark>
      <name>gap_0719</name>
      <description>confidence: 0.3886</description>
      <styleUrl>#gapStyle</styleUrl>
      <Polygon>
        <outerBoundaryIs><LinearRing><coordinates>
          113.81551005963571,22.609797786035692,0
          113.81558026508293,22.609797786035692,0
          113.81558026508293,22.609837894289818,0
          113.81551005963571,22.609837894289818,0
          113.81551005963571,22.609797786035692,0
        </coordinates></LinearRing></outerBoundaryIs>
      </Polygon>
    </Placemark>
    <Placemark>
      <name>gap_0720</name>
      <description>confidence: 0.3884</description>
      <styleUrl>#gapStyle</styleUrl>
      <Polygon>
        <outerBoundaryIs><LinearRing><coordinates>
          113.81752846293858,22.60748506585913,0
          113.81754488470155,22.60748506585913,0
          113.81754488470155,22.6075039972324,0
          113.81752846293858,22.6075039972324,0
          113.81752846293858,22.60748506585913,0
        </coordinates></LinearRing></outerBoundaryIs>
      </Polygon>
    </Placemark>
    <Placemark>
      <name>gap_0721</name>
      <description>confidence: 0.3882</description>
      <styleUrl>#gapStyle</styleUrl>
      <Polygon>
        <outerBoundaryIs><LinearRing><coordinates>
          113.8258870977577,22.60849823967213,0
          113.82591211012398,22.60849823967213,0
          113.82591211012398,22.60851737130182,0
          113.8258870977577,22.60851737130182,0
          113.8258870977577,22.60849823967213,0
        </coordinates></LinearRing></outerBoundaryIs>
      </Polygon>
    </Placemark>
    <Placemark>
      <name>gap_0722</name>
      <description>confidence: 0.3882</description>
      <styleUrl>#gapStyle</styleUrl>
      <Polygon>
        <outerBoundaryIs><LinearRing><coordinates>
          113.82670308704047,22.576878761293706,0
          113.8267836597784,22.576878761293706,0
          113.8267836597784,22.57690489047935,0
          113.82670308704047,22.57690489047935,0
          113.82670308704047,22.576878761293706,0
        </coordinates></LinearRing></outerBoundaryIs>
      </Polygon>
    </Placemark>
    <Placemark>
      <name>gap_0723</name>
      <description>confidence: 0.3882</description>
      <styleUrl>#gapStyle</styleUrl>
      <Polygon>
        <outerBoundaryIs><LinearRing><coordinates>
          113.83263701236382,22.587856000815627,0
          113.83272014533893,22.587856000815627,0
          113.83272014533893,22.587890052499997,0
          113.83263701236382,22.587890052499997,0
          113.83263701236382,22.587856000815627,0
        </coordinates></LinearRing></outerBoundaryIs>
      </Polygon>
    </Placemark>
    <Placemark>
      <name>gap_0724</name>
      <description>confidence: 0.3881</description>
      <styleUrl>#gapStyle</styleUrl>
      <Polygon>
        <outerBoundaryIs><LinearRing><coordinates>
          113.8105494457,22.60611703280338,0
          113.81062530575123,22.60611703280338,0
          113.81062530575123,22.606235866181358,0
          113.8105494457,22.606235866181358,0
          113.8105494457,22.60611703280338,0
        </coordinates></LinearRing></outerBoundaryIs>
      </Polygon>
    </Placemark>
    <Placemark>
      <name>gap_0725</name>
      <description>confidence: 0.3875</description>
      <styleUrl>#gapStyle</styleUrl>
      <Polygon>
        <outerBoundaryIs><LinearRing><coordinates>
          113.8320050406802,22.60859827996959,0
          113.83205061794405,22.60859827996959,0
          113.83205061794405,22.608631233875947,0
          113.8320050406802,22.608631233875947,0
          113.8320050406802,22.60859827996959,0
        </coordinates></LinearRing></outerBoundaryIs>
      </Polygon>
    </Placemark>
    <Placemark>
      <name>gap_0726</name>
      <description>confidence: 0.3874</description>
      <styleUrl>#gapStyle</styleUrl>
      <Polygon>
        <outerBoundaryIs><LinearRing><coordinates>
          113.81196264267612,22.59888616141106,0
          113.81204678360444,22.59888616141106,0
          113.81204678360444,22.599009061737814,0
          113.81196264267612,22.599009061737814,0
          113.81196264267612,22.59888616141106,0
        </coordinates></LinearRing></outerBoundaryIs>
      </Polygon>
    </Placemark>
    <Placemark>
      <name>gap_0727</name>
      <description>confidence: 0.3870</description>
      <styleUrl>#gapStyle</styleUrl>
      <Polygon>
        <outerBoundaryIs><LinearRing><coordinates>
          113.8211240694585,22.579132468343182,0
          113.82119684770753,22.579132468343182,0
          113.82119684770753,22.579151554564227,0
          113.8211240694585,22.579151554564227,0
          113.8211240694585,22.579132468343182,0
        </coordinates></LinearRing></outerBoundaryIs>
      </Polygon>
    </Placemark>
    <Placemark>
      <name>gap_0728</name>
      <description>confidence: 0.3863</description>
      <styleUrl>#gapStyle</styleUrl>
      <Polygon>
        <outerBoundaryIs><LinearRing><coordinates>
          113.8278615304319,22.543048880978514,0
          113.82794254452796,22.543048880978514,0
          113.82794254452796,22.543082861869195,0
          113.8278615304319,22.543082861869195,0
          113.8278615304319,22.543048880978514,0
        </coordinates></LinearRing></outerBoundaryIs>
      </Polygon>
    </Placemark>
    <Placemark>
      <name>gap_0729</name>
      <description>confidence: 0.3854</description>
      <styleUrl>#gapStyle</styleUrl>
      <Polygon>
        <outerBoundaryIs><LinearRing><coordinates>
          113.82840926271655,22.612482519220034,0
          113.82847859490174,22.612482519220034,0
          113.82847859490174,22.612541612830306,0
          113.82840926271655,22.612541612830306,0
          113.82840926271655,22.612482519220034,0
        </coordinates></LinearRing></outerBoundaryIs>
      </Polygon>
    </Placemark>
    <Placemark>
      <name>gap_0730</name>
      <description>confidence: 0.3853</description>
      <styleUrl>#gapStyle</styleUrl>
      <Polygon>
        <outerBoundaryIs><LinearRing><coordinates>
          113.82874493953905,22.537404728369797,0
          113.82879202480372,22.537404728369797,0
          113.82879202480372,22.537421215779858,0
          113.82874493953905,22.537421215779858,0
          113.82874493953905,22.537404728369797,0
        </coordinates></LinearRing></outerBoundaryIs>
      </Polygon>
    </Placemark>
    <Placemark>
      <name>gap_0731</name>
      <description>confidence: 0.3851</description>
      <styleUrl>#gapStyle</styleUrl>
      <Polygon>
        <outerBoundaryIs><LinearRing><coordinates>
          113.82621253915669,22.607906530292325,0
          113.82624807699702,22.607906530292325,0
          113.82624807699702,22.607934790471464,0
          113.82621253915669,22.607934790471464,0
          113.82621253915669,22.607906530292325,0
        </coordinates></LinearRing></outerBoundaryIs>
      </Polygon>
    </Placemark>
    <Placemark>
      <name>gap_0732</name>
      <description>confidence: 0.3851</description>
      <styleUrl>#gapStyle</styleUrl>
      <Polygon>
        <outerBoundaryIs><LinearRing><coordinates>
          113.82118224785643,22.606158520976884,0
          113.82123221717367,22.606158520976884,0
          113.82123221717367,22.606198313355467,0
          113.82118224785643,22.606198313355467,0
          113.82118224785643,22.606158520976884,0
        </coordinates></LinearRing></outerBoundaryIs>
      </Polygon>
    </Placemark>
    <Placemark>
      <name>gap_0733</name>
      <description>confidence: 0.3845</description>
      <styleUrl>#gapStyle</styleUrl>
      <Polygon>
        <outerBoundaryIs><LinearRing><coordinates>
          113.8171283666387,22.605182369267297,0
          113.81715971509676,22.605182369267297,0
          113.81715971509676,22.605204187353404,0
          113.8171283666387,22.605204187353404,0
          113.8171283666387,22.605182369267297,0
        </coordinates></LinearRing></outerBoundaryIs>
      </Polygon>
    </Placemark>
    <Placemark>
      <name>gap_0734</name>
      <description>confidence: 0.3845</description>
      <styleUrl>#gapStyle</styleUrl>
      <Polygon>
        <outerBoundaryIs><LinearRing><coordinates>
          113.82293555496298,22.60557968941897,0
          113.822955606307,22.60557968941897,0
          113.822955606307,22.60559799808605,0
          113.82293555496298,22.60559799808605,0
          113.82293555496298,22.60557968941897,0
        </coordinates></LinearRing></outerBoundaryIs>
      </Polygon>
    </Placemark>
    <Placemark>
      <name>gap_0735</name>
      <description>confidence: 0.3843</description>
      <styleUrl>#gapStyle</styleUrl>
      <Polygon>
        <outerBoundaryIs><LinearRing><coordinates>
          113.8211477312297,22.605582076084207,0
          113.82117707687802,22.605582076084207,0
          113.82117707687802,22.605609379714604,0
          113.8211477312297,22.605609379714604,0
          113.8211477312297,22.605582076084207,0
        </coordinates></LinearRing></outerBoundaryIs>
      </Polygon>
    </Placemark>
    <Placemark>
      <name>gap_0736</name>
      <description>confidence: 0.3842</description>
      <styleUrl>#gapStyle</styleUrl>
      <Polygon>
        <outerBoundaryIs><LinearRing><coordinates>
          113.83150676014839,22.5999685670457,0
          113.83152700352247,22.5999685670457,0
          113.83152700352247,22.599999247900513,0
          113.83150676014839,22.599999247900513,0
          113.83150676014839,22.5999685670457,0
        </coordinates></LinearRing></outerBoundaryIs>
      </Polygon>
    </Placemark>
    <Placemark>
      <name>gap_0737</name>
      <description>confidence: 0.3840</description>
      <styleUrl>#gapStyle</styleUrl>
      <Polygon>
        <outerBoundaryIs><LinearRing><coordinates>
          113.8313996511227,22.60713782280628,0
          113.8314759373583,22.60713782280628,0
          113.8314759373583,22.607235827061174,0
          113.8313996511227,22.607235827061174,0
          113.8313996511227,22.60713782280628,0
        </coordinates></LinearRing></outerBoundaryIs>
      </Polygon>
    </Placemark>
    <Placemark>
      <name>gap_0738</name>
      <description>confidence: 0.3838</description>
      <styleUrl>#gapStyle</styleUrl>
      <Polygon>
        <outerBoundaryIs><LinearRing><coordinates>
          113.82312135800791,22.57608802764805,0
          113.8232035135819,22.57608802764805,0
          113.8232035135819,22.57610964494569,0
          113.82312135800791,22.57610964494569,0
          113.82312135800791,22.57608802764805,0
        </coordinates></LinearRing></outerBoundaryIs>
      </Polygon>
    </Placemark>
    <Placemark>
      <name>gap_0739</name>
      <description>confidence: 0.3835</description>
      <styleUrl>#gapStyle</styleUrl>
      <Polygon>
        <outerBoundaryIs><LinearRing><coordinates>
          113.82246269385863,22.55018496207183,0
          113.82256223713709,22.55018496207183,0
          113.82256223713709,22.55021426360071,0
          113.82246269385863,22.55021426360071,0
          113.82246269385863,22.55018496207183,0
        </coordinates></LinearRing></outerBoundaryIs>
      </Polygon>
    </Placemark>
    <Placemark>
      <name>gap_0740</name>
      <description>confidence: 0.3831</description>
      <styleUrl>#gapStyle</styleUrl>
      <Polygon>
        <outerBoundaryIs><LinearRing><coordinates>
          113.82457816774593,22.607748476942522,0
          113.82459379544082,22.607748476942522,0
          113.82459379544082,22.607769907203203,0
          113.82457816774593,22.607769907203203,0
          113.82457816774593,22.607748476942522,0
        </coordinates></LinearRing></outerBoundaryIs>
      </Polygon>
    </Placemark>
    <Placemark>
      <name>gap_0741</name>
      <description>confidence: 0.3830</description>
      <styleUrl>#gapStyle</styleUrl>
      <Polygon>
        <outerBoundaryIs><LinearRing><coordinates>
          113.82387645521979,22.548155833079413,0
          113.8239627693784,22.548155833079413,0
          113.8239627693784,22.54818655314241,0
          113.82387645521979,22.54818655314241,0
          113.82387645521979,22.548155833079413,0
        </coordinates></LinearRing></outerBoundaryIs>
      </Polygon>
    </Placemark>
    <Placemark>
      <name>gap_0742</name>
      <description>confidence: 0.3826</description>
      <styleUrl>#gapStyle</styleUrl>
      <Polygon>
        <outerBoundaryIs><LinearRing><coordinates>
          113.82285662741357,22.553067408298823,0
          113.82297201374546,22.553067408298823,0
          113.82297201374546,22.553085073509656,0
          113.82285662741357,22.553085073509656,0
          113.82285662741357,22.553067408298823,0
        </coordinates></LinearRing></outerBoundaryIs>
      </Polygon>
    </Placemark>
    <Placemark>
      <name>gap_0743</name>
      <description>confidence: 0.3825</description>
      <styleUrl>#gapStyle</styleUrl>
      <Polygon>
        <outerBoundaryIs><LinearRing><coordinates>
          113.82007143258703,22.608378942917252,0
          113.82009369743362,22.608378942917252,0
          113.82009369743362,22.608393251694647,0
          113.82007143258703,22.608393251694647,0
          113.82007143258703,22.608378942917252,0
        </coordinates></LinearRing></outerBoundaryIs>
      </Polygon>
    </Placemark>
    <Placemark>
      <name>gap_0744</name>
      <description>confidence: 0.3818</description>
      <styleUrl>#gapStyle</styleUrl>
      <Polygon>
        <outerBoundaryIs><LinearRing><coordinates>
          113.82831450087212,22.60281117345957,0
          113.82833257924229,22.60281117345957,0
          113.82833257924229,22.60284235708364,0
          113.82831450087212,22.60284235708364,0
          113.82831450087212,22.60281117345957,0
        </coordinates></LinearRing></outerBoundaryIs>
      </Polygon>
    </Placemark>
    <Placemark>
      <name>gap_0745</name>
      <description>confidence: 0.3817</description>
      <styleUrl>#gapStyle</styleUrl>
      <Polygon>
        <outerBoundaryIs><LinearRing><coordinates>
          113.81293525590841,22.615396891141245,0
          113.81297704790443,22.615396891141245,0
          113.81297704790443,22.615470966288974,0
          113.81293525590841,22.615470966288974,0
          113.81293525590841,22.615396891141245,0
        </coordinates></LinearRing></outerBoundaryIs>
      </Polygon>
    </Placemark>
    <Placemark>
      <name>gap_0746</name>
      <description>confidence: 0.3816</description>
      <styleUrl>#gapStyle</styleUrl>
      <Polygon>
        <outerBoundaryIs><LinearRing><coordinates>
          113.82387249804779,22.58004213668191,0
          113.82398381420788,22.58004213668191,0
          113.82398381420788,22.580069352359917,0
          113.82387249804779,22.580069352359917,0
          113.82387249804779,22.58004213668191,0
        </coordinates></LinearRing></outerBoundaryIs>
      </Polygon>
    </Placemark>
    <Placemark>
      <name>gap_0747</name>
      <description>confidence: 0.3812</description>
      <styleUrl>#gapStyle</styleUrl>
      <Polygon>
        <outerBoundaryIs><LinearRing><coordinates>
          113.83010445699043,22.6024812205,0
          113.83023394607257,22.6024812205,0
          113.83023394607257,22.602552751126574,0
          113.83010445699043,22.602552751126574,0
          113.83010445699043,22.6024812205,0
        </coordinates></LinearRing></outerBoundaryIs>
      </Polygon>
    </Placemark>
    <Placemark>
      <name>gap_0748</name>
      <description>confidence: 0.3808</description>
      <styleUrl>#gapStyle</styleUrl>
      <Polygon>
        <outerBoundaryIs><LinearRing><coordinates>
          113.82911302188538,22.552892248557136,0
          113.8291723812764,22.552892248557136,0
          113.8291723812764,22.552912457552438,0
          113.82911302188538,22.552912457552438,0
          113.82911302188538,22.552892248557136,0
        </coordinates></LinearRing></outerBoundaryIs>
      </Polygon>
    </Placemark>
    <Placemark>
      <name>gap_0749</name>
      <description>confidence: 0.3807</description>
      <styleUrl>#gapStyle</styleUrl>
      <Polygon>
        <outerBoundaryIs><LinearRing><coordinates>
          113.82587741513684,22.550643264334063,0
          113.82593945132548,22.550643264334063,0
          113.82593945132548,22.55066037481866,0
          113.82587741513684,22.55066037481866,0
          113.82587741513684,22.550643264334063,0
        </coordinates></LinearRing></outerBoundaryIs>
      </Polygon>
    </Placemark>
    <Placemark>
      <name>gap_0750</name>
      <description>confidence: 0.3803</description>
      <styleUrl>#gapStyle</styleUrl>
      <Polygon>
        <outerBoundaryIs><LinearRing><coordinates>
          113.81532528116041,22.598661556720675,0
          113.81534082937482,22.598661556720675,0
          113.81534082937482,22.598691834688882,0
          113.81532528116041,22.598691834688882,0
          113.81532528116041,22.598661556720675,0
        </coordinates></LinearRing></outerBoundaryIs>
      </Polygon>
    </Placemark>
    <Placemark>
      <name>gap_0751</name>
      <description>confidence: 0.3801</description>
      <styleUrl>#gapStyle</styleUrl>
      <Polygon>
        <outerBoundaryIs><LinearRing><coordinates>
          113.82212573425728,22.573806533577915,0
          113.82219050470522,22.573806533577915,0
          113.82219050470522,22.57382098738057,0
          113.82212573425728,22.57382098738057,0
          113.82212573425728,22.573806533577915,0
        </coordinates></LinearRing></outerBoundaryIs>
      </Polygon>
    </Placemark>
    <Placemark>
      <name>gap_0752</name>
      <description>confidence: 0.3800</description>
      <styleUrl>#gapStyle</styleUrl>
      <Polygon>
        <outerBoundaryIs><LinearRing><coordinates>
          113.81983396285425,22.604871600528764,0
          113.81985582252231,22.604871600528764,0
          113.81985582252231,22.6048920298757,0
          113.81983396285425,22.6048920298757,0
          113.81983396285425,22.604871600528764,0
        </coordinates></LinearRing></outerBoundaryIs>
      </Polygon>
    </Placemark>
    <Placemark>
      <name>gap_0753</name>
      <description>confidence: 0.3799</description>
      <styleUrl>#gapStyle</styleUrl>
      <Polygon>
        <outerBoundaryIs><LinearRing><coordinates>
          113.82677180327244,22.575945740490525,0
          113.82683066531703,22.575945740490525,0
          113.82683066531703,22.575965816718234,0
          113.82677180327244,22.575965816718234,0
          113.82677180327244,22.575945740490525,0
        </coordinates></LinearRing></outerBoundaryIs>
      </Polygon>
    </Placemark>
    <Placemark>
      <name>gap_0754</name>
      <description>confidence: 0.3797</description>
      <styleUrl>#gapStyle</styleUrl>
      <Polygon>
        <outerBoundaryIs><LinearRing><coordinates>
          113.81608122200309,22.603190486004095,0
          113.81610415543518,22.603190486004095,0
          113.81610415543518,22.60320667800217,0
          113.81608122200309,22.60320667800217,0
          113.81608122200309,22.603190486004095,0
        </coordinates></LinearRing></outerBoundaryIs>
      </Polygon>
    </Placemark>
    <Placemark>
      <name>gap_0755</name>
      <description>confidence: 0.3795</description>
      <styleUrl>#gapStyle</styleUrl>
      <Polygon>
        <outerBoundaryIs><LinearRing><coordinates>
          113.82990584666152,22.548109600244885,0
          113.82996985995766,22.548109600244885,0
          113.82996985995766,22.54812681386583,0
          113.82990584666152,22.54812681386583,0
          113.82990584666152,22.548109600244885,0
        </coordinates></LinearRing></outerBoundaryIs>
      </Polygon>
    </Placemark>
    <Placemark>
      <name>gap_0756</name>
      <description>confidence: 0.3794</description>
      <styleUrl>#gapStyle</styleUrl>
      <Polygon>
        <outerBoundaryIs><LinearRing><coordinates>
          113.82514187872671,22.615402618564836,0
          113.82524950500985,22.615402618564836,0
          113.82524950500985,22.615513172385626,0
          113.82514187872671,22.615513172385626,0
          113.82514187872671,22.615402618564836,0
        </coordinates></LinearRing></outerBoundaryIs>
      </Polygon>
    </Placemark>
    <Placemark>
      <name>gap_0757</name>
      <description>confidence: 0.3791</description>
      <styleUrl>#gapStyle</styleUrl>
      <Polygon>
        <outerBoundaryIs><LinearRing><coordinates>
          113.81212955462006,22.6133926466997,0
          113.81217194603472,22.6133926466997,0
          113.81217194603472,22.61344693751197,0
          113.81212955462006,22.61344693751197,0
          113.81212955462006,22.6133926466997,0
        </coordinates></LinearRing></outerBoundaryIs>
      </Polygon>
    </Placemark>
    <Placemark>
      <name>gap_0758</name>
      <description>confidence: 0.3789</description>
      <styleUrl>#gapStyle</styleUrl>
      <Polygon>
        <outerBoundaryIs><LinearRing><coordinates>
          113.83169450178839,22.541591138756903,0
          113.83177387933152,22.541591138756903,0
          113.83177387933152,22.541645822449098,0
          113.83169450178839,22.541645822449098,0
          113.83169450178839,22.541591138756903,0
        </coordinates></LinearRing></outerBoundaryIs>
      </Polygon>
    </Placemark>
    <Placemark>
      <name>gap_0759</name>
      <description>confidence: 0.3788</description>
      <styleUrl>#gapStyle</styleUrl>
      <Polygon>
        <outerBoundaryIs><LinearRing><coordinates>
          113.82700926907621,22.52380239836234,0
          113.82709550809261,22.52380239836234,0
          113.82709550809261,22.523834909232576,0
          113.82700926907621,22.523834909232576,0
          113.82700926907621,22.52380239836234,0
        </coordinates></LinearRing></outerBoundaryIs>
      </Polygon>
    </Placemark>
    <Placemark>
      <name>gap_0760</name>
      <description>confidence: 0.3788</description>
      <styleUrl>#gapStyle</styleUrl>
      <Polygon>
        <outerBoundaryIs><LinearRing><coordinates>
          113.82969009621677,22.6102059565,0
          113.82971478247572,22.6102059565,0
          113.82971478247572,22.610231985496043,0
          113.82969009621677,22.610231985496043,0
          113.82969009621677,22.6102059565,0
        </coordinates></LinearRing></outerBoundaryIs>
      </Polygon>
    </Placemark>
    <Placemark>
      <name>gap_0761</name>
      <description>confidence: 0.3782</description>
      <styleUrl>#gapStyle</styleUrl>
      <Polygon>
        <outerBoundaryIs><LinearRing><coordinates>
          113.82764694673762,22.537852515226053,0
          113.82771407311452,22.537852515226053,0
          113.82771407311452,22.53788436201278,0
          113.82764694673762,22.53788436201278,0
          113.82764694673762,22.537852515226053,0
        </coordinates></LinearRing></outerBoundaryIs>
      </Polygon>
    </Placemark>
    <Placemark>
      <name>gap_0762</name>
      <description>confidence: 0.3779</description>
      <styleUrl>#gapStyle</styleUrl>
      <Polygon>
        <outerBoundaryIs><LinearRing><coordinates>
          113.82615677762821,22.536466300520555,0
          113.82622451692973,22.536466300520555,0
          113.82622451692973,22.536485440335667,0
          113.82615677762821,22.536485440335667,0
          113.82615677762821,22.536466300520555,0
        </coordinates></LinearRing></outerBoundaryIs>
      </Polygon>
    </Placemark>
    <Placemark>
      <name>gap_0763</name>
      <description>confidence: 0.3773</description>
      <styleUrl>#gapStyle</styleUrl>
      <Polygon>
        <outerBoundaryIs><LinearRing><coordinates>
          113.82809637722717,22.546895170675988,0
          113.82814184284183,22.546895170675988,0
          113.82814184284183,22.546926152181456,0
          113.82809637722717,22.546926152181456,0
          113.82809637722717,22.546895170675988,0
        </coordinates></LinearRing></outerBoundaryIs>
      </Polygon>
    </Placemark>
    <Placemark>
      <name>gap_0764</name>
      <description>confidence: 0.3771</description>
      <styleUrl>#gapStyle</styleUrl>
      <Polygon>
        <outerBoundaryIs><LinearRing><coordinates>
          113.83147707783354,22.537286678336972,0
          113.8315725745654,22.537286678336972,0
          113.8315725745654,22.53731775904979,0
          113.83147707783354,22.53731775904979,0
          113.83147707783354,22.537286678336972,0
        </coordinates></LinearRing></outerBoundaryIs>
      </Polygon>
    </Placemark>
    <Placemark>
      <name>gap_0765</name>
      <description>confidence: 0.3770</description>
      <styleUrl>#gapStyle</styleUrl>
      <Polygon>
        <outerBoundaryIs><LinearRing><coordinates>
          113.831594693957,22.59679152212085,0
          113.83167423361247,22.59679152212085,0
          113.83167423361247,22.596864430336513,0
          113.831594693957,22.596864430336513,0
          113.831594693957,22.59679152212085,0
        </coordinates></LinearRing></outerBoundaryIs>
      </Polygon>
    </Placemark>
    <Placemark>
      <name>gap_0766</name>
      <description>confidence: 0.3768</description>
      <styleUrl>#gapStyle</styleUrl>
      <Polygon>
        <outerBoundaryIs><LinearRing><coordinates>
          113.81043225638506,22.616894882958807,0
          113.81050703382176,22.616894882958807,0
          113.81050703382176,22.616962952051086,0
          113.81043225638506,22.616962952051086,0
          113.81043225638506,22.616894882958807,0
        </coordinates></LinearRing></outerBoundaryIs>
      </Polygon>
    </Placemark>
    <Placemark>
      <name>gap_0767</name>
      <description>confidence: 0.3767</description>
      <styleUrl>#gapStyle</styleUrl>
      <Polygon>
        <outerBoundaryIs><LinearRing><coordinates>
          113.8241910359925,22.575067139993035,0
          113.82428060058331,22.575067139993035,0
          113.82428060058331,22.575092294622003,0
          113.8241910359925,22.575092294622003,0
          113.8241910359925,22.575067139993035,0
        </coordinates></LinearRing></outerBoundaryIs>
      </Polygon>
    </Placemark>
    <Placemark>
      <name>gap_0768</name>
      <description>confidence: 0.3767</description>
      <styleUrl>#gapStyle</styleUrl>
      <Polygon>
        <outerBoundaryIs><LinearRing><coordinates>
          113.81853148602676,22.604251887664745,0
          113.81855155758878,22.604251887664745,0
          113.81855155758878,22.60426834200569,0
          113.81853148602676,22.60426834200569,0
          113.81853148602676,22.604251887664745,0
        </coordinates></LinearRing></outerBoundaryIs>
      </Polygon>
    </Placemark>
    <Placemark>
      <name>gap_0769</name>
      <description>confidence: 0.3766</description>
      <styleUrl>#gapStyle</styleUrl>
      <Polygon>
        <outerBoundaryIs><LinearRing><coordinates>
          113.83073053770568,22.574550882794977,0
          113.83079287266231,22.574550882794977,0
          113.83079287266231,22.57457177412729,0
          113.83073053770568,22.57457177412729,0
          113.83073053770568,22.574550882794977,0
        </coordinates></LinearRing></outerBoundaryIs>
      </Polygon>
    </Placemark>
    <Placemark>
      <name>gap_0770</name>
      <description>confidence: 0.3766</description>
      <styleUrl>#gapStyle</styleUrl>
      <Polygon>
        <outerBoundaryIs><LinearRing><coordinates>
          113.82812331406868,22.598639322937768,0
          113.82814429887854,22.598639322937768,0
          113.82814429887854,22.598697144778587,0
          113.82812331406868,22.598697144778587,0
          113.82812331406868,22.598639322937768,0
        </coordinates></LinearRing></outerBoundaryIs>
      </Polygon>
    </Placemark>
    <Placemark>
      <name>gap_0771</name>
      <description>confidence: 0.3765</description>
      <styleUrl>#gapStyle</styleUrl>
      <Polygon>
        <outerBoundaryIs><LinearRing><coordinates>
          113.83106672046928,22.597618902077063,0
          113.83111585503691,22.597618902077063,0
          113.83111585503691,22.59765907818836,0
          113.83106672046928,22.59765907818836,0
          113.83106672046928,22.597618902077063,0
        </coordinates></LinearRing></outerBoundaryIs>
      </Polygon>
    </Placemark>
    <Placemark>
      <name>gap_0772</name>
      <description>confidence: 0.3765</description>
      <styleUrl>#gapStyle</styleUrl>
      <Polygon>
        <outerBoundaryIs><LinearRing><coordinates>
          113.81991299468596,22.603908821040726,0
          113.81993450287189,22.603908821040726,0
          113.81993450287189,22.603924725157416,0
          113.81991299468596,22.603924725157416,0
          113.81991299468596,22.603908821040726,0
        </coordinates></LinearRing></outerBoundaryIs>
      </Polygon>
    </Placemark>
    <Placemark>
      <name>gap_0773</name>
      <description>confidence: 0.3759</description>
      <styleUrl>#gapStyle</styleUrl>
      <Polygon>
        <outerBoundaryIs><LinearRing><coordinates>
          113.81989761320865,22.603936831318848,0
          113.81991884309014,22.603936831318848,0
          113.81991884309014,22.603954705503575,0
          113.81989761320865,22.603954705503575,0
          113.81989761320865,22.603936831318848,0
        </coordinates></LinearRing></outerBoundaryIs>
      </Polygon>
    </Placemark>
    <Placemark>
      <name>gap_0774</name>
      <description>confidence: 0.3758</description>
      <styleUrl>#gapStyle</styleUrl>
      <Polygon>
        <outerBoundaryIs><LinearRing><coordinates>
          113.83162457480931,22.60291078144382,0
          113.83168301137555,22.60291078144382,0
          113.83168301137555,22.602963798112864,0
          113.83162457480931,22.602963798112864,0
          113.83162457480931,22.60291078144382,0
        </coordinates></LinearRing></outerBoundaryIs>
      </Polygon>
    </Placemark>
    <Placemark>
      <name>gap_0775</name>
      <description>confidence: 0.3753</description>
      <styleUrl>#gapStyle</styleUrl>
      <Polygon>
        <outerBoundaryIs><LinearRing><coordinates>
          113.82044485817403,22.58769890187612,0
          113.82051296459184,22.58769890187612,0
          113.82051296459184,22.587723601303384,0
          113.82044485817403,22.587723601303384,0
          113.82044485817403,22.58769890187612,0
        </coordinates></LinearRing></outerBoundaryIs>
      </Polygon>
    </Placemark>
    <Placemark>
      <name>gap_0776</name>
      <description>confidence: 0.3751</description>
      <styleUrl>#gapStyle</styleUrl>
      <Polygon>
        <outerBoundaryIs><LinearRing><coordinates>
          113.8318952943925,22.52419161814856,0
          113.83193508063201,22.52419161814856,0
          113.83193508063201,22.524203895699998,0
          113.8318952943925,22.524203895699998,0
          113.8318952943925,22.52419161814856,0
        </coordinates></LinearRing></outerBoundaryIs>
      </Polygon>
    </Placemark>
    <Placemark>
      <name>gap_0777</name>
      <description>confidence: 0.3749</description>
      <styleUrl>#gapStyle</styleUrl>
      <Polygon>
        <outerBoundaryIs><LinearRing><coordinates>
          113.81296881015429,22.616308673631956,0
          113.81302614533068,22.616308673631956,0
          113.81302614533068,22.616348453814258,0
          113.81296881015429,22.616348453814258,0
          113.81296881015429,22.616308673631956,0
        </coordinates></LinearRing></outerBoundaryIs>
      </Polygon>
    </Placemark>
    <Placemark>
      <name>gap_0778</name>
      <description>confidence: 0.3746</description>
      <styleUrl>#gapStyle</styleUrl>
      <Polygon>
        <outerBoundaryIs><LinearRing><coordinates>
          113.82069556328852,22.60533520379488,0
          113.82071711944104,22.60533520379488,0
          113.82071711944104,22.6053532781951,0
          113.82069556328852,22.6053532781951,0
          113.82069556328852,22.60533520379488,0
        </coordinates></LinearRing></outerBoundaryIs>
      </Polygon>
    </Placemark>
    <Placemark>
      <name>gap_0779</name>
      <description>confidence: 0.3746</description>
      <styleUrl>#gapStyle</styleUrl>
      <Polygon>
        <outerBoundaryIs><LinearRing><coordinates>
          113.83091023921217,22.6044169924306,0
          113.83096444194926,22.6044169924306,0
          113.83096444194926,22.604452718371995,0
          113.83091023921217,22.604452718371995,0
          113.83091023921217,22.6044169924306,0
        </coordinates></LinearRing></outerBoundaryIs>
      </Polygon>
    </Placemark>
    <Placemark>
      <name>gap_0780</name>
      <description>confidence: 0.3745</description>
      <styleUrl>#gapStyle</styleUrl>
      <Polygon>
        <outerBoundaryIs><LinearRing><coordinates>
          113.82912545939281,22.539531207110546,0
          113.82921516346325,22.539531207110546,0
          113.82921516346325,22.539555881255076,0
          113.82912545939281,22.539555881255076,0
          113.82912545939281,22.539531207110546,0
        </coordinates></LinearRing></outerBoundaryIs>
      </Polygon>
    </Placemark>
    <Placemark>
      <name>gap_0781</name>
      <description>confidence: 0.3744</description>
      <styleUrl>#gapStyle</styleUrl>
      <Polygon>
        <outerBoundaryIs><LinearRing><coordinates>
          113.81563434618462,22.60590426353127,0
          113.81568976773147,22.60590426353127,0
          113.81568976773147,22.605919820176673,0
          113.81563434618462,22.605919820176673,0
          113.81563434618462,22.60590426353127,0
        </coordinates></LinearRing></outerBoundaryIs>
      </Polygon>
    </Placemark>
    <Placemark>
      <name>gap_0782</name>
      <description>confidence: 0.3741</description>
      <styleUrl>#gapStyle</styleUrl>
      <Polygon>
        <outerBoundaryIs><LinearRing><coordinates>
          113.82812473931484,22.603031217957714,0
          113.82814377664843,22.603031217957714,0
          113.82814377664843,22.60306413126436,0
          113.82812473931484,22.60306413126436,0
          113.82812473931484,22.603031217957714,0
        </coordinates></LinearRing></outerBoundaryIs>
      </Polygon>
    </Placemark>
    <Placemark>
      <name>gap_0783</name>
      <description>confidence: 0.3741</description>
      <styleUrl>#gapStyle</styleUrl>
      <Polygon>
        <outerBoundaryIs><LinearRing><coordinates>
          113.8219136777515,22.580391094908677,0
          113.82196795440298,22.580391094908677,0
          113.82196795440298,22.580407286661192,0
          113.8219136777515,22.580407286661192,0
          113.8219136777515,22.580391094908677,0
        </coordinates></LinearRing></outerBoundaryIs>
      </Polygon>
    </Placemark>
    <Placemark>
      <name>gap_0784</name>
      <description>confidence: 0.3741</description>
      <styleUrl>#gapStyle</styleUrl>
      <Polygon>
        <outerBoundaryIs><LinearRing><coordinates>
          113.82998403359369,22.60970741808638,0
          113.83001855496796,22.60970741808638,0
          113.83001855496796,22.60974192480875,0
          113.82998403359369,22.60974192480875,0
          113.82998403359369,22.60970741808638,0
        </coordinates></LinearRing></outerBoundaryIs>
      </Polygon>
    </Placemark>
    <Placemark>
      <name>gap_0785</name>
      <description>confidence: 0.3740</description>
      <styleUrl>#gapStyle</styleUrl>
      <Polygon>
        <outerBoundaryIs><LinearRing><coordinates>
          113.81371259817863,22.616364978222435,0
          113.81378934324822,22.616364978222435,0
          113.81378934324822,22.616440946658923,0
          113.81371259817863,22.616440946658923,0
          113.81371259817863,22.616364978222435,0
        </coordinates></LinearRing></outerBoundaryIs>
      </Polygon>
    </Placemark>
    <Placemark>
      <name>gap_0786</name>
      <description>confidence: 0.3738</description>
      <styleUrl>#gapStyle</styleUrl>
      <Polygon>
        <outerBoundaryIs><LinearRing><coordinates>
          113.83187616141221,22.597236847108277,0
          113.83190488537751,22.597236847108277,0
          113.83190488537751,22.59727735800345,0
          113.83187616141221,22.59727735800345,0
          113.83187616141221,22.597236847108277,0
        </coordinates></LinearRing></outerBoundaryIs>
      </Polygon>
    </Placemark>
    <Placemark>
      <name>gap_0787</name>
      <description>confidence: 0.3738</description>
      <styleUrl>#gapStyle</styleUrl>
      <Polygon>
        <outerBoundaryIs><LinearRing><coordinates>
          113.8290540621068,22.574490435520076,0
          113.82913589351752,22.574490435520076,0
          113.82913589351752,22.574511808400928,0
          113.8290540621068,22.574511808400928,0
          113.8290540621068,22.574490435520076,0
        </coordinates></LinearRing></outerBoundaryIs>
      </Polygon>
    </Placemark>
    <Placemark>
      <name>gap_0788</name>
      <description>confidence: 0.3736</description>
      <styleUrl>#gapStyle</styleUrl>
      <Polygon>
        <outerBoundaryIs><LinearRing><coordinates>
          113.82176646131069,22.583048387397685,0
          113.82183317755688,22.583048387397685,0
          113.82183317755688,22.583068701984967,0
          113.82176646131069,22.583068701984967,0
          113.82176646131069,22.583048387397685,0
        </coordinates></LinearRing></outerBoundaryIs>
      </Polygon>
    </Placemark>
    <Placemark>
      <name>gap_0789</name>
      <description>confidence: 0.3732</description>
      <styleUrl>#gapStyle</styleUrl>
      <Polygon>
        <outerBoundaryIs><LinearRing><coordinates>
          113.82972517755596,22.60144484733092,0
          113.82978422770162,22.60144484733092,0
          113.82978422770162,22.601486408661657,0
          113.82972517755596,22.601486408661657,0
          113.82972517755596,22.60144484733092,0
        </coordinates></LinearRing></outerBoundaryIs>
      </Polygon>
    </Placemark>
    <Placemark>
      <name>gap_0790</name>
      <description>confidence: 0.3728</description>
      <styleUrl>#gapStyle</styleUrl>
      <Polygon>
        <outerBoundaryIs><LinearRing><coordinates>
          113.83192674488187,22.56527332300625,0
          113.8320061264768,22.56527332300625,0
          113.8320061264768,22.565293410611698,0
          113.83192674488187,22.565293410611698,0
          113.83192674488187,22.56527332300625,0
        </coordinates></LinearRing></outerBoundaryIs>
      </Polygon>
    </Placemark>
    <Placemark>
      <name>gap_0791</name>
      <description>confidence: 0.3723</description>
      <styleUrl>#gapStyle</styleUrl>
      <Polygon>
        <outerBoundaryIs><LinearRing><coordinates>
          113.81590950112208,22.61297540383796,0
          113.81597544986191,22.61297540383796,0
          113.81597544986191,22.613035551239822,0
          113.81590950112208,22.613035551239822,0
          113.81590950112208,22.61297540383796,0
        </coordinates></LinearRing></outerBoundaryIs>
      </Polygon>
    </Placemark>
    <Placemark>
      <name>gap_0792</name>
      <description>confidence: 0.3719</description>
      <styleUrl>#gapStyle</styleUrl>
      <Polygon>
        <outerBoundaryIs><LinearRing><coordinates>
          113.82982629325453,22.57997510194084,0
          113.82985378989723,22.57997510194084,0
          113.82985378989723,22.579999995823098,0
          113.82982629325453,22.579999995823098,0
          113.82982629325453,22.57997510194084,0
        </coordinates></LinearRing></outerBoundaryIs>
      </Polygon>
    </Placemark>
    <Placemark>
      <name>gap_0793</name>
      <description>confidence: 0.3709</description>
      <styleUrl>#gapStyle</styleUrl>
      <Polygon>
        <outerBoundaryIs><LinearRing><coordinates>
          113.82893551873843,22.593648496885596,0
          113.82900220490319,22.593648496885596,0
          113.82900220490319,22.59374733834574,0
          113.82893551873843,22.59374733834574,0
          113.82893551873843,22.593648496885596,0
        </coordinates></LinearRing></outerBoundaryIs>
      </Polygon>
    </Placemark>
    <Placemark>
      <name>gap_0794</name>
      <description>confidence: 0.3706</description>
      <styleUrl>#gapStyle</styleUrl>
      <Polygon>
        <outerBoundaryIs><LinearRing><coordinates>
          113.825507448915,22.57433543946736,0
          113.82556665638454,22.57433543946736,0
          113.82556665638454,22.574358973873345,0
          113.825507448915,22.574358973873345,0
          113.825507448915,22.57433543946736,0
        </coordinates></LinearRing></outerBoundaryIs>
      </Polygon>
    </Placemark>
    <Placemark>
      <name>gap_0795</name>
      <description>confidence: 0.3705</description>
      <styleUrl>#gapStyle</styleUrl>
      <Polygon>
        <outerBoundaryIs><LinearRing><coordinates>
          113.81532174419742,22.59871464325232,0
          113.81534372288156,22.59871464325232,0
          113.81534372288156,22.598747592861326,0
          113.81532174419742,22.598747592861326,0
          113.81532174419742,22.59871464325232,0
        </coordinates></LinearRing></outerBoundaryIs>
      </Polygon>
    </Placemark>
    <Placemark>
      <name>gap_0796</name>
      <description>confidence: 0.3704</description>
      <styleUrl>#gapStyle</styleUrl>
      <Polygon>
        <outerBoundaryIs><LinearRing><coordinates>
          113.82479770137124,22.565147771604572,0
          113.82489044534474,22.565147771604572,0
          113.82489044534474,22.56524986693478,0
          113.82479770137124,22.56524986693478,0
          113.82479770137124,22.565147771604572,0
        </coordinates></LinearRing></outerBoundaryIs>
      </Polygon>
    </Placemark>
    <Placemark>
      <name>gap_0797</name>
      <description>confidence: 0.3702</description>
      <styleUrl>#gapStyle</styleUrl>
      <Polygon>
        <outerBoundaryIs><LinearRing><coordinates>
          113.82182934694178,22.606470609922116,0
          113.82190301249085,22.606470609922116,0
          113.82190301249085,22.606546093781457,0
          113.82182934694178,22.606546093781457,0
          113.82182934694178,22.606470609922116,0
        </coordinates></LinearRing></outerBoundaryIs>
      </Polygon>
    </Placemark>
    <Placemark>
      <name>gap_0798</name>
      <description>confidence: 0.3697</description>
      <styleUrl>#gapStyle</styleUrl>
      <Polygon>
        <outerBoundaryIs><LinearRing><coordinates>
          113.8325358606903,22.592626966592874,0
          113.8325816207347,22.592626966592874,0
          113.8325816207347,22.592670949827106,0
          113.8325358606903,22.592670949827106,0
          113.8325358606903,22.592626966592874,0
        </coordinates></LinearRing></outerBoundaryIs>
      </Polygon>
    </Placemark>
    <Placemark>
      <name>gap_0799</name>
      <description>confidence: 0.3695</description>
      <styleUrl>#gapStyle</styleUrl>
      <Polygon>
        <outerBoundaryIs><LinearRing><coordinates>
          113.82904634562499,22.542422344376032,0
          113.82913954127022,22.542422344376032,0
          113.82913954127022,22.542448086636647,0
          113.82904634562499,22.542448086636647,0
          113.82904634562499,22.542422344376032,0
        </coordinates></LinearRing></outerBoundaryIs>
      </Polygon>
    </Placemark>
    <Placemark>
      <name>gap_0800</name>
      <description>confidence: 0.3694</description>
      <styleUrl>#gapStyle</styleUrl>
      <Polygon>
        <outerBoundaryIs><LinearRing><coordinates>
          113.82341591895049,22.54790097283865,0
          113.82351223905424,22.54790097283865,0
          113.82351223905424,22.54794488747902,0
          113.82341591895049,22.54794488747902,0
          113.82341591895049,22.54790097283865,0
        </coordinates></LinearRing></outerBoundaryIs>
      </Polygon>
    </Placemark>
    <Placemark>
      <name>gap_0801</name>
      <description>confidence: 0.3691</description>
      <styleUrl>#gapStyle</styleUrl>
      <Polygon>
        <outerBoundaryIs><LinearRing><coordinates>
          113.82831922852793,22.544975339123503,0
          113.82837667506703,22.544975339123503,0
          113.82837667506703,22.544992980351044,0
          113.82831922852793,22.544992980351044,0
          113.82831922852793,22.544975339123503,0
        </coordinates></LinearRing></outerBoundaryIs>
      </Polygon>
    </Placemark>
    <Placemark>
      <name>gap_0802</name>
      <description>confidence: 0.3686</description>
      <styleUrl>#gapStyle</styleUrl>
      <Polygon>
        <outerBoundaryIs><LinearRing><coordinates>
          113.82193946366088,22.605001355064225,0
          113.82196120906042,22.605001355064225,0
          113.82196120906042,22.60502043790878,0
          113.82193946366088,22.60502043790878,0
          113.82193946366088,22.605001355064225,0
        </coordinates></LinearRing></outerBoundaryIs>
      </Polygon>
    </Placemark>
    <Placemark>
      <name>gap_0803</name>
      <description>confidence: 0.3685</description>
      <styleUrl>#gapStyle</styleUrl>
      <Polygon>
        <outerBoundaryIs><LinearRing><coordinates>
          113.83225805641733,22.548957782557842,0
          113.83237728122232,22.548957782557842,0
          113.83237728122232,22.548996719354896,0
          113.83225805641733,22.548996719354896,0
          113.83225805641733,22.548957782557842,0
        </coordinates></LinearRing></outerBoundaryIs>
      </Polygon>
    </Placemark>
    <Placemark>
      <name>gap_0804</name>
      <description>confidence: 0.3683</description>
      <styleUrl>#gapStyle</styleUrl>
      <Polygon>
        <outerBoundaryIs><LinearRing><coordinates>
          113.82442758691136,22.614825388874095,0
          113.82446863616191,22.614825388874095,0
          113.82446863616191,22.614855184475218,0
          113.82442758691136,22.614855184475218,0
          113.82442758691136,22.614825388874095,0
        </coordinates></LinearRing></outerBoundaryIs>
      </Polygon>
    </Placemark>
    <Placemark>
      <name>gap_0805</name>
      <description>confidence: 0.3682</description>
      <styleUrl>#gapStyle</styleUrl>
      <Polygon>
        <outerBoundaryIs><LinearRing><coordinates>
          113.82064816067493,22.605309225302907,0
          113.82066942706342,22.605309225302907,0
          113.82066942706342,22.605324293032886,0
          113.82064816067493,22.605324293032886,0
          113.82064816067493,22.605309225302907,0
        </coordinates></LinearRing></outerBoundaryIs>
      </Polygon>
    </Placemark>
    <Placemark>
      <name>gap_0806</name>
      <description>confidence: 0.3680</description>
      <styleUrl>#gapStyle</styleUrl>
      <Polygon>
        <outerBoundaryIs><LinearRing><coordinates>
          113.83148712634288,22.538376733772914,0
          113.83157503682304,22.538376733772914,0
          113.83157503682304,22.538400420182235,0
          113.83148712634288,22.538400420182235,0
          113.83148712634288,22.538376733772914,0
        </coordinates></LinearRing></outerBoundaryIs>
      </Polygon>
    </Placemark>
    <Placemark>
      <name>gap_0807</name>
      <description>confidence: 0.3674</description>
      <styleUrl>#gapStyle</styleUrl>
      <Polygon>
        <outerBoundaryIs><LinearRing><coordinates>
          113.82034329755669,22.55505104667011,0
          113.82042871934028,22.55505104667011,0
          113.82042871934028,22.5550702121056,0
          113.82034329755669,22.5550702121056,0
          113.82034329755669,22.55505104667011,0
        </coordinates></LinearRing></outerBoundaryIs>
      </Polygon>
    </Placemark>
    <Placemark>
      <name>gap_0808</name>
      <description>confidence: 0.3671</description>
      <styleUrl>#gapStyle</styleUrl>
      <Polygon>
        <outerBoundaryIs><LinearRing><coordinates>
          113.82421664671334,22.548996111055054,0
          113.82427937440667,22.548996111055054,0
          113.82427937440667,22.549020823139028,0
          113.82421664671334,22.549020823139028,0
          113.82421664671334,22.548996111055054,0
        </coordinates></LinearRing></outerBoundaryIs>
      </Polygon>
    </Placemark>
    <Placemark>
      <name>gap_0809</name>
      <description>confidence: 0.3667</description>
      <styleUrl>#gapStyle</styleUrl>
      <Polygon>
        <outerBoundaryIs><LinearRing><coordinates>
          113.82484988981854,22.586613528953368,0
          113.82490795914568,22.586613528953368,0
          113.82490795914568,22.586656432693772,0
          113.82484988981854,22.586656432693772,0
          113.82484988981854,22.586613528953368,0
        </coordinates></LinearRing></outerBoundaryIs>
      </Polygon>
    </Placemark>
    <Placemark>
      <name>gap_0810</name>
      <description>confidence: 0.3663</description>
      <styleUrl>#gapStyle</styleUrl>
      <Polygon>
        <outerBoundaryIs><LinearRing><coordinates>
          113.81900968572656,22.60445407977185,0
          113.81903472223983,22.60445407977185,0
          113.81903472223983,22.60447187652246,0
          113.81900968572656,22.60447187652246,0
          113.81900968572656,22.60445407977185,0
        </coordinates></LinearRing></outerBoundaryIs>
      </Polygon>
    </Placemark>
    <Placemark>
      <name>gap_0811</name>
      <description>confidence: 0.3660</description>
      <styleUrl>#gapStyle</styleUrl>
      <Polygon>
        <outerBoundaryIs><LinearRing><coordinates>
          113.83228883983551,22.566093964393346,0
          113.83238723011505,22.566093964393346,0
          113.83238723011505,22.566130345332432,0
          113.83228883983551,22.566130345332432,0
          113.83228883983551,22.566093964393346,0
        </coordinates></LinearRing></outerBoundaryIs>
      </Polygon>
    </Placemark>
    <Placemark>
      <name>gap_0812</name>
      <description>confidence: 0.3655</description>
      <styleUrl>#gapStyle</styleUrl>
      <Polygon>
        <outerBoundaryIs><LinearRing><coordinates>
          113.824154820399,22.59287933068834,0
          113.82421728599502,22.59287933068834,0
          113.82421728599502,22.592897401323267,0
          113.824154820399,22.592897401323267,0
          113.824154820399,22.59287933068834,0
        </coordinates></LinearRing></outerBoundaryIs>
      </Polygon>
    </Placemark>
    <Placemark>
      <name>gap_0813</name>
      <description>confidence: 0.3654</description>
      <styleUrl>#gapStyle</styleUrl>
      <Polygon>
        <outerBoundaryIs><LinearRing><coordinates>
          113.82707191475157,22.603735627862697,0
          113.82711647137481,22.603735627862697,0
          113.82711647137481,22.6037686765,0
          113.82707191475157,22.6037686765,0
          113.82707191475157,22.603735627862697,0
        </coordinates></LinearRing></outerBoundaryIs>
      </Polygon>
    </Placemark>
    <Placemark>
      <name>gap_0814</name>
      <description>confidence: 0.3650</description>
      <styleUrl>#gapStyle</styleUrl>
      <Polygon>
        <outerBoundaryIs><LinearRing><coordinates>
          113.8317268875444,22.593717465228643,0
          113.83175659490665,22.593717465228643,0
          113.83175659490665,22.593756022017352,0
          113.8317268875444,22.593756022017352,0
          113.8317268875444,22.593717465228643,0
        </coordinates></LinearRing></outerBoundaryIs>
      </Polygon>
    </Placemark>
    <Placemark>
      <name>gap_0815</name>
      <description>confidence: 0.3646</description>
      <styleUrl>#gapStyle</styleUrl>
      <Polygon>
        <outerBoundaryIs><LinearRing><coordinates>
          113.82316695413917,22.55284662852444,0
          113.82322932985922,22.55284662852444,0
          113.82322932985922,22.55286769060471,0
          113.82316695413917,22.55286769060471,0
          113.82316695413917,22.55284662852444,0
        </coordinates></LinearRing></outerBoundaryIs>
      </Polygon>
    </Placemark>
    <Placemark>
      <name>gap_0816</name>
      <description>confidence: 0.3644</description>
      <styleUrl>#gapStyle</styleUrl>
      <Polygon>
        <outerBoundaryIs><LinearRing><coordinates>
          113.82371872474407,22.60709380883578,0
          113.82374064522983,22.60709380883578,0
          113.82374064522983,22.607110675558424,0
          113.82371872474407,22.607110675558424,0
          113.82371872474407,22.60709380883578,0
        </coordinates></LinearRing></outerBoundaryIs>
      </Polygon>
    </Placemark>
    <Placemark>
      <name>gap_0817</name>
      <description>confidence: 0.3643</description>
      <styleUrl>#gapStyle</styleUrl>
      <Polygon>
        <outerBoundaryIs><LinearRing><coordinates>
          113.82353352349158,22.577191324727554,0
          113.82359194425993,22.577191324727554,0
          113.82359194425993,22.577210680883443,0
          113.82353352349158,22.577210680883443,0
          113.82353352349158,22.577191324727554,0
        </coordinates></LinearRing></outerBoundaryIs>
      </Polygon>
    </Placemark>
    <Placemark>
      <name>gap_0818</name>
      <description>confidence: 0.3642</description>
      <styleUrl>#gapStyle</styleUrl>
      <Polygon>
        <outerBoundaryIs><LinearRing><coordinates>
          113.82579628800009,22.606663739167807,0
          113.82586129615275,22.606663739167807,0
          113.82586129615275,22.60670292631608,0
          113.82579628800009,22.60670292631608,0
          113.82579628800009,22.606663739167807,0
        </coordinates></LinearRing></outerBoundaryIs>
      </Polygon>
    </Placemark>
    <Placemark>
      <name>gap_0819</name>
      <description>confidence: 0.3632</description>
      <styleUrl>#gapStyle</styleUrl>
      <Polygon>
        <outerBoundaryIs><LinearRing><coordinates>
          113.82330018615004,22.544599562887132,0
          113.82338857484316,22.544599562887132,0
          113.82338857484316,22.544628785508518,0
          113.82330018615004,22.544628785508518,0
          113.82330018615004,22.544599562887132,0
        </coordinates></LinearRing></outerBoundaryIs>
      </Polygon>
    </Placemark>
    <Placemark>
      <name>gap_0820</name>
      <description>confidence: 0.3630</description>
      <styleUrl>#gapStyle</styleUrl>
      <Polygon>
        <outerBoundaryIs><LinearRing><coordinates>
          113.82382415051899,22.537369623784002,0
          113.8238522867708,22.537369623784002,0
          113.8238522867708,22.537386359703557,0
          113.82382415051899,22.537386359703557,0
          113.82382415051899,22.537369623784002,0
        </coordinates></LinearRing></outerBoundaryIs>
      </Polygon>
    </Placemark>
    <Placemark>
      <name>gap_0821</name>
      <description>confidence: 0.3625</description>
      <styleUrl>#gapStyle</styleUrl>
      <Polygon>
        <outerBoundaryIs><LinearRing><coordinates>
          113.82902873623875,22.554988554921657,0
          113.8290994975991,22.554988554921657,0
          113.8290994975991,22.55502049751878,0
          113.82902873623875,22.55502049751878,0
          113.82902873623875,22.554988554921657,0
        </coordinates></LinearRing></outerBoundaryIs>
      </Polygon>
    </Placemark>
    <Placemark>
      <name>gap_0822</name>
      <description>confidence: 0.3623</description>
      <styleUrl>#gapStyle</styleUrl>
      <Polygon>
        <outerBoundaryIs><LinearRing><coordinates>
          113.82875499214111,22.605615695301893,0
          113.8287997338368,22.605615695301893,0
          113.8287997338368,22.605675618013844,0
          113.82875499214111,22.605675618013844,0
          113.82875499214111,22.605615695301893,0
        </coordinates></LinearRing></outerBoundaryIs>
      </Polygon>
    </Placemark>
    <Placemark>
      <name>gap_0823</name>
      <description>confidence: 0.3622</description>
      <styleUrl>#gapStyle</styleUrl>
      <Polygon>
        <outerBoundaryIs><LinearRing><coordinates>
          113.8229670604175,22.60563562586997,0
          113.82298900472286,22.60563562586997,0
          113.82298900472286,22.605654382279784,0
          113.8229670604175,22.605654382279784,0
          113.8229670604175,22.60563562586997,0
        </coordinates></LinearRing></outerBoundaryIs>
      </Polygon>
    </Placemark>
    <Placemark>
      <name>gap_0824</name>
      <description>confidence: 0.3621</description>
      <styleUrl>#gapStyle</styleUrl>
      <Polygon>
        <outerBoundaryIs><LinearRing><coordinates>
          113.82784817291343,22.537623061438858,0
          113.82793616149276,22.537623061438858,0
          113.82793616149276,22.537649270432393,0
          113.82784817291343,22.537649270432393,0
          113.82784817291343,22.537623061438858,0
        </coordinates></LinearRing></outerBoundaryIs>
      </Polygon>
    </Placemark>
    <Placemark>
      <name>gap_0825</name>
      <description>confidence: 0.3620</description>
      <styleUrl>#gapStyle</styleUrl>
      <Polygon>
        <outerBoundaryIs><LinearRing><coordinates>
          113.82140085227232,22.5890142014376,0
          113.8214797106549,22.5890142014376,0
          113.8214797106549,22.589087324211153,0
          113.82140085227232,22.589087324211153,0
          113.82140085227232,22.5890142014376,0
        </coordinates></LinearRing></outerBoundaryIs>
      </Polygon>
    </Placemark>
    <Placemark>
      <name>gap_0826</name>
      <description>confidence: 0.3612</description>
      <styleUrl>#gapStyle</styleUrl>
      <Polygon>
        <outerBoundaryIs><LinearRing><coordinates>
          113.82514065531265,22.60934820648955,0
          113.82516688555248,22.60934820648955,0
          113.82516688555248,22.60941428824254,0
          113.82514065531265,22.60941428824254,0
          113.82514065531265,22.60934820648955,0
        </coordinates></LinearRing></outerBoundaryIs>
      </Polygon>
    </Placemark>
    <Placemark>
      <name>gap_0827</name>
      <description>confidence: 0.3611</description>
      <styleUrl>#gapStyle</styleUrl>
      <Polygon>
        <outerBoundaryIs><LinearRing><coordinates>
          113.82061824613959,22.609096472160207,0
          113.8207037287409,22.609096472160207,0
          113.8207037287409,22.609179000723547,0
          113.82061824613959,22.609179000723547,0
          113.82061824613959,22.609096472160207,0
        </coordinates></LinearRing></outerBoundaryIs>
      </Polygon>
    </Placemark>
    <Placemark>
      <name>gap_0828</name>
      <description>confidence: 0.3610</description>
      <styleUrl>#gapStyle</styleUrl>
      <Polygon>
        <outerBoundaryIs><LinearRing><coordinates>
          113.82439915598425,22.598552408501032,0
          113.82445227468462,22.598552408501032,0
          113.82445227468462,22.598570133792887,0
          113.82439915598425,22.598570133792887,0
          113.82439915598425,22.598552408501032,0
        </coordinates></LinearRing></outerBoundaryIs>
      </Polygon>
    </Placemark>
    <Placemark>
      <name>gap_0829</name>
      <description>confidence: 0.3606</description>
      <styleUrl>#gapStyle</styleUrl>
      <Polygon>
        <outerBoundaryIs><LinearRing><coordinates>
          113.82951245223957,22.60637117976622,0
          113.82956445276999,22.60637117976622,0
          113.82956445276999,22.606397343658067,0
          113.82951245223957,22.606397343658067,0
          113.82951245223957,22.60637117976622,0
        </coordinates></LinearRing></outerBoundaryIs>
      </Polygon>
    </Placemark>
    <Placemark>
      <name>gap_0830</name>
      <description>confidence: 0.3604</description>
      <styleUrl>#gapStyle</styleUrl>
      <Polygon>
        <outerBoundaryIs><LinearRing><coordinates>
          113.81647566673782,22.60992653916628,0
          113.81655753080837,22.60992653916628,0
          113.81655753080837,22.609965467368642,0
          113.81647566673782,22.609965467368642,0
          113.81647566673782,22.60992653916628,0
        </coordinates></LinearRing></outerBoundaryIs>
      </Polygon>
    </Placemark>
    <Placemark>
      <name>gap_0831</name>
      <description>confidence: 0.3600</description>
      <styleUrl>#gapStyle</styleUrl>
      <Polygon>
        <outerBoundaryIs><LinearRing><coordinates>
          113.8128124269381,22.61511558653506,0
          113.81289313242317,22.61511558653506,0
          113.81289313242317,22.615254588717903,0
          113.8128124269381,22.615254588717903,0
          113.8128124269381,22.61511558653506,0
        </coordinates></LinearRing></outerBoundaryIs>
      </Polygon>
    </Placemark>
    <Placemark>
      <name>gap_0832</name>
      <description>confidence: 0.3600</description>
      <styleUrl>#gapStyle</styleUrl>
      <Polygon>
        <outerBoundaryIs><LinearRing><coordinates>
          113.82026801067961,22.59083749566563,0
          113.82036626794599,22.59083749566563,0
          113.82036626794599,22.590854329564724,0
          113.82026801067961,22.590854329564724,0
          113.82026801067961,22.59083749566563,0
        </coordinates></LinearRing></outerBoundaryIs>
      </Polygon>
    </Placemark>
    <Placemark>
      <name>gap_0833</name>
      <description>confidence: 0.3597</description>
      <styleUrl>#gapStyle</styleUrl>
      <Polygon>
        <outerBoundaryIs><LinearRing><coordinates>
          113.82366846300252,22.54345235259971,0
          113.8237479668877,22.54345235259971,0
          113.8237479668877,22.543471927879423,0
          113.82366846300252,22.543471927879423,0
          113.82366846300252,22.54345235259971,0
        </coordinates></LinearRing></outerBoundaryIs>
      </Polygon>
    </Placemark>
    <Placemark>
      <name>gap_0834</name>
      <description>confidence: 0.3596</description>
      <styleUrl>#gapStyle</styleUrl>
      <Polygon>
        <outerBoundaryIs><LinearRing><coordinates>
          113.83151512966339,22.537102141331705,0
          113.83157786275909,22.537102141331705,0
          113.83157786275909,22.537138055353697,0
          113.83151512966339,22.537138055353697,0
          113.83151512966339,22.537102141331705,0
        </coordinates></LinearRing></outerBoundaryIs>
      </Polygon>
    </Placemark>
    <Placemark>
      <name>gap_0835</name>
      <description>confidence: 0.3594</description>
      <styleUrl>#gapStyle</styleUrl>
      <Polygon>
        <outerBoundaryIs><LinearRing><coordinates>
          113.82421238710013,22.606215197165184,0
          113.82426832711178,22.606215197165184,0
          113.82426832711178,22.606255211859903,0
          113.82421238710013,22.606255211859903,0
          113.82421238710013,22.606215197165184,0
        </coordinates></LinearRing></outerBoundaryIs>
      </Polygon>
    </Placemark>
    <Placemark>
      <name>gap_0836</name>
      <description>confidence: 0.3593</description>
      <styleUrl>#gapStyle</styleUrl>
      <Polygon>
        <outerBoundaryIs><LinearRing><coordinates>
          113.8302904377,22.60875558306382,0
          113.83040027462081,22.60875558306382,0
          113.83040027462081,22.60888303610339,0
          113.8302904377,22.60888303610339,0
          113.8302904377,22.60875558306382,0
        </coordinates></LinearRing></outerBoundaryIs>
      </Polygon>
    </Placemark>
    <Placemark>
      <name>gap_0837</name>
      <description>confidence: 0.3592</description>
      <styleUrl>#gapStyle</styleUrl>
      <Polygon>
        <outerBoundaryIs><LinearRing><coordinates>
          113.81610150556762,22.61122757314895,0
          113.81619233447913,22.61122757314895,0
          113.81619233447913,22.611289896318578,0
          113.81610150556762,22.611289896318578,0
          113.81610150556762,22.61122757314895,0
        </coordinates></LinearRing></outerBoundaryIs>
      </Polygon>
    </Placemark>
    <Placemark>
      <name>gap_0838</name>
      <description>confidence: 0.3588</description>
      <styleUrl>#gapStyle</styleUrl>
      <Polygon>
        <outerBoundaryIs><LinearRing><coordinates>
          113.81887764420387,22.547474821738167,0
          113.81895830583552,22.547474821738167,0
          113.81895830583552,22.54752241539957,0
          113.81887764420387,22.54752241539957,0
          113.81887764420387,22.547474821738167,0
        </coordinates></LinearRing></outerBoundaryIs>
      </Polygon>
    </Placemark>
    <Placemark>
      <name>gap_0839</name>
      <description>confidence: 0.3586</description>
      <styleUrl>#gapStyle</styleUrl>
      <Polygon>
        <outerBoundaryIs><LinearRing><coordinates>
          113.8225914708088,22.547721883929352,0
          113.82268248978588,22.547721883929352,0
          113.82268248978588,22.547747486137347,0
          113.8225914708088,22.547747486137347,0
          113.8225914708088,22.547721883929352,0
        </coordinates></LinearRing></outerBoundaryIs>
      </Polygon>
    </Placemark>
    <Placemark>
      <name>gap_0840</name>
      <description>confidence: 0.3583</description>
      <styleUrl>#gapStyle</styleUrl>
      <Polygon>
        <outerBoundaryIs><LinearRing><coordinates>
          113.81095130683887,22.5895642332741,0
          113.81103016112873,22.5895642332741,0
          113.81103016112873,22.589589236227145,0
          113.81095130683887,22.589589236227145,0
          113.81095130683887,22.5895642332741,0
        </coordinates></LinearRing></outerBoundaryIs>
      </Polygon>
    </Placemark>
    <Placemark>
      <name>gap_0841</name>
      <description>confidence: 0.3583</description>
      <styleUrl>#gapStyle</styleUrl>
      <Polygon>
        <outerBoundaryIs><LinearRing><coordinates>
          113.81300813817373,22.613640289810483,0
          113.8131228863699,22.613640289810483,0
          113.8131228863699,22.61372393715769,0
          113.81300813817373,22.61372393715769,0
          113.81300813817373,22.613640289810483,0
        </coordinates></LinearRing></outerBoundaryIs>
      </Polygon>
    </Placemark>
    <Placemark>
      <name>gap_0842</name>
      <description>confidence: 0.3578</description>
      <styleUrl>#gapStyle</styleUrl>
      <Polygon>
        <outerBoundaryIs><LinearRing><coordinates>
          113.82317120515768,22.60574278597271,0
          113.82319374519827,22.60574278597271,0
          113.82319374519827,22.60576176486237,0
          113.82317120515768,22.60576176486237,0
          113.82317120515768,22.60574278597271,0
        </coordinates></LinearRing></outerBoundaryIs>
      </Polygon>
    </Placemark>
    <Placemark>
      <name>gap_0843</name>
      <description>confidence: 0.3578</description>
      <styleUrl>#gapStyle</styleUrl>
      <Polygon>
        <outerBoundaryIs><LinearRing><coordinates>
          113.82376605225637,22.576532439899225,0
          113.82379839548912,22.576532439899225,0
          113.82379839548912,22.576548817133464,0
          113.82376605225637,22.576548817133464,0
          113.82376605225637,22.576532439899225,0
        </coordinates></LinearRing></outerBoundaryIs>
      </Polygon>
    </Placemark>
    <Placemark>
      <name>gap_0844</name>
      <description>confidence: 0.3576</description>
      <styleUrl>#gapStyle</styleUrl>
      <Polygon>
        <outerBoundaryIs><LinearRing><coordinates>
          113.81424478257627,22.595638804372665,0
          113.81433675892063,22.595638804372665,0
          113.81433675892063,22.595724379571585,0
          113.81424478257627,22.595724379571585,0
          113.81424478257627,22.595638804372665,0
        </coordinates></LinearRing></outerBoundaryIs>
      </Polygon>
    </Placemark>
    <Placemark>
      <name>gap_0845</name>
      <description>confidence: 0.3574</description>
      <styleUrl>#gapStyle</styleUrl>
      <Polygon>
        <outerBoundaryIs><LinearRing><coordinates>
          113.81038567665223,22.61411278985575,0
          113.81041499463382,22.61411278985575,0
          113.81041499463382,22.614143147631847,0
          113.81038567665223,22.614143147631847,0
          113.81038567665223,22.61411278985575,0
        </coordinates></LinearRing></outerBoundaryIs>
      </Polygon>
    </Placemark>
    <Placemark>
      <name>gap_0846</name>
      <description>confidence: 0.3573</description>
      <styleUrl>#gapStyle</styleUrl>
      <Polygon>
        <outerBoundaryIs><LinearRing><coordinates>
          113.8306047887897,22.608612723315368,0
          113.8306733467974,22.608612723315368,0
          113.8306733467974,22.608664135682076,0
          113.8306047887897,22.608664135682076,0
          113.8306047887897,22.608612723315368,0
        </coordinates></LinearRing></outerBoundaryIs>
      </Polygon>
    </Placemark>
    <Placemark>
      <name>gap_0847</name>
      <description>confidence: 0.3571</description>
      <styleUrl>#gapStyle</styleUrl>
      <Polygon>
        <outerBoundaryIs><LinearRing><coordinates>
          113.82272983206266,22.606780558481084,0
          113.82274938222335,22.606780558481084,0
          113.82274938222335,22.606795063381256,0
          113.82272983206266,22.606795063381256,0
          113.82272983206266,22.606780558481084,0
        </coordinates></LinearRing></outerBoundaryIs>
      </Polygon>
    </Placemark>
    <Placemark>
      <name>gap_0848</name>
      <description>confidence: 0.3569</description>
      <styleUrl>#gapStyle</styleUrl>
      <Polygon>
        <outerBoundaryIs><LinearRing><coordinates>
          113.81279496040798,22.614899650731363,0
          113.81286904226776,22.614899650731363,0
          113.81286904226776,22.615039498223027,0
          113.81279496040798,22.615039498223027,0
          113.81279496040798,22.614899650731363,0
        </coordinates></LinearRing></outerBoundaryIs>
      </Polygon>
    </Placemark>
    <Placemark>
      <name>gap_0849</name>
      <description>confidence: 0.3565</description>
      <styleUrl>#gapStyle</styleUrl>
      <Polygon>
        <outerBoundaryIs><LinearRing><coordinates>
          113.82401320027174,22.60340677971549,0
          113.82409511149035,22.60340677971549,0
          113.82409511149035,22.603523302675463,0
          113.82401320027174,22.603523302675463,0
          113.82401320027174,22.60340677971549,0
        </coordinates></LinearRing></outerBoundaryIs>
      </Polygon>
    </Placemark>
    <Placemark>
      <name>gap_0850</name>
      <description>confidence: 0.3561</description>
      <styleUrl>#gapStyle</styleUrl>
      <Polygon>
        <outerBoundaryIs><LinearRing><coordinates>
          113.8253540123085,22.547034962916033,0
          113.82542949346664,22.547034962916033,0
          113.82542949346664,22.547051692041684,0
          113.8253540123085,22.547051692041684,0
          113.8253540123085,22.547034962916033,0
        </coordinates></LinearRing></outerBoundaryIs>
      </Polygon>
    </Placemark>
    <Placemark>
      <name>gap_0851</name>
      <description>confidence: 0.3557</description>
      <styleUrl>#gapStyle</styleUrl>
      <Polygon>
        <outerBoundaryIs><LinearRing><coordinates>
          113.82831911372735,22.57682564304354,0
          113.82840130235,22.57682564304354,0
          113.82840130235,22.576861065960507,0
          113.82831911372735,22.576861065960507,0
          113.82831911372735,22.57682564304354,0
        </coordinates></LinearRing></outerBoundaryIs>
      </Polygon>
    </Placemark>
    <Placemark>
      <name>gap_0852</name>
      <description>confidence: 0.3555</description>
      <styleUrl>#gapStyle</styleUrl>
      <Polygon>
        <outerBoundaryIs><LinearRing><coordinates>
          113.81952586358739,22.60471396586344,0
          113.81954979891547,22.60471396586344,0
          113.81954979891547,22.604733702068604,0
          113.81952586358739,22.604733702068604,0
          113.81952586358739,22.60471396586344,0
        </coordinates></LinearRing></outerBoundaryIs>
      </Polygon>
    </Placemark>
    <Placemark>
      <name>gap_0853</name>
      <description>confidence: 0.3551</description>
      <styleUrl>#gapStyle</styleUrl>
      <Polygon>
        <outerBoundaryIs><LinearRing><coordinates>
          113.83203301207755,22.53899326385728,0
          113.83209747622689,22.53899326385728,0
          113.83209747622689,22.539021082678314,0
          113.83203301207755,22.539021082678314,0
          113.83203301207755,22.53899326385728,0
        </coordinates></LinearRing></outerBoundaryIs>
      </Polygon>
    </Placemark>
    <Placemark>
      <name>gap_0854</name>
      <description>confidence: 0.3551</description>
      <styleUrl>#gapStyle</styleUrl>
      <Polygon>
        <outerBoundaryIs><LinearRing><coordinates>
          113.82599906581527,22.57784361881554,0
          113.82608182389792,22.57784361881554,0
          113.82608182389792,22.577883021486045,0
          113.82599906581527,22.577883021486045,0
          113.82599906581527,22.57784361881554,0
        </coordinates></LinearRing></outerBoundaryIs>
      </Polygon>
    </Placemark>
    <Placemark>
      <name>gap_0855</name>
      <description>confidence: 0.3549</description>
      <styleUrl>#gapStyle</styleUrl>
      <Polygon>
        <outerBoundaryIs><LinearRing><coordinates>
          113.83248279298513,22.6086445360098,0
          113.83256036281813,22.6086445360098,0
          113.83256036281813,22.60869100401158,0
          113.83248279298513,22.60869100401158,0
          113.83248279298513,22.6086445360098,0
        </coordinates></LinearRing></outerBoundaryIs>
      </Polygon>
    </Placemark>
    <Placemark>
      <name>gap_0856</name>
      <description>confidence: 0.3543</description>
      <styleUrl>#gapStyle</styleUrl>
      <Polygon>
        <outerBoundaryIs><LinearRing><coordinates>
          113.82368054342079,22.58740634087838,0
          113.82373143859144,22.58740634087838,0
          113.82373143859144,22.587449369446514,0
          113.82368054342079,22.587449369446514,0
          113.82368054342079,22.58740634087838,0
        </coordinates></LinearRing></outerBoundaryIs>
      </Polygon>
    </Placemark>
    <Placemark>
      <name>gap_0857</name>
      <description>confidence: 0.3543</description>
      <styleUrl>#gapStyle</styleUrl>
      <Polygon>
        <outerBoundaryIs><LinearRing><coordinates>
          113.82335618307086,22.597263964888604,0
          113.82342077753216,22.597263964888604,0
          113.82342077753216,22.597289961306657,0
          113.82335618307086,22.597289961306657,0
          113.82335618307086,22.597263964888604,0
        </coordinates></LinearRing></outerBoundaryIs>
      </Polygon>
    </Placemark>
    <Placemark>
      <name>gap_0858</name>
      <description>confidence: 0.3542</description>
      <styleUrl>#gapStyle</styleUrl>
      <Polygon>
        <outerBoundaryIs><LinearRing><coordinates>
          113.81528449335231,22.59819128364301,0
          113.81530463624519,22.59819128364301,0
          113.81530463624519,22.598262233104425,0
          113.81528449335231,22.598262233104425,0
          113.81528449335231,22.59819128364301,0
        </coordinates></LinearRing></outerBoundaryIs>
      </Polygon>
    </Placemark>
    <Placemark>
      <name>gap_0859</name>
      <description>confidence: 0.3542</description>
      <styleUrl>#gapStyle</styleUrl>
      <Polygon>
        <outerBoundaryIs><LinearRing><coordinates>
          113.83241357285843,22.568183029603667,0
          113.83243486625881,22.568183029603667,0
          113.83243486625881,22.568204316046433,0
          113.83241357285843,22.568204316046433,0
          113.83241357285843,22.568183029603667,0
        </coordinates></LinearRing></outerBoundaryIs>
      </Polygon>
    </Placemark>
    <Placemark>
      <name>gap_0860</name>
      <description>confidence: 0.3538</description>
      <styleUrl>#gapStyle</styleUrl>
      <Polygon>
        <outerBoundaryIs><LinearRing><coordinates>
          113.8267854005727,22.57643101601941,0
          113.82685571926528,22.57643101601941,0
          113.82685571926528,22.576457316444138,0
          113.8267854005727,22.576457316444138,0
          113.8267854005727,22.57643101601941,0
        </coordinates></LinearRing></outerBoundaryIs>
      </Polygon>
    </Placemark>
    <Placemark>
      <name>gap_0861</name>
      <description>confidence: 0.3531</description>
      <styleUrl>#gapStyle</styleUrl>
      <Polygon>
        <outerBoundaryIs><LinearRing><coordinates>
          113.82062256198668,22.61321042731561,0
          113.82074907214717,22.61321042731561,0
          113.82074907214717,22.61329768623595,0
          113.82062256198668,22.61329768623595,0
          113.82062256198668,22.61321042731561,0
        </coordinates></LinearRing></outerBoundaryIs>
      </Polygon>
    </Placemark>
    <Placemark>
      <name>gap_0862</name>
      <description>confidence: 0.3529</description>
      <styleUrl>#gapStyle</styleUrl>
      <Polygon>
        <outerBoundaryIs><LinearRing><coordinates>
          113.83148068564138,22.61222125249284,0
          113.83157664255782,22.61222125249284,0
          113.83157664255782,22.61229521680992,0
          113.83148068564138,22.61229521680992,0
          113.83148068564138,22.61222125249284,0
        </coordinates></LinearRing></outerBoundaryIs>
      </Polygon>
    </Placemark>
    <Placemark>
      <name>gap_0863</name>
      <description>confidence: 0.3529</description>
      <styleUrl>#gapStyle</styleUrl>
      <Polygon>
        <outerBoundaryIs><LinearRing><coordinates>
          113.82099830413075,22.605503274835904,0
          113.8210210565831,22.605503274835904,0
          113.8210210565831,22.605521774878216,0
          113.82099830413075,22.605521774878216,0
          113.82099830413075,22.605503274835904,0
        </coordinates></LinearRing></outerBoundaryIs>
      </Polygon>
    </Placemark>
    <Placemark>
      <name>gap_0864</name>
      <description>confidence: 0.3526</description>
      <styleUrl>#gapStyle</styleUrl>
      <Polygon>
        <outerBoundaryIs><LinearRing><coordinates>
          113.83230934571617,22.56451331928703,0
          113.83234530887118,22.56451331928703,0
          113.83234530887118,22.56453449629067,0
          113.83230934571617,22.56453449629067,0
          113.83230934571617,22.56451331928703,0
        </coordinates></LinearRing></outerBoundaryIs>
      </Polygon>
    </Placemark>
    <Placemark>
      <name>gap_0865</name>
      <description>confidence: 0.3518</description>
      <styleUrl>#gapStyle</styleUrl>
      <Polygon>
        <outerBoundaryIs><LinearRing><coordinates>
          113.82356525271513,22.54474782548662,0
          113.82363957620865,22.54474782548662,0
          113.82363957620865,22.54478089673104,0
          113.82356525271513,22.54478089673104,0
          113.82356525271513,22.54474782548662,0
        </coordinates></LinearRing></outerBoundaryIs>
      </Polygon>
    </Placemark>
    <Placemark>
      <name>gap_0866</name>
      <description>confidence: 0.3517</description>
      <styleUrl>#gapStyle</styleUrl>
      <Polygon>
        <outerBoundaryIs><LinearRing><coordinates>
          113.82610654948785,22.586279670359275,0
          113.82616818459066,22.586279670359275,0
          113.82616818459066,22.586296684746983,0
          113.82610654948785,22.586296684746983,0
          113.82610654948785,22.586279670359275,0
        </coordinates></LinearRing></outerBoundaryIs>
      </Polygon>
    </Placemark>
    <Placemark>
      <name>gap_0867</name>
      <description>confidence: 0.3514</description>
      <styleUrl>#gapStyle</styleUrl>
      <Polygon>
        <outerBoundaryIs><LinearRing><coordinates>
          113.82738905517824,22.585049395281334,0
          113.82743889311942,22.585049395281334,0
          113.82743889311942,22.585094220632065,0
          113.82738905517824,22.585094220632065,0
          113.82738905517824,22.585049395281334,0
        </coordinates></LinearRing></outerBoundaryIs>
      </Polygon>
    </Placemark>
    <Placemark>
      <name>gap_0868</name>
      <description>confidence: 0.3513</description>
      <styleUrl>#gapStyle</styleUrl>
      <Polygon>
        <outerBoundaryIs><LinearRing><coordinates>
          113.82329334606119,22.57764555134399,0
          113.82336005534978,22.57764555134399,0
          113.82336005534978,22.577664522703063,0
          113.82329334606119,22.577664522703063,0
          113.82329334606119,22.57764555134399,0
        </coordinates></LinearRing></outerBoundaryIs>
      </Polygon>
    </Placemark>
    <Placemark>
      <name>gap_0869</name>
      <description>confidence: 0.3512</description>
      <styleUrl>#gapStyle</styleUrl>
      <Polygon>
        <outerBoundaryIs><LinearRing><coordinates>
          113.82095462527154,22.545413154618043,0
          113.82106155024796,22.545413154618043,0
          113.82106155024796,22.54543194630704,0
          113.82095462527154,22.54543194630704,0
          113.82095462527154,22.545413154618043,0
        </coordinates></LinearRing></outerBoundaryIs>
      </Polygon>
    </Placemark>
    <Placemark>
      <name>gap_0870</name>
      <description>confidence: 0.3509</description>
      <styleUrl>#gapStyle</styleUrl>
      <Polygon>
        <outerBoundaryIs><LinearRing><coordinates>
          113.82859846226258,22.544730358772338,0
          113.82866034734826,22.544730358772338,0
          113.82866034734826,22.544750792048276,0
          113.82859846226258,22.544750792048276,0
          113.82859846226258,22.544730358772338,0
        </coordinates></LinearRing></outerBoundaryIs>
      </Polygon>
    </Placemark>
    <Placemark>
      <name>gap_0871</name>
      <description>confidence: 0.3509</description>
      <styleUrl>#gapStyle</styleUrl>
      <Polygon>
        <outerBoundaryIs><LinearRing><coordinates>
          113.82402635981549,22.578102779351074,0
          113.82410693165303,22.578102779351074,0
          113.82410693165303,22.578135074453513,0
          113.82402635981549,22.578135074453513,0
          113.82402635981549,22.578102779351074,0
        </coordinates></LinearRing></outerBoundaryIs>
      </Polygon>
    </Placemark>
    <Placemark>
      <name>gap_0872</name>
      <description>confidence: 0.3497</description>
      <styleUrl>#gapStyle</styleUrl>
      <Polygon>
        <outerBoundaryIs><LinearRing><coordinates>
          113.8324925248004,22.52638908992532,0
          113.83258018939038,22.52638908992532,0
          113.83258018939038,22.526421347129244,0
          113.8324925248004,22.526421347129244,0
          113.8324925248004,22.52638908992532,0
        </coordinates></LinearRing></outerBoundaryIs>
      </Polygon>
    </Placemark>
    <Placemark>
      <name>gap_0873</name>
      <description>confidence: 0.3494</description>
      <styleUrl>#gapStyle</styleUrl>
      <Polygon>
        <outerBoundaryIs><LinearRing><coordinates>
          113.82806545310153,22.57929332522145,0
          113.82810891836208,22.57929332522145,0
          113.82810891836208,22.5793070125,0
          113.82806545310153,22.5793070125,0
          113.82806545310153,22.57929332522145,0
        </coordinates></LinearRing></outerBoundaryIs>
      </Polygon>
    </Placemark>
    <Placemark>
      <name>gap_0874</name>
      <description>confidence: 0.3493</description>
      <styleUrl>#gapStyle</styleUrl>
      <Polygon>
        <outerBoundaryIs><LinearRing><coordinates>
          113.81917979062054,22.604750234089227,0
          113.81924304480039,22.604750234089227,0
          113.81924304480039,22.604795210870318,0
          113.81917979062054,22.604795210870318,0
          113.81917979062054,22.604750234089227,0
        </coordinates></LinearRing></outerBoundaryIs>
      </Polygon>
    </Placemark>
    <Placemark>
      <name>gap_0875</name>
      <description>confidence: 0.3489</description>
      <styleUrl>#gapStyle</styleUrl>
      <Polygon>
        <outerBoundaryIs><LinearRing><coordinates>
          113.8119860839729,22.608561298384032,0
          113.81204877327657,22.608561298384032,0
          113.81204877327657,22.608611025658263,0
          113.8119860839729,22.608611025658263,0
          113.8119860839729,22.608561298384032,0
        </coordinates></LinearRing></outerBoundaryIs>
      </Polygon>
    </Placemark>
    <Placemark>
      <name>gap_0876</name>
      <description>confidence: 0.3489</description>
      <styleUrl>#gapStyle</styleUrl>
      <Polygon>
        <outerBoundaryIs><LinearRing><coordinates>
          113.8315139273882,22.53617875047617,0
          113.83157635172968,22.53617875047617,0
          113.83157635172968,22.53621560297758,0
          113.8315139273882,22.53621560297758,0
          113.8315139273882,22.53617875047617,0
        </coordinates></LinearRing></outerBoundaryIs>
      </Polygon>
    </Placemark>
    <Placemark>
      <name>gap_0877</name>
      <description>confidence: 0.3488</description>
      <styleUrl>#gapStyle</styleUrl>
      <Polygon>
        <outerBoundaryIs><LinearRing><coordinates>
          113.81717664368075,22.603582952280714,0
          113.81721645202092,22.603582952280714,0
          113.81721645202092,22.603604948307726,0
          113.81717664368075,22.603604948307726,0
          113.81717664368075,22.603582952280714,0
        </coordinates></LinearRing></outerBoundaryIs>
      </Polygon>
    </Placemark>
    <Placemark>
      <name>gap_0878</name>
      <description>confidence: 0.3488</description>
      <styleUrl>#gapStyle</styleUrl>
      <Polygon>
        <outerBoundaryIs><LinearRing><coordinates>
          113.81081580668771,22.589803357444943,0
          113.81085532718741,22.589803357444943,0
          113.81085532718741,22.589828143034033,0
          113.81081580668771,22.589828143034033,0
          113.81081580668771,22.589803357444943,0
        </coordinates></LinearRing></outerBoundaryIs>
      </Polygon>
    </Placemark>
    <Placemark>
      <name>gap_0879</name>
      <description>confidence: 0.3486</description>
      <styleUrl>#gapStyle</styleUrl>
      <Polygon>
        <outerBoundaryIs><LinearRing><coordinates>
          113.82969502357646,22.608267017874102,0
          113.82972028236496,22.608267017874102,0
          113.82972028236496,22.608295663832312,0
          113.82969502357646,22.608295663832312,0
          113.82969502357646,22.608267017874102,0
        </coordinates></LinearRing></outerBoundaryIs>
      </Polygon>
    </Placemark>
    <Placemark>
      <name>gap_0880</name>
      <description>confidence: 0.3486</description>
      <styleUrl>#gapStyle</styleUrl>
      <Polygon>
        <outerBoundaryIs><LinearRing><coordinates>
          113.82363632407798,22.59538119644851,0
          113.82368158857676,22.59538119644851,0
          113.82368158857676,22.595394870200646,0
          113.82363632407798,22.595394870200646,0
          113.82363632407798,22.59538119644851,0
        </coordinates></LinearRing></outerBoundaryIs>
      </Polygon>
    </Placemark>
    <Placemark>
      <name>gap_0881</name>
      <description>confidence: 0.3482</description>
      <styleUrl>#gapStyle</styleUrl>
      <Polygon>
        <outerBoundaryIs><LinearRing><coordinates>
          113.82527274763613,22.576099186019146,0
          113.82534560258259,22.576099186019146,0
          113.82534560258259,22.576118341386564,0
          113.82527274763613,22.576118341386564,0
          113.82527274763613,22.576099186019146,0
        </coordinates></LinearRing></outerBoundaryIs>
      </Polygon>
    </Placemark>
    <Placemark>
      <name>gap_0882</name>
      <description>confidence: 0.3479</description>
      <styleUrl>#gapStyle</styleUrl>
      <Polygon>
        <outerBoundaryIs><LinearRing><coordinates>
          113.8309629489687,22.594133229966374,0
          113.83100012876433,22.594133229966374,0
          113.83100012876433,22.594173537944865,0
          113.8309629489687,22.594173537944865,0
          113.8309629489687,22.594133229966374,0
        </coordinates></LinearRing></outerBoundaryIs>
      </Polygon>
    </Placemark>
    <Placemark>
      <name>gap_0883</name>
      <description>confidence: 0.3477</description>
      <styleUrl>#gapStyle</styleUrl>
      <Polygon>
        <outerBoundaryIs><LinearRing><coordinates>
          113.82098196954257,22.605526492629657,0
          113.8210022899415,22.605526492629657,0
          113.8210022899415,22.605547194714948,0
          113.82098196954257,22.605547194714948,0
          113.82098196954257,22.605526492629657,0
        </coordinates></LinearRing></outerBoundaryIs>
      </Polygon>
    </Placemark>
    <Placemark>
      <name>gap_0884</name>
      <description>confidence: 0.3476</description>
      <styleUrl>#gapStyle</styleUrl>
      <Polygon>
        <outerBoundaryIs><LinearRing><coordinates>
          113.80945099013556,22.589176080634495,0
          113.8095236828469,22.589176080634495,0
          113.8095236828469,22.589194722530216,0
          113.80945099013556,22.589194722530216,0
          113.80945099013556,22.589176080634495,0
        </coordinates></LinearRing></outerBoundaryIs>
      </Polygon>
    </Placemark>
    <Placemark>
      <name>gap_0885</name>
      <description>confidence: 0.3475</description>
      <styleUrl>#gapStyle</styleUrl>
      <Polygon>
        <outerBoundaryIs><LinearRing><coordinates>
          113.81542558298219,22.599844321756446,0
          113.81544258140832,22.599844321756446,0
          113.81544258140832,22.599876301863276,0
          113.81542558298219,22.599876301863276,0
          113.81542558298219,22.599844321756446,0
        </coordinates></LinearRing></outerBoundaryIs>
      </Polygon>
    </Placemark>
    <Placemark>
      <name>gap_0886</name>
      <description>confidence: 0.3464</description>
      <styleUrl>#gapStyle</styleUrl>
      <Polygon>
        <outerBoundaryIs><LinearRing><coordinates>
          113.8208264799906,22.53794820546136,0
          113.82086605275424,22.53794820546136,0
          113.82086605275424,22.537964077982306,0
          113.8208264799906,22.537964077982306,0
          113.8208264799906,22.53794820546136,0
        </coordinates></LinearRing></outerBoundaryIs>
      </Polygon>
    </Placemark>
    <Placemark>
      <name>gap_0887</name>
      <description>confidence: 0.3461</description>
      <styleUrl>#gapStyle</styleUrl>
      <Polygon>
        <outerBoundaryIs><LinearRing><coordinates>
          113.8300896872099,22.608998401541978,0
          113.83014648685489,22.608998401541978,0
          113.83014648685489,22.60903568516971,0
          113.8300896872099,22.60903568516971,0
          113.8300896872099,22.608998401541978,0
        </coordinates></LinearRing></outerBoundaryIs>
      </Polygon>
    </Placemark>
    <Placemark>
      <name>gap_0888</name>
      <description>confidence: 0.3459</description>
      <styleUrl>#gapStyle</styleUrl>
      <Polygon>
        <outerBoundaryIs><LinearRing><coordinates>
          113.82783072425823,22.606031630132755,0
          113.82788421158921,22.606031630132755,0
          113.82788421158921,22.606073101587526,0
          113.82783072425823,22.606073101587526,0
          113.82783072425823,22.606031630132755,0
        </coordinates></LinearRing></outerBoundaryIs>
      </Polygon>
    </Placemark>
    <Placemark>
      <name>gap_0889</name>
      <description>confidence: 0.3459</description>
      <styleUrl>#gapStyle</styleUrl>
      <Polygon>
        <outerBoundaryIs><LinearRing><coordinates>
          113.83225665020227,22.596997246995908,0
          113.83233132100337,22.596997246995908,0
          113.83233132100337,22.597076736515657,0
          113.83225665020227,22.597076736515657,0
          113.83225665020227,22.596997246995908,0
        </coordinates></LinearRing></outerBoundaryIs>
      </Polygon>
    </Placemark>
    <Placemark>
      <name>gap_0890</name>
      <description>confidence: 0.3458</description>
      <styleUrl>#gapStyle</styleUrl>
      <Polygon>
        <outerBoundaryIs><LinearRing><coordinates>
          113.8311009720929,22.595444610428313,0
          113.83113659457052,22.595444610428313,0
          113.83113659457052,22.595472906541463,0
          113.8311009720929,22.595472906541463,0
          113.8311009720929,22.595444610428313,0
        </coordinates></LinearRing></outerBoundaryIs>
      </Polygon>
    </Placemark>
    <Placemark>
      <name>gap_0891</name>
      <description>confidence: 0.3457</description>
      <styleUrl>#gapStyle</styleUrl>
      <Polygon>
        <outerBoundaryIs><LinearRing><coordinates>
          113.82839306167358,22.53765633315712,0
          113.82844813513525,22.53765633315712,0
          113.82844813513525,22.5376792685,0
          113.82839306167358,22.5376792685,0
          113.82839306167358,22.53765633315712,0
        </coordinates></LinearRing></outerBoundaryIs>
      </Polygon>
    </Placemark>
    <Placemark>
      <name>gap_0892</name>
      <description>confidence: 0.3457</description>
      <styleUrl>#gapStyle</styleUrl>
      <Polygon>
        <outerBoundaryIs><LinearRing><coordinates>
          113.81818219311843,22.604045741588187,0
          113.81820901781963,22.604045741588187,0
          113.81820901781963,22.604064435952484,0
          113.81818219311843,22.604064435952484,0
          113.81818219311843,22.604045741588187,0
        </coordinates></LinearRing></outerBoundaryIs>
      </Polygon>
    </Placemark>
    <Placemark>
      <name>gap_0893</name>
      <description>confidence: 0.3454</description>
      <styleUrl>#gapStyle</styleUrl>
      <Polygon>
        <outerBoundaryIs><LinearRing><coordinates>
          113.81350283037901,22.60271467921092,0
          113.8135239960049,22.60271467921092,0
          113.8135239960049,22.602732810417987,0
          113.81350283037901,22.602732810417987,0
          113.81350283037901,22.60271467921092,0
        </coordinates></LinearRing></outerBoundaryIs>
      </Polygon>
    </Placemark>
    <Placemark>
      <name>gap_0894</name>
      <description>confidence: 0.3454</description>
      <styleUrl>#gapStyle</styleUrl>
      <Polygon>
        <outerBoundaryIs><LinearRing><coordinates>
          113.82863079010671,22.581490090670226,0
          113.82866395204564,22.581490090670226,0
          113.82866395204564,22.58151143482024,0
          113.82863079010671,22.58151143482024,0
          113.82863079010671,22.581490090670226,0
        </coordinates></LinearRing></outerBoundaryIs>
      </Polygon>
    </Placemark>
    <Placemark>
      <name>gap_0895</name>
      <description>confidence: 0.3451</description>
      <styleUrl>#gapStyle</styleUrl>
      <Polygon>
        <outerBoundaryIs><LinearRing><coordinates>
          113.81997575577583,22.5454040045,0
          113.82007023522308,22.5454040045,0
          113.82007023522308,22.545428824263237,0
          113.81997575577583,22.545428824263237,0
          113.81997575577583,22.5454040045,0
        </coordinates></LinearRing></outerBoundaryIs>
      </Polygon>
    </Placemark>
    <Placemark>
      <name>gap_0896</name>
      <description>confidence: 0.3442</description>
      <styleUrl>#gapStyle</styleUrl>
      <Polygon>
        <outerBoundaryIs><LinearRing><coordinates>
          113.82832856380028,22.575045894313682,0
          113.82840517041342,22.575045894313682,0
          113.82840517041342,22.575061654366895,0
          113.82832856380028,22.575061654366895,0
          113.82832856380028,22.575045894313682,0
        </coordinates></LinearRing></outerBoundaryIs>
      </Polygon>
    </Placemark>
    <Placemark>
      <name>gap_0897</name>
      <description>confidence: 0.3440</description>
      <styleUrl>#gapStyle</styleUrl>
      <Polygon>
        <outerBoundaryIs><LinearRing><coordinates>
          113.83238314124979,22.61367592149671,0
          113.83246162310282,22.61367592149671,0
          113.83246162310282,22.613733811767684,0
          113.83238314124979,22.613733811767684,0
          113.83238314124979,22.61367592149671,0
        </coordinates></LinearRing></outerBoundaryIs>
      </Polygon>
    </Placemark>
    <Placemark>
      <name>gap_0898</name>
      <description>confidence: 0.3440</description>
      <styleUrl>#gapStyle</styleUrl>
      <Polygon>
        <outerBoundaryIs><LinearRing><coordinates>
          113.81167620666805,22.615786559435033,0
          113.81183601366327,22.615786559435033,0
          113.81183601366327,22.61592258580669,0
          113.81167620666805,22.61592258580669,0
          113.81167620666805,22.615786559435033,0
        </coordinates></LinearRing></outerBoundaryIs>
      </Polygon>
    </Placemark>
    <Placemark>
      <name>gap_0899</name>
      <description>confidence: 0.3440</description>
      <styleUrl>#gapStyle</styleUrl>
      <Polygon>
        <outerBoundaryIs><LinearRing><coordinates>
          113.8241261939221,22.611122329131376,0
          113.82420183968914,22.611122329131376,0
          113.82420183968914,22.611190142101712,0
          113.8241261939221,22.611190142101712,0
          113.8241261939221,22.611122329131376,0
        </coordinates></LinearRing></outerBoundaryIs>
      </Polygon>
    </Placemark>
    <Placemark>
      <name>gap_0900</name>
      <description>confidence: 0.3439</description>
      <styleUrl>#gapStyle</styleUrl>
      <Polygon>
        <outerBoundaryIs><LinearRing><coordinates>
          113.80995117774857,22.608640499244775,0
          113.8100270564728,22.608640499244775,0
          113.8100270564728,22.60871493234113,0
          113.80995117774857,22.60871493234113,0
          113.80995117774857,22.608640499244775,0
        </coordinates></LinearRing></outerBoundaryIs>
      </Polygon>
    </Placemark>
    <Placemark>
      <name>gap_0901</name>
      <description>confidence: 0.3438</description>
      <styleUrl>#gapStyle</styleUrl>
      <Polygon>
        <outerBoundaryIs><LinearRing><coordinates>
          113.83136084169085,22.5990480045,0
          113.83142949726881,22.5990480045,0
          113.83142949726881,22.599070327954234,0
          113.83136084169085,22.599070327954234,0
          113.83136084169085,22.5990480045,0
        </coordinates></LinearRing></outerBoundaryIs>
      </Polygon>
    </Placemark>
    <Placemark>
      <name>gap_0902</name>
      <description>confidence: 0.3434</description>
      <styleUrl>#gapStyle</styleUrl>
      <Polygon>
        <outerBoundaryIs><LinearRing><coordinates>
          113.83040230995739,22.586303505661473,0
          113.83044129259282,22.586303505661473,0
          113.83044129259282,22.58631853803042,0
          113.83040230995739,22.58631853803042,0
          113.83040230995739,22.586303505661473,0
        </coordinates></LinearRing></outerBoundaryIs>
      </Polygon>
    </Placemark>
    <Placemark>
      <name>gap_0903</name>
      <description>confidence: 0.3430</description>
      <styleUrl>#gapStyle</styleUrl>
      <Polygon>
        <outerBoundaryIs><LinearRing><coordinates>
          113.82287889373355,22.601804556069524,0
          113.82297725536408,22.601804556069524,0
          113.82297725536408,22.60182230878255,0
          113.82287889373355,22.60182230878255,0
          113.82287889373355,22.601804556069524,0
        </coordinates></LinearRing></outerBoundaryIs>
      </Polygon>
    </Placemark>
    <Placemark>
      <name>gap_0904</name>
      <description>confidence: 0.3422</description>
      <styleUrl>#gapStyle</styleUrl>
      <Polygon>
        <outerBoundaryIs><LinearRing><coordinates>
          113.81257383009279,22.614346862555383,0
          113.81269447212223,22.614346862555383,0
          113.81269447212223,22.614433452562803,0
          113.81257383009279,22.614433452562803,0
          113.81257383009279,22.614346862555383,0
        </coordinates></LinearRing></outerBoundaryIs>
      </Polygon>
    </Placemark>
    <Placemark>
      <name>gap_0905</name>
      <description>confidence: 0.3422</description>
      <styleUrl>#gapStyle</styleUrl>
      <Polygon>
        <outerBoundaryIs><LinearRing><coordinates>
          113.82369569419191,22.545964497534495,0
          113.82376356151346,22.545964497534495,0
          113.82376356151346,22.54599311967312,0
          113.82369569419191,22.54599311967312,0
          113.82369569419191,22.545964497534495,0
        </coordinates></LinearRing></outerBoundaryIs>
      </Polygon>
    </Placemark>
    <Placemark>
      <name>gap_0906</name>
      <description>confidence: 0.3416</description>
      <styleUrl>#gapStyle</styleUrl>
      <Polygon>
        <outerBoundaryIs><LinearRing><coordinates>
          113.82376186882901,22.608581063074475,0
          113.82381601985468,22.608581063074475,0
          113.82381601985468,22.60863518412103,0
          113.82376186882901,22.60863518412103,0
          113.82376186882901,22.608581063074475,0
        </coordinates></LinearRing></outerBoundaryIs>
      </Polygon>
    </Placemark>
    <Placemark>
      <name>gap_0907</name>
      <description>confidence: 0.3416</description>
      <styleUrl>#gapStyle</styleUrl>
      <Polygon>
        <outerBoundaryIs><LinearRing><coordinates>
          113.83211998720921,22.6030553191839,0
          113.83219274990591,22.6030553191839,0
          113.83219274990591,22.603093800011862,0
          113.83211998720921,22.603093800011862,0
          113.83211998720921,22.6030553191839,0
        </coordinates></LinearRing></outerBoundaryIs>
      </Polygon>
    </Placemark>
    <Placemark>
      <name>gap_0908</name>
      <description>confidence: 0.3413</description>
      <styleUrl>#gapStyle</styleUrl>
      <Polygon>
        <outerBoundaryIs><LinearRing><coordinates>
          113.82391255425284,22.569381247022992,0
          113.82397670097141,22.569381247022992,0
          113.82397670097141,22.569399956704263,0
          113.82391255425284,22.569399956704263,0
          113.82391255425284,22.569381247022992,0
        </coordinates></LinearRing></outerBoundaryIs>
      </Polygon>
    </Placemark>
    <Placemark>
      <name>gap_0909</name>
      <description>confidence: 0.3413</description>
      <styleUrl>#gapStyle</styleUrl>
      <Polygon>
        <outerBoundaryIs><LinearRing><coordinates>
          113.8262878812854,22.523721374730272,0
          113.82636693529962,22.523721374730272,0
          113.82636693529962,22.52374100542531,0
          113.8262878812854,22.52374100542531,0
          113.8262878812854,22.523721374730272,0
        </coordinates></LinearRing></outerBoundaryIs>
      </Polygon>
    </Placemark>
    <Placemark>
      <name>gap_0910</name>
      <description>confidence: 0.3412</description>
      <styleUrl>#gapStyle</styleUrl>
      <Polygon>
        <outerBoundaryIs><LinearRing><coordinates>
          113.83217141353207,22.568323214580396,0
          113.83221548123987,22.568323214580396,0
          113.83221548123987,22.56833952101071,0
          113.83217141353207,22.56833952101071,0
          113.83217141353207,22.568323214580396,0
        </coordinates></LinearRing></outerBoundaryIs>
      </Polygon>
    </Placemark>
    <Placemark>
      <name>gap_0911</name>
      <description>confidence: 0.3412</description>
      <styleUrl>#gapStyle</styleUrl>
      <Polygon>
        <outerBoundaryIs><LinearRing><coordinates>
          113.82121957879592,22.604638465060273,0
          113.82124369403965,22.604638465060273,0
          113.82124369403965,22.604654982428983,0
          113.82121957879592,22.604654982428983,0
          113.82121957879592,22.604638465060273,0
        </coordinates></LinearRing></outerBoundaryIs>
      </Polygon>
    </Placemark>
    <Placemark>
      <name>gap_0912</name>
      <description>confidence: 0.3411</description>
      <styleUrl>#gapStyle</styleUrl>
      <Polygon>
        <outerBoundaryIs><LinearRing><coordinates>
          113.82336153723908,22.605975147386502,0
          113.82341602581121,22.605975147386502,0
          113.82341602581121,22.60602725383631,0
          113.82336153723908,22.60602725383631,0
          113.82336153723908,22.605975147386502,0
        </coordinates></LinearRing></outerBoundaryIs>
      </Polygon>
    </Placemark>
    <Placemark>
      <name>gap_0913</name>
      <description>confidence: 0.3408</description>
      <styleUrl>#gapStyle</styleUrl>
      <Polygon>
        <outerBoundaryIs><LinearRing><coordinates>
          113.8299203130288,22.60473592596667,0
          113.82995299576226,22.60473592596667,0
          113.82995299576226,22.604771852041697,0
          113.8299203130288,22.604771852041697,0
          113.8299203130288,22.60473592596667,0
        </coordinates></LinearRing></outerBoundaryIs>
      </Polygon>
    </Placemark>
    <Placemark>
      <name>gap_0914</name>
      <description>confidence: 0.3407</description>
      <styleUrl>#gapStyle</styleUrl>
      <Polygon>
        <outerBoundaryIs><LinearRing><coordinates>
          113.82289007289562,22.59613355330295,0
          113.82298670936603,22.59613355330295,0
          113.82298670936603,22.596148916199347,0
          113.82289007289562,22.596148916199347,0
          113.82289007289562,22.59613355330295,0
        </coordinates></LinearRing></outerBoundaryIs>
      </Polygon>
    </Placemark>
    <Placemark>
      <name>gap_0915</name>
      <description>confidence: 0.3406</description>
      <styleUrl>#gapStyle</styleUrl>
      <Polygon>
        <outerBoundaryIs><LinearRing><coordinates>
          113.81436416405029,22.611064260499997,0
          113.8144118137,22.611064260499997,0
          113.8144118137,22.611109679457737,0
          113.81436416405029,22.611109679457737,0
          113.81436416405029,22.611064260499997,0
        </coordinates></LinearRing></outerBoundaryIs>
      </Polygon>
    </Placemark>
    <Placemark>
      <name>gap_0916</name>
      <description>confidence: 0.3404</description>
      <styleUrl>#gapStyle</styleUrl>
      <Polygon>
        <outerBoundaryIs><LinearRing><coordinates>
          113.83072074891986,22.603806103700084,0
          113.83086379075309,22.603806103700084,0
          113.83086379075309,22.603993629736003,0
          113.83072074891986,22.603993629736003,0
          113.83072074891986,22.603806103700084,0
        </coordinates></LinearRing></outerBoundaryIs>
      </Polygon>
    </Placemark>
    <Placemark>
      <name>gap_0917</name>
      <description>confidence: 0.3404</description>
      <styleUrl>#gapStyle</styleUrl>
      <Polygon>
        <outerBoundaryIs><LinearRing><coordinates>
          113.81854751003945,22.60422212496903,0
          113.81856984540347,22.60422212496903,0
          113.81856984540347,22.6042410539276,0
          113.81854751003945,22.6042410539276,0
          113.81854751003945,22.60422212496903,0
        </coordinates></LinearRing></outerBoundaryIs>
      </Polygon>
    </Placemark>
    <Placemark>
      <name>gap_0918</name>
      <description>confidence: 0.3400</description>
      <styleUrl>#gapStyle</styleUrl>
      <Polygon>
        <outerBoundaryIs><LinearRing><coordinates>
          113.82751719089248,22.57647167605302,0
          113.8275472292733,22.57647167605302,0
          113.8275472292733,22.576496236583854,0
          113.82751719089248,22.576496236583854,0
          113.82751719089248,22.57647167605302,0
        </coordinates></LinearRing></outerBoundaryIs>
      </Polygon>
    </Placemark>
    <Placemark>
      <name>gap_0919</name>
      <description>confidence: 0.3395</description>
      <styleUrl>#gapStyle</styleUrl>
      <Polygon>
        <outerBoundaryIs><LinearRing><coordinates>
          113.83086470242525,22.596098794469494,0
          113.83092981760234,22.596098794469494,0
          113.83092981760234,22.59616044741654,0
          113.83086470242525,22.59616044741654,0
          113.83086470242525,22.596098794469494,0
        </coordinates></LinearRing></outerBoundaryIs>
      </Polygon>
    </Placemark>
    <Placemark>
      <name>gap_0920</name>
      <description>confidence: 0.3391</description>
      <styleUrl>#gapStyle</styleUrl>
      <Polygon>
        <outerBoundaryIs><LinearRing><coordinates>
          113.8259965259598,22.59957821176967,0
          113.826047082172,22.59957821176967,0
          113.826047082172,22.599611195020778,0
          113.8259965259598,22.599611195020778,0
          113.8259965259598,22.59957821176967,0
        </coordinates></LinearRing></outerBoundaryIs>
      </Polygon>
    </Placemark>
    <Placemark>
      <name>gap_0921</name>
      <description>confidence: 0.3390</description>
      <styleUrl>#gapStyle</styleUrl>
      <Polygon>
        <outerBoundaryIs><LinearRing><coordinates>
          113.80984618686526,22.615189586868006,0
          113.80989332983718,22.615189586868006,0
          113.80989332983718,22.615227743614543,0
          113.80984618686526,22.615227743614543,0
          113.80984618686526,22.615189586868006,0
        </coordinates></LinearRing></outerBoundaryIs>
      </Polygon>
    </Placemark>
    <Placemark>
      <name>gap_0922</name>
      <description>confidence: 0.3385</description>
      <styleUrl>#gapStyle</styleUrl>
      <Polygon>
        <outerBoundaryIs><LinearRing><coordinates>
          113.82931616784003,22.612811823239127,0
          113.8294294187583,22.612811823239127,0
          113.8294294187583,22.61293836131191,0
          113.82931616784003,22.61293836131191,0
          113.82931616784003,22.612811823239127,0
        </coordinates></LinearRing></outerBoundaryIs>
      </Polygon>
    </Placemark>
    <Placemark>
      <name>gap_0923</name>
      <description>confidence: 0.3382</description>
      <styleUrl>#gapStyle</styleUrl>
      <Polygon>
        <outerBoundaryIs><LinearRing><coordinates>
          113.82823961950099,22.58399402689267,0
          113.82831516213167,22.58399402689267,0
          113.82831516213167,22.584070057374678,0
          113.82823961950099,22.584070057374678,0
          113.82823961950099,22.58399402689267,0
        </coordinates></LinearRing></outerBoundaryIs>
      </Polygon>
    </Placemark>
    <Placemark>
      <name>gap_0924</name>
      <description>confidence: 0.3380</description>
      <styleUrl>#gapStyle</styleUrl>
      <Polygon>
        <outerBoundaryIs><LinearRing><coordinates>
          113.82957262507765,22.539119068188587,0
          113.82964808094283,22.539119068188587,0
          113.82964808094283,22.53913552547628,0
          113.82957262507765,22.53913552547628,0
          113.82957262507765,22.539119068188587,0
        </coordinates></LinearRing></outerBoundaryIs>
      </Polygon>
    </Placemark>
    <Placemark>
      <name>gap_0925</name>
      <description>confidence: 0.3377</description>
      <styleUrl>#gapStyle</styleUrl>
      <Polygon>
        <outerBoundaryIs><LinearRing><coordinates>
          113.826891379314,22.599060193743494,0
          113.82696552109108,22.599060193743494,0
          113.82696552109108,22.599108476617662,0
          113.826891379314,22.599108476617662,0
          113.826891379314,22.599060193743494,0
        </coordinates></LinearRing></outerBoundaryIs>
      </Polygon>
    </Placemark>
    <Placemark>
      <name>gap_0926</name>
      <description>confidence: 0.3376</description>
      <styleUrl>#gapStyle</styleUrl>
      <Polygon>
        <outerBoundaryIs><LinearRing><coordinates>
          113.8324495008161,22.563906975431784,0
          113.83252840782009,22.563906975431784,0
          113.83252840782009,22.563936088532184,0
          113.8324495008161,22.563936088532184,0
          113.8324495008161,22.563906975431784,0
        </coordinates></LinearRing></outerBoundaryIs>
      </Polygon>
    </Placemark>
    <Placemark>
      <name>gap_0927</name>
      <description>confidence: 0.3374</description>
      <styleUrl>#gapStyle</styleUrl>
      <Polygon>
        <outerBoundaryIs><LinearRing><coordinates>
          113.81265387961837,22.6016236400097,0
          113.81268017873343,22.6016236400097,0
          113.81268017873343,22.601686180093083,0
          113.81265387961837,22.601686180093083,0
          113.81265387961837,22.6016236400097,0
        </coordinates></LinearRing></outerBoundaryIs>
      </Polygon>
    </Placemark>
    <Placemark>
      <name>gap_0928</name>
      <description>confidence: 0.3372</description>
      <styleUrl>#gapStyle</styleUrl>
      <Polygon>
        <outerBoundaryIs><LinearRing><coordinates>
          113.82538974799054,22.540426192823066,0
          113.82544849625775,22.540426192823066,0
          113.82544849625775,22.5404545743102,0
          113.82538974799054,22.5404545743102,0
          113.82538974799054,22.540426192823066,0
        </coordinates></LinearRing></outerBoundaryIs>
      </Polygon>
    </Placemark>
    <Placemark>
      <name>gap_0929</name>
      <description>confidence: 0.3371</description>
      <styleUrl>#gapStyle</styleUrl>
      <Polygon>
        <outerBoundaryIs><LinearRing><coordinates>
          113.8154696605125,22.6008667191261,0
          113.81548879541637,22.6008667191261,0
          113.81548879541637,22.600890856961595,0
          113.8154696605125,22.600890856961595,0
          113.8154696605125,22.6008667191261,0
        </coordinates></LinearRing></outerBoundaryIs>
      </Polygon>
    </Placemark>
    <Placemark>
      <name>gap_0930</name>
      <description>confidence: 0.3368</description>
      <styleUrl>#gapStyle</styleUrl>
      <Polygon>
        <outerBoundaryIs><LinearRing><coordinates>
          113.80938119657891,22.608701497971744,0
          113.80944616495042,22.608701497971744,0
          113.80944616495042,22.6087451022208,0
          113.80938119657891,22.6087451022208,0
          113.80938119657891,22.608701497971744,0
        </coordinates></LinearRing></outerBoundaryIs>
      </Polygon>
    </Placemark>
    <Placemark>
      <name>gap_0931</name>
      <description>confidence: 0.3368</description>
      <styleUrl>#gapStyle</styleUrl>
      <Polygon>
        <outerBoundaryIs><LinearRing><coordinates>
          113.81792055571428,22.61298300893661,0
          113.81805363680638,22.61298300893661,0
          113.81805363680638,22.613113906934988,0
          113.81792055571428,22.613113906934988,0
          113.81792055571428,22.61298300893661,0
        </coordinates></LinearRing></outerBoundaryIs>
      </Polygon>
    </Placemark>
    <Placemark>
      <name>gap_0932</name>
      <description>confidence: 0.3366</description>
      <styleUrl>#gapStyle</styleUrl>
      <Polygon>
        <outerBoundaryIs><LinearRing><coordinates>
          113.82270494087136,22.61400486801738,0
          113.82280135126034,22.61400486801738,0
          113.82280135126034,22.614068125399772,0
          113.82270494087136,22.614068125399772,0
          113.82270494087136,22.61400486801738,0
        </coordinates></LinearRing></outerBoundaryIs>
      </Polygon>
    </Placemark>
    <Placemark>
      <name>gap_0933</name>
      <description>confidence: 0.3364</description>
      <styleUrl>#gapStyle</styleUrl>
      <Polygon>
        <outerBoundaryIs><LinearRing><coordinates>
          113.81528869423511,22.598624475232004,0
          113.8153033048091,22.598624475232004,0
          113.8153033048091,22.598658614346945,0
          113.81528869423511,22.598658614346945,0
          113.81528869423511,22.598624475232004,0
        </coordinates></LinearRing></outerBoundaryIs>
      </Polygon>
    </Placemark>
    <Placemark>
      <name>gap_0934</name>
      <description>confidence: 0.3362</description>
      <styleUrl>#gapStyle</styleUrl>
      <Polygon>
        <outerBoundaryIs><LinearRing><coordinates>
          113.83243919250137,22.562966531307776,0
          113.83250502361666,22.562966531307776,0
          113.83250502361666,22.562986633892553,0
          113.83243919250137,22.562986633892553,0
          113.83243919250137,22.562966531307776,0
        </coordinates></LinearRing></outerBoundaryIs>
      </Polygon>
    </Placemark>
    <Placemark>
      <name>gap_0935</name>
      <description>confidence: 0.3361</description>
      <styleUrl>#gapStyle</styleUrl>
      <Polygon>
        <outerBoundaryIs><LinearRing><coordinates>
          113.8241891670963,22.547209307143845,0
          113.8242823097,22.547209307143845,0
          113.8242823097,22.547241416109728,0
          113.8241891670963,22.547241416109728,0
          113.8241891670963,22.547209307143845,0
        </coordinates></LinearRing></outerBoundaryIs>
      </Polygon>
    </Placemark>
    <Placemark>
      <name>gap_0936</name>
      <description>confidence: 0.3361</description>
      <styleUrl>#gapStyle</styleUrl>
      <Polygon>
        <outerBoundaryIs><LinearRing><coordinates>
          113.82332435490598,22.546063344642583,0
          113.82340705118868,22.546063344642583,0
          113.82340705118868,22.546098155453485,0
          113.82332435490598,22.546098155453485,0
          113.82332435490598,22.546063344642583,0
        </coordinates></LinearRing></outerBoundaryIs>
      </Polygon>
    </Placemark>
    <Placemark>
      <name>gap_0937</name>
      <description>confidence: 0.3358</description>
      <styleUrl>#gapStyle</styleUrl>
      <Polygon>
        <outerBoundaryIs><LinearRing><coordinates>
          113.82023146717798,22.608440858452727,0
          113.82025656107109,22.608440858452727,0
          113.82025656107109,22.60845665001982,0
          113.82023146717798,22.60845665001982,0
          113.82023146717798,22.608440858452727,0
        </coordinates></LinearRing></outerBoundaryIs>
      </Polygon>
    </Placemark>
    <Placemark>
      <name>gap_0938</name>
      <description>confidence: 0.3356</description>
      <styleUrl>#gapStyle</styleUrl>
      <Polygon>
        <outerBoundaryIs><LinearRing><coordinates>
          113.82273260012776,22.60660013622747,0
          113.82275522718963,22.60660013622747,0
          113.82275522718963,22.606618529593234,0
          113.82273260012776,22.606618529593234,0
          113.82273260012776,22.60660013622747,0
        </coordinates></LinearRing></outerBoundaryIs>
      </Polygon>
    </Placemark>
    <Placemark>
      <name>gap_0939</name>
      <description>confidence: 0.3355</description>
      <styleUrl>#gapStyle</styleUrl>
      <Polygon>
        <outerBoundaryIs><LinearRing><coordinates>
          113.82565609033595,22.550638221416623,0
          113.82572127414784,22.550638221416623,0
          113.82572127414784,22.550655900706385,0
          113.82565609033595,22.550655900706385,0
          113.82565609033595,22.550638221416623,0
        </coordinates></LinearRing></outerBoundaryIs>
      </Polygon>
    </Placemark>
    <Placemark>
      <name>gap_0940</name>
      <description>confidence: 0.3354</description>
      <styleUrl>#gapStyle</styleUrl>
      <Polygon>
        <outerBoundaryIs><LinearRing><coordinates>
          113.82663107461978,22.523529121243183,0
          113.82670952037509,22.523529121243183,0
          113.82670952037509,22.52354744587184,0
          113.82663107461978,22.52354744587184,0
          113.82663107461978,22.523529121243183,0
        </coordinates></LinearRing></outerBoundaryIs>
      </Polygon>
    </Placemark>
    <Placemark>
      <name>gap_0941</name>
      <description>confidence: 0.3352</description>
      <styleUrl>#gapStyle</styleUrl>
      <Polygon>
        <outerBoundaryIs><LinearRing><coordinates>
          113.82261239373686,22.5442767174547,0
          113.82270424680873,22.5442767174547,0
          113.82270424680873,22.544310887510544,0
          113.82261239373686,22.544310887510544,0
          113.82261239373686,22.5442767174547,0
        </coordinates></LinearRing></outerBoundaryIs>
      </Polygon>
    </Placemark>
    <Placemark>
      <name>gap_0942</name>
      <description>confidence: 0.3340</description>
      <styleUrl>#gapStyle</styleUrl>
      <Polygon>
        <outerBoundaryIs><LinearRing><coordinates>
          113.83032319069511,22.607681032561864,0
          113.83037388041159,22.607681032561864,0
          113.83037388041159,22.607736833748717,0
          113.83032319069511,22.607736833748717,0
          113.83032319069511,22.607681032561864,0
        </coordinates></LinearRing></outerBoundaryIs>
      </Polygon>
    </Placemark>
    <Placemark>
      <name>gap_0943</name>
      <description>confidence: 0.3339</description>
      <styleUrl>#gapStyle</styleUrl>
      <Polygon>
        <outerBoundaryIs><LinearRing><coordinates>
          113.82322254929888,22.605772910095855,0
          113.82324191061159,22.605772910095855,0
          113.82324191061159,22.605787799547283,0
          113.82322254929888,22.605787799547283,0
          113.82322254929888,22.605772910095855,0
        </coordinates></LinearRing></outerBoundaryIs>
      </Polygon>
    </Placemark>
    <Placemark>
      <name>gap_0944</name>
      <description>confidence: 0.3338</description>
      <styleUrl>#gapStyle</styleUrl>
      <Polygon>
        <outerBoundaryIs><LinearRing><coordinates>
          113.82113165972108,22.60561445639692,0
          113.82115035883291,22.60561445639692,0
          113.82115035883291,22.605631594711962,0
          113.82113165972108,22.605631594711962,0
          113.82113165972108,22.60561445639692,0
        </coordinates></LinearRing></outerBoundaryIs>
      </Polygon>
    </Placemark>
    <Placemark>
      <name>gap_0945</name>
      <description>confidence: 0.3338</description>
      <styleUrl>#gapStyle</styleUrl>
      <Polygon>
        <outerBoundaryIs><LinearRing><coordinates>
          113.82794214245989,22.538049673296904,0
          113.82803269544073,22.538049673296904,0
          113.82803269544073,22.538065409121256,0
          113.82794214245989,22.538065409121256,0
          113.82794214245989,22.538049673296904,0
        </coordinates></LinearRing></outerBoundaryIs>
      </Polygon>
    </Placemark>
    <Placemark>
      <name>gap_0946</name>
      <description>confidence: 0.3337</description>
      <styleUrl>#gapStyle</styleUrl>
      <Polygon>
        <outerBoundaryIs><LinearRing><coordinates>
          113.82984820391779,22.572860643527076,0
          113.82993872178315,22.572860643527076,0
          113.82993872178315,22.572880813559756,0
          113.82984820391779,22.572880813559756,0
          113.82984820391779,22.572860643527076,0
        </coordinates></LinearRing></outerBoundaryIs>
      </Polygon>
    </Placemark>
    <Placemark>
      <name>gap_0947</name>
      <description>confidence: 0.3337</description>
      <styleUrl>#gapStyle</styleUrl>
      <Polygon>
        <outerBoundaryIs><LinearRing><coordinates>
          113.82287016905295,22.58060553384374,0
          113.82292625672967,22.58060553384374,0
          113.82292625672967,22.580623783084633,0
          113.82287016905295,22.580623783084633,0
          113.82287016905295,22.58060553384374,0
        </coordinates></LinearRing></outerBoundaryIs>
      </Polygon>
    </Placemark>
    <Placemark>
      <name>gap_0948</name>
      <description>confidence: 0.3337</description>
      <styleUrl>#gapStyle</styleUrl>
      <Polygon>
        <outerBoundaryIs><LinearRing><coordinates>
          113.80950601931407,22.59703920712054,0
          113.80958916866004,22.59703920712054,0
          113.80958916866004,22.597067030361707,0
          113.80950601931407,22.597067030361707,0
          113.80950601931407,22.59703920712054,0
        </coordinates></LinearRing></outerBoundaryIs>
      </Polygon>
    </Placemark>
    <Placemark>
      <name>gap_0949</name>
      <description>confidence: 0.3336</description>
      <styleUrl>#gapStyle</styleUrl>
      <Polygon>
        <outerBoundaryIs><LinearRing><coordinates>
          113.82398124719728,22.595084977149092,0
          113.82400580437209,22.595084977149092,0
          113.82400580437209,22.595100548057598,0
          113.82398124719728,22.595100548057598,0
          113.82398124719728,22.595084977149092,0
        </coordinates></LinearRing></outerBoundaryIs>
      </Polygon>
    </Placemark>
    <Placemark>
      <name>gap_0950</name>
      <description>confidence: 0.3336</description>
      <styleUrl>#gapStyle</styleUrl>
      <Polygon>
        <outerBoundaryIs><LinearRing><coordinates>
          113.81666553171794,22.586754788758228,0
          113.81671044047816,22.586754788758228,0
          113.81671044047816,22.586773872093907,0
          113.81666553171794,22.586773872093907,0
          113.81666553171794,22.586754788758228,0
        </coordinates></LinearRing></outerBoundaryIs>
      </Polygon>
    </Placemark>
    <Placemark>
      <name>gap_0951</name>
      <description>confidence: 0.3333</description>
      <styleUrl>#gapStyle</styleUrl>
      <Polygon>
        <outerBoundaryIs><LinearRing><coordinates>
          113.82254548034471,22.573859420098703,0
          113.82260278093767,22.573859420098703,0
          113.82260278093767,22.57387566947661,0
          113.82254548034471,22.57387566947661,0
          113.82254548034471,22.573859420098703,0
        </coordinates></LinearRing></outerBoundaryIs>
      </Polygon>
    </Placemark>
    <Placemark>
      <name>gap_0952</name>
      <description>confidence: 0.3333</description>
      <styleUrl>#gapStyle</styleUrl>
      <Polygon>
        <outerBoundaryIs><LinearRing><coordinates>
          113.82205588831391,22.552872127514227,0
          113.82213220659546,22.552872127514227,0
          113.82213220659546,22.552893236906254,0
          113.82205588831391,22.552893236906254,0
          113.82205588831391,22.552872127514227,0
        </coordinates></LinearRing></outerBoundaryIs>
      </Polygon>
    </Placemark>
    <Placemark>
      <name>gap_0953</name>
      <description>confidence: 0.3331</description>
      <styleUrl>#gapStyle</styleUrl>
      <Polygon>
        <outerBoundaryIs><LinearRing><coordinates>
          113.81945932999894,22.60471485087157,0
          113.81948159296289,22.60471485087157,0
          113.81948159296289,22.604732638127086,0
          113.81945932999894,22.604732638127086,0
          113.81945932999894,22.60471485087157,0
        </coordinates></LinearRing></outerBoundaryIs>
      </Polygon>
    </Placemark>
    <Placemark>
      <name>gap_0954</name>
      <description>confidence: 0.3330</description>
      <styleUrl>#gapStyle</styleUrl>
      <Polygon>
        <outerBoundaryIs><LinearRing><coordinates>
          113.82870862598648,22.57769745978837,0
          113.82878189963787,22.57769745978837,0
          113.82878189963787,22.577715433835284,0
          113.82870862598648,22.577715433835284,0
          113.82870862598648,22.57769745978837,0
        </coordinates></LinearRing></outerBoundaryIs>
      </Polygon>
    </Placemark>
    <Placemark>
      <name>gap_0955</name>
      <description>confidence: 0.3326</description>
      <styleUrl>#gapStyle</styleUrl>
      <Polygon>
        <outerBoundaryIs><LinearRing><coordinates>
          113.8187532279569,22.60432718931653,0
          113.81877712595944,22.60432718931653,0
          113.81877712595944,22.60434306576648,0
          113.8187532279569,22.60434306576648,0
          113.8187532279569,22.60432718931653,0
        </coordinates></LinearRing></outerBoundaryIs>
      </Polygon>
    </Placemark>
    <Placemark>
      <name>gap_0956</name>
      <description>confidence: 0.3325</description>
      <styleUrl>#gapStyle</styleUrl>
      <Polygon>
        <outerBoundaryIs><LinearRing><coordinates>
          113.82996909584824,22.607310254264025,0
          113.83000760376997,22.607310254264025,0
          113.83000760376997,22.60734306930465,0
          113.82996909584824,22.60734306930465,0
          113.82996909584824,22.607310254264025,0
        </coordinates></LinearRing></outerBoundaryIs>
      </Polygon>
    </Placemark>
    <Placemark>
      <name>gap_0957</name>
      <description>confidence: 0.3324</description>
      <styleUrl>#gapStyle</styleUrl>
      <Polygon>
        <outerBoundaryIs><LinearRing><coordinates>
          113.83113792065026,22.5965110802789,0
          113.83118650589402,22.5965110802789,0
          113.83118650589402,22.596546999805593,0
          113.83113792065026,22.596546999805593,0
          113.83113792065026,22.5965110802789,0
        </coordinates></LinearRing></outerBoundaryIs>
      </Polygon>
    </Placemark>
    <Placemark>
      <name>gap_0958</name>
      <description>confidence: 0.3322</description>
      <styleUrl>#gapStyle</styleUrl>
      <Polygon>
        <outerBoundaryIs><LinearRing><coordinates>
          113.82320407839669,22.546347891782023,0
          113.8232758363325,22.546347891782023,0
          113.8232758363325,22.546376572855706,0
          113.82320407839669,22.546376572855706,0
          113.82320407839669,22.546347891782023,0
        </coordinates></LinearRing></outerBoundaryIs>
      </Polygon>
    </Placemark>
    <Placemark>
      <name>gap_0959</name>
      <description>confidence: 0.3320</description>
      <styleUrl>#gapStyle</styleUrl>
      <Polygon>
        <outerBoundaryIs><LinearRing><coordinates>
          113.82637043735177,22.607976262417363,0
          113.82640349451725,22.607976262417363,0
          113.82640349451725,22.608003148427386,0
          113.82637043735177,22.608003148427386,0
          113.82637043735177,22.607976262417363,0
        </coordinates></LinearRing></outerBoundaryIs>
      </Polygon>
    </Placemark>
    <Placemark>
      <name>gap_0960</name>
      <description>confidence: 0.3320</description>
      <styleUrl>#gapStyle</styleUrl>
      <Polygon>
        <outerBoundaryIs><LinearRing><coordinates>
          113.83022830934348,22.563400522449065,0
          113.83028112023095,22.563400522449065,0
          113.83028112023095,22.563417667312443,0
          113.83022830934348,22.563417667312443,0
          113.83022830934348,22.563400522449065,0
        </coordinates></LinearRing></outerBoundaryIs>
      </Polygon>
    </Placemark>
    <Placemark>
      <name>gap_0961</name>
      <description>confidence: 0.3320</description>
      <styleUrl>#gapStyle</styleUrl>
      <Polygon>
        <outerBoundaryIs><LinearRing><coordinates>
          113.82291523145359,22.605603938289757,0
          113.82293748475874,22.605603938289757,0
          113.82293748475874,22.605624705981228,0
          113.82291523145359,22.605624705981228,0
          113.82291523145359,22.605603938289757,0
        </coordinates></LinearRing></outerBoundaryIs>
      </Polygon>
    </Placemark>
    <Placemark>
      <name>gap_0962</name>
      <description>confidence: 0.3319</description>
      <styleUrl>#gapStyle</styleUrl>
      <Polygon>
        <outerBoundaryIs><LinearRing><coordinates>
          113.81261162514586,22.608674662097446,0
          113.81268284718192,22.608674662097446,0
          113.81268284718192,22.608713630613025,0
          113.81261162514586,22.608713630613025,0
          113.81261162514586,22.608674662097446,0
        </coordinates></LinearRing></outerBoundaryIs>
      </Polygon>
    </Placemark>
    <Placemark>
      <name>gap_0963</name>
      <description>confidence: 0.3317</description>
      <styleUrl>#gapStyle</styleUrl>
      <Polygon>
        <outerBoundaryIs><LinearRing><coordinates>
          113.8155149870568,22.603045277693553,0
          113.81554196040531,22.603045277693553,0
          113.81554196040531,22.603057359135004,0
          113.8155149870568,22.603057359135004,0
          113.8155149870568,22.603045277693553,0
        </coordinates></LinearRing></outerBoundaryIs>
      </Polygon>
    </Placemark>
    <Placemark>
      <name>gap_0964</name>
      <description>confidence: 0.3315</description>
      <styleUrl>#gapStyle</styleUrl>
      <Polygon>
        <outerBoundaryIs><LinearRing><coordinates>
          113.82017616943568,22.607806881913007,0
          113.82019346507458,22.607806881913007,0
          113.82019346507458,22.607841526805345,0
          113.82017616943568,22.607841526805345,0
          113.82017616943568,22.607806881913007,0
        </coordinates></LinearRing></outerBoundaryIs>
      </Polygon>
    </Placemark>
    <Placemark>
      <name>gap_0965</name>
      <description>confidence: 0.3313</description>
      <styleUrl>#gapStyle</styleUrl>
      <Polygon>
        <outerBoundaryIs><LinearRing><coordinates>
          113.82486856914211,22.548852535757224,0
          113.82492736848637,22.548852535757224,0
          113.82492736848637,22.548880345656144,0
          113.82486856914211,22.548880345656144,0
          113.82486856914211,22.548852535757224,0
        </coordinates></LinearRing></outerBoundaryIs>
      </Polygon>
    </Placemark>
    <Placemark>
      <name>gap_0966</name>
      <description>confidence: 0.3306</description>
      <styleUrl>#gapStyle</styleUrl>
      <Polygon>
        <outerBoundaryIs><LinearRing><coordinates>
          113.82155440187861,22.539634307569997,0
          113.82162492766244,22.539634307569997,0
          113.82162492766244,22.539661345982395,0
          113.82155440187861,22.539661345982395,0
          113.82155440187861,22.539634307569997,0
        </coordinates></LinearRing></outerBoundaryIs>
      </Polygon>
    </Placemark>
    <Placemark>
      <name>gap_0967</name>
      <description>confidence: 0.3305</description>
      <styleUrl>#gapStyle</styleUrl>
      <Polygon>
        <outerBoundaryIs><LinearRing><coordinates>
          113.82650472848498,22.52384753168968,0
          113.82656976522526,22.52384753168968,0
          113.82656976522526,22.52386703280944,0
          113.82650472848498,22.52386703280944,0
          113.82650472848498,22.52384753168968,0
        </coordinates></LinearRing></outerBoundaryIs>
      </Polygon>
    </Placemark>
    <Placemark>
      <name>gap_0968</name>
      <description>confidence: 0.3304</description>
      <styleUrl>#gapStyle</styleUrl>
      <Polygon>
        <outerBoundaryIs><LinearRing><coordinates>
          113.82612607319938,22.595901321873697,0
          113.82615676854239,22.595901321873697,0
          113.82615676854239,22.595926183300747,0
          113.82612607319938,22.595926183300747,0
          113.82612607319938,22.595901321873697,0
        </coordinates></LinearRing></outerBoundaryIs>
      </Polygon>
    </Placemark>
    <Placemark>
      <name>gap_0969</name>
      <description>confidence: 0.3297</description>
      <styleUrl>#gapStyle</styleUrl>
      <Polygon>
        <outerBoundaryIs><LinearRing><coordinates>
          113.81864471914172,22.611537988195273,0
          113.81869570819917,22.611537988195273,0
          113.81869570819917,22.611587888509387,0
          113.81864471914172,22.611587888509387,0
          113.81864471914172,22.611537988195273,0
        </coordinates></LinearRing></outerBoundaryIs>
      </Polygon>
    </Placemark>
    <Placemark>
      <name>gap_0970</name>
      <description>confidence: 0.3296</description>
      <styleUrl>#gapStyle</styleUrl>
      <Polygon>
        <outerBoundaryIs><LinearRing><coordinates>
          113.82238844039142,22.61348862944116,0
          113.82245735450603,22.61348862944116,0
          113.82245735450603,22.613581930187255,0
          113.82238844039142,22.613581930187255,0
          113.82238844039142,22.61348862944116,0
        </coordinates></LinearRing></outerBoundaryIs>
      </Polygon>
    </Placemark>
    <Placemark>
      <name>gap_0971</name>
      <description>confidence: 0.3290</description>
      <styleUrl>#gapStyle</styleUrl>
      <Polygon>
        <outerBoundaryIs><LinearRing><coordinates>
          113.82621183958936,22.607299291524583,0
          113.82627773725214,22.607299291524583,0
          113.82627773725214,22.607348450566626,0
          113.82621183958936,22.607348450566626,0
          113.82621183958936,22.607299291524583,0
        </coordinates></LinearRing></outerBoundaryIs>
      </Polygon>
    </Placemark>
    <Placemark>
      <name>gap_0972</name>
      <description>confidence: 0.3285</description>
      <styleUrl>#gapStyle</styleUrl>
      <Polygon>
        <outerBoundaryIs><LinearRing><coordinates>
          113.82039331889231,22.60517069734265,0
          113.82041579385876,22.60517069734265,0
          113.82041579385876,22.60519004924212,0
          113.82039331889231,22.60519004924212,0
          113.82039331889231,22.60517069734265,0
        </coordinates></LinearRing></outerBoundaryIs>
      </Polygon>
    </Placemark>
    <Placemark>
      <name>gap_0973</name>
      <description>confidence: 0.3282</description>
      <styleUrl>#gapStyle</styleUrl>
      <Polygon>
        <outerBoundaryIs><LinearRing><coordinates>
          113.82296377126825,22.6089862858036,0
          113.82298534117227,22.6089862858036,0
          113.82298534117227,22.609000036498728,0
          113.82296377126825,22.609000036498728,0
          113.82296377126825,22.6089862858036,0
        </coordinates></LinearRing></outerBoundaryIs>
      </Polygon>
    </Placemark>
    <Placemark>
      <name>gap_0974</name>
      <description>confidence: 0.3280</description>
      <styleUrl>#gapStyle</styleUrl>
      <Polygon>
        <outerBoundaryIs><LinearRing><coordinates>
          113.82460837994424,22.607854834750846,0
          113.82462387675419,22.607854834750846,0
          113.82462387675419,22.6078780641679,0
          113.82460837994424,22.6078780641679,0
          113.82460837994424,22.607854834750846,0
        </coordinates></LinearRing></outerBoundaryIs>
      </Polygon>
    </Placemark>
    <Placemark>
      <name>gap_0975</name>
      <description>confidence: 0.3276</description>
      <styleUrl>#gapStyle</styleUrl>
      <Polygon>
        <outerBoundaryIs><LinearRing><coordinates>
          113.81727276381457,22.546789756483435,0
          113.8174158777,22.546789756483435,0
          113.8174158777,22.546863933785264,0
          113.81727276381457,22.546863933785264,0
          113.81727276381457,22.546789756483435,0
        </coordinates></LinearRing></outerBoundaryIs>
      </Polygon>
    </Placemark>
    <Placemark>
      <name>gap_0976</name>
      <description>confidence: 0.3276</description>
      <styleUrl>#gapStyle</styleUrl>
      <Polygon>
        <outerBoundaryIs><LinearRing><coordinates>
          113.82695050386518,22.578448708499998,0
          113.82705577698194,22.578448708499998,0
          113.82705577698194,22.57851485729162,0
          113.82695050386518,22.57851485729162,0
          113.82695050386518,22.578448708499998,0
        </coordinates></LinearRing></outerBoundaryIs>
      </Polygon>
    </Placemark>
    <Placemark>
      <name>gap_0977</name>
      <description>confidence: 0.3275</description>
      <styleUrl>#gapStyle</styleUrl>
      <Polygon>
        <outerBoundaryIs><LinearRing><coordinates>
          113.82369706746063,22.604130404521513,0
          113.82375589889175,22.604130404521513,0
          113.82375589889175,22.604188828308242,0
          113.82369706746063,22.604188828308242,0
          113.82369706746063,22.604130404521513,0
        </coordinates></LinearRing></outerBoundaryIs>
      </Polygon>
    </Placemark>
    <Placemark>
      <name>gap_0978</name>
      <description>confidence: 0.3275</description>
      <styleUrl>#gapStyle</styleUrl>
      <Polygon>
        <outerBoundaryIs><LinearRing><coordinates>
          113.82276270834049,22.548136856051936,0
          113.82285484495547,22.548136856051936,0
          113.82285484495547,22.548159798037798,0
          113.82276270834049,22.548159798037798,0
          113.82276270834049,22.548136856051936,0
        </coordinates></LinearRing></outerBoundaryIs>
      </Polygon>
    </Placemark>
    <Placemark>
      <name>gap_0979</name>
      <description>confidence: 0.3272</description>
      <styleUrl>#gapStyle</styleUrl>
      <Polygon>
        <outerBoundaryIs><LinearRing><coordinates>
          113.82097049255383,22.586335543332304,0
          113.82103814230679,22.586335543332304,0
          113.82103814230679,22.586355887223405,0
          113.82097049255383,22.586355887223405,0
          113.82097049255383,22.586335543332304,0
        </coordinates></LinearRing></outerBoundaryIs>
      </Polygon>
    </Placemark>
    <Placemark>
      <name>gap_0980</name>
      <description>confidence: 0.3270</description>
      <styleUrl>#gapStyle</styleUrl>
      <Polygon>
        <outerBoundaryIs><LinearRing><coordinates>
          113.83096140311031,22.60936836641323,0
          113.83098449394812,22.60936836641323,0
          113.83098449394812,22.609385492040857,0
          113.83096140311031,22.609385492040857,0
          113.83096140311031,22.60936836641323,0
        </coordinates></LinearRing></outerBoundaryIs>
      </Polygon>
    </Placemark>
    <Placemark>
      <name>gap_0981</name>
      <description>confidence: 0.3270</description>
      <styleUrl>#gapStyle</styleUrl>
      <Polygon>
        <outerBoundaryIs><LinearRing><coordinates>
          113.82930992056012,22.524705992287085,0
          113.8293980147212,22.524705992287085,0
          113.8293980147212,22.524730192024858,0
          113.82930992056012,22.524730192024858,0
          113.82930992056012,22.524705992287085,0
        </coordinates></LinearRing></outerBoundaryIs>
      </Polygon>
    </Placemark>
    <Placemark>
      <name>gap_0982</name>
      <description>confidence: 0.3268</description>
      <styleUrl>#gapStyle</styleUrl>
      <Polygon>
        <outerBoundaryIs><LinearRing><coordinates>
          113.80863874253326,22.596547631761315,0
          113.80869818410594,22.596547631761315,0
          113.80869818410594,22.59656845484765,0
          113.80863874253326,22.59656845484765,0
          113.80863874253326,22.596547631761315,0
        </coordinates></LinearRing></outerBoundaryIs>
      </Polygon>
    </Placemark>
    <Placemark>
      <name>gap_0983</name>
      <description>confidence: 0.3267</description>
      <styleUrl>#gapStyle</styleUrl>
      <Polygon>
        <outerBoundaryIs><LinearRing><coordinates>
          113.82385048098423,22.59541748307104,0
          113.82390148665812,22.59541748307104,0
          113.82390148665812,22.59543051778706,0
          113.82385048098423,22.59543051778706,0
          113.82385048098423,22.59541748307104,0
        </coordinates></LinearRing></outerBoundaryIs>
      </Polygon>
    </Placemark>
    <Placemark>
      <name>gap_0984</name>
      <description>confidence: 0.3266</description>
      <styleUrl>#gapStyle</styleUrl>
      <Polygon>
        <outerBoundaryIs><LinearRing><coordinates>
          113.8285730251546,22.60844810042547,0
          113.82862908008961,22.60844810042547,0
          113.82862908008961,22.608490602752642,0
          113.8285730251546,22.608490602752642,0
          113.8285730251546,22.60844810042547,0
        </coordinates></LinearRing></outerBoundaryIs>
      </Polygon>
    </Placemark>
    <Placemark>
      <name>gap_0985</name>
      <description>confidence: 0.3264</description>
      <styleUrl>#gapStyle</styleUrl>
      <Polygon>
        <outerBoundaryIs><LinearRing><coordinates>
          113.82538330778016,22.57181801125014,0
          113.82546104115795,22.57181801125014,0
          113.82546104115795,22.571834913824944,0
          113.82538330778016,22.571834913824944,0
          113.82538330778016,22.57181801125014,0
        </coordinates></LinearRing></outerBoundaryIs>
      </Polygon>
    </Placemark>
    <Placemark>
      <name>gap_0986</name>
      <description>confidence: 0.3264</description>
      <styleUrl>#gapStyle</styleUrl>
      <Polygon>
        <outerBoundaryIs><LinearRing><coordinates>
          113.82786325125376,22.54748360686812,0
          113.82793733164017,22.54748360686812,0
          113.82793733164017,22.547520288212297,0
          113.82786325125376,22.547520288212297,0
          113.82786325125376,22.54748360686812,0
        </coordinates></LinearRing></outerBoundaryIs>
      </Polygon>
    </Placemark>
    <Placemark>
      <name>gap_0987</name>
      <description>confidence: 0.3261</description>
      <styleUrl>#gapStyle</styleUrl>
      <Polygon>
        <outerBoundaryIs><LinearRing><coordinates>
          113.83192790438822,22.597640932206602,0
          113.83197233143619,22.597640932206602,0
          113.83197233143619,22.597667336422518,0
          113.83192790438822,22.597667336422518,0
          113.83192790438822,22.597640932206602,0
        </coordinates></LinearRing></outerBoundaryIs>
      </Polygon>
    </Placemark>
    <Placemark>
      <name>gap_0988</name>
      <description>confidence: 0.3260</description>
      <styleUrl>#gapStyle</styleUrl>
      <Polygon>
        <outerBoundaryIs><LinearRing><coordinates>
          113.8240085123971,22.592718108596888,0
          113.82410333321751,22.592718108596888,0
          113.82410333321751,22.592749184725864,0
          113.8240085123971,22.592749184725864,0
          113.8240085123971,22.592718108596888,0
        </coordinates></LinearRing></outerBoundaryIs>
      </Polygon>
    </Placemark>
    <Placemark>
      <name>gap_0989</name>
      <description>confidence: 0.3259</description>
      <styleUrl>#gapStyle</styleUrl>
      <Polygon>
        <outerBoundaryIs><LinearRing><coordinates>
          113.83004950626922,22.547181308816448,0
          113.83014428022807,22.547181308816448,0
          113.83014428022807,22.547203691860577,0
          113.83004950626922,22.547203691860577,0
          113.83004950626922,22.547181308816448,0
        </coordinates></LinearRing></outerBoundaryIs>
      </Polygon>
    </Placemark>
    <Placemark>
      <name>gap_0990</name>
      <description>confidence: 0.3256</description>
      <styleUrl>#gapStyle</styleUrl>
      <Polygon>
        <outerBoundaryIs><LinearRing><coordinates>
          113.82189345692825,22.578461100046265,0
          113.82194703892367,22.578461100046265,0
          113.82194703892367,22.578481455069547,0
          113.82189345692825,22.578481455069547,0
          113.82189345692825,22.578461100046265,0
        </coordinates></LinearRing></outerBoundaryIs>
      </Polygon>
    </Placemark>
    <Placemark>
      <name>gap_0991</name>
      <description>confidence: 0.3255</description>
      <styleUrl>#gapStyle</styleUrl>
      <Polygon>
        <outerBoundaryIs><LinearRing><coordinates>
          113.82070383744333,22.58765244934479,0
          113.82075045818515,22.58765244934479,0
          113.82075045818515,22.58767579073846,0
          113.82070383744333,22.58767579073846,0
          113.82070383744333,22.58765244934479,0
        </coordinates></LinearRing></outerBoundaryIs>
      </Polygon>
    </Placemark>
    <Placemark>
      <name>gap_0992</name>
      <description>confidence: 0.3254</description>
      <styleUrl>#gapStyle</styleUrl>
      <Polygon>
        <outerBoundaryIs><LinearRing><coordinates>
          113.81258567014606,22.615065128261467,0
          113.81268816738063,22.615065128261467,0
          113.81268816738063,22.615165287002025,0
          113.81258567014606,22.615165287002025,0
          113.81258567014606,22.615065128261467,0
        </coordinates></LinearRing></outerBoundaryIs>
      </Polygon>
    </Placemark>
    <Placemark>
      <name>gap_0993</name>
      <description>confidence: 0.3254</description>
      <styleUrl>#gapStyle</styleUrl>
      <Polygon>
        <outerBoundaryIs><LinearRing><coordinates>
          113.82356345055062,22.582417424322106,0
          113.82361944736913,22.582417424322106,0
          113.82361944736913,22.582443419921617,0
          113.82356345055062,22.582443419921617,0
          113.82356345055062,22.582417424322106,0
        </coordinates></LinearRing></outerBoundaryIs>
      </Polygon>
    </Placemark>
    <Placemark>
      <name>gap_0994</name>
      <description>confidence: 0.3253</description>
      <styleUrl>#gapStyle</styleUrl>
      <Polygon>
        <outerBoundaryIs><LinearRing><coordinates>
          113.81738990117253,22.60367979330489,0
          113.81741539926192,22.60367979330489,0
          113.81741539926192,22.60369773463057,0
          113.81738990117253,22.60369773463057,0
          113.81738990117253,22.60367979330489,0
        </coordinates></LinearRing></outerBoundaryIs>
      </Polygon>
    </Placemark>
    <Placemark>
      <name>gap_0995</name>
      <description>confidence: 0.3252</description>
      <styleUrl>#gapStyle</styleUrl>
      <Polygon>
        <outerBoundaryIs><LinearRing><coordinates>
          113.8280969203301,22.524791055922535,0
          113.82814581809339,22.524791055922535,0
          113.82814581809339,22.5248047085,0
          113.8280969203301,22.5248047085,0
          113.8280969203301,22.524791055922535,0
        </coordinates></LinearRing></outerBoundaryIs>
      </Polygon>
    </Placemark>
    <Placemark>
      <name>gap_0996</name>
      <description>confidence: 0.3251</description>
      <styleUrl>#gapStyle</styleUrl>
      <Polygon>
        <outerBoundaryIs><LinearRing><coordinates>
          113.82717482183037,22.61400021186126,0
          113.82728424950041,22.61400021186126,0
          113.82728424950041,22.614122989386182,0
          113.82717482183037,22.614122989386182,0
          113.82717482183037,22.61400021186126,0
        </coordinates></LinearRing></outerBoundaryIs>
      </Polygon>
    </Placemark>
    <Placemark>
      <name>gap_0997</name>
      <description>confidence: 0.3249</description>
      <styleUrl>#gapStyle</styleUrl>
      <Polygon>
        <outerBoundaryIs><LinearRing><coordinates>
          113.82445530488795,22.547934185240724,0
          113.82451853303814,22.547934185240724,0
          113.82451853303814,22.547968406782893,0
          113.82445530488795,22.547968406782893,0
          113.82445530488795,22.547934185240724,0
        </coordinates></LinearRing></outerBoundaryIs>
      </Polygon>
    </Placemark>
    <Placemark>
      <name>gap_0998</name>
      <description>confidence: 0.3245</description>
      <styleUrl>#gapStyle</styleUrl>
      <Polygon>
        <outerBoundaryIs><LinearRing><coordinates>
          113.82151122990184,22.57789476159528,0
          113.82156639377152,22.57789476159528,0
          113.82156639377152,22.577965949416264,0
          113.82151122990184,22.577965949416264,0
          113.82151122990184,22.57789476159528,0
        </coordinates></LinearRing></outerBoundaryIs>
      </Polygon>
    </Placemark>
    <Placemark>
      <name>gap_0999</name>
      <description>confidence: 0.3244</description>
      <styleUrl>#gapStyle</styleUrl>
      <Polygon>
        <outerBoundaryIs><LinearRing><coordinates>
          113.82561879207677,22.569431883467704,0
          113.82571316912437,22.569431883467704,0
          113.82571316912437,22.569461750118315,0
          113.82561879207677,22.569461750118315,0
          113.82561879207677,22.569431883467704,0
        </coordinates></LinearRing></outerBoundaryIs>
      </Polygon>
    </Placemark>
    <Placemark>
      <name>gap_1000</name>
      <description>confidence: 0.3244</description>
      <styleUrl>#gapStyle</styleUrl>
      <Polygon>
        <outerBoundaryIs><LinearRing><coordinates>
          113.82442151406283,22.599636728573522,0
          113.82445400479693,22.599636728573522,0
          113.82445400479693,22.599659617149484,0
          113.82442151406283,22.599659617149484,0
          113.82442151406283,22.599636728573522,0
        </coordinates></LinearRing></outerBoundaryIs>
      </Polygon>
    </Placemark>
    <Placemark>
      <name>gap_1001</name>
      <description>confidence: 0.3234</description>
      <styleUrl>#gapStyle</styleUrl>
      <Polygon>
        <outerBoundaryIs><LinearRing><coordinates>
          113.82849456090022,22.537894379622145,0
          113.82856737549254,22.537894379622145,0
          113.82856737549254,22.537914122948628,0
          113.82849456090022,22.537914122948628,0
          113.82849456090022,22.537894379622145,0
        </coordinates></LinearRing></outerBoundaryIs>
      </Polygon>
    </Placemark>
    <Placemark>
      <name>gap_1002</name>
      <description>confidence: 0.3232</description>
      <styleUrl>#gapStyle</styleUrl>
      <Polygon>
        <outerBoundaryIs><LinearRing><coordinates>
          113.82276865480605,22.546972800671856,0
          113.82284965416832,22.546972800671856,0
          113.82284965416832,22.54701589627862,0
          113.82276865480605,22.54701589627862,0
          113.82276865480605,22.546972800671856,0
        </coordinates></LinearRing></outerBoundaryIs>
      </Polygon>
    </Placemark>
    <Placemark>
      <name>gap_1003</name>
      <description>confidence: 0.3232</description>
      <styleUrl>#gapStyle</styleUrl>
      <Polygon>
        <outerBoundaryIs><LinearRing><coordinates>
          113.82824526224636,22.549569561453307,0
          113.82832154320236,22.549569561453307,0
          113.82832154320236,22.549585251930406,0
          113.82824526224636,22.549585251930406,0
          113.82824526224636,22.549569561453307,0
        </coordinates></LinearRing></outerBoundaryIs>
      </Polygon>
    </Placemark>
    <Placemark>
      <name>gap_1004</name>
      <description>confidence: 0.3230</description>
      <styleUrl>#gapStyle</styleUrl>
      <Polygon>
        <outerBoundaryIs><LinearRing><coordinates>
          113.82888779623843,22.608433191656438,0
          113.82891654983499,22.608433191656438,0
          113.82891654983499,22.60845412211508,0
          113.82888779623843,22.60845412211508,0
          113.82888779623843,22.608433191656438,0
        </coordinates></LinearRing></outerBoundaryIs>
      </Polygon>
    </Placemark>
    <Placemark>
      <name>gap_1005</name>
      <description>confidence: 0.3227</description>
      <styleUrl>#gapStyle</styleUrl>
      <Polygon>
        <outerBoundaryIs><LinearRing><coordinates>
          113.82544629536072,22.597553537940264,0
          113.82549947221852,22.597553537940264,0
          113.82549947221852,22.597579392218417,0
          113.82544629536072,22.597579392218417,0
          113.82544629536072,22.597553537940264,0
        </coordinates></LinearRing></outerBoundaryIs>
      </Polygon>
    </Placemark>
    <Placemark>
      <name>gap_1006</name>
      <description>confidence: 0.3225</description>
      <styleUrl>#gapStyle</styleUrl>
      <Polygon>
        <outerBoundaryIs><LinearRing><coordinates>
          113.82882576004981,22.577037755639946,0
          113.82886674758227,22.577037755639946,0
          113.82886674758227,22.577059609905632,0
          113.82882576004981,22.577059609905632,0
          113.82882576004981,22.577037755639946,0
        </coordinates></LinearRing></outerBoundaryIs>
      </Polygon>
    </Placemark>
    <Placemark>
      <name>gap_1007</name>
      <description>confidence: 0.3225</description>
      <styleUrl>#gapStyle</styleUrl>
      <Polygon>
        <outerBoundaryIs><LinearRing><coordinates>
          113.82367859234293,22.54557430611021,0
          113.82381258189442,22.54557430611021,0
          113.82381258189442,22.545622383530215,0
          113.82367859234293,22.545622383530215,0
          113.82367859234293,22.54557430611021,0
        </coordinates></LinearRing></outerBoundaryIs>
      </Polygon>
    </Placemark>
    <Placemark>
      <name>gap_1008</name>
      <description>confidence: 0.3225</description>
      <styleUrl>#gapStyle</styleUrl>
      <Polygon>
        <outerBoundaryIs><LinearRing><coordinates>
          113.81199913614434,22.604617567056838,0
          113.81207014433616,22.604617567056838,0
          113.81207014433616,22.60469939134623,0
          113.81199913614434,22.60469939134623,0
          113.81199913614434,22.604617567056838,0
        </coordinates></LinearRing></outerBoundaryIs>
      </Polygon>
    </Placemark>
    <Placemark>
      <name>gap_1009</name>
      <description>confidence: 0.3224</description>
      <styleUrl>#gapStyle</styleUrl>
      <Polygon>
        <outerBoundaryIs><LinearRing><coordinates>
          113.82561740053409,22.551514030970743,0
          113.82565587399517,22.551514030970743,0
          113.82565587399517,22.551538961155362,0
          113.82561740053409,22.551538961155362,0
          113.82561740053409,22.551514030970743,0
        </coordinates></LinearRing></outerBoundaryIs>
      </Polygon>
    </Placemark>
    <Placemark>
      <name>gap_1010</name>
      <description>confidence: 0.3223</description>
      <styleUrl>#gapStyle</styleUrl>
      <Polygon>
        <outerBoundaryIs><LinearRing><coordinates>
          113.82721235052972,22.60866337484684,0
          113.82723304721263,22.60866337484684,0
          113.82723304721263,22.608677773090925,0
          113.82721235052972,22.608677773090925,0
          113.82721235052972,22.60866337484684,0
        </coordinates></LinearRing></outerBoundaryIs>
      </Polygon>
    </Placemark>
    <Placemark>
      <name>gap_1011</name>
      <description>confidence: 0.3222</description>
      <styleUrl>#gapStyle</styleUrl>
      <Polygon>
        <outerBoundaryIs><LinearRing><coordinates>
          113.82732063485963,22.608700358581075,0
          113.82734132180188,22.608700358581075,0
          113.82734132180188,22.608713425629524,0
          113.82732063485963,22.608713425629524,0
          113.82732063485963,22.608700358581075,0
        </coordinates></LinearRing></outerBoundaryIs>
      </Polygon>
    </Placemark>
    <Placemark>
      <name>gap_1012</name>
      <description>confidence: 0.3219</description>
      <styleUrl>#gapStyle</styleUrl>
      <Polygon>
        <outerBoundaryIs><LinearRing><coordinates>
          113.82788409357585,22.537680258690838,0
          113.82794556492924,22.537680258690838,0
          113.82794556492924,22.53769840545021,0
          113.82788409357585,22.53769840545021,0
          113.82788409357585,22.537680258690838,0
        </coordinates></LinearRing></outerBoundaryIs>
      </Polygon>
    </Placemark>
    <Placemark>
      <name>gap_1013</name>
      <description>confidence: 0.3219</description>
      <styleUrl>#gapStyle</styleUrl>
      <Polygon>
        <outerBoundaryIs><LinearRing><coordinates>
          113.81825687345554,22.610595303257508,0
          113.8182741817,22.610595303257508,0
          113.8182741817,22.6106351085,0
          113.81825687345554,22.6106351085,0
          113.81825687345554,22.610595303257508,0
        </coordinates></LinearRing></outerBoundaryIs>
      </Polygon>
    </Placemark>
    <Placemark>
      <name>gap_1014</name>
      <description>confidence: 0.3215</description>
      <styleUrl>#gapStyle</styleUrl>
      <Polygon>
        <outerBoundaryIs><LinearRing><coordinates>
          113.81300581617334,22.60267118521953,0
          113.81307025326986,22.60267118521953,0
          113.81307025326986,22.602748478221457,0
          113.81300581617334,22.602748478221457,0
          113.81300581617334,22.60267118521953,0
        </coordinates></LinearRing></outerBoundaryIs>
      </Polygon>
    </Placemark>
    <Placemark>
      <name>gap_1015</name>
      <description>confidence: 0.3213</description>
      <styleUrl>#gapStyle</styleUrl>
      <Polygon>
        <outerBoundaryIs><LinearRing><coordinates>
          113.82448258713393,22.593447320385074,0
          113.82460081601828,22.593447320385074,0
          113.82460081601828,22.593466287324013,0
          113.82448258713393,22.593466287324013,0
          113.82448258713393,22.593447320385074,0
        </coordinates></LinearRing></outerBoundaryIs>
      </Polygon>
    </Placemark>
    <Placemark>
      <name>gap_1016</name>
      <description>confidence: 0.3208</description>
      <styleUrl>#gapStyle</styleUrl>
      <Polygon>
        <outerBoundaryIs><LinearRing><coordinates>
          113.83001690740566,22.574722480321643,0
          113.83007187433401,22.574722480321643,0
          113.83007187433401,22.574737032042442,0
          113.83001690740566,22.574737032042442,0
          113.83001690740566,22.574722480321643,0
        </coordinates></LinearRing></outerBoundaryIs>
      </Polygon>
    </Placemark>
    <Placemark>
      <name>gap_1017</name>
      <description>confidence: 0.3207</description>
      <styleUrl>#gapStyle</styleUrl>
      <Polygon>
        <outerBoundaryIs><LinearRing><coordinates>
          113.82381824252494,22.54954773681886,0
          113.82388338999354,22.54954773681886,0
          113.82388338999354,22.549575595339203,0
          113.82381824252494,22.549575595339203,0
          113.82381824252494,22.54954773681886,0
        </coordinates></LinearRing></outerBoundaryIs>
      </Polygon>
    </Placemark>
    <Placemark>
      <name>gap_1018</name>
      <description>confidence: 0.3207</description>
      <styleUrl>#gapStyle</styleUrl>
      <Polygon>
        <outerBoundaryIs><LinearRing><coordinates>
          113.82284867588729,22.609241120587686,0
          113.82287277418718,22.609241120587686,0
          113.82287277418718,22.60925617620324,0
          113.82284867588729,22.60925617620324,0
          113.82284867588729,22.609241120587686,0
        </coordinates></LinearRing></outerBoundaryIs>
      </Polygon>
    </Placemark>
    <Placemark>
      <name>gap_1019</name>
      <description>confidence: 0.3205</description>
      <styleUrl>#gapStyle</styleUrl>
      <Polygon>
        <outerBoundaryIs><LinearRing><coordinates>
          113.83008694280069,22.523870422762197,0
          113.83016319183353,22.523870422762197,0
          113.83016319183353,22.52389443757076,0
          113.83008694280069,22.52389443757076,0
          113.83008694280069,22.523870422762197,0
        </coordinates></LinearRing></outerBoundaryIs>
      </Polygon>
    </Placemark>
    <Placemark>
      <name>gap_1020</name>
      <description>confidence: 0.3205</description>
      <styleUrl>#gapStyle</styleUrl>
      <Polygon>
        <outerBoundaryIs><LinearRing><coordinates>
          113.83081895866985,22.609995249750305,0
          113.83085291279419,22.609995249750305,0
          113.83085291279419,22.610012745768408,0
          113.83081895866985,22.610012745768408,0
          113.83081895866985,22.609995249750305,0
        </coordinates></LinearRing></outerBoundaryIs>
      </Polygon>
    </Placemark>
    <Placemark>
      <name>gap_1021</name>
      <description>confidence: 0.3195</description>
      <styleUrl>#gapStyle</styleUrl>
      <Polygon>
        <outerBoundaryIs><LinearRing><coordinates>
          113.8207036700514,22.60809147808314,0
          113.8207265496234,22.60809147808314,0
          113.8207265496234,22.608108429361224,0
          113.8207036700514,22.608108429361224,0
          113.8207036700514,22.60809147808314,0
        </coordinates></LinearRing></outerBoundaryIs>
      </Polygon>
    </Placemark>
    <Placemark>
      <name>gap_1022</name>
      <description>confidence: 0.3195</description>
      <styleUrl>#gapStyle</styleUrl>
      <Polygon>
        <outerBoundaryIs><LinearRing><coordinates>
          113.82486807384205,22.54771826048735,0
          113.8249282699472,22.54771826048735,0
          113.8249282699472,22.54775421177349,0
          113.82486807384205,22.54775421177349,0
          113.82486807384205,22.54771826048735,0
        </coordinates></LinearRing></outerBoundaryIs>
      </Polygon>
    </Placemark>
    <Placemark>
      <name>gap_1023</name>
      <description>confidence: 0.3194</description>
      <styleUrl>#gapStyle</styleUrl>
      <Polygon>
        <outerBoundaryIs><LinearRing><coordinates>
          113.82320080660052,22.5389667245,0
          113.82325799276126,22.5389667245,0
          113.82325799276126,22.538989883849815,0
          113.82320080660052,22.538989883849815,0
          113.82320080660052,22.5389667245,0
        </coordinates></LinearRing></outerBoundaryIs>
      </Polygon>
    </Placemark>
    <Placemark>
      <name>gap_1024</name>
      <description>confidence: 0.3194</description>
      <styleUrl>#gapStyle</styleUrl>
      <Polygon>
        <outerBoundaryIs><LinearRing><coordinates>
          113.8181265497875,22.605744001876634,0
          113.81816929333914,22.605744001876634,0
          113.81816929333914,22.605758979566943,0
          113.8181265497875,22.605758979566943,0
          113.8181265497875,22.605744001876634,0
        </coordinates></LinearRing></outerBoundaryIs>
      </Polygon>
    </Placemark>
    <Placemark>
      <name>gap_1025</name>
      <description>confidence: 0.3192</description>
      <styleUrl>#gapStyle</styleUrl>
      <Polygon>
        <outerBoundaryIs><LinearRing><coordinates>
          113.82374956376175,22.597429561516638,0
          113.82381695847734,22.597429561516638,0
          113.82381695847734,22.59745424417401,0
          113.82374956376175,22.59745424417401,0
          113.82374956376175,22.597429561516638,0
        </coordinates></LinearRing></outerBoundaryIs>
      </Polygon>
    </Placemark>
    <Placemark>
      <name>gap_1026</name>
      <description>confidence: 0.3189</description>
      <styleUrl>#gapStyle</styleUrl>
      <Polygon>
        <outerBoundaryIs><LinearRing><coordinates>
          113.82932532581609,22.60474133645061,0
          113.82934817076374,22.60474133645061,0
          113.82934817076374,22.604764347644238,0
          113.82932532581609,22.604764347644238,0
          113.82932532581609,22.60474133645061,0
        </coordinates></LinearRing></outerBoundaryIs>
      </Polygon>
    </Placemark>
    <Placemark>
      <name>gap_1027</name>
      <description>confidence: 0.3187</description>
      <styleUrl>#gapStyle</styleUrl>
      <Polygon>
        <outerBoundaryIs><LinearRing><coordinates>
          113.82360692420123,22.597541869719524,0
          113.82366740667345,22.597541869719524,0
          113.82366740667345,22.597557625598167,0
          113.82360692420123,22.597557625598167,0
          113.82360692420123,22.597541869719524,0
        </coordinates></LinearRing></outerBoundaryIs>
      </Polygon>
    </Placemark>
    <Placemark>
      <name>gap_1028</name>
      <description>confidence: 0.3185</description>
      <styleUrl>#gapStyle</styleUrl>
      <Polygon>
        <outerBoundaryIs><LinearRing><coordinates>
          113.82541301104969,22.551454460150207,0
          113.8254876033935,22.551454460150207,0
          113.8254876033935,22.551474379708885,0
          113.82541301104969,22.551474379708885,0
          113.82541301104969,22.551454460150207,0
        </coordinates></LinearRing></outerBoundaryIs>
      </Polygon>
    </Placemark>
    <Placemark>
      <name>gap_1029</name>
      <description>confidence: 0.3185</description>
      <styleUrl>#gapStyle</styleUrl>
      <Polygon>
        <outerBoundaryIs><LinearRing><coordinates>
          113.8214042451309,22.613433159027323,0
          113.82145800208977,22.613433159027323,0
          113.82145800208977,22.61347714144301,0
          113.8214042451309,22.61347714144301,0
          113.8214042451309,22.613433159027323,0
        </coordinates></LinearRing></outerBoundaryIs>
      </Polygon>
    </Placemark>
    <Placemark>
      <name>gap_1030</name>
      <description>confidence: 0.3184</description>
      <styleUrl>#gapStyle</styleUrl>
      <Polygon>
        <outerBoundaryIs><LinearRing><coordinates>
          113.82208764817142,22.601693333826947,0
          113.82214345050424,22.601693333826947,0
          113.82214345050424,22.601713424297294,0
          113.82208764817142,22.601713424297294,0
          113.82208764817142,22.601693333826947,0
        </coordinates></LinearRing></outerBoundaryIs>
      </Polygon>
    </Placemark>
    <Placemark>
      <name>gap_1031</name>
      <description>confidence: 0.3181</description>
      <styleUrl>#gapStyle</styleUrl>
      <Polygon>
        <outerBoundaryIs><LinearRing><coordinates>
          113.82309131492046,22.556312335094823,0
          113.8231580777008,22.556312335094823,0
          113.8231580777008,22.55633083562826,0
          113.82309131492046,22.55633083562826,0
          113.82309131492046,22.556312335094823,0
        </coordinates></LinearRing></outerBoundaryIs>
      </Polygon>
    </Placemark>
    <Placemark>
      <name>gap_1032</name>
      <description>confidence: 0.3178</description>
      <styleUrl>#gapStyle</styleUrl>
      <Polygon>
        <outerBoundaryIs><LinearRing><coordinates>
          113.82921622290277,22.545618667224574,0
          113.82929174302355,22.545618667224574,0
          113.82929174302355,22.545649839941568,0
          113.82921622290277,22.545649839941568,0
          113.82921622290277,22.545618667224574,0
        </coordinates></LinearRing></outerBoundaryIs>
      </Polygon>
    </Placemark>
    <Placemark>
      <name>gap_1033</name>
      <description>confidence: 0.3173</description>
      <styleUrl>#gapStyle</styleUrl>
      <Polygon>
        <outerBoundaryIs><LinearRing><coordinates>
          113.81345012770286,22.60269253452636,0
          113.81347012485936,22.60269253452636,0
          113.81347012485936,22.602710533948088,0
          113.81345012770286,22.602710533948088,0
          113.81345012770286,22.60269253452636,0
        </coordinates></LinearRing></outerBoundaryIs>
      </Polygon>
    </Placemark>
    <Placemark>
      <name>gap_1034</name>
      <description>confidence: 0.3170</description>
      <styleUrl>#gapStyle</styleUrl>
      <Polygon>
        <outerBoundaryIs><LinearRing><coordinates>
          113.82342651855379,22.547658090575574,0
          113.82351039726203,22.547658090575574,0
          113.82351039726203,22.54768128692351,0
          113.82342651855379,22.54768128692351,0
          113.82342651855379,22.547658090575574,0
        </coordinates></LinearRing></outerBoundaryIs>
      </Polygon>
    </Placemark>
    <Placemark>
      <name>gap_1035</name>
      <description>confidence: 0.3169</description>
      <styleUrl>#gapStyle</styleUrl>
      <Polygon>
        <outerBoundaryIs><LinearRing><coordinates>
          113.82158540540289,22.61351208764084,0
          113.82167217205178,22.61351208764084,0
          113.82167217205178,22.613590472573318,0
          113.82158540540289,22.613590472573318,0
          113.82158540540289,22.61351208764084,0
        </coordinates></LinearRing></outerBoundaryIs>
      </Polygon>
    </Placemark>
    <Placemark>
      <name>gap_1036</name>
      <description>confidence: 0.3164</description>
      <styleUrl>#gapStyle</styleUrl>
      <Polygon>
        <outerBoundaryIs><LinearRing><coordinates>
          113.82263584710714,22.53943670245217,0
          113.82277977667015,22.53943670245217,0
          113.82277977667015,22.539469963107322,0
          113.82263584710714,22.539469963107322,0
          113.82263584710714,22.53943670245217,0
        </coordinates></LinearRing></outerBoundaryIs>
      </Polygon>
    </Placemark>
    <Placemark>
      <name>gap_1037</name>
      <description>confidence: 0.3164</description>
      <styleUrl>#gapStyle</styleUrl>
      <Polygon>
        <outerBoundaryIs><LinearRing><coordinates>
          113.82366086971135,22.59925864584815,0
          113.82371169399622,22.59925864584815,0
          113.82371169399622,22.599283477152838,0
          113.82366086971135,22.599283477152838,0
          113.82366086971135,22.59925864584815,0
        </coordinates></LinearRing></outerBoundaryIs>
      </Polygon>
    </Placemark>
    <Placemark>
      <name>gap_1038</name>
      <description>confidence: 0.3163</description>
      <styleUrl>#gapStyle</styleUrl>
      <Polygon>
        <outerBoundaryIs><LinearRing><coordinates>
          113.81543459014179,22.605857307064262,0
          113.81549228715488,22.605857307064262,0
          113.81549228715488,22.605879268149742,0
          113.81543459014179,22.605879268149742,0
          113.81543459014179,22.605857307064262,0
        </coordinates></LinearRing></outerBoundaryIs>
      </Polygon>
    </Placemark>
    <Placemark>
      <name>gap_1039</name>
      <description>confidence: 0.3162</description>
      <styleUrl>#gapStyle</styleUrl>
      <Polygon>
        <outerBoundaryIs><LinearRing><coordinates>
          113.82880959498178,22.577160983608795,0
          113.82888030166349,22.577160983608795,0
          113.82888030166349,22.57718180274566,0
          113.82880959498178,22.57718180274566,0
          113.82880959498178,22.577160983608795,0
        </coordinates></LinearRing></outerBoundaryIs>
      </Polygon>
    </Placemark>
    <Placemark>
      <name>gap_1040</name>
      <description>confidence: 0.3157</description>
      <styleUrl>#gapStyle</styleUrl>
      <Polygon>
        <outerBoundaryIs><LinearRing><coordinates>
          113.83037228274456,22.60936276705061,0
          113.83049168263068,22.60936276705061,0
          113.83049168263068,22.609420432713524,0
          113.83037228274456,22.609420432713524,0
          113.83037228274456,22.60936276705061,0
        </coordinates></LinearRing></outerBoundaryIs>
      </Polygon>
    </Placemark>
    <Placemark>
      <name>gap_1041</name>
      <description>confidence: 0.3155</description>
      <styleUrl>#gapStyle</styleUrl>
      <Polygon>
        <outerBoundaryIs><LinearRing><coordinates>
          113.8154143804098,22.599783216531986,0
          113.81543129362566,22.599783216531986,0
          113.81543129362566,22.59982565804145,0
          113.8154143804098,22.59982565804145,0
          113.8154143804098,22.599783216531986,0
        </coordinates></LinearRing></outerBoundaryIs>
      </Polygon>
    </Placemark>
    <Placemark>
      <name>gap_1042</name>
      <description>confidence: 0.3154</description>
      <styleUrl>#gapStyle</styleUrl>
      <Polygon>
        <outerBoundaryIs><LinearRing><coordinates>
          113.82273490122462,22.546536003648797,0
          113.82279828092796,22.546536003648797,0
          113.82279828092796,22.54655438369278,0
          113.82273490122462,22.54655438369278,0
          113.82273490122462,22.546536003648797,0
        </coordinates></LinearRing></outerBoundaryIs>
      </Polygon>
    </Placemark>
    <Placemark>
      <name>gap_1043</name>
      <description>confidence: 0.3151</description>
      <styleUrl>#gapStyle</styleUrl>
      <Polygon>
        <outerBoundaryIs><LinearRing><coordinates>
          113.82641205368856,22.52359467139376,0
          113.82649367121412,22.52359467139376,0
          113.82649367121412,22.523629742173753,0
          113.82641205368856,22.523629742173753,0
          113.82641205368856,22.52359467139376,0
        </coordinates></LinearRing></outerBoundaryIs>
      </Polygon>
    </Placemark>
    <Placemark>
      <name>gap_1044</name>
      <description>confidence: 0.3148</description>
      <styleUrl>#gapStyle</styleUrl>
      <Polygon>
        <outerBoundaryIs><LinearRing><coordinates>
          113.83174922307215,22.59661132156947,0
          113.83185857019761,22.59661132156947,0
          113.83185857019761,22.59669675481266,0
          113.83174922307215,22.59669675481266,0
          113.83174922307215,22.59661132156947,0
        </coordinates></LinearRing></outerBoundaryIs>
      </Polygon>
    </Placemark>
    <Placemark>
      <name>gap_1045</name>
      <description>confidence: 0.3144</description>
      <styleUrl>#gapStyle</styleUrl>
      <Polygon>
        <outerBoundaryIs><LinearRing><coordinates>
          113.82613464604034,22.57479124333331,0
          113.82620349888704,22.57479124333331,0
          113.82620349888704,22.57480995578739,0
          113.82613464604034,22.57480995578739,0
          113.82613464604034,22.57479124333331,0
        </coordinates></LinearRing></outerBoundaryIs>
      </Polygon>
    </Placemark>
    <Placemark>
      <name>gap_1046</name>
      <description>confidence: 0.3143</description>
      <styleUrl>#gapStyle</styleUrl>
      <Polygon>
        <outerBoundaryIs><LinearRing><coordinates>
          113.82015444912447,22.604071112476078,0
          113.8201765432231,22.604071112476078,0
          113.8201765432231,22.6040860959985,0
          113.82015444912447,22.6040860959985,0
          113.82015444912447,22.604071112476078,0
        </coordinates></LinearRing></outerBoundaryIs>
      </Polygon>
    </Placemark>
    <Placemark>
      <name>gap_1047</name>
      <description>confidence: 0.3143</description>
      <styleUrl>#gapStyle</styleUrl>
      <Polygon>
        <outerBoundaryIs><LinearRing><coordinates>
          113.81794913946325,22.611601941123908,0
          113.81800533846176,22.611601941123908,0
          113.81800533846176,22.611652954737647,0
          113.81794913946325,22.611652954737647,0
          113.81794913946325,22.611601941123908,0
        </coordinates></LinearRing></outerBoundaryIs>
      </Polygon>
    </Placemark>
    <Placemark>
      <name>gap_1048</name>
      <description>confidence: 0.3140</description>
      <styleUrl>#gapStyle</styleUrl>
      <Polygon>
        <outerBoundaryIs><LinearRing><coordinates>
          113.82286170859787,22.55012549901241,0
          113.82298619368426,22.55012549901241,0
          113.82298619368426,22.550164529491653,0
          113.82286170859787,22.550164529491653,0
          113.82286170859787,22.55012549901241,0
        </coordinates></LinearRing></outerBoundaryIs>
      </Polygon>
    </Placemark>
    <Placemark>
      <name>gap_1049</name>
      <description>confidence: 0.3139</description>
      <styleUrl>#gapStyle</styleUrl>
      <Polygon>
        <outerBoundaryIs><LinearRing><coordinates>
          113.82969111170055,22.61022887225157,0
          113.82971712923701,22.61022887225157,0
          113.82971712923701,22.610271107079065,0
          113.82969111170055,22.610271107079065,0
          113.82969111170055,22.61022887225157,0
        </coordinates></LinearRing></outerBoundaryIs>
      </Polygon>
    </Placemark>
    <Placemark>
      <name>gap_1050</name>
      <description>confidence: 0.3138</description>
      <styleUrl>#gapStyle</styleUrl>
      <Polygon>
        <outerBoundaryIs><LinearRing><coordinates>
          113.82370969732554,22.596391126357194,0
          113.82375437632088,22.596391126357194,0
          113.82375437632088,22.59640547327867,0
          113.82370969732554,22.59640547327867,0
          113.82370969732554,22.596391126357194,0
        </coordinates></LinearRing></outerBoundaryIs>
      </Polygon>
    </Placemark>
    <Placemark>
      <name>gap_1051</name>
      <description>confidence: 0.3137</description>
      <styleUrl>#gapStyle</styleUrl>
      <Polygon>
        <outerBoundaryIs><LinearRing><coordinates>
          113.82034097269141,22.605143404189597,0
          113.82036338397526,22.605143404189597,0
          113.82036338397526,22.60515944172871,0
          113.82034097269141,22.60515944172871,0
          113.82034097269141,22.605143404189597,0
        </coordinates></LinearRing></outerBoundaryIs>
      </Polygon>
    </Placemark>
    <Placemark>
      <name>gap_1052</name>
      <description>confidence: 0.3136</description>
      <styleUrl>#gapStyle</styleUrl>
      <Polygon>
        <outerBoundaryIs><LinearRing><coordinates>
          113.82832053537193,22.578621721041053,0
          113.82836399302003,22.578621721041053,0
          113.82836399302003,22.578637333756614,0
          113.82832053537193,22.578637333756614,0
          113.82832053537193,22.578621721041053,0
        </coordinates></LinearRing></outerBoundaryIs>
      </Polygon>
    </Placemark>
    <Placemark>
      <name>gap_1053</name>
      <description>confidence: 0.3135</description>
      <styleUrl>#gapStyle</styleUrl>
      <Polygon>
        <outerBoundaryIs><LinearRing><coordinates>
          113.83192261312499,22.534882148819182,0
          113.83200445558603,22.534882148819182,0
          113.83200445558603,22.534902907383902,0
          113.83192261312499,22.534902907383902,0
          113.83192261312499,22.534882148819182,0
        </coordinates></LinearRing></outerBoundaryIs>
      </Polygon>
    </Placemark>
    <Placemark>
      <name>gap_1054</name>
      <description>confidence: 0.3134</description>
      <styleUrl>#gapStyle</styleUrl>
      <Polygon>
        <outerBoundaryIs><LinearRing><coordinates>
          113.82631504183456,22.608440749453564,0
          113.82641769688412,22.608440749453564,0
          113.82641769688412,22.608489348499997,0
          113.82631504183456,22.608489348499997,0
          113.82631504183456,22.608440749453564,0
        </coordinates></LinearRing></outerBoundaryIs>
      </Polygon>
    </Placemark>
    <Placemark>
      <name>gap_1055</name>
      <description>confidence: 0.3131</description>
      <styleUrl>#gapStyle</styleUrl>
      <Polygon>
        <outerBoundaryIs><LinearRing><coordinates>
          113.81532227162526,22.59887497628386,0
          113.815367723161,22.59887497628386,0
          113.815367723161,22.5989082001046,0
          113.81532227162526,22.5989082001046,0
          113.81532227162526,22.59887497628386,0
        </coordinates></LinearRing></outerBoundaryIs>
      </Polygon>
    </Placemark>
    <Placemark>
      <name>gap_1056</name>
      <description>confidence: 0.3129</description>
      <styleUrl>#gapStyle</styleUrl>
      <Polygon>
        <outerBoundaryIs><LinearRing><coordinates>
          113.82417394421161,22.57733140325283,0
          113.82421568030117,22.57733140325283,0
          113.82421568030117,22.577359857999518,0
          113.82417394421161,22.577359857999518,0
          113.82417394421161,22.57733140325283,0
        </coordinates></LinearRing></outerBoundaryIs>
      </Polygon>
    </Placemark>
    <Placemark>
      <name>gap_1057</name>
      <description>confidence: 0.3129</description>
      <styleUrl>#gapStyle</styleUrl>
      <Polygon>
        <outerBoundaryIs><LinearRing><coordinates>
          113.81799389953522,22.60557993379483,0
          113.81803251198482,22.60557993379483,0
          113.81803251198482,22.605599603206926,0
          113.81799389953522,22.605599603206926,0
          113.81799389953522,22.60557993379483,0
        </coordinates></LinearRing></outerBoundaryIs>
      </Polygon>
    </Placemark>
    <Placemark>
      <name>gap_1058</name>
      <description>confidence: 0.3129</description>
      <styleUrl>#gapStyle</styleUrl>
      <Polygon>
        <outerBoundaryIs><LinearRing><coordinates>
          113.82531688727337,22.57812806003558,0
          113.8253779164092,22.57812806003558,0
          113.8253779164092,22.578144922665516,0
          113.82531688727337,22.578144922665516,0
          113.82531688727337,22.57812806003558,0
        </coordinates></LinearRing></outerBoundaryIs>
      </Polygon>
    </Placemark>
    <Placemark>
      <name>gap_1059</name>
      <description>confidence: 0.3126</description>
      <styleUrl>#gapStyle</styleUrl>
      <Polygon>
        <outerBoundaryIs><LinearRing><coordinates>
          113.82761148676113,22.576196550091968,0
          113.8276935700169,22.576196550091968,0
          113.8276935700169,22.576226914170842,0
          113.82761148676113,22.576226914170842,0
          113.82761148676113,22.576196550091968,0
        </coordinates></LinearRing></outerBoundaryIs>
      </Polygon>
    </Placemark>
    <Placemark>
      <name>gap_1060</name>
      <description>confidence: 0.3125</description>
      <styleUrl>#gapStyle</styleUrl>
      <Polygon>
        <outerBoundaryIs><LinearRing><coordinates>
          113.82782538940762,22.609048461471875,0
          113.82784389714423,22.609048461471875,0
          113.82784389714423,22.60906372696172,0
          113.82782538940762,22.60906372696172,0
          113.82782538940762,22.609048461471875,0
        </coordinates></LinearRing></outerBoundaryIs>
      </Polygon>
    </Placemark>
    <Placemark>
      <name>gap_1061</name>
      <description>confidence: 0.3123</description>
      <styleUrl>#gapStyle</styleUrl>
      <Polygon>
        <outerBoundaryIs><LinearRing><coordinates>
          113.82580823159898,22.596733476674686,0
          113.82586482955509,22.596733476674686,0
          113.82586482955509,22.596752125446166,0
          113.82580823159898,22.596752125446166,0
          113.82580823159898,22.596733476674686,0
        </coordinates></LinearRing></outerBoundaryIs>
      </Polygon>
    </Placemark>
    <Placemark>
      <name>gap_1062</name>
      <description>confidence: 0.3113</description>
      <styleUrl>#gapStyle</styleUrl>
      <Polygon>
        <outerBoundaryIs><LinearRing><coordinates>
          113.83255482816129,22.56740070247114,0
          113.83260610133486,22.56740070247114,0
          113.83260610133486,22.567421621633898,0
          113.83255482816129,22.567421621633898,0
          113.83255482816129,22.56740070247114,0
        </coordinates></LinearRing></outerBoundaryIs>
      </Polygon>
    </Placemark>
    <Placemark>
      <name>gap_1063</name>
      <description>confidence: 0.3112</description>
      <styleUrl>#gapStyle</styleUrl>
      <Polygon>
        <outerBoundaryIs><LinearRing><coordinates>
          113.81525648282863,22.615832062170593,0
          113.81530283729857,22.615832062170593,0
          113.81530283729857,22.61589088549814,0
          113.81525648282863,22.61589088549814,0
          113.81525648282863,22.615832062170593,0
        </coordinates></LinearRing></outerBoundaryIs>
      </Polygon>
    </Placemark>
    <Placemark>
      <name>gap_1064</name>
      <description>confidence: 0.3108</description>
      <styleUrl>#gapStyle</styleUrl>
      <Polygon>
        <outerBoundaryIs><LinearRing><coordinates>
          113.82753950534276,22.60791024107281,0
          113.82758858551823,22.60791024107281,0
          113.82758858551823,22.60795025584938,0
          113.82753950534276,22.60795025584938,0
          113.82753950534276,22.60791024107281,0
        </coordinates></LinearRing></outerBoundaryIs>
      </Polygon>
    </Placemark>
    <Placemark>
      <name>gap_1065</name>
      <description>confidence: 0.3105</description>
      <styleUrl>#gapStyle</styleUrl>
      <Polygon>
        <outerBoundaryIs><LinearRing><coordinates>
          113.82619333258944,22.53570296598828,0
          113.82628344413031,22.53570296598828,0
          113.82628344413031,22.53573141410477,0
          113.82619333258944,22.53573141410477,0
          113.82619333258944,22.53570296598828,0
        </coordinates></LinearRing></outerBoundaryIs>
      </Polygon>
    </Placemark>
    <Placemark>
      <name>gap_1066</name>
      <description>confidence: 0.3101</description>
      <styleUrl>#gapStyle</styleUrl>
      <Polygon>
        <outerBoundaryIs><LinearRing><coordinates>
          113.83264496957898,22.602688904208605,0
          113.83269504440635,22.602688904208605,0
          113.83269504440635,22.60273839991717,0
          113.83264496957898,22.60273839991717,0
          113.83264496957898,22.602688904208605,0
        </coordinates></LinearRing></outerBoundaryIs>
      </Polygon>
    </Placemark>
    <Placemark>
      <name>gap_1067</name>
      <description>confidence: 0.3100</description>
      <styleUrl>#gapStyle</styleUrl>
      <Polygon>
        <outerBoundaryIs><LinearRing><coordinates>
          113.82596588709622,22.5638575405,0
          113.82604709870655,22.5638575405,0
          113.82604709870655,22.563879753942125,0
          113.82596588709622,22.563879753942125,0
          113.82596588709622,22.5638575405,0
        </coordinates></LinearRing></outerBoundaryIs>
      </Polygon>
    </Placemark>
    <Placemark>
      <name>gap_1068</name>
      <description>confidence: 0.3097</description>
      <styleUrl>#gapStyle</styleUrl>
      <Polygon>
        <outerBoundaryIs><LinearRing><coordinates>
          113.82535951962602,22.550339336646164,0
          113.8254255618434,22.550339336646164,0
          113.8254255618434,22.550365163625926,0
          113.82535951962602,22.550365163625926,0
          113.82535951962602,22.550339336646164,0
        </coordinates></LinearRing></outerBoundaryIs>
      </Polygon>
    </Placemark>
    <Placemark>
      <name>gap_1069</name>
      <description>confidence: 0.3089</description>
      <styleUrl>#gapStyle</styleUrl>
      <Polygon>
        <outerBoundaryIs><LinearRing><coordinates>
          113.83107088611382,22.53538931786286,0
          113.83115671733236,22.53538931786286,0
          113.83115671733236,22.535404255608295,0
          113.83107088611382,22.535404255608295,0
          113.83107088611382,22.53538931786286,0
        </coordinates></LinearRing></outerBoundaryIs>
      </Polygon>
    </Placemark>
    <Placemark>
      <name>gap_1070</name>
      <description>confidence: 0.3082</description>
      <styleUrl>#gapStyle</styleUrl>
      <Polygon>
        <outerBoundaryIs><LinearRing><coordinates>
          113.82774985586276,22.6088653093177,0
          113.82777176112364,22.6088653093177,0
          113.82777176112364,22.608881783794786,0
          113.82774985586276,22.608881783794786,0
          113.82774985586276,22.6088653093177,0
        </coordinates></LinearRing></outerBoundaryIs>
      </Polygon>
    </Placemark>
    <Placemark>
      <name>gap_1071</name>
      <description>confidence: 0.3082</description>
      <styleUrl>#gapStyle</styleUrl>
      <Polygon>
        <outerBoundaryIs><LinearRing><coordinates>
          113.8281617279808,22.603166459367593,0
          113.82818020985147,22.603166459367593,0
          113.82818020985147,22.60319590414141,0
          113.8281617279808,22.60319590414141,0
          113.8281617279808,22.603166459367593,0
        </coordinates></LinearRing></outerBoundaryIs>
      </Polygon>
    </Placemark>
    <Placemark>
      <name>gap_1072</name>
      <description>confidence: 0.3078</description>
      <styleUrl>#gapStyle</styleUrl>
      <Polygon>
        <outerBoundaryIs><LinearRing><coordinates>
          113.81086387815282,22.59130396554937,0
          113.81091257226274,22.59130396554937,0
          113.81091257226274,22.59132074894439,0
          113.81086387815282,22.59132074894439,0
          113.81086387815282,22.59130396554937,0
        </coordinates></LinearRing></outerBoundaryIs>
      </Polygon>
    </Placemark>
    <Placemark>
      <name>gap_1073</name>
      <description>confidence: 0.3078</description>
      <styleUrl>#gapStyle</styleUrl>
      <Polygon>
        <outerBoundaryIs><LinearRing><coordinates>
          113.8305642754389,22.57050992626069,0
          113.83065936388176,22.57050992626069,0
          113.83065936388176,22.5705282182295,0
          113.8305642754389,22.5705282182295,0
          113.8305642754389,22.57050992626069,0
        </coordinates></LinearRing></outerBoundaryIs>
      </Polygon>
    </Placemark>
    <Placemark>
      <name>gap_1074</name>
      <description>confidence: 0.3077</description>
      <styleUrl>#gapStyle</styleUrl>
      <Polygon>
        <outerBoundaryIs><LinearRing><coordinates>
          113.82755362045299,22.58471157152422,0
          113.82762421745001,22.58471157152422,0
          113.82762421745001,22.584785027076222,0
          113.82755362045299,22.584785027076222,0
          113.82755362045299,22.58471157152422,0
        </coordinates></LinearRing></outerBoundaryIs>
      </Polygon>
    </Placemark>
    <Placemark>
      <name>gap_1075</name>
      <description>confidence: 0.3076</description>
      <styleUrl>#gapStyle</styleUrl>
      <Polygon>
        <outerBoundaryIs><LinearRing><coordinates>
          113.82263715738901,22.61029922206923,0
          113.82269223670325,22.61029922206923,0
          113.82269223670325,22.610342634574714,0
          113.82263715738901,22.610342634574714,0
          113.82263715738901,22.61029922206923,0
        </coordinates></LinearRing></outerBoundaryIs>
      </Polygon>
    </Placemark>
    <Placemark>
      <name>gap_1076</name>
      <description>confidence: 0.3073</description>
      <styleUrl>#gapStyle</styleUrl>
      <Polygon>
        <outerBoundaryIs><LinearRing><coordinates>
          113.82193007203189,22.555812848031394,0
          113.82200145466598,22.555812848031394,0
          113.82200145466598,22.55582865899795,0
          113.82193007203189,22.55582865899795,0
          113.82193007203189,22.555812848031394,0
        </coordinates></LinearRing></outerBoundaryIs>
      </Polygon>
    </Placemark>
    <Placemark>
      <name>gap_1077</name>
      <description>confidence: 0.3073</description>
      <styleUrl>#gapStyle</styleUrl>
      <Polygon>
        <outerBoundaryIs><LinearRing><coordinates>
          113.82720519638659,22.59702735912741,0
          113.8272859439652,22.59702735912741,0
          113.8272859439652,22.597104618896513,0
          113.82720519638659,22.597104618896513,0
          113.82720519638659,22.59702735912741,0
        </coordinates></LinearRing></outerBoundaryIs>
      </Polygon>
    </Placemark>
    <Placemark>
      <name>gap_1078</name>
      <description>confidence: 0.3071</description>
      <styleUrl>#gapStyle</styleUrl>
      <Polygon>
        <outerBoundaryIs><LinearRing><coordinates>
          113.82575723310781,22.578279159867016,0
          113.8258494889435,22.578279159867016,0
          113.8258494889435,22.578300887422326,0
          113.82575723310781,22.578300887422326,0
          113.82575723310781,22.578279159867016,0
        </coordinates></LinearRing></outerBoundaryIs>
      </Polygon>
    </Placemark>
    <Placemark>
      <name>gap_1079</name>
      <description>confidence: 0.3070</description>
      <styleUrl>#gapStyle</styleUrl>
      <Polygon>
        <outerBoundaryIs><LinearRing><coordinates>
          113.83085546947069,22.538181521213833,0
          113.83095508482182,22.538181521213833,0
          113.83095508482182,22.5382182568683,0
          113.83085546947069,22.5382182568683,0
          113.83085546947069,22.538181521213833,0
        </coordinates></LinearRing></outerBoundaryIs>
      </Polygon>
    </Placemark>
    <Placemark>
      <name>gap_1080</name>
      <description>confidence: 0.3066</description>
      <styleUrl>#gapStyle</styleUrl>
      <Polygon>
        <outerBoundaryIs><LinearRing><coordinates>
          113.82334204324064,22.60578476602885,0
          113.82340975176496,22.60578476602885,0
          113.82340975176496,22.605806578057745,0
          113.82334204324064,22.605806578057745,0
          113.82334204324064,22.60578476602885,0
        </coordinates></LinearRing></outerBoundaryIs>
      </Polygon>
    </Placemark>
    <Placemark>
      <name>gap_1081</name>
      <description>confidence: 0.3064</description>
      <styleUrl>#gapStyle</styleUrl>
      <Polygon>
        <outerBoundaryIs><LinearRing><coordinates>
          113.82652171292426,22.55524442806781,0
          113.82660404372774,22.55524442806781,0
          113.82660404372774,22.55526495711322,0
          113.82652171292426,22.55526495711322,0
          113.82652171292426,22.55524442806781,0
        </coordinates></LinearRing></outerBoundaryIs>
      </Polygon>
    </Placemark>
    <Placemark>
      <name>gap_1082</name>
      <description>confidence: 0.3063</description>
      <styleUrl>#gapStyle</styleUrl>
      <Polygon>
        <outerBoundaryIs><LinearRing><coordinates>
          113.83204754429657,22.535440127076313,0
          113.83209657795837,22.535440127076313,0
          113.83209657795837,22.53545612031181,0
          113.83204754429657,22.53545612031181,0
          113.83204754429657,22.535440127076313,0
        </coordinates></LinearRing></outerBoundaryIs>
      </Polygon>
    </Placemark>
    <Placemark>
      <name>gap_1083</name>
      <description>confidence: 0.3057</description>
      <styleUrl>#gapStyle</styleUrl>
      <Polygon>
        <outerBoundaryIs><LinearRing><coordinates>
          113.8284537780034,22.542111195056176,0
          113.82853574750222,22.542111195056176,0
          113.82853574750222,22.542138031462525,0
          113.8284537780034,22.542138031462525,0
          113.8284537780034,22.542111195056176,0
        </coordinates></LinearRing></outerBoundaryIs>
      </Polygon>
    </Placemark>
    <Placemark>
      <name>gap_1084</name>
      <description>confidence: 0.3052</description>
      <styleUrl>#gapStyle</styleUrl>
      <Polygon>
        <outerBoundaryIs><LinearRing><coordinates>
          113.82564615020164,22.60694929618403,0
          113.82571506967768,22.60694929618403,0
          113.82571506967768,22.607031886629187,0
          113.82564615020164,22.607031886629187,0
          113.82564615020164,22.60694929618403,0
        </coordinates></LinearRing></outerBoundaryIs>
      </Polygon>
    </Placemark>
    <Placemark>
      <name>gap_1085</name>
      <description>confidence: 0.3049</description>
      <styleUrl>#gapStyle</styleUrl>
      <Polygon>
        <outerBoundaryIs><LinearRing><coordinates>
          113.8318485256582,22.596860331441558,0
          113.83192051917055,22.596860331441558,0
          113.83192051917055,22.596961096967657,0
          113.8318485256582,22.596961096967657,0
          113.8318485256582,22.596860331441558,0
        </coordinates></LinearRing></outerBoundaryIs>
      </Polygon>
    </Placemark>
    <Placemark>
      <name>gap_1086</name>
      <description>confidence: 0.3047</description>
      <styleUrl>#gapStyle</styleUrl>
      <Polygon>
        <outerBoundaryIs><LinearRing><coordinates>
          113.82413952200375,22.54678761554465,0
          113.82422138050822,22.54678761554465,0
          113.82422138050822,22.54680987245138,0
          113.82413952200375,22.54680987245138,0
          113.82413952200375,22.54678761554465,0
        </coordinates></LinearRing></outerBoundaryIs>
      </Polygon>
    </Placemark>
    <Placemark>
      <name>gap_1087</name>
      <description>confidence: 0.3046</description>
      <styleUrl>#gapStyle</styleUrl>
      <Polygon>
        <outerBoundaryIs><LinearRing><coordinates>
          113.82509361994838,22.550468693554155,0
          113.82517033391336,22.550468693554155,0
          113.82517033391336,22.55049819243363,0
          113.82509361994838,22.55049819243363,0
          113.82509361994838,22.550468693554155,0
        </coordinates></LinearRing></outerBoundaryIs>
      </Polygon>
    </Placemark>
    <Placemark>
      <name>gap_1088</name>
      <description>confidence: 0.3044</description>
      <styleUrl>#gapStyle</styleUrl>
      <Polygon>
        <outerBoundaryIs><LinearRing><coordinates>
          113.81362864461468,22.616243147505603,0
          113.81368671545613,22.616243147505603,0
          113.81368671545613,22.616286834427452,0
          113.81362864461468,22.616286834427452,0
          113.81362864461468,22.616243147505603,0
        </coordinates></LinearRing></outerBoundaryIs>
      </Polygon>
    </Placemark>
    <Placemark>
      <name>gap_1089</name>
      <description>confidence: 0.3044</description>
      <styleUrl>#gapStyle</styleUrl>
      <Polygon>
        <outerBoundaryIs><LinearRing><coordinates>
          113.82343965213951,22.576085253771293,0
          113.82351280241609,22.576085253771293,0
          113.82351280241609,22.5761045052356,0
          113.82343965213951,22.5761045052356,0
          113.82343965213951,22.576085253771293,0
        </coordinates></LinearRing></outerBoundaryIs>
      </Polygon>
    </Placemark>
    <Placemark>
      <name>gap_1090</name>
      <description>confidence: 0.3043</description>
      <styleUrl>#gapStyle</styleUrl>
      <Polygon>
        <outerBoundaryIs><LinearRing><coordinates>
          113.82888678484736,22.60941171449942,0
          113.828906038931,22.60941171449942,0
          113.828906038931,22.609428023630926,0
          113.82888678484736,22.609428023630926,0
          113.82888678484736,22.60941171449942,0
        </coordinates></LinearRing></outerBoundaryIs>
      </Polygon>
    </Placemark>
    <Placemark>
      <name>gap_1091</name>
      <description>confidence: 0.3043</description>
      <styleUrl>#gapStyle</styleUrl>
      <Polygon>
        <outerBoundaryIs><LinearRing><coordinates>
          113.8097808594401,22.599334209965576,0
          113.8098320817003,22.599334209965576,0
          113.8098320817003,22.5993724876313,0
          113.8097808594401,22.5993724876313,0
          113.8097808594401,22.599334209965576,0
        </coordinates></LinearRing></outerBoundaryIs>
      </Polygon>
    </Placemark>
    <Placemark>
      <name>gap_1092</name>
      <description>confidence: 0.3038</description>
      <styleUrl>#gapStyle</styleUrl>
      <Polygon>
        <outerBoundaryIs><LinearRing><coordinates>
          113.83009347959909,22.609748105131892,0
          113.83012763623083,22.609748105131892,0
          113.83012763623083,22.609768310198188,0
          113.83009347959909,22.609768310198188,0
          113.83009347959909,22.609748105131892,0
        </coordinates></LinearRing></outerBoundaryIs>
      </Polygon>
    </Placemark>
    <Placemark>
      <name>gap_1093</name>
      <description>confidence: 0.3038</description>
      <styleUrl>#gapStyle</styleUrl>
      <Polygon>
        <outerBoundaryIs><LinearRing><coordinates>
          113.81305111803859,22.61020743871672,0
          113.81312257532375,22.61020743871672,0
          113.81312257532375,22.610353746800474,0
          113.81305111803859,22.610353746800474,0
          113.81305111803859,22.61020743871672,0
        </coordinates></LinearRing></outerBoundaryIs>
      </Polygon>
    </Placemark>
    <Placemark>
      <name>gap_1094</name>
      <description>confidence: 0.3037</description>
      <styleUrl>#gapStyle</styleUrl>
      <Polygon>
        <outerBoundaryIs><LinearRing><coordinates>
          113.83052752173556,22.5749277805164,0
          113.83058584436067,22.5749277805164,0
          113.83058584436067,22.574950942321845,0
          113.83052752173556,22.574950942321845,0
          113.83052752173556,22.5749277805164,0
        </coordinates></LinearRing></outerBoundaryIs>
      </Polygon>
    </Placemark>
    <Placemark>
      <name>gap_1095</name>
      <description>confidence: 0.3036</description>
      <styleUrl>#gapStyle</styleUrl>
      <Polygon>
        <outerBoundaryIs><LinearRing><coordinates>
          113.83039399740271,22.57485461755241,0
          113.83046887177532,22.57485461755241,0
          113.83046887177532,22.574874008660064,0
          113.83039399740271,22.574874008660064,0
          113.83039399740271,22.57485461755241,0
        </coordinates></LinearRing></outerBoundaryIs>
      </Polygon>
    </Placemark>
    <Placemark>
      <name>gap_1096</name>
      <description>confidence: 0.3036</description>
      <styleUrl>#gapStyle</styleUrl>
      <Polygon>
        <outerBoundaryIs><LinearRing><coordinates>
          113.8182058752304,22.61227184672634,0
          113.8182741817,22.61227184672634,0
          113.8182741817,22.612320749145084,0
          113.8182058752304,22.612320749145084,0
          113.8182058752304,22.61227184672634,0
        </coordinates></LinearRing></outerBoundaryIs>
      </Polygon>
    </Placemark>
    <Placemark>
      <name>gap_1097</name>
      <description>confidence: 0.3030</description>
      <styleUrl>#gapStyle</styleUrl>
      <Polygon>
        <outerBoundaryIs><LinearRing><coordinates>
          113.82735452857553,22.601312473541373,0
          113.82743495770019,22.601312473541373,0
          113.82743495770019,22.601355241076313,0
          113.82735452857553,22.601355241076313,0
          113.82735452857553,22.601312473541373,0
        </coordinates></LinearRing></outerBoundaryIs>
      </Polygon>
    </Placemark>
    <Placemark>
      <name>gap_1098</name>
      <description>confidence: 0.3029</description>
      <styleUrl>#gapStyle</styleUrl>
      <Polygon>
        <outerBoundaryIs><LinearRing><coordinates>
          113.83006525101568,22.61227242666369,0
          113.83013621652053,22.61227242666369,0
          113.83013621652053,22.612348815994718,0
          113.83006525101568,22.612348815994718,0
          113.83006525101568,22.61227242666369,0
        </coordinates></LinearRing></outerBoundaryIs>
      </Polygon>
    </Placemark>
    <Placemark>
      <name>gap_1099</name>
      <description>confidence: 0.3025</description>
      <styleUrl>#gapStyle</styleUrl>
      <Polygon>
        <outerBoundaryIs><LinearRing><coordinates>
          113.82577926853742,22.54607855747968,0
          113.82585573890415,22.54607855747968,0
          113.82585573890415,22.546123292627033,0
          113.82577926853742,22.546123292627033,0
          113.82577926853742,22.54607855747968,0
        </coordinates></LinearRing></outerBoundaryIs>
      </Polygon>
    </Placemark>
    <Placemark>
      <name>gap_1100</name>
      <description>confidence: 0.3025</description>
      <styleUrl>#gapStyle</styleUrl>
      <Polygon>
        <outerBoundaryIs><LinearRing><coordinates>
          113.83271486909595,22.52612910859631,0
          113.83277890072745,22.52612910859631,0
          113.83277890072745,22.526164609438524,0
          113.83271486909595,22.526164609438524,0
          113.83271486909595,22.52612910859631,0
        </coordinates></LinearRing></outerBoundaryIs>
      </Polygon>
    </Placemark>
    <Placemark>
      <name>gap_1101</name>
      <description>confidence: 0.3024</description>
      <styleUrl>#gapStyle</styleUrl>
      <Polygon>
        <outerBoundaryIs><LinearRing><coordinates>
          113.82191770549208,22.579862624156412,0
          113.82201347528972,22.579862624156412,0
          113.82201347528972,22.579891373987664,0
          113.82191770549208,22.579891373987664,0
          113.82191770549208,22.579862624156412,0
        </coordinates></LinearRing></outerBoundaryIs>
      </Polygon>
    </Placemark>
    <Placemark>
      <name>gap_1102</name>
      <description>confidence: 0.3020</description>
      <styleUrl>#gapStyle</styleUrl>
      <Polygon>
        <outerBoundaryIs><LinearRing><coordinates>
          113.83026459926064,22.602220350458957,0
          113.83028967383616,22.602220350458957,0
          113.83028967383616,22.6023067269905,0
          113.83026459926064,22.6023067269905,0
          113.83026459926064,22.602220350458957,0
        </coordinates></LinearRing></outerBoundaryIs>
      </Polygon>
    </Placemark>
    <Placemark>
      <name>gap_1103</name>
      <description>confidence: 0.3020</description>
      <styleUrl>#gapStyle</styleUrl>
      <Polygon>
        <outerBoundaryIs><LinearRing><coordinates>
          113.82168038522516,22.582021998891637,0
          113.82176893408659,22.582021998891637,0
          113.82176893408659,22.582039388990342,0
          113.82168038522516,22.582039388990342,0
          113.82168038522516,22.582021998891637,0
        </coordinates></LinearRing></outerBoundaryIs>
      </Polygon>
    </Placemark>
    <Placemark>
      <name>gap_1104</name>
      <description>confidence: 0.3017</description>
      <styleUrl>#gapStyle</styleUrl>
      <Polygon>
        <outerBoundaryIs><LinearRing><coordinates>
          113.82260066613087,22.55953010048218,0
          113.82267927961576,22.55953010048218,0
          113.82267927961576,22.559629167532634,0
          113.82260066613087,22.559629167532634,0
          113.82260066613087,22.55953010048218,0
        </coordinates></LinearRing></outerBoundaryIs>
      </Polygon>
    </Placemark>
    <Placemark>
      <name>gap_1105</name>
      <description>confidence: 0.3016</description>
      <styleUrl>#gapStyle</styleUrl>
      <Polygon>
        <outerBoundaryIs><LinearRing><coordinates>
          113.81702717630952,22.61012426293184,0
          113.81709235259082,22.61012426293184,0
          113.81709235259082,22.61018750139567,0
          113.81702717630952,22.61018750139567,0
          113.81702717630952,22.61012426293184,0
        </coordinates></LinearRing></outerBoundaryIs>
      </Polygon>
    </Placemark>
    <Placemark>
      <name>gap_1106</name>
      <description>confidence: 0.3012</description>
      <styleUrl>#gapStyle</styleUrl>
      <Polygon>
        <outerBoundaryIs><LinearRing><coordinates>
          113.811002563969,22.609354498625596,0
          113.8110653877592,22.609354498625596,0
          113.8110653877592,22.609406493098792,0
          113.811002563969,22.609406493098792,0
          113.811002563969,22.609354498625596,0
        </coordinates></LinearRing></outerBoundaryIs>
      </Polygon>
    </Placemark>
    <Placemark>
      <name>gap_1107</name>
      <description>confidence: 0.3010</description>
      <styleUrl>#gapStyle</styleUrl>
      <Polygon>
        <outerBoundaryIs><LinearRing><coordinates>
          113.8136122397137,22.60274816713439,0
          113.8136342560508,22.60274816713439,0
          113.8136342560508,22.60276618120803,0
          113.8136122397137,22.60276618120803,0
          113.8136122397137,22.60274816713439,0
        </coordinates></LinearRing></outerBoundaryIs>
      </Polygon>
    </Placemark>
    <Placemark>
      <name>gap_1108</name>
      <description>confidence: 0.3008</description>
      <styleUrl>#gapStyle</styleUrl>
      <Polygon>
        <outerBoundaryIs><LinearRing><coordinates>
          113.8102217845366,22.590973340198076,0
          113.81029703543874,22.590973340198076,0
          113.81029703543874,22.590996619382512,0
          113.8102217845366,22.590996619382512,0
          113.8102217845366,22.590973340198076,0
        </coordinates></LinearRing></outerBoundaryIs>
      </Polygon>
    </Placemark>
    <Placemark>
      <name>gap_1109</name>
      <description>confidence: 0.3008</description>
      <styleUrl>#gapStyle</styleUrl>
      <Polygon>
        <outerBoundaryIs><LinearRing><coordinates>
          113.82492800735876,22.578302408929087,0
          113.82497098615953,22.578302408929087,0
          113.82497098615953,22.57831956909921,0
          113.82492800735876,22.57831956909921,0
          113.82492800735876,22.578302408929087,0
        </coordinates></LinearRing></outerBoundaryIs>
      </Polygon>
    </Placemark>
    <Placemark>
      <name>gap_1110</name>
      <description>confidence: 0.3006</description>
      <styleUrl>#gapStyle</styleUrl>
      <Polygon>
        <outerBoundaryIs><LinearRing><coordinates>
          113.8326354224269,22.593039876499997,0
          113.83268974745425,22.593039876499997,0
          113.83268974745425,22.593099988950097,0
          113.8326354224269,22.593099988950097,0
          113.8326354224269,22.593039876499997,0
        </coordinates></LinearRing></outerBoundaryIs>
      </Polygon>
    </Placemark>
    <Placemark>
      <name>gap_1111</name>
      <description>confidence: 0.3006</description>
      <styleUrl>#gapStyle</styleUrl>
      <Polygon>
        <outerBoundaryIs><LinearRing><coordinates>
          113.80976093490877,22.6105169295365,0
          113.80984454918686,22.6105169295365,0
          113.80984454918686,22.610581690018684,0
          113.80976093490877,22.610581690018684,0
          113.80976093490877,22.6105169295365,0
        </coordinates></LinearRing></outerBoundaryIs>
      </Polygon>
    </Placemark>
    <Placemark>
      <name>gap_1112</name>
      <description>confidence: 0.3002</description>
      <styleUrl>#gapStyle</styleUrl>
      <Polygon>
        <outerBoundaryIs><LinearRing><coordinates>
          113.82518903867314,22.54624900346288,0
          113.82528728505291,22.54624900346288,0
          113.82528728505291,22.546262308499998,0
          113.82518903867314,22.546262308499998,0
          113.82518903867314,22.54624900346288,0
        </coordinates></LinearRing></outerBoundaryIs>
      </Polygon>
    </Placemark>
    <Placemark>
      <name>gap_1113</name>
      <description>confidence: 0.3000</description>
      <styleUrl>#gapStyle</styleUrl>
      <Polygon>
        <outerBoundaryIs><LinearRing><coordinates>
          113.82446858835904,22.57552753412243,0
          113.82454823532542,22.57552753412243,0
          113.82454823532542,22.575553999401617,0
          113.82446858835904,22.575553999401617,0
          113.82446858835904,22.57552753412243,0
        </coordinates></LinearRing></outerBoundaryIs>
      </Polygon>
    </Placemark>
    <Placemark>
      <name>gap_1114</name>
      <description>confidence: 0.2997</description>
      <styleUrl>#gapStyle</styleUrl>
      <Polygon>
        <outerBoundaryIs><LinearRing><coordinates>
          113.81525030843991,22.598969328810995,0
          113.8152717385369,22.598969328810995,0
          113.8152717385369,22.599047915683023,0
          113.81525030843991,22.599047915683023,0
          113.81525030843991,22.598969328810995,0
        </coordinates></LinearRing></outerBoundaryIs>
      </Polygon>
    </Placemark>
    <Placemark>
      <name>gap_1115</name>
      <description>confidence: 0.2994</description>
      <styleUrl>#gapStyle</styleUrl>
      <Polygon>
        <outerBoundaryIs><LinearRing><coordinates>
          113.82925589585601,22.54059256416063,0
          113.82931512591732,22.54059256416063,0
          113.82931512591732,22.540615204963785,0
          113.82925589585601,22.540615204963785,0
          113.82925589585601,22.54059256416063,0
        </coordinates></LinearRing></outerBoundaryIs>
      </Polygon>
    </Placemark>
    <Placemark>
      <name>gap_1116</name>
      <description>confidence: 0.2991</description>
      <styleUrl>#gapStyle</styleUrl>
      <Polygon>
        <outerBoundaryIs><LinearRing><coordinates>
          113.82452376995016,22.614538574740326,0
          113.82460069141565,22.614538574740326,0
          113.82460069141565,22.614601599646424,0
          113.82452376995016,22.614601599646424,0
          113.82452376995016,22.614538574740326,0
        </coordinates></LinearRing></outerBoundaryIs>
      </Polygon>
    </Placemark>
    <Placemark>
      <name>gap_1117</name>
      <description>confidence: 0.2991</description>
      <styleUrl>#gapStyle</styleUrl>
      <Polygon>
        <outerBoundaryIs><LinearRing><coordinates>
          113.8195861600049,22.604430762688896,0
          113.81961611080168,22.604430762688896,0
          113.81961611080168,22.604455721195084,0
          113.8195861600049,22.604455721195084,0
          113.8195861600049,22.604430762688896,0
        </coordinates></LinearRing></outerBoundaryIs>
      </Polygon>
    </Placemark>
    <Placemark>
      <name>gap_1118</name>
      <description>confidence: 0.2989</description>
      <styleUrl>#gapStyle</styleUrl>
      <Polygon>
        <outerBoundaryIs><LinearRing><coordinates>
          113.83111413953557,22.53873879850188,0
          113.83117376658998,22.53873879850188,0
          113.83117376658998,22.53875726232368,0
          113.83111413953557,22.53875726232368,0
          113.83111413953557,22.53873879850188,0
        </coordinates></LinearRing></outerBoundaryIs>
      </Polygon>
    </Placemark>
    <Placemark>
      <name>gap_1119</name>
      <description>confidence: 0.2989</description>
      <styleUrl>#gapStyle</styleUrl>
      <Polygon>
        <outerBoundaryIs><LinearRing><coordinates>
          113.81976411899817,22.604875563133838,0
          113.81978501311352,22.604875563133838,0
          113.81978501311352,22.604891856467475,0
          113.81976411899817,22.604891856467475,0
          113.81976411899817,22.604875563133838,0
        </coordinates></LinearRing></outerBoundaryIs>
      </Polygon>
    </Placemark>
    <Placemark>
      <name>gap_1120</name>
      <description>confidence: 0.2987</description>
      <styleUrl>#gapStyle</styleUrl>
      <Polygon>
        <outerBoundaryIs><LinearRing><coordinates>
          113.82571321322335,22.608499318019994,0
          113.82573661437061,22.608499318019994,0
          113.82573661437061,22.608517425161914,0
          113.82571321322335,22.608517425161914,0
          113.82571321322335,22.608499318019994,0
        </coordinates></LinearRing></outerBoundaryIs>
      </Polygon>
    </Placemark>
    <Placemark>
      <name>gap_1121</name>
      <description>confidence: 0.2985</description>
      <styleUrl>#gapStyle</styleUrl>
      <Polygon>
        <outerBoundaryIs><LinearRing><coordinates>
          113.82482053449095,22.581153261094347,0
          113.82486462225306,22.581153261094347,0
          113.82486462225306,22.58117367652606,0
          113.82482053449095,22.58117367652606,0
          113.82482053449095,22.581153261094347,0
        </coordinates></LinearRing></outerBoundaryIs>
      </Polygon>
    </Placemark>
    <Placemark>
      <name>gap_1122</name>
      <description>confidence: 0.2984</description>
      <styleUrl>#gapStyle</styleUrl>
      <Polygon>
        <outerBoundaryIs><LinearRing><coordinates>
          113.82221108720145,22.60597311629612,0
          113.82227518235185,22.60597311629612,0
          113.82227518235185,22.606044121991403,0
          113.82221108720145,22.606044121991403,0
          113.82221108720145,22.60597311629612,0
        </coordinates></LinearRing></outerBoundaryIs>
      </Polygon>
    </Placemark>
    <Placemark>
      <name>gap_1123</name>
      <description>confidence: 0.2983</description>
      <styleUrl>#gapStyle</styleUrl>
      <Polygon>
        <outerBoundaryIs><LinearRing><coordinates>
          113.82640062462546,22.577582344803318,0
          113.8264264280312,22.577582344803318,0
          113.8264264280312,22.57759953149422,0
          113.82640062462546,22.57759953149422,0
          113.82640062462546,22.577582344803318,0
        </coordinates></LinearRing></outerBoundaryIs>
      </Polygon>
    </Placemark>
    <Placemark>
      <name>gap_1124</name>
      <description>confidence: 0.2983</description>
      <styleUrl>#gapStyle</styleUrl>
      <Polygon>
        <outerBoundaryIs><LinearRing><coordinates>
          113.81712248300651,22.611132373793573,0
          113.81720417830384,22.611132373793573,0
          113.81720417830384,22.61120258263775,0
          113.81712248300651,22.61120258263775,0
          113.81712248300651,22.611132373793573,0
        </coordinates></LinearRing></outerBoundaryIs>
      </Polygon>
    </Placemark>
    <Placemark>
      <name>gap_1125</name>
      <description>confidence: 0.2982</description>
      <styleUrl>#gapStyle</styleUrl>
      <Polygon>
        <outerBoundaryIs><LinearRing><coordinates>
          113.824747946021,22.549011167816563,0
          113.8248296296848,22.549011167816563,0
          113.8248296296848,22.54903535591057,0
          113.824747946021,22.54903535591057,0
          113.824747946021,22.549011167816563,0
        </coordinates></LinearRing></outerBoundaryIs>
      </Polygon>
    </Placemark>
    <Placemark>
      <name>gap_1126</name>
      <description>confidence: 0.2980</description>
      <styleUrl>#gapStyle</styleUrl>
      <Polygon>
        <outerBoundaryIs><LinearRing><coordinates>
          113.821445341816,22.605751410750187,0
          113.82146904549657,22.605751410750187,0
          113.82146904549657,22.605770991023007,0
          113.821445341816,22.605770991023007,0
          113.821445341816,22.605751410750187,0
        </coordinates></LinearRing></outerBoundaryIs>
      </Polygon>
    </Placemark>
    <Placemark>
      <name>gap_1127</name>
      <description>confidence: 0.2979</description>
      <styleUrl>#gapStyle</styleUrl>
      <Polygon>
        <outerBoundaryIs><LinearRing><coordinates>
          113.82375437042737,22.57167252207721,0
          113.82382451755345,22.57167252207721,0
          113.82382451755345,22.571689540639486,0
          113.82375437042737,22.571689540639486,0
          113.82375437042737,22.57167252207721,0
        </coordinates></LinearRing></outerBoundaryIs>
      </Polygon>
    </Placemark>
    <Placemark>
      <name>gap_1128</name>
      <description>confidence: 0.2973</description>
      <styleUrl>#gapStyle</styleUrl>
      <Polygon>
        <outerBoundaryIs><LinearRing><coordinates>
          113.81163503876975,22.60506678141025,0
          113.81176882794203,22.60506678141025,0
          113.81176882794203,22.6051755995731,0
          113.81163503876975,22.6051755995731,0
          113.81163503876975,22.60506678141025,0
        </coordinates></LinearRing></outerBoundaryIs>
      </Polygon>
    </Placemark>
    <Placemark>
      <name>gap_1129</name>
      <description>confidence: 0.2969</description>
      <styleUrl>#gapStyle</styleUrl>
      <Polygon>
        <outerBoundaryIs><LinearRing><coordinates>
          113.83109636824163,22.526788287977155,0
          113.8311487417,22.526788287977155,0
          113.8311487417,22.526821788137834,0
          113.83109636824163,22.526821788137834,0
          113.83109636824163,22.526788287977155,0
        </coordinates></LinearRing></outerBoundaryIs>
      </Polygon>
    </Placemark>
    <Placemark>
      <name>gap_1130</name>
      <description>confidence: 0.2967</description>
      <styleUrl>#gapStyle</styleUrl>
      <Polygon>
        <outerBoundaryIs><LinearRing><coordinates>
          113.8280252712195,22.53869387228625,0
          113.8281030183488,22.53869387228625,0
          113.8281030183488,22.538716402504313,0
          113.8280252712195,22.538716402504313,0
          113.8280252712195,22.53869387228625,0
        </coordinates></LinearRing></outerBoundaryIs>
      </Polygon>
    </Placemark>
    <Placemark>
      <name>gap_1131</name>
      <description>confidence: 0.2967</description>
      <styleUrl>#gapStyle</styleUrl>
      <Polygon>
        <outerBoundaryIs><LinearRing><coordinates>
          113.8295854868561,22.602170214466003,0
          113.82961945424083,22.602170214466003,0
          113.82961945424083,22.60221665439178,0
          113.8295854868561,22.60221665439178,0
          113.8295854868561,22.602170214466003,0
        </coordinates></LinearRing></outerBoundaryIs>
      </Polygon>
    </Placemark>
    <Placemark>
      <name>gap_1132</name>
      <description>confidence: 0.2967</description>
      <styleUrl>#gapStyle</styleUrl>
      <Polygon>
        <outerBoundaryIs><LinearRing><coordinates>
          113.82059952153016,22.608595967996354,0
          113.82062880488739,22.608595967996354,0
          113.82062880488739,22.6086159216064,0
          113.82059952153016,22.6086159216064,0
          113.82059952153016,22.608595967996354,0
        </coordinates></LinearRing></outerBoundaryIs>
      </Polygon>
    </Placemark>
    <Placemark>
      <name>gap_1133</name>
      <description>confidence: 0.2964</description>
      <styleUrl>#gapStyle</styleUrl>
      <Polygon>
        <outerBoundaryIs><LinearRing><coordinates>
          113.83083882974012,22.6054852845,0
          113.83100761932842,22.6054852845,0
          113.83100761932842,22.605596913885606,0
          113.83083882974012,22.605596913885606,0
          113.83083882974012,22.6054852845,0
        </coordinates></LinearRing></outerBoundaryIs>
      </Polygon>
    </Placemark>
    <Placemark>
      <name>gap_1134</name>
      <description>confidence: 0.2962</description>
      <styleUrl>#gapStyle</styleUrl>
      <Polygon>
        <outerBoundaryIs><LinearRing><coordinates>
          113.83234532262269,22.60217148510996,0
          113.83241414338254,22.60217148510996,0
          113.83241414338254,22.60221293155826,0
          113.83234532262269,22.60221293155826,0
          113.83234532262269,22.60217148510996,0
        </coordinates></LinearRing></outerBoundaryIs>
      </Polygon>
    </Placemark>
    <Placemark>
      <name>gap_1135</name>
      <description>confidence: 0.2961</description>
      <styleUrl>#gapStyle</styleUrl>
      <Polygon>
        <outerBoundaryIs><LinearRing><coordinates>
          113.83271880563045,22.59360108469506,0
          113.83277830892123,22.59360108469506,0
          113.83277830892123,22.593705567099782,0
          113.83271880563045,22.593705567099782,0
          113.83271880563045,22.59360108469506,0
        </coordinates></LinearRing></outerBoundaryIs>
      </Polygon>
    </Placemark>
    <Placemark>
      <name>gap_1136</name>
      <description>confidence: 0.2961</description>
      <styleUrl>#gapStyle</styleUrl>
      <Polygon>
        <outerBoundaryIs><LinearRing><coordinates>
          113.82887529181517,22.552035303665072,0
          113.82895248839279,22.552035303665072,0
          113.82895248839279,22.55205247398512,0
          113.82887529181517,22.55205247398512,0
          113.82887529181517,22.552035303665072,0
        </coordinates></LinearRing></outerBoundaryIs>
      </Polygon>
    </Placemark>
    <Placemark>
      <name>gap_1137</name>
      <description>confidence: 0.2960</description>
      <styleUrl>#gapStyle</styleUrl>
      <Polygon>
        <outerBoundaryIs><LinearRing><coordinates>
          113.8195342626927,22.590711334674907,0
          113.81959659781305,22.590711334674907,0
          113.81959659781305,22.59076484517063,0
          113.8195342626927,22.59076484517063,0
          113.8195342626927,22.590711334674907,0
        </coordinates></LinearRing></outerBoundaryIs>
      </Polygon>
    </Placemark>
    <Placemark>
      <name>gap_1138</name>
      <description>confidence: 0.2959</description>
      <styleUrl>#gapStyle</styleUrl>
      <Polygon>
        <outerBoundaryIs><LinearRing><coordinates>
          113.82593282154066,22.585884753366468,0
          113.82599624352171,22.585884753366468,0
          113.82599624352171,22.585936441868483,0
          113.82593282154066,22.585936441868483,0
          113.82593282154066,22.585884753366468,0
        </coordinates></LinearRing></outerBoundaryIs>
      </Polygon>
    </Placemark>
    <Placemark>
      <name>gap_1139</name>
      <description>confidence: 0.2959</description>
      <styleUrl>#gapStyle</styleUrl>
      <Polygon>
        <outerBoundaryIs><LinearRing><coordinates>
          113.83194119526712,22.534985682001114,0
          113.83200036115468,22.534985682001114,0
          113.83200036115468,22.535002376072686,0
          113.83194119526712,22.535002376072686,0
          113.83194119526712,22.534985682001114,0
        </coordinates></LinearRing></outerBoundaryIs>
      </Polygon>
    </Placemark>
    <Placemark>
      <name>gap_1140</name>
      <description>confidence: 0.2957</description>
      <styleUrl>#gapStyle</styleUrl>
      <Polygon>
        <outerBoundaryIs><LinearRing><coordinates>
          113.82677631777977,22.585228785598442,0
          113.82682944495205,22.585228785598442,0
          113.82682944495205,22.58527030035411,0
          113.82677631777977,22.58527030035411,0
          113.82677631777977,22.585228785598442,0
        </coordinates></LinearRing></outerBoundaryIs>
      </Polygon>
    </Placemark>
    <Placemark>
      <name>gap_1141</name>
      <description>confidence: 0.2956</description>
      <styleUrl>#gapStyle</styleUrl>
      <Polygon>
        <outerBoundaryIs><LinearRing><coordinates>
          113.83258071612248,22.561623128369202,0
          113.8326292776285,22.561623128369202,0
          113.8326292776285,22.561662442759904,0
          113.83258071612248,22.561662442759904,0
          113.83258071612248,22.561623128369202,0
        </coordinates></LinearRing></outerBoundaryIs>
      </Polygon>
    </Placemark>
    <Placemark>
      <name>gap_1142</name>
      <description>confidence: 0.2956</description>
      <styleUrl>#gapStyle</styleUrl>
      <Polygon>
        <outerBoundaryIs><LinearRing><coordinates>
          113.82624300835688,22.607339234330812,0
          113.82632109640912,22.607339234330812,0
          113.82632109640912,22.60741301844576,0
          113.82624300835688,22.60741301844576,0
          113.82624300835688,22.607339234330812,0
        </coordinates></LinearRing></outerBoundaryIs>
      </Polygon>
    </Placemark>
    <Placemark>
      <name>gap_1143</name>
      <description>confidence: 0.2954</description>
      <styleUrl>#gapStyle</styleUrl>
      <Polygon>
        <outerBoundaryIs><LinearRing><coordinates>
          113.82883167893048,22.60939366473733,0
          113.82885485350519,22.60939366473733,0
          113.82885485350519,22.609408005601587,0
          113.82883167893048,22.609408005601587,0
          113.82883167893048,22.60939366473733,0
        </coordinates></LinearRing></outerBoundaryIs>
      </Polygon>
    </Placemark>
    <Placemark>
      <name>gap_1144</name>
      <description>confidence: 0.2952</description>
      <styleUrl>#gapStyle</styleUrl>
      <Polygon>
        <outerBoundaryIs><LinearRing><coordinates>
          113.82108017740991,22.605582963138694,0
          113.82110000860693,22.605582963138694,0
          113.82110000860693,22.6056028524113,0
          113.82108017740991,22.6056028524113,0
          113.82108017740991,22.605582963138694,0
        </coordinates></LinearRing></outerBoundaryIs>
      </Polygon>
    </Placemark>
    <Placemark>
      <name>gap_1145</name>
      <description>confidence: 0.2951</description>
      <styleUrl>#gapStyle</styleUrl>
      <Polygon>
        <outerBoundaryIs><LinearRing><coordinates>
          113.81473029810181,22.61268662933588,0
          113.8147780630023,22.61268662933588,0
          113.8147780630023,22.612744187278604,0
          113.81473029810181,22.612744187278604,0
          113.81473029810181,22.61268662933588,0
        </coordinates></LinearRing></outerBoundaryIs>
      </Polygon>
    </Placemark>
    <Placemark>
      <name>gap_1146</name>
      <description>confidence: 0.2948</description>
      <styleUrl>#gapStyle</styleUrl>
      <Polygon>
        <outerBoundaryIs><LinearRing><coordinates>
          113.83272749560484,22.56767148626897,0
          113.83277732388721,22.56767148626897,0
          113.83277732388721,22.567699906145748,0
          113.83272749560484,22.567699906145748,0
          113.83272749560484,22.56767148626897,0
        </coordinates></LinearRing></outerBoundaryIs>
      </Polygon>
    </Placemark>
    <Placemark>
      <name>gap_1147</name>
      <description>confidence: 0.2944</description>
      <styleUrl>#gapStyle</styleUrl>
      <Polygon>
        <outerBoundaryIs><LinearRing><coordinates>
          113.82505860851272,22.543022792679068,0
          113.8251406137,22.543022792679068,0
          113.8251406137,22.5430443708913,0
          113.82505860851272,22.5430443708913,0
          113.82505860851272,22.543022792679068,0
        </coordinates></LinearRing></outerBoundaryIs>
      </Polygon>
    </Placemark>
    <Placemark>
      <name>gap_1148</name>
      <description>confidence: 0.2939</description>
      <styleUrl>#gapStyle</styleUrl>
      <Polygon>
        <outerBoundaryIs><LinearRing><coordinates>
          113.83102506435134,22.614698253306226,0
          113.83103879720224,22.614698253306226,0
          113.83103879720224,22.614711585889857,0
          113.83102506435134,22.614711585889857,0
          113.83102506435134,22.614698253306226,0
        </coordinates></LinearRing></outerBoundaryIs>
      </Polygon>
    </Placemark>
    <Placemark>
      <name>gap_1149</name>
      <description>confidence: 0.2938</description>
      <styleUrl>#gapStyle</styleUrl>
      <Polygon>
        <outerBoundaryIs><LinearRing><coordinates>
          113.82453517294267,22.54220106733709,0
          113.82470442526328,22.54220106733709,0
          113.82470442526328,22.542238595872735,0
          113.82453517294267,22.542238595872735,0
          113.82453517294267,22.54220106733709,0
        </coordinates></LinearRing></outerBoundaryIs>
      </Polygon>
    </Placemark>
    <Placemark>
      <name>gap_1150</name>
      <description>confidence: 0.2935</description>
      <styleUrl>#gapStyle</styleUrl>
      <Polygon>
        <outerBoundaryIs><LinearRing><coordinates>
          113.82308513467918,22.609261547110652,0
          113.82310857855435,22.609261547110652,0
          113.82310857855435,22.609276123878853,0
          113.82308513467918,22.609276123878853,0
          113.82308513467918,22.609261547110652,0
        </coordinates></LinearRing></outerBoundaryIs>
      </Polygon>
    </Placemark>
    <Placemark>
      <name>gap_1151</name>
      <description>confidence: 0.2935</description>
      <styleUrl>#gapStyle</styleUrl>
      <Polygon>
        <outerBoundaryIs><LinearRing><coordinates>
          113.82682329008557,22.537654129505192,0
          113.82687367284862,22.537654129505192,0
          113.82687367284862,22.53767676187736,0
          113.82682329008557,22.53767676187736,0
          113.82682329008557,22.537654129505192,0
        </coordinates></LinearRing></outerBoundaryIs>
      </Polygon>
    </Placemark>
    <Placemark>
      <name>gap_1152</name>
      <description>confidence: 0.2935</description>
      <styleUrl>#gapStyle</styleUrl>
      <Polygon>
        <outerBoundaryIs><LinearRing><coordinates>
          113.822656387694,22.552652055492594,0
          113.82274935261258,22.552652055492594,0
          113.82274935261258,22.55267128780301,0
          113.822656387694,22.55267128780301,0
          113.822656387694,22.552652055492594,0
        </coordinates></LinearRing></outerBoundaryIs>
      </Polygon>
    </Placemark>
    <Placemark>
      <name>gap_1153</name>
      <description>confidence: 0.2931</description>
      <styleUrl>#gapStyle</styleUrl>
      <Polygon>
        <outerBoundaryIs><LinearRing><coordinates>
          113.8226947981273,22.57865599595219,0
          113.82276473472426,22.57865599595219,0
          113.82276473472426,22.578679692102167,0
          113.8226947981273,22.578679692102167,0
          113.8226947981273,22.57865599595219,0
        </coordinates></LinearRing></outerBoundaryIs>
      </Polygon>
    </Placemark>
    <Placemark>
      <name>gap_1154</name>
      <description>confidence: 0.2930</description>
      <styleUrl>#gapStyle</styleUrl>
      <Polygon>
        <outerBoundaryIs><LinearRing><coordinates>
          113.81522283921838,22.611156180569562,0
          113.81526057672792,22.611156180569562,0
          113.81526057672792,22.6112045148482,0
          113.81522283921838,22.6112045148482,0
          113.81522283921838,22.611156180569562,0
        </coordinates></LinearRing></outerBoundaryIs>
      </Polygon>
    </Placemark>
    <Placemark>
      <name>gap_1155</name>
      <description>confidence: 0.2927</description>
      <styleUrl>#gapStyle</styleUrl>
      <Polygon>
        <outerBoundaryIs><LinearRing><coordinates>
          113.81257290628574,22.614421968084386,0
          113.81269328965575,22.614421968084386,0
          113.81269328965575,22.6144974765,0
          113.81257290628574,22.6144974765,0
          113.81257290628574,22.614421968084386,0
        </coordinates></LinearRing></outerBoundaryIs>
      </Polygon>
    </Placemark>
    <Placemark>
      <name>gap_1156</name>
      <description>confidence: 0.2924</description>
      <styleUrl>#gapStyle</styleUrl>
      <Polygon>
        <outerBoundaryIs><LinearRing><coordinates>
          113.82348223787616,22.5453865349886,0
          113.82355075921316,22.5453865349886,0
          113.82355075921316,22.5454040045,0
          113.82348223787616,22.5454040045,0
          113.82348223787616,22.5453865349886,0
        </coordinates></LinearRing></outerBoundaryIs>
      </Polygon>
    </Placemark>
    <Placemark>
      <name>gap_1157</name>
      <description>confidence: 0.2923</description>
      <styleUrl>#gapStyle</styleUrl>
      <Polygon>
        <outerBoundaryIs><LinearRing><coordinates>
          113.81047940629412,22.6163099259201,0
          113.81057008983248,22.6163099259201,0
          113.81057008983248,22.616390314977103,0
          113.81047940629412,22.616390314977103,0
          113.81047940629412,22.6163099259201,0
        </coordinates></LinearRing></outerBoundaryIs>
      </Polygon>
    </Placemark>
    <Placemark>
      <name>gap_1158</name>
      <description>confidence: 0.2923</description>
      <styleUrl>#gapStyle</styleUrl>
      <Polygon>
        <outerBoundaryIs><LinearRing><coordinates>
          113.82363652249268,22.547538676237068,0
          113.82373966522985,22.547538676237068,0
          113.82373966522985,22.547569509013368,0
          113.82363652249268,22.547569509013368,0
          113.82363652249268,22.547538676237068,0
        </coordinates></LinearRing></outerBoundaryIs>
      </Polygon>
    </Placemark>
    <Placemark>
      <name>gap_1159</name>
      <description>confidence: 0.2916</description>
      <styleUrl>#gapStyle</styleUrl>
      <Polygon>
        <outerBoundaryIs><LinearRing><coordinates>
          113.83057346112261,22.529471429403323,0
          113.8307195897,22.529471429403323,0
          113.8307195897,22.52952499887503,0
          113.83057346112261,22.52952499887503,0
          113.83057346112261,22.529471429403323,0
        </coordinates></LinearRing></outerBoundaryIs>
      </Polygon>
    </Placemark>
    <Placemark>
      <name>gap_1160</name>
      <description>confidence: 0.2915</description>
      <styleUrl>#gapStyle</styleUrl>
      <Polygon>
        <outerBoundaryIs><LinearRing><coordinates>
          113.82273203886342,22.60874135323485,0
          113.82280444925945,22.60874135323485,0
          113.82280444925945,22.608805742119213,0
          113.82273203886342,22.608805742119213,0
          113.82273203886342,22.60874135323485,0
        </coordinates></LinearRing></outerBoundaryIs>
      </Polygon>
    </Placemark>
    <Placemark>
      <name>gap_1161</name>
      <description>confidence: 0.2914</description>
      <styleUrl>#gapStyle</styleUrl>
      <Polygon>
        <outerBoundaryIs><LinearRing><coordinates>
          113.82787744690859,22.55291337468836,0
          113.82798175975223,22.55291337468836,0
          113.82798175975223,22.552935323741263,0
          113.82787744690859,22.552935323741263,0
          113.82787744690859,22.55291337468836,0
        </coordinates></LinearRing></outerBoundaryIs>
      </Polygon>
    </Placemark>
    <Placemark>
      <name>gap_1162</name>
      <description>confidence: 0.2914</description>
      <styleUrl>#gapStyle</styleUrl>
      <Polygon>
        <outerBoundaryIs><LinearRing><coordinates>
          113.83091187820024,22.602625042424677,0
          113.83094446969692,22.602625042424677,0
          113.83094446969692,22.602661717384223,0
          113.83091187820024,22.602661717384223,0
          113.83091187820024,22.602625042424677,0
        </coordinates></LinearRing></outerBoundaryIs>
      </Polygon>
    </Placemark>
    <Placemark>
      <name>gap_1163</name>
      <description>confidence: 0.2911</description>
      <styleUrl>#gapStyle</styleUrl>
      <Polygon>
        <outerBoundaryIs><LinearRing><coordinates>
          113.82205614427214,22.605142136185442,0
          113.82207687615238,22.605142136185442,0
          113.82207687615238,22.605160425698624,0
          113.82205614427214,22.605160425698624,0
          113.82205614427214,22.605142136185442,0
        </coordinates></LinearRing></outerBoundaryIs>
      </Polygon>
    </Placemark>
    <Placemark>
      <name>gap_1164</name>
      <description>confidence: 0.2902</description>
      <styleUrl>#gapStyle</styleUrl>
      <Polygon>
        <outerBoundaryIs><LinearRing><coordinates>
          113.82891491455082,22.6063435885,0
          113.8290029817,22.6063435885,0
          113.8290029817,22.606365155457276,0
          113.82891491455082,22.606365155457276,0
          113.82891491455082,22.6063435885,0
        </coordinates></LinearRing></outerBoundaryIs>
      </Polygon>
    </Placemark>
    <Placemark>
      <name>gap_1165</name>
      <description>confidence: 0.2902</description>
      <styleUrl>#gapStyle</styleUrl>
      <Polygon>
        <outerBoundaryIs><LinearRing><coordinates>
          113.83164275279609,22.565769750930865,0
          113.83172095274308,22.565769750930865,0
          113.83172095274308,22.565791646451093,0
          113.83164275279609,22.565791646451093,0
          113.83164275279609,22.565769750930865,0
        </coordinates></LinearRing></outerBoundaryIs>
      </Polygon>
    </Placemark>
    <Placemark>
      <name>gap_1166</name>
      <description>confidence: 0.2901</description>
      <styleUrl>#gapStyle</styleUrl>
      <Polygon>
        <outerBoundaryIs><LinearRing><coordinates>
          113.81611360996918,22.60985156083878,0
          113.81617202001463,22.60985156083878,0
          113.81617202001463,22.60988466400636,0
          113.81611360996918,22.60988466400636,0
          113.81611360996918,22.60985156083878,0
        </coordinates></LinearRing></outerBoundaryIs>
      </Polygon>
    </Placemark>
    <Placemark>
      <name>gap_1167</name>
      <description>confidence: 0.2901</description>
      <styleUrl>#gapStyle</styleUrl>
      <Polygon>
        <outerBoundaryIs><LinearRing><coordinates>
          113.81866855284775,22.600037153006628,0
          113.81870257802159,22.600037153006628,0
          113.81870257802159,22.600056001748033,0
          113.81866855284775,22.600056001748033,0
          113.81866855284775,22.600037153006628,0
        </coordinates></LinearRing></outerBoundaryIs>
      </Polygon>
    </Placemark>
    <Placemark>
      <name>gap_1168</name>
      <description>confidence: 0.2900</description>
      <styleUrl>#gapStyle</styleUrl>
      <Polygon>
        <outerBoundaryIs><LinearRing><coordinates>
          113.82840202565507,22.579340635032782,0
          113.82849036603373,22.579340635032782,0
          113.82849036603373,22.579368671422404,0
          113.82840202565507,22.579368671422404,0
          113.82840202565507,22.579340635032782,0
        </coordinates></LinearRing></outerBoundaryIs>
      </Polygon>
    </Placemark>
    <Placemark>
      <name>gap_1169</name>
      <description>confidence: 0.2895</description>
      <styleUrl>#gapStyle</styleUrl>
      <Polygon>
        <outerBoundaryIs><LinearRing><coordinates>
          113.8093280139913,22.603109508374118,0
          113.80938510258177,22.603109508374118,0
          113.80938510258177,22.603168344307218,0
          113.8093280139913,22.603168344307218,0
          113.8093280139913,22.603109508374118,0
        </coordinates></LinearRing></outerBoundaryIs>
      </Polygon>
    </Placemark>
    <Placemark>
      <name>gap_1170</name>
      <description>confidence: 0.2894</description>
      <styleUrl>#gapStyle</styleUrl>
      <Polygon>
        <outerBoundaryIs><LinearRing><coordinates>
          113.8140028017331,22.60280934500961,0
          113.81405826617157,22.60280934500961,0
          113.81405826617157,22.60284597116356,0
          113.8140028017331,22.60284597116356,0
          113.8140028017331,22.60280934500961,0
        </coordinates></LinearRing></outerBoundaryIs>
      </Polygon>
    </Placemark>
    <Placemark>
      <name>gap_1171</name>
      <description>confidence: 0.2891</description>
      <styleUrl>#gapStyle</styleUrl>
      <Polygon>
        <outerBoundaryIs><LinearRing><coordinates>
          113.82335416536365,22.578647385581057,0
          113.82338687088328,22.578647385581057,0
          113.82338687088328,22.57866655781045,0
          113.82335416536365,22.57866655781045,0
          113.82335416536365,22.578647385581057,0
        </coordinates></LinearRing></outerBoundaryIs>
      </Polygon>
    </Placemark>
    <Placemark>
      <name>gap_1172</name>
      <description>confidence: 0.2886</description>
      <styleUrl>#gapStyle</styleUrl>
      <Polygon>
        <outerBoundaryIs><LinearRing><coordinates>
          113.82777812670341,22.550891789260657,0
          113.82782008922229,22.550891789260657,0
          113.82782008922229,22.55091498817677,0
          113.82777812670341,22.55091498817677,0
          113.82777812670341,22.550891789260657,0
        </coordinates></LinearRing></outerBoundaryIs>
      </Polygon>
    </Placemark>
    <Placemark>
      <name>gap_1173</name>
      <description>confidence: 0.2886</description>
      <styleUrl>#gapStyle</styleUrl>
      <Polygon>
        <outerBoundaryIs><LinearRing><coordinates>
          113.83264610931752,22.575522454534283,0
          113.83273086529867,22.575522454534283,0
          113.83273086529867,22.575545880688022,0
          113.83264610931752,22.575545880688022,0
          113.83264610931752,22.575522454534283,0
        </coordinates></LinearRing></outerBoundaryIs>
      </Polygon>
    </Placemark>
    <Placemark>
      <name>gap_1174</name>
      <description>confidence: 0.2885</description>
      <styleUrl>#gapStyle</styleUrl>
      <Polygon>
        <outerBoundaryIs><LinearRing><coordinates>
          113.8218943148631,22.606382975945618,0
          113.82191573485107,22.606382975945618,0
          113.82191573485107,22.60639888251793,0
          113.8218943148631,22.60639888251793,0
          113.8218943148631,22.606382975945618,0
        </coordinates></LinearRing></outerBoundaryIs>
      </Polygon>
    </Placemark>
    <Placemark>
      <name>gap_1175</name>
      <description>confidence: 0.2885</description>
      <styleUrl>#gapStyle</styleUrl>
      <Polygon>
        <outerBoundaryIs><LinearRing><coordinates>
          113.82266851702018,22.592289680229367,0
          113.82275752221905,22.592289680229367,0
          113.82275752221905,22.592336098954892,0
          113.82266851702018,22.592336098954892,0
          113.82266851702018,22.592289680229367,0
        </coordinates></LinearRing></outerBoundaryIs>
      </Polygon>
    </Placemark>
    <Placemark>
      <name>gap_1176</name>
      <description>confidence: 0.2885</description>
      <styleUrl>#gapStyle</styleUrl>
      <Polygon>
        <outerBoundaryIs><LinearRing><coordinates>
          113.82322695895093,22.57986080666469,0
          113.82326140567413,22.57986080666469,0
          113.82326140567413,22.579881628912016,0
          113.82322695895093,22.579881628912016,0
          113.82322695895093,22.57986080666469,0
        </coordinates></LinearRing></outerBoundaryIs>
      </Polygon>
    </Placemark>
    <Placemark>
      <name>gap_1177</name>
      <description>confidence: 0.2878</description>
      <styleUrl>#gapStyle</styleUrl>
      <Polygon>
        <outerBoundaryIs><LinearRing><coordinates>
          113.82225848428988,22.606557311128537,0
          113.82227994017093,22.606557311128537,0
          113.82227994017093,22.60657575902969,0
          113.82225848428988,22.60657575902969,0
          113.82225848428988,22.606557311128537,0
        </coordinates></LinearRing></outerBoundaryIs>
      </Polygon>
    </Placemark>
    <Placemark>
      <name>gap_1178</name>
      <description>confidence: 0.2878</description>
      <styleUrl>#gapStyle</styleUrl>
      <Polygon>
        <outerBoundaryIs><LinearRing><coordinates>
          113.82314330659015,22.5883192045,0
          113.82325219226229,22.5883192045,0
          113.82325219226229,22.58834008633722,0
          113.82314330659015,22.58834008633722,0
          113.82314330659015,22.5883192045,0
        </coordinates></LinearRing></outerBoundaryIs>
      </Polygon>
    </Placemark>
    <Placemark>
      <name>gap_1179</name>
      <description>confidence: 0.2876</description>
      <styleUrl>#gapStyle</styleUrl>
      <Polygon>
        <outerBoundaryIs><LinearRing><coordinates>
          113.81805499157603,22.609590819124737,0
          113.81816646175513,22.609590819124737,0
          113.81816646175513,22.609680261752704,0
          113.81805499157603,22.609680261752704,0
          113.81805499157603,22.609590819124737,0
        </coordinates></LinearRing></outerBoundaryIs>
      </Polygon>
    </Placemark>
    <Placemark>
      <name>gap_1180</name>
      <description>confidence: 0.2873</description>
      <styleUrl>#gapStyle</styleUrl>
      <Polygon>
        <outerBoundaryIs><LinearRing><coordinates>
          113.82366157163199,22.6072514053161,0
          113.8236801112099,22.6072514053161,0
          113.8236801112099,22.607264627396496,0
          113.82366157163199,22.607264627396496,0
          113.82366157163199,22.6072514053161,0
        </coordinates></LinearRing></outerBoundaryIs>
      </Polygon>
    </Placemark>
    <Placemark>
      <name>gap_1181</name>
      <description>confidence: 0.2873</description>
      <styleUrl>#gapStyle</styleUrl>
      <Polygon>
        <outerBoundaryIs><LinearRing><coordinates>
          113.81475990310531,22.61058324884075,0
          113.81483128492087,22.61058324884075,0
          113.81483128492087,22.61064726180948,0
          113.81475990310531,22.61064726180948,0
          113.81475990310531,22.61058324884075,0
        </coordinates></LinearRing></outerBoundaryIs>
      </Polygon>
    </Placemark>
    <Placemark>
      <name>gap_1182</name>
      <description>confidence: 0.2872</description>
      <styleUrl>#gapStyle</styleUrl>
      <Polygon>
        <outerBoundaryIs><LinearRing><coordinates>
          113.81971552941613,22.604849693958215,0
          113.8197345953987,22.604849693958215,0
          113.8197345953987,22.604863950840013,0
          113.81971552941613,22.604863950840013,0
          113.81971552941613,22.604849693958215,0
        </coordinates></LinearRing></outerBoundaryIs>
      </Polygon>
    </Placemark>
    <Placemark>
      <name>gap_1183</name>
      <description>confidence: 0.2872</description>
      <styleUrl>#gapStyle</styleUrl>
      <Polygon>
        <outerBoundaryIs><LinearRing><coordinates>
          113.80946422453502,22.607902869770353,0
          113.80955572416025,22.607902869770353,0
          113.80955572416025,22.607978849993852,0
          113.80946422453502,22.607978849993852,0
          113.80946422453502,22.607902869770353,0
        </coordinates></LinearRing></outerBoundaryIs>
      </Polygon>
    </Placemark>
    <Placemark>
      <name>gap_1184</name>
      <description>confidence: 0.2870</description>
      <styleUrl>#gapStyle</styleUrl>
      <Polygon>
        <outerBoundaryIs><LinearRing><coordinates>
          113.8305420413695,22.58948470380948,0
          113.83062745447654,22.58948470380948,0
          113.83062745447654,22.589628459677776,0
          113.8305420413695,22.589628459677776,0
          113.8305420413695,22.58948470380948,0
        </coordinates></LinearRing></outerBoundaryIs>
      </Polygon>
    </Placemark>
    <Placemark>
      <name>gap_1185</name>
      <description>confidence: 0.2866</description>
      <styleUrl>#gapStyle</styleUrl>
      <Polygon>
        <outerBoundaryIs><LinearRing><coordinates>
          113.83121569495518,22.576304892620243,0
          113.83130535940815,22.576304892620243,0
          113.83130535940815,22.576340976592117,0
          113.83121569495518,22.576340976592117,0
          113.83121569495518,22.576304892620243,0
        </coordinates></LinearRing></outerBoundaryIs>
      </Polygon>
    </Placemark>
    <Placemark>
      <name>gap_1186</name>
      <description>confidence: 0.2864</description>
      <styleUrl>#gapStyle</styleUrl>
      <Polygon>
        <outerBoundaryIs><LinearRing><coordinates>
          113.82293362099266,22.540941076281744,0
          113.82301176364169,22.540941076281744,0
          113.82301176364169,22.540959359103343,0
          113.82293362099266,22.540959359103343,0
          113.82293362099266,22.540941076281744,0
        </coordinates></LinearRing></outerBoundaryIs>
      </Polygon>
    </Placemark>
    <Placemark>
      <name>gap_1187</name>
      <description>confidence: 0.2862</description>
      <styleUrl>#gapStyle</styleUrl>
      <Polygon>
        <outerBoundaryIs><LinearRing><coordinates>
          113.82229846010382,22.60888435467301,0
          113.82237044993273,22.60888435467301,0
          113.82237044993273,22.608928077447022,0
          113.82229846010382,22.608928077447022,0
          113.82229846010382,22.60888435467301,0
        </coordinates></LinearRing></outerBoundaryIs>
      </Polygon>
    </Placemark>
    <Placemark>
      <name>gap_1188</name>
      <description>confidence: 0.2862</description>
      <styleUrl>#gapStyle</styleUrl>
      <Polygon>
        <outerBoundaryIs><LinearRing><coordinates>
          113.82007837832924,22.61114035523759,0
          113.82014803228348,22.61114035523759,0
          113.82014803228348,22.611234194584636,0
          113.82007837832924,22.611234194584636,0
          113.82007837832924,22.61114035523759,0
        </coordinates></LinearRing></outerBoundaryIs>
      </Polygon>
    </Placemark>
    <Placemark>
      <name>gap_1189</name>
      <description>confidence: 0.2858</description>
      <styleUrl>#gapStyle</styleUrl>
      <Polygon>
        <outerBoundaryIs><LinearRing><coordinates>
          113.82450208860156,22.59916797745282,0
          113.82454450195317,22.59916797745282,0
          113.82454450195317,22.599187313554417,0
          113.82450208860156,22.599187313554417,0
          113.82450208860156,22.59916797745282,0
        </coordinates></LinearRing></outerBoundaryIs>
      </Polygon>
    </Placemark>
    <Placemark>
      <name>gap_1190</name>
      <description>confidence: 0.2855</description>
      <styleUrl>#gapStyle</styleUrl>
      <Polygon>
        <outerBoundaryIs><LinearRing><coordinates>
          113.82428706780559,22.593286439011926,0
          113.82435912082597,22.593286439011926,0
          113.82435912082597,22.593313396480706,0
          113.82428706780559,22.593313396480706,0
          113.82428706780559,22.593286439011926,0
        </coordinates></LinearRing></outerBoundaryIs>
      </Polygon>
    </Placemark>
    <Placemark>
      <name>gap_1191</name>
      <description>confidence: 0.2855</description>
      <styleUrl>#gapStyle</styleUrl>
      <Polygon>
        <outerBoundaryIs><LinearRing><coordinates>
          113.81988632141514,22.60490176819837,0
          113.81990660260588,22.60490176819837,0
          113.81990660260588,22.604917831767136,0
          113.81988632141514,22.604917831767136,0
          113.81988632141514,22.60490176819837,0
        </coordinates></LinearRing></outerBoundaryIs>
      </Polygon>
    </Placemark>
    <Placemark>
      <name>gap_1192</name>
      <description>confidence: 0.2853</description>
      <styleUrl>#gapStyle</styleUrl>
      <Polygon>
        <outerBoundaryIs><LinearRing><coordinates>
          113.82456259112809,22.60763419073173,0
          113.82457756529865,22.60763419073173,0
          113.82457756529865,22.60766114811866,0
          113.82456259112809,22.60766114811866,0
          113.82456259112809,22.60763419073173,0
        </coordinates></LinearRing></outerBoundaryIs>
      </Polygon>
    </Placemark>
    <Placemark>
      <name>gap_1193</name>
      <description>confidence: 0.2851</description>
      <styleUrl>#gapStyle</styleUrl>
      <Polygon>
        <outerBoundaryIs><LinearRing><coordinates>
          113.83247521319991,22.536660205918455,0
          113.83254685645794,22.536660205918455,0
          113.83254685645794,22.536679351074557,0
          113.83247521319991,22.536679351074557,0
          113.83247521319991,22.536660205918455,0
        </coordinates></LinearRing></outerBoundaryIs>
      </Polygon>
    </Placemark>
    <Placemark>
      <name>gap_1194</name>
      <description>confidence: 0.2848</description>
      <styleUrl>#gapStyle</styleUrl>
      <Polygon>
        <outerBoundaryIs><LinearRing><coordinates>
          113.82705579642231,22.53992823115448,0
          113.82713883796623,22.53992823115448,0
          113.82713883796623,22.539958830891734,0
          113.82705579642231,22.539958830891734,0
          113.82705579642231,22.53992823115448,0
        </coordinates></LinearRing></outerBoundaryIs>
      </Polygon>
    </Placemark>
    <Placemark>
      <name>gap_1195</name>
      <description>confidence: 0.2848</description>
      <styleUrl>#gapStyle</styleUrl>
      <Polygon>
        <outerBoundaryIs><LinearRing><coordinates>
          113.82858560353318,22.538439227158452,0
          113.82866358558417,22.538439227158452,0
          113.82866358558417,22.53846021802553,0
          113.82858560353318,22.53846021802553,0
          113.82858560353318,22.538439227158452,0
        </coordinates></LinearRing></outerBoundaryIs>
      </Polygon>
    </Placemark>
    <Placemark>
      <name>gap_1196</name>
      <description>confidence: 0.2847</description>
      <styleUrl>#gapStyle</styleUrl>
      <Polygon>
        <outerBoundaryIs><LinearRing><coordinates>
          113.82214655130686,22.543816222971994,0
          113.82223540491165,22.543816222971994,0
          113.82223540491165,22.543843363057604,0
          113.82214655130686,22.543843363057604,0
          113.82214655130686,22.543816222971994,0
        </coordinates></LinearRing></outerBoundaryIs>
      </Polygon>
    </Placemark>
    <Placemark>
      <name>gap_1197</name>
      <description>confidence: 0.2847</description>
      <styleUrl>#gapStyle</styleUrl>
      <Polygon>
        <outerBoundaryIs><LinearRing><coordinates>
          113.82372036502134,22.57757575333396,0
          113.82379358192728,22.57757575333396,0
          113.82379358192728,22.5775904045,0
          113.82372036502134,22.5775904045,0
          113.82372036502134,22.57757575333396,0
        </coordinates></LinearRing></outerBoundaryIs>
      </Polygon>
    </Placemark>
    <Placemark>
      <name>gap_1198</name>
      <description>confidence: 0.2844</description>
      <styleUrl>#gapStyle</styleUrl>
      <Polygon>
        <outerBoundaryIs><LinearRing><coordinates>
          113.82045198608289,22.61118053716054,0
          113.82053629898698,22.61118053716054,0
          113.82053629898698,22.611266933337102,0
          113.82045198608289,22.611266933337102,0
          113.82045198608289,22.61118053716054,0
        </coordinates></LinearRing></outerBoundaryIs>
      </Polygon>
    </Placemark>
    <Placemark>
      <name>gap_1199</name>
      <description>confidence: 0.2840</description>
      <styleUrl>#gapStyle</styleUrl>
      <Polygon>
        <outerBoundaryIs><LinearRing><coordinates>
          113.821069284574,22.576714734712006,0
          113.82111680587624,22.576714734712006,0
          113.82111680587624,22.576729152191838,0
          113.821069284574,22.576729152191838,0
          113.821069284574,22.576714734712006,0
        </coordinates></LinearRing></outerBoundaryIs>
      </Polygon>
    </Placemark>
    <Placemark>
      <name>gap_1200</name>
      <description>confidence: 0.2839</description>
      <styleUrl>#gapStyle</styleUrl>
      <Polygon>
        <outerBoundaryIs><LinearRing><coordinates>
          113.80881514883329,22.601687675856684,0
          113.80885465398532,22.601687675856684,0
          113.80885465398532,22.60170419306169,0
          113.80881514883329,22.60170419306169,0
          113.80881514883329,22.601687675856684,0
        </coordinates></LinearRing></outerBoundaryIs>
      </Polygon>
    </Placemark>
    <Placemark>
      <name>gap_1201</name>
      <description>confidence: 0.2839</description>
      <styleUrl>#gapStyle</styleUrl>
      <Polygon>
        <outerBoundaryIs><LinearRing><coordinates>
          113.82049285057306,22.61268300986381,0
          113.82056607394037,22.61268300986381,0
          113.82056607394037,22.612753204792767,0
          113.82049285057306,22.612753204792767,0
          113.82049285057306,22.61268300986381,0
        </coordinates></LinearRing></outerBoundaryIs>
      </Polygon>
    </Placemark>
    <Placemark>
      <name>gap_1202</name>
      <description>confidence: 0.2837</description>
      <styleUrl>#gapStyle</styleUrl>
      <Polygon>
        <outerBoundaryIs><LinearRing><coordinates>
          113.80879433837298,22.597175697984362,0
          113.80886744109223,22.597175697984362,0
          113.80886744109223,22.597209944778566,0
          113.80879433837298,22.597209944778566,0
          113.80879433837298,22.597175697984362,0
        </coordinates></LinearRing></outerBoundaryIs>
      </Polygon>
    </Placemark>
    <Placemark>
      <name>gap_1203</name>
      <description>confidence: 0.2836</description>
      <styleUrl>#gapStyle</styleUrl>
      <Polygon>
        <outerBoundaryIs><LinearRing><coordinates>
          113.83062059353533,22.52479403732539,0
          113.8307184335906,22.52479403732539,0
          113.8307184335906,22.524823582125098,0
          113.83062059353533,22.524823582125098,0
          113.83062059353533,22.52479403732539,0
        </coordinates></LinearRing></outerBoundaryIs>
      </Polygon>
    </Placemark>
    <Placemark>
      <name>gap_1204</name>
      <description>confidence: 0.2834</description>
      <styleUrl>#gapStyle</styleUrl>
      <Polygon>
        <outerBoundaryIs><LinearRing><coordinates>
          113.82789595640506,22.538459607761183,0
          113.82798145202119,22.538459607761183,0
          113.82798145202119,22.538484479338162,0
          113.82789595640506,22.538484479338162,0
          113.82789595640506,22.538459607761183,0
        </coordinates></LinearRing></outerBoundaryIs>
      </Polygon>
    </Placemark>
    <Placemark>
      <name>gap_1205</name>
      <description>confidence: 0.2832</description>
      <styleUrl>#gapStyle</styleUrl>
      <Polygon>
        <outerBoundaryIs><LinearRing><coordinates>
          113.82672716029296,22.57392860249061,0
          113.82683546786947,22.57392860249061,0
          113.82683546786947,22.57396390982938,0
          113.82672716029296,22.57396390982938,0
          113.82672716029296,22.57392860249061,0
        </coordinates></LinearRing></outerBoundaryIs>
      </Polygon>
    </Placemark>
    <Placemark>
      <name>gap_1206</name>
      <description>confidence: 0.2832</description>
      <styleUrl>#gapStyle</styleUrl>
      <Polygon>
        <outerBoundaryIs><LinearRing><coordinates>
          113.82456800124368,22.599426772427282,0
          113.8245867962887,22.599426772427282,0
          113.8245867962887,22.59944719588071,0
          113.82456800124368,22.59944719588071,0
          113.82456800124368,22.599426772427282,0
        </coordinates></LinearRing></outerBoundaryIs>
      </Polygon>
    </Placemark>
    <Placemark>
      <name>gap_1207</name>
      <description>confidence: 0.2830</description>
      <styleUrl>#gapStyle</styleUrl>
      <Polygon>
        <outerBoundaryIs><LinearRing><coordinates>
          113.82741002141744,22.581023620499998,0
          113.82748607457306,22.581023620499998,0
          113.82748607457306,22.581045391110642,0
          113.82741002141744,22.581045391110642,0
          113.82741002141744,22.581023620499998,0
        </coordinates></LinearRing></outerBoundaryIs>
      </Polygon>
    </Placemark>
    <Placemark>
      <name>gap_1208</name>
      <description>confidence: 0.2829</description>
      <styleUrl>#gapStyle</styleUrl>
      <Polygon>
        <outerBoundaryIs><LinearRing><coordinates>
          113.83065615413113,22.523555499961503,0
          113.83071699131875,22.523555499961503,0
          113.83071699131875,22.52359072855649,0
          113.83065615413113,22.52359072855649,0
          113.83065615413113,22.523555499961503,0
        </coordinates></LinearRing></outerBoundaryIs>
      </Polygon>
    </Placemark>
    <Placemark>
      <name>gap_1209</name>
      <description>confidence: 0.2822</description>
      <styleUrl>#gapStyle</styleUrl>
      <Polygon>
        <outerBoundaryIs><LinearRing><coordinates>
          113.82542991427934,22.61100696972954,0
          113.82547098366604,22.61100696972954,0
          113.82547098366604,22.61106295181428,0
          113.82542991427934,22.61106295181428,0
          113.82542991427934,22.61100696972954,0
        </coordinates></LinearRing></outerBoundaryIs>
      </Polygon>
    </Placemark>
    <Placemark>
      <name>gap_1210</name>
      <description>confidence: 0.2821</description>
      <styleUrl>#gapStyle</styleUrl>
      <Polygon>
        <outerBoundaryIs><LinearRing><coordinates>
          113.82319616767474,22.596964094060947,0
          113.82327599603013,22.596964094060947,0
          113.82327599603013,22.596982279782946,0
          113.82319616767474,22.596982279782946,0
          113.82319616767474,22.596964094060947,0
        </coordinates></LinearRing></outerBoundaryIs>
      </Polygon>
    </Placemark>
    <Placemark>
      <name>gap_1211</name>
      <description>confidence: 0.2820</description>
      <styleUrl>#gapStyle</styleUrl>
      <Polygon>
        <outerBoundaryIs><LinearRing><coordinates>
          113.8239425027577,22.57654700381631,0
          113.82399670958752,22.57654700381631,0
          113.82399670958752,22.57656511717915,0
          113.8239425027577,22.57656511717915,0
          113.8239425027577,22.57654700381631,0
        </coordinates></LinearRing></outerBoundaryIs>
      </Polygon>
    </Placemark>
    <Placemark>
      <name>gap_1212</name>
      <description>confidence: 0.2819</description>
      <styleUrl>#gapStyle</styleUrl>
      <Polygon>
        <outerBoundaryIs><LinearRing><coordinates>
          113.82277469581327,22.544854370168192,0
          113.82286547945938,22.544854370168192,0
          113.82286547945938,22.54488617021614,0
          113.82277469581327,22.54488617021614,0
          113.82277469581327,22.544854370168192,0
        </coordinates></LinearRing></outerBoundaryIs>
      </Polygon>
    </Placemark>
    <Placemark>
      <name>gap_1213</name>
      <description>confidence: 0.2818</description>
      <styleUrl>#gapStyle</styleUrl>
      <Polygon>
        <outerBoundaryIs><LinearRing><coordinates>
          113.82471502154125,22.54052138726719,0
          113.82492030818912,22.54052138726719,0
          113.82492030818912,22.54056448377435,0
          113.82471502154125,22.54056448377435,0
          113.82471502154125,22.54052138726719,0
        </coordinates></LinearRing></outerBoundaryIs>
      </Polygon>
    </Placemark>
    <Placemark>
      <name>gap_1214</name>
      <description>confidence: 0.2815</description>
      <styleUrl>#gapStyle</styleUrl>
      <Polygon>
        <outerBoundaryIs><LinearRing><coordinates>
          113.82051958349005,22.550621517624858,0
          113.8206382751374,22.550621517624858,0
          113.8206382751374,22.550675852883984,0
          113.82051958349005,22.550675852883984,0
          113.82051958349005,22.550621517624858,0
        </coordinates></LinearRing></outerBoundaryIs>
      </Polygon>
    </Placemark>
    <Placemark>
      <name>gap_1215</name>
      <description>confidence: 0.2814</description>
      <styleUrl>#gapStyle</styleUrl>
      <Polygon>
        <outerBoundaryIs><LinearRing><coordinates>
          113.81925329045569,22.60416558643911,0
          113.81934878669642,22.60416558643911,0
          113.81934878669642,22.6041978285,0
          113.81925329045569,22.6041978285,0
          113.81925329045569,22.60416558643911,0
        </coordinates></LinearRing></outerBoundaryIs>
      </Polygon>
    </Placemark>
    <Placemark>
      <name>gap_1216</name>
      <description>confidence: 0.2814</description>
      <styleUrl>#gapStyle</styleUrl>
      <Polygon>
        <outerBoundaryIs><LinearRing><coordinates>
          113.82899122579289,22.6084809839781,0
          113.82902069233994,22.6084809839781,0
          113.82902069233994,22.608501234719068,0
          113.82899122579289,22.608501234719068,0
          113.82899122579289,22.6084809839781,0
        </coordinates></LinearRing></outerBoundaryIs>
      </Polygon>
    </Placemark>
    <Placemark>
      <name>gap_1217</name>
      <description>confidence: 0.2814</description>
      <styleUrl>#gapStyle</styleUrl>
      <Polygon>
        <outerBoundaryIs><LinearRing><coordinates>
          113.82425752194177,22.59427705958535,0
          113.82428096205166,22.59427705958535,0
          113.82428096205166,22.59429773662324,0
          113.82425752194177,22.59429773662324,0
          113.82425752194177,22.59427705958535,0
        </coordinates></LinearRing></outerBoundaryIs>
      </Polygon>
    </Placemark>
    <Placemark>
      <name>gap_1218</name>
      <description>confidence: 0.2813</description>
      <styleUrl>#gapStyle</styleUrl>
      <Polygon>
        <outerBoundaryIs><LinearRing><coordinates>
          113.8188787385133,22.587982386792987,0
          113.81893781517975,22.587982386792987,0
          113.81893781517975,22.58799984863694,0
          113.8188787385133,22.58799984863694,0
          113.8188787385133,22.587982386792987,0
        </coordinates></LinearRing></outerBoundaryIs>
      </Polygon>
    </Placemark>
    <Placemark>
      <name>gap_1219</name>
      <description>confidence: 0.2812</description>
      <styleUrl>#gapStyle</styleUrl>
      <Polygon>
        <outerBoundaryIs><LinearRing><coordinates>
          113.82946269463834,22.553286352409845,0
          113.82953365948835,22.553286352409845,0
          113.82953365948835,22.55330986422405,0
          113.82946269463834,22.55330986422405,0
          113.82946269463834,22.553286352409845,0
        </coordinates></LinearRing></outerBoundaryIs>
      </Polygon>
    </Placemark>
    <Placemark>
      <name>gap_1220</name>
      <description>confidence: 0.2802</description>
      <styleUrl>#gapStyle</styleUrl>
      <Polygon>
        <outerBoundaryIs><LinearRing><coordinates>
          113.82068405114337,22.59413654166647,0
          113.8207684852736,22.59413654166647,0
          113.8207684852736,22.594153521102413,0
          113.82068405114337,22.594153521102413,0
          113.82068405114337,22.59413654166647,0
        </coordinates></LinearRing></outerBoundaryIs>
      </Polygon>
    </Placemark>
    <Placemark>
      <name>gap_1221</name>
      <description>confidence: 0.2801</description>
      <styleUrl>#gapStyle</styleUrl>
      <Polygon>
        <outerBoundaryIs><LinearRing><coordinates>
          113.8243386330351,22.537963100028676,0
          113.82439733038896,22.537963100028676,0
          113.82439733038896,22.537986722202874,0
          113.8243386330351,22.537986722202874,0
          113.8243386330351,22.537963100028676,0
        </coordinates></LinearRing></outerBoundaryIs>
      </Polygon>
    </Placemark>
    <Placemark>
      <name>gap_1222</name>
      <description>confidence: 0.2799</description>
      <styleUrl>#gapStyle</styleUrl>
      <Polygon>
        <outerBoundaryIs><LinearRing><coordinates>
          113.81449220950998,22.60159121479737,0
          113.81454667802782,22.60159121479737,0
          113.81454667802782,22.6016229165,0
          113.81449220950998,22.6016229165,0
          113.81449220950998,22.60159121479737,0
        </coordinates></LinearRing></outerBoundaryIs>
      </Polygon>
    </Placemark>
    <Placemark>
      <name>gap_1223</name>
      <description>confidence: 0.2797</description>
      <styleUrl>#gapStyle</styleUrl>
      <Polygon>
        <outerBoundaryIs><LinearRing><coordinates>
          113.81316976036874,22.58572242661101,0
          113.81325339936681,22.58572242661101,0
          113.81325339936681,22.58576118017733,0
          113.81316976036874,22.58576118017733,0
          113.81316976036874,22.58572242661101,0
        </coordinates></LinearRing></outerBoundaryIs>
      </Polygon>
    </Placemark>
    <Placemark>
      <name>gap_1224</name>
      <description>confidence: 0.2792</description>
      <styleUrl>#gapStyle</styleUrl>
      <Polygon>
        <outerBoundaryIs><LinearRing><coordinates>
          113.83197357729877,22.602233837726654,0
          113.83200600762443,22.602233837726654,0
          113.83200600762443,22.602317367040033,0
          113.83197357729877,22.602317367040033,0
          113.83197357729877,22.602233837726654,0
        </coordinates></LinearRing></outerBoundaryIs>
      </Polygon>
    </Placemark>
    <Placemark>
      <name>gap_1225</name>
      <description>confidence: 0.2789</description>
      <styleUrl>#gapStyle</styleUrl>
      <Polygon>
        <outerBoundaryIs><LinearRing><coordinates>
          113.82321444380474,22.57804442942757,0
          113.82337066889899,22.57804442942757,0
          113.82337066889899,22.578072569117257,0
          113.82321444380474,22.578072569117257,0
          113.82321444380474,22.57804442942757,0
        </coordinates></LinearRing></outerBoundaryIs>
      </Polygon>
    </Placemark>
    <Placemark>
      <name>gap_1226</name>
      <description>confidence: 0.2785</description>
      <styleUrl>#gapStyle</styleUrl>
      <Polygon>
        <outerBoundaryIs><LinearRing><coordinates>
          113.82028719997561,22.601910910071627,0
          113.8203277757812,22.601910910071627,0
          113.8203277757812,22.6021053343743,0
          113.82028719997561,22.6021053343743,0
          113.82028719997561,22.601910910071627,0
        </coordinates></LinearRing></outerBoundaryIs>
      </Polygon>
    </Placemark>
    <Placemark>
      <name>gap_1227</name>
      <description>confidence: 0.2783</description>
      <styleUrl>#gapStyle</styleUrl>
      <Polygon>
        <outerBoundaryIs><LinearRing><coordinates>
          113.82964705209632,22.607117182520945,0
          113.82968969275717,22.607117182520945,0
          113.82968969275717,22.607164991786437,0
          113.82964705209632,22.607164991786437,0
          113.82964705209632,22.607117182520945,0
        </coordinates></LinearRing></outerBoundaryIs>
      </Polygon>
    </Placemark>
    <Placemark>
      <name>gap_1228</name>
      <description>confidence: 0.2781</description>
      <styleUrl>#gapStyle</styleUrl>
      <Polygon>
        <outerBoundaryIs><LinearRing><coordinates>
          113.82326599851599,22.577077324351798,0
          113.8233155229554,22.577077324351798,0
          113.8233155229554,22.577098590331,0
          113.82326599851599,22.577098590331,0
          113.82326599851599,22.577077324351798,0
        </coordinates></LinearRing></outerBoundaryIs>
      </Polygon>
    </Placemark>
    <Placemark>
      <name>gap_1229</name>
      <description>confidence: 0.2775</description>
      <styleUrl>#gapStyle</styleUrl>
      <Polygon>
        <outerBoundaryIs><LinearRing><coordinates>
          113.82969647106653,22.603312258031433,0
          113.82973127451055,22.603312258031433,0
          113.82973127451055,22.60336941619801,0
          113.82969647106653,22.60336941619801,0
          113.82969647106653,22.603312258031433,0
        </coordinates></LinearRing></outerBoundaryIs>
      </Polygon>
    </Placemark>
    <Placemark>
      <name>gap_1230</name>
      <description>confidence: 0.2774</description>
      <styleUrl>#gapStyle</styleUrl>
      <Polygon>
        <outerBoundaryIs><LinearRing><coordinates>
          113.8325269772534,22.56358997042273,0
          113.83262973609415,22.56358997042273,0
          113.83262973609415,22.56362231774818,0
          113.8325269772534,22.56362231774818,0
          113.8325269772534,22.56358997042273,0
        </coordinates></LinearRing></outerBoundaryIs>
      </Polygon>
    </Placemark>
    <Placemark>
      <name>gap_1231</name>
      <description>confidence: 0.2773</description>
      <styleUrl>#gapStyle</styleUrl>
      <Polygon>
        <outerBoundaryIs><LinearRing><coordinates>
          113.81913338511448,22.547967948521887,0
          113.81920772759818,22.547967948521887,0
          113.81920772759818,22.5479840921441,0
          113.81913338511448,22.5479840921441,0
          113.81913338511448,22.547967948521887,0
        </coordinates></LinearRing></outerBoundaryIs>
      </Polygon>
    </Placemark>
    <Placemark>
      <name>gap_1232</name>
      <description>confidence: 0.2768</description>
      <styleUrl>#gapStyle</styleUrl>
      <Polygon>
        <outerBoundaryIs><LinearRing><coordinates>
          113.82461851685618,22.57873041889862,0
          113.82469614938952,22.57873041889862,0
          113.82469614938952,22.57874941530509,0
          113.82461851685618,22.57874941530509,0
          113.82461851685618,22.57873041889862,0
        </coordinates></LinearRing></outerBoundaryIs>
      </Polygon>
    </Placemark>
    <Placemark>
      <name>gap_1233</name>
      <description>confidence: 0.2765</description>
      <styleUrl>#gapStyle</styleUrl>
      <Polygon>
        <outerBoundaryIs><LinearRing><coordinates>
          113.822052666367,22.58012667163612,0
          113.822105478073,22.58012667163612,0
          113.822105478073,22.580151630960852,0
          113.822052666367,22.580151630960852,0
          113.822052666367,22.58012667163612,0
        </coordinates></LinearRing></outerBoundaryIs>
      </Polygon>
    </Placemark>
    <Placemark>
      <name>gap_1234</name>
      <description>confidence: 0.2763</description>
      <styleUrl>#gapStyle</styleUrl>
      <Polygon>
        <outerBoundaryIs><LinearRing><coordinates>
          113.81534212254915,22.598335343108715,0
          113.8153616307084,22.598335343108715,0
          113.8153616307084,22.59836912894072,0
          113.81534212254915,22.59836912894072,0
          113.81534212254915,22.598335343108715,0
        </coordinates></LinearRing></outerBoundaryIs>
      </Polygon>
    </Placemark>
    <Placemark>
      <name>gap_1235</name>
      <description>confidence: 0.2760</description>
      <styleUrl>#gapStyle</styleUrl>
      <Polygon>
        <outerBoundaryIs><LinearRing><coordinates>
          113.8223629919057,22.553149696497165,0
          113.82245691445759,22.553149696497165,0
          113.82245691445759,22.55317586513656,0
          113.8223629919057,22.55317586513656,0
          113.8223629919057,22.553149696497165,0
        </coordinates></LinearRing></outerBoundaryIs>
      </Polygon>
    </Placemark>
    <Placemark>
      <name>gap_1236</name>
      <description>confidence: 0.2760</description>
      <styleUrl>#gapStyle</styleUrl>
      <Polygon>
        <outerBoundaryIs><LinearRing><coordinates>
          113.82475597623481,22.545721223128176,0
          113.82484672856656,22.545721223128176,0
          113.82484672856656,22.545756967686298,0
          113.82475597623481,22.545756967686298,0
          113.82475597623481,22.545721223128176,0
        </coordinates></LinearRing></outerBoundaryIs>
      </Polygon>
    </Placemark>
    <Placemark>
      <name>gap_1237</name>
      <description>confidence: 0.2760</description>
      <styleUrl>#gapStyle</styleUrl>
      <Polygon>
        <outerBoundaryIs><LinearRing><coordinates>
          113.82899402455334,22.540005062416594,0
          113.82906708503582,22.540005062416594,0
          113.82906708503582,22.540034856216923,0
          113.82899402455334,22.540034856216923,0
          113.82899402455334,22.540005062416594,0
        </coordinates></LinearRing></outerBoundaryIs>
      </Polygon>
    </Placemark>
    <Placemark>
      <name>gap_1238</name>
      <description>confidence: 0.2758</description>
      <styleUrl>#gapStyle</styleUrl>
      <Polygon>
        <outerBoundaryIs><LinearRing><coordinates>
          113.82890336675814,22.5740102119126,0
          113.82897653283258,22.5740102119126,0
          113.82897653283258,22.574026572366723,0
          113.82890336675814,22.574026572366723,0
          113.82890336675814,22.5740102119126,0
        </coordinates></LinearRing></outerBoundaryIs>
      </Polygon>
    </Placemark>
    <Placemark>
      <name>gap_1239</name>
      <description>confidence: 0.2756</description>
      <styleUrl>#gapStyle</styleUrl>
      <Polygon>
        <outerBoundaryIs><LinearRing><coordinates>
          113.81535079361522,22.598280465401487,0
          113.81536964960073,22.598280465401487,0
          113.81536964960073,22.59831447256738,0
          113.81535079361522,22.59831447256738,0
          113.81535079361522,22.598280465401487,0
        </coordinates></LinearRing></outerBoundaryIs>
      </Polygon>
    </Placemark>
    <Placemark>
      <name>gap_1240</name>
      <description>confidence: 0.2755</description>
      <styleUrl>#gapStyle</styleUrl>
      <Polygon>
        <outerBoundaryIs><LinearRing><coordinates>
          113.82592681008283,22.609231297157063,0
          113.8259974561924,22.609231297157063,0
          113.8259974561924,22.60925070604755,0
          113.82592681008283,22.60925070604755,0
          113.82592681008283,22.609231297157063,0
        </coordinates></LinearRing></outerBoundaryIs>
      </Polygon>
    </Placemark>
    <Placemark>
      <name>gap_1241</name>
      <description>confidence: 0.2752</description>
      <styleUrl>#gapStyle</styleUrl>
      <Polygon>
        <outerBoundaryIs><LinearRing><coordinates>
          113.82741540701768,22.538238335306076,0
          113.82751719195659,22.538238335306076,0
          113.82751719195659,22.53827253532058,0
          113.82741540701768,22.53827253532058,0
          113.82741540701768,22.538238335306076,0
        </coordinates></LinearRing></outerBoundaryIs>
      </Polygon>
    </Placemark>
    <Placemark>
      <name>gap_1242</name>
      <description>confidence: 0.2751</description>
      <styleUrl>#gapStyle</styleUrl>
      <Polygon>
        <outerBoundaryIs><LinearRing><coordinates>
          113.81273109109347,22.61535883251749,0
          113.8128169684778,22.61535883251749,0
          113.8128169684778,22.615508974163095,0
          113.81273109109347,22.615508974163095,0
          113.81273109109347,22.61535883251749,0
        </coordinates></LinearRing></outerBoundaryIs>
      </Polygon>
    </Placemark>
    <Placemark>
      <name>gap_1243</name>
      <description>confidence: 0.2750</description>
      <styleUrl>#gapStyle</styleUrl>
      <Polygon>
        <outerBoundaryIs><LinearRing><coordinates>
          113.82057750114127,22.60842125182284,0
          113.82060148279886,22.60842125182284,0
          113.82060148279886,22.60844099261184,0
          113.82057750114127,22.60844099261184,0
          113.82057750114127,22.60842125182284,0
        </coordinates></LinearRing></outerBoundaryIs>
      </Polygon>
    </Placemark>
    <Placemark>
      <name>gap_1244</name>
      <description>confidence: 0.2748</description>
      <styleUrl>#gapStyle</styleUrl>
      <Polygon>
        <outerBoundaryIs><LinearRing><coordinates>
          113.82742828621063,22.608737279778662,0
          113.82744818677912,22.608737279778662,0
          113.82744818677912,22.608752907555406,0
          113.82742828621063,22.608752907555406,0
          113.82742828621063,22.608737279778662,0
        </coordinates></LinearRing></outerBoundaryIs>
      </Polygon>
    </Placemark>
    <Placemark>
      <name>gap_1245</name>
      <description>confidence: 0.2743</description>
      <styleUrl>#gapStyle</styleUrl>
      <Polygon>
        <outerBoundaryIs><LinearRing><coordinates>
          113.81267854672343,22.60240939532091,0
          113.8126931094127,22.60240939532091,0
          113.8126931094127,22.60243599670325,0
          113.81267854672343,22.60243599670325,0
          113.81267854672343,22.60240939532091,0
        </coordinates></LinearRing></outerBoundaryIs>
      </Polygon>
    </Placemark>
    <Placemark>
      <name>gap_1246</name>
      <description>confidence: 0.2742</description>
      <styleUrl>#gapStyle</styleUrl>
      <Polygon>
        <outerBoundaryIs><LinearRing><coordinates>
          113.82877025034593,22.544057398246586,0
          113.82884518733704,22.544057398246586,0
          113.82884518733704,22.5440854999559,0
          113.82877025034593,22.5440854999559,0
          113.82877025034593,22.544057398246586,0
        </coordinates></LinearRing></outerBoundaryIs>
      </Polygon>
    </Placemark>
    <Placemark>
      <name>gap_1247</name>
      <description>confidence: 0.2734</description>
      <styleUrl>#gapStyle</styleUrl>
      <Polygon>
        <outerBoundaryIs><LinearRing><coordinates>
          113.83167172887248,22.536759010411174,0
          113.83178236061852,22.536759010411174,0
          113.83178236061852,22.536786598730643,0
          113.83167172887248,22.536786598730643,0
          113.83167172887248,22.536759010411174,0
        </coordinates></LinearRing></outerBoundaryIs>
      </Polygon>
    </Placemark>
    <Placemark>
      <name>gap_1248</name>
      <description>confidence: 0.2725</description>
      <styleUrl>#gapStyle</styleUrl>
      <Polygon>
        <outerBoundaryIs><LinearRing><coordinates>
          113.82998397486325,22.536092712657506,0
          113.83004459595566,22.536092712657506,0
          113.83004459595566,22.536113700577832,0
          113.82998397486325,22.536113700577832,0
          113.82998397486325,22.536092712657506,0
        </coordinates></LinearRing></outerBoundaryIs>
      </Polygon>
    </Placemark>
    <Placemark>
      <name>gap_1249</name>
      <description>confidence: 0.2725</description>
      <styleUrl>#gapStyle</styleUrl>
      <Polygon>
        <outerBoundaryIs><LinearRing><coordinates>
          113.83015423333629,22.5977605485,0
          113.83020990531621,22.5977605485,0
          113.83020990531621,22.59780265694453,0
          113.83015423333629,22.59780265694453,0
          113.83015423333629,22.5977605485,0
        </coordinates></LinearRing></outerBoundaryIs>
      </Polygon>
    </Placemark>
    <Placemark>
      <name>gap_1250</name>
      <description>confidence: 0.2723</description>
      <styleUrl>#gapStyle</styleUrl>
      <Polygon>
        <outerBoundaryIs><LinearRing><coordinates>
          113.82647989604457,22.54520888492734,0
          113.82651204732909,22.54520888492734,0
          113.82651204732909,22.545245502425207,0
          113.82647989604457,22.545245502425207,0
          113.82647989604457,22.54520888492734,0
        </coordinates></LinearRing></outerBoundaryIs>
      </Polygon>
    </Placemark>
    <Placemark>
      <name>gap_1251</name>
      <description>confidence: 0.2723</description>
      <styleUrl>#gapStyle</styleUrl>
      <Polygon>
        <outerBoundaryIs><LinearRing><coordinates>
          113.81682654487643,22.603514333905505,0
          113.81685163999737,22.603514333905505,0
          113.81685163999737,22.603528625329798,0
          113.81682654487643,22.603528625329798,0
          113.81682654487643,22.603514333905505,0
        </coordinates></LinearRing></outerBoundaryIs>
      </Polygon>
    </Placemark>
    <Placemark>
      <name>gap_1252</name>
      <description>confidence: 0.2720</description>
      <styleUrl>#gapStyle</styleUrl>
      <Polygon>
        <outerBoundaryIs><LinearRing><coordinates>
          113.83115186843827,22.604179856335733,0
          113.8311674256509,22.604179856335733,0
          113.8311674256509,22.604221761290606,0
          113.83115186843827,22.604221761290606,0
          113.83115186843827,22.604179856335733,0
        </coordinates></LinearRing></outerBoundaryIs>
      </Polygon>
    </Placemark>
    <Placemark>
      <name>gap_1253</name>
      <description>confidence: 0.2720</description>
      <styleUrl>#gapStyle</styleUrl>
      <Polygon>
        <outerBoundaryIs><LinearRing><coordinates>
          113.82044457970588,22.604259775631213,0
          113.82046405070328,22.604259775631213,0
          113.82046405070328,22.60427683700326,0
          113.82044457970588,22.60427683700326,0
          113.82044457970588,22.604259775631213,0
        </coordinates></LinearRing></outerBoundaryIs>
      </Polygon>
    </Placemark>
    <Placemark>
      <name>gap_1254</name>
      <description>confidence: 0.2720</description>
      <styleUrl>#gapStyle</styleUrl>
      <Polygon>
        <outerBoundaryIs><LinearRing><coordinates>
          113.81891181393229,22.552374180865893,0
          113.81898123566602,22.552374180865893,0
          113.81898123566602,22.552407013259618,0
          113.81891181393229,22.552407013259618,0
          113.81891181393229,22.552374180865893,0
        </coordinates></LinearRing></outerBoundaryIs>
      </Polygon>
    </Placemark>
    <Placemark>
      <name>gap_1255</name>
      <description>confidence: 0.2718</description>
      <styleUrl>#gapStyle</styleUrl>
      <Polygon>
        <outerBoundaryIs><LinearRing><coordinates>
          113.82381448574236,22.578685046393165,0
          113.82386664949014,22.578685046393165,0
          113.82386664949014,22.578716320527572,0
          113.82381448574236,22.578716320527572,0
          113.82381448574236,22.578685046393165,0
        </coordinates></LinearRing></outerBoundaryIs>
      </Polygon>
    </Placemark>
    <Placemark>
      <name>gap_1256</name>
      <description>confidence: 0.2717</description>
      <styleUrl>#gapStyle</styleUrl>
      <Polygon>
        <outerBoundaryIs><LinearRing><coordinates>
          113.82824143871164,22.56108588195138,0
          113.82831459234426,22.56108588195138,0
          113.82831459234426,22.561130685866534,0
          113.82824143871164,22.561130685866534,0
          113.82824143871164,22.56108588195138,0
        </coordinates></LinearRing></outerBoundaryIs>
      </Polygon>
    </Placemark>
    <Placemark>
      <name>gap_1257</name>
      <description>confidence: 0.2717</description>
      <styleUrl>#gapStyle</styleUrl>
      <Polygon>
        <outerBoundaryIs><LinearRing><coordinates>
          113.82264566413266,22.579499940179602,0
          113.82269173104864,22.579499940179602,0
          113.82269173104864,22.579519177401266,0
          113.82264566413266,22.579519177401266,0
          113.82264566413266,22.579499940179602,0
        </coordinates></LinearRing></outerBoundaryIs>
      </Polygon>
    </Placemark>
    <Placemark>
      <name>gap_1258</name>
      <description>confidence: 0.2717</description>
      <styleUrl>#gapStyle</styleUrl>
      <Polygon>
        <outerBoundaryIs><LinearRing><coordinates>
          113.82530491191503,22.60846700057134,0
          113.82532785385996,22.60846700057134,0
          113.82532785385996,22.608481571773453,0
          113.82530491191503,22.608481571773453,0
          113.82530491191503,22.60846700057134,0
        </coordinates></LinearRing></outerBoundaryIs>
      </Polygon>
    </Placemark>
    <Placemark>
      <name>gap_1259</name>
      <description>confidence: 0.2716</description>
      <styleUrl>#gapStyle</styleUrl>
      <Polygon>
        <outerBoundaryIs><LinearRing><coordinates>
          113.81559087869354,22.600771840066393,0
          113.81560676652124,22.600771840066393,0
          113.81560676652124,22.60079905398453,0
          113.81559087869354,22.60079905398453,0
          113.81559087869354,22.600771840066393,0
        </coordinates></LinearRing></outerBoundaryIs>
      </Polygon>
    </Placemark>
    <Placemark>
      <name>gap_1260</name>
      <description>confidence: 0.2714</description>
      <styleUrl>#gapStyle</styleUrl>
      <Polygon>
        <outerBoundaryIs><LinearRing><coordinates>
          113.81029713129007,22.60760894794574,0
          113.81037100671342,22.60760894794574,0
          113.81037100671342,22.607641165122935,0
          113.81029713129007,22.607641165122935,0
          113.81029713129007,22.60760894794574,0
        </coordinates></LinearRing></outerBoundaryIs>
      </Polygon>
    </Placemark>
    <Placemark>
      <name>gap_1261</name>
      <description>confidence: 0.2714</description>
      <styleUrl>#gapStyle</styleUrl>
      <Polygon>
        <outerBoundaryIs><LinearRing><coordinates>
          113.8209173601838,22.604474005019398,0
          113.82093690665081,22.604474005019398,0
          113.82093690665081,22.6044915159759,0
          113.8209173601838,22.6044915159759,0
          113.8209173601838,22.604474005019398,0
        </coordinates></LinearRing></outerBoundaryIs>
      </Polygon>
    </Placemark>
    <Placemark>
      <name>gap_1262</name>
      <description>confidence: 0.2708</description>
      <styleUrl>#gapStyle</styleUrl>
      <Polygon>
        <outerBoundaryIs><LinearRing><coordinates>
          113.8318872158898,22.607557424543742,0
          113.83197971972339,22.607557424543742,0
          113.83197971972339,22.607629476745586,0
          113.8318872158898,22.607629476745586,0
          113.8318872158898,22.607557424543742,0
        </coordinates></LinearRing></outerBoundaryIs>
      </Polygon>
    </Placemark>
    <Placemark>
      <name>gap_1263</name>
      <description>confidence: 0.2704</description>
      <styleUrl>#gapStyle</styleUrl>
      <Polygon>
        <outerBoundaryIs><LinearRing><coordinates>
          113.83004635786834,22.53785828013889,0
          113.83011382754196,22.53785828013889,0
          113.83011382754196,22.537879939591466,0
          113.83004635786834,22.537879939591466,0
          113.83004635786834,22.53785828013889,0
        </coordinates></LinearRing></outerBoundaryIs>
      </Polygon>
    </Placemark>
    <Placemark>
      <name>gap_1264</name>
      <description>confidence: 0.2704</description>
      <styleUrl>#gapStyle</styleUrl>
      <Polygon>
        <outerBoundaryIs><LinearRing><coordinates>
          113.83169233011334,22.53880365923505,0
          113.83177609664033,22.53880365923505,0
          113.83177609664033,22.538827756266205,0
          113.83169233011334,22.538827756266205,0
          113.83169233011334,22.53880365923505,0
        </coordinates></LinearRing></outerBoundaryIs>
      </Polygon>
    </Placemark>
    <Placemark>
      <name>gap_1265</name>
      <description>confidence: 0.2702</description>
      <styleUrl>#gapStyle</styleUrl>
      <Polygon>
        <outerBoundaryIs><LinearRing><coordinates>
          113.82943299289846,22.60396064587099,0
          113.82949057911671,22.60396064587099,0
          113.82949057911671,22.604008825936226,0
          113.82943299289846,22.604008825936226,0
          113.82943299289846,22.60396064587099,0
        </coordinates></LinearRing></outerBoundaryIs>
      </Polygon>
    </Placemark>
    <Placemark>
      <name>gap_1266</name>
      <description>confidence: 0.2702</description>
      <styleUrl>#gapStyle</styleUrl>
      <Polygon>
        <outerBoundaryIs><LinearRing><coordinates>
          113.81685379908733,22.60345497746124,0
          113.81687659791011,22.60345497746124,0
          113.81687659791011,22.6034695206692,0
          113.81685379908733,22.6034695206692,0
          113.81685379908733,22.60345497746124,0
        </coordinates></LinearRing></outerBoundaryIs>
      </Polygon>
    </Placemark>
    <Placemark>
      <name>gap_1267</name>
      <description>confidence: 0.2701</description>
      <styleUrl>#gapStyle</styleUrl>
      <Polygon>
        <outerBoundaryIs><LinearRing><coordinates>
          113.81668702897633,22.605625052101914,0
          113.81677002075287,22.605625052101914,0
          113.81677002075287,22.605647982423545,0
          113.81668702897633,22.605647982423545,0
          113.81668702897633,22.605625052101914,0
        </coordinates></LinearRing></outerBoundaryIs>
      </Polygon>
    </Placemark>
    <Placemark>
      <name>gap_1268</name>
      <description>confidence: 0.2701</description>
      <styleUrl>#gapStyle</styleUrl>
      <Polygon>
        <outerBoundaryIs><LinearRing><coordinates>
          113.81465970855352,22.61054004547287,0
          113.8147511536638,22.61054004547287,0
          113.8147511536638,22.61059197252886,0
          113.81465970855352,22.61059197252886,0
          113.81465970855352,22.61054004547287,0
        </coordinates></LinearRing></outerBoundaryIs>
      </Polygon>
    </Placemark>
    <Placemark>
      <name>gap_1269</name>
      <description>confidence: 0.2699</description>
      <styleUrl>#gapStyle</styleUrl>
      <Polygon>
        <outerBoundaryIs><LinearRing><coordinates>
          113.82788023382064,22.609067459024303,0
          113.82789913511247,22.609067459024303,0
          113.82789913511247,22.609084012408886,0
          113.82788023382064,22.609084012408886,0
          113.82788023382064,22.609067459024303,0
        </coordinates></LinearRing></outerBoundaryIs>
      </Polygon>
    </Placemark>
    <Placemark>
      <name>gap_1270</name>
      <description>confidence: 0.2698</description>
      <styleUrl>#gapStyle</styleUrl>
      <Polygon>
        <outerBoundaryIs><LinearRing><coordinates>
          113.82069753644656,22.604391641801637,0
          113.8207178221393,22.604391641801637,0
          113.8207178221393,22.604408513599246,0
          113.82069753644656,22.604408513599246,0
          113.82069753644656,22.604391641801637,0
        </coordinates></LinearRing></outerBoundaryIs>
      </Polygon>
    </Placemark>
    <Placemark>
      <name>gap_1271</name>
      <description>confidence: 0.2697</description>
      <styleUrl>#gapStyle</styleUrl>
      <Polygon>
        <outerBoundaryIs><LinearRing><coordinates>
          113.8215809107452,22.603733368260833,0
          113.82162657436528,22.603733368260833,0
          113.82162657436528,22.603751241954434,0
          113.8215809107452,22.603751241954434,0
          113.8215809107452,22.603733368260833,0
        </coordinates></LinearRing></outerBoundaryIs>
      </Polygon>
    </Placemark>
    <Placemark>
      <name>gap_1272</name>
      <description>confidence: 0.2696</description>
      <styleUrl>#gapStyle</styleUrl>
      <Polygon>
        <outerBoundaryIs><LinearRing><coordinates>
          113.81943633603564,22.55306504233248,0
          113.81954048508892,22.55306504233248,0
          113.81954048508892,22.55308242488013,0
          113.81943633603564,22.55308242488013,0
          113.81943633603564,22.55306504233248,0
        </coordinates></LinearRing></outerBoundaryIs>
      </Polygon>
    </Placemark>
    <Placemark>
      <name>gap_1273</name>
      <description>confidence: 0.2694</description>
      <styleUrl>#gapStyle</styleUrl>
      <Polygon>
        <outerBoundaryIs><LinearRing><coordinates>
          113.82819095208579,22.60595029037958,0
          113.82825465043749,22.60595029037958,0
          113.82825465043749,22.60598503407,0
          113.82819095208579,22.60598503407,0
          113.82819095208579,22.60595029037958,0
        </coordinates></LinearRing></outerBoundaryIs>
      </Polygon>
    </Placemark>
    <Placemark>
      <name>gap_1274</name>
      <description>confidence: 0.2693</description>
      <styleUrl>#gapStyle</styleUrl>
      <Polygon>
        <outerBoundaryIs><LinearRing><coordinates>
          113.829674357814,22.535846053618958,0
          113.82975907651053,22.535846053618958,0
          113.82975907651053,22.535866324148188,0
          113.829674357814,22.535866324148188,0
          113.829674357814,22.535846053618958,0
        </coordinates></LinearRing></outerBoundaryIs>
      </Polygon>
    </Placemark>
    <Placemark>
      <name>gap_1275</name>
      <description>confidence: 0.2692</description>
      <styleUrl>#gapStyle</styleUrl>
      <Polygon>
        <outerBoundaryIs><LinearRing><coordinates>
          113.8317649394152,22.526293677257772,0
          113.8318284164023,22.526293677257772,0
          113.8318284164023,22.526318194242148,0
          113.8317649394152,22.526318194242148,0
          113.8317649394152,22.526293677257772,0
        </coordinates></LinearRing></outerBoundaryIs>
      </Polygon>
    </Placemark>
    <Placemark>
      <name>gap_1276</name>
      <description>confidence: 0.2692</description>
      <styleUrl>#gapStyle</styleUrl>
      <Polygon>
        <outerBoundaryIs><LinearRing><coordinates>
          113.83270861027458,22.58748548530062,0
          113.83277881568088,22.58748548530062,0
          113.83277881568088,22.587578556036274,0
          113.83270861027458,22.587578556036274,0
          113.83270861027458,22.58748548530062,0
        </coordinates></LinearRing></outerBoundaryIs>
      </Polygon>
    </Placemark>
    <Placemark>
      <name>gap_1277</name>
      <description>confidence: 0.2689</description>
      <styleUrl>#gapStyle</styleUrl>
      <Polygon>
        <outerBoundaryIs><LinearRing><coordinates>
          113.831322771894,22.59982660711076,0
          113.83142490565477,22.59982660711076,0
          113.83142490565477,22.599894948345394,0
          113.831322771894,22.599894948345394,0
          113.831322771894,22.59982660711076,0
        </coordinates></LinearRing></outerBoundaryIs>
      </Polygon>
    </Placemark>
    <Placemark>
      <name>gap_1278</name>
      <description>confidence: 0.2689</description>
      <styleUrl>#gapStyle</styleUrl>
      <Polygon>
        <outerBoundaryIs><LinearRing><coordinates>
          113.83107477271723,22.58220979340949,0
          113.83112652162768,22.58220979340949,0
          113.83112652162768,22.5822558505848,0
          113.83107477271723,22.5822558505848,0
          113.83107477271723,22.58220979340949,0
        </coordinates></LinearRing></outerBoundaryIs>
      </Polygon>
    </Placemark>
    <Placemark>
      <name>gap_1279</name>
      <description>confidence: 0.2688</description>
      <styleUrl>#gapStyle</styleUrl>
      <Polygon>
        <outerBoundaryIs><LinearRing><coordinates>
          113.82967696341889,22.54820111730506,0
          113.82975657236398,22.54820111730506,0
          113.82975657236398,22.548223175797094,0
          113.82967696341889,22.548223175797094,0
          113.82967696341889,22.54820111730506,0
        </coordinates></LinearRing></outerBoundaryIs>
      </Polygon>
    </Placemark>
    <Placemark>
      <name>gap_1280</name>
      <description>confidence: 0.2688</description>
      <styleUrl>#gapStyle</styleUrl>
      <Polygon>
        <outerBoundaryIs><LinearRing><coordinates>
          113.82250504311835,22.60134055118554,0
          113.82256069336599,22.60134055118554,0
          113.82256069336599,22.601366995837456,0
          113.82250504311835,22.601366995837456,0
          113.82250504311835,22.60134055118554,0
        </coordinates></LinearRing></outerBoundaryIs>
      </Polygon>
    </Placemark>
    <Placemark>
      <name>gap_1281</name>
      <description>confidence: 0.2684</description>
      <styleUrl>#gapStyle</styleUrl>
      <Polygon>
        <outerBoundaryIs><LinearRing><coordinates>
          113.82323574653651,22.5473698933915,0
          113.8234240057,22.5473698933915,0
          113.8234240057,22.547411093908714,0
          113.82323574653651,22.547411093908714,0
          113.82323574653651,22.5473698933915,0
        </coordinates></LinearRing></outerBoundaryIs>
      </Polygon>
    </Placemark>
    <Placemark>
      <name>gap_1282</name>
      <description>confidence: 0.2684</description>
      <styleUrl>#gapStyle</styleUrl>
      <Polygon>
        <outerBoundaryIs><LinearRing><coordinates>
          113.81441404890674,22.6140683245,0
          113.81443850241315,22.6140683245,0
          113.81443850241315,22.614105375989087,0
          113.81441404890674,22.614105375989087,0
          113.81441404890674,22.6140683245,0
        </coordinates></LinearRing></outerBoundaryIs>
      </Polygon>
    </Placemark>
    <Placemark>
      <name>gap_1283</name>
      <description>confidence: 0.2684</description>
      <styleUrl>#gapStyle</styleUrl>
      <Polygon>
        <outerBoundaryIs><LinearRing><coordinates>
          113.82511357462253,22.581055146049728,0
          113.82514020753922,22.581055146049728,0
          113.82514020753922,22.581072721793866,0
          113.82511357462253,22.581072721793866,0
          113.82511357462253,22.581055146049728,0
        </coordinates></LinearRing></outerBoundaryIs>
      </Polygon>
    </Placemark>
    <Placemark>
      <name>gap_1284</name>
      <description>confidence: 0.2683</description>
      <styleUrl>#gapStyle</styleUrl>
      <Polygon>
        <outerBoundaryIs><LinearRing><coordinates>
          113.8271498011968,22.532820932879673,0
          113.82728512198484,22.532820932879673,0
          113.82728512198484,22.53294553354426,0
          113.8271498011968,22.53294553354426,0
          113.8271498011968,22.532820932879673,0
        </coordinates></LinearRing></outerBoundaryIs>
      </Polygon>
    </Placemark>
    <Placemark>
      <name>gap_1285</name>
      <description>confidence: 0.2678</description>
      <styleUrl>#gapStyle</styleUrl>
      <Polygon>
        <outerBoundaryIs><LinearRing><coordinates>
          113.81713520852834,22.60263584219231,0
          113.81720497331322,22.60263584219231,0
          113.81720497331322,22.602682600285547,0
          113.81713520852834,22.602682600285547,0
          113.81713520852834,22.60263584219231,0
        </coordinates></LinearRing></outerBoundaryIs>
      </Polygon>
    </Placemark>
    <Placemark>
      <name>gap_1286</name>
      <description>confidence: 0.2678</description>
      <styleUrl>#gapStyle</styleUrl>
      <Polygon>
        <outerBoundaryIs><LinearRing><coordinates>
          113.82844385399436,22.609267781825945,0
          113.82846565112578,22.609267781825945,0
          113.82846565112578,22.60928074704771,0
          113.82844385399436,22.60928074704771,0
          113.82844385399436,22.609267781825945,0
        </coordinates></LinearRing></outerBoundaryIs>
      </Polygon>
    </Placemark>
    <Placemark>
      <name>gap_1287</name>
      <description>confidence: 0.2675</description>
      <styleUrl>#gapStyle</styleUrl>
      <Polygon>
        <outerBoundaryIs><LinearRing><coordinates>
          113.82781170607853,22.574574935215566,0
          113.8278643319754,22.574574935215566,0
          113.8278643319754,22.574593965918964,0
          113.82781170607853,22.574593965918964,0
          113.82781170607853,22.574574935215566,0
        </coordinates></LinearRing></outerBoundaryIs>
      </Polygon>
    </Placemark>
    <Placemark>
      <name>gap_1288</name>
      <description>confidence: 0.2675</description>
      <styleUrl>#gapStyle</styleUrl>
      <Polygon>
        <outerBoundaryIs><LinearRing><coordinates>
          113.82431268754063,22.600354548910644,0
          113.8243313819663,22.600354548910644,0
          113.8243313819663,22.600368866200878,0
          113.82431268754063,22.600368866200878,0
          113.82431268754063,22.600354548910644,0
        </coordinates></LinearRing></outerBoundaryIs>
      </Polygon>
    </Placemark>
    <Placemark>
      <name>gap_1289</name>
      <description>confidence: 0.2673</description>
      <styleUrl>#gapStyle</styleUrl>
      <Polygon>
        <outerBoundaryIs><LinearRing><coordinates>
          113.82932123666436,22.564372931270842,0
          113.8294167205451,22.564372931270842,0
          113.8294167205451,22.564390643875285,0
          113.82932123666436,22.564390643875285,0
          113.82932123666436,22.564372931270842,0
        </coordinates></LinearRing></outerBoundaryIs>
      </Polygon>
    </Placemark>
    <Placemark>
      <name>gap_1290</name>
      <description>confidence: 0.2672</description>
      <styleUrl>#gapStyle</styleUrl>
      <Polygon>
        <outerBoundaryIs><LinearRing><coordinates>
          113.8214728642428,22.6047754297681,0
          113.82149504919965,22.6047754297681,0
          113.82149504919965,22.60479521328502,0
          113.8214728642428,22.60479521328502,0
          113.8214728642428,22.6047754297681,0
        </coordinates></LinearRing></outerBoundaryIs>
      </Polygon>
    </Placemark>
    <Placemark>
      <name>gap_1291</name>
      <description>confidence: 0.2670</description>
      <styleUrl>#gapStyle</styleUrl>
      <Polygon>
        <outerBoundaryIs><LinearRing><coordinates>
          113.81120409317947,22.61554268747224,0
          113.81125011143308,22.61554268747224,0
          113.81125011143308,22.615601616719182,0
          113.81120409317947,22.615601616719182,0
          113.81120409317947,22.61554268747224,0
        </coordinates></LinearRing></outerBoundaryIs>
      </Polygon>
    </Placemark>
    <Placemark>
      <name>gap_1292</name>
      <description>confidence: 0.2669</description>
      <styleUrl>#gapStyle</styleUrl>
      <Polygon>
        <outerBoundaryIs><LinearRing><coordinates>
          113.8168382210575,22.603947348361906,0
          113.81690420605877,22.603947348361906,0
          113.81690420605877,22.603976645879932,0
          113.8168382210575,22.603976645879932,0
          113.8168382210575,22.603947348361906,0
        </coordinates></LinearRing></outerBoundaryIs>
      </Polygon>
    </Placemark>
    <Placemark>
      <name>gap_1293</name>
      <description>confidence: 0.2667</description>
      <styleUrl>#gapStyle</styleUrl>
      <Polygon>
        <outerBoundaryIs><LinearRing><coordinates>
          113.82289532319079,22.609168324371655,0
          113.8229945164605,22.609168324371655,0
          113.8229945164605,22.60920049435988,0
          113.82289532319079,22.60920049435988,0
          113.82289532319079,22.609168324371655,0
        </coordinates></LinearRing></outerBoundaryIs>
      </Polygon>
    </Placemark>
    <Placemark>
      <name>gap_1294</name>
      <description>confidence: 0.2667</description>
      <styleUrl>#gapStyle</styleUrl>
      <Polygon>
        <outerBoundaryIs><LinearRing><coordinates>
          113.82351582643943,22.577176258839295,0
          113.82359437524924,22.577176258839295,0
          113.82359437524924,22.57720983700707,0
          113.82351582643943,22.57720983700707,0
          113.82351582643943,22.577176258839295,0
        </coordinates></LinearRing></outerBoundaryIs>
      </Polygon>
    </Placemark>
    <Placemark>
      <name>gap_1295</name>
      <description>confidence: 0.2665</description>
      <styleUrl>#gapStyle</styleUrl>
      <Polygon>
        <outerBoundaryIs><LinearRing><coordinates>
          113.81396832918487,22.61570891028527,0
          113.81405345203676,22.61570891028527,0
          113.81405345203676,22.615811582033096,0
          113.81396832918487,22.615811582033096,0
          113.81396832918487,22.61570891028527,0
        </coordinates></LinearRing></outerBoundaryIs>
      </Polygon>
    </Placemark>
    <Placemark>
      <name>gap_1296</name>
      <description>confidence: 0.2661</description>
      <styleUrl>#gapStyle</styleUrl>
      <Polygon>
        <outerBoundaryIs><LinearRing><coordinates>
          113.82711029669962,22.54203240322111,0
          113.82717615417197,22.54203240322111,0
          113.82717615417197,22.542056226572587,0
          113.82711029669962,22.542056226572587,0
          113.82711029669962,22.54203240322111,0
        </coordinates></LinearRing></outerBoundaryIs>
      </Polygon>
    </Placemark>
    <Placemark>
      <name>gap_1297</name>
      <description>confidence: 0.2660</description>
      <styleUrl>#gapStyle</styleUrl>
      <Polygon>
        <outerBoundaryIs><LinearRing><coordinates>
          113.82139688571777,22.58062011531856,0
          113.82149709031718,22.58062011531856,0
          113.82149709031718,22.58064973493305,0
          113.82139688571777,22.58064973493305,0
          113.82139688571777,22.58062011531856,0
        </coordinates></LinearRing></outerBoundaryIs>
      </Polygon>
    </Placemark>
    <Placemark>
      <name>gap_1298</name>
      <description>confidence: 0.2660</description>
      <styleUrl>#gapStyle</styleUrl>
      <Polygon>
        <outerBoundaryIs><LinearRing><coordinates>
          113.83271712213413,22.52649546913853,0
          113.83276992827405,22.52649546913853,0
          113.83276992827405,22.52652187646491,0
          113.83271712213413,22.52652187646491,0
          113.83271712213413,22.52649546913853,0
        </coordinates></LinearRing></outerBoundaryIs>
      </Polygon>
    </Placemark>
    <Placemark>
      <name>gap_1299</name>
      <description>confidence: 0.2657</description>
      <styleUrl>#gapStyle</styleUrl>
      <Polygon>
        <outerBoundaryIs><LinearRing><coordinates>
          113.82751173293308,22.55351876150374,0
          113.82757134001504,22.55351876150374,0
          113.82757134001504,22.553540971589843,0
          113.82751173293308,22.553540971589843,0
          113.82751173293308,22.55351876150374,0
        </coordinates></LinearRing></outerBoundaryIs>
      </Polygon>
    </Placemark>
    <Placemark>
      <name>gap_1300</name>
      <description>confidence: 0.2657</description>
      <styleUrl>#gapStyle</styleUrl>
      <Polygon>
        <outerBoundaryIs><LinearRing><coordinates>
          113.82938067594512,22.539291083867678,0
          113.82943142983532,22.539291083867678,0
          113.82943142983532,22.539309847071394,0
          113.82938067594512,22.539309847071394,0
          113.82938067594512,22.539291083867678,0
        </coordinates></LinearRing></outerBoundaryIs>
      </Polygon>
    </Placemark>
    <Placemark>
      <name>gap_1301</name>
      <description>confidence: 0.2655</description>
      <styleUrl>#gapStyle</styleUrl>
      <Polygon>
        <outerBoundaryIs><LinearRing><coordinates>
          113.82674980731704,22.613055459625397,0
          113.8267786525085,22.613055459625397,0
          113.8267786525085,22.613096250216532,0
          113.82674980731704,22.613096250216532,0
          113.82674980731704,22.613055459625397,0
        </coordinates></LinearRing></outerBoundaryIs>
      </Polygon>
    </Placemark>
    <Placemark>
      <name>gap_1302</name>
      <description>confidence: 0.2654</description>
      <styleUrl>#gapStyle</styleUrl>
      <Polygon>
        <outerBoundaryIs><LinearRing><coordinates>
          113.82375218923676,22.578642376796836,0
          113.8238374219575,22.578642376796836,0
          113.8238374219575,22.578672531901816,0
          113.82375218923676,22.578672531901816,0
          113.82375218923676,22.578642376796836,0
        </coordinates></LinearRing></outerBoundaryIs>
      </Polygon>
    </Placemark>
    <Placemark>
      <name>gap_1303</name>
      <description>confidence: 0.2654</description>
      <styleUrl>#gapStyle</styleUrl>
      <Polygon>
        <outerBoundaryIs><LinearRing><coordinates>
          113.83109081418534,22.610079384826044,0
          113.83112306369497,22.610079384826044,0
          113.83112306369497,22.610101000486598,0
          113.83109081418534,22.610101000486598,0
          113.83109081418534,22.610079384826044,0
        </coordinates></LinearRing></outerBoundaryIs>
      </Polygon>
    </Placemark>
    <Placemark>
      <name>gap_1304</name>
      <description>confidence: 0.2652</description>
      <styleUrl>#gapStyle</styleUrl>
      <Polygon>
        <outerBoundaryIs><LinearRing><coordinates>
          113.82594965167446,22.61229199457652,0
          113.82600550868591,22.61229199457652,0
          113.82600550868591,22.612335115312536,0
          113.82594965167446,22.612335115312536,0
          113.82594965167446,22.61229199457652,0
        </coordinates></LinearRing></outerBoundaryIs>
      </Polygon>
    </Placemark>
    <Placemark>
      <name>gap_1305</name>
      <description>confidence: 0.2652</description>
      <styleUrl>#gapStyle</styleUrl>
      <Polygon>
        <outerBoundaryIs><LinearRing><coordinates>
          113.83184801122472,22.56212422453111,0
          113.83188239843989,22.56212422453111,0
          113.83188239843989,22.5621409325,0
          113.83184801122472,22.5621409325,0
          113.83184801122472,22.56212422453111,0
        </coordinates></LinearRing></outerBoundaryIs>
      </Polygon>
    </Placemark>
    <Placemark>
      <name>gap_1306</name>
      <description>confidence: 0.2650</description>
      <styleUrl>#gapStyle</styleUrl>
      <Polygon>
        <outerBoundaryIs><LinearRing><coordinates>
          113.81196037609106,22.615587375942205,0
          113.81202629863753,22.615587375942205,0
          113.81202629863753,22.615686963462895,0
          113.81196037609106,22.615686963462895,0
          113.81196037609106,22.615587375942205,0
        </coordinates></LinearRing></outerBoundaryIs>
      </Polygon>
    </Placemark>
    <Placemark>
      <name>gap_1307</name>
      <description>confidence: 0.2648</description>
      <styleUrl>#gapStyle</styleUrl>
      <Polygon>
        <outerBoundaryIs><LinearRing><coordinates>
          113.82287314130348,22.580290661628972,0
          113.82292745961878,22.580290661628972,0
          113.82292745961878,22.580309041509246,0
          113.82287314130348,22.580309041509246,0
          113.82287314130348,22.580290661628972,0
        </coordinates></LinearRing></outerBoundaryIs>
      </Polygon>
    </Placemark>
    <Placemark>
      <name>gap_1308</name>
      <description>confidence: 0.2647</description>
      <styleUrl>#gapStyle</styleUrl>
      <Polygon>
        <outerBoundaryIs><LinearRing><coordinates>
          113.82753741994208,22.6067727405,0
          113.82758675300624,22.6067727405,0
          113.82758675300624,22.60681300681468,0
          113.82753741994208,22.60681300681468,0
          113.82753741994208,22.6067727405,0
        </coordinates></LinearRing></outerBoundaryIs>
      </Polygon>
    </Placemark>
    <Placemark>
      <name>gap_1309</name>
      <description>confidence: 0.2645</description>
      <styleUrl>#gapStyle</styleUrl>
      <Polygon>
        <outerBoundaryIs><LinearRing><coordinates>
          113.82278623480661,22.609231729940934,0
          113.82281866857015,22.609231729940934,0
          113.82281866857015,22.609246561112137,0
          113.82278623480661,22.609246561112137,0
          113.82278623480661,22.609231729940934,0
        </coordinates></LinearRing></outerBoundaryIs>
      </Polygon>
    </Placemark>
    <Placemark>
      <name>gap_1310</name>
      <description>confidence: 0.2643</description>
      <styleUrl>#gapStyle</styleUrl>
      <Polygon>
        <outerBoundaryIs><LinearRing><coordinates>
          113.82552608495814,22.60270999381237,0
          113.82558373056676,22.60270999381237,0
          113.82558373056676,22.602751809791673,0
          113.82552608495814,22.602751809791673,0
          113.82552608495814,22.60270999381237,0
        </coordinates></LinearRing></outerBoundaryIs>
      </Polygon>
    </Placemark>
    <Placemark>
      <name>gap_1311</name>
      <description>confidence: 0.2638</description>
      <styleUrl>#gapStyle</styleUrl>
      <Polygon>
        <outerBoundaryIs><LinearRing><coordinates>
          113.81208119897747,22.596905712869123,0
          113.81212989546115,22.596905712869123,0
          113.81212989546115,22.596934087726062,0
          113.81208119897747,22.596934087726062,0
          113.81208119897747,22.596905712869123,0
        </coordinates></LinearRing></outerBoundaryIs>
      </Polygon>
    </Placemark>
    <Placemark>
      <name>gap_1312</name>
      <description>confidence: 0.2638</description>
      <styleUrl>#gapStyle</styleUrl>
      <Polygon>
        <outerBoundaryIs><LinearRing><coordinates>
          113.82692095701911,22.61564045443167,0
          113.82697669010324,22.61564045443167,0
          113.82697669010324,22.615683269114655,0
          113.82692095701911,22.615683269114655,0
          113.82692095701911,22.61564045443167,0
        </coordinates></LinearRing></outerBoundaryIs>
      </Polygon>
    </Placemark>
    <Placemark>
      <name>gap_1313</name>
      <description>confidence: 0.2637</description>
      <styleUrl>#gapStyle</styleUrl>
      <Polygon>
        <outerBoundaryIs><LinearRing><coordinates>
          113.82836339626164,22.599252120038688,0
          113.82842508080442,22.599252120038688,0
          113.82842508080442,22.599300302641403,0
          113.82836339626164,22.599300302641403,0
          113.82836339626164,22.599252120038688,0
        </coordinates></LinearRing></outerBoundaryIs>
      </Polygon>
    </Placemark>
    <Placemark>
      <name>gap_1314</name>
      <description>confidence: 0.2637</description>
      <styleUrl>#gapStyle</styleUrl>
      <Polygon>
        <outerBoundaryIs><LinearRing><coordinates>
          113.82755455952585,22.575020562511195,0
          113.8276482235411,22.575020562511195,0
          113.8276482235411,22.575044429081714,0
          113.82755455952585,22.575044429081714,0
          113.82755455952585,22.575020562511195,0
        </coordinates></LinearRing></outerBoundaryIs>
      </Polygon>
    </Placemark>
    <Placemark>
      <name>gap_1315</name>
      <description>confidence: 0.2633</description>
      <styleUrl>#gapStyle</styleUrl>
      <Polygon>
        <outerBoundaryIs><LinearRing><coordinates>
          113.82027501056841,22.54982772729602,0
          113.82035517338028,22.54982772729602,0
          113.82035517338028,22.549857145712767,0
          113.82027501056841,22.549857145712767,0
          113.82027501056841,22.54982772729602,0
        </coordinates></LinearRing></outerBoundaryIs>
      </Polygon>
    </Placemark>
    <Placemark>
      <name>gap_1316</name>
      <description>confidence: 0.2633</description>
      <styleUrl>#gapStyle</styleUrl>
      <Polygon>
        <outerBoundaryIs><LinearRing><coordinates>
          113.81715338913445,22.612291768157437,0
          113.8172425058188,22.612291768157437,0
          113.8172425058188,22.612350731414818,0
          113.81715338913445,22.612350731414818,0
          113.81715338913445,22.612291768157437,0
        </coordinates></LinearRing></outerBoundaryIs>
      </Polygon>
    </Placemark>
    <Placemark>
      <name>gap_1317</name>
      <description>confidence: 0.2633</description>
      <styleUrl>#gapStyle</styleUrl>
      <Polygon>
        <outerBoundaryIs><LinearRing><coordinates>
          113.81037270746053,22.608225495260424,0
          113.81042751456847,22.608225495260424,0
          113.81042751456847,22.608258384788414,0
          113.81037270746053,22.608258384788414,0
          113.81037270746053,22.608225495260424,0
        </coordinates></LinearRing></outerBoundaryIs>
      </Polygon>
    </Placemark>
    <Placemark>
      <name>gap_1318</name>
      <description>confidence: 0.2627</description>
      <styleUrl>#gapStyle</styleUrl>
      <Polygon>
        <outerBoundaryIs><LinearRing><coordinates>
          113.83158512478613,22.594801844154336,0
          113.83167393860975,22.594801844154336,0
          113.83167393860975,22.594862977490614,0
          113.83158512478613,22.594862977490614,0
          113.83158512478613,22.594801844154336,0
        </coordinates></LinearRing></outerBoundaryIs>
      </Polygon>
    </Placemark>
    <Placemark>
      <name>gap_1319</name>
      <description>confidence: 0.2625</description>
      <styleUrl>#gapStyle</styleUrl>
      <Polygon>
        <outerBoundaryIs><LinearRing><coordinates>
          113.82631587944908,22.610014645032525,0
          113.8263999047992,22.610014645032525,0
          113.8263999047992,22.61009001838863,0
          113.82631587944908,22.61009001838863,0
          113.82631587944908,22.610014645032525,0
        </coordinates></LinearRing></outerBoundaryIs>
      </Polygon>
    </Placemark>
    <Placemark>
      <name>gap_1320</name>
      <description>confidence: 0.2625</description>
      <styleUrl>#gapStyle</styleUrl>
      <Polygon>
        <outerBoundaryIs><LinearRing><coordinates>
          113.82553139537526,22.550644670180773,0
          113.82556376807554,22.550644670180773,0
          113.82556376807554,22.550667206292346,0
          113.82553139537526,22.550667206292346,0
          113.82553139537526,22.550644670180773,0
        </coordinates></LinearRing></outerBoundaryIs>
      </Polygon>
    </Placemark>
    <Placemark>
      <name>gap_1321</name>
      <description>confidence: 0.2624</description>
      <styleUrl>#gapStyle</styleUrl>
      <Polygon>
        <outerBoundaryIs><LinearRing><coordinates>
          113.82278283007916,22.596340354499976,0
          113.82285826331164,22.596340354499976,0
          113.82285826331164,22.596359966470857,0
          113.82278283007916,22.596359966470857,0
          113.82278283007916,22.596340354499976,0
        </coordinates></LinearRing></outerBoundaryIs>
      </Polygon>
    </Placemark>
    <Placemark>
      <name>gap_1322</name>
      <description>confidence: 0.2624</description>
      <styleUrl>#gapStyle</styleUrl>
      <Polygon>
        <outerBoundaryIs><LinearRing><coordinates>
          113.82793369821195,22.60908736949716,0
          113.82795787304556,22.60908736949716,0
          113.82795787304556,22.609100519873234,0
          113.82793369821195,22.609100519873234,0
          113.82793369821195,22.60908736949716,0
        </coordinates></LinearRing></outerBoundaryIs>
      </Polygon>
    </Placemark>
    <Placemark>
      <name>gap_1323</name>
      <description>confidence: 0.2621</description>
      <styleUrl>#gapStyle</styleUrl>
      <Polygon>
        <outerBoundaryIs><LinearRing><coordinates>
          113.82203459008413,22.578489291181345,0
          113.82212984812901,22.578489291181345,0
          113.82212984812901,22.57852035642371,0
          113.82203459008413,22.57852035642371,0
          113.82203459008413,22.578489291181345,0
        </coordinates></LinearRing></outerBoundaryIs>
      </Polygon>
    </Placemark>
    <Placemark>
      <name>gap_1324</name>
      <description>confidence: 0.2619</description>
      <styleUrl>#gapStyle</styleUrl>
      <Polygon>
        <outerBoundaryIs><LinearRing><coordinates>
          113.83149502413185,22.56486267661465,0
          113.83157703095623,22.56486267661465,0
          113.83157703095623,22.564884948337,0
          113.83149502413185,22.564884948337,0
          113.83149502413185,22.56486267661465,0
        </coordinates></LinearRing></outerBoundaryIs>
      </Polygon>
    </Placemark>
    <Placemark>
      <name>gap_1325</name>
      <description>confidence: 0.2618</description>
      <styleUrl>#gapStyle</styleUrl>
      <Polygon>
        <outerBoundaryIs><LinearRing><coordinates>
          113.82963933643305,22.53853799273971,0
          113.8297259627019,22.53853799273971,0
          113.8297259627019,22.538554242936154,0
          113.82963933643305,22.538554242936154,0
          113.82963933643305,22.53853799273971,0
        </coordinates></LinearRing></outerBoundaryIs>
      </Polygon>
    </Placemark>
    <Placemark>
      <name>gap_1326</name>
      <description>confidence: 0.2618</description>
      <styleUrl>#gapStyle</styleUrl>
      <Polygon>
        <outerBoundaryIs><LinearRing><coordinates>
          113.82645156710275,22.571747289957443,0
          113.82651253899175,22.571747289957443,0
          113.82651253899175,22.57176951178963,0
          113.82645156710275,22.57176951178963,0
          113.82645156710275,22.571747289957443,0
        </coordinates></LinearRing></outerBoundaryIs>
      </Polygon>
    </Placemark>
    <Placemark>
      <name>gap_1327</name>
      <description>confidence: 0.2617</description>
      <styleUrl>#gapStyle</styleUrl>
      <Polygon>
        <outerBoundaryIs><LinearRing><coordinates>
          113.82285969793013,22.546435431053162,0
          113.82293080013157,22.546435431053162,0
          113.82293080013157,22.546463557032258,0
          113.82285969793013,22.546463557032258,0
          113.82285969793013,22.546435431053162,0
        </coordinates></LinearRing></outerBoundaryIs>
      </Polygon>
    </Placemark>
    <Placemark>
      <name>gap_1328</name>
      <description>confidence: 0.2617</description>
      <styleUrl>#gapStyle</styleUrl>
      <Polygon>
        <outerBoundaryIs><LinearRing><coordinates>
          113.80997662077051,22.608498762761702,0
          113.81010145748229,22.608498762761702,0
          113.81010145748229,22.60856284203237,0
          113.80997662077051,22.60856284203237,0
          113.80997662077051,22.608498762761702,0
        </coordinates></LinearRing></outerBoundaryIs>
      </Polygon>
    </Placemark>
    <Placemark>
      <name>gap_1329</name>
      <description>confidence: 0.2616</description>
      <styleUrl>#gapStyle</styleUrl>
      <Polygon>
        <outerBoundaryIs><LinearRing><coordinates>
          113.82494231503114,22.607084679917985,0
          113.82499834082604,22.607084679917985,0
          113.82499834082604,22.607114114705585,0
          113.82494231503114,22.607114114705585,0
          113.82494231503114,22.607084679917985,0
        </coordinates></LinearRing></outerBoundaryIs>
      </Polygon>
    </Placemark>
    <Placemark>
      <name>gap_1330</name>
      <description>confidence: 0.2614</description>
      <styleUrl>#gapStyle</styleUrl>
      <Polygon>
        <outerBoundaryIs><LinearRing><coordinates>
          113.8311122389618,22.524653869067393,0
          113.83114751061211,22.524653869067393,0
          113.83114751061211,22.52467581153103,0
          113.8311122389618,22.52467581153103,0
          113.8311122389618,22.524653869067393,0
        </coordinates></LinearRing></outerBoundaryIs>
      </Polygon>
    </Placemark>
    <Placemark>
      <name>gap_1331</name>
      <description>confidence: 0.2613</description>
      <styleUrl>#gapStyle</styleUrl>
      <Polygon>
        <outerBoundaryIs><LinearRing><coordinates>
          113.82436516265173,22.6063763722723,0
          113.82443113079103,22.6063763722723,0
          113.82443113079103,22.606424484725927,0
          113.82436516265173,22.606424484725927,0
          113.82436516265173,22.6063763722723,0
        </coordinates></LinearRing></outerBoundaryIs>
      </Polygon>
    </Placemark>
    <Placemark>
      <name>gap_1332</name>
      <description>confidence: 0.2610</description>
      <styleUrl>#gapStyle</styleUrl>
      <Polygon>
        <outerBoundaryIs><LinearRing><coordinates>
          113.8109984599914,22.61551966649703,0
          113.81110103809797,22.61551966649703,0
          113.81110103809797,22.61558844878537,0
          113.8109984599914,22.61558844878537,0
          113.8109984599914,22.61551966649703,0
        </coordinates></LinearRing></outerBoundaryIs>
      </Polygon>
    </Placemark>
    <Placemark>
      <name>gap_1333</name>
      <description>confidence: 0.2607</description>
      <styleUrl>#gapStyle</styleUrl>
      <Polygon>
        <outerBoundaryIs><LinearRing><coordinates>
          113.8246080986112,22.58143339227896,0
          113.824708161173,22.58143339227896,0
          113.824708161173,22.581494642912375,0
          113.8246080986112,22.581494642912375,0
          113.8246080986112,22.58143339227896,0
        </coordinates></LinearRing></outerBoundaryIs>
      </Polygon>
    </Placemark>
    <Placemark>
      <name>gap_1334</name>
      <description>confidence: 0.2604</description>
      <styleUrl>#gapStyle</styleUrl>
      <Polygon>
        <outerBoundaryIs><LinearRing><coordinates>
          113.82337439572291,22.578160335329297,0
          113.82340482438478,22.578160335329297,0
          113.82340482438478,22.57817511820649,0
          113.82337439572291,22.57817511820649,0
          113.82337439572291,22.578160335329297,0
        </coordinates></LinearRing></outerBoundaryIs>
      </Polygon>
    </Placemark>
    <Placemark>
      <name>gap_1335</name>
      <description>confidence: 0.2603</description>
      <styleUrl>#gapStyle</styleUrl>
      <Polygon>
        <outerBoundaryIs><LinearRing><coordinates>
          113.81799221231454,22.61021695709703,0
          113.81814863643739,22.61021695709703,0
          113.81814863643739,22.610323687751453,0
          113.81799221231454,22.610323687751453,0
          113.81799221231454,22.61021695709703,0
        </coordinates></LinearRing></outerBoundaryIs>
      </Polygon>
    </Placemark>
    <Placemark>
      <name>gap_1336</name>
      <description>confidence: 0.2602</description>
      <styleUrl>#gapStyle</styleUrl>
      <Polygon>
        <outerBoundaryIs><LinearRing><coordinates>
          113.82229655887521,22.613443409225535,0
          113.82239148938031,22.613443409225535,0
          113.82239148938031,22.613509810660293,0
          113.82229655887521,22.613509810660293,0
          113.82229655887521,22.613443409225535,0
        </coordinates></LinearRing></outerBoundaryIs>
      </Polygon>
    </Placemark>
    <Placemark>
      <name>gap_1337</name>
      <description>confidence: 0.2602</description>
      <styleUrl>#gapStyle</styleUrl>
      <Polygon>
        <outerBoundaryIs><LinearRing><coordinates>
          113.81597010919964,22.603158676952177,0
          113.81599175342733,22.603158676952177,0
          113.81599175342733,22.603174412408187,0
          113.81597010919964,22.603174412408187,0
          113.81597010919964,22.603158676952177,0
        </coordinates></LinearRing></outerBoundaryIs>
      </Polygon>
    </Placemark>
    <Placemark>
      <name>gap_1338</name>
      <description>confidence: 0.2600</description>
      <styleUrl>#gapStyle</styleUrl>
      <Polygon>
        <outerBoundaryIs><LinearRing><coordinates>
          113.82072766341415,22.586149167292294,0
          113.82083687073256,22.586149167292294,0
          113.82083687073256,22.586173444499998,0
          113.82072766341415,22.586173444499998,0
          113.82072766341415,22.586149167292294,0
        </coordinates></LinearRing></outerBoundaryIs>
      </Polygon>
    </Placemark>
    <Placemark>
      <name>gap_1339</name>
      <description>confidence: 0.2599</description>
      <styleUrl>#gapStyle</styleUrl>
      <Polygon>
        <outerBoundaryIs><LinearRing><coordinates>
          113.82129550532304,22.605666954764867,0
          113.82131772040225,22.605666954764867,0
          113.82131772040225,22.60568670946909,0
          113.82129550532304,22.60568670946909,0
          113.82129550532304,22.605666954764867,0
        </coordinates></LinearRing></outerBoundaryIs>
      </Polygon>
    </Placemark>
    <Placemark>
      <name>gap_1340</name>
      <description>confidence: 0.2599</description>
      <styleUrl>#gapStyle</styleUrl>
      <Polygon>
        <outerBoundaryIs><LinearRing><coordinates>
          113.8291180422929,22.54264734529214,0
          113.82918992636613,22.54264734529214,0
          113.82918992636613,22.54266793179923,0
          113.8291180422929,22.54266793179923,0
          113.8291180422929,22.54264734529214,0
        </coordinates></LinearRing></outerBoundaryIs>
      </Polygon>
    </Placemark>
    <Placemark>
      <name>gap_1341</name>
      <description>confidence: 0.2597</description>
      <styleUrl>#gapStyle</styleUrl>
      <Polygon>
        <outerBoundaryIs><LinearRing><coordinates>
          113.82724047884166,22.5656301057829,0
          113.8272863737,22.5656301057829,0
          113.8272863737,22.565651003990972,0
          113.82724047884166,22.565651003990972,0
          113.82724047884166,22.5656301057829,0
        </coordinates></LinearRing></outerBoundaryIs>
      </Polygon>
    </Placemark>
    <Placemark>
      <name>gap_1342</name>
      <description>confidence: 0.2596</description>
      <styleUrl>#gapStyle</styleUrl>
      <Polygon>
        <outerBoundaryIs><LinearRing><coordinates>
          113.81591583901465,22.603145273769258,0
          113.8159339024464,22.603145273769258,0
          113.8159339024464,22.60315795839466,0
          113.81591583901465,22.60315795839466,0
          113.81591583901465,22.603145273769258,0
        </coordinates></LinearRing></outerBoundaryIs>
      </Polygon>
    </Placemark>
    <Placemark>
      <name>gap_1343</name>
      <description>confidence: 0.2594</description>
      <styleUrl>#gapStyle</styleUrl>
      <Polygon>
        <outerBoundaryIs><LinearRing><coordinates>
          113.82272983432388,22.609228622712752,0
          113.82275420151498,22.609228622712752,0
          113.82275420151498,22.609244775502646,0
          113.82272983432388,22.609244775502646,0
          113.82272983432388,22.609228622712752,0
        </coordinates></LinearRing></outerBoundaryIs>
      </Polygon>
    </Placemark>
    <Placemark>
      <name>gap_1344</name>
      <description>confidence: 0.2594</description>
      <styleUrl>#gapStyle</styleUrl>
      <Polygon>
        <outerBoundaryIs><LinearRing><coordinates>
          113.83124109121788,22.612765601577706,0
          113.8312696594964,22.612765601577706,0
          113.8312696594964,22.61278705115599,0
          113.83124109121788,22.61278705115599,0
          113.83124109121788,22.612765601577706,0
        </coordinates></LinearRing></outerBoundaryIs>
      </Polygon>
    </Placemark>
    <Placemark>
      <name>gap_1345</name>
      <description>confidence: 0.2594</description>
      <styleUrl>#gapStyle</styleUrl>
      <Polygon>
        <outerBoundaryIs><LinearRing><coordinates>
          113.82007120626004,22.605034233050766,0
          113.82009486328369,22.605034233050766,0
          113.82009486328369,22.605052037659387,0
          113.82007120626004,22.605052037659387,0
          113.82007120626004,22.605034233050766,0
        </coordinates></LinearRing></outerBoundaryIs>
      </Polygon>
    </Placemark>
    <Placemark>
      <name>gap_1346</name>
      <description>confidence: 0.2593</description>
      <styleUrl>#gapStyle</styleUrl>
      <Polygon>
        <outerBoundaryIs><LinearRing><coordinates>
          113.83241909347726,22.596561209252854,0
          113.83244620949772,22.596561209252854,0
          113.83244620949772,22.596587001526416,0
          113.83241909347726,22.596587001526416,0
          113.83241909347726,22.596561209252854,0
        </coordinates></LinearRing></outerBoundaryIs>
      </Polygon>
    </Placemark>
    <Placemark>
      <name>gap_1347</name>
      <description>confidence: 0.2588</description>
      <styleUrl>#gapStyle</styleUrl>
      <Polygon>
        <outerBoundaryIs><LinearRing><coordinates>
          113.82208944978342,22.600701272373193,0
          113.8221365497,22.600701272373193,0
          113.8221365497,22.60072183858043,0
          113.82208944978342,22.60072183858043,0
          113.82208944978342,22.600701272373193,0
        </coordinates></LinearRing></outerBoundaryIs>
      </Polygon>
    </Placemark>
    <Placemark>
      <name>gap_1348</name>
      <description>confidence: 0.2587</description>
      <styleUrl>#gapStyle</styleUrl>
      <Polygon>
        <outerBoundaryIs><LinearRing><coordinates>
          113.83048668219558,22.56942742748615,0
          113.8305866267645,22.56942742748615,0
          113.8305866267645,22.569447078399186,0
          113.83048668219558,22.569447078399186,0
          113.83048668219558,22.56942742748615,0
        </coordinates></LinearRing></outerBoundaryIs>
      </Polygon>
    </Placemark>
    <Placemark>
      <name>gap_1349</name>
      <description>confidence: 0.2587</description>
      <styleUrl>#gapStyle</styleUrl>
      <Polygon>
        <outerBoundaryIs><LinearRing><coordinates>
          113.81254360336534,22.60859061448297,0
          113.81261697996891,22.60859061448297,0
          113.81261697996891,22.60864730411583,0
          113.81254360336534,22.60864730411583,0
          113.81254360336534,22.60859061448297,0
        </coordinates></LinearRing></outerBoundaryIs>
      </Polygon>
    </Placemark>
    <Placemark>
      <name>gap_1350</name>
      <description>confidence: 0.2584</description>
      <styleUrl>#gapStyle</styleUrl>
      <Polygon>
        <outerBoundaryIs><LinearRing><coordinates>
          113.81975111084384,22.604272374964488,0
          113.81980598593174,22.604272374964488,0
          113.81980598593174,22.604302332473313,0
          113.81975111084384,22.604302332473313,0
          113.81975111084384,22.604272374964488,0
        </coordinates></LinearRing></outerBoundaryIs>
      </Polygon>
    </Placemark>
    <Placemark>
      <name>gap_1351</name>
      <description>confidence: 0.2584</description>
      <styleUrl>#gapStyle</styleUrl>
      <Polygon>
        <outerBoundaryIs><LinearRing><coordinates>
          113.82198136517788,22.545689979873288,0
          113.82205636953503,22.545689979873288,0
          113.82205636953503,22.545715929429782,0
          113.82198136517788,22.545715929429782,0
          113.82198136517788,22.545689979873288,0
        </coordinates></LinearRing></outerBoundaryIs>
      </Polygon>
    </Placemark>
    <Placemark>
      <name>gap_1352</name>
      <description>confidence: 0.2581</description>
      <styleUrl>#gapStyle</styleUrl>
      <Polygon>
        <outerBoundaryIs><LinearRing><coordinates>
          113.81862517959138,22.6098157243123,0
          113.81864212734973,22.6098157243123,0
          113.81864212734973,22.609839586790105,0
          113.81862517959138,22.609839586790105,0
          113.81862517959138,22.6098157243123,0
        </coordinates></LinearRing></outerBoundaryIs>
      </Polygon>
    </Placemark>
    <Placemark>
      <name>gap_1353</name>
      <description>confidence: 0.2581</description>
      <styleUrl>#gapStyle</styleUrl>
      <Polygon>
        <outerBoundaryIs><LinearRing><coordinates>
          113.81532089477031,22.598823378026154,0
          113.81533817892915,22.598823378026154,0
          113.81533817892915,22.598856183735393,0
          113.81532089477031,22.598856183735393,0
          113.81532089477031,22.598823378026154,0
        </coordinates></LinearRing></outerBoundaryIs>
      </Polygon>
    </Placemark>
    <Placemark>
      <name>gap_1354</name>
      <description>confidence: 0.2580</description>
      <styleUrl>#gapStyle</styleUrl>
      <Polygon>
        <outerBoundaryIs><LinearRing><coordinates>
          113.82519630000442,22.608435865323134,0
          113.82521572319894,22.608435865323134,0
          113.82521572319894,22.608451861331446,0
          113.82519630000442,22.608451861331446,0
          113.82519630000442,22.608435865323134,0
        </coordinates></LinearRing></outerBoundaryIs>
      </Polygon>
    </Placemark>
    <Placemark>
      <name>gap_1355</name>
      <description>confidence: 0.2576</description>
      <styleUrl>#gapStyle</styleUrl>
      <Polygon>
        <outerBoundaryIs><LinearRing><coordinates>
          113.81569091434578,22.610687626185545,0
          113.81574039327423,22.610687626185545,0
          113.81574039327423,22.61072981681174,0
          113.81569091434578,22.61072981681174,0
          113.81569091434578,22.610687626185545,0
        </coordinates></LinearRing></outerBoundaryIs>
      </Polygon>
    </Placemark>
    <Placemark>
      <name>gap_1356</name>
      <description>confidence: 0.2576</description>
      <styleUrl>#gapStyle</styleUrl>
      <Polygon>
        <outerBoundaryIs><LinearRing><coordinates>
          113.82624829583435,22.545814094575597,0
          113.82631767827804,22.545814094575597,0
          113.82631767827804,22.5458331565,0
          113.82624829583435,22.5458331565,0
          113.82624829583435,22.545814094575597,0
        </coordinates></LinearRing></outerBoundaryIs>
      </Polygon>
    </Placemark>
    <Placemark>
      <name>gap_1357</name>
      <description>confidence: 0.2574</description>
      <styleUrl>#gapStyle</styleUrl>
      <Polygon>
        <outerBoundaryIs><LinearRing><coordinates>
          113.81158053147347,22.587063470622702,0
          113.81165638494566,22.587063470622702,0
          113.81165638494566,22.587085142353416,0
          113.81158053147347,22.587085142353416,0
          113.81158053147347,22.587063470622702,0
        </coordinates></LinearRing></outerBoundaryIs>
      </Polygon>
    </Placemark>
    <Placemark>
      <name>gap_1358</name>
      <description>confidence: 0.2573</description>
      <styleUrl>#gapStyle</styleUrl>
      <Polygon>
        <outerBoundaryIs><LinearRing><coordinates>
          113.83053845824072,22.57529066194612,0
          113.83058999789078,22.57529066194612,0
          113.83058999789078,22.575309076123325,0
          113.83053845824072,22.575309076123325,0
          113.83053845824072,22.57529066194612,0
        </coordinates></LinearRing></outerBoundaryIs>
      </Polygon>
    </Placemark>
    <Placemark>
      <name>gap_1359</name>
      <description>confidence: 0.2573</description>
      <styleUrl>#gapStyle</styleUrl>
      <Polygon>
        <outerBoundaryIs><LinearRing><coordinates>
          113.8126952057,22.6153557805,0
          113.81277109920916,22.6153557805,0
          113.81277109920916,22.615393347834555,0
          113.8126952057,22.615393347834555,0
          113.8126952057,22.6153557805,0
        </coordinates></LinearRing></outerBoundaryIs>
      </Polygon>
    </Placemark>
    <Placemark>
      <name>gap_1360</name>
      <description>confidence: 0.2568</description>
      <styleUrl>#gapStyle</styleUrl>
      <Polygon>
        <outerBoundaryIs><LinearRing><coordinates>
          113.81919183686466,22.603545333173344,0
          113.8192134319798,22.603545333173344,0
          113.8192134319798,22.60356266081726,0
          113.81919183686466,22.60356266081726,0
          113.81919183686466,22.603545333173344,0
        </coordinates></LinearRing></outerBoundaryIs>
      </Polygon>
    </Placemark>
    <Placemark>
      <name>gap_1361</name>
      <description>confidence: 0.2567</description>
      <styleUrl>#gapStyle</styleUrl>
      <Polygon>
        <outerBoundaryIs><LinearRing><coordinates>
          113.82469546811662,22.543441229016672,0
          113.82476930465921,22.543441229016672,0
          113.82476930465921,22.543462504245408,0
          113.82469546811662,22.543462504245408,0
          113.82469546811662,22.543441229016672,0
        </coordinates></LinearRing></outerBoundaryIs>
      </Polygon>
    </Placemark>
    <Placemark>
      <name>gap_1362</name>
      <description>confidence: 0.2565</description>
      <styleUrl>#gapStyle</styleUrl>
      <Polygon>
        <outerBoundaryIs><LinearRing><coordinates>
          113.82735208964635,22.577978574861046,0
          113.82740452498653,22.577978574861046,0
          113.82740452498653,22.577994755153966,0
          113.82735208964635,22.577994755153966,0
          113.82735208964635,22.577978574861046,0
        </coordinates></LinearRing></outerBoundaryIs>
      </Polygon>
    </Placemark>
    <Placemark>
      <name>gap_1363</name>
      <description>confidence: 0.2564</description>
      <styleUrl>#gapStyle</styleUrl>
      <Polygon>
        <outerBoundaryIs><LinearRing><coordinates>
          113.82195774343342,22.54106625952348,0
          113.8220452074805,22.54106625952348,0
          113.8220452074805,22.54109379136352,0
          113.82195774343342,22.54109379136352,0
          113.82195774343342,22.54106625952348,0
        </coordinates></LinearRing></outerBoundaryIs>
      </Polygon>
    </Placemark>
    <Placemark>
      <name>gap_1364</name>
      <description>confidence: 0.2563</description>
      <styleUrl>#gapStyle</styleUrl>
      <Polygon>
        <outerBoundaryIs><LinearRing><coordinates>
          113.81173891872722,22.61089815111649,0
          113.81179098228539,22.61089815111649,0
          113.81179098228539,22.610958635123485,0
          113.81173891872722,22.610958635123485,0
          113.81173891872722,22.61089815111649,0
        </coordinates></LinearRing></outerBoundaryIs>
      </Polygon>
    </Placemark>
    <Placemark>
      <name>gap_1365</name>
      <description>confidence: 0.2563</description>
      <styleUrl>#gapStyle</styleUrl>
      <Polygon>
        <outerBoundaryIs><LinearRing><coordinates>
          113.81908892225529,22.608270757549132,0
          113.8191364844028,22.608270757549132,0
          113.8191364844028,22.608324634997448,0
          113.81908892225529,22.608324634997448,0
          113.81908892225529,22.608270757549132,0
        </coordinates></LinearRing></outerBoundaryIs>
      </Polygon>
    </Placemark>
    <Placemark>
      <name>gap_1366</name>
      <description>confidence: 0.2561</description>
      <styleUrl>#gapStyle</styleUrl>
      <Polygon>
        <outerBoundaryIs><LinearRing><coordinates>
          113.8302647061623,22.597196237333176,0
          113.83031260939646,22.597196237333176,0
          113.83031260939646,22.597265023304956,0
          113.8302647061623,22.597265023304956,0
          113.8302647061623,22.597196237333176,0
        </coordinates></LinearRing></outerBoundaryIs>
      </Polygon>
    </Placemark>
    <Placemark>
      <name>gap_1367</name>
      <description>confidence: 0.2559</description>
      <styleUrl>#gapStyle</styleUrl>
      <Polygon>
        <outerBoundaryIs><LinearRing><coordinates>
          113.82540029523783,22.5502706232791,0
          113.82551229190344,22.5502706232791,0
          113.82551229190344,22.550314374047264,0
          113.82540029523783,22.550314374047264,0
          113.82540029523783,22.5502706232791,0
        </coordinates></LinearRing></outerBoundaryIs>
      </Polygon>
    </Placemark>
    <Placemark>
      <name>gap_1368</name>
      <description>confidence: 0.2558</description>
      <styleUrl>#gapStyle</styleUrl>
      <Polygon>
        <outerBoundaryIs><LinearRing><coordinates>
          113.83240873645924,22.61209429201121,0
          113.83249449580977,22.61209429201121,0
          113.83249449580977,22.612159675138194,0
          113.83240873645924,22.612159675138194,0
          113.83240873645924,22.61209429201121,0
        </coordinates></LinearRing></outerBoundaryIs>
      </Polygon>
    </Placemark>
    <Placemark>
      <name>gap_1369</name>
      <description>confidence: 0.2557</description>
      <styleUrl>#gapStyle</styleUrl>
      <Polygon>
        <outerBoundaryIs><LinearRing><coordinates>
          113.83147182528737,22.6102059565,0
          113.8315093998251,22.6102059565,0
          113.8315093998251,22.610223463813988,0
          113.83147182528737,22.610223463813988,0
          113.83147182528737,22.6102059565,0
        </coordinates></LinearRing></outerBoundaryIs>
      </Polygon>
    </Placemark>
    <Placemark>
      <name>gap_1370</name>
      <description>confidence: 0.2557</description>
      <styleUrl>#gapStyle</styleUrl>
      <Polygon>
        <outerBoundaryIs><LinearRing><coordinates>
          113.82798401303597,22.594376317560837,0
          113.8280736784712,22.594376317560837,0
          113.8280736784712,22.59446266773531,0
          113.82798401303597,22.59446266773531,0
          113.82798401303597,22.594376317560837,0
        </coordinates></LinearRing></outerBoundaryIs>
      </Polygon>
    </Placemark>
    <Placemark>
      <name>gap_1371</name>
      <description>confidence: 0.2553</description>
      <styleUrl>#gapStyle</styleUrl>
      <Polygon>
        <outerBoundaryIs><LinearRing><coordinates>
          113.82463690132029,22.580744462644248,0
          113.82470565626932,22.580744462644248,0
          113.82470565626932,22.580766784952527,0
          113.82463690132029,22.580766784952527,0
          113.82463690132029,22.580744462644248,0
        </coordinates></LinearRing></outerBoundaryIs>
      </Polygon>
    </Placemark>
    <Placemark>
      <name>gap_1372</name>
      <description>confidence: 0.2553</description>
      <styleUrl>#gapStyle</styleUrl>
      <Polygon>
        <outerBoundaryIs><LinearRing><coordinates>
          113.82335220741004,22.581139073952368,0
          113.8234156719553,22.581139073952368,0
          113.8234156719553,22.58115966913601,0
          113.82335220741004,22.58115966913601,0
          113.82335220741004,22.581139073952368,0
        </coordinates></LinearRing></outerBoundaryIs>
      </Polygon>
    </Placemark>
    <Placemark>
      <name>gap_1373</name>
      <description>confidence: 0.2552</description>
      <styleUrl>#gapStyle</styleUrl>
      <Polygon>
        <outerBoundaryIs><LinearRing><coordinates>
          113.80873880624104,22.613028322322833,0
          113.80881510798802,22.613028322322833,0
          113.80881510798802,22.61312677350192,0
          113.80873880624104,22.61312677350192,0
          113.80873880624104,22.613028322322833,0
        </coordinates></LinearRing></outerBoundaryIs>
      </Polygon>
    </Placemark>
    <Placemark>
      <name>gap_1374</name>
      <description>confidence: 0.2552</description>
      <styleUrl>#gapStyle</styleUrl>
      <Polygon>
        <outerBoundaryIs><LinearRing><coordinates>
          113.82519511194117,22.568346441848774,0
          113.82525712700117,22.568346441848774,0
          113.82525712700117,22.568376031463682,0
          113.82519511194117,22.568376031463682,0
          113.82519511194117,22.568346441848774,0
        </coordinates></LinearRing></outerBoundaryIs>
      </Polygon>
    </Placemark>
    <Placemark>
      <name>gap_1375</name>
      <description>confidence: 0.2549</description>
      <styleUrl>#gapStyle</styleUrl>
      <Polygon>
        <outerBoundaryIs><LinearRing><coordinates>
          113.82687697763204,22.608573374668662,0
          113.82690031460557,22.608573374668662,0
          113.82690031460557,22.608588986238267,0
          113.82687697763204,22.608588986238267,0
          113.82687697763204,22.608573374668662,0
        </coordinates></LinearRing></outerBoundaryIs>
      </Polygon>
    </Placemark>
    <Placemark>
      <name>gap_1376</name>
      <description>confidence: 0.2547</description>
      <styleUrl>#gapStyle</styleUrl>
      <Polygon>
        <outerBoundaryIs><LinearRing><coordinates>
          113.8226698399076,22.59639329574033,0
          113.82272996594551,22.59639329574033,0
          113.82272996594551,22.59640976677954,0
          113.8226698399076,22.59640976677954,0
          113.8226698399076,22.59639329574033,0
        </coordinates></LinearRing></outerBoundaryIs>
      </Polygon>
    </Placemark>
    <Placemark>
      <name>gap_1377</name>
      <description>confidence: 0.2546</description>
      <styleUrl>#gapStyle</styleUrl>
      <Polygon>
        <outerBoundaryIs><LinearRing><coordinates>
          113.82608118228339,22.60736894179537,0
          113.82611388837601,22.60736894179537,0
          113.82611388837601,22.607403091551365,0
          113.82608118228339,22.607403091551365,0
          113.82608118228339,22.60736894179537,0
        </coordinates></LinearRing></outerBoundaryIs>
      </Polygon>
    </Placemark>
    <Placemark>
      <name>gap_1378</name>
      <description>confidence: 0.2545</description>
      <styleUrl>#gapStyle</styleUrl>
      <Polygon>
        <outerBoundaryIs><LinearRing><coordinates>
          113.8126180818908,22.602031891591565,0
          113.81263344069448,22.602031891591565,0
          113.81263344069448,22.60206118526244,0
          113.8126180818908,22.60206118526244,0
          113.8126180818908,22.602031891591565,0
        </coordinates></LinearRing></outerBoundaryIs>
      </Polygon>
    </Placemark>
    <Placemark>
      <name>gap_1379</name>
      <description>confidence: 0.2545</description>
      <styleUrl>#gapStyle</styleUrl>
      <Polygon>
        <outerBoundaryIs><LinearRing><coordinates>
          113.83149507037952,22.606965369534375,0
          113.83157651486519,22.606965369534375,0
          113.83157651486519,22.60701574812286,0
          113.83149507037952,22.60701574812286,0
          113.83149507037952,22.606965369534375,0
        </coordinates></LinearRing></outerBoundaryIs>
      </Polygon>
    </Placemark>
    <Placemark>
      <name>gap_1380</name>
      <description>confidence: 0.2545</description>
      <styleUrl>#gapStyle</styleUrl>
      <Polygon>
        <outerBoundaryIs><LinearRing><coordinates>
          113.8318300629005,22.56672205156085,0
          113.83192575379064,22.56672205156085,0
          113.83192575379064,22.56675015073268,0
          113.8318300629005,22.56675015073268,0
          113.8318300629005,22.56672205156085,0
        </coordinates></LinearRing></outerBoundaryIs>
      </Polygon>
    </Placemark>
    <Placemark>
      <name>gap_1381</name>
      <description>confidence: 0.2544</description>
      <styleUrl>#gapStyle</styleUrl>
      <Polygon>
        <outerBoundaryIs><LinearRing><coordinates>
          113.82280264142652,22.557568351369273,0
          113.82285015814493,22.557568351369273,0
          113.82285015814493,22.55759913282296,0
          113.82280264142652,22.55759913282296,0
          113.82280264142652,22.557568351369273,0
        </coordinates></LinearRing></outerBoundaryIs>
      </Polygon>
    </Placemark>
    <Placemark>
      <name>gap_1382</name>
      <description>confidence: 0.2542</description>
      <styleUrl>#gapStyle</styleUrl>
      <Polygon>
        <outerBoundaryIs><LinearRing><coordinates>
          113.8199438988801,22.607738721635094,0
          113.81996890731737,22.607738721635094,0
          113.81996890731737,22.607757181077698,0
          113.8199438988801,22.607757181077698,0
          113.8199438988801,22.607738721635094,0
        </coordinates></LinearRing></outerBoundaryIs>
      </Polygon>
    </Placemark>
    <Placemark>
      <name>gap_1383</name>
      <description>confidence: 0.2541</description>
      <styleUrl>#gapStyle</styleUrl>
      <Polygon>
        <outerBoundaryIs><LinearRing><coordinates>
          113.81802964765912,22.60591554079566,0
          113.81807068978836,22.60591554079566,0
          113.81807068978836,22.605930467572623,0
          113.81802964765912,22.605930467572623,0
          113.81802964765912,22.60591554079566,0
        </coordinates></LinearRing></outerBoundaryIs>
      </Polygon>
    </Placemark>
    <Placemark>
      <name>gap_1384</name>
      <description>confidence: 0.2539</description>
      <styleUrl>#gapStyle</styleUrl>
      <Polygon>
        <outerBoundaryIs><LinearRing><coordinates>
          113.82485628818094,22.545101125119455,0
          113.82488661354276,22.545101125119455,0
          113.82488661354276,22.54511962336097,0
          113.82485628818094,22.54511962336097,0
          113.82485628818094,22.545101125119455,0
        </coordinates></LinearRing></outerBoundaryIs>
      </Polygon>
    </Placemark>
    <Placemark>
      <name>gap_1385</name>
      <description>confidence: 0.2536</description>
      <styleUrl>#gapStyle</styleUrl>
      <Polygon>
        <outerBoundaryIs><LinearRing><coordinates>
          113.8304697313677,22.60406971707602,0
          113.8305457203496,22.60406971707602,0
          113.8305457203496,22.604111976950907,0
          113.8304697313677,22.604111976950907,0
          113.8304697313677,22.60406971707602,0
        </coordinates></LinearRing></outerBoundaryIs>
      </Polygon>
    </Placemark>
    <Placemark>
      <name>gap_1386</name>
      <description>confidence: 0.2535</description>
      <styleUrl>#gapStyle</styleUrl>
      <Polygon>
        <outerBoundaryIs><LinearRing><coordinates>
          113.81541431255263,22.600774383605298,0
          113.81543038954548,22.600774383605298,0
          113.81543038954548,22.60079775790437,0
          113.81541431255263,22.60079775790437,0
          113.81541431255263,22.600774383605298,0
        </coordinates></LinearRing></outerBoundaryIs>
      </Polygon>
    </Placemark>
    <Placemark>
      <name>gap_1387</name>
      <description>confidence: 0.2532</description>
      <styleUrl>#gapStyle</styleUrl>
      <Polygon>
        <outerBoundaryIs><LinearRing><coordinates>
          113.83148168547055,22.53659002718641,0
          113.83155646638608,22.53659002718641,0
          113.83155646638608,22.536631931240883,0
          113.83148168547055,22.536631931240883,0
          113.83148168547055,22.53659002718641,0
        </coordinates></LinearRing></outerBoundaryIs>
      </Polygon>
    </Placemark>
    <Placemark>
      <name>gap_1388</name>
      <description>confidence: 0.2530</description>
      <styleUrl>#gapStyle</styleUrl>
      <Polygon>
        <outerBoundaryIs><LinearRing><coordinates>
          113.83076072642206,22.61273161211791,0
          113.83080734726619,22.61273161211791,0
          113.83080734726619,22.612779645346855,0
          113.83076072642206,22.612779645346855,0
          113.83076072642206,22.61273161211791,0
        </coordinates></LinearRing></outerBoundaryIs>
      </Polygon>
    </Placemark>
    <Placemark>
      <name>gap_1389</name>
      <description>confidence: 0.2529</description>
      <styleUrl>#gapStyle</styleUrl>
      <Polygon>
        <outerBoundaryIs><LinearRing><coordinates>
          113.82318093582698,22.57859640041167,0
          113.82324916780922,22.57859640041167,0
          113.82324916780922,22.578623488888173,0
          113.82318093582698,22.578623488888173,0
          113.82318093582698,22.57859640041167,0
        </coordinates></LinearRing></outerBoundaryIs>
      </Polygon>
    </Placemark>
    <Placemark>
      <name>gap_1390</name>
      <description>confidence: 0.2526</description>
      <styleUrl>#gapStyle</styleUrl>
      <Polygon>
        <outerBoundaryIs><LinearRing><coordinates>
          113.83226408138111,22.567674101553123,0
          113.83232005184254,22.567674101553123,0
          113.83232005184254,22.567710542573227,0
          113.83226408138111,22.567710542573227,0
          113.83226408138111,22.567674101553123,0
        </coordinates></LinearRing></outerBoundaryIs>
      </Polygon>
    </Placemark>
    <Placemark>
      <name>gap_1391</name>
      <description>confidence: 0.2524</description>
      <styleUrl>#gapStyle</styleUrl>
      <Polygon>
        <outerBoundaryIs><LinearRing><coordinates>
          113.83066926046963,22.602632196076684,0
          113.83069124586582,22.602632196076684,0
          113.83069124586582,22.60266785964514,0
          113.83066926046963,22.60266785964514,0
          113.83066926046963,22.602632196076684,0
        </coordinates></LinearRing></outerBoundaryIs>
      </Polygon>
    </Placemark>
    <Placemark>
      <name>gap_1392</name>
      <description>confidence: 0.2523</description>
      <styleUrl>#gapStyle</styleUrl>
      <Polygon>
        <outerBoundaryIs><LinearRing><coordinates>
          113.82737013973586,22.54655547333653,0
          113.8274476833755,22.54655547333653,0
          113.8274476833755,22.54658030660572,0
          113.82737013973586,22.54658030660572,0
          113.82737013973586,22.54655547333653,0
        </coordinates></LinearRing></outerBoundaryIs>
      </Polygon>
    </Placemark>
    <Placemark>
      <name>gap_1393</name>
      <description>confidence: 0.2523</description>
      <styleUrl>#gapStyle</styleUrl>
      <Polygon>
        <outerBoundaryIs><LinearRing><coordinates>
          113.8223647250057,22.606605289627684,0
          113.82238508543136,22.606605289627684,0
          113.82238508543136,22.606620701472924,0
          113.8223647250057,22.606620701472924,0
          113.8223647250057,22.606605289627684,0
        </coordinates></LinearRing></outerBoundaryIs>
      </Polygon>
    </Placemark>
    <Placemark>
      <name>gap_1394</name>
      <description>confidence: 0.2519</description>
      <styleUrl>#gapStyle</styleUrl>
      <Polygon>
        <outerBoundaryIs><LinearRing><coordinates>
          113.82517572786274,22.602529494615766,0
          113.82522736381434,22.602529494615766,0
          113.82522736381434,22.602573694927457,0
          113.82517572786274,22.602573694927457,0
          113.82517572786274,22.602529494615766,0
        </coordinates></LinearRing></outerBoundaryIs>
      </Polygon>
    </Placemark>
    <Placemark>
      <name>gap_1395</name>
      <description>confidence: 0.2517</description>
      <styleUrl>#gapStyle</styleUrl>
      <Polygon>
        <outerBoundaryIs><LinearRing><coordinates>
          113.832696621574,22.567920330590844,0
          113.8327786906076,22.567920330590844,0
          113.8327786906076,22.56795277974298,0
          113.832696621574,22.56795277974298,0
          113.832696621574,22.567920330590844,0
        </coordinates></LinearRing></outerBoundaryIs>
      </Polygon>
    </Placemark>
    <Placemark>
      <name>gap_1396</name>
      <description>confidence: 0.2517</description>
      <styleUrl>#gapStyle</styleUrl>
      <Polygon>
        <outerBoundaryIs><LinearRing><coordinates>
          113.8260054603919,22.6073319561171,0
          113.8260526685198,22.6073319561171,0
          113.8260526685198,22.60738858714232,0
          113.8260054603919,22.60738858714232,0
          113.8260054603919,22.6073319561171,0
        </coordinates></LinearRing></outerBoundaryIs>
      </Polygon>
    </Placemark>
    <Placemark>
      <name>gap_1397</name>
      <description>confidence: 0.2517</description>
      <styleUrl>#gapStyle</styleUrl>
      <Polygon>
        <outerBoundaryIs><LinearRing><coordinates>
          113.82423371045917,22.606843719510795,0
          113.82429192683746,22.606843719510795,0
          113.82429192683746,22.606877402861283,0
          113.82423371045917,22.606877402861283,0
          113.82423371045917,22.606843719510795,0
        </coordinates></LinearRing></outerBoundaryIs>
      </Polygon>
    </Placemark>
    <Placemark>
      <name>gap_1398</name>
      <description>confidence: 0.2514</description>
      <styleUrl>#gapStyle</styleUrl>
      <Polygon>
        <outerBoundaryIs><LinearRing><coordinates>
          113.82020409728658,22.592244354421762,0
          113.82028588719719,22.592244354421762,0
          113.82028588719719,22.59226354948849,0
          113.82020409728658,22.59226354948849,0
          113.82020409728658,22.592244354421762,0
        </coordinates></LinearRing></outerBoundaryIs>
      </Polygon>
    </Placemark>
    <Placemark>
      <name>gap_1399</name>
      <description>confidence: 0.2510</description>
      <styleUrl>#gapStyle</styleUrl>
      <Polygon>
        <outerBoundaryIs><LinearRing><coordinates>
          113.81143036268294,22.614738940679157,0
          113.8114894918282,22.614738940679157,0
          113.8114894918282,22.61479866473085,0
          113.81143036268294,22.61479866473085,0
          113.81143036268294,22.614738940679157,0
        </coordinates></LinearRing></outerBoundaryIs>
      </Polygon>
    </Placemark>
    <Placemark>
      <name>gap_1400</name>
      <description>confidence: 0.2510</description>
      <styleUrl>#gapStyle</styleUrl>
      <Polygon>
        <outerBoundaryIs><LinearRing><coordinates>
          113.82383089309897,22.548114939740728,0
          113.82390311801328,22.548114939740728,0
          113.82390311801328,22.548139895750364,0
          113.82383089309897,22.548139895750364,0
          113.82383089309897,22.548114939740728,0
        </coordinates></LinearRing></outerBoundaryIs>
      </Polygon>
    </Placemark>
    <Placemark>
      <name>gap_1401</name>
      <description>confidence: 0.2509</description>
      <styleUrl>#gapStyle</styleUrl>
      <Polygon>
        <outerBoundaryIs><LinearRing><coordinates>
          113.81844321890765,22.604174666162503,0
          113.81846739775212,22.604174666162503,0
          113.81846739775212,22.604192479938796,0
          113.81844321890765,22.604192479938796,0
          113.81844321890765,22.604174666162503,0
        </coordinates></LinearRing></outerBoundaryIs>
      </Polygon>
    </Placemark>
    <Placemark>
      <name>gap_1402</name>
      <description>confidence: 0.2508</description>
      <styleUrl>#gapStyle</styleUrl>
      <Polygon>
        <outerBoundaryIs><LinearRing><coordinates>
          113.83035811474625,22.568984885645474,0
          113.83046834226019,22.568984885645474,0
          113.83046834226019,22.569003294174735,0
          113.83035811474625,22.569003294174735,0
          113.83035811474625,22.568984885645474,0
        </coordinates></LinearRing></outerBoundaryIs>
      </Polygon>
    </Placemark>
    <Placemark>
      <name>gap_1403</name>
      <description>confidence: 0.2506</description>
      <styleUrl>#gapStyle</styleUrl>
      <Polygon>
        <outerBoundaryIs><LinearRing><coordinates>
          113.82500400239789,22.557578893173243,0
          113.82507716241513,22.557578893173243,0
          113.82507716241513,22.557602191838992,0
          113.82500400239789,22.557602191838992,0
          113.82500400239789,22.557578893173243,0
        </coordinates></LinearRing></outerBoundaryIs>
      </Polygon>
    </Placemark>
    <Placemark>
      <name>gap_1404</name>
      <description>confidence: 0.2506</description>
      <styleUrl>#gapStyle</styleUrl>
      <Polygon>
        <outerBoundaryIs><LinearRing><coordinates>
          113.81848095541447,22.604228584087743,0
          113.81849800761884,22.604228584087743,0
          113.81849800761884,22.604243949767188,0
          113.81848095541447,22.604243949767188,0
          113.81848095541447,22.604228584087743,0
        </coordinates></LinearRing></outerBoundaryIs>
      </Polygon>
    </Placemark>
    <Placemark>
      <name>gap_1405</name>
      <description>confidence: 0.2505</description>
      <styleUrl>#gapStyle</styleUrl>
      <Polygon>
        <outerBoundaryIs><LinearRing><coordinates>
          113.82544519004189,22.539350584375416,0
          113.8255339911781,22.539350584375416,0
          113.8255339911781,22.53937493249448,0
          113.82544519004189,22.53937493249448,0
          113.82544519004189,22.539350584375416,0
        </coordinates></LinearRing></outerBoundaryIs>
      </Polygon>
    </Placemark>
    <Placemark>
      <name>gap_1406</name>
      <description>confidence: 0.2504</description>
      <styleUrl>#gapStyle</styleUrl>
      <Polygon>
        <outerBoundaryIs><LinearRing><coordinates>
          113.81760213753256,22.603775420225933,0
          113.81762874491072,22.603775420225933,0
          113.81762874491072,22.603795320958135,0
          113.81760213753256,22.603795320958135,0
          113.81760213753256,22.603775420225933,0
        </coordinates></LinearRing></outerBoundaryIs>
      </Polygon>
    </Placemark>
    <Placemark>
      <name>gap_1407</name>
      <description>confidence: 0.2504</description>
      <styleUrl>#gapStyle</styleUrl>
      <Polygon>
        <outerBoundaryIs><LinearRing><coordinates>
          113.82443731635284,22.593083178256684,0
          113.8245286047941,22.593083178256684,0
          113.8245286047941,22.593099351019013,0
          113.82443731635284,22.593099351019013,0
          113.82443731635284,22.593083178256684,0
        </coordinates></LinearRing></outerBoundaryIs>
      </Polygon>
    </Placemark>
    <Placemark>
      <name>gap_1408</name>
      <description>confidence: 0.2503</description>
      <styleUrl>#gapStyle</styleUrl>
      <Polygon>
        <outerBoundaryIs><LinearRing><coordinates>
          113.81063009636318,22.608899933389644,0
          113.81068963067673,22.608899933389644,0
          113.81068963067673,22.6089185005,0
          113.81063009636318,22.6089185005,0
          113.81063009636318,22.608899933389644,0
        </coordinates></LinearRing></outerBoundaryIs>
      </Polygon>
    </Placemark>
    <Placemark>
      <name>gap_1409</name>
      <description>confidence: 0.2501</description>
      <styleUrl>#gapStyle</styleUrl>
      <Polygon>
        <outerBoundaryIs><LinearRing><coordinates>
          113.82364030712615,22.57585997482189,0
          113.82369253451562,22.57585997482189,0
          113.82369253451562,22.575873796499998,0
          113.82364030712615,22.575873796499998,0
          113.82364030712615,22.57585997482189,0
        </coordinates></LinearRing></outerBoundaryIs>
      </Polygon>
    </Placemark>
  </Document>
</kml>