x1,y1,x2,y2,score
5219.4,34010.6,5269.2,34054.1,0.9522
1497.0,26025.0,1541.9,26061.4,0.9371
10617.3,40968.5,10665.6,41014.0,0.9347
7922.9,40135.4,7961.8,40178.3,0.9340
14138.3,5946.9,14196.3,5988.1,0.9302
11883.4,26468.1,11937.7,26503.2,0.9284
4050.8,37722.6,4085.4,37759.0,0.9243
4422.4,37120.0,4467.2,37152.8,0.9170
2611.8,13035.8,2654.1,13071.0,0.9168
5353.9,4332.7,5411.2,4370.8,0.9145
11410.8,22482.3,11457.0,22524.8,0.9139
3919.0,37696.3,3970.8,37750.9,0.9122
13128.9,14667.5,13169.3,14706.5,0.9107
10815.3,16125.0,10852.4,16158.0,0.9069
13886.1,49650.5,13938.3,49698.0,0.9028
4851.8,37120.1,4899.7,37160.4,0.9002
8154.1,32378.7,8188.9,32420.6,0.8935
15928.2,12659.9,15979.8,12708.2,0.8887
9492.6,27936.0,9538.9,27966.3,0.8871
7186.9,25753.9,7219.6,25806.5,0.8847
9748.5,11394.8,9779.2,11432.9,0.8846
2130.8,12903.9,2166.5,12946.5,0.8815
11361.5,43471.2,11402.6,43508.1,0.8787
16179.1,15931.2,16207.0,15993.1,0.8772
13624.3,45993.6,13667.9,46025.0,0.8759
401.7,9806.6,450.1,9851.3,0.8747
8058.3,26366.6,8110.2,26415.5,0.8746
14153.6,58727.8,14183.0,58763.6,0.8693
841.8,21503.4,927.8,21584.6,0.8680
11375.3,22371.1,11416.7,22406.0,0.8667
15179.2,31014.2,15248.7,31039.9,0.8644
7938.8,40083.9,7973.6,40116.0,0.8620
16839.6,18417.3,16872.8,18450.9,0.8614
6492.2,26240.0,6540.5,26262.5,0.8610
9685.4,27530.0,9724.8,27566.2,0.8610
3330.0,3139.3,3381.3,3180.3,0.8609
11806.3,33429.0,11831.9,33467.6,0.8592
10102.6,48270.5,10158.6,48320.3,0.8572
15106.2,33557.3,15157.7,33612.8,0.8554
5277.3,21954.7,5307.6,21980.2,0.8553
640.9,37120.0,684.5,37147.9,0.8543
9957.1,38049.3,9996.1,38080.3,0.8534
13473.9,19448.3,13532.5,19479.4,0.8530
11969.4,38673.3,12006.0,38704.3,0.8498
11491.8,27976.5,11520.1,28009.6,0.8486
13512.3,19545.3,13604.1,19609.9,0.8485
2780.3,19942.7,2819.8,19981.3,0.8446
2398.0,9105.6,2428.7,9136.8,0.8426
10095.8,39430.1,10124.5,39458.1,0.8424
7956.6,31727.5,8000.0,31758.5,0.8418
4984.3,24438.0,5037.7,24483.7,0.8413
10474.7,28858.9,10514.6,28892.9,0.8407
16043.1,47857.9,16085.1,47885.5,0.8403
11711.4,14969.9,11763.1,15007.7,0.8401
7941.9,1769.1,7999.1,1822.6,0.8388
17064.9,29408.8,17132.3,29440.0,0.8386
14308.0,19393.6,14340.0,19420.8,0.8379
17734.0,16504.8,17804.2,16528.2,0.8376
6050.9,33800.3,6110.7,33847.7,0.8358
5194.3,36631.8,5228.6,36664.3,0.8346
8764.4,40128.0,8796.7,40157.8,0.8341
13121.9,19625.0,13207.1,19691.2,0.8328
12391.1,39385.4,12439.8,39430.4,0.8323
8240.7,51155.2,8290.3,51198.3,0.8314
17571.4,12305.0,17614.3,12338.1,0.8314
1907.4,9447.3,1949.7,9469.1,0.8313
7259.8,8816.3,7284.5,8850.8,0.8312
5476.2,37636.0,5523.6,37687.8,0.8306
16414.2,47092.3,16428.4,47112.6,0.8305
12330.5,34724.3,12372.6,34761.6,0.8295
11451.2,31800.9,11489.2,31834.0,0.8282
2598.2,4568.2,2643.5,4604.1,0.8282
5377.2,27153.3,5412.6,27183.1,0.8280
7038.0,40578.8,7083.5,40603.8,0.8276
4771.9,8924.6,4839.8,8960.0,0.8249
10518.4,42354.5,10588.9,42397.8,0.8247
11913.7,33328.6,11997.2,33397.8,0.8233
12684.1,39269.4,12721.9,39298.9,0.8230
2242.8,27440.4,2276.8,27466.9,0.8226
7655.2,33072.2,7679.0,33108.1,0.8214
6328.3,43610.2,6398.5,43687.4,0.8213
2147.8,11285.9,2192.5,11318.1,0.8209
1420.7,34155.2,1476.9,34206.3,0.8208
14568.6,49497.3,14629.0,49524.3,0.8207
9473.3,33165.4,9518.8,33204.4,0.8205
9235.4,31099.0,9279.7,31142.4,0.8201
1419.3,34097.7,1456.8,34130.6,0.8197
16165.2,36468.1,16196.2,36499.2,0.8182
12051.1,30720.0,12103.1,30748.7,0.8147
8769.9,12160.0,8804.7,12186.4,0.8140
7904.1,55863.4,7938.4,55882.5,0.8137
10804.2,12995.0,10836.9,13025.5,0.8137
804.0,7311.4,844.4,7333.8,0.8132
14342.9,48275.1,14365.9,48319.3,0.8121
15272.7,13177.2,15306.8,13210.9,0.8120
13717.1,12183.3,13757.2,12214.7,0.8119
10195.0,41507.7,10224.3,41533.8,0.8102
893.0,24713.0,925.3,24741.2,0.8098
6124.0,43153.2,6154.8,43185.5,0.8094
14752.6,13033.5,14802.3,13081.6,0.8090
4039.3,27840.0,4117.3,27899.7,0.8082
5667.6,37819.0,5699.3,37848.7,0.8082
16994.9,18398.5,17040.8,18428.8,0.8078
10976.6,30307.1,11001.0,30333.8,0.8074
12205.9,29396.2,12244.6,29466.4,0.8064
6140.9,24098.2,6180.1,24137.3,0.8057
8218.4,31779.6,8268.3,31822.2,0.8056
3979.2,36520.6,4041.1,36573.1,0.8056
16521.9,39640.1,16544.1,39680.0,0.8055
1834.7,19074.5,1875.7,19107.7,0.8051
1419.1,9479.5,1457.6,9500.4,0.8050
6444.8,27366.2,6484.0,27398.1,0.8049
13384.1,19368.5,13471.5,19430.6,0.8045
12255.4,37073.7,12292.3,37113.2,0.8044
10363.0,31736.4,10388.3,31766.8,0.8031
7316.4,36115.7,7355.8,36142.3,0.8029
5962.3,42880.0,6001.2,42907.8,0.8017
16508.3,39904.1,16530.5,39942.3,0.8016
14485.3,23132.1,14521.0,23167.6,0.8013
13318.4,19386.5,13366.5,19426.7,0.8013
17769.3,16546.4,17844.8,16577.4,0.8012
12409.4,6917.8,12455.7,6953.5,0.8010
13442.4,31903.5,13488.0,31956.6,0.8007
5876.9,31800.6,5907.1,31835.5,0.8005
13651.0,38442.0,13679.9,38475.6,0.8005
10162.6,16610.5,10237.5,16684.0,0.8003
11483.2,34722.5,11507.9,34759.7,0.8002
14268.6,19539.2,14301.6,19570.1,0.7996
17690.6,16545.0,17732.7,16570.5,0.7991
1117.7,20160.5,1156.3,20195.5,0.7989
4530.5,8512.0,4565.2,8537.0,0.7985
11881.9,16001.0,11940.6,16020.1,0.7983
12159.7,8006.8,12217.5,8062.0,0.7982
9807.2,31247.8,9838.5,31276.5,0.7977
17965.5,21765.2,18055.4,21836.0,0.7974
14532.9,29452.7,14556.8,29483.8,0.7972
13163.3,6314.8,13201.4,6358.0,0.7966
12771.0,39178.0,12815.2,39209.9,0.7946
1906.2,9447.1,1919.4,9467.2,0.7943
15501.9,36697.0,15536.6,36724.4,0.7943
13867.7,26271.7,13912.8,26305.6,0.7934
9998.3,14635.4,10044.0,14670.4,0.7929
10734.3,28920.6,10751.5,28940.5,0.7922
16305.9,36066.7,16340.8,36100.2,0.7919
14695.9,15004.2,14760.4,15060.9,0.7913
16853.7,18451.0,16896.0,18477.1,0.7907
13787.8,34786.9,13838.3,34834.3,0.7905
12119.2,36900.6,12178.5,36939.0,0.7905
13834.1,19520.0,13921.8,19544.4,0.7901
9077.1,30963.4,9108.4,30997.9,0.7901
16769.3,18349.1,16799.1,18387.6,0.7898
601.5,2478.7,644.9,2507.1,0.7898
10199.1,29254.0,10246.3,29297.8,0.7894
4052.9,37957.4,4097.6,37997.4,0.7893
5115.7,21689.9,5154.4,21731.5,0.7893
14779.4,46400.0,14836.9,46434.3,0.7892
12054.5,16438.7,12092.7,16461.3,0.7889
5860.0,8184.9,5885.9,8211.7,0.7886
11841.9,18239.5,11888.7,18271.1,0.7880
3507.3,575.6,3549.4,607.1,0.7880
7817.9,30874.4,7874.9,30936.6,0.7879
7315.1,8850.9,7341.4,8898.2,0.7870
8515.7,34829.1,8575.0,34906.6,0.7869
706.7,28711.4,750.8,28742.1,0.7862
13192.8,5816.9,13261.2,5883.8,0.7855
14180.1,31136.0,14218.8,31186.3,0.7855
16876.8,44024.2,16904.0,44047.6,0.7854
456.9,12748.4,493.7,12785.6,0.7850
7292.5,44296.8,7314.6,44329.4,0.7849
16341.7,44853.9,16367.5,44880.9,0.7848
13735.1,44913.0,13775.9,44958.6,0.7840
936.9,24640.0,977.2,24667.9,0.7837
14292.2,14332.6,14331.5,14396.9,0.7837
16327.3,15553.5,16371.4,15587.5,0.7837
12487.8,7396.5,12546.7,7444.8,0.7834
13602.0,42333.0,13650.0,42379.2,0.7833
16560.9,32034.2,16606.8,32086.1,0.7830
13705.9,6838.1,13759.6,6881.5,0.7826
4499.3,7636.0,4523.3,7660.9,0.7823
17554.2,19353.9,17629.3,19418.2,0.7821
5312.0,36458.7,5331.8,36490.1,0.7820
4955.7,40370.4,4997.4,40396.3,0.7818
10123.9,16675.8,10156.9,16707.0,0.7818
1892.3,39038.6,1935.0,39073.7,0.7813
16753.5,26120.4,16859.6,26199.1,0.7808
13504.9,44023.9,13522.3,44061.6,0.7807
1502.7,18322.9,1523.7,18354.3,0.7806
1281.3,29168.2,1359.2,29270.9,0.7802
6080.1,37938.5,6124.8,37990.0,0.7801
8159.0,1641.7,8205.7,1686.5,0.7791
8346.1,32242.8,8385.0,32287.0,0.7778
3470.3,32960.8,3520.0,33000.3,0.7774
6720.3,27488.6,6776.8,27520.0,0.7762
17841.0,23490.8,17888.5,23534.2,0.7760
4602.8,34064.9,4643.9,34099.3,0.7758
8856.5,40267.7,8900.9,40318.1,0.7757
12475.7,16320.0,12530.2,16343.2,0.7752
6014.0,32146.8,6051.3,32175.6,0.7739
8908.4,23236.5,8953.3,23285.0,0.7735
8000.6,27315.0,8027.3,27369.7,0.7725
9422.9,12393.6,9454.8,12420.0,0.7720
18093.7,14618.5,18176.0,14649.7,0.7717
14755.6,19788.9,14801.2,19836.8,0.7713
908.3,24535.1,935.3,24579.2,0.7701
2304.4,30629.3,2335.8,30661.8,0.7696
6992.8,32432.4,7026.4,32462.5,0.7688
1600.4,22400.0,1647.9,22431.2,0.7671
5005.0,40935.6,5078.0,40959.9,0.7671
15702.1,19083.5,15747.8,19123.5,0.7670
17422.6,22206.0,17526.7,22299.3,0.7661
15930.6,29719.0,15980.6,29760.0,0.7660
16946.7,39543.9,16988.4,39567.6,0.7657
11397.4,46437.0,11436.2,46473.0,0.7655
566.4,22786.2,612.4,22828.1,0.7653
10456.1,41879.8,10482.7,41909.1,0.7651
8018.4,31927.5,8051.1,31962.2,0.7650
7152.0,3047.5,7199.4,3102.6,0.7643
9246.7,33587.9,9299.7,33635.4,0.7642
12727.3,26432.2,12769.8,26463.6,0.7642
808.8,38576.0,884.6,38631.7,0.7640
14075.2,11889.1,14119.4,11914.0,0.7635
17676.1,16503.3,17716.4,16524.5,0.7630
17359.8,22141.6,17426.8,22219.8,0.7622
2556.6,37675.6,2599.6,37715.4,0.7618
9229.6,36094.5,9277.8,36132.9,0.7615
12373.9,40425.6,12412.0,40463.1,0.7612
8533.5,34880.0,8574.3,34907.2,0.7611
10275.7,16145.3,10314.4,16179.9,0.7610
10874.2,22866.5,10917.2,22908.7,0.7601
13431.6,19642.1,13488.0,19672.5,0.7595
6897.3,52306.7,6910.6,52322.7,0.7594
5904.2,50619.3,5918.6,50643.7,0.7583
12730.4,44146.5,12757.1,44178.7,0.7578
7976.0,14756.3,8051.9,14826.6,0.7560
6627.9,31791.9,6656.4,31821.7,0.7557
11284.1,22427.7,11320.9,22460.0,0.7556
1082.0,26292.3,1109.8,26330.4,0.7554
5841.2,23835.7,5873.5,23879.6,0.7542
1280.0,838.9,1357.7,902.5,0.7542
8517.6,25880.9,8556.3,25920.0,0.7534
7652.2,17669.7,7693.5,17693.4,0.7528
4969.2,41577.9,5009.2,41603.3,0.7519
2240.0,34495.7,2284.2,34558.7,0.7518
9193.2,31749.2,9236.8,31797.0,0.7510
12369.0,33889.7,12431.7,33920.0,0.7504
15035.8,13788.0,15097.5,13848.9,0.7500
16018.2,29800.5,16060.0,29841.0,0.7497
5657.2,38944.4,5695.1,38988.2,0.7496
3147.8,52480.0,3199.2,52555.4,0.7495
6870.8,27762.0,6890.9,27797.1,0.7495
5107.2,50172.4,5133.5,50189.4,0.7492
16502.0,40021.1,16525.4,40059.8,0.7488
7833.4,6311.0,7858.9,6336.3,0.7488
8534.3,18246.8,8603.8,18300.0,0.7486
11692.6,32111.3,11743.0,32155.9,0.7486
9161.0,31203.6,9200.6,31241.4,0.7483
12835.5,15815.3,12875.2,15854.0,0.7478
1667.7,12585.8,1714.0,12630.5,0.7478
13323.1,32127.6,13348.1,32161.5,0.7475
17875.4,23713.4,17937.1,23758.6,0.7472
7379.5,38444.4,7408.4,38473.7,0.7471
9948.4,38145.8,9992.0,38166.4,0.7468
6930.3,52376.9,6943.6,52389.8,0.7460
14026.7,48977.9,14079.5,49015.9,0.7454
5843.7,33855.9,5886.0,33902.5,0.7453
2293.7,19401.3,2332.1,19439.8,0.7453
14367.1,48918.4,14400.0,48937.7,0.7452
5121.8,41118.4,5170.0,41158.4,0.7446
4123.8,37594.2,4161.2,37670.3,0.7444
14419.0,34853.7,14453.7,34900.9,0.7441
16505.8,39970.2,16529.5,40000.0,0.7429
14969.6,13703.9,15039.9,13788.0,0.7427
6532.6,50772.8,6544.8,50789.9,0.7422
10291.5,41707.0,10316.1,41732.8,0.7417
9076.0,40089.6,9140.9,40129.9,0.7416
700.4,33545.3,735.9,33577.8,0.7415
2781.0,20041.7,2834.6,20118.2,0.7413
1942.6,28782.7,2043.1,28849.0,0.7410
16316.9,16791.4,16359.4,16814.2,0.7403
10053.2,41356.9,10075.7,41383.9,0.7401
3461.9,21734.0,3500.6,21764.5,0.7398
13837.1,19635.2,13864.0,19676.9,0.7381
4027.4,37527.9,4066.4,37549.4,0.7377
5950.1,49759.9,5965.4,49774.5,0.7376
7954.9,55551.5,7998.9,55567.2,0.7373
7922.2,17668.2,7965.9,17691.7,0.7371
7963.3,26880.0,8013.7,26913.3,0.7367
8962.0,24980.2,8996.5,25044.1,0.7365
15686.3,11512.3,15724.5,11547.1,0.7364
16414.1,33514.1,16459.8,33547.4,0.7362
5819.2,38950.9,5855.1,38974.0,0.7362
4285.0,12697.5,4335.3,12741.7,0.7360
4000.0,35396.3,4025.2,35419.7,0.7357
10983.0,14055.0,11023.4,14097.2,0.7356
13309.5,25812.8,13370.0,25847.3,0.7354
16931.2,44001.7,16989.5,44042.7,0.7350
9523.9,27169.9,9593.9,27200.0,0.7349
13447.2,6905.1,13497.5,6945.2,0.7346
13786.4,6159.4,13841.5,6206.1,0.7345
12906.0,14965.9,12953.0,14997.3,0.7343
15595.7,19326.3,15631.1,19351.4,0.7339
8870.0,40209.2,8914.9,40257.3,0.7338
6614.8,31138.3,6643.8,31165.1,0.7334
1577.6,29993.5,1635.3,30020.6,0.7332
8885.4,20216.3,8960.0,20256.9,0.7327
12821.2,14930.8,12859.7,14969.0,0.7325
9650.8,31453.2,9681.2,31487.4,0.7325
18156.3,899.6,18175.7,930.4,0.7321
13761.7,19465.4,13843.2,19525.1,0.7315
15899.8,19089.5,15940.4,19114.5,0.7309
4771.4,37120.2,4824.0,37181.9,0.7308
12694.3,37769.5,12758.3,37848.6,0.7306
3915.2,40175.9,3954.7,40206.7,0.7301
12088.1,33370.9,12106.8,33404.8,0.7297
11277.4,36153.2,11319.1,36186.0,0.7291
6102.4,22185.9,6159.1,22223.9,0.7290
17486.9,11088.3,17523.0,11122.2,0.7287
10682.9,27545.8,10730.7,27589.0,0.7285
5491.5,51049.1,5535.7,51067.0,0.7270
4111.9,48997.0,4172.5,49064.1,0.7268
7929.3,30982.2,7964.5,31012.5,0.7268
640.0,27542.0,686.0,27605.7,0.7266
13939.6,49810.4,13973.4,49835.1,0.7266
59.9,19150.3,92.9,19172.4,0.7261
5951.6,51815.3,6002.6,51833.3,0.7259
11489.3,34035.2,11510.8,34064.9,0.7256
2763.1,20193.2,2803.8,20224.9,0.7251
7218.0,40814.9,7267.6,40859.9,0.7251
9972.6,29701.7,10028.2,29745.2,0.7250
11329.1,42385.9,11384.9,42428.1,0.7247
14552.7,39007.5,14587.5,39039.2,0.7246
4281.6,36199.6,4317.6,36224.6,0.7235
17917.0,23444.3,17940.6,23474.5,0.7231
13834.1,19473.7,13925.9,19542.8,0.7225
4146.9,24877.0,4179.2,24904.6,0.7225
7499.4,18083.6,7530.2,18119.2,0.7219
16447.7,63496.6,16462.3,63509.0,0.7215
769.9,7382.5,837.7,7447.3,0.7209
13441.9,19378.1,13471.6,19422.0,0.7207
8082.2,34709.9,8113.5,34748.0,0.7207
17798.8,21901.1,17895.1,21980.8,0.7202
2437.0,44974.5,2468.8,44994.3,0.7200
6810.7,34859.3,6862.0,34880.0,0.7196
17417.8,39528.5,17448.4,39545.4,0.7195
3769.7,42162.5,3813.3,42204.9,0.7195
11525.9,23647.9,11577.4,23694.6,0.7188
14643.0,34241.0,14711.7,34280.4,0.7188
12267.3,27806.4,12322.0,27840.0,0.7187
7477.6,18178.3,7521.8,18206.4,0.7183
8128.0,17681.6,8203.2,17716.2,0.7181
16695.6,34880.0,16746.2,34918.7,0.7174
6280.0,22104.5,6313.3,22133.9,0.7169
6256.0,41471.7,6295.3,41510.4,0.7169
14968.2,37266.6,15007.7,37300.0,0.7167
12881.4,5491.6,12920.8,5526.5,0.7166
14455.2,28469.1,14549.6,28558.4,0.7166
1357.9,28032.2,1401.8,28070.5,0.7163
7273.3,6456.5,7315.0,6491.3,0.7163
641.8,66039.2,683.8,66066.0,0.7153
5560.3,27129.8,5586.2,27144.0,0.7150
8362.8,31937.4,8396.0,31979.9,0.7147
13480.3,6614.1,13546.1,6658.6,0.7135
8166.8,5560.0,8235.1,5611.6,0.7133
8767.3,40033.0,8817.0,40091.5,0.7130
4022.9,49523.6,4034.7,49536.8,0.7127
260.4,64842.0,310.5,64877.2,0.7126
10196.6,24465.7,10239.2,24501.9,0.7119
12245.2,44538.5,12272.8,44611.7,0.7118
13460.2,6859.4,13516.1,6902.3,0.7118
13678.3,36960.2,13702.9,36979.5,0.7117
2719.9,147.3,2758.1,180.1,0.7103
1035.6,23803.0,1076.5,23834.2,0.7099
10140.9,46186.9,10184.4,46228.9,0.7097
11597.4,31996.3,11628.7,32025.8,0.7095
6119.8,33700.1,6176.3,33738.5,0.7092
10065.6,13931.8,10108.9,13969.3,0.7091
15315.7,13130.4,15359.9,13171.6,0.7088
12145.2,7504.8,12195.5,7550.8,0.7083
15810.7,22937.4,15844.9,22970.6,0.7083
9810.9,29120.0,9841.7,29164.4,0.7081
4120.3,24750.7,4164.8,24789.9,0.7080
18044.2,22080.0,18077.3,22115.0,0.7079
12314.8,39233.7,12354.2,39288.0,0.7079
14376.5,44386.6,14409.5,44420.4,0.7079
17691.4,21994.3,17778.2,22077.9,0.7076
165.9,23360.0,227.6,23422.3,0.7067
17042.0,10837.6,17073.9,10872.4,0.7065
17337.8,18312.5,17371.8,18336.2,0.7058
3389.3,42090.2,3425.7,42111.9,0.7057
11402.6,33274.2,11457.6,33320.8,0.7056
13979.8,48344.7,14080.0,48414.8,0.7053
12651.1,15172.3,12695.7,15212.2,0.7052
6210.5,33519.4,6278.4,33590.7,0.7051
11355.3,31705.2,11385.1,31732.5,0.7046
3686.7,32960.0,3768.3,33013.1,0.7045
13180.7,14697.6,13197.7,14712.9,0.7045
8086.3,14736.3,8106.1,14758.1,0.7044
16150.2,18560.9,16185.3,18592.3,0.7038
588.3,20945.2,628.9,20976.6,0.7038
11415.5,34177.2,11457.1,34216.8,0.7032
16763.3,64527.4,16784.9,64542.0,0.7026
13342.6,19498.7,13400.3,19560.2,0.7023
12795.0,19660.7,12836.9,19699.7,0.7023
12415.4,14503.8,12449.0,14539.4,0.7021
10268.8,38329.3,10344.7,38398.7,0.7017
15202.8,13216.1,15252.6,13267.1,0.7016
17579.4,10433.7,17615.4,10466.4,0.7011
5103.5,41169.2,5123.0,41204.5,0.7007
5120.0,37259.6,5193.2,37341.7,0.7003
4149.0,37890.5,4177.9,37931.5,0.7000
9847.3,30678.9,9894.4,30722.6,0.6995
15285.9,24411.8,15319.5,24440.4,0.6994
8389.3,32023.8,8419.7,32060.2,0.6993
7914.9,27433.6,7939.9,27479.3,0.6986
5799.8,38799.0,5824.9,38842.6,0.6982
1977.4,40151.2,2034.1,40214.5,0.6982
17013.4,44000.7,17087.8,44048.0,0.6982
1905.7,27251.6,1958.9,27303.6,0.6980
5301.9,49901.6,5323.6,49913.7,0.6979
12979.0,62338.7,13020.1,62351.8,0.6978
9864.1,30856.8,9939.8,30923.6,0.6978
2635.0,5918.6,2664.4,5944.9,0.6978
11947.9,27721.8,12023.8,27783.5,0.6976
16515.2,56331.9,16567.5,56368.9,0.6965
15947.9,7867.5,15975.6,7897.1,0.6963
7935.1,28556.8,8009.1,28620.1,0.6960
13483.7,35392.4,13507.6,35421.5,0.6959
9800.9,15663.9,9837.8,15680.0,0.6957
6594.0,26240.0,6638.1,26253.1,0.6957
7017.2,42363.5,7048.5,42394.5,0.6948
420.1,29120.0,477.5,29148.7,0.6946
6601.6,26472.4,6622.9,26499.2,0.6944
8997.0,25323.4,9021.0,25356.5,0.6941
12383.0,33920.9,12432.1,33968.5,0.6941
4008.3,36409.1,4113.4,36516.7,0.6941
7646.9,27760.8,7665.0,27780.8,0.6940
14704.1,28480.0,14719.4,28505.0,0.6937
5454.3,23117.9,5507.9,23171.9,0.6927
5761.7,33280.0,5846.1,33355.5,0.6926
13470.7,45641.0,13552.1,45703.8,0.6926
5463.9,27139.3,5506.6,27166.3,0.6924
17831.6,18076.0,17870.0,18100.9,0.6921
5410.6,23294.0,5451.8,23357.2,0.6912
17432.2,22338.7,17490.9,22394.9,0.6909
5607.4,13451.2,5671.0,13488.3,0.6908
13897.6,32387.3,13939.0,32474.8,0.6907
15303.0,13673.3,15359.3,13741.9,0.6906
2456.9,2556.2,2491.7,2592.0,0.6905
5482.5,34136.9,5521.1,34170.6,0.6899
8801.1,12348.1,8837.3,12373.3,0.6899
8818.1,2070.6,8869.4,2102.7,0.6898
15135.3,17508.9,15158.9,17547.7,0.6895
1807.0,44881.2,1821.2,44908.5,0.6895
7453.8,34443.1,7491.9,34473.6,0.6894
810.6,65995.1,867.5,66036.9,0.6890
8768.7,2187.6,8830.5,2237.5,0.6889
15469.8,36630.9,15495.3,36659.7,0.6886
10331.6,24850.3,10365.9,24877.9,0.6884
324.1,19541.6,348.4,19567.5,0.6883
11430.5,15148.5,11474.5,15193.2,0.6881
8098.7,34762.2,8130.8,34791.0,0.6881
5487.4,27004.0,5520.3,27042.6,0.6880
11762.9,23487.2,11796.4,23519.5,0.6878
8676.0,34355.2,8700.3,34380.4,0.6876
14149.5,56774.4,14163.1,56791.2,0.6874
7264.0,31494.9,7290.9,31528.1,0.6868
6243.5,22049.9,6276.3,22078.2,0.6865
16242.6,59380.8,16299.4,59403.1,0.6865
10954.0,32795.6,10977.5,32824.6,0.6864
14204.8,49615.4,14245.2,49633.3,0.6864
6.1,19861.5,41.9,19917.1,0.6858
838.5,68370.1,906.6,68417.0,0.6855
4067.7,37473.1,4110.7,37498.3,0.6851
8745.1,25328.8,8790.5,25372.4,0.6850
17602.9,18315.5,17644.0,18341.6,0.6846
6499.0,1944.5,6556.6,1978.6,0.6846
5096.3,33913.5,5142.2,33957.0,0.6845
11673.9,39801.9,11703.3,39823.0,0.6844
4222.6,7387.2,4234.8,7400.2,0.6843
5723.3,42836.1,5760.0,42872.5,0.6842
9555.3,41772.0,9630.0,41862.0,0.6838
720.4,29316.0,744.8,29331.4,0.6833
16388.1,15495.2,16435.5,15518.9,0.6821
10968.8,38448.3,11025.3,38507.6,0.6819
6353.7,24108.6,6373.5,24136.0,0.6817
10044.6,32960.0,10117.6,32988.8,0.6815
10862.9,53760.3,10879.5,53795.2,0.6815
3842.1,37218.2,3892.5,37262.2,0.6814
577.8,40438.6,638.5,40470.0,0.6812
3172.1,33809.2,3208.9,33828.5,0.6807
7779.0,24761.0,7815.0,24795.1,0.6805
4230.4,37762.0,4256.8,37789.1,0.6804
1469.7,18921.8,1525.5,18965.8,0.6803
9221.1,26914.3,9278.6,26964.6,0.6800
4992.3,26469.1,5035.2,26511.4,0.6795
6702.3,30336.5,6719.8,30381.9,0.6795
181.1,65731.6,220.4,65761.2,0.6788
6477.0,25013.2,6515.7,25042.6,0.6785
6213.0,31384.0,6236.6,31410.6,0.6785
9974.5,29758.3,10009.8,29780.3,0.6783
14352.9,51521.7,14376.7,51538.7,0.6777
2560.0,6945.7,2583.9,6980.3,0.6775
12765.3,33531.7,12817.6,33576.2,0.6773
14406.7,36703.7,14479.8,36768.7,0.6773
8801.7,30950.2,8836.4,30971.8,0.6773
8528.8,31879.6,8561.1,31914.6,0.6763
9523.4,30340.3,9559.8,30371.6,0.6761
3266.4,41967.9,3334.9,42020.6,0.6756
6184.1,22542.5,6238.5,22598.9,0.6755
4481.3,37240.9,4521.1,37267.8,0.6754
8411.5,27123.3,8479.5,27151.5,0.6751
13762.0,47133.3,13790.4,47180.3,0.6749
1891.1,643.9,1934.3,691.8,0.6748
14313.9,28615.7,14366.0,28639.2,0.6747
931.2,21078.9,963.1,21109.8,0.6746
7011.5,25954.2,7059.0,25991.1,0.6745
11171.5,13953.4,11240.4,14012.7,0.6738
10925.5,19242.7,10975.2,19276.0,0.6738
743.2,36948.1,842.2,37022.4,0.6732
1388.6,37408.2,1450.7,37440.0,0.6732
8591.9,27191.5,8640.0,27234.3,0.6730
15360.0,15040.0,15440.0,15105.8,0.6728
2670.1,4994.5,2708.6,5031.3,0.6728
3200.0,36417.7,3216.0,36446.5,0.6724
5072.9,32920.8,5118.8,32960.0,0.6723
13221.9,19650.9,13280.6,19699.6,0.6723
12201.2,39352.8,12271.5,39413.8,0.6719
9555.2,48415.7,9597.7,48451.8,0.6719
10140.1,30717.6,10174.7,30743.4,0.6715
13368.7,51779.5,13419.9,51828.7,0.6715
7515.7,34340.5,7553.9,34373.5,0.6714
9844.4,41319.4,9868.2,41345.7,0.6707
14789.9,45830.3,14832.9,45873.4,0.6705
10194.1,48254.4,10307.2,48342.8,0.6697
13420.2,25600.0,13439.6,25633.2,0.6696
2097.8,35474.8,2131.1,35516.4,0.6696
2380.9,40341.8,2407.6,40369.6,0.6695
10079.2,32918.5,10137.3,32984.7,0.6692
9142.3,58213.1,9196.5,58235.4,0.6691
7839.4,35880.1,7925.7,35962.1,0.6684
9107.5,33790.4,9131.6,33813.1,0.6682
13675.0,24782.8,13732.4,24835.3,0.6681
4480.6,43840.3,4532.7,43889.0,0.6680
10484.4,16171.4,10553.5,16237.5,0.6680
14896.0,38680.8,14916.0,38704.1,0.6679
6882.9,36358.5,6918.7,36381.5,0.6678
11700.7,44065.4,11742.8,44083.3,0.6677
9729.8,31192.7,9783.5,31241.8,0.6675
16185.0,12883.0,16243.5,12995.4,0.6672
16171.8,11554.9,16201.0,11584.1,0.6665
4133.0,42519.5,4162.5,42555.4,0.6663
12889.7,7028.6,12922.6,7063.1,0.6658
9331.1,33395.3,9361.5,33427.0,0.6656
3526.3,24466.2,3566.7,24508.9,0.6656
16748.3,35657.6,16789.5,35690.4,0.6653
8982.5,12249.8,9075.3,12315.0,0.6653
420.2,29090.8,479.0,29147.0,0.6645
1765.9,9234.5,1791.6,9253.8,0.6643
17923.4,14855.2,17954.8,14889.9,0.6638
9411.0,32291.5,9469.8,32320.0,0.6634
10824.8,38366.0,10879.1,38470.6,0.6634
7644.2,35378.0,7667.0,35399.2,0.6628
8350.7,32407.9,8385.5,32436.8,0.6627
13659.9,34968.8,13718.2,35017.5,0.6624
650.6,36018.7,695.4,36060.4,0.6623
6230.3,51905.7,6251.2,51922.1,0.6623
10724.3,34970.6,10777.8,35011.3,0.6623
2358.6,9621.1,2396.0,9648.2,0.6622
13620.2,6824.2,13679.8,6868.7,0.6621
14563.3,34130.6,14603.6,34164.6,0.6619
4635.6,37132.9,4696.7,37190.7,0.6615
12108.2,22290.4,12159.2,22344.7,0.6615
10028.5,48087.1,10067.0,48125.6,0.6613
4237.2,15547.8,4262.5,15581.1,0.6610
4062.5,8825.5,4110.0,8864.9,0.6606
13737.6,26824.2,13811.3,26880.0,0.6598
671.2,1859.8,710.8,1919.6,0.6597
8714.5,45846.5,8765.3,45913.3,0.6588
785.9,27438.9,811.2,27475.0,0.6587
11520.0,22721.0,11574.4,22797.4,0.6584
9724.6,31354.9,9759.7,31381.5,0.6583
13617.0,58512.6,13629.0,58527.8,0.6583
13547.2,44126.5,13608.4,44160.0,0.6580
1782.1,26304.7,1809.1,26333.9,0.6577
962.1,36344.2,977.7,36368.2,0.6573
8715.3,31622.1,8749.6,31661.5,0.6571
9168.5,13634.5,9210.3,13669.3,0.6570
16560.0,59199.0,16629.5,59218.2,0.6566
17388.7,22366.9,17455.0,22433.0,0.6566
6136.3,22507.4,6180.4,22560.7,0.6566
11474.8,23685.9,11518.7,23724.6,0.6561
860.2,7691.1,910.8,7734.0,0.6560
106.7,29673.8,156.0,29702.0,0.6559
121.0,33635.2,152.7,33663.1,0.6559
14606.0,45032.4,14680.0,45094.0,0.6553
7692.4,27419.0,7712.6,27452.1,0.6553
7635.8,55758.3,7679.1,55778.1,0.6550
9175.2,5363.0,9223.9,5399.6,0.6547
1425.5,7817.8,1483.1,7854.9,0.6547
13584.0,37321.2,13669.0,37384.0,0.6546
5219.5,36575.9,5280.5,36623.4,0.6545
2699.7,54885.2,2749.3,54918.5,0.6542
9921.7,35292.5,9954.6,35351.3,0.6542
7769.9,6361.9,7797.4,6402.1,0.6539
14917.1,27759.9,14950.0,27797.9,0.6537
4377.1,7530.7,4388.1,7542.5,0.6534
1099.9,26035.1,1124.0,26060.4,0.6530
13825.5,46014.8,13867.5,46075.5,0.6528
8960.2,34082.0,8995.2,34115.8,0.6524
10808.7,26955.1,10878.5,27036.0,0.6523
6926.2,51111.8,6937.4,51121.8,0.6521
5048.1,41545.6,5116.9,41601.4,0.6520
9166.7,48307.8,9206.8,48339.6,0.6518
16110.6,12552.3,16157.3,12596.3,0.6517
444.2,64797.0,497.8,64844.1,0.6516
5710.7,30080.0,5775.9,30103.1,0.6514
8422.9,1441.3,8498.6,1495.8,0.6513
11333.8,46372.4,11379.1,46419.5,0.6512
3751.1,41567.2,3840.0,41626.1,0.6511
16822.8,18358.9,16846.5,18393.3,0.6510
3139.2,20558.7,3217.5,20633.6,0.6508
8395.8,23579.9,8420.6,23598.4,0.6507
15985.1,23768.1,16011.9,23799.2,0.6505
4022.1,36480.7,4089.6,36517.1,0.6505
804.5,19136.6,825.5,19157.5,0.6504
9487.3,30293.2,9525.7,30325.1,0.6502
11191.0,41431.8,11222.3,41452.5,0.6502
6381.2,22214.7,6427.2,22284.8,0.6501
1045.8,24539.1,1097.8,24579.3,0.6500
16445.4,37082.4,16471.8,37114.1,0.6500
16282.7,11505.9,16312.3,11532.4,0.6500
3658.0,33249.6,3698.9,33277.2,0.6498
5590.6,49600.5,5605.8,49613.7,0.6497
15463.1,16095.8,15504.5,16115.9,0.6496
9374.6,30665.4,9425.7,30718.4,0.6495
5760.0,42946.8,5808.4,42979.0,0.6492
1640.5,20078.0,1684.6,20111.0,0.6492
13217.9,42090.1,13251.8,42121.3,0.6490
2180.2,22747.6,2238.7,22823.4,0.6488
14337.8,32083.9,14400.0,32124.5,0.6487
14356.3,19316.5,14369.6,19341.6,0.6485
1352.3,68254.7,1378.9,68285.0,0.6484
6603.8,49192.7,6655.0,49234.0,0.6484
5139.5,48804.0,5163.0,48822.5,0.6482
5393.1,44719.1,5438.9,44798.9,0.6480
11408.4,40382.9,11454.6,40413.0,0.6477
15885.5,65094.7,15922.8,65118.0,0.6474
7957.6,31726.3,8050.0,31776.7,0.6473
8386.1,30889.7,8419.3,30918.3,0.6471
5196.9,33924.3,5240.5,33961.7,0.6462
1288.5,33580.4,1314.6,33600.0,0.6462
1600.5,29881.5,1651.7,29911.8,0.6459
15063.6,13255.1,15119.3,13292.7,0.6456
5872.8,30188.1,5941.9,30253.1,0.6455
148.4,66954.3,207.4,66998.3,0.6454
3955.6,48795.9,3983.9,48851.3,0.6454
17491.9,34966.4,17534.2,35003.7,0.6451
14721.0,38576.5,14818.4,38679.2,0.6451
16348.1,64574.8,16360.2,64585.8,0.6449
5737.0,13398.6,5784.1,13438.3,0.6444
16204.0,21708.2,16232.9,21740.0,0.6440
11672.5,52980.4,11715.0,53016.1,0.6439
14867.6,34695.5,14892.3,34715.0,0.6434
16960.0,18560.0,17034.9,18624.3,0.6431
17076.8,55180.3,17135.9,55195.9,0.6428
6891.9,41585.3,6949.7,41626.9,0.6428
7337.0,8943.7,7359.5,8987.8,0.6428
8393.7,1305.5,8429.3,1336.5,0.6427
15234.2,23241.7,15293.8,23275.6,0.6426
5404.4,51420.2,5443.9,51432.9,0.6412
10632.7,25657.2,10704.0,25716.7,0.6410
10639.0,26002.4,10658.9,26035.8,0.6410
8689.4,56031.6,8739.2,56050.7,0.6406
7628.2,54154.7,7649.4,54169.7,0.6405
7827.5,2705.4,7877.7,2759.5,0.6404
9810.6,12752.0,9857.6,12794.0,0.6404
1879.5,27364.3,1916.6,27396.9,0.6402
10517.3,45310.2,10559.1,45341.1,0.6400
2380.7,44639.8,2431.5,44674.2,0.6399
4426.2,37083.9,4480.0,37152.5,0.6398
15222.8,24529.8,15251.8,24548.0,0.6398
1040.9,66739.1,1097.0,66780.2,0.6396
5293.1,34059.6,5317.0,34086.0,0.6396
9189.3,31250.5,9239.2,31293.3,0.6393
17512.1,35679.5,17540.1,35709.3,0.6391
5368.1,33464.6,5433.8,33535.8,0.6390
3011.7,28137.8,3073.7,28160.0,0.6384
2968.7,33642.9,2994.2,33674.6,0.6383
90.0,29151.4,125.4,29174.0,0.6380
13740.9,45032.3,13764.4,45068.2,0.6379
14436.5,39038.4,14463.9,39059.1,0.6379
12328.5,7926.3,12450.5,8003.1,0.6373
5328.2,37687.8,5374.7,37719.9,0.6371
9854.3,29164.8,9892.2,29188.6,0.6371
14011.3,26612.1,14025.9,26631.0,0.6371
7316.6,17728.5,7360.0,17781.1,0.6370
2358.3,29717.9,2396.3,29750.3,0.6370
7040.7,18169.0,7092.5,18223.5,0.6369
13739.5,6754.9,13788.0,6788.9,0.6368
14976.8,13760.0,15038.0,13788.5,0.6368
12090.5,29730.5,12165.4,29760.0,0.6365
1540.2,33983.4,1571.6,34020.1,0.6365
1013.8,30833.5,1039.3,30866.0,0.6361
14771.3,38064.3,14841.9,38134.9,0.6361
9921.6,30099.3,9951.1,30142.7,0.6360
15465.7,13229.3,15500.1,13264.3,0.6355
10905.0,7807.5,10979.0,7866.8,0.6353
15285.8,27455.3,15358.3,27519.2,0.6350
4257.2,7419.0,4268.2,7432.1,0.6345
8746.1,28739.7,8797.2,28797.4,0.6341
14532.9,49543.2,14604.0,49575.4,0.6335
17518.5,22151.9,17597.5,22220.8,0.6334
8640.0,10905.0,8694.5,10968.8,0.6331
447.9,29978.4,497.5,30007.1,0.6329
16198.3,15640.5,16235.6,15658.7,0.6326
13230.4,14556.0,13280.2,14619.7,0.6325
13892.0,30993.1,13934.1,31029.8,0.6323
12247.7,40575.3,12311.5,40639.6,0.6316
15938.7,40811.7,15973.3,40850.1,0.6315
16856.5,18305.6,16899.0,18404.8,0.6315
14228.0,37906.9,14257.4,37940.0,0.6314
10090.3,21039.5,10167.9,21103.6,0.6313
1368.0,9410.9,1413.6,9442.8,0.6304
12399.6,42767.3,12447.8,42806.0,0.6304
8055.0,1686.0,8143.5,1735.5,0.6304
4347.8,7504.0,4360.3,7517.3,0.6303
8322.7,32444.9,8349.5,32475.8,0.6302
14065.1,14471.0,14134.4,14538.9,0.6302
6947.6,40487.8,6993.3,40513.8,0.6301
14271.6,39767.3,14301.2,39789.6,0.6300
13358.7,32114.0,13380.0,32141.4,0.6299
1469.3,25465.3,1508.1,25499.3,0.6296
1876.1,19092.8,1919.6,19127.9,0.6295
9719.5,40608.3,9783.6,40640.0,0.6291
4384.9,34418.6,4432.6,34463.9,0.6286
16960.6,15977.8,16992.0,15998.6,0.6274
18042.8,21102.7,18084.7,21120.0,0.6274
12906.1,17866.2,12951.9,17901.9,0.6273
10217.5,48218.5,10244.1,48251.0,0.6272
7934.4,34969.5,7951.4,34990.0,0.6268
14290.3,31581.4,14335.9,31628.7,0.6267
6674.6,45149.9,6719.2,45203.0,0.6266
12420.4,27840.0,12498.0,27878.2,0.6265
6503.6,30228.0,6534.1,30260.0,0.6259
8219.0,37554.3,8267.1,37596.6,0.6258
1834.8,44860.7,1891.0,44918.9,0.6257
12332.0,35754.5,12370.4,35792.5,0.6255
11386.1,41982.7,11442.8,42037.4,0.6252
5554.9,39389.3,5579.9,39412.6,0.6251
4138.5,37390.1,4178.9,37412.7,0.6250
9698.5,7680.0,9741.1,7727.3,0.6250
12226.9,39171.5,12277.8,39225.1,0.6246
8413.6,30829.3,8462.3,30876.6,0.6242
5139.6,39315.6,5175.9,39340.3,0.6241
17481.3,11364.1,17513.6,11395.8,0.6239
4346.6,34601.6,4389.8,34633.9,0.6239
13229.9,49153.3,13305.1,49197.5,0.6234
9731.7,40000.7,9795.0,40039.1,0.6231
4670.9,32073.1,4705.7,32092.2,0.6227
9747.6,47039.4,9777.2,47073.8,0.6225
9547.0,47217.7,9600.0,47274.4,0.6223
9601.3,26148.9,9624.2,26175.3,0.6223
10881.4,16261.9,10908.7,16296.1,0.6219
6803.4,47360.0,6857.8,47394.0,0.6217
1243.9,24488.2,1280.0,24532.4,0.6216
6086.2,33645.2,6143.2,33701.6,0.6214
14193.1,46307.3,14234.7,46346.6,0.6214
12192.6,39682.2,12239.1,39718.5,0.6212
16099.2,59969.0,16137.7,60011.2,0.6209
11714.2,27840.0,11753.2,27888.1,0.6207
14308.1,31360.0,14344.4,31391.5,0.6206
15432.4,30796.1,15476.5,30847.1,0.6205
9154.7,8370.3,9206.9,8421.8,0.6205
5780.8,5414.1,5795.1,5427.9,0.6202
1716.1,18712.6,1750.5,18735.7,0.6199
11955.4,26082.3,12016.3,26118.5,0.6197
15790.1,10240.4,15828.8,10261.3,0.6190
13425.7,51806.2,13452.1,51829.9,0.6189
55.3,23773.0,167.0,23863.5,0.6188
6125.1,22448.9,6186.0,22501.5,0.6187
6296.5,51199.8,6322.0,51214.1,0.6186
9854.3,365.8,9918.4,436.5,0.6185
14401.2,23041.5,14428.6,23100.5,0.6182
15191.6,11700.5,15236.4,11727.2,0.6181
17758.1,7539.2,17806.9,7570.4,0.6180
12.0,19946.1,41.5,19987.7,0.6179
15040.0,32045.4,15066.1,32084.5,0.6175
10150.4,26001.3,10240.0,26124.7,0.6173
4285.4,7447.2,4300.2,7458.5,0.6169
11884.3,22584.6,11933.1,22617.1,0.6162
5266.7,24840.1,5305.8,24874.2,0.6161
10172.1,20079.8,10233.0,20135.6,0.6159
13803.0,13828.1,13829.5,13868.8,0.6156
8001.1,28561.4,8032.3,28606.6,0.6154
14419.6,19898.6,14475.5,19952.1,0.6151
13808.2,27702.5,13850.7,27725.2,0.6151
3732.7,12736.9,3748.1,12753.9,0.6150
13892.9,19668.2,13952.2,19705.4,0.6149
7714.2,29741.3,7810.5,29802.7,0.6148
9236.8,20160.0,9276.4,20183.6,0.6147
2242.4,41280.0,2277.4,41312.4,0.6146
9378.3,8230.4,9437.0,8289.2,0.6144
17699.5,19823.7,17721.9,19840.0,0.6143
5122.1,29854.2,5138.6,29899.4,0.6141
2187.2,30658.9,2203.5,30676.0,0.6140
13183.5,49173.0,13234.7,49215.2,0.6138
553.8,18554.8,575.2,18585.5,0.6135
9123.5,40124.2,9204.8,40182.8,0.6133
17986.8,25050.2,18039.9,25111.9,0.6131
14220.0,51553.2,14254.2,51574.8,0.6127
8640.1,41249.5,8660.0,41280.0,0.6126
14979.7,32280.0,14995.3,32297.5,0.6125
17474.9,18300.2,17512.1,18323.8,0.6124
7361.9,30708.2,7396.2,30776.8,0.6124
15364.5,38907.2,15436.6,38973.2,0.6123
465.1,18419.8,490.1,18460.3,0.6117
8499.1,1971.1,8556.8,2020.7,0.6116
7971.3,14720.1,8025.3,14770.6,0.6115
9361.8,32269.7,9415.9,32320.0,0.6112
11558.1,27969.8,11616.0,28010.7,0.6110
14759.1,47323.3,14828.2,47391.5,0.6106
15957.4,29212.3,16002.4,29240.1,0.6099
13980.3,34720.7,14041.6,34773.6,0.6097
10005.4,25244.5,10024.4,25268.5,0.6088
10393.0,31705.7,10427.7,31727.7,0.6086
9728.7,25640.7,9785.5,25699.2,0.6086
13810.3,51676.4,13841.1,51696.9,0.6085
11200.3,43901.4,11218.4,43964.4,0.6084
7164.0,39362.8,7196.7,39390.7,0.6082
9387.9,12376.9,9426.3,12403.0,0.6081
7289.7,35824.3,7316.5,35840.0,0.6079
5393.2,14741.5,5445.5,14774.4,0.6078
8213.7,32313.1,8244.3,32348.4,0.6077
10714.9,23001.6,10745.3,23034.6,0.6076
18126.9,21760.0,18175.4,21796.1,0.6074
8130.7,40633.1,8193.6,40672.2,0.6072
4539.6,21414.9,4560.8,21439.3,0.6071
16267.6,15689.9,16307.0,15717.2,0.6069
15121.0,40087.5,15156.4,40122.3,0.6061
10156.3,30758.1,10198.4,30793.2,0.6060
7577.4,17609.5,7655.8,17673.7,0.6059
4622.5,30210.1,4664.5,30251.0,0.6050
10733.1,13909.7,10822.5,13976.3,0.6050
15623.7,22334.3,15679.1,22375.4,0.6049
16939.5,23708.7,16972.5,23738.3,0.6047
2240.6,27407.0,2277.4,27467.7,0.6045
15548.2,56003.8,15601.7,56028.9,0.6045
11501.3,43353.4,11543.0,43389.3,0.6041
6526.5,33083.0,6544.7,33100.0,0.6039
5472.3,47823.1,5526.8,47887.7,0.6039
3300.5,632.5,3347.4,661.9,0.6038
9862.2,31274.0,9918.6,31335.3,0.6036
1600.3,27840.7,1641.5,27892.8,0.6032
9340.4,55388.4,9365.3,55402.2,0.6024
14798.8,47045.8,14868.1,47102.9,0.6021
8170.8,7211.3,8197.2,7240.5,0.6019
17845.9,12326.0,17917.1,12427.6,0.6017
14720.0,47328.7,14758.5,47360.0,0.6015
16247.4,28635.2,16307.4,28682.4,0.6015
929.9,36321.7,960.0,36358.9,0.6015
9033.3,1963.6,9061.6,2001.6,0.6014
7077.2,31543.1,7143.3,31606.6,0.6013
16492.2,15251.1,16506.3,15267.1,0.6011
899.4,4298.3,950.4,4342.0,0.6009
4151.4,7455.1,4166.9,7473.9,0.6007
874.5,25920.0,925.1,25933.2,0.6006
10493.6,33280.0,10554.5,33307.1,0.6003
7725.9,51076.1,7752.2,51102.2,0.6002
960.0,27447.4,1064.3,27517.6,0.6001
1236.3,28305.6,1271.7,28345.2,0.5999
6080.0,13993.6,6135.2,14061.8,0.5996
5250.5,51608.0,5282.1,51618.6,0.5994
3563.9,14063.6,3598.6,14080.0,0.5992
14423.8,31854.4,14456.2,31929.8,0.5991
7959.3,34938.6,7988.0,34971.2,0.5989
12625.7,7164.1,12677.9,7218.9,0.5987
9271.8,30120.3,9307.9,30152.0,0.5981
9974.8,13794.7,10003.4,13827.6,0.5980
13932.0,37636.0,13975.0,37666.6,0.5973
16031.6,56075.4,16087.8,56086.0,0.5967
2025.9,9506.6,2057.5,9529.8,0.5967
3195.2,55467.1,3255.2,55531.0,0.5966
12662.3,12570.5,12704.3,12596.4,0.5959
4563.0,34841.8,4605.0,34873.0,0.5957
14709.8,49543.6,14728.3,49563.1,0.5955
10189.9,46208.2,10239.7,46259.0,0.5952
1008.3,54168.6,1051.5,54223.1,0.5949
809.3,36800.0,858.3,36825.3,0.5947
7154.3,15708.8,7192.8,15738.0,0.5945
11628.0,40004.3,11678.7,40041.3,0.5944
7401.0,9003.4,7441.6,9041.2,0.5940
7042.1,26220.8,7096.9,26240.0,0.5936
9060.7,37650.6,9093.9,37672.4,0.5934
8482.7,13864.0,8517.9,13896.6,0.5932
7204.7,39026.9,7236.5,39053.1,0.5929
2495.5,5152.1,2559.4,5189.3,0.5927
2771.3,9786.6,2812.7,9816.9,0.5925
11635.2,33768.8,11682.2,33796.0,0.5920
4052.2,24825.7,4120.1,24892.7,0.5919
15124.8,26181.9,15152.8,26211.2,0.5917
9571.6,31403.2,9626.4,31453.6,0.5916
13864.8,40264.1,13907.8,40320.0,0.5912
11756.7,13375.0,11809.2,13426.4,0.5910
2560.4,44937.8,2585.8,44954.6,0.5905
17810.4,18031.5,17852.6,18059.0,0.5905
5204.4,22786.9,5245.5,22815.4,0.5905
11426.2,17824.0,11520.6,17881.7,0.5903
3684.7,48000.1,3749.3,48037.2,0.5901
339.4,25291.4,395.5,25340.9,0.5897
13011.2,19856.9,13071.0,19912.3,0.5894
10032.8,48165.5,10077.9,48219.0,0.5894
3822.5,63388.0,3839.4,63452.7,0.5892
3267.7,62142.8,3289.3,62177.0,0.5891
10085.4,17763.2,10122.7,17792.1,0.5890
10634.1,25789.5,10678.5,25837.5,0.5884
11950.4,32184.1,12018.8,32253.9,0.5884
15403.9,49619.6,15426.0,49663.3,0.5883
15002.4,26240.0,15042.6,26259.2,0.5882
12286.8,39440.1,12323.6,39470.4,0.5882
6679.6,43840.0,6720.0,43879.3,0.5880
5923.4,14035.1,5973.5,14079.3,0.5877
5143.4,41054.7,5181.4,41080.3,0.5876
13390.2,62188.7,13437.6,62207.3,0.5875
17763.0,34075.1,17803.5,34111.2,0.5874
11121.3,14121.4,11182.3,14157.7,0.5867
1735.3,11458.9,1809.7,11509.5,0.5865
960.0,27092.0,1032.7,27179.7,0.5865
6932.7,30552.2,6972.5,30584.0,0.5864
9801.9,38217.5,9842.7,38249.8,0.5862
12347.6,42806.5,12376.8,42843.5,0.5857
15634.8,39241.8,15689.7,39287.3,0.5857
5351.4,30013.4,5448.6,30092.5,0.5850
3109.3,39738.8,3145.1,39778.3,0.5849
14382.2,26653.7,14399.5,26712.3,0.5849
7458.0,18074.0,7500.7,18115.5,0.5849
2240.0,63915.0,2310.9,64000.0,0.5844
14488.2,48897.7,14519.3,48913.8,0.5844
9920.3,40134.4,9969.8,40203.3,0.5843
8713.9,4800.0,8780.4,4854.7,0.5842
8960.3,24960.0,9008.7,24992.6,0.5839
2489.3,27929.6,2557.7,27963.2,0.5839
1925.7,8960.0,1982.4,8979.9,0.5837
3355.0,10505.1,3421.1,10568.2,0.5835
13440.2,31378.9,13492.0,31428.6,0.5834
8940.0,12306.6,8983.8,12345.7,0.5831
15355.6,14884.1,15397.9,14920.3,0.5830
12371.2,5615.9,12384.8,5630.7,0.5830
3715.4,68841.4,3743.6,68868.6,0.5828
16136.4,12752.2,16219.6,12817.7,0.5828
3029.3,34698.8,3060.0,34733.2,0.5827
12324.9,13419.1,12354.5,13449.2,0.5825
8133.9,7242.3,8163.0,7272.7,0.5818
427.7,7737.5,467.5,7788.4,0.5817
14383.6,23058.8,14430.2,23103.5,0.5817
13544.9,28774.5,13608.8,28800.0,0.5815
4716.2,40721.1,4771.7,40751.7,0.5815
1435.9,9555.6,1492.3,9611.5,0.5813
1091.6,26158.0,1135.6,26197.7,0.5810
10611.3,42386.7,10657.9,42408.1,0.5806
10838.4,57191.5,10852.0,57208.5,0.5804
11984.8,33341.9,12065.8,33401.0,0.5801
4952.0,41625.3,4993.4,41665.2,0.5801
2824.3,34609.0,2864.5,34638.3,0.5800
886.7,19686.0,914.7,19714.1,0.5799
11616.1,38349.1,11661.4,38393.1,0.5799
8320.8,7006.5,8356.3,7056.7,0.5797
10098.7,29374.5,10145.5,29396.7,0.5796
10975.7,56236.6,10989.8,56249.4,0.5793
14343.2,50166.3,14399.4,50235.2,0.5788
8980.6,13114.0,9028.3,13150.9,0.5788
6180.3,28176.9,6209.1,28204.0,0.5784
13998.9,37120.0,14069.1,37151.8,0.5782
17025.1,39545.8,17069.5,39573.9,0.5781
14409.5,33675.1,14454.3,33705.7,0.5778
6545.8,28695.1,6583.8,28716.4,0.5778
1920.0,66602.3,1999.3,66707.0,0.5778
6403.8,31107.9,6443.9,31154.5,0.5771
14557.2,48180.7,14610.3,48231.4,0.5771
7282.4,29440.0,7358.9,29502.7,0.5771
11035.8,34560.0,11088.0,34575.2,0.5768
14934.8,26614.0,14980.3,26656.4,0.5765
1972.7,6823.5,1993.7,6843.2,0.5763
16916.7,31609.4,16943.9,31642.9,0.5762
1630.7,3523.8,1652.1,3548.7,0.5760
5914.6,29815.9,5958.4,29837.0,0.5758
11340.1,22720.0,11367.8,22732.0,0.5757
17274.0,43242.0,17307.0,43269.1,0.5757
5597.4,39810.3,5620.0,39836.6,0.5757
5561.7,27129.5,5585.4,27159.8,0.5756
7680.3,34465.2,7727.4,34505.5,0.5756
14636.9,31862.4,14690.6,31941.0,0.5754
14331.2,19307.3,14345.4,19339.9,0.5754
14474.2,34832.6,14502.6,34854.7,0.5753
8289.6,36755.7,8321.6,36787.4,0.5748
5760.1,23040.0,5833.9,23106.5,0.5743
1039.5,54216.9,1068.6,54247.8,0.5741
15218.4,19426.7,15264.8,19468.8,0.5741
8293.1,2336.5,8343.1,2391.9,0.5735
2221.6,53223.9,2239.4,53292.0,0.5734
11805.1,65675.2,11832.6,65705.5,0.5731
11791.1,12363.2,11811.4,12394.7,0.5719
2535.4,24387.2,2578.9,24424.3,0.5719
12771.1,23813.8,12793.1,23849.6,0.5718
13066.7,7169.3,13146.8,7214.8,0.5717
16228.0,35885.8,16284.2,35922.9,0.5716
3125.0,26486.4,3198.3,26560.0,0.5712
11900.6,13497.2,11929.5,13529.6,0.5709
8778.4,23189.3,8839.5,23278.7,0.5708
18011.5,18170.9,18051.4,18196.6,0.5706
14334.1,55743.6,14400.0,55759.0,0.5703
5003.0,7271.6,5049.4,7293.6,0.5702
7040.0,27788.1,7084.6,27838.7,0.5698
7361.2,26593.3,7388.5,26630.1,0.5698
3883.8,32409.8,3913.1,32442.9,0.5696
9863.9,23756.0,9900.4,23801.0,0.5695
8196.5,2373.9,8287.8,2428.2,0.5693
12480.3,45797.5,12558.5,45930.6,0.5691
5440.0,23306.6,5451.5,23335.1,0.5690
17219.7,54453.9,17280.7,54481.5,0.5688
2345.8,2338.1,2364.7,2385.6,0.5687
12237.0,46266.6,12315.2,46338.3,0.5685
8060.4,25576.3,8118.7,25600.0,0.5685
1553.4,29648.0,1614.4,29674.1,0.5682
1530.6,29987.5,1599.3,30043.8,0.5681
5096.0,33978.0,5136.1,34019.2,0.5679
6400.7,32000.0,6423.4,32026.1,0.5678
746.3,27752.6,807.2,27808.2,0.5675
13649.0,24508.7,13674.2,24533.7,0.5674
8142.7,34322.6,8194.0,34359.3,0.5673
12052.7,28906.4,12113.0,28948.5,0.5671
508.6,22803.1,536.2,22835.0,0.5668
8521.1,13013.7,8557.2,13033.0,0.5666
3333.4,10395.5,3405.9,10430.4,0.5662
2877.2,24793.4,2922.0,24833.5,0.5660
1523.7,9456.2,1565.3,9484.2,0.5658
540.8,38812.8,596.5,38863.6,0.5655
6466.0,50898.4,6495.9,50910.3,0.5653
6976.5,17964.7,6989.9,17977.8,0.5650
15811.5,22746.0,15874.1,22795.5,0.5649
14874.2,28858.4,14898.1,28894.0,0.5648
14264.6,46816.6,14349.2,46886.4,0.5648
15522.6,31919.1,15580.0,31967.1,0.5647
15794.6,37811.6,15840.7,37844.7,0.5647
17333.8,26808.5,17408.8,26873.6,0.5645
12755.5,44032.3,12810.9,44063.1,0.5645
1802.1,18520.7,1837.8,18550.3,0.5644
4315.7,7474.2,4329.5,7488.0,0.5643
7354.6,8755.2,7391.7,8795.4,0.5642
14422.8,34855.2,14453.1,34880.0,0.5641
17673.6,35602.3,17698.1,35629.0,0.5640
642.0,63192.4,710.6,63246.5,0.5640
3201.8,6423.7,3217.6,6445.7,0.5639
18018.5,22007.6,18056.4,22066.3,0.5630
5266.9,49355.2,5288.3,49364.2,0.5628
4116.6,7425.7,4130.5,7439.9,0.5627
4194.4,24652.4,4254.5,24704.2,0.5625
6720.4,26653.5,6762.3,26692.5,0.5622
11254.0,17959.6,11310.5,18007.2,0.5617
15312.8,23360.0,15359.1,23369.4,0.5612
5631.0,31360.7,5681.4,31409.3,0.5612
12834.0,14791.7,12845.2,14809.4,0.5612
9574.8,38720.0,9616.4,38730.4,0.5611
6919.6,47832.1,6964.1,47875.0,0.5607
14914.1,47113.6,14964.1,47151.4,0.5607
17327.8,22304.3,17405.6,22377.6,0.5603
7969.4,18338.3,8031.9,18405.0,0.5602
13299.1,18880.0,13365.7,18939.3,0.5601
8940.6,12356.9,8980.5,12397.0,0.5598
4314.9,28513.8,4370.2,28562.5,0.5597
2581.7,20242.2,2617.6,20286.7,0.5597
2427.2,51392.2,2445.8,51408.5,0.5594
14228.8,29321.9,14244.1,29345.1,0.5590
11400.4,27978.7,11460.2,28020.9,0.5588
1317.1,44306.0,1365.8,44369.0,0.5586
4500.6,37702.4,4569.6,37772.5,0.5583
16872.1,22648.1,16960.0,22720.0,0.5581
10799.3,13993.7,10877.2,14078.3,0.5581
10326.4,38400.0,10400.2,38459.9,0.5580
15923.1,64632.7,15961.7,64653.6,0.5580
4963.7,29858.1,4984.8,29883.7,0.5576
16093.3,12991.9,16138.7,13026.3,0.5575
1475.3,68231.3,1537.3,68267.1,0.5574
1108.8,23780.0,1148.0,23808.9,0.5567
12984.9,32671.3,13024.7,32705.0,0.5563
4861.4,51599.9,4902.5,51613.7,0.5562
13441.1,40960.4,13519.7,41034.7,0.5562
4247.9,20406.4,4305.7,20443.9,0.5561
6225.3,53629.1,6247.3,53640.0,0.5561
7361.8,25348.6,7392.5,25397.3,0.5554
7681.1,32387.0,7711.4,32438.6,0.5553
10501.8,37527.0,10549.1,37569.0,0.5549
12038.7,40561.9,12087.0,40603.0,0.5548
2470.7,52439.4,2486.1,52464.9,0.5547
16855.5,58561.9,16899.6,58573.8,0.5546
10560.9,42322.4,10598.0,42391.5,0.5545
7621.4,28480.0,7678.9,28504.4,0.5541
15410.5,7704.0,15459.9,7734.8,0.5540
8589.6,15537.5,8640.0,15598.2,0.5534
13995.7,25554.5,14056.6,25616.3,0.5532
320.0,4161.2,377.7,4210.2,0.5531
4160.0,33764.7,4185.7,33803.9,0.5530
3359.1,6618.7,3405.1,6644.6,0.5528
7449.1,17998.4,7493.1,18032.8,0.5528
11810.1,35113.9,11875.2,35185.3,0.5528
8363.8,2409.7,8412.6,2453.0,0.5527
15572.9,29590.5,15622.7,29628.3,0.5525
14521.1,11150.7,14568.3,11189.8,0.5523
541.8,42518.8,568.5,42548.5,0.5520
11461.5,15016.4,11520.0,15068.6,0.5519
5760.5,38628.4,5826.5,38719.1,0.5516
4160.2,7329.1,4172.2,7342.6,0.5516
11520.0,28800.0,11586.6,28830.9,0.5514
17667.4,19824.1,17735.1,19873.3,0.5514
17869.5,16519.6,17897.4,16552.3,0.5510
6065.9,37760.0,6120.6,37815.9,0.5508
10083.7,48116.1,10109.7,48146.0,0.5508
6345.2,55514.6,6398.0,55528.1,0.5507
2384.0,49968.5,2424.2,49983.6,0.5504
13799.8,31360.0,13860.1,31383.2,0.5502
7585.2,43161.7,7653.6,43200.0,0.5502
4503.9,51378.2,4532.7,51387.0,0.5500
708.8,67948.8,778.0,67993.1,0.5500
9203.2,26145.7,9215.8,26160.1,0.5499
8749.0,31023.9,8787.5,31040.0,0.5498
15734.8,67971.4,15773.5,67983.2,0.5497
10960.6,42458.4,11007.8,42499.2,0.5496
2241.1,36480.0,2350.2,36557.8,0.5495
16533.0,22388.8,16586.1,22422.9,0.5493
5129.4,36568.6,5151.8,36592.0,0.5492
15061.7,31226.1,15104.9,31256.5,0.5492
8466.8,31369.0,8532.2,31427.8,0.5487
1921.4,26004.3,1957.0,26058.3,0.5484
5442.6,23040.0,5527.4,23074.4,0.5482
17840.7,28737.1,17875.6,28769.6,0.5482
8236.2,1578.8,8264.7,1608.7,0.5482
11939.1,34928.7,12001.3,34989.3,0.5481
18126.6,25252.0,18175.2,25334.9,0.5477
3015.1,2003.9,3055.9,2046.5,0.5477
8634.1,60403.7,8655.9,60414.9,0.5477
2161.5,40000.0,2213.0,40049.1,0.5476
5906.1,38818.4,5922.2,38838.2,0.5473
4556.2,37257.1,4588.1,37288.9,0.5473
13762.2,27973.7,13797.8,28016.2,0.5470
16283.0,60636.3,16307.6,60679.5,0.5466
9280.8,11938.9,9313.2,11978.5,0.5466
13035.7,21252.0,13089.6,21291.6,0.5464
15619.2,22946.0,15679.5,22996.9,0.5463
4099.3,13836.4,4159.2,13904.3,0.5461
4884.0,24472.5,4898.7,24491.0,0.5461
5120.0,26089.9,5164.1,26132.3,0.5461
2173.1,39323.6,2238.0,39401.8,0.5456
10294.7,38279.0,10314.6,38300.1,0.5455
14697.3,65523.9,14721.6,65548.2,0.5452
13757.5,51689.7,13786.5,51710.1,0.5450
17691.8,40467.1,17721.7,40496.0,0.5450
11919.3,14722.3,11977.9,14758.3,0.5448
844.0,32003.6,889.8,32055.9,0.5447
11266.3,14105.0,11310.2,14132.8,0.5446
11801.3,40159.3,11869.5,40222.7,0.5445
8275.6,31252.1,8318.7,31298.2,0.5444
15491.8,26008.9,15528.0,26042.4,0.5443
4082.5,24790.3,4148.7,24839.3,0.5442
15468.2,13402.6,15518.6,13450.5,0.5442
5514.9,5640.8,5532.5,5661.0,0.5441
15362.2,58204.3,15376.1,58240.0,0.5439
10020.6,14578.8,10036.0,14592.7,0.5437
611.9,9637.4,653.8,9667.3,0.5436
3408.4,27594.3,3450.3,27629.9,0.5435
12576.2,38177.8,12593.8,38199.5,0.5434
10098.4,34513.3,10145.4,34550.3,0.5433
9546.8,30414.6,9588.0,30442.6,0.5431
13711.2,17375.7,13760.0,17429.1,0.5431
6862.4,30491.0,6881.1,30513.2,0.5429
13980.3,40192.5,14027.3,40249.8,0.5429
13120.0,37760.1,13167.9,37863.5,0.5427
14805.7,2530.7,14893.0,2601.8,0.5425
3962.3,37086.3,3981.5,37112.5,0.5423
2073.3,9491.2,2110.0,9518.2,0.5420
1538.8,24041.9,1555.6,24058.3,0.5420
5687.4,31218.0,5758.9,31324.9,0.5415
5441.7,2002.7,5469.0,2038.6,0.5413
12145.4,7040.0,12212.2,7075.8,0.5412
17524.4,44897.6,17549.4,44924.8,0.5411
13737.3,27281.1,13783.4,27322.1,0.5410
11443.8,23715.2,11489.5,23747.8,0.5410
7587.4,55550.7,7610.9,55569.0,0.5407
11225.9,32817.5,11279.5,32861.7,0.5406
15328.1,33239.5,15365.1,33270.9,0.5405
17814.5,33602.4,17883.1,33670.2,0.5401
14643.7,29840.7,14716.9,29910.6,0.5400
5242.2,51741.5,5297.5,51762.3,0.5396
9352.9,36496.3,9396.0,36527.3,0.5395
1154.2,25479.7,1194.7,25542.7,0.5392
8190.9,34579.7,8241.1,34634.6,0.5392
7373.7,31466.6,7413.4,31506.3,0.5389
6153.6,37289.2,6180.4,37316.3,0.5387
11816.1,40033.5,11839.7,40064.1,0.5386
15218.4,22993.3,15266.1,23039.6,0.5379
6889.5,7608.1,6944.9,7670.9,0.5379
12483.3,7457.3,12541.8,7508.4,0.5373
1972.8,9248.6,2001.8,9272.5,0.5371
12747.3,17912.1,12797.8,17969.1,0.5370
6003.7,34192.2,6076.7,34240.0,0.5368
13303.3,19412.5,13359.9,19453.5,0.5368
2436.8,51625.1,2454.5,51648.1,0.5368
7860.2,2067.4,7916.4,2104.8,0.5366
13913.6,20636.9,13974.9,20671.6,0.5365
7857.1,30930.6,7911.3,30983.2,0.5365
15040.0,51144.0,15083.3,51178.1,0.5364
568.6,36118.5,606.6,36147.4,0.5360
8002.0,27806.7,8019.7,27840.0,0.5360
7977.6,28160.0,8028.4,28199.1,0.5360
17832.2,8521.9,17891.1,8574.3,0.5358
13603.4,27859.8,13670.6,27902.1,0.5357
7611.0,55353.5,7644.3,55371.7,0.5355
10514.8,28900.4,10526.5,28912.7,0.5354
4996.4,29831.1,5037.9,29859.7,0.5353
13584.9,19421.4,13624.6,19478.5,0.5352
13788.0,31283.8,13866.8,31381.3,0.5351
17681.5,53273.1,17732.6,53307.6,0.5350
15923.6,45379.0,15972.2,45410.5,0.5339
459.2,10188.6,535.6,10248.2,0.5337
5799.5,31908.4,5877.8,31999.4,0.5336
2899.1,24020.2,2942.0,24083.6,0.5336
13994.0,37528.2,14061.7,37593.2,0.5332
6543.7,28375.4,6591.4,28411.3,0.5331
17540.2,55471.6,17598.8,55486.3,0.5330
10241.7,14286.1,10270.8,14320.0,0.5330
10595.5,12200.3,10620.6,12228.6,0.5330
10698.0,57418.8,10719.6,57433.2,0.5329
8573.3,18339.8,8593.9,18364.6,0.5329
12268.3,12800.0,12312.4,12832.4,0.5328
10114.3,32099.3,10131.5,32125.4,0.5324
914.7,68353.1,960.0,68396.7,0.5322
567.6,40320.0,639.4,40381.1,0.5321
7499.5,34491.6,7517.0,34512.5,0.5321
4935.0,27508.1,4972.7,27546.1,0.5321
7992.8,17700.4,8034.3,17729.6,0.5321
8715.7,5182.0,8751.8,5238.9,0.5320
8411.5,38825.6,8462.8,38852.6,0.5320
11201.4,25978.0,11282.6,26052.5,0.5318
5854.8,39003.3,5891.1,39036.3,0.5317
5251.4,23343.4,5293.9,23360.0,0.5316
16371.3,13136.4,16395.7,13158.2,0.5315
16929.3,18491.0,16971.9,18520.8,0.5312
16118.3,12498.2,16169.3,12546.8,0.5311
12751.7,33060.6,12812.4,33100.4,0.5310
5856.6,31475.0,5900.2,31508.9,0.5309
7456.1,54297.7,7469.6,54308.4,0.5303
10184.2,39169.0,10239.2,39226.5,0.5300
17525.2,9600.8,17599.0,9701.2,0.5300
13362.5,6912.7,13408.6,6947.6,0.5300
18044.0,22115.2,18086.1,22155.0,0.5297
6331.5,24162.1,6359.8,24180.8,0.5297
18019.8,21830.1,18092.0,21896.0,0.5297
14992.5,11012.4,15016.7,11044.0,0.5297
4376.7,14315.8,4419.1,14343.3,0.5296
2963.6,34703.8,2980.4,34725.1,0.5294
15031.8,34199.2,15061.2,34235.5,0.5293
403.8,36002.1,438.7,36032.5,0.5291
9311.6,48502.2,9332.9,48539.1,0.5290
4669.3,26406.3,4707.2,26451.9,0.5290
17261.4,15950.3,17301.4,15972.1,0.5289
11453.7,32966.0,11518.8,33078.4,0.5288
4995.2,35621.2,5019.2,35644.5,0.5280
691.9,66832.8,742.7,66877.6,0.5277
11644.5,2056.2,11700.6,2102.7,0.5276
4371.0,36440.1,4397.9,36469.8,0.5271
17796.9,59717.8,17830.5,59740.2,0.5271
13029.5,14667.9,13064.5,14711.2,0.5270
11045.4,38168.8,11151.2,38250.9,0.5269
7714.6,35286.3,7742.8,35308.4,0.5266
1226.2,21923.5,1279.3,21974.6,0.5266
15866.8,35620.5,15907.6,35664.8,0.5262
3522.2,26352.7,3536.9,26391.7,0.5262
4189.2,7358.9,4204.6,7374.6,0.5260
3730.6,40094.9,3769.8,40127.4,0.5260
3201.9,20597.0,3218.8,20629.3,0.5259
4506.2,51050.4,4529.3,51063.1,0.5258
5417.0,25747.4,5452.2,25780.5,0.5257
11608.0,22056.7,11642.4,22091.9,0.5252
3201.2,27915.9,3232.2,27973.1,0.5252
2328.9,4843.2,2356.8,4868.4,0.5251
13269.7,19552.0,13360.7,19623.5,0.5250
16531.4,35738.6,16571.8,35777.0,0.5248
16737.0,59374.8,16789.7,59391.0,0.5248
11107.3,7331.5,11161.7,7380.2,0.5246
8507.3,24320.0,8558.5,24342.8,0.5245
4310.6,34440.1,4392.7,34501.3,0.5245
6743.2,30722.7,6780.2,30752.1,0.5244
13243.2,19943.4,13301.8,20005.9,0.5239
665.1,41913.6,705.3,41951.3,0.5239
5600.3,51440.5,5621.8,51452.8,0.5235
10087.0,27364.7,10127.8,27412.3,0.5232
17799.5,41650.7,17833.3,41683.3,0.5227
11169.6,17577.2,11219.8,17599.8,0.5227
5001.7,37958.2,5053.6,38004.9,0.5226
5572.6,40358.9,5619.8,40396.0,0.5225
13104.1,46400.0,13119.3,46423.9,0.5221
8536.8,55150.8,8548.1,55170.8,0.5220
13965.6,14361.4,14050.4,14429.4,0.5217
17791.0,18216.3,17837.8,18243.1,0.5216
3675.8,53143.9,3700.9,53163.0,0.5213
2775.6,7176.4,2821.3,7211.1,0.5213
2298.7,21760.0,2352.1,21784.5,0.5209
8080.1,26687.2,8110.4,26726.6,0.5207
3812.0,40139.1,3837.1,40165.4,0.5206
8418.3,30790.1,8466.3,30838.3,0.5206
17082.9,64715.7,17096.7,64727.9,0.5202
4515.5,34185.8,4581.7,34236.0,0.5199
1916.3,5343.2,2006.2,5423.5,0.5198
724.5,28785.7,747.3,28816.2,0.5194
6949.0,9237.8,6980.2,9259.3,0.5193
13108.7,32964.1,13147.3,32997.5,0.5193
2822.5,23680.9,2879.7,23727.6,0.5192
5045.0,41656.1,5085.3,41686.2,0.5190
6037.1,4160.4,6096.5,4213.9,0.5190
14984.6,26139.7,15040.0,26257.7,0.5185
9627.1,46344.7,9664.5,46379.8,0.5180
6082.9,15135.6,6116.5,15158.3,0.5178
691.6,23621.3,730.7,23652.1,0.5178
9410.5,27840.0,9469.6,27871.1,0.5176
15825.7,33518.5,15893.7,33595.0,0.5174
13633.5,19501.9,13692.2,19520.0,0.5173
16163.3,50561.3,16211.9,50602.1,0.5172
9268.6,31766.0,9300.5,31787.5,0.5171
4568.4,49314.6,4583.9,49325.0,0.5170
8906.6,12224.8,8967.9,12297.9,0.5168
17092.0,11721.6,17108.2,11739.0,0.5166
15466.2,38973.8,15502.3,39064.9,0.5164
11947.8,29712.6,11992.0,29759.2,0.5157
13763.5,45435.3,13833.9,45509.7,0.5156
13218.7,20087.3,13267.9,20115.7,0.5155
16272.6,60869.7,16308.6,60919.9,0.5154
17877.5,16598.8,17893.0,16622.5,0.5154
8672.8,28835.3,8704.9,28870.7,0.5153
16715.7,43224.6,16785.3,43251.2,0.5152
13258.2,58912.8,13298.6,58926.9,0.5152
5977.1,33592.7,6051.0,33652.7,0.5151
15760.7,19024.2,15804.2,19054.0,0.5150
13567.7,30396.9,13582.4,30417.9,0.5149
13760.0,6720.0,13813.9,6782.8,0.5149
3634.3,31680.0,3713.3,31739.7,0.5148
13390.1,48280.5,13440.0,48319.3,0.5148
16515.3,64655.8,16530.1,64670.6,0.5146
14043.7,40167.9,14060.9,40188.4,0.5146
11982.6,32290.5,12018.1,32322.9,0.5145
13524.7,5339.7,13577.4,5385.8,0.5144
7002.6,39023.7,7028.8,39040.0,0.5143
16558.0,23083.5,16580.1,23122.0,0.5143
7045.1,12636.0,7115.6,12699.8,0.5142
2447.1,5803.8,2533.4,5885.1,0.5142
15664.6,19139.6,15712.9,19167.5,0.5140
14035.2,45509.3,14079.0,45534.6,0.5138
879.1,39066.0,903.4,39084.3,0.5138
221.8,10882.9,246.3,10907.6,0.5138
15249.0,1553.8,15312.1,1588.7,0.5137
4696.4,33942.3,4775.2,33986.2,0.5134
4579.0,34109.0,4607.9,34134.1,0.5134
12198.7,8479.3,12262.3,8529.9,0.5129
12597.2,59791.0,12631.6,59808.6,0.5128
2808.2,38625.6,2840.0,38659.5,0.5128
6978.0,24066.2,7001.5,24091.2,0.5127
12313.5,7289.2,12390.4,7349.0,0.5125
7364.5,31519.8,7388.2,31540.7,0.5118
12234.1,6984.1,12292.4,7033.5,0.5118
567.2,11708.3,602.2,11741.1,0.5115
12259.3,5296.0,12270.3,5307.3,0.5112
1411.1,19351.6,1480.8,19413.9,0.5111
557.0,28944.6,638.2,29052.6,0.5111
9978.4,28142.4,10028.3,28160.0,0.5108
15204.6,14144.6,15259.5,14186.7,0.5108
10560.0,38080.0,10627.2,38146.6,0.5103
424.9,38821.8,455.6,38862.9,0.5102
6447.5,6311.4,6517.0,6365.6,0.5101
4519.8,34425.9,4585.0,34507.1,0.5100
7467.0,56199.9,7493.5,56213.6,0.5100
13964.9,14400.0,14031.0,14433.8,0.5099
18100.3,15548.5,18124.1,15580.9,0.5097
634.8,25818.9,653.2,25846.9,0.5097
14385.3,37777.0,14451.6,37835.7,0.5094
18003.3,58854.3,18064.7,58869.8,0.5093
17355.8,26637.1,17409.3,26695.5,0.5092
10006.1,22789.7,10028.5,22813.8,0.5091
15815.8,34411.9,15846.3,34436.4,0.5090
7910.8,45440.1,7976.8,45471.1,0.5087
10575.4,28096.8,10626.1,28148.0,0.5087
2120.7,291.6,2176.8,328.4,0.5087
3840.6,64741.0,3878.3,64791.0,0.5086
7296.7,2163.6,7353.6,2213.0,0.5085
1920.9,28667.2,1969.4,28711.9,0.5085
2195.5,54400.0,2240.0,54432.4,0.5084
3452.7,42456.0,3496.3,42482.4,0.5084
8033.6,58153.7,8084.3,58177.3,0.5083
6082.0,4180.7,6095.8,4207.0,0.5080
1922.1,661.8,1933.0,688.6,0.5079
7040.6,22080.3,7088.0,22119.8,0.5077
14080.6,37114.8,14123.5,37163.9,0.5076
15170.2,13684.2,15232.0,13744.5,0.5075
17500.3,64638.9,17536.4,64688.7,0.5073
10833.8,34880.0,10890.0,34911.5,0.5071
8222.8,62321.3,8272.4,62332.4,0.5071
6080.0,32071.2,6157.5,32182.6,0.5068
12564.4,7372.3,12633.0,7434.1,0.5067
303.7,11522.8,346.6,11560.8,0.5066
9600.0,26032.2,9648.3,26135.4,0.5064
14667.2,57909.0,14720.1,57970.9,0.5063
13513.8,58969.0,13565.8,58991.6,0.5062
14417.9,49871.0,14465.0,49922.3,0.5062
13617.5,58590.8,13683.0,58608.3,0.5060
13817.8,45464.4,13876.1,45513.5,0.5058
9956.7,32274.0,9984.6,32297.5,0.5055
1572.9,26056.7,1612.6,26085.6,0.5052
15041.6,29454.2,15074.8,29506.9,0.5052
18142.3,43609.0,18176.0,43659.7,0.5052
13553.5,15545.9,13587.6,15570.9,0.5048
2085.3,43985.2,2105.9,44018.5,0.5041
8873.6,1402.1,8932.9,1441.2,0.5036
3200.6,34921.8,3264.6,35001.0,0.5035
13120.6,36057.6,13173.5,36087.1,0.5035
11612.1,29218.1,11648.0,29296.4,0.5035
10602.4,15433.5,10649.9,15461.1,0.5033
4178.3,24998.7,4210.9,25028.6,0.5033
148.7,38391.7,216.6,38432.2,0.5033
14009.7,19245.7,14044.7,19268.6,0.5024
2880.9,36196.7,2947.4,36285.9,0.5021
12323.9,31783.2,12375.2,31812.9,0.5019
7521.6,32825.2,7586.8,32884.4,0.5019
18070.6,24885.7,18137.2,24968.0,0.5015
15937.8,44067.4,15998.8,44160.0,0.5014
13585.6,16761.3,13633.5,16816.9,0.5012
12515.6,29309.4,12577.3,29355.5,0.5011
16808.2,26264.9,16841.2,26296.2,0.5010
5737.6,21815.4,5778.2,21862.4,0.5000
3883.8,47430.6,3902.2,47454.7,0.4999
8067.1,31474.3,8114.0,31512.5,0.4999
6579.8,45114.2,6596.6,45142.6,0.4999
14361.4,44160.0,14400.0,44191.3,0.4996
5832.6,34193.5,5907.3,34240.0,0.4995
13430.2,6832.2,13484.4,6865.4,0.4991
16298.6,16092.1,16357.3,16128.8,0.4990
3277.4,37194.4,3322.0,37225.3,0.4988
2564.3,42014.9,2634.2,42079.5,0.4987
7625.7,35965.7,7678.6,36015.8,0.4985
609.5,66058.6,631.9,66072.4,0.4984
7193.9,8640.0,7248.8,8665.4,0.4983
11449.9,22453.4,11499.5,22494.8,0.4981
17781.3,8008.6,17851.4,8073.0,0.4979
3002.3,2609.8,3044.5,2635.0,0.4979
14404.6,48021.2,14461.2,48059.1,0.4977
9540.3,38400.0,9598.7,38453.1,0.4977
11801.9,40176.0,11840.0,40225.8,0.4975
10560.0,44418.7,10584.5,44456.8,0.4971
14283.0,23171.6,14311.4,23206.0,0.4970
14205.0,39297.3,14239.9,39330.4,0.4970
6816.5,15322.1,6850.8,15352.4,0.4968
2462.4,9409.0,2512.1,9460.6,0.4967
16258.8,17656.7,16297.2,17689.2,0.4967
6935.6,34560.0,6993.2,34581.5,0.4966
12160.6,31782.9,12199.5,31816.2,0.4965
12472.5,7313.7,12542.5,7366.6,0.4964
2483.0,6984.0,2512.2,7015.2,0.4960
15064.0,34279.9,15100.7,34317.6,0.4960
7005.0,32139.4,7040.0,32181.0,0.4957
1144.6,45721.8,1197.7,45759.7,0.4957
6450.8,20667.8,6505.5,20719.4,0.4956
9667.7,30579.2,9706.4,30611.3,0.4955
10299.3,32289.6,10316.0,32317.6,0.4954
11305.8,28120.7,11333.5,28141.1,0.4952
11410.7,25780.2,11441.6,25805.0,0.4952
4354.2,20795.9,4389.4,20835.8,0.4950
15040.0,37544.6,15061.5,37580.7,0.4949
1067.2,28148.1,1157.0,28212.6,0.4949
15075.4,37105.3,15160.8,37180.4,0.4942
7931.2,58016.1,7994.1,58030.7,0.4942
9894.4,45187.6,9953.1,45228.7,0.4939
14457.3,38741.5,14505.1,38781.4,0.4939
15533.2,46626.9,15543.0,46669.9,0.4938
3840.2,1193.4,3890.9,1259.6,0.4938
7242.3,8928.1,7287.3,8957.3,0.4936
13942.9,51631.5,13969.5,51651.3,0.4935
6804.7,41946.4,6827.3,41973.1,0.4932
531.6,37120.0,584.4,37142.9,0.4931
17874.1,21842.1,17920.0,21908.0,0.4931
3863.4,41481.3,3914.9,41574.3,0.4930
10233.9,39570.2,10262.7,39596.1,0.4930
322.0,24480.1,334.1,24509.2,0.4928
2524.7,30918.6,2578.2,30963.4,0.4926
4841.0,30801.7,4872.9,30831.1,0.4924
850.9,47720.9,958.5,47821.7,0.4919
2906.3,51379.2,2982.9,51439.4,0.4919
6468.5,31023.6,6507.0,31040.0,0.4918
15465.8,29560.5,15563.2,29648.7,0.4918
13030.4,14667.6,13048.8,14697.2,0.4916
5419.4,6188.0,5457.8,6219.9,0.4916
12088.3,25098.4,12158.0,25183.9,0.4916
11035.9,34522.4,11088.6,34573.3,0.4909
16336.3,12683.2,16367.7,12712.4,0.4909
5067.0,24379.5,5119.4,24460.5,0.4908
5543.4,49978.0,5558.5,49985.6,0.4908
15360.8,31571.5,15425.4,31615.2,0.4907
5218.0,51318.6,5229.3,51332.1,0.4907
9920.0,25229.1,9997.1,25360.1,0.4906
11916.4,18248.6,11968.5,18316.8,0.4905
17900.4,7899.3,17919.7,7940.3,0.4902
640.0,40320.0,702.4,40380.8,0.4900
3507.7,23728.3,3519.9,23748.9,0.4899
8520.9,1317.6,8562.9,1356.8,0.4896
5858.5,31678.9,5889.9,31707.1,0.4896
2560.0,33921.1,2614.8,33979.4,0.4895
13270.5,7360.0,13327.8,7386.5,0.4894
6592.9,52863.3,6616.0,52879.9,0.4887
8560.5,6868.1,8594.1,6899.6,0.4881
17283.1,16174.0,17367.6,16219.9,0.4881
7910.5,40000.0,8003.4,40055.9,0.4879
5460.0,30720.0,5501.7,30755.3,0.4878
11605.3,2594.4,11662.1,2637.3,0.4876
12586.6,12305.2,12661.2,12360.7,0.4875
17667.9,58131.6,17714.7,58159.1,0.4874
9972.7,37041.1,10004.5,37072.8,0.4874
16859.7,41673.1,16894.3,41705.3,0.4873
16707.1,58524.3,16769.8,58536.6,0.4872
286.5,32130.9,326.3,32153.5,0.4868
6720.0,26945.1,6784.0,26992.2,0.4868
17633.7,38210.2,17668.3,38241.7,0.4863
13675.1,31577.6,13733.0,31628.8,0.4862
8960.7,33920.0,8988.4,33951.8,0.4862
8796.8,23263.5,8856.1,23316.0,0.4857
9192.6,7290.3,9252.9,7313.5,0.4856
9516.6,27064.5,9554.8,27105.4,0.4851
14903.5,34788.3,14980.0,34863.8,0.4850
13658.6,19480.0,13698.7,19514.6,0.4849
15997.4,12834.8,16027.0,12863.7,0.4847
11431.0,52372.7,11481.5,52427.8,0.4846
14233.9,23215.7,14290.5,23278.7,0.4844
10213.4,30944.5,10250.2,30979.0,0.4843
6147.3,22658.8,6180.6,22697.5,0.4839
10470.1,32359.9,10552.2,32439.6,0.4836
9188.3,26175.7,9228.5,26198.8,0.4836
5289.3,51821.3,5319.7,51843.5,0.4836
795.8,21572.0,853.6,21639.7,0.4835
13424.7,46654.1,13456.7,46688.4,0.4833
13871.9,58851.0,13888.9,58858.4,0.4832
14631.9,14417.4,14681.4,14467.1,0.4831
15031.2,53866.9,15051.8,53887.7,0.4831
12086.5,19841.1,12160.0,19888.0,0.4830
8648.2,30018.0,8696.9,30068.2,0.4829
1189.1,6320.3,1211.6,6344.4,0.4827
5729.3,38866.0,5769.9,38892.5,0.4826
6776.4,8412.4,6808.4,8449.5,0.4825
5545.5,49209.2,5556.3,49218.6,0.4824
15396.7,32000.0,15421.5,32038.8,0.4823
320.9,64960.4,349.1,64995.3,0.4823
17957.3,55964.3,17969.2,55979.2,0.4823
11358.1,17977.9,11442.6,18055.4,0.4822
6296.0,22375.7,6323.8,22399.1,0.4820
7278.1,32475.6,7338.9,32539.5,0.4819
13605.9,1615.2,13687.3,1673.4,0.4818
12312.3,13929.8,12345.8,13968.4,0.4817
15047.5,19524.9,15081.7,19556.0,0.4817
13760.0,22720.2,13808.9,22767.6,0.4816
15989.8,29742.7,16034.0,29760.0,0.4815
2005.5,27754.9,2085.9,27815.0,0.4815
9650.2,31298.4,9705.4,31350.7,0.4815
2217.9,20279.2,2245.4,20301.9,0.4814
10324.6,14967.0,10366.2,14994.2,0.4813
12747.1,7281.8,12804.5,7330.9,0.4812
8305.2,31360.0,8361.8,31398.6,0.4811
1.0,36050.0,28.4,36102.9,0.4811
7356.9,32529.1,7408.2,32561.8,0.4810
2380.2,57104.6,2402.9,57140.5,0.4810
13906.9,45486.9,13950.8,45520.3,0.4810
5712.4,39427.4,5745.9,39462.7,0.4809
12118.4,39434.0,12158.2,39470.8,0.4809
11888.5,8246.6,11933.4,8280.2,0.4809
16849.9,37587.1,16873.5,37606.2,0.4809
5033.4,25411.3,5071.5,25446.7,0.4807
9280.5,20160.2,9328.1,20210.9,0.4807
12392.8,14537.9,12479.0,14610.7,0.4807
2323.6,41062.1,2373.9,41096.6,0.4803
14687.4,45760.2,14720.0,45795.0,0.4802
14765.6,49604.9,14832.6,49653.8,0.4802
16579.2,32960.0,16633.8,32970.2,0.4799
222.9,35010.0,243.8,35035.9,0.4799
13552.6,13128.5,13607.9,13184.7,0.4798
16242.0,32268.0,16259.2,32297.0,0.4797
5722.5,42835.1,5794.3,42871.8,0.4797
7834.3,58636.2,7861.9,58650.6,0.4794
5148.5,36963.9,5191.0,36990.5,0.4794
10543.2,20552.3,10576.8,20594.3,0.4792
17672.8,21079.1,17725.0,21136.5,0.4789
13483.6,45878.1,13525.9,45915.0,0.4789
669.8,24953.4,690.5,24974.9,0.4788
4734.9,41920.3,4799.1,41959.0,0.4786
11291.4,32285.8,11309.3,32317.3,0.4785
8332.1,26441.4,8354.2,26465.1,0.4784
2583.6,20425.2,2624.0,20451.6,0.4783
1764.6,33909.3,1799.4,33940.8,0.4783
3841.1,32000.0,3908.6,32062.5,0.4782
11081.7,29470.2,11149.4,29534.0,0.4780
1420.7,39274.2,1492.9,39307.0,0.4779
9255.6,24179.0,9279.6,24221.8,0.4775
7949.7,34745.4,7998.9,34787.1,0.4773
13707.5,17886.5,13759.5,17920.0,0.4770
12480.1,29659.4,12531.9,29698.7,0.4768
5891.8,51661.1,5918.1,51680.4,0.4768
14209.3,31337.5,14226.0,31379.8,0.4767
13120.0,28800.0,13167.9,28843.4,0.4763
321.2,32972.7,350.9,33035.6,0.4763
14137.7,22999.1,14214.2,23066.4,0.4762
3611.4,58513.4,3668.0,58546.4,0.4761
331.6,35774.8,361.4,35808.2,0.4759
14451.1,49301.9,14477.4,49333.2,0.4759
9191.4,28801.5,9255.4,28860.7,0.4757
15662.4,8187.5,15732.4,8248.6,0.4756
12037.0,40692.2,12063.7,40716.4,0.4755
1483.5,37439.4,1522.1,37460.0,0.4754
4511.2,50060.3,4548.0,50073.8,0.4754
14746.9,49849.0,14787.6,49920.0,0.4747
2908.8,38389.2,2931.9,38414.0,0.4746
7498.1,32175.8,7552.6,32223.8,0.4746
16062.7,18129.6,16086.9,18160.1,0.4745
6093.8,29255.5,6118.9,29282.1,0.4743
7020.1,18044.6,7049.6,18068.6,0.4742
8641.3,25222.8,8674.2,25283.0,0.4741
3435.2,9280.0,3519.5,9358.7,0.4738
13933.9,61722.4,13967.2,61744.4,0.4738
8907.7,64000.0,8944.5,64009.1,0.4737
10003.9,32100.7,10029.3,32133.7,0.4735
1419.3,13267.4,1476.8,13307.3,0.4735
16716.1,43224.4,16747.6,43252.8,0.4731
7033.9,23431.5,7073.2,23462.5,0.4730
12419.4,7246.2,12479.6,7301.3,0.4726
1891.0,28824.4,1963.5,28870.0,0.4724
12234.8,18755.6,12256.7,18786.8,0.4719
755.4,12720.9,807.6,12754.7,0.4718
840.7,37892.3,876.4,37930.2,0.4717
9388.6,49289.4,9425.7,49313.3,0.4714
6503.8,26721.6,6560.2,26753.0,0.4713
341.4,8962.4,405.0,8991.9,0.4712
12360.6,18394.0,12424.1,18440.5,0.4709
16841.0,58498.9,16882.7,58515.9,0.4709
10429.7,27280.7,10457.4,27325.6,0.4707
6228.9,50909.3,6287.6,50922.5,0.4706
17140.1,37567.4,17223.1,37657.3,0.4705
9283.7,68914.8,9343.4,68943.5,0.4702
5231.0,49634.5,5244.0,49651.0,0.4702
9230.1,20134.3,9276.9,20180.8,0.4702
696.2,25773.0,769.9,25839.7,0.4701
2314.5,12595.3,2369.7,12642.1,0.4701
13204.1,43689.4,13234.0,43719.0,0.4695
17281.4,37275.7,17320.4,37334.2,0.4692
13317.3,35273.7,13356.4,35305.1,0.4690
5548.2,7499.7,5584.2,7543.5,0.4688
2992.7,34514.7,3061.2,34585.0,0.4685
12859.1,57534.1,12887.3,57553.0,0.4683
14174.0,51569.3,14193.3,51583.3,0.4683
1027.5,67881.0,1089.3,67925.7,0.4682
931.0,28486.2,958.9,28528.5,0.4681
140.1,28162.6,177.7,28202.7,0.4676
11580.3,37461.5,11621.3,37498.6,0.4676
18078.0,13992.2,18127.9,14013.9,0.4674
16501.1,40217.5,16519.8,40256.5,0.4674
12749.3,7087.0,12795.9,7140.9,0.4672
17764.1,45321.7,17804.4,45344.6,0.4672
5076.1,38080.0,5120.0,38104.3,0.4668
4540.7,30746.4,4597.5,30793.1,0.4668
2188.2,60800.0,2239.5,60869.2,0.4661
3165.4,20391.4,3200.0,20443.8,0.4660
15122.2,65388.4,15156.9,65411.4,0.4660
1866.7,9489.8,1885.6,9508.7,0.4657
5099.4,24482.3,5147.0,24535.3,0.4655
14634.2,46641.4,14674.9,46671.6,0.4653
17964.4,33897.0,18005.3,33918.5,0.4650
3636.7,31642.9,3690.2,31680.0,0.4650
2220.2,40449.6,2247.9,40482.7,0.4648
1557.7,42611.2,1600.0,42649.3,0.4644
12371.7,33888.2,12434.2,33965.7,0.4644
12704.5,44168.4,12734.5,44188.2,0.4642
4554.5,51410.7,4564.8,51422.4,0.4642
10834.4,15532.6,10881.6,15583.1,0.4640
4827.9,23437.6,4860.7,23472.0,0.4636
15274.3,65513.4,15311.0,65535.7,0.4633
5915.2,29816.6,5974.6,29849.5,0.4632
3689.7,42070.0,3747.1,42131.3,0.4630
14774.4,48960.0,14820.4,49030.3,0.4630
4824.5,50322.4,4854.3,50334.3,0.4630
8122.4,55579.1,8163.7,55593.7,0.4628
13136.6,19674.6,13225.1,19751.9,0.4628
5653.8,49993.7,5665.2,50003.0,0.4625
5275.9,49982.8,5304.0,50000.2,0.4624
4557.2,26189.2,4618.9,26238.9,0.4624
1506.8,29644.2,1600.0,29736.8,0.4623
15606.0,29515.9,15660.0,29566.2,0.4621
5932.3,22643.3,5955.5,22665.9,0.4621
11356.6,43426.0,11393.3,43468.4,0.4619
15270.3,13618.3,15316.6,13660.8,0.4618
7344.0,53801.2,7359.0,53818.6,0.4618
3834.8,53329.0,3943.8,53406.2,0.4615
12258.9,8339.9,12313.2,8391.3,0.4614
15259.4,65657.2,15322.4,65690.3,0.4609
11441.2,28273.5,11491.2,28306.8,0.4608
17364.4,34529.6,17393.2,34556.5,0.4605
1826.9,52800.0,1916.2,52824.2,0.4603
9473.0,18143.3,9523.4,18190.1,0.4602
1853.0,12658.7,1880.4,12693.3,0.4600
8626.2,31750.2,8658.1,31786.3,0.4599
14914.0,65868.7,14929.3,65884.4,0.4599
10447.4,24244.8,10488.5,24270.9,0.4598
13882.4,34717.7,13914.2,34755.0,0.4595
16802.1,22603.0,16834.8,22637.6,0.4595
5685.1,14666.7,5712.8,14712.8,0.4595
14465.9,28332.7,14531.2,28382.5,0.4594
11142.0,47018.9,11161.5,47035.7,0.4594
12811.4,18521.4,12838.1,18549.9,0.4593
11725.4,33635.0,11762.9,33658.3,0.4591
15546.6,31337.7,15571.2,31358.3,0.4591
1824.8,28855.2,1884.1,28893.6,0.4590
4820.3,29760.0,4908.5,29826.8,0.4590
16879.2,27376.2,16919.7,27420.4,0.4590
10487.4,28384.8,10554.7,28431.1,0.4588
3053.6,42432.7,3076.1,42451.3,0.4587
13684.1,37587.5,13734.7,37634.0,0.4586
11764.8,37426.6,11797.1,37459.4,0.4585
4400.9,0.0,4472.6,24.0,0.4585
1050.3,321.3,1112.2,367.9,0.4585
3644.8,33248.0,3697.0,33306.1,0.4584
14081.0,23320.1,14145.6,23384.1,0.4582
6453.4,41265.6,6485.9,41304.8,0.4578
7051.2,56850.5,7075.5,56863.5,0.4577
9794.7,13690.4,9828.7,13734.6,0.4577
4809.0,41963.3,4875.2,42031.6,0.4575
10177.7,22728.5,10239.5,22779.7,0.4573
1725.4,37681.7,1765.9,37713.9,0.4569
4772.7,37904.5,4784.2,37922.0,0.4568
7060.2,22720.0,7124.9,22759.0,0.4568
16001.1,31391.5,16066.7,31438.2,0.4565
11151.1,34345.7,11190.8,34375.2,0.4563
2560.0,40425.0,2613.7,40515.0,0.4562
1530.8,18953.7,1572.9,18981.9,0.4560
3962.1,40227.5,4001.8,40259.7,0.4560
995.7,54223.4,1013.5,54258.6,0.4557
6900.7,30379.6,6928.9,30400.0,0.4556
14991.1,28636.3,15043.5,28689.7,0.4554
12466.6,33852.1,12484.3,33879.9,0.4552
12743.7,15920.1,12800.0,15975.4,0.4552
10123.6,28480.2,10164.4,28513.1,0.4550
555.4,7360.0,638.1,7410.0,0.4549
1343.8,29369.8,1406.7,29399.2,0.4547
1155.4,4547.9,1175.9,4570.6,0.4545
14400.6,11487.0,14459.8,11520.0,0.4541
16407.3,13113.4,16445.6,13147.7,0.4540
17450.8,18170.0,17479.5,18203.1,0.4539
7131.4,25873.5,7153.7,25890.8,0.4538
7513.4,25193.1,7572.2,25238.6,0.4537
11267.1,11758.1,11345.0,11839.6,0.4536
13548.9,42453.7,13636.9,42540.7,0.4530
16719.0,13760.2,16771.5,13797.6,0.4526
13738.2,27283.5,13759.9,27320.1,0.4526
1444.1,37407.3,1484.5,37427.6,0.4525
6400.9,32320.3,6431.7,32355.7,0.4524
3602.5,53108.5,3636.1,53131.8,0.4524
2683.1,28450.2,2757.1,28522.0,0.4522
17370.7,35561.6,17402.1,35589.0,0.4521
11152.8,19840.0,11188.6,19871.9,0.4520
7040.0,36082.4,7065.3,36110.5,0.4520
13624.9,6891.1,13679.3,6947.3,0.4519
14143.1,50169.0,14194.5,50203.2,0.4517
5858.5,14087.7,5898.1,14128.5,0.4514
4569.7,328.7,4630.7,369.2,0.4513
9914.5,37104.8,9932.6,37120.0,0.4513
11083.0,47984.3,11118.6,48000.0,0.4511
17063.6,16009.0,17093.2,16027.5,0.4510
12178.2,39546.3,12197.2,39582.4,0.4510
10983.3,27119.4,11052.1,27171.5,0.4509
2873.2,26049.9,2928.3,26108.7,0.4508
1281.4,13120.0,1346.0,13175.1,0.4505
5378.4,27706.3,5411.5,27738.8,0.4503
2217.8,34560.0,2269.0,34580.1,0.4501
17212.3,18371.5,17252.3,18397.9,0.4499
13709.0,31492.4,13753.1,31560.8,0.4499
11392.7,17829.5,11416.7,17856.6,0.4498
9920.0,40367.0,9932.4,40398.8,0.4498
9180.5,31680.9,9243.7,31732.3,0.4498
4343.8,39437.1,4400.2,39466.2,0.4495
11841.4,22598.9,11875.3,22668.1,0.4492
6759.9,41554.0,6820.0,41585.6,0.4490
14609.4,46572.9,14678.9,46674.7,0.4489
6950.6,52443.6,6977.3,52456.3,0.4489
14420.3,49767.4,14452.0,49786.7,0.4489
7814.2,35052.6,7833.9,35070.3,0.4486
14078.4,46407.9,14112.7,46438.6,0.4486
4330.7,7916.2,4369.9,7951.2,0.4485
8583.0,63521.2,8629.6,63533.1,0.4485
9600.9,31411.6,9624.6,31457.4,0.4484
9906.2,37107.7,9932.2,37134.2,0.4484
9628.2,15347.1,9642.6,15360.0,0.4483
4320.4,50835.2,4332.7,50848.2,0.4482
12160.0,44800.0,12216.8,44842.5,0.4481
5249.8,29238.4,5280.7,29268.2,0.4478
17164.2,14400.0,17301.2,14447.2,0.4476
255.5,38400.0,289.7,38465.7,0.4476
15310.4,33280.0,15359.2,33304.4,0.4475
10292.6,34508.7,10346.3,34535.0,0.4473
1581.1,46436.9,1600.0,46474.2,0.4473
5392.5,44757.9,5411.5,44798.3,0.4472
5548.3,6057.2,5619.1,6097.4,0.4471
17258.3,13985.4,17285.3,14012.2,0.4471
5843.7,38851.7,5883.1,38887.9,0.4469
1960.9,20423.7,2008.3,20466.6,0.4467
12741.4,29688.5,12800.0,29756.2,0.4466
10032.2,25848.1,10110.8,25901.6,0.4465
2247.7,5979.4,2327.1,6053.2,0.4464
5686.3,40374.0,5757.6,40421.9,0.4463
7252.9,26586.3,7284.8,26612.6,0.4463
2695.3,50154.1,2717.1,50180.6,0.4463
4621.7,9533.2,4642.4,9563.8,0.4461
1007.6,45385.2,1061.1,45440.0,0.4460
12479.8,43980.2,12512.8,44013.7,0.4457
18115.0,20268.9,18141.5,20299.8,0.4456
0.0,11867.9,74.6,11977.3,0.4456
3205.7,10625.3,3231.5,10666.9,0.4455
8738.5,57166.8,8766.4,57178.9,0.4452
13113.8,12536.7,13189.5,12573.7,0.4451
13740.7,18209.3,13760.0,18240.0,0.4451
14324.5,49660.6,14403.5,49697.0,0.4450
3251.1,59737.7,3319.1,59840.0,0.4450
11391.8,32483.5,11430.8,32524.0,0.4447
7040.0,31601.3,7142.5,31679.5,0.4445
11695.8,8044.1,11766.1,8112.9,0.4445
5419.9,5204.6,5439.9,5250.9,0.4444
14285.2,23310.8,14320.8,23341.9,0.4443
2335.5,56933.2,2366.0,56959.8,0.4440
9401.8,12445.3,9435.9,12477.2,0.4436
962.0,43604.5,976.5,43633.4,0.4436
2272.1,41321.7,2319.4,41404.5,0.4435
15968.1,37567.2,15984.5,37583.1,0.4435
969.3,23726.9,1013.5,23757.1,0.4434
10878.9,7559.9,10931.5,7595.5,0.4434
9379.3,60312.9,9418.0,60327.3,0.4431
12714.4,31946.9,12798.3,32000.0,0.4431
6613.8,26279.6,6633.5,26319.9,0.4430
1812.9,27080.4,1840.4,27114.9,0.4427
9404.7,39998.6,9475.8,40030.3,0.4426
1553.5,9200.1,1594.7,9245.4,0.4424
7233.1,59186.6,7252.2,59196.6,0.4424
14465.7,46577.3,14538.2,46646.2,0.4424
2812.5,4425.4,2862.1,4488.3,0.4423
3221.7,42034.6,3253.1,42073.8,0.4422
15183.3,17926.0,15236.6,17993.6,0.4421
14080.3,32397.5,14126.4,32459.9,0.4421
9921.5,28999.4,9940.8,29044.3,0.4420
11097.5,30697.2,11144.6,30720.0,0.4414
5064.0,10723.9,5087.7,10737.9,0.4413
7172.2,36576.0,7200.5,36611.8,0.4413
4017.5,34542.4,4054.1,34560.0,0.4412
1280.0,64617.2,1335.0,64703.1,0.4411
3244.2,62157.0,3260.7,62187.8,0.4410
6472.8,26769.6,6497.2,26796.9,0.4408
15932.5,64207.6,15998.4,64231.3,0.4408
6737.4,22658.6,6815.7,22701.1,0.4408
18072.1,21665.9,18162.2,21717.5,0.4407
14796.0,45018.8,14876.4,45093.3,0.4407
7048.6,8618.0,7083.2,8639.7,0.4406
2880.2,27827.3,2912.7,27882.4,0.4406
6081.8,44589.4,6096.6,44623.0,0.4406
4668.5,23640.4,4732.7,23679.3,0.4405
13363.7,6871.8,13417.2,6918.6,0.4403
7574.4,25685.5,7638.1,25752.9,0.4402
8870.8,13598.6,8935.2,13661.1,0.4402
17496.4,15673.7,17537.1,15714.1,0.4400
813.6,3392.8,843.0,3418.0,0.4398
16929.8,44002.3,16960.0,44040.2,0.4398
14491.4,30048.0,14569.0,30080.0,0.4394
7418.7,18161.0,7460.4,18207.5,0.4393
12999.1,16030.1,13044.8,16055.8,0.4391
16635.1,35090.7,16691.8,35117.9,0.4391
15508.3,47340.4,15538.4,47360.0,0.4390
2433.0,4654.8,2478.3,4689.3,0.4388
4395.6,26306.6,4450.0,26360.8,0.4387
10388.7,16219.3,10457.4,16278.9,0.4386
3840.0,40253.7,3916.4,40318.2,0.4386
10196.9,31908.4,10239.6,31934.1,0.4385
13261.3,59092.2,13299.1,59103.7,0.4385
3155.4,31554.0,3197.6,31588.3,0.4383
13153.3,27825.3,13192.8,27840.0,0.4383
6652.1,51682.8,6679.8,51694.9,0.4382
10816.8,953.6,10876.8,991.1,0.4381
5374.0,29720.1,5401.4,29742.9,0.4380
13984.0,20480.1,14080.0,20547.8,0.4378
4622.6,34225.1,4655.1,34240.0,0.4376
2131.0,45166.5,2197.5,45236.5,0.4376
331.3,28316.0,397.3,28362.0,0.4375
2400.1,12781.3,2452.4,12800.0,0.4372
11059.2,41290.9,11096.0,41333.9,0.4372
3735.6,41659.5,3830.2,41719.6,0.4372
6904.8,36681.1,6922.3,36698.1,0.4370
8853.8,30872.0,8893.7,30893.1,0.4370
6722.2,36499.5,6750.7,36529.5,0.4367
4993.0,37999.9,5032.6,38033.1,0.4367
10307.9,15266.9,10333.4,15289.6,0.4366
4840.5,18926.8,4900.1,18988.9,0.4366
12605.3,37969.5,12642.3,38002.0,0.4366
11417.1,29730.2,11481.6,29760.0,0.4366
14570.4,30205.5,14596.5,30237.9,0.4365
5193.8,23395.3,5210.1,23417.1,0.4365
8411.4,28275.1,8455.9,28309.9,0.4364
17537.0,22268.3,17575.2,22318.1,0.4364
16788.6,13714.4,16803.8,13730.6,0.4364
4743.0,34030.2,4800.0,34088.2,0.4364
14841.6,26408.4,14897.0,26449.5,0.4362
5690.7,14832.8,5753.7,14863.4,0.4361
859.5,24754.9,885.0,24780.7,0.4359
11508.4,46652.3,11531.5,46675.7,0.4359
5619.4,28568.7,5635.2,28589.3,0.4357
6979.8,32253.3,7039.1,32313.8,0.4357
5278.0,36172.0,5292.6,36183.5,0.4354
13712.6,38370.7,13745.3,38415.2,0.4351
3373.3,31331.9,3405.2,31358.5,0.4351
1896.3,43943.7,1952.2,43980.4,0.4350
6957.9,8374.5,7039.7,8414.5,0.4349
15736.9,21256.4,15804.6,21309.6,0.4348
2557.7,4624.6,2598.1,4676.6,0.4347
17816.7,27090.7,17871.1,27137.2,0.4347
274.4,30433.2,316.8,30480.6,0.4345
6257.1,22513.4,6331.2,22569.7,0.4344
6798.2,54554.8,6817.3,54564.3,0.4344
9127.1,12616.9,9206.7,12679.8,0.4344
14720.0,11723.7,14777.1,11795.9,0.4343
17861.7,14636.5,17891.1,14663.2,0.4342
7756.0,9221.5,7783.9,9255.9,0.4340
9803.4,28126.2,9832.2,28171.9,0.4340
17145.8,26352.9,17157.8,26369.8,0.4335
6994.0,3628.9,7038.7,3656.1,0.4333
1755.3,18632.9,1790.6,18659.4,0.4333
9824.5,15770.4,9869.6,15805.1,0.4327
16585.4,55185.4,16607.1,55200.6,0.4326
612.1,9920.0,649.8,9929.8,0.4326
11823.5,23426.6,11860.3,23476.4,0.4325
14128.7,32195.0,14157.7,32221.7,0.4324
6330.0,32028.6,6412.5,32110.6,0.4320
16602.0,57049.7,16639.8,57062.9,0.4319
0.0,7680.3,51.4,7721.1,0.4318
4825.7,33236.8,4950.3,33336.5,0.4316
11350.9,22770.6,11396.1,22812.6,0.4315
17723.2,22047.0,17824.4,22116.8,0.4314
15171.8,31814.7,15229.9,31870.0,0.4313
14997.1,11840.0,15038.8,11873.4,0.4312
12110.2,40858.5,12158.9,40930.4,0.4310
15928.9,27768.3,15998.0,27839.4,0.4308
2537.9,20067.2,2561.2,20084.4,0.4308
9282.0,25918.6,9300.0,25958.0,0.4308
2747.0,39338.1,2765.8,39368.6,0.4308
8570.2,27275.4,8607.5,27309.0,0.4308
1353.9,18988.4,1401.3,19056.1,0.4307
16849.2,22520.6,16886.3,22557.0,0.4307
3507.4,36131.5,3519.8,36154.9,0.4305
1860.4,25986.5,1918.3,26052.7,0.4304
1600.0,11200.0,1655.1,11270.2,0.4304
1204.3,59520.0,1252.0,59547.6,0.4302
7260.1,26472.5,7313.8,26538.3,0.4301
449.6,19082.9,493.0,19126.1,0.4299
14481.3,5705.2,14545.6,5756.0,0.4299
7040.0,34195.0,7067.2,34239.3,0.4293
15756.4,24624.5,15788.0,24640.0,0.4289
7624.3,33970.7,7658.5,34003.0,0.4289
11740.4,37588.0,11795.1,37624.9,0.4288
12651.9,38351.5,12676.3,38371.6,0.4287
6524.5,51987.8,6557.2,52012.3,0.4287
10603.3,25760.1,10628.3,25788.1,0.4287
3937.8,37440.0,4000.2,37464.7,0.4286
9596.5,48395.8,9640.6,48429.4,0.4285
5501.6,4480.0,5552.4,4497.3,0.4285
16533.3,12903.8,16639.7,12969.4,0.4285
10900.7,36691.0,10942.3,36723.0,0.4284
9920.0,40243.7,10023.1,40319.9,0.4282
5610.5,30703.4,5663.7,30720.0,0.4281
5238.8,41190.0,5259.1,41211.7,0.4280
360.3,37861.0,408.5,37899.2,0.4280
6081.5,33807.5,6111.7,33859.1,0.4278
15946.9,43528.8,15999.3,43588.0,0.4276
1280.8,21772.4,1306.4,21820.5,0.4276
10544.6,27502.7,10572.3,27520.0,0.4275
4437.5,36492.4,4463.2,36526.8,0.4274
5042.4,7308.1,5093.5,7341.5,0.4271
7362.9,18057.2,7464.9,18133.0,0.4270
13210.2,26940.5,13295.1,27005.3,0.4270
13540.8,19399.5,13589.8,19428.5,0.4270
5367.2,50220.0,5401.6,50233.0,0.4269
642.0,39017.4,656.1,39040.0,0.4265
6519.6,1870.4,6556.5,1894.4,0.4264
5511.4,3321.3,5551.3,3349.7,0.4263
6334.5,44761.3,6399.5,44790.9,0.4262
7913.2,1544.7,7999.9,1600.0,0.4262
14956.2,46529.3,15009.4,46588.3,0.4261
1924.3,35667.4,1956.5,35698.7,0.4261
10081.9,48208.5,10107.9,48233.6,0.4260
4161.7,22724.2,4179.7,22765.9,0.4260
13945.0,28526.2,13989.5,28570.6,0.4258
10767.8,41223.3,10823.1,41274.2,0.4258
9922.0,12962.0,9939.8,12995.7,0.4256
8908.4,12338.6,8924.4,12357.7,0.4253
13588.8,59051.6,13645.8,59062.0,0.4253
14845.0,49759.6,14869.7,49780.3,0.4248
2437.6,44900.7,2460.5,44939.6,0.4246
11851.1,16373.8,11882.4,16411.6,0.4245
11682.1,8168.8,11741.8,8215.7,0.4241
4565.1,39632.2,4607.3,39667.6,0.4241
5114.0,25128.8,5152.3,25158.6,0.4241
12770.5,44398.3,12800.0,44448.5,0.4240
4160.0,29043.5,4208.3,29112.1,0.4240
1386.2,38534.4,1428.5,38566.0,0.4237
5609.4,44067.0,5672.6,44100.2,0.4236
8625.7,63391.5,8682.9,63403.2,0.4236
17767.9,44800.1,17787.4,44819.8,0.4233
15916.8,55619.8,15975.1,55629.5,0.4230
13121.8,31138.9,13140.3,31171.8,0.4225
13760.0,43745.5,13808.5,43819.3,0.4225
15199.0,40133.1,15232.9,40169.9,0.4224
14237.9,46553.8,14308.2,46622.2,0.4223
11587.0,23597.3,11631.8,23643.4,0.4220
3364.5,647.6,3402.6,675.0,0.4219
9139.8,37105.1,9156.4,37120.0,0.4218
15782.6,49587.1,15821.6,49600.0,0.4214
8250.3,34922.1,8265.4,34938.2,0.4214
9701.8,31490.6,9759.7,31540.3,0.4214
7317.4,5346.3,7354.6,5378.1,0.4210
648.2,31069.7,734.0,31134.1,0.4208
10996.8,56782.1,11038.9,56816.8,0.4207
16076.4,18681.1,16124.0,18712.6,0.4206
12952.6,63166.3,13012.0,63215.1,0.4205
6166.6,37410.1,6277.6,37497.6,0.4204
9914.5,12689.6,9958.2,12727.2,0.4204
9852.0,26407.9,9888.0,26440.0,0.4203
12293.6,30442.3,12359.4,30508.6,0.4202
13361.4,15040.0,13439.2,15116.5,0.4201
8753.9,39194.6,8787.8,39227.5,0.4194
12696.7,39144.5,12718.2,39165.0,0.4193
11940.9,30098.6,12001.5,30144.4,0.4185
642.0,26841.6,657.6,26878.6,0.4185
6551.2,33250.8,6569.5,33284.0,0.4183
3062.3,50649.6,3164.0,50767.6,0.4182
5702.0,25033.4,5758.9,25115.2,0.4182
4176.5,42551.4,4201.3,42575.1,0.4181
4089.1,7396.3,4100.2,7413.7,0.4181
14294.0,29440.0,14347.4,29456.5,0.4180
11683.1,37690.9,11736.0,37735.6,0.4179
2240.2,8961.0,2260.3,9013.0,0.4179
6822.3,2379.8,6882.0,2437.1,0.4175
4691.4,32042.4,4726.1,32070.7,0.4174
13733.8,15354.0,13771.8,15393.8,0.4171
7120.0,27807.1,7175.3,27840.0,0.4169
9601.7,23733.5,9619.4,23757.9,0.4168
13492.7,35311.3,13511.0,35330.0,0.4167
13761.1,36231.7,13786.4,36263.6,0.4167
17161.7,64910.0,17216.5,64930.8,0.4166
10324.6,48320.0,10423.0,48379.0,0.4164
17879.2,13396.1,17913.1,13427.5,0.4164
16768.0,54256.0,16800.4,54272.0,0.4159
15361.9,13252.2,15380.3,13291.4,0.4158
10543.1,27774.5,10560.0,27815.2,0.4158
13617.3,32623.3,13661.2,32640.0,0.4157
2136.5,11840.5,2196.8,11880.4,0.4156
17572.4,35674.5,17623.4,35717.5,0.4151
8320.6,31500.5,8353.4,31541.0,0.4151
2243.5,27856.0,2295.3,27891.0,0.4151
7609.7,32281.9,7645.4,32310.5,0.4150
16020.4,35501.9,16059.7,35520.0,0.4147
8264.9,31661.0,8392.0,31776.8,0.4147
10376.8,18819.0,10405.9,18846.2,0.4144
254.4,17775.2,269.5,17799.0,0.4140
5755.6,4117.9,5812.1,4157.8,0.4140
3082.9,31040.2,3166.0,31116.3,0.4139
5762.2,21823.2,5778.1,21858.8,0.4139
820.5,44092.2,849.1,44122.9,0.4138
6714.6,1776.3,6741.6,1789.5,0.4135
15032.1,17122.3,15050.3,17135.6,0.4133
7310.2,56847.3,7321.7,56858.0,0.4133
59.8,34784.9,100.3,34820.8,0.4131
11284.3,27729.7,11311.9,27749.5,0.4131
8478.0,27294.9,8515.2,27330.6,0.4130
12850.1,32855.4,12898.7,32893.6,0.4130
16339.9,32202.6,16397.6,32268.6,0.4124
16508.9,36022.6,16561.9,36059.0,0.4123
11579.3,30057.8,11625.4,30080.0,0.4120
11636.9,26077.1,11673.4,26109.1,0.4119
4800.5,33853.0,4898.0,33919.3,0.4116
2314.1,35823.8,2340.8,35840.0,0.4114
1978.8,22893.6,2033.1,22949.2,0.4114
7658.3,22400.6,7707.6,22435.0,0.4113
5545.2,32728.1,5609.9,32794.5,0.4111
15360.7,29694.9,15399.5,29742.7,0.4111
865.9,66785.5,913.0,66814.7,0.4110
577.2,40304.4,614.7,40320.0,0.4108
9709.8,36965.7,9760.1,37000.5,0.4107
212.3,12037.2,245.0,12068.4,0.4106
12045.0,14145.9,12106.0,14198.9,0.4106
9867.6,25528.7,9918.5,25599.1,0.4101
7799.4,48697.8,7839.6,48742.4,0.4100
12906.9,14881.2,12960.1,14912.2,0.4099
5436.8,42556.0,5453.3,42570.3,0.4097
16023.2,19040.9,16048.3,19060.0,0.4095
10522.3,45658.3,10554.9,45673.4,0.4095
9333.6,48531.8,9379.5,48571.4,0.4094
15981.1,29990.9,16000.0,30035.6,0.4092
431.1,23375.6,465.8,23410.9,0.4090
2658.1,28794.5,2676.6,28811.6,0.4090
1882.8,28656.8,1961.1,28711.1,0.4088
1979.0,4389.0,1999.0,4406.1,0.4087
7156.1,55252.6,7174.8,55266.7,0.4087
14796.6,38391.3,14846.1,38423.4,0.4087
17224.4,68014.4,17279.6,68085.5,0.4084
7969.3,26543.2,8023.6,26560.0,0.4081
17126.6,11718.2,17149.6,11743.8,0.4079
15964.0,67135.2,15998.6,67162.1,0.4078
9772.5,40094.0,9807.2,40145.1,0.4077
14443.8,21407.9,14460.4,21428.9,0.4077
16194.2,27520.0,16257.7,27542.9,0.4077
11841.7,22705.6,11856.7,22720.0,0.4075
7233.0,36248.0,7265.5,36269.5,0.4074
13885.9,69226.4,13937.5,69259.6,0.4072
2160.5,4539.9,2187.1,4573.4,0.4072
16034.4,12544.8,16114.5,12629.0,0.4071
13328.9,43737.6,13348.4,43756.9,0.4071
8659.3,34384.7,8683.2,34409.5,0.4070
1096.8,36765.6,1159.1,36800.0,0.4068
8162.8,15195.4,8178.4,15218.0,0.4067
16205.2,14842.4,16243.1,14876.2,0.4067
15891.4,34145.5,15939.0,34184.1,0.4066
14428.3,39479.8,14462.1,39515.3,0.4065
6572.5,56802.4,6611.2,56815.0,0.4063
5220.8,30703.4,5264.7,30720.0,0.4061
14400.0,11484.2,14464.2,11547.9,0.4061
8099.5,57139.6,8112.8,57154.1,0.4060
17920.5,7971.2,17970.9,8018.1,0.4060
7155.3,35863.1,7228.7,35922.3,0.4059
8467.9,11448.8,8495.1,11475.3,0.4059
11792.1,33519.1,11839.1,33581.6,0.4056
10084.1,48000.0,10111.2,48008.4,0.4053
10444.7,15937.1,10493.3,15967.5,0.4053
5986.8,38990.3,6036.9,39038.3,0.4051
2657.7,2746.6,2680.1,2798.6,0.4051
5964.2,22788.3,6000.8,22825.1,0.4050
12645.2,42299.9,12666.4,42324.0,0.4050
11044.0,47103.2,11060.1,47118.6,0.4050
5597.5,30410.3,5668.6,30471.9,0.4048
9993.4,18240.0,10059.4,18277.4,0.4046
7632.6,40274.3,7679.5,40320.0,0.4046
7681.5,28377.7,7699.4,28429.7,0.4045
1787.0,19183.9,1832.8,19200.0,0.4044
9266.1,29682.2,9280.0,29717.8,0.4043
14238.4,48905.4,14284.7,48927.7,0.4042
418.4,29092.4,471.3,29120.0,0.4042
8903.8,29044.6,8940.6,29076.2,0.4042
11613.5,29144.7,11651.6,29181.9,0.4040
7265.9,23064.8,7360.0,23113.3,0.4040
2526.4,24707.5,2563.9,24746.1,0.4039
7260.1,55999.8,7304.8,56020.2,0.4038
15043.1,65176.1,15057.4,65193.1,0.4037
3537.4,57729.4,3587.6,57761.8,0.4036
7399.6,9789.3,7432.1,9814.4,0.4035
7595.4,28365.5,7631.3,28422.5,0.4033
598.8,23455.8,636.7,23484.1,0.4032
6903.5,26529.3,6981.8,26560.0,0.4028
10298.3,31970.5,10378.3,32000.0,0.4027
5552.3,33241.1,5580.6,33276.2,0.4026
351.0,18395.8,383.7,18418.4,0.4026
4726.8,49089.1,4738.0,49098.5,0.4025
7595.8,31619.1,7652.0,31668.3,0.4023
17262.6,37120.0,17279.3,37145.6,0.4023
11227.4,17995.4,11258.7,18021.7,0.4023
16793.7,14554.7,16826.4,14581.8,0.4019
6647.4,22154.1,6718.7,22199.6,0.4017
15041.4,32000.0,15070.7,32010.0,0.4016
10403.8,31750.2,10442.9,31778.7,0.4013
10403.4,31724.4,10448.2,31778.5,0.4013
12042.9,44451.2,12100.8,44485.4,0.4012
1657.9,22300.5,1687.6,22335.3,0.4012
13409.5,6973.1,13504.1,7033.0,0.4010
13736.4,44919.6,13759.6,44957.9,0.4008
367.1,38399.2,388.8,38417.2,0.4008
7539.6,55664.5,7567.1,55677.4,0.4007
10035.8,46206.8,10063.0,46231.1,0.4005
5441.7,7119.2,5516.0,7195.9,0.4005
12857.4,43084.3,12874.0,43106.7,0.4004
12162.5,29386.6,12194.6,29437.7,0.4002
8320.5,31680.3,8389.6,31810.7,0.4000
11136.7,26473.6,11199.0,26540.5,0.4000
13920.9,11668.5,13977.1,11708.2,0.4000
3731.2,41714.5,3768.4,41748.6,0.3997
17890.1,23538.2,17921.8,23573.5,0.3997
13955.6,40121.7,13993.0,40187.7,0.3991
9803.1,15732.7,9822.2,15760.4,0.3991
5423.3,31529.4,5439.6,31571.4,0.3991
4863.6,51643.4,4882.0,51661.2,0.3990
1956.4,50545.7,1999.4,50560.0,0.3989
15946.8,31497.2,16000.0,31593.2,0.3989
9374.2,4750.4,9402.7,4782.9,0.3988
14223.5,60674.5,14258.4,60701.6,0.3986
7293.8,36152.5,7330.4,36176.2,0.3985
2566.1,11037.7,2580.1,11050.4,0.3984
11759.1,27167.1,11837.8,27244.7,0.3984
14509.8,48213.7,14535.8,48252.9,0.3984
15146.0,18056.2,15197.0,18122.0,0.3984
4160.0,27840.1,4253.1,27901.7,0.3984
8002.2,25914.7,8016.0,25957.5,0.3983
5070.0,58575.8,5120.0,58593.7,0.3981
960.0,27841.2,1012.4,27890.3,0.3981
8986.5,56123.0,9011.3,56135.6,0.3980
9763.3,57588.2,9813.9,57617.1,0.3980
1052.3,58360.2,1089.9,58395.1,0.3979
11326.7,12924.0,11374.0,12977.1,0.3979
11526.7,23657.9,11554.7,23678.6,0.3977
1849.7,52163.3,1915.9,52213.4,0.3977
15035.1,24698.4,15064.1,24728.1,0.3976
3142.3,36480.0,3169.7,36490.8,0.3973
8933.0,33600.0,8996.0,33624.3,0.3973
381.7,61067.5,446.7,61119.2,0.3973
7342.6,34073.8,7359.9,34117.2,0.3970
15849.0,69746.4,15892.9,69760.0,0.3969
6061.6,7666.5,6094.0,7680.0,0.3969
11144.8,52070.2,11200.8,52125.6,0.3966
16816.6,35929.8,16879.2,35969.5,0.3963
918.4,8873.3,953.5,8916.3,0.3961
5274.8,39306.5,5293.8,39325.5,0.3960
11398.0,34780.4,11479.6,34870.1,0.3960
6644.3,56331.4,6716.5,56350.1,0.3960
8893.5,39465.9,8912.1,39497.2,0.3960
8631.1,20494.7,8700.4,20584.3,0.3958
4047.5,10943.8,4085.6,10970.7,0.3958
5601.0,3793.8,5634.7,3821.5,0.3957
6890.2,35566.7,6908.6,35587.2,0.3957
5677.8,32975.0,5714.2,32996.1,0.3956
6158.0,22218.2,6179.4,22245.7,0.3956
17361.0,12399.5,17378.8,12423.4,0.3955
5971.7,51704.1,6019.0,51719.3,0.3955
7139.2,27670.4,7181.1,27693.5,0.3953
2624.8,23722.4,2697.5,23803.6,0.3953
16810.6,22546.5,16829.3,22562.7,0.3953
960.3,25560.4,989.4,25596.6,0.3952
2287.9,12871.6,2324.2,12915.3,0.3951
3368.3,16119.8,3411.3,16153.0,0.3951
13403.9,32106.5,13440.0,32183.0,0.3949
14266.4,21120.0,14400.0,21180.5,0.3948
7681.2,50942.9,7727.9,51020.6,0.3948
11715.3,28137.3,11749.2,28158.8,0.3947
9921.0,13499.8,9999.4,13563.5,0.3947
12225.3,6003.4,12283.8,6062.3,0.3947
15480.4,25833.6,15511.2,25867.3,0.3945
18070.3,14028.9,18151.0,14056.4,0.3943
5216.4,51130.3,5228.6,51142.3,0.3942
12008.8,10635.3,12039.4,10686.8,0.3940
5519.2,16161.3,5572.9,16211.7,0.3938
7365.2,25427.0,7395.7,25460.2,0.3936
2108.9,45383.4,2146.0,45416.4,0.3935
858.7,7603.0,917.8,7647.7,0.3935
3174.7,35029.8,3200.0,35098.6,0.3935
523.5,37058.5,608.6,37136.8,0.3933
5770.3,5859.0,5816.6,5894.0,0.3932
7917.2,25600.0,7963.9,25646.7,0.3931
8640.0,29120.6,8694.9,29188.7,0.3930
16733.5,64895.5,16744.7,64905.3,0.3926
9891.4,27674.2,9949.7,27718.6,0.3926
13504.6,20992.8,13532.2,21015.1,0.3925
16500.2,40135.2,16522.8,40193.8,0.3924
5846.2,42550.2,5919.0,42625.7,0.3923
12330.9,40454.2,12407.9,40518.6,0.3921
10072.9,46794.1,10104.4,46826.2,0.3920
12541.4,42913.1,12610.8,42950.2,0.3919
10170.9,24185.2,10239.4,24263.0,0.3917
11674.6,41929.2,11700.3,41950.2,0.3917
4160.6,29183.6,4230.5,29237.0,0.3915
2782.2,24719.4,2834.0,24758.9,0.3913
3331.7,11933.8,3371.3,11970.5,0.3913
13239.4,28480.0,13298.5,28513.0,0.3913
14340.6,6048.1,14399.8,6099.3,0.3912
7979.8,1484.7,8010.0,1520.4,0.3909
8569.4,30714.1,8662.0,30809.2,0.3908
17663.4,33384.8,17712.7,33437.3,0.3906
809.5,31079.4,836.8,31101.4,0.3905
1827.3,25008.2,1846.7,25030.5,0.3905
17067.5,39546.3,17113.1,39572.7,0.3904
10463.6,57335.6,10486.0,57353.2,0.3902
3239.6,10600.9,3319.2,10660.0,0.3902
11085.6,64000.0,11177.2,64010.8,0.3902
8918.2,29831.4,8953.6,29861.8,0.3901
2265.0,41093.0,2299.6,41144.3,0.3901
11753.4,35174.9,11838.3,35300.0,0.3899
8197.6,25582.3,8248.9,25600.0,0.3899
17129.1,61882.0,17158.6,61892.0,0.3894
8626.4,69487.5,8686.7,69503.8,0.3894
10638.4,37400.4,10679.7,37450.8,0.3894
6730.9,4462.5,6789.8,4480.0,0.3893
9601.2,41155.4,9662.7,41186.2,0.3892
11699.5,13292.7,11739.5,13333.4,0.3891
15203.2,19265.4,15236.2,19296.3,0.3888
4814.6,51712.0,4828.9,51729.2,0.3888
16879.1,18538.6,16910.0,18571.0,0.3886
15304.1,60242.4,15325.2,60255.1,0.3885
7663.5,40378.6,7696.9,40412.6,0.3883
14700.4,173.8,14752.0,209.5,0.3882
14720.0,38400.0,14765.8,38442.9,0.3881
13688.3,62620.5,13738.2,62642.7,0.3880
76.8,36049.9,113.8,36084.0,0.3880
15360.0,23360.7,15422.1,23448.6,0.3879
11700.7,12075.2,11726.6,12101.1,0.3879
6306.7,31236.6,6344.0,31275.9,0.3878
15016.6,37543.8,15064.8,37581.6,0.3878
15680.0,37920.6,15722.4,37964.2,0.3878
13120.0,24986.4,13174.4,25038.9,0.3875
13889.8,14330.4,13954.0,14388.7,0.3875
2192.6,3300.7,2240.0,3352.5,0.3873
3513.4,26282.6,3547.2,26311.6,0.3872
17280.0,26513.5,17345.2,26560.0,0.3870
2736.3,53760.0,2797.0,53786.8,0.3870
15132.5,28526.1,15184.8,28556.8,0.3867
11127.9,14002.0,11177.7,14051.1,0.3864
9793.6,34639.2,9850.8,34700.6,0.3863
16328.4,9952.5,16371.3,9978.3,0.3863
3521.5,37165.6,3598.1,37240.2,0.3861
15145.7,12374.1,15198.0,12411.8,0.3860
3071.7,8166.9,3107.3,8197.4,0.3860
16988.0,55341.2,17015.4,55355.4,0.3859
7680.5,27360.4,7706.0,27412.5,0.3858
4961.5,52313.2,5010.1,52325.7,0.3858
13953.4,62859.3,14005.1,62870.1,0.3858
13588.4,58671.7,13644.1,58686.6,0.3857
8803.2,28707.2,8843.1,28759.0,0.3855
2381.4,27840.0,2427.6,27848.4,0.3854
8352.3,55172.3,8373.9,55192.2,0.3851
13796.6,13664.6,13846.0,13696.2,0.3849
11835.1,65443.1,11890.2,65453.1,0.3847
7056.1,28847.3,7101.5,28884.3,0.3844
8088.2,23369.8,8147.0,23419.7,0.3844
1392.8,37407.3,1462.9,37474.7,0.3844
14773.3,11384.0,14812.7,11414.9,0.3843
5558.4,26948.6,5588.7,26977.9,0.3843
5856.1,40785.9,5904.7,40807.1,0.3842
16247.3,68986.0,16318.6,69074.8,0.3842
7239.2,16972.8,7263.6,17016.0,0.3842
6468.8,34804.6,6497.9,34838.6,0.3841
10774.4,36650.7,10816.4,36679.0,0.3841
8564.3,13164.4,8617.6,13221.4,0.3839
13307.2,45829.2,13372.7,45904.8,0.3838
12337.0,12532.9,12401.6,12589.7,0.3838
4480.0,28333.3,4534.9,28410.4,0.3837
5817.3,38685.1,5849.6,38720.0,0.3837
17009.8,60559.2,17045.5,60584.5,0.3837
13374.8,39454.7,13395.1,39473.7,0.3837
5578.2,50127.6,5629.2,50137.3,0.3836
10077.4,16116.8,10127.8,16151.1,0.3835
15024.7,37120.0,15039.3,37143.9,0.3830
15548.1,29371.6,15610.4,29415.9,0.3829
5975.5,43162.1,6038.9,43189.5,0.3829
13493.9,6519.5,13552.2,6567.0,0.3826
2240.1,49602.6,2362.4,49703.4,0.3824
9140.7,35576.4,9171.5,35602.6,0.3823
5664.9,52034.0,5706.4,52049.1,0.3818
2183.3,52463.6,2240.0,52480.0,0.3817
9280.8,27076.4,9326.3,27134.0,0.3815
5760.7,14221.7,5788.8,14277.8,0.3815
15794.0,56245.4,15840.8,56258.8,0.3815
5088.3,18560.0,5150.5,18604.2,0.3815
2561.7,21995.9,2579.5,22036.5,0.3812
5135.6,33807.5,5167.8,33843.3,0.3810
13069.1,20997.2,13116.8,21036.5,0.3807
16562.8,17956.9,16596.1,17995.4,0.3805
8636.5,14145.5,8650.2,14165.8,0.3804
11241.2,34238.5,11312.3,34288.0,0.3804
12089.7,7178.4,12156.1,7236.1,0.3802
10848.7,17280.0,10901.3,17306.3,0.3802
12871.6,28722.4,12903.4,28758.1,0.3801
15715.1,14736.1,15734.1,14754.0,0.3799
5333.4,4853.9,5378.4,4896.1,0.3798
6424.2,30400.0,6532.4,30465.2,0.3796
7201.6,56124.1,7223.9,56134.5,0.3795
6551.1,26413.0,6619.6,26513.3,0.3795
9175.4,24011.3,9243.0,24092.4,0.3794
13658.7,43369.4,13717.1,43408.2,0.3789
17298.7,10084.9,17351.0,10126.6,0.3789
8967.0,64659.6,9003.6,64669.1,0.3787
17843.3,56508.3,17861.0,56525.8,0.3787
13211.4,19452.3,13256.2,19498.5,0.3786
2115.2,25920.3,2147.3,25950.9,0.3786
11107.2,18074.8,11151.1,18117.1,0.3786
17692.4,26658.7,17719.6,26684.9,0.3786
1921.6,22937.9,1940.9,22971.6,0.3785
6014.6,51975.6,6035.6,51996.8,0.3785
8442.6,50052.5,8497.7,50092.5,0.3785
8067.5,23747.3,8091.9,23763.3,0.3784
11202.5,15395.5,11287.5,15463.5,0.3783
3457.2,522.7,3510.3,567.4,0.3782
5633.1,27664.9,5660.7,27697.9,0.3778
15777.0,23588.6,15810.2,23621.5,0.3778
16051.8,69672.9,16100.9,69706.1,0.3777
5266.3,34916.5,5276.1,34932.1,0.3777
3464.1,825.2,3520.0,858.4,0.3776
12246.3,5615.5,12260.3,5625.7,0.3776
4160.0,65633.2,4236.7,65740.7,0.3775
17328.9,18952.5,17360.3,18985.6,0.3774
14056.1,34729.9,14073.3,34754.6,0.3771
6444.2,63165.9,6491.4,63190.0,0.3770
4708.0,46010.3,4717.3,46023.1,0.3769
8558.0,56244.1,8577.5,56259.5,0.3768
5857.2,50907.2,5868.4,50917.6,0.3767
12562.5,37259.5,12581.2,37285.0,0.3766
15458.9,22505.4,15490.3,22534.6,0.3764
6819.7,52455.5,6838.8,52470.1,0.3761
14400.0,36797.8,14418.1,36829.7,0.3759
1162.1,24496.4,1212.8,24555.9,0.3756
7164.6,39880.9,7227.6,39914.1,0.3755
17008.7,58933.4,17056.6,58963.6,0.3754
7868.0,57888.9,7900.4,57907.9,0.3751
6101.5,68454.0,6128.3,68480.0,0.3751
4179.9,36767.2,4212.4,36799.6,0.3751
13020.1,6974.9,13066.6,7017.2,0.3750
11346.5,15145.9,11411.5,15202.9,0.3750
6136.4,4081.7,6193.4,4124.9,0.3748
10765.2,32999.5,10812.2,33035.8,0.3747
12690.5,33720.9,12772.9,33784.5,0.3747
8083.8,1671.0,8115.7,1697.6,0.3745
5430.8,38667.4,5475.3,38696.6,0.3742
12859.4,21440.4,12884.7,21482.1,0.3742
13286.5,75.4,13332.4,111.3,0.3740
9124.0,30349.6,9169.1,30387.3,0.3739
1099.1,24599.7,1122.1,24623.1,0.3738
8339.8,27520.0,8400.5,27554.1,0.3736
4161.8,37387.3,4178.6,37412.3,0.3735
10193.9,29348.4,10240.0,29387.1,0.3733
14208.7,67952.1,14260.4,67967.0,0.3732
17695.8,16459.2,17769.1,16488.1,0.3732
6947.3,46372.8,6976.6,46400.1,0.3729
4898.8,31050.0,4951.0,31088.6,0.3729
17624.3,11248.2,17660.3,11277.4,0.3725
4718.0,9835.8,4739.0,9860.9,0.3722
9766.8,38882.7,9789.3,38907.6,0.3721
17426.9,23247.1,17481.2,23283.1,0.3720
7571.8,56585.4,7599.3,56596.4,0.3718
9033.5,15134.1,9056.8,15157.4,0.3717
12563.0,38321.9,12586.9,38349.3,0.3715
4388.4,40466.1,4423.8,40493.2,0.3715
6017.2,13980.9,6077.9,14038.2,0.3714
796.3,28610.6,846.1,28659.8,0.3714
18119.7,35040.0,18175.6,35139.5,0.3713
12161.7,39422.8,12241.7,39494.7,0.3713
16171.2,56235.9,16215.6,56252.0,0.3710
1578.9,34090.9,1610.8,34121.8,0.3709
10836.6,22907.2,10870.1,22938.3,0.3709
6553.1,6121.9,6571.6,6147.0,0.3708
5083.4,51632.9,5110.8,51647.0,0.3707
13761.9,27561.0,13829.5,27605.9,0.3707
4235.7,50000.5,4292.8,50031.5,0.3706
16465.3,9896.2,16538.4,9920.0,0.3705
6348.3,6328.6,6374.2,6359.2,0.3705
10525.1,27133.1,10558.9,27198.2,0.3702
17933.5,55857.1,17945.0,55867.1,0.3701
5462.3,51184.5,5489.2,51195.9,0.3698
8925.4,13476.9,8960.0,13517.5,0.3695
4579.9,7890.2,4626.6,7932.6,0.3692
9973.7,40194.8,10011.4,40234.4,0.3690
7493.5,17995.2,7521.6,18045.9,0.3689
6268.0,31296.9,6308.4,31326.4,0.3689
9280.2,33593.7,9299.9,33635.2,0.3688
12591.6,15146.8,12625.4,15170.5,0.3688
12694.4,31697.9,12720.6,31725.9,0.3688
2813.6,34642.9,2842.6,34675.4,0.3684
8892.9,16081.5,8960.0,16150.1,0.3684
8515.1,36951.1,8539.4,36980.6,0.3683
10273.7,22454.5,10320.7,22495.0,0.3682
12460.1,33280.2,12479.6,33314.4,0.3681
927.2,36317.9,978.3,36364.3,0.3681
11620.7,16320.0,11663.4,16358.1,0.3678
6886.0,41948.1,6917.9,41981.5,0.3677
6345.3,51886.2,6362.6,51895.8,0.3674
136.4,29103.9,180.2,29120.0,0.3673
4114.0,38034.6,4131.0,38057.6,0.3672
915.7,30937.5,935.7,30953.8,0.3672
6867.4,42528.7,6916.8,42560.0,0.3672
11332.6,19563.6,11347.1,19577.8,0.3671
4195.2,41240.6,4210.0,41257.4,0.3671
10902.6,29111.1,10980.3,29190.1,0.3669
16159.1,12656.8,16226.3,12726.5,0.3669
15580.3,36753.6,15606.6,36779.7,0.3668
9786.9,26403.0,9826.7,26441.3,0.3667
9634.4,28160.0,9681.2,28187.5,0.3666
14924.4,64696.7,15001.6,64729.5,0.3665
4480.0,30400.0,4536.9,30445.8,0.3664
2777.3,37653.0,2821.7,37694.0,0.3664
16130.1,31649.5,16212.2,31680.0,0.3663
2668.4,36127.0,2689.4,36147.5,0.3661
4808.4,39272.3,4841.7,39304.0,0.3661
7482.8,30889.2,7498.8,30903.9,0.3661
1763.1,19049.8,1832.9,19094.8,0.3658
860.2,25897.2,925.6,25934.7,0.3656
12141.1,27147.0,12185.2,27168.8,0.3655
15483.0,33259.1,15545.1,33279.5,0.3653
373.5,32938.8,395.7,32956.3,0.3651
1920.0,40320.0,1988.5,40381.6,0.3651
15390.1,25991.6,15437.7,26036.3,0.3650
11428.9,34890.9,11481.8,34920.6,0.3650
9211.6,34091.0,9234.7,34112.0,0.3649
17702.0,19278.8,17743.8,19314.1,0.3649
13732.9,59293.2,13764.5,59312.0,0.3647
16739.3,24292.8,16779.5,24320.0,0.3647
13440.0,19513.1,13505.5,19634.1,0.3645
6585.1,4480.7,6627.3,4495.5,0.3644
17592.3,34880.0,17650.2,34910.8,0.3644
15686.8,44108.2,15713.3,44134.9,0.3640
13760.0,21499.1,13829.2,21579.1,0.3640
17571.7,35674.7,17600.0,35713.8,0.3639
10199.6,25989.4,10220.7,26010.9,0.3638
3980.6,10103.8,4020.6,10150.9,0.3638
6728.3,25224.8,6759.2,25256.0,0.3638
14675.8,49602.2,14719.4,49632.9,0.3638
10123.6,27832.2,10231.2,27895.2,0.3638
10139.8,14752.0,10191.8,14801.0,0.3635
3258.4,11398.1,3275.1,11416.5,0.3634
12583.5,7003.7,12639.8,7064.7,0.3634
14823.8,34835.3,14844.0,34867.5,0.3634
15316.0,57199.1,15385.4,57211.7,0.3633
3589.8,4142.8,3603.5,4159.3,0.3632
960.2,25414.4,1020.5,25489.6,0.3632
4124.4,41955.1,4209.9,42026.9,0.3632
12904.4,20981.7,12946.1,21014.3,0.3632
13772.8,28089.9,13831.0,28153.5,0.3629
10805.7,44535.1,10878.2,44620.1,0.3628
2439.3,44920.0,2460.8,44939.6,0.3625
14400.6,47878.0,14469.0,47965.2,0.3624
7234.1,42597.2,7275.4,42628.7,0.3623
14592.3,65288.9,14660.8,65315.6,0.3623
6061.6,31308.4,6079.8,31332.4,0.3621
11656.3,25556.2,11693.3,25586.3,0.3621
11192.0,1111.0,11235.9,1154.2,0.3621
8877.5,28066.3,8936.2,28110.1,0.3619
17088.0,45261.8,17127.4,45282.2,0.3616
18026.4,23673.8,18064.8,23706.2,0.3615
6933.7,22681.0,7035.6,22748.0,0.3613
843.8,27346.1,885.3,27383.9,0.3610
12447.3,24066.8,12480.0,24101.5,0.3609
15187.9,64195.7,15233.7,64221.3,0.3608
4316.0,31993.2,4365.4,32036.6,0.3606
16841.3,28264.1,16901.2,28306.7,0.3604
648.7,33701.6,693.9,33735.5,0.3600
6721.5,52959.0,6746.2,52978.6,0.3600
12378.4,31534.0,12480.0,31606.4,0.3598
12016.8,27223.8,12066.9,27266.9,0.3597
14332.5,13411.2,14375.7,13454.2,0.3596
12880.6,42179.9,12928.2,42238.2,0.3591
6721.5,41091.8,6736.8,41117.2,0.3590
2396.1,2427.2,2423.2,2456.3,0.3589
11013.2,38191.0,11063.9,38232.0,0.3588
5754.9,29824.7,5797.2,29860.1,0.3586
5289.9,28160.0,5338.4,28189.9,0.3584
12869.1,19642.7,12884.4,19656.5,0.3584
14150.6,8759.7,14214.3,8812.2,0.3583
11633.0,46790.4,11693.7,46828.1,0.3582
4505.7,37566.3,4555.4,37617.3,0.3582
17536.5,13440.0,17589.5,13474.9,0.3581
2259.1,4915.9,2274.3,4934.9,0.3581
10912.7,16115.6,10957.9,16146.4,0.3580
10432.8,16941.8,10484.9,16960.0,0.3580
15870.9,69038.4,15998.6,69120.0,0.3579
15043.4,29362.3,15131.7,29439.9,0.3579
2240.1,48848.2,2285.4,48896.5,0.3578
8476.4,40815.7,8535.4,40860.2,0.3578
7978.3,38720.0,8010.6,38734.4,0.3577
17919.5,21816.1,17986.1,21859.0,0.3573
17456.6,12290.4,17524.6,12332.9,0.3573
6288.7,35486.0,6311.0,35511.9,0.3573
13346.8,40982.9,13440.0,41060.5,0.3572
4118.5,43119.6,4160.0,43141.5,0.3572
9299.0,48450.9,9334.0,48481.1,0.3572
2772.1,19747.3,2803.7,19769.6,0.3571
17691.6,1386.1,17732.7,1415.7,0.3569
1991.6,41769.7,2047.8,41797.4,0.3567
13364.3,29831.0,13396.9,29864.4,0.3567
15061.5,30177.8,15121.7,30219.5,0.3566
1253.0,28874.3,1280.0,28912.8,0.3565
1.0,54956.0,66.2,55007.6,0.3564
2815.4,37270.5,2861.7,37304.7,0.3563
16712.2,43135.9,16755.1,43191.1,0.3563
14786.5,46008.4,14858.6,46072.5,0.3561
11558.2,40000.0,11678.2,40043.1,0.3560
13363.1,25623.0,13403.9,25645.3,0.3559
8210.3,32779.6,8263.3,32819.9,0.3559
14358.2,23246.3,14396.4,23277.0,0.3557
2196.3,45368.5,2296.5,45438.1,0.3557
9100.7,25011.7,9138.6,25044.1,0.3556
8987.6,62947.7,9029.2,62959.1,0.3555
13201.3,27823.9,13226.7,27840.0,0.3554
4217.3,30650.2,4258.2,30703.7,0.3553
14098.8,49736.6,14138.2,49761.1,0.3553
2882.2,35835.7,2898.3,35876.2,0.3548
6372.3,27200.0,6400.0,27244.6,0.3547
6692.0,14167.4,6720.0,14211.2,0.3547
4655.4,51498.3,4668.7,51508.5,0.3547
4082.0,36377.9,4131.7,36425.1,0.3546
17434.1,16202.7,17451.8,16235.3,0.3545
12944.6,44674.9,13005.4,44718.2,0.3543
9633.2,27473.5,9676.4,27519.1,0.3541
9506.2,38621.4,9549.6,38661.4,0.3541
1649.7,18862.9,1689.2,18880.0,0.3540
14156.8,11972.0,14187.0,12019.0,0.3540
12995.2,17361.5,13041.8,17400.1,0.3537
10759.6,36853.2,10793.0,36902.1,0.3534
15636.3,31006.3,15677.3,31059.8,0.3534
12925.1,45592.0,12966.8,45627.4,0.3534
3960.6,32056.6,3991.9,32091.3,0.3533
2917.0,40894.9,2939.6,40943.5,0.3528
9643.4,43824.4,9687.5,43840.0,0.3526
3787.4,16385.9,3839.0,16433.6,0.3526
4075.8,54916.8,4105.4,54940.3,0.3523
16393.9,67057.2,16418.6,67073.1,0.3522
7020.9,7360.0,7109.2,7413.2,0.3522
7100.5,18607.5,7140.5,18632.9,0.3521
2442.4,21307.3,2476.9,21343.4,0.3516
6720.0,18560.8,6765.6,18593.4,0.3515
17517.0,18250.1,17568.7,18272.7,0.3514
16922.8,10646.5,16959.9,10678.7,0.3514
13973.3,31568.5,14014.8,31599.4,0.3513
4425.0,27348.3,4460.6,27393.9,0.3512
5419.6,24960.0,5439.5,24987.7,0.3512
6667.7,9110.3,6708.5,9147.1,0.3511
14218.3,41362.0,14232.5,41379.4,0.3511
12651.4,60625.5,12724.6,60635.6,0.3511
9069.3,29992.9,9111.2,30035.9,0.3510
4886.6,8854.8,4922.4,8886.9,0.3510
2291.3,12644.0,2349.5,12691.1,0.3509
7041.8,42669.3,7134.6,42728.0,0.3508
4341.0,9475.4,4388.9,9516.8,0.3506
4018.7,34482.1,4031.0,34503.3,0.3501
17281.2,14278.4,17314.0,14324.8,0.3501
1099.3,49582.8,1151.3,49615.4,0.3501
13746.8,62035.3,13794.0,62045.5,0.3499
2452.7,30977.1,2550.5,31052.5,0.3498
8640.0,43841.0,8701.8,43884.5,0.3498
0.0,53453.6,59.9,53518.9,0.3497
16387.6,47066.5,16400.8,47081.1,0.3497
13591.5,13859.6,13620.8,13883.1,0.3496
12154.6,18752.1,12191.5,18792.2,0.3496
10350.6,54257.0,10422.4,54311.9,0.3495
354.8,64889.9,399.5,64931.1,0.3492
6138.4,13336.1,6172.5,13379.3,0.3492
7164.7,38519.9,7188.4,38547.0,0.3492
6225.7,22899.3,6287.3,22926.6,0.3491
5185.6,36545.5,5232.4,36588.4,0.3490
6924.5,9098.2,6965.1,9130.6,0.3489
10193.7,48264.1,10239.6,48344.6,0.3487
15266.8,37786.0,15293.5,37814.1,0.3487
4313.2,28393.2,4366.7,28444.8,0.3487
6849.2,46699.4,6900.3,46720.0,0.3486
1601.9,33969.3,1686.7,34060.7,0.3485
2852.3,22703.7,2895.4,22720.0,0.3484
5267.6,37744.0,5313.0,37776.5,0.3482
13441.0,18828.5,13463.8,18877.6,0.3478
2569.5,860.0,2609.5,882.4,0.3478
8162.3,41038.9,8212.4,41073.4,0.3476
9944.6,11599.3,10006.7,11665.9,0.3475
921.3,23600.7,956.8,23628.3,0.3474
9086.3,40158.2,9097.6,40169.2,0.3473
11521.8,28933.0,11556.9,28973.1,0.3473
11419.7,22636.2,11519.4,22718.8,0.3473
14024.0,12800.2,14074.0,12839.2,0.3473
2337.2,56935.9,2373.9,57000.4,0.3473
11029.5,30274.8,11061.9,30300.8,0.3472
640.0,23877.9,649.6,23903.3,0.3472
9176.6,31607.6,9279.8,31735.5,0.3472
1298.1,34218.7,1388.0,34281.7,0.3472
13862.5,5139.3,13925.0,5217.3,0.3471
7968.2,27797.9,8019.6,27860.1,0.3471
5592.3,27096.5,5622.9,27132.8,0.3469
13289.0,7060.7,13347.9,7096.4,0.3468
7040.0,42880.3,7090.1,42917.5,0.3467
11814.4,34122.7,11839.2,34182.8,0.3467
5416.8,36443.4,5435.2,36477.5,0.3466
8651.9,63460.1,8712.4,63472.1,0.3464
13921.2,39762.8,13937.8,39784.3,0.3463
2217.7,19370.1,2244.5,19399.0,0.3463
12015.1,42590.6,12102.6,42660.4,0.3459
14903.8,36765.4,14981.1,36836.7,0.3458
8259.3,25384.6,8318.7,25453.9,0.3457
11796.1,27089.7,11848.2,27136.2,0.3457
8635.8,39104.7,8676.1,39152.8,0.3457
13400.5,21032.9,13464.1,21094.7,0.3456
3521.7,37373.6,3605.0,37471.9,0.3456
17086.9,16008.4,17105.0,16025.1,0.3455
5939.4,23137.3,6028.3,23224.4,0.3454
641.1,7680.0,681.6,7690.0,0.3451
17555.9,23451.1,17589.7,23473.6,0.3451
5738.2,50042.4,5752.5,50050.7,0.3451
8641.8,41007.5,8710.0,41070.0,0.3450
12575.5,38177.6,12608.7,38205.1,0.3450
12157.1,51501.4,12219.3,51520.0,0.3449
11492.6,46388.8,11518.6,46423.6,0.3449
8425.2,2291.7,8470.0,2338.0,0.3447
7430.4,40993.2,7463.1,41027.7,0.3444
15179.2,43281.8,15228.8,43337.3,0.3443
283.2,10089.9,309.7,10109.7,0.3442
9750.0,27850.3,9816.4,27925.5,0.3442
13738.3,18211.5,13822.6,18240.0,0.3440
13050.2,39901.4,13115.3,39953.8,0.3436
14876.7,28800.0,14906.4,28835.3,0.3433
14080.2,40500.7,14117.8,40572.9,0.3432
8901.1,36143.6,8949.0,36160.0,0.3432
7270.5,41523.9,7359.9,41600.0,0.3431
4629.2,51763.3,4642.9,51774.2,0.3429
12739.2,6220.1,12798.6,6281.4,0.3427
240.6,19538.2,260.7,19579.7,0.3426
15155.5,14066.2,15189.7,14099.9,0.3426
8932.1,28924.0,8966.1,28951.5,0.3425
15897.5,18988.1,15929.3,19014.9,0.3422
9379.6,12960.3,9399.5,12977.2,0.3422
2916.6,42549.9,2947.5,42579.7,0.3421
8975.5,40117.0,9054.6,40255.4,0.3420
5073.1,38035.4,5120.0,38100.3,0.3420
8648.8,37753.3,8675.1,37787.4,0.3420
3369.8,39867.1,3404.8,39897.5,0.3420
13635.4,65049.2,13698.7,65083.7,0.3418
2812.4,19754.1,2833.3,19776.8,0.3417
6945.4,55318.9,6978.2,55347.8,0.3417
16161.8,57133.7,16210.3,57151.2,0.3416
1204.5,3613.7,1218.5,3629.5,0.3414
9956.7,48337.5,10051.0,48379.4,0.3414
10133.5,14881.2,10148.3,14900.8,0.3414
14080.0,29450.1,14136.8,29514.0,0.3414
1143.6,35497.9,1174.7,35533.7,0.3413
11140.2,35042.1,11163.8,35067.0,0.3413
16312.9,26597.2,16348.1,26633.2,0.3412
4743.3,26304.8,4820.4,26346.4,0.3410
14649.2,47929.4,14686.6,47961.7,0.3408
17858.2,21971.3,17915.2,22027.1,0.3407
13351.0,6558.8,13445.3,6632.7,0.3407
7210.5,44771.4,7262.2,44822.2,0.3405
6042.1,7186.5,6072.1,7213.0,0.3403
9690.4,34889.1,9717.5,34915.0,0.3403
13418.9,26192.7,13475.0,26247.4,0.3403
4104.0,24912.2,4176.3,24960.0,0.3402
1265.6,42467.7,1279.7,42500.8,0.3402
14457.0,13302.2,14528.9,13375.4,0.3401
13868.9,7562.8,13917.2,7616.4,0.3400
13802.1,23101.6,13833.8,23124.9,0.3399
11412.8,28162.7,11474.2,28203.9,0.3399
9461.3,15279.8,9486.8,15298.1,0.3398
16674.0,18073.5,16704.1,18108.1,0.3398
17728.7,26630.6,17773.2,26668.2,0.3398
11634.3,55521.9,11648.7,55534.6,0.3397
6634.6,7480.9,6658.0,7501.0,0.3394
1240.2,12233.0,1280.0,12298.6,0.3393
11900.8,34985.3,11934.0,35011.9,0.3392
12638.9,33857.8,12671.3,33883.1,0.3389
4288.1,58009.9,4300.2,58023.3,0.3388
10241.7,16641.3,10257.5,16669.8,0.3388
6402.9,55948.8,6446.9,55966.5,0.3387
5572.3,30565.0,5657.8,30636.0,0.3385
15982.6,59685.5,15993.2,59703.6,0.3385
4379.7,27717.8,4402.8,27749.3,0.3385
13864.3,37020.2,13957.8,37086.4,0.3384
6692.6,21895.1,6718.4,21913.7,0.3381
6008.8,23241.1,6045.7,23270.1,0.3379
13391.2,27585.0,13440.0,27664.6,0.3378
4572.6,34290.1,4611.1,34322.2,0.3377
9873.4,12703.5,9920.0,12772.6,0.3377
13608.3,5102.6,13668.8,5149.3,0.3376
8194.9,2487.6,8251.8,2541.4,0.3374
18134.4,25249.9,18173.1,25276.7,0.3374
9768.7,15673.9,9810.9,15724.5,0.3374
14893.3,47823.3,14936.0,47843.8,0.3374
1602.0,35027.1,1618.8,35051.4,0.3369
16077.7,60160.0,16119.5,60222.9,0.3369
12266.1,5381.1,12303.6,5408.7,0.3369
7978.3,40674.8,7999.7,40724.8,0.3368
15955.3,18763.5,15998.2,18801.5,0.3368
18012.3,14661.0,18040.3,14691.4,0.3368
11522.4,34002.0,11566.6,34034.6,0.3367
4325.3,34497.5,4375.0,34551.7,0.3367
6062.3,7667.0,6079.9,7699.9,0.3366
2518.2,52078.8,2558.0,52102.5,0.3364
13215.2,54743.6,13264.3,54795.3,0.3364
13617.5,5120.0,13669.9,5152.2,0.3364
3413.9,12022.8,3436.5,12055.2,0.3363
914.2,35055.9,958.6,35074.0,0.3362
4161.1,42137.9,4199.9,42211.2,0.3360
874.3,63257.9,958.4,63360.0,0.3360
9231.1,30377.2,9280.0,30432.3,0.3359
13594.6,38978.0,13647.7,39036.6,0.3358
12746.6,37368.6,12800.0,37439.4,0.3358
14183.8,46381.8,14230.3,46400.0,0.3357
985.9,24000.0,1046.1,24034.9,0.3356
5571.0,51698.2,5607.4,51710.1,0.3356
11963.2,22127.6,12022.8,22187.6,0.3355
3201.9,41920.2,3232.9,41947.0,0.3354
11201.8,26880.0,11217.6,26905.6,0.3353
15856.1,12924.1,15885.1,12951.6,0.3350
11051.4,33018.9,11069.6,33046.0,0.3347
13204.6,58399.3,13266.3,58427.2,0.3347
17537.4,44677.3,17592.5,44732.5,0.3346
12147.8,39264.9,12185.8,39282.3,0.3346
9474.5,23020.1,9494.0,23040.0,0.3345
1870.5,37257.9,1920.0,37335.8,0.3343
6849.3,34375.0,6899.3,34421.2,0.3342
14316.7,51530.2,14337.4,51552.0,0.3342
18107.8,18969.7,18175.4,19034.0,0.3341
12055.0,14080.0,12159.9,14136.1,0.3341
14676.3,50109.0,14751.1,50167.2,0.3341
11750.7,33011.1,11839.7,33097.4,0.3341
13001.4,33150.6,13048.8,33175.4,0.3340
11528.9,38361.6,11636.6,38461.2,0.3340
11182.6,38679.9,11199.7,38733.3,0.3338
13940.1,40610.4,14013.6,40673.6,0.3338
11035.9,20513.7,11073.5,20551.3,0.3338
16114.9,18125.8,16157.1,18180.1,0.3337
6424.0,53347.4,6445.4,53363.8,0.3336
9476.7,12422.8,9521.1,12449.6,0.3336
14995.2,34421.6,15029.5,34456.1,0.3335
4629.1,17843.6,4694.6,17893.5,0.3334
8884.3,26608.0,8953.4,26658.2,0.3333
8833.9,9259.1,8872.9,9280.0,0.3333
4352.7,23372.4,4407.2,23403.8,0.3333
17237.8,10153.5,17296.2,10190.8,0.3332
156.4,21760.0,199.7,21782.3,0.3332
15951.3,12992.5,15972.3,13009.6,0.3330
10572.8,14237.2,10593.0,14255.6,0.3330
6720.1,39476.8,6772.0,39550.5,0.3330
14926.1,13256.2,15001.6,13318.7,0.3328
840.0,65376.3,868.8,65408.1,0.3327
2233.0,24960.3,2287.4,24994.2,0.3326
12802.0,33537.1,12818.7,33574.8,0.3326
10105.6,26216.0,10141.5,26275.7,0.3326
13714.4,45959.4,13760.0,46014.1,0.3325
7597.6,55923.7,7614.9,55934.4,0.3323
9199.3,34113.5,9217.1,34131.5,0.3323
4915.6,23275.2,4937.5,23299.4,0.3321
14533.9,26979.2,14604.2,27022.4,0.3320
15589.9,22726.6,15626.5,22747.1,0.3319
5683.3,2900.1,5707.4,2928.9,0.3319
13855.6,13624.6,13904.7,13669.3,0.3318
15284.4,21075.9,15333.7,21109.0,0.3316
3147.4,53472.4,3199.0,53490.7,0.3315
1706.8,19030.9,1749.2,19060.3,0.3315
11399.5,31905.4,11434.2,31939.5,0.3315
9039.4,40274.2,9103.5,40306.5,0.3315
13641.8,48232.5,13719.7,48260.0,0.3313
10758.2,22967.4,10799.5,22998.6,0.3313
4254.6,27651.0,4281.6,27676.3,0.3312
16260.6,22087.6,16290.5,22123.3,0.3312
9007.2,45951.2,9087.8,46005.2,0.3311
810.9,38472.4,827.2,38498.5,0.3311
16804.8,18264.5,16823.1,18294.9,0.3310
641.5,63360.0,760.1,63424.3,0.3309
808.1,66799.5,871.1,66832.9,0.3309
4746.9,41697.7,4798.9,41737.8,0.3308
15680.0,40320.0,15726.4,40359.0,0.3307
2695.5,27878.0,2752.0,27939.0,0.3306
15192.4,55389.2,15250.0,55401.6,0.3305
14902.6,31544.6,14982.9,31617.0,0.3305
10240.0,48250.4,10313.5,48319.5,0.3304
7680.9,25802.5,7711.9,25864.6,0.3302
16703.7,29452.0,16758.7,29511.7,0.3301
9194.1,4680.5,9224.2,4710.4,0.3301
5715.3,34319.1,5734.5,34343.0,0.3299
13761.4,19196.5,13781.4,19250.6,0.3299
919.7,2641.5,960.0,2694.2,0.3299
4812.0,40438.0,4860.7,40471.8,0.3297
15163.0,38259.1,15193.8,38289.9,0.3297
4823.4,40633.2,4862.8,40665.9,0.3295
306.5,35795.2,319.2,35809.7,0.3293
17534.4,9920.0,17596.9,9948.4,0.3293
13221.6,7128.1,13277.6,7161.3,0.3292
1833.4,44061.9,1867.0,44117.6,0.3289
757.4,21446.7,823.2,21497.9,0.3287
2700.8,28498.0,2784.7,28583.0,0.3286
14684.6,31947.4,14724.8,31997.3,0.3284
16197.0,22912.5,16212.5,22930.1,0.3284
4963.1,47977.3,4978.2,47985.3,0.3284
13419.8,26193.0,13440.0,26239.2,0.3283
510.3,66776.7,638.0,66845.3,0.3282
9739.0,54302.1,9791.1,54353.5,0.3281
14310.1,19637.4,14388.1,19704.7,0.3281
13037.0,16560.4,13095.5,16603.9,0.3279
5602.2,33992.1,5637.0,34027.6,0.3278
2561.4,23283.1,2637.2,23359.3,0.3278
9552.3,34506.6,9599.7,34560.0,0.3277
14347.0,29449.6,14361.6,29479.6,0.3276
11004.2,68250.6,11044.9,68263.1,0.3275
14024.7,37586.8,14079.2,37644.4,0.3273
17761.3,19752.6,17774.3,19770.2,0.3272
11282.8,771.3,11325.5,819.9,0.3272
3733.1,40197.6,3762.7,40233.0,0.3271
7996.3,6691.7,8035.8,6713.5,0.3269
7748.4,54364.4,7767.9,54377.0,0.3268
11238.5,32730.0,11326.8,32815.9,0.3267
4930.7,33583.7,4954.3,33600.0,0.3266
8732.1,25383.3,8782.9,25470.3,0.3266
9964.2,64065.6,10013.8,64087.0,0.3265
14205.6,28354.9,14243.0,28393.3,0.3265
7772.5,29812.1,7821.7,29853.5,0.3265
8986.9,58537.7,9002.0,58546.2,0.3264
11901.4,40097.4,11938.0,40139.6,0.3264
6067.6,4177.4,6095.9,4213.4,0.3262
14720.7,47040.0,14791.6,47102.1,0.3262
8153.5,2111.6,8207.2,2161.6,0.3261
13384.3,27023.0,13440.0,27058.4,0.3259
14856.4,13764.6,14883.3,13806.4,0.3259
4138.3,37391.7,4159.7,37413.3,0.3256
6713.7,51611.9,6734.3,51623.8,0.3254
8047.8,14775.8,8108.6,14823.9,0.3254
2507.4,52187.5,2559.4,52283.6,0.3252
12801.1,40640.0,12861.7,40687.7,0.3252
16929.5,28488.6,16988.7,28536.6,0.3248
14151.2,33760.7,14184.4,33795.9,0.3248
12086.7,44800.0,12145.7,44881.4,0.3248
12037.0,41280.0,12160.0,41339.7,0.3248
6081.9,22687.8,6099.5,22720.0,0.3247
11841.0,29774.6,11870.2,29832.3,0.3246
9197.8,35673.0,9272.3,35736.6,0.3245
6284.1,53403.2,6310.4,53418.1,0.3244
7653.9,44480.0,7679.2,44530.5,0.3244
4195.2,41241.3,4226.4,41267.9,0.3242
9780.3,31383.8,9837.1,31434.3,0.3241
16289.6,59266.0,16318.2,59283.1,0.3238
6765.4,30651.7,6836.9,30715.5,0.3237
6064.3,38234.7,6079.4,38277.8,0.3237
6080.4,40960.0,6143.0,40993.4,0.3236
1289.1,33579.2,1318.7,33612.8,0.3232
15128.9,6236.5,15158.9,6259.7,0.3232
2220.7,53225.4,2255.7,53289.7,0.3231
2738.9,2785.5,2765.5,2816.9,0.3231
16301.8,38488.8,16319.2,38555.9,0.3230
4005.9,41142.9,4052.7,41187.7,0.3230
5840.0,37947.2,5867.2,37974.1,0.3227
9834.0,19619.8,9894.3,19701.0,0.3227
11828.3,44171.0,11899.3,44206.2,0.3227
6740.2,32960.0,6800.0,32991.7,0.3226
4377.7,34690.6,4432.5,34723.0,0.3224
16943.1,18439.8,16959.7,18472.8,0.3223
2745.7,4937.0,2790.0,4966.5,0.3222
17349.8,67624.9,17417.0,67682.6,0.3222
3286.2,10578.8,3329.3,10620.0,0.3221
11951.8,38635.9,11973.0,38660.9,0.3218
7658.4,2240.7,7730.8,2293.3,0.3217
9920.0,25074.6,9995.8,25211.6,0.3217
6938.7,8320.0,7014.6,8369.3,0.3216
1743.1,25977.6,1803.6,26012.8,0.3215
12480.0,43393.7,12531.0,43542.3,0.3215
10861.6,51770.3,10918.0,51816.5,0.3214
10824.2,42720.3,10880.0,42780.4,0.3213
4376.5,34368.6,4454.2,34424.5,0.3213
8977.0,5074.0,9029.4,5118.8,0.3213
7933.2,27842.9,7979.7,27870.3,0.3213
13693.5,27697.9,13730.2,27744.3,0.3211
13881.4,12371.6,13930.0,12432.3,0.3207
9521.6,55493.3,9543.4,55506.0,0.3207
12563.0,29639.4,12605.2,29669.1,0.3206
3888.0,31986.9,3906.6,32000.0,0.3204
6186.9,26540.5,6197.3,26556.8,0.3203
3454.0,31644.8,3520.4,31680.0,0.3203
5971.1,1657.0,6074.7,1734.3,0.3202
15946.7,58386.2,15997.8,58414.0,0.3202
13939.1,18456.2,13987.2,18509.9,0.3201
14345.3,31576.3,14388.3,31641.4,0.3200
10290.4,13803.1,10320.5,13833.9,0.3199
3626.3,840.0,3683.7,905.2,0.3199
12074.2,29526.7,12103.1,29559.6,0.3197
7831.8,31790.2,7865.5,31810.1,0.3196
0.1,28289.8,18.4,28325.5,0.3196
3520.8,52160.0,3568.4,52207.2,0.3195
15397.3,12279.6,15456.1,12315.7,0.3194
16455.0,61074.4,16477.1,61114.0,0.3194
12243.4,34131.8,12290.3,34176.6,0.3193
15066.6,13522.6,15083.8,13550.4,0.3193
5764.6,33855.4,5850.6,33905.2,0.3193
13833.6,61681.7,13856.4,61699.3,0.3191
10881.4,68209.5,10898.6,68219.1,0.3190
11757.7,12574.4,11839.0,12696.3,0.3190
8809.9,63132.1,8861.8,63144.8,0.3190
16093.1,32388.7,16135.4,32422.9,0.3188
8179.6,59760.1,8222.4,59771.4,0.3188
15593.5,34793.2,15635.5,34830.4,0.3188
7655.1,33035.4,7716.4,33107.4,0.3186
7792.5,6241.2,7842.5,6284.6,0.3186
8745.4,26574.2,8758.3,26592.9,0.3185
11340.8,27984.9,11397.8,28019.8,0.3182
5440.0,28256.8,5483.7,28322.6,0.3182
10716.9,32960.0,10775.4,32991.5,0.3182
1309.9,34221.4,1361.7,34240.0,0.3182
2560.0,27151.3,2634.8,27198.6,0.3181
14336.1,13411.1,14393.4,13440.0,0.3181
11841.9,37284.5,11921.0,37319.9,0.3180
15852.2,48978.9,15887.6,48993.1,0.3179
17155.9,47916.3,17195.0,47937.9,0.3179
6970.9,43106.4,7014.5,43141.0,0.3178
7845.8,16916.3,7940.3,17011.8,0.3178
7570.1,31654.6,7620.2,31680.0,0.3177
12409.0,30120.9,12476.1,30182.0,0.3177
15929.3,18715.2,15961.9,18748.1,0.3176
10880.6,28436.5,10908.8,28478.9,0.3175
6794.4,51111.2,6812.0,51122.9,0.3175
11671.7,17548.7,11707.7,17598.6,0.3174
10992.9,55993.6,11008.8,56006.1,0.3173
9534.8,37562.1,9567.4,37591.3,0.3173
4764.3,40569.7,4833.1,40632.5,0.3171
17004.5,10863.6,17045.9,10880.0,0.3170
1280.9,35681.8,1352.9,35755.7,0.3170
7436.4,69734.3,7463.8,69764.3,0.3168
9269.2,4587.1,9321.7,4636.1,0.3168
673.7,38723.4,725.9,38752.2,0.3167
13039.7,35142.2,13088.6,35186.9,0.3167
13375.9,51825.1,13414.8,51860.4,0.3167
16000.0,27200.0,16058.4,27241.0,0.3166
13569.4,61598.5,13600.9,61615.7,0.3163
9331.5,20222.8,9361.0,20251.7,0.3163
18131.3,60955.1,18174.5,60977.6,0.3161
8247.8,13234.2,8307.5,13278.7,0.3160
5703.8,28800.0,5759.2,28825.0,0.3160
1624.0,65600.0,1657.5,65654.1,0.3160
11114.5,35112.3,11164.9,35202.9,0.3159
2245.8,12611.2,2289.2,12657.4,0.3159
17394.4,65215.3,17434.7,65226.7,0.3159
4864.5,50873.5,4904.9,50888.6,0.3158
13577.2,65234.7,13600.3,65247.3,0.3158
11698.8,22099.9,11735.7,22134.1,0.3158
16856.4,58720.4,16930.0,58732.9,0.3157
12048.9,33070.6,12091.0,33115.7,0.3157
14800.0,47286.0,14840.9,47319.3,0.3157
9608.3,28480.0,9681.6,28503.4,0.3156
15681.7,23539.6,15766.9,23609.0,0.3156
13589.4,27128.1,13634.3,27163.4,0.3156
13635.1,19566.2,13678.1,19617.5,0.3155
2177.5,12603.3,2239.0,12690.3,0.3154
14432.0,17891.0,14503.2,17920.0,0.3154
9345.6,12351.8,9398.2,12386.0,0.3154
2090.9,23448.2,2124.1,23482.0,0.3153
9205.3,28727.7,9266.8,28794.7,0.3153
16558.2,52084.9,16568.4,52095.3,0.3153
3593.7,42880.0,3667.1,42899.7,0.3150
15452.6,38082.5,15517.9,38139.9,0.3149
10023.1,17798.7,10060.5,17823.4,0.3149
1324.6,59200.2,1388.3,59246.9,0.3146
16936.8,1048.4,16960.0,1078.3,0.3142
2187.8,12589.2,2199.0,12603.4,0.3142
5084.0,37060.3,5118.9,37072.9,0.3137
8960.3,26616.2,9062.5,26691.9,0.3137
3708.0,22193.9,3747.5,22224.0,0.3137
13441.2,17165.2,13499.7,17214.9,0.3134
10005.1,41704.4,10068.7,41737.9,0.3132
4506.7,37595.7,4550.1,37619.1,0.3131
10547.5,27462.8,10560.0,27503.8,0.3130
13620.4,51738.7,13640.7,51752.7,0.3129
6930.4,8041.6,6950.3,8061.8,0.3127
11785.2,48347.3,11816.5,48379.5,0.3126
2502.3,37440.0,2560.0,37481.3,0.3126
9815.5,48190.9,9861.1,48226.2,0.3124
13696.1,6724.9,13754.9,6767.0,0.3121
8270.2,24516.1,8308.3,24549.3,0.3119
6158.6,6242.9,6226.9,6290.0,0.3117
359.4,46476.2,375.9,46494.1,0.3116
12935.9,32215.9,12965.1,32247.5,0.3116
9717.3,19033.9,9770.7,19075.1,0.3115
1677.5,40640.0,1709.5,40652.4,0.3115
7862.5,30931.5,7889.9,30961.1,0.3114
8001.5,31429.7,8055.4,31477.4,0.3113
14015.6,19200.2,14080.0,19230.0,0.3112
14239.9,60574.8,14257.7,60586.8,0.3112
1884.5,22145.1,1919.9,22163.3,0.3111
12194.9,22471.3,12230.3,22508.6,0.3110
7158.2,34161.1,7237.1,34224.1,0.3109
8513.5,31680.8,8566.4,31733.2,0.3109
8758.1,32471.4,8817.0,32523.7,0.3108
15607.4,19180.1,15672.0,19241.2,0.3108
7040.6,31040.0,7162.1,31103.8,0.3107
15040.5,30987.8,15092.2,31038.4,0.3107
5379.3,51827.3,5420.5,51840.3,0.3106
17389.8,34560.2,17485.0,34605.0,0.3106
6354.2,25471.2,6400.0,25518.1,0.3106
14762.7,47360.0,14828.4,47394.9,0.3105
9845.1,20088.9,9917.0,20158.0,0.3104
363.0,4485.3,408.8,4524.4,0.3104
9183.3,30543.9,9243.1,30600.9,0.3104
12910.4,360.8,12999.8,412.6,0.3103
13800.2,23070.6,13853.7,23123.7,0.3103
18160.2,15680.0,18175.4,15704.6,0.3103
9913.9,20348.5,9934.7,20370.6,0.3101
776.1,31207.2,847.9,31251.1,0.3100
14676.1,49747.2,14716.9,49769.1,0.3100
12931.5,56086.0,12945.4,56118.8,0.3100
4549.4,7825.7,4575.7,7850.8,0.3099
5967.5,21701.0,5986.1,21727.3,0.3096
362.1,4465.5,442.6,4524.7,0.3094
17078.9,63907.5,17104.5,63953.7,0.3094
8482.9,13040.2,8515.4,13059.3,0.3094
4299.4,24879.0,4312.9,24895.1,0.3094
2954.6,51342.0,3009.8,51387.2,0.3092
13947.4,49669.3,13987.9,49693.0,0.3092
14455.3,28464.5,14521.1,28507.2,0.3089
11818.3,30400.0,11839.7,30413.0,0.3087
10986.9,7511.8,11076.3,7583.6,0.3087
17611.2,41540.2,17663.2,41584.0,0.3087
4555.1,34134.1,4588.3,34164.5,0.3086
17707.5,36707.0,17742.5,36748.9,0.3085
8975.3,33584.8,9005.1,33600.0,0.3085
2561.6,33677.3,2590.6,33714.7,0.3085
17259.2,15952.2,17332.0,16023.4,0.3085
11926.8,20174.5,11971.7,20227.2,0.3084
10561.8,15410.9,10579.6,15436.6,0.3084
7563.3,27759.9,7619.7,27859.7,0.3083
14871.1,46232.1,14909.8,46266.2,0.3083
5426.8,34033.7,5440.0,34062.0,0.3081
14080.1,21251.4,14094.7,21290.9,0.3078
304.8,29062.2,324.6,29084.6,0.3078
15282.0,66795.8,15348.7,66836.5,0.3077
11751.3,15697.6,11800.2,15742.7,0.3077
15775.8,23588.5,15834.8,23630.1,0.3076
16320.1,11840.2,16372.1,11895.6,0.3076
2004.6,61175.0,2071.8,61220.4,0.3076
16355.4,16929.2,16371.4,16951.0,0.3076
8229.6,31460.7,8320.0,31531.2,0.3074
11430.5,56496.9,11455.0,56510.2,0.3074
926.3,13324.0,986.4,13393.6,0.3073
9619.4,26560.0,9668.6,26597.1,0.3073
2581.9,33800.1,2639.6,33865.6,0.3072
14721.6,69737.7,14739.0,69760.0,0.3071
8723.4,34184.7,8767.3,34217.4,0.3069
15270.4,37827.0,15304.3,37860.1,0.3069
2019.0,27968.0,2066.3,28020.8,0.3068
6843.3,1435.1,6855.9,1451.4,0.3068
17536.0,16682.4,17598.5,16724.3,0.3066
2917.3,16219.5,2977.4,16273.2,0.3066
8532.1,31462.3,8548.3,31483.2,0.3065
4601.7,39481.1,4656.1,39538.9,0.3065
8602.2,9280.0,8656.2,9304.9,0.3065
6923.1,22803.3,7008.9,22871.5,0.3063
14595.2,64991.3,14642.2,65007.9,0.3062
1100.2,54201.1,1123.3,54230.0,0.3062
2356.2,27520.0,2407.9,27558.9,0.3062
12099.3,3751.0,12159.1,3784.1,0.3061
13722.7,47107.8,13764.8,47144.8,0.3061
2495.8,52900.9,2508.3,52931.7,0.3061
218.7,64861.4,244.4,64877.3,0.3060
15431.5,46256.1,15449.7,46298.8,0.3059
14624.6,30705.0,14650.7,30739.8,0.3056
13401.4,49681.3,13440.0,49719.5,0.3055
11667.0,24600.4,11734.1,24654.6,0.3054
6509.8,22230.8,6561.9,22257.1,0.3054
15109.0,32770.1,15178.5,32823.5,0.3054
8118.3,17600.1,8192.6,17627.8,0.3054
6583.4,31855.7,6605.4,31884.0,0.3054
15923.7,10224.7,15972.0,10240.0,0.3053
12167.9,13760.0,12199.8,13790.1,0.3051
8644.0,31157.8,8692.3,31186.7,0.3049
11209.1,12746.5,11313.0,12827.0,0.3048
15680.0,23680.0,15728.2,23718.5,0.3046
5602.3,31830.4,5646.3,31852.2,0.3046
16125.4,62451.9,16137.2,62464.2,0.3045
5945.9,66403.2,5979.3,66433.6,0.3042
5224.3,45567.0,5290.9,45624.9,0.3041
5440.2,9720.0,5458.0,9764.9,0.3040
12727.3,45960.9,12799.0,46014.4,0.3039
3824.6,27200.0,3839.3,27223.1,0.3039
13694.1,34560.3,13714.1,34602.2,0.3038
12059.4,18240.0,12122.3,18263.4,0.3037
7674.3,43849.2,7706.9,43891.0,0.3037
4013.5,37785.0,4053.8,37821.5,0.3036
807.8,13399.6,865.3,13439.4,0.3035
11672.1,34107.1,11783.1,34210.8,0.3035
13327.3,65876.0,13386.2,65897.1,0.3033
2835.9,28527.9,2879.6,28548.4,0.3032
10822.8,28273.8,10868.6,28329.2,0.3031
5760.0,31235.5,5816.2,31328.0,0.3029
6977.7,35200.1,7040.0,35230.4,0.3029
9781.7,32422.4,9840.1,32479.5,0.3029
7124.2,16834.2,7147.9,16866.9,0.3029
1233.8,44833.6,1277.6,44874.5,0.3029
4800.0,35424.7,4853.0,35484.0,0.3027
14782.0,26017.2,14821.7,26060.6,0.3026
9981.9,14590.4,10015.7,14610.2,0.3024
7844.8,16960.0,7951.4,17015.5,0.3022
2443.9,12500.3,2544.2,12579.9,0.3022
10685.0,16046.7,10743.5,16102.0,0.3022
17163.4,63554.4,17191.9,63594.6,0.3021
16168.1,28970.0,16212.4,28997.4,0.3021
17707.5,27200.0,17765.4,27229.0,0.3021
5340.9,48944.8,5350.9,48954.0,0.3020
7289.2,33719.3,7303.0,33746.9,0.3020
3821.5,63389.8,3861.0,63453.7,0.3019
10689.5,42927.4,10740.7,42983.3,0.3019
12112.2,40531.9,12167.5,40557.9,0.3019
8835.2,54896.7,8857.6,54910.6,0.3019
5675.3,13682.7,5721.6,13716.1,0.3018
15917.8,34311.1,15939.9,34337.0,0.3018
7687.1,32625.2,7721.7,32640.0,0.3018
8641.0,33935.6,8676.3,33980.6,0.3017
4149.7,8352.3,4184.8,8381.5,0.3017
108.4,21782.1,133.9,21811.2,0.3016
12233.3,27706.2,12304.2,27783.2,0.3015
7527.4,54814.1,7548.4,54826.5,0.3013
10172.4,14888.9,10238.5,14948.5,0.3012
108.4,69602.1,153.4,69614.9,0.3012
14953.0,32153.1,15013.9,32237.3,0.3012
5948.8,31360.0,6016.4,31390.3,0.3011
13900.5,51639.5,13934.9,51667.3,0.3011
14227.8,49612.5,14244.3,49626.5,0.3010
11163.0,17483.3,11187.2,17513.4,0.3010
8320.4,31394.4,8360.7,31439.6,0.3008
9281.4,33451.7,9310.4,33485.7,0.3007
9210.1,30887.9,9238.0,30921.2,0.3007
7591.2,32753.4,7637.8,32787.7,0.3006
13638.0,12312.4,13698.0,12358.9,0.3006
13041.7,17500.8,13091.9,17534.2,0.3003
9088.7,30783.9,9108.0,30805.6,0.3003
5558.9,50934.9,5569.6,50950.0,0.3003
5631.2,52017.7,5640.7,52025.8,0.3002
7373.2,56024.3,7398.6,56039.2,0.2999
13996.3,19673.9,14050.7,19752.3,0.2999
9812.9,48607.5,9837.4,48638.8,0.2999
8424.6,30681.3,8436.9,30698.0,0.2997
878.7,28437.3,926.4,28490.4,0.2997
11156.0,29474.8,11200.0,29517.6,0.2996
6347.0,30377.9,6391.9,30410.6,0.2995
3302.4,33663.2,3344.9,33688.5,0.2994
244.5,67269.4,304.5,67309.1,0.2993
15308.0,40697.0,15326.4,40726.0,0.2992
1303.5,21760.0,1365.4,21798.6,0.2992
2705.1,65092.5,2743.8,65136.1,0.2991
8566.8,31023.8,8602.2,31040.0,0.2991
10807.6,34933.1,10878.7,34988.1,0.2990
8000.6,13120.7,8054.4,13169.4,0.2989
16888.7,38720.3,16925.4,38768.8,0.2989
4815.9,42006.2,4842.7,42030.7,0.2988
13121.1,31620.2,13201.2,31679.2,0.2988
8960.5,29052.9,8998.9,29119.5,0.2987
1149.1,18395.3,1178.7,18418.5,0.2987
3201.4,27559.7,3223.0,27602.4,0.2987
420.0,43138.7,432.7,43153.0,0.2985
17537.7,31783.7,17570.8,31840.8,0.2985
9859.5,26591.8,9913.4,26637.0,0.2985
14968.6,13698.7,15069.6,13758.2,0.2982
15402.6,18658.6,15453.8,18688.8,0.2981
15827.2,35287.6,15895.1,35351.2,0.2981
16314.0,56739.8,16340.9,56751.3,0.2981
8640.5,30525.7,8694.3,30602.8,0.2980
3320.8,28783.8,3358.3,28800.0,0.2979
11658.9,43451.2,11685.2,43479.4,0.2979
6844.7,46738.4,6895.2,46777.6,0.2979
12161.3,43502.7,12181.5,43520.0,0.2979
5783.3,50719.5,5798.8,50739.7,0.2978
9595.7,42136.0,9632.1,42170.2,0.2977
7932.4,55175.9,7947.8,55185.3,0.2976
6033.8,23411.2,6079.2,23492.2,0.2976
11458.8,42090.6,11518.9,42135.5,0.2976
13295.0,47383.2,13351.0,47436.1,0.2974
13323.4,59455.6,13388.2,59468.3,0.2973
9901.1,16810.8,9915.9,16822.5,0.2973
10104.8,37270.6,10150.9,37324.6,0.2973
14722.1,17600.0,14734.2,17628.3,0.2972
12600.0,63794.9,12643.9,63809.9,0.2972
6508.4,32090.9,6546.8,32123.1,0.2971
16565.7,58810.3,16597.6,58823.2,0.2971
5641.1,67644.3,5668.4,67672.4,0.2971
6051.1,22385.4,6100.7,22429.3,0.2970
9679.3,25920.0,9727.8,25929.3,0.2970
14400.0,38722.5,14454.9,38822.2,0.2969
3161.1,35834.1,3200.0,35910.6,0.2968
15291.7,31482.3,15311.2,31519.2,0.2967
11894.0,19000.9,11936.5,19063.7,0.2966
5120.0,28111.4,5176.8,28158.7,0.2964
13760.0,6754.8,13786.3,6782.4,0.2964
8009.8,26892.0,8068.4,26944.3,0.2963
4762.5,69450.3,4802.5,69503.0,0.2962
11201.9,29190.0,11214.9,29219.6,0.2962
13602.0,62488.1,13677.3,62539.6,0.2960
7360.1,22821.2,7387.2,22896.6,0.2959
17385.5,12362.8,17455.8,12390.4,0.2957
12088.6,44771.0,12135.1,44800.0,0.2957
6702.9,31707.2,6719.5,31759.7,0.2955
9343.3,26288.9,9362.9,26308.8,0.2955
6470.9,34864.0,6521.5,34880.0,0.2955
1474.4,29315.0,1550.5,29368.8,0.2954
12745.7,43520.0,12799.1,43569.4,0.2953
5241.9,24100.2,5303.2,24156.8,0.2952
287.1,29692.9,349.8,29740.8,0.2949
12721.5,38018.0,12796.4,38082.9,0.2947
13881.7,28730.3,13953.3,28785.0,0.2947
16312.6,51494.3,16340.1,51531.2,0.2946
4730.4,11764.5,4772.3,11799.6,0.2946
5440.0,33494.8,5510.1,33583.9,0.2945
16321.4,37997.7,16407.1,38079.6,0.2944
7680.0,24341.8,7734.3,24423.2,0.2943
16137.7,29242.5,16191.6,29307.3,0.2943
6721.0,26825.7,6776.6,26870.2,0.2943
17529.4,42518.8,17586.3,42560.0,0.2942
7059.5,25919.9,7088.3,25948.6,0.2942
8695.6,40177.7,8725.6,40191.7,0.2942
13339.6,19291.4,13390.0,19324.8,0.2941
16044.2,7897.0,16095.6,7945.7,0.2941
8740.5,29499.5,8781.1,29535.5,0.2939
7854.5,57818.3,7876.9,57831.6,0.2938
5035.4,49808.0,5064.5,49818.9,0.2936
1144.0,34888.9,1174.2,34921.7,0.2936
14847.0,38003.3,14945.3,38080.0,0.2935
11360.7,22511.6,11409.7,22555.1,0.2935
6451.6,4763.9,6480.4,4794.9,0.2934
15934.0,25080.8,15982.5,25146.8,0.2934
11840.0,16640.0,11919.3,16704.6,0.2931
13242.4,64272.7,13296.3,64287.0,0.2930
437.1,27178.9,471.6,27205.8,0.2930
5170.4,7886.3,5211.4,7924.7,0.2930
11802.5,28233.5,11862.1,28303.6,0.2930
12539.3,33820.5,12574.7,33845.1,0.2928
9920.0,25833.6,9987.3,25907.7,0.2927
8961.1,25546.6,8993.8,25588.5,0.2926
14618.5,65240.7,14674.1,65267.5,0.2926
4730.4,8933.7,4778.6,8986.8,0.2925
14080.8,32918.0,14144.7,32987.5,0.2925
1471.6,44767.8,1522.8,44800.0,0.2925
9600.1,47360.0,9644.5,47396.0,0.2924
4775.5,69401.9,4811.4,69438.1,0.2924
14933.3,48652.4,14969.9,48680.5,0.2924
13441.9,47360.0,13514.3,47459.0,0.2923
17241.2,38383.9,17280.0,38400.0,0.2923
8835.4,32613.5,8851.8,32640.0,0.2921
13162.9,63058.7,13205.8,63071.2,0.2921
2467.8,36658.6,2513.2,36700.5,0.2921
15616.8,29605.2,15659.8,29644.3,0.2920
13440.9,27840.0,13489.0,27887.0,0.2920
14242.7,67377.9,14255.8,67386.9,0.2919
5467.1,50961.8,5488.7,50973.8,0.2918
4800.0,42049.2,4863.4,42155.1,0.2918
16441.7,26978.8,16472.0,27015.0,0.2917
10880.8,32817.1,10945.4,32909.0,0.2917
2928.4,51127.3,3007.2,51200.0,0.2916
12684.5,56166.3,12731.3,56179.7,0.2915
1479.1,8960.0,1534.6,8998.7,0.2915
12124.8,8540.3,12191.8,8589.7,0.2915
4739.4,37468.3,4799.5,37527.9,0.2915
12444.1,63489.6,12521.1,63502.7,0.2914
5547.8,33955.5,5600.2,34011.5,0.2914
17430.6,23513.2,17479.5,23555.9,0.2914
6999.4,8417.6,7031.8,8446.2,0.2912
13906.3,67607.6,13960.4,67635.6,0.2910
6933.6,54303.6,6985.2,54322.4,0.2909
7329.2,32410.7,7350.1,32438.1,0.2909
240.8,31416.0,300.8,31474.4,0.2907
11500.8,28666.6,11520.0,28707.4,0.2907
9835.1,37254.4,9867.3,37288.7,0.2907
9835.6,15554.0,9912.0,15616.8,0.2907
2169.8,44942.0,2274.4,45007.8,0.2906
4466.2,30817.1,4498.2,30855.4,0.2905
14538.7,39505.8,14595.3,39548.9,0.2904
7231.0,37961.3,7282.1,38006.8,0.2904
2420.2,35504.8,2449.1,35520.0,0.2901
13740.3,18240.0,13759.7,18279.8,0.2901
4741.2,41899.3,4798.5,41948.3,0.2901
8370.6,12703.2,8404.2,12734.5,0.2901
13233.2,37319.2,13252.3,37340.1,0.2899
11713.4,33002.6,11750.5,33033.2,0.2896
10048.8,43924.5,10061.4,43959.1,0.2895
3249.7,36102.4,3355.1,36160.0,0.2893
5876.1,28524.9,5969.2,28582.6,0.2892
10275.8,33682.1,10301.4,33706.2,0.2891
3944.5,23207.8,3976.8,23229.7,0.2891
9921.3,16808.8,9986.7,16859.7,0.2890
11381.3,32960.0,11451.6,32988.6,0.2890
9874.0,42825.0,9923.6,42854.2,0.2890
16499.6,64528.6,16511.1,64542.6,0.2888
9788.2,53993.7,9895.1,54072.2,0.2888
2456.8,20355.0,2475.0,20382.4,0.2888
12801.7,38451.1,12817.5,38486.2,0.2887
2164.6,24960.0,2225.0,24984.6,0.2886
13375.9,43056.5,13438.7,43127.6,0.2882
16497.0,23128.2,16512.5,23158.4,0.2881
2378.0,28570.6,2434.2,28600.8,0.2880
11012.6,17177.0,11039.8,17207.4,0.2880
4590.2,11200.0,4646.3,11224.5,0.2879
2352.7,1995.9,2376.5,2031.6,0.2879
10669.2,28529.5,10718.6,28576.4,0.2877
17358.2,23497.9,17380.8,23513.3,0.2877
4339.3,50423.9,4377.0,50439.7,0.2876
15558.2,49621.4,15603.4,49660.1,0.2876
21.9,23343.5,60.8,23360.0,0.2874
3618.0,52480.2,3713.0,52588.6,0.2872
16018.4,59674.7,16028.2,59693.0,0.2871
5341.2,33552.4,5398.5,33599.7,0.2870
14268.3,33626.7,14291.0,33666.7,0.2869
13836.5,18573.8,13884.2,18616.1,0.2869
3339.9,543.2,3399.0,610.9,0.2869
17490.2,18113.9,17532.9,18136.4,0.2868
5225.7,49722.6,5236.6,49733.4,0.2868
6838.8,23011.3,6857.9,23040.0,0.2867
4338.8,27501.1,4368.7,27520.0,0.2867
16740.6,58343.1,16764.3,58357.7,0.2866
1274.9,34255.3,1320.1,34320.9,0.2865
14058.8,49693.8,14079.8,49719.5,0.2865
7461.6,57019.2,7496.7,57028.7,0.2863
10447.4,68049.3,10484.1,68075.3,0.2863
7442.6,42791.8,7487.6,42826.4,0.2863
6291.3,33543.7,6400.0,33600.0,0.2861
8112.1,57055.7,8132.8,57067.0,0.2861
13590.2,31624.7,13639.2,31677.0,0.2860
6343.6,27834.1,6369.9,27866.0,0.2860
15208.2,12414.7,15250.1,12436.9,0.2859
9281.0,29356.7,9338.8,29404.1,0.2859
17712.9,34855.8,17730.9,34875.3,0.2858
13577.1,39252.8,13602.8,39274.3,0.2858
5440.0,28336.0,5449.7,28357.6,0.2857
2140.6,34916.6,2199.4,34966.0,0.2856
3791.4,64740.2,3840.0,64758.5,0.2856
11207.5,43889.1,11331.2,43948.2,0.2856
11258.2,50170.9,11320.3,50223.4,0.2856
5418.5,6184.6,5440.0,6221.4,0.2856
12570.3,44761.4,12623.1,44776.9,0.2856
7106.9,22383.8,7154.8,22400.0,0.2856
7802.0,33322.5,7844.5,33370.2,0.2854
4690.5,51822.3,4704.5,51838.0,0.2853
9118.5,31455.3,9166.2,31486.0,0.2853
0.0,21770.0,58.4,21831.8,0.2852
13120.4,7164.1,13147.3,7208.9,0.2851
15671.4,34220.7,15718.7,34240.0,0.2851
6892.5,24858.4,6923.2,24891.7,0.2850
8259.9,17583.8,8292.6,17603.8,0.2850
13578.4,33892.4,13615.0,33924.6,0.2850
3792.4,6951.6,3827.3,6982.1,0.2849
10881.4,14018.4,10900.7,14068.2,0.2849
10432.3,18772.0,10486.2,18814.5,0.2848
13624.3,62881.0,13652.2,62897.3,0.2848
11739.7,29890.8,11780.4,29959.7,0.2846
18017.8,9535.4,18036.2,9561.9,0.2845
3416.2,38848.0,3452.2,38876.6,0.2845
2154.3,23364.4,2186.6,23397.9,0.2845
2723.6,5589.3,2782.1,5652.0,0.2844
15751.4,51433.1,15770.0,51468.1,0.2844
4221.3,32098.1,4263.4,32134.5,0.2844
567.0,9000.4,638.1,9023.5,0.2843
10399.2,35361.1,10498.2,35443.7,0.2842
11423.9,34775.5,11476.6,34808.8,0.2841
10554.4,29286.8,10605.4,29308.7,0.2840
13233.3,37245.9,13319.9,37343.0,0.2839
2570.3,27935.0,2629.1,27975.4,0.2838
6087.4,27411.6,6133.9,27447.8,0.2838
18108.8,24960.0,18174.3,24988.4,0.2836
13442.0,6833.2,13514.6,6903.9,0.2836
117.2,30630.7,150.5,30661.5,0.2833
3267.4,33695.0,3313.2,33717.4,0.2832
17917.8,55938.4,17937.8,55947.1,0.2831
15409.5,67551.5,15437.6,67567.5,0.2831
4419.5,8635.3,4436.4,8659.0,0.2831
1866.4,25993.3,1957.5,26059.2,0.2829
5253.8,31137.2,5278.2,31153.2,0.2828
11097.2,34479.2,11128.7,34503.3,0.2828
8974.4,56160.7,8998.3,56178.7,0.2826
3029.5,55578.0,3090.4,55613.9,0.2825
12720.5,6957.8,12772.4,6996.5,0.2825
17394.6,45450.5,17438.1,45479.1,0.2824
3841.5,7911.0,3860.5,7946.6,0.2824
3521.4,37036.8,3556.9,37096.6,0.2824
6279.9,32300.7,6326.2,32320.0,0.2823
7265.3,18560.0,7360.0,18619.0,0.2822
16021.8,38400.0,16089.9,38427.2,0.2821
920.3,18349.7,959.8,18386.8,0.2820
9612.5,28772.9,9639.0,28800.0,0.2820
11448.4,18896.4,11512.8,18941.3,0.2820
7463.8,16779.0,7483.3,16820.5,0.2819
2252.7,45512.0,2311.3,45553.2,0.2819
9406.7,56247.9,9420.1,56260.2,0.2818
1362.9,45617.3,1376.0,45634.3,0.2817
4073.1,15948.5,4159.2,16022.5,0.2812
4290.7,64622.3,4327.0,64640.0,0.2811
6514.1,31674.7,6548.1,31702.9,0.2810
5796.4,29781.8,5840.9,29806.0,0.2809
7193.4,24839.9,7220.1,24868.4,0.2808
11252.4,17728.4,11313.5,17783.3,0.2808
4481.8,32960.0,4500.8,32992.0,0.2808
1177.8,25928.7,1245.7,25992.0,0.2808
9230.8,28624.5,9271.1,28644.9,0.2808
1400.7,26666.3,1411.9,26689.7,0.2803
208.2,12969.6,271.1,13051.7,0.2802
6407.2,26355.0,6443.1,26389.8,0.2802
100.5,36013.5,145.7,36057.3,0.2801
17044.8,16009.1,17059.5,16027.2,0.2801
14687.9,55032.3,14775.7,55106.0,0.2801
14847.7,47019.4,14909.3,47070.8,0.2801
10810.8,27747.4,10857.9,27803.3,0.2801
14908.3,26398.2,14924.9,26419.8,0.2800
8320.9,25811.4,8372.8,25855.2,0.2800
13207.2,14738.2,13224.5,14753.2,0.2798
11267.9,31737.7,11316.4,31775.3,0.2798
11146.2,41307.9,11172.2,41342.6,0.2798
4774.0,8924.3,4799.3,8960.0,0.2797
11034.5,14122.3,11051.7,14140.1,0.2797
10177.8,28419.7,10200.1,28458.8,0.2796
17994.9,18773.2,18049.5,18829.2,0.2795
2240.0,45368.6,2301.0,45450.3,0.2794
9200.8,60675.3,9234.4,60688.4,0.2793
8321.9,26434.1,8353.1,26464.3,0.2793
18120.4,18035.5,18174.1,18076.7,0.2791
5121.0,35080.5,5158.0,35124.3,0.2791
15883.4,29342.7,15933.2,29391.8,0.2790
15545.3,19177.0,15584.5,19210.3,0.2790
16545.9,58167.6,16565.7,58183.3,0.2789
10543.4,16442.2,10559.7,16486.4,0.2788
14874.3,65482.7,14912.7,65503.7,0.2788
17115.0,59927.8,17169.2,59945.4,0.2788
1775.8,3816.7,1808.9,3848.2,0.2786
1760.9,27622.6,1810.8,27675.2,0.2786
6388.4,13308.3,6421.6,13339.0,0.2785
3201.9,26883.3,3230.4,26934.1,0.2785
13077.9,55790.4,13088.1,55800.2,0.2784
8603.5,25457.2,8673.6,25550.3,0.2782
13595.4,35217.4,13629.9,35258.3,0.2782
1604.6,33920.1,1737.3,34004.4,0.2782
979.2,21104.6,1019.8,21120.0,0.2782
17891.4,33920.0,17911.8,33928.8,0.2781
4701.9,34000.3,4747.2,34033.9,0.2780
7006.3,32141.2,7068.5,32191.6,0.2780
12743.6,34075.8,12797.6,34128.7,0.2779
15275.2,50699.5,15299.5,50739.5,0.2778
884.8,19117.4,958.8,19198.6,0.2778
8001.2,31721.8,8048.9,31776.0,0.2778
5444.0,51131.5,5459.2,51142.4,0.2778
13457.7,33533.3,13507.8,33584.4,0.2777
13064.4,6920.3,13138.6,6963.5,0.2777
16001.0,29760.0,16075.9,29817.7,0.2775
11602.3,34880.0,11644.6,34931.3,0.2775
4492.5,35640.4,4532.0,35688.2,0.2774
4149.0,40265.6,4212.0,40303.6,0.2774
8151.7,6883.0,8181.7,6916.2,0.2774
5409.4,45371.7,5440.0,45405.5,0.2773
7590.7,26560.3,7700.1,26616.1,0.2773
5119.7,32946.4,5172.8,32996.5,0.2772
17779.9,56494.2,17794.5,56503.5,0.2771
17037.6,43169.3,17117.9,43200.0,0.2771
15048.5,13481.7,15068.8,13505.6,0.2770
12532.2,29967.6,12548.4,29987.0,0.2770
17114.2,42049.0,17125.8,42062.7,0.2770
5359.3,4906.4,5409.4,4951.6,0.2769
13662.9,58595.0,13683.0,58605.2,0.2768
1340.7,3424.9,1428.4,3498.7,0.2768
15179.6,58194.0,15211.1,58223.0,0.2767
7996.5,26594.4,8049.1,26631.7,0.2767
12023.9,21000.9,12076.3,21030.3,0.2767
14720.9,38720.0,14799.4,38751.1,0.2766
7923.8,23007.1,8004.0,23040.0,0.2766
10044.7,37685.7,10115.2,37734.9,0.2765
528.5,11708.3,640.0,11775.3,0.2765
10917.2,57394.3,10929.7,57408.7,0.2765
13265.7,19713.4,13297.1,19742.8,0.2763
7778.3,35551.1,7816.9,35578.3,0.2763
3506.7,10074.6,3545.6,10098.7,0.2763
17281.8,21492.4,17299.0,21530.8,0.2762
1920.0,6811.1,1946.0,6858.6,0.2762
16217.8,35812.9,16279.7,35884.5,0.2762
17697.5,50880.0,17759.0,50912.0,0.2761
4201.2,24640.0,4269.4,24665.0,0.2761
13491.5,11867.2,13556.2,11966.9,0.2761
1818.3,60738.6,1855.1,60787.5,0.2760
16325.4,15567.2,16346.2,15587.0,0.2760
12109.8,6400.0,12159.4,6451.8,0.2759
8425.4,36493.1,8499.6,36561.6,0.2757
15499.1,15971.3,15579.0,16070.1,0.2756
9216.6,28666.4,9279.5,28741.9,0.2755
17233.8,43938.9,17278.8,43981.8,0.2755
9734.1,33281.4,9804.1,33354.0,0.2755
6098.3,50520.8,6116.5,50533.8,0.2754
6653.3,7506.1,6664.5,7518.8,0.2753
15961.9,44130.8,16000.0,44160.0,0.2753
1818.2,5091.6,1833.1,5106.4,0.2753
12339.8,39389.4,12372.6,39416.5,0.2751
2560.8,49920.0,2669.1,49978.1,0.2749
1901.4,646.0,1919.4,692.0,0.2748
2008.8,27193.0,2122.2,27296.4,0.2747
16957.8,31575.3,17025.1,31632.9,0.2747
144.7,6899.1,170.4,6936.2,0.2744
3805.9,8621.0,3848.0,8640.0,0.2743
5063.4,32921.0,5120.0,33008.1,0.2743
7296.8,35775.9,7351.7,35806.6,0.2743
1406.9,28101.3,1449.4,28142.5,0.2742
5557.5,6061.8,5616.1,6080.0,0.2740
10316.0,44248.3,10348.9,44266.8,0.2740
14758.2,13760.0,14828.9,13793.0,0.2740
6194.8,15249.0,6206.9,15268.2,0.2739
17558.5,23492.0,17597.2,23532.3,0.2739
3106.8,55527.5,3129.1,55562.9,0.2739
16979.1,39642.3,17026.8,39671.6,0.2739
15267.2,28160.0,15353.0,28192.2,0.2739
17694.9,33359.3,17749.8,33403.9,0.2739
9861.6,24515.3,9920.0,24578.4,0.2739
8651.1,33221.6,8698.3,33274.3,0.2739
7547.0,44160.0,7573.3,44181.0,0.2738
11165.6,48000.0,11199.2,48020.6,0.2738
16074.4,58423.2,16113.7,58442.8,0.2738
11840.0,34777.0,11876.7,34807.4,0.2734
3520.5,37440.0,3580.8,37470.5,0.2733
13040.9,31285.4,13118.8,31387.7,0.2733
5299.0,51432.9,5337.2,51446.6,0.2732
566.3,13713.3,613.4,13751.7,0.2732
11627.7,44210.1,11651.9,44236.9,0.2732
13761.6,28414.6,13839.8,28469.5,0.2732
14513.4,60397.4,14529.0,60408.8,0.2731
4801.9,8484.7,4817.2,8518.0,0.2729
10260.3,30308.2,10302.9,30356.5,0.2728
6590.0,34750.6,6617.1,34785.9,0.2727
9588.7,57327.4,9640.6,57342.1,0.2726
15503.9,26880.0,15542.0,26905.0,0.2725
13687.1,43634.3,13762.2,43706.6,0.2725
3383.2,27748.5,3429.2,27787.5,0.2725
7265.3,38350.5,7313.7,38407.0,0.2720
7753.6,22949.4,7808.3,22986.5,0.2719
14212.3,19366.5,14276.3,19413.0,0.2719
12897.5,29760.0,12943.3,29782.1,0.2719
17070.4,18710.4,17107.6,18743.8,0.2719
10938.5,25473.1,10952.6,25490.3,0.2718
17871.9,41920.0,17919.0,42023.9,0.2718
8384.5,62907.4,8408.3,62918.8,0.2717
13220.9,49126.7,13259.8,49153.2,0.2717
9690.8,34888.4,9745.0,34917.0,0.2717
14125.0,39197.6,14162.8,39233.7,0.2716
2677.8,30074.2,2753.3,30139.5,0.2715
13855.3,51653.2,13884.6,51680.6,0.2714
17899.8,7898.2,17955.8,7940.6,0.2714
14763.9,38203.2,14789.5,38231.8,0.2712
8151.4,23496.8,8206.2,23541.2,0.2712
6782.1,22728.5,6829.3,22775.9,0.2712
9607.5,26169.7,9719.3,26240.0,0.2711
15864.4,22861.1,15977.3,23001.0,0.2711
4480.0,37533.9,4505.0,37563.2,0.2711
15152.6,33329.6,15221.2,33387.8,0.2711
17137.8,65004.4,17175.5,65027.3,0.2710
9743.1,40507.7,9796.3,40564.7,0.2710
4639.4,51185.2,4669.4,51199.3,0.2709
14742.0,2960.0,14807.1,3012.1,0.2708
9396.5,15491.0,9437.9,15533.8,0.2708
5760.0,22870.4,5815.9,22950.0,0.2707
5305.2,31659.6,5326.4,31679.1,0.2706
16266.9,13057.8,16301.7,13110.0,0.2706
8965.9,69808.4,9021.8,69823.3,0.2706
1245.1,826.5,1306.1,863.1,0.2705
9873.2,24081.9,9919.6,24131.1,0.2705
10753.8,57720.8,10774.5,57730.9,0.2704
15785.2,49587.4,15822.4,49611.1,0.2704
11463.4,37141.5,11495.6,37175.3,0.2703
15745.0,54754.4,15811.8,54769.2,0.2702
11657.7,3138.4,11717.0,3182.5,0.2701
15082.7,34463.8,15116.1,34500.9,0.2700
576.2,26235.1,613.6,26263.6,0.2699
12812.4,7109.8,12858.5,7153.3,0.2699
10684.3,44616.8,10722.6,44658.2,0.2699
6400.5,28480.7,6443.6,28524.2,0.2698
2430.1,34489.0,2460.5,34519.0,0.2698
9993.5,42321.8,10059.2,42371.7,0.2696
3585.6,33903.3,3634.3,33920.0,0.2696
7827.3,30998.0,7919.4,31053.1,0.2695
9867.3,33393.9,9919.1,33501.0,0.2695
16105.0,23410.4,16120.0,23438.6,0.2693
13545.4,22382.1,13586.9,22400.0,0.2691
9632.4,25762.2,9673.9,25790.5,0.2690
1551.3,24721.0,1620.1,24791.0,0.2689
8422.9,26463.9,8448.1,26514.1,0.2689
491.0,11620.7,544.9,11673.5,0.2689
3943.6,35350.5,3971.0,35378.6,0.2687
9725.0,28569.9,9803.8,28614.4,0.2687
7723.5,23058.3,7767.0,23131.8,0.2686
6904.5,58088.0,6938.8,58098.9,0.2683
11520.3,19200.0,11564.6,19227.5,0.2682
8468.5,56368.6,8519.6,56384.6,0.2680
12781.2,14970.8,12800.0,14988.8,0.2680
16738.2,48112.5,16781.0,48144.2,0.2679
746.2,25600.0,817.9,25624.0,0.2678
16635.6,35091.4,16662.7,35116.2,0.2677
2919.9,42393.9,2946.3,42410.6,0.2676
13057.7,44800.0,13119.5,44827.9,0.2676
12509.0,29388.9,12532.7,29437.3,0.2675
5385.0,29796.7,5439.3,29871.9,0.2675
11159.6,25920.0,11200.0,25954.1,0.2673
13652.5,13383.4,13711.4,13431.5,0.2672
18033.0,29376.4,18062.5,29406.7,0.2672
6244.3,36129.7,6263.7,36156.5,0.2671
1274.5,11503.6,1333.4,11520.0,0.2671
17553.3,14575.8,17599.3,14596.7,0.2671
5107.6,26610.4,5143.8,26647.2,0.2669
15490.2,34862.6,15517.0,34880.0,0.2668
8124.6,17914.7,8177.7,17984.1,0.2668
7040.8,32760.4,7069.1,32821.1,0.2667
11520.4,16981.6,11573.7,17022.1,0.2666
15947.6,8123.8,15999.6,8191.9,0.2666
5365.1,57920.5,5436.8,57962.8,0.2666
5476.1,13760.0,5513.2,13769.9,0.2665
8456.0,31283.3,8492.3,31323.4,0.2665
6443.7,31936.4,6485.9,31969.2,0.2664
8468.0,45627.6,8504.9,45653.1,0.2664
12160.5,29440.0,12187.9,29506.4,0.2664
16558.9,62080.5,16586.3,62110.2,0.2664
8443.1,24411.9,8504.6,24472.0,0.2663
6323.0,24136.2,6338.4,24150.8,0.2663
1730.6,53030.5,1776.3,53065.2,0.2662
7040.9,30966.0,7173.1,31039.9,0.2662
9655.0,38376.2,9684.9,38395.6,0.2662
14281.2,64555.3,14318.3,64568.1,0.2661
14253.9,50452.3,14281.5,50491.3,0.2660
1449.4,9201.0,1474.6,9247.3,0.2660
6122.6,21665.3,6134.4,21680.5,0.2659
8000.0,24681.0,8024.6,24707.3,0.2659
10066.7,33114.1,10084.0,33132.9,0.2659
9116.3,8086.3,9217.4,8182.0,0.2659
2670.9,66132.6,2728.1,66182.2,0.2658
14049.8,51601.6,14068.1,51619.2,0.2657
6890.8,37224.9,6950.2,37285.6,0.2657
17916.2,25104.1,17961.5,25139.9,0.2655
13784.8,34905.9,13833.6,34949.6,0.2655
14614.2,4745.1,14668.2,4787.8,0.2654
12656.1,69543.9,12707.0,69554.9,0.2654
17775.7,21760.2,17849.8,21786.9,0.2653
10176.7,33826.9,10216.0,33860.9,0.2653
14369.3,53806.3,14412.8,53831.5,0.2652
17867.6,65950.2,17909.8,65977.6,0.2652
6694.4,40441.3,6739.4,40474.1,0.2651
1691.8,27823.7,1720.1,27840.0,0.2650
5762.1,33826.0,5774.9,33860.4,0.2650
1483.4,12484.8,1503.3,12505.3,0.2650
9668.7,7604.6,9703.8,7642.1,0.2649
3244.2,36160.7,3310.9,36198.6,0.2649
4835.4,51351.6,4849.4,51370.0,0.2648
15941.5,33585.6,16000.0,33644.5,0.2647
3826.3,6061.6,3874.9,6080.0,0.2647
833.1,5122.6,900.5,5176.8,0.2646
12160.1,55040.0,12265.6,55086.1,0.2644
11541.6,14971.4,11620.3,15039.8,0.2643
4680.2,2304.6,4762.9,2364.0,0.2643
3218.9,24333.1,3291.2,24364.3,0.2643
17359.9,33625.5,17384.3,33646.6,0.2641
16812.1,58467.4,16839.3,58477.9,0.2641
11160.8,12800.0,11200.0,12853.8,0.2640
9816.7,34637.8,9848.7,34667.2,0.2640
5270.3,29722.2,5375.5,29819.9,0.2639
7494.9,35498.9,7532.4,35527.8,0.2639
16502.5,35183.1,16550.6,35200.0,0.2639
8617.1,55922.5,8638.2,55935.2,0.2639
4498.6,42240.0,4560.9,42267.7,0.2638
8817.9,24128.1,8868.0,24170.4,0.2638
8640.9,25458.1,8674.7,25544.5,0.2637
17831.6,62661.5,17910.9,62673.1,0.2636
6943.4,56376.0,6979.7,56392.5,0.2636
14332.3,67663.9,14370.4,67677.3,0.2635
9821.6,15858.5,9848.6,15892.0,0.2634
13760.8,14272.3,13840.0,14386.3,0.2634
2578.6,8561.1,2634.7,8605.9,0.2633
7652.3,59169.8,7678.7,59189.7,0.2633
8000.0,7360.3,8060.9,7433.4,0.2632
8324.0,12764.3,8338.9,12784.0,0.2631
3644.5,41448.8,3703.0,41485.5,0.2631
15330.3,66475.8,15351.7,66489.5,0.2630
8042.6,58452.0,8062.8,58465.7,0.2630
13226.3,11463.3,13282.3,11514.9,0.2629
11436.0,43594.4,11452.3,43620.5,0.2627
13383.1,61082.4,13413.6,61106.0,0.2627
385.1,10087.2,447.6,10149.8,0.2626
1733.4,20770.1,1798.7,20800.0,0.2626
2642.5,30134.2,2672.3,30173.6,0.2626
13421.4,47433.9,13439.7,47491.2,0.2626
1339.4,24844.7,1378.3,24881.3,0.2626
7161.5,28232.2,7214.6,28263.9,0.2625
504.2,25215.8,526.8,25243.3,0.2625
1357.4,1695.8,1388.8,1722.7,0.2624
1206.4,22008.2,1259.7,22040.0,0.2624
17267.8,39529.5,17341.3,39578.5,0.2624
419.2,35154.4,450.4,35186.1,0.2623
4066.1,38798.7,4084.4,38820.8,0.2622
10880.8,53029.1,10905.0,53105.2,0.2621
11307.6,13981.8,11355.6,14025.4,0.2620
14697.2,15009.7,14720.0,15040.0,0.2619
11358.3,39984.6,11404.3,40000.0,0.2618
6327.7,20515.7,6399.0,20592.6,0.2618
640.0,9880.4,680.4,9923.9,0.2617
3292.1,20512.4,3358.6,20586.3,0.2617
11958.3,39423.3,11981.7,39447.3,0.2615
4344.8,50944.6,4388.7,50959.2,0.2615
8231.2,31210.4,8305.6,31252.7,0.2614
2560.3,61760.3,2670.5,61829.8,0.2614
5600.4,35896.4,5647.9,35940.5,0.2613
11905.1,34240.0,11965.9,34266.0,0.2612
16048.6,11346.1,16148.0,11412.2,0.2611
18092.3,20337.6,18173.5,20422.9,0.2611
15756.3,59217.2,15785.9,59259.2,0.2610
5056.5,49261.9,5068.8,49274.3,0.2610
9660.2,11715.0,9722.1,11761.8,0.2610
8335.5,17585.7,8353.8,17598.8,0.2609
9920.3,32530.8,9971.4,32584.5,0.2608
14836.6,56515.8,14896.0,56527.8,0.2607
15940.9,11337.4,16000.0,11374.7,0.2607
8825.9,60059.6,8866.1,60076.6,0.2606
11466.7,14457.8,11525.5,14499.9,0.2606
15808.7,13195.9,15878.5,13271.2,0.2606
2267.9,40128.6,2318.9,40173.7,0.2605
8570.0,55836.6,8593.4,55850.2,0.2604
9131.4,9460.4,9159.6,9484.4,0.2604
1524.2,12480.0,1600.0,12504.9,0.2603
15360.7,30720.0,15409.2,30755.0,0.2602
6721.3,26890.6,6792.3,26968.7,0.2602
7531.5,23414.2,7606.6,23483.4,0.2602
18126.0,41465.3,18175.3,41528.4,0.2601
10739.8,37425.6,10795.9,37473.2,0.2601
11826.3,22621.8,11874.7,22664.6,0.2600
2708.4,53258.4,2770.0,53284.3,0.2600
9347.7,48606.1,9378.8,48635.2,0.2600
6524.2,45185.9,6558.5,45225.9,0.2599
2484.1,11062.6,2508.2,11093.4,0.2597
8708.6,28208.6,8749.1,28261.0,0.2592
11303.6,12480.0,11372.5,12551.7,0.2592
8602.3,62912.9,8646.2,62926.5,0.2591
12129.5,30534.7,12169.9,30576.4,0.2590
6670.5,23337.5,6712.7,23384.9,0.2590
15308.6,38598.1,15359.2,38653.8,0.2590
17937.4,59650.1,17985.6,59662.9,0.2589
6193.7,36983.0,6220.6,37001.5,0.2589
5371.1,31546.3,5438.4,31660.8,0.2588
16066.2,55754.3,16102.6,55776.4,0.2587
3509.0,36133.8,3529.6,36154.3,0.2585
15293.4,24486.8,15332.3,24521.4,0.2585
4761.5,69402.7,4807.7,69513.4,0.2585
13927.0,33235.8,13989.2,33276.7,0.2585
14419.5,50249.7,14437.4,50262.8,0.2585
10090.3,42247.3,10187.6,42306.7,0.2582
11905.2,40593.1,11967.9,40651.4,0.2582
403.8,18407.6,443.7,18430.4,0.2581
2240.3,39644.0,2277.6,39680.0,0.2580
1268.3,35038.2,1303.5,35068.1,0.2580
9260.0,60351.3,9324.7,60367.4,0.2580
3180.5,11438.2,3195.5,11456.2,0.2579
12481.2,16305.4,12529.7,16339.4,0.2578
14843.9,48337.0,14855.9,48352.8,0.2578
13761.4,46011.5,13785.0,46042.3,0.2577
16699.7,31250.1,16740.4,31279.1,0.2577
4739.5,51922.2,4832.5,52013.0,0.2576
7159.2,27032.8,7188.7,27059.4,0.2576
17268.7,12232.6,17309.2,12267.3,0.2576
306.6,8157.1,337.2,8179.5,0.2575
3320.8,27623.5,3414.6,27706.2,0.2575
14250.5,29416.4,14268.7,29458.7,0.2575
6036.9,24754.3,6079.7,24797.4,0.2575
5027.1,50743.4,5083.4,50764.4,0.2574
16478.1,47981.5,16542.8,47999.9,0.2573
10638.8,25746.1,10668.2,25762.6,0.2573
16468.0,35461.3,16510.0,35492.5,0.2573
12346.3,8040.0,12441.1,8115.8,0.2572
11345.0,42009.7,11388.5,42044.3,0.2572
10636.6,35823.1,10670.6,35840.0,0.2571
6176.8,27005.4,6246.9,27119.3,0.2570
9991.4,13984.7,10023.5,14011.8,0.2570
985.6,42918.6,1018.8,42942.1,0.2569
14990.0,26570.6,15039.6,26634.0,0.2568
8320.6,32156.1,8367.4,32206.9,0.2566
2139.0,27241.4,2198.4,27287.8,0.2566
11084.3,18866.7,11116.6,18908.7,0.2563
5050.8,35231.3,5095.3,35251.5,0.2563
11516.7,52538.6,11544.9,52567.7,0.2563
17800.5,59656.4,17843.6,59675.9,0.2562
14232.4,33555.6,14263.8,33597.3,0.2561
7041.8,17240.6,7058.2,17280.0,0.2561
218.5,2856.9,271.7,2883.8,0.2560
5856.9,31678.9,5925.1,31727.0,0.2558
7583.4,43438.6,7651.5,43486.2,0.2557
6791.2,57163.7,6822.0,57172.2,0.2557
5243.2,33980.0,5281.4,34011.9,0.2557
4540.4,51490.1,4573.2,51497.7,0.2556
8810.4,34138.9,8822.1,34158.8,0.2556
12160.7,39537.8,12196.7,39583.1,0.2554
17533.3,16813.9,17568.2,16846.6,0.2554
5423.0,36313.0,5465.5,36341.5,0.2554
7465.2,43355.2,7512.1,43393.4,0.2554
9028.2,63569.3,9092.7,63605.4,0.2553
10452.0,26874.5,10472.3,26890.8,0.2551
14098.7,63603.6,14130.5,63615.7,0.2551
8049.6,27218.4,8080.7,27255.3,0.2545
13938.2,56478.6,13984.7,56511.0,0.2545
13167.9,17250.2,13243.7,17280.0,0.2545
13859.0,34681.5,13877.3,34701.9,0.2544
12536.5,14773.7,12606.7,14839.3,0.2543
13780.3,27507.5,13811.8,27560.1,0.2542
16500.1,15201.2,16520.0,15232.8,0.2541
15306.8,15041.0,15358.7,15074.6,0.2541
17549.9,10457.3,17585.4,10490.0,0.2539
16611.4,61563.0,16622.3,61581.8,0.2539
14397.9,51504.5,14434.5,51529.0,0.2538
9428.4,25378.6,9460.6,25427.0,0.2537
9245.2,12776.0,9332.3,12836.9,0.2537
8536.6,30228.0,8582.5,30277.4,0.2536
6635.9,33316.1,6679.2,33352.8,0.2536
7960.8,26588.9,7984.5,26620.6,0.2534
5152.7,33921.1,5204.6,33963.0,0.2534
5162.4,41523.8,5218.9,41596.8,0.2533
14164.6,28367.4,14179.9,28396.9,0.2532
14740.2,48066.3,14774.3,48086.6,0.2532
11842.5,27969.8,11897.6,28012.2,0.2530
7132.3,5760.0,7156.1,5784.5,0.2530
10824.5,21388.2,10846.2,21431.5,0.2529
13172.5,43815.6,13195.2,43881.8,0.2528
5441.9,27181.0,5457.5,27200.0,0.2527
13812.4,35540.2,13837.8,35572.3,0.2527
2931.1,42484.5,3019.5,42543.5,0.2527
10771.8,25512.3,10866.5,25574.1,0.2525
15058.9,30101.4,15095.4,30172.6,0.2525
12806.4,26240.0,12856.9,26284.8,0.2525
9495.2,64047.7,9545.1,64064.1,0.2524
1712.6,35993.5,1739.4,36027.5,0.2524
3986.6,6251.0,4005.2,6272.7,0.2524
2659.5,52197.9,2684.0,52215.2,0.2523
15185.8,24213.2,15246.4,24259.6,0.2523
18133.3,7881.1,18176.0,7932.4,0.2523
14227.2,31885.2,14257.4,31955.3,0.2522
449.4,13576.7,525.8,13632.3,0.2522
13903.4,19850.0,13931.8,19876.4,0.2521
14720.9,13711.5,14791.0,13787.3,0.2521
9600.0,24960.0,9627.5,25004.9,0.2521
9326.9,69773.0,9378.2,69786.8,0.2519
16268.0,45464.1,16319.9,45494.7,0.2519
8083.3,1830.1,8125.2,1867.5,0.2518
4852.5,505.1,4926.0,574.0,0.2517
9826.7,46706.1,9871.0,46720.0,0.2517
2560.0,2399.5,2617.6,2459.8,0.2517
2802.1,50018.6,2866.1,50091.5,0.2515
12422.3,25250.8,12474.4,25276.6,0.2513
12374.4,24233.8,12477.3,24318.6,0.2513
3636.3,37969.5,3671.3,37994.1,0.2511
13937.0,12104.5,14005.5,12160.0,0.2511
10281.7,21346.5,10343.3,21388.1,0.2510
8617.5,46251.0,8640.0,46285.8,0.2510
13711.5,35200.0,13757.1,35226.3,0.2510
6940.4,54208.7,6966.3,54224.4,0.2510
8640.0,36507.2,8686.9,36558.8,0.2509
3131.0,50560.0,3197.6,50635.9,0.2507
12442.4,21784.4,12467.8,21803.7,0.2507
11840.8,32813.2,11904.3,32857.0,0.2507
7040.5,32208.5,7082.2,32256.1,0.2505
10770.2,22380.2,10809.6,22400.0,0.2505
9168.0,37047.2,9239.3,37087.8,0.2504
2471.6,27840.0,2521.3,27871.3,0.2504
9886.2,26370.8,9912.8,26390.5,0.2503
12161.8,31715.1,12176.2,31758.8,0.2503
8507.8,28132.8,8547.4,28160.0,0.2502
11375.6,25407.8,11419.6,25449.9,0.2502
13078.8,27520.0,13119.2,27529.4,0.2501
6075.4,5136.1,6118.3,5159.9,0.2500
2561.0,5006.9,2594.1,5062.5,0.2500
