x1,y1,x2,y2,score
34432.9,17186.4,34558.8,17279.8,0.9672
8791.7,36501.2,9275.7,36864.0,0.9627
29760.6,7040.7,29844.2,7169.5,0.9602
37006.9,6311.3,37440.0,6713.3,0.9590
19999.4,5645.3,20471.2,6075.8,0.9588
8645.2,34532.8,9275.3,34880.0,0.9573
35986.6,16958.5,36474.7,17280.0,0.9571
35619.2,36480.0,36156.2,36864.0,0.9556
32443.7,17467.6,32950.1,17916.1,0.9554
35261.2,11659.9,35837.2,12157.9,0.9548
28814.0,2240.0,29437.0,2623.6,0.9545
31013.6,31964.3,31359.8,32320.0,0.9541
32675.3,16960.0,33275.6,17450.5,0.9538
9464.8,813.6,9916.8,1277.9,0.9536
37212.1,21625.2,37757.6,22074.3,0.9530
16101.3,7040.0,16636.6,7452.6,0.9529
27324.6,4994.2,27840.0,5440.0,0.9529
37440.0,35170.2,38075.0,35520.0,0.9528
24041.9,4715.2,24638.4,5116.2,0.9525
37909.9,25185.4,38395.6,25600.0,0.9524
16076.8,7653.2,16634.0,8000.0,0.9523
33621.4,8321.1,34238.7,8759.1,0.9515
34060.1,35133.4,34239.9,35380.1,0.9497
28535.0,2130.0,29116.8,2559.7,0.9496
2349.0,3960.3,2877.0,4476.8,0.9490
34313.3,35435.8,34557.8,35840.0,0.9488
13271.1,5989.6,13760.0,6400.0,0.9487
37827.2,2284.8,38080.0,2568.5,0.9486
15427.9,5932.9,15996.9,6392.7,0.9485
38226.5,24296.6,38655.9,24639.1,0.9483
22768.8,212.5,23359.9,640.0,0.9482
18649.5,2755.2,19196.7,3200.0,0.9481
34597.4,17832.4,35195.5,18240.0,0.9480
32000.7,32581.1,32637.8,32959.0,0.9479
23536.4,6300.6,23998.5,6717.2,0.9479
6400.0,35432.1,6829.0,35840.0,0.9474
37257.4,13920.6,37753.4,14397.0,0.9472
31097.4,12398.8,31676.2,12800.0,0.9471
35984.4,24844.6,36475.4,25280.0,0.9465
32646.4,32865.2,33276.9,33280.0,0.9463
34297.6,2493.0,34876.2,2875.4,0.9461
15505.8,7300.6,15988.2,7679.4,0.9460
3523.6,4485.6,4156.2,4800.0,0.9459
27541.1,3811.4,28157.2,4160.0,0.9457
25961.3,5966.5,26558.2,6399.7,0.9456
32467.5,1282.1,32957.2,1727.7,0.9456
37747.9,12374.9,38078.3,12800.0,0.9456
23175.7,9600.7,23676.2,10029.1,0.9456
30819.0,362.7,31354.4,640.0,0.9456
37548.3,30061.0,38080.0,30397.9,0.9455
35659.9,6306.1,36160.0,6720.0,0.9452
32700.8,4390.7,33276.7,4798.5,0.9452
34071.1,26572.7,34551.8,26916.2,0.9451
31702.2,35080.1,32317.6,35518.6,0.9451
32641.7,1516.8,33275.7,1917.9,0.9450
29926.1,16246.4,30387.8,16640.0,0.9449
19326.9,5103.6,19840.0,5438.9,0.9447
26669.7,8236.8,27196.0,8640.0,0.9444
37921.2,20814.8,38398.9,21181.7,0.9444
18286.3,2198.8,18877.8,2553.9,0.9443
31565.1,19512.8,31679.8,19837.8,0.9443
34703.9,3999.9,35196.1,4477.1,0.9443
35277.4,26140.9,35836.3,26560.0,0.9442
36553.6,36426.0,36798.8,36863.1,0.9441
37860.2,27840.0,38078.1,28123.5,0.9436
36563.0,12372.9,37115.8,12798.8,0.9435
13940.1,0.0,14393.5,267.6,0.9435
34075.7,36052.4,34555.9,36480.0,0.9434
31388.5,21767.6,31997.6,22146.3,0.9434
20887.8,4488.2,21438.8,4859.3,0.9431
1699.6,4165.5,2236.5,4509.1,0.9430
31110.7,2154.4,31676.0,2560.0,0.9429
31214.2,19262.7,31359.6,19520.0,0.9429
21605.1,2176.2,22076.5,2560.0,0.9426
9600.0,36347.8,10235.9,36796.7,0.9425
37579.7,34725.6,38075.6,35195.2,0.9424
38089.0,5769.2,38656.0,6080.0,0.9422
38431.9,24137.6,38655.7,24518.0,0.9421
26888.2,3711.6,27517.1,4160.0,0.9421
34240.0,30081.3,34382.4,30182.1,0.9420
32655.6,2560.0,33277.9,3005.5,0.9418
30080.0,4480.1,30332.9,4606.9,0.9418
34339.6,10802.4,34876.5,11200.0,0.9417
30148.8,12049.6,30717.2,12479.8,0.9417
30514.3,1612.4,31031.3,2069.2,0.9415
36175.0,35436.8,36796.7,35840.0,0.9413
20345.3,5849.8,20774.0,6400.0,0.9407
28918.9,7241.4,29439.9,7679.8,0.9407
16161.3,1501.5,16640.0,1920.0,0.9405
14222.6,5617.7,14716.3,6075.6,0.9402
30849.5,1601.6,31348.8,2027.6,0.9401
36209.8,21153.8,36795.9,21571.1,0.9400
29495.0,7549.3,30076.6,8000.0,0.9399
21553.0,6432.8,22071.9,6776.4,0.9398
32711.7,13915.2,33278.4,14398.3,0.9397
22497.5,9189.4,23033.1,9594.7,0.9396
22458.3,7028.2,22720.0,7359.9,0.9396
7707.1,34430.7,8316.2,34879.2,0.9396
31430.2,36386.3,31992.3,36796.5,0.9396
10307.8,1292.1,10384.6,1635.7,0.9394
6110.8,35455.4,6716.1,35840.0,0.9392
34620.9,34880.0,35196.3,35377.9,0.9392
7144.6,4071.6,7675.5,4477.1,0.9392
33027.9,8768.5,33594.1,9278.4,0.9391
37840.8,35520.5,38392.9,35946.8,0.9391
30242.3,3056.8,30720.0,3517.2,0.9389
14930.1,6720.0,15039.6,6808.6,0.9389
35372.9,19012.5,35836.9,19517.9,0.9389
35974.2,12299.7,36472.8,12798.4,0.9388
9921.6,616.3,10556.5,960.0,0.9387
16146.8,7045.7,16319.6,7401.1,0.9386
31766.6,1825.3,32317.1,2238.8,0.9383
29626.4,8439.1,29760.0,8958.5,0.9383
9920.0,2921.0,10489.6,3200.0,0.9381
31779.2,2136.2,32315.3,2557.2,0.9381
35881.1,13597.4,36476.4,14079.6,0.9381
33001.0,30080.0,33597.1,30574.2,0.9379
9488.4,915.1,9600.0,1277.8,0.9378
1918.8,1794.4,2238.3,1919.0,0.9377
20192.4,3344.1,20795.5,3834.3,0.9375
30484.6,36410.1,31035.2,36860.1,0.9372
37016.5,640.0,37114.2,929.7,0.9371
36881.7,27973.9,37438.2,28477.0,0.9370
31804.7,34128.1,32316.2,34559.0,0.9370
14544.0,2805.0,15037.6,3200.0,0.9369
33734.7,29008.3,34236.5,29440.0,0.9369
30435.6,6232.9,31035.2,6718.2,0.9369
32148.8,12026.6,32639.8,12480.0,0.9368
28899.3,21981.0,29423.9,22400.0,0.9368
37171.5,28687.8,37756.2,29119.8,0.9366
34089.4,5952.4,34553.4,6396.0,0.9366
36818.8,4409.6,37438.0,4796.7,0.9366
38465.3,33601.4,38655.4,33824.1,0.9364
32696.8,27840.0,33274.3,28265.4,0.9362
23165.5,1786.2,23674.9,2239.6,0.9360
30934.2,8237.0,31039.7,8635.6,0.9358
35372.4,7041.2,35505.2,7187.4,0.9356
648.1,6663.4,1275.4,7040.0,0.9354
640.2,8984.8,1276.4,9280.0,0.9353
38465.4,24320.0,38655.1,24516.7,0.9353
26616.9,11448.6,27193.7,11840.0,0.9353
34275.1,19240.4,34878.7,19518.3,0.9352
36449.7,8893.7,36800.0,9280.0,0.9351
28895.3,14722.7,29434.4,15198.4,0.9350
30235.2,9551.6,30716.5,9917.1,0.9350
38055.3,27520.0,38653.7,27947.9,0.9349
27214.6,10242.1,27836.1,10615.0,0.9348
35097.7,13084.2,35200.0,13439.5,0.9348
6181.4,23238.2,6718.7,23680.0,0.9348
29198.2,13154.1,29751.2,13487.2,0.9348
31711.9,32347.5,32315.9,32793.2,0.9348
24979.9,175.0,25596.4,636.8,0.9344
26651.0,1671.7,27197.9,2232.6,0.9342
32074.0,2751.8,32625.0,3119.3,0.9341
30826.6,5652.2,31352.6,6080.0,0.9337
32124.1,30624.0,32635.2,31040.0,0.9337
10772.7,1893.3,10880.0,2140.6,0.9335
5280.7,1481.4,5756.3,1920.0,0.9333
19088.4,319.3,19200.0,638.6,0.9332
35881.6,29038.2,36473.7,29440.0,0.9330
36250.1,35707.4,36793.6,36155.7,0.9329
37842.8,31214.9,38396.1,31680.0,0.9329
31434.7,31680.0,31995.9,32161.7,0.9328
36486.4,9839.9,37117.3,10240.0,0.9322
13450.3,1966.2,13635.7,2116.5,0.9322
26632.6,12488.5,26880.0,12856.7,0.9321
1416.9,2496.6,1920.0,2880.0,0.9321
35888.2,4046.0,36478.9,4480.0,0.9319
31753.8,14599.1,32312.5,15038.7,0.9319
35355.4,5580.8,35833.2,6076.5,0.9319
31362.8,32194.3,31997.3,32638.6,0.9316
36171.9,33809.8,36797.3,34240.0,0.9316
35206.5,0.0,35837.1,419.0,0.9315
24812.8,4735.5,25280.0,5119.8,0.9315
36314.2,25934.3,36794.7,26240.0,0.9314
25928.2,12392.5,26556.6,12799.1,0.9313
28878.3,1089.4,29437.6,1597.3,0.9312
31759.2,9812.1,31998.9,10234.6,0.9311
29796.9,7204.3,30397.2,7674.5,0.9311
35895.2,13109.1,36474.3,13440.0,0.9309
36371.5,1794.4,36480.0,2240.0,0.9307
33654.4,13665.2,34240.0,14080.0,0.9304
34322.2,13012.4,34876.1,13440.0,0.9303
34416.2,3983.1,34875.2,4471.7,0.9303
34292.5,34392.8,34560.0,34874.7,0.9302
38073.2,27283.9,38650.8,27840.0,0.9301
36825.9,1004.2,37438.1,1280.0,0.9301
24490.4,4376.9,24960.0,4800.0,0.9301
3245.0,36348.4,3835.9,36794.6,0.9301
36205.2,890.9,36796.4,1280.0,0.9299
36219.7,8537.2,36797.3,8960.0,0.9299
29856.7,8394.6,30078.5,8640.0,0.9298
20688.6,606.7,21116.7,959.3,0.9298
30210.8,3929.8,30720.0,4160.0,0.9298
34428.3,17186.6,34622.0,17376.1,0.9297
33657.6,19079.6,34235.7,19517.0,0.9297
31044.3,5326.5,31676.3,5760.0,0.9297
11883.5,518.5,12480.0,959.9,0.9296
20906.9,6913.6,21436.5,7357.4,0.9295
2068.8,23054.7,2559.7,23360.0,0.9294
35713.0,19523.1,36160.0,19840.0,0.9294
38166.0,28161.3,38399.7,28380.7,0.9293
1944.7,2440.3,2558.8,2878.0,0.9290
32173.9,9740.8,32638.2,10214.5,0.9289
12344.4,3302.4,12480.0,3494.6,0.9289
13441.5,2730.0,13654.0,2853.5,0.9288
7700.8,4122.6,8320.0,4480.0,0.9286
34665.7,14920.3,35195.2,15360.0,0.9285
24450.5,9126.4,24955.7,9598.5,0.9285
35880.5,18461.9,36477.2,18880.0,0.9283
28583.9,5634.0,29115.8,6079.9,0.9283
37887.3,507.9,38398.0,959.8,0.9282
37802.7,27200.0,38396.8,27621.9,0.9282
387.4,22237.9,956.3,22720.0,0.9281
31048.8,2560.0,31645.9,3030.8,0.9280
36596.8,13371.3,37116.6,13760.0,0.9279
29893.6,36142.3,30397.1,36478.4,0.9279
38119.7,22617.5,38652.0,23040.0,0.9279
36887.8,11992.0,37437.6,12475.7,0.9278
27026.1,9064.4,27516.6,9600.0,0.9278
24681.4,5622.8,25277.0,6078.0,0.9277
33404.9,18829.8,33915.5,19200.0,0.9277
32073.9,33462.9,32633.5,33918.9,0.9276
37467.0,29010.6,38075.4,29439.2,0.9276
29210.2,3020.4,29756.7,3519.8,0.9275
28175.2,1280.2,28795.8,1669.3,0.9275
27581.0,13005.9,28151.6,13439.3,0.9275
36160.9,11159.4,36800.0,11520.0,0.9274
34383.9,25607.6,34872.8,25911.2,0.9273
11360.1,1150.2,11838.7,1600.0,0.9269
28373.1,13365.8,28800.0,13760.0,0.9267
23725.8,4690.5,24318.2,5109.1,0.9266
33290.8,33168.6,33916.4,33600.0,0.9266
27908.2,5383.8,28479.3,5760.0,0.9265
37820.5,14618.6,38399.8,15038.5,0.9265
2883.3,4482.2,3515.5,4842.5,0.9263
18727.8,3651.5,19200.0,4155.7,0.9263
23360.0,682.5,23773.0,960.0,0.9263
33935.4,33483.5,34559.3,33920.0,0.9263
34365.0,18419.2,34878.0,18876.9,0.9260
1344.8,9190.7,1915.5,9600.0,0.9260
28281.4,13999.1,28796.6,14400.0,0.9260
25922.7,1965.8,26051.5,2235.0,0.9258
20217.9,9280.0,20792.7,9701.0,0.9257
31800.6,9831.0,32306.2,10239.1,0.9254
8962.1,4101.1,9596.4,4480.0,0.9252
15694.3,4388.2,16318.4,4796.4,0.9250
36311.5,20698.9,36792.8,21120.0,0.9250
33926.7,9836.1,34560.0,10240.0,0.9250
33667.8,8481.3,34240.0,8958.4,0.9249
27296.5,4602.4,27836.4,5117.1,0.9246
37167.6,31245.6,37440.0,31673.3,0.9244
33043.5,31042.3,33596.1,31529.4,0.9244
30210.3,7941.0,30714.1,8319.9,0.9243
16081.1,6402.2,16319.0,6720.0,0.9241
26921.3,21447.9,27515.4,21796.6,0.9241
28823.8,10148.7,29439.3,10560.0,0.9240
22811.9,1280.7,23356.9,1736.4,0.9240
23140.7,8222.5,23678.9,8640.0,0.9240
22829.4,1105.3,23354.6,1595.6,0.9239
8969.8,1920.0,9280.0,2462.1,0.9239
32339.8,32321.3,32957.6,32740.9,0.9236
19283.4,2631.4,19827.5,2880.0,0.9235
33361.3,10788.0,33920.0,11200.0,0.9233
19740.1,2548.8,20160.0,2880.0,0.9232
2599.6,4034.6,3198.2,4478.3,0.9232
18679.3,4914.6,19196.7,5437.3,0.9232
30824.3,2880.0,31039.3,3058.5,0.9231
19567.6,3807.0,20156.4,4160.0,0.9231
28550.6,12839.1,29105.3,13228.9,0.9230
24096.3,2883.5,24636.7,3298.9,0.9229
28803.5,6652.6,29437.2,7034.9,0.9229
32696.9,32354.5,33276.0,32815.9,0.9229
35932.2,258.3,36464.0,640.0,0.9228
8376.2,34566.8,8638.3,34878.8,0.9228
38105.5,2141.2,38651.3,2560.0,0.9228
33111.9,35557.6,33592.5,35840.0,0.9227
26597.8,12900.0,27195.6,13440.0,0.9226
33791.9,7061.6,34233.0,7360.0,0.9224
8149.4,34788.0,8640.0,35198.3,0.9224
37859.8,26881.1,38078.7,27066.2,0.9224
37892.3,34103.7,38398.2,34558.6,0.9224
25355.7,2575.3,25600.0,2933.4,0.9221
21762.3,7936.2,22397.7,8317.1,0.9220
34965.8,32193.6,35520.0,32640.0,0.9218
24988.3,9149.3,25597.7,9599.8,0.9217
15695.6,3729.6,16317.3,4157.8,0.9216
35030.7,20385.7,35516.1,20800.0,0.9216
19280.2,4386.6,19839.5,4800.0,0.9215
28969.4,14007.3,29435.7,14400.0,0.9214
36026.6,8963.5,36476.7,9433.1,0.9213
30168.9,5370.2,30720.0,5760.0,0.9213
36611.5,6022.2,37116.2,6400.0,0.9211
28167.2,10123.3,28798.1,10558.1,0.9211
15766.5,6725.3,16316.6,7257.3,0.9210
33600.0,4058.0,33774.4,4160.0,0.9208
2587.1,8581.4,3198.0,8958.7,0.9207
36068.5,8445.9,36480.0,8956.5,0.9205
32779.5,29926.8,33276.1,30400.0,0.9205
3244.3,8292.3,3838.8,8640.0,0.9201
32240.9,4060.1,32380.0,4479.0,0.9200
7380.9,35341.2,7993.0,35838.7,0.9200
31370.1,33600.1,31995.3,34078.4,0.9199
37132.0,23289.5,37758.2,23680.0,0.9199
14167.9,3185.2,14716.6,3520.0,0.9199
26314.1,12169.6,26560.0,12514.5,0.9199
33689.0,18190.1,34239.9,18560.0,0.9199
32694.2,16413.4,33274.5,16960.0,0.9198
20800.8,5441.6,20877.5,5555.2,0.9196
37792.5,2567.2,38391.1,2914.6,0.9195
10604.4,1893.9,10746.4,2232.3,0.9194
36644.6,26756.2,37119.8,27196.3,0.9191
22845.2,7559.9,23354.7,8000.0,0.9190
37346.7,18240.0,37439.4,18696.9,0.9189
11780.5,2133.6,11840.0,2560.0,0.9189
34890.5,25940.4,35518.3,26259.7,0.9188
38029.8,10531.2,38655.3,10879.9,0.9188
25609.9,12078.6,26238.8,12480.0,0.9187
9306.1,4005.4,9916.3,4468.8,0.9186
37915.9,10855.5,38391.8,11199.0,0.9184
31784.2,10789.0,32317.3,11199.3,0.9183
34593.2,28801.7,35196.3,29234.7,0.9182
23726.9,6939.1,24316.1,7360.0,0.9181
37208.9,22256.4,37755.5,22720.0,0.9178
35908.6,8640.6,36151.8,8784.2,0.9178
7097.1,36277.5,7677.9,36794.0,0.9177
36203.0,29608.9,36788.8,30071.7,0.9177
33698.9,11123.8,34240.0,11520.0,0.9176
35528.5,25604.8,36154.0,26065.2,0.9176
2059.2,8929.1,2555.8,9280.0,0.9176
25094.9,856.3,25597.1,1280.0,0.9175
34883.1,25297.1,35515.8,25619.7,0.9174
36526.2,27106.3,37117.6,27520.0,0.9174
34240.5,17600.2,34437.1,18050.7,0.9173
14928.3,5735.7,15360.0,6080.0,0.9171
1179.1,2565.8,1280.0,3053.3,0.9170
38067.9,16010.3,38654.3,16320.0,0.9170
31396.6,34117.3,31995.2,34559.3,0.9168
19520.0,9541.5,20157.1,9918.7,0.9167
31527.3,18562.7,31995.0,18991.3,0.9164
30183.5,21039.5,30715.5,21440.0,0.9164
36586.1,19688.0,37120.0,20158.2,0.9163
34305.5,8219.9,34877.1,8640.0,0.9162
1610.4,4708.6,2237.9,5119.2,0.9161
38016.0,33587.6,38651.5,33918.7,0.9161
32103.1,19396.3,32632.1,19840.0,0.9161
17466.6,6919.1,17914.2,7335.1,0.9160
36054.9,16956.1,36160.0,17274.0,0.9157
36891.8,10647.4,37436.6,11199.7,0.9157
34250.8,20456.2,34878.4,20800.0,0.9156
31684.5,33203.2,32316.5,33600.0,0.9156
38030.7,35544.0,38650.3,35883.9,0.9155
37566.1,26560.9,37759.6,26808.0,0.9155
37931.4,9813.0,38397.6,10240.0,0.9153
38016.0,28480.2,38163.3,28568.1,0.9153
31069.8,21770.1,31675.9,22139.1,0.9152
12160.4,2240.0,12271.1,2649.6,0.9151
18681.8,3984.4,19199.8,4477.7,0.9150
20943.8,255.5,21440.0,637.3,0.9149
23423.7,7935.4,24000.0,8320.0,0.9148
2636.9,17082.8,3200.0,17600.0,0.9145
21536.2,8001.0,21759.9,8234.4,0.9145
31215.5,9821.6,31679.3,10240.0,0.9144
36226.4,632.4,36796.3,960.0,0.9143
29129.5,4047.8,29757.9,4478.4,0.9142
37261.2,5368.6,37760.0,5760.0,0.9141
17427.9,3116.3,17599.6,3514.0,0.9140
1489.0,2045.6,1599.8,2239.6,0.9140
1766.5,6036.9,2239.8,6398.5,0.9140
8000.0,3190.1,8638.6,3514.1,0.9139
16745.0,2706.4,17277.4,3200.0,0.9139
35522.9,32551.1,36156.7,32960.0,0.9138
30171.5,1348.6,30711.8,1768.9,0.9137
34382.1,3570.6,34876.5,4160.0,0.9136
37272.9,34261.7,37756.1,34560.0,0.9136
31040.0,36583.0,31678.8,36863.0,0.9136
34991.3,11392.2,35510.7,11839.6,0.9134
19844.1,9613.8,20475.0,9920.0,0.9132
4705.0,2568.6,4799.7,2880.0,0.9132
28169.9,13131.4,28796.5,13412.1,0.9131
4800.0,7360.9,4985.9,7485.7,0.9129
2137.9,16884.6,2240.0,17279.3,0.9129
29657.6,5120.0,29788.3,5314.7,0.9129
31393.2,4449.3,31452.4,4798.7,0.9129
37285.9,21126.4,37757.3,21440.0,0.9129
35992.0,24996.7,36478.4,25415.8,0.9127
35544.7,33547.3,36155.7,33919.5,0.9126
27535.2,10799.5,28159.6,11200.0,0.9126
34030.0,1185.2,34554.3,1600.0,0.9125
33719.3,30081.9,34224.8,30539.9,0.9125
35840.0,6687.4,35964.6,7038.9,0.9124
13874.9,2880.6,14079.6,2950.2,0.9123
2785.3,1282.7,2888.3,1659.2,0.9123
32073.0,1169.7,32633.3,1600.0,0.9122
29238.4,2820.4,29756.7,3200.0,0.9121
24696.9,8341.6,25280.0,8640.0,0.9121
34076.5,6879.8,34500.6,7356.5,0.9119
32726.8,30822.7,33276.7,31360.0,0.9119
37263.6,9523.2,37760.0,9920.0,0.9117
37773.1,31917.5,38395.8,32320.0,0.9115
36651.2,35080.2,37116.9,35519.9,0.9114
32737.5,33741.2,33274.9,34235.2,0.9114
30751.4,888.6,31358.6,1279.0,0.9111
37209.6,9781.9,37439.6,10237.5,0.9111
18022.1,321.4,18240.0,415.5,0.9110
37850.5,10884.8,38396.8,11506.0,0.9110
33990.4,18700.4,34533.1,19073.9,0.9109
33337.3,7680.0,33915.1,8082.3,0.9107
35293.4,14291.7,35825.6,14717.0,0.9107
15381.0,2793.2,15997.1,3200.0,0.9106
34427.1,5124.2,34550.6,5438.4,0.9106
34698.0,19408.2,35197.4,19838.5,0.9105
36733.8,4962.2,36821.8,5120.0,0.9104
30665.8,2482.7,31039.1,2880.0,0.9104
13640.1,2088.8,13760.0,2239.3,0.9103
19614.4,3104.1,20152.1,3520.0,0.9103
33397.4,8822.0,33920.0,9278.6,0.9102
34403.9,6461.9,34868.5,6715.2,0.9100
33010.2,320.0,33595.2,778.6,0.9100
37769.2,5766.6,38398.9,6102.9,0.9096
27669.1,9152.1,27839.4,9595.2,0.9096
30481.5,21056.1,31034.9,21440.0,0.9096
36500.5,35560.1,37114.7,35840.0,0.9096
24433.9,5305.7,24959.5,5757.2,0.9095
18935.6,3349.0,19520.0,3834.7,0.9093
25639.7,5925.2,26234.1,6398.0,0.9090
35793.5,27120.4,36153.4,27520.0,0.9086
38016.0,19429.7,38094.0,19834.2,0.9083
9284.1,1791.2,9777.5,2240.0,0.9082
29699.6,4432.6,29760.0,4800.0,0.9082
7963.2,1203.1,8318.7,1322.2,0.9081
38170.7,26880.0,38653.9,27352.7,0.9081
11522.7,2217.0,11684.3,2559.8,0.9081
37511.5,2132.9,38078.1,2558.1,0.9079
15691.4,3501.8,16317.1,3840.0,0.9079
30818.4,32772.5,31355.2,33277.5,0.9079
13841.4,6510.8,14079.3,7034.7,0.9079
8961.4,1795.9,9600.0,2233.5,0.9076
15858.8,7680.3,16314.6,8031.1,0.9074
33039.7,29654.8,33278.7,30068.8,0.9073
20607.5,2434.1,21115.9,2868.8,0.9073
33288.5,35743.0,33916.8,36160.0,0.9072
36945.0,16546.9,37051.9,16959.9,0.9071
30301.9,4800.0,30400.0,5277.4,0.9071
33624.1,6234.1,34238.3,6719.0,0.9070
28570.1,6269.0,29117.5,6720.0,0.9069
32038.7,4412.8,32640.0,4800.0,0.9067
2052.7,4801.3,2560.0,5119.6,0.9067
13771.4,5457.1,14395.3,5760.0,0.9065
32766.5,8883.8,32850.5,9251.8,0.9065
20370.2,5976.5,20480.0,6396.0,0.9061
28249.0,2886.3,28479.6,3276.1,0.9060
33333.8,12054.1,33919.7,12473.1,0.9059
33822.8,7017.8,33920.0,7358.8,0.9056
11761.2,1808.2,11840.0,2233.6,0.9056
35912.5,27698.0,36476.8,28159.9,0.9054
4793.2,1647.8,5116.9,1919.2,0.9052
38108.3,30885.3,38651.9,31356.7,0.9050
32320.0,3542.2,32947.5,3840.0,0.9050
36375.1,20102.0,36480.0,20304.6,0.9049
33394.5,20041.0,33599.2,20476.5,0.9049
33401.3,27206.2,33909.4,27612.8,0.9048
37976.3,6727.4,38079.7,7089.4,0.9048
14934.9,6598.4,15040.0,6718.9,0.9047
38267.8,9353.9,38656.0,9600.0,0.9044
11563.6,36317.7,12157.3,36793.4,0.9042
6739.7,26776.2,7357.7,27200.0,0.9042
29667.2,4800.0,29760.0,5273.9,0.9041
26275.4,12622.0,26877.1,13120.0,0.9040
30124.5,15260.9,30703.1,15680.0,0.9040
35956.8,24866.8,36159.5,25279.9,0.9039
21523.5,6435.6,21760.0,6750.4,0.9037
25601.5,2809.8,26237.2,3198.2,0.9037
34554.7,5052.2,34711.1,5440.0,0.9036
34961.2,9425.3,35520.0,9917.3,0.9035
34562.2,20492.3,34961.3,20797.1,0.9034
32765.3,2881.3,32960.0,3368.0,0.9033
345.9,8870.4,957.5,9280.0,0.9033
30609.2,6768.5,31038.8,7040.0,0.9032
37888.9,16282.3,38394.6,16640.0,0.9030
3949.4,7980.0,4476.8,8319.8,0.9029
34904.9,22408.6,35516.9,22722.6,0.9025
14400.5,6727.1,15039.5,7199.8,0.9025
34342.3,21367.7,34875.1,21760.0,0.9023
30662.0,8974.2,30755.2,9565.7,0.9022
19840.0,2775.4,20476.8,3197.4,0.9022
21816.7,3200.0,22389.9,3700.3,0.9021
27841.7,1229.1,28366.9,1600.0,0.9021
3840.8,2395.7,4480.0,2761.2,0.9018
36887.3,36278.6,37434.7,36707.6,0.9018
35647.1,11845.0,36155.8,12312.4,0.9017
34880.0,16827.7,35191.3,17279.5,0.9017
23693.4,22400.0,24310.4,22812.9,0.9017
35338.1,35747.1,35834.6,36160.0,0.9016
33349.4,20034.9,33918.7,20478.0,0.9015
3896.4,7385.8,4475.5,7913.2,0.9014
12582.3,6404.9,13120.0,6928.3,0.9013
33330.0,27993.5,33919.0,28480.0,0.9012
1696.9,2429.2,2236.6,2877.3,0.9012
31205.4,16571.4,31672.1,16960.0,0.9010
10384.7,36609.5,10876.7,36864.0,0.9009
31813.8,1099.9,32316.7,1594.6,0.9007
32299.5,9192.6,32386.3,9599.6,0.9006
32000.0,3552.6,32639.2,3840.0,0.9004
7797.2,36448.5,8312.4,36864.0,0.9000
1486.1,4748.3,1580.1,5120.0,0.8999
9845.5,1836.3,9928.0,2143.9,0.8998
37476.2,14302.6,38080.0,14718.1,0.8997
20524.5,2939.8,21116.5,3355.5,0.8996
33007.0,3470.4,33595.6,3840.0,0.8995
30632.0,8022.0,30719.5,8417.8,0.8994
31714.7,9236.6,31788.8,9600.0,0.8992
1765.9,4140.3,1919.5,4480.0,0.8992
37571.0,31682.5,38078.5,32135.1,0.8991
35155.5,320.1,35517.6,806.8,0.8990
35574.0,12684.6,36155.4,13120.0,0.8990
30400.0,19824.1,31038.0,20160.0,0.8989
27014.0,12857.1,27517.6,13245.3,0.8988
8969.6,1290.4,9597.8,1683.2,0.8987
17694.4,4906.6,18238.9,5439.8,0.8986
34440.4,144.1,34880.0,638.3,0.8986
33900.4,2243.2,34240.0,2735.0,0.8986
38084.6,26112.4,38651.9,26560.0,0.8985
33744.3,14576.5,34239.2,15040.0,0.8984
32320.4,21070.2,32585.5,21437.1,0.8983
36234.6,17625.9,36800.0,17918.3,0.8982
15126.5,6401.2,15677.4,6871.3,0.8981
5454.8,22018.0,6077.9,22400.0,0.8978
20336.4,8641.7,20796.8,9069.3,0.8977
33609.2,14400.0,34240.0,14850.7,0.8977
32653.2,5668.6,33278.6,6076.5,0.8977
22096.8,4972.0,22720.0,5438.4,0.8975
37505.6,32960.0,38075.5,33426.0,0.8975
30246.8,5033.0,30718.4,5440.0,0.8974
33962.4,1284.0,34554.4,1772.3,0.8974
3597.0,5192.8,4156.9,5753.6,0.8973
22157.5,2272.4,22714.3,2614.0,0.8971
29949.1,35111.6,30399.2,35520.0,0.8970
31709.6,21091.0,32316.5,21440.0,0.8970
22416.2,5916.5,23038.4,6395.3,0.8970
19840.1,2471.5,20477.1,2880.0,0.8967
27656.4,8051.9,27839.2,8320.0,0.8966
5121.8,2173.4,5759.0,2528.5,0.8966
38389.9,196.1,38452.0,633.8,0.8961
36480.0,26249.8,37112.4,26529.2,0.8953
1174.3,5134.0,1280.0,5578.0,0.8952
30554.9,3063.0,31037.3,3516.2,0.8951
325.1,3221.3,960.0,3519.9,0.8950
10071.7,1328.5,10132.8,1632.5,0.8948
1371.8,4077.4,1458.7,4478.8,0.8946
38206.3,28084.5,38656.0,28480.0,0.8944
36607.8,10880.0,37117.5,11385.4,0.8944
37040.5,6289.7,37120.0,6711.1,0.8943
25769.8,11523.9,26234.0,12047.1,0.8943
13294.9,6204.5,13439.1,6400.0,0.8941
33126.9,34564.2,33280.0,34869.0,0.8940
7288.4,2163.9,7680.0,2560.0,0.8940
17615.6,517.1,18174.6,960.0,0.8940
27573.7,4075.1,28156.4,4480.0,0.8937
31221.6,31684.3,31360.0,31965.1,0.8937
5120.5,35773.3,5758.4,36160.0,0.8937
15128.6,3528.4,15677.3,3918.7,0.8936
30938.4,4970.6,31039.7,5431.9,0.8935
27840.0,776.9,27979.6,959.8,0.8934
24320.8,8273.8,24960.0,8640.0,0.8934
13442.0,1722.5,13554.7,1919.0,0.8934
37121.8,35808.0,37757.5,36160.0,0.8933
3208.2,4686.7,3837.6,5118.9,0.8933
11841.5,3259.1,11960.9,3587.4,0.8931
29911.5,36056.1,30079.7,36476.8,0.8930
30249.4,3785.3,30398.7,3916.1,0.8929
36215.5,2533.7,36347.3,2772.8,0.8927
37443.5,35495.4,38077.2,35840.0,0.8927
24439.9,3110.4,24956.8,3519.9,0.8926
37939.3,3200.0,38080.0,3683.4,0.8925
33293.2,7028.2,33902.0,7358.6,0.8925
18407.7,997.7,18880.0,1280.0,0.8923
35566.9,26747.3,36159.8,27200.0,0.8922
30775.8,35758.5,31355.3,36160.0,0.8922
14803.4,2240.0,15355.0,2785.0,0.8921
32511.6,4146.4,32636.3,4478.4,0.8921
33960.2,14699.6,34550.0,15040.0,0.8920
28492.3,6426.8,28799.9,7040.0,0.8919
35857.0,12772.6,36477.2,13120.0,0.8919
3547.3,2406.5,4160.0,2724.3,0.8918
33451.0,28495.8,33909.3,28933.2,0.8918
36410.9,2006.2,36479.7,2556.8,0.8918
33983.9,17483.0,34555.6,17920.0,0.8918
12541.4,5676.2,13105.8,6080.0,0.8918
33600.0,17622.1,34238.4,17989.6,0.8917
21678.8,433.5,21759.3,792.7,0.8916
37811.3,9143.9,38398.9,9599.2,0.8913
28241.7,2257.0,28795.2,2706.6,0.8909
37467.3,10707.5,38075.9,11196.9,0.8908
33507.5,4051.5,33597.5,4464.8,0.8906
34708.6,5344.5,35198.9,5758.7,0.8905
35897.9,29871.5,36476.0,30400.0,0.8905
29285.3,7880.3,29753.9,8320.0,0.8902
31048.4,5678.6,31676.7,6080.0,0.8900
32644.6,1832.8,33278.8,2240.0,0.8896
22782.4,8896.3,23360.0,9280.0,0.8894
32689.8,20480.0,33274.5,21039.7,0.8894
36402.2,26251.3,36800.0,26557.3,0.8892
36274.4,28394.4,36794.4,28798.6,0.8892
706.8,682.1,1275.4,960.0,0.8888
17922.3,245.4,18013.8,640.0,0.8887
36570.5,8623.3,37116.1,8960.0,0.8886
29293.2,8960.0,29439.6,9169.1,0.8885
36210.3,12744.7,36800.0,13120.0,0.8883
37906.7,21166.9,38400.0,21440.0,0.8881
34288.3,14472.0,34876.2,15037.5,0.8881
8795.7,1557.2,8960.0,1920.0,0.8879
32451.7,8960.6,32543.3,9490.9,0.8879
13441.4,1603.7,13531.2,1723.2,0.8879
30784.6,2560.0,31356.9,3045.3,0.8879
21583.0,5136.8,22069.0,5621.5,0.8877
34893.2,18244.1,35519.6,18614.9,0.8876
35520.0,3239.8,36157.5,3520.0,0.8875
31995.5,33515.8,32318.0,33919.9,0.8875
31752.7,28162.8,32313.6,28617.4,0.8874
25639.4,21445.4,26234.1,21845.7,0.8873
13645.5,2104.0,13760.0,2480.5,0.8867
37165.1,8850.7,37760.0,9280.0,0.8867
38032.5,33210.0,38656.0,33600.0,0.8867
37247.5,20698.1,37757.0,21120.0,0.8866
37818.1,34783.1,38395.9,35200.0,0.8866
35940.8,6720.0,36133.8,7265.1,0.8865
37030.4,9288.8,37440.0,9800.2,0.8865
11200.0,1347.0,11350.8,1448.0,0.8864
37876.6,17735.6,38400.0,18233.0,0.8862
30957.2,8294.1,31101.4,8639.0,0.8861
20547.1,7509.8,21118.1,7995.5,0.8861
36576.5,15251.0,37116.3,15680.0,0.8861
35532.8,21725.0,36155.9,22080.0,0.8859
35841.4,2942.4,36264.9,3200.0,0.8859
10921.9,328.4,11518.3,764.1,0.8857
32126.1,8969.1,32244.8,9573.1,0.8855
31040.0,8000.9,31143.8,8119.7,0.8854
1520.4,5440.0,1600.0,5913.4,0.8852
6780.9,21264.8,7357.0,21759.1,0.8850
36159.0,8169.2,36479.2,8638.6,0.8849
30802.3,5886.3,31360.0,6397.1,0.8849
29120.0,5120.3,29253.7,5267.3,0.8846
35878.4,34485.0,36480.0,34880.0,0.8845
31468.5,10568.7,31679.8,11016.3,0.8844
5153.2,20973.0,5756.5,21440.0,0.8844
36814.1,10153.9,37436.6,10560.0,0.8843
4486.7,19144.5,5118.2,19520.0,0.8843
30472.3,11200.0,30591.7,11285.4,0.8843
18202.4,3384.6,18560.0,3839.5,0.8843
37536.6,5955.8,38078.3,6400.0,0.8842
30183.4,34434.1,30706.6,34877.7,0.8841
36499.7,22055.1,37116.3,22400.0,0.8841
15363.2,6127.7,15811.3,6499.5,0.8841
37286.5,29981.5,37758.2,30400.0,0.8840
372.2,5723.2,481.6,6078.0,0.8838
37441.2,3786.9,38076.5,4160.0,0.8837
22775.5,32960.6,23351.8,33411.7,0.8837
6795.6,21540.2,7358.0,22076.3,0.8836
33391.8,10488.8,33918.4,10880.0,0.8836
27201.1,6515.3,27359.3,7040.0,0.8835
37346.9,324.4,37440.0,933.9,0.8830
35209.1,34154.3,35837.1,34560.0,0.8830
25361.7,3144.1,25920.0,3520.0,0.8826
36897.0,26880.0,37436.1,27363.6,0.8824
31041.3,19265.8,31214.1,19520.0,0.8824
11772.9,1920.0,11840.0,2443.3,0.8823
31701.3,31356.8,32318.4,31680.0,0.8822
37785.2,26221.6,38397.5,26560.0,0.8821
30617.8,19077.0,30719.3,19520.0,0.8820
27047.7,9281.8,27200.0,9772.1,0.8820
35307.5,14899.3,35836.8,15356.0,0.8819
31680.0,34082.6,31912.4,34240.0,0.8818
6137.4,36017.1,6719.1,36479.6,0.8817
34278.7,34479.2,34877.0,34880.0,0.8817
404.2,7385.0,955.3,7998.6,0.8817
31361.2,1519.2,31548.3,1920.0,0.8817
35033.7,10112.9,35520.0,10557.8,0.8813
33685.3,26612.2,34233.3,27200.0,0.8813
36825.1,4689.6,36895.9,5120.0,0.8812
36259.5,15713.0,36800.0,16000.0,0.8811
35397.6,26240.3,35840.0,26706.4,0.8810
28619.1,6569.6,29119.8,7039.0,0.8809
16424.7,6400.0,16639.7,6967.6,0.8809
36161.4,26817.0,36797.5,27200.0,0.8807
14851.4,2162.0,15356.8,2559.4,0.8807
29449.3,3219.5,30063.2,3530.0,0.8807
36161.7,14401.4,36257.7,14620.3,0.8806
27892.2,7582.2,28476.3,8000.0,0.8805
6443.7,3050.1,7035.5,3520.0,0.8804
38226.0,33920.0,38653.8,34178.4,0.8803
35238.1,5126.2,35837.4,5472.3,0.8802
27200.0,12814.6,27829.5,13114.5,0.8800
32687.0,16640.0,33275.5,17076.1,0.8795
37444.7,8010.9,38067.0,8410.7,0.8795
9693.0,1025.6,10239.5,1398.6,0.8794
9417.5,2569.1,9914.4,2952.5,0.8793
15771.4,9461.4,16314.1,9919.5,0.8793
36480.0,15894.3,37114.6,16320.0,0.8793
9879.1,2890.1,9964.0,3295.8,0.8792
6080.0,965.4,6716.6,1269.1,0.8791
30452.7,12082.4,31038.6,12480.0,0.8790
31681.6,9281.1,31776.0,9769.2,0.8790
31834.1,13440.0,32303.1,13902.1,0.8789
30733.2,647.9,31358.0,937.7,0.8788
35202.7,8227.0,35320.8,8628.1,0.8788
780.0,3316.5,1273.6,3838.8,0.8787
33345.8,5092.0,33917.1,5440.0,0.8787
15837.8,6404.2,16318.1,6813.2,0.8786
38293.4,17604.3,38399.2,18036.0,0.8784
1943.2,5340.7,2558.5,5760.0,0.8783
8000.0,3438.0,8637.7,3741.2,0.8783
26563.2,2921.8,27199.4,3200.0,0.8779
34313.6,14400.0,34559.7,15040.0,0.8777
9926.4,4075.4,10558.4,4390.4,0.8777
23250.7,1178.9,23671.5,1600.0,0.8776
33921.5,35388.0,34097.6,35518.7,0.8776
18904.0,5306.5,19517.7,5757.6,0.8773
26693.4,349.7,27199.5,960.0,0.8772
17600.0,302.8,18053.7,639.9,0.8772
3543.8,20617.9,4156.2,21119.6,0.8771
4560.8,3848.1,5119.1,4160.0,0.8771
37646.3,9617.7,38077.2,9920.0,0.8771
35619.3,11427.9,36160.0,11840.0,0.8770
33921.9,35056.2,33986.5,35200.0,0.8769
24747.9,1600.0,24959.1,2237.8,0.8769
36490.7,25911.1,37116.9,26240.0,0.8768
35764.3,26249.9,36160.0,26534.0,0.8767
33322.4,7260.9,33920.0,7680.0,0.8766
11649.9,1810.6,11731.1,2229.7,0.8766
1129.9,4095.9,1354.1,4479.0,0.8765
35903.3,6323.5,36479.8,6720.0,0.8765
32477.1,21046.2,32639.7,21440.0,0.8764
35534.7,27400.3,36156.1,27839.6,0.8764
17731.4,2483.2,18236.9,2877.3,0.8763
25952.5,8849.5,26556.8,9280.0,0.8762
19559.9,1803.0,20156.5,2237.9,0.8760
37865.2,26560.0,38396.8,27067.4,0.8759
32010.8,5638.6,32635.8,6080.0,0.8758
34014.0,28802.5,34553.0,29254.2,0.8758
17028.3,485.0,17596.3,925.3,0.8755
29519.9,14748.0,30065.1,15116.8,0.8755
21830.2,3695.3,22397.5,4158.4,0.8753
34240.0,11521.2,34367.9,11622.3,0.8753
33929.9,20638.8,34556.6,21119.8,0.8751
12943.9,1511.0,13039.5,1920.0,0.8749
33231.1,7681.0,33600.0,8148.3,0.8749
36866.4,18775.2,37440.0,19197.3,0.8749
18573.0,2783.1,18880.0,3200.0,0.8749
4800.3,7050.4,4991.3,7535.4,0.8749
35280.1,3984.6,35389.7,4271.9,0.8749
33074.2,5663.0,33590.1,6080.0,0.8748
34668.1,11418.1,35184.0,11840.0,0.8747
34305.4,10797.1,34560.0,11200.0,0.8747
18682.4,1661.1,19199.8,2210.2,0.8747
32321.4,33560.4,32957.7,33920.0,0.8744
14841.4,640.0,15039.6,855.5,0.8744
24640.0,20626.8,24755.2,20799.7,0.8742
1658.0,19680.8,2237.5,20159.5,0.8741
31775.7,21760.5,32313.9,22212.4,0.8739
36908.3,31572.8,37435.1,32000.0,0.8739
31769.3,32000.0,32316.3,32417.8,0.8736
31359.0,31285.7,31675.3,31680.0,0.8736
32242.4,3923.7,32319.6,4476.7,0.8735
1690.2,3453.4,1916.1,3840.0,0.8734
320.0,4801.6,389.1,5077.9,0.8734
19795.2,1170.3,20160.0,1600.0,0.8734
10241.8,577.2,10609.8,959.0,0.8733
19843.6,8640.0,20437.6,9110.2,0.8733
24016.2,5783.6,24640.0,6080.0,0.8732
27637.8,12414.9,28156.8,12799.4,0.8732
12111.6,3300.7,12213.6,3498.0,0.8731
1920.0,1203.8,1989.3,1600.0,0.8731
34028.9,5384.6,34555.6,5760.0,0.8731
32086.2,2029.0,32634.3,2553.5,0.8728
33297.4,17844.4,33914.6,18240.0,0.8727
26326.4,19662.8,26875.1,20160.0,0.8727
35771.1,10247.3,36160.0,10560.0,0.8726
9280.0,1228.4,9856.2,1598.8,0.8724
36056.7,8477.0,36160.0,8640.0,0.8724
1603.9,1318.8,1704.4,1910.9,0.8724
38018.9,14612.4,38642.7,15036.8,0.8724
30246.9,6641.5,30720.0,6971.2,0.8723
31559.0,19450.5,31992.2,19840.0,0.8721
4490.0,22642.5,5117.2,23040.0,0.8720
37506.3,30592.9,38076.5,31038.9,0.8719
24127.2,6888.1,24320.0,7040.0,0.8717
12802.0,3081.6,12889.5,3169.4,0.8716
36820.3,13162.2,37438.8,13440.0,0.8716
32737.0,28356.4,33279.2,28794.5,0.8715
32784.7,35203.4,32959.5,35449.0,0.8714
28161.1,1222.2,28363.7,1600.0,0.8714
36864.3,27396.4,37437.6,27840.0,0.8714
28601.4,8576.7,29116.8,8960.0,0.8713
35013.1,14297.4,35514.1,14719.8,0.8712
29182.1,15064.5,29749.1,15360.0,0.8712
37120.0,26573.3,37757.3,26880.0,0.8709
33291.5,35492.1,33919.6,35838.9,0.8708
37538.0,20059.7,38067.0,20480.0,0.8708
25032.4,320.0,25592.8,953.3,0.8708
24082.5,3749.4,24622.1,4159.9,0.8707
37796.1,30580.9,38397.0,31039.8,0.8704
21921.3,1705.6,22080.0,2240.0,0.8703
19862.5,2240.3,20480.0,2565.5,0.8699
14798.6,6826.4,15358.7,7360.0,0.8697
1050.2,4480.0,1280.0,5107.9,0.8696
11522.1,1931.3,11669.7,2211.2,0.8696
32595.7,20688.3,32957.9,21117.9,0.8695
35520.0,32253.7,35646.3,32320.0,0.8694
4585.1,19388.3,5117.1,19840.0,0.8694
30853.8,11846.0,31040.0,12275.9,0.8694
15419.6,3437.2,16000.0,3840.0,0.8694
32407.6,13440.0,32640.0,13874.9,0.8693
27088.3,1923.4,27200.0,2440.2,0.8691
28742.1,14636.9,29120.0,15040.0,0.8691
29222.4,6744.6,29758.3,7143.1,0.8689
23680.3,2708.2,24308.6,3198.2,0.8689
21689.3,6802.5,22078.3,7037.6,0.8687
4482.8,35121.3,5120.0,35520.0,0.8687
33043.4,21049.0,33595.9,21440.0,0.8686
34022.7,29553.0,34554.5,30080.0,0.8684
33603.6,4054.5,33778.5,4287.4,0.8684
24173.7,4174.9,24635.5,4694.5,0.8684
35204.7,25280.0,35839.9,25510.5,0.8684
5787.7,38.8,6399.3,530.1,0.8682
35869.7,14663.6,36474.3,15040.0,0.8680
25763.0,11520.7,25919.3,11968.8,0.8680
341.1,3843.3,955.9,4085.8,0.8680
34644.7,11840.0,35195.5,12471.5,0.8680
9920.0,1641.0,10433.6,1917.1,0.8679
38306.6,16788.3,38400.0,17280.0,0.8678
10182.2,1374.8,10255.6,1596.9,0.8678
37529.0,6242.6,38078.7,6718.1,0.8677
31378.8,5344.7,31997.6,5758.2,0.8674
3241.3,18787.6,3835.6,19200.0,0.8674
27623.4,8322.6,27839.6,8510.9,0.8673
37891.7,2591.6,38079.3,2880.0,0.8672
4503.7,837.6,5118.4,1274.2,0.8671
26627.8,1517.1,27196.4,1920.0,0.8670
1157.5,2473.3,1274.3,2880.0,0.8668
5121.1,3865.5,5758.9,4160.0,0.8667
28494.9,20524.7,29120.0,20800.0,0.8666
17846.6,4172.7,18235.7,4599.7,0.8666
32705.0,32006.4,33271.4,32386.0,0.8666
37411.5,19200.2,37757.4,19595.5,0.8664
29355.4,9280.1,29440.0,9377.3,0.8664
7521.1,473.6,7677.0,581.6,0.8661
17939.1,2897.0,18547.9,3200.0,0.8661
4680.4,36476.2,4800.0,36864.0,0.8661
28730.2,7595.1,29120.0,7998.5,0.8661
29424.8,4405.6,29497.9,4800.0,0.8660
27604.3,28800.0,28154.8,29303.4,0.8660
32805.3,2500.2,32960.0,2559.7,0.8658
34079.4,12480.0,34240.0,13101.8,0.8654
29765.1,6422.4,30397.4,6720.0,0.8654
35279.1,33920.1,35520.0,34055.4,0.8654
33340.8,13030.9,33912.5,13440.0,0.8653
35085.3,8963.5,35519.9,9500.6,0.8651
32002.4,320.0,32319.2,935.5,0.8651
21559.3,3076.1,22072.6,3520.0,0.8650
22933.6,640.0,23040.0,1089.0,0.8650
27300.8,11089.0,27829.1,11517.7,0.8649
33698.9,17925.5,34237.7,18239.7,0.8648
174.4,1628.2,627.1,2014.0,0.8645
1285.5,19433.2,1920.0,19840.0,0.8644
32705.1,18353.0,33278.4,18880.0,0.8643
14555.4,563.2,14719.8,959.2,0.8643
38425.3,5486.1,38492.5,5760.0,0.8642
3252.3,542.5,3840.0,960.0,0.8642
31918.8,15047.2,32314.6,15296.8,0.8638
4168.4,35520.0,4787.8,35966.8,0.8638
37047.7,5587.9,37119.6,6071.2,0.8635
15129.3,7799.0,15680.0,8185.6,0.8634
34962.7,28165.1,35516.4,28680.3,0.8634
4269.7,7866.6,4792.2,8320.0,0.8632
34810.4,13537.8,34880.0,13952.1,0.8632
36800.0,2075.5,36879.2,2235.2,0.8631
31388.8,20160.7,31680.0,20572.2,0.8631
30763.5,16865.4,31360.0,17280.0,0.8630
36160.0,2240.4,36277.3,2391.5,0.8629
32126.5,11101.5,32635.0,11520.0,0.8628
31069.8,11156.1,31679.8,11519.2,0.8628
30774.2,17280.0,31343.7,17709.6,0.8626
31360.9,8977.0,31454.9,9448.1,0.8625
25312.3,30621.7,25916.0,31040.0,0.8625
23579.4,6310.6,23680.0,6719.4,0.8625
37223.9,18437.5,37758.7,18880.0,0.8625
29135.2,3841.3,29759.2,4062.5,0.8624
30496.6,17681.8,31028.2,18235.0,0.8621
34848.3,10241.4,35200.0,10677.9,0.8621
20211.7,2892.1,20796.6,3200.0,0.8620
37843.6,9251.8,38078.4,9599.5,0.8620
35310.3,21634.6,35834.3,22080.0,0.8619
2880.0,2880.3,3518.5,3060.4,0.8618
19873.6,9300.9,20478.6,9600.0,0.8618
31799.8,12374.3,32316.1,12800.0,0.8611
33030.5,22084.8,33596.9,22408.7,0.8609
30336.9,4374.1,30400.0,4800.0,0.8609
1881.2,6720.0,2240.0,7229.7,0.8608
27848.2,899.5,28130.4,1270.4,0.8608
6747.4,36411.4,7354.5,36864.0,0.8606
33336.1,2051.3,33918.7,2560.0,0.8605
36177.8,14941.8,36795.4,15360.0,0.8604
37825.0,25644.4,38395.8,26199.0,0.8604
5760.0,3863.6,6397.1,4158.8,0.8603
32752.1,8640.9,33280.0,9096.5,0.8603
16139.6,214.8,16639.6,640.0,0.8602
32641.3,651.3,33277.8,1037.6,0.8602
3201.3,4473.8,3837.5,4800.0,0.8602
17385.6,3805.6,17599.2,4160.0,0.8600
26269.6,9823.1,26880.0,10240.0,0.8600
35424.1,5550.1,35520.0,6068.2,0.8600
34885.7,21495.2,35515.0,21760.0,0.8600
33610.3,34152.9,34237.2,34560.0,0.8599
14367.5,1973.0,14444.5,2240.0,0.8598
11802.2,1359.5,12153.3,1586.0,0.8598
32431.2,5991.8,32944.6,6400.0,0.8598
35005.3,27840.5,35514.7,28300.0,0.8598
33955.8,1862.2,34554.7,2240.0,0.8597
12866.2,1537.4,12924.0,1920.0,0.8595
22720.6,6401.1,22823.5,6494.9,0.8594
31964.7,12164.0,32320.0,12632.4,0.8593
35252.6,26178.4,35520.0,26560.0,0.8592
23895.4,1259.4,23998.7,1528.0,0.8592
36480.4,10952.6,36534.5,11102.3,0.8592
29762.3,3840.0,30223.1,3951.0,0.8591
7040.0,293.5,7514.4,639.8,0.8589
36812.3,6400.0,37118.0,6882.2,0.8589
27890.5,1347.9,28465.5,1919.7,0.8589
35930.6,9412.8,36476.4,9920.0,0.8589
35313.1,36160.0,35519.3,36676.5,0.8588
112.7,2126.7,636.8,2560.0,0.8586
36956.6,34860.8,37438.3,35198.6,0.8584
3520.0,4138.7,4158.1,4471.9,0.8584
36883.6,14725.1,37437.6,15206.6,0.8583
38041.2,6109.6,38656.0,6400.0,0.8583
35591.0,18427.5,36157.6,18876.1,0.8583
38174.3,6544.3,38655.4,7034.7,0.8582
17920.0,3225.1,18557.1,3610.8,0.8579
25656.5,9155.7,26239.2,9600.0,0.8579
27248.9,9405.2,27835.2,9913.4,0.8577
24087.7,4182.6,24320.0,4644.1,0.8573
36300.7,3207.1,36480.0,3518.0,0.8570
20559.3,8858.9,21117.1,9280.0,0.8569
12888.4,2562.0,13118.8,3069.5,0.8566
35840.5,3207.5,36282.0,3567.7,0.8566
33360.3,9925.8,33919.5,10238.6,0.8565
37491.7,27520.6,37760.0,27858.2,0.8561
99.7,2281.9,637.1,2696.3,0.8561
4265.3,36278.9,4798.4,36864.0,0.8559
19049.3,167.4,19520.0,640.0,0.8559
320.0,5076.9,416.8,5275.1,0.8557
19582.9,5042.5,20158.7,5440.0,0.8557
18241.2,2548.9,18879.8,2879.0,0.8553
13277.0,6720.1,13439.4,7011.1,0.8552
22220.3,3711.2,22715.8,4159.7,0.8552
8328.1,35063.1,8960.0,35517.9,0.8550
29857.3,7365.9,30393.5,7970.3,0.8550
4160.0,3983.8,4799.5,4318.9,0.8550
33387.6,1750.0,33914.1,2238.9,0.8547
30380.2,17925.6,30718.8,18352.7,0.8547
15138.0,5904.5,15675.3,6397.6,0.8545
10242.2,36598.8,10399.4,36800.0,0.8544
16331.7,1931.4,16946.5,2240.0,0.8543
36255.5,28616.1,36800.0,29117.7,0.8543
31681.6,5347.8,32319.6,5760.0,0.8541
36652.8,10791.5,37118.8,11200.0,0.8539
29853.0,7050.5,30400.0,7488.8,0.8536
26974.8,28480.0,27199.2,28640.7,0.8536
6789.9,902.8,7360.0,1277.3,0.8535
35015.4,29120.0,35198.7,29301.9,0.8534
35879.7,27840.9,35986.1,27945.4,0.8534
35637.3,17751.0,36152.9,18239.0,0.8534
34659.9,19945.7,34878.0,20036.1,0.8533
34732.1,14235.3,35191.9,14718.1,0.8533
27954.5,3520.0,28160.0,3562.9,0.8531
32650.0,28845.4,33278.7,29212.9,0.8529
36204.7,18550.7,36799.0,18866.0,0.8528
30477.9,21769.2,31029.0,22155.1,0.8527
35081.3,750.0,35199.3,1279.6,0.8526
34240.6,34880.8,34461.6,35016.4,0.8522
21060.0,8558.2,21440.0,8960.0,0.8519
15167.5,7050.0,15359.6,7486.3,0.8518
35603.2,9242.8,36157.0,9600.0,0.8518
34924.1,8824.0,35519.2,9280.0,0.8518
3405.0,870.0,3563.9,1280.0,0.8517
14090.1,6018.3,14703.0,6400.0,0.8517
31430.9,20480.0,31995.8,20968.8,0.8517
5761.1,2561.0,5865.9,2652.7,0.8516
4378.2,857.4,4479.6,959.3,0.8515
28592.7,9163.3,29120.0,9600.0,0.8515
25693.0,8326.1,26238.4,8856.5,0.8514
36261.2,21945.5,36793.9,22400.0,0.8513
32762.2,11991.8,33278.1,12479.5,0.8511
2246.6,2909.4,2880.0,3256.4,0.8511
30307.2,4650.7,30400.0,5116.7,0.8511
36096.6,8667.2,36160.0,9270.9,0.8509
16039.2,968.7,16629.3,1280.0,0.8508
31033.7,4018.1,31360.0,4470.2,0.8504
37888.9,8748.5,38398.3,9270.0,0.8503
31253.5,8471.6,31359.9,8924.2,0.8502
35845.9,19395.2,36477.5,19830.2,0.8502
24877.4,3920.8,25280.0,4480.0,0.8502
29990.3,10955.9,30080.0,11507.1,0.8502
34362.9,5869.7,34880.0,6350.4,0.8501
31450.8,33096.9,31995.1,33595.3,0.8498
36619.0,26491.8,37100.0,26869.5,0.8497
32967.3,34880.6,33596.3,35336.8,0.8497
37447.5,35845.3,37908.6,36158.6,0.8497
12160.0,572.2,12781.7,960.0,0.8497
33299.9,14369.1,33920.0,14720.0,0.8496
33298.3,14005.0,33917.1,14400.0,0.8496
34610.6,4673.1,35194.8,5116.1,0.8494
22427.0,24000.0,23037.8,24482.6,0.8493
35133.8,3389.5,35200.0,3840.0,0.8493
14745.2,1282.4,15038.9,1825.5,0.8493
17379.9,475.0,17916.2,959.5,0.8493
35876.1,876.9,36160.0,1279.8,0.8492
31503.8,10560.0,31998.7,11200.0,0.8491
34431.6,8785.9,34875.5,9274.2,0.8489
36170.5,15227.3,36793.6,15678.0,0.8486
35203.1,960.0,35346.6,1492.1,0.8486
31882.4,19166.1,31999.5,19491.6,0.8485
35202.6,28486.0,35327.6,28921.5,0.8485
3860.6,4000.2,4478.9,4473.2,0.8483
8298.8,1.6,8640.0,448.5,0.8481
33062.0,28805.7,33583.2,29230.6,0.8478
30809.2,21022.3,31354.4,21440.0,0.8476
36156.1,21443.9,36479.8,21774.8,0.8476
37214.0,27217.8,37440.0,27600.9,0.8473
26082.9,4160.3,26240.0,4235.7,0.8473
31106.1,10147.4,31671.6,10560.0,0.8472
6089.6,34803.0,6716.4,35200.0,0.8471
19272.4,5908.1,19838.1,6398.6,0.8470
16715.0,3106.2,17275.8,3520.0,0.8468
30457.9,17926.0,31022.0,18378.0,0.8468
27201.7,10423.9,27838.3,10880.0,0.8468
7369.0,34244.0,7999.4,34559.2,0.8467
3608.4,3561.1,4160.0,3840.0,0.8467
36320.8,2250.0,36797.1,2731.8,0.8464
35201.1,21446.5,35839.8,21760.0,0.8462
27926.3,9186.1,28480.0,9600.0,0.8461
21566.8,6732.9,21758.9,6848.8,0.8460
32000.0,10241.8,32125.8,10736.7,0.8454
34591.0,33820.2,35199.3,34237.7,0.8454
11841.3,794.5,11998.5,960.0,0.8452
33363.1,16960.9,33915.6,17433.9,0.8451
37323.5,8231.3,37439.8,8640.0,0.8450
31760.6,14230.0,32312.9,14717.0,0.8450
37440.0,14906.9,37735.1,15359.9,0.8449
20800.0,5011.2,21431.2,5437.7,0.8449
36861.1,30082.8,37120.0,30624.2,0.8449
32452.5,1538.8,32537.4,1919.2,0.8448
30008.9,10968.3,30079.1,11199.9,0.8447
20753.2,8512.9,21118.4,8960.0,0.8440
35335.6,8350.8,35513.3,8635.3,0.8438
35633.3,8578.7,35837.6,8960.0,0.8437
25079.8,7929.8,25280.0,8320.0,0.8436
17192.3,1.7,17279.7,338.4,0.8436
34240.4,35616.0,34307.6,35797.3,0.8434
21216.2,1280.0,21747.7,1782.8,0.8430
6743.5,26116.5,7356.5,26560.0,0.8429
36831.4,32867.9,37440.0,33280.0,0.8425
33282.5,5390.1,33422.7,5759.9,0.8425
4862.8,20648.0,5436.5,21117.6,0.8422
21646.8,3178.1,21759.1,3520.0,0.8422
35116.3,4416.3,35518.1,4791.4,0.8421
2561.1,2500.0,3197.5,2879.8,0.8420
32075.5,13731.8,32638.5,14078.6,0.8418
10523.1,2459.9,10582.4,2876.4,0.8418
36800.0,15680.0,37437.4,16086.6,0.8415
35758.4,35200.3,36159.5,35645.4,0.8415
29183.0,15142.4,29750.1,15680.0,0.8410
34779.9,9698.9,34880.0,9918.1,0.8410
31158.6,19526.2,31359.0,19839.2,0.8409
36582.9,29766.4,37114.6,30268.1,0.8407
27273.7,21450.3,27834.8,21824.1,0.8407
15363.6,1841.0,15998.0,2240.0,0.8404
32480.8,4744.2,32640.0,4798.3,0.8403
23877.4,6330.2,24320.0,6720.0,0.8401
31041.1,32945.0,31676.9,33280.0,0.8401
31619.3,13024.1,32000.0,13439.4,0.8399
30812.3,6919.4,31359.4,7357.5,0.8399
14275.5,1466.1,14400.0,1894.4,0.8398
31735.6,36435.7,32316.7,36864.0,0.8397
28863.2,14501.6,29433.1,15040.0,0.8396
28562.6,640.0,29115.5,1146.4,0.8393
37760.0,1152.7,38278.4,1599.8,0.8392
13601.9,963.2,14071.6,1155.4,0.8391
29440.1,3738.9,30080.0,4078.2,0.8390
29761.1,3699.7,30235.9,3812.3,0.8386
12993.3,2405.9,13049.8,2820.7,0.8383
31694.6,13009.0,32319.4,13440.0,0.8382
36883.1,1933.4,36950.7,2225.5,0.8382
37763.1,17421.7,37945.7,17918.8,0.8381
34729.0,5670.3,35199.4,6080.0,0.8380
35520.0,11747.6,36021.8,12160.0,0.8379
35449.1,4337.3,35825.3,4795.1,0.8378
26946.5,12801.7,27200.0,13253.7,0.8376
20860.0,8179.2,21434.9,8636.9,0.8376
29853.5,20993.7,30395.6,21440.0,0.8373
19200.0,2240.0,19835.6,2669.6,0.8371
34982.8,36160.6,35200.0,36302.6,0.8370
20916.1,3365.1,21437.2,3836.2,0.8364
8465.8,36568.5,8948.2,36864.0,0.8362
34166.6,5763.8,34240.0,6396.5,0.8359
4480.0,34473.3,5114.4,34880.0,0.8359
3201.0,250.8,3430.2,347.6,0.8359
3201.8,740.2,3359.1,941.0,0.8358
692.9,7045.4,1271.9,7678.4,0.8358
37120.0,7360.0,37204.5,7877.2,0.8357
38410.4,303.4,38656.0,452.1,0.8357
32800.0,15235.1,33268.7,15680.0,0.8354
23374.7,909.6,23998.7,1280.0,0.8353
19869.8,7927.2,20478.6,8320.0,0.8353
1711.7,8524.8,2236.1,8957.3,0.8351
34371.8,19844.7,34559.3,20349.2,0.8351
30125.5,4058.0,30713.6,4480.0,0.8351
32438.6,30308.6,32955.8,30720.0,0.8351
31925.9,14807.6,32309.3,15354.7,0.8351
28313.0,339.6,28480.0,960.0,0.8351
34041.6,12396.4,34557.4,12800.0,0.8349
22725.1,5445.9,23358.6,5880.5,0.8348
11005.6,36228.5,11520.0,36493.7,0.8348
23187.6,1512.0,23675.4,1920.0,0.8348
21273.8,1600.0,21714.9,1954.1,0.8348
19050.8,3070.5,19520.0,3520.0,0.8347
18888.5,2244.4,19514.1,2731.4,0.8345
26041.0,1921.1,26240.0,2059.6,0.8343
7367.2,3840.6,8000.0,4024.1,0.8343
28900.7,8560.8,29440.0,8960.0,0.8343
8710.9,35522.7,9277.2,35940.6,0.8341
34284.3,3807.9,34445.7,4158.9,0.8341
18244.3,2247.8,18390.1,2843.9,0.8339
32340.4,12076.5,32955.8,12480.0,0.8337
37253.4,4899.5,37759.1,5434.1,0.8337
28069.9,13709.7,28445.3,14079.4,0.8337
24493.1,7223.6,24940.1,7678.5,0.8336
34998.9,6405.5,35514.7,6784.0,0.8335
25043.5,8380.9,25593.7,8701.6,0.8335
34800.4,27521.0,35185.8,27782.9,0.8334
9294.6,36016.1,9916.8,36477.3,0.8333
17370.3,3070.1,17917.7,3509.6,0.8332
28009.7,1921.4,28160.0,2462.8,0.8330
5214.1,1235.3,5755.8,1600.0,0.8327
17280.0,3005.0,17401.5,3518.4,0.8326
34878.0,6080.8,35200.0,6698.3,0.8325
36067.6,529.7,36160.0,956.9,0.8324
36894.1,6400.0,37438.1,6872.4,0.8323
31822.1,20681.9,32313.7,21117.0,0.8323
1502.2,5332.2,1598.5,5756.8,0.8321
25043.0,3743.3,25599.6,4160.0,0.8321
35521.4,8640.0,35627.2,8792.5,0.8320
24255.1,4087.7,24320.0,4159.5,0.8320
31373.5,8506.1,32000.0,8957.1,0.8319
13263.6,6720.0,13760.0,7151.6,0.8319
11210.1,322.4,11839.2,444.0,0.8316
30093.9,8462.1,30717.2,8949.9,0.8313
34604.5,25325.4,35195.7,25736.6,0.8311
32662.2,17281.9,32960.0,17560.3,0.8308
6950.9,36163.2,7360.0,36526.5,0.8305
29913.6,35520.6,30080.0,36153.9,0.8305
30048.3,2565.6,30400.0,3153.3,0.8302
33281.5,19530.5,33470.0,19816.4,0.8300
30903.7,18759.3,31012.8,19174.4,0.8300
24971.0,1821.8,25598.6,2240.0,0.8299
36485.6,34563.0,37117.3,34986.4,0.8296
32209.1,7052.3,32320.0,7360.0,0.8296
21822.6,12800.0,22397.9,13243.7,0.8295
32712.3,31360.0,33275.6,31825.0,0.8292
4505.2,18566.3,5113.9,19024.9,0.8292
37640.5,11523.9,37759.5,11941.8,0.8289
28816.1,5666.9,29438.5,6080.0,0.8288
36482.9,34783.8,37116.7,35200.0,0.8288
18579.2,895.0,19197.3,1214.0,0.8288
8640.1,3840.5,9277.5,3975.9,0.8287
34937.6,8228.2,35301.4,8636.9,0.8285
33775.7,3208.3,34237.6,3591.5,0.8284
34313.4,36160.8,34875.1,36606.3,0.8284
31172.3,20743.5,31678.1,21120.0,0.8283
34443.8,3846.1,34560.0,4272.4,0.8283
1549.9,5669.7,1679.5,6080.0,0.8283
0.0,6641.0,635.1,7040.0,0.8281
6149.6,35477.8,6400.0,35840.0,0.8281
28226.1,5294.0,28796.6,5759.8,0.8281
17440.8,1496.2,17600.0,1920.0,0.8280
9103.3,35845.9,9280.0,36262.0,0.8279
24002.0,4225.6,24187.6,4625.5,0.8277
18279.4,1962.6,18556.3,2240.0,0.8277
29826.5,9280.0,30399.9,9711.2,0.8277
3941.8,21004.9,4477.4,21440.0,0.8276
3162.7,18557.2,3276.0,18872.0,0.8276
25665.2,4162.7,25919.3,4450.6,0.8275
9863.4,1612.2,9987.9,1816.5,0.8274
2891.2,17190.4,3516.9,17600.0,0.8274
29998.6,11206.4,30080.0,11525.1,0.8272
34546.4,35420.4,34878.2,35840.0,0.8272
28364.0,9433.8,28800.0,9915.5,0.8270
37528.0,641.1,38077.6,1095.0,0.8270
38043.3,34831.1,38651.9,35200.0,0.8270
19969.4,6949.1,20476.6,7358.1,0.8269
24388.1,5760.0,24957.7,6259.4,0.8268
10880.0,2669.2,11064.0,2879.9,0.8268
32438.3,14502.0,32953.8,15037.7,0.8268
6864.8,35945.8,7360.0,36478.0,0.8267
38115.1,31157.5,38653.5,31680.0,0.8264
34240.2,1920.0,34880.0,2173.2,0.8261
2887.6,8020.1,3517.8,8320.0,0.8258
32103.7,9280.1,32223.4,9621.9,0.8252
36805.0,22110.7,37432.6,22400.0,0.8251
34662.2,9149.0,35199.6,9598.3,0.8251
30712.8,32622.1,31038.2,32960.0,0.8251
22257.0,5271.3,22717.3,5757.4,0.8249
31389.9,8885.4,31454.4,9279.8,0.8249
38123.6,29028.3,38655.8,29440.0,0.8245
20256.0,1328.9,20799.1,1672.0,0.8243
37019.3,9603.1,37435.5,9795.9,0.8243
38436.9,24141.2,38656.0,24320.0,0.8242
2951.0,19790.8,3519.1,20160.0,0.8238
8359.9,640.0,8639.4,1212.8,0.8235
34005.6,2541.3,34556.7,2880.0,0.8231
24241.4,211.5,24320.0,639.9,0.8230
4238.1,34671.0,4782.1,35200.0,0.8229
34021.7,13354.1,34559.6,13760.0,0.8228
18948.4,5971.2,19516.2,6400.0,0.8228
28064.3,6284.8,28159.9,6717.5,0.8227
32487.6,5080.3,32575.7,5439.1,0.8225
21626.2,2563.9,22080.0,3037.0,0.8222
35084.1,16771.9,35520.0,17280.0,0.8221
28265.2,7573.2,28799.9,7997.4,0.8220
34137.4,7837.8,34239.5,8319.7,0.8220
5440.0,3526.7,6079.3,3874.9,0.8217
26240.0,5938.4,26871.7,6398.3,0.8216
28865.3,11373.6,29437.9,11836.7,0.8216
24679.3,223.0,25274.9,640.0,0.8212
4626.6,2605.8,4696.3,2880.0,0.8211
12209.7,5760.6,12796.7,6243.2,0.8211
537.7,321.7,958.3,418.8,0.8209
962.2,4800.0,1066.1,4964.2,0.8208
1648.0,5341.0,2240.0,5755.6,0.8207
31375.2,11840.0,31680.0,12408.3,0.8204
21120.0,2561.5,21757.1,2675.5,0.8203
34998.8,13809.2,35518.8,14397.1,0.8200
35203.6,20830.3,35839.1,21245.6,0.8200
8001.2,3840.0,8639.4,3907.4,0.8199
20092.9,4584.2,20160.0,4988.4,0.8199
37608.0,7332.5,38080.0,7680.0,0.8198
37187.6,35322.6,37440.0,35834.1,0.8197
7695.3,34568.7,8000.0,34996.8,0.8197
14080.0,3522.7,14718.0,3846.1,0.8197
8963.9,2342.4,9411.1,2879.2,0.8197
651.2,8960.0,1275.1,9067.1,0.8196
12826.9,25859.0,13437.3,26240.0,0.8195
36012.3,9920.4,36480.0,10390.7,0.8194
32965.7,8727.3,33597.6,8960.0,0.8192
14415.2,3703.2,15038.3,4149.8,0.8191
34883.0,17283.8,35086.2,17573.7,0.8188
27734.8,2474.0,27840.0,2879.4,0.8187
18944.9,4639.2,19517.7,5117.1,0.8186
34209.7,34562.3,34557.9,35014.1,0.8185
2334.2,36214.8,2864.3,36800.0,0.8184
31744.4,12717.6,32319.6,13120.0,0.8184
5832.3,22724.5,6396.5,23123.7,0.8183
30960.6,10244.4,31359.1,10504.1,0.8183
36588.5,17280.0,37110.3,17790.4,0.8182
1725.3,5761.2,2240.0,6080.0,0.8181
23384.8,6105.3,24000.0,6400.0,0.8180
10915.0,4387.4,11519.2,4800.0,0.8179
34246.7,14720.0,34880.0,15231.1,0.8177
16904.5,1065.9,17137.8,1278.4,0.8177
32350.0,13595.3,32959.1,14079.4,0.8177
24404.0,32643.6,24955.2,33149.4,0.8174
34575.9,32000.8,35196.8,32392.1,0.8174
12800.0,3172.5,12936.4,3292.1,0.8169
35843.4,18844.4,36146.4,19200.0,0.8169
29337.7,9223.1,29439.8,9600.0,0.8168
6080.0,3828.1,6718.0,4117.8,0.8167
27524.3,9480.1,28158.9,9920.0,0.8167
26958.3,7834.0,27517.2,8316.3,0.8166
24965.5,8001.4,25597.7,8433.7,0.8166
38094.1,2247.8,38650.3,2777.9,0.8166
35272.2,5461.6,35840.0,5760.0,0.8166
32532.0,1600.0,32640.0,1989.6,0.8166
30131.5,21768.6,30714.3,22168.2,0.8164
24836.1,2134.9,24960.0,2560.0,0.8161
38128.2,24388.6,38397.8,24960.0,0.8160
12163.6,4026.5,12797.1,4262.2,0.8159
37494.0,14916.3,38079.7,15360.0,0.8158
37928.6,20559.6,38400.0,21120.0,0.8157
30744.9,9934.5,31039.6,10385.9,0.8155
9600.0,3923.5,10236.9,4159.7,0.8155
24067.5,8129.5,24637.7,8640.0,0.8153
12689.5,1281.7,12783.6,1404.3,0.8151
36806.6,29880.4,37392.7,30400.0,0.8146
26624.9,30400.0,27198.0,30870.9,0.8145
19422.1,1490.8,19840.0,1920.0,0.8144
37760.0,20044.8,37919.1,20480.0,0.8141
13627.0,2244.2,14077.3,2475.3,0.8140
34971.8,33133.8,35515.2,33600.0,0.8140
25343.3,5222.3,25597.2,5439.2,0.8136
35277.3,22407.0,35836.2,22787.2,0.8133
36597.3,14740.2,37120.0,15038.7,0.8133
19293.9,6603.6,19837.8,7040.0,0.8132
30145.8,34560.2,30703.7,35053.2,0.8132
26806.8,4160.0,26880.0,4579.8,0.8131
1921.1,685.7,2558.6,960.0,0.8130
10976.4,5443.9,11200.0,5957.4,0.8128
32464.8,21051.8,32956.8,21440.0,0.8127
24722.9,6511.7,25275.3,7040.0,0.8125
26654.8,12407.3,27194.5,12800.0,0.8125
160.2,1311.5,640.0,1756.1,0.8125
1621.2,22603.5,2237.1,23039.3,0.8121
24150.1,2617.4,24319.8,2878.5,0.8119
3936.3,5034.1,4476.6,5440.0,0.8118
1493.8,3935.7,1600.0,4478.7,0.8118
31191.8,22504.5,31659.5,23040.0,0.8117
34405.9,17281.3,34625.9,17380.1,0.8116
19880.6,3539.3,20479.1,3907.9,0.8116
11522.3,3700.2,12157.7,4133.4,0.8113
27948.1,4674.7,28474.8,5120.0,0.8113
19103.5,6653.3,19200.0,7040.0,0.8113
23487.3,5660.4,23998.1,6080.0,0.8111
38084.8,10636.3,38652.2,11200.0,0.8110
10565.3,1284.3,10636.8,1602.4,0.8109
8687.6,27088.8,9276.8,27520.0,0.8108
33044.6,11525.9,33596.9,12058.0,0.8106
25604.7,8001.2,26232.9,8288.9,0.8105
33920.6,1610.5,34555.6,1917.2,0.8105
34585.8,7.8,35196.0,300.9,0.8105
31373.7,320.0,31680.0,821.8,0.8103
31368.3,4027.2,31677.1,4479.0,0.8102
34593.4,8468.1,35198.6,8956.3,0.8100
1253.0,6849.1,1600.0,7360.0,0.8099
31817.6,2451.0,32315.1,2879.8,0.8098
27595.8,29289.0,28154.7,29758.9,0.8097
37137.8,1213.4,37750.3,1600.0,0.8096
7923.5,985.1,8320.0,1106.0,0.8095
8720.9,3947.3,9276.6,4478.7,0.8092
28059.5,2695.0,28160.0,3196.6,0.8088
37511.7,1750.6,37757.6,1918.6,0.8086
34661.1,30600.0,35190.5,31040.0,0.8084
6740.5,1600.8,7359.0,1906.0,0.8084
22842.0,7223.2,23039.6,7663.1,0.8082
35570.6,28072.3,36156.0,28480.0,0.8080
21669.8,647.0,21760.0,1108.2,0.8079
28994.2,15040.0,29437.7,15235.0,0.8078
32661.0,36458.1,33277.6,36864.0,0.8077
648.0,4481.8,1072.0,4871.7,0.8077
32976.2,12331.2,33599.3,12795.2,0.8077
1888.1,8991.3,2240.0,9280.0,0.8075
31731.6,4388.8,31816.3,4800.0,0.8073
34306.1,7369.0,34423.1,7848.0,0.8069
28881.7,7601.9,29435.6,8000.0,0.8069
22782.8,1924.7,23359.5,2269.5,0.8068
10881.3,3365.0,10981.1,3479.9,0.8067
13229.2,6080.0,13754.5,6594.0,0.8066
23728.3,9825.4,24314.3,10237.4,0.8065
34010.3,22516.3,34541.4,23040.0,0.8065
13440.0,4122.0,14076.4,4480.0,0.8061
6603.7,34849.1,7039.6,35199.9,0.8059
32604.5,16421.0,32959.6,16638.2,0.8058
33799.7,13121.1,34240.0,13623.9,0.8058
641.3,5442.7,735.4,5615.9,0.8055
6631.4,644.8,6720.0,1026.0,0.8055
9054.6,323.8,9600.0,644.0,0.8054
26362.5,3200.0,26560.0,3268.9,0.8054
8406.7,3414.1,8639.2,3520.0,0.8053
27561.5,29440.0,28155.4,29910.3,0.8048
16684.1,4563.1,17277.3,5119.9,0.8048
11065.2,2664.7,11153.3,2880.0,0.8044
22018.6,1436.7,22086.8,1643.4,0.8042
33670.3,30556.0,34237.0,31033.1,0.8038
37825.1,25603.2,38080.0,26214.3,0.8037
31044.1,19697.4,31577.3,20158.1,0.8036
21760.0,7036.4,22397.0,7360.0,0.8035
3523.2,2562.8,4156.8,2710.3,0.8035
5549.7,33940.8,6076.2,34240.0,0.8034
31818.0,4382.1,31934.1,4794.3,0.8034
25672.3,10896.9,26236.6,11193.4,0.8033
35665.3,2112.9,35840.0,2560.0,0.8032
29542.9,34974.2,30076.8,35517.9,0.8032
38180.6,34246.8,38621.8,34617.7,0.8030
35006.5,36357.6,35520.0,36859.0,0.8030
36202.8,8154.1,36796.7,8635.0,0.8026
700.8,2279.1,960.0,2880.0,0.8025
33436.1,5445.3,33504.9,5760.0,0.8024
14755.5,1488.8,15358.5,1920.0,0.8022
28172.9,4675.9,28794.1,5117.1,0.8021
17629.8,1506.9,18240.0,1920.0,0.8019
2969.3,20302.3,3516.5,20800.0,0.8019
38172.1,1809.9,38292.0,2237.2,0.8015
968.7,5474.1,1510.1,5967.8,0.8014
33098.4,19532.5,33592.7,19825.3,0.8011
11203.9,4226.4,11839.2,4480.0,0.8010
37520.7,26880.0,38077.4,27367.8,0.8004
36280.3,5971.6,36379.7,6400.0,0.8004
27942.6,1658.3,28476.3,2240.0,0.8004
19200.0,131.5,19314.1,638.7,0.8003
17107.6,3723.6,17596.7,4159.6,0.8003
31078.8,8000.0,31677.7,8204.4,0.8002
9998.7,34880.2,10553.4,35303.5,0.8002
28575.0,20640.6,29116.4,21118.5,0.8002
13942.3,0.7,14080.0,248.4,0.8001
29174.4,11622.2,29758.3,12157.6,0.8000
30414.3,22036.4,31033.9,22400.0,0.7999
37130.0,8233.6,37274.4,8640.0,0.7998
293.7,4708.8,380.7,5105.2,0.7995
33206.1,32640.6,33600.0,33089.7,0.7995
26127.3,2503.6,26240.0,2880.0,0.7994
30533.3,5128.6,31032.7,5572.5,0.7993
12894.1,1189.8,12958.2,1484.7,0.7989
35349.1,540.1,35840.0,955.3,0.7989
38077.6,18584.0,38653.0,18880.0,0.7986
7084.4,21741.7,7676.5,22080.0,0.7984
37375.7,13336.5,37438.8,13760.0,0.7984
17371.8,9201.8,17599.0,9600.0,0.7983
37476.2,16640.0,38080.0,16866.8,0.7982
30753.9,19686.5,31357.8,20160.0,0.7981
23484.6,5760.0,23679.5,6363.5,0.7980
5849.1,21599.6,6396.0,22080.0,0.7979
4876.5,1.8,5435.9,244.2,0.7979
38165.7,16653.1,38652.1,17034.0,0.7978
29249.8,10986.6,29375.0,11516.6,0.7978
4199.7,1496.1,4797.0,1920.0,0.7975
32691.5,10245.0,33274.9,10719.6,0.7974
22483.5,3227.9,23037.3,3681.2,0.7974
28228.4,5763.8,28479.6,6048.0,0.7973
22595.9,3969.1,23039.7,4480.0,0.7972
30627.7,7816.2,31038.4,8319.1,0.7971
3429.2,1281.0,3519.5,1573.4,0.7971
33972.8,34247.2,34556.5,34769.6,0.7971
36563.9,18167.5,37118.1,18560.0,0.7971
15184.8,1921.5,15679.1,2560.0,0.7970
33938.7,4869.1,34555.2,5120.0,0.7970
35794.3,16859.8,35905.8,17278.2,0.7968
34596.9,35419.8,34880.0,35520.0,0.7967
1600.0,1247.7,1660.7,1600.0,0.7967
34714.5,9494.3,35197.3,9920.0,0.7965
5440.0,3791.3,6078.9,4149.1,0.7965
34013.0,26560.9,34240.0,26878.3,0.7964
8960.0,0.0,9599.5,321.1,0.7963
1281.8,2789.5,1917.4,3200.0,0.7962
13120.0,1630.3,13539.9,1732.1,0.7962
32976.5,2883.8,33599.9,3191.5,0.7961
30402.3,16652.6,30719.9,17122.6,0.7960
36998.9,1201.5,37118.2,1600.0,0.7958
35847.3,21695.9,36477.8,22080.0,0.7957
4566.5,22891.9,5116.2,23360.0,0.7956
2039.0,16831.5,2556.3,17280.0,0.7954
35093.2,3456.0,35519.9,3840.0,0.7950
34288.8,2203.4,34877.6,2560.0,0.7948
37711.7,30400.9,38079.7,30822.0,0.7946
4553.9,7588.2,5114.5,8000.0,0.7945
28247.4,23501.6,28782.2,23999.1,0.7944
6414.3,34039.6,7032.8,34556.7,0.7943
35135.0,16963.8,35519.2,17449.6,0.7941
34330.3,22087.0,34874.2,22582.1,0.7940
3209.8,7040.0,3836.8,7482.8,0.7939
33052.7,14269.7,33598.3,14709.5,0.7937
15502.9,2887.2,16000.0,3348.2,0.7936
12254.1,1775.7,12317.1,2235.4,0.7934
37761.7,21122.5,37921.5,21298.5,0.7933
13352.9,2731.9,13440.0,2849.1,0.7932
960.0,374.4,1600.0,640.0,0.7931
32643.2,3496.6,33275.3,3840.0,0.7930
28269.4,8000.0,28795.4,8462.2,0.7930
37169.8,1477.5,37760.0,1920.0,0.7930
14747.7,7659.7,15355.0,7998.2,0.7929
37441.6,31361.0,37547.3,31541.2,0.7929
32332.0,637.3,32960.0,960.0,0.7928
14840.4,3200.0,15356.2,3666.8,0.7927
25669.2,11003.8,26237.5,11520.0,0.7924
8874.6,36414.0,8960.0,36799.1,0.7924
35987.0,26898.3,36477.1,27199.7,0.7924
27700.4,31.6,27840.0,631.9,0.7924
38038.7,23606.8,38653.2,24000.0,0.7923
36868.7,15859.3,37116.8,15999.1,0.7922
13212.8,458.7,13310.4,639.8,0.7921
34413.1,17839.6,34877.1,18240.0,0.7921
24070.3,7615.1,24635.0,7998.2,0.7920
4807.4,36020.6,5440.0,36463.8,0.7918
32323.1,8970.0,32418.4,9497.0,0.7917
10417.2,5440.0,10874.5,5724.5,0.7916
28217.4,8225.9,28480.0,8634.8,0.7915
11233.4,1.5,11840.0,109.8,0.7915
12932.4,5624.5,13439.1,6080.0,0.7913
29440.0,9283.5,29570.6,9803.2,0.7913
27881.3,12513.0,28477.2,12819.3,0.7913
32425.5,31637.5,32960.0,32000.0,0.7912
10241.4,4110.3,10877.0,4468.9,0.7912
13771.7,3742.0,14396.5,4156.9,0.7912
33096.3,34242.6,33280.0,34827.2,0.7911
36219.2,32182.0,36794.7,32638.1,0.7910
32403.5,31800.5,32956.8,32320.0,0.7910
32798.0,12980.9,33280.0,13438.9,0.7909
7764.1,34612.3,8318.8,35001.7,0.7909
5325.0,3410.5,5439.9,3520.0,0.7908
22464.7,8763.2,23039.7,9280.0,0.7908
15423.6,7937.2,15997.5,8319.0,0.7902
30474.4,7251.9,31033.8,7680.0,0.7901
1597.5,4803.3,1920.0,5342.5,0.7900
19845.2,8467.6,20404.7,8960.0,0.7899
35846.9,16102.4,36063.6,16640.0,0.7895
19607.3,9064.8,20155.3,9598.1,0.7894
22786.1,320.6,23356.4,908.7,0.7894
12353.9,5447.7,12800.0,5984.6,0.7893
36178.6,10771.0,36476.6,11200.0,0.7893
37217.7,2240.2,37437.5,2427.0,0.7893
10894.4,4160.0,11518.8,4230.9,0.7890
29441.7,9600.0,29536.1,9993.5,0.7889
32101.2,6954.2,32640.0,7360.0,0.7889
10119.4,79.3,10239.2,482.8,0.7889
18432.4,285.3,18875.2,640.0,0.7888
13767.9,4160.0,14398.2,4321.7,0.7886
21546.0,8961.2,22075.7,9363.1,0.7886
33696.2,22080.0,34239.1,22499.2,0.7885
20819.1,1582.9,21314.8,1920.0,0.7883
34949.7,22639.2,35509.3,23038.8,0.7882
30080.0,3871.6,30205.8,4145.9,0.7881
26333.1,7894.8,26878.7,8312.8,0.7880
28802.6,20360.1,29306.3,20800.0,0.7879
34951.0,20567.8,35520.0,21119.1,0.7878
22404.6,7004.7,23007.9,7360.0,0.7877
38016.0,11394.6,38433.0,11840.0,0.7876
20480.0,5441.3,20563.8,5562.6,0.7874
32999.3,5440.7,33279.0,5565.3,0.7874
36174.4,16039.0,36480.0,16640.0,0.7873
31543.2,19316.4,31648.3,19513.0,0.7872
27035.8,8963.5,27494.1,9358.8,0.7869
7360.0,3457.7,8000.0,3834.1,0.7869
1923.0,2776.2,2557.7,3101.1,0.7869
37702.5,455.1,37760.0,942.2,0.7868
32761.2,11520.0,32960.0,12133.8,0.7864
30494.0,18240.9,30719.4,18368.6,0.7864
2563.6,5025.3,3196.7,5440.0,0.7864
4801.0,26685.6,4906.6,26876.0,0.7863
33145.9,17822.9,33582.5,18240.0,0.7862
34595.8,17310.8,35197.8,17919.7,0.7861
33156.6,10855.9,33600.0,11200.0,0.7860
29256.9,11201.7,29362.2,11463.4,0.7860
4913.1,20320.5,5438.0,20796.8,0.7856
38053.2,18730.0,38654.0,19051.7,0.7855
30649.3,11806.4,30720.0,12159.4,0.7855
33167.6,8640.0,33279.4,8733.3,0.7855
4258.6,823.9,4371.8,960.0,0.7854
32318.5,6720.0,32638.3,7352.7,0.7854
36162.8,20162.2,36502.5,20306.4,0.7852
18614.3,5122.2,19197.7,5500.9,0.7852
21228.1,5221.5,21439.9,5751.0,0.7851
32854.3,7363.6,33280.0,7867.8,0.7850
551.9,1046.0,640.0,1574.4,0.7848
31680.0,12480.0,31823.0,12788.3,0.7848
33225.9,29356.2,33588.3,29760.0,0.7845
25920.0,21441.4,26556.8,21809.8,0.7844
4555.1,2411.5,5117.1,2877.8,0.7843
33604.9,35201.2,33953.7,35380.2,0.7842
26982.7,12083.9,27515.5,12480.0,0.7842
37138.3,36171.3,37746.9,36517.6,0.7840
34795.2,16849.9,34880.0,17275.6,0.7840
34447.0,19658.8,34560.0,20155.8,0.7838
32428.1,16872.4,32954.0,17280.0,0.7837
33606.4,26881.4,34234.9,27296.7,0.7837
7467.5,5623.0,7994.7,6080.0,0.7834
36322.3,32960.0,36794.8,33540.1,0.7833
27866.0,1280.0,28159.3,1730.7,0.7832
35009.1,9809.1,35518.5,10235.8,0.7832
5760.7,531.7,6399.4,960.0,0.7830
37522.1,27944.1,38076.5,28475.3,0.7826
30080.0,4378.1,30325.7,4480.0,0.7826
31621.6,13606.4,32000.0,14080.0,0.7825
28566.7,13533.0,29117.1,13894.3,0.7822
33050.1,2335.5,33599.0,2880.0,0.7821
21120.0,4.3,21755.8,392.4,0.7821
7725.3,22750.7,8317.3,23171.8,0.7819
20256.8,9065.0,20787.1,9600.0,0.7819
29525.3,14281.1,30074.2,14720.0,0.7817
27835.7,8786.4,28152.9,9278.7,0.7814
37912.0,1280.0,38399.0,1869.8,0.7814
7071.5,20820.1,7680.0,21183.7,0.7808
30723.8,3840.0,31357.8,4024.0,0.7808
25298.0,24562.8,25915.4,24960.0,0.7806
33341.8,19008.3,33919.6,19520.0,0.7803
32049.0,12808.0,32235.6,12973.3,0.7802
27137.6,2236.2,27199.9,2560.0,0.7800
34880.7,6405.6,35092.7,6964.5,0.7797
20082.5,4586.3,20159.9,4798.0,0.7795
28160.0,3858.2,28798.7,4276.4,0.7795
3201.7,2882.8,3840.0,3012.0,0.7794
21167.2,7881.3,21760.0,8320.0,0.7792
37767.1,10501.2,38395.1,10880.0,0.7792
37235.4,3024.3,37758.6,3514.2,0.7791
2765.0,1102.1,2865.9,1600.0,0.7790
21024.5,900.2,21440.0,1280.0,0.7789
37751.5,8640.7,38080.0,8779.1,0.7789
29089.7,10241.9,29440.0,10753.1,0.7787
31434.0,35814.3,31997.7,36160.0,0.7783
1658.7,6331.2,1757.1,6720.0,0.7780
27527.8,4696.6,28160.0,5120.0,0.7780
4162.4,2188.2,4797.0,2560.0,0.7779
3292.6,20059.3,3834.7,20480.0,0.7776
35062.6,36311.2,35200.0,36792.7,0.7774
37619.6,8227.9,37760.0,8640.0,0.7772
13818.1,35840.1,14395.0,36304.3,0.7772
36174.2,36360.7,36796.0,36799.8,0.7771
27881.6,10115.8,28480.0,10560.0,0.7771
5461.6,22424.3,6078.5,22720.0,0.7771
1378.6,7361.1,1916.3,7812.9,0.7771
30661.2,648.5,31040.0,908.9,0.7769
35907.5,6638.7,36134.3,7040.0,0.7769
11264.3,36160.0,11834.2,36586.6,0.7768
15360.0,2248.4,15459.6,2752.7,0.7765
26.7,17196.2,633.3,17594.3,0.7764
31766.0,5440.0,32320.0,5980.4,0.7763
9940.1,3840.0,10556.9,4026.9,0.7763
15740.6,546.5,16314.5,960.0,0.7762
34563.5,12702.7,35039.2,13119.6,0.7760
33975.5,26084.7,34555.0,26559.8,0.7759
19491.1,3848.5,19770.0,4303.1,0.7758
32065.7,32320.6,32320.0,32457.4,0.7754
5160.5,35117.9,5760.0,35516.0,0.7754
2886.4,4829.1,3519.5,5117.3,0.7749
25948.9,6747.5,26240.0,7344.3,0.7744
33713.7,11840.0,33919.7,12448.5,0.7743
21441.0,6082.7,21540.7,6258.1,0.7740
11012.7,25610.8,11520.0,26116.8,0.7739
22177.7,5123.8,22399.1,5494.7,0.7739
38225.3,19767.0,38400.0,19904.1,0.7736
34242.2,13960.2,34874.7,14400.0,0.7734
31827.0,10623.6,32000.0,11191.7,0.7732
36590.1,34560.8,36799.8,34684.8,0.7730
23680.0,2241.9,23802.6,2758.1,0.7727
37120.0,18426.5,37342.0,18560.0,0.7727
28382.6,8322.3,28799.6,8830.4,0.7727
37274.5,31044.2,37757.5,31525.6,0.7725
6406.9,36010.3,7038.0,36476.8,0.7723
27632.2,1354.9,27840.0,1910.9,0.7723
10566.6,25866.9,11200.0,26240.0,0.7722
9688.6,1865.2,9753.5,2240.0,0.7721
37980.6,11624.7,38079.2,12060.6,0.7719
26.1,7291.8,638.4,7680.0,0.7719
36581.1,11840.0,37116.4,12473.9,0.7717
4163.1,6681.8,4798.3,7040.0,0.7715
29648.3,796.6,30078.6,1277.7,0.7712
30299.2,5120.0,30398.7,5297.1,0.7711
36716.8,4399.8,36800.0,4800.0,0.7708
36939.5,11298.4,37433.9,11840.0,0.7708
20725.4,642.8,20799.9,1132.4,0.7708
34603.2,20213.7,34879.9,20348.3,0.7707
12536.9,7624.9,13114.8,8000.0,0.7705
9922.3,36129.6,10558.4,36480.0,0.7704
5133.1,22029.2,5756.3,22400.0,0.7702
29816.9,6890.6,30397.1,7358.1,0.7701
37121.2,16000.0,37760.0,16218.3,0.7700
29702.3,4480.5,29760.0,4569.3,0.7698
32964.2,2563.1,33600.0,2933.2,0.7698
20580.2,2222.2,21120.0,2560.0,0.7697
10143.3,35541.7,10531.1,35840.0,0.7697
37126.0,19288.4,37415.0,19520.0,0.7697
37559.7,7798.5,38072.2,8320.0,0.7696
35609.9,6959.9,35704.6,7337.1,0.7693
30928.2,4800.4,31037.8,5268.1,0.7692
32379.1,4079.9,32510.9,4477.7,0.7691
18632.1,1281.0,19191.4,1567.5,0.7689
33600.6,4160.0,33918.3,4334.1,0.7689
32445.3,6638.5,32956.4,7040.0,0.7688
28280.8,14009.1,28479.2,14400.0,0.7686
4581.7,2715.7,5115.0,3193.5,0.7684
36573.4,10121.2,37119.1,10555.1,0.7683
16440.0,2465.9,16958.9,2880.0,0.7682
31137.0,17325.5,31677.8,17917.0,0.7680
25755.5,1962.1,26113.3,2240.0,0.7679
29164.1,3216.2,29756.9,3667.3,0.7676
2245.8,320.0,2878.9,395.6,0.7675
13952.8,6068.9,14080.0,6400.0,0.7668
18315.8,4036.6,18877.3,4480.0,0.7666
9859.9,1301.4,9920.0,1772.8,0.7666
27587.4,9094.9,28150.5,9596.4,0.7664
32364.3,2470.1,32958.9,2878.5,0.7664
27520.0,2459.1,28008.5,2879.8,0.7663
38018.2,18484.9,38080.0,18879.7,0.7660
36198.2,34497.8,36799.0,34877.8,0.7659
10241.2,2909.7,10458.1,3197.8,0.7659
2560.0,2903.9,3192.4,3199.6,0.7658
30896.4,32320.7,31360.0,32760.6,0.7658
1600.0,2874.4,2237.3,3187.7,0.7657
35595.2,18474.1,35840.0,18879.8,0.7655
28858.1,4160.0,29440.0,4668.7,0.7655
31768.2,10472.0,31999.3,10873.5,0.7655
18561.9,642.6,19195.7,749.2,0.7655
13872.6,2765.3,14399.6,2833.0,0.7654
38073.7,31360.0,38653.3,31833.9,0.7654
30102.7,12361.2,30716.9,12800.0,0.7652
35609.1,12016.3,36158.4,12476.5,0.7651
36486.6,16984.9,37118.3,17280.0,0.7648
16951.6,7680.0,17276.9,8254.9,0.7647
30225.4,3780.4,30719.9,3946.7,0.7644
32645.5,6559.3,33276.8,7035.6,0.7644
32074.7,19109.4,32640.0,19520.0,0.7644
10897.6,4074.8,11516.1,4224.3,0.7643
28481.5,6325.0,28571.9,6398.2,0.7642
33017.0,18220.0,33280.0,18560.0,0.7641
16845.8,988.6,16959.5,1402.3,0.7639
12987.5,2251.5,13044.9,2699.8,0.7639
9886.4,3204.3,9961.6,3536.0,0.7638
33780.3,4043.7,33862.7,4222.3,0.7633
31441.5,7360.1,31999.0,7863.2,0.7631
38150.8,24333.6,38656.0,24956.8,0.7629
8002.4,1743.4,8640.0,2055.4,0.7628
6402.6,2247.9,7038.8,2559.4,0.7626
1280.0,344.0,1917.6,640.0,0.7625
33073.1,16796.0,33279.8,17271.0,0.7625
37859.8,35325.9,38399.1,35840.0,0.7623
36219.4,26444.4,36797.4,26875.3,0.7622
26664.2,844.4,26880.0,1280.0,0.7621
1326.5,3742.8,1405.2,4160.0,0.7617
29762.0,22029.3,30397.7,22400.0,0.7616
31368.0,2121.6,31995.5,2560.0,0.7615
19284.9,7447.5,19834.9,8000.0,0.7612
31984.7,19455.2,32320.0,19839.7,0.7611
27228.8,13085.7,27835.6,13440.0,0.7611
33063.7,11523.6,33278.8,12029.7,0.7610
13379.7,3522.0,13486.3,3634.2,0.7610
36955.7,18560.1,37439.2,19037.6,0.7609
21154.7,9177.8,21756.9,9600.0,0.7608
38138.7,12605.2,38655.3,13120.0,0.7607
31041.7,8964.1,31191.7,9283.1,0.7604
33010.5,9469.9,33598.0,9916.4,0.7603
37857.2,2087.9,38399.1,2555.6,0.7602
25950.6,2789.8,26557.4,3199.6,0.7599
32640.0,5975.3,33265.7,6399.8,0.7592
26251.2,17841.9,26880.0,18237.8,0.7591
36959.9,3844.6,37440.0,4339.2,0.7589
15079.1,7040.4,15676.5,7582.1,0.7586
13791.5,1540.7,13847.9,1843.1,0.7585
1051.7,9086.7,1595.1,9596.6,0.7585
37635.6,9284.1,38080.0,9660.1,0.7584
32008.8,8535.8,32640.0,8952.9,0.7583
15189.9,664.7,15359.6,1084.9,0.7579
36557.9,28164.4,37118.2,28727.0,0.7576
22074.6,1325.1,22398.1,1600.0,0.7576
19997.9,5600.8,20160.0,6065.7,0.7575
32713.0,10799.6,32826.1,11200.0,0.7573
1613.6,19854.4,2236.6,20288.1,0.7572
12160.0,3305.8,12232.8,3496.9,0.7571
23382.8,9198.7,23998.8,9600.0,0.7571
36805.3,28814.7,37439.3,29120.0,0.7568
17183.7,4228.8,17280.0,4480.0,0.7566
21364.2,4163.3,21512.5,4348.9,0.7566
35526.2,31570.9,36157.2,32000.0,0.7565
21820.9,4610.8,22394.1,5113.6,0.7565
9280.0,2426.4,9377.9,2875.5,0.7562
26879.8,2468.2,27139.8,2558.8,0.7560
37184.8,5457.7,37759.7,6003.3,0.7555
35458.8,1713.9,35519.8,1918.2,0.7555
1686.4,5120.2,1919.2,5280.3,0.7554
36495.3,33122.7,37117.3,33597.8,0.7554
38515.2,1654.9,38628.3,1920.0,0.7554
4311.9,7719.8,4788.3,8000.0,0.7553
33438.0,7365.4,33918.6,7877.6,0.7553
34883.7,9208.5,35517.4,9600.0,0.7553
35332.1,34435.9,35829.9,34880.0,0.7553
28579.9,5872.3,29117.4,6397.3,0.7552
34880.5,35200.0,35113.6,35385.3,0.7551
37900.5,8727.9,38396.9,8960.0,0.7550
33938.2,12017.9,34555.7,12479.6,0.7548
23693.7,2715.2,23997.6,2879.4,0.7546
12428.4,2602.1,12800.0,2880.0,0.7545
35200.0,1280.0,35300.5,1583.1,0.7545
35053.6,12166.9,35512.2,12622.5,0.7544
29591.0,10335.9,30080.0,10880.0,0.7544
17152.0,4484.6,17280.0,4710.2,0.7543
37896.2,13100.8,38399.5,13440.0,0.7543
24140.1,7362.7,24319.6,7604.5,0.7541
35333.7,8241.1,35823.2,8640.0,0.7538
37879.4,13687.6,38400.0,14080.0,0.7537
34297.4,7956.6,34397.3,8320.0,0.7534
29482.2,10560.0,29759.0,11195.6,0.7534
37026.5,414.6,37120.1,949.1,0.7533
25044.9,7045.7,25596.3,7573.3,0.7529
28815.3,20829.6,29437.2,21120.0,0.7529
38151.7,21316.6,38306.9,21760.0,0.7527
13831.0,6082.0,14400.0,6546.3,0.7527
11202.6,1117.5,11349.0,1280.0,0.7527
32640.0,14705.6,33276.6,15039.3,0.7526
30647.9,9282.5,30728.7,9515.6,0.7525
35454.8,27386.2,35835.7,27840.0,0.7524
17533.3,4480.0,17920.0,5103.3,0.7523
28947.7,7781.1,29436.2,8319.2,0.7520
29837.0,8516.1,30397.1,8960.0,0.7519
36282.9,2179.3,36415.6,2557.8,0.7518
25914.6,2033.8,26239.8,2238.2,0.7518
21807.1,8983.9,22395.3,9416.0,0.7517
27200.8,3730.8,27839.3,4148.0,0.7514
29138.5,5978.2,29760.0,6400.0,0.7514
7051.9,3505.6,7677.7,3771.1,0.7514
23063.0,7690.4,23677.9,8000.0,0.7510
33019.8,8203.4,33597.6,8636.5,0.7508
36427.7,19100.2,36503.1,19200.0,0.7507
34880.0,21047.4,35518.5,21440.0,0.7506
33369.4,28329.3,33912.6,28800.0,0.7506
7195.2,293.3,7360.0,623.5,0.7506
27791.8,7682.9,28160.0,8154.6,0.7502
32320.0,32715.7,32958.1,32960.0,0.7499
5125.1,3956.6,5760.0,4287.5,0.7489
33508.9,5462.1,33599.0,5760.0,0.7489
37836.5,14279.7,38395.5,14719.6,0.7488
30942.4,4160.0,31016.3,4451.2,0.7487
36516.7,7563.2,36792.4,8000.0,0.7486
17408.8,4379.5,17600.0,4800.0,0.7485
33600.0,1629.8,34221.9,2025.7,0.7485
37608.7,13779.0,38072.4,14080.0,0.7479
31766.7,6870.2,32320.0,7359.5,0.7478
32713.6,17963.6,33278.5,18476.6,0.7475
6432.4,36224.0,7035.2,36758.0,0.7473
27947.5,7683.2,28480.0,8213.9,0.7472
35235.7,24979.0,35838.9,25279.7,0.7472
37220.4,9744.3,37760.0,10238.3,0.7471
33546.7,33600.3,33920.0,34066.5,0.7470
22739.7,4337.0,23359.7,4795.7,0.7470
30746.0,15918.3,31357.4,16320.0,0.7470
35446.3,19105.9,35520.0,19518.2,0.7470
543.5,5765.0,960.0,6278.7,0.7469
28160.0,4800.5,28281.6,4892.6,0.7468
11842.7,4991.3,12017.8,5439.9,0.7467
3200.0,1600.0,3839.9,1830.2,0.7464
25280.1,2837.6,25401.6,2879.8,0.7463
7682.4,1029.1,7945.9,1158.7,0.7463
36444.7,29760.0,36784.7,30173.2,0.7461
29963.1,5446.7,30400.0,5963.6,0.7460
27296.2,9280.0,27520.0,9920.0,0.7455
36264.7,3116.3,36796.6,3520.0,0.7449
30720.4,19247.1,30904.5,19527.4,0.7448
37367.6,3315.5,37439.9,3840.0,0.7445
18427.6,112.2,18876.1,452.7,0.7443
35957.2,21041.9,36477.6,21440.0,0.7438
30722.6,1314.6,31359.4,1600.0,0.7438
35512.7,10250.1,35840.0,10554.0,0.7438
24495.2,7369.3,24956.2,7837.8,0.7438
26625.1,6724.2,26866.5,7347.5,0.7435
32961.4,28024.2,33597.0,28463.7,0.7433
30303.7,9542.1,30399.2,9911.7,0.7431
25658.1,8784.3,26236.2,9280.0,0.7430
26911.8,20089.8,27515.1,20480.0,0.7429
36591.9,2241.5,36884.7,2360.1,0.7428
33929.1,5120.0,34240.0,5554.1,0.7425
32320.0,9280.8,32388.0,9473.5,0.7423
3205.6,2474.4,3837.7,2875.4,0.7422
34565.6,1861.2,35070.8,2224.7,0.7422
32647.3,11520.0,33035.2,12155.1,0.7420
33693.0,2949.3,34237.8,3200.0,0.7419
33054.6,30560.0,33595.3,31036.0,0.7418
35218.9,35527.6,35837.9,35981.9,0.7416
17372.3,4161.5,17598.5,4470.6,0.7412
12803.9,6495.2,13325.4,7040.0,0.7411
23113.0,645.9,23293.7,902.5,0.7411
37464.4,31924.8,38078.7,32320.0,0.7410
27845.2,336.1,28443.5,640.0,0.7409
13143.5,25867.1,13755.1,26240.0,0.7407
27476.1,2240.4,27840.0,2824.3,0.7406
38017.8,4480.0,38355.9,4764.4,0.7405
35071.5,1286.4,35199.9,1841.1,0.7405
32577.2,5167.0,32955.1,5440.0,0.7405
6.8,379.9,640.0,638.2,0.7404
28315.3,148.2,28796.7,640.0,0.7404
23588.1,5967.9,23678.1,6397.2,0.7403
37341.8,8332.7,37439.8,8823.0,0.7402
33653.4,34560.9,34235.4,35023.4,0.7402
2880.0,2289.8,3517.2,2560.0,0.7399
33381.7,17605.8,33599.2,18207.0,0.7398
29497.4,14558.0,30058.9,15038.4,0.7396
5760.7,3495.2,6397.6,3815.3,0.7396
32000.0,6650.8,32336.4,7040.0,0.7395
29913.3,4384.3,30078.2,4479.3,0.7392
19475.9,3733.4,19839.1,4156.9,0.7390
3520.0,989.1,3594.5,1537.4,0.7390
8320.0,3896.1,8958.8,4158.4,0.7389
33280.0,11840.0,33787.7,12273.3,0.7389
32200.4,7782.5,32320.0,8320.0,0.7387
7658.2,34416.9,7999.6,34878.5,0.7386
24971.9,31040.0,25597.3,31493.0,0.7384
34574.9,21220.8,35193.4,21521.7,0.7384
24923.9,6725.0,25280.0,7188.3,0.7383
6081.1,34525.5,6225.7,34692.5,0.7382
33013.6,14938.1,33280.0,15360.0,0.7382
24465.8,3243.5,24640.0,3734.6,0.7380
10675.5,35743.5,11194.8,36158.2,0.7379
35898.9,17747.4,36477.9,18235.5,0.7377
6110.2,21712.8,6717.5,22080.0,0.7374
33766.5,130.1,34240.0,637.4,0.7373
20253.4,567.3,20479.9,638.6,0.7373
33150.3,36455.7,33595.3,36864.0,0.7372
18443.8,356.8,18559.4,731.2,0.7370
29266.0,20480.4,29746.6,20916.4,0.7370
29505.3,7041.5,29759.9,7212.3,0.7370
3523.8,1283.5,3619.5,1525.7,0.7369
30080.2,22038.3,30716.5,22400.0,0.7369
36623.3,1924.3,36799.7,2240.6,0.7369
23361.1,1284.5,23694.6,1404.2,0.7368
14790.8,3798.2,15354.8,4156.2,0.7368
26306.0,7176.7,26876.4,7676.8,0.7366
1671.1,21976.1,2234.4,22400.0,0.7366
31103.5,1867.7,31667.7,2240.0,0.7366
24682.1,2472.1,25278.7,2880.0,0.7364
36727.1,4960.8,36823.5,5251.1,0.7363
23228.0,3768.0,23680.0,4160.0,0.7362
26670.8,10756.4,27192.8,11197.3,0.7362
10880.0,4191.5,11514.4,4480.0,0.7362
14502.0,551.6,15030.1,960.0,0.7361
32001.4,16238.1,32286.8,16455.4,0.7358
29641.2,12392.5,30080.0,12799.7,0.7356
38108.7,35307.5,38650.7,35837.8,0.7355
16332.2,3521.5,16958.6,3908.6,0.7353
30090.6,35520.0,30716.5,35942.1,0.7351
36480.3,36368.1,36592.1,36479.9,0.7348
28162.1,334.3,28337.5,639.7,0.7347
10644.8,28468.0,11199.1,28800.0,0.7342
4845.4,33921.4,5437.1,34338.0,0.7342
34568.6,12358.5,35130.9,12799.4,0.7339
12899.6,6725.5,13119.6,7026.6,0.7338
35692.2,13760.0,35840.0,14322.6,0.7336
32431.1,19531.9,32957.9,20154.9,0.7334
31447.1,3590.6,31997.5,4043.5,0.7334
21477.4,5037.2,22079.9,5440.0,0.7333
5452.3,36086.7,6073.2,36480.0,0.7333
38002.9,13062.9,38080.0,13440.0,0.7329
19348.9,5120.0,19520.0,5582.7,0.7327
20163.0,1456.5,20323.2,1918.0,0.7326
35609.6,13760.0,36160.0,14395.8,0.7326
29860.2,35841.6,30397.9,36208.4,0.7324
27256.0,4380.6,27833.9,4800.0,0.7321
19846.1,1475.2,20360.6,1920.0,0.7320
27760.8,566.5,27840.0,959.9,0.7320
36301.6,2053.8,36752.3,2553.0,0.7316
31040.0,4430.5,31156.9,4799.4,0.7314
4488.8,24993.0,5116.5,25394.3,0.7312
27113.9,257.3,27199.5,640.0,0.7311
29859.4,8303.3,30400.0,8640.0,0.7310
36235.7,16897.7,36794.2,17280.0,0.7309
36914.9,8945.8,37117.0,9278.9,0.7309
30122.7,2730.2,30720.0,3197.0,0.7308
22806.0,320.0,23040.0,914.8,0.7308
34619.8,19201.8,35196.5,19517.3,0.7306
22555.0,7369.8,23036.0,7885.0,0.7306
30827.0,11362.4,31360.0,11837.6,0.7304
35788.7,2535.3,36057.3,2879.0,0.7300
1515.5,4885.2,1599.1,5397.9,0.7299
33401.6,4262.2,33912.5,4479.7,0.7299
18186.2,4499.0,18560.0,5119.1,0.7299
34319.8,35529.4,34874.8,36063.3,0.7298
33145.6,19215.6,33279.7,19618.1,0.7296
36488.0,14553.0,37112.5,14970.1,0.7296
20807.6,1920.0,21439.3,2331.7,0.7294
32082.2,8640.0,32319.2,9127.4,0.7293
32961.4,11203.5,33108.1,11374.9,0.7292
37451.4,12686.2,38080.0,13120.0,0.7291
36480.0,7555.8,36606.2,7994.8,0.7291
21866.5,3968.1,22399.8,4476.0,0.7291
9280.7,3885.4,9918.5,4160.0,0.7290
7477.7,1280.8,7680.0,1441.0,0.7289
31787.9,16320.0,32320.0,16492.4,0.7284
12427.6,5514.4,12480.0,5759.1,0.7284
36637.9,17160.1,36737.6,17590.6,0.7282
26890.4,4393.3,27520.0,4800.0,0.7280
36802.2,6746.4,37118.1,7358.2,0.7278
29632.5,8642.2,29759.2,8892.5,0.7273
25266.4,6721.3,25600.0,7033.7,0.7272
712.9,22514.9,1274.9,23039.4,0.7270
34447.6,20484.1,34879.9,21016.6,0.7270
27352.7,1562.7,27519.3,1918.9,0.7270
14104.0,5779.3,14718.1,6148.4,0.7268
28360.6,4371.9,28796.8,4800.0,0.7267
21693.7,2884.6,22080.0,3407.1,0.7265
29844.9,35524.1,30400.0,36081.5,0.7263
37562.2,3500.9,38066.8,3837.8,0.7259
12022.0,5591.1,12160.0,6080.0,0.7259
37588.2,5241.3,38080.0,5760.0,0.7258
4484.0,4134.5,5118.0,4480.0,0.7257
15481.0,7261.3,15679.6,7679.2,0.7257
8985.3,643.6,9091.2,857.1,0.7250
36843.9,26881.8,37120.0,27323.8,0.7250
27943.2,1600.0,28160.0,2153.4,0.7248
33807.8,35784.8,33920.0,35840.0,0.7247
29682.7,4655.7,29808.4,5116.9,0.7246
32429.2,7880.2,32958.6,8320.0,0.7245
13965.2,5774.6,14400.0,6240.5,0.7241
21170.8,8702.6,21753.2,9158.5,0.7241
3844.1,21175.1,4476.3,21592.5,0.7241
9941.8,886.2,10557.5,1274.8,0.7240
24697.9,31680.0,25276.3,32176.5,0.7238
4805.8,4488.4,5437.0,4872.7,0.7236
1219.3,3842.9,1280.0,4093.2,0.7236
26748.3,640.5,26879.3,1134.1,0.7230
13784.1,6412.8,13870.9,6720.0,0.7226
22782.9,9283.0,23349.2,9602.7,0.7225
8322.0,2275.1,8408.8,2560.0,0.7224
23494.2,9661.5,23997.5,10237.2,0.7222
17600.0,814.5,17728.1,1275.6,0.7221
10461.9,1704.2,10551.8,2240.0,0.7220
10241.7,1952.3,10442.5,2238.4,0.7218
29754.9,2241.8,30078.5,2608.1,0.7217
34632.4,18242.4,35197.8,18703.0,0.7217
30752.0,3462.3,31356.7,3840.0,0.7217
35840.0,14306.4,36244.2,14719.4,0.7216
32726.6,20249.8,33271.7,20799.7,0.7213
10755.8,2668.9,10880.0,2878.5,0.7212
12522.2,36391.4,13116.8,36800.0,0.7209
7680.0,1600.5,8319.8,1712.7,0.7208
2337.1,24974.6,2880.0,25280.0,0.7205
5121.6,960.2,5234.9,1134.2,0.7202
5131.8,159.9,5760.0,578.1,0.7199
15197.1,7360.0,15360.0,7859.1,0.7199
34880.3,18500.5,35031.1,18880.0,0.7199
18883.1,0.0,19048.3,542.2,0.7199
32400.7,13347.4,32956.1,13760.0,0.7197
36565.9,13834.8,37114.6,14302.8,0.7196
27652.0,11283.5,27840.0,11831.0,0.7195
26591.8,21677.3,27188.8,22079.9,0.7195
34070.3,35129.1,34240.0,35199.1,0.7195
37176.5,29359.4,37753.6,29760.0,0.7194
36829.2,4800.0,36918.6,5215.5,0.7194
28729.0,7985.4,28799.6,8306.8,0.7193
32646.5,3219.4,33276.6,3495.5,0.7192
19362.6,320.0,19836.2,482.6,0.7191
30081.7,18882.7,30560.2,19427.5,0.7191
31528.0,18763.9,31999.5,19200.0,0.7191
19292.4,8654.5,19837.9,9155.2,0.7189
31683.9,13347.7,32310.1,13760.0,0.7189
640.0,1920.0,1050.6,2496.0,0.7188
9105.2,642.0,9279.1,824.0,0.7188
21563.9,382.3,22076.1,640.0,0.7187
16434.7,2097.2,16951.6,2558.9,0.7184
25377.0,6504.0,25914.4,7032.6,0.7183
28812.8,4481.5,29112.7,4722.7,0.7182
37515.1,33710.4,38072.5,34240.0,0.7178
9893.3,2561.5,10240.0,2667.0,0.7178
31478.8,35841.4,31679.8,35991.7,0.7177
36480.8,21300.3,37116.2,21760.0,0.7177
778.6,7107.4,960.0,7668.9,0.7176
35919.5,974.7,36474.1,1365.7,0.7175
1992.7,22753.2,2556.1,23224.5,0.7174
8325.6,36426.3,8640.0,36854.3,0.7172
19599.0,565.5,19840.0,960.0,0.7172
34035.5,6404.6,34558.3,7019.0,0.7168
27688.3,10748.8,27839.8,11001.3,0.7167
21760.0,1452.7,22044.2,1648.2,0.7165
19537.9,1529.3,20158.4,1920.0,0.7163
25956.3,11726.1,26559.5,12160.0,0.7163
28957.7,19968.6,29430.0,20479.3,0.7161
12161.2,1779.7,12281.1,2236.3,0.7160
36891.7,22149.2,37432.2,22574.8,0.7157
34731.5,5120.2,34880.0,5719.6,0.7157
1920.3,960.2,2145.6,1115.1,0.7157
24328.9,9854.0,24959.3,10240.0,0.7156
26363.0,11381.5,26871.9,11838.6,0.7153
976.0,4041.0,1266.2,4480.0,0.7153
34206.5,3858.7,34269.7,4311.7,0.7148
32407.3,21792.5,32954.1,22268.2,0.7148
33686.5,6081.7,33919.4,6365.8,0.7147
3841.6,3207.6,3919.9,3319.9,0.7146
17413.4,6059.8,17917.0,6396.9,0.7146
26921.9,2214.0,27088.3,2425.4,0.7142
13440.0,3818.8,13546.4,3916.7,0.7141
8320.7,2562.8,8402.8,2709.0,0.7140
33309.2,22083.9,33915.6,22527.0,0.7138
32350.3,15364.2,32954.2,15800.5,0.7138
31599.5,7682.5,31680.0,7898.0,0.7137
30748.1,33784.2,31357.5,34238.7,0.7136
36601.0,13637.2,37120.0,14080.0,0.7135
4169.4,25612.0,4798.3,25975.2,0.7134
30096.4,16320.0,30399.5,16845.2,0.7133
12805.1,5120.0,13118.8,5748.4,0.7132
37893.4,3200.0,38396.2,3691.7,0.7131
29440.0,8642.8,29618.5,9190.4,0.7131
37987.0,11624.3,38080.0,11838.9,0.7130
32800.2,5381.9,32959.5,5440.0,0.7129
4800.0,3970.2,5436.3,4300.3,0.7128
24000.5,4480.9,24089.9,4590.8,0.7128
36187.6,9082.5,36799.9,9594.2,0.7126
29960.9,8859.9,30394.1,9275.4,0.7125
14405.0,6348.9,15040.0,6720.0,0.7125
30542.5,15593.2,31028.3,16000.0,0.7123
19948.9,6624.5,20479.3,7040.0,0.7122
6868.6,1281.0,7360.0,1428.3,0.7121
34862.1,34242.0,35199.7,34677.1,0.7120
26018.3,9427.8,26560.0,9914.0,0.7117
1540.0,1160.5,1640.8,1596.6,0.7117
1940.4,5122.3,2560.0,5438.0,0.7117
23121.8,7428.4,23358.9,7678.3,0.7116
11862.4,36468.9,12476.0,36863.6,0.7115
24428.7,4594.0,24958.7,5113.5,0.7114
13219.3,6482.6,13760.0,7040.0,0.7113
27274.4,3520.8,27520.0,3648.7,0.7111
29761.5,3751.0,30229.6,3927.8,0.7109
35925.6,28482.1,36160.0,28851.4,0.7108
5762.0,4213.3,6398.2,4480.0,0.7108
33331.0,33923.8,33916.7,34553.4,0.7108
25351.7,5515.1,25600.0,6080.0,0.7108
17828.8,3535.7,17920.0,4141.1,0.7107
22021.8,6775.6,22400.0,7038.7,0.7107
855.8,5638.5,1280.0,6080.0,0.7102
27295.7,871.5,27466.3,1279.3,0.7094
27929.7,21440.0,28476.3,21923.1,0.7092
2258.5,8320.5,2558.3,8910.3,0.7092
27089.1,1183.8,27200.0,1598.1,0.7092
30810.9,385.2,31356.9,882.4,0.7091
32640.0,13342.2,33277.0,13760.0,0.7090
18109.1,1602.2,18239.2,1982.2,0.7089
24262.5,3408.7,24318.4,3728.8,0.7088
24966.8,1054.9,25442.3,1600.0,0.7087
26896.5,11205.6,27200.0,11475.4,0.7081
19856.7,11819.5,20478.8,12160.0,0.7078
22438.7,7045.7,22720.0,7669.5,0.7078
28578.5,8611.9,28800.0,8960.0,0.7078
31361.3,19510.0,31553.6,19838.6,0.7076
34403.7,32173.6,34879.6,32640.0,0.7075
7458.5,33920.0,7996.9,34408.8,0.7074
2564.1,2298.8,3198.6,2560.0,0.7074
35216.4,3367.5,35839.0,3833.5,0.7074
38012.2,20517.2,38400.0,20800.0,0.7074
38108.1,11024.7,38653.4,11520.0,0.7072
5440.0,21791.1,6075.4,22178.0,0.7071
969.3,6306.1,1596.2,6720.0,0.7071
38146.9,8325.2,38656.0,8951.6,0.7071
7680.0,3520.8,8318.8,3837.3,0.7071
34976.5,13210.3,35516.2,13760.0,0.7069
865.4,3528.9,958.8,4005.8,0.7067
4170.2,19761.2,4797.1,20160.0,0.7062
37786.4,13315.2,38400.0,13755.8,0.7061
1617.2,5120.0,1919.1,5742.9,0.7061
12114.1,35521.5,12480.0,35974.5,0.7061
37808.6,19891.6,38399.3,20160.0,0.7061
23778.6,9280.0,24318.9,9916.8,0.7059
28476.3,678.4,28798.7,958.8,0.7058
36955.3,29607.2,37438.5,30078.3,0.7055
32969.6,1563.8,33597.4,1919.9,0.7055
35424.1,17847.7,35519.1,17919.3,0.7053
28305.5,9177.9,28796.2,9600.0,0.7053
35938.7,5964.8,36064.3,6396.2,0.7052
22720.0,2242.0,22975.8,2663.2,0.7052
33280.0,2262.6,33917.0,2637.2,0.7048
38190.6,14090.3,38393.2,14520.4,0.7045
9965.0,25171.0,10548.3,25600.0,0.7044
7804.5,566.1,7994.9,636.8,0.7044
2244.4,20735.4,2877.8,21120.0,0.7044
30499.3,18630.9,30903.4,18879.1,0.7044
38019.5,25224.6,38653.1,25600.0,0.7043
1021.7,1670.6,1595.1,2240.0,0.7041
7692.2,1735.4,8319.8,1907.6,0.7041
4060.5,36147.8,4480.0,36480.0,0.7038
32988.5,22301.9,33596.8,22720.0,0.7038
34411.2,788.6,34874.5,1280.0,0.7036
38041.5,6534.0,38122.0,7037.3,0.7036
21529.3,2484.6,22076.2,2880.0,0.7030
29760.0,19200.0,29958.4,19401.9,0.7030
31040.0,33830.0,31178.0,33920.0,0.7027
33950.7,10572.1,34559.0,11027.1,0.7026
34013.5,22082.3,34555.4,22549.8,0.7025
3520.9,320.0,4154.8,661.8,0.7024
13464.4,7040.4,14076.7,7373.2,0.7022
33074.6,26880.0,33280.0,27156.2,0.7019
25278.9,1920.0,25600.0,2548.5,0.7019
9984.1,2920.2,10240.0,3162.3,0.7019
26940.0,6581.0,27364.3,7040.0,0.7016
34561.7,35840.1,34714.4,36067.0,0.7014
35889.5,28385.5,36478.2,28800.0,0.7011
25474.9,4804.8,25596.9,5004.9,0.7006
24320.0,2891.4,24678.0,3197.5,0.7005
703.3,666.6,817.6,960.0,0.7004
960.0,5760.0,1579.3,5977.1,0.7001
31868.3,50.3,32320.0,640.0,0.7000
29124.2,5260.2,29540.9,5760.0,0.7000
38235.2,9293.9,38399.6,9752.3,0.7000
37120.0,19824.5,37601.2,20129.5,0.6999
34240.0,19842.0,34644.4,20280.5,0.6997
34240.9,5356.1,34333.3,5439.8,0.6996
14080.0,960.0,14720.0,1204.0,0.6994
38186.4,19768.6,38473.7,19944.2,0.6993
15286.5,36076.6,15678.2,36480.0,0.6993
6102.3,21035.6,6718.1,21440.0,0.6990
34585.8,21421.8,35196.4,21760.0,0.6990
34649.3,34641.4,35198.6,35200.0,0.6988
4701.9,2907.7,4789.4,3200.0,0.6988
23463.1,7366.3,23992.7,7863.6,0.6987
18382.3,4932.6,18870.3,5436.3,0.6987
22739.6,3722.3,23358.0,4160.0,0.6984
14106.1,4160.0,14710.6,4386.5,0.6984
18930.3,6217.9,19519.0,6716.1,0.6982
15415.6,3115.8,15995.7,3520.0,0.6981
26560.0,1683.7,26680.5,2232.0,0.6981
22095.4,5534.7,22400.0,6079.9,0.6974
38007.6,12800.5,38400.0,13432.6,0.6974
37440.0,8642.0,37507.2,8828.8,0.6972
34704.2,16960.0,34880.0,17479.0,0.6971
35078.2,3273.0,35520.0,3520.0,0.6968
38125.8,12956.8,38654.6,13439.7,0.6967
8327.4,25170.2,8956.6,25599.3,0.6966
33003.5,28163.9,33279.0,28422.6,0.6965
31686.1,15368.9,32000.0,15867.6,0.6965
33282.2,33959.9,33919.6,34239.6,0.6964
19520.1,2767.1,20159.4,3200.0,0.6963
28638.8,14120.5,29110.9,14595.9,0.6963
37310.5,35011.4,37760.0,35519.3,0.6962
8672.1,1000.1,9280.0,1276.2,0.6962
32960.0,19201.7,33133.5,19722.3,0.6962
31941.1,30672.0,32320.0,31040.0,0.6962
32324.2,3250.5,32960.0,3516.9,0.6961
33039.5,17355.3,33596.9,17920.0,0.6961
20315.7,8431.9,20799.5,8960.0,0.6960
34341.9,3322.3,34880.0,3758.3,0.6960
36173.4,7041.4,36797.4,7487.3,0.6958
35550.9,34197.4,36158.4,34560.0,0.6958
34935.0,18856.3,35512.1,19200.0,0.6953
29829.6,15098.0,30376.9,15471.2,0.6953
31218.2,19921.3,31359.8,20244.1,0.6951
32340.7,30965.9,32958.7,31360.0,0.6950
37898.5,18796.5,38400.0,19200.0,0.6949
34941.4,13445.3,35518.2,13898.3,0.6949
26944.9,12687.0,27517.5,13120.0,0.6949
38397.4,2566.4,38656.0,2920.1,0.6948
13228.6,5293.6,13753.1,5759.4,0.6944
12216.1,28023.3,12796.3,28478.4,0.6943
29545.5,11216.7,29660.8,11519.9,0.6943
34393.6,13120.0,34878.1,13608.2,0.6941
36486.3,30312.9,37071.2,30720.0,0.6939
37489.0,27401.5,38064.4,27840.0,0.6937
35458.5,10489.7,35520.0,10559.0,0.6937
36811.0,28480.0,37440.0,28956.1,0.6937
30753.1,13089.3,31355.3,13440.0,0.6936
35865.7,31040.0,36476.7,31447.7,0.6934
37428.7,13416.9,37750.0,13757.5,0.6932
13442.2,3612.6,13542.4,3817.4,0.6932
8962.5,3859.3,9598.3,4013.1,0.6929
33793.1,11631.6,33920.0,12155.5,0.6929
23170.2,2590.5,23672.6,2880.0,0.6928
16856.9,2.9,16960.0,419.4,0.6928
31360.0,4705.4,31464.1,5119.1,0.6927
9057.3,27053.1,9595.7,27520.0,0.6926
24960.0,1531.5,25048.9,1920.0,0.6926
33531.0,10158.0,33600.0,10533.3,0.6924
30723.5,36395.5,31101.2,36800.0,0.6921
23111.6,8560.1,23673.2,8960.0,0.6919
2145.9,3323.4,2240.0,3424.6,0.6918
38399.6,27200.0,38656.0,27553.4,0.6917
35976.2,508.4,36474.8,955.7,0.6915
29164.5,13670.8,29760.0,14079.8,0.6915
33050.3,16533.5,33597.1,16960.0,0.6915
31362.2,2559.0,31998.6,2880.0,0.6913
34940.8,4739.5,35517.9,5120.0,0.6912
15046.2,35841.1,15674.5,36222.3,0.6912
27417.6,1823.3,27520.0,2240.0,0.6907
21172.2,1056.8,21754.8,1477.1,0.6906
35737.7,36359.7,35839.8,36479.5,0.6904
26027.9,4378.0,26556.8,4796.4,0.6903
38034.8,20066.3,38655.6,20480.0,0.6902
28480.0,960.4,29111.1,1388.2,0.6902
32805.1,5382.8,32959.4,5539.5,0.6902
30150.2,16640.5,30399.4,16932.0,0.6901
30847.2,4161.1,31034.6,4456.2,0.6901
33805.7,4612.2,34239.5,5114.7,0.6900
31705.6,5969.9,32317.3,6400.0,0.6892
21760.0,6402.7,22286.7,6707.8,0.6892
37918.7,18950.2,38080.0,19200.0,0.6891
37568.5,26389.3,38079.8,26879.7,0.6890
28683.7,9782.4,28799.8,10238.0,0.6889
18014.0,1390.2,18557.8,1920.0,0.6886
32385.0,35385.3,32957.2,35840.0,0.6886
13359.6,2636.5,13543.2,2728.5,0.6886
37441.7,8329.1,37532.5,8803.2,0.6885
16836.1,3.8,17274.0,386.0,0.6882
26970.3,23520.1,27504.1,24000.0,0.6882
33732.8,28484.1,34230.9,28943.7,0.6881
36887.9,13341.0,37433.7,13760.0,0.6881
29046.4,9094.0,29437.1,9598.8,0.6875
30068.1,1149.4,30400.0,1600.0,0.6874
33932.7,18112.0,34559.3,18560.0,0.6871
21490.7,6876.5,22077.9,7357.2,0.6871
5310.6,1608.3,5440.0,2048.0,0.6869
30777.1,13122.8,31040.0,13343.1,0.6869
35548.5,32002.5,35840.0,32477.6,0.6867
16615.2,1415.9,16960.0,1920.0,0.6866
37254.5,27201.5,37758.8,27712.5,0.6866
4802.8,34044.2,5436.5,34559.2,0.6864
33961.5,11319.3,34239.0,11840.0,0.6864
34338.4,32747.7,34875.1,33276.0,0.6863
11585.1,2245.9,11705.0,2609.5,0.6862
23360.0,4051.7,23787.5,4480.0,0.6861
22212.4,9280.4,22399.4,9457.9,0.6860
27580.4,21444.6,28155.7,21853.2,0.6858
2951.0,35777.0,3199.9,36160.0,0.6854
22433.2,35520.0,23028.4,35994.8,0.6853
37113.7,5990.1,37440.0,6080.0,0.6853
36166.8,30082.0,36796.6,30476.5,0.6853
17700.5,31563.4,18235.8,31999.2,0.6852
32403.2,16961.7,32640.0,17357.4,0.6850
21276.3,6574.1,21760.0,7033.1,0.6850
19614.3,3485.4,20160.0,3840.0,0.6850
19589.8,4691.6,20156.3,5120.0,0.6849
35630.9,595.7,36154.0,960.0,0.6847
37542.7,17084.7,37760.0,17600.0,0.6847
10880.2,3774.7,11520.0,4143.9,0.6844
2303.9,961.8,2560.0,1067.6,0.6844
37921.2,16967.0,38394.1,17435.0,0.6842
25921.2,7360.9,25995.3,7460.5,0.6841
33733.8,2889.6,34236.5,3496.9,0.6836
28255.8,10240.0,28480.0,10862.4,0.6836
34568.9,8000.0,35196.1,8316.4,0.6836
29492.9,22008.2,30072.6,22400.0,0.6834
27840.8,641.4,28466.4,1013.2,0.6831
20481.8,6639.7,21119.0,7040.0,0.6831
24774.1,709.3,24959.7,1280.0,0.6830
34240.0,19566.5,34668.5,20160.0,0.6829
35301.7,32320.1,35520.0,32489.6,0.6829
33287.0,8252.1,33917.7,8640.0,0.6829
2726.4,25399.7,2880.0,25598.1,0.6828
35955.7,35412.8,36475.9,35840.0,0.6828
32029.0,256.9,32638.6,640.0,0.6827
21765.9,5959.2,22386.3,6400.0,0.6827
1217.2,3658.8,1279.8,4146.6,0.6826
37288.6,18078.8,37758.6,18559.8,0.6825
32155.0,35189.1,32638.5,35519.0,0.6824
6421.1,4152.6,7040.0,4480.0,0.6822
14400.0,1960.2,14899.5,2240.0,0.6822
23188.1,9495.4,23360.0,9916.9,0.6822
32965.1,8960.0,33597.2,9373.6,0.6820
29714.3,962.6,30080.0,1338.3,0.6820
17782.9,3404.9,18240.0,3839.7,0.6819
33462.1,15901.9,33910.4,16320.0,0.6819
32643.0,35443.0,33257.6,35840.0,0.6818
37441.3,25600.0,37868.5,26177.8,0.6818
3521.7,3268.5,3591.6,3377.7,0.6817
10760.0,2670.0,10880.0,3092.6,0.6815
33658.2,29440.0,34235.5,29933.2,0.6813
27398.8,3079.0,27520.0,3139.3,0.6812
429.2,21026.5,958.0,21440.0,0.6812
33452.7,5585.9,33902.8,6077.1,0.6812
15446.2,0.0,15679.6,626.1,0.6810
6080.0,3587.3,6716.1,3901.3,0.6809
33688.6,20162.4,34235.1,20693.9,0.6808
35841.8,31682.9,36478.4,32000.0,0.6807
20481.0,9280.8,20827.8,9682.3,0.6807
34240.0,5663.2,34820.9,6079.1,0.6804
37613.9,11042.6,38073.2,11518.4,0.6803
17134.1,2419.3,17593.0,2879.1,0.6801
16021.5,31284.9,16636.7,31680.0,0.6800
33920.1,10881.8,34232.6,11109.2,0.6799
7392.9,35744.7,7994.2,36160.0,0.6799
36207.7,5874.6,36379.0,6400.0,0.6797
37621.4,2316.3,37760.0,2559.8,0.6795
29652.3,5761.4,30011.0,5921.0,0.6794
33313.4,32248.2,33918.0,32640.0,0.6794
36353.7,1780.6,36413.1,2235.3,0.6793
28800.1,4560.0,29241.3,5120.0,0.6791
23361.6,2276.3,23445.2,2560.0,0.6790
4290.6,24095.3,4797.9,24640.0,0.6789
82.0,23378.5,633.5,23793.9,0.6789
36571.5,22725.5,37115.6,23138.7,0.6787
10287.9,1025.4,10448.2,1600.0,0.6787
5782.9,2023.5,6398.4,2289.4,0.6786
35657.6,5631.1,36160.0,6076.2,0.6780
10483.5,2451.4,10560.0,2879.5,0.6777
3033.6,974.4,3122.8,1280.0,0.6776
18241.0,64.8,18467.9,264.8,0.6776
26305.8,8899.0,26876.8,9278.8,0.6775
31930.9,33729.1,31999.3,33920.0,0.6775
17167.0,4486.0,17597.8,4798.6,0.6773
38288.0,968.1,38656.0,1280.0,0.6773
3524.6,19209.8,4152.9,19561.3,0.6771
2297.7,6585.5,2870.5,7039.2,0.6771
13880.4,6080.0,14080.0,6700.2,0.6770
37018.5,295.2,37118.3,640.0,0.6769
6734.9,25577.8,7358.4,25920.0,0.6768
10988.7,3200.9,11517.1,3314.8,0.6763
9900.4,2243.5,10238.7,2375.5,0.6761
19746.9,8640.6,20160.0,9121.1,0.6760
35890.3,17280.0,36476.7,17803.1,0.6759
3613.0,35276.8,4159.0,35840.0,0.6759
4929.0,19951.9,5440.0,20480.0,0.6755
37441.2,19202.4,37539.1,19346.1,0.6755
30123.0,35840.0,30720.0,36291.4,0.6752
5938.8,34511.5,6394.7,34730.4,0.6749
36924.7,14008.6,37440.0,14400.0,0.6748
4280.8,5695.6,4780.0,6080.0,0.6748
30455.0,1921.6,31035.6,2396.1,0.6747
38021.6,32645.7,38498.6,33050.8,0.6745
30231.8,4197.8,30713.6,4800.0,0.6743
31553.1,18567.3,31680.0,19002.1,0.6741
7016.3,2713.3,7335.6,3187.7,0.6741
29760.0,3853.7,30224.7,4160.0,0.6740
33513.8,5460.7,33859.4,5760.0,0.6739
14862.6,2286.4,15039.5,2869.5,0.6737
35220.0,6720.0,35615.0,6951.2,0.6737
36941.0,14401.5,37427.9,14510.8,0.6737
36813.3,633.1,36907.3,955.6,0.6735
7144.4,2252.1,7347.3,2560.0,0.6732
247.6,4464.4,332.7,4798.6,0.6731
17281.7,1813.8,17705.4,2240.0,0.6731
33975.9,2964.7,34559.4,3421.4,0.6727
12806.9,6933.6,13437.3,7360.0,0.6727
37468.2,31360.8,38076.4,31815.8,0.6724
26934.2,30080.0,27516.7,30574.3,0.6724
36236.3,20800.0,36781.3,21262.2,0.6722
26880.0,2781.9,27226.0,2935.3,0.6721
35620.5,6732.7,35839.9,6875.9,0.6715
22126.1,281.1,22717.0,640.0,0.6715
26648.8,6407.0,27196.5,6911.4,0.6715
36811.6,19817.6,37440.0,20095.9,0.6714
19693.5,3212.2,19840.0,3792.5,0.6714
16224.2,7680.0,16632.1,8168.1,0.6714
27843.9,4072.8,28480.0,4480.0,0.6711
34587.2,16604.6,35197.9,16960.0,0.6709
32970.4,12171.4,33599.3,12588.8,0.6709
23406.6,3069.1,23985.1,3520.0,0.6709
34252.4,3259.5,34878.4,3520.0,0.6708
27030.0,6826.1,27200.0,7038.7,0.6708
27259.9,3201.4,27840.0,3400.7,0.6707
7501.7,2170.9,7976.9,2556.8,0.6704
27745.0,355.6,27840.0,836.9,0.6702
35856.5,17559.8,36478.1,17920.0,0.6700
13120.3,2145.8,13493.4,2386.1,0.6700
31361.2,6720.0,31445.7,6928.9,0.6700
33866.2,8962.4,34240.0,9409.0,0.6699
25010.3,2880.0,25595.9,3387.6,0.6698
28557.4,8333.5,29117.3,8816.5,0.6690
26144.5,5455.9,26240.0,5757.0,0.6689
23782.6,1238.7,24309.3,1577.2,0.6689
38275.9,1280.0,38400.0,1690.4,0.6689
30896.8,18583.0,31040.0,18880.0,0.6687
31041.6,1599.8,31619.4,1919.8,0.6685
5523.9,22885.2,6077.3,23360.0,0.6684
5508.0,34709.9,6077.2,35194.3,0.6682
37763.5,15046.6,38398.9,15496.0,0.6674
36114.6,32324.5,36480.0,32821.6,0.6672
1600.0,1982.5,2238.4,2240.0,0.6666
37520.2,2240.0,38062.6,2432.6,0.6665
35651.2,32960.0,36160.0,33436.2,0.6664
35841.2,15103.5,36480.0,15357.7,0.6663
32002.8,13433.3,32425.5,13759.4,0.6661
20285.0,7694.8,20479.7,8128.5,0.6661
25600.0,0.0,26236.6,297.6,0.6660
11841.7,2905.3,11931.8,3167.3,0.6660
4160.1,282.1,4798.2,640.0,0.6660
37762.9,15365.6,38394.1,15720.7,0.6659
4828.6,35831.9,5436.5,36160.0,0.6657
29440.2,5677.1,29555.8,5759.6,0.6656
8001.0,3603.6,8639.9,3908.3,0.6655
20480.2,5121.1,20571.4,5248.7,0.6652
37882.9,3209.7,37942.5,3536.3,0.6651
35827.9,6852.5,35939.5,7260.9,0.6648
3843.6,2324.0,4479.4,2560.0,0.6644
3523.1,3140.7,3645.7,3254.4,0.6642
23737.4,6529.1,24318.3,7036.4,0.6640
37579.6,27531.1,38065.8,27958.4,0.6638
25030.9,31916.8,25596.2,32320.0,0.6636
3976.9,1289.4,4159.2,1691.8,0.6634
31680.0,9007.2,31804.7,9577.1,0.6629
27540.5,14019.7,28153.8,14400.0,0.6626
36259.3,13936.3,36478.2,14360.6,0.6626
9600.0,4498.9,10235.0,4840.9,0.6624
32407.5,6400.0,32958.0,6866.3,0.6624
30461.9,9925.0,30715.9,10073.3,0.6619
33922.1,31600.7,34555.3,32000.0,0.6619
30892.2,18875.1,31360.0,19196.4,0.6619
3227.5,22318.4,3837.3,22720.0,0.6616
33479.8,13760.7,33920.0,14253.0,0.6614
6720.0,34810.8,7356.9,35200.0,0.6612
31460.5,6518.6,31996.7,7013.9,0.6610
36311.9,11357.0,36796.9,11840.0,0.6605
34487.0,18860.6,34559.7,19200.0,0.6604
981.2,1600.0,1280.0,2237.6,0.6603
31741.1,19614.7,32314.0,20160.0,0.6600
29121.5,4923.2,29319.3,5120.0,0.6600
8337.1,4063.7,8956.8,4480.0,0.6596
15782.5,1369.8,16320.0,1918.4,0.6592
35244.8,11541.4,35835.9,11840.0,0.6591
32402.2,8261.0,32960.0,8640.0,0.6590
21512.6,7896.2,22080.0,8320.0,0.6588
34245.6,16225.6,34849.7,16640.0,0.6583
2564.2,19768.0,3197.0,20160.0,0.6583
12315.4,3200.0,12798.2,3301.7,0.6582
35261.3,36164.7,35838.9,36680.2,0.6578
31382.6,23926.1,31995.2,24320.0,0.6578
22121.4,6420.1,22720.0,6796.9,0.6577
23462.9,6720.0,23997.1,7000.9,0.6577
30083.0,3620.8,30211.6,3946.9,0.6577
33920.0,19717.3,34042.5,19839.3,0.6575
32726.3,21064.4,33276.2,21440.0,0.6574
27852.5,356.3,28435.1,958.1,0.6571
26784.2,28096.1,27189.0,28480.0,0.6570
20305.2,8411.2,20479.5,8957.4,0.6570
20473.7,1902.5,20800.0,2154.4,0.6569
22124.3,461.6,22713.4,960.0,0.6569
25348.9,4199.1,25919.9,4480.0,0.6568
37836.8,33807.3,38400.0,34240.0,0.6566
36507.8,6304.1,37095.3,6720.0,0.6565
16429.8,3728.9,16953.3,4156.2,0.6565
11228.0,2152.0,11754.3,2550.5,0.6564
32961.9,16961.4,33332.5,17452.3,0.6564
33967.2,8960.0,34556.0,9406.4,0.6563
30720.0,31091.0,31354.3,31360.0,0.6563
31870.3,18283.1,32317.6,18732.0,0.6562
36887.3,32323.3,37119.6,32557.0,0.6560
38116.8,11200.0,38654.7,11712.5,0.6559
32166.3,21080.2,32320.0,21120.0,0.6559
31464.7,4516.9,31679.6,5110.5,0.6556
33681.2,17124.6,33919.0,17598.4,0.6556
18748.0,1756.7,18879.7,2161.1,0.6555
5816.9,22017.7,6397.7,22400.0,0.6555
10560.0,36227.8,10763.9,36509.4,0.6554
25298.1,10762.2,25918.4,11200.0,0.6552
23362.4,17.2,23998.5,419.8,0.6547
36112.1,12480.0,36480.0,13013.7,0.6544
31103.1,15791.6,31676.6,16316.1,0.6543
33949.1,8510.7,34546.5,8956.6,0.6543
19985.6,4481.4,20157.7,4619.5,0.6542
36861.3,9280.0,37120.0,9725.0,0.6541
2265.3,4494.7,2878.9,4800.0,0.6537
6902.7,3309.9,6967.1,3553.3,0.6531
6733.2,27151.3,7357.3,27520.0,0.6530
33747.1,18416.6,34240.0,18879.3,0.6529
23294.0,708.2,23360.0,903.2,0.6527
10952.3,5333.8,11200.0,5760.0,0.6527
34345.2,16412.4,34879.1,16958.7,0.6527
1503.8,4075.4,1569.3,4480.0,0.6527
19640.7,5.2,19840.0,166.8,0.6526
37508.6,21461.3,38080.0,21981.8,0.6526
30649.4,9461.7,31040.0,9920.0,0.6524
34762.6,10846.7,34880.0,11200.0,0.6517
31453.3,8043.6,32000.0,8638.8,0.6517
3789.2,8040.6,4158.6,8319.0,0.6517
2346.6,8790.4,2874.9,9280.0,0.6517
17828.7,7683.6,18238.7,8131.3,0.6516
34714.0,15874.8,35192.7,16314.6,0.6516
6132.7,35147.4,6400.0,35520.0,0.6514
26922.0,10517.3,27517.9,10880.0,0.6513
21121.3,3526.6,21636.3,3764.1,0.6508
4184.3,19474.3,4797.6,19840.0,0.6506
29594.6,13664.5,30071.0,14079.9,0.6505
29440.0,8962.2,29748.7,9375.2,0.6502
17372.0,1524.7,17912.2,1920.0,0.6501
34969.6,7040.7,35197.3,7517.1,0.6500
6952.4,1281.4,7039.0,1609.9,0.6500
1097.3,2449.7,1597.9,2880.0,0.6499
4848.5,35850.8,5119.1,36160.0,0.6496
4566.7,33920.0,5114.1,34429.6,0.6495
32727.6,44.8,32959.4,617.1,0.6491
37857.3,8960.0,38397.7,9346.3,0.6491
13120.0,3749.7,13550.1,4156.6,0.6491
32046.4,21374.3,32636.4,21760.0,0.6491
28484.3,4988.8,29100.4,5437.8,0.6490
37124.5,1921.4,37528.7,2076.3,0.6489
2240.0,2480.5,2878.2,2880.0,0.6487
30238.5,3200.0,30719.9,3758.2,0.6485
34427.2,12800.0,34879.7,13259.7,0.6484
8930.3,27463.2,9036.1,27649.2,0.6484
25920.6,2127.2,26558.0,2555.5,0.6483
20808.2,7280.7,21439.7,7680.0,0.6482
15254.9,4321.8,15677.7,4474.0,0.6482
33294.1,6586.3,33916.4,7014.6,0.6481
37527.0,18398.9,38076.8,18877.5,0.6480
35840.0,19727.9,35944.0,20157.1,0.6480
37279.0,11990.6,37760.0,12480.0,0.6479
29761.2,4563.9,29832.0,4800.0,0.6479
29202.5,791.1,29757.7,1280.0,0.6476
8642.5,1531.8,8785.0,1918.9,0.6475
7681.9,26530.7,8316.3,26880.0,0.6472
34880.0,4160.0,35517.8,4402.9,0.6472
24014.7,9600.0,24638.9,10000.4,0.6472
11700.5,3320.9,11840.0,3595.3,0.6470
29580.4,6699.6,30075.9,7038.0,0.6466
12160.0,36499.6,12344.2,36562.2,0.6463
29529.9,22566.9,30072.9,23040.0,0.6462
37786.5,10148.2,38395.0,10560.0,0.6460
35737.1,26566.5,36158.3,26945.5,0.6460
20920.0,3792.6,21436.1,4160.0,0.6459
33920.4,18156.5,34178.2,18560.0,0.6458
24816.1,2630.7,24959.7,2879.6,0.6454
28666.5,5440.9,28953.6,5659.5,0.6453
32320.7,5565.8,32958.5,5885.4,0.6449
25337.9,9709.2,25913.9,10239.0,0.6448
3556.5,24251.9,4160.0,24640.0,0.6448
6400.0,3790.0,7036.8,4077.0,0.6447
28926.9,20353.0,29119.5,20800.0,0.6446
32453.5,21135.7,32639.9,21635.7,0.6445
33601.0,3401.8,34236.7,3838.3,0.6445
30033.9,1304.1,30400.0,1730.2,0.6442
2885.5,406.0,3518.1,738.3,0.6442
37843.0,31683.1,38398.3,32087.6,0.6439
33184.8,9961.4,33278.8,10439.6,0.6434
2638.2,18576.1,3198.5,19043.8,0.6434
12002.9,5442.6,12400.3,5909.6,0.6433
6217.9,2437.1,6717.4,2880.0,0.6432
11200.6,4107.5,11838.0,4341.0,0.6432
37565.2,11611.0,38075.9,12160.0,0.6431
26946.0,3469.0,27518.5,3840.0,0.6431
35460.0,4397.9,35520.0,4785.6,0.6429
19290.7,9053.5,19836.1,9593.2,0.6429
2297.9,22668.1,2875.2,23039.4,0.6427
1944.0,18512.2,2556.8,18880.0,0.6425
1538.4,5583.0,1600.0,6075.2,0.6424
36735.7,546.3,36884.6,621.3,0.6420
7135.3,36224.0,7359.8,36681.0,0.6417
36455.4,1625.3,36800.0,2240.0,0.6416
2240.0,1281.2,2312.8,1753.0,0.6415
11520.0,398.4,12157.8,640.0,0.6414
32083.9,13197.3,32640.0,13755.3,0.6414
38090.2,23362.5,38651.9,23745.8,0.6414
1063.1,7146.9,1599.8,7629.5,0.6412
33385.7,4669.1,33906.6,4965.3,0.6412
33600.0,19518.0,33678.9,19838.9,0.6411
22434.9,2238.3,23029.5,2560.0,0.6408
24962.4,7823.2,25119.3,8284.3,0.6407
31293.3,4237.7,31377.6,4568.6,0.6406
36698.8,11727.7,37119.4,12160.0,0.6405
33281.5,4980.0,33390.4,5437.5,0.6401
21134.2,1015.8,21745.5,1280.0,0.6399
30400.0,12483.0,31036.7,12814.8,0.6399
1927.6,24965.1,2556.8,25414.9,0.6398
32377.5,14081.0,32640.0,14226.8,0.6397
34728.2,11923.8,34878.3,12158.6,0.6395
30572.4,18594.2,30720.0,19200.0,0.6394
15778.4,4648.9,16320.0,5120.0,0.6394
15680.0,3460.2,15779.2,3840.0,0.6394
11167.3,2896.4,11339.6,3185.8,0.6390
38067.3,32322.1,38627.6,32952.5,0.6389
126.1,204.4,638.2,395.2,0.6388
335.0,3920.9,957.1,4328.1,0.6387
20125.8,1600.0,20475.6,2074.3,0.6387
31620.9,8320.7,32000.0,8804.0,0.6387
37446.1,22077.8,38077.8,22400.0,0.6386
12723.1,2127.0,12873.1,2544.6,0.6384
1066.2,19624.7,1593.8,20160.0,0.6384
35976.1,11072.1,36474.7,11520.0,0.6379
16360.5,5653.5,16959.2,6080.0,0.6378
29246.6,3141.6,29408.1,3517.5,0.6377
28921.4,20169.2,29423.1,20788.9,0.6375
25098.1,3116.5,25598.3,3518.6,0.6375
2009.2,16654.4,2555.1,17109.1,0.6374
21062.2,24542.3,21439.5,24960.0,0.6373
9600.2,3126.3,9799.1,3204.2,0.6373
16029.0,27119.8,16636.1,27520.0,0.6373
27866.6,8348.4,28471.2,8959.0,0.6367
5932.4,1286.4,6400.0,1688.7,0.6365
26880.9,10159.4,27517.2,10557.4,0.6362
19858.4,21038.6,20477.3,21440.0,0.6362
32875.8,8402.6,32960.0,8639.6,0.6359
37445.5,23371.3,38073.6,23680.0,0.6353
11946.1,4160.0,12478.9,4265.6,0.6352
23616.7,5672.7,23678.5,6080.0,0.6352
37230.4,14463.2,37440.0,15040.0,0.6350
29534.5,10893.3,29754.8,11316.9,0.6349
37923.4,11848.7,38080.0,12353.8,0.6348
5498.7,25462.5,6076.6,25919.2,0.6348
717.4,25094.3,1276.6,25598.4,0.6345
33525.5,903.3,33920.0,1280.0,0.6344
2881.1,1868.4,3046.6,1927.6,0.6343
27370.8,963.0,27828.5,1280.0,0.6341
26624.3,13120.0,27195.2,13693.5,0.6341
24002.0,7360.0,24119.9,7548.5,0.6341
24320.0,3841.1,24457.1,4466.7,0.6340
37956.4,21342.4,38149.5,21760.0,0.6340
30720.6,36540.4,31360.0,36800.0,0.6339
37487.2,538.0,37564.5,960.0,0.6337
30082.6,7285.4,30385.7,7680.0,0.6331
31680.0,18200.8,32317.2,18560.0,0.6328
33600.0,11527.4,33792.9,11967.4,0.6326
29366.3,14320.5,29760.0,14720.0,0.6326
31817.5,11415.1,32000.0,11837.8,0.6325
16000.0,35835.0,16638.2,36160.0,0.6325
26327.7,11945.6,26875.1,12480.0,0.6324
31574.1,15680.0,32000.0,15921.3,0.6322
37888.5,27736.1,38395.5,28160.0,0.6320
36481.4,35440.0,36854.0,35840.0,0.6319
18060.1,418.6,18239.9,637.5,0.6319
3531.5,20410.6,4156.3,20800.0,0.6318
28382.7,29371.8,28479.4,29760.0,0.6317
33858.5,3856.5,33967.3,4299.2,0.6317
3193.6,36162.8,3520.0,36454.7,0.6316
551.8,1280.0,638.7,1539.8,0.6315
1923.4,1750.5,2556.4,1977.4,0.6312
37778.1,8438.2,37970.9,8640.0,0.6309
2730.3,973.2,2826.8,1277.6,0.6305
35701.2,913.4,35905.0,1280.0,0.6303
26880.0,867.5,26978.6,1280.0,0.6303
18341.0,5358.8,18879.5,5760.0,0.6302
14414.5,2553.5,15040.0,2880.0,0.6301
36800.0,7040.0,37249.3,7611.2,0.6301
21762.8,7588.2,22397.3,8000.0,0.6301
25605.4,10424.6,26237.1,10875.9,0.6300
7684.3,640.6,8319.6,908.0,0.6298
12482.6,3520.4,12651.0,3717.7,0.6294
8650.5,3913.5,9277.4,4160.0,0.6292
23680.0,4059.8,23752.1,4480.0,0.6291
30791.9,21768.8,31356.4,22151.3,0.6290
8320.0,3391.1,8959.2,3806.3,0.6286
16642.4,2142.5,17276.8,2560.0,0.6285
11330.0,964.9,11839.2,1280.0,0.6284
34602.8,19946.0,34875.7,20127.4,0.6283
35918.8,27202.8,36476.1,27710.7,0.6282
38253.7,10055.1,38656.0,10560.0,0.6282
1756.8,5760.0,1920.0,6394.2,0.6280
26320.2,1147.6,26880.0,1571.3,0.6280
31282.1,7685.1,31680.0,8164.7,0.6279
30703.4,9240.2,31040.0,9600.0,0.6279
26574.6,7590.4,27196.2,7998.7,0.6278
5447.8,0.0,6078.2,114.2,0.6273
10502.2,3201.7,10879.0,3328.4,0.6270
33027.4,11091.3,33597.7,11520.0,0.6269
2698.6,36448.5,3196.5,36864.0,0.6269
27852.0,11936.8,28160.0,12308.2,0.6269
37205.1,10065.6,37756.3,10557.1,0.6268
38212.8,26896.2,38399.2,27337.8,0.6267
36409.6,5260.1,36480.0,5738.4,0.6266
27637.3,13440.4,28148.5,13959.6,0.6265
32645.0,22277.9,33272.8,22718.8,0.6265
24063.6,223.6,24354.2,640.0,0.6263
5813.3,2611.7,6398.3,2880.0,0.6262
10452.8,1531.6,10557.0,1920.0,0.6262
24722.8,886.3,25028.2,1279.7,0.6261
9921.6,1550.1,9987.0,1818.7,0.6260
13120.1,3523.6,13551.7,3834.1,0.6260
31393.7,640.0,31679.8,820.1,0.6259
6113.9,20811.3,6718.2,21197.6,0.6256
30098.9,34560.0,30400.0,35138.3,0.6254
320.6,4160.0,956.7,4330.5,0.6253
38289.2,32001.8,38656.0,32321.7,0.6248
25331.0,5682.9,25915.6,6080.0,0.6247
14017.7,1604.9,14291.3,1834.2,0.6246
33745.8,11739.5,34240.0,12160.0,0.6241
35233.1,12649.1,35499.8,13120.0,0.6240
36505.4,12623.8,36800.0,13115.1,0.6240
20489.5,5764.1,20938.9,5971.8,0.6239
36509.4,9565.4,37118.0,9920.0,0.6238
12835.8,658.7,13439.4,960.0,0.6238
36226.8,7040.0,36470.8,7612.3,0.6234
31873.7,19201.9,32318.9,19660.4,0.6232
12802.7,2442.0,12906.4,2878.2,0.6231
37120.0,2563.2,37377.9,2790.2,0.6230
27940.3,9812.3,28470.3,10240.0,0.6230
34102.3,18663.6,34538.3,18880.0,0.6230
37440.0,18889.1,37568.7,19392.0,0.6228
1284.0,5443.3,1532.4,5924.0,0.6227
20938.5,11.8,21120.0,624.5,0.6219
36800.6,19845.8,36996.3,20280.0,0.6217
29122.4,5625.9,29578.3,6077.3,0.6217
8355.0,3840.0,8959.3,3939.8,0.6216
30499.6,35985.8,31040.0,36475.8,0.6215
13312.2,412.5,13440.0,638.0,0.6215
32386.7,34425.3,32956.4,34878.9,0.6214
37120.0,18847.4,37757.0,19200.0,0.6213
38018.1,21830.3,38653.3,22080.0,0.6211
30059.6,15689.3,30400.0,16060.7,0.6211
34309.9,14085.6,34878.3,14619.1,0.6209
28275.7,12562.8,28798.6,12951.5,0.6197
35219.4,4006.9,35840.0,4480.0,0.6196
37304.9,14725.2,37440.0,15121.5,0.6195
36884.7,10241.3,37440.0,10763.1,0.6194
21507.8,33920.8,22074.5,34361.2,0.6192
35786.3,33920.0,36160.0,34364.7,0.6190
38307.5,16960.0,38399.1,17199.7,0.6190
16265.7,3655.3,16640.0,4159.3,0.6189
33983.6,18880.0,34508.6,19065.0,0.6189
25303.8,2141.4,25915.7,2560.0,0.6189
37761.4,17927.6,38134.1,18370.4,0.6188
7680.0,26270.6,8316.5,26677.7,0.6186
35202.5,12869.0,35291.6,13253.9,0.6186
35088.3,14963.3,35475.8,15360.0,0.6184
37761.7,3213.0,37865.9,3451.0,0.6183
26629.2,6949.0,27197.3,7357.3,0.6183
38084.1,29651.1,38647.3,30080.0,0.6183
6450.9,21781.7,7030.8,22156.6,0.6182
533.9,1284.6,952.1,1659.3,0.6180
16085.4,9765.7,16633.9,10238.8,0.6180
30299.0,13195.9,30720.0,13760.0,0.6179
32648.0,10814.4,33272.8,11200.0,0.6177
34773.6,8385.7,35199.2,8769.8,0.6177
13501.7,2974.2,13694.1,3173.7,0.6174
36639.6,20346.0,37115.4,20798.2,0.6174
33972.6,29760.6,34551.3,30179.6,0.6170
665.8,22939.5,1276.3,23360.0,0.6169
2008.2,23152.0,2555.2,23680.0,0.6169
8968.8,3913.9,9598.1,4212.8,0.6169
1429.9,4423.1,1515.8,4799.4,0.6169
2297.4,1228.4,2388.9,1600.0,0.6164
22875.4,641.4,23354.5,921.6,0.6163
4374.2,1517.6,4479.6,1916.3,0.6161
4801.3,4160.9,5435.2,4389.8,0.6158
34563.9,5120.0,34751.4,5703.6,0.6157
22285.3,2626.6,22720.0,2879.3,0.6157
31592.9,19793.8,31999.6,20160.0,0.6155
33853.1,3845.5,33920.0,4253.5,0.6155
3538.7,492.9,4159.0,892.7,0.6155
34322.1,15702.6,34540.3,16315.8,0.6152
29123.1,10565.7,29408.1,10943.0,0.6152
30467.5,35523.0,31036.9,36051.3,0.6152
29854.5,35840.9,30079.8,36112.3,0.6149
21460.1,4069.7,22078.9,4480.0,0.6146
32433.7,9193.0,32511.8,9600.0,0.6145
30619.2,8005.3,30935.6,8493.8,0.6144
3549.8,4968.9,4155.7,5440.0,0.6141
27201.7,1669.9,27276.4,1917.9,0.6140
34033.9,19424.4,34560.0,19840.0,0.6138
33984.7,11846.2,34559.1,12253.7,0.6137
5947.3,3099.6,6078.9,3200.0,0.6137
4162.2,4258.1,4798.5,4567.8,0.6137
36375.3,5900.9,36480.0,6398.5,0.6132
34737.4,16126.4,35199.9,16640.0,0.6131
35662.3,31151.5,36158.1,31676.3,0.6131
6721.1,1283.4,6788.0,1516.9,0.6131
37813.5,28803.0,38080.0,29143.7,0.6129
35851.3,20160.0,36479.6,20480.4,0.6128
28841.3,3415.0,29437.4,3840.0,0.6126
28171.5,8195.4,28798.4,8636.3,0.6125
32963.1,5443.8,33446.8,5892.2,0.6124
32688.4,9303.8,33276.7,9600.0,0.6119
35594.0,36262.2,35707.1,36379.0,0.6117
37531.2,5765.6,38077.7,6176.7,0.6117
28181.8,2624.3,28672.0,3200.0,0.6116
10009.3,2201.2,10240.0,2240.0,0.6114
21998.5,3520.2,22400.0,3961.5,0.6112
6082.3,0.0,6716.7,442.9,0.6109
35583.2,16864.9,35913.7,17280.0,0.6102
36941.8,30519.9,37438.8,31040.0,0.6102
5351.1,35842.2,5757.6,36377.6,0.6101
10582.1,4048.1,11198.1,4191.9,0.6098
32744.6,11139.9,32960.0,11520.0,0.6096
18721.5,4160.0,19196.8,4786.0,0.6095
32960.0,8964.2,33084.1,9331.7,0.6095
31571.9,7524.9,31680.0,7992.2,0.6094
32640.0,2483.1,33142.2,2880.0,0.6093
12203.9,28324.3,12796.1,28798.2,0.6089
37202.8,7360.0,37439.4,7839.7,0.6087
36800.0,2643.8,37429.8,2981.0,0.6086
22786.1,23041.9,23355.4,23566.9,0.6086
19192.7,3200.0,19519.6,3787.5,0.6085
32663.0,8456.9,33280.0,8956.4,0.6083
29960.7,6623.6,30079.7,6720.0,0.6082
8960.0,258.1,9040.3,639.7,0.6080
30080.0,36061.1,30232.8,36158.7,0.6078
17989.2,4434.9,18557.5,4799.8,0.6078
8027.0,35098.0,8637.8,35520.0,0.6077
1935.2,23382.3,2557.3,23809.3,0.6076
29519.9,6400.5,29759.8,6618.0,0.6076
28756.9,8967.8,29120.0,9374.8,0.6075
14723.8,6400.0,15356.8,6736.4,0.6075
29697.9,4480.6,30077.4,4605.6,0.6071
26560.0,860.5,27029.2,1280.0,0.6070
35998.5,28397.7,36159.2,28480.0,0.6067
10426.7,49.9,10559.3,369.1,0.6065
34560.0,34240.2,34931.4,34509.1,0.6065
34329.9,1149.1,34862.4,1600.0,0.6061
32233.8,4160.9,32320.0,4544.0,0.6060
34172.0,19740.3,34240.0,20157.7,0.6060
27859.8,24840.4,28477.4,25280.0,0.6060
22401.6,2433.2,23039.7,2875.8,0.6055
5641.4,25180.3,6080.0,25600.0,0.6053
13443.4,921.9,13616.2,1280.0,0.6053
20745.3,7685.9,21120.0,8109.5,0.6051
35522.2,20824.3,35892.6,21273.7,0.6049
34772.7,4161.6,35199.7,4683.8,0.6049
7773.0,34966.5,8315.3,35511.9,0.6048
10331.5,4814.4,10559.7,5213.4,0.6047
12809.1,36170.5,13436.4,36479.9,0.6047
30783.6,2880.0,31359.3,3055.1,0.6046
20893.0,5341.9,21438.7,5758.8,0.6045
24115.1,8328.9,24308.2,8638.1,0.6043
37169.8,9319.5,37439.4,9599.9,0.6043
27912.2,8835.3,28476.6,9277.5,0.6040
29458.9,21765.9,30074.7,22148.1,0.6039
23058.3,1087.8,23360.0,1279.3,0.6034
17083.6,3704.2,17279.8,4153.8,0.6031
30763.6,14937.5,31356.1,15360.0,0.6030
13825.8,6619.7,14389.5,7040.0,0.6029
33937.1,35765.3,34556.9,36153.5,0.6029
27200.0,9505.4,27298.6,9919.5,0.6028
3490.3,22212.5,3603.7,22400.0,0.6028
7695.8,22328.1,8317.6,22720.0,0.6027
24964.5,1683.6,25081.8,2240.0,0.6026
38066.1,4062.5,38647.2,4465.6,0.6026
9528.4,3521.5,9920.0,3935.5,0.6023
34017.0,3850.7,34239.5,4312.4,0.6022
17944.7,1043.9,18240.0,1280.0,0.6022
3084.2,18561.3,3460.1,18867.5,0.6019
22822.9,5597.4,23360.0,6074.8,0.6016
21163.5,7040.0,21760.0,7521.6,0.6014
640.1,4160.0,929.8,4287.1,0.6013
24864.7,870.3,24959.9,1280.0,0.6012
14926.7,236.2,15355.6,640.0,0.6005
9920.8,3950.5,10557.6,4148.1,0.6004
37453.8,22406.7,38073.8,22720.0,0.6002
29894.4,11013.8,30050.8,11510.1,0.6001
21715.7,6809.9,22075.6,6893.6,0.5996
29120.0,9126.1,29197.6,9600.0,0.5996
10596.2,4160.0,11197.3,4358.0,0.5995
3933.3,34099.9,4476.7,34558.7,0.5994
28480.0,960.9,29108.4,1152.0,0.5993
14819.9,396.1,15351.0,958.5,0.5991
37867.0,9946.9,38396.5,10398.6,0.5990
17930.7,21076.7,18557.0,21440.0,0.5990
23431.3,6310.2,23578.1,6718.4,0.5987
23449.8,7161.9,24000.0,7675.1,0.5986
13855.6,6780.9,14078.9,7011.6,0.5985
34289.0,15368.8,34880.0,15751.2,0.5984
27215.2,8006.5,27839.7,8442.6,0.5983
36384.2,19945.6,36479.8,20230.7,0.5983
32004.9,18560.0,32640.0,18894.4,0.5978
33341.6,4092.7,33478.5,4342.5,0.5977
31443.0,21068.1,31996.2,21440.0,0.5975
30604.9,4499.4,30718.7,4950.9,0.5975
31772.3,19843.0,32310.6,20310.5,0.5972
4491.4,7044.5,5004.2,7502.6,0.5972
36308.0,5760.0,36800.0,6221.2,0.5972
34521.2,6969.1,34880.0,7338.5,0.5971
33969.3,11329.0,34557.6,11839.3,0.5969
16821.0,1695.2,17280.0,2240.0,0.5969
35060.6,719.8,35293.4,1280.0,0.5969
4513.3,22106.9,5114.5,22400.0,0.5966
3843.1,34880.0,4466.3,35353.3,0.5966
36489.5,2901.6,37118.5,3294.5,0.5961
35200.7,7292.2,35520.0,7542.5,0.5959
15478.4,2765.7,15602.3,3199.7,0.5958
32960.7,33829.8,33600.0,34240.0,0.5953
3854.7,4366.2,4479.5,4721.4,0.5948
12211.4,3305.8,12343.5,3493.4,0.5947
33286.4,30721.9,33600.0,31191.0,0.5947
38458.9,3335.7,38655.6,3819.4,0.5944
22459.3,3740.8,23036.3,4160.0,0.5943
23744.2,9161.6,24316.8,9595.4,0.5941
31448.8,31423.9,31998.3,32000.0,0.5939
17997.4,33494.8,18557.6,33918.9,0.5935
36168.1,19525.4,36748.3,19839.8,0.5935
30095.9,16854.7,30717.2,17280.0,0.5934
34350.6,33288.3,34877.2,33703.9,0.5924
31117.9,3152.3,31676.2,3520.0,0.5924
18620.9,2137.8,19198.5,2560.0,0.5922
27540.8,11524.5,28160.0,11839.8,0.5922
14721.7,1949.7,14879.5,2239.1,0.5920
9691.2,35710.2,10239.8,36160.0,0.5919
10241.8,2560.0,10397.3,2658.3,0.5918
9613.0,0.0,10236.2,187.1,0.5917
35203.7,19861.7,35324.9,20418.7,0.5917
24000.2,1679.9,24162.6,1846.9,0.5913
27463.4,2024.6,27840.0,2560.0,0.5912
25632.8,2883.3,25920.0,3095.7,0.5911
26347.4,30720.0,26876.6,31154.2,0.5905
30319.2,1610.5,30400.0,2115.7,0.5905
7179.0,4160.0,7670.9,4800.0,0.5904
36820.5,14729.3,37104.9,15264.0,0.5902
6726.5,35094.1,7359.1,35520.0,0.5901
37794.5,30929.4,38396.3,31360.0,0.5900
17838.7,3608.1,18240.0,4160.0,0.5899
32765.7,35984.0,32960.0,36160.0,0.5898
12160.0,6080.0,12673.1,6575.2,0.5894
25631.4,34534.9,26235.7,34880.0,0.5893
33399.9,1291.4,33920.0,1737.3,0.5892
36526.3,3281.9,36799.6,3840.0,0.5892
19911.1,4487.0,20480.0,4803.2,0.5892
33017.5,18453.2,33597.4,18880.0,0.5890
31755.8,18902.1,32320.0,19200.0,0.5889
35841.8,905.4,35935.6,1280.0,0.5888
35201.5,3841.5,35402.8,3981.9,0.5888
19886.5,5138.6,20480.0,5630.0,0.5885
3846.1,3776.7,4480.0,4160.0,0.5883
25445.6,1190.9,25600.0,1599.6,0.5878
8854.2,1802.9,8959.7,2235.6,0.5876
31747.3,7586.4,32319.7,8000.0,0.5875
10057.7,3483.7,10240.0,3520.0,0.5874
11100.6,1808.7,11186.6,2239.8,0.5872
25337.9,21445.0,25914.0,21955.2,0.5868
36805.5,20801.6,37072.1,20958.0,0.5867
21721.2,961.6,22080.0,1445.1,0.5866
14746.3,29373.4,15355.5,29760.0,0.5865
26320.2,10510.3,26874.7,10880.0,0.5864
23644.6,249.5,24000.0,640.0,0.5863
34278.7,33604.2,34877.2,34209.8,0.5863
28362.4,11659.0,28800.0,12154.9,0.5863
12546.3,899.7,13120.0,1178.3,0.5858
12526.1,4235.0,13120.0,4479.9,0.5857
32003.9,35840.0,32640.0,36225.3,0.5856
26271.4,27767.8,26877.2,28160.0,0.5855
34285.1,8437.0,34874.6,8957.8,0.5855
16343.7,31894.1,16954.5,32320.0,0.5850
19851.8,188.9,20476.0,429.3,0.5848
35520.0,15040.0,36157.7,15365.8,0.5845
27201.3,568.1,27322.2,960.0,0.5845
14414.9,6310.9,14678.4,6720.0,0.5845
37553.6,19526.3,38067.3,20001.4,0.5844
33478.3,3846.8,33599.7,4048.6,0.5838
22085.9,7544.0,22718.0,7999.8,0.5836
38391.5,7585.2,38509.5,7670.5,0.5834
6145.5,22944.7,6715.8,23360.0,0.5834
30789.0,12161.5,31358.6,12307.1,0.5834
25283.9,8003.4,25918.5,8394.8,0.5834
32927.8,5120.6,32980.6,5375.1,0.5832
4727.5,2975.2,4789.6,3249.2,0.5831
30353.9,10053.0,30720.0,10533.9,0.5830
33374.2,30080.1,33599.1,30232.7,0.5827
8640.8,35936.8,8971.3,36413.8,0.5827
4192.1,25792.0,4798.4,26240.0,0.5823
37915.8,18560.0,38399.8,19012.9,0.5823
20882.1,12056.4,21433.7,12480.0,0.5823
7135.6,26155.9,7674.8,26560.0,0.5818
30724.4,6544.3,31360.0,7037.5,0.5818
2961.1,25823.0,3518.5,26240.0,0.5817
23360.0,3488.3,23417.3,3840.0,0.5814
34254.4,2885.4,34868.3,3185.1,0.5813
15713.9,234.9,16312.8,640.0,0.5813
12710.0,2242.9,12783.1,2542.6,0.5813
7063.5,1512.5,7679.1,1920.0,0.5810
10760.5,2880.5,10880.0,3192.2,0.5810
37760.7,15966.7,38400.0,16304.8,0.5807
35466.1,12373.5,35838.6,12800.0,0.5802
38298.1,14081.6,38656.0,14710.8,0.5802
36266.2,14082.0,36640.7,14396.6,0.5801
31041.0,8278.8,31423.3,8640.0,0.5799
31725.5,35201.5,32316.9,35698.4,0.5799
21654.4,648.5,22078.4,1125.3,0.5798
31192.6,12822.6,31680.0,13120.0,0.5797
24143.8,2393.7,24320.0,2522.7,0.5796
34645.5,6400.0,35194.7,6961.4,0.5792
31682.7,33920.0,32031.8,34058.4,0.5791
17692.3,6235.2,18233.7,6717.3,0.5790
36053.8,8964.2,36160.0,9377.0,0.5789
3520.0,36165.9,4158.4,36427.6,0.5789
25341.1,10240.8,25600.0,10372.0,0.5788
33682.8,17062.8,34238.6,17597.0,0.5787
26019.1,27905.9,26551.7,28477.8,0.5786
4161.7,34880.0,4324.1,35314.9,0.5786
11841.0,4160.7,12245.8,4273.6,0.5784
31644.6,17281.8,32000.0,17793.4,0.5782
13051.2,1739.2,13439.9,1952.8,0.5780
28027.3,1964.3,28480.0,2560.0,0.5777
19000.5,3577.4,19511.3,4155.3,0.5775
31376.1,5120.0,31998.7,5540.1,0.5774
36568.6,25992.3,37110.3,26546.9,0.5772
14721.0,2063.6,14788.8,2558.4,0.5770
25645.0,8705.1,26240.0,8949.2,0.5769
19118.3,4805.0,19517.2,5270.1,0.5769
19809.4,8322.8,20159.4,8918.2,0.5767
1600.0,1606.2,1719.8,1914.7,0.5767
15186.1,3929.8,15360.0,4480.0,0.5766
19591.0,545.8,20156.4,959.9,0.5765
26382.2,3177.7,26874.8,3520.0,0.5764
34969.2,3585.3,35520.0,3983.1,0.5762
37873.2,11523.9,38398.2,12139.4,0.5762
6722.9,3520.3,6892.0,3650.4,0.5761
3882.2,21644.7,4476.6,22080.0,0.5759
28122.9,4480.7,28480.0,4771.8,0.5759
2966.3,16819.2,3514.7,17280.0,0.5757
38151.1,17224.2,38656.0,17600.0,0.5756
36243.7,7233.7,36800.0,7675.9,0.5754
20520.9,5017.5,21120.0,5440.0,0.5752
36827.5,16002.0,37437.2,16142.3,0.5751
2877.6,6400.0,3200.0,6843.8,0.5748
33852.2,18560.0,34240.0,19183.4,0.5748
26002.2,19370.4,26555.4,19840.0,0.5748
13.0,3520.0,640.0,3680.0,0.5747
37059.3,17393.0,37375.3,17919.0,0.5747
30592.4,10899.1,31038.6,11338.3,0.5744
29894.7,35225.9,30397.2,35840.0,0.5743
14082.0,30358.7,14716.7,30720.0,0.5741
27636.2,7895.1,28154.9,8320.0,0.5739
3551.5,20982.6,4156.2,21440.0,0.5736
36598.6,8647.5,36799.0,9016.5,0.5735
36115.0,3607.3,36480.0,4160.0,0.5735
38018.7,20210.4,38184.9,20476.0,0.5733
30542.6,19201.6,30914.3,19523.8,0.5729
10947.5,5442.6,11515.3,5904.6,0.5728
30686.2,9639.3,31040.0,10240.0,0.5725
24325.9,6643.8,24959.5,7036.4,0.5725
37167.9,32321.3,37439.4,32735.3,0.5724
29120.0,2920.6,29233.7,3511.6,0.5724
33920.0,30664.3,34557.2,31040.0,0.5722
32643.0,4174.0,32736.5,4662.5,0.5721
15700.2,2240.7,16318.0,2693.3,0.5721
28218.0,9288.1,28800.0,9740.1,0.5721
37556.9,10562.0,38074.6,11027.8,0.5720
32915.3,32641.3,33280.0,32950.8,0.5718
34707.5,27208.5,35198.2,27799.3,0.5718
37512.3,11293.8,37759.8,11838.4,0.5717
38246.4,18278.5,38652.1,18560.0,0.5717
113.9,1471.0,638.6,1920.0,0.5712
3600.6,5760.2,4152.7,6381.1,0.5708
28171.5,2566.0,28480.0,3051.1,0.5706
15838.5,1270.2,16319.2,1598.2,0.5705
22268.8,2656.5,22720.0,3079.6,0.5703
34244.2,35841.1,34859.5,36170.4,0.5701
25049.2,1333.8,25598.0,1911.0,0.5700
37971.0,8016.8,38400.0,8320.0,0.5700
38240.0,8069.6,38399.9,8619.3,0.5698
401.4,19940.4,958.2,20477.0,0.5691
29409.1,4773.9,29467.2,5120.0,0.5690
6729.2,25831.7,7358.9,26236.7,0.5689
36902.6,13606.3,37434.8,14079.7,0.5689
11604.7,36332.8,11839.0,36784.5,0.5688
24323.2,3200.0,24457.5,3719.0,0.5688
3894.6,34240.0,4476.9,34721.5,0.5688
6488.6,20938.4,7037.3,21440.0,0.5688
33920.0,34560.7,34451.3,34995.4,0.5686
7689.0,3206.6,8319.3,3629.4,0.5686
36800.0,5832.5,36938.4,6080.0,0.5686
29153.9,19730.1,29759.0,20160.0,0.5685
32651.8,6880.4,33275.1,7265.3,0.5683
31861.4,5045.1,32320.0,5439.8,0.5683
27202.9,9192.7,27572.6,9600.0,0.5681
29405.1,4482.9,29486.7,4920.4,0.5681
7045.2,1920.0,7680.0,2041.1,0.5680
37825.7,14870.7,38399.1,15336.0,0.5674
32273.7,19840.0,32639.5,20309.8,0.5670
16008.5,4152.1,16634.4,4480.0,0.5668
38464.5,13133.8,38656.0,13748.8,0.5667
7140.7,5599.7,7675.0,6077.5,0.5663
13120.0,3903.5,13758.5,4173.3,0.5661
17603.5,4379.4,17918.6,4800.0,0.5659
36832.7,70.3,37119.4,434.2,0.5659
3287.3,35672.2,3837.1,36156.4,0.5658
27434.2,6406.7,27520.0,6965.0,0.5657
34244.2,6872.0,34393.2,7355.2,0.5655
30414.1,35442.0,31037.9,35840.0,0.5655
29472.6,7695.0,30074.4,8147.1,0.5654
4574.4,25741.8,5113.7,26240.0,0.5650
35291.2,6243.0,35480.2,6715.7,0.5650
21454.6,7497.6,22079.0,7998.1,0.5647
22421.0,3105.9,23039.5,3520.0,0.5646
34641.5,8702.4,35194.5,9280.0,0.5644
1635.7,24272.1,2237.0,24640.0,0.5643
2818.2,4709.7,3200.0,5118.3,0.5643
29948.6,11211.3,30079.9,11802.4,0.5642
25356.2,23.9,25920.0,339.1,0.5639
38098.2,28555.6,38651.9,29119.0,0.5638
24807.6,3520.0,25279.9,3747.3,0.5638
33093.8,13121.7,33591.7,13623.9,0.5635
20801.0,24320.1,21428.6,24722.5,0.5635
34241.1,7728.5,34573.4,8052.9,0.5629
15444.5,35520.0,15995.8,36008.1,0.5628
5643.0,3115.0,5759.2,3200.0,0.5628
21764.6,8550.9,22397.1,8960.0,0.5623
36246.2,32389.3,36790.7,32959.0,0.5620
37026.4,4606.4,37438.2,5118.0,0.5617
28480.0,6311.1,28571.6,6712.5,0.5616
32974.7,28671.3,33578.9,29119.6,0.5615
34690.5,7273.2,34815.6,7680.0,0.5615
763.1,20086.8,1276.2,20480.0,0.5615
5308.6,21386.3,5747.9,21518.2,0.5614
34584.3,4333.4,35200.0,4799.0,0.5614
23449.5,5760.0,23995.5,6290.5,0.5613
18880.4,892.4,19218.5,1107.6,0.5610
24425.5,3840.0,24955.5,4302.8,0.5610
11378.7,35738.8,11834.2,36160.0,0.5609
34831.3,13761.9,35198.5,14252.8,0.5608
32161.4,7698.4,32637.0,8000.0,0.5606
734.6,5925.6,1279.8,6395.6,0.5606
37994.3,1367.4,38079.9,1920.0,0.5605
2295.7,25489.2,2876.9,25920.0,0.5604
38490.7,31572.9,38655.6,31680.0,0.5602
32462.5,18564.6,32959.0,18880.0,0.5600
4641.6,960.9,4799.4,1037.0,0.5600
27254.3,5991.7,27834.9,6400.0,0.5599
1617.1,24525.7,2238.2,24960.0,0.5598
26389.2,4355.5,26874.3,4797.0,0.5595
35224.2,17601.5,35838.2,17898.0,0.5595
37120.0,20413.8,37244.5,20799.6,0.5594
3615.1,8152.0,4155.9,8639.9,0.5593
37832.7,23566.0,38392.8,24000.0,0.5591
35410.3,16092.7,35744.0,16640.0,0.5591
36594.2,9107.8,37120.0,9594.4,0.5590
26360.4,4480.2,26558.9,4631.2,0.5588
37121.4,937.5,37746.2,1280.0,0.5580
9040.9,25303.7,9594.7,25775.2,0.5579
32431.2,11097.3,32639.0,11515.2,0.5578
37065.9,29009.9,37440.0,29438.9,0.5575
26938.4,5126.0,27518.1,5429.3,0.5572
28537.4,7043.0,29120.0,7292.9,0.5571
18504.5,5622.6,18880.0,6077.1,0.5571
32764.6,10241.6,33267.4,10398.9,0.5571
1600.0,5276.3,1699.8,5755.7,0.5569
14076.2,6400.0,14391.5,6863.8,0.5569
29760.0,36039.7,29889.9,36477.8,0.5562
3286.4,21485.4,3825.3,21901.9,0.5554
24981.5,24597.8,25596.7,24960.0,0.5554
24060.9,22082.7,24632.7,22583.4,0.5551
2945.4,3872.4,3519.0,4252.2,0.5551
30281.4,8971.6,30715.7,9576.3,0.5546
33923.0,20949.1,34556.6,21376.6,0.5546
38477.3,14807.8,38656.0,15337.7,0.5545
30414.5,32000.0,31037.0,32480.8,0.5545
35133.0,19973.0,35200.0,20476.0,0.5545
1255.0,4088.2,1349.5,4480.0,0.5544
24424.2,722.1,24635.2,1280.0,0.5542
33350.1,12575.1,33920.0,13118.9,0.5542
34042.5,8000.4,34237.5,8400.1,0.5542
30758.3,23207.3,31353.6,23678.0,0.5541
26618.9,28480.0,27192.9,28974.4,0.5536
29120.0,9920.0,29760.0,10342.0,0.5530
26123.2,631.3,26239.4,826.3,0.5529
4540.3,24045.4,5114.2,24434.0,0.5527
4554.3,24534.5,5112.7,24960.0,0.5524
34527.6,15779.4,34880.0,16320.0,0.5518
25477.3,4567.9,25599.7,5095.0,0.5518
36802.0,2234.3,36886.5,2393.5,0.5517
30730.8,34565.9,31354.2,35119.9,0.5517
34473.8,7483.3,34560.0,7998.8,0.5513
17982.7,23244.3,18557.0,23680.0,0.5512
19841.6,4207.6,19984.6,4759.3,0.5512
34739.1,11756.6,35199.1,12160.0,0.5511
22630.6,1205.4,23038.5,1600.0,0.5509
5095.9,2666.4,5440.0,3200.0,0.5509
32706.0,27841.5,32960.0,28231.6,0.5508
2880.0,320.0,3514.3,554.4,0.5507
25240.1,31265.1,25600.0,31680.0,0.5504
16383.4,8459.1,16952.1,8782.2,0.5502
35938.0,27080.3,36474.1,27519.8,0.5500
11303.0,3180.7,11838.7,3520.0,0.5500
1540.5,967.2,1908.0,1138.7,0.5494
19570.4,208.3,20160.0,469.6,0.5494
36361.8,17859.8,36798.1,18240.0,0.5493
28166.6,3841.8,28796.3,4020.2,0.5493
20362.5,8642.4,20479.2,9054.9,0.5492
6816.8,35203.5,7360.0,35690.7,0.5491
33622.1,16850.8,34234.9,17280.0,0.5490
28499.1,11097.8,29117.5,11520.0,0.5490
2242.5,8320.0,2880.0,8756.6,0.5490
36538.6,17089.6,36736.8,17595.3,0.5488
25671.3,10277.6,26237.0,10560.0,0.5484
38010.9,20165.1,38080.0,20754.6,0.5482
22224.5,5202.4,22399.8,5759.1,0.5482
1920.0,1324.7,2023.2,1785.9,0.5478
23734.7,1180.8,23993.9,1599.3,0.5476
20425.0,7360.0,20800.0,7868.5,0.5476
28293.1,4.6,28479.5,312.7,0.5474
34242.3,6656.1,34498.7,7040.0,0.5473
34882.6,28802.7,35300.9,29229.4,0.5472
36160.3,856.9,36486.8,1279.5,0.5472
25640.8,511.2,26233.5,803.5,0.5471
26832.6,4168.9,27200.0,4794.7,0.5470
25055.0,30813.6,25595.3,31359.3,0.5469
32712.4,20008.0,33277.2,20478.4,0.5468
35083.2,18565.8,35200.0,19173.9,0.5468
34242.5,11382.0,34873.4,11839.1,0.5464
19592.3,706.5,20155.9,1280.0,0.5463
35203.1,25920.0,35838.4,26158.5,0.5461
35541.4,20160.0,36160.0,20399.7,0.5460
4534.3,35945.0,5116.4,36478.7,0.5459
5504.5,19885.0,6076.4,20279.5,0.5459
30557.1,18619.4,30909.2,19200.0,0.5457
24960.0,21769.6,25586.8,22089.0,0.5456
36800.0,8816.8,36862.4,9273.9,0.5455
29440.0,5442.0,29531.9,5758.0,0.5452
15680.0,5935.0,16088.5,6396.4,0.5452
35665.7,13773.7,36158.3,14080.0,0.5450
15815.7,6090.2,15999.8,6576.5,0.5446
27844.0,9565.8,28480.0,9920.0,0.5445
14839.7,2565.1,15360.0,3084.1,0.5444
35359.9,969.7,35445.6,1526.1,0.5443
36938.5,16657.2,37040.3,17075.0,0.5442
32465.0,12800.0,32640.0,13439.1,0.5442
980.4,23369.8,1596.2,23721.5,0.5442
34809.6,6720.0,35190.7,7145.4,0.5436
6183.4,23539.8,6720.0,24000.0,0.5435
7360.0,1262.5,7997.6,1382.6,0.5435
37035.5,5760.0,37120.0,6175.5,0.5435
17431.9,2881.2,17915.5,3274.3,0.5434
19201.5,4169.6,19364.3,4619.0,0.5431
29507.0,10319.7,29636.1,10702.8,0.5428
35959.6,8486.5,36160.0,8797.1,0.5428
1520.4,1132.0,1600.0,1585.0,0.5428
5445.3,1836.2,6080.0,2240.0,0.5427
32800.6,10906.6,32960.0,11200.0,0.5426
30775.4,9920.0,31357.3,10445.3,0.5426
28813.4,33887.3,29435.0,34240.0,0.5426
960.0,320.0,1598.6,423.5,0.5425
31688.7,18440.2,32314.8,18880.0,0.5424
3745.2,3612.5,3839.9,3838.8,0.5422
28049.8,3131.4,28478.1,3520.0,0.5419
7040.0,21120.5,7150.2,21290.2,0.5419
10357.7,29122.0,10641.3,29264.2,0.5418
12800.0,1645.1,12886.6,2238.3,0.5418
23584.6,6091.7,23678.9,6602.7,0.5417
28020.8,3597.8,28479.9,3783.5,0.5416
1612.1,22364.5,2236.0,22720.0,0.5414
30736.0,32640.0,31040.0,33262.9,0.5414
5785.0,1840.0,6400.0,2240.0,0.5410
35609.6,7043.4,35698.0,7200.9,0.5410
11532.2,4259.5,12155.5,4532.3,0.5409
32586.3,30115.9,32960.0,30399.1,0.5409
1989.2,21689.9,2557.4,22080.0,0.5409
27526.2,6024.5,28160.0,6400.0,0.5409
33939.4,10789.5,34560.0,11200.0,0.5406
29254.0,4721.3,29349.8,4905.5,0.5405
32098.9,21760.6,32636.2,22229.1,0.5404
8732.1,22976.6,9275.4,23360.0,0.5401
17944.3,1080.4,18553.7,1479.1,0.5398
36480.1,3251.7,37107.5,3520.0,0.5394
35036.5,17283.1,35199.4,17578.4,0.5394
22085.9,7849.1,22717.0,8315.5,0.5394
17432.3,7680.0,17911.4,8063.4,0.5392
31400.0,8797.8,31481.6,9280.0,0.5391
3522.6,2195.2,4157.2,2560.0,0.5388
37340.4,10883.7,37760.0,11098.9,0.5388
30080.0,5440.0,30274.9,5588.8,0.5384
22081.2,1468.7,22717.1,1915.8,0.5383
33320.1,32960.0,33599.9,33098.4,0.5381
38438.0,7096.6,38654.8,7360.0,0.5379
3537.6,35520.7,4155.5,35887.8,0.5377
7040.0,2422.1,7151.4,2834.7,0.5373
15151.7,1735.7,15679.0,2240.0,0.5367
31040.0,4551.5,31415.5,5120.0,0.5367
37737.7,25154.3,38080.0,25597.2,0.5365
7366.5,1600.4,7999.2,1782.4,0.5360
4935.5,3714.7,5120.0,3839.5,0.5359
36435.1,15.6,36800.0,522.7,0.5359
3449.5,48.3,3840.0,314.9,0.5359
36160.0,19841.6,36561.7,19982.8,0.5358
30319.1,6720.0,30399.7,6978.0,0.5358
30857.4,8001.5,31144.1,8121.4,0.5358
33600.7,2248.2,33959.9,2583.4,0.5355
36947.5,1017.1,37120.0,1278.9,0.5355
31866.2,16559.7,32319.6,16960.0,0.5351
31930.1,7959.3,31999.5,8319.2,0.5348
8066.5,35664.8,8633.5,36157.7,0.5347
31379.0,8343.6,31678.4,8960.0,0.5347
33946.7,33923.2,34556.6,34299.7,0.5339
9970.6,4274.8,10556.5,4800.0,0.5339
14401.1,1204.4,15037.9,1595.8,0.5338
960.6,1220.6,1426.8,1600.0,0.5337
33057.1,29653.0,33592.8,30080.0,0.5335
35346.9,7002.4,35518.6,7040.0,0.5335
36849.6,35662.2,37437.5,36157.8,0.5334
35201.6,7073.3,35283.2,7360.0,0.5334
33920.0,2796.9,34403.4,3200.0,0.5334
9309.2,61.1,9918.9,277.0,0.5334
3881.5,809.8,4151.6,960.0,0.5334
24732.7,1071.2,25271.9,1600.0,0.5333
26883.0,249.3,27017.9,640.0,0.5331
29124.2,7195.7,29579.4,7680.0,0.5330
37496.7,33922.5,38076.2,34379.0,0.5329
15155.0,5067.5,15359.1,5439.2,0.5328
28482.4,3783.0,29120.0,4160.0,0.5327
36839.3,2585.4,37422.5,2796.3,0.5325
36004.8,1183.7,36474.0,1600.0,0.5324
35157.3,19595.4,35520.0,20160.0,0.5324
7721.6,22576.2,8316.8,23040.0,0.5323
30136.1,13519.0,30710.9,14078.5,0.5322
14877.6,2888.4,15360.0,3375.7,0.5321
27187.8,4160.0,27519.4,4773.6,0.5318
29257.6,22956.6,29752.1,23360.0,0.5316
35243.3,6783.7,35516.6,6955.0,0.5315
36160.0,18373.9,36512.0,18497.9,0.5314
24696.8,4331.7,25280.0,4797.8,0.5313
28800.0,960.1,29197.4,1150.0,0.5312
30721.8,18648.1,30895.6,18878.8,0.5312
35890.0,10883.8,36148.5,11003.5,0.5311
768.4,3527.7,1273.6,4039.6,0.5310
26136.7,7043.3,26240.0,7332.0,0.5310
24218.5,4201.2,24319.4,4480.0,0.5308
2967.9,19037.6,3516.3,19520.0,0.5305
35842.3,25614.0,36144.0,26040.7,0.5303
992.6,19035.8,1597.1,19520.0,0.5303
3842.3,249.3,4476.1,637.9,0.5303
38362.1,34636.8,38655.3,34878.3,0.5302
32390.7,28481.8,32956.1,28959.1,0.5301
11367.5,5760.9,11840.0,6235.6,0.5300
640.0,3074.5,1056.9,3513.1,0.5300
34240.0,3842.5,34434.1,4436.7,0.5299
28978.6,648.2,29440.0,1129.6,0.5296
2883.4,4480.6,3330.1,4675.5,0.5295
6084.7,360.0,6720.0,806.2,0.5292
35310.4,16004.7,35813.5,16467.0,0.5290
37606.0,8640.8,37698.4,8708.6,0.5289
31825.0,16264.2,31999.6,16639.7,0.5285
2618.1,22544.9,3196.1,23040.0,0.5283
4801.5,3840.2,5438.1,3991.4,0.5275
13417.8,5881.3,13759.2,6080.0,0.5271
3954.7,1281.0,4480.0,1593.5,0.5269
31004.8,5445.8,31360.0,5905.6,0.5268
35809.2,3532.0,36154.9,3840.0,0.5268
30720.0,4969.5,31119.5,5440.0,0.5266
11840.0,5240.1,12028.5,5760.0,0.5263
29115.1,3881.7,29440.0,4160.0,0.5262
32961.3,5691.4,33183.8,6080.0,0.5261
9970.0,5022.2,10547.4,5440.0,0.5259
36698.9,737.5,36800.0,959.6,0.5256
31695.7,9283.9,32088.5,9789.5,0.5255
25600.0,3103.1,26239.3,3290.1,0.5254
25287.1,3021.8,25920.0,3299.2,0.5252
25288.7,555.3,25919.3,909.9,0.5251
1183.9,3640.7,1279.5,3838.7,0.5251
20166.4,2240.0,20800.0,2606.8,0.5250
37129.9,18560.0,37757.4,19030.6,0.5250
14600.4,960.0,15040.0,1491.5,0.5249
7041.2,3840.0,7680.0,4070.0,0.5249
32755.6,15451.4,33276.2,16000.0,0.5248
31391.8,34896.3,31995.9,35481.5,0.5248
32414.5,174.0,32959.4,640.0,0.5243
26609.6,9252.2,26850.3,9600.0,0.5237
32363.7,13764.3,32959.4,14273.8,0.5236
25055.7,25731.3,25589.3,26240.0,0.5235
7369.8,4398.3,7987.4,4800.0,0.5233
35200.0,2870.3,35332.2,3198.7,0.5232
29169.3,9230.7,29755.0,9600.0,0.5232
12481.4,509.2,12816.7,950.0,0.5232
5598.8,33935.4,6067.5,34560.0,0.5230
28480.0,9502.9,29116.7,9920.0,0.5230
25952.1,7602.5,26240.0,7874.2,0.5229
7114.8,4041.2,7359.2,4479.3,0.5228
37945.1,18402.2,38392.9,18876.9,0.5228
6684.4,34241.0,7040.0,34704.8,0.5228
328.8,0.0,958.0,168.7,0.5227
34322.3,13440.0,34559.8,13729.0,0.5226
20523.5,4481.7,20800.0,4665.4,0.5221
28902.0,9406.3,29436.3,9919.0,0.5219
28837.7,6218.2,29438.0,6717.3,0.5217
36889.3,21241.7,37440.0,21756.8,0.5217
10888.3,743.6,11519.2,949.1,0.5215
16656.0,320.0,17277.7,680.6,0.5213
4169.5,4160.0,4795.4,4367.5,0.5212
36591.1,5512.1,36799.5,5759.9,0.5211
29159.6,5762.5,29439.5,6075.2,0.5210
32064.2,31481.5,32635.6,31996.1,0.5208
29711.0,6405.9,30080.0,6795.5,0.5204
36782.9,13120.0,37120.0,13644.0,0.5203
32705.2,13536.9,33277.6,14077.4,0.5199
33088.2,35524.4,33589.7,36153.6,0.5198
34762.7,18668.8,34880.0,19200.0,0.5196
32783.5,9356.9,32959.7,9600.0,0.5193
37120.0,15766.6,37521.1,16000.0,0.5193
36686.3,18684.2,37117.2,19200.0,0.5191
12035.1,2240.0,12280.4,2634.1,0.5190
29272.5,0.0,29439.0,585.2,0.5188
35946.5,7493.4,36156.3,7679.2,0.5185
32470.4,30400.9,32639.0,30666.3,0.5185
9291.2,6127.0,9919.8,6400.0,0.5184
9602.7,320.8,9775.7,566.0,0.5184
15363.1,2764.7,15597.8,3200.0,0.5182
31040.0,16859.5,31540.1,17278.1,0.5181
6401.0,34808.5,6604.2,35199.3,0.5180
33285.1,31280.8,33917.8,31680.0,0.5180
29905.4,0.2,30391.6,466.6,0.5178
33399.8,91.3,33908.1,639.9,0.5177
38017.7,30403.5,38220.5,30767.6,0.5176
13121.5,452.2,13237.8,640.0,0.5174
20896.8,9068.9,21432.8,9596.2,0.5171
12165.2,1925.4,12272.2,2445.4,0.5171
15141.5,3944.0,15250.8,4330.3,0.5168
28481.3,10560.0,29120.0,10961.5,0.5168
3840.0,2579.2,4478.5,2954.6,0.5166
31680.0,9600.2,31753.3,9784.4,0.5162
23711.8,4800.0,23998.6,5091.3,0.5161
32257.9,18827.0,32633.3,19200.0,0.5161
33604.0,20800.7,34047.1,21254.2,0.5160
17990.7,32863.3,18547.6,33277.5,0.5156
2568.6,3872.1,3012.2,4160.0,0.5155
26252.2,9600.0,26878.0,10068.7,0.5154
17509.6,730.0,17913.6,1280.0,0.5154
24516.5,1399.9,24636.6,1919.8,0.5152
28481.0,4040.3,29118.3,4479.7,0.5151
23682.8,1920.9,24052.9,2433.6,0.5151
12065.4,4250.5,12477.4,4416.7,0.5149
30242.0,3934.5,30400.0,4159.6,0.5147
26867.2,2781.2,27150.3,2879.4,0.5147
1068.2,4598.2,1595.8,5120.0,0.5146
33009.8,32222.5,33600.0,32640.0,0.5144
33296.4,3398.7,33920.0,3833.2,0.5143
38064.0,2925.1,38655.2,3195.1,0.5143
29938.4,11164.6,30399.7,11512.8,0.5142
4233.1,20007.7,4794.3,20480.0,0.5142
33602.4,11722.4,33745.7,12160.0,0.5142
35081.4,20160.0,35520.0,20641.2,0.5142
27214.9,28165.0,27520.0,28638.4,0.5140
28610.6,13760.0,29117.5,14070.1,0.5139
30169.2,18095.7,30718.1,18560.0,0.5137
37454.2,9920.0,37760.0,10396.3,0.5137
27201.8,5305.2,27836.2,5759.1,0.5134
9861.0,1494.5,9920.0,1920.0,0.5133
32025.8,8978.1,32231.4,9460.5,0.5132
2240.0,2708.4,2877.5,3010.0,0.5130
38124.8,11860.9,38656.0,12473.7,0.5129
26446.5,1296.7,26880.0,1538.9,0.5127
38016.0,17610.8,38151.8,17983.2,0.5127
17820.3,2224.2,18237.2,2560.0,0.5125
23686.1,7778.1,23999.9,8312.0,0.5122
36480.0,1715.4,36586.6,2240.0,0.5122
29881.8,12412.8,30386.2,12800.0,0.5119
23100.6,3965.1,23359.8,4480.0,0.5119
17627.0,8501.7,18240.0,8960.0,0.5118
14400.5,321.5,15028.9,630.0,0.5117
4841.1,19075.3,5437.6,19520.0,0.5117
14400.0,4068.6,15038.1,4480.0,0.5113
38085.5,30403.7,38655.3,30921.1,0.5111
24322.2,4488.8,24486.5,4720.6,0.5111
512.3,1039.8,906.4,1600.0,0.5108
24364.6,5634.3,24960.0,6079.4,0.5106
8067.9,35560.5,8320.0,36159.8,0.5103
1726.1,6118.5,2232.7,6720.0,0.5102
35207.6,5297.9,35840.0,5653.4,0.5102
30141.0,819.8,30716.4,1271.6,0.5101
400.1,2502.6,960.0,2880.0,0.5101
33357.0,11840.3,33599.7,12418.5,0.5100
5192.2,4624.7,5745.4,5120.0,0.5098
26597.0,11801.7,27200.0,12158.7,0.5096
30819.3,16961.7,31040.0,17524.4,0.5096
11203.7,1929.1,11746.5,2215.2,0.5093
37188.4,19114.4,37758.7,19520.0,0.5092
8717.8,27453.0,9280.0,27840.0,0.5091
3601.5,18990.9,4154.3,19516.4,0.5090
26560.4,3200.1,26910.8,3347.7,0.5090
33067.2,3841.8,33190.4,4330.0,0.5089
18240.0,1999.5,18325.0,2560.0,0.5089
34561.4,34563.9,35197.2,34880.0,0.5088
36830.1,12342.9,37440.0,12798.3,0.5087
31738.7,2566.4,32319.7,3059.7,0.5086
25600.3,9621.0,26223.6,9920.0,0.5086
35416.6,14402.6,35838.6,14839.3,0.5086
12484.0,2880.0,12863.3,3070.8,0.5082
33509.3,4088.1,33589.7,4297.9,0.5081
24322.9,1176.4,24837.4,1599.4,0.5080
28041.8,4286.8,28478.8,4774.0,0.5079
9661.9,1769.7,9733.3,2240.0,0.5078
36915.1,5238.0,37435.4,5758.8,0.5078
33409.4,12595.5,33600.0,13111.7,0.5076
437.8,5200.1,639.7,5439.8,0.5075
15828.4,6795.7,15999.5,7358.1,0.5071
12525.2,4864.6,13114.1,5440.0,0.5068
27917.6,184.7,28156.9,452.2,0.5068
21441.4,2857.3,21499.9,3200.0,0.5066
13265.5,2617.3,13355.0,2725.3,0.5066
34021.3,27073.7,34555.7,27520.0,0.5063
36621.2,7921.6,36777.2,8318.9,0.5062
16700.2,5943.4,17272.7,6397.6,0.5060
4266.0,6405.7,4798.9,6874.1,0.5059
31202.7,31680.0,31678.6,32068.8,0.5059
21120.9,3372.5,21739.6,3827.8,0.5058
17363.1,2713.4,17919.1,3189.5,0.5058
19522.3,9280.0,20157.9,9735.0,0.5058
25927.8,5585.2,26558.5,6073.6,0.5057
36800.0,4606.1,36868.4,5120.0,0.5057
12160.0,2880.7,12241.3,3154.7,0.5054
37760.7,15681.2,37984.1,15972.0,0.5052
5495.3,22537.7,6075.4,23037.2,0.5049
37774.2,28054.6,38396.0,28480.0,0.5046
17399.2,9195.8,17891.6,9600.0,0.5042
37862.5,26296.2,38396.7,26880.0,0.5037
29647.4,8524.0,30079.0,8959.8,0.5034
651.1,6919.9,1278.1,7357.5,0.5034
32336.1,17280.0,32640.0,17894.4,0.5030
23439.5,33064.4,23997.1,33599.0,0.5029
30731.4,16321.3,31359.9,16640.0,0.5027
27595.5,12337.7,27840.0,12795.5,0.5026
32335.3,20162.8,32960.0,20616.2,0.5026
38024.9,21440.6,38653.9,21857.6,0.5025
28869.4,14401.7,29120.0,14796.0,0.5025
18309.6,1601.2,18874.6,1984.5,0.5021
32112.5,15744.7,32620.6,16000.0,0.5018
8998.1,2156.7,9277.1,2560.0,0.5017
32723.0,35991.9,33273.3,36478.9,0.5015
4423.3,34348.8,4800.0,34880.0,0.5012
25466.7,4346.4,25593.0,4792.7,0.5004
54.6,17794.8,630.3,18239.3,0.5003
32479.1,7042.1,32960.0,7675.9,0.5002
25747.2,4078.9,26237.9,4480.0,0.5001
13120.0,920.6,13755.6,1280.0,0.4999
37316.4,18380.5,37440.0,18872.8,0.4998
29201.8,15145.8,29439.8,15674.5,0.4998
18238.2,262.0,18479.7,379.9,0.4997
29120.0,5440.0,29542.1,5933.1,0.4996
25811.5,2261.3,26235.9,2677.0,0.4996
35863.2,5598.2,36476.0,6076.7,0.4996
37875.7,32967.9,38079.2,33147.7,0.4994
28689.7,857.3,28799.9,959.9,0.4993
4764.2,3104.3,4842.0,3501.9,0.4993
8001.0,1608.6,8639.8,1905.7,0.4992
36364.4,20593.7,36479.9,21120.0,0.4992
12856.5,1284.5,13439.8,1572.1,0.4991
35861.5,31598.4,36011.5,31678.9,0.4990
32869.2,13440.0,33280.0,13872.2,0.4989
25608.7,9789.9,26236.8,10237.7,0.4988
16322.8,6516.0,16498.5,7038.6,0.4987
29768.8,22670.1,30395.5,23040.0,0.4984
19605.4,963.6,20158.6,1435.8,0.4983
24647.6,269.4,24772.7,638.5,0.4982
20483.6,24645.7,21116.3,25043.6,0.4982
35678.4,13120.2,36160.0,13589.4,0.4979
36840.8,1920.0,37437.9,2128.7,0.4977
4486.4,6857.2,4955.4,7357.0,0.4974
30634.4,17041.9,31040.0,17600.0,0.4973
36764.2,12809.0,37120.0,13188.8,0.4973
8320.0,34566.5,8798.2,34923.8,0.4971
13863.0,2867.0,14400.0,3196.0,0.4971
8322.5,3679.9,8957.6,3945.5,0.4970
36511.7,18560.5,37119.9,18969.7,0.4970
19861.9,9095.0,20478.8,9280.0,0.4969
2560.0,4366.7,3196.6,4798.5,0.4968
29762.8,7487.2,30125.7,8000.0,0.4968
24961.1,6433.2,25174.6,6720.0,0.4967
20160.5,8508.5,20366.0,8959.9,0.4965
35208.6,8429.0,35653.3,8959.8,0.4965
34560.0,18685.8,35013.7,19197.4,0.4964
30906.4,8321.8,31040.0,8912.9,0.4963
37131.2,33479.5,37752.1,33920.0,0.4961
1282.2,634.9,1918.4,956.3,0.4960
2653.6,35520.0,3197.2,35983.1,0.4959
32001.5,33600.7,32128.3,33785.4,0.4957
28222.8,11201.2,28480.0,11328.6,0.4956
14080.0,2447.5,14222.4,2558.7,0.4955
34582.4,10560.8,35196.3,10811.9,0.4955
7480.0,35200.0,7679.6,35763.2,0.4954
37308.9,21152.0,37439.7,21583.1,0.4953
32084.2,472.4,32634.3,959.4,0.4953
16019.6,8496.0,16636.7,8959.3,0.4953
33377.7,6263.2,33916.3,6720.0,0.4953
37189.0,2742.4,37752.3,3124.2,0.4952
30210.6,22308.6,30706.9,22720.0,0.4952
36505.1,32217.5,37120.0,32640.0,0.4951
10449.8,1636.6,10511.0,1919.0,0.4947
30067.3,33920.2,30400.0,34446.5,0.4945
28903.9,21640.6,29434.2,22080.0,0.4943
27882.6,6739.9,28480.0,7039.9,0.4943
37825.6,5086.9,38398.8,5440.0,0.4939
29440.7,7682.7,29520.6,7796.7,0.4938
24680.1,544.9,25280.0,960.0,0.4938
36042.5,25004.1,36160.0,25466.6,0.4937
37710.3,26235.1,38079.9,26559.2,0.4937
36801.4,7362.0,36878.5,7532.7,0.4936
6199.6,22441.4,6719.8,22930.9,0.4935
5461.9,35335.4,6078.1,35837.8,0.4933
37853.6,17292.2,38388.5,17672.1,0.4932
18806.7,9074.8,19200.0,9476.9,0.4931
34562.2,16332.6,34794.5,16803.2,0.4929
20160.0,5022.0,20326.9,5436.0,0.4923
13515.4,3842.9,14077.1,4130.8,0.4922
28230.2,8555.6,28795.4,8960.0,0.4921
23040.0,6400.0,23187.9,6953.0,0.4921
5535.4,1602.2,6076.0,1732.6,0.4919
5120.0,2668.3,5760.0,3032.4,0.4914
23696.6,4481.2,24214.4,4611.5,0.4912
15401.0,9200.9,15998.2,9600.0,0.4912
37696.6,416.4,38078.3,960.0,0.4911
13773.8,36451.3,14398.0,36864.0,0.4910
32010.6,31079.1,32637.6,31360.0,0.4909
26666.9,4661.0,27197.8,5116.8,0.4909
35520.0,21377.8,35653.1,21440.0,0.4907
13860.1,2561.0,14398.2,2719.1,0.4906
6089.6,24000.0,6715.5,24490.9,0.4904
28715.3,8004.1,29120.0,8497.9,0.4903
34246.3,15692.5,34880.0,15999.0,0.4901
36504.3,14912.2,37120.0,15356.1,0.4897
36191.9,25033.0,36758.9,25369.6,0.4897
320.0,6401.2,957.4,6683.3,0.4891
9692.5,25673.7,10236.2,26240.0,0.4891
31510.0,4794.6,31986.6,5119.9,0.4890
35276.6,15372.0,35834.8,15667.6,0.4889
24963.6,6177.8,25117.3,6707.0,0.4889
37209.7,6298.0,37759.4,6720.0,0.4887
34454.9,3746.0,34519.5,4157.4,0.4885
31967.3,5004.9,32115.5,5435.3,0.4884
30945.6,8963.9,31193.3,9194.9,0.4883
15690.3,36472.3,16314.3,36864.0,0.4883
34997.6,35103.3,35199.8,35514.6,0.4882
35663.4,13536.3,35840.0,14080.0,0.4882
643.5,640.0,879.7,692.3,0.4879
38226.9,3525.3,38400.0,4022.0,0.4879
11844.4,2646.5,11930.1,2877.4,0.4877
7061.9,22612.5,7677.3,23040.0,0.4873
35919.7,11978.1,36478.1,12476.6,0.4870
29910.6,6455.3,30395.8,6919.6,0.4868
38016.6,19221.9,38475.0,19596.3,0.4867
32723.2,34600.9,33277.1,35199.6,0.4867
12201.8,35956.5,12799.2,36477.3,0.4865
37844.5,6278.1,38379.5,6715.8,0.4863
3854.7,6183.7,4479.4,6718.7,0.4863
33009.0,7794.6,33597.8,8319.1,0.4862
32011.9,20175.7,32637.9,20480.0,0.4861
36182.3,2880.0,36478.5,3334.0,0.4856
26280.7,18472.0,26878.8,18880.0,0.4856
3000.2,36234.1,3199.3,36587.9,0.4854
37939.1,12596.8,38400.0,13115.4,0.4854
30400.0,2198.3,31036.5,2560.0,0.4853
14329.6,1976.2,14399.7,2233.5,0.4853
35841.6,7691.1,35998.2,7948.6,0.4850
7681.5,1920.0,8316.2,2115.2,0.4850
4811.6,19445.1,5437.2,19840.0,0.4849
11520.0,320.4,11837.4,449.3,0.4848
30495.0,34099.4,31034.5,34557.3,0.4844
28549.5,4654.4,29118.4,5117.5,0.4844
33382.1,27211.3,33600.0,27560.4,0.4841
33600.6,35882.6,34240.0,36160.0,0.4839
31146.8,96.5,31679.1,636.0,0.4837
34409.1,6447.4,34559.3,6712.3,0.4835
16328.1,32236.2,16957.4,32640.0,0.4833
36499.2,36421.8,37112.8,36864.0,0.4830
30720.0,1104.4,30914.5,1578.2,0.4829
1036.2,3083.0,1273.2,3513.3,0.4825
36726.1,10822.0,36799.7,11200.0,0.4823
3462.9,819.7,3537.0,1280.0,0.4821
28529.6,12652.8,29105.6,13120.0,0.4818
16738.0,8000.0,17275.3,8480.9,0.4818
16979.8,31619.1,17599.6,32000.0,0.4817
1152.3,5276.9,1280.0,5754.2,0.4817
29541.9,5441.4,29759.4,5652.9,0.4815
31849.7,34114.6,31999.3,34548.9,0.4815
37443.4,21994.9,37760.0,22400.0,0.4814
20167.8,507.4,20795.9,960.0,0.4813
2246.2,20443.3,2875.7,20800.0,0.4813
26534.8,6085.0,26880.0,6551.0,0.4812
19804.7,5760.0,20160.0,6245.7,0.4812
34558.2,21060.5,34880.0,21440.0,0.4811
16089.6,1052.1,16636.9,1600.0,0.4810
37552.8,15680.0,37760.0,15718.4,0.4809
25596.0,1921.4,25920.0,2509.7,0.4808
16393.0,3228.0,16956.0,3682.1,0.4808
6996.0,33680.6,7360.0,34240.0,0.4805
35285.6,8004.4,35519.1,8151.9,0.4802
18.2,985.4,639.2,1284.3,0.4801
24000.0,6721.5,24377.6,6933.7,0.4801
10598.0,335.4,11200.0,747.2,0.4797
36555.6,7925.3,37120.0,8320.0,0.4794
30081.8,6965.8,30543.1,7360.0,0.4793
11026.3,3336.1,11199.5,3463.6,0.4793
31191.2,17853.4,31674.3,18240.0,0.4789
36882.9,32450.3,37435.5,32959.4,0.4789
640.0,1812.9,1038.2,2240.0,0.4785
12800.0,2088.6,12879.5,2560.0,0.4784
11135.2,2249.1,11195.1,2648.7,0.4781
1667.5,6644.5,1738.1,7040.0,0.4780
22491.0,24423.4,23034.2,24959.6,0.4777
9920.0,0.0,10347.8,152.2,0.4777
38018.6,15911.7,38427.5,16286.4,0.4776
32996.4,12960.4,33595.4,13427.1,0.4776
36578.0,3377.6,37116.5,3833.6,0.4774
803.3,469.3,959.8,953.0,0.4774
36552.1,11431.9,37119.4,11840.0,0.4773
30137.8,10853.1,30399.0,11200.0,0.4771
20592.1,2560.0,20799.9,2995.5,0.4770
34367.9,26884.3,34559.4,27249.3,0.4770
10.4,6393.6,637.4,6720.0,0.4768
34987.5,2329.3,35512.9,2880.0,0.4768
33676.5,32960.4,34236.6,33340.3,0.4767
24574.8,2639.6,24647.6,2872.4,0.4766
12161.4,1738.6,12306.3,1918.9,0.4765
16859.7,786.0,16919.1,1256.2,0.4765
34240.0,34333.6,34454.4,34880.0,0.4765
16449.3,7294.0,16639.5,7679.5,0.4763
28539.3,7956.5,29120.0,8320.0,0.4762
7360.0,496.3,7453.7,856.8,0.4761
34880.0,34880.0,35274.0,35374.0,0.4761
17674.8,5003.2,17919.4,5437.0,0.4760
3209.0,19116.2,3839.1,19520.0,0.4760
6732.0,3419.5,7357.9,3828.5,0.4756
32696.1,4802.0,32899.1,4986.3,0.4756
34989.1,2.4,35517.3,439.3,0.4755
31949.4,32961.9,32320.0,33310.1,0.4754
35318.0,5330.0,35518.9,5760.0,0.4753
29496.3,2390.6,30078.7,2878.9,0.4752
33462.1,19542.2,33600.0,19840.0,0.4751
36589.2,27840.0,37116.1,28255.7,0.4747
37120.1,21458.1,37757.0,21833.8,0.4744
36601.0,13010.1,36799.6,13437.6,0.4742
30403.0,33770.6,31034.4,34239.2,0.4742
17822.8,3422.2,17919.9,3833.2,0.4742
20226.4,3131.5,20799.9,3520.0,0.4741
20904.7,2136.1,21437.5,2347.4,0.4740
640.0,4757.4,904.4,4872.2,0.4740
18596.2,32878.4,19195.3,33280.0,0.4737
11442.1,1168.3,11519.0,1579.8,0.4737
35620.0,12242.6,36159.6,12792.2,0.4736
31277.3,4033.9,31359.3,4480.0,0.4736
32102.5,21121.9,32589.8,21437.1,0.4733
31472.2,5762.7,31995.6,6238.0,0.4733
25676.5,7159.2,26239.7,7676.0,0.4729
29529.9,35308.7,30068.6,35836.9,0.4728
35540.8,20978.5,36160.0,21440.0,0.4726
33571.4,10988.0,33920.0,11519.4,0.4722
36834.3,6574.8,37438.5,7037.3,0.4722
28076.1,8088.1,28159.2,8320.0,0.4721
27334.9,28387.4,27787.9,28662.1,0.4719
34010.3,26320.5,34554.2,26880.0,0.4713
33903.0,12945.6,34239.6,13440.0,0.4713
35201.2,15611.5,35837.6,16000.0,0.4710
14101.6,1175.4,14720.0,1583.1,0.4707
10410.1,25151.3,10874.5,25599.4,0.4701
35520.0,13785.2,35681.3,14393.3,0.4700
36406.3,32936.7,36800.0,33280.0,0.4699
19038.4,10761.7,19100.7,11193.8,0.4699
9702.7,35520.0,10235.5,35997.4,0.4696
15523.5,2883.1,15680.0,3516.2,0.4694
19450.8,1173.8,19520.0,1599.4,0.4691
25377.9,8796.3,25920.0,9279.4,0.4690
416.7,17421.2,953.8,17913.9,0.4689
34524.3,4446.5,34609.7,4794.4,0.4688
6820.8,4358.4,7357.6,4799.1,0.4687
37121.6,16294.6,37425.8,16640.0,0.4685
27743.3,10016.7,27821.0,10238.2,0.4685
37597.8,11663.5,37759.3,12156.5,0.4685
12800.0,3521.4,13427.6,3747.4,0.4684
28160.0,8358.8,28421.5,8960.0,0.4683
29881.2,5898.9,30398.4,6393.6,0.4683
29640.5,1639.3,30080.0,2240.0,0.4683
1610.2,5443.7,1699.2,6013.9,0.4682
27555.2,20410.5,28156.7,20800.0,0.4681
13062.6,1736.3,13119.5,1917.5,0.4680
28889.4,1600.0,29435.1,2020.2,0.4680
3520.0,2720.6,4159.5,3002.0,0.4680
25600.8,5627.1,26085.5,6080.0,0.4680
30301.5,9001.9,30399.3,9384.0,0.4679
6483.7,25691.4,7033.9,26237.9,0.4677
2648.5,19298.2,3194.2,19836.8,0.4676
32342.0,7058.0,32960.0,7360.0,0.4676
29139.4,11477.6,29759.3,11840.0,0.4675
37610.1,8752.5,38079.6,9146.9,0.4673
25668.2,321.4,25920.0,473.0,0.4672
23270.9,1247.9,23359.6,1598.9,0.4672
37072.6,3275.6,37440.0,3840.0,0.4672
2810.9,35920.3,3200.0,36480.0,0.4671
32422.3,16646.7,32953.9,16989.0,0.4669
6807.9,26275.6,7350.3,26719.7,0.4669
24534.8,1186.6,24639.2,1599.5,0.4666
6473.2,26746.2,7035.9,27200.0,0.4666
19559.2,9600.0,20153.9,10188.6,0.4660
20948.6,6167.5,21440.0,6692.2,0.4660
35938.1,6594.8,36022.3,7038.5,0.4657
24701.0,3200.0,25277.1,3657.9,0.4653
4620.1,19789.6,5117.4,20160.0,0.4650
34059.0,8884.2,34240.0,9280.0,0.4649
36452.2,4169.9,36795.0,4501.5,0.4647
36826.2,32642.1,37435.3,33054.4,0.4647
36664.6,29120.4,37120.0,29620.2,0.4647
11562.4,27212.8,12160.0,27667.4,0.4643
12816.0,28379.8,13437.1,28800.0,0.4642
5760.0,36771.8,5879.0,36864.0,0.4641
11043.3,35926.1,11512.3,36480.0,0.4639
7147.1,489.0,7680.0,957.5,0.4637
2966.7,20937.1,3514.9,21440.0,0.4637
956.2,1212.1,1046.4,1600.0,0.4634
10038.6,25931.7,10560.0,26545.9,0.4634
35524.4,18610.4,35922.6,19200.0,0.4633
33463.8,5353.6,33600.0,5440.0,0.4633
27856.1,2001.3,28046.2,2560.0,0.4632
36860.8,16324.9,37429.1,16757.4,0.4632
36881.3,3200.0,37440.0,3441.2,0.4631
17191.6,3849.3,17279.6,4261.2,0.4631
21747.7,6721.4,22076.9,6815.2,0.4629
31863.2,8129.4,32320.0,8640.0,0.4628
5788.6,1183.9,6397.9,1600.0,0.4627
33686.4,32962.7,33918.7,33306.3,0.4623
31360.0,8395.8,31425.4,8960.0,0.4623
35526.8,20713.0,36160.0,21120.0,0.4621
1075.5,17004.0,1183.5,17248.8,0.4620
22896.6,1579.4,23039.1,1920.0,0.4619
36806.5,15924.0,37436.1,16320.0,0.4617
32010.0,13914.6,32638.1,14396.9,0.4617
30972.1,13149.0,31360.0,13504.1,0.4616
36235.7,961.6,36797.5,1509.2,0.4614
29481.4,5904.5,30078.0,6396.4,0.4613
32349.7,10488.7,32958.0,10880.0,0.4611
2891.3,22450.9,3518.1,22719.4,0.4611
32544.7,18563.7,32960.0,19194.1,0.4608
2363.7,18616.3,2880.0,19200.0,0.4608
38322.2,12161.2,38370.3,12261.7,0.4607
17891.4,3840.4,18237.0,4256.9,0.4607
29549.8,13311.2,30069.0,13758.5,0.4607
27149.5,2454.7,27520.0,2880.0,0.4606
30253.8,9557.1,30400.0,9600.0,0.4603
14417.7,7263.5,14714.9,7680.0,0.4602
2262.0,1881.2,2880.0,2240.0,0.4600
32739.6,6242.9,33279.1,6718.4,0.4600
35524.1,5462.4,35980.9,5759.0,0.4594
33921.2,4164.3,34558.5,4489.5,0.4593
5179.9,21357.1,5756.5,21760.0,0.4592
34241.5,34560.1,34381.6,34757.8,0.4592
11350.1,960.6,11454.4,1187.0,0.4591
1111.2,3417.7,1597.6,3840.0,0.4589
30720.0,35532.8,31356.9,35840.0,0.4589
17639.9,4800.0,17920.0,5206.9,0.4589
12482.4,2560.9,12850.7,3048.1,0.4588
10907.1,35200.3,11516.1,35603.0,0.4587
9253.3,4697.5,9600.0,5120.0,0.4584
28258.4,10245.3,28796.4,10728.7,0.4583
31773.6,7363.1,32312.1,7762.0,0.4582
33587.1,27522.5,33920.0,28013.7,0.4576
37136.7,20387.3,37599.6,20800.0,0.4574
34618.4,3816.8,35200.0,4160.0,0.4573
24367.3,4800.2,24957.2,5321.1,0.4570
35520.0,16210.9,35718.2,16640.0,0.4569
25298.0,5335.4,25917.3,5758.0,0.4567
16267.4,322.6,16640.0,851.2,0.4567
21932.9,3528.5,22374.5,3714.3,0.4566
36932.7,17359.2,37095.9,17598.5,0.4565
11964.9,3180.8,12109.1,3520.0,0.4561
320.0,7040.0,861.2,7281.0,0.4559
32960.3,32061.0,33162.2,32359.2,0.4556
36730.1,18813.5,36800.0,19200.0,0.4556
31680.0,1548.1,31827.0,1912.5,0.4555
27710.4,2630.5,27839.5,3195.8,0.4554
30870.6,8320.0,31357.8,8781.1,0.4554
1615.1,6085.5,1753.6,6549.1,0.4551
37815.5,29144.5,38395.2,29679.0,0.4550
30708.7,4470.6,31031.4,4800.0,0.4549
35941.3,1350.0,36475.7,1916.5,0.4549
26468.3,2484.0,26559.8,2875.0,0.4547
19825.9,5125.8,20160.0,5549.0,0.4545
27233.9,6720.0,27834.6,7240.9,0.4545
35844.1,25005.2,35998.3,25393.6,0.4544
35521.7,19203.8,35896.5,19601.3,0.4542
36300.7,5446.2,36793.2,5923.1,0.4541
37666.5,5361.4,37753.6,5440.0,0.4539
32727.0,9086.9,32960.0,9328.7,0.4539
22103.5,1812.8,22640.0,2240.0,0.4537
4659.5,22477.7,5120.0,22718.4,0.4537
1046.4,4397.8,1599.5,4800.0,0.4534
31373.5,32522.8,31995.4,32958.5,0.4532
38061.3,28800.3,38653.0,29172.1,0.4530
4528.3,34634.9,5118.6,35197.5,0.4529
32000.9,33212.6,32334.2,33600.0,0.4527
12160.9,1106.1,12525.6,1279.3,0.4525
19322.5,237.5,19836.2,608.4,0.4525
536.6,279.5,958.4,536.0,0.4524
32088.4,3844.0,32318.5,4188.3,0.4523
18308.6,2882.6,18876.4,3409.4,0.4523
24248.0,1283.4,24603.9,1805.9,0.4522
33048.5,7365.3,33592.6,7805.9,0.4518
33227.0,26880.0,33600.0,27391.1,0.4517
16001.2,30987.9,16635.5,31360.0,0.4517
22404.4,872.2,22851.2,1280.0,0.4517
20512.6,8002.2,20800.0,8456.8,0.4516
19200.0,8000.0,19710.6,8454.5,0.4515
11996.9,5761.0,12475.5,6184.4,0.4513
15682.0,5936.7,16017.0,6072.4,0.4508
33600.0,35227.1,33778.4,35688.3,0.4508
23725.0,3807.1,24320.0,4160.0,0.4508
991.3,20546.4,1595.0,20937.7,0.4506
35245.2,27102.6,35837.8,27520.0,0.4504
29896.7,16237.7,30079.6,16633.1,0.4502
28882.6,14277.4,29440.0,14720.0,0.4498
16082.9,5558.3,16638.9,6080.0,0.4494
31775.6,3551.8,32320.0,3839.7,0.4492
10560.0,3624.6,11198.5,4024.7,0.4492
35520.0,14356.0,36153.1,14720.0,0.4491
21987.2,4299.7,22078.8,4795.7,0.4491
31864.9,34947.5,32000.0,35034.1,0.4490
16002.1,2245.5,16332.6,2753.9,0.4489
32498.4,5120.0,32624.4,5601.5,0.4488
32640.0,2247.0,33279.7,2524.4,0.4485
33280.1,30974.2,33373.5,31040.0,0.4483
33977.2,12585.3,34554.4,13118.2,0.4481
19849.4,5001.1,20473.7,5440.0,0.4481
2318.2,8692.5,2878.8,8960.0,0.4480
19574.5,9030.0,20160.0,9280.0,0.4478
31796.5,11691.9,32317.7,12159.0,0.4477
22423.1,5120.0,23040.0,5560.3,0.4477
25287.6,1814.0,25920.0,2240.0,0.4476
19251.7,5760.0,19520.0,6265.3,0.4476
5769.8,35520.7,6080.0,36119.6,0.4472
31832.6,4163.9,31950.4,4695.3,0.4472
34561.2,8148.6,34858.5,8640.0,0.4472
26256.2,21445.1,26878.0,21787.2,0.4472
11951.2,27401.8,12476.7,27840.0,0.4472
24297.9,3709.0,24529.3,4159.8,0.4469
12807.6,25516.4,13435.9,25918.5,0.4468
23596.0,2898.3,24000.0,3351.0,0.4467
22423.5,35840.0,23032.2,36242.5,0.4466
33928.8,11193.2,34555.9,11519.0,0.4465
21641.3,5315.9,21759.0,5725.0,0.4464
32892.0,5760.0,33278.6,6290.5,0.4462
22812.0,21214.2,23351.4,21760.0,0.4462
32104.4,10243.7,32319.6,10656.3,0.4461
13383.8,3301.2,13506.8,3360.3,0.4455
36435.5,5856.1,36538.4,6400.0,0.4454
31040.0,7687.4,31229.4,8124.5,0.4454
17047.1,7964.0,17592.6,8320.0,0.4451
32138.7,8128.4,32640.0,8636.5,0.4450
37821.6,25379.1,38080.0,25920.0,0.4449
37348.0,258.1,37438.3,640.0,0.4449
22843.2,2524.5,23356.0,2669.2,0.4448
33642.3,10760.8,34236.8,11199.3,0.4446
15043.4,1248.6,15444.1,1535.6,0.4446
18122.1,5000.9,18548.8,5440.0,0.4444
30757.2,12279.3,31354.0,12800.0,0.4442
24460.5,3281.2,24638.7,3519.0,0.4442
6721.6,3367.5,6890.8,3571.9,0.4442
3522.8,36.7,4157.6,352.3,0.4440
32729.0,456.8,33279.5,958.2,0.4439
3564.8,24057.4,4156.3,24445.7,0.4435
35539.2,5440.0,36158.8,5860.2,0.4435
37847.4,11619.9,38079.8,12155.0,0.4434
35032.9,27846.8,35199.5,28192.1,0.4432
35719.9,18658.7,35837.8,19197.7,0.4431
35903.0,29447.2,36466.7,29892.4,0.4431
36637.5,29448.7,37102.1,29904.5,0.4429
29874.8,6591.2,30079.5,6817.7,0.4429
13452.6,25860.1,14075.7,26240.0,0.4427
31502.0,9285.5,31606.6,9609.5,0.4427
6813.6,4037.6,7360.0,4479.7,0.4427
38043.0,32297.3,38656.0,32640.0,0.4426
2886.7,18840.0,3517.0,19200.0,0.4426
35320.3,13270.6,35833.7,13758.6,0.4423
32138.5,6099.1,32634.3,6400.0,0.4423
38405.6,7680.0,38656.0,8121.7,0.4421
24002.5,1601.0,24244.3,1674.0,0.4420
9548.2,2953.9,9867.0,3196.8,0.4419
19208.9,6286.1,19815.5,6718.4,0.4418
20161.0,4132.4,20558.5,4480.0,0.4416
14854.2,35840.0,15359.7,36323.5,0.4416
8707.2,26445.4,9277.5,26880.0,0.4414
37131.3,13049.3,37757.9,13440.0,0.4414
29120.0,10880.0,29280.7,11445.2,0.4412
32412.1,8328.9,32957.7,8946.3,0.4412
1374.0,3113.1,1597.9,3520.0,0.4412
7503.3,2882.6,7996.1,3231.7,0.4411
29773.2,12699.4,30400.0,13120.0,0.4407
35204.2,9605.5,35828.8,9912.3,0.4407
31220.5,18603.8,31360.0,18867.6,0.4406
23040.0,6644.1,23388.6,7040.0,0.4404
1516.5,4174.9,1595.3,4593.2,0.4402
37074.7,31360.0,37439.5,31804.4,0.4401
35967.7,9168.7,36480.0,9600.0,0.4400
16321.3,7047.1,16957.3,7489.6,0.4396
37121.2,29120.0,37254.4,29326.8,0.4396
37216.7,20360.4,37440.0,20478.5,0.4393
33361.2,12801.8,33918.6,13263.5,0.4393
12498.9,14342.0,13114.5,14720.0,0.4393
30080.0,10560.0,30287.4,11015.2,0.4392
33921.0,19501.0,34053.3,19835.8,0.4391
29454.1,12068.5,30076.4,12480.0,0.4390
35521.9,10564.9,35881.4,11104.6,0.4390
29929.2,36182.5,30080.0,36791.9,0.4390
6720.0,35520.8,6831.9,35969.6,0.4390
37835.9,17408.6,38080.0,17920.0,0.4389
36162.8,3200.0,36260.5,3672.3,0.4389
24887.0,5141.9,25280.0,5611.1,0.4388
26836.0,1036.5,27177.9,1600.0,0.4388
17577.8,7817.9,17920.0,8320.0,0.4388
17687.9,10471.5,18234.2,10880.0,0.4387
29760.0,5441.6,30297.5,5591.8,0.4385
30541.8,17490.2,31033.3,17920.0,0.4384
16716.5,1459.8,17271.2,1920.0,0.4384
37608.4,26560.5,38078.0,26987.3,0.4384
7360.0,4129.0,7996.6,4480.0,0.4383
37282.3,3210.7,37754.9,3625.3,0.4383
26241.4,6080.0,26583.2,6537.8,0.4382
34644.2,640.0,35042.0,995.3,0.4381
6512.1,3438.0,6719.1,3518.4,0.4381
26939.0,7066.2,27518.4,7680.0,0.4379
13032.5,1600.0,13438.3,1736.2,0.4379
16765.1,6940.3,17269.5,7360.0,0.4378
30984.7,961.3,31360.0,1449.1,0.4377
8320.0,36160.8,8957.2,36451.7,0.4377
12481.2,6081.2,12661.1,6374.8,0.4375
25337.9,25223.4,25908.0,25597.2,0.4373
24414.9,17476.4,24955.7,17920.0,0.4371
31378.4,4163.6,31680.0,4755.2,0.4369
34240.6,9923.0,34551.7,10323.7,0.4368
17183.7,1956.0,17596.5,2560.0,0.4364
23040.0,2915.5,23161.5,3519.5,0.4357
7689.4,26835.8,8316.5,27200.0,0.4357
31695.7,5005.6,32123.5,5438.7,0.4355
12808.7,5288.5,13434.5,5758.1,0.4355
11655.5,3232.7,11962.2,3588.8,0.4354
17333.1,11.3,17907.2,364.9,0.4354
14233.0,640.5,14398.6,780.7,0.4354
26240.9,7041.1,26400.1,7261.1,0.4353
26055.2,5251.8,26555.6,5757.0,0.4351
31002.0,16640.0,31360.0,17271.3,0.4351
5203.2,25309.7,5757.7,25833.6,0.4351
38275.2,27757.8,38656.0,28160.0,0.4348
31777.9,10503.4,32217.2,10880.0,0.4348
35766.6,20205.7,36160.0,20389.6,0.4347
35874.4,19201.8,36142.0,19414.7,0.4344
8004.0,1920.0,8640.0,2027.5,0.4343
31361.5,2523.9,31652.0,2880.0,0.4342
32060.6,6307.4,32638.8,6715.2,0.4340
24412.7,17039.7,24955.4,17599.5,0.4340
15717.6,850.3,16000.0,1279.9,0.4338
35278.7,10240.2,35519.8,10411.8,0.4337
37760.0,17601.7,38266.6,17978.6,0.4336
29941.4,6721.1,30390.4,6851.2,0.4335
4860.6,36270.3,5434.1,36800.0,0.4334
10272.0,36606.7,10511.2,36851.2,0.4332
30370.2,6316.6,30719.2,6719.1,0.4330
28483.2,20160.0,29110.3,20580.7,0.4329
38259.7,3520.2,38656.0,4013.4,0.4329
6720.0,1922.0,7358.7,2275.2,0.4328
3545.8,36403.4,4157.7,36859.5,0.4327
36161.2,3841.6,36479.0,4326.3,0.4324
26638.9,3683.1,27197.5,4160.0,0.4324
24332.5,201.9,24541.4,640.0,0.4322
9311.9,1601.7,9650.1,1815.0,0.4322
7071.8,2881.2,7199.5,2952.1,0.4321
350.6,21769.6,955.2,22096.5,0.4321
37822.6,12480.0,38391.3,12594.5,0.4320
13902.1,640.0,14012.0,675.4,0.4319
1601.4,520.8,2238.8,883.5,0.4318
30643.2,32960.0,31040.0,33469.5,0.4318
16335.9,9535.0,16956.1,9920.0,0.4317
17946.9,5446.8,18560.0,5895.7,0.4316
16669.2,30939.9,17274.2,31357.4,0.4316
36480.0,21664.3,37117.1,22080.0,0.4316
32419.6,35520.2,32954.9,36039.2,0.4315
38081.6,17298.5,38649.1,17912.3,0.4315
34949.0,30552.6,35516.3,31040.0,0.4313
28854.6,19300.1,29434.3,19840.0,0.4312
31360.2,8001.9,31700.2,8164.0,0.4312
37248.7,34563.5,37755.7,35007.8,0.4311
36981.1,14400.5,37119.6,14479.6,0.4311
35840.0,11524.0,35975.8,12124.5,0.4310
32022.9,31683.2,32639.8,32221.4,0.4310
33871.8,12219.7,34240.0,12800.0,0.4308
31808.3,30839.3,32316.7,31360.0,0.4306
13762.0,1920.0,13945.2,2133.4,0.4304
35049.9,20163.2,35199.6,20483.6,0.4302
31159.8,19524.4,31554.5,19840.0,0.4301
4481.2,3202.1,4544.6,3302.9,0.4299
31373.4,11160.9,31996.2,11519.7,0.4299
2005.6,23680.4,2556.7,24176.1,0.4298
342.4,2828.9,957.5,3200.0,0.4298
37443.3,34273.7,37829.7,34869.4,0.4297
36356.5,19087.8,36427.2,19200.0,0.4295
37773.8,8334.7,38073.3,8788.2,0.4294
30669.3,34560.0,31039.2,35086.1,0.4286
31919.6,33810.5,32317.8,34240.0,0.4286
348.0,22534.0,957.3,23040.0,0.4283
27213.3,4800.0,27835.1,5211.8,0.4283
34402.7,21357.1,34559.6,21439.9,0.4282
647.1,6272.2,1276.5,6715.8,0.4280
21524.0,5339.6,21759.9,5759.9,0.4279
14883.5,1922.0,15359.7,2295.8,0.4276
5818.6,960.0,6396.2,1349.4,0.4275
33002.7,31897.3,33597.1,32320.0,0.4275
36598.4,6081.9,36800.0,6643.2,0.4274
9370.9,26085.4,9914.7,26559.6,0.4274
35072.6,30094.6,35519.9,30549.9,0.4271
19638.9,11520.0,20160.0,12002.3,0.4271
14397.9,643.0,14719.1,1008.1,0.4270
30746.2,34242.9,31354.6,34695.5,0.4270
25630.5,896.6,26239.3,1146.2,0.4270
20496.1,6964.2,21118.9,7360.0,0.4269
22161.1,8313.6,22715.4,8640.0,0.4269
4160.0,1280.0,4798.6,1710.3,0.4268
23128.2,13770.2,23672.7,14370.0,0.4268
76.3,19299.2,633.7,19840.0,0.4268
36639.0,26519.1,36800.0,26788.4,0.4268
12974.0,35840.0,13434.8,36292.9,0.4267
4488.1,2291.5,5118.0,2530.4,0.4267
4548.8,18891.7,5117.9,19252.2,0.4266
22294.3,3204.3,22720.0,3436.0,0.4264
34499.7,7416.3,34581.4,7824.0,0.4263
32632.7,4911.4,32690.7,5117.6,0.4262
23512.5,4480.0,23999.2,4953.9,0.4262
15048.2,8962.5,15675.5,9280.0,0.4259
17622.6,1922.9,18237.2,2312.1,0.4258
23745.0,3921.3,24115.9,4480.0,0.4256
24066.3,6081.9,24637.9,6591.3,0.4256
227.5,4486.0,355.0,5007.2,0.4255
29762.4,3100.0,30159.2,3520.0,0.4254
36719.9,11205.5,37120.0,11537.3,0.4250
32000.3,18191.6,32638.3,18560.0,0.4249
9028.4,36224.0,9594.6,36698.8,0.4247
31649.8,13474.3,32000.0,13878.6,0.4246
31404.1,33921.6,31995.6,34053.4,0.4246
28820.8,12410.6,29437.0,12800.0,0.4244
35520.0,25010.3,36048.2,25422.0,0.4244
22425.0,21440.2,23033.3,21871.6,0.4243
34153.6,13449.0,34558.4,13850.0,0.4242
14751.1,32270.0,15356.4,32640.0,0.4242
29485.5,8768.9,29756.5,9279.0,0.4241
25921.2,21672.4,26556.2,22080.0,0.4238
31360.0,19828.2,31670.7,20160.0,0.4238
27286.0,29120.0,27837.4,29651.1,0.4237
28954.1,4911.9,29440.0,5440.0,0.4237
31729.9,16728.9,32297.5,17280.0,0.4236
29926.3,2457.3,30400.0,2880.0,0.4233
24320.0,22080.0,24956.0,22403.2,0.4233
2475.3,3483.8,2555.1,3840.0,0.4231
34244.5,20782.1,34879.1,21120.0,0.4230
35393.5,16674.4,35840.0,17277.3,0.4227
27919.6,320.8,28160.0,458.0,0.4227
31931.6,8320.0,32320.0,8850.3,0.4227
34607.1,35734.6,34863.6,36160.0,0.4226
37364.5,31546.1,37760.0,31995.4,0.4226
27864.5,6723.9,28158.7,7355.1,0.4225
1041.9,1970.6,1575.3,2560.0,0.4225
31711.7,36050.7,32317.4,36479.0,0.4225
19520.8,8141.6,19591.3,8320.0,0.4224
11928.6,1002.1,12474.8,1318.0,0.4221
35600.0,17173.8,35741.2,17599.8,0.4221
5194.7,5334.9,5753.4,5760.0,0.4220
20220.9,31917.9,20798.7,32320.0,0.4219
21213.0,21876.3,21750.6,22399.7,0.4218
4800.0,34240.0,5438.8,34700.8,0.4217
25920.0,3487.0,26552.4,3840.0,0.4216
33037.3,29125.7,33597.5,29648.1,0.4216
16831.6,4948.3,17269.1,5269.7,0.4216
15368.8,23622.0,15996.8,24000.0,0.4215
25968.4,17747.3,26551.2,18236.1,0.4214
25006.1,1605.4,25596.8,2080.8,0.4213
34814.7,6090.0,34880.0,6492.6,0.4211
29332.9,15364.0,29759.3,15793.9,0.4210
11876.9,18506.2,12472.4,18880.0,0.4210
17054.2,23244.0,17596.1,23680.0,0.4209
1328.6,16898.9,1918.4,17279.2,0.4205
30427.6,2244.1,30719.3,2587.6,0.4205
8406.0,27325.4,8955.6,27840.0,0.4205
4374.2,865.8,4623.4,958.6,0.4204
17030.3,6967.1,17598.2,7360.0,0.4203
28881.4,9780.3,29440.0,10227.1,0.4201
33963.6,16000.0,34239.5,16635.7,0.4199
38003.2,6450.9,38400.0,7040.0,0.4198
24064.3,2450.6,24133.7,2745.0,0.4198
32025.6,36566.5,32640.0,36864.0,0.4196
35261.2,19291.0,35520.0,19840.0,0.4196
34639.0,16960.0,35175.4,17461.8,0.4194
20875.6,33841.0,21435.3,34240.0,0.4194
22430.6,9511.1,23032.5,9920.0,0.4191
31681.7,6400.0,32022.4,6889.8,0.4190
34049.8,19506.9,34248.0,19840.0,0.4190
26968.4,13230.5,27508.1,13760.0,0.4188
33280.7,11591.0,33605.3,12160.0,0.4188
22109.2,2692.8,22355.7,2877.9,0.4188
30692.2,5850.1,31040.0,6394.6,0.4188
36482.4,24798.8,36678.5,25280.0,0.4187
22791.2,23894.2,23354.0,24320.0,0.4183
23680.0,577.2,23781.9,960.0,0.4183
33717.4,1496.5,34225.5,1920.0,0.4179
2904.8,21136.7,3515.9,21506.3,0.4179
32965.5,5053.4,33279.9,5202.5,0.4179
8976.3,427.5,9079.4,905.9,0.4179
36314.1,1719.6,36636.1,2240.0,0.4177
404.5,4743.7,638.5,5120.0,0.4175
11841.0,5557.1,12030.6,6080.0,0.4168
30156.0,36305.9,30701.0,36800.0,0.4167
6070.0,1685.7,6398.7,1920.0,0.4167
12014.5,1198.2,12159.7,1314.2,0.4166
33991.5,16701.4,34435.2,16958.0,0.4166
27678.3,1605.7,27840.0,1937.3,0.4165
34565.1,10947.0,34879.0,11520.0,0.4165
29785.9,11830.2,30398.1,12159.8,0.4164
38023.7,7680.0,38403.6,7836.9,0.4163
10495.2,3606.9,10880.0,3819.5,0.4159
24641.0,7239.8,24837.3,7680.0,0.4159
6534.0,341.0,7040.0,713.9,0.4158
19213.3,8982.0,19837.0,9280.0,0.4158
5826.5,2705.0,6396.7,3193.2,0.4157
7478.9,2243.1,7676.4,2880.0,0.4154
31537.6,12480.4,31631.0,12620.2,0.4151
36169.8,6624.9,36797.6,7005.9,0.4150
37784.3,32985.8,38398.2,33280.0,0.4150
6086.8,34100.5,6707.1,34513.8,0.4148
36160.0,3520.0,36284.2,3986.1,0.4146
29243.8,21983.4,29754.8,22400.0,0.4145
24384.3,546.3,24955.9,960.0,0.4143
23464.1,3935.3,23679.7,4480.0,0.4143
3357.3,727.3,3519.8,958.4,0.4143
1218.1,5025.3,1581.7,5440.0,0.4142
29878.3,22851.3,30385.2,23360.0,0.4141
23695.3,7505.7,24316.6,7997.2,0.4138
38203.4,19586.7,38626.2,19832.2,0.4133
8962.3,979.2,9334.7,1280.0,0.4133
12024.6,5761.8,12159.6,6224.2,0.4133
1617.7,7931.7,2235.6,8320.0,0.4133
26626.0,21443.7,27195.1,21786.2,0.4132
1396.1,2023.9,1920.0,2240.0,0.4132
3228.2,23289.0,3838.0,23680.0,0.4130
35840.4,18846.6,35964.2,19197.6,0.4130
421.4,7682.4,948.6,8121.5,0.4128
36386.9,11632.1,36800.0,12159.0,0.4127
32641.0,34421.9,32840.0,34560.0,0.4127
19853.5,3008.2,20480.0,3516.5,0.4126
29809.0,18038.3,30390.5,18558.5,0.4124
37182.1,32114.4,37752.9,32637.5,0.4122
10285.8,5667.5,10865.4,6079.6,0.4122
17752.7,4563.2,18240.0,5120.0,0.4118
5131.8,20735.4,5756.8,21117.7,0.4117
9600.0,3537.7,10235.9,3840.0,0.4117
32399.4,676.6,32956.9,1280.0,0.4115
33285.6,15046.0,33915.2,15536.1,0.4113
38270.5,1302.1,38656.0,1612.1,0.4112
4065.5,917.9,4155.0,960.0,0.4111
19423.9,2123.0,19520.0,2558.4,0.4110
36175.7,25610.5,36796.0,25988.1,0.4108
25995.8,13004.0,26551.8,13438.4,0.4105
37658.7,16787.2,37754.0,17280.0,0.4105
36489.4,17893.5,37119.3,18240.0,0.4103
32724.7,27610.6,33274.2,28160.0,0.4103
1755.0,960.0,2237.6,1149.1,0.4102
33603.0,9785.7,34139.2,10240.0,0.4101
1045.1,16642.2,1593.7,17150.4,0.4100
35533.4,4481.1,35831.1,4940.2,0.4099
20168.2,7614.2,20800.0,8000.0,0.4099
640.0,1602.2,1006.0,2071.8,0.4097
1621.2,2228.9,2237.1,2542.3,0.4096
33921.5,32554.1,34554.0,32960.0,0.4094
23680.0,963.7,24315.2,1276.1,0.4093
30556.9,4414.5,30680.9,4799.3,0.4092
6094.6,21385.5,6716.4,21760.0,0.4091
27840.0,3413.9,28476.3,3840.0,0.4090
34167.7,10039.3,34240.0,10240.0,0.4089
19522.5,2625.6,19877.1,2958.5,0.4088
15672.6,7041.2,16000.0,7617.8,0.4087
16657.5,2240.6,17274.9,2795.7,0.4085
13440.0,2260.8,13498.7,2476.6,0.4084
35061.3,13007.9,35516.1,13440.0,0.4083
31127.4,7437.2,31659.5,8000.0,0.4082
32157.0,6619.5,32316.3,6720.0,0.4081
38273.4,960.0,38400.0,1596.0,0.4081
34880.4,16982.2,35106.7,17600.0,0.4077
28800.0,3228.4,28940.5,3340.5,0.4076
33921.8,9840.0,34135.5,10235.9,0.4076
35634.6,16583.9,36151.7,16959.6,0.4076
24345.4,3520.0,24638.7,4030.4,0.4074
28691.0,11283.5,29118.4,11592.4,0.4074
30566.1,12959.1,30720.0,13436.7,0.4071
34560.9,21035.2,34675.3,21120.0,0.4070
3009.6,35843.7,3520.0,36458.8,0.4070
1920.0,3200.0,2438.0,3670.2,0.4069
38410.1,6442.4,38654.2,6742.6,0.4069
24137.1,4068.6,24638.0,4480.0,0.4068
36167.0,6789.9,36480.0,7360.0,0.4068
12616.4,27765.9,13109.9,28160.0,0.4066
13788.3,8321.6,14390.6,8784.9,0.4064
5440.0,2112.9,6079.8,2472.4,0.4063
32669.1,19710.6,33277.8,20156.6,0.4061
37836.5,7189.1,38357.6,7680.0,0.4061
23380.3,7556.9,23997.7,8000.0,0.4060
1457.1,2153.6,1530.2,2560.0,0.4058
37174.5,3686.5,37757.5,4160.0,0.4057
3594.6,23282.6,4155.3,23679.8,0.4057
24325.1,7040.0,24953.8,7525.4,0.4056
21469.8,8186.9,22070.4,8640.0,0.4055
19716.5,862.6,19840.0,1280.0,0.4053
35843.3,16414.2,35977.6,16960.0,0.4053
27200.0,11774.8,27708.9,12160.0,0.4052
35200.0,18700.1,35383.0,18912.1,0.4046
23777.8,2206.1,24320.0,2456.2,0.4044
8641.1,3072.2,9280.0,3518.8,0.4043
14431.4,36163.7,15038.1,36632.8,0.4040
36729.4,5452.4,37118.0,6038.6,0.4040
37367.6,31363.4,37760.0,31765.3,0.4040
31382.7,13985.6,32000.0,14400.0,0.4039
32737.4,10776.2,32921.2,11196.6,0.4039
34560.0,7693.8,34926.0,7904.2,0.4038
3873.0,34562.3,4478.6,35031.2,0.4038
25039.3,4101.4,25599.0,4476.0,0.4037
24000.4,1251.4,24178.7,1500.8,0.4033
1312.3,19697.9,1915.7,20160.0,0.4031
5824.6,36051.9,6396.4,36479.7,0.4030
35906.9,5243.3,36469.0,5608.3,0.4029
24320.0,3753.3,24423.0,4160.0,0.4029
37765.9,6513.4,38009.4,7040.0,0.4026
27316.5,23886.6,27833.4,24320.0,0.4024
15042.1,7364.2,15569.3,7862.5,0.4024
9922.4,327.8,10054.4,528.5,0.4024
12489.6,4358.0,13117.5,4795.6,0.4023
36090.1,17925.6,36478.3,18122.8,0.4022
2416.0,3220.2,2481.0,3520.0,0.4022
14858.4,3107.4,15040.0,3519.9,0.4022
1345.9,20013.4,1916.1,20480.0,0.4021
6611.2,23942.9,6718.0,24317.2,0.4020
32533.3,8960.0,32711.0,9464.3,0.4017
32638.9,11397.1,32722.3,11840.0,0.4017
37997.5,17933.9,38400.0,18305.1,0.4017
11305.8,7249.6,11833.6,7679.6,0.4016
7684.6,3842.8,8318.2,4043.6,0.4015
12972.5,2778.6,13052.6,3094.6,0.4014
28129.6,2295.5,28480.0,2880.0,0.4014
31411.4,4608.3,31466.0,5116.4,0.4013
34786.1,7137.9,34879.0,7360.0,0.4012
34824.3,164.9,35199.5,637.6,0.4008
1660.5,20112.9,2237.8,20480.0,0.4006
21546.7,4342.6,22074.3,4792.5,0.4000
33647.6,9318.3,34238.6,9750.2,0.3997
35907.3,5440.0,36159.6,5762.2,0.3995
29760.9,13392.0,30398.0,13759.7,0.3994
29810.8,5856.5,30076.6,6079.7,0.3993
26581.2,0.0,26880.0,590.2,0.3992
2880.0,3387.9,3004.5,3507.3,0.3992
27201.6,21710.4,27836.7,22077.4,0.3991
18880.0,1615.6,19357.2,1944.6,0.3987
15379.5,22318.0,15996.1,22720.0,0.3985
33044.9,27294.9,33591.4,27840.0,0.3982
6430.2,23942.3,7040.0,24320.0,0.3981
25629.1,3208.8,26239.6,3482.7,0.3980
36173.0,21781.0,36790.0,22080.0,0.3980
35764.0,16962.7,36160.0,17561.1,0.3980
3200.1,321.1,3444.3,480.0,0.3979
36900.5,10880.0,37437.4,11387.1,0.3977
32159.7,15367.9,32636.2,15760.6,0.3977
33757.2,5275.6,33858.9,5600.2,0.3977
10674.2,1035.7,10879.5,1278.9,0.3976
24835.1,9313.0,25278.0,9920.0,0.3975
22721.0,6721.6,22822.7,6862.0,0.3974
36404.2,1684.7,36479.2,2102.2,0.3971
5121.8,2643.4,5257.9,2878.4,0.3970
1575.3,4480.0,1920.0,5112.1,0.3967
36614.3,30087.6,37113.8,30271.4,0.3967
962.2,2445.7,1116.0,2877.6,0.3966
38101.2,6722.8,38653.8,7154.3,0.3963
7125.1,3521.2,7675.6,3627.2,0.3962
35126.9,9928.7,35517.8,10414.0,0.3961
3554.5,25505.0,4155.9,25920.0,0.3961
32101.9,4483.0,32638.8,5059.8,0.3960
35201.5,3998.4,35279.5,4160.0,0.3959
36587.6,16977.6,36799.7,17280.0,0.3958
32305.9,11844.7,32640.0,12251.6,0.3957
38435.7,21575.1,38654.7,21759.3,0.3957
34240.8,11707.4,34714.0,12158.0,0.3956
37185.2,7292.6,37352.1,7680.0,0.3955
37555.6,7636.3,37731.1,8000.0,0.3954
33351.9,34881.3,33918.0,35358.5,0.3954
14406.9,3204.0,15039.0,3688.6,0.3953
9621.5,25930.0,10237.6,26276.7,0.3953
27492.0,9923.4,27837.2,10388.0,0.3945
20641.6,30086.9,20799.8,30576.4,0.3945
19522.8,8094.0,19602.0,8502.1,0.3945
23040.0,275.1,23491.2,640.0,0.3944
15414.7,36380.6,15992.9,36800.0,0.3942
6400.3,1624.3,7039.0,1920.0,0.3940
11623.6,3520.2,12007.9,3612.5,0.3938
24663.7,22090.8,25277.0,22400.0,0.3937
14095.4,1600.0,14715.8,1959.5,0.3934
23360.8,1213.7,23696.8,1473.5,0.3932
37227.9,11737.8,37439.1,12154.4,0.3931
23040.0,3560.9,23439.2,3885.8,0.3930
37120.0,6334.0,37264.9,6711.3,0.3929
29466.3,6239.5,30080.0,6703.0,0.3929
4800.0,2238.6,5436.1,2560.0,0.3927
35126.0,10106.1,35199.8,10560.0,0.3926
29795.5,5168.2,29893.7,5254.0,0.3922
31004.5,6422.6,31360.0,6840.7,0.3919
30380.3,2880.0,30719.6,3416.6,0.3916
18449.8,66.0,18560.0,493.5,0.3915
35326.8,1179.0,35418.4,1597.5,0.3914
26292.4,8644.6,26560.0,9194.2,0.3913
25978.4,9824.3,26560.0,10240.0,0.3913
4211.3,21268.8,4797.9,21760.0,0.3912
28926.0,9283.0,29119.5,9754.9,0.3911
36500.0,14723.3,37038.4,14929.3,0.3910
24553.8,4800.0,24959.3,5081.2,0.3910
16380.8,31292.4,16955.3,31680.0,0.3910
31124.1,1602.4,31360.0,2200.0,0.3909
29121.0,4480.9,29232.7,4899.0,0.3908
32483.4,11362.4,32822.5,11837.3,0.3908
3840.0,51.2,4477.3,341.4,0.3907
31618.7,5603.8,32000.0,6068.6,0.3906
37361.4,7367.2,37754.7,7776.6,0.3906
10118.8,320.4,10240.0,493.4,0.3904
1282.2,1921.9,1500.8,2541.8,0.3900
32059.6,27844.1,32631.3,28355.2,0.3898
15702.9,30025.6,16318.0,30400.0,0.3898
25689.0,6162.7,26237.5,6714.6,0.3897
5845.0,23046.4,6397.3,23553.0,0.3896
8583.6,0.0,8960.0,640.0,0.3894
582.7,1345.0,960.0,1920.0,0.3893
35228.3,17280.0,35519.0,17818.1,0.3890
20167.6,6305.6,20795.5,6714.9,0.3889
33745.2,29121.8,33919.0,29385.8,0.3888
10242.1,4006.4,10878.7,4161.6,0.3887
3286.2,1818.4,3520.0,2239.2,0.3887
21116.5,3526.6,21440.0,4019.5,0.3886
9999.9,24699.1,10554.4,25280.0,0.3882
24864.6,4696.9,24960.0,5120.0,0.3882
20565.4,31900.8,21112.2,32320.0,0.3880
12245.1,1924.4,12308.4,2410.5,0.3879
21762.5,1015.4,22398.9,1280.0,0.3875
14903.4,1816.4,15040.0,2235.8,0.3875
5760.7,2654.3,5991.8,2800.5,0.3874
36480.0,20800.2,36748.2,21372.1,0.3873
30129.8,35283.9,30715.4,35840.0,0.3872
28800.0,13463.0,29278.7,13838.2,0.3871
22642.0,4230.6,23039.3,4800.0,0.3871
2309.2,24662.4,2878.6,25070.6,0.3871
20800.2,1280.7,21267.0,1647.4,0.3867
27548.7,5328.0,28157.1,5749.2,0.3866
12333.2,3520.8,12397.3,3613.8,0.3864
14010.5,1382.4,14079.5,1793.2,0.3863
11551.4,6300.2,12154.5,6720.0,0.3862
35988.0,11125.7,36159.4,11519.5,0.3862
6403.9,1284.9,6857.6,1542.1,0.3852
22465.8,3142.3,22719.8,3495.0,0.3852
31712.7,4160.8,31839.5,4700.8,0.3851
29756.6,5286.6,30079.5,5439.9,0.3849
4220.6,5464.5,4480.0,6078.7,0.3847
32687.8,10880.0,32960.0,11463.4,0.3843
29832.4,19297.8,30393.4,19838.1,0.3840
33886.4,5661.2,34237.5,6080.0,0.3840
26888.3,8320.6,27520.0,8792.1,0.3839
24640.7,4480.5,24715.0,4587.4,0.3839
6490.9,25399.5,7036.2,25920.0,0.3838
35842.0,20480.9,35898.8,20579.0,0.3838
30128.6,1600.0,30708.7,1940.8,0.3838
24049.8,3707.0,24167.5,3826.0,0.3836
10880.0,965.5,10946.7,1280.0,0.3835
33379.9,16226.1,33905.4,16639.3,0.3835
32151.3,4228.6,32245.2,4479.5,0.3834
13490.0,2243.0,13643.4,2373.6,0.3831
35840.0,5440.0,36464.6,5763.8,0.3829
36617.5,1280.7,37120.0,1887.6,0.3827
20551.0,1712.2,20630.0,1917.9,0.3826
35044.4,19934.7,35520.0,20480.0,0.3826
35200.0,31382.2,35839.6,31680.0,0.3825
27521.6,28480.0,27753.2,28642.5,0.3824
33810.9,14787.6,34240.0,15360.0,0.3823
28338.5,98.5,28480.0,638.9,0.3822
36483.9,19029.5,37109.8,19519.6,0.3820
35841.9,8641.0,35917.8,8932.4,0.3816
29273.0,2894.4,29440.0,3520.0,0.3816
32684.3,14347.8,33278.3,14720.0,0.3816
7686.5,35462.8,8320.0,35840.0,0.3816
19476.1,6407.2,19840.0,6934.0,0.3814
36432.3,14572.5,36800.0,15040.0,0.3813
27206.9,19071.2,27835.1,19514.5,0.3811
29361.5,4305.8,29518.4,4800.0,0.3810
33325.7,459.7,33909.8,956.7,0.3810
701.1,23216.6,1276.6,23680.0,0.3807
2564.0,1057.2,2672.8,1600.0,0.3807
17940.5,5661.9,18559.6,6080.0,0.3805
38062.4,12411.8,38652.1,12800.0,0.3805
34867.2,2560.0,35199.1,3193.6,0.3804
34240.0,15359.8,34375.9,15675.9,0.3803
29088.8,12930.5,29440.0,13436.8,0.3802
29760.2,7361.7,29838.8,7465.6,0.3801
18594.9,5348.3,19200.0,5760.0,0.3801
38355.8,14080.0,38540.8,14531.4,0.3796
22757.1,6083.7,23360.0,6433.5,0.3795
23749.8,8430.4,24316.0,8955.8,0.3794
855.5,1777.3,960.0,2238.4,0.3790
32541.4,12575.2,32640.0,13115.0,0.3786
32641.2,17282.2,33276.5,17720.7,0.3786
26420.8,10240.0,26877.3,10394.2,0.3785
24256.1,4106.9,24388.1,4160.0,0.3780
9.1,7897.3,638.0,8319.3,0.3780
22116.1,34845.5,22715.7,35200.0,0.3779
2567.2,3842.4,3004.4,4028.8,0.3778
33257.9,15043.4,33600.0,15531.9,0.3778
29762.6,35708.9,29856.9,36155.8,0.3777
32125.4,11287.9,32634.7,11840.0,0.3776
33897.3,4041.5,34094.0,4467.7,0.3775
33282.8,10513.3,33423.8,10880.0,0.3774
31453.5,20372.5,31680.0,20800.0,0.3774
2572.9,21344.3,3197.9,21760.0,0.3773
10226.5,36161.3,10560.0,36490.6,0.3773
38014.3,32000.0,38400.0,32394.8,0.3772
3955.6,20531.9,4475.6,21117.6,0.3770
28156.3,8650.4,28477.9,9083.7,0.3770
2568.6,1621.0,3199.8,1932.2,0.3767
37042.8,17764.1,37440.0,18238.1,0.3766
34072.5,11521.2,34560.0,12047.9,0.3764
37141.9,29021.9,37757.8,29440.0,0.3764
25013.4,6332.1,25595.5,6690.7,0.3763
26132.4,7360.0,26226.4,7484.1,0.3763
20618.6,2416.6,20800.0,2867.4,0.3762
13120.0,3063.2,13467.9,3221.3,0.3759
31352.7,9281.3,31425.9,9430.0,0.3756
23564.0,4234.2,23679.9,4796.8,0.3754
25955.1,3202.5,26558.6,3550.3,0.3753
4492.8,35298.1,5118.1,35840.0,0.3751
35038.5,7683.4,35200.0,8198.8,0.3749
37180.0,16394.6,37757.6,16901.7,0.3745
30510.0,5500.4,31035.0,6080.0,0.3741
4480.0,640.0,4917.3,764.6,0.3740
2272.0,5763.7,2878.4,6316.5,0.3739
37442.6,30944.0,37744.7,31360.0,0.3739
11841.8,4266.1,12071.3,4479.8,0.3737
24373.8,3846.2,24541.5,4341.3,0.3736
8184.8,22732.9,8639.8,23040.0,0.3735
37125.0,2118.6,37625.8,2543.2,0.3734
32336.7,19472.1,32960.0,19840.0,0.3731
5760.0,34243.1,6398.7,34525.6,0.3731
28520.6,22653.7,29111.9,23040.0,0.3730
3200.0,2731.5,3838.4,3072.8,0.3729
26652.2,1655.8,26877.3,1919.4,0.3727
5891.0,35343.0,6080.0,35501.2,0.3726
30431.3,13358.3,31037.3,13758.2,0.3725
3618.4,6184.8,4146.5,6720.0,0.3722
19140.9,8640.7,19520.0,9145.9,0.3722
28580.5,10100.6,29116.0,10559.8,0.3721
6400.0,960.0,7036.9,1177.8,0.3721
33924.6,16972.2,34396.8,17221.4,0.3721
32084.1,33280.0,32319.6,33865.4,0.3721
3657.8,34998.1,4159.0,35520.0,0.3720
20593.9,10.0,20800.0,640.0,0.3720
34609.0,11059.9,35195.2,11520.0,0.3720
6790.3,35741.9,7356.9,36160.0,0.3719
10088.8,25861.7,10547.5,26240.0,0.3718
37157.2,14491.8,37758.7,14718.6,0.3718
6499.6,5630.8,7037.4,6080.0,0.3717
25832.9,6412.1,25920.0,6884.6,0.3716
4473.7,3547.3,4761.1,3840.0,0.3715
17347.0,30895.2,17915.4,31359.0,0.3715
36135.4,11622.9,36471.9,12160.0,0.3714
13764.2,3522.6,14400.0,3900.7,0.3712
25418.5,3716.8,25599.6,4145.0,0.3710
27676.8,9920.0,27840.2,10377.6,0.3709
25324.2,31216.7,25913.1,31680.0,0.3709
23247.6,8834.2,23673.3,9269.8,0.3708
32433.7,13573.1,32640.0,13759.5,0.3706
15678.6,7680.5,15998.9,7801.3,0.3704
20385.5,1280.0,20480.0,1524.1,0.3701
14082.3,5417.5,14720.0,5760.0,0.3699
34341.3,28062.6,34879.4,28480.0,0.3699
30720.8,3929.9,31035.9,4473.5,0.3698
37590.5,11430.1,38075.7,11840.0,0.3695
2888.6,8434.2,3519.6,8639.2,0.3694
27200.0,2245.2,27533.5,2601.0,0.3692
37228.4,32708.7,37756.1,33280.0,0.3690
29696.6,4473.7,29826.6,4799.2,0.3689
4770.6,36254.6,5116.5,36800.0,0.3689
15444.4,6499.5,15989.3,7040.0,0.3689
25366.1,10084.2,25599.0,10376.9,0.3689
31040.0,640.0,31417.6,895.6,0.3688
20177.4,9600.0,20777.6,9723.8,0.3686
8152.4,35840.0,8320.0,36388.6,0.3686
34596.0,16641.7,35196.9,16805.4,0.3685
38016.0,5574.6,38429.9,6066.1,0.3682
2295.8,18888.6,2877.2,19312.7,0.3681
4861.1,21254.8,5436.0,21760.0,0.3681
5497.2,34623.1,6080.0,34879.0,0.3680
33928.4,16715.5,34516.0,17176.4,0.3679
37018.6,7682.7,37437.4,8284.8,0.3678
34092.6,6913.1,34240.0,7360.0,0.3678
7688.8,2738.4,8320.0,3190.4,0.3678
27200.0,6259.0,27300.5,6716.2,0.3677
21647.4,509.6,22080.0,960.0,0.3675
30084.6,19542.0,30718.3,19999.8,0.3674
34880.0,11850.7,35245.0,12160.0,0.3674
12800.5,447.1,13085.8,640.0,0.3671
35200.0,18703.8,35473.9,19199.4,0.3670
19005.1,8972.2,19520.0,9566.3,0.3667
31820.6,15177.8,32000.0,15678.1,0.3666
31361.4,33608.1,31424.7,33846.4,0.3665
33988.2,22398.1,34549.8,22720.0,0.3664
5125.1,2560.5,5756.6,2673.1,0.3664
1043.0,22786.4,1595.3,23169.4,0.3663
9316.3,4695.3,9919.9,5120.0,0.3661
33901.5,27840.0,34239.6,28419.2,0.3661
24850.1,3703.7,25280.0,4160.0,0.3660
2560.0,22316.0,2652.9,22719.2,0.3658
27853.3,6932.8,28475.2,7360.0,0.3656
34593.6,3274.1,35199.0,3504.7,0.3656
25715.8,6407.3,25919.8,6911.8,0.3655
28258.1,10578.6,28795.1,11016.5,0.3655
32947.7,5055.1,33279.3,5118.6,0.3655
33629.5,31340.0,34239.4,31680.0,0.3654
2880.0,87.9,3502.1,362.0,0.3653
20884.0,1583.4,21120.0,1919.1,0.3652
35520.0,7604.7,36037.0,7988.1,0.3648
37017.2,6993.7,37118.8,7360.0,0.3648
37230.7,11631.3,37759.5,12160.0,0.3646
24770.6,5912.4,25278.5,6400.0,0.3645
3920.2,3449.6,3981.9,3567.1,0.3645
23282.8,4689.1,23358.9,5113.2,0.3645
17003.7,4895.0,17594.9,5430.1,0.3644
20888.6,8105.2,21120.0,8629.4,0.3644
28160.0,6724.0,28306.2,7262.3,0.3642
1639.3,5676.4,1761.6,6079.6,0.3640
35075.6,18681.8,35388.4,18879.1,0.3638
33600.0,28802.2,34234.3,29066.7,0.3638
32760.4,35176.7,33279.9,35519.7,0.3638
35421.0,1444.6,35840.0,1917.5,0.3637
32361.7,15772.5,32955.9,16316.8,0.3635
14747.5,6130.4,15039.7,6659.8,0.3635
30903.3,33784.8,31040.0,33919.5,0.3635
28272.0,3764.1,28800.0,4132.5,0.3633
31920.5,28484.4,32320.0,28996.0,0.3631
15732.0,4803.1,16315.1,5329.8,0.3630
16379.1,1990.8,16640.0,2560.0,0.3629
9049.2,24188.9,9595.3,24640.0,0.3628
14754.0,7866.8,15351.8,8319.2,0.3628
13784.3,1304.4,14080.0,1740.0,0.3628
34311.8,10483.1,34878.4,10880.0,0.3627
31522.7,31233.1,31995.3,31680.0,0.3627
35047.5,15040.0,35519.3,15515.6,0.3625
31123.9,6720.9,31360.0,6858.7,0.3625
33035.4,34567.3,33598.3,34874.8,0.3624
36306.1,27520.0,36799.8,27984.5,0.3623
32406.0,17529.6,32639.1,17920.0,0.3622
29850.9,23231.0,30396.8,23679.3,0.3621
30415.8,16704.8,30973.5,17129.0,0.3621
16897.2,976.8,17142.9,1392.5,0.3621
26978.4,21914.1,27510.1,22400.0,0.3618
32834.2,8962.0,32960.0,9121.4,0.3617
29126.9,5124.0,29564.7,5451.3,0.3616
4243.6,6736.0,4800.0,7358.9,0.3616
32106.9,16672.3,32320.0,17159.5,0.3613
21120.0,4480.0,21639.6,4755.4,0.3613
33821.3,1002.9,34240.0,1599.6,0.3613
31040.7,1792.5,31147.0,1919.6,0.3612
23403.0,10117.4,23996.2,10560.0,0.3609
33920.7,14165.1,34408.1,14718.5,0.3609
29773.2,7885.4,30397.0,8311.6,0.3608
34933.6,17972.0,35520.0,18240.0,0.3607
27534.9,34534.0,28158.4,34880.0,0.3607
28501.8,23287.2,29116.1,23680.0,0.3606
35263.1,10095.5,35840.0,10555.1,0.3605
27080.6,1214.0,27147.9,1600.0,0.3604
5762.5,1600.0,6189.6,1798.7,0.3604
28107.0,7263.6,28477.6,7680.0,0.3602
18916.7,4014.4,19516.7,4480.0,0.3601
33334.0,27672.1,33919.2,28160.0,0.3600
33355.6,1089.3,33915.7,1600.0,0.3599
36896.3,27522.8,37438.3,28066.5,0.3599
35832.9,1497.2,36155.6,1918.7,0.3597
24803.4,5888.8,24960.0,6397.0,0.3597
30784.9,4807.9,31061.1,5260.6,0.3596
37122.7,5764.1,37391.1,5895.9,0.3595
30144.4,1820.2,30719.9,2240.0,0.3591
3392.7,974.7,3514.1,1280.0,0.3590
31600.5,7680.0,32000.0,8206.2,0.3589
25370.7,7489.0,25600.0,7990.6,0.3589
26010.9,9940.7,26240.0,10111.0,0.3588
4421.0,21705.3,4525.5,21760.0,0.3587
17809.6,9061.4,18232.7,9598.9,0.3587
30958.2,19680.1,31040.0,19840.0,0.3586
37441.7,1755.1,37503.4,2078.0,0.3586
33383.1,19530.5,33919.8,19999.6,0.3585
16110.3,5208.0,16634.1,5760.0,0.3583
32201.3,32960.0,32640.0,33423.1,0.3583
12118.8,5127.8,12480.0,5574.2,0.3582
13441.1,2588.6,13548.9,2727.3,0.3576
34334.6,30888.3,34876.2,31356.0,0.3573
33463.0,8970.5,33920.0,9390.4,0.3572
15085.0,3710.2,15680.0,4159.8,0.3572
11626.0,26153.7,12153.5,26560.0,0.3571
38017.4,6726.9,38112.1,7131.7,0.3571
29760.7,4871.6,29819.0,5118.8,0.3570
24457.7,5833.2,24640.0,6400.0,0.3570
26560.0,6430.8,26758.0,6843.3,0.3570
31827.5,11085.8,32313.4,11520.0,0.3566
30842.7,11068.6,31357.2,11520.0,0.3565
14405.2,30682.5,15037.7,31040.0,0.3562
13441.6,1529.9,13620.7,1722.0,0.3560
27819.1,29152.9,28157.7,29435.4,0.3560
27330.9,6400.0,27838.2,7035.4,0.3560
32361.0,36468.0,32958.0,36861.6,0.3559
36922.5,35942.9,37440.0,36480.0,0.3559
27737.3,2571.9,28151.9,2982.4,0.3554
30902.7,18881.8,30995.7,19036.8,0.3553
37069.5,29763.5,37431.5,30208.7,0.3553
20906.7,0.0,21440.0,264.6,0.3552
24395.5,259.6,24960.0,640.0,0.3552
34710.0,1735.9,35194.9,2239.9,0.3551
37441.7,7040.7,37523.4,7120.0,0.3550
30963.8,2245.3,31358.5,2554.1,0.3547
2560.0,1910.0,2665.5,2240.0,0.3545
35200.0,13054.3,35835.9,13440.0,0.3543
22400.0,1297.2,22459.6,1598.8,0.3542
29479.5,2784.6,30080.0,3200.0,0.3539
23112.5,5760.0,23675.2,6266.7,0.3538
24227.1,4482.1,24319.6,4710.6,0.3537
37425.6,35202.8,37760.0,35825.5,0.3536
29288.2,210.6,29754.5,640.0,0.3536
32573.5,28884.3,32958.3,29203.7,0.3536
26965.6,5927.8,27520.0,6400.0,0.3535
32869.6,12405.4,32959.2,12800.0,0.3533
28575.0,18710.8,29105.6,19197.9,0.3533
2376.1,1126.6,2471.9,1595.7,0.3532
34560.0,18442.1,35079.5,18880.0,0.3530
2560.0,754.2,3198.0,995.1,0.3529
8972.6,1604.8,9280.0,2040.5,0.3529
36481.1,14080.1,36607.1,14406.7,0.3529
36255.7,12966.9,36795.6,13440.0,0.3528
6409.9,35092.8,7037.1,35437.5,0.3528
28653.2,10324.7,29119.5,10878.5,0.3527
25753.7,3525.0,26228.9,3957.9,0.3526
4800.6,21120.7,5436.3,21535.0,0.3524
7680.0,0.0,8320.0,302.3,0.3523
5214.8,19073.8,5754.7,19520.0,0.3518
23907.0,1865.1,24000.0,2240.0,0.3517
23119.3,22840.6,23673.8,23355.9,0.3517
37878.7,1510.9,37991.7,1918.4,0.3516
1092.9,1496.0,1505.3,1920.0,0.3516
38391.0,33036.3,38656.0,33262.4,0.3514
33970.7,13584.2,34554.9,14069.3,0.3512
3396.1,7908.9,3519.7,8000.0,0.3511
35381.6,5773.0,35829.0,6168.6,0.3509
12108.0,3216.1,12160.0,3509.8,0.3508
1292.8,3522.8,1586.2,4133.5,0.3508
13760.0,6938.7,14230.9,7357.7,0.3508
29725.3,8960.0,30080.0,9497.5,0.3506
35664.8,2546.7,35838.3,2880.0,0.3503
36493.1,28120.7,37117.7,28480.0,0.3502
37022.3,8327.5,37119.0,8819.8,0.3502
21440.0,6927.9,21617.7,7038.9,0.3502
13672.8,5444.2,14079.3,5889.1,0.3501
36299.0,30555.8,36800.0,31040.0,0.3501
9931.7,663.2,10239.1,960.0,0.3499
38492.9,1745.9,38656.0,2234.2,0.3498
29763.6,3407.1,30241.4,3833.6,0.3498
1933.7,1938.4,2560.0,2240.0,0.3497
13502.9,5886.7,14062.6,6398.8,0.3497
11098.5,1790.8,11199.8,1920.0,0.3494
25048.7,31905.2,25280.0,32319.6,0.3493
36265.0,31533.0,36794.4,31996.6,0.3493
27840.3,117.9,27975.2,470.1,0.3488
32643.4,4762.1,32898.3,4800.0,0.3487
33600.6,12810.9,34233.8,13120.0,0.3487
35982.1,2240.9,36277.5,2428.5,0.3486
29213.2,8650.0,29438.4,9003.6,0.3483
37454.3,2696.5,38080.0,3146.0,0.3482
34887.1,19361.5,35334.5,19839.1,0.3479
13779.1,29071.2,14396.4,29440.0,0.3478
11998.8,655.2,12159.1,1051.8,0.3478
23219.5,3228.2,23680.0,3808.7,0.3478
33916.8,17310.7,34240.0,17920.0,0.3477
32966.8,35287.1,33597.9,35643.2,0.3475
31601.8,10240.1,31997.9,10451.0,0.3474
8223.7,34781.8,8320.0,35199.7,0.3473
37442.9,19103.8,37550.0,19514.1,0.3472
36805.3,20278.0,37277.0,20800.0,0.3472
37551.5,17312.7,38080.0,17598.4,0.3471
13120.0,1711.3,13543.4,1825.6,0.3469
35230.3,12804.4,35839.5,13250.9,0.3468
3521.5,7898.4,3707.6,8000.0,0.3467
5073.0,2639.4,5439.0,2879.4,0.3466
81.8,21864.2,636.6,22400.0,0.3465
22230.1,5443.1,22400.0,5971.7,0.3465
31360.0,9726.0,31890.4,10240.0,0.3465
37440.0,3525.0,37631.2,3947.5,0.3464
35701.4,28480.0,36160.0,29112.9,0.3463
4852.7,22659.3,5435.8,23040.0,0.3463
16925.7,7073.1,17275.3,7680.0,0.3462
21924.0,6070.9,22080.0,6399.4,0.3461
32000.6,4807.8,32308.8,5098.2,0.3461
30488.0,18109.1,30719.1,18379.4,0.3459
32123.9,27116.4,32634.4,27520.0,0.3458
12056.1,5111.8,12140.1,5431.0,0.3456
26002.6,10671.1,26543.2,11196.7,0.3455
19300.6,199.1,19519.9,640.0,0.3451
33155.1,11026.8,33280.0,11512.5,0.3451
17620.2,2975.4,18234.5,3370.1,0.3449
31680.0,20160.0,32175.3,20632.9,0.3449
30805.4,19435.6,31358.8,19840.0,0.3448
19092.2,5148.2,19200.0,5440.0,0.3446
35865.3,28039.1,36475.5,28478.7,0.3446
26943.2,1249.6,27515.5,1600.0,0.3445
36512.3,14400.3,36798.1,14902.7,0.3444
15372.8,26166.8,15997.0,26560.0,0.3444
34873.1,1121.1,35200.0,1600.0,0.3443
13036.3,1450.4,13119.8,1910.3,0.3443
15040.5,7668.1,15402.3,7997.9,0.3440
31680.8,33605.8,32154.0,34076.9,0.3439
35864.7,33600.4,36477.9,34133.3,0.3437
814.2,1610.0,960.0,2011.6,0.3437
30778.2,7563.1,31357.3,8000.0,0.3435
35095.3,3983.3,35186.0,4214.6,0.3433
33005.6,32982.2,33596.9,33559.5,0.3432
33989.7,16482.4,34539.2,16958.4,0.3432
31084.8,35704.1,31676.0,36159.5,0.3432
27386.8,1761.0,27833.2,2239.9,0.3430
38395.9,5144.0,38453.9,5600.8,0.3430
29354.3,19526.4,29758.0,20039.9,0.3430
34646.1,3401.5,35194.2,3839.0,0.3428
26266.1,3520.0,26880.0,3614.3,0.3427
36247.6,8181.8,36469.0,8320.0,0.3423
34689.7,4831.7,34880.0,5440.0,0.3423
10898.4,1457.7,11516.5,1615.1,0.3422
10497.1,2561.4,10559.4,3053.2,0.3421
463.1,5130.8,640.0,5665.7,0.3420
32704.8,18889.4,33264.2,19314.6,0.3418
3848.2,3475.0,4478.9,3772.9,0.3417
33635.9,9606.1,33920.0,9959.9,0.3417
1041.2,4270.0,1277.9,4800.0,0.3416
960.0,2171.9,1086.3,2560.0,0.3416
30883.8,10473.3,31040.0,10869.0,0.3416
31087.6,8000.0,31359.4,8224.1,0.3416
30545.3,18240.0,30720.0,18841.6,0.3412
20226.6,5265.4,20800.0,5757.0,0.3411
7444.6,23470.5,7996.2,23997.5,0.3406
26881.7,6082.9,27199.9,6411.9,0.3406
37009.7,642.9,37248.2,959.6,0.3404
24087.2,2112.5,24635.6,2554.6,0.3404
13762.0,4213.5,14400.0,4480.0,0.3403
36885.4,562.5,37034.4,633.7,0.3402
32723.6,31765.5,33269.9,32312.4,0.3398
30565.2,6080.0,31040.0,6535.5,0.3398
7052.7,22414.7,7676.0,22782.0,0.3395
19303.4,8463.3,19836.1,8955.6,0.3395
12677.0,3858.5,13120.0,4158.8,0.3395
35870.8,36376.4,36472.2,36859.6,0.3394
36079.8,36357.3,36160.0,36480.0,0.3393
25619.0,3400.8,26239.1,3840.0,0.3393
25046.3,15580.0,25595.1,16000.0,0.3391
36455.1,8004.3,36800.0,8515.5,0.3390
32460.6,31680.0,32640.0,32179.8,0.3390
34756.0,1189.6,34824.3,1599.5,0.3390
4871.6,18493.3,5434.7,18880.0,0.3387
36638.4,16651.7,36747.0,16893.0,0.3384
17280.0,2904.1,17356.5,3368.6,0.3383
8010.8,24647.9,8640.0,24960.0,0.3380
23587.7,4484.3,23680.0,4800.0,0.3376
37389.6,33280.0,37759.7,33751.1,0.3374
23228.9,2524.5,23417.9,2560.0,0.3373
12480.0,3200.0,12928.0,3307.1,0.3372
2259.0,1105.2,2372.5,1598.5,0.3372
18241.7,21359.4,18873.4,21759.3,0.3370
10656.4,2929.2,10758.7,3196.4,0.3369
33936.7,14973.3,34555.5,15360.0,0.3369
1.2,3247.8,640.0,3514.8,0.3366
1642.1,3841.0,1920.0,4066.1,0.3365
37900.4,25921.7,38079.2,26279.6,0.3364
31362.8,30630.2,31996.8,31040.0,0.3362
35851.3,1609.5,36480.0,1929.2,0.3358
4575.9,4440.6,5117.1,4800.0,0.3358
27988.5,12849.3,28476.7,13248.8,0.3356
13760.0,994.1,14399.3,1280.0,0.3355
33642.2,7680.0,33918.6,8211.6,0.3353
7305.1,33924.2,7680.0,34325.0,0.3353
36810.8,29440.0,37437.0,29840.7,0.3350
8393.2,22848.7,8954.3,23356.5,0.3350
2560.0,640.0,3200.0,892.6,0.3350
28480.0,11439.2,29117.1,11840.0,0.3347
31293.8,10564.2,31680.0,11117.7,0.3346
14799.7,4247.5,15355.1,4799.4,0.3344
8136.6,24326.6,8640.0,24791.1,0.3344
32589.2,6875.8,32960.0,7360.0,0.3342
28805.5,4023.8,29147.7,4475.0,0.3342
22800.3,2781.0,23040.0,2828.9,0.3341
34597.2,4482.3,34880.0,5090.5,0.3339
27954.2,22297.0,28471.5,22719.0,0.3338
19260.6,22298.4,19837.1,22719.4,0.3337
31852.2,34240.7,31998.8,34389.2,0.3337
4669.1,24207.9,5116.2,24638.0,0.3336
28803.2,4911.3,28887.6,5436.4,0.3335
12575.6,3171.4,12940.0,3264.7,0.3334
33622.7,19207.0,33912.9,19822.9,0.3334
33485.6,5440.2,33599.8,6041.1,0.3334
34880.0,28481.5,35421.4,28985.7,0.3332
16360.8,29699.2,16957.5,30080.0,0.3331
28505.2,7040.0,28800.0,7653.9,0.3330
34560.0,19778.9,34628.9,20146.6,0.3328
10564.6,3201.4,11200.0,3314.1,0.3327
26657.5,4452.4,27197.6,4800.0,0.3327
31658.7,1601.3,32000.0,2178.6,0.3326
37446.4,15852.5,38080.0,16222.5,0.3325
37120.0,9293.8,37657.9,9640.9,0.3322
38088.7,18882.4,38655.4,19184.7,0.3318
12574.7,4279.8,12799.8,4479.5,0.3318
22319.5,2731.9,22400.0,3187.5,0.3316
33836.9,15362.2,34240.0,15800.9,0.3316
6086.9,4161.2,6717.8,4340.5,0.3316
33866.2,26245.0,34240.0,26715.1,0.3314
26574.2,9026.0,26880.0,9600.0,0.3313
9336.8,4800.0,9903.4,4969.7,0.3312
7664.5,2881.3,7998.4,2978.0,0.3312
22523.7,9283.5,22720.0,9544.6,0.3312
7043.6,1280.9,7490.0,1383.5,0.3311
35264.8,15376.0,35520.0,15677.0,0.3311
37867.1,20016.7,38397.7,20477.8,0.3310
15362.2,921.4,15486.9,1277.2,0.3309
26973.9,12304.6,27516.4,12800.0,0.3309
21647.8,2573.4,21760.0,3121.2,0.3308
36924.9,8960.0,37440.0,9494.0,0.3307
30222.9,8002.8,30400.0,8524.7,0.3306
30541.1,13120.0,31036.9,13259.0,0.3306
5126.1,1916.3,5757.1,2224.6,0.3300
37547.4,2929.6,38077.9,3200.0,0.3299
33271.4,13804.3,33598.5,14077.8,0.3298
35850.8,8000.0,36160.0,8477.6,0.3298
308.1,3847.8,638.8,3999.0,0.3297
35840.0,2173.4,36255.2,2560.0,0.3296
33233.2,1923.2,33600.0,2185.3,0.3295
6903.4,3309.8,7036.5,3519.2,0.3295
8640.0,3523.7,9277.0,3833.3,0.3294
29148.6,6081.3,29440.0,6244.2,0.3294
24432.6,3846.9,24560.2,4469.2,0.3291
24662.6,21760.0,25275.6,22220.4,0.3288
19520.0,3447.4,19608.7,3836.8,0.3287
31040.3,36329.3,31677.9,36796.4,0.3285
31072.9,30736.2,31679.2,31040.0,0.3283
19378.8,3069.7,19506.1,3200.0,0.3282
10576.2,4733.5,11196.3,5120.0,0.3282
36800.0,2766.8,37437.6,3196.1,0.3279
33280.0,30243.9,33910.3,30717.4,0.3278
25749.6,2471.3,26236.7,2880.0,0.3277
5354.8,3563.0,5439.7,3632.0,0.3275
21673.7,724.0,21759.9,959.1,0.3274
26440.3,3290.8,26560.0,3399.3,0.3273
11941.3,1319.3,12458.5,1539.8,0.3272
36257.0,679.6,36479.7,958.5,0.3270
23360.0,22720.0,23996.2,23008.2,0.3270
15686.5,20442.8,16318.0,20800.0,0.3269
2282.9,19208.6,2864.2,19520.0,0.3266
24004.5,3787.7,24271.9,4008.5,0.3264
32477.2,8859.6,32555.9,9280.0,0.3264
34567.5,16174.7,34856.4,16640.0,0.3262
30249.3,3840.5,30399.1,3950.8,0.3261
4936.4,35469.7,5440.0,35826.0,0.3260
1281.7,5760.0,1639.7,6213.5,0.3259
32413.5,9500.9,32955.8,9920.0,0.3259
29586.7,4562.8,29650.5,4797.5,0.3258
33091.9,6856.3,33596.2,7356.2,0.3254
21008.1,6407.5,21435.0,6832.2,0.3253
29154.8,34804.3,29751.0,35200.0,0.3252
18898.3,5562.9,19517.8,6069.5,0.3252
35454.4,16960.0,35840.0,17460.5,0.3252
24640.0,893.5,24713.8,1280.0,0.3251
58.2,8709.9,635.9,9278.0,0.3247
35757.5,5764.3,36145.0,6011.2,0.3247
33860.6,7259.2,34240.0,7680.0,0.3243
32249.8,21089.5,32320.0,21437.8,0.3241
4299.6,23901.4,4797.2,24320.0,0.3241
34583.4,21120.5,34973.4,21242.4,0.3239
36480.0,34242.5,36872.9,34710.0,0.3238
32445.2,16555.6,32639.3,16959.7,0.3238
29624.2,4231.0,30080.0,4480.0,0.3238
8320.9,1177.0,8447.3,1289.4,0.3237
5500.9,25600.0,6075.9,26113.8,0.3236
12181.7,19479.0,12795.7,19840.0,0.3235
24854.9,1195.3,24957.4,1600.0,0.3235
19200.0,1172.0,19706.7,1600.0,0.3234
23166.3,2884.0,23359.6,3513.3,0.3234
31527.2,15516.1,31998.4,15996.0,0.3234
38016.0,2338.1,38450.4,2879.9,0.3234
7421.7,1498.6,7999.0,1866.9,0.3232
38044.5,16857.3,38164.3,17280.0,0.3232
32605.8,16962.8,32960.0,17596.8,0.3231
13767.0,29375.8,14396.9,29758.2,0.3229
9677.6,6401.0,10234.0,6891.2,0.3229
19427.1,7832.8,19520.0,8318.9,0.3228
11949.7,35900.8,12465.6,36478.0,0.3227
1603.4,6634.7,1731.1,7038.6,0.3227
30081.9,14894.0,30717.7,15360.0,0.3226
5138.8,33600.0,5756.4,34047.2,0.3225
15374.8,22979.4,15992.7,23360.0,0.3225
3220.7,22877.2,3837.3,23359.0,0.3223
4730.1,2882.1,5120.0,3407.1,0.3223
24966.1,7761.8,25205.2,7989.1,0.3223
37505.1,21498.0,38079.4,21759.3,0.3221
11180.1,1829.3,11514.0,2230.0,0.3221
5568.7,1670.0,5760.0,1920.0,0.3219
34918.4,35656.6,35518.5,36153.1,0.3217
32002.8,34803.2,32635.4,35200.0,0.3215
1498.4,1600.8,1598.9,1815.0,0.3214
34560.0,10577.3,34915.8,10858.5,0.3213
29841.8,34010.3,30398.9,34560.0,0.3211
28079.3,834.4,28478.9,1280.0,0.3211
37542.0,24965.7,38064.3,25417.4,0.3210
24084.4,7130.7,24319.4,7648.8,0.3210
33445.6,4481.2,33598.4,4696.9,0.3205
22730.4,3590.0,23358.8,3905.0,0.3205
36884.1,31919.9,37437.8,32320.0,0.3204
28012.7,8640.0,28160.0,8717.0,0.3203
33446.7,17481.1,33907.7,17920.0,0.3201
35522.1,8787.9,35609.1,9280.0,0.3199
24305.7,1943.5,24637.0,2240.0,0.3198
3.2,19804.2,638.2,20160.0,0.3194
26255.5,6412.1,26785.4,6881.0,0.3191
37213.4,14082.7,37440.0,14400.0,0.3191
36335.0,25986.9,36479.9,26238.9,0.3189
34242.8,18560.0,34878.7,18994.2,0.3189
35568.9,34880.0,35840.0,35006.8,0.3189
30801.7,9388.7,31356.6,9920.0,0.3185
35200.0,17046.1,35653.0,17600.0,0.3184
34382.9,33116.1,34871.6,33597.4,0.3183
23846.8,9280.0,24000.0,9361.3,0.3183
32484.8,1600.0,32951.8,1862.1,0.3182
27982.5,2291.5,28160.0,2880.0,0.3182
32407.9,16321.2,32639.5,16852.3,0.3182
26494.9,19523.0,26880.0,19913.1,0.3181
26337.9,3940.0,26868.5,4480.0,0.3181
35596.2,2041.7,36154.2,2560.0,0.3181
37419.3,28032.8,37760.0,28480.0,0.3180
18880.6,2651.4,19518.7,3044.3,0.3179
17602.4,6105.2,17981.5,6400.0,0.3179
27853.1,5016.6,28478.6,5440.0,0.3178
35530.6,15304.8,36157.5,15680.0,0.3177
2580.0,4827.1,3200.0,5252.5,0.3175
37284.9,13555.5,37760.0,14078.6,0.3175
31745.6,17709.0,32314.9,18237.5,0.3172
21897.4,4331.9,22397.5,4797.8,0.3172
37853.3,1837.3,38008.6,2240.0,0.3168
37133.7,7046.6,37440.0,7672.2,0.3168
20568.0,24413.1,21118.3,24960.0,0.3167
31692.6,3840.0,32000.0,4385.9,0.3166
28254.0,6394.4,28346.5,6569.3,0.3164
36859.5,14400.0,37120.0,14620.4,0.3164
25015.9,370.6,25280.0,959.3,0.3164
28186.8,12151.9,28797.8,12480.0,0.3164
4968.7,2671.4,5119.8,2878.6,0.3163
13016.9,5968.7,13440.0,6398.0,0.3162
34880.6,3332.4,35214.1,3520.0,0.3158
2647.8,25744.3,3195.5,26240.0,0.3157
11969.4,26359.2,12479.1,26880.0,0.3157
15448.7,36087.9,15995.6,36480.0,0.3156
7704.8,3200.9,8315.4,3286.9,0.3156
38083.0,18275.2,38655.1,18681.9,0.3153
23131.7,2773.6,23358.5,3200.0,0.3153
31691.5,32601.3,32302.3,32960.0,0.3153
27076.9,9516.6,27313.3,9919.5,0.3153
38093.8,1741.8,38383.2,2237.6,0.3152
7371.4,1670.0,7999.4,2007.3,0.3152
15680.0,3287.9,16318.2,3609.0,0.3151
13248.6,6821.3,13439.7,7352.6,0.3151
1.7,5503.0,113.1,5779.1,0.3151
36997.5,5991.7,37440.0,6373.4,0.3150
6426.9,3348.3,7035.8,3617.2,0.3149
2981.0,35745.7,3516.4,36160.0,0.3149
31083.1,33842.8,31679.3,34237.9,0.3147
32521.5,4800.9,32679.7,4908.1,0.3147
20537.8,24910.2,21117.8,25280.0,0.3146
27202.7,1605.6,27519.4,2087.7,0.3146
16693.0,32249.2,17277.1,32640.0,0.3143
18240.2,1946.9,18877.5,2235.2,0.3143
28644.4,3283.8,28797.9,3520.0,0.3143
931.5,1392.2,1277.7,1920.0,0.3142
2309.6,5182.5,2879.9,5439.5,0.3142
16985.6,30034.2,17596.2,30400.0,0.3140
1922.8,2241.1,2558.9,2379.9,0.3139
11200.8,320.0,11837.9,632.9,0.3139
16203.7,2145.2,16320.0,2552.9,0.3137
27359.1,6700.0,27520.0,7040.0,0.3135
29496.5,15683.7,29760.0,16053.2,0.3135
1280.0,5981.9,1632.1,6400.0,0.3133
33000.2,27520.0,33595.4,27974.4,0.3133
1605.2,3200.1,2237.5,3416.8,0.3131
28800.0,7641.2,28966.4,7680.0,0.3131
36205.8,16320.0,36790.0,16917.9,0.3131
26374.4,9920.6,26880.0,10418.2,0.3130
16306.3,4380.3,16634.0,4799.5,0.3130
11902.7,35696.5,12469.2,36159.2,0.3129
34950.5,34262.1,35514.4,34755.3,0.3129
33303.4,12419.2,33920.0,12800.0,0.3127
20242.7,24781.4,20790.3,25277.7,0.3127
34880.0,1790.5,35424.5,2240.0,0.3125
27290.1,20296.9,27835.7,20799.9,0.3125
37337.8,21171.2,37440.0,21439.3,0.3122
15612.0,2573.2,15679.6,2879.6,0.3121
32960.0,11526.4,33078.4,12158.6,0.3121
654.6,2382.4,1171.7,2880.0,0.3120
35510.1,35281.6,35840.0,35840.0,0.3119
34562.5,17173.9,34637.1,17425.1,0.3118
37006.4,27200.3,37428.2,27355.3,0.3117
4480.1,2603.6,4672.8,2806.7,0.3117
32723.5,33206.0,33274.0,33600.0,0.3116
36300.7,15877.7,36795.1,16320.0,0.3115
13124.3,36457.4,13760.0,36864.0,0.3113
38016.0,26240.6,38547.2,26728.1,0.3112
11068.7,4160.8,11309.8,4215.2,0.3111
10881.2,2809.8,11067.7,3057.5,0.3110
28800.4,5137.7,29026.0,5343.8,0.3108
32145.0,6441.6,32640.0,7040.0,0.3108
25922.4,1261.0,26327.4,1593.6,0.3108
32368.5,22329.7,32954.1,22719.9,0.3107
30108.3,13014.3,30720.0,13438.8,0.3107
10681.3,968.0,10880.0,1458.7,0.3107
38013.5,24651.8,38400.0,25266.8,0.3106
10297.2,682.9,10875.3,1066.7,0.3105
2354.9,16853.1,2875.4,17280.0,0.3105
31052.5,3830.1,31674.9,4160.0,0.3105
31200.7,22332.8,31670.0,22719.4,0.3104
30819.7,11862.3,31359.9,12307.5,0.3102
35294.2,30001.6,35833.2,30400.0,0.3100
14400.0,2117.6,14788.1,2550.0,0.3098
31365.5,12609.5,31998.9,13117.3,0.3097
1426.2,5026.7,1588.2,5440.0,0.3094
26886.8,1280.0,27200.0,1781.9,0.3091
1607.6,1830.7,2238.5,2040.9,0.3091
35523.2,5120.0,36050.6,5433.5,0.3090
35477.8,32964.1,35840.0,33337.7,0.3090
14409.9,22030.3,15035.2,22400.0,0.3090
30696.5,11841.4,31036.2,12067.1,0.3089
35108.1,2331.8,35200.0,2719.4,0.3088
12352.7,5353.6,12800.0,5760.0,0.3088
16018.0,6404.8,16489.0,6843.3,0.3088
34246.3,27840.0,34876.5,28296.8,0.3087
34913.2,35339.1,35160.7,35520.0,0.3085
32737.5,12550.8,33272.7,13120.0,0.3085
1154.8,2484.4,1216.5,2880.0,0.3085
36836.4,19228.8,37100.7,19836.5,0.3085
26880.3,2946.5,27266.3,3189.0,0.3083
20834.2,521.2,21438.0,959.4,0.3083
9600.6,4032.2,10236.3,4427.3,0.3082
4919.3,33698.8,5440.0,34240.0,0.3081
13465.7,3358.5,13687.0,3586.8,0.3079
960.0,2.5,1597.4,357.6,0.3079
16406.8,5400.8,16640.0,5760.0,0.3078
28556.5,5120.0,29117.8,5735.4,0.3077
34161.1,6081.9,34238.7,6309.4,0.3077
34359.4,12271.2,34880.0,12800.0,0.3076
26327.1,2240.0,26878.2,2619.4,0.3075
26884.1,8963.6,27036.8,9378.8,0.3074
34917.3,30083.7,35200.0,30404.9,0.3072
14104.7,23633.9,14716.4,24000.0,0.3072
38133.1,19841.6,38592.3,19938.3,0.3071
33344.6,8002.2,33600.0,8150.6,0.3071
32640.0,2560.7,33270.7,2744.6,0.3070
35202.1,12913.2,35283.3,13118.4,0.3069
27757.8,642.2,27839.4,822.4,0.3068
37702.4,16095.4,38080.0,16639.6,0.3068
7048.1,3664.4,7679.0,3839.1,0.3066
20485.2,4482.0,20945.8,4705.4,0.3065
18449.8,3582.4,18880.0,4160.0,0.3065
32978.1,28603.1,33279.2,29120.0,0.3064
30720.7,3202.1,31163.6,3497.1,0.3064
31930.9,22081.0,32320.0,22201.6,0.3063
33111.4,7363.8,33280.0,7845.7,0.3063
37121.0,14618.1,37208.7,15028.3,0.3063
6721.8,2600.2,6872.9,2977.6,0.3063
30891.2,8640.0,31040.0,9119.6,0.3062
32758.4,29980.7,32959.2,30394.0,0.3062
16332.6,21381.7,16954.5,21760.0,0.3061
34814.2,13538.7,34894.9,13760.0,0.3060
37476.3,34442.4,38076.2,34880.0,0.3058
37440.0,7780.0,37553.8,8000.0,0.3057
32231.3,16960.0,32320.0,17133.4,0.3057
29809.4,5440.0,30080.0,5716.9,0.3057
13593.0,777.2,14073.7,1171.8,0.3056
17600.0,3728.8,17728.1,4160.0,0.3056
37846.2,25309.0,38394.3,25912.6,0.3055
36252.3,7289.0,36480.0,7673.7,0.3055
35819.0,18880.0,36152.7,19436.0,0.3052
27223.7,13590.5,27818.7,14078.1,0.3051
12952.2,3100.9,13120.0,3199.8,0.3050
34011.1,12800.7,34560.0,13349.1,0.3050
2162.8,4719.3,2239.1,5111.9,0.3049
33824.7,19777.4,34229.0,20160.0,0.3047
37129.0,12160.0,37758.4,12596.9,0.3047
18275.7,21710.7,18877.2,22080.0,0.3045
9010.5,2188.9,9600.0,2560.0,0.3045
35297.1,2795.0,35514.5,3196.1,0.3044
23948.1,3595.9,24031.2,3837.9,0.3044
58.3,20958.3,635.2,21440.0,0.3041
35848.9,15163.9,36470.9,15678.7,0.3041
6088.8,1322.0,6720.0,1591.6,0.3040
38566.7,7360.0,38656.0,7568.4,0.3036
20850.3,3200.0,21436.9,3622.5,0.3036
31929.7,33602.4,31999.5,34079.3,0.3036
974.9,754.2,1596.9,1280.0,0.3034
20480.0,960.0,20607.1,1463.8,0.3030
38017.7,29342.2,38650.0,29760.0,0.3029
31863.5,15162.2,32185.6,15680.0,0.3026
25929.9,3798.2,26546.2,4160.0,0.3025
6732.1,1920.0,7360.0,2073.5,0.3025
34278.0,29053.2,34875.5,29440.0,0.3024
13595.0,6296.3,13760.0,6400.0,0.3022
27533.0,3522.3,28149.8,3655.7,0.3021
27897.6,3520.0,28474.7,3630.2,0.3021
3451.3,36114.0,3835.3,36480.0,0.3021
37960.3,12166.5,38399.4,12630.0,0.3020
4161.3,22.1,4800.0,385.6,0.3020
2981.8,5006.2,3519.6,5440.0,0.3019
28081.9,28807.9,28474.2,29137.4,0.3018
33615.9,32207.1,34237.1,32640.0,0.3018
20161.0,4545.5,20618.5,4782.4,0.3017
35033.2,16015.6,35510.9,16639.7,0.3014
1761.6,6115.0,1920.0,6720.0,0.3013
21443.5,20800.0,21707.7,20925.8,0.3012
32130.5,36227.4,32640.0,36784.3,0.3011
18880.6,2880.0,19519.2,3172.9,0.3011
34661.3,36279.7,35198.5,36797.6,0.3009
11520.0,960.0,12160.0,1171.2,0.3009
1600.0,2219.7,1700.3,2557.9,0.3005
29114.8,13122.2,29439.9,13542.6,0.3005
32403.0,7446.9,32944.6,8000.0,0.3005
31410.7,23579.1,31996.9,24000.0,0.3004
37216.6,26880.2,37756.5,27344.0,0.3004
38018.6,13434.3,38655.2,13760.0,0.3002
20480.3,816.2,20660.2,1271.4,0.3002
6501.4,22023.4,7035.2,22400.0,0.3001
4622.1,36422.3,5112.1,36864.0,0.3001
31777.5,10491.0,31993.2,10558.8,0.3000
38167.4,18881.2,38400.0,19001.8,0.2999
21586.4,1652.7,21760.0,1917.8,0.2998
31796.8,8553.3,32310.0,8960.0,0.2998
34397.8,87.9,34559.5,549.4,0.2997
32153.4,30648.9,32319.8,31039.1,0.2995
26990.6,5242.7,27520.0,5757.2,0.2994
5659.8,36501.0,5760.0,36862.4,0.2994
10243.7,1743.9,10424.9,1946.4,0.2993
21164.6,2335.7,21748.2,2496.2,0.2993
21314.8,1194.2,21440.0,1600.0,0.2992
32656.0,5441.6,32960.0,5557.8,0.2991
37785.1,33609.1,38394.1,33998.0,0.2989
29478.4,4538.3,29650.7,5120.0,0.2989
3323.3,6132.8,3838.6,6400.0,0.2988
19524.8,8538.3,20160.0,8960.0,0.2987
457.7,8960.0,960.0,9431.4,0.2987
29776.7,1768.8,30396.2,2236.7,0.2986
35126.6,20282.5,35200.0,20800.0,0.2986
30207.8,3520.0,30719.3,3744.9,0.2986
22454.7,34880.0,23038.9,35348.5,0.2986
5120.2,34240.0,5465.9,34632.3,0.2986
37851.2,32222.4,38396.2,32640.0,0.2983
32659.6,22080.0,33277.4,22434.3,0.2983
16000.1,3840.0,16417.4,4270.2,0.2983
31558.1,7516.9,31996.5,8000.0,0.2982
30136.2,12800.8,30720.0,13092.6,0.2981
28749.4,9280.0,29119.5,9917.6,0.2981
32640.0,16731.2,33161.9,17280.0,0.2980
22786.0,14227.2,23352.1,14720.0,0.2978
35545.0,13013.7,35839.0,13440.0,0.2978
4538.2,20590.6,5115.7,21120.0,0.2977
24416.1,3727.4,24638.5,4159.2,0.2977
2247.8,1705.3,2878.7,1905.9,0.2976
17921.3,6644.0,18556.0,7040.0,0.2976
18220.8,4806.4,18560.0,5070.5,0.2976
1927.1,17233.6,2556.7,17600.0,0.2975
21823.1,6654.5,22400.0,7040.0,0.2975
36695.6,18880.0,36800.0,19347.2,0.2973
10562.0,36606.4,11006.7,36800.0,0.2971
2563.8,36339.5,2848.5,36864.0,0.2967
29965.9,5590.6,30080.0,6080.0,0.2965
3274.7,20706.1,3834.2,21120.0,0.2965
34560.0,32890.3,35194.4,33280.0,0.2965
28745.6,321.1,29120.0,930.5,0.2964
29124.3,3520.0,29760.0,3770.2,0.2964
78.3,1709.3,624.5,2232.8,0.2964
15701.8,23266.7,16315.9,23680.0,0.2962
11088.0,1624.8,11519.1,1920.0,0.2961
30421.6,4013.7,31040.0,4471.0,0.2961
13152.2,3361.6,13498.8,3635.8,0.2960
24842.5,1882.1,24960.0,2240.0,0.2960
26881.2,21651.6,27517.1,22080.0,0.2960
37120.1,13359.1,37376.6,13760.0,0.2958
36815.3,2603.3,36912.0,2765.4,0.2958
30157.0,5540.5,30716.4,6073.7,0.2958
35200.0,19561.5,35262.4,19838.9,0.2957
30400.0,1296.7,30864.5,1677.0,0.2957
2561.1,4243.2,2628.4,4477.9,0.2956
34029.3,19925.6,34559.1,20480.0,0.2955
15197.8,6400.0,15360.0,6962.5,0.2954
37810.4,7621.6,37928.2,8000.0,0.2954
11608.9,5949.4,12156.3,6399.6,0.2953
25576.7,640.0,25916.6,871.8,0.2953
25927.2,431.4,26557.7,762.8,0.2952
33920.4,17985.6,34558.9,18240.0,0.2952
8228.1,241.0,8315.8,486.7,0.2952
28903.2,12019.2,29429.8,12475.7,0.2952
36519.6,23028.7,37115.4,23359.3,0.2952
35522.5,14081.1,35668.9,14479.0,0.2951
12892.6,3269.7,13103.0,3678.4,0.2951
28547.7,9836.7,29117.9,10240.0,0.2951
19557.3,4313.5,19610.1,4390.1,0.2949
36556.6,16063.1,37105.2,16639.2,0.2949
6745.3,21021.9,7357.6,21440.0,0.2949
35880.0,19432.5,36105.5,19518.9,0.2949
29833.3,35268.3,30079.9,35840.0,0.2948
31727.6,4729.4,32312.7,5120.0,0.2945
34192.9,34929.1,34560.0,35199.5,0.2944
11847.4,2129.9,12303.0,2555.9,0.2944
13476.1,8259.2,14070.8,8640.0,0.2944
38103.8,16966.7,38653.6,17416.1,0.2943
24143.4,2560.1,24320.0,2658.8,0.2943
34406.1,29350.2,34873.4,29760.0,0.2942
16334.0,21058.9,16957.3,21440.0,0.2942
16664.8,6304.5,17265.9,6720.0,0.2941
29440.0,11534.2,29922.2,11988.1,0.2939
12944.7,3314.5,13102.5,3517.2,0.2937
19413.7,3010.5,19840.0,3520.0,0.2936
37771.1,6720.0,37982.1,7107.4,0.2935
1954.7,5472.3,2557.9,5986.9,0.2933
36162.2,4313.5,36554.0,4798.7,0.2933
27405.7,1943.7,27519.7,2387.4,0.2933
7067.1,27148.4,7676.3,27520.0,0.2930
21356.0,4160.0,21440.0,4359.2,0.2929
11529.2,27441.0,12160.0,27840.0,0.2929
24187.2,8960.6,24319.5,9048.2,0.2929
18953.4,3278.9,19199.4,3716.8,0.2928
35478.7,33662.1,35839.6,34236.5,0.2928
19203.6,1871.8,19830.9,2240.0,0.2928
33280.0,31040.0,33462.4,31105.3,0.2925
31865.0,30900.5,31999.3,31341.6,0.2924
19845.4,1976.2,20060.5,2240.0,0.2923
24053.9,6548.1,24639.5,7039.2,0.2922
25400.5,3237.2,25599.7,3636.0,0.2922
25633.8,6420.0,26237.9,6806.5,0.2921
29714.3,10191.8,29943.0,10559.7,0.2921
31973.9,4080.6,32062.1,4475.2,0.2921
13440.5,5440.8,13497.0,5536.9,0.2920
30721.3,8960.0,30789.9,9063.6,0.2920
38305.9,7744.3,38399.6,8237.0,0.2920
1920.6,4491.8,2560.0,4839.6,0.2918
32962.9,15872.5,33597.9,16311.0,0.2917
32716.6,3840.0,32856.7,4410.7,0.2916
379.9,19409.0,955.9,19840.0,0.2915
33280.3,9476.1,33551.9,9918.3,0.2913
33926.0,5375.7,34284.0,5760.0,0.2913
28207.3,1747.8,28794.7,2240.0,0.2912
26880.0,9186.2,27018.7,9600.0,0.2911
33664.4,4934.5,34238.0,5437.1,0.2910
31867.5,34118.5,31999.5,34239.6,0.2910
38358.8,5120.0,38655.2,5351.4,0.2910
36800.0,744.1,36885.3,957.2,0.2909
1144.1,5177.6,1594.9,5760.0,0.2907
14723.1,1954.1,14890.1,2560.0,0.2906
13790.1,23951.3,14396.1,24320.0,0.2906
36672.4,8001.8,37120.0,8487.6,0.2906
32491.4,12482.5,32960.0,12995.8,0.2906
29121.1,6709.7,29421.4,7036.9,0.2904
37852.8,8138.6,38393.7,8636.1,0.2903
13811.6,4397.0,14399.4,4800.0,0.2903
32340.2,11114.2,32955.8,11520.0,0.2899
23742.4,4480.0,23999.5,4693.4,0.2899
17992.6,2309.4,18558.3,2874.3,0.2899
20904.1,5525.4,21438.5,6074.3,0.2899
31330.7,13441.2,31680.0,13649.8,0.2898
32555.4,18880.8,32960.0,19388.7,0.2898
38349.3,7056.2,38654.5,7558.7,0.2895
31360.7,35843.6,31829.8,36353.2,0.2894
32993.0,21445.0,33598.0,21760.0,0.2892
28224.9,24881.8,28798.5,25280.0,0.2891
32984.4,26560.0,33280.0,27138.1,0.2889
20800.2,6268.2,21280.9,6720.0,0.2889
7680.0,3716.1,8320.0,3943.0,0.2889
5760.0,22434.8,6159.3,22716.3,0.2887
25881.1,11820.1,26239.0,12160.0,0.2886
31360.4,10246.7,31635.5,10611.5,0.2884
15680.0,3120.0,16319.6,3520.0,0.2884
5763.7,1608.2,6400.0,2052.1,0.2883
1699.6,9119.7,2235.6,9599.9,0.2882
26654.4,2561.0,26889.0,2813.4,0.2882
6086.6,34507.6,6507.7,34877.7,0.2882
21571.1,1636.8,22079.8,1920.0,0.2881
4863.1,18790.2,5435.4,19200.0,0.2880
36885.6,1603.0,37440.0,1908.9,0.2880
16001.7,9509.1,16639.3,9920.0,0.2879
34883.9,8543.5,35338.4,8960.0,0.2878
36720.5,17177.1,37081.0,17600.0,0.2878
4161.0,22111.1,4798.2,22400.0,0.2877
31473.1,8966.8,31675.1,9562.6,0.2877
37122.6,29878.8,37385.1,30400.0,0.2877
30850.5,9600.0,31040.0,10116.7,0.2877
10548.3,1924.0,10606.0,2195.7,0.2876
32962.4,35522.8,33124.2,35990.9,0.2876
5852.9,33512.4,6396.5,33920.0,0.2874
26240.0,21699.5,26876.8,22080.0,0.2874
3579.9,22007.4,4158.8,22400.0,0.2872
27882.6,8960.0,28160.0,9489.8,0.2872
20907.7,20265.9,21427.2,20800.0,0.2872
1601.1,1177.1,1853.5,1599.8,0.2871
25997.0,22567.0,26545.5,23038.7,0.2871
16668.4,25188.7,17275.3,25599.2,0.2870
30080.6,18881.1,30207.4,19020.8,0.2869
30422.3,19520.0,31036.1,19945.4,0.2869
38243.3,14079.1,38618.7,14400.0,0.2869
16984.9,7628.5,17277.0,8000.0,0.2868
26715.4,3875.3,27195.8,4480.0,0.2867
28362.8,8331.0,28480.0,8793.3,0.2866
35301.8,35904.7,35520.0,36157.4,0.2866
37760.0,245.2,38387.6,627.5,0.2865
36976.4,31046.6,37440.0,31537.8,0.2864
32127.0,7766.0,32639.8,8320.0,0.2864
21560.0,8441.6,22064.1,8958.7,0.2864
30520.1,4480.0,30666.1,4697.1,0.2863
24753.0,1660.3,25217.8,2240.0,0.2863
8646.0,34244.9,9275.9,34651.7,0.2863
6662.1,827.1,7040.0,1198.0,0.2860
34326.4,20482.1,34559.0,20872.7,0.2857
2913.8,36226.1,3515.9,36701.9,0.2855
33304.4,5649.8,33560.6,6076.9,0.2855
32320.0,4800.9,32697.0,5184.3,0.2855
31166.4,6461.4,31680.0,7040.0,0.2854
29195.5,6202.6,29440.0,6400.0,0.2853
34980.3,5869.1,35518.5,6398.2,0.2852
37122.8,2240.0,37369.8,2791.7,0.2851
35597.2,14086.2,36160.0,14430.7,0.2851
36889.5,12657.0,37435.4,13118.9,0.2851
33526.2,15610.5,33599.8,15981.8,0.2850
34307.4,14293.0,34560.0,14720.0,0.2850
19593.0,22004.9,20156.0,22400.0,0.2848
16621.7,7544.9,16956.8,7999.9,0.2848
35148.8,34794.3,35519.9,35195.6,0.2845
961.3,260.6,1599.9,510.2,0.2844
38477.2,3520.0,38656.0,4000.9,0.2843
27727.1,8000.0,28156.3,8462.7,0.2842
35938.5,30299.9,36477.4,30720.0,0.2842
33620.2,320.0,34240.0,794.2,0.2841
31147.5,6426.6,31360.0,6588.7,0.2840
33209.3,18666.8,33600.0,19200.0,0.2837
33280.0,20772.4,33917.8,21120.0,0.2836
32659.2,19996.8,33280.0,20160.0,0.2836
24134.8,6401.9,24319.7,6852.3,0.2835
35112.1,2181.7,35200.0,2560.0,0.2835
31640.3,7047.6,31998.4,7406.7,0.2834
23405.4,3532.0,23679.9,3867.8,0.2832
37242.5,17189.8,37760.0,17600.0,0.2826
381.2,5043.7,960.0,5310.3,0.2825
10560.1,3825.1,11197.1,4160.0,0.2824
23614.0,9026.1,24000.0,9463.2,0.2824
28535.2,13134.5,29116.3,13440.0,0.2823
1313.3,17159.1,1917.7,17600.0,0.2822
38069.8,6236.8,38521.6,6714.6,0.2822
31447.6,18561.2,31677.4,18866.0,0.2821
28175.0,3628.8,28800.0,3877.8,0.2821
19337.9,662.3,19520.0,1278.3,0.2819
24489.6,7360.0,24639.5,7615.7,0.2818
34259.3,7691.6,34876.1,8117.2,0.2813
54.8,2900.6,638.3,3395.3,0.2813
19571.9,6602.1,20155.6,7037.2,0.2812
4806.8,3904.7,5438.6,4160.0,0.2812
9692.2,5560.2,10228.5,6078.7,0.2812
10561.9,26886.5,11191.9,27286.2,0.2808
1378.3,6911.7,1600.0,7037.6,0.2805
11333.7,25915.5,11837.6,26240.0,0.2804
3200.0,4116.5,3837.0,4480.0,0.2803
30514.1,7647.7,30720.0,7873.0,0.2802
34017.1,7721.5,34555.0,8162.3,0.2802
35037.8,13958.6,35199.9,14381.3,0.2801
32021.8,33321.7,32640.0,33596.4,0.2799
37449.4,19160.5,38073.0,19518.5,0.2798
31786.2,591.6,32316.7,960.0,0.2798
24320.0,3132.6,24444.9,3516.1,0.2797
29658.9,5120.9,29760.0,5207.0,0.2797
36242.2,2667.7,36798.2,3197.3,0.2797
37130.3,12.4,37440.0,461.3,0.2796
35200.0,3270.4,35835.1,3520.0,0.2792
1280.7,7143.6,1676.9,7575.3,0.2791
4796.9,18811.4,5120.0,19200.0,0.2790
37053.3,8327.5,37277.7,8714.1,0.2790
37203.8,22898.4,37755.7,23358.2,0.2789
37900.0,20800.0,38079.6,21109.2,0.2786
13495.3,6478.8,14065.1,7039.4,0.2785
17920.0,4017.4,18382.7,4479.3,0.2785
29456.8,18882.8,30072.1,19367.9,0.2784
21205.3,8003.0,21438.2,8298.6,0.2783
31431.3,8719.6,31992.8,9280.0,0.2783
27520.0,7146.3,27655.1,7679.6,0.2779
29217.5,21646.6,29754.9,22079.2,0.2779
11301.3,5619.1,11834.7,6080.0,0.2776
17470.4,6862.5,17599.6,7289.4,0.2776
35822.4,20835.4,36158.3,21120.0,0.2775
33333.1,27012.1,33913.0,27520.0,0.2772
31525.6,19010.0,31992.0,19292.8,0.2772
643.1,656.3,823.0,1077.2,0.2772
21683.6,6720.0,22080.0,7229.7,0.2771
38281.0,33280.0,38656.0,33806.3,0.2769
22440.9,2769.5,23038.8,3197.9,0.2769
28162.0,6119.8,28251.7,6558.2,0.2769
9290.6,320.6,9918.4,569.2,0.2769
34114.6,5761.7,34549.2,6241.9,0.2768
35290.9,13965.6,35520.0,14400.0,0.2768
14241.7,6922.3,14714.6,7360.0,0.2766
1356.8,5126.1,1598.7,5664.6,0.2766
19581.7,6028.0,20157.8,6400.0,0.2764
12520.3,20078.1,13115.8,20480.0,0.2764
961.7,1955.9,1034.6,2414.7,0.2763
10963.5,5230.8,11512.2,5760.0,0.2762
38321.3,7058.4,38399.2,7359.8,0.2761
1920.4,6953.7,2557.8,7360.0,0.2759
34564.7,19423.3,34709.8,19839.9,0.2758
37393.9,21121.5,37760.0,21709.7,0.2756
14723.3,30729.9,15355.5,31085.8,0.2756
25982.6,11943.9,26239.9,12232.4,0.2754
38061.2,12803.1,38656.0,13250.1,0.2754
33469.2,4163.5,33524.8,4424.0,0.2753
36921.4,5413.7,37107.7,5757.7,0.2753
832.8,3471.3,960.0,3840.0,0.2750
30520.7,15685.2,30719.9,16311.3,0.2750
33555.9,36236.6,33920.0,36762.7,0.2749
2042.3,16805.7,2240.0,17279.7,0.2748
8298.7,24646.0,8633.1,24770.8,0.2746
34374.6,11207.9,34506.0,11326.6,0.2745
36510.6,3623.4,37116.3,4160.0,0.2744
9909.2,1200.2,10079.7,1599.5,0.2744
8003.0,34271.6,8632.4,34560.0,0.2744
4004.1,35112.9,4160.0,35200.0,0.2743
36582.7,10881.2,36800.0,11484.3,0.2742
13765.2,1452.7,13852.0,1849.6,0.2741
9377.2,36160.0,9918.9,36665.7,0.2741
27229.0,6267.8,27840.0,6720.0,0.2740
34303.6,13318.0,34876.4,13760.0,0.2739
36800.0,14720.0,37054.0,14923.1,0.2739
31894.0,11921.2,32320.0,12480.0,0.2739
32143.2,10665.5,32317.1,10877.7,0.2737
4516.1,6080.0,4800.0,6570.8,0.2736
15360.0,1616.0,15997.6,1920.0,0.2735
27163.1,4008.8,27516.9,4480.0,0.2734
33198.5,36228.7,33600.0,36721.7,0.2733
34241.3,18222.0,34876.1,18560.0,0.2731
13194.9,7272.1,13759.0,7680.0,0.2727
33920.0,2262.4,34049.4,2876.4,0.2726
30379.5,33600.0,30718.9,34226.7,0.2724
1330.9,5023.4,1920.0,5440.0,0.2723
35841.6,11213.9,36207.4,11691.2,0.2720
26261.0,6412.3,26560.0,6720.0,0.2720
36447.9,27625.5,36798.7,28156.5,0.2719
31053.5,13874.0,31677.3,14400.0,0.2718
37394.2,35525.8,37760.0,35902.4,0.2718
11201.7,185.2,11273.9,312.5,0.2716
35841.5,6083.6,36084.5,6599.1,0.2716
30106.8,22950.8,30717.1,23360.0,0.2714
33633.7,8640.0,34240.0,8762.0,0.2714
3643.9,5760.0,3840.0,6354.9,0.2713
31736.2,4071.7,31841.1,4480.0,0.2712
23774.5,4165.7,24316.1,4633.9,0.2712
22459.5,6299.8,22719.4,6719.9,0.2708
37152.5,972.3,37438.1,1274.1,0.2707
36016.5,9280.0,36480.0,9442.5,0.2706
35493.7,19418.1,35840.0,19840.0,0.2706
17946.1,2564.2,18558.2,2980.9,0.2706
17107.4,4258.3,17279.9,4713.3,0.2705
23736.5,693.4,23996.5,956.3,0.2705
29919.0,8365.5,30079.9,8943.6,0.2704
27256.5,11842.3,27826.4,12375.5,0.2704
25046.2,7044.5,25280.0,7514.7,0.2700
30080.0,18575.4,30566.6,19192.8,0.2694
16370.3,7987.0,16960.0,8319.4,0.2688
34650.7,35503.4,35198.0,35840.0,0.2688
33392.3,7786.2,33906.5,8315.7,0.2688
12977.2,2560.0,13051.3,2877.0,0.2688
1280.0,3129.5,1916.5,3520.0,0.2686
17026.2,3375.3,17600.0,3840.0,0.2683
7135.4,21247.3,7675.6,21758.1,0.2682
29791.0,23537.2,30394.7,24000.0,0.2682
2912.9,19411.3,3515.5,19840.0,0.2682
34680.3,34132.2,35200.0,34560.0,0.2680
37965.8,21441.9,38078.5,21680.9,0.2680
12945.4,3202.9,13119.4,3314.0,0.2680
26565.2,10400.1,27198.3,10880.0,0.2680
30080.9,15933.6,30718.0,16320.0,0.2680
27013.6,640.0,27200.0,1280.0,0.2680
37763.8,22080.2,38267.9,22199.1,0.2679
4849.5,6720.0,5120.0,7277.2,0.2679
5697.4,25943.8,6075.0,26240.0,0.2676
30164.9,12168.2,30399.1,12358.5,0.2675
16972.4,33219.2,17596.8,33600.0,0.2674
30205.0,34377.5,30716.7,34559.3,0.2671
17380.7,32192.1,17914.2,32639.7,0.2671
29658.1,15915.0,30072.0,16320.0,0.2670
36992.2,12485.1,37438.1,12971.8,0.2670
26091.6,4480.0,26239.9,4569.3,0.2670
18625.4,22966.0,19198.0,23360.0,0.2668
23117.1,13689.5,23675.8,14080.0,0.2668
23057.5,33286.3,23672.3,33732.6,0.2667
35342.0,8014.4,35839.0,8518.6,0.2665
1221.4,16903.8,1280.0,17280.0,0.2665
16273.0,7360.7,16640.0,7483.0,0.2665
37057.5,20013.4,37119.6,20290.8,0.2661
21320.6,20480.0,21750.2,20931.1,0.2660
11840.0,5915.8,12232.0,6400.0,0.2660
1921.3,4167.2,2323.4,4473.3,0.2659
28407.9,11200.0,28800.0,11472.8,0.2658
33988.1,19854.6,34240.0,20349.6,0.2658
25048.1,10691.7,25594.8,11200.0,0.2656
25314.1,971.0,25917.8,1280.0,0.2655
37860.7,19428.3,38102.4,19839.8,0.2655
34975.5,26748.1,35514.9,27200.0,0.2654
36111.2,35652.4,36480.0,36155.7,0.2653
20251.3,30566.9,20789.2,31038.5,0.2652
11520.0,0.0,12158.9,311.5,0.2652
18252.2,1282.7,18879.7,1614.8,0.2651
1688.7,23511.3,2234.2,24000.0,0.2651
14223.9,1926.0,14604.9,2475.0,0.2651
13132.0,27471.1,13755.7,27840.0,0.2651
27257.0,10668.5,27833.6,11200.0,0.2651
35203.4,33256.0,35840.0,33600.0,0.2650
29162.9,6400.0,29760.0,6853.1,0.2649
12251.1,27643.4,12795.8,28160.0,0.2649
30237.9,11207.6,30718.1,11520.7,0.2649
961.7,5440.9,1168.8,5543.8,0.2648
30056.8,10883.0,30399.9,11373.6,0.2648
32658.6,2901.1,33280.0,3224.6,0.2642
32527.6,6080.0,32640.0,6540.1,0.2642
26281.2,1525.1,26486.1,1587.1,0.2642
9601.7,3206.8,9815.3,3505.1,0.2641
4162.0,3136.0,4260.4,3252.4,0.2640
27450.4,8858.4,27840.0,9243.6,0.2639
20856.9,1714.7,21436.5,2237.8,0.2637
26488.4,8642.1,26880.0,9189.5,0.2636
9013.0,27744.9,9594.8,28160.0,0.2635
30337.9,8752.4,30720.0,9280.0,0.2635
2980.9,8432.5,3520.0,8959.6,0.2635
1329.4,1922.2,1600.0,2040.8,0.2634
23592.3,4885.9,23679.4,5357.3,0.2634
33026.0,13593.8,33585.7,14074.6,0.2633
36183.3,10083.8,36800.0,10556.1,0.2632
1497.1,2016.2,1600.0,2549.6,0.2632
20864.0,2869.8,21440.0,3200.0,0.2629
2508.7,3573.0,2574.8,3890.6,0.2629
37441.7,19520.0,37667.6,19556.8,0.2629
36161.4,8378.0,36492.1,8792.1,0.2628
26240.0,320.6,26590.2,516.8,0.2628
35531.7,6323.3,35662.3,6399.6,0.2627
33920.1,35666.3,34295.7,35840.0,0.2627
27965.0,29440.7,28480.0,29952.7,0.2627
13931.1,6839.2,14396.7,7360.0,0.2626
31386.1,3840.0,31999.6,4104.5,0.2624
14270.6,6926.7,14400.0,7359.4,0.2624
27913.2,13304.0,28158.6,13757.9,0.2624
16685.2,7361.0,16958.8,7612.9,0.2621
29760.0,10984.3,29844.4,11520.0,0.2621
34249.7,22400.0,34876.9,22608.9,0.2619
36813.4,25605.1,37435.4,25979.3,0.2619
5853.1,20398.5,6394.0,20800.0,0.2618
4800.9,2944.4,4933.0,3499.8,0.2615
27452.9,950.4,27518.9,1276.9,0.2615
35015.9,13628.8,35516.9,14079.0,0.2615
22441.5,7910.9,23036.8,8320.0,0.2615
29686.4,4689.7,29760.0,4799.7,0.2614
32166.5,12554.2,32640.0,13120.0,0.2614
4480.0,3064.5,4605.6,3184.7,0.2614
329.9,3969.6,959.8,4156.5,0.2614
3415.9,321.0,3840.0,494.6,0.2613
37867.3,25920.0,38399.9,26132.2,0.2612
31078.2,34142.7,31675.4,34559.3,0.2612
35271.0,8351.1,35330.3,8638.1,0.2607
37121.3,21120.0,37350.6,21307.9,0.2607
32329.4,5773.7,32958.0,6080.0,0.2607
36480.5,28290.8,36547.6,28444.1,0.2606
29117.6,8344.1,29440.0,8786.4,0.2605
10240.0,3482.4,10465.0,3520.0,0.2605
34240.5,1920.2,34565.9,2318.8,0.2604
26244.7,11034.3,26878.4,11519.6,0.2604
29771.1,8642.0,30073.6,9184.9,0.2604
28580.4,21637.0,29117.7,22078.5,0.2603
16095.6,23602.4,16635.3,24000.0,0.2603
6445.2,0.0,7035.4,496.1,0.2603
24825.2,1513.3,24959.9,1919.1,0.2599
33962.6,9468.6,34559.2,9920.0,0.2599
30401.8,3737.1,31040.0,4137.0,0.2599
25391.8,1091.8,25914.9,1598.9,0.2597
7640.0,2529.7,8000.0,2880.0,0.2596
7384.4,36478.9,8000.0,36800.0,0.2596
1474.4,1363.5,1600.0,1834.4,0.2595
38049.6,9773.1,38655.5,10239.5,0.2592
8000.0,322.6,8256.4,500.6,0.2592
24096.6,33074.9,24633.3,33599.7,0.2591
2299.2,5253.4,2878.8,5758.9,0.2589
27555.3,2777.8,27792.3,3196.3,0.2589
38272.6,4483.2,38656.0,4952.4,0.2588
2969.1,21270.5,3516.1,21760.0,0.2587
26066.4,11840.0,26560.0,12345.2,0.2584
23361.7,7363.4,23508.4,7558.6,0.2584
24726.9,25468.3,25275.6,25919.6,0.2583
33688.5,14000.6,34236.0,14397.4,0.2583
28353.2,1484.9,28782.6,1920.0,0.2582
27924.8,14185.8,28469.2,14720.0,0.2581
31548.9,10243.6,31680.0,10812.7,0.2579
13380.3,3362.9,13487.4,3635.8,0.2578
352.9,17938.7,960.0,18240.0,0.2578
14535.9,2009.2,15029.2,2560.0,0.2577
19573.5,32591.9,20157.3,32960.0,0.2574
6431.1,2538.4,7036.8,2871.2,0.2574
38351.6,1491.8,38455.2,1746.1,0.2573
21127.3,4345.1,21490.7,4476.6,0.2573
32881.2,8321.7,33280.0,8554.1,0.2573
17693.6,1396.4,17919.6,1920.0,0.2573
6080.0,35892.8,6719.5,36160.0,0.2573
33192.9,2148.3,33279.6,2560.0,0.2572
27862.7,22953.0,28469.7,23360.0,0.2571
30784.3,31362.9,31358.4,31904.9,0.2571
26263.4,640.7,26877.2,956.9,0.2570
15385.1,3710.7,15996.2,4158.5,0.2568
29803.9,4376.5,30397.9,4480.0,0.2568
37441.5,320.0,37721.5,924.8,0.2568
31806.3,7757.0,32318.9,8320.0,0.2567
2241.1,2241.5,2589.5,2389.6,0.2566
1934.2,3520.0,2555.5,3705.8,0.2565
2561.6,1056.0,2643.0,1277.6,0.2564
30869.2,7753.6,31039.8,8096.6,0.2564
30753.9,36163.9,31356.2,36614.6,0.2561
21768.5,595.0,22400.0,958.2,0.2560
32936.5,4801.4,33264.1,4936.8,0.2559
35214.2,245.1,35836.5,639.5,0.2558
21123.7,1205.4,21266.4,1598.4,0.2558
1384.7,4174.4,1463.5,4622.4,0.2558
37951.1,20482.4,38079.0,20805.6,0.2557
34395.7,25427.5,34560.0,25902.4,0.2556
20161.7,7972.1,20529.8,8319.5,0.2555
34045.7,30289.9,34559.7,30718.0,0.2554
36817.9,34480.6,37438.5,34868.0,0.2550
30591.0,4502.8,31040.0,5024.6,0.2549
23960.3,5767.4,24320.0,6222.1,0.2549
26421.5,8477.4,26560.0,8958.3,0.2548
19853.0,3841.4,20480.0,4127.3,0.2547
8157.6,36020.8,8636.8,36474.1,0.2547
22887.5,1714.2,23040.0,2240.0,0.2546
15040.1,6913.3,15396.4,7350.1,0.2546
13768.3,7041.0,14396.5,7484.9,0.2546
6917.1,965.2,7039.6,1483.0,0.2546
36937.2,21223.5,37120.0,21310.1,0.2546
24960.0,8858.0,25491.2,9278.9,0.2545
35848.4,18678.3,36410.4,19200.0,0.2544
31043.3,12977.9,31677.9,13437.6,0.2543
34118.6,6720.0,34239.4,7163.6,0.2543
7052.7,640.0,7676.5,1065.5,0.2542
31746.6,1472.3,32320.0,1908.1,0.2540
35078.7,1289.7,35288.4,1491.0,0.2539
6492.8,20622.5,7035.3,21120.0,0.2539
15812.0,6179.7,16319.6,6720.0,0.2539
14080.0,6263.3,14215.4,6720.0,0.2537
19925.0,6773.0,20159.8,7280.1,0.2536
6080.7,3391.9,6374.0,3520.0,0.2536
26858.7,240.8,27193.5,640.0,0.2535
34484.9,7360.0,34880.0,7878.7,0.2533
27855.5,10734.8,28476.7,11200.0,0.2532
6402.9,36458.5,7025.8,36864.0,0.2532
14321.0,6445.0,14713.4,7040.0,0.2531
32778.1,5068.5,32870.0,5172.3,0.2530
19200.7,3200.0,19284.7,3325.1,0.2529
3201.0,3750.9,3840.0,4160.0,0.2529
1609.0,288.4,2232.5,384.0,0.2527
2891.2,974.8,3128.7,1280.0,0.2526
509.2,0.0,772.8,34.9,0.2526
35475.8,2881.8,35839.4,2975.0,0.2524
29440.0,13137.3,29842.4,13452.1,0.2522
34503.7,29442.0,34880.0,29932.4,0.2522
0.0,6720.0,535.9,6882.3,0.2522
16681.9,31905.1,17275.4,32317.7,0.2521
28229.4,21449.4,28795.4,21962.9,0.2521
33465.2,6170.1,33578.0,6400.0,0.2519
34423.4,3841.2,34876.3,4235.2,0.2518
7930.8,339.0,7999.4,561.8,0.2518
14085.6,3835.8,14718.0,4158.9,0.2518
36149.2,5796.0,36480.0,6184.5,0.2517
16056.2,6720.0,16320.0,6843.0,0.2516
24668.8,2635.6,24960.0,2985.3,0.2516
32975.9,5121.8,33280.0,5210.2,0.2515
29923.9,796.1,30400.0,1278.0,0.2515
30021.3,9939.4,30400.0,10211.4,0.2514
32717.8,26053.4,33265.6,26560.0,0.2514
34493.8,986.9,34872.7,1411.2,0.2513
22376.6,11840.0,22720.0,12410.3,0.2511
38162.7,32000.0,38399.3,32197.8,0.2510
18565.3,10484.1,19197.4,10880.0,0.2510
16961.0,718.8,17040.3,859.8,0.2508
31720.9,18883.5,32000.0,19006.2,0.2508
3944.6,7236.1,4474.2,7680.0,0.2507
23360.0,33287.0,23991.6,33651.3,0.2504
39.9,5472.7,635.2,5760.0,0.2504
34338.9,36438.9,34874.0,36864.0,0.2503
17026.6,2773.7,17584.8,3200.0,0.2503
26616.8,10772.1,26879.2,11200.0,0.2503
22170.1,33290.4,22714.3,33725.0,0.2502
6080.0,4031.9,6720.0,4390.3,0.2501
