x1,y1,x2,y2,score
16359.3,3085.5,16958.8,3520.0,0.9580
17818.8,14233.6,18176.0,14720.0,0.9576
17303.1,4350.6,17917.9,4800.0,0.9546
2359.1,7868.7,2849.2,8319.7,0.9545
13809.7,11397.6,14398.2,11834.5,0.9523
14739.8,13440.0,15355.4,13853.6,0.9516
5589.0,1835.3,6074.5,2240.0,0.9504
9600.0,5130.3,10235.5,5489.5,0.9503
12282.5,6527.0,12794.7,7039.4,0.9500
7040.0,6082.2,7672.3,6464.1,0.9498
15518.5,7725.1,15994.6,8000.0,0.9476
503.1,9828.6,955.8,10240.0,0.9467
2908.6,5328.2,3517.3,5760.0,0.9467
10749.8,1924.0,11196.3,2373.5,0.9461
14740.8,9799.3,15355.2,10235.7,0.9454
4686.2,3110.4,4799.6,3517.8,0.9447
751.0,5360.9,1277.9,5760.0,0.9441
14481.0,2240.0,15035.2,2688.3,0.9440
8841.4,1602.4,9273.9,1920.7,0.9437
9281.5,640.5,9382.2,748.6,0.9429
8011.0,2771.2,8639.7,3196.0,0.9428
5901.9,2461.0,6391.7,2880.0,0.9427
7400.7,28102.4,7997.7,28480.0,0.9414
9285.0,4155.8,9918.1,4480.0,0.9410
12800.0,4318.3,13426.1,4797.8,0.9406
17701.8,3443.0,18176.0,3840.0,0.9403
8645.1,5443.3,9275.4,5830.8,0.9401
1606.8,3493.0,2240.0,3840.0,0.9398
6726.1,10156.8,7357.1,10560.0,0.9397
7133.2,4275.9,7678.2,4798.8,0.9392
10568.0,7898.6,11198.3,8318.2,0.9390
1772.3,880.5,2235.1,1280.0,0.9383
17482.9,18172.6,17909.1,18557.7,0.9381
13144.7,13760.0,13756.9,14188.3,0.9381
15414.4,5644.4,15996.4,6079.6,0.9379
15727.1,8837.1,16316.4,9272.5,0.9378
8057.6,19520.0,8320.0,19805.4,0.9376
13120.0,1198.3,13756.4,1600.0,0.9375
11537.3,5447.0,12159.2,5757.4,0.9372
9112.6,8550.3,9599.0,8958.6,0.9372
3524.6,5379.5,4160.0,5760.0,0.9372
4480.0,3700.2,4950.8,4160.0,0.9371
2.4,11201.9,635.6,11578.5,0.9367
17734.9,3429.6,17920.0,3837.6,0.9365
738.2,9011.1,959.2,9396.9,0.9360
12934.0,6951.7,13437.1,7360.0,0.9357
12548.1,12662.4,13115.9,13120.0,0.9356
16780.4,14931.7,17276.3,15360.0,0.9356
8675.6,6057.1,9279.4,6400.0,0.9352
6082.3,4177.3,6719.0,4480.0,0.9349
12322.3,3146.9,12795.9,3520.0,0.9342
16640.0,2243.4,17182.7,2647.6,0.9342
3874.8,11796.2,4476.6,12160.0,0.9335
16690.7,3418.2,17274.0,3831.4,0.9333
12480.0,6536.8,13036.6,7039.6,0.9331
10301.9,9161.6,10874.3,9600.0,0.9331
12852.7,11083.8,13118.2,11517.4,0.9330
15211.0,7125.9,15359.3,7359.2,0.9328
16968.7,8000.0,17598.3,8352.6,0.9328
14720.2,0.5,14995.5,178.6,0.9327
1808.2,10144.9,1918.7,10557.4,0.9316
14433.6,5775.5,15038.0,6074.9,0.9315
14741.7,10070.1,15357.9,10558.0,0.9313
14321.2,7680.0,14506.5,7844.1,0.9312
11200.0,4800.7,11398.8,5352.5,0.9310
12252.7,8642.0,12795.4,9086.1,0.9309
11305.8,9489.2,11830.3,9920.0,0.9304
13444.3,11507.1,14076.7,11835.5,0.9304
15469.6,10723.6,16000.0,11195.0,0.9304
16052.9,12825.8,16632.8,13120.0,0.9303
16495.1,15250.1,16956.2,15677.0,0.9300
9370.8,8840.3,9917.5,9279.7,0.9300
8658.8,9164.6,9277.7,9598.7,0.9294
12800.0,3200.0,13437.3,3632.8,0.9294
10048.0,21024.8,10557.2,21436.0,0.9292
9928.4,8231.5,10556.6,8640.0,0.9291
16768.5,631.7,17279.4,959.6,0.9291
15560.8,13443.0,15680.0,13867.8,0.9291
16346.8,5146.7,16957.7,5440.0,0.9289
10883.1,8003.7,11518.4,8453.3,0.9288
13284.9,6080.0,13440.0,6175.4,0.9287
10560.0,4508.9,11195.5,4880.2,0.9286
17602.4,27377.0,18172.2,27840.0,0.9286
12043.8,4533.7,12480.0,4800.0,0.9281
16735.2,16304.3,17279.2,16640.0,0.9277
10350.6,8261.9,10879.8,8638.9,0.9275
1074.6,3841.1,1210.9,3930.5,0.9274
2329.2,8004.0,2558.8,8346.1,0.9270
2093.1,11076.1,2558.8,11519.9,0.9266
16358.1,13669.9,16954.6,14078.5,0.9266
14877.7,8169.8,15354.9,8636.0,0.9263
16971.0,10416.6,17600.0,10876.2,0.9262
8829.6,1607.4,8960.0,1883.9,0.9257
16159.6,10740.4,16640.0,11198.6,0.9256
5285.8,566.6,5760.0,960.0,0.9256
17744.0,16006.4,18176.0,16540.4,0.9254
8337.3,8875.5,8955.7,9280.0,0.9253
16689.9,58248.7,17279.2,58560.0,0.9252
15095.6,2556.3,15677.7,2879.1,0.9252
16410.2,1357.0,16639.9,1641.1,0.9251
2373.2,11774.3,2876.4,12160.0,0.9249
16595.1,6955.0,16960.0,7358.8,0.9246
17076.3,6093.6,17597.8,6400.0,0.9241
4802.3,4735.7,5439.8,5120.0,0.9239
17538.2,12162.0,18172.0,12527.5,0.9233
13527.0,9217.5,13587.8,9600.0,0.9231
12212.5,1203.0,12797.2,1598.2,0.9228
5076.6,13129.6,5218.4,13603.7,0.9226
7361.3,3019.8,7502.9,3200.0,0.9224
12547.5,11944.0,13111.4,12480.0,0.9223
67.7,2422.4,638.0,2871.4,0.9219
10940.6,7234.8,11515.4,7677.9,0.9215
2683.6,12485.0,2880.0,12702.3,0.9214
9346.1,7001.6,9915.7,7360.0,0.9210
9920.6,8977.5,10556.9,9280.0,0.9208
2675.0,12383.3,3200.0,12799.6,0.9205
17646.6,24765.1,18168.8,25280.0,0.9202
15566.8,12201.1,15679.5,12480.0,0.9201
13451.9,6407.2,14078.9,6720.0,0.9199
14080.0,2904.0,14594.9,3195.8,0.9198
6499.2,10423.3,7037.9,10876.4,0.9197
17685.0,4306.9,18176.0,4794.3,0.9194
14579.6,4164.6,15039.9,4527.4,0.9193
5130.7,5021.3,5756.7,5440.0,0.9193
13792.0,1054.6,14396.3,1600.0,0.9192
14199.6,8224.2,14718.2,8638.9,0.9187
5778.7,11660.2,6079.2,12157.3,0.9183
11646.6,2260.1,12157.4,2560.0,0.9183
15082.8,1622.8,15678.1,1920.0,0.9180
4586.1,641.5,4797.9,968.1,0.9179
17721.3,3523.3,18176.0,4079.3,0.9178
15864.6,3417.6,16316.1,3839.7,0.9177
971.2,5428.0,1600.0,5757.9,0.9176
16097.8,13012.0,16638.0,13433.6,0.9170
16660.5,9419.0,17277.3,9918.7,0.9166
882.9,9285.8,1280.0,9721.7,0.9166
13440.0,9047.7,13535.2,9280.0,0.9163
8711.2,7258.0,9275.6,7680.0,0.9162
9008.1,2739.7,9600.0,3199.7,0.9162
17625.0,10786.2,18174.7,11200.0,0.9161
17004.0,1602.1,17595.4,2060.3,0.9159
16406.9,1344.8,16886.0,1600.0,0.9158
11550.7,7284.8,12156.5,7679.7,0.9155
3289.1,9286.1,3520.0,9587.9,0.9155
3703.6,9865.0,4159.1,10240.0,0.9143
5964.8,10561.2,6399.3,10771.1,0.9138
12671.3,2711.6,13119.0,3090.4,0.9136
8138.9,9244.3,8639.1,9598.7,0.9133
11201.7,8500.1,11583.5,8956.3,0.9129
10894.4,2095.4,11519.3,2557.9,0.9128
2669.5,8323.0,2879.6,8793.2,0.9128
2871.0,1920.0,3194.7,2445.1,0.9126
726.6,11172.3,1277.2,11520.0,0.9126
17069.9,12344.4,17596.8,12799.3,0.9125
3388.2,4663.7,3840.0,5116.8,0.9125
1922.6,11023.8,2092.0,11515.6,0.9124
15349.7,16001.4,15679.5,16450.0,0.9121
11648.3,3475.8,12156.8,3839.2,0.9119
4480.0,6367.7,5116.0,6720.0,0.9118
16960.0,3732.3,17596.3,4157.2,0.9115
14080.0,640.1,14709.8,852.7,0.9115
8014.7,6337.7,8638.0,6720.0,0.9114
6404.5,10108.3,7036.0,10552.8,0.9113
17536.0,1739.7,18026.0,2239.8,0.9109
16009.0,8020.9,16636.6,8320.0,0.9109
17015.9,12489.6,17597.5,12922.8,0.9106
16448.8,25493.2,16955.1,25920.0,0.9098
16416.0,18240.0,16639.9,18711.2,0.9097
15377.7,5997.4,15990.6,6393.8,0.9095
14572.7,10284.8,14720.0,10559.3,0.9093
16717.0,3471.0,16960.0,3839.2,0.9091
8353.4,3221.1,8958.3,3520.0,0.9089
14090.6,6547.0,14716.3,7036.5,0.9088
4800.0,3520.6,5220.5,3712.7,0.9088
16676.1,10850.1,17278.4,11200.0,0.9084
17059.5,1920.4,17280.0,2046.0,0.9082
15818.9,9940.0,16316.4,10305.3,0.9081
8449.7,960.3,8639.3,1114.3,0.9081
22.5,5598.4,636.6,6079.2,0.9080
5462.6,5440.0,5760.0,5881.9,0.9080
7042.6,27849.6,7680.0,28196.7,0.9078
9654.4,3985.4,10237.1,4476.3,0.9078
16116.5,24960.0,16622.3,25390.3,0.9076
17131.2,8670.5,17596.5,9032.9,0.9075
16711.8,729.3,16960.0,959.4,0.9075
3293.4,2413.5,3838.1,2876.1,0.9066
15519.7,3324.0,16000.0,3837.1,0.9065
16377.4,13300.8,16955.2,13745.0,0.9062
17354.7,2880.0,17914.5,3229.2,0.9060
13521.4,643.1,14076.4,1002.3,0.9058
14352.5,13338.9,14718.6,13758.8,0.9056
9920.0,5120.0,10555.5,5355.3,0.9055
16344.6,19723.9,16951.6,20159.4,0.9055
13776.9,261.0,14396.3,640.0,0.9053
10655.4,6545.8,11195.3,7039.3,0.9053
3573.7,13478.2,4154.9,14079.3,0.9052
11926.5,10664.5,12478.4,11197.1,0.9052
11520.0,4160.0,12157.9,4424.8,0.9052
7045.8,52177.2,7679.4,52480.0,0.9050
11902.5,5272.8,12476.6,5756.8,0.9048
14492.1,13262.1,15035.9,13759.7,0.9046
14436.3,7360.0,15037.5,7794.3,0.9046
46.1,10248.4,636.1,10686.0,0.9044
3060.5,7041.0,3199.2,7187.6,0.9044
12308.8,6613.9,12479.5,7035.4,0.9042
10909.8,6943.3,11516.4,7360.0,0.9034
9676.1,7862.2,10239.2,8318.6,0.9034
12247.8,7040.0,12799.8,7458.0,0.9032
376.0,6720.1,640.0,7143.7,0.9028
17587.8,26786.4,18176.0,27200.0,0.9021
8073.0,27756.4,8637.3,28160.0,0.9020
4160.0,11842.1,4797.2,12174.1,0.9019
660.1,1168.1,1276.0,1585.8,0.9016
14850.9,7043.8,15039.9,7507.2,0.9016
18054.6,15682.3,18176.0,15876.7,0.9013
15415.0,4547.8,15996.0,4800.0,0.9013
1290.4,5974.5,1596.7,6400.0,0.9012
1600.0,1825.4,1738.2,2240.0,0.9009
16018.9,5416.2,16635.9,5760.0,0.9009
10880.4,1890.4,11520.0,2240.0,0.9009
14473.7,2712.2,15039.0,3176.6,0.9001
14421.1,6315.5,15033.6,6720.0,0.9001
2994.1,10787.2,3520.0,11200.0,0.8999
7117.0,10553.1,7677.2,10880.0,0.8996
13121.4,11369.9,13304.0,11827.1,0.8996
9310.9,5127.4,9916.2,5582.1,0.8995
10244.0,3698.0,10868.3,4159.0,0.8994
2465.1,4161.8,2876.8,4372.2,0.8991
5203.9,2459.6,5759.9,2879.2,0.8989
5816.5,4995.7,6398.9,5438.2,0.8988
12098.2,1339.7,12478.9,1600.0,0.8985
17844.5,10603.3,18176.0,10965.6,0.8981
17057.8,26881.3,17278.1,27130.8,0.8976
16640.0,16529.7,16754.1,16957.0,0.8975
8641.5,4161.1,8722.4,4250.1,0.8971
17465.9,8367.2,17888.0,8640.0,0.8967
13646.6,6724.5,13759.6,7209.2,0.8967
14841.8,52401.0,15357.4,52800.0,0.8967
9965.9,6400.6,10221.9,6519.9,0.8966
4701.4,11202.2,4799.6,11642.4,0.8959
17663.9,14495.7,18175.9,15037.4,0.8955
7347.0,4480.0,7680.0,5051.0,0.8955
16841.3,14723.5,17280.0,15028.7,0.8954
2815.3,10449.5,2878.3,10879.0,0.8952
16776.9,26561.9,16960.0,26813.1,0.8950
6487.4,9608.3,7035.4,10019.2,0.8950
13783.3,53016.8,14396.2,53440.0,0.8949
8113.9,10115.1,8634.6,10560.0,0.8947
16012.8,9770.9,16639.0,10240.0,0.8945
8649.2,3060.9,9277.7,3520.0,0.8940
9280.0,1414.5,9529.6,1600.0,0.8937
8139.5,19433.4,8636.2,19840.0,0.8933
11213.8,8028.6,11836.4,8316.2,0.8932
741.7,5121.6,960.0,5363.7,0.8932
11927.7,8915.6,12476.1,9279.9,0.8930
3737.1,2138.6,3839.4,2240.0,0.8929
14810.0,1920.9,15356.8,2384.9,0.8924
10004.6,4819.7,10553.5,5354.5,0.8922
13966.3,10241.2,14080.0,10372.8,0.8920
8652.7,4483.3,9278.9,4799.4,0.8920
10314.0,6621.3,10870.7,7040.0,0.8919
1381.6,9784.2,1918.1,10240.0,0.8916
4539.7,11052.9,5118.9,11519.6,0.8915
13440.0,9513.5,13562.8,9919.3,0.8915
16000.0,13632.4,16100.8,14077.7,0.8913
16188.7,13440.0,16638.7,13881.4,0.8909
10584.5,3516.5,11199.7,3839.5,0.8905
730.9,11481.5,1276.3,11840.0,0.8904
7102.5,1600.0,7360.0,2113.3,0.8903
13275.9,5256.9,13440.0,5438.6,0.8903
14089.9,15570.6,14716.6,16000.0,0.8898
10880.0,4480.0,11518.5,4753.0,0.8896
13966.3,14087.1,14079.2,14424.1,0.8896
16000.0,10148.6,16637.2,10556.7,0.8895
13217.3,6913.9,13756.8,7360.0,0.8894
1185.7,2247.9,1280.0,2446.4,0.8892
7061.5,8960.0,7678.6,9418.8,0.8887
16232.9,13582.6,16319.7,14080.0,0.8884
8961.7,2104.3,9056.9,2240.0,0.8882
13123.3,11372.6,13260.0,11518.5,0.8881
7536.6,5090.7,7995.9,5440.0,0.8880
3078.4,10241.7,3200.0,10740.5,0.8879
11507.5,2560.0,11839.7,3062.9,0.8877
14508.6,2881.9,14720.0,3047.2,0.8870
10560.0,6467.2,11196.6,6720.0,0.8868
14789.1,6228.0,15357.6,6699.8,0.8867
12800.0,10605.5,12996.4,11196.3,0.8866
12873.7,12589.7,13439.2,13116.2,0.8865
592.7,5124.4,959.4,5627.0,0.8861
15368.6,9815.2,16000.0,10204.0,0.8857
9170.3,1408.9,9546.1,1745.5,0.8855
8651.5,8597.1,9273.8,8960.0,0.8855
16645.7,15891.3,17277.0,16216.5,0.8853
1872.8,10107.7,2240.0,10559.6,0.8851
17159.5,5874.5,17280.0,6397.6,0.8849
10880.0,5121.4,11396.1,5404.2,0.8845
15044.9,8505.4,15674.8,8960.0,0.8844
2273.4,3394.6,2877.9,3815.7,0.8838
6250.4,3089.5,6720.0,3520.0,0.8837
10014.9,6083.4,10237.8,6371.9,0.8836
16048.4,17601.7,16320.0,17985.0,0.8835
17647.3,3118.1,18171.4,3520.0,0.8834
13841.8,6544.2,14396.8,7039.2,0.8831
11526.2,1519.4,12156.3,1920.0,0.8818
15428.6,10048.1,15997.2,10427.2,0.8816
16022.2,52999.7,16635.8,53437.4,0.8816
16368.2,18161.0,16956.1,18560.0,0.8815
2690.7,8961.8,2880.0,9429.8,0.8814
7360.0,9611.8,7998.3,9919.3,0.8812
405.7,11355.4,957.8,11810.6,0.8812
14513.3,643.0,15035.2,958.6,0.8808
15954.3,16960.0,16320.0,17436.4,0.8802
7041.6,425.7,7129.7,625.9,0.8801
12261.6,7684.1,12795.7,8061.4,0.8800
16727.6,6.1,16959.1,354.7,0.8799
17210.7,2240.0,17280.0,2604.8,0.8796
15783.0,13649.1,15900.9,14076.6,0.8790
2108.2,11203.3,2239.4,11477.9,0.8790
17608.2,20902.7,18170.9,21434.0,0.8785
17787.7,963.8,17919.1,1176.1,0.8785
8438.7,2.7,8638.5,333.7,0.8784
14840.5,52633.2,15354.2,53117.8,0.8781
15906.1,12160.8,15999.9,12659.7,0.8778
10939.5,7519.5,11516.3,7995.9,0.8773
15711.9,5310.7,16317.5,5758.3,0.8770
10333.8,7565.9,10878.8,7998.2,0.8763
7756.2,10246.5,8317.0,10560.0,0.8758
8352.8,9184.8,8960.0,9600.0,0.8758
1939.8,5638.2,2557.7,6070.4,0.8757
3549.0,7012.2,4159.2,7360.0,0.8756
7090.0,4712.4,7680.0,5120.0,0.8755
8029.6,7412.7,8640.0,7677.4,0.8750
13778.1,640.8,14397.6,986.9,0.8749
16669.9,7309.0,17279.6,7680.0,0.8749
13120.0,6080.0,13305.6,6141.6,0.8747
13500.3,2971.3,14077.0,3403.2,0.8747
17360.2,1932.5,17916.4,2341.1,0.8747
8033.1,14954.5,8636.0,15360.0,0.8746
5367.7,13763.6,5440.0,14272.5,0.8744
10256.9,2150.4,10879.4,2557.4,0.8741
17540.9,4800.3,18174.4,5092.9,0.8739
16810.1,16961.8,17278.7,17405.8,0.8738
3544.4,4055.9,4155.1,4480.0,0.8737
15775.5,4027.2,16316.5,4477.1,0.8729
13604.1,6659.8,14077.4,7040.0,0.8727
16964.2,13071.2,17599.5,13439.6,0.8727
6886.2,17526.7,7355.5,17920.0,0.8727
17051.5,26936.4,17595.3,27520.0,0.8725
6082.2,28160.0,6716.6,28596.2,0.8724
8351.9,9925.9,8956.4,10240.0,0.8724
17548.9,25493.2,18175.0,25920.0,0.8723
1246.9,6081.5,1600.0,6606.7,0.8715
16464.1,16562.6,16623.6,16958.3,0.8713
15720.5,58432.4,16317.1,58880.0,0.8708
5529.2,14720.0,5759.4,15181.2,0.8702
16965.6,19425.7,17596.9,19840.0,0.8701
4536.6,14668.0,5117.6,15040.0,0.8699
8647.3,20408.3,9278.5,20800.0,0.8698
732.7,4070.6,1278.2,4480.0,0.8698
6809.0,686.8,7359.5,1016.6,0.8694
14334.5,7043.9,14400.0,7386.9,0.8694
17627.4,12586.7,18162.8,13120.0,0.8692
3240.2,12712.5,3838.5,13116.7,0.8692
9952.3,8513.7,10556.2,8954.9,0.8692
7050.1,3582.4,7676.7,3840.0,0.8691
9921.6,21385.0,10557.0,21760.0,0.8690
16305.4,4482.9,16639.5,4820.3,0.8689
9947.4,30669.2,10556.4,31040.0,0.8688
11001.3,21672.1,11520.0,22080.0,0.8687
16233.0,14502.2,16320.0,15037.8,0.8686
14721.3,3999.0,14997.6,4160.0,0.8686
7129.7,18439.5,7676.7,18879.7,0.8678
7393.9,7246.1,7993.7,7680.0,0.8678
10282.2,531.4,10876.9,960.0,0.8677
15052.2,12112.6,15676.4,12480.0,0.8675
11580.9,34457.4,12153.4,34877.1,0.8670
5061.3,13389.1,5119.4,13760.0,0.8666
9600.0,5465.4,10237.9,5760.0,0.8666
5369.7,11347.4,5438.6,11837.1,0.8662
11537.7,49794.3,12155.1,50236.9,0.8660
673.3,4324.0,1273.4,4796.1,0.8657
1442.4,2344.7,1916.1,2625.8,0.8656
16033.5,58440.7,16636.3,58878.7,0.8652
15044.6,6046.7,15678.2,6400.0,0.8652
14910.8,9202.1,15040.0,9600.0,0.8646
15092.0,5759.8,15677.2,6080.0,0.8642
3916.1,3702.1,4473.7,4154.5,0.8638
2998.1,8965.1,3200.0,9256.8,0.8637
3262.4,12848.5,3520.0,13060.6,0.8636
9280.0,7910.6,9919.8,8320.0,0.8634
386.5,10884.7,955.6,11356.1,0.8633
13854.9,8324.2,14080.0,8785.0,0.8628
5760.8,4385.8,6398.2,4800.0,0.8626
15347.8,9779.8,15679.9,10240.0,0.8618
17476.0,26172.2,17918.6,26560.0,0.8618
15110.6,373.1,15675.3,866.1,0.8608
16963.2,25605.0,17596.4,25920.0,0.8606
13282.6,5451.5,13749.4,5905.1,0.8598
2566.2,1420.1,3183.5,1920.0,0.8597
16197.8,5981.0,16640.0,6400.0,0.8589
15040.0,13347.6,15523.0,13756.5,0.8589
11738.9,8431.7,12160.0,8950.7,0.8589
4013.8,6403.4,4159.9,6609.4,0.8587
4197.2,2062.0,4799.9,2556.1,0.8586
9601.1,2576.3,10239.4,2981.2,0.8585
5355.5,13440.0,5440.0,14074.7,0.8578
8402.9,5606.1,8955.9,6080.0,0.8576
16644.3,26733.9,17105.0,27200.0,0.8576
3355.2,6723.2,3519.8,6948.3,0.8565
3592.7,9602.7,3840.0,9881.1,0.8565
17575.4,37664.3,18171.2,38078.4,0.8561
8336.0,13685.2,8958.4,14080.0,0.8559
1181.8,1861.2,1597.6,2195.3,0.8554
9602.0,6454.0,9763.6,7033.9,0.8554
17369.2,20870.4,17909.9,21440.0,0.8537
1315.7,3.9,1600.0,522.0,0.8537
9625.7,51461.2,10237.3,51840.0,0.8536
5319.5,1286.2,5760.0,1726.4,0.8534
15695.0,8232.8,16319.9,8640.0,0.8534
17175.8,16321.1,17264.2,16432.4,0.8534
11285.2,5975.1,11838.6,6396.8,0.8531
8973.6,7021.0,9599.7,7360.0,0.8526
16783.5,6629.7,16958.0,7040.0,0.8523
16737.6,6082.2,16959.9,6522.5,0.8523
1601.7,2300.2,1979.3,2555.7,0.8521
5189.4,6303.1,5755.4,6720.0,0.8521
9943.7,16553.1,10558.2,16960.0,0.8520
17496.5,7085.2,17600.0,7359.7,0.8519
2257.1,5673.4,2878.7,6080.0,0.8517
13491.5,14465.7,14077.9,15033.6,0.8514
12800.1,47999.0,13437.3,48319.9,0.8512
17985.4,2953.7,18175.7,3438.9,0.8511
10380.9,5726.5,10559.9,6079.2,0.8509
12937.1,6568.1,13437.9,7040.0,0.8504
12490.2,3219.7,13117.5,3660.2,0.8503
8067.2,6723.3,8320.0,6882.3,0.8501
12333.8,3097.1,12480.0,3520.0,0.8501
14470.7,11133.3,15036.9,11519.9,0.8499
3293.5,13230.2,3835.3,13756.4,0.8495
15839.1,17183.0,16320.0,17600.0,0.8495
16008.3,13831.8,16141.6,14400.0,0.8492
11390.5,2267.6,11840.0,2880.0,0.8492
5903.7,2572.8,6079.6,3019.4,0.8488
6080.0,5050.7,6716.5,5440.0,0.8480
12480.0,5441.0,13118.1,5541.4,0.8471
9320.7,53658.1,9918.0,54078.4,0.8470
10254.9,7987.5,10876.8,8320.0,0.8464
13529.4,6852.1,14077.3,7360.0,0.8464
4160.0,5060.5,4800.0,5440.0,0.8460
10916.8,2240.4,11519.4,2452.0,0.8456
14435.6,13117.4,15038.4,13440.0,0.8454
16677.5,9280.0,16958.6,9476.8,0.8453
5120.0,13440.0,5252.7,13968.6,0.8453
10579.7,50428.0,11195.5,50876.5,0.8453
13586.1,5440.0,14080.0,6074.4,0.8449
11592.0,11061.5,12154.6,11520.0,0.8447
10880.0,4803.8,11394.9,5370.8,0.8445
15465.7,1459.0,15995.6,1920.0,0.8444
3271.5,11843.6,3519.6,12270.1,0.8441
2119.0,4484.0,2238.8,4712.1,0.8438
3292.6,3843.2,3518.7,4191.1,0.8438
13761.9,949.3,14395.4,1280.0,0.8436
8018.5,7040.0,8320.0,7552.8,0.8435
4802.2,5153.2,5439.5,5599.3,0.8427
17306.9,2265.9,17917.2,2560.0,0.8424
11524.8,10185.8,12157.9,10560.0,0.8423
15869.6,5602.0,16320.0,6074.8,0.8421
444.8,4480.0,640.0,4905.6,0.8420
7718.0,7579.2,8316.6,8000.0,0.8419
3188.1,4638.6,3520.0,5113.0,0.8417
5337.1,14409.0,5431.9,14854.5,0.8416
15150.1,1920.7,15679.1,2267.2,0.8413
11843.1,1482.7,12186.1,1917.4,0.8413
8748.5,3409.6,9274.8,3840.0,0.8410
11200.0,7589.0,11836.7,8000.0,0.8401
16653.0,18560.6,16959.1,19129.2,0.8400
16795.2,10416.3,17276.9,10873.1,0.8398
4160.0,1280.3,4328.8,1393.2,0.8398
2328.0,10888.1,2877.2,11403.6,0.8397
13784.9,2231.6,14398.1,2560.0,0.8397
17033.3,14066.4,17599.9,14397.1,0.8397
4854.1,6397.0,5439.0,6720.0,0.8397
11841.5,3842.6,12477.1,4190.1,0.8396
1187.2,2154.5,1592.0,2452.7,0.8395
11888.5,48232.4,12475.6,48640.0,0.8389
12131.5,9605.5,12469.3,10098.4,0.8388
6082.0,1849.1,6205.1,2240.0,0.8383
5254.6,10470.9,5439.9,10878.7,0.8383
12170.5,57448.1,12797.8,57919.3,0.8378
3929.6,12044.4,4480.0,12480.0,0.8377
13134.1,5354.8,13760.0,5760.0,0.8377
6859.6,4344.2,7358.1,4800.0,0.8375
12540.5,12164.3,13106.5,12705.0,0.8374
8722.4,8791.8,9278.7,9274.3,0.8374
14085.1,13190.3,14394.1,13760.0,0.8371
13211.1,14203.8,13753.4,14716.4,0.8368
16776.8,7395.0,16960.0,7998.7,0.8367
16769.0,13235.0,17279.2,13711.9,0.8364
16406.5,1666.9,16957.2,2222.7,0.8362
15695.6,8578.4,16318.9,8960.0,0.8360
5971.7,10432.3,6080.0,10769.2,0.8358
1011.1,3877.7,1600.0,4157.7,0.8353
1282.7,5984.0,1916.9,6400.0,0.8351
8685.4,7363.0,8959.9,7671.5,0.8347
7731.8,4483.5,8318.4,4966.4,0.8340
4269.4,13377.7,4796.2,13760.0,0.8335
13137.4,3375.5,13757.5,3833.5,0.8332
4386.8,1338.2,4478.3,1460.5,0.8332
2553.1,12192.3,2875.8,12479.3,0.8328
3105.9,3326.5,3200.0,3520.0,0.8326
16000.0,15283.9,16103.2,15678.8,0.8326
10131.3,6082.5,10560.0,6592.4,0.8325
1061.2,6080.0,1279.4,6605.6,0.8324
5834.7,10882.9,6398.0,11388.5,0.8324
17692.8,19649.6,18169.1,20157.1,0.8324
14415.1,1959.4,15038.8,2240.0,0.8323
16957.4,1602.3,17280.0,2055.8,0.8317
8736.5,9501.3,9275.9,9920.0,0.8315
14720.0,16562.3,15355.9,16960.0,0.8313
311.5,1326.1,638.7,1532.7,0.8310
16690.0,13664.1,17278.3,14080.0,0.8309
11916.7,9856.8,12475.1,10240.0,0.8306
9678.8,8457.7,10240.0,8956.1,0.8304
15375.0,9162.6,15999.0,9592.9,0.8303
11869.0,3384.4,12476.9,3839.5,0.8301
4631.9,178.4,5116.0,637.9,0.8297
1928.5,9851.0,2560.0,10240.0,0.8297
12520.1,50799.5,13116.8,51199.5,0.8295
11549.2,7834.3,12156.3,8215.6,0.8295
14744.9,479.4,15358.8,959.4,0.8291
14085.2,251.4,14717.2,640.0,0.8288
8362.4,17841.8,8956.2,18240.0,0.8288
1400.9,6671.1,1920.0,7040.0,0.8288
16987.1,20003.2,17598.4,20480.0,0.8286
5261.4,5120.0,5758.4,5637.6,0.8282
837.4,6578.8,960.0,6720.0,0.8282
14720.8,3521.7,15351.8,3725.2,0.8280
15680.0,13657.3,15755.6,14077.1,0.8278
16977.6,5421.6,17596.0,5760.0,0.8276
6132.2,941.5,6718.5,1280.0,0.8275
3361.3,583.6,3519.7,873.9,0.8270
8640.0,6720.0,8873.8,6764.1,0.8267
14097.2,1543.8,14714.3,1917.5,0.8267
17284.5,18482.1,17917.5,18880.0,0.8265
9296.9,13701.2,9915.4,14080.0,0.8263
1599.0,2618.2,1920.0,2933.7,0.8258
859.8,7681.7,960.0,7897.7,0.8237
10054.1,5988.4,10556.2,6399.9,0.8237
7465.2,10430.7,7994.8,10880.0,0.8236
3637.1,13120.6,3839.0,13298.2,0.8232
8055.5,1280.0,8320.0,1735.9,0.8231
17360.3,24171.5,17917.7,24638.8,0.8229
15819.7,11840.0,16000.0,12478.8,0.8229
9314.2,8173.7,9915.9,8640.0,0.8228
11076.7,5687.4,11198.6,5760.0,0.8228
17699.4,24326.5,18171.5,24724.4,0.8226
15089.8,30946.8,15674.0,31357.1,0.8223
570.2,3520.0,957.0,3898.0,0.8221
640.0,10883.6,1276.7,11215.2,0.8217
15691.2,54647.2,16317.0,55040.0,0.8212
14477.2,24000.8,14720.0,24171.9,0.8208
12174.0,11433.0,12796.1,11840.0,0.8208
11617.7,6131.1,12158.7,6720.0,0.8206
14499.7,12805.8,15040.0,13119.9,0.8204
4195.3,10560.0,4800.0,10739.2,0.8204
14036.2,4535.7,14080.0,4682.7,0.8203
13188.4,7157.4,13756.8,7678.1,0.8202
2255.7,3829.9,2559.3,3991.4,0.8201
16660.8,3730.6,17276.8,4160.0,0.8201
5363.6,13120.0,5440.0,13753.8,0.8199
15608.8,7935.4,16000.0,8320.0,0.8197
17004.2,10886.3,17599.6,11284.1,0.8196
12712.6,2880.7,12799.9,3147.8,0.8195
12492.9,5756.6,13119.0,6080.0,0.8194
13441.9,2563.5,14075.2,2981.2,0.8193
1692.6,3025.6,2237.6,3513.4,0.8191
14590.8,5440.4,14720.0,5627.5,0.8189
17686.9,7580.8,18176.0,8000.0,0.8187
9286.6,2753.8,9920.0,3200.0,0.8169
8988.0,20695.8,9597.4,21120.0,0.8167
14535.5,10247.5,15040.0,10560.0,0.8160
2817.6,4137.2,2879.9,4480.0,0.8160
3634.3,202.9,4157.2,630.5,0.8159
4160.0,2240.9,4798.5,2459.5,0.8159
1484.1,326.3,1916.2,763.7,0.8158
13144.7,12801.4,13439.7,13416.0,0.8156
12566.8,1724.2,13115.2,2237.5,0.8155
4625.2,14094.4,4800.0,14676.6,0.8153
8364.3,6720.0,8960.0,6917.9,0.8151
13503.2,14887.5,14074.6,15360.0,0.8146
16011.9,9507.8,16640.0,9920.0,0.8145
873.9,1563.4,1278.4,1920.0,0.8144
16435.1,65265.7,16955.7,65600.0,0.8140
13440.0,13761.3,13810.0,14175.3,0.8140
17187.9,1993.4,17600.0,2528.2,0.8131
11236.3,22285.4,11837.9,22719.6,0.8130
13885.5,28483.1,14400.0,29111.1,0.8130
964.5,5764.8,1596.7,6045.3,0.8128
3579.4,2563.9,4158.6,2964.5,0.8122
13245.8,6375.6,13760.0,6720.0,0.8122
7099.8,1462.9,7674.4,1919.8,0.8118
7074.7,1501.8,7353.5,1918.2,0.8115
2587.9,5338.7,3197.5,5758.8,0.8114
4573.6,10305.8,5117.8,10560.0,0.8114
7493.6,18738.2,7997.0,19200.0,0.8113
12800.0,6529.6,12972.5,6929.9,0.8110
1785.8,963.1,1920.0,1225.7,0.8109
16695.4,20039.1,17272.8,20479.6,0.8106
13258.4,23266.5,13755.0,23680.0,0.8105
12198.6,34405.1,12796.3,34876.6,0.8101
13545.2,3059.2,13759.5,3310.4,0.8100
7080.6,9284.9,7677.0,9727.4,0.8099
4478.5,5440.7,4798.4,5594.2,0.8097
11870.0,49535.4,12476.8,49920.0,0.8096
16222.8,14438.5,16638.6,15040.0,0.8096
14469.9,165.1,15040.0,632.1,0.8095
17613.5,51605.7,18172.7,52157.5,0.8094
6125.1,318.8,6719.8,640.0,0.8094
8996.1,15574.1,9595.6,15996.9,0.8094
16356.5,10904.6,16952.1,11233.9,0.8078
2556.7,1366.9,2880.0,1920.0,0.8078
13440.0,3520.0,14077.7,3860.2,0.8076
17844.3,23561.4,18168.5,24000.0,0.8076
17537.4,15677.8,18174.6,16000.0,0.8071
9602.3,6429.5,9758.8,6719.3,0.8069
17282.2,23040.0,17917.0,23481.5,0.8068
12160.0,8961.7,12670.1,9185.2,0.8067
14088.9,6248.0,14716.7,6714.7,0.8066
17293.5,14315.8,17917.6,14720.0,0.8062
15169.9,16483.0,15680.0,16958.0,0.8061
17396.1,5225.4,17918.0,5688.8,0.8061
16595.3,15681.6,16957.8,16128.4,0.8054
9979.9,49827.7,10557.0,50235.7,0.8053
9281.7,4161.5,9422.5,4332.8,0.8047
11226.8,1605.3,11837.5,2059.9,0.8044
15431.7,8231.1,16000.0,8640.0,0.8044
10581.2,49522.8,11196.4,49919.7,0.8042
1164.8,9802.2,1600.0,10237.4,0.8042
7041.6,28167.9,7678.9,28480.0,0.8041
17784.5,18772.6,18176.0,19192.9,0.8041
3200.0,6043.0,3840.0,6400.0,0.8040
6724.3,2424.6,7314.8,2880.0,0.8037
1181.1,3401.3,1279.3,3831.9,0.8036
8466.0,19842.8,8639.1,20053.3,0.8035
12292.6,48173.0,12794.9,48639.9,0.8034
13770.5,3200.0,14398.9,3426.3,0.8034
2326.3,12633.8,2876.2,13117.1,0.8033
17389.6,23501.3,17917.1,23999.0,0.8029
9341.9,15582.8,9915.2,15998.6,0.8026
7438.2,8784.6,7996.6,9277.0,0.8024
14095.7,30638.6,14716.7,31040.0,0.8018
16124.4,13760.0,16320.0,14397.3,0.8016
11851.1,57529.3,12475.8,57920.0,0.8015
6111.6,1816.0,6717.2,2235.6,0.8013
5799.1,9930.3,6400.0,10264.5,0.8007
17624.3,15305.5,18176.0,15677.4,0.8007
17802.5,2062.0,18174.0,2237.7,0.8002
16013.5,13126.1,16316.7,13641.6,0.8001
12813.5,58466.9,13437.6,58880.0,0.7999
16792.9,7653.5,17272.2,7993.0,0.7995
2285.3,1920.2,2560.0,2405.9,0.7993
15932.3,14684.2,15997.5,15040.0,0.7991
17764.7,7241.2,18176.0,7680.0,0.7991
16507.2,16570.6,16937.4,16960.0,0.7991
7782.7,6611.4,8316.9,7039.9,0.7990
5896.2,10359.8,6399.0,10763.7,0.7990
617.0,11283.1,957.4,11519.6,0.7986
15195.8,10954.0,15653.3,11520.0,0.7982
17448.0,24536.9,17918.4,24959.9,0.7982
14735.7,4482.7,15357.8,4950.6,0.7980
15401.5,12651.0,15999.3,13118.7,0.7975
15713.1,13874.3,15795.1,14398.2,0.7975
5634.6,167.6,5760.0,376.2,0.7975
14787.1,55887.9,15352.9,56318.5,0.7974
9281.5,1600.0,9501.6,1757.6,0.7968
17140.1,8705.4,17279.6,8959.8,0.7968
486.8,7228.7,640.0,7358.8,0.7967
8454.3,19521.5,8639.8,19696.9,0.7967
14748.5,37669.5,15358.0,38080.0,0.7959
9670.7,2129.5,10239.1,2560.0,0.7956
5550.4,6085.9,6078.1,6400.0,0.7955
8008.3,3161.5,8640.0,3516.4,0.7953
6755.2,3522.0,7355.9,3621.9,0.7952
2632.0,9210.2,3198.9,9600.0,0.7951
18015.8,26585.9,18176.0,26817.4,0.7951
1402.4,7247.8,1599.6,7651.5,0.7950
8373.2,15258.9,8953.0,15677.4,0.7948
9031.6,14303.8,9597.1,14720.0,0.7948
16003.5,1928.2,16637.0,2283.2,0.7947
1605.4,9469.5,2237.8,9920.0,0.7945
17651.5,20727.5,18172.2,21119.9,0.7941
11968.5,6918.1,12480.0,7360.0,0.7936
9995.3,50751.6,10554.8,51199.3,0.7934
15071.9,0.2,15676.9,388.8,0.7930
4574.4,10240.0,4800.0,10286.6,0.7929
10982.9,1099.0,11516.1,1599.9,0.7928
13769.4,52382.0,14400.0,52800.0,0.7914
9723.3,6903.3,10219.9,7360.0,0.7909
8321.5,640.0,8655.2,761.9,0.7908
9612.6,8221.7,10237.7,8640.0,0.7908
16320.0,12473.6,16960.0,12800.0,0.7908
9299.6,8490.4,9915.6,8958.3,0.7904
10655.4,42756.8,11193.4,43194.9,0.7901
16104.5,25754.3,16637.1,26240.0,0.7900
11646.7,6508.2,12160.0,7040.0,0.7896
17489.3,7040.0,17920.0,7195.8,0.7895
14343.0,7360.0,14720.0,7773.4,0.7892
515.6,3283.0,960.0,3840.0,0.7892
8326.0,3525.9,8954.3,3853.2,0.7890
5919.3,11494.6,6396.4,11840.0,0.7889
9606.1,15613.7,10236.7,16000.0,0.7887
13230.7,11841.9,13439.5,12140.2,0.7883
7366.2,3201.6,8000.0,3661.9,0.7878
6412.7,5308.9,7037.1,5757.6,0.7876
14448.6,11384.3,15036.2,11839.1,0.7876
14083.8,58184.2,14716.4,58560.0,0.7876
12878.5,4802.4,13120.0,5018.3,0.7875
17293.2,25493.8,17920.0,25920.0,0.7873
17400.5,16643.7,17920.0,17271.6,0.7869
14341.0,968.7,14716.0,1315.2,0.7867
13191.5,23362.6,13440.0,23592.2,0.7863
8960.0,6122.1,9292.2,6400.0,0.7858
9632.1,14306.8,10235.1,14720.0,0.7857
16049.6,4311.3,16635.8,4792.6,0.7857
12825.6,2446.8,13432.4,2877.2,0.7856
17304.6,19116.3,17920.0,19520.0,0.7853
1834.7,3938.9,1919.3,4137.5,0.7853
17238.1,18562.0,17599.3,19015.7,0.7849
14108.2,60379.4,14716.0,60796.7,0.7849
3843.5,6631.5,4477.0,7040.0,0.7848
4800.9,1876.2,5044.6,2239.5,0.7847
6501.2,828.6,7037.4,1259.5,0.7846
8016.4,3381.6,8637.6,3837.2,0.7843
13761.3,2911.1,14400.0,3200.0,0.7843
15811.5,3274.5,16315.0,3520.0,0.7838
9601.8,19444.5,10236.0,19839.8,0.7836
12160.0,52087.2,12796.7,52480.0,0.7836
14656.5,9280.1,15040.0,9871.0,0.7835
9338.4,15241.9,9916.9,15676.6,0.7832
58.2,10017.7,637.6,10560.0,0.7832
320.8,2448.2,634.9,2854.4,0.7829
3870.0,5023.5,4476.9,5436.5,0.7826
11802.4,8643.8,12139.3,8929.3,0.7819
6191.1,11184.6,6717.4,11519.2,0.7818
15364.5,2495.7,15997.0,2880.0,0.7817
12204.0,1923.5,12793.8,2240.0,0.7816
11566.8,8430.0,11840.0,8603.4,0.7813
4386.3,641.1,4479.5,720.1,0.7812
11953.3,22400.8,12159.7,22539.9,0.7807
10563.8,1873.5,11200.0,2240.0,0.7803
16326.2,12736.9,16955.3,13120.0,0.7798
14162.9,5865.1,14718.2,6284.9,0.7796
6855.5,3144.2,7039.4,3500.7,0.7794
2999.2,2899.6,3520.0,3200.0,0.7794
337.7,5950.4,958.1,6397.9,0.7791
1927.6,5296.2,2556.2,5758.6,0.7790
6510.0,28396.7,7029.6,28800.0,0.7788
16320.0,26564.7,16838.2,27016.6,0.7788
5311.8,14331.0,5411.8,14720.0,0.7788
10581.7,30723.3,10880.0,31216.0,0.7779
6837.6,18156.2,7357.3,18560.0,0.7777
4485.5,3520.0,5117.3,3740.2,0.7774
9930.5,28422.0,10556.1,28800.0,0.7774
17000.0,59795.1,17597.9,60160.0,0.7774
12308.6,8323.2,12478.9,8521.0,0.7766
13974.0,11978.2,14079.6,12473.8,0.7764
15769.3,6402.6,16318.7,6808.1,0.7763
12834.7,798.7,13117.2,957.7,0.7763
17478.5,9306.3,17599.9,9751.9,0.7761
13230.4,11842.5,13755.7,12182.0,0.7760
11210.7,29680.8,11836.3,30076.9,0.7758
2048.4,8002.4,2239.6,8451.8,0.7757
2398.1,11844.8,2560.0,12182.6,0.7751
12480.0,9998.8,12569.4,10240.0,0.7751
15720.2,2398.4,16318.6,2864.3,0.7749
10892.2,49853.1,11516.6,50240.0,0.7748
13677.5,2272.6,14080.0,2558.0,0.7748
1286.9,4407.5,1918.0,4800.0,0.7744
13933.7,9280.0,14079.2,9429.8,0.7743
11564.2,54018.3,12157.7,54400.0,0.7737
2579.5,8923.3,3196.5,9280.0,0.7731
9621.0,17537.5,10235.3,17916.6,0.7728
15719.9,60088.7,16315.4,60480.0,0.7726
11206.4,4170.7,11837.1,4621.2,0.7721
16689.1,19521.3,16958.9,19803.3,0.7720
4187.4,6451.2,4798.5,6826.5,0.7716
16040.3,5788.8,16637.6,6141.0,0.7711
13055.8,6425.2,13120.0,6870.4,0.7711
1145.0,691.4,1279.6,1023.9,0.7711
17536.0,979.3,17721.6,1576.7,0.7711
16746.1,27058.3,17275.1,27520.0,0.7706
13624.2,8646.2,13760.0,8909.3,0.7706
2880.0,11437.9,2985.5,11838.6,0.7702
12063.7,9514.8,12159.1,9915.3,0.7700
5944.8,1819.7,6400.0,2240.0,0.7700
13856.2,10674.1,14079.2,10839.7,0.7699
17541.8,2240.6,18174.1,2688.8,0.7694
13453.5,1108.7,14078.2,1594.8,0.7692
13440.0,6633.6,13543.2,7040.0,0.7692
11543.0,9141.8,11840.0,9600.0,0.7692
3170.6,3520.0,3520.0,4007.0,0.7689
13209.5,7694.1,13758.2,8125.7,0.7687
6435.6,3084.8,7036.0,3520.0,0.7682
7369.7,17210.8,7997.5,17600.0,0.7679
4244.0,3073.9,4478.7,3519.3,0.7679
97.7,7994.4,638.3,8320.0,0.7678
17820.8,27201.1,17919.4,27376.2,0.7677
14852.0,13985.4,15359.9,14396.0,0.7676
8060.5,9676.8,8625.6,10017.3,0.7675
10267.7,27768.1,10876.3,28160.0,0.7671
1415.5,7683.6,1599.6,7860.4,0.7669
12838.4,6726.4,13436.4,7210.5,0.7668
16538.1,15360.0,16960.0,15852.3,0.7663
10962.2,4187.9,11514.7,4696.6,0.7662
13932.9,8384.0,14386.3,8960.0,0.7661
4822.9,583.0,5434.8,960.0,0.7659
15097.4,57194.0,15675.6,57598.5,0.7658
15445.9,1608.9,15995.4,2189.2,0.7656
15040.0,2240.0,15166.6,2693.5,0.7654
17347.4,25284.4,17920.0,25734.2,0.7653
8030.4,13053.1,8636.8,13440.0,0.7649
3112.1,3255.1,3520.0,3840.0,0.7645
5577.6,12160.0,5760.0,12800.0,0.7644
12382.2,10458.6,12479.8,10874.2,0.7643
16069.8,17133.8,16629.1,17597.6,0.7640
15681.1,4809.1,16039.1,5258.7,0.7638
7748.4,3775.4,8318.9,4160.0,0.7638
17626.8,22493.2,18173.1,23040.0,0.7638
9676.3,6731.8,10240.0,7040.0,0.7638
16016.3,8320.0,16640.0,8573.8,0.7636
7362.2,15927.4,7997.9,16320.0,0.7634
11005.7,1594.0,11517.8,1920.0,0.7634
2649.3,12889.1,3196.7,13437.2,0.7630
10608.6,3057.0,11196.5,3516.1,0.7629
9606.9,21071.4,10238.8,21440.0,0.7622
13458.0,37314.2,14077.5,37757.1,0.7622
4576.0,1844.8,5115.9,2240.0,0.7621
6400.0,2815.5,6557.2,3200.0,0.7617
4499.4,4688.3,5118.9,5113.5,0.7602
17325.4,40830.1,17914.6,41277.9,0.7601
5927.0,16880.7,6395.6,17279.5,0.7601
16656.3,19775.1,17278.3,20160.0,0.7600
2687.4,2253.5,2879.5,2767.0,0.7600
7100.4,17711.8,7675.6,18240.0,0.7599
3266.9,10169.1,3520.0,10560.0,0.7590
8960.0,5444.9,9598.1,5751.9,0.7589
1936.9,10177.4,2559.9,10560.0,0.7587
2185.1,11200.0,2560.0,11691.5,0.7586
640.0,960.6,932.9,1116.6,0.7584
14272.0,6928.6,14716.5,7360.0,0.7582
2884.8,4973.6,3493.6,5438.9,0.7576
17281.7,6035.5,17715.1,6399.2,0.7573
5507.6,11092.2,6077.0,11520.0,0.7572
17585.3,13202.7,18173.9,13759.5,0.7571
7399.2,9282.8,7997.1,9554.7,0.7570
17541.9,19459.0,18170.8,19840.0,0.7569
48.6,5279.4,636.1,5755.9,0.7564
9690.8,57480.4,10236.6,57916.8,0.7564
8064.9,4328.7,8637.4,4793.8,0.7564
1920.0,10880.7,2091.0,10994.8,0.7560
13444.0,5420.1,14079.6,5760.0,0.7555
16960.9,26560.0,17108.7,26757.5,0.7552
3554.3,11101.5,4157.2,11520.0,0.7545
17018.8,18244.5,17279.6,18577.1,0.7539
9952.8,18154.2,10555.0,18558.2,0.7539
8966.7,844.2,9596.6,1270.8,0.7537
17305.3,5639.8,17919.0,6076.0,0.7532
7086.4,9779.0,7677.4,10231.4,0.7525
6728.0,5452.6,7359.5,5760.0,0.7524
13450.9,58473.4,14076.6,58880.0,0.7520
8648.4,15273.1,9275.9,15680.0,0.7517
16413.2,24322.6,16955.4,24822.1,0.7513
7680.0,27767.7,8314.3,28160.0,0.7510
12228.4,4008.3,12796.0,4478.2,0.7508
10291.9,21640.9,10875.9,22079.4,0.7504
7004.1,3842.9,7360.0,4309.0,0.7502
11262.5,22082.2,11520.0,22261.5,0.7501
10560.0,6080.5,11196.4,6294.1,0.7497
2456.7,9590.4,2559.2,9908.6,0.7496
17372.9,6721.2,17918.6,7022.3,0.7494
13799.4,56186.4,14394.7,56637.2,0.7486
3933.2,10470.0,4159.6,10559.9,0.7485
8644.9,6322.9,9278.1,6720.0,0.7485
16038.1,25282.1,16320.0,25600.2,0.7485
4077.8,12483.1,4159.2,12666.3,0.7484
16661.8,16676.9,16958.8,17277.9,0.7484
2367.9,8641.8,2559.3,8929.5,0.7483
2738.1,9611.7,2879.2,9980.5,0.7481
15616.4,13923.5,15698.2,14380.2,0.7480
10328.4,4511.3,10874.0,5031.1,0.7476
4206.8,15043.5,4798.2,15608.4,0.7463
12160.7,9606.8,12412.3,9920.0,0.7463
14413.0,8900.9,15036.5,9280.0,0.7460
16972.5,4970.7,17596.6,5301.8,0.7459
7061.7,15926.3,7678.5,16320.0,0.7458
444.2,5440.9,640.0,5723.6,0.7458
1016.0,6924.4,1594.6,7360.0,0.7456
15516.7,13120.0,15652.5,13589.5,0.7455
400.9,641.6,637.9,740.4,0.7452
9310.9,27099.0,9920.0,27520.0,0.7443
736.9,1924.4,960.0,2325.7,0.7440
1603.1,3144.2,1731.7,3519.0,0.7435
2940.3,6080.0,3514.8,6191.2,0.7434
4483.1,13386.3,5038.7,13760.0,0.7434
5465.9,4396.4,6076.1,4794.3,0.7430
11595.9,3869.0,12155.3,4388.1,0.7430
13788.5,11732.8,14400.0,12159.6,0.7427
6087.0,10175.6,6716.6,10560.0,0.7421
13764.9,6334.9,14400.0,6720.0,0.7420
16498.0,15362.4,16639.9,15902.5,0.7418
16658.8,18470.2,17278.7,18880.0,0.7414
9620.3,534.2,10236.6,958.3,0.7411
12518.4,1192.0,13117.6,1593.6,0.7410
9311.7,6467.5,9790.8,7031.2,0.7409
15370.3,5425.4,15996.6,5753.8,0.7409
6764.4,6400.0,7354.6,6927.2,0.7403
7110.7,6756.6,7677.6,7360.0,0.7402
10247.0,46641.8,10876.4,47040.0,0.7401
15707.1,45680.3,16316.9,46080.0,0.7401
16277.1,17920.2,16639.3,18367.6,0.7399
8659.1,13992.6,9277.0,14400.0,0.7399
15707.4,18770.1,16314.3,19199.2,0.7397
6207.6,17288.4,6399.3,17668.8,0.7395
6765.8,2448.0,7039.6,2560.0,0.7387
14092.6,5856.3,14718.1,6080.0,0.7386
8016.2,3843.5,8635.0,4297.4,0.7385
44.3,2895.2,637.2,3200.0,0.7381
10607.9,8338.9,11191.9,8616.9,0.7371
16101.8,4710.6,16636.6,5120.0,0.7357
17488.7,15318.5,17599.3,15679.9,0.7353
960.4,876.7,1600.0,1280.0,0.7353
10581.1,57852.6,11197.4,58240.0,0.7352
8320.0,2880.0,8958.0,3253.4,0.7346
10638.2,9346.3,11197.1,9920.0,0.7345
9280.0,2240.5,9916.2,2602.9,0.7338
9280.0,5760.0,9636.6,5960.3,0.7337
15682.5,14102.1,15839.8,14716.7,0.7336
10287.7,30400.0,10560.0,30838.1,0.7336
3955.2,13443.6,4160.0,13762.3,0.7336
8876.2,2881.6,9279.1,3089.9,0.7330
12804.8,58811.6,13437.3,59200.0,0.7329
8021.3,15614.3,8640.0,16000.0,0.7320
15041.0,17191.1,15675.5,17600.0,0.7318
6492.3,641.5,6719.9,853.5,0.7317
14076.2,14611.2,14291.9,14692.0,0.7316
8143.8,19202.3,8319.9,19383.1,0.7315
11121.1,5669.2,11200.0,6008.6,0.7314
2331.0,10711.1,2878.5,11195.5,0.7313
9600.8,5760.6,9883.5,5873.4,0.7312
1922.1,6081.6,2559.2,6533.0,0.7309
11525.5,48869.4,12158.5,49280.0,0.7309
13776.6,6123.0,14400.0,6400.0,0.7308
3948.9,1608.1,4159.5,1921.4,0.7308
17377.3,8814.0,17912.2,9261.3,0.7306
12517.9,54916.2,13116.6,55357.5,0.7303
13259.3,9336.8,13439.5,9710.2,0.7294
17337.2,17946.5,17600.0,18309.8,0.7294
11224.0,7208.0,11837.6,7678.8,0.7284
59.3,9861.2,636.4,10240.0,0.7282
3520.5,5991.0,4159.9,6400.0,0.7281
17349.0,27200.0,17916.7,27685.6,0.7271
14401.0,12480.0,15038.9,12815.4,0.7269
13854.1,13672.4,14398.3,14080.0,0.7267
12177.5,30658.2,12796.7,31040.0,0.7267
11137.4,21440.0,11520.0,21915.4,0.7266
13450.7,36394.7,14077.1,36800.0,0.7264
15385.7,39920.7,15996.9,40318.7,0.7264
677.2,9753.5,1267.4,10236.6,0.7263
11542.8,50800.4,12157.3,51200.0,0.7262
4859.4,4412.1,5438.6,4800.0,0.7262
12492.2,4160.0,13117.4,4596.2,0.7261
8336.0,6514.5,8957.5,6776.4,0.7260
16649.2,12391.3,17275.1,12800.0,0.7256
837.2,4400.6,958.8,4480.0,0.7247
15360.3,3200.0,15698.5,3298.0,0.7239
1414.9,327.2,1600.0,606.0,0.7237
10577.0,58158.9,11195.1,58560.0,0.7235
94.9,6315.7,635.9,6720.0,0.7233
14088.0,12741.0,14719.5,13120.0,0.7232
14334.2,9283.4,14716.7,9629.1,0.7227
16960.0,25190.3,17595.5,25600.0,0.7222
7932.9,5766.0,8320.0,6187.4,0.7217
4214.8,13760.0,4480.0,14391.7,0.7209
13814.9,15101.2,14381.8,15679.9,0.7208
4180.6,10912.1,4799.0,11200.0,0.7204
15043.9,7836.2,15665.5,8303.0,0.7204
16021.6,24799.5,16629.0,25279.6,0.7202
15069.2,5029.2,15674.8,5430.5,0.7195
14153.4,32555.9,14713.8,32959.3,0.7192
11289.5,6890.0,11835.4,7358.3,0.7191
11378.2,21693.9,11839.2,22080.0,0.7189
15388.8,54591.4,15996.5,55037.9,0.7189
16704.4,8512.1,17279.4,8956.8,0.7188
9932.2,14969.2,10559.5,15360.0,0.7184
9280.1,6291.4,9742.1,6719.1,0.7183
10893.1,5436.2,11517.4,5756.7,0.7182
17376.4,10162.7,17918.4,10553.8,0.7179
5250.2,13440.0,5440.0,14049.3,0.7178
2662.3,223.6,3198.1,631.2,0.7177
4512.0,10802.7,5120.0,11200.0,0.7177
12492.5,58184.7,13117.3,58556.4,0.7175
6982.2,17600.9,7360.0,18116.3,0.7174
16375.2,960.6,16639.9,1245.8,0.7169
12807.2,13444.9,13437.3,13760.0,0.7169
15045.2,11765.3,15676.8,12160.0,0.7168
17514.1,9601.7,17599.7,9745.4,0.7165
9004.2,12744.1,9600.0,13120.0,0.7164
17631.5,18430.8,18172.3,18879.0,0.7164
17447.2,17280.0,17920.0,17787.1,0.7159
3690.8,3098.2,3840.0,3520.0,0.7154
6722.6,3837.1,7359.1,4160.0,0.7152
14167.1,2250.7,14715.8,2759.7,0.7151
1687.4,3725.7,1919.9,3932.9,0.7150
14201.1,5647.7,14286.0,5759.5,0.7148
12873.0,3587.5,13439.0,3840.0,0.7148
11200.6,0.2,11521.7,135.1,0.7146
10940.4,18411.8,11516.0,18878.0,0.7142
4480.0,2240.5,4852.1,2447.9,0.7137
7736.1,19203.7,7999.5,19501.9,0.7132
13120.0,960.0,13758.5,1264.2,0.7129
7770.5,8965.5,8313.4,9414.6,0.7128
17280.0,11200.5,17518.0,11384.0,0.7126
6867.1,321.0,7027.7,424.4,0.7124
329.4,10612.0,958.8,10876.2,0.7124
6080.0,2224.9,6220.4,2560.0,0.7123
4925.3,11438.6,5119.3,11837.2,0.7122
15568.7,9280.5,15680.0,9396.5,0.7122
3338.0,11530.5,3520.0,12155.8,0.7121
12834.3,7327.5,13436.5,7677.0,0.7120
3841.5,11396.3,4477.0,11836.3,0.7117
14479.4,14905.8,15036.5,15357.4,0.7116
5464.0,10463.6,6077.2,10878.2,0.7113
10000.3,28089.7,10558.3,28480.0,0.7111
7367.5,515.5,7986.9,957.4,0.7104
11731.6,9289.0,12157.0,9544.8,0.7103
11225.6,31621.4,11837.7,32000.0,0.7101
16665.9,57922.2,17278.1,58197.5,0.7099
13261.6,12336.2,13760.0,12799.4,0.7097
13081.2,4817.6,13439.8,5270.3,0.7096
11913.7,29969.3,12476.0,30398.3,0.7091
15049.5,6259.8,15676.6,6601.3,0.7090
5479.0,2903.9,5760.0,3372.6,0.7087
1603.9,8562.4,2236.5,8960.0,0.7086
1739.6,8322.1,1918.9,8586.8,0.7083
11426.9,8602.6,11520.0,8960.0,0.7082
344.9,10244.1,958.6,10676.3,0.7080
13851.3,15360.0,14396.5,15868.9,0.7078
16000.0,9280.0,16640.0,9694.5,0.7072
7541.7,3109.6,7674.7,3200.0,0.7071
10628.9,48854.4,11197.6,49278.3,0.7065
4915.3,3.5,5119.0,381.5,0.7065
3520.0,5129.1,4159.1,5584.3,0.7059
16640.0,11200.0,17276.1,11506.1,0.7058
3840.8,11137.0,4479.6,11520.0,0.7055
12069.2,4614.7,12160.0,4799.7,0.7054
16490.2,12609.7,16956.4,12934.9,0.7052
1026.8,4961.9,1600.0,5435.3,0.7051
4801.2,1314.8,4934.1,1589.4,0.7049
17041.5,16806.3,17600.0,17275.9,0.7048
11835.3,9038.6,12156.8,9279.5,0.7046
5165.3,5904.1,5756.4,6387.3,0.7041
6473.0,2094.2,7037.0,2554.5,0.7040
16994.9,7724.7,17600.0,8068.2,0.7031
3905.2,12720.4,4478.7,13120.0,0.7031
17210.9,17284.7,17596.6,17657.1,0.7030
12907.2,47536.5,13435.4,47996.2,0.7030
17347.7,12977.1,17917.6,13440.0,0.7023
4670.7,1820.5,4798.9,1920.0,0.7023
2331.6,8830.7,2560.0,9280.0,0.7022
16649.8,39604.9,17276.1,40000.0,0.7018
4254.1,3372.5,4798.8,3831.7,0.7018
8343.2,6337.7,8957.5,6720.0,0.7014
13356.4,2882.4,13440.0,3096.8,0.7014
8662.5,14324.6,9278.0,14720.0,0.7012
16067.9,33176.9,16635.0,33597.1,0.7008
1069.4,6851.1,1279.8,7348.4,0.7003
9670.2,8796.9,10236.6,9131.3,0.7003
16073.9,3686.4,16639.6,4150.9,0.7002
15584.9,13712.9,15671.1,14080.0,0.7001
9287.9,56903.5,9912.7,57280.0,0.6999
13930.3,7288.8,14078.8,7680.0,0.6997
4276.1,13129.3,4480.0,13725.9,0.6994
4361.6,13990.2,4480.0,14400.0,0.6987
5122.8,12878.0,5248.6,13440.0,0.6978
12188.7,22968.4,12797.7,23360.0,0.6975
11898.1,52403.4,12477.1,52799.3,0.6974
9934.0,1851.3,10557.8,2240.0,0.6970
14837.3,10884.8,15352.9,11252.7,0.6970
15681.3,4714.7,15923.8,5120.0,0.6966
8053.7,2497.9,8640.0,2880.0,0.6965
10247.6,8640.0,10878.9,9125.4,0.6964
11572.8,2930.9,12137.3,3519.1,0.6963
16963.6,2155.3,17154.5,2560.0,0.6960
12840.9,35716.7,13436.4,36156.9,0.6957
16354.9,842.9,16959.0,1280.0,0.6955
16004.9,14773.0,16295.0,15360.0,0.6955
11877.8,50483.0,12477.0,50880.0,0.6950
9926.5,3854.2,10559.0,4160.0,0.6948
10914.1,52693.8,11517.5,53120.0,0.6947
1686.8,11204.1,2237.2,11836.4,0.6947
15165.1,12382.3,15674.5,12800.0,0.6946
13442.2,5654.1,13668.8,6077.1,0.6944
17338.2,38572.1,17917.1,39039.3,0.6940
14166.7,2561.3,14399.9,2789.7,0.6936
4224.8,3724.5,4797.2,4160.0,0.6935
5862.6,10721.0,6399.9,11200.0,0.6934
10880.1,3520.7,11233.0,3712.8,0.6933
13120.7,36082.3,13754.9,36480.0,0.6930
11943.9,11062.2,12475.9,11514.4,0.6927
7362.5,1760.6,7996.3,2237.6,0.6926
15838.2,15283.3,16283.3,15680.0,0.6924
7467.1,6371.0,7998.3,6719.9,0.6923
5221.6,1184.1,5754.4,1600.0,0.6920
10240.5,3520.4,10374.6,3730.1,0.6912
16754.8,1041.9,17275.1,1600.0,0.6911
17552.2,22720.0,18173.7,23150.7,0.6910
17327.5,9294.8,17917.9,9597.7,0.6909
15397.2,2888.1,15999.2,3278.4,0.6907
17300.4,34810.0,17916.1,35200.0,0.6905
10241.7,48566.6,10876.9,48960.0,0.6904
3278.6,6405.6,3520.0,6947.6,0.6899
16067.5,5131.8,16638.3,5553.3,0.6895
16702.8,5332.3,17279.4,5758.0,0.6889
12816.7,635.2,13438.0,955.2,0.6885
7370.4,14657.2,7997.6,15040.0,0.6884
9154.6,4074.8,9278.4,4160.0,0.6883
8970.9,16887.4,9595.9,17280.0,0.6883
17047.8,5800.2,17597.4,6195.5,0.6883
3121.3,2427.6,3520.0,2880.0,0.6883
576.5,2399.3,951.7,2685.5,0.6878
0.0,11521.6,636.8,11967.6,0.6875
16802.4,26471.2,17280.0,26880.0,0.6873
14754.9,7902.6,15358.9,8314.6,0.6872
5937.7,646.8,6080.0,853.6,0.6868
1576.0,5122.4,1920.0,5597.0,0.6863
11253.5,10360.4,11835.6,10880.0,0.6863
12305.8,22331.6,12796.9,22720.0,0.6860
13028.9,5121.0,13120.0,5407.0,0.6857
11974.3,5787.5,12479.2,6055.6,0.6855
6168.0,9338.9,6719.9,9918.1,0.6854
8036.2,16509.0,8635.2,16958.1,0.6853
7040.0,3192.1,7678.2,3520.0,0.6853
16016.6,56574.8,16634.3,56960.0,0.6851
15040.4,8334.0,15679.2,8640.0,0.6842
10580.9,19443.2,11196.1,19840.0,0.6838
16007.5,10474.9,16639.9,10880.0,0.6836
10891.7,45701.5,11517.7,46079.9,0.6834
15099.8,9459.7,15679.8,9917.7,0.6834
12579.9,52084.6,13117.5,52480.0,0.6829
10905.2,9582.7,11517.9,9919.1,0.6829
2101.4,1371.4,2559.9,1918.7,0.6829
16003.6,16843.2,16446.3,17277.8,0.6828
15937.5,4719.3,15999.8,4944.5,0.6827
4350.4,5061.9,4480.0,5120.0,0.6826
15724.3,60348.6,16312.1,60795.4,0.6826
10245.5,32234.4,10878.3,32640.0,0.6823
9610.5,46628.3,10236.6,47036.5,0.6821
6489.0,171.8,7035.6,499.7,0.6821
13165.3,55278.4,13753.9,55677.7,0.6820
16043.6,37303.7,16636.9,37757.4,0.6810
3840.0,13768.7,4296.3,14400.0,0.6807
5772.6,5637.0,6396.9,6077.3,0.6803
11227.0,49536.8,11837.6,49920.0,0.6801
14407.1,54956.2,15037.3,55358.0,0.6800
2025.2,11874.9,2555.6,12479.8,0.6797
12516.0,29682.9,13118.3,30080.0,0.6790
6233.4,3383.7,6399.9,3826.9,0.6787
13749.9,982.8,14077.2,1280.0,0.6786
734.9,5041.2,1276.3,5440.0,0.6786
15768.1,56240.0,16317.0,56638.1,0.6785
11520.2,21975.4,11644.1,22080.0,0.6784
15164.4,7292.6,15680.0,7677.8,0.6783
2934.2,8689.1,3200.0,9272.0,0.6783
16739.8,14187.4,16959.6,14688.9,0.6782
15183.7,1920.9,15358.9,2154.7,0.6781
9345.6,9179.7,9917.2,9600.0,0.6781
6164.4,11325.4,6400.0,11517.9,0.6781
11840.0,51812.6,12477.6,52160.0,0.6777
10470.2,21311.2,10880.0,21755.3,0.6776
8646.0,13666.4,9278.7,14080.0,0.6775
3596.1,11277.3,3839.6,11840.0,0.6775
4551.0,11200.9,4800.0,11639.9,0.6772
15430.9,7178.7,15680.0,7644.1,0.6772
12221.0,11405.7,12480.0,11518.2,0.6757
16995.3,10241.2,17595.1,10560.0,0.6753
488.9,7220.5,639.7,7544.4,0.6749
16381.5,5680.0,16956.4,6078.0,0.6746
12868.0,8092.4,13430.2,8478.3,0.6745
4578.8,6591.8,5114.6,7040.0,0.6744
5007.0,12705.9,5433.0,13120.0,0.6744
16345.3,13942.5,16953.3,14396.3,0.6740
17338.2,12318.7,17916.9,12800.0,0.6738
14455.7,55241.4,15036.8,55678.3,0.6734
8916.8,2.1,9277.9,335.4,0.6730
16487.8,5440.0,16955.7,5565.7,0.6728
12809.7,56280.8,13434.1,56640.0,0.6726
16913.2,3847.0,17280.0,4226.9,0.6723
1724.8,3142.0,1916.6,3515.9,0.6720
14127.7,28050.7,14716.1,28477.4,0.6719
14874.9,15067.3,15357.7,15360.0,0.6714
17013.6,23360.0,17598.9,23836.5,0.6714
13760.0,3520.0,14397.4,3770.1,0.6712
12515.4,7683.1,13111.4,8008.1,0.6711
17290.5,37996.0,17916.8,38400.0,0.6710
11983.6,4801.9,12159.7,5058.2,0.6708
5760.0,1380.0,6168.8,1919.6,0.6705
17015.5,6466.3,17597.4,7040.0,0.6702
10255.2,5991.9,10875.9,6400.0,0.6700
15128.4,17382.9,15669.3,17920.0,0.6699
8341.2,7535.4,8957.9,8000.0,0.6694
2880.0,1442.4,3009.6,1599.1,0.6694
3067.7,10779.0,3183.8,11200.0,0.6692
3024.3,9282.0,3519.8,9797.2,0.6691
13760.0,5662.3,14399.1,6080.0,0.6689
6868.5,4175.4,7039.9,4572.1,0.6687
15040.0,10755.9,15561.4,11200.0,0.6678
407.3,5597.0,957.2,6077.7,0.6675
13805.7,34127.0,14395.9,34557.8,0.6674
15498.1,10212.6,16000.0,10558.5,0.6672
1988.3,5930.7,2557.8,6397.0,0.6672
2887.0,1120.6,3138.3,1280.0,0.6672
2421.8,4481.5,2560.0,4771.8,0.6670
14741.9,35791.6,15358.9,36160.0,0.6669
10242.8,5443.1,10879.3,5561.0,0.6667
17282.0,12480.8,17667.3,12893.1,0.6664
4800.0,2305.7,5437.9,2560.0,0.6660
194.4,4670.5,640.0,5120.0,0.6657
4.2,8824.0,636.8,9278.3,0.6657
3550.2,2913.9,4158.4,3200.0,0.6653
16664.1,5590.4,17278.2,6076.5,0.6643
14612.6,4075.1,14720.0,4479.8,0.6641
6534.2,2883.2,6720.0,3378.1,0.6639
2107.0,642.2,2547.1,957.3,0.6639
9345.7,27713.5,9914.0,28157.4,0.6638
6222.3,4232.0,6719.4,4799.1,0.6638
14118.3,36636.5,14715.7,37119.3,0.6631
9296.9,49842.0,9918.7,50240.0,0.6628
6453.2,9284.4,7035.2,9727.8,0.6628
10589.9,14318.3,11195.9,14720.0,0.6626
16691.8,38297.4,17276.0,38717.3,0.6626
9517.2,2104.5,9600.0,2240.0,0.6618
17179.8,8320.6,17600.0,8538.3,0.6617
12822.1,34173.5,13433.9,34560.0,0.6616
5120.9,10088.5,5759.5,10402.8,0.6616
16945.8,25600.0,17279.6,25928.4,0.6615
6329.4,3218.1,6720.0,3676.7,0.6613
14490.9,8287.2,15027.5,8640.0,0.6611
6763.2,9478.1,7357.9,9914.8,0.6609
2878.4,11846.7,3199.4,12247.1,0.6608
15745.4,10576.5,16320.0,11037.9,0.6608
11890.0,18171.9,12475.8,18560.0,0.6605
6169.6,10563.2,6716.1,11068.6,0.6605
16960.0,14720.0,17596.0,14947.3,0.6602
16728.7,18883.9,16959.2,19118.6,0.6592
1096.9,10562.9,1280.0,10715.6,0.6591
2908.4,7349.9,3518.2,7680.0,0.6590
10273.7,16836.6,10874.7,17278.3,0.6590
16028.9,6921.4,16639.1,7358.5,0.6589
4609.0,14729.2,4800.0,15212.9,0.6587
17007.9,15968.1,17600.0,16320.0,0.6581
3258.5,3745.7,3837.2,4160.0,0.6577
15095.0,11428.2,15675.7,11840.0,0.6576
17088.1,26043.9,17279.4,26291.8,0.6574
14924.5,10905.4,15039.4,11200.0,0.6569
12427.3,3307.3,12800.0,3826.3,0.6568
8669.0,27732.5,9277.1,28159.0,0.6567
444.9,6325.4,956.9,6720.0,0.6566
16321.5,2882.3,16597.6,3041.8,0.6561
13783.7,14856.7,14396.2,15357.2,0.6557
14411.9,38012.5,15036.2,38400.0,0.6547
12219.1,45671.1,12797.4,46079.8,0.6545
17331.9,7097.8,17600.0,7675.1,0.6542
16963.6,40230.3,17596.8,40640.0,0.6538
2049.9,1291.0,2239.7,1827.9,0.6533
14121.8,15168.9,14719.4,15677.9,0.6532
16073.7,15854.2,16184.3,16320.0,0.6531
7469.9,51749.7,7994.5,52160.0,0.6526
12300.0,10471.9,12800.0,10880.0,0.6525
15043.2,9299.0,15678.5,9600.0,0.6521
13440.0,11840.0,14076.9,12082.9,0.6521
16644.1,8522.1,16997.9,8952.5,0.6518
13690.8,8640.0,14080.0,9173.2,0.6517
5222.5,10975.6,5755.3,11519.8,0.6515
16114.8,6745.9,16529.9,7040.0,0.6513
17009.8,14323.9,17597.1,14719.6,0.6508
963.1,10723.1,1118.6,11191.7,0.6506
5122.7,10973.5,5419.8,11349.6,0.6505
11548.2,59438.6,12157.9,59840.0,0.6503
16354.2,37353.7,16956.4,37757.5,0.6496
4561.8,5192.4,5119.8,5530.8,0.6494
9606.1,7685.0,10239.0,8093.5,0.6493
8350.9,27452.6,8960.0,27840.0,0.6493
9649.6,17851.7,10235.3,18235.5,0.6493
13781.4,55541.2,14396.5,55998.0,0.6487
15383.4,891.7,15999.1,1280.0,0.6484
11855.8,14650.5,12474.7,15040.0,0.6481
16685.4,33212.0,17277.8,33600.0,0.6481
10980.1,55294.6,11517.8,55676.8,0.6479
16000.0,25193.0,16605.2,25600.0,0.6479
14400.0,9972.5,14495.5,10239.1,0.6476
8672.8,16563.1,9280.0,16960.0,0.6476
3961.7,4341.6,4159.8,4794.6,0.6473
2881.1,1170.5,3045.9,1279.0,0.6464
16335.7,18490.4,16954.2,18880.0,0.6457
1382.6,9612.2,1599.9,9899.5,0.6450
12493.8,27117.8,13116.7,27520.0,0.6449
6450.0,5693.6,7035.1,6079.6,0.6446
10332.5,3200.0,10875.8,3698.9,0.6446
16640.0,2881.6,17279.0,3000.0,0.6441
3252.0,3416.0,3836.0,3840.0,0.6438
2881.6,12779.7,3105.6,13116.9,0.6436
10910.2,17187.2,11515.3,17597.5,0.6435
16669.7,2717.4,17280.0,3193.6,0.6434
4160.0,13966.8,4333.7,14400.0,0.6434
4801.3,13440.0,4912.7,13647.8,0.6433
12160.0,7264.3,12800.0,7680.0,0.6433
12808.9,53970.5,13437.0,54396.5,0.6432
14444.0,67755.6,15035.2,68160.0,0.6432
16585.1,26240.4,16960.0,26742.9,0.6429
16668.4,59687.0,17277.3,60157.2,0.6427
16418.9,16000.0,16640.0,16536.4,0.6425
16351.5,7375.0,16960.0,7680.0,0.6425
8640.0,4006.0,9274.3,4476.8,0.6420
10240.0,4808.5,10876.8,5127.3,0.6420
8992.6,8839.4,9598.2,9279.8,0.6419
17958.6,8641.9,18175.8,9017.8,0.6415
14364.1,12480.0,14720.0,13065.9,0.6413
2323.2,8373.2,2559.9,8958.9,0.6413
9687.6,20727.1,10232.2,21120.0,0.6412
15951.2,1925.7,16316.7,2281.7,0.6410
16651.2,15594.7,17278.9,16000.0,0.6409
15383.5,5001.4,15999.5,5424.9,0.6407
8828.0,2716.7,9278.7,3200.0,0.6407
12179.0,51434.3,12797.9,51840.0,0.6405
14117.3,50411.3,14715.5,50877.6,0.6405
17888.7,63042.4,18176.0,63404.4,0.6402
16025.8,3173.0,16640.0,3520.0,0.6396
13170.7,50814.4,13756.6,51200.0,0.6395
17514.0,8359.0,17600.0,8664.0,0.6392
4988.0,647.9,5436.2,1259.4,0.6389
13121.2,2562.1,13414.6,3065.4,0.6389
4838.2,10629.9,5120.0,11010.7,0.6388
12304.9,8111.4,12795.8,8635.1,0.6384
2783.5,6287.3,2880.0,6710.9,0.6383
7724.3,14017.2,8318.9,14400.0,0.6379
321.3,1047.6,418.9,1278.1,0.6375
13760.4,5549.5,14066.8,5760.0,0.6372
13546.3,23360.5,13759.3,23503.2,0.6371
11537.5,55309.7,12158.4,55680.0,0.6370
15064.0,59776.5,15677.0,60160.0,0.6370
7420.3,9960.9,7995.8,10325.1,0.6369
10948.1,18794.4,11516.8,19200.0,0.6368
16775.9,6084.2,17278.5,6715.6,0.6365
7906.0,962.1,7999.5,1130.5,0.6364
10973.5,4577.1,11519.3,5120.0,0.6364
16347.0,55587.3,16956.8,55997.8,0.6359
5765.7,9639.6,6396.1,10009.2,0.6359
11474.9,6082.8,11840.0,6531.2,0.6358
16320.0,15904.6,16442.9,16319.1,0.6357
9011.7,8000.0,9596.8,8510.2,0.6354
4485.3,15412.1,5119.1,15679.8,0.6352
6593.9,17816.1,7035.7,18238.2,0.6349
891.8,7680.1,1280.0,8144.9,0.6343
17362.4,18304.0,17599.9,18553.2,0.6343
8015.8,19840.0,8638.8,20441.5,0.6343
5253.4,10498.3,5310.9,10875.4,0.6342
17280.0,15002.1,17916.1,15360.0,0.6338
15693.9,11458.1,16317.4,11840.0,0.6336
17982.4,4160.0,18175.4,4594.0,0.6327
14766.3,36682.2,15356.2,37117.4,0.6324
11883.2,7783.4,12478.8,8145.8,0.6322
3057.1,11854.6,3200.0,12239.9,0.6319
13598.1,6461.6,13760.0,7035.4,0.6317
16649.0,2561.3,17249.4,2671.3,0.6314
5391.6,689.6,5760.0,1277.9,0.6313
11542.3,28055.7,12156.5,28477.3,0.6313
9304.1,14037.3,9920.0,14400.0,0.6309
16340.9,39939.7,16958.1,40320.0,0.6308
13798.6,32529.1,14393.0,32957.2,0.6303
16965.4,24327.5,17596.3,24667.8,0.6302
12214.7,3769.2,12795.8,4160.0,0.6302
14232.3,8331.0,14720.0,8952.3,0.6295
8643.4,7041.1,9277.0,7195.3,0.6293
16776.7,57703.7,17280.0,58206.8,0.6293
3200.0,11522.0,3273.8,11962.5,0.6291
13156.4,56211.8,13755.0,56637.4,0.6289
11252.6,32905.8,11836.7,33280.0,0.6284
7049.6,18830.7,7678.0,19200.0,0.6279
17659.8,1615.3,18176.0,2052.1,0.6274
6806.3,9058.1,7356.1,9597.8,0.6271
13183.9,32553.0,13755.6,32959.2,0.6268
4214.3,10554.3,4324.3,10873.0,0.6262
6097.8,5762.2,6720.0,6080.0,0.6262
14444.0,57189.2,15038.3,57600.0,0.6258
12538.9,3520.0,13120.0,4065.2,0.6256
4802.4,2240.0,5249.3,2436.3,0.6253
12804.0,11951.7,13086.9,12480.0,0.6253
14007.6,9354.4,14079.6,9598.8,0.6250
16043.4,1492.4,16638.4,1920.0,0.6249
12543.1,8343.3,13112.8,8852.6,0.6247
12814.0,54626.3,13436.3,55040.0,0.6244
8972.0,51137.7,9593.9,51520.0,0.6241
14080.7,13039.7,14718.6,13440.0,0.6233
10048.8,30080.8,10560.0,30676.9,0.6225
12241.7,8092.4,12480.0,8533.4,0.6224
14402.7,2816.3,14615.9,3200.0,0.6218
16690.6,54616.1,17276.2,55038.7,0.6217
8340.6,8578.8,8957.2,8960.0,0.6217
3970.4,12362.8,4480.0,12799.8,0.6213
15049.8,35786.2,15676.6,36160.0,0.6211
16005.2,55940.1,16638.1,56320.0,0.6211
2568.2,12750.0,3072.9,13118.9,0.6210
17300.0,15049.0,17598.2,15531.0,0.6207
11111.3,5669.9,11520.0,5964.9,0.6207
3200.1,2881.1,3317.2,3057.9,0.6206
2872.4,5440.0,3200.0,5864.6,0.6205
15760.8,3205.0,16310.6,3673.8,0.6203
11948.8,6586.2,12474.7,7040.0,0.6202
7711.9,9810.1,8316.2,10209.1,0.6201
11539.9,18162.2,12158.2,18558.8,0.6200
960.0,11042.7,1460.4,11517.2,0.6195
17286.4,32898.8,17916.9,33280.0,0.6195
9600.4,320.7,9845.1,450.0,0.6193
6085.2,10484.6,6716.1,10880.0,0.6192
11867.9,22331.7,12477.6,22720.0,0.6190
16052.2,49858.9,16635.4,50240.0,0.6189
6720.1,640.4,7026.4,768.9,0.6188
9647.6,52650.7,10235.2,53118.2,0.6185
1179.2,1920.0,1600.0,2086.9,0.6184
15814.6,13855.7,15924.9,14396.4,0.6181
762.9,7363.2,960.0,7951.4,0.6178
17265.7,19520.0,17599.0,20010.5,0.6174
10588.5,50814.6,11196.6,51200.0,0.6171
14812.8,9210.1,15360.0,9600.0,0.6170
4373.5,13344.7,4480.0,13759.9,0.6154
3786.9,13138.6,4160.0,13439.3,0.6152
15721.6,40509.9,16316.1,40956.2,0.6148
16201.2,4809.4,16319.8,5376.2,0.6148
16961.8,16642.8,17465.7,16868.3,0.6144
11548.9,51109.1,12158.2,51520.0,0.6142
3646.2,10174.6,4157.1,10560.0,0.6139
6731.7,5002.0,7358.4,5427.6,0.6126
12244.0,4167.7,12797.1,4665.0,0.6125
16313.4,7040.5,16638.9,7667.8,0.6125
9331.7,47610.8,9918.1,48000.0,0.6124
2589.2,7543.2,2878.5,7997.7,0.6123
17921.5,16324.2,18176.0,16802.2,0.6121
15032.2,6724.9,15360.0,7175.4,0.6120
16330.5,11105.6,16956.6,11520.0,0.6120
15178.5,7680.5,15357.2,7838.1,0.6118
15040.1,3202.0,15678.0,3313.5,0.6117
4238.3,12977.9,4789.4,13437.9,0.6116
13602.7,28160.0,14078.6,28670.7,0.6116
10240.0,2560.0,10634.0,2760.2,0.6109
9924.4,46347.2,10559.8,46720.0,0.6108
7360.0,19177.8,7996.8,19520.0,0.6106
9291.3,17845.6,9917.3,18240.0,0.6101
12807.0,5637.3,13439.9,6080.0,0.6101
9291.5,12403.1,9918.2,12800.0,0.6098
16000.6,2438.2,16638.7,2795.4,0.6097
5129.0,13960.4,5284.5,14399.9,0.6086
731.0,6657.8,1278.2,7040.0,0.6086
17327.4,33512.3,17917.6,33918.6,0.6086
12295.6,22600.9,12800.0,23036.7,0.6085
17187.3,13403.1,17600.0,13760.0,0.6082
12817.4,13120.0,13435.3,13554.0,0.6079
7121.6,3870.6,7679.9,4160.0,0.6076
16372.0,17522.0,16640.0,17918.6,0.6074
469.8,7120.7,960.0,7601.2,0.6074
3840.2,2560.0,4184.6,2726.6,0.6073
8069.5,5114.2,8637.5,5440.0,0.6072
11840.0,51460.9,12476.3,51840.0,0.6065
15373.4,1920.0,15996.2,2174.2,0.6064
8647.5,7632.3,9277.5,8000.0,0.6063
15360.0,13145.8,15489.8,13594.0,0.6062
17360.5,21123.0,17913.9,21605.2,0.6062
17493.3,25961.1,17904.8,26340.1,0.6056
15712.2,13084.2,15798.8,13439.2,0.6044
16337.1,6400.0,16640.0,6893.4,0.6043
12514.8,10240.8,12798.6,10872.9,0.6040
15094.1,68689.5,15673.6,69118.5,0.6036
2882.8,10883.9,3030.3,11429.4,0.6035
3357.0,11120.1,3840.0,11520.0,0.6031
6507.7,1284.9,6720.0,1525.3,0.6031
2747.6,11594.9,2879.9,11840.0,0.6030
11226.4,54308.3,11837.9,54718.7,0.6030
15684.1,59143.2,16316.0,59520.0,0.6025
7058.2,10125.9,7678.4,10558.1,0.6023
17308.2,12166.2,17917.9,12471.3,0.6021
17060.3,17181.4,17280.0,17599.6,0.6016
9282.5,6334.8,9445.4,6715.8,0.6014
2024.8,215.2,2553.5,639.5,0.6012
15884.8,8960.0,16320.0,9498.0,0.6011
16794.5,17171.6,17276.7,17600.0,0.6010
8140.9,51842.3,8638.6,52392.4,0.6007
13460.6,1936.5,14076.7,2447.9,0.6006
5443.8,9600.0,6079.0,10068.3,0.6006
12206.7,4815.2,12796.8,5312.1,0.6006
15702.0,2761.8,16314.5,3196.9,0.6005
5777.4,16641.1,6080.0,17105.0,0.6004
12111.1,1956.9,12478.1,2238.5,0.6003
1708.9,6720.0,2236.5,6972.9,0.6001
13490.1,775.3,14080.0,1129.5,0.5996
17346.5,14734.3,17919.9,15221.2,0.5993
17029.9,6080.0,17279.5,6602.7,0.5993
5471.2,8231.3,6076.9,8637.2,0.5993
7710.7,51714.2,8310.3,52160.0,0.5986
11849.8,53040.8,12476.0,53440.0,0.5980
13977.7,8642.2,14079.5,8848.1,0.5976
15710.1,57832.7,16316.3,58240.0,0.5976
2883.3,10980.2,3395.7,11520.0,0.5975
14445.1,14080.0,15038.6,14431.0,0.5974
17790.7,25280.5,18176.0,25622.6,0.5972
17023.8,24834.8,17593.7,25279.8,0.5970
15120.8,59385.3,15675.2,59836.0,0.5967
15556.0,7360.0,16000.0,7683.9,0.5967
25.4,20715.7,639.0,21120.0,0.5967
9679.6,6080.0,10225.9,6512.5,0.5966
10247.4,15309.6,10877.5,15679.7,0.5964
14748.2,5219.5,15028.6,5438.8,0.5959
11881.6,59116.7,12480.0,59520.0,0.5954
11915.5,22001.2,12474.6,22400.0,0.5953
1666.9,718.2,1916.4,951.6,0.5951
14080.0,13443.7,14364.7,13800.8,0.5949
8988.1,14001.4,9594.7,14397.6,0.5949
14239.8,23897.4,14400.0,23999.9,0.5945
17387.5,2917.1,17591.9,3187.0,0.5943
17068.1,19420.7,17280.0,19519.9,0.5943
6592.6,2577.1,6719.7,2879.1,0.5941
12817.0,19746.1,13438.6,20160.0,0.5937
9975.7,49163.1,10557.6,49599.0,0.5932
10604.5,55870.4,11195.7,56318.9,0.5930
10880.0,3204.1,11070.1,3438.3,0.5928
15681.1,14412.3,15745.6,14601.0,0.5927
12483.6,59145.6,13116.6,59520.0,0.5926
15368.4,25194.0,15998.7,25600.0,0.5919
12183.8,57182.6,12796.4,57599.9,0.5915
16990.1,18824.8,17600.0,19200.0,0.5914
14453.9,29017.5,15036.3,29437.2,0.5913
8960.0,4262.6,9598.0,4595.1,0.5912
3903.2,13152.5,4160.0,13750.4,0.5905
3933.0,643.3,4479.4,1027.9,0.5903
12884.1,1792.6,13437.9,2231.5,0.5903
12185.7,53663.9,12797.0,54077.1,0.5900
7554.0,4160.0,7680.0,4325.6,0.5898
16324.9,8003.9,16959.1,8456.3,0.5897
8363.4,20052.6,8957.8,20478.9,0.5897
16985.3,10669.3,17597.3,11197.6,0.5894
16046.0,39899.9,16635.9,40318.1,0.5887
3924.8,12540.7,4158.7,12995.0,0.5884
12241.2,6723.0,12480.0,7107.0,0.5880
7380.6,4500.4,7994.3,4905.1,0.5861
6139.6,3455.5,6718.9,3840.0,0.5857
1601.3,1604.3,1904.4,1803.9,0.5856
2670.0,4603.0,2880.0,4735.9,0.5854
2593.5,4161.1,2880.0,4283.3,0.5850
12495.2,56243.7,13118.2,56640.0,0.5850
17281.6,4845.5,17920.0,5176.3,0.5847
15116.5,24539.0,15676.7,24960.0,0.5846
12480.0,10242.3,12730.2,10559.1,0.5845
4941.3,12165.8,5440.0,12746.4,0.5844
16029.1,25520.5,16636.9,25920.0,0.5841
2721.6,5448.3,2880.0,5884.4,0.5841
2881.0,11521.6,2985.9,11633.2,0.5837
15683.2,16836.9,16319.2,17280.0,0.5831
4938.6,14893.9,5438.1,15358.0,0.5825
14732.6,320.8,15359.4,531.2,0.5825
15680.0,11647.8,15769.2,12160.0,0.5822
3413.1,12104.6,3840.0,12474.1,0.5819
3048.9,3080.6,3517.6,3520.0,0.5818
13185.0,12161.3,13440.0,12752.6,0.5815
12807.7,32898.0,13436.7,33280.0,0.5814
962.1,508.4,1107.8,951.9,0.5812
16072.1,1105.4,16639.3,1596.5,0.5812
16991.5,6720.0,17598.9,7130.6,0.5811
11600.1,6202.2,11839.1,6697.6,0.5807
78.2,420.2,636.5,956.9,0.5803
13463.3,23854.8,14076.4,24316.2,0.5802
14162.9,24000.8,14400.0,24264.5,0.5797
8000.0,6994.6,8636.0,7360.0,0.5797
1648.8,4381.0,2236.0,4800.0,0.5792
8961.1,486.3,9053.5,640.0,0.5791
9309.3,28389.1,9915.5,28796.8,0.5785
5307.5,14190.9,5373.2,14720.0,0.5784
17273.7,16963.4,17599.1,17262.4,0.5779
13660.1,8000.0,14080.0,8493.3,0.5777
9871.6,5700.5,10240.0,6080.0,0.5776
16643.3,8320.0,16870.2,8778.4,0.5776
17211.7,16640.5,17456.6,16791.7,0.5772
17753.1,10906.6,17919.4,11185.2,0.5768
13120.0,4346.8,13355.9,4798.8,0.5767
1920.0,898.2,2033.1,1279.1,0.5762
17927.5,3936.4,18176.0,4480.0,0.5760
10267.3,57518.0,10877.7,57920.0,0.5759
4716.1,15050.7,5112.0,15359.3,0.5757
15573.6,13761.0,15627.5,13861.9,0.5756
6261.3,3523.3,6399.9,3785.4,0.5753
13853.4,4983.4,14394.8,5428.7,0.5752
15051.4,58804.0,15676.3,59195.6,0.5751
11552.0,51684.5,12156.1,52157.6,0.5748
15360.2,14720.0,15544.4,15152.9,0.5742
15786.3,16983.9,16000.0,17593.7,0.5742
11226.0,45662.7,11836.7,46078.4,0.5742
14927.2,8178.7,15040.0,8635.5,0.5740
17401.3,343.1,17599.7,812.9,0.5738
12526.1,6951.1,13116.8,7356.8,0.5734
16781.7,1146.9,16959.8,1599.4,0.5730
11382.8,539.7,11518.2,640.0,0.5730
12206.1,18464.7,12795.3,18879.3,0.5725
16322.5,1927.7,16957.9,2208.2,0.5723
5497.4,2240.0,5759.0,2597.0,0.5711
6080.0,9602.1,6718.4,9889.8,0.5708
11267.2,53677.3,11836.5,54080.0,0.5707
9622.2,50801.0,10236.6,51200.0,0.5707
12225.2,33767.4,12796.3,34236.0,0.5703
15094.4,60355.0,15675.7,60798.4,0.5692
9920.3,5458.2,10558.8,5736.9,0.5688
16034.2,2880.9,16612.4,3047.1,0.5686
13561.7,6650.6,13625.5,7039.8,0.5675
15675.5,16480.3,16000.0,16958.4,0.5673
8686.5,22615.2,9274.8,23036.6,0.5673
8672.7,31604.6,9277.0,32000.0,0.5667
15698.7,36066.6,16316.8,36477.2,0.5666
2881.5,11200.0,3019.9,11409.0,0.5661
13478.0,46303.3,14076.7,46717.3,0.5661
14401.1,6016.6,15036.7,6397.7,0.5660
9920.7,960.0,10242.2,1104.3,0.5660
5120.0,9920.0,5757.8,10151.8,0.5659
16864.9,26562.2,17280.0,27080.5,0.5657
3522.8,1483.7,3755.7,1599.2,0.5657
4481.4,14404.5,4799.7,14923.8,0.5657
12050.6,3043.8,12160.0,3520.0,0.5652
14121.0,52361.6,14714.3,52797.0,0.5645
12187.3,6216.7,12796.2,6527.8,0.5642
9395.2,46639.0,9918.1,47040.0,0.5639
3858.5,10560.0,4480.0,10660.0,0.5636
3484.9,6402.3,3828.7,6897.8,0.5634
8694.7,13029.5,9276.9,13437.7,0.5634
3612.6,2240.0,4155.3,2830.8,0.5630
15522.0,0.0,15997.8,417.5,0.5628
2243.5,4766.2,2877.1,5120.0,0.5628
7150.1,17923.5,7359.3,18311.7,0.5625
16668.3,657.7,16960.0,1267.4,0.5623
10694.5,8640.6,10879.7,8770.1,0.5617
15234.8,2321.5,15360.0,2547.8,0.5616
2927.6,830.0,3198.4,960.0,0.5615
10886.2,48572.0,11515.6,48960.0,0.5613
2461.7,5121.6,2559.8,5299.8,0.5612
5567.3,15685.1,5759.3,16129.1,0.5611
3842.2,5299.2,4476.4,5749.1,0.5610
4693.7,2585.5,4800.0,3099.0,0.5608
10585.6,4826.5,11196.6,5120.0,0.5608
5194.5,15690.2,5440.0,16171.8,0.5606
13235.0,22953.2,13759.1,23360.0,0.5602
15397.1,58779.0,15997.4,59195.3,0.5601
5204.9,10560.0,5759.6,11041.3,0.5600
3989.1,4807.0,4159.8,5411.5,0.5597
14720.0,5768.9,15356.9,6097.6,0.5592
13761.2,5923.5,14400.0,6299.3,0.5591
17540.8,11433.8,17973.8,11839.0,0.5587
862.9,2.7,959.8,193.2,0.5586
14400.0,7680.0,15037.8,8050.8,0.5584
14938.6,24320.0,15040.0,24392.3,0.5583
13554.0,2499.4,13760.0,2559.5,0.5583
16960.0,732.2,17488.3,1280.0,0.5582
3620.3,9607.8,4151.5,9974.1,0.5579
6070.7,4867.8,6398.4,5120.0,0.5576
15686.7,34176.6,16315.7,34560.0,0.5574
9202.3,20084.6,9600.0,20480.0,0.5571
17452.7,26240.7,17600.0,26374.1,0.5569
8960.0,3841.9,9360.6,4008.1,0.5564
12490.7,31601.4,13118.2,32000.0,0.5562
16775.7,24411.0,17279.9,24960.0,0.5560
14401.6,3200.4,14620.9,3365.3,0.5557
10894.8,21969.5,11516.6,22396.9,0.5556
3961.8,13343.4,4475.8,13760.0,0.5553
1281.0,10241.5,1393.9,10384.1,0.5553
3463.7,2994.5,3839.3,3520.0,0.5550
14583.7,24208.7,15037.3,24640.0,0.5550
5440.0,9977.8,6078.7,10240.0,0.5547
13148.9,57201.8,13754.6,57600.0,0.5545
5662.2,2240.0,5760.0,2402.1,0.5543
4161.8,5741.6,4604.7,6079.8,0.5532
11114.4,5762.0,11520.0,5888.6,0.5528
12160.0,2643.5,12630.7,3198.9,0.5526
16652.4,69062.5,17276.4,69440.0,0.5524
2930.9,13125.1,3516.3,13600.9,0.5517
9316.2,19120.6,9917.1,19519.7,0.5517
8384.9,27715.1,8954.0,28158.5,0.5515
984.8,1479.2,1595.3,1794.4,0.5511
13772.7,7856.3,14396.7,8317.9,0.5508
3952.2,3034.6,4479.7,3516.1,0.5508
9307.3,13009.4,9918.9,13437.6,0.5508
16320.0,9852.0,16959.6,10240.0,0.5507
11206.4,2886.7,11688.6,3358.1,0.5505
14080.3,7042.3,14231.7,7159.4,0.5501
11540.5,50505.9,12157.9,50880.0,0.5500
17624.7,49924.7,18166.3,50463.9,0.5491
12143.3,1601.3,12480.0,1804.8,0.5491
14593.3,7043.6,14720.0,7339.9,0.5489
17586.1,26573.5,18173.9,26880.0,0.5487
276.4,415.3,639.2,778.9,0.5485
8992.9,18417.4,9597.8,18875.8,0.5475
1.5,177.0,307.0,635.1,0.5471
4286.6,3260.8,4479.3,3663.0,0.5471
11760.4,7680.0,12160.0,7846.4,0.5471
3088.8,12588.3,3519.4,13034.9,0.5468
4214.8,9929.1,4798.4,10175.5,0.5468
16320.0,8523.4,16959.3,8957.0,0.5466
11860.7,791.3,12478.2,1273.6,0.5464
3698.5,11434.7,4156.8,11840.0,0.5454
12492.9,7384.4,13118.4,7675.0,0.5453
8893.6,7361.4,9280.0,7847.6,0.5451
12558.5,4662.8,13115.9,5118.5,0.5449
18045.0,10894.4,18175.7,11422.5,0.5442
16392.7,4028.8,16630.3,4478.6,0.5437
13502.3,7901.0,14074.0,8320.0,0.5436
14401.3,8063.8,14842.7,8319.5,0.5435
16320.8,960.9,16398.6,1082.7,0.5434
5761.5,4413.8,6149.8,4679.7,0.5430
10904.7,29351.0,11520.0,29760.0,0.5422
12621.7,4397.9,13112.0,4800.0,0.5421
13442.0,52722.5,14076.8,53120.0,0.5421
4370.3,6080.0,4480.0,6195.4,0.5420
8453.1,19722.8,8959.4,20156.3,0.5416
14944.3,14945.5,15040.0,15359.4,0.5416
10606.8,14020.3,11196.7,14400.0,0.5409
2991.2,3201.5,3200.0,3359.2,0.5406
12754.5,4500.5,13120.0,5003.3,0.5405
16641.2,1320.9,16873.4,1678.4,0.5405
12995.0,11852.7,13120.0,12269.0,0.5404
9932.7,7899.2,10560.0,8320.0,0.5403
9654.0,19096.4,10236.7,19516.7,0.5402
9289.4,55264.5,9916.5,55676.7,0.5401
12481.2,47810.0,13074.3,48320.0,0.5398
16328.1,41534.9,16956.8,41920.0,0.5392
15651.5,6937.5,15999.0,7354.9,0.5391
1600.0,960.0,1754.5,1115.3,0.5389
4362.7,2724.9,4793.9,3183.3,0.5389
16366.5,40238.2,16955.8,40640.0,0.5388
6.9,10638.6,636.8,11055.9,0.5387
1809.8,3785.4,2235.6,4160.0,0.5384
10348.5,21120.2,10559.4,21270.6,0.5383
3283.9,6080.0,3519.0,6618.6,0.5382
8983.0,13676.0,9600.0,14080.0,0.5380
1036.9,4616.3,1594.3,5112.4,0.5375
15391.6,17281.3,15996.4,17780.8,0.5372
17536.0,9601.6,18173.9,9817.7,0.5371
4124.7,13537.8,4479.3,14080.0,0.5370
12803.6,45689.8,13435.4,46080.0,0.5370
8968.4,27443.7,9595.6,27840.0,0.5369
12490.5,33824.7,13115.9,34237.7,0.5369
16755.2,1281.7,16960.0,1717.8,0.5369
8667.9,25823.8,9279.9,26238.3,0.5368
11240.9,14604.6,11835.1,15038.3,0.5367
16005.5,8961.3,16638.9,9398.1,0.5362
4498.1,2098.8,5119.5,2555.1,0.5361
16327.5,10576.2,16867.2,10880.0,0.5356
9829.4,20481.5,10240.0,20957.6,0.5355
16916.6,13024.7,17280.0,13440.0,0.5355
15079.9,48531.7,15674.3,48957.4,0.5355
13165.9,57522.0,13753.0,57918.7,0.5353
13154.3,32231.1,13756.8,32640.0,0.5350
9606.4,3091.9,10238.4,3460.9,0.5350
9656.3,49541.7,10237.3,49920.0,0.5350
4162.2,1765.8,4394.6,2207.1,0.5345
1940.4,1195.0,2556.3,1600.0,0.5344
16642.9,26052.8,16917.3,26560.0,0.5341
17548.8,24151.6,18171.0,24640.0,0.5341
14131.4,69448.3,14716.5,69887.4,0.5339
14150.8,2083.1,14712.9,2559.7,0.5337
12831.5,59066.3,13437.1,59517.3,0.5323
11865.4,11438.7,12480.0,11840.0,0.5320
9920.0,50501.9,10555.8,50880.0,0.5319
14031.1,12188.5,14400.0,12746.2,0.5319
3801.5,10604.5,4160.0,11198.1,0.5317
13780.3,35125.1,14398.0,35520.0,0.5314
17537.4,8961.4,17948.2,9162.7,0.5314
6501.1,27981.3,7033.7,28476.7,0.5311
13454.7,59116.8,14075.9,59520.0,0.5310
9925.0,17540.9,10556.0,17920.0,0.5307
5170.1,1602.4,5440.0,2077.1,0.5306
17582.0,48252.0,18172.6,48640.0,0.5305
7871.9,742.3,7999.8,1136.6,0.5301
13486.0,34172.1,14078.3,34560.0,0.5300
1093.2,2566.2,1279.4,2971.2,0.5298
9318.1,14934.4,9916.5,15356.5,0.5297
12498.9,58814.0,13116.8,59200.0,0.5290
15769.3,1608.2,16320.0,2199.9,0.5289
4855.4,11840.0,5119.8,12156.3,0.5288
16644.6,5124.0,17280.0,5431.4,0.5286
15717.8,33521.5,16317.2,33920.0,0.5281
12254.6,4191.5,12480.0,4479.6,0.5278
11397.0,21987.3,11840.0,22400.0,0.5274
17674.7,15048.0,18164.3,15360.6,0.5273
11035.0,1384.9,11137.2,1479.2,0.5272
15055.7,34822.1,15674.8,35200.0,0.5271
14705.0,6908.4,15040.0,7343.8,0.5268
17441.3,26760.2,17920.0,27200.0,0.5267
84.5,6016.4,638.2,6400.0,0.5266
4800.0,1821.9,4988.9,1920.0,0.5264
4069.5,6720.5,4478.5,6935.2,0.5263
17082.0,26785.9,17586.5,27200.0,0.5262
15754.6,39850.2,16317.6,40319.2,0.5260
8641.5,4160.0,9273.7,4382.1,0.5260
16732.8,14460.7,17280.0,15034.7,0.5260
2387.0,4912.6,2559.8,5305.1,0.5259
12655.4,2671.7,12800.0,3151.5,0.5254
2968.4,1340.6,3199.3,1599.8,0.5253
5120.0,13761.7,5248.4,14270.5,0.5253
17417.1,19421.3,17920.0,19840.0,0.5250
16342.1,58502.0,16957.2,58880.0,0.5249
11840.3,334.8,12171.7,795.3,0.5247
1306.2,18471.5,1915.9,18880.0,0.5247
11856.5,50151.8,12476.8,50560.0,0.5247
15043.6,4482.7,15677.3,4795.7,0.5238
11875.7,30908.7,12476.8,31356.6,0.5236
729.0,6725.0,958.9,7067.5,0.5235
10319.2,30497.0,10876.5,31040.0,0.5233
3040.2,11843.4,3519.6,12389.6,0.5231
16340.7,57517.4,16957.3,57919.9,0.5230
16050.0,34164.1,16636.1,34560.0,0.5230
1659.1,11049.0,1920.0,11198.3,0.5230
2240.0,1461.2,2727.6,1920.0,0.5228
10589.3,49839.5,11196.6,50240.0,0.5218
16000.0,7581.6,16535.1,7992.5,0.5216
10575.9,20094.9,11192.6,20480.0,0.5216
6730.0,14327.3,7358.5,14720.0,0.5214
16343.0,18806.7,16956.8,19200.0,0.5210
7249.0,3198.6,7359.1,3305.9,0.5209
17369.8,41201.7,17918.2,41600.0,0.5207
10575.7,18473.3,11196.4,18880.0,0.5203
13476.5,59429.7,14078.1,59840.0,0.5200
10574.8,52413.0,11195.4,52800.0,0.5199
9639.2,16856.7,10236.1,17278.0,0.5195
8011.4,16875.0,8637.3,17277.0,0.5194
6098.6,9809.9,6719.1,10143.9,0.5194
16322.7,2282.1,16959.6,2560.0,0.5192
16984.7,19741.7,17597.4,20160.0,0.5188
15092.5,37642.0,15678.3,38079.2,0.5186
15920.4,4615.1,16314.9,5116.9,0.5184
9292.8,51134.8,9914.3,51520.0,0.5181
8418.7,5025.5,8954.3,5440.0,0.5180
15058.7,54623.6,15676.1,55038.5,0.5180
4949.1,3127.8,5120.0,3520.0,0.5179
14193.2,3520.7,14703.4,3604.0,0.5178
5162.6,3201.2,5756.9,3469.8,0.5174
16027.7,47566.6,16635.8,47998.5,0.5171
3969.8,12160.0,4160.0,12661.3,0.5171
12494.9,50152.8,13113.6,50560.0,0.5169
9354.9,20079.2,9917.0,20480.0,0.5165
351.5,3887.9,637.7,4160.0,0.5164
17536.4,14373.9,17966.4,14720.0,0.5164
2601.5,3689.7,3195.2,4159.1,0.5161
17577.1,39550.2,18173.5,40000.0,0.5160
5533.3,16321.0,5760.0,16722.7,0.5151
9935.8,24891.4,10556.6,25280.0,0.5150
14030.0,14088.4,14400.0,14422.6,0.5146
14734.5,28409.2,15356.9,28800.0,0.5144
9604.4,961.4,10233.2,1167.1,0.5144
2156.3,558.8,2240.0,960.0,0.5142
11202.7,58821.8,11836.6,59200.0,0.5142
8516.7,2014.6,8639.2,2239.4,0.5141
9292.1,647.3,9918.3,960.0,0.5141
8640.0,27443.4,9277.8,27840.0,0.5141
3840.0,11095.7,3974.7,11520.0,0.5136
17182.8,16330.2,17600.0,16801.3,0.5133
8960.0,6720.0,9596.2,7012.6,0.5128
13859.6,28958.7,14395.7,29440.0,0.5127
10896.7,33202.2,11517.3,33600.0,0.5123
5558.9,5583.7,6080.0,6074.7,0.5122
15957.5,17920.0,16319.5,18388.5,0.5122
7740.2,15567.2,8315.8,15998.7,0.5121
8480.4,1932.0,8640.0,2347.5,0.5118
16026.7,15041.5,16318.8,15459.8,0.5116
9954.2,2059.8,10558.8,2555.3,0.5115
10560.5,5723.0,11134.8,6080.0,0.5115
14332.5,13120.0,14720.0,13609.5,0.5113
1337.5,18139.8,1915.0,18558.0,0.5113
13182.0,6596.1,13725.7,7040.0,0.5113
12484.2,3200.1,13115.6,3407.5,0.5110
445.0,6227.0,639.2,6576.2,0.5108
11570.3,56867.6,12155.2,57280.0,0.5105
15265.9,10560.5,15359.7,10812.6,0.5102
10151.8,3393.1,10239.5,3743.8,0.5101
14103.0,51439.5,14720.0,51840.0,0.5098
10885.0,57859.4,11516.8,58240.0,0.5098
17619.5,15805.3,18175.0,16318.5,0.5093
7327.4,18160.5,7680.0,18560.0,0.5088
7067.3,15601.7,7676.8,16000.0,0.5086
1296.8,3840.0,1916.9,4305.6,0.5084
4800.0,9923.7,5438.0,10192.4,0.5082
8886.2,19846.3,9280.0,20208.4,0.5080
12808.3,1348.7,13440.0,1597.7,0.5079
17857.2,2671.0,18174.9,3199.2,0.5079
16379.8,4788.9,16630.3,5120.0,0.5073
5444.4,10046.3,6077.3,10367.4,0.5068
2969.4,11520.0,3171.6,12110.7,0.5067
17571.3,43387.6,18170.5,43839.4,0.5067
11532.4,11202.0,12155.2,11674.1,0.5061
2660.9,7107.5,2880.0,7300.7,0.5061
13338.9,12484.5,13760.0,13016.6,0.5061
15723.1,68725.6,16315.7,69120.0,0.5060
2377.1,9500.9,2874.7,9919.8,0.5060
16701.7,14309.2,17275.5,14720.0,0.5057
15680.0,5440.7,16317.0,5663.1,0.5056
15689.9,9520.2,16315.5,9920.0,0.5055
16027.8,11526.9,16336.3,11692.2,0.5052
3138.8,8960.2,3520.0,9467.4,0.5051
7040.7,3385.8,7680.0,3736.2,0.5051
13938.4,9925.5,14054.9,10192.9,0.5050
17023.9,16413.3,17279.2,16640.0,0.5046
15632.6,11465.1,16000.0,11840.0,0.5045
8653.7,14646.6,9277.4,15040.0,0.5043
11550.0,15897.5,12156.2,16318.5,0.5043
8960.0,8.3,9590.8,315.8,0.5043
4626.2,13620.0,5081.6,14080.0,0.5040
3840.0,4032.5,4201.2,4480.0,0.5039
9688.3,48861.7,10236.6,49276.0,0.5028
6318.6,16640.0,6720.0,17103.4,0.5027
17295.5,26564.9,17917.0,26880.0,0.5027
15078.5,24960.0,15675.9,25442.7,0.5023
13493.9,53953.8,14076.2,54397.6,0.5022
15603.7,13902.6,15660.5,14167.2,0.5020
15704.3,7360.0,16320.0,7591.5,0.5018
9286.5,1.0,9919.3,201.6,0.5018
4032.7,3600.2,4159.9,3893.4,0.5017
11203.4,34797.3,11835.5,35200.0,0.5011
4597.0,3205.9,4800.0,3617.2,0.5011
10255.5,46344.8,10876.7,46720.0,0.5010
11898.5,6403.2,12476.1,6844.2,0.4998
320.0,866.5,851.2,1279.8,0.4997
12809.9,31912.0,13436.3,32320.0,0.4996
15472.1,10963.2,15680.0,11520.0,0.4996
11256.7,53296.1,11834.2,53758.6,0.4992
10297.6,17220.8,10876.8,17600.0,0.4991
13441.4,12699.1,14075.2,13120.0,0.4988
7691.9,14322.2,8319.4,14720.0,0.4988
3947.1,14113.6,4454.0,14720.0,0.4980
6192.1,17189.0,6715.5,17600.0,0.4978
16244.4,14745.2,16640.0,15360.0,0.4975
17639.5,17810.6,18176.0,18240.0,0.4973
15462.9,15266.7,15680.0,15679.0,0.4971
5505.3,15046.1,5760.0,15578.5,0.4970
7941.0,6408.5,8320.0,6831.1,0.4969
17040.5,26701.3,17279.1,27187.7,0.4968
6826.9,4557.1,7040.0,5115.4,0.4968
12489.9,54333.1,13118.4,54720.0,0.4967
15050.2,36435.2,15675.5,36800.0,0.4963
9646.7,14648.2,10237.2,15040.0,0.4962
1378.1,2326.3,1914.2,2880.0,0.4956
1331.8,6401.0,1895.0,6538.8,0.4949
8993.2,7838.7,9600.0,8320.0,0.4946
15835.2,13630.0,16095.7,14077.5,0.4943
13472.3,47292.1,14076.1,47680.0,0.4942
15437.3,52076.2,15997.4,52480.0,0.4941
15599.5,24655.9,16000.0,25031.3,0.4941
12543.9,31227.2,13114.8,31677.3,0.4938
9300.9,49226.7,9919.7,49600.0,0.4937
7040.0,3930.3,7568.6,4326.2,0.4936
17552.9,10240.0,18167.7,10459.8,0.4934
8327.6,4080.1,8959.4,4480.0,0.4931
16999.7,4471.2,17596.6,4800.0,0.4923
11210.7,50143.7,11837.6,50560.0,0.4917
13778.1,37333.3,14396.4,37757.8,0.4913
15691.5,57547.7,16316.2,57920.0,0.4913
8371.4,13290.5,8956.6,13759.6,0.4912
8674.9,47595.8,9277.6,48000.0,0.4906
10459.6,5763.9,10879.4,6255.2,0.4902
526.2,1487.4,640.0,1898.8,0.4901
17603.1,50671.1,18172.7,51199.9,0.4900
16030.9,57811.1,16638.1,58238.9,0.4896
4289.1,3105.1,4793.4,3518.7,0.4889
9645.5,45678.9,10235.9,46078.3,0.4889
17280.1,15680.0,17405.1,16228.6,0.4887
3840.4,1391.0,4113.4,1599.0,0.4884
16979.3,31899.8,17597.3,32320.0,0.4883
10573.8,51128.5,11196.5,51520.0,0.4880
11.1,20420.8,638.2,20800.0,0.4879
14457.9,37280.4,15038.7,37759.6,0.4878
15361.5,15042.7,15725.4,15569.1,0.4876
17107.4,24640.0,17280.0,25265.4,0.4873
10918.7,56173.3,11516.8,56637.8,0.4868
17284.8,57865.8,17916.8,58240.0,0.4868
15680.3,18168.9,16318.1,18560.0,0.4867
4160.0,10308.8,4799.9,10476.4,0.4862
12488.2,32566.1,13117.6,32960.0,0.4853
17322.1,16329.7,17918.8,16725.9,0.4844
3854.1,5777.1,4478.3,6079.9,0.4843
12838.4,57498.4,13438.5,57920.0,0.4842
15377.2,59141.0,15998.8,59520.0,0.4836
17280.0,748.5,17395.3,1280.0,0.4833
7532.0,5142.0,7680.0,5555.0,0.4830
17007.2,11721.0,17280.0,12082.3,0.4827
6453.9,18065.0,7035.3,18558.6,0.4825
3201.2,1600.4,3493.5,1712.0,0.4823
8010.8,8908.1,8638.6,9279.4,0.4822
1018.0,18803.6,1596.0,19200.0,0.4822
12437.8,3521.5,12799.8,3753.3,0.4819
5144.9,8553.0,5758.6,8960.0,0.4819
17009.0,24960.0,17280.0,25478.8,0.4817
13384.0,2564.5,13757.4,2971.5,0.4814
17647.9,49688.4,18171.2,50240.0,0.4812
16197.3,3714.6,16320.0,4116.7,0.4811
10240.0,53390.7,10876.4,53760.0,0.4807
18049.7,17606.0,18176.0,18182.4,0.4807
14095.4,49215.4,14716.4,49600.0,0.4801
17957.1,14228.2,18175.2,14398.2,0.4800
4163.9,14080.0,4421.0,14718.9,0.4798
8338.6,9600.0,8957.6,9846.9,0.4797
7283.9,1190.2,7360.0,1280.0,0.4796
5747.2,16223.2,6080.0,16640.0,0.4794
2961.8,6720.6,3199.9,7196.5,0.4793
14085.4,24249.0,14717.8,24640.0,0.4791
13441.1,52986.2,14077.7,53434.8,0.4784
17305.6,57210.8,17916.8,57600.0,0.4784
13209.5,58766.1,13756.0,59196.3,0.4783
8394.5,26816.8,8958.5,27200.0,0.4782
13391.4,11559.6,13758.6,11840.0,0.4782
3535.1,6742.2,4158.8,7198.5,0.4780
9942.5,54625.0,10556.8,55040.0,0.4780
17755.3,16005.9,17920.0,16425.3,0.4777
6286.5,3205.8,6400.0,3429.6,0.4775
15081.0,1603.6,15360.0,2098.2,0.4773
14774.2,55235.1,15358.2,55679.3,0.4772
15372.2,56850.4,15997.6,57278.8,0.4772
7189.5,5124.0,7680.0,5668.5,0.4771
14094.9,11252.6,14717.3,11520.0,0.4770
17785.4,7353.4,17919.2,7679.1,0.4769
4480.0,9922.7,5116.9,10205.8,0.4766
13815.0,34471.6,14394.8,34880.0,0.4765
12210.2,986.3,12800.0,1261.9,0.4751
6805.0,5593.8,7354.7,6080.0,0.4750
16962.1,5593.9,17600.0,6080.0,0.4749
5825.3,15723.1,6080.0,16318.0,0.4746
12902.9,6082.0,13437.9,6506.5,0.4745
16962.0,9136.5,17282.6,9600.0,0.4739
10588.9,8811.1,11198.4,9275.9,0.4737
16204.6,14312.3,16320.0,14720.0,0.4736
14192.5,23920.5,14717.6,24320.0,0.4734
17038.1,14969.8,17598.6,15360.0,0.4733
11251.6,18468.0,11836.3,18879.1,0.4732
15569.0,12963.6,15713.9,13438.8,0.4730
5502.2,11112.1,5760.0,11519.5,0.4730
10570.9,51443.5,11196.5,51840.0,0.4725
14791.3,2950.8,15354.9,3149.2,0.4724
5596.1,1796.3,5760.0,2234.0,0.4724
12481.5,53029.1,13116.8,53440.0,0.4723
10014.8,20801.4,10239.9,21041.0,0.4721
17594.6,23196.5,18176.0,23676.9,0.4719
1600.0,2571.4,2121.5,2878.0,0.4715
16386.1,24148.5,16953.9,24640.0,0.4710
1625.3,7538.9,1920.0,7999.5,0.4707
3854.7,9920.5,4477.1,10088.0,0.4707
17627.3,51302.5,18168.6,51840.0,0.4707
16640.0,26883.2,17097.4,27362.7,0.4706
17326.3,39239.0,17917.3,39680.0,0.4706
15896.6,14340.3,15990.3,14720.0,0.4705
8017.2,19204.2,8320.0,19693.4,0.4704
12803.8,10955.1,13099.0,11197.8,0.4701
4839.4,960.0,5120.0,1456.5,0.4699
15720.4,24496.7,16315.0,24958.6,0.4698
14202.9,7267.7,14399.0,7678.7,0.4692
11563.6,1281.3,12159.4,1566.3,0.4691
13133.4,58488.2,13757.3,58880.0,0.4688
15040.0,2844.9,15676.6,3200.0,0.4682
17307.8,24184.7,17597.4,24634.9,0.4682
13120.0,3200.0,13758.3,3585.2,0.4677
11520.0,57220.3,12156.1,57600.0,0.4676
741.7,9935.5,1273.7,10374.8,0.4675
10891.5,52395.4,11515.5,52800.0,0.4671
12215.7,7681.0,12800.0,7849.2,0.4669
17130.2,14088.3,17280.0,14534.3,0.4668
13711.5,28481.0,14080.0,29011.2,0.4668
16960.7,4004.1,17593.6,4475.5,0.4666
2686.9,1606.7,2880.0,2086.0,0.4665
8001.6,19765.3,8636.7,20160.0,0.4664
9600.9,1.6,9939.8,109.5,0.4659
5336.7,14489.5,5428.8,14718.8,0.4657
15683.2,10241.0,16317.4,10554.5,0.4655
16684.4,59431.7,17279.2,59840.0,0.4655
12161.5,10174.4,12796.6,10560.0,0.4653
10329.4,5732.9,10876.4,6080.0,0.4651
5760.0,2114.5,6285.6,2560.0,0.4649
9684.8,20319.4,10236.9,20800.0,0.4648
10494.1,21122.6,10880.0,21472.7,0.4645
12192.2,54667.1,12797.3,55040.0,0.4640
11210.5,18826.1,11837.4,19200.0,0.4637
10279.5,47898.6,10877.2,48319.1,0.4635
9627.9,13370.0,10237.2,13760.0,0.4634
9034.3,48262.5,9596.4,48640.0,0.4632
12480.0,5569.2,12543.6,5831.5,0.4629
14419.0,8562.5,15040.0,8960.0,0.4623
14421.0,59098.8,15035.9,59516.8,0.4618
16328.9,5952.1,16784.8,6388.9,0.4618
9325.7,14298.3,9920.0,14720.0,0.4613
2240.0,3486.3,2393.7,3840.0,0.4612
4100.1,11521.5,4480.0,11654.2,0.4611
6439.6,14628.0,7034.1,15040.0,0.4608
13445.0,960.0,14076.8,1159.9,0.4607
16027.8,641.1,16638.2,1065.1,0.4607
4229.5,10914.4,4479.7,11234.4,0.4605
5207.0,2443.3,5440.0,2880.0,0.4603
16945.7,13452.5,17267.2,13897.1,0.4601
8100.6,321.3,8319.4,431.5,0.4601
8516.6,19430.6,8954.1,19840.0,0.4600
7763.4,8642.5,8316.3,9096.5,0.4599
4369.4,4.3,4479.8,237.1,0.4595
13760.5,12547.0,14146.4,13120.0,0.4594
18062.1,14710.7,18176.0,15039.9,0.4593
14093.5,54621.0,14717.8,55039.2,0.4593
16329.3,1610.3,16960.0,1920.0,0.4585
13494.5,56519.6,14074.6,56956.3,0.4584
3311.3,557.5,3830.5,952.6,0.4584
8270.7,19203.9,8640.0,19600.7,0.4583
8648.1,6720.0,9279.9,6794.1,0.4582
16365.8,639.1,16960.0,960.0,0.4580
13445.8,56893.6,14076.7,57280.0,0.4574
3200.0,11343.8,3260.3,11835.0,0.4573
5571.4,1121.0,5759.4,1596.0,0.4573
16007.9,2240.4,16320.0,2310.0,0.4573
6741.9,22646.7,7357.7,23040.0,0.4569
13133.0,23608.9,13757.9,24000.0,0.4568
2917.1,12677.6,3200.0,12799.0,0.4567
10896.2,2560.0,11520.0,2995.2,0.4565
13155.8,7550.9,13760.0,7994.8,0.4563
3169.8,10564.4,3233.3,11030.5,0.4562
11852.9,14012.4,12478.4,14400.0,0.4560
17589.3,40477.4,18172.3,40957.9,0.4558
14726.5,55611.7,15358.9,56000.0,0.4558
15687.0,13774.8,15776.3,14248.1,0.4557
12842.1,48887.6,13436.7,49280.0,0.4555
5120.0,140.6,5310.1,631.9,0.4552
17537.5,788.8,17640.0,960.0,0.4549
2880.2,4169.6,3210.7,4357.3,0.4544
9046.0,4161.2,9594.5,4359.6,0.4544
11529.5,48567.4,12157.9,48960.0,0.4544
5889.4,16005.0,6079.3,16341.1,0.4536
15050.4,16867.0,15677.9,17280.0,0.4535
11846.7,16570.9,12477.1,16960.0,0.4534
8681.1,18137.1,9273.2,18558.1,0.4534
3127.4,3527.0,3199.7,3767.6,0.4532
17235.1,8965.2,17600.0,9402.8,0.4532
12815.5,60077.4,13438.7,60480.0,0.4532
15680.7,7075.2,16318.3,7360.0,0.4529
11211.3,33218.9,11836.5,33600.0,0.4529
960.2,1280.0,1356.2,1533.7,0.4520
15863.8,15080.7,15926.6,15457.8,0.4516
7484.5,4007.4,8000.0,4477.7,0.4508
16083.4,14212.3,16394.5,14720.0,0.4504
17324.6,39529.5,17916.1,39998.8,0.4502
6943.3,960.0,7039.9,1077.0,0.4500
7663.8,4167.0,8000.0,4799.7,0.4493
12547.9,55917.2,13118.1,56320.0,0.4491
12196.6,22401.5,12480.0,22622.8,0.4491
9640.7,15943.3,10238.3,16319.6,0.4491
17305.3,33818.2,17915.7,34238.9,0.4488
14418.2,52769.3,15038.3,53120.0,0.4484
11527.3,330.7,12157.3,814.4,0.4481
14100.6,31557.3,14716.8,31997.7,0.4480
3200.0,1367.7,3343.5,1599.6,0.4477
695.9,10240.0,959.6,10511.0,0.4476
13479.2,35156.2,14078.4,35520.0,0.4475
15806.6,12800.0,15999.1,13440.0,0.4472
12200.4,29375.2,12797.0,29760.0,0.4463
8668.9,30643.5,9275.9,31040.0,0.4461
15050.2,29370.7,15676.5,29760.0,0.4457
15223.6,11528.2,15360.0,11954.2,0.4456
15506.1,7363.5,15679.5,7616.8,0.4456
3008.2,2070.7,3517.7,2559.6,0.4453
9002.9,26766.0,9595.3,27197.5,0.4452
14564.2,35340.5,15040.0,35837.6,0.4451
6823.5,10780.5,7354.3,11200.0,0.4448
14748.9,60686.6,15354.7,61118.3,0.4448
4625.5,11327.0,5120.0,11840.0,0.4448
11528.4,54635.4,12157.1,55040.0,0.4442
4994.9,14408.8,5119.1,14782.8,0.4440
10261.7,26824.1,10876.0,27200.0,0.4440
11872.1,34767.9,12478.6,35198.7,0.4436
17541.1,6144.1,18173.1,6400.0,0.4433
5281.4,11202.8,5435.7,11626.7,0.4430
2561.2,10882.1,2907.8,11195.0,0.4422
5342.1,13442.3,5760.0,14074.2,0.4419
16968.9,60696.1,17596.5,61119.0,0.4418
14083.2,14324.4,14719.3,14720.0,0.4414
5057.4,13128.0,5120.0,13628.8,0.4414
9957.6,13605.3,10555.5,14077.5,0.4413
10601.0,15914.6,11195.3,16317.7,0.4404
15699.6,11707.7,16318.3,12157.1,0.4401
10928.0,34139.5,11515.5,34558.3,0.4394
13502.0,32491.4,14075.5,32957.4,0.4393
17008.0,37302.4,17597.3,37756.4,0.4393
3006.7,11274.3,3520.0,11839.4,0.4392
10252.1,14019.9,10877.1,14400.0,0.4389
12835.3,56561.2,13437.8,56960.0,0.4382
17544.4,25100.5,18172.5,25596.1,0.4380
11572.4,9724.0,11839.9,10240.0,0.4375
6.8,8330.5,517.3,8640.0,0.4375
14726.5,1501.8,15360.0,1920.0,0.4365
12556.6,23189.2,13113.7,23677.8,0.4365
15791.8,12691.2,16320.0,13118.8,0.4355
7149.8,5021.1,7680.0,5440.0,0.4355
15113.8,51433.0,15675.7,51840.0,0.4348
13465.8,55880.4,14075.2,56318.2,0.4348
11555.0,9921.1,12159.5,10293.8,0.4344
9949.0,58131.1,10557.8,58559.1,0.4339
15370.8,40543.5,15996.9,40960.0,0.4334
4802.0,3769.2,4994.6,4160.0,0.4333
13282.7,6081.6,13752.1,6183.3,0.4331
10886.4,15285.3,11515.4,15680.0,0.4328
3920.6,4389.5,4469.6,4798.5,0.4323
14757.4,2648.2,15359.0,2880.0,0.4323
4849.8,2589.8,5119.1,3200.0,0.4321
3392.9,1500.2,3519.1,1591.8,0.4316
6401.7,15622.3,7036.9,16000.0,0.4312
16000.0,920.3,16638.7,1275.2,0.4310
16132.3,17694.5,16634.6,18239.2,0.4309
16653.1,16882.8,17276.0,17280.0,0.4306
9927.8,51118.8,10558.2,51520.0,0.4304
4166.7,6722.1,4799.2,7040.0,0.4304
17081.7,23887.7,17595.6,24320.0,0.4294
7366.3,4652.8,7998.3,5101.0,0.4293
12862.3,23041.5,13119.6,23222.0,0.4285
5454.3,14401.9,5760.0,15037.3,0.4281
13443.6,47628.3,14076.6,48000.0,0.4279
17573.7,7040.0,18173.6,7412.2,0.4278
5442.7,1514.9,5883.7,1920.0,0.4277
13446.6,37695.6,14076.5,38080.0,0.4275
7894.1,18792.2,8318.8,19200.0,0.4272
14446.2,33490.4,15035.8,33916.3,0.4271
16877.4,25227.9,16953.4,25600.0,0.4269
14468.5,51434.8,15038.2,51840.0,0.4267
10567.5,303.1,11197.9,640.0,0.4262
11971.5,2449.5,12476.4,2880.0,0.4259
3654.5,3624.1,4158.4,4160.0,0.4257
12481.3,8644.1,12929.7,8952.9,0.4257
12168.2,51138.4,12797.7,51520.0,0.4256
15687.9,34480.9,16316.6,34880.0,0.4255
13500.4,43456.2,14075.7,43840.0,0.4253
4492.2,10240.0,5111.6,10313.9,0.4250
13444.1,3841.4,13846.8,3920.0,0.4249
15686.1,235.9,16320.0,640.0,0.4245
8359.9,52691.2,8957.3,53118.1,0.4244
13133.4,16569.9,13756.6,16960.0,0.4243
3207.2,5753.9,3840.0,6080.0,0.4241
16004.1,18148.8,16636.2,18560.0,0.4240
13761.0,14244.1,13977.2,14398.8,0.4240
11251.8,746.9,11838.1,1262.8,0.4239
3693.1,11524.6,3840.0,11910.7,0.4237
8020.7,16251.4,8638.3,16640.0,0.4237
2392.2,1132.1,2871.5,1600.0,0.4234
16523.7,219.1,16640.0,632.6,0.4232
13769.8,54329.3,14397.3,54720.0,0.4232
14713.5,9600.0,15040.0,10103.2,0.4231
7710.0,13702.9,8316.6,14080.0,0.4231
12173.8,49204.4,12793.6,49600.0,0.4231
17669.4,13979.2,17919.7,14080.0,0.4229
16004.4,59443.1,16636.7,59840.0,0.4226
1712.4,7689.3,1918.9,8035.5,0.4225
9630.4,47921.8,10235.4,48320.0,0.4223
8387.1,13959.4,8956.8,14398.5,0.4222
13479.3,26465.3,14074.3,26879.6,0.4221
13446.0,38016.9,14075.5,38400.0,0.4221
40.8,11856.6,636.2,12160.0,0.4221
10257.3,14648.7,10876.0,15040.0,0.4220
12103.2,7362.7,12480.0,7662.8,0.4214
2607.7,12160.0,2880.0,12690.5,0.4214
10250.2,53050.5,10874.8,53440.0,0.4214
5992.7,3637.3,6399.7,4156.7,0.4211
3201.5,810.5,3436.8,960.0,0.4201
14063.1,14425.2,14398.3,14607.0,0.4200
1692.4,3841.7,1919.6,3936.4,0.4198
1920.6,6722.5,2323.8,6961.0,0.4196
9928.2,27771.3,10557.3,28160.0,0.4196
6551.7,10893.5,7037.7,11197.2,0.4194
12161.7,665.8,12300.5,958.9,0.4193
13185.5,33201.8,13756.7,33600.0,0.4192
6726.6,22977.7,7356.9,23360.0,0.4191
12803.2,1587.2,13439.6,1920.0,0.4190
16090.3,12700.1,16319.0,13118.6,0.4189
493.5,6400.5,639.2,6539.8,0.4188
16683.0,31607.9,17275.3,31997.4,0.4187
17011.4,18080.0,17598.6,18557.7,0.4186
10950.9,29628.1,11514.0,30078.9,0.4186
7041.0,3201.4,7146.8,3295.2,0.4185
5949.9,1921.7,6078.7,2141.6,0.4184
8037.0,46652.9,8637.7,47040.0,0.4183
16000.0,960.9,16359.8,1145.4,0.4182
5563.2,14748.9,6071.2,15357.0,0.4182
14449.2,47223.4,15034.5,47677.5,0.4178
10253.8,13320.7,10878.0,13757.7,0.4175
10565.7,30330.3,11196.1,30720.0,0.4174
45.4,21669.5,637.8,22080.0,0.4172
4645.4,4483.6,4799.6,4670.5,0.4170
15360.0,9534.8,16000.0,9911.9,0.4166
15520.2,13145.7,15579.9,13565.6,0.4165
14726.0,2701.0,15357.1,3179.9,0.4164
9927.3,54340.5,10557.6,54720.0,0.4163
11571.1,49118.1,12154.8,49596.5,0.4162
11898.0,46299.3,12474.7,46718.0,0.4162
16381.4,11200.0,16640.0,11661.6,0.4159
13620.6,23545.8,14077.9,23997.8,0.4159
489.5,321.4,639.8,492.6,0.4157
12813.5,52729.2,13437.8,53120.0,0.4154
14201.1,9707.2,14718.7,9998.8,0.4151
8737.9,6720.0,8960.0,6786.0,0.4150
14133.5,69035.7,14716.1,69440.0,0.4149
4283.8,13980.6,4730.0,14400.0,0.4148
3202.9,3215.6,3808.1,3519.9,0.4147
13788.5,49532.3,14397.0,49920.0,0.4147
17545.5,36743.0,18172.8,37120.0,0.4147
6309.6,4481.1,6718.6,4763.5,0.4145
17779.6,864.7,18173.3,1280.0,0.4145
1920.0,650.4,2062.4,960.0,0.4144
10564.8,6402.2,11198.7,6522.9,0.4143
17357.3,24820.2,17920.0,25275.3,0.4139
3224.9,5125.5,3839.1,5439.0,0.4135
5173.7,23291.7,5756.6,23680.0,0.4130
12825.5,57221.7,13437.5,57600.0,0.4130
17541.0,5223.5,18006.9,5440.0,0.4128
11271.9,47834.3,11834.5,48318.1,0.4128
11285.9,26111.3,11833.6,26558.9,0.4127
14466.2,58183.1,15035.0,58560.0,0.4126
13796.4,69346.6,14394.9,69760.0,0.4122
4160.9,2481.9,4795.3,2878.4,0.4120
10248.4,29360.1,10874.5,29760.0,0.4118
13321.4,5448.8,13439.8,5760.0,0.4115
14749.8,39560.5,15356.9,39999.9,0.4114
9601.7,55926.5,10236.8,56320.0,0.4114
10327.0,3200.0,10559.7,3696.3,0.4114
15615.4,255.8,15680.0,629.2,0.4113
12204.6,17148.1,12798.3,17596.8,0.4109
8652.9,12399.6,9278.0,12800.0,0.4108
17579.7,35108.2,18171.3,35516.7,0.4108
11203.9,14004.3,11836.7,14400.0,0.4106
9741.1,3988.5,10237.3,4159.3,0.4105
16640.0,9303.8,17277.1,9653.5,0.4105
648.7,17539.9,1277.7,17920.0,0.4105
9981.7,13347.5,10555.6,13757.4,0.4100
10161.8,20816.2,10560.0,21230.2,0.4100
7739.3,3477.2,8317.1,3840.0,0.4100
13209.7,28480.0,13750.5,28999.7,0.4099
13760.0,3297.1,14096.9,3659.2,0.4092
13443.1,53670.3,14071.4,54078.0,0.4092
16331.4,57821.2,16956.4,58240.0,0.4091
11219.0,50808.4,11838.0,51200.0,0.4090
17635.3,12480.0,17917.7,13115.1,0.4087
7719.3,19521.9,8318.3,20101.6,0.4087
5727.0,11841.9,6080.0,12462.6,0.4087
14723.2,2242.8,15162.2,2680.3,0.4086
16366.0,53010.1,16954.9,53436.8,0.4085
7765.6,15931.6,8315.5,16320.0,0.4085
302.9,9281.7,640.0,9774.1,0.4085
9312.2,48853.8,9920.0,49277.8,0.4085
10602.7,47574.4,11197.4,47997.9,0.4079
15276.8,6721.1,15678.1,7236.7,0.4079
7205.1,1923.7,7359.8,2131.2,0.4078
14081.2,54016.1,14716.3,54400.0,0.4074
9981.5,48193.0,10555.9,48638.2,0.4072
17304.3,40252.4,17917.9,40640.0,0.4064
2361.0,5036.7,2877.8,5440.0,0.4064
17538.1,27133.0,17893.4,27520.0,0.4064
17354.4,25758.3,17911.9,26239.8,0.4061
3840.1,12434.1,4013.5,12480.0,0.4060
7125.0,18974.6,7674.5,19519.5,0.4059
15394.7,59710.2,15997.1,60156.7,0.4058
10560.0,2240.0,10941.8,2415.1,0.4056
17294.3,37705.8,17916.1,38080.0,0.4052
9302.7,55614.5,9917.3,56000.0,0.4050
16009.0,14462.1,16224.9,15037.9,0.4049
11212.1,31311.1,11835.7,31680.0,0.4041
4480.3,1828.1,4623.3,1918.5,0.4040
6726.2,4039.0,7355.1,4477.9,0.4038
15412.9,34764.6,15995.9,35199.4,0.4038
14723.4,14324.8,15053.4,14720.0,0.4033
12160.0,50513.2,12797.3,50880.0,0.4032
13383.5,23045.5,13760.0,23481.9,0.4032
5280.3,952.9,5440.0,1279.0,0.4029
15360.0,10744.6,15544.1,11200.0,0.4028
12480.0,6080.0,12708.0,6123.6,0.4027
15364.2,4161.1,15810.4,4316.8,0.4025
12955.5,23049.4,13439.3,23359.5,0.4023
17479.3,6947.3,17920.0,7360.0,0.4023
16968.9,36071.1,17595.5,36476.2,0.4020
5460.7,16056.5,5760.0,16640.0,0.4017
6132.5,2159.9,6395.3,2560.0,0.4015
15044.4,55294.2,15676.7,55680.0,0.4014
16325.8,30656.4,16955.7,31040.0,0.4014
15040.0,5355.7,15678.4,5750.5,0.4012
11221.3,32541.2,11833.8,32959.6,0.4011
12215.4,10913.3,12798.9,11401.7,0.4010
16961.2,2560.4,17170.9,2638.8,0.4006
649.7,3321.0,1260.6,3840.0,0.4005
15520.3,24842.8,15997.4,25279.4,0.4000
14734.9,5343.1,15356.8,5760.0,0.4000
2905.8,12399.6,3520.0,12800.0,0.3998
16700.6,41170.9,17276.1,41597.5,0.3998
17280.0,9661.6,17916.6,10119.8,0.3997
16960.0,7680.4,17369.5,7886.1,0.3997
7680.0,9509.2,8310.2,9919.5,0.3996
8003.4,13685.5,8635.5,14080.0,0.3994
14722.9,3073.6,15354.1,3487.2,0.3993
17575.5,38616.3,18171.2,39038.4,0.3993
6999.6,3.6,7360.0,436.4,0.3988
15366.7,57564.9,15997.8,57920.0,0.3986
5260.9,11585.6,5760.0,12160.0,0.3985
5321.7,15900.7,5758.8,16320.0,0.3984
13760.0,52800.0,14391.4,53020.0,0.3983
12840.6,56883.3,13434.8,57280.0,0.3983
10287.1,19433.8,10877.5,19840.0,0.3981
15184.2,7057.1,15677.2,7446.9,0.3979
10591.4,58736.8,11198.6,59196.4,0.3979
11271.4,5978.9,11520.0,6400.0,0.3978
10245.3,51760.7,10877.3,52160.0,0.3977
14104.6,35445.9,14716.1,35840.0,0.3975
9964.0,46632.1,10558.6,47040.0,0.3975
9315.6,52723.8,9918.0,53120.0,0.3971
10888.2,44707.0,11516.8,45120.0,0.3970
11860.7,32253.9,12476.0,32640.0,0.3968
14093.4,21682.3,14716.5,22080.0,0.3962
6132.0,17772.0,6717.1,18239.1,0.3962
2249.8,10468.7,2878.1,10880.0,0.3962
6502.7,16965.6,6719.3,17402.7,0.3962
15787.0,3846.1,16000.0,4457.1,0.3961
17538.3,8388.0,17949.3,8958.3,0.3960
17550.7,41763.0,18173.7,42238.3,0.3956
12841.7,49851.4,13436.5,50240.0,0.3954
1673.7,5762.8,1919.6,6308.7,0.3953
17291.6,38979.4,17917.8,39360.0,0.3950
8993.9,13358.3,9594.0,13759.5,0.3950
15702.9,1271.1,16308.9,1600.0,0.3950
4693.5,3118.7,4799.7,3198.0,0.3944
14687.2,13442.3,15039.9,13844.2,0.3944
1784.5,643.2,1919.9,903.3,0.3943
13186.3,20388.1,13755.5,20800.0,0.3940
8967.6,3096.9,9596.7,3511.2,0.3938
17886.3,960.5,18176.0,1398.4,0.3937
6167.5,11225.8,6720.0,11823.4,0.3930
9920.9,2497.1,10439.4,2878.9,0.3929
619.2,9283.0,951.0,9493.0,0.3929
15691.0,51774.2,16316.1,52160.0,0.3925
11206.4,17537.8,11837.3,17920.0,0.3925
15060.5,30649.3,15676.7,31040.0,0.3924
13790.4,56558.5,14396.1,56958.0,0.3924
12800.0,12160.2,13053.2,12643.4,0.3922
5246.9,646.9,5438.7,974.9,0.3919
16055.9,36338.9,16636.9,36797.0,0.3917
12170.7,58496.2,12793.7,58880.0,0.3917
8651.2,14985.9,9276.5,15360.0,0.3916
8684.2,25436.0,9274.9,25915.4,0.3916
13819.3,31564.8,14397.6,31998.7,0.3915
14441.3,32172.1,15035.9,32638.4,0.3904
1391.1,3134.6,1772.9,3515.0,0.3902
9633.7,8641.9,10236.7,8864.2,0.3902
17319.8,36995.9,17917.2,37436.9,0.3901
14443.4,24531.0,15037.4,24959.0,0.3897
12179.5,33502.7,12797.4,33920.0,0.3892
16706.7,24644.2,17276.1,25127.1,0.3891
10.2,18475.4,636.5,18880.0,0.3890
3993.4,2240.0,4158.0,2326.8,0.3888
17041.9,6727.2,17279.8,7058.7,0.3884
4589.2,507.5,5117.7,959.4,0.3881
10289.1,18485.6,10876.2,18880.0,0.3880
4169.2,14804.7,4788.1,15360.0,0.3880
7521.8,5778.2,7680.0,6224.4,0.3879
11522.1,10862.0,12151.4,11199.6,0.3878
10065.2,57493.0,10560.0,57919.0,0.3876
14533.4,52263.0,15040.0,52787.1,0.3874
10913.2,49462.2,11516.8,49918.2,0.3874
14132.3,34097.0,14714.6,34558.9,0.3872
14185.5,4171.2,14720.0,4732.7,0.3871
16640.0,14080.5,17008.7,14274.9,0.3870
9976.3,15581.6,10552.4,15997.6,0.3869
7441.5,891.2,7995.2,1280.0,0.3868
7253.5,1923.3,7673.3,2283.8,0.3864
13131.5,35133.0,13758.6,35520.0,0.3862
9602.9,27451.9,10237.0,27840.0,0.3857
15053.2,53991.4,15679.1,54400.0,0.3857
8391.6,6812.5,8960.0,6914.7,0.3857
7700.4,16247.2,8315.0,16640.0,0.3857
15045.6,38326.6,15675.5,38720.0,0.3857
13762.5,37041.9,14396.3,37440.0,0.3853
3893.4,1600.6,4095.5,1735.8,0.3852
16104.8,17471.3,16636.2,17920.0,0.3851
356.2,3224.6,960.0,3517.2,0.3851
1647.4,4162.9,1919.5,4659.4,0.3848
13513.6,13022.6,14075.8,13440.0,0.3843
6458.7,17602.5,6719.8,18065.5,0.3838
2567.2,6072.9,3197.4,6400.0,0.3832
3236.3,1960.0,3836.8,2240.0,0.3829
7392.3,27843.1,7997.8,28309.9,0.3829
17288.8,42503.7,17918.6,42880.0,0.3827
11983.4,5776.7,12478.7,5905.6,0.3827
6407.7,27139.2,7036.1,27520.0,0.3821
8182.9,4061.9,8640.0,4480.0,0.3820
11939.7,4228.5,12479.7,4646.3,0.3820
11535.7,16249.0,12157.1,16640.0,0.3819
15833.9,928.5,16320.0,1207.3,0.3818
11208.0,20732.2,11836.2,21120.0,0.3816
16973.7,9830.6,17597.2,10240.0,0.3814
4161.3,1600.4,4323.5,1789.6,0.3814
1600.0,4160.0,1943.5,4297.3,0.3812
4891.4,524.0,5119.9,960.0,0.3810
17291.3,10746.8,17920.0,11184.6,0.3809
2836.7,2885.0,3197.5,3123.6,0.3808
14641.7,24006.4,15040.0,24362.5,0.3805
4657.5,14800.0,5113.7,15355.8,0.3803
10580.6,21051.0,11196.8,21440.0,0.3801
14720.5,16873.0,15356.1,17280.0,0.3797
15647.5,1349.1,15998.7,1599.3,0.3796
7680.0,27528.2,8318.9,27890.1,0.3791
16960.0,15894.3,17315.1,16195.4,0.3789
13796.4,36020.0,14397.2,36478.3,0.3789
13806.3,34747.5,14397.9,35198.2,0.3786
12189.8,35133.0,12794.0,35520.0,0.3786
11257.6,58135.2,11835.1,58559.4,0.3785
11917.9,28696.3,12474.9,29118.4,0.3783
13952.3,14589.2,14072.0,14720.0,0.3779
14458.3,34475.1,15035.8,34877.4,0.3776
16348.1,19200.0,16958.5,19682.3,0.3772
17046.7,20492.7,17593.3,21112.2,0.3767
10241.2,0.6,10520.7,131.3,0.3763
694.9,6786.8,960.0,7360.0,0.3760
11273.3,51713.2,11835.1,52159.6,0.3757
17567.5,58499.7,18172.4,58880.0,0.3753
17207.1,6831.1,17280.0,7360.0,0.3753
333.3,20410.9,957.3,20800.0,0.3752
13322.3,8963.7,13439.7,9147.8,0.3750
16641.1,1595.8,16993.3,1920.0,0.3746
4179.5,4695.3,4797.0,5104.6,0.3744
12255.1,8131.1,12473.8,8319.2,0.3743
8331.0,13059.2,8956.7,13440.0,0.3737
5067.0,13319.6,5200.9,13757.1,0.3728
14801.1,33142.1,15356.2,33598.3,0.3725
16058.3,49462.4,16635.3,49919.3,0.3720
18.3,19118.9,636.9,19518.1,0.3719
9282.0,3926.0,9429.1,4160.0,0.3718
10560.0,1921.4,10927.8,2115.8,0.3713
10883.9,8321.0,11370.1,8543.2,0.3713
16356.2,58088.5,16955.5,58559.0,0.3706
12202.9,28097.2,12797.2,28480.0,0.3702
14080.1,3200.0,14645.6,3420.1,0.3700
9021.2,52077.5,9597.8,52480.0,0.3699
1012.8,4617.4,1600.0,4799.8,0.3691
8329.4,17210.7,8955.7,17600.0,0.3690
16042.3,1.3,16636.3,223.0,0.3689
10572.7,32243.9,11196.1,32640.0,0.3687
17318.3,40510.8,17916.0,40958.5,0.3687
15395.2,51450.3,15997.8,51840.0,0.3686
8656.9,54958.3,9275.6,55360.0,0.3682
16320.0,16893.7,16417.3,17279.6,0.3681
12480.0,3776.2,12619.3,4159.9,0.3678
15045.1,9603.8,15359.5,10027.5,0.3678
15041.7,11183.5,15571.9,11519.3,0.3677
12507.0,960.3,13109.3,1074.8,0.3676
15067.9,22011.8,15671.1,22400.0,0.3674
0.0,10564.5,639.5,10880.0,0.3670
13699.4,11976.3,14047.7,12479.3,0.3670
12800.4,1281.2,13429.4,1459.4,0.3666
16642.7,24644.1,16785.1,24852.4,0.3666
14947.8,8321.2,15040.0,8773.1,0.3665
17525.4,18562.5,17920.0,19014.7,0.3665
10241.8,31933.2,10876.0,32320.0,0.3664
12813.3,37057.5,13438.1,37440.0,0.3663
6059.1,3840.0,6400.0,4219.8,0.3657
12294.6,9998.4,12557.3,10235.6,0.3656
16067.4,52665.1,16635.2,53117.1,0.3656
11244.0,55574.7,11838.0,55998.7,0.3651
15053.9,48898.0,15676.2,49280.0,0.3650
10622.9,57168.4,11195.3,57599.1,0.3649
13762.9,14356.7,13969.8,14720.0,0.3645
13200.6,28160.0,13754.8,28657.5,0.3643
16594.9,25608.6,16959.1,26003.2,0.3639
14545.2,8872.8,14719.8,9279.6,0.3638
9116.0,11445.5,9600.0,11840.0,0.3638
12166.1,30992.9,12797.2,31360.0,0.3638
14476.9,16183.2,15035.9,16640.0,0.3637
15840.9,12379.1,16309.6,12800.0,0.3637
13772.5,54958.1,14396.2,55357.8,0.3636
12167.8,32581.3,12796.2,32960.0,0.3635
6166.1,2880.1,6399.9,3400.7,0.3634
8681.1,24807.1,9277.0,25279.1,0.3633
10258.8,12723.1,10875.2,13120.0,0.3633
16864.9,1280.5,17280.0,1784.2,0.3629
4519.6,14322.0,5113.8,14720.0,0.3626
9938.5,57835.4,10556.8,58240.0,0.3623
6122.8,15289.0,6718.7,15680.0,0.3620
5530.3,3.8,5712.4,209.8,0.3620
13146.3,55907.9,13760.0,56320.0,0.3618
13832.8,48570.4,14395.6,48960.0,0.3618
7376.3,27682.3,7995.4,28157.8,0.3617
2483.4,2113.1,2880.0,2558.3,0.3616
16777.4,25921.7,16960.0,26049.3,0.3616
6352.9,17519.3,6719.8,17920.0,0.3615
7727.7,15240.3,8316.2,15677.5,0.3615
5140.3,10240.0,5758.3,10399.5,0.3614
11863.4,60407.2,12477.6,60800.0,0.3612
12495.6,10882.7,12800.0,11245.1,0.3610
10893.8,51751.1,11517.3,52160.0,0.3609
16960.0,18458.1,17596.3,18880.0,0.3609
2708.5,8712.6,2879.5,9264.1,0.3608
7729.5,4272.1,8319.7,4797.0,0.3608
16066.1,19063.9,16633.9,19520.0,0.3607
16584.9,17320.8,16960.0,17916.5,0.3606
16695.2,47275.9,17276.9,47680.0,0.3605
14728.5,46987.1,15357.3,47360.0,0.3604
12803.4,8813.7,13435.2,9279.9,0.3602
14554.4,683.4,14720.0,1267.3,0.3602
5864.9,15816.6,6392.0,16320.0,0.3602
14417.2,36710.5,15036.8,37120.0,0.3601
9291.2,48218.7,9915.4,48636.6,0.3599
15053.2,56575.2,15675.8,56960.0,0.3599
10243.1,16265.4,10877.8,16640.0,0.3598
5135.2,10432.9,5760.0,10867.4,0.3597
3416.7,11554.2,3519.9,11838.9,0.3596
12485.2,58492.7,13117.0,58880.0,0.3595
3009.6,9601.6,3199.6,10009.7,0.3593
13457.1,57841.3,14075.5,58237.3,0.3593
12831.4,4489.6,13438.4,5014.5,0.3590
17281.2,8648.5,17716.5,8924.9,0.3589
16001.8,8667.6,16351.8,8960.0,0.3589
17280.0,9600.0,17449.3,10016.4,0.3586
14780.3,52058.7,15356.2,52479.1,0.3585
779.3,7594.3,1280.0,8000.0,0.3582
6469.6,2771.3,6720.0,3200.0,0.3580
13478.0,9069.7,13579.5,9592.5,0.3577
1429.4,3202.4,1599.4,3484.5,0.3576
13451.7,58152.4,14075.8,58560.0,0.3575
16969.6,38335.7,17595.5,38720.0,0.3574
17947.0,19615.1,18175.6,19840.0,0.3574
15422.2,35758.1,15997.0,36160.0,0.3574
14723.3,8266.3,14903.8,8639.7,0.3571
15829.9,15813.5,15983.6,16320.0,0.3569
10654.3,50155.1,11195.6,50558.5,0.3568
2063.6,10881.1,2240.0,11039.3,0.3568
10926.3,47574.1,11517.8,47999.6,0.3566
12495.0,15620.5,13115.1,16000.0,0.3566
15708.5,31552.1,16316.7,31997.4,0.3566
8970.3,2561.2,9280.0,3045.7,0.3564
12811.4,919.3,13440.0,1275.5,0.3562
13816.1,35423.3,14394.5,35838.1,0.3557
6106.8,14954.1,6716.4,15360.0,0.3557
17007.0,39521.9,17600.0,39997.0,0.3556
15052.9,39580.8,15677.5,39997.6,0.3555
7401.2,23922.9,7996.9,24320.0,0.3553
11542.2,58154.2,12157.3,58560.0,0.3553
9922.2,17819.5,10556.1,18238.6,0.3548
17314.3,60057.7,17915.7,60479.5,0.3548
10286.6,56563.4,10875.8,56960.0,0.3546
9621.4,19736.4,10236.9,20159.2,0.3545
10910.0,45376.5,11517.8,45760.0,0.3541
4554.9,5124.7,5119.6,5319.3,0.3541
15413.2,16814.3,16000.0,17276.0,0.3540
4160.0,14407.3,4564.2,15040.0,0.3537
8658.1,321.5,8885.6,431.7,0.3534
4218.8,1946.1,4800.0,2240.0,0.3533
961.2,6668.1,1599.4,7040.0,0.3529
10560.4,18184.9,11197.0,18560.0,0.3527
41.5,17527.8,636.3,17920.0,0.3523
2281.7,22650.4,2877.4,23040.0,0.3520
1317.2,9920.0,1600.0,10399.0,0.3520
11576.5,53681.5,12157.4,54080.0,0.3518
18083.8,8180.0,18176.0,8640.0,0.3518
7396.2,51446.7,7996.1,51840.0,0.3517
13476.2,50799.0,14074.9,51196.8,0.3516
8667.1,28037.8,9275.9,28477.5,0.3514
17577.2,15684.1,17896.7,15838.8,0.3513
2191.5,1605.1,2560.0,2059.1,0.3512
961.6,10244.0,1160.3,10693.0,0.3512
15895.9,14584.5,16005.5,15037.0,0.3510
17404.3,731.8,17600.0,1245.6,0.3507
16465.7,6721.9,16640.0,7119.5,0.3506
4904.6,14556.7,5440.0,15040.0,0.3505
12544.6,10444.6,12896.7,10874.2,0.3505
17019.0,39895.8,17597.3,40319.5,0.3504
8008.5,17548.7,8635.2,17920.0,0.3501
8415.5,25194.2,8955.7,25598.6,0.3500
16648.5,61056.3,17275.9,61440.0,0.3500
10882.0,30982.5,11517.8,31360.0,0.3499
664.3,4801.2,959.2,5249.5,0.3497
12833.2,51407.0,13435.6,51839.2,0.3495
9029.5,49802.5,9592.4,50240.0,0.3492
16328.7,69053.7,16956.6,69440.0,0.3485
14407.9,32903.1,15037.4,33280.0,0.3481
11840.0,59451.7,12476.4,59840.0,0.3481
4556.3,13981.1,4799.8,14400.0,0.3479
10630.8,14939.8,11195.2,15358.5,0.3479
7681.0,640.6,8135.5,809.3,0.3476
17342.7,48253.1,17916.4,48639.8,0.3474
12170.0,48877.5,12796.4,49279.5,0.3471
496.7,9921.2,638.7,10156.3,0.3466
17251.1,24321.6,17598.8,24897.1,0.3462
9378.9,8016.7,9919.1,8460.3,0.3456
16320.2,25301.6,16519.8,25527.7,0.3446
15776.3,25779.0,16314.0,26240.0,0.3446
13823.1,23691.3,14399.3,24000.0,0.3441
16065.5,38921.4,16636.4,39360.0,0.3441
10888.6,14947.2,11515.5,15359.8,0.3440
23.4,20111.4,639.0,20480.0,0.3440
11552.7,6101.9,12159.0,6400.0,0.3438
15051.4,29059.6,15677.2,29440.0,0.3436
17280.0,17534.4,17417.4,17918.7,0.3435
16327.9,35455.2,16958.5,35840.0,0.3433
6720.5,1949.6,7097.1,2560.0,0.3429
13931.4,9843.5,14015.0,10226.5,0.3424
16640.0,6415.4,16781.5,7022.7,0.3424
6785.1,16233.0,7356.3,16640.0,0.3423
14121.7,28709.0,14714.8,29118.3,0.3422
12163.7,5483.0,12605.1,5760.0,0.3422
16155.1,15680.0,16320.0,16311.6,0.3422
14764.8,39226.7,15357.0,39677.5,0.3417
14854.1,8000.0,15039.3,8436.8,0.3415
15734.1,39597.9,16316.6,40000.0,0.3412
8970.5,15245.1,9596.4,15675.6,0.3412
14435.4,22641.8,15035.9,23040.0,0.3405
14588.5,1485.2,15040.0,1600.0,0.3405
5895.1,2380.5,6079.9,2875.2,0.3403
10254.8,2598.4,10880.0,2880.0,0.3403
7736.9,13034.1,8315.0,13440.0,0.3403
10627.0,33166.1,11195.3,33598.6,0.3402
17696.3,15360.2,17918.8,15592.0,0.3400
11556.4,7047.9,12160.0,7414.4,0.3399
9027.9,17527.7,9595.3,17920.0,0.3399
12375.4,6082.3,12479.5,6276.4,0.3398
14757.1,48542.1,15356.1,48956.7,0.3398
4520.7,4161.9,4799.3,4716.6,0.3397
2880.0,11520.0,3014.1,12035.9,0.3397
642.9,8933.2,949.6,9279.4,0.3396
16860.0,7685.0,16960.0,7985.8,0.3391
10563.2,17236.8,11196.2,17600.0,0.3390
15054.6,8983.4,15679.8,9353.8,0.3390
3825.1,1385.5,4159.6,1747.3,0.3389
6490.5,11025.3,6720.0,11197.7,0.3388
15051.4,15886.8,15680.0,16320.0,0.3384
11253.4,14965.1,11834.3,15360.0,0.3383
16000.3,25280.8,16104.4,25395.3,0.3382
14728.4,58494.7,15357.3,58880.0,0.3382
8386.4,46001.3,8955.4,46400.0,0.3382
15979.9,8006.5,16320.0,8507.8,0.3380
12066.3,22080.0,12480.0,22559.2,0.3375
10006.7,31883.3,10551.2,32318.5,0.3373
955.0,2242.6,1280.0,2751.9,0.3372
6080.0,28415.6,6716.9,28800.0,0.3372
10242.4,5539.7,10877.4,5760.0,0.3372
16669.7,52368.1,17276.4,52798.0,0.3371
3665.1,3106.0,4160.0,3520.0,0.3370
1753.5,9497.1,1920.0,9915.6,0.3368
6415.5,16581.3,7037.2,16960.0,0.3367
15058.6,59089.7,15676.6,59518.1,0.3367
10221.2,2966.3,10560.0,3520.0,0.3364
16761.3,25134.7,16954.9,25598.1,0.3361
12815.0,16248.3,13436.0,16640.0,0.3360
9983.3,24493.8,10552.8,24958.3,0.3360
5498.3,15554.4,5755.6,15995.0,0.3360
4358.6,3972.1,4795.4,4477.0,0.3359
16972.5,32907.3,17597.2,33280.0,0.3356
14417.4,60110.3,15036.7,60480.0,0.3355
12400.7,6480.3,12791.6,6713.1,0.3353
13120.0,6088.2,13760.0,6398.9,0.3351
9616.9,13675.1,10236.7,14080.0,0.3348
16320.0,3998.0,16954.0,4476.8,0.3348
10626.7,27047.6,11195.6,27518.4,0.3346
15881.8,17287.7,15999.9,17551.5,0.3345
6758.4,26169.4,7357.9,26560.0,0.3341
8963.4,47578.3,9596.1,48000.0,0.3341
13131.2,50163.2,13757.0,50560.0,0.3340
3291.6,2732.5,3838.3,3193.1,0.3340
17599.7,35761.5,18172.8,36160.0,0.3339
9325.6,28027.8,9916.3,28477.8,0.3333
4849.8,5009.8,5436.7,5434.2,0.3332
2719.5,2423.8,3197.8,2876.4,0.3328
8003.9,14648.8,8633.5,15040.0,0.3325
2560.0,11434.4,2974.9,11840.0,0.3324
14784.6,47954.7,15358.1,48320.0,0.3323
14426.7,7853.4,15038.2,8320.0,0.3322
9008.6,52340.3,9593.8,52797.2,0.3321
12823.5,11525.5,13119.6,11889.7,0.3320
16038.4,48255.4,16638.6,48640.0,0.3319
16109.2,6731.7,16319.0,7141.1,0.3317
12815.9,12800.0,13437.8,13347.9,0.3316
12801.4,53369.2,13435.6,53760.0,0.3316
13464.1,54319.4,14074.7,54720.0,0.3311
10572.3,18816.2,11196.7,19200.0,0.3309
5531.2,15107.7,6075.0,15680.0,0.3307
5120.0,4836.1,5758.0,5120.0,0.3307
11830.5,10240.0,12159.5,10791.3,0.3306
15563.7,16656.1,15680.0,16960.0,0.3304
12157.1,2880.0,12480.0,3513.6,0.3303
14088.3,47938.2,14715.7,48320.0,0.3300
14091.6,46971.7,14715.1,47360.0,0.3300
7072.2,14332.6,7676.1,14720.0,0.3299
15391.8,28646.3,15994.4,29117.8,0.3298
13147.0,59365.8,13757.7,59838.1,0.3297
16685.8,57175.4,17276.5,57598.9,0.3297
10569.2,28092.9,11195.3,28480.0,0.3296
17554.5,40887.7,18171.8,41280.0,0.3295
3203.6,13103.6,3598.2,13439.5,0.3294
15705.2,25513.7,16320.0,25920.0,0.3294
2501.5,9115.1,2878.4,9600.0,0.3293
15686.7,41216.9,16316.5,41600.0,0.3293
5867.9,2695.6,6080.0,3195.9,0.3291
5194.1,1052.9,5440.0,1600.0,0.3291
13177.9,640.0,13760.0,849.0,0.3289
15361.2,7681.4,15463.9,7780.2,0.3288
11266.3,16574.8,11834.2,16957.2,0.3285
17394.6,11840.4,17568.1,11970.5,0.3283
10961.4,26739.6,11512.4,27199.0,0.3283
16333.1,33225.5,16957.6,33600.0,0.3281
13124.5,4485.9,13524.0,4910.1,0.3281
17688.0,19843.3,18176.0,20316.9,0.3281
3008.1,2884.9,3199.3,3238.4,0.3280
2688.3,11202.2,3190.8,11372.5,0.3279
7466.7,320.6,7588.8,404.3,0.3279
4625.5,1170.0,4800.0,1280.0,0.3276
7237.9,4329.2,7360.0,4800.0,0.3276
17599.8,20305.8,18175.8,20794.4,0.3275
9347.4,54314.0,9916.3,54720.0,0.3274
10065.0,5720.1,10239.4,6074.9,0.3273
9976.9,11765.2,10554.2,12160.0,0.3271
9284.7,46979.9,9915.8,47360.0,0.3271
4229.3,13045.2,4480.0,13440.0,0.3271
5008.4,15361.8,5119.6,15561.1,0.3271
14930.6,3726.1,15359.6,4042.9,0.3267
7768.7,18575.0,7999.3,19068.4,0.3266
16045.3,50162.0,16636.0,50560.0,0.3266
14315.9,9616.9,14400.0,10056.5,0.3265
13768.6,24002.1,14398.2,24319.6,0.3265
14586.0,9604.9,14719.1,9830.2,0.3264
7400.2,26470.6,7995.4,26878.8,0.3264
6748.4,3405.3,7358.6,3724.8,0.3264
3925.2,1770.0,4445.7,2139.8,0.3261
16641.2,3084.9,16894.3,3520.0,0.3258
2409.6,4480.5,2877.8,4749.1,0.3255
12277.2,47865.8,12794.8,48316.6,0.3254
9943.7,13034.2,10556.9,13440.0,0.3253
16394.9,41122.2,16956.2,41597.3,0.3250
7041.4,2577.0,7264.4,3037.3,0.3250
5120.4,10480.8,5303.2,10878.2,0.3249
4191.3,3213.8,4480.0,3827.1,0.3248
8517.5,6081.5,8639.2,6336.8,0.3246
8001.7,4162.4,8116.9,4338.4,0.3243
16329.6,68706.3,16955.6,69118.4,0.3242
17281.3,13440.0,17511.2,13608.8,0.3240
14720.0,3975.9,15355.6,4476.6,0.3239
374.3,16855.0,955.5,17278.0,0.3238
11224.0,25802.9,11834.7,26237.6,0.3236
16047.5,56876.2,16639.0,57280.0,0.3234
8968.6,49195.1,9596.9,49600.0,0.3231
17020.5,38967.4,17596.4,39360.0,0.3230
6990.5,5121.7,7360.0,5666.0,0.3229
17592.8,37322.7,18171.9,37759.3,0.3227
680.9,19740.6,1276.5,20157.9,0.3227
13452.3,250.5,14077.5,640.0,0.3226
6721.7,335.8,6838.4,546.4,0.3224
3881.4,2154.8,4473.8,2560.0,0.3224
7406.6,3446.9,7997.5,3840.0,0.3223
1138.5,5.7,1279.8,223.0,0.3223
13453.6,46985.7,14076.9,47360.0,0.3222
4807.3,10243.3,5437.1,10506.0,0.3219
9653.9,24567.7,10235.1,24960.0,0.3218
11205.8,50424.7,11835.7,50878.0,0.3218
15375.6,37662.0,15995.9,38077.3,0.3216
16960.0,17336.9,17420.5,17920.0,0.3216
1628.6,10570.1,2239.0,11087.0,0.3215
17564.1,68049.6,18171.9,68477.6,0.3211
13557.8,28981.6,14076.7,29440.0,0.3210
15404.8,6608.0,15999.9,7030.9,0.3209
14776.5,44725.7,15353.8,45120.0,0.3209
16655.5,36082.5,17277.1,36480.0,0.3208
7709.6,509.1,8317.5,960.0,0.3207
2854.0,1836.2,3199.1,2233.9,0.3207
16757.4,16643.6,16960.0,16840.8,0.3206
2047.7,8187.2,2555.7,8639.8,0.3205
7786.3,19099.2,8320.0,19519.3,0.3204
13442.2,5091.1,13552.3,5436.0,0.3203
16960.0,5120.0,17473.5,5370.5,0.3199
3619.9,4480.0,3840.0,4993.1,0.3198
8968.1,28079.7,9597.0,28480.0,0.3196
9291.2,2566.3,9918.7,2971.1,0.3196
4728.0,4166.0,5120.0,4661.0,0.3194
9634.8,18478.6,10235.1,18880.0,0.3194
12230.9,25478.2,12794.7,25918.0,0.3194
17335.1,16960.0,17920.0,17383.5,0.3193
15680.0,3880.7,16319.9,4160.0,0.3191
8328.6,48883.6,8956.4,49280.0,0.3188
16001.7,2717.2,16620.7,3053.4,0.3186
8353.6,15929.7,8958.2,16320.0,0.3185
8535.0,3575.4,8960.0,4152.5,0.3184
12181.0,11522.2,12479.4,11975.6,0.3182
3202.1,7089.8,3840.0,7360.0,0.3182
14451.8,30611.2,15035.6,31037.8,0.3180
5547.3,1035.8,6069.6,1600.0,0.3180
9280.0,0.0,9621.0,285.5,0.3177
2285.9,21691.8,2875.2,22080.0,0.3177
10567.8,20733.4,11197.7,21120.0,0.3176
16681.1,32257.8,17277.0,32640.0,0.3176
6437.0,10056.9,7037.5,10238.5,0.3175
16172.0,6871.5,16320.0,7348.9,0.3175
13134.3,21056.1,13755.5,21440.0,0.3175
13177.2,23040.5,13440.0,23291.5,0.3173
9970.6,20081.8,10556.4,20480.0,0.3172
1102.9,2564.0,1596.8,3016.5,0.3170
17547.8,61040.0,18173.2,61440.0,0.3169
16839.4,26091.2,17278.7,26557.6,0.3169
2619.8,9302.5,2879.8,9782.6,0.3163
16353.1,32225.2,16955.9,32640.0,0.3161
16369.5,54279.4,16955.1,54716.8,0.3158
11200.0,975.0,11823.3,1507.0,0.3157
8000.0,5765.0,8636.3,6112.8,0.3157
16374.4,54945.2,16957.7,55360.0,0.3156
16382.1,53351.6,16956.7,53760.0,0.3154
11200.0,55285.8,11837.0,55680.0,0.3153
2240.0,1.3,2655.2,270.8,0.3153
687.8,10031.4,960.0,10559.7,0.3152
14745.3,56510.8,15356.8,56957.5,0.3151
10892.8,19777.2,11516.5,20160.0,0.3149
5125.6,14925.3,5595.2,15359.5,0.3148
15402.5,29351.9,15996.9,29758.5,0.3147
7680.0,1744.5,7880.2,2232.5,0.3146
7732.9,23258.1,8315.1,23677.8,0.3146
14510.2,15040.0,14718.5,15363.4,0.3144
16649.1,8969.5,17277.9,9404.9,0.3144
17549.9,42471.8,18168.2,42880.0,0.3142
17293.3,1086.4,17732.9,1600.0,0.3141
14424.8,54634.3,15037.1,55040.0,0.3141
13789.0,46327.8,14395.7,46720.0,0.3139
3005.1,10968.6,3199.3,11520.0,0.3139
14098.4,57856.3,14716.5,58240.0,0.3137
9929.5,2560.0,10559.8,2764.9,0.3136
11998.6,2619.8,12480.0,3200.0,0.3133
14787.2,54635.7,15356.9,55038.5,0.3133
0.0,1601.3,398.6,1742.9,0.3133
9600.3,2880.0,10239.6,3112.9,0.3130
11840.0,22702.6,12476.2,23040.0,0.3129
15755.4,37031.6,16316.0,37438.0,0.3127
2961.4,10560.0,3199.9,11195.3,0.3127
16961.2,5441.3,17174.5,5537.1,0.3126
14411.1,27128.7,15036.3,27520.0,0.3126
14400.9,640.5,14677.5,821.2,0.3125
14536.9,7048.4,14719.8,7578.8,0.3123
14274.1,8352.0,14400.0,8954.2,0.3123
2243.7,6039.1,2880.0,6400.0,0.3116
17536.0,21658.7,18155.5,22079.2,0.3116
14133.4,22271.8,14715.1,22717.2,0.3114
3219.4,10093.8,3840.0,10557.5,0.3112
13792.7,58150.0,14395.9,58560.0,0.3109
16150.1,4803.1,16640.0,5327.2,0.3108
9929.3,2728.3,10558.8,3171.7,0.3107
13821.6,47900.3,14395.3,48319.3,0.3104
7395.1,19200.3,7998.4,19821.2,0.3104
13799.6,47264.3,14395.3,47676.9,0.3102
16395.9,36384.7,16955.6,36798.7,0.3101
11569.5,2922.5,11840.0,3518.4,0.3099
13494.8,12436.9,14078.0,12800.0,0.3099
9942.2,51766.1,10555.8,52155.7,0.3098
3931.8,12807.5,4158.7,13192.7,0.3092
14958.9,3523.2,15038.8,3963.8,0.3091
2326.8,5447.9,2873.4,5885.3,0.3088
10259.5,4064.1,10876.0,4480.0,0.3087
16054.9,40227.5,16637.1,40640.0,0.3086
4548.9,4835.5,5118.6,5314.1,0.3085
16358.5,34465.9,16955.8,34879.7,0.3082
14780.2,13761.5,15218.9,13871.3,0.3081
14322.6,2560.0,14720.0,2994.2,0.3081
1586.4,9659.2,1920.0,9919.4,0.3079
17577.7,326.0,18175.4,809.2,0.3078
5151.9,2881.4,5439.7,3511.3,0.3077
12804.7,36076.4,13436.9,36480.0,0.3075
1921.1,3435.3,2550.3,3840.0,0.3074
14728.4,4699.9,15357.7,5120.0,0.3073
5488.2,8533.0,6074.5,8958.4,0.3071
11678.4,2207.7,11839.7,2558.6,0.3070
3163.8,4480.9,3520.0,4678.3,0.3063
15437.3,24643.5,15680.0,24842.2,0.3060
14458.9,28393.4,15036.1,28800.0,0.3059
9289.4,26806.3,9915.9,27200.0,0.3058
9307.7,55903.1,9917.2,56320.0,0.3056
14144.0,57142.4,14716.8,57597.5,0.3055
17936.0,17920.0,18176.0,18495.0,0.3052
15377.6,14174.9,15680.0,14720.0,0.3051
14462.3,48850.5,15036.8,49278.9,0.3050
7448.3,18881.7,7678.2,19168.8,0.3048
10331.9,21440.4,10559.5,21590.6,0.3047
8960.8,6409.3,9445.3,6747.3,0.3047
9779.1,6311.9,9919.0,6400.0,0.3043
16322.9,25602.0,16674.3,26072.3,0.3042
15698.8,23297.3,16317.7,23680.0,0.3041
10256.5,15879.1,10875.7,16317.2,0.3039
17821.6,16466.0,17916.4,16583.3,0.3039
12164.8,58802.7,12797.1,59200.0,0.3038
15747.8,24966.6,16314.5,25416.5,0.3035
17406.2,768.8,17600.0,960.0,0.3034
14762.0,68077.8,15355.8,68480.0,0.3033
6489.2,3526.9,6720.0,3890.2,0.3032
960.0,3206.8,1059.7,3822.6,0.3032
9624.9,28719.7,10234.5,29117.0,0.3030
14176.9,23521.7,14713.2,24000.0,0.3028
3430.6,1050.7,3520.0,1135.2,0.3025
11993.2,7047.3,12478.5,7525.0,0.3024
10588.8,31933.7,11196.7,32320.0,0.3022
11547.2,18514.1,12156.0,18880.0,0.3020
11545.6,47574.5,12155.7,47998.6,0.3020
6736.7,28091.1,7357.1,28480.0,0.3016
6749.1,3853.8,7036.4,4471.5,0.3014
11923.0,10347.1,12477.6,10877.0,0.3013
16979.3,36437.1,17596.6,36800.0,0.3012
16215.6,16028.6,16320.0,16637.9,0.3008
9046.2,4370.4,9595.6,4800.0,0.3003
12172.5,50805.5,12798.5,51198.3,0.3002
15680.7,4504.4,16024.8,4777.5,0.3002
10294.3,48887.4,10876.4,49280.0,0.3001
1049.2,3979.5,1278.8,4160.0,0.3001
8362.0,14613.1,8953.2,15037.5,0.3001
13129.4,51448.1,13756.6,51840.0,0.2999
14439.4,56581.9,15032.8,56960.0,0.2995
13179.2,6403.2,13440.0,6692.3,0.2995
17998.4,2240.3,18175.5,2371.9,0.2994
8962.6,27784.8,9597.6,28160.0,0.2994
664.1,7041.7,1250.7,7140.7,0.2992
12204.4,28430.4,12796.3,28800.0,0.2990
11346.1,51978.4,11840.0,52476.5,0.2988
8972.1,26170.0,9595.8,26560.0,0.2985
9924.8,57205.2,10559.2,57600.0,0.2984
2618.5,10690.9,3185.1,11200.0,0.2979
10638.6,26750.2,11194.5,27199.4,0.2976
14084.6,34491.8,14715.7,34880.0,0.2975
2249.0,3166.3,2880.0,3520.0,0.2975
8646.0,13362.7,9276.1,13760.0,0.2974
11529.2,35109.0,12155.9,35520.0,0.2973
16409.3,15225.4,16639.9,15676.6,0.2973
17508.9,17213.5,17600.0,17600.0,0.2971
16025.8,53981.7,16636.7,54399.4,0.2971
14421.0,45668.1,15037.0,46080.0,0.2971
8658.3,12127.3,9278.1,12480.0,0.2967
4452.3,12440.2,4800.0,12799.2,0.2966
9927.2,15960.7,10558.8,16320.0,0.2966
14864.6,4801.6,15359.9,4984.5,0.2963
5388.9,14106.4,5760.0,14720.0,0.2963
11037.8,51389.8,11520.0,51840.0,0.2962
12206.8,35409.7,12795.1,35838.3,0.2962
16394.5,8156.9,16957.9,8638.2,0.2961
9616.4,17213.8,10235.3,17600.0,0.2960
14729.4,12998.8,15360.0,13431.8,0.2959
17746.2,3931.4,17884.7,4267.2,0.2957
17292.3,56892.3,17914.5,57280.0,0.2956
6402.2,1743.2,6717.0,1918.2,0.2955
11223.4,20401.2,11837.9,20800.0,0.2954
230.5,5765.1,635.3,6109.9,0.2952
16995.2,55239.0,17597.7,55678.3,0.2948
12287.7,3843.2,12480.0,4128.6,0.2947
17296.5,34492.5,17917.8,34880.0,0.2947
1473.5,2410.2,1600.0,2558.3,0.2946
10561.3,1600.7,10830.0,1784.3,0.2945
16330.7,59430.0,16960.0,59840.0,0.2943
6723.5,18517.8,7357.2,18880.0,0.2941
1810.7,281.6,1920.0,640.0,0.2939
17350.0,67066.2,17914.8,67520.0,0.2936
16039.4,56179.5,16636.6,56637.7,0.2936
5604.3,1926.6,5760.0,2391.9,0.2935
13793.4,59744.3,14396.9,60157.5,0.2934
12172.1,5839.8,12798.1,5984.2,0.2933
5905.5,16548.1,6400.0,16960.0,0.2928
9678.4,58188.0,10236.9,58560.0,0.2927
16021.7,38641.9,16637.9,39040.0,0.2924
7048.7,2562.6,7408.7,2672.9,0.2920
13221.0,11927.4,13759.5,12478.7,0.2918
10242.5,3840.7,10677.1,4029.6,0.2913
528.6,3885.8,639.0,4159.6,0.2913
12801.8,9155.1,13160.0,9279.5,0.2912
12561.9,4171.6,12799.3,4693.6,0.2909
14445.7,60657.2,15035.4,61118.4,0.2908
17822.2,27002.6,17919.6,27466.6,0.2907
15402.7,68745.2,15996.3,69120.0,0.2907
13130.1,59134.9,13759.2,59520.0,0.2906
17320.8,68036.5,17915.2,68477.9,0.2905
12490.4,18809.1,13115.5,19200.0,0.2905
2304.3,7735.9,2559.4,7998.8,0.2902
15702.3,53998.8,16316.4,54400.0,0.2899
16322.1,14720.0,16644.5,15011.1,0.2898
3316.2,10431.7,3836.9,10880.0,0.2898
17386.1,7057.2,17918.6,7680.0,0.2896
13151.8,59766.3,13757.5,60160.0,0.2896
12810.1,50475.8,13436.7,50880.0,0.2895
17036.5,54931.9,17594.9,55359.4,0.2895
15376.6,58447.5,15994.6,58877.5,0.2890
10924.1,30279.4,11514.7,30719.0,0.2889
6400.0,5157.3,7028.6,5440.0,0.2888
11434.1,8692.1,11745.8,9103.5,0.2887
12215.4,8637.2,12480.0,8960.0,0.2886
13120.7,52721.1,13757.5,53120.0,0.2885
14776.4,57789.6,15356.7,58240.0,0.2882
16378.8,25282.9,16639.7,25522.7,0.2880
9610.0,56569.6,10236.6,56960.0,0.2880
8396.1,14982.8,8957.9,15360.0,0.2880
14107.0,56562.5,14717.3,56960.0,0.2878
15602.2,12310.6,15679.7,12790.3,0.2876
8122.4,51520.0,8636.2,52023.3,0.2874
7681.6,2995.5,8320.0,3306.2,0.2871
5644.1,1286.0,6075.5,1703.3,0.2870
10596.6,13038.2,11197.2,13440.0,0.2870
12490.3,34477.7,13116.2,34880.0,0.2869
10579.4,12408.9,11195.9,12800.0,0.2867
15044.8,47605.4,15677.7,48000.0,0.2866
11860.7,56814.5,12477.9,57277.2,0.2864
7210.3,4268.7,7678.7,4480.0,0.2864
8642.7,6742.7,9279.7,7033.4,0.2863
11210.4,20094.6,11837.3,20480.0,0.2862
16702.4,59092.2,17276.1,59517.9,0.2862
1975.0,8003.1,2240.0,8230.9,0.2861
15041.3,4800.0,15455.9,4957.7,0.2861
3575.4,3522.5,3839.4,4147.1,0.2860
16000.0,12480.0,16636.2,12889.2,0.2860
15325.1,5137.0,15677.9,5368.9,0.2859
15070.7,14300.9,15674.8,14720.0,0.2858
11521.1,50162.2,12157.9,50560.0,0.2855
15295.5,24320.0,15680.0,24801.1,0.2854
14738.0,8474.3,15359.2,8948.9,0.2852
1202.5,3477.0,1600.0,3801.7,0.2852
2629.4,10241.3,2747.8,10325.1,0.2851
12817.3,23331.4,13436.8,23680.0,0.2851
10010.8,7685.5,10557.2,8130.7,0.2851
14341.9,23680.5,14720.0,24145.3,0.2849
13763.0,2986.6,14398.9,3412.4,0.2846
4372.6,11937.0,4480.0,12343.4,0.2846
10619.0,48180.6,11195.2,48634.5,0.2844
16482.3,16322.4,16638.3,16550.5,0.2844
15912.0,13765.4,16000.0,14251.3,0.2841
14434.4,19130.8,15035.5,19520.0,0.2840
7065.0,2242.8,7679.9,2557.6,0.2839
15085.9,4480.9,15440.0,4557.4,0.2838
15598.3,3528.5,15679.5,3851.1,0.2838
17650.8,26560.8,17920.0,26763.4,0.2837
13994.0,8640.9,14400.0,9120.5,0.2837
11265.8,3255.8,11831.6,3520.0,0.2837
15255.8,11946.3,15359.9,12477.2,0.2834
14129.5,38301.1,14714.7,38719.1,0.2833
10250.1,55917.4,10878.0,56320.0,0.2829
16358.9,18151.8,16640.0,18559.5,0.2828
3054.8,10414.7,3200.0,10876.9,0.2828
3895.1,250.3,4480.0,640.0,0.2827
14724.0,15850.8,15050.7,16305.7,0.2824
8976.3,30637.4,9595.7,31040.0,0.2824
13440.0,6409.4,13576.3,6720.0,0.2824
1042.4,9693.6,1279.6,9919.0,0.2820
16001.2,6447.0,16378.0,6770.6,0.2820
5843.9,537.4,6395.2,960.0,0.2820
10923.8,21450.4,11200.0,21736.0,0.2815
4721.2,11522.4,4799.8,11637.3,0.2814
16788.4,18880.0,17280.0,19414.5,0.2813
8024.8,13364.3,8637.7,13758.1,0.2809
3517.8,4269.8,3840.0,4795.0,0.2808
15044.7,58499.3,15676.3,58880.0,0.2805
17733.3,10421.0,17919.2,10867.8,0.2802
8018.5,13988.2,8636.6,14400.0,0.2801
7367.5,3694.2,7999.3,4157.7,0.2800
14755.2,44409.8,15354.4,44800.0,0.2799
10282.5,25795.3,10875.2,26236.2,0.2796
18016.8,20701.6,18175.9,21120.0,0.2796
9286.7,16560.5,9916.2,16960.0,0.2794
9628.2,28065.4,10237.9,28480.0,0.2791
16320.2,17118.0,16517.6,17594.9,0.2791
17550.7,59740.1,18173.6,60155.9,0.2791
9611.9,11132.6,10234.1,11520.0,0.2790
16647.4,36413.8,17276.5,36800.0,0.2790
17436.2,23782.2,17920.0,24233.5,0.2789
8448.1,1.0,8934.8,353.2,0.2787
14406.4,58471.4,15038.3,58880.0,0.2784
14080.0,3840.7,14404.4,4006.3,0.2784
16675.1,30968.2,17277.2,31360.0,0.2784
16991.3,1182.9,17591.9,1600.0,0.2783
15770.4,58016.5,16315.7,58461.8,0.2782
1651.9,10880.4,1920.0,11079.2,0.2782
12915.5,8489.3,13437.7,8958.7,0.2781
17728.0,1273.2,17919.2,1592.5,0.2781
14788.3,51709.0,15355.9,52158.3,0.2781
4478.8,10240.0,4755.6,10275.2,0.2781
12160.4,49534.0,12795.5,49920.0,0.2780
14142.5,53657.1,14716.4,54079.5,0.2779
4673.1,211.8,4799.5,629.3,0.2778
16078.8,19304.7,16638.9,19840.0,0.2778
11927.0,11645.7,12474.7,12160.0,0.2776
11659.7,51963.4,12160.0,52478.0,0.2774
11254.6,10578.4,11834.9,11110.5,0.2774
8032.7,18765.4,8636.2,19199.3,0.2773
10901.4,50146.6,11517.3,50560.0,0.2772
16712.0,53030.2,17275.2,53439.2,0.2771
16486.5,11525.6,16640.0,11687.6,0.2771
16392.0,56206.2,16953.4,56636.7,0.2765
16715.4,16379.5,16960.0,16636.9,0.2765
15362.8,10992.4,15550.8,11520.0,0.2764
9282.3,320.2,9904.9,464.8,0.2763
13181.2,46014.9,13757.3,46400.0,0.2762
4480.0,13970.9,4597.5,14400.0,0.2761
15041.5,60711.8,15676.8,61120.0,0.2759
11864.2,53300.1,12474.9,53758.6,0.2755
14411.0,20744.2,15037.3,21120.0,0.2753
7063.3,14001.4,7678.2,14400.0,0.2750
699.9,14921.2,1273.6,15359.6,0.2749
15175.8,14943.9,15660.4,15358.2,0.2747
17864.7,8320.6,18176.0,8799.8,0.2746
14758.1,31285.1,15355.4,31680.0,0.2744
829.3,5764.3,1272.5,6243.5,0.2744
17282.0,1190.6,17440.9,1599.1,0.2744
17002.0,34809.0,17597.7,35200.0,0.2741
17547.6,69504.4,18173.1,69888.0,0.2740
12497.1,52724.1,13116.1,53120.0,0.2739
14013.8,5329.2,14397.8,5760.0,0.2739
11204.0,1282.1,11835.0,1456.7,0.2738
9294.5,54989.2,9916.7,55360.0,0.2736
17280.0,5409.0,17565.2,5760.0,0.2736
11217.9,29967.3,11834.6,30399.0,0.2735
17317.7,5156.6,17918.7,5440.0,0.2732
15692.1,8006.4,16320.0,8318.1,0.2732
8968.3,14961.9,9595.3,15360.0,0.2731
8681.8,51770.4,9276.0,52160.0,0.2730
4127.0,2880.0,4480.0,3399.3,0.2729
1355.6,6400.8,1920.0,6719.5,0.2727
15050.6,60096.2,15676.7,60480.0,0.2725
15040.0,320.0,15424.5,488.1,0.2725
3125.6,11256.1,3192.4,11840.0,0.2725
15079.1,34460.1,15676.8,34877.9,0.2722
5862.1,16775.5,6079.3,17260.7,0.2721
12732.9,22724.4,13120.0,23033.3,0.2720
4480.6,14756.8,4681.6,15360.0,0.2720
15096.5,21359.3,15675.7,21758.1,0.2719
354.8,21024.6,957.7,21440.0,0.2718
10571.6,54988.3,11196.1,55360.0,0.2718
15424.0,48225.7,15995.6,48638.2,0.2713
14409.4,38315.8,15038.0,38717.7,0.2711
11895.9,57703.9,12473.1,58237.4,0.2711
4805.5,1995.5,5440.0,2349.0,0.2707
10881.7,5634.7,11120.2,5840.5,0.2706
9291.0,18811.3,9916.0,19200.0,0.2704
1724.8,3732.0,1920.0,3839.0,0.2703
10585.4,44409.3,11196.1,44800.0,0.2703
5457.6,4869.9,6079.8,5230.0,0.2702
6205.7,2250.6,6398.9,2683.8,0.2701
10575.7,7277.0,11197.1,7676.1,0.2701
16643.6,19465.2,17279.0,19840.0,0.2699
13857.5,9920.0,13951.2,10039.9,0.2698
14758.7,28105.5,15356.8,28480.0,0.2696
14731.1,36395.6,15355.7,36800.0,0.2695
610.3,11596.6,958.0,11838.9,0.2695
13519.4,27756.8,14075.7,28160.0,0.2693
6590.5,591.8,6718.9,835.4,0.2692
2560.0,1606.5,2685.2,1920.0,0.2692
6452.3,22575.2,7034.6,23039.5,0.2691
17431.9,1600.0,17599.3,1932.7,0.2689
15425.4,60384.5,15995.2,60796.8,0.2688
16053.7,31241.0,16637.5,31678.6,0.2687
14147.0,8827.4,14718.8,9278.1,0.2687
15165.2,15681.4,15360.0,16202.3,0.2686
14931.5,7222.2,15350.8,7673.2,0.2685
7674.2,5264.9,7999.6,5760.0,0.2684
14096.1,58461.4,14719.0,58876.7,0.2682
17950.2,8001.7,18176.0,8542.5,0.2681
14768.5,15574.3,15354.5,15996.9,0.2679
14738.5,37018.7,15355.0,37440.0,0.2678
13221.0,11572.3,13758.0,11970.6,0.2678
14786.1,29967.6,15354.6,30399.7,0.2675
17365.0,1398.8,17917.3,1918.1,0.2675
16991.8,33820.8,17598.4,34240.0,0.2673
3293.1,7247.7,3834.4,7680.0,0.2673
17556.6,59481.5,18174.2,59840.0,0.2672
11609.0,10444.2,12160.0,10880.0,0.2667
11868.3,19044.9,12476.7,19517.7,0.2666
16006.8,3200.0,16638.9,3361.6,0.2665
16003.1,46646.6,16636.7,47040.0,0.2663
17540.2,2798.8,17975.2,3184.5,0.2663
15712.7,60738.9,16313.0,61120.0,0.2659
346.0,1602.0,638.8,1894.8,0.2658
6111.1,22649.9,6717.6,23040.0,0.2656
14456.7,53359.9,15036.6,53760.0,0.2655
9358.7,8000.2,9465.2,8073.2,0.2654
17342.2,61020.4,17917.4,61438.3,0.2650
10571.3,46645.3,11200.0,47040.0,0.2649
5191.0,402.0,5440.0,957.3,0.2646
5502.3,14549.9,6073.0,15040.0,0.2645
11219.7,14293.6,11829.3,14716.7,0.2644
7959.7,5969.3,8320.0,6400.0,0.2644
13442.9,28632.2,13980.6,29117.7,0.2644
16059.0,41169.7,16634.4,41599.2,0.2641
16680.1,54934.4,17276.5,55357.0,0.2640
17536.0,51840.0,18173.2,52319.5,0.2638
12800.0,3520.5,13438.8,3662.5,0.2637
12160.0,5524.8,12313.0,5768.4,0.2637
8330.2,2651.0,8640.0,2878.6,0.2637
9614.8,31610.8,10235.9,32000.0,0.2636
15812.3,3302.9,15999.8,3829.1,0.2635
6219.0,727.2,6399.6,996.8,0.2631
2654.7,9565.6,3195.4,9920.0,0.2625
18020.3,13121.2,18175.1,13408.7,0.2622
10617.0,12032.4,11192.8,12477.7,0.2621
2.5,9598.9,448.5,9917.2,0.2621
9935.0,18776.2,10554.2,19196.8,0.2616
14769.9,54266.2,15356.1,54718.1,0.2615
14595.0,3841.1,14692.4,3943.6,0.2614
1605.4,10160.2,2091.6,10560.0,0.2614
5804.8,5982.6,6397.9,6400.0,0.2614
1362.7,1096.3,1600.0,1279.1,0.2612
320.0,5576.1,470.3,5760.0,0.2612
15041.6,7704.2,15196.5,7871.7,0.2612
8468.0,6031.2,8959.2,6303.0,0.2609
8698.2,49145.4,9275.0,49596.7,0.2608
14405.4,37048.1,15038.2,37440.0,0.2608
9607.3,28397.0,10238.1,28800.0,0.2607
1600.0,6401.1,2240.0,6720.0,0.2607
17282.0,32553.4,17916.4,32960.0,0.2604
7757.4,18458.9,8316.9,18879.5,0.2602
13867.0,13954.4,14392.9,14400.0,0.2602
364.9,4177.5,959.3,4710.3,0.2602
17582.8,5449.4,18174.4,6063.6,0.2602
9994.3,19120.9,10555.2,19520.0,0.2602
640.0,5947.1,1275.2,6400.0,0.2602
4675.1,5020.7,4800.0,5438.4,0.2602
7686.6,19472.2,8316.7,19840.0,0.2601
15368.2,61008.1,15996.6,61439.5,0.2600
12199.8,53007.5,12795.1,53439.8,0.2598
2485.6,8523.4,2878.6,8960.0,0.2597
16038.2,23279.7,16635.3,23680.0,0.2596
8640.0,2146.3,8783.8,2555.7,0.2594
8052.1,27049.8,8636.0,27517.0,0.2593
7746.8,28011.5,8314.7,28480.0,0.2593
9347.0,49449.3,9916.4,49918.7,0.2592
12512.6,55275.1,13117.4,55680.0,0.2591
7148.8,327.3,7359.8,634.2,0.2591
11846.6,49787.4,12480.0,50236.6,0.2590
9940.8,53681.3,10557.4,54080.0,0.2590
10256.2,48217.6,10877.2,48637.4,0.2589
13763.0,57501.1,14396.2,57917.0,0.2589
14104.2,58769.0,14717.2,59200.0,0.2588
6738.0,13379.4,7352.5,13759.5,0.2587
12481.8,1006.7,12706.6,1252.6,0.2584
6325.0,556.1,6399.9,745.7,0.2582
14759.5,38914.0,15357.4,39360.0,0.2580
10244.2,14973.1,10876.5,15360.0,0.2580
11845.4,48004.5,12478.2,48269.6,0.2579
15832.0,8853.7,15999.5,9276.3,0.2576
15047.0,31305.4,15677.6,31680.0,0.2576
16640.0,16865.9,16758.0,17274.5,0.2575
6735.2,24920.5,7356.5,25280.0,0.2575
11200.3,2891.7,11278.1,3030.0,0.2575
17536.0,1524.0,18172.6,1920.0,0.2571
15715.2,11525.8,15999.6,12156.7,0.2570
9932.7,15274.7,10557.9,15680.0,0.2570
11851.8,17794.1,12476.1,18236.3,0.2566
3840.0,11466.0,3968.8,11839.2,0.2564
13455.3,5770.5,14080.0,6097.1,0.2563
485.3,320.0,871.3,476.6,0.2562
7446.2,13665.5,7996.6,14080.0,0.2562
15457.6,4591.0,15680.0,4854.6,0.2561
8655.6,53084.6,9274.8,53440.0,0.2561
5573.8,10578.8,6077.6,10979.0,0.2560
16001.1,1280.0,16611.4,1701.1,0.2559
4883.4,15772.1,5434.8,16320.0,0.2559
12821.4,53699.6,13436.7,54080.0,0.2558
3890.4,23921.6,4477.6,24320.0,0.2557
16656.7,40856.9,17275.8,41278.1,0.2556
6117.6,645.0,6720.0,945.9,0.2555
13814.4,6720.0,14392.5,7163.3,0.2554
1556.8,10561.1,1920.0,11084.8,0.2550
17291.3,58137.0,17916.1,58556.7,0.2549
17344.3,44648.0,17915.6,45118.5,0.2549
8965.9,5670.3,9493.4,6078.5,0.2548
11233.2,54582.5,11836.2,55038.8,0.2547
12509.9,30009.1,13116.0,30400.0,0.2547
12214.6,20954.7,12792.2,21437.6,0.2547
15680.0,10561.8,16318.9,10788.5,0.2546
16708.3,30288.5,17274.4,30720.0,0.2543
13774.3,32904.9,14397.7,33280.0,0.2542
13767.2,12791.8,14400.0,13120.0,0.2542
11602.2,2714.0,12159.5,3197.7,0.2541
7382.8,15588.1,7996.4,16000.0,0.2541
321.6,5120.5,432.0,5299.4,0.2540
8358.4,19115.4,8954.4,19520.0,0.2539
14414.9,52104.7,15036.8,52480.0,0.2538
1736.8,4480.9,1919.1,4593.3,0.2538
15063.0,16307.2,15675.8,16640.0,0.2538
2590.8,7590.9,3194.1,8000.0,0.2537
15364.1,14400.0,15708.5,15017.2,0.2534
653.1,21371.1,1275.7,21760.0,0.2534
13519.5,68698.7,14074.3,69117.9,0.2533
14607.2,13840.4,14720.0,14079.3,0.2532
11921.8,8127.3,12477.7,8637.8,0.2531
17281.2,3696.6,17619.4,4153.1,0.2528
15860.5,4161.8,16000.0,4502.2,0.2527
17537.4,16872.4,18175.4,17280.0,0.2523
1102.3,6400.3,1595.4,6673.3,0.2522
17572.1,33844.9,18174.1,34240.0,0.2521
16066.9,57160.5,16636.5,57597.5,0.2520
12812.0,55889.1,13435.8,56315.6,0.2519
434.5,9691.3,639.7,10203.6,0.2517
13123.6,9318.6,13483.7,9600.0,0.2517
12832.9,2193.7,13438.1,2560.0,0.2514
4482.5,3088.8,5056.4,3520.0,0.2511
17538.3,975.8,17643.8,1280.0,0.2508
10281.2,5764.1,10560.0,6210.7,0.2507
8991.0,12431.5,9595.2,12800.0,0.2505
13447.7,1115.2,14078.6,1279.8,0.2504
8668.7,54664.9,9276.9,55040.0,0.2504
14135.9,19700.4,14715.2,20159.0,0.2504
17352.2,7360.0,17600.0,7836.7,0.2503
12807.1,55288.2,13437.3,55680.0,0.2503
11859.6,21355.1,12476.9,21758.3,0.2503
14183.1,2064.1,14720.0,2239.9,0.2502
8007.3,51125.2,8636.5,51520.0,0.2501
11849.0,30650.9,12476.7,31040.0,0.2501
