x1,y1,x2,y2,score
24118.2,30939.5,24634.2,31358.4,0.9661
14292.7,44395.9,14399.0,44480.0,0.9640
25488.9,30080.5,25598.2,30181.4,0.9622
25436.5,26831.1,25914.8,27199.9,0.9590
2607.7,39372.0,3197.2,39822.1,0.9576
20822.2,46604.5,21421.9,47039.2,0.9535
16907.5,24935.1,17278.7,25280.0,0.9527
23383.5,28483.7,23997.4,28824.9,0.9523
25178.7,50240.0,25358.0,50290.1,0.9520
23465.4,24570.2,23993.0,24960.0,0.9517
23484.3,46477.1,23679.3,46719.6,0.9517
15195.4,38674.9,15359.7,38720.0,0.9515
28677.0,16344.4,28785.7,16638.2,0.9514
27067.9,22329.7,27200.0,22399.5,0.9510
15154.4,37353.0,15297.7,37440.0,0.9510
16640.0,19840.0,17276.6,20285.3,0.9510
21128.0,3777.7,21439.4,4160.0,0.9508
6828.7,13922.6,7358.2,14399.6,0.9496
17765.8,2240.0,17918.7,2523.8,0.9492
17117.5,4358.7,17597.7,4794.0,0.9491
24388.2,16966.4,24953.3,17326.1,0.9490
6545.3,11085.2,7036.7,11520.0,0.9489
21897.3,48640.0,22395.2,48960.0,0.9487
22516.7,48815.6,23029.4,49280.0,0.9485
10830.4,10243.7,11200.0,10675.7,0.9484
28128.4,17170.4,28480.0,17599.9,0.9482
8179.8,33924.7,8625.2,34338.6,0.9479
18339.0,10902.0,18876.8,11319.6,0.9476
9322.9,6271.7,9917.6,6719.2,0.9472
9388.1,12353.5,9916.1,12796.5,0.9471
18141.3,12044.9,18240.0,12159.6,0.9468
18112.3,38698.5,18240.0,39038.8,0.9466
25063.1,17035.9,25598.0,17599.9,0.9466
20335.2,33063.3,20480.0,33279.3,0.9464
27280.2,10852.0,27419.6,11199.2,0.9462
23474.7,46433.1,23998.5,46720.0,0.9461
15689.7,8308.3,16318.8,8640.0,0.9456
23724.0,16535.7,24317.6,16960.0,0.9455
21459.4,34243.5,22076.5,34655.7,0.9455
25156.0,20481.3,25599.4,20800.0,0.9454
28337.6,34151.2,28480.0,34240.0,0.9454
14905.6,6364.5,15354.9,6720.0,0.9454
2170.5,3841.3,2560.0,4264.4,0.9453
26945.0,28673.1,27518.0,29120.0,0.9453
3597.6,2560.0,3840.0,2846.4,0.9452
27520.0,22720.7,27704.2,22884.6,0.9452
24382.2,13361.0,24640.0,13757.9,0.9451
13516.2,37924.4,14075.4,38394.5,0.9451
14299.9,30400.0,14399.8,30531.8,0.9450
26024.1,42246.2,26238.5,42454.0,0.9449
17649.7,20484.1,18235.7,20800.0,0.9448
25080.5,23886.6,25280.0,24320.0,0.9447
16158.1,48221.8,16636.2,48640.0,0.9442
10887.3,4160.0,11517.6,4637.8,0.9441
26444.0,27113.7,26560.0,27517.9,0.9439
1985.3,2778.9,2554.9,3200.0,0.9437
17970.8,21931.5,18555.3,22399.5,0.9437
6875.4,13005.3,7359.1,13437.8,0.9437
21588.0,33260.5,21760.0,33299.9,0.9436
26856.3,24961.3,27199.3,25076.2,0.9436
2647.2,14720.0,2877.6,14968.6,0.9434
23826.9,22334.5,24318.3,22720.0,0.9433
20177.3,15466.4,20478.3,15677.3,0.9432
19947.4,19429.4,20155.3,19838.6,0.9430
23558.8,10164.7,23999.3,10560.0,0.9427
27959.4,6661.5,28037.8,7040.0,0.9426
26331.9,49282.0,26391.6,49379.6,0.9425
759.9,10767.8,1277.2,11198.1,0.9424
25440.5,41527.0,25912.7,41918.1,0.9423
14404.8,33821.0,15040.0,34240.0,0.9423
22463.9,13062.1,23033.6,13440.0,0.9423
22424.1,44850.3,23035.6,45120.0,0.9422
23853.3,34241.7,23998.9,34446.1,0.9422
15096.6,44060.7,15210.4,44161.1,0.9421
14470.4,39894.7,15036.8,40320.0,0.9420
28349.1,49180.2,28479.9,49260.4,0.9420
155.4,5324.3,637.9,5758.7,0.9420
17282.5,2787.8,17920.0,3200.0,0.9419
27353.0,37021.6,27838.0,37436.5,0.9417
13446.3,6058.5,14080.0,6400.0,0.9417
27959.0,50933.4,28470.6,51200.0,0.9417
21165.8,3840.0,21758.3,4304.3,0.9417
20001.2,32283.5,20480.0,32640.0,0.9416
18706.1,47591.2,19195.1,48000.0,0.9416
17180.2,42225.8,17600.0,42559.9,0.9416
26241.0,24351.9,26634.6,24640.0,0.9414
17740.4,2149.1,18239.4,2559.0,0.9412
18014.8,7608.0,18558.1,8000.0,0.9412
3532.0,8963.5,4160.0,9280.0,0.9411
17671.4,7897.2,18232.5,8320.0,0.9411
27351.0,38018.2,27838.9,38400.0,0.9410
26251.9,20161.9,26877.3,20563.1,0.9409
21247.9,18502.1,21754.5,18880.0,0.9409
18885.8,16903.1,19516.6,17275.9,0.9407
25920.0,3069.7,26557.1,3517.2,0.9407
17018.4,3460.5,17597.6,3840.0,0.9406
23775.1,8192.5,24318.9,8639.5,0.9406
7738.9,31591.6,8320.0,32000.0,0.9406
9479.6,28697.9,9599.7,28800.0,0.9406
12988.5,5733.5,13120.0,6065.2,0.9405
24944.0,14727.9,25276.9,15055.0,0.9404
15538.1,40241.3,15680.0,40320.0,0.9404
20312.0,7680.7,20479.3,7853.1,0.9403
26791.9,49189.9,26857.6,49400.6,0.9401
6550.8,11843.6,7037.8,12294.5,0.9401
20010.3,37094.8,20476.5,37438.9,0.9401
16960.0,48601.2,17099.5,48640.0,0.9401
655.7,10472.0,1276.1,10879.0,0.9400
24338.5,36807.1,24453.2,37118.2,0.9399
1455.1,885.1,1916.3,1280.0,0.9398
22454.8,19121.3,23025.4,19520.0,0.9397
8395.6,32470.1,8956.3,32956.7,0.9397
18373.7,21019.0,18559.6,21436.5,0.9397
22735.5,10120.9,23356.9,10554.5,0.9395
11539.7,541.3,12157.2,958.7,0.9395
6586.1,13063.3,7037.1,13440.0,0.9395
17456.9,36087.3,17920.0,36480.0,0.9394
27310.6,10055.6,27518.6,10430.7,0.9394
17922.1,6247.8,18179.2,6715.9,0.9393
2678.9,4161.3,2878.8,4383.0,0.9392
8057.1,35523.0,8637.0,35978.0,0.9392
25105.6,22081.0,25280.0,22281.2,0.9391
28201.0,8243.5,28795.8,8639.1,0.9390
25010.9,20131.8,25598.2,20480.0,0.9390
19649.7,33484.0,20154.2,33918.6,0.9390
19602.3,44048.4,20156.2,44480.0,0.9388
28552.1,45593.3,28799.3,45760.0,0.9387
24936.2,39083.9,25048.5,39195.4,0.9387
7119.0,14924.2,7677.2,15360.0,0.9386
23370.0,9783.0,23999.3,10234.4,0.9385
14842.1,50240.7,15039.9,50434.1,0.9383
11842.5,2616.5,12480.0,2880.0,0.9383
10568.9,2470.2,11196.5,2880.0,0.9383
24229.6,24516.3,24319.9,24639.9,0.9383
26021.4,22857.5,26240.0,22978.9,0.9382
28706.2,39577.1,28799.4,39997.8,0.9382
26737.5,10987.0,26875.9,11198.7,0.9382
6249.8,2634.4,6399.9,2880.0,0.9380
24455.8,33437.8,24954.4,33916.9,0.9380
27658.6,1226.6,28160.0,1599.3,0.9379
25054.7,46390.8,25599.9,46719.8,0.9377
2702.9,14550.7,3198.9,15035.7,0.9377
16666.2,2249.8,17275.5,2562.3,0.9376
10051.2,40071.8,10184.5,40179.5,0.9375
25794.5,24850.6,26115.4,25279.7,0.9374
27642.3,32730.8,27836.3,32958.4,0.9373
23521.1,17849.1,23999.3,18239.7,0.9372
14563.7,40479.3,15036.8,40960.0,0.9372
5540.0,5336.7,6078.7,5760.0,0.9372
20160.0,19880.6,20295.0,20160.0,0.9371
19958.0,11842.5,20478.7,12186.4,0.9371
11902.1,11061.7,12472.6,11493.3,0.9371
12160.0,48320.0,12460.4,48445.3,0.9370
19752.1,30400.2,19840.0,30495.2,0.9369
1977.9,10773.1,2555.9,11197.9,0.9369
7459.9,9814.5,7998.9,10239.0,0.9369
15190.9,31904.9,15675.7,32320.0,0.9367
8026.0,3842.1,8640.0,4160.0,0.9367
17377.2,22401.2,17600.0,22624.4,0.9367
1601.8,3130.1,2236.9,3520.0,0.9367
6233.9,11391.1,6714.6,11840.0,0.9366
22449.1,48960.0,23035.5,49454.8,0.9365
19159.1,35852.4,19260.8,36157.2,0.9364
22682.3,10195.6,23040.0,10560.0,0.9363
27085.3,1924.9,27519.4,2237.1,0.9363
20207.7,23563.9,20799.4,23999.2,0.9363
14751.8,8506.9,15358.7,8957.8,0.9362
18901.5,41841.2,19513.1,42240.0,0.9361
1745.4,1166.5,2233.5,1595.6,0.9360
5160.3,3324.9,5755.5,3836.4,0.9360
28293.5,10088.9,28798.0,10557.5,0.9359
3265.5,11975.0,3835.1,12476.6,0.9358
25514.6,43084.7,25600.0,43199.6,0.9358
25503.4,11204.5,25599.9,11677.5,0.9357
9713.9,833.8,10236.6,1277.8,0.9357
20537.0,47085.8,21115.5,47680.0,0.9356
14727.0,36500.7,15356.4,36800.0,0.9354
27182.5,10485.3,27281.1,10740.2,0.9353
26561.4,37211.7,26663.8,37440.0,0.9353
11921.5,48000.4,12473.9,48468.0,0.9352
25753.3,9753.9,26239.6,10240.0,0.9351
23483.4,1800.3,23997.4,2236.2,0.9351
17757.7,10850.8,18238.2,11199.8,0.9350
2256.8,3437.4,2876.7,3840.0,0.9350
27840.7,16176.2,28245.8,16634.8,0.9348
4254.2,28160.0,4794.8,28603.2,0.9348
4568.3,30578.6,5105.9,31038.7,0.9347
12155.0,6556.2,12479.1,6718.9,0.9347
12966.9,7092.1,13438.3,7677.9,0.9345
23681.8,41791.5,24316.8,42237.6,0.9344
12161.3,23698.6,12796.5,24000.0,0.9343
8453.9,7040.6,8639.4,7213.7,0.9343
24104.6,15532.1,24637.4,15998.7,0.9342
26230.4,22720.7,26314.2,22840.4,0.9341
10245.4,23379.4,10876.9,23680.0,0.9340
23203.4,32105.0,23360.0,32319.1,0.9340
12248.8,28628.6,12782.7,29120.0,0.9340
17083.8,12297.0,17596.6,12796.1,0.9340
20665.3,48506.5,21113.5,48957.3,0.9339
17612.7,10227.1,18240.0,10560.0,0.9338
21798.8,8188.2,22395.8,8638.8,0.9338
20812.3,11211.5,21438.4,11626.5,0.9337
3840.0,30065.4,4461.0,30400.0,0.9336
26218.1,49161.5,26280.0,49280.0,0.9336
15709.8,2828.6,16320.0,3200.0,0.9336
22737.5,47869.6,23358.3,48315.7,0.9334
20286.1,44144.1,20432.1,44480.0,0.9334
23454.7,49711.3,23680.0,49874.8,0.9334
24216.3,37120.9,24319.4,37383.2,0.9334
8699.1,11374.6,9276.4,11837.8,0.9333
2659.5,6080.8,2878.9,6252.4,0.9333
26956.8,36686.3,27520.0,37120.0,0.9332
25414.7,21086.3,25599.0,21359.8,0.9332
7381.5,33685.9,7481.0,33919.2,0.9331
23757.1,48240.7,23882.7,48640.0,0.9331
14805.1,9506.7,15356.6,9916.3,0.9331
14241.7,13114.5,14400.0,13438.9,0.9330
13414.5,6722.7,13758.9,7040.0,0.9329
21127.6,19698.3,21760.0,20155.4,0.9329
2560.0,6624.1,2677.3,6720.0,0.9328
11630.9,4845.8,12154.9,5438.7,0.9328
18343.6,9600.0,18875.9,10052.6,0.9327
23799.2,5273.1,24313.3,5759.3,0.9327
22087.6,23548.8,22716.4,23997.5,0.9327
27058.2,25921.5,27141.6,26178.2,0.9326
12280.3,5763.2,12793.9,6139.6,0.9326
8422.8,22939.8,8956.8,23360.0,0.9326
17171.3,36058.9,17278.9,36479.6,0.9326
23452.1,24229.2,23998.0,24640.0,0.9324
27984.4,26240.0,28074.6,26557.6,0.9323
25132.4,49013.2,25280.0,49071.9,0.9322
26620.8,41850.6,26707.8,42240.0,0.9322
24998.3,34258.7,25595.8,34560.0,0.9322
19626.9,3766.7,20153.1,4160.0,0.9321
11317.4,36654.7,11834.2,37104.8,0.9321
23510.3,8315.2,23996.9,8640.0,0.9320
22000.9,31915.9,22080.0,31999.9,0.9317
9964.9,12052.4,10557.9,12476.2,0.9316
17667.7,35200.0,18235.9,35669.1,0.9316
24960.0,49769.3,25097.2,50232.4,0.9316
18719.5,23963.2,19183.2,24320.0,0.9315
28714.3,36146.7,28834.8,36478.5,0.9315
5082.7,6447.4,5437.2,6719.0,0.9314
14171.3,36381.8,14714.8,36800.0,0.9314
21295.8,9923.9,21736.2,10312.5,0.9313
3734.6,10442.7,3840.0,10559.6,0.9312
27708.2,22703.0,27840.0,22894.8,0.9312
27084.4,1905.0,27196.2,2236.2,0.9312
12672.0,3077.1,13120.0,3517.9,0.9310
28094.9,24682.7,28203.4,24794.7,0.9309
16640.0,48868.3,16761.6,48960.0,0.9309
13091.8,5510.6,13438.6,5759.3,0.9307
8479.6,9473.6,8959.5,9918.7,0.9304
26667.8,15140.5,26879.8,15359.3,0.9304
16115.7,4065.9,16639.4,4479.6,0.9304
6107.1,14644.1,6715.5,15040.0,0.9304
26448.6,22217.0,26507.9,22400.0,0.9303
23209.3,11716.4,23675.4,12142.5,0.9303
9317.5,8963.2,9915.6,9420.5,0.9303
15902.0,39326.5,15999.4,39462.0,0.9302
17711.2,7054.9,18234.7,7359.0,0.9302
26115.6,33848.1,26559.0,34240.0,0.9302
20276.3,41364.7,20480.0,41599.0,0.9301
26149.9,49159.3,26216.6,49370.9,0.9300
15056.3,14636.9,15680.0,15040.0,0.9300
21120.0,13974.6,21318.7,14078.2,0.9300
22420.0,320.0,23036.5,796.9,0.9300
23259.7,44604.8,23352.1,45112.1,0.9299
9352.2,6301.2,9597.9,6716.1,0.9298
18624.3,19743.5,19198.9,20159.6,0.9298
13214.9,13959.3,13760.0,14400.0,0.9298
10563.9,11740.2,11197.5,12160.0,0.9298
12566.6,5370.9,13117.5,5759.6,0.9297
8750.0,8907.4,9280.0,9278.5,0.9297
14287.1,19496.3,14379.4,19840.0,0.9296
18401.4,12735.2,18878.3,13120.0,0.9296
14073.0,34000.3,14399.6,34239.4,0.9295
25920.8,8139.1,26555.0,8574.4,0.9295
20822.6,42186.7,20893.5,42558.9,0.9294
23734.6,32258.1,23835.2,32470.4,0.9294
28629.4,41696.1,28755.6,41943.8,0.9294
10319.8,5851.1,10560.0,6116.1,0.9294
22204.1,7847.8,22717.4,8316.8,0.9294
11937.5,27108.1,12476.8,27520.0,0.9292
11308.3,31236.9,11840.0,31677.3,0.9289
19522.9,40841.5,20041.6,41280.0,0.9289
28294.0,30153.9,28480.0,30289.2,0.9289
7372.1,6307.2,7995.7,6720.0,0.9289
27841.1,44160.7,27935.4,44612.9,0.9288
21883.9,448.3,22394.0,960.0,0.9288
17080.8,4804.4,17595.6,5222.3,0.9288
28027.5,26895.3,28477.5,27200.0,0.9287
9292.4,36811.5,9916.8,37120.0,0.9287
14023.0,278.8,14394.4,640.0,0.9286
26904.1,49281.6,26963.7,49397.6,0.9285
28696.8,45906.0,28917.0,46079.3,0.9285
20480.0,4800.4,20718.9,4997.7,0.9284
16788.2,35059.3,17273.0,35520.0,0.9284
24266.1,22697.6,24640.0,23039.1,0.9283
13830.8,34659.4,14079.8,34844.2,0.9283
28305.2,29444.9,28800.0,29725.5,0.9282
15572.4,20728.3,15629.2,21120.0,0.9282
27869.9,24813.1,28075.1,24929.6,0.9282
2649.7,2600.7,2879.8,2898.1,0.9281
27128.6,26183.1,27344.5,26233.0,0.9281
6145.8,36637.9,6716.1,37118.6,0.9281
8035.7,45766.4,8320.0,46080.0,0.9281
26771.5,15506.5,26884.4,15724.6,0.9281
2938.6,22080.0,3498.8,22551.7,0.9280
11335.5,12019.8,11834.2,12479.8,0.9280
19095.4,37126.5,19179.5,37465.1,0.9280
7977.3,33540.7,8090.6,33916.2,0.9278
15573.7,20831.2,15677.4,21247.1,0.9277
8924.8,3.5,9280.0,475.1,0.9275
23288.5,14400.0,23446.1,14611.4,0.9275
26873.4,2283.9,27200.0,2559.6,0.9275
11231.6,11426.8,11838.8,11835.4,0.9275
17490.0,3340.8,17600.0,3518.2,0.9273
25063.3,17587.1,25597.1,17920.0,0.9273
7040.9,13660.6,7677.7,14079.7,0.9272
15740.9,19462.4,15840.8,19839.7,0.9272
24367.6,811.8,24956.5,1277.2,0.9271
19974.4,25846.2,20045.7,26240.0,0.9270
27728.5,22348.1,27822.9,22545.1,0.9269
25770.8,23223.5,26097.1,23676.9,0.9269
12851.0,569.2,13435.3,958.2,0.9269
22885.4,34591.9,23350.0,34873.5,0.9268
14179.6,9444.6,14720.0,9832.1,0.9267
24706.7,30943.1,25275.1,31360.0,0.9267
18248.5,23922.3,18875.7,24320.0,0.9267
7686.7,36193.0,8317.5,36480.0,0.9267
8220.5,33922.6,8319.5,34337.6,0.9267
19862.9,22403.3,20475.9,22773.3,0.9266
18318.4,6573.8,18880.0,7035.9,0.9266
18042.7,32007.6,18234.8,32344.9,0.9266
18240.0,32037.0,18363.6,32319.6,0.9266
13875.1,10172.9,14399.7,10560.0,0.9266
7400.7,34812.2,7593.1,35200.0,0.9265
17621.2,24534.3,18238.2,24958.5,0.9265
3963.9,2766.1,4477.2,3197.2,0.9265
20816.7,35217.0,21436.8,35520.0,0.9265
18560.7,32768.5,18721.3,33279.6,0.9265
14261.5,40001.6,14399.2,40150.2,0.9265
3290.5,15360.0,3517.8,15618.3,0.9265
23848.5,35062.9,24316.2,35518.3,0.9264
21177.2,11035.0,21760.0,11513.8,0.9264
20306.7,26167.9,20795.8,26560.0,0.9263
25092.2,22860.3,25279.7,23210.1,0.9263
16641.2,37332.7,16758.1,37758.1,0.9263
26345.3,1858.6,26876.6,2239.9,0.9262
24390.8,25764.5,24958.7,26239.0,0.9261
25168.0,3208.8,25280.0,3512.4,0.9261
8811.1,5004.3,9275.0,5436.0,0.9260
13964.9,28783.5,14080.0,29033.5,0.9260
22750.5,2147.5,23356.0,2558.8,0.9260
4234.3,4689.2,4795.7,5120.0,0.9260
23180.7,13550.3,23679.4,14075.3,0.9259
7697.3,34821.6,8320.0,35200.0,0.9258
18898.9,27742.0,19516.3,28160.0,0.9257
27203.8,8321.6,27838.1,8740.0,0.9257
23723.4,6319.8,24320.0,6716.6,0.9255
11614.6,11208.7,12159.1,11621.5,0.9255
22104.6,49510.2,22716.7,49920.0,0.9254
23752.6,16962.5,24317.4,17594.9,0.9253
25105.2,3001.6,25595.6,3515.6,0.9252
3280.7,13654.5,3836.8,14076.9,0.9251
27256.1,12036.6,27354.4,12472.8,0.9251
18359.9,6001.7,18874.2,6392.9,0.9251
6832.9,11335.4,7360.0,11830.5,0.9250
14527.8,38684.0,14720.0,38720.0,0.9250
27937.2,6677.4,28160.0,7040.0,0.9250
26855.3,14625.0,26972.7,15039.4,0.9250
48.9,4036.4,637.5,4477.8,0.9250
27614.9,34260.7,27839.7,34566.1,0.9249
8978.5,8816.3,9596.1,9274.1,0.9248
19514.3,24142.2,19839.4,24320.0,0.9248
24419.1,6030.9,24958.9,6400.0,0.9248
8151.5,38661.8,8636.3,39040.0,0.9246
18906.0,23379.4,19517.1,23680.0,0.9246
18771.3,30981.0,18880.0,31096.8,0.9245
3672.8,7361.2,3839.3,7463.8,0.9245
18880.0,9600.4,19190.3,9838.4,0.9245
3221.8,10346.5,3519.6,10557.3,0.9245
25182.7,35526.8,25597.5,35819.3,0.9245
16716.7,17118.7,17275.3,17598.9,0.9245
26522.5,30007.8,26629.1,30396.2,0.9245
17427.0,6197.2,17918.8,6719.2,0.9245
20639.7,46188.1,21120.0,46720.0,0.9243
24197.1,36802.1,24320.0,37116.5,0.9243
22869.6,21356.0,23354.3,21760.0,0.9241
22725.5,32030.4,23196.3,32319.0,0.9241
24496.4,38654.7,24637.0,39040.0,0.9240
17280.0,34193.7,17918.1,34554.6,0.9239
19576.5,23555.0,20158.4,23996.8,0.9239
17595.3,7182.1,17919.0,7360.0,0.9238
26249.7,2437.9,26876.6,2876.4,0.9238
17376.8,4629.5,17918.7,5114.1,0.9237
28162.9,49252.8,28288.0,49591.4,0.9237
25424.8,36165.3,25917.1,36480.0,0.9236
7591.5,34794.2,7679.3,35197.2,0.9235
10560.0,35095.2,10723.9,35198.1,0.9235
17120.0,41846.7,17598.4,42239.1,0.9234
16547.2,36052.6,16639.8,36474.9,0.9234
25923.3,49385.7,26016.9,49597.5,0.9232
27670.1,12800.0,27836.5,13056.7,0.9232
24632.1,36816.4,24752.8,37236.4,0.9231
8655.9,19569.8,9278.2,19840.0,0.9231
22787.5,46469.8,23346.9,46861.6,0.9231
4588.5,9925.1,5118.8,10240.0,0.9231
25702.9,19720.2,26237.1,20160.0,0.9230
26659.7,15098.9,27129.2,15360.0,0.9230
13194.0,29658.9,13757.9,30079.0,0.9228
11865.7,26440.9,12479.2,26877.3,0.9228
15571.4,24617.9,15666.4,24960.0,0.9228
24216.4,36480.0,24311.0,36744.5,0.9228
24472.8,23804.2,24957.5,24319.5,0.9227
13583.4,17770.9,14074.4,18240.0,0.9227
10379.4,2772.3,10872.8,3199.1,0.9226
8322.4,23680.4,8436.0,24001.1,0.9225
16530.4,32685.3,16639.1,32960.0,0.9225
858.5,3098.1,1280.0,3518.1,0.9224
10240.9,45011.2,10355.0,45119.6,0.9224
24549.5,35842.6,24639.0,36082.0,0.9224
24800.0,34097.3,24959.3,34387.5,0.9224
13462.6,13721.5,13760.0,14080.0,0.9223
27423.2,38225.6,27519.4,38322.7,0.9223
26063.7,20801.5,26239.2,21025.0,0.9223
521.5,4800.4,638.7,4988.5,0.9222
27980.2,41196.1,28159.0,41278.9,0.9222
14401.4,16460.3,14553.8,16640.0,0.9221
1902.0,402.7,2239.8,638.8,0.9221
18189.9,5468.5,18559.6,5760.0,0.9221
23721.2,16320.0,24000.0,16950.2,0.9220
23683.9,16000.0,24000.0,16628.9,0.9219
21932.3,48323.1,22079.3,48536.2,0.9219
16917.7,24937.7,17013.6,25280.0,0.9218
12063.3,39928.8,12160.0,40000.0,0.9217
17965.5,27200.0,18560.0,27687.6,0.9216
28727.9,30402.3,28865.1,30888.2,0.9216
26701.1,37760.0,26879.2,37915.1,0.9215
18067.9,3955.8,18239.7,4246.3,0.9214
24181.7,33619.0,24312.2,33810.7,0.9214
5183.6,5612.3,5750.9,6078.4,0.9214
25154.0,15781.3,25280.0,15999.0,0.9213
22721.6,20480.5,22860.4,20664.6,0.9213
16777.2,926.1,17275.4,1280.0,0.9212
2005.2,8640.0,2556.3,9071.6,0.9212
4413.9,15040.0,4800.0,15452.6,0.9212
20327.0,34458.3,20796.5,34876.1,0.9211
7523.7,13375.1,7997.7,13760.0,0.9211
19528.2,15272.0,20157.8,15680.0,0.9210
18915.2,46915.6,19516.5,47360.0,0.9209
16975.2,21120.1,17595.1,21603.3,0.9208
25810.9,24644.4,25919.7,25127.0,0.9208
8000.1,34895.3,8637.4,35200.0,0.9208
18868.5,33839.2,18933.9,34240.0,0.9207
26561.5,15175.3,26668.2,15360.0,0.9206
20549.2,23215.9,21116.6,23675.2,0.9206
7733.7,34803.9,7838.0,35199.9,0.9206
12516.6,22563.2,13115.6,23039.2,0.9206
14546.7,40885.0,15040.0,41280.0,0.9205
11265.6,7680.0,11830.5,8154.8,0.9205
27825.9,396.5,28159.4,636.3,0.9204
19538.5,38676.1,20156.6,39009.2,0.9203
24063.0,23551.1,24635.1,23993.6,0.9203
25286.3,12382.7,25919.0,12799.9,0.9203
27844.3,8198.1,28477.3,8640.0,0.9203
18918.4,4800.0,19200.0,5061.2,0.9202
16000.0,34241.3,16108.5,34452.7,0.9202
13495.2,3842.3,13760.0,4084.7,0.9202
19291.4,32868.6,19392.3,33275.7,0.9201
13760.8,37762.0,14397.5,38178.3,0.9201
15680.0,27588.0,15793.1,27840.0,0.9201
23136.4,6944.8,23679.8,7359.8,0.9200
21249.7,6947.8,21754.2,7360.0,0.9199
20579.5,48200.2,21111.5,48640.0,0.9198
19949.7,23935.3,20473.5,24320.0,0.9197
23184.5,1608.1,23677.6,1963.0,0.9197
19854.1,16255.3,20445.2,16640.0,0.9195
1000.5,1355.7,1278.3,1600.0,0.9195
19625.3,19991.9,20160.0,20474.3,0.9193
2482.1,11523.3,2880.0,11926.2,0.9192
12197.6,10442.5,12797.5,10880.0,0.9192
16337.0,14102.1,16786.9,14546.9,0.9191
16009.5,41586.6,16638.8,41916.5,0.9191
8004.5,19568.4,8638.7,19840.0,0.9191
17938.1,48185.6,18559.6,48638.5,0.9190
16065.0,49808.4,16636.5,50240.0,0.9189
653.4,9600.0,1279.0,10070.7,0.9189
19320.2,45987.6,19835.3,46400.0,0.9188
19867.5,14294.5,20475.5,14720.0,0.9188
18133.9,29591.0,18239.9,30075.8,0.9188
22232.0,652.6,22719.9,960.0,0.9187
7685.4,19565.7,8319.5,19840.0,0.9186
13606.9,1515.8,14073.4,1914.5,0.9186
25991.5,45032.8,26556.3,45440.0,0.9186
8346.7,12800.5,8944.7,13222.8,0.9186
16111.5,40184.4,16637.4,40637.6,0.9186
27958.7,25920.0,28054.5,26398.7,0.9186
12833.6,29346.5,13436.9,29758.3,0.9186
23116.4,33483.5,23317.5,33599.7,0.9185
15042.3,40001.7,15152.3,40268.3,0.9185
27200.6,22080.4,27409.3,22222.7,0.9185
22401.4,8357.0,23036.9,8640.0,0.9185
8168.4,38663.5,8320.0,39037.6,0.9185
19321.2,39589.2,19384.9,39998.7,0.9184
24160.7,17604.6,24635.6,18203.5,0.9184
17069.8,48163.3,17600.0,48632.7,0.9184
28374.6,38721.3,28479.7,38919.3,0.9184
3821.4,38729.1,4159.6,39117.5,0.9183
16485.4,1271.8,16958.1,1600.0,0.9183
10419.7,44701.3,10560.0,44800.0,0.9182
15825.4,20391.6,16000.0,20800.0,0.9182
18699.0,24003.8,18879.1,24496.7,0.9181
14883.2,15558.3,15356.8,16000.0,0.9181
21440.0,32711.0,21520.7,32960.0,0.9180
17491.9,6401.6,17920.0,6835.2,0.9180
11677.2,35732.5,12087.2,36158.4,0.9180
19728.8,44106.9,19840.0,44480.0,0.9180
14832.8,37018.4,15356.4,37436.3,0.9180
3595.9,12159.4,4159.6,12480.0,0.9179
9067.6,34115.5,9279.5,34550.2,0.9179
11293.2,2489.1,11838.1,2876.7,0.9179
26992.2,50954.0,27200.0,51057.5,0.9178
26078.4,23347.7,26191.1,23678.7,0.9178
28160.9,24221.5,28236.3,24319.3,0.9176
4537.7,6194.2,5116.9,6720.0,0.9176
27841.5,43205.7,27933.0,43661.9,0.9175
23705.5,31360.0,23998.1,31813.4,0.9175
9006.9,36715.9,9596.3,37120.0,0.9175
21803.9,10709.5,22400.0,11198.5,0.9174
24800.4,34111.4,24960.0,34239.1,0.9174
25340.5,8894.3,25920.0,9280.0,0.9174
4892.8,4380.3,5435.8,4797.6,0.9173
13989.8,4161.5,14400.0,4624.7,0.9170
27030.3,9601.7,27520.0,9916.9,0.9170
16960.0,23586.8,17595.1,24000.0,0.9170
21660.4,31360.8,21760.0,31863.7,0.9170
21949.9,34655.7,22080.0,34878.9,0.9169
15766.3,34805.4,16315.6,35200.0,0.9169
3846.2,13397.5,4476.2,13760.0,0.9169
5463.7,3654.3,6079.4,4159.7,0.9169
23050.7,9922.3,23676.4,10361.3,0.9169
9600.0,4160.0,10028.7,4721.4,0.9167
20481.5,31360.0,20576.9,31846.0,0.9167
24960.0,23938.3,25095.2,24320.0,0.9167
26061.9,24068.7,26157.5,24320.0,0.9165
12489.7,43467.1,13117.6,43839.2,0.9165
25158.6,44802.3,25280.0,45054.0,0.9165
15639.5,22951.9,15754.5,23358.9,0.9165
7154.3,12803.5,7674.0,13294.8,0.9165
22427.5,16325.1,22720.0,16822.7,0.9165
24142.6,49601.0,24320.0,49768.7,0.9165
21206.7,12161.0,21316.7,12413.2,0.9164
26708.5,41913.1,26870.5,42237.2,0.9163
25613.6,2740.5,26238.9,3193.9,0.9163
15680.0,5753.3,16318.5,6079.3,0.9161
25602.9,42453.5,25692.1,42880.0,0.9160
28641.2,46721.1,28799.8,46821.7,0.9160
21143.5,33516.4,21214.1,33913.0,0.9160
27536.6,50553.8,27645.0,50866.7,0.9160
20908.2,157.2,21439.9,629.7,0.9160
17182.1,27089.9,17280.0,27512.5,0.9160
14864.4,32790.5,15351.8,33276.0,0.9158
28513.4,34563.5,28800.0,34852.1,0.9157
16390.8,1847.3,16957.0,2238.9,0.9157
19668.9,11736.3,20157.6,12160.0,0.9157
17067.5,48321.2,17278.0,48591.1,0.9156
16073.6,47909.7,16636.5,48320.0,0.9155
15142.8,39820.8,15677.8,40320.0,0.9155
27520.0,34133.8,27632.9,34238.3,0.9154
6316.2,30278.9,6399.8,30399.8,0.9154
13440.4,28082.1,14076.7,28475.7,0.9154
11595.1,16642.6,12159.2,17153.3,0.9153
28160.4,30720.5,28367.4,30865.4,0.9153
16641.9,24261.1,16829.7,24640.0,0.9153
11201.1,30964.7,11280.4,31360.0,0.9152
4920.0,3107.3,5438.5,3520.0,0.9151
14936.9,20904.6,15040.0,21119.3,0.9151
12508.7,30290.8,13119.2,30717.1,0.9150
16321.8,41386.7,16469.1,41587.4,0.9150
2561.9,9998.2,2877.2,10238.2,0.9150
18380.6,47846.3,18871.1,48320.0,0.9150
26562.2,50880.9,26641.1,51164.4,0.9149
15334.2,21441.9,15414.9,21759.5,0.9149
16181.1,30950.6,16293.5,31360.0,0.9147
27395.8,43841.0,27520.0,44474.5,0.9147
26780.0,36721.2,26879.8,37120.0,0.9146
26454.1,35094.2,26559.9,35515.3,0.9145
18596.2,30664.7,19199.1,31036.3,0.9143
28643.4,15370.2,28728.5,15604.1,0.9143
12865.6,1250.7,13438.5,1599.9,0.9143
5850.0,28481.8,6395.1,28974.7,0.9142
28150.4,45997.5,28263.9,46399.4,0.9141
25114.2,50561.1,25279.8,50690.4,0.9141
17291.5,20485.5,17912.4,20799.6,0.9138
14100.8,37351.6,14717.8,37760.0,0.9138
24194.1,13688.8,24320.0,13759.1,0.9137
15137.9,34799.4,15680.0,35198.3,0.9137
28694.5,14666.0,28789.5,15040.0,0.9137
22416.7,6856.8,22720.0,7038.7,0.9136
7732.0,1858.5,8315.5,2240.0,0.9136
8302.0,45536.6,8639.5,45758.5,0.9135
23791.6,2900.9,23999.1,3292.3,0.9135
22908.3,34589.8,23039.8,34880.0,0.9135
1765.0,10695.6,2236.1,11194.3,0.9135
17346.2,2786.2,17600.0,3200.0,0.9134
22402.4,37098.5,22489.6,37439.8,0.9133
3887.4,9849.1,4469.3,10238.5,0.9133
12435.2,16960.0,12799.2,17425.4,0.9133
22415.7,9297.1,23035.5,9586.9,0.9132
26603.0,50240.9,26667.1,50354.9,0.9132
17501.8,28051.4,17600.0,28480.0,0.9132
11004.9,7312.4,11520.0,7674.3,0.9132
11858.8,2238.0,12470.6,2558.3,0.9132
4653.8,3335.5,5120.0,3835.5,0.9131
16975.4,34204.1,17596.3,34551.0,0.9131
25378.2,20983.0,25919.4,21438.2,0.9131
14085.9,42822.6,14717.2,43196.4,0.9130
26145.0,20159.1,26235.7,20479.6,0.9130
11840.9,36801.9,12128.0,36980.6,0.9128
18241.7,25640.3,18331.2,26049.3,0.9127
6484.2,14219.2,7038.0,14718.0,0.9127
19947.8,15515.8,20462.8,15999.1,0.9127
7756.6,6333.0,8000.0,6649.2,0.9127
25099.5,17094.9,25279.7,17592.4,0.9126
26571.3,19083.6,27200.0,19520.0,0.9126
6184.5,29009.9,6718.4,29440.0,0.9126
24209.3,30952.6,24320.0,31359.6,0.9125
18243.8,7430.0,18878.2,7679.7,0.9125
12217.6,15802.6,12796.1,16318.0,0.9125
16886.0,24682.5,16960.0,24959.4,0.9124
19586.3,14610.9,20157.2,15039.4,0.9124
12176.2,10115.8,12799.1,10560.0,0.9124
27094.1,41879.3,27200.0,42239.2,0.9122
15369.5,8608.4,15995.4,8960.0,0.9122
27850.8,20028.0,28478.8,20476.5,0.9122
15577.6,17835.9,15680.0,18240.0,0.9122
21620.7,38041.3,21759.8,38272.7,0.9122
28368.4,30720.6,28479.8,30857.0,0.9121
15411.2,19748.9,15548.0,20158.2,0.9121
10880.9,22875.3,11024.9,23038.5,0.9120
12853.5,10371.1,13438.9,10867.8,0.9119
18387.1,11201.1,18559.8,11337.2,0.9119
12233.3,33172.7,12798.9,33600.0,0.9119
11899.8,1751.1,12476.8,2225.8,0.9118
19201.2,32881.2,19284.8,32960.0,0.9116
368.9,8781.8,956.4,9270.1,0.9116
3602.3,15680.7,3840.0,15989.1,0.9115
9969.5,11676.4,10550.4,12157.6,0.9113
25280.0,31597.8,25917.6,32000.0,0.9113
14939.8,31265.7,15360.0,31680.0,0.9113
15387.6,17822.2,15449.2,18240.0,0.9113
19390.3,25838.8,19485.5,26239.8,0.9112
13156.9,2745.7,13756.3,3196.8,0.9112
26328.4,1839.5,26559.4,2239.7,0.9112
24419.3,5020.7,24957.0,5440.0,0.9111
26880.1,20671.2,27519.0,21120.0,0.9111
24641.6,41940.9,24730.8,42131.0,0.9111
6214.1,12637.0,6720.0,13097.9,0.9110
12574.8,7807.8,13117.0,8318.1,0.9109
13282.0,4606.7,13758.3,5115.5,0.9109
19093.4,38344.2,19200.0,38720.0,0.9108
19204.9,44385.9,19519.5,44800.0,0.9107
19976.3,16044.9,20159.5,16320.0,0.9107
12056.8,44400.9,12159.5,44480.0,0.9107
28375.1,44892.1,28477.8,45120.0,0.9107
26039.9,14662.9,26233.6,15040.0,0.9107
22778.0,26390.7,23039.4,26560.0,0.9106
6195.6,3649.5,6399.9,3845.0,0.9105
28406.5,43116.7,28507.0,43519.1,0.9105
18560.0,16963.3,19200.0,17277.8,0.9105
19297.8,4010.0,19838.1,4479.1,0.9104
13524.5,9923.7,14075.4,10273.7,0.9104
18563.7,35519.3,18669.3,35839.6,0.9104
23025.6,2560.0,23226.8,2768.0,0.9104
27368.0,20162.0,27519.3,20329.0,0.9104
23225.6,32089.5,23360.0,32633.0,0.9101
3941.2,15877.1,4474.6,16320.0,0.9101
16641.5,2846.2,16732.0,2972.8,0.9101
22178.1,42819.9,22399.4,42951.3,0.9101
3894.7,2881.5,4159.1,3150.7,0.9101
24061.4,3200.0,24320.0,3824.5,0.9100
3352.8,15224.2,3835.0,15679.7,0.9100
16813.8,21704.6,16960.0,22080.0,0.9099
6811.0,5346.8,7355.0,5760.0,0.9099
19090.9,37763.7,19183.2,38201.7,0.9098
26019.5,30080.0,26499.4,30564.5,0.9098
8966.3,19565.1,9598.0,19840.0,0.9098
16792.7,24306.1,17280.0,24638.9,0.9098
17644.8,4367.6,18239.7,4799.1,0.9097
2913.4,1921.5,3200.0,2225.6,0.9097
24922.6,41472.7,25030.5,41742.0,0.9097
15391.3,4130.1,15999.1,4480.0,0.9096
24203.7,49032.4,24320.0,49280.0,0.9096
17684.8,34658.3,18231.4,35200.0,0.9095
14725.1,4161.1,15358.6,4514.4,0.9094
22102.2,39049.5,22163.9,39360.0,0.9094
21920.9,34627.8,22366.1,34880.0,0.9093
18477.1,41856.4,18558.1,42239.4,0.9093
16221.3,30416.7,16319.6,30720.0,0.9093
19683.6,24880.5,20158.5,25280.0,0.9092
22944.0,42562.2,23040.0,42879.9,0.9092
7682.9,33666.0,7777.6,34228.7,0.9091
7681.2,2243.4,7784.9,2422.7,0.9091
23680.0,32495.1,23808.7,32954.5,0.9091
20299.5,1138.3,20798.5,1597.5,0.9090
23522.5,4386.5,23999.3,4800.0,0.9089
14935.8,24003.3,15007.1,24330.5,0.9089
16458.7,29772.0,16640.0,30077.4,0.9087
8418.6,35006.1,8947.7,35520.0,0.9087
18242.2,9957.0,18685.3,10240.0,0.9087
9012.6,6813.2,9593.7,7359.4,0.9086
13136.5,24523.9,13760.0,24955.4,0.9086
17985.8,1974.5,18238.7,2238.7,0.9086
13542.8,25783.2,14070.5,26238.8,0.9085
24680.1,49133.3,25277.9,49598.8,0.9085
21889.9,1242.1,22397.4,1600.0,0.9085
18494.4,34417.2,18880.0,34878.6,0.9084
8657.9,9528.2,9280.0,9920.0,0.9084
19129.6,32960.0,19200.0,33385.6,0.9083
27202.4,38327.8,27356.5,38720.0,0.9083
9405.1,35851.5,9920.0,36157.3,0.9082
6766.7,6721.6,7040.0,6852.1,0.9081
20051.2,37100.0,20159.5,37439.3,0.9081
20419.6,38644.0,20480.0,39040.0,0.9081
21440.0,35227.0,21555.0,35520.0,0.9080
16991.8,5196.4,17269.5,5438.4,0.9080
8322.5,38715.3,8957.9,39038.4,0.9079
9931.1,960.2,10557.0,1345.1,0.9078
10281.9,29311.4,10878.7,29760.0,0.9078
26027.7,32328.6,26239.8,32663.5,0.9077
1306.6,8320.0,1600.0,8815.1,0.9077
7940.5,30962.5,8015.4,31360.0,0.9077
9693.4,9600.0,10218.8,10085.8,0.9076
19099.3,38664.4,19161.5,39040.0,0.9076
25921.3,8644.4,26380.3,9092.1,0.9075
9043.9,1145.0,9589.7,1599.8,0.9074
22831.5,1820.0,23358.8,2240.0,0.9074
17091.9,26671.0,17600.0,27196.8,0.9074
8377.3,36053.9,8956.9,36479.1,0.9073
21581.1,12723.1,22074.5,13120.0,0.9073
23136.2,48972.1,23664.2,49306.5,0.9072
7682.4,33509.0,7779.1,33918.2,0.9071
17466.0,40379.1,17600.0,40638.9,0.9071
20383.3,40631.2,20479.6,40959.5,0.9070
17166.1,35315.7,17279.2,35520.0,0.9070
28116.9,46640.1,28228.0,47039.5,0.9069
26631.8,26075.3,27198.3,26556.8,0.9069
24660.3,38963.3,24731.0,39359.3,0.9069
27283.0,12814.7,27356.6,13253.7,0.9069
26650.5,37440.0,27193.2,37942.5,0.9068
23147.0,2082.3,23678.5,2548.8,0.9068
24147.5,21120.3,24319.8,21274.8,0.9068
19129.1,36104.3,19221.0,36479.1,0.9068
14889.1,18502.6,15350.0,18880.0,0.9067
12090.6,30613.9,12186.9,30720.0,0.9067
16320.0,16187.2,16440.6,16631.2,0.9065
3969.0,14285.3,4478.7,14720.0,0.9065
19053.3,20033.4,19520.0,20480.0,0.9064
17915.6,38411.0,18046.1,38648.3,0.9064
15079.7,6405.3,15360.0,6922.1,0.9063
18897.1,3120.3,19517.9,3520.0,0.9063
24662.0,37207.3,24784.4,37423.3,0.9062
28360.0,49100.8,28488.7,49187.5,0.9061
11642.4,10240.0,11839.9,10708.6,0.9061
27971.4,29752.6,28068.2,30078.8,0.9060
20834.2,827.5,21439.1,1279.0,0.9060
9182.4,30159.1,9280.0,30400.0,0.9059
19289.2,17920.0,19832.4,18424.8,0.9059
17096.4,10483.8,17596.1,10880.0,0.9058
24347.3,13376.6,24954.8,13760.0,0.9058
18750.5,45469.8,19197.4,45760.0,0.9057
7225.5,33494.7,7360.0,33600.0,0.9057
11305.8,6301.3,11838.9,6720.0,0.9057
24321.8,41280.0,24413.6,41737.6,0.9057
7864.2,26461.7,8000.0,26560.0,0.9056
13942.9,24967.5,14395.8,25279.5,0.9056
20162.8,16257.5,20353.1,16640.0,0.9056
21134.6,24640.0,21440.0,25194.2,0.9055
12344.4,36394.4,12480.0,36480.0,0.9055
23236.9,32641.8,23360.0,32930.4,0.9055
17419.4,20423.4,17600.0,20800.0,0.9054
1842.7,2240.0,2237.9,2357.2,0.9054
25755.3,41666.5,25919.5,41863.4,0.9054
22211.8,15144.8,22719.5,15677.3,0.9053
3889.9,6922.5,4478.7,7360.0,0.9052
25753.8,20804.1,26231.3,21183.2,0.9052
27841.9,43847.7,27934.4,44349.0,0.9052
19232.6,2562.1,19837.1,2989.7,0.9052
26368.1,32127.1,26876.1,32639.9,0.9051
23921.0,49923.6,24032.2,50382.2,0.9051
18762.0,36375.4,18877.4,36796.9,0.9051
19336.4,39026.0,19453.0,39357.3,0.9051
18436.9,20029.0,18876.6,20480.0,0.9051
415.7,8170.7,956.4,8639.6,0.9050
28468.6,46721.3,28653.5,46826.0,0.9050
18593.3,11621.5,18875.0,11838.6,0.9050
6080.0,9810.1,6200.3,9920.0,0.9050
25777.8,38104.0,25920.0,38393.1,0.9049
24699.9,19394.8,25269.3,19839.0,0.9049
15041.7,40321.7,15104.8,40419.5,0.9048
28289.3,22081.2,28463.2,22234.9,0.9048
15493.3,19066.9,15627.7,19520.0,0.9048
10632.7,11358.3,11197.5,11809.7,0.9047
20616.0,30625.1,20799.6,31040.0,0.9046
15104.6,2225.0,15676.9,2560.0,0.9045
17041.7,0.9,17596.7,439.1,0.9045
9966.1,646.4,10559.4,1092.0,0.9045
12219.4,47891.9,12794.3,48319.9,0.9044
27326.9,42327.0,27520.0,42558.7,0.9044
28160.0,50560.4,28440.3,50684.6,0.9043
14215.6,12800.0,14711.4,13152.7,0.9042
16739.7,49827.0,17276.7,50240.0,0.9042
2908.5,2816.7,3511.0,3200.0,0.9042
26793.7,10275.5,26879.8,10560.0,0.9042
28641.0,12164.4,28740.5,12655.5,0.9041
27054.2,26173.4,27134.0,26240.0,0.9041
24708.8,11200.0,25277.2,11648.0,0.9041
9056.2,320.6,9279.2,477.1,0.9041
11520.0,6081.0,11704.6,6319.7,0.9041
28624.0,50563.7,28697.0,50878.3,0.9040
15582.2,24904.8,15665.3,25279.7,0.9040
20801.8,7041.1,20887.4,7143.9,0.9040
28288.0,44863.6,28351.4,45120.0,0.9039
371.1,10193.8,956.4,10560.0,0.9039
7585.6,33453.6,7783.4,33908.5,0.9039
18560.0,15913.2,18678.9,16320.0,0.9038
27767.8,29767.8,27839.1,30194.9,0.9038
16651.4,7696.9,17274.7,8000.0,0.9037
14175.4,39680.0,14399.4,40166.2,0.9037
24321.8,36486.4,24409.9,36732.6,0.9037
25492.5,44366.9,25600.0,44779.7,0.9036
15044.8,50561.3,15678.3,50880.0,0.9036
15040.3,28044.0,15208.7,28479.3,0.9036
19027.5,15344.2,19516.4,15679.9,0.9036
11871.6,21656.3,12477.2,22072.3,0.9035
25959.1,36010.6,26047.3,36476.7,0.9035
27863.8,33241.9,28479.1,33600.0,0.9035
27435.4,21373.8,27519.5,21757.1,0.9035
23001.2,18531.0,23360.0,18880.0,0.9034
5226.2,12800.5,5758.6,13139.1,0.9034
18658.4,27462.3,19199.0,27840.0,0.9034
14605.3,30402.6,15040.0,30902.9,0.9033
15853.7,49427.1,16314.6,49599.3,0.9033
21120.7,35191.7,21567.5,35520.0,0.9033
6402.7,10416.8,6553.2,10857.8,0.9032
6030.8,4161.7,6400.0,4689.9,0.9031
14400.0,22264.1,14520.9,22717.3,0.9031
13646.0,31903.1,13758.9,32000.0,0.9031
26741.5,37030.9,26880.0,37438.9,0.9030
19960.5,6256.3,20471.5,6720.0,0.9030
14773.7,14657.3,15356.7,15040.0,0.9030
15782.4,19093.9,15868.9,19519.2,0.9029
14083.9,18170.1,14226.9,18560.0,0.9029
2869.8,5137.9,3198.9,5440.0,0.9028
16339.7,14122.3,16636.7,14398.3,0.9027
15201.7,26588.1,15273.9,26879.5,0.9026
11253.2,4487.0,11520.0,4769.9,0.9026
23145.7,22308.9,23677.9,22720.0,0.9025
18963.9,12431.7,19518.7,12800.0,0.9024
27970.2,48556.3,28476.8,48960.0,0.9024
21824.8,35475.5,21889.0,35840.0,0.9024
18268.8,47228.0,18548.6,47359.0,0.9024
24378.2,36834.7,24477.9,37336.9,0.9023
22175.6,25216.1,22719.2,25600.0,0.9020
23453.0,6715.7,23999.1,7039.6,0.9020
11368.1,39582.6,11519.4,39680.0,0.9020
17112.3,15539.3,17598.4,15999.4,0.9020
6402.5,34567.6,6488.4,35041.4,0.9019
2949.0,2887.9,3199.7,3253.6,0.9019
22080.0,37169.7,22174.4,37437.4,0.9019
24875.5,2514.1,24959.5,2876.1,0.9018
13460.4,8148.5,14077.4,8639.7,0.9018
27843.0,42899.2,27930.5,43491.7,0.9017
24699.5,31557.9,25279.4,31999.2,0.9017
22429.4,6759.7,23040.0,7040.0,0.9016
23362.3,32162.7,23445.1,32628.2,0.9016
19849.2,39680.0,20476.3,40124.8,0.9014
13121.0,21120.7,13227.8,21252.1,0.9012
21441.8,30866.8,21531.5,31355.9,0.9010
13390.7,22601.7,13755.4,23037.6,0.9010
14066.1,14640.5,14399.7,15039.7,0.9010
19978.7,20800.0,20159.6,21043.9,0.9010
18133.7,40875.2,18239.4,41280.0,0.9010
23911.7,49792.7,24000.0,50235.6,0.9009
26486.9,40231.5,26631.4,40639.9,0.9009
4841.0,12810.1,5119.4,13120.0,0.9008
15858.1,17600.6,15996.8,18074.5,0.9008
1554.8,2469.9,1831.5,2875.7,0.9006
18155.6,33603.7,18239.5,34101.3,0.9006
27100.4,5678.2,27198.4,6076.7,0.9006
22904.8,42276.1,22971.3,42557.9,0.9006
19378.2,34521.6,19519.5,34790.8,0.9006
12882.1,38938.2,13119.4,39040.0,0.9006
16367.0,44038.7,16956.6,44477.4,0.9006
19124.9,32877.1,19289.8,33280.0,0.9005
23723.1,13026.9,24316.3,13432.8,0.9005
20068.2,47209.5,20469.0,47674.8,0.9005
25436.2,26830.5,25600.0,27193.4,0.9005
24195.4,16000.0,24370.5,16245.7,0.9004
27660.2,9372.1,27816.7,9454.4,0.9004
20575.3,36073.4,21071.5,36480.0,0.9004
13134.8,13701.1,13760.0,14080.0,0.9004
15605.7,25504.0,15673.7,25920.0,0.9003
21440.0,22720.0,22078.5,23027.3,0.9002
12214.5,48551.3,12797.8,48960.0,0.9002
3036.0,1281.3,3198.9,1455.6,0.9002
8338.1,19567.4,8958.9,19840.0,0.9001
15515.4,27545.2,15662.0,27933.2,0.9001
8662.4,23043.2,9275.6,23458.2,0.9001
8023.7,3200.7,8180.6,3349.4,0.9001
25710.3,23862.5,25897.6,24317.2,0.9000
25232.6,27840.0,25600.0,28448.0,0.9000
24211.6,16498.0,24639.9,16928.3,0.9000
12843.7,7550.9,13438.6,7997.8,0.8999
25125.5,960.0,25279.9,1465.3,0.8999
14942.6,15565.7,15039.4,16000.0,0.8999
27200.0,11756.7,27262.9,12160.0,0.8998
24165.7,11296.8,24623.0,11840.0,0.8998
22019.5,27430.9,22399.3,27833.1,0.8997
15490.4,49478.5,15994.8,49919.7,0.8997
27247.6,7040.7,27362.3,7114.4,0.8996
27965.8,12722.3,28030.3,13120.0,0.8996
6490.7,33161.6,6719.5,33279.0,0.8995
28092.1,30132.5,28194.2,30571.1,0.8995
15189.2,26243.5,15245.4,26587.3,0.8995
18365.6,23682.0,18560.0,23923.7,0.8994
19522.5,30694.1,19813.9,31040.0,0.8994
22629.8,26423.4,22719.6,26581.7,0.8994
25185.7,559.4,25600.0,960.0,0.8993
28053.6,44070.5,28158.8,44465.4,0.8992
6563.4,7517.8,6671.5,7633.8,0.8992
26049.0,46007.5,26558.4,46400.0,0.8991
12217.7,10560.0,12479.6,10961.9,0.8990
17690.6,20491.8,18238.7,21120.0,0.8989
13760.0,3743.9,13838.7,3882.3,0.8989
14488.6,36480.4,15035.2,36904.6,0.8988
18560.0,41282.0,18812.9,41629.8,0.8988
24823.6,2707.7,25280.0,3197.0,0.8987
16231.1,17399.9,16319.4,17897.9,0.8987
3933.4,14946.3,4468.1,15356.3,0.8987
21760.3,34669.6,21949.9,34878.9,0.8986
14722.5,37306.9,15357.8,37752.7,0.8986
21394.2,37762.0,21759.5,37866.1,0.8986
383.2,10414.3,956.7,10877.7,0.8986
9282.3,39040.1,9679.7,39359.6,0.8984
28267.7,26881.6,28798.7,27210.0,0.8983
23572.2,30089.0,23680.0,30507.8,0.8983
15220.3,26900.3,15349.0,27355.3,0.8982
26154.4,49280.0,26210.2,49368.0,0.8980
26719.3,24662.4,26812.1,25133.0,0.8979
11243.1,7041.6,11839.4,7446.6,0.8979
26141.6,15276.3,26239.5,15680.0,0.8978
24360.8,48329.2,24956.6,48799.0,0.8977
12160.0,38227.2,12285.4,38711.0,0.8977
15486.3,33280.0,15679.1,33426.1,0.8977
18661.0,6694.8,19198.3,7040.0,0.8977
15675.7,24570.0,15739.7,24958.7,0.8977
20331.6,31103.6,20478.4,31254.0,0.8977
20580.2,4056.5,21120.0,4480.0,0.8976
3282.3,29120.0,3827.2,29600.2,0.8976
17603.5,40322.6,18047.6,40732.9,0.8976
28004.6,44763.3,28160.0,44800.0,0.8976
13183.0,5474.4,13733.5,5760.0,0.8976
26258.9,44706.8,26879.7,45119.2,0.8975
16794.6,35124.5,16954.3,35519.8,0.8975
12485.7,2554.5,13119.0,2879.7,0.8974
16960.0,23257.9,17483.1,23680.0,0.8974
27915.1,37608.9,28477.0,38078.6,0.8974
337.4,4002.2,956.1,4475.5,0.8974
25209.2,43473.4,25277.0,43840.0,0.8973
22722.0,20166.0,22846.0,20631.5,0.8973
27323.8,37122.9,27520.0,37300.2,0.8973
25969.1,36378.8,26046.1,36799.8,0.8973
27139.7,25920.0,27236.7,26182.1,0.8973
18781.1,41537.3,18864.5,41920.0,0.8972
24644.6,22458.4,25277.2,22720.0,0.8972
17924.1,37065.2,18556.4,37440.0,0.8972
14193.1,28140.0,14720.0,28480.0,0.8971
24808.6,34240.0,24959.5,34382.6,0.8969
18370.5,39259.8,18560.0,39680.0,0.8967
13763.0,13711.4,13947.9,14080.0,0.8967
17044.3,17058.0,17592.8,17600.0,0.8966
26425.9,37212.0,26661.3,37439.5,0.8966
10240.5,44997.3,10433.1,45438.5,0.8966
16135.0,18279.4,16637.0,18880.0,0.8966
15774.9,27123.3,15856.9,27519.9,0.8965
24999.6,29717.5,25597.9,30080.0,0.8965
24949.1,40647.1,25031.3,41130.7,0.8964
27966.2,29942.0,28052.9,30397.7,0.8963
22435.4,39267.0,22508.6,39680.0,0.8962
24322.5,41068.5,24413.3,41591.8,0.8962
13159.7,2468.7,13760.0,2871.4,0.8962
22047.1,15897.4,22400.0,16320.0,0.8962
17978.8,9095.6,18554.5,9596.1,0.8961
22559.4,37440.4,22719.3,37569.2,0.8961
10016.6,20976.5,10556.6,21438.4,0.8961
26241.7,8705.5,26367.0,8960.0,0.8960
18596.7,13325.2,19196.7,13760.0,0.8960
15453.6,11601.2,15997.3,12160.0,0.8959
24979.1,31911.1,25597.7,32320.0,0.8958
15215.2,24577.3,15359.9,24958.1,0.8958
25993.0,29904.0,26490.2,30400.0,0.8958
28412.3,34240.0,28923.4,34360.6,0.8957
27086.7,10193.2,27199.3,10549.5,0.8956
16603.8,36418.6,16699.9,36800.0,0.8955
22212.6,32118.9,22717.2,32640.0,0.8954
26941.1,1902.3,27080.6,2237.6,0.8953
7746.9,41035.9,7998.4,41278.9,0.8952
28389.9,10566.9,28480.0,10922.4,0.8952
13848.5,23950.1,13928.8,24320.0,0.8951
14293.8,18560.0,14398.7,19189.1,0.8951
8136.5,29674.8,8625.0,30080.0,0.8950
12793.5,11200.0,13119.5,11690.5,0.8950
14721.8,1168.2,14880.0,1595.9,0.8950
24147.9,31124.0,24636.5,31680.0,0.8949
27131.4,11747.6,27200.0,12154.4,0.8949
14928.3,6396.3,15038.7,6638.5,0.8949
14218.2,18148.8,14715.0,18560.0,0.8948
25513.9,29441.5,25594.8,29588.3,0.8948
20805.8,44974.7,21019.8,45119.2,0.8947
24858.2,7253.0,24959.2,7360.0,0.8947
7680.8,3521.2,8009.7,3664.7,0.8946
28508.7,50436.0,28799.3,50558.3,0.8946
2338.7,38910.6,2872.6,39360.0,0.8945
3937.0,4601.9,4480.0,5116.7,0.8945
15418.4,18402.6,15475.7,18879.0,0.8945
17167.2,15175.1,17280.0,15359.8,0.8944
26373.1,49392.3,26435.8,49600.0,0.8943
15462.7,24536.2,15548.2,24956.1,0.8943
18245.3,27543.5,18876.2,27840.0,0.8942
22126.5,26437.2,22717.9,26875.0,0.8942
15515.4,3369.4,15993.8,3837.8,0.8942
6727.2,19561.2,7358.7,19840.0,0.8942
17298.1,35424.1,17901.6,35840.0,0.8941
26145.0,24748.0,26237.7,24952.1,0.8941
9440.1,33831.9,9600.0,34236.3,0.8941
76.1,1485.1,636.4,1916.9,0.8940
28059.6,50502.7,28477.3,50742.1,0.8940
19292.6,24641.9,19835.8,25032.3,0.8939
18326.1,33943.1,18406.2,34240.0,0.8939
26791.6,42245.1,26879.0,42722.5,0.8939
21279.4,992.8,21438.0,1077.3,0.8939
16975.4,24793.6,17597.1,25280.0,0.8939
27950.3,19842.8,28160.0,20150.6,0.8938
20027.9,12303.0,20477.2,12608.7,0.8938
15579.8,23589.2,15676.0,23999.0,0.8937
19855.4,27993.1,20477.8,28475.6,0.8937
19520.0,547.9,20157.6,958.2,0.8936
18003.4,14246.8,18557.2,14718.7,0.8936
23923.9,50147.4,23999.5,50557.2,0.8935
12163.6,49515.9,12310.6,49919.6,0.8935
4852.3,6905.1,5119.4,7360.0,0.8935
18057.3,17840.7,18240.0,18239.6,0.8934
26930.0,1467.7,27515.6,1915.0,0.8934
28532.9,45895.3,28695.5,46132.0,0.8933
19221.9,20986.5,19837.8,21440.0,0.8933
12929.8,3522.1,13118.9,3716.2,0.8932
13763.1,23842.6,13848.4,24261.8,0.8932
15463.3,23896.8,15550.8,24320.0,0.8930
22309.5,12800.0,22399.3,13081.5,0.8929
23987.0,2241.0,24318.5,2550.3,0.8929
26307.4,34412.4,26399.7,34875.6,0.8928
5262.5,11706.7,5754.7,12157.3,0.8928
28288.9,22400.5,28444.0,22585.0,0.8928
13790.4,38684.0,13852.2,39039.7,0.8927
24132.4,5123.4,24639.7,5599.1,0.8927
26627.3,47651.9,27196.4,47997.8,0.8927
5244.6,15364.1,5757.5,15715.6,0.8927
19893.5,28997.3,20476.0,29437.2,0.8925
27520.0,22081.3,27745.1,22198.4,0.8925
27748.4,22025.7,27839.6,22198.9,0.8925
12184.4,5338.0,12798.7,5758.0,0.8925
3840.0,9583.4,4478.3,9920.0,0.8925
2162.9,2880.0,2560.0,3389.0,0.8924
23143.3,43743.4,23676.2,44160.0,0.8923
24728.7,48198.4,25275.4,48640.0,0.8923
2615.7,4374.6,3197.6,4795.3,0.8921
9309.5,19538.2,9918.0,19840.0,0.8921
17873.9,51061.9,17919.5,51199.8,0.8921
18471.3,30470.0,18560.0,30598.7,0.8920
2327.0,14400.2,2559.7,14646.5,0.8920
25380.2,4619.3,25916.9,5105.7,0.8919
18418.2,33932.3,18560.0,34434.5,0.8919
13120.0,19762.5,13248.7,20159.5,0.8919
12271.7,20664.9,12787.0,21118.8,0.8918
1697.6,11414.7,2236.0,11840.0,0.8918
19409.1,16068.7,19520.0,16319.6,0.8918
4887.8,6400.0,5119.3,6740.0,0.8918
26470.3,34445.7,26560.0,34874.2,0.8917
14720.0,2252.7,15053.2,2353.3,0.8917
15174.5,8214.5,15680.0,8640.0,0.8916
7800.9,33694.7,7946.2,33918.5,0.8916
15121.5,45331.7,15678.7,45757.4,0.8915
26298.0,4360.8,26869.8,4798.3,0.8915
15427.6,22994.2,15511.5,23359.0,0.8914
20189.9,48566.6,20795.3,48960.0,0.8914
14908.9,20419.2,14984.7,20800.0,0.8914
10808.1,4708.4,10879.6,5078.3,0.8913
13819.9,38720.0,14049.1,38774.9,0.8913
11165.7,29984.6,11515.0,30400.0,0.8913
17343.5,15270.5,17918.7,15680.0,0.8913
14552.4,27205.5,14720.0,27655.3,0.8912
28415.8,42887.8,28512.7,43396.1,0.8912
12951.3,5633.8,13440.0,6072.1,0.8911
8110.1,36325.4,8635.3,36797.6,0.8911
9383.4,3416.8,9919.5,3840.0,0.8911
18152.2,32961.9,18239.6,33486.1,0.8911
14381.8,5069.9,14719.9,5440.0,0.8910
11846.9,50133.6,12477.2,50558.9,0.8910
23772.7,14400.0,23934.1,14600.4,0.8910
21859.4,38047.1,21977.8,38233.7,0.8909
18465.6,19943.7,18559.4,20330.6,0.8909
23042.8,37748.1,23678.0,38072.7,0.8909
12984.1,3520.4,13438.7,3797.4,0.8908
3618.6,8122.9,4160.0,8637.2,0.8908
28257.2,42165.7,28798.1,42559.5,0.8908
15128.2,1281.0,15360.0,1417.7,0.8907
10560.3,41600.2,10675.2,41647.4,0.8907
10575.6,8648.8,11199.3,8960.0,0.8906
18468.3,34560.7,18558.8,35078.3,0.8906
484.2,1868.8,950.2,2240.0,0.8905
9701.9,45006.4,10235.4,45440.0,0.8905
12546.8,48326.3,13104.0,48811.6,0.8904
21120.7,46558.8,21426.9,47040.0,0.8904
16438.2,34732.5,16959.2,35200.0,0.8904
23572.2,50518.9,23680.0,50846.0,0.8904
25826.3,24960.0,25918.8,25238.4,0.8904
24879.5,2795.5,24959.9,3200.0,0.8904
6193.1,9291.9,6719.3,9600.0,0.8903
19128.4,38946.7,19196.1,39359.0,0.8902
26044.1,32806.0,26557.1,33279.4,0.8901
8440.6,4.5,8955.6,524.8,0.8900
26142.9,44254.3,26240.0,44479.1,0.8899
23551.6,32645.5,23670.5,33209.1,0.8898
24960.0,34240.3,25114.9,34359.1,0.8898
23042.0,45733.3,23163.0,46080.0,0.8897
9972.4,9112.9,10556.4,9591.9,0.8897
3651.3,13966.0,4158.7,14399.0,0.8897
8320.0,23444.3,8478.8,23997.3,0.8896
25730.1,20708.8,25919.5,21120.0,0.8896
23446.9,28482.1,23679.4,28743.3,0.8896
20285.1,13673.5,20800.0,14080.0,0.8895
19660.6,37783.2,20159.4,38080.0,0.8895
21771.2,21703.5,22397.0,22080.0,0.8895
2626.9,1611.6,2880.0,1979.2,0.8895
25525.8,45450.1,25599.2,45953.6,0.8894
11871.6,32529.0,12474.8,32957.4,0.8894
26163.0,33880.4,26240.0,34223.1,0.8893
18508.6,3200.0,18880.0,3687.3,0.8893
22566.7,50243.0,22720.0,50383.0,0.8893
17437.8,22410.0,17914.2,22692.0,0.8892
25973.0,36499.1,26051.6,36968.7,0.8891
1956.9,4681.1,2557.9,5115.7,0.8891
19844.8,664.8,20480.0,960.0,0.8891
14878.2,32377.9,15352.0,32960.0,0.8891
27099.9,22001.9,27199.3,22080.0,0.8890
25115.9,42240.3,25238.2,42487.9,0.8889
1675.0,1318.0,1920.0,1599.6,0.8888
27949.1,3360.9,28480.0,3840.0,0.8888
14265.5,38409.8,14716.6,38683.3,0.8887
26223.1,29394.1,26342.5,29759.3,0.8886
15242.9,24961.0,15358.9,25262.8,0.8886
26657.0,33602.8,27194.1,34069.4,0.8886
25610.9,14732.8,25920.0,15040.0,0.8886
13886.3,7360.8,14080.0,7638.3,0.8886
18711.1,47632.9,18880.0,48000.0,0.8886
22080.0,24320.0,22548.5,24788.3,0.8886
24849.4,1551.3,24959.2,1876.3,0.8885
26353.0,46654.8,26876.3,47040.0,0.8885
23081.6,48730.5,23358.3,48958.9,0.8885
5743.4,2554.6,6078.2,2880.0,0.8885
24214.1,49937.5,24320.0,50234.4,0.8884
25668.3,33384.8,25756.8,33600.0,0.8884
19573.1,36081.9,19677.5,36479.7,0.8884
20161.6,27089.8,20799.9,27519.0,0.8884
25743.0,231.5,26236.0,640.0,0.8883
20830.2,16323.5,21433.1,16737.8,0.8882
4623.0,43206.2,5120.0,43671.3,0.8881
16840.2,46312.5,16955.7,46400.0,0.8881
7761.8,11840.7,8319.1,12248.3,0.8881
23976.5,31273.1,24055.1,31679.2,0.8881
25559.6,42564.8,25700.5,42981.0,0.8880
17056.3,39801.7,17597.0,40320.0,0.8880
7708.5,11840.3,8000.0,12182.5,0.8880
28289.8,30683.2,28369.1,30869.0,0.8879
23041.1,29139.6,23116.9,29327.1,0.8879
14794.8,8044.5,15357.2,8320.0,0.8879
6493.7,35202.2,6558.7,35704.8,0.8878
2725.3,4162.1,3156.4,4419.7,0.8877
24558.0,23780.2,24639.6,24246.4,0.8877
23486.8,25280.0,23999.1,25738.7,0.8877
9954.3,37127.7,10556.5,37486.8,0.8877
13854.8,24220.5,13940.6,24636.1,0.8876
5244.7,13763.1,5756.1,14225.1,0.8876
26000.9,25231.6,26556.1,25600.0,0.8876
26734.2,37362.8,26879.2,37758.2,0.8875
16214.7,18380.7,16319.6,18873.3,0.8875
17281.5,48518.3,17920.0,48960.0,0.8875
26747.0,13365.2,26879.6,13439.4,0.8874
21440.4,2240.0,21540.6,2325.3,0.8874
8058.9,45283.7,8637.3,45760.0,0.8874
3840.9,5681.2,4480.0,6080.0,0.8874
23379.5,26114.5,23996.4,26558.3,0.8872
21595.0,25218.3,22053.2,25600.0,0.8872
28858.5,39284.6,28927.5,39680.0,0.8872
24544.1,14944.0,24640.0,15360.0,0.8872
17636.6,16881.4,18238.0,17280.0,0.8872
15564.8,21362.1,15640.0,21759.5,0.8872
23932.3,35019.5,23999.5,35517.9,0.8871
25811.5,28484.8,25919.7,28827.1,0.8871
16366.4,7899.7,16957.4,8320.0,0.8871
25761.3,32423.1,25919.7,32639.6,0.8870
20075.3,40980.2,20201.3,41279.0,0.8870
16472.9,31152.4,16640.0,31677.9,0.8869
25461.8,7680.8,25599.0,7855.5,0.8869
24780.9,32799.2,25280.0,33279.1,0.8869
17281.9,3718.9,17915.3,4156.3,0.8869
15681.2,18560.7,15774.7,19083.9,0.8868
5894.5,6318.3,6398.2,6720.0,0.8868
21235.8,25285.7,21752.7,25674.6,0.8867
9335.8,41945.7,9917.9,42240.0,0.8867
27774.6,40642.7,27840.0,40926.7,0.8867
21762.3,1280.0,21996.7,1322.5,0.8866
13120.0,15387.6,13757.5,15680.0,0.8866
25281.6,37277.0,25492.8,37440.0,0.8866
22724.3,45716.2,23184.2,46080.0,0.8865
19520.0,4480.0,19864.2,4689.3,0.8864
11857.9,28410.5,12477.2,28800.0,0.8864
9686.6,42083.4,10234.8,42554.3,0.8863
4480.0,5444.3,4954.0,5863.0,0.8862
7049.1,38938.5,7678.8,39360.0,0.8862
17935.4,4800.0,18239.8,5060.4,0.8861
15573.6,23903.1,15677.4,24320.0,0.8861
25836.1,20201.8,26227.6,20480.0,0.8860
15053.3,36525.1,15676.9,36800.0,0.8859
16000.0,19317.7,16120.9,19840.0,0.8859
21447.2,23802.9,21830.8,24320.0,0.8858
7369.4,19549.7,7998.1,19840.0,0.8857
11135.2,3040.6,11520.0,3520.0,0.8857
12173.4,30271.0,12800.0,30718.6,0.8857
23041.8,31204.7,23391.4,31679.5,0.8857
5541.2,14603.1,6079.0,15040.0,0.8856
17303.9,21670.3,17908.8,22078.1,0.8855
13692.8,15264.7,14077.6,15680.0,0.8854
27948.5,25826.5,28039.5,26237.8,0.8854
19103.3,25945.6,19198.9,26419.3,0.8853
6945.0,34971.6,7040.0,35200.0,0.8852
4586.2,14915.0,5116.8,15342.1,0.8852
26380.3,38080.0,26537.2,38129.5,0.8851
6412.8,12370.3,7036.8,12797.1,0.8851
12175.6,37300.5,12800.0,37757.7,0.8850
15404.3,28910.8,15521.6,29440.0,0.8849
16391.6,17103.3,16957.6,17595.9,0.8849
15652.3,27219.4,15773.5,27583.1,0.8849
24406.2,31261.8,24959.9,31678.7,0.8849
23159.8,33927.6,23676.3,34412.3,0.8849
22422.5,4397.8,23040.0,4800.0,0.8848
4581.7,3520.3,4799.2,3713.6,0.8848
24969.6,22648.7,25599.5,23040.0,0.8847
12160.0,2519.3,12796.7,2880.0,0.8845
6234.4,29120.0,6400.0,29517.6,0.8845
24715.1,7361.5,24960.0,7537.4,0.8845
16102.6,16472.1,16637.6,16957.5,0.8845
18894.0,25929.1,19005.1,26427.2,0.8844
14335.6,32624.3,14400.0,32881.4,0.8844
14867.6,21252.9,15352.4,21758.2,0.8843
28325.1,4355.8,28925.8,4796.3,0.8843
20720.6,21972.2,21038.0,22398.3,0.8841
27716.9,30403.7,27799.2,30608.6,0.8841
28315.1,1528.5,28925.6,1920.0,0.8840
28391.2,32331.9,28479.9,32798.1,0.8840
26793.4,49281.8,26850.6,49396.5,0.8838
19292.0,31572.4,19840.0,31999.4,0.8838
23044.8,32090.8,23178.6,32638.3,0.8838
13477.2,48906.6,14078.3,49280.0,0.8838
10560.2,23445.1,11198.4,23680.0,0.8838
20567.3,30739.6,21117.1,31040.0,0.8837
8258.2,9605.3,8638.1,9920.0,0.8837
16026.7,6371.8,16637.6,6720.0,0.8836
18560.0,12330.2,18802.6,12479.2,0.8836
15679.8,23892.8,15763.7,24318.2,0.8836
26741.1,5799.0,26810.8,6062.7,0.8836
19148.0,29649.1,19520.0,30080.0,0.8836
16054.7,10626.8,16632.8,11200.0,0.8834
21526.7,8773.2,22078.4,9280.0,0.8834
6747.7,30926.3,7357.2,31357.6,0.8834
20222.6,24875.9,20281.8,25279.2,0.8834
8000.0,30400.2,8328.9,30567.3,0.8832
4870.9,43201.6,5437.5,43578.4,0.8832
7682.1,33921.7,7791.5,34412.7,0.8832
24684.0,47567.1,25277.6,47998.6,0.8832
26112.7,38297.4,26170.8,38716.1,0.8831
1304.0,923.6,1600.0,1280.0,0.8831
28068.8,49823.4,28159.6,50236.3,0.8831
8989.7,13629.4,9597.3,14080.0,0.8830
21473.0,925.9,21758.0,1277.8,0.8829
21556.2,33561.4,22077.0,33920.0,0.8829
17103.6,34211.0,17279.8,34557.0,0.8829
27520.0,26560.0,28159.7,26870.6,0.8829
18999.2,12089.4,19520.0,12477.6,0.8829
27284.9,34735.9,27837.5,35199.9,0.8826
23665.3,6550.0,23998.1,6718.4,0.8826
23404.7,45711.1,23467.7,46079.8,0.8826
28415.9,34444.6,28926.0,34870.4,0.8825
12250.7,9920.5,12480.0,10032.5,0.8825
28504.6,5689.9,28917.0,6046.8,0.8825
9627.4,1430.3,10238.7,1919.6,0.8824
18367.8,33030.1,18793.4,33600.0,0.8824
24478.1,39648.5,24553.9,39982.2,0.8824
9670.0,9808.5,10214.5,10234.2,0.8823
1977.5,9741.8,2557.3,10237.4,0.8823
20789.3,29462.5,21102.0,29950.7,0.8823
24687.2,17769.9,25276.1,18239.6,0.8823
9329.7,12001.4,9916.5,12475.6,0.8822
10943.4,11639.7,11518.3,11994.5,0.8822
5444.3,232.3,6077.5,636.4,0.8822
24554.0,22085.7,24640.0,22657.3,0.8821
27803.8,42320.7,27876.8,42559.6,0.8819
24962.2,40496.2,25056.6,40957.8,0.8819
27904.3,10137.6,27999.4,10458.2,0.8818
17667.5,31260.5,18239.9,31680.0,0.8818
28160.0,21473.2,28328.4,21760.0,0.8818
13442.7,48007.7,13587.3,48281.0,0.8817
10657.8,31597.0,11200.0,32000.0,0.8817
17181.9,27204.5,17600.0,27715.4,0.8817
28646.9,46602.4,28800.0,46820.6,0.8816
21440.0,22720.0,22078.7,22849.6,0.8816
28280.9,29706.5,28697.0,29985.0,0.8816
17739.7,6152.9,17919.4,6463.6,0.8815
19377.2,25522.6,19836.4,25920.0,0.8815
25284.3,34242.5,25762.9,34787.6,0.8814
10811.7,1858.9,10880.0,2240.0,0.8814
13858.9,29316.6,14396.8,29755.5,0.8813
18637.0,4423.3,19195.5,4800.0,0.8813
15262.2,35107.6,15670.2,35520.0,0.8813
15709.9,26543.0,15820.5,26879.8,0.8813
27861.6,11906.8,27930.7,12125.0,0.8812
19526.9,28980.0,20156.8,29437.3,0.8812
7872.9,39900.2,7999.6,40314.7,0.8812
17305.0,24180.1,17920.0,24633.9,0.8811
9719.2,5443.0,10231.5,5815.2,0.8811
6485.8,40179.7,7038.2,40638.6,0.8811
6491.0,4999.9,7034.7,5440.0,0.8811
3599.7,32863.5,4155.3,33280.0,0.8810
20262.1,11616.2,20797.5,12059.8,0.8810
27047.9,5283.5,27507.9,5756.8,0.8810
15371.9,9163.6,16000.0,9600.0,0.8810
25007.8,36990.5,25280.0,37119.7,0.8810
26399.3,49176.2,26459.2,49280.0,0.8809
24880.0,36160.6,24960.0,36258.0,0.8809
28650.0,46608.1,28800.0,46718.8,0.8809
27624.0,19369.7,28153.4,19836.6,0.8809
21774.7,30997.6,22067.6,31121.6,0.8808
15362.1,16873.1,15466.1,17274.6,0.8808
22761.5,7209.5,23354.8,7675.1,0.8808
17521.9,37022.4,17599.2,37437.6,0.8807
2982.5,21942.9,3505.5,22396.2,0.8807
16646.2,10860.9,17279.0,11196.5,0.8807
25120.3,28089.2,25209.2,28480.0,0.8807
28050.6,25842.7,28157.8,26239.4,0.8807
4758.9,12216.5,5118.6,12478.6,0.8807
23445.5,2114.4,23997.9,2556.8,0.8807
12500.0,3453.1,13120.0,3840.0,0.8807
21182.7,28669.1,21756.5,29104.1,0.8806
12003.5,46626.4,12473.2,47035.4,0.8805
23722.0,33356.1,23915.1,33600.0,0.8805
23722.0,49939.5,23913.8,50238.1,0.8804
6142.8,10836.2,6720.0,11200.0,0.8804
27265.4,33028.5,27517.0,33278.9,0.8804
28635.2,45120.0,28841.8,45178.2,0.8803
18759.7,41932.4,18845.0,42402.7,0.8803
22080.8,39055.1,22176.5,39531.5,0.8803
22521.4,15908.4,23032.2,16318.0,0.8802
13715.9,5122.9,14080.0,5438.7,0.8802
28716.9,30653.7,28800.0,31040.0,0.8801
13862.0,9622.6,14397.7,9987.8,0.8801
26953.4,27521.0,27200.0,27626.7,0.8801
26880.0,43422.7,27012.3,43840.0,0.8800
28829.0,39726.3,28927.2,40319.8,0.8800
22114.5,14791.9,22720.0,14955.1,0.8800
28408.9,10244.2,28479.7,10616.5,0.8800
24640.0,17312.5,25134.2,17908.3,0.8798
23046.3,28405.1,23677.5,28800.0,0.8798
24974.5,50224.2,25196.6,50556.8,0.8797
25043.6,23265.4,25599.0,23671.9,0.8796
17823.0,3628.5,17920.0,3892.9,0.8796
26887.3,24397.9,27116.4,24555.3,0.8796
21892.3,17283.7,22396.2,17719.8,0.8796
28673.9,11840.2,28789.3,12393.1,0.8795
25658.4,29948.0,26022.0,30398.4,0.8795
25280.0,37440.9,25611.2,37559.1,0.8795
10724.3,37971.8,10878.9,38080.0,0.8794
19155.4,6083.5,19515.3,6537.5,0.8794
14400.7,40859.2,14595.7,40959.4,0.8793
3353.8,9023.1,3840.0,9600.0,0.8792
11251.6,41600.0,11835.7,42036.8,0.8792
1417.4,8642.6,1599.7,8820.6,0.8791
21761.6,38080.0,21864.0,38255.2,0.8790
22177.6,27088.1,22713.7,27518.9,0.8790
8127.6,12801.0,8320.0,12915.7,0.8790
20600.8,5757.8,21118.9,6079.6,0.8789
21492.7,8297.8,22077.3,8640.0,0.8789
3279.5,7942.0,3517.9,8256.0,0.8788
24000.0,9562.6,24638.5,9920.0,0.8788
4480.5,641.3,4618.0,710.8,0.8786
16699.3,48642.5,16909.8,48910.4,0.8785
19096.9,35853.3,19200.0,36160.0,0.8784
12173.9,26275.9,12800.0,26560.0,0.8784
19291.4,24512.0,19389.2,24958.1,0.8783
5174.1,6429.0,5755.0,6720.0,0.8781
25602.4,44815.4,25722.5,45222.3,0.8781
27202.2,35520.0,27288.5,35991.6,0.8781
27963.5,43521.2,28035.4,43612.7,0.8781
25758.5,23555.5,25919.6,23996.6,0.8780
10881.0,46959.2,11060.7,47360.0,0.8780
19228.7,42468.7,19836.7,42880.0,0.8780
21816.4,26801.9,22399.4,27200.0,0.8780
27284.7,22447.2,27457.1,22719.0,0.8779
24085.8,6233.6,24636.4,6714.6,0.8778
28690.4,36161.6,28800.0,36673.7,0.8778
18975.1,4486.3,19520.0,4917.0,0.8778
13201.1,10078.8,13756.9,10483.4,0.8778
20875.1,48000.0,21425.7,48442.6,0.8777
21166.8,23548.2,21757.6,24000.0,0.8776
2967.3,15040.0,3199.1,15267.7,0.8776
6419.1,39272.4,6508.3,39680.0,0.8776
15759.0,1614.3,16317.6,2034.7,0.8776
14156.8,27782.0,14716.0,28160.0,0.8776
20800.0,11752.3,21436.5,12159.1,0.8775
27136.7,40816.6,27200.0,41273.4,0.8775
14080.5,33937.0,14719.7,34235.2,0.8775
20789.9,29510.8,21119.6,29760.0,0.8775
21762.4,37523.4,21901.7,37759.7,0.8774
17921.6,11200.0,18108.6,11414.4,0.8774
15546.1,27917.4,15680.0,28159.7,0.8772
26210.7,49280.9,26273.3,49378.7,0.8772
28160.0,33271.7,28799.9,33600.0,0.8771
20801.1,26881.8,21437.7,27237.7,0.8771
18240.7,25920.1,18321.2,26040.3,0.8771
9858.4,5370.7,10126.2,5537.6,0.8771
17679.2,41200.6,17893.2,41599.6,0.8771
25574.9,25812.0,25919.9,25920.0,0.8771
27084.0,11755.7,27267.0,12159.8,0.8770
21124.6,17280.1,21440.0,17762.1,0.8770
2647.3,8096.6,3194.4,8620.0,0.8770
7946.4,33573.2,8318.7,33920.0,0.8770
24001.0,47127.5,24074.6,47358.3,0.8769
23505.3,5440.0,23998.9,5913.9,0.8769
26837.0,49195.3,26920.1,49400.5,0.8767
20031.3,25831.3,20160.0,26239.0,0.8766
8642.4,24573.4,8790.0,24806.3,0.8766
21460.6,25432.1,22071.5,25918.1,0.8765
4226.3,3201.3,4480.0,3407.6,0.8765
27691.1,25920.3,27805.1,26027.8,0.8765
18284.9,23568.8,18876.8,23997.7,0.8765
14575.1,38682.5,14840.4,38719.1,0.8765
18051.1,32513.7,18560.0,32959.7,0.8765
10925.4,36744.9,11515.9,37118.4,0.8765
25362.8,5984.0,25915.2,6400.0,0.8765
2340.0,41476.0,2874.8,41918.9,0.8765
25109.0,42013.5,25233.8,42482.3,0.8764
26826.7,33280.6,27117.1,33597.3,0.8764
19202.1,33311.1,19292.1,33694.2,0.8763
16066.9,36881.5,16626.3,37439.5,0.8763
28818.4,12173.9,28928.0,12667.9,0.8763
26159.1,32640.0,26297.0,32841.9,0.8762
22498.9,23123.3,23039.1,23415.9,0.8762
28354.7,23886.3,28923.3,24318.0,0.8762
2580.2,9414.2,3199.3,9816.9,0.8761
13690.9,21275.8,13760.0,21701.7,0.8761
25840.3,40968.4,25920.0,41263.5,0.8761
28691.4,25886.5,28799.6,26177.2,0.8761
11711.3,5120.0,12160.0,5638.7,0.8759
3909.9,13657.8,4477.5,14078.1,0.8758
16199.3,18039.0,16640.0,18558.7,0.8758
12480.0,25076.1,12615.6,25278.6,0.8758
17602.1,25780.7,17772.8,26237.7,0.8758
28379.6,43339.5,28476.4,43840.0,0.8757
10893.3,239.5,11516.2,640.0,0.8757
5527.0,11383.3,6077.4,11837.0,0.8757
5215.0,5317.5,5757.0,5760.0,0.8756
12115.2,37926.5,12311.7,38392.4,0.8755
14459.4,39972.7,14719.1,40318.7,0.8754
21552.2,18744.2,22073.6,19200.0,0.8753
27223.1,6135.6,27325.5,6400.0,0.8753
27565.7,16854.3,27670.2,17280.0,0.8752
18454.1,17820.5,18878.1,18240.0,0.8751
22498.5,1801.6,23040.0,2240.0,0.8751
15773.6,48516.9,16320.0,48958.5,0.8750
15520.9,22519.2,15583.6,22718.5,0.8750
4203.2,9794.8,4800.0,10233.6,0.8750
16317.7,21008.8,16375.1,21436.4,0.8750
7785.2,13129.1,8319.3,13642.6,0.8750
18093.3,28674.2,18555.3,29120.0,0.8750
21881.9,48210.5,22397.1,48619.1,0.8750
17171.7,26381.5,17279.8,26879.5,0.8749
3960.6,6263.7,4477.7,6720.0,0.8748
18329.8,8443.6,18874.9,8960.0,0.8747
28203.6,34883.0,28479.3,35297.5,0.8746
16960.0,4480.9,17069.6,4622.1,0.8745
16640.0,11840.1,16778.1,11980.5,0.8745
15417.3,21380.5,15535.8,21757.6,0.8744
20373.9,19769.2,20480.0,19875.3,0.8744
20904.0,25807.0,21437.8,26225.6,0.8744
28866.8,10446.1,28927.0,10880.0,0.8744
25048.5,1280.0,25280.0,1822.0,0.8743
22144.2,19551.7,22720.0,20051.1,0.8742
24463.7,30982.1,24960.0,31354.6,0.8742
19840.0,49525.6,20478.5,49920.0,0.8742
6401.9,30400.0,6510.2,30727.3,0.8741
7681.8,34240.2,7795.6,34683.8,0.8741
26158.3,27742.1,26240.0,28156.3,0.8740
13500.5,15570.7,13760.0,16000.0,0.8740
26069.1,36160.7,26145.9,36618.7,0.8740
21146.2,9281.6,21756.6,9674.7,0.8739
14926.6,1120.9,15360.0,1597.0,0.8739
26882.7,28087.1,26985.5,28480.0,0.8739
10255.9,41920.0,10877.1,42396.4,0.8739
16972.0,41604.9,17286.9,41973.6,0.8738
9377.3,41473.7,9918.5,41896.6,0.8738
2974.8,40838.6,3515.7,41279.4,0.8737
6837.5,15546.0,7357.4,15990.3,0.8736
12538.3,18764.9,13112.2,19196.1,0.8735
20278.1,13127.4,20797.9,13603.6,0.8735
26979.6,45040.5,27520.0,45440.0,0.8735
20279.5,15833.6,20797.7,16319.1,0.8735
22720.0,45125.7,23119.7,45595.1,0.8735
28538.2,41693.8,28778.6,41915.6,0.8734
25655.2,46973.2,26240.0,47360.0,0.8733
23690.8,15593.3,24320.0,16000.0,0.8733
14736.6,34794.7,15356.4,35200.0,0.8733
9.4,8960.0,637.0,9469.2,0.8733
27855.2,23694.5,28480.0,24006.1,0.8732
11590.1,22908.7,12152.5,23357.6,0.8732
16608.8,11396.6,16959.6,11519.3,0.8732
17127.9,34445.1,17280.0,34877.1,0.8731
24860.4,28094.2,24960.0,28480.0,0.8731
23043.1,26157.3,23672.9,26560.0,0.8731
17206.4,10762.8,17600.0,11200.0,0.8730
20202.1,25071.8,20473.2,25600.0,0.8730
16560.8,8188.8,16953.2,8627.3,0.8729
10880.4,25920.6,11095.7,26104.6,0.8726
19347.4,12671.2,19838.3,13119.1,0.8725
18415.0,3840.0,18559.4,4037.4,0.8725
27200.0,10092.7,27315.1,10432.3,0.8725
28810.9,14273.3,28928.0,14720.0,0.8725
20878.8,17168.7,21120.0,17600.0,0.8724
10174.9,29762.0,10240.0,30274.9,0.8724
23135.2,48966.2,23359.8,49255.9,0.8724
10766.9,31257.9,10879.5,31677.1,0.8723
26067.7,36396.4,26151.2,36800.0,0.8723
8166.0,6551.4,8640.0,7037.8,0.8723
8030.7,8874.6,8637.3,9280.0,0.8722
27738.7,30161.8,27837.7,30398.5,0.8722
15040.0,38668.0,15196.7,38720.0,0.8722
24734.4,47282.8,25277.7,47680.0,0.8721
26049.5,23680.3,26196.5,24071.5,0.8721
10638.4,27395.1,11194.8,27839.0,0.8721
22448.0,18240.8,22720.0,18701.3,0.8721
24640.0,45504.3,25124.1,46080.0,0.8721
26047.2,25405.3,26240.0,25600.0,0.8720
11958.4,37928.7,12246.9,38393.9,0.8720
16039.6,38598.6,16319.8,38717.5,0.8720
24960.1,370.3,25277.2,835.7,0.8719
24181.4,31363.0,24637.8,31902.5,0.8719
17176.3,15153.2,17280.0,15606.3,0.8719
10031.6,29652.1,10558.8,30078.4,0.8718
6585.4,35520.8,6720.0,35720.4,0.8718
27200.0,32017.9,27316.9,32320.0,0.8718
28738.6,43241.5,28799.8,43520.0,0.8717
10369.0,7720.6,10879.9,8000.0,0.8717
338.5,2197.8,959.0,2559.3,0.8716
25047.2,43120.4,25140.3,43520.0,0.8716
16436.6,3207.0,16955.4,3520.0,0.8715
13122.0,18136.5,13191.7,18557.9,0.8715
19211.8,32496.5,19505.6,32716.2,0.8715
26779.6,27749.4,26880.0,28160.0,0.8714
20240.2,31363.6,20373.3,31643.8,0.8714
25919.1,24640.0,26048.0,24974.9,0.8714
27278.7,42369.0,27834.2,42880.0,0.8714
26570.2,41624.4,27200.0,41920.0,0.8711
28044.5,43520.9,28160.0,43952.1,0.8710
15589.0,19990.6,15679.8,20479.1,0.8710
16215.3,17219.1,16288.3,17600.0,0.8709
16321.1,49600.2,16491.4,49797.8,0.8709
26882.1,32640.1,27027.6,32860.2,0.8708
25710.0,35016.9,25920.0,35200.0,0.8707
25042.6,21772.4,25600.0,22225.1,0.8705
15355.4,23235.8,15447.1,23676.7,0.8705
2251.9,9208.3,2876.8,9600.0,0.8704
27520.0,20133.8,28157.2,20480.0,0.8704
13441.9,5481.6,13630.8,5759.0,0.8704
27196.0,32205.1,27518.0,32632.1,0.8704
15438.4,5628.6,15999.3,6079.5,0.8703
26779.1,10967.0,26878.4,11520.0,0.8702
23815.8,51107.5,23997.0,51198.6,0.8701
8001.5,38722.0,8177.2,39037.6,0.8701
19520.0,37297.3,20016.1,37760.0,0.8700
27005.5,14609.0,27072.3,15039.1,0.8700
24498.4,50561.5,24958.3,50822.6,0.8699
14263.1,18455.9,14340.0,18880.0,0.8699
12801.0,38566.9,12924.6,38719.0,0.8698
17081.5,6083.7,17598.7,6495.3,0.8696
23422.7,12282.4,23519.8,12478.9,0.8696
9114.6,26880.0,9278.3,26940.6,0.8696
20179.1,19545.3,20798.6,19840.0,0.8695
16739.4,35656.0,17274.3,36160.0,0.8694
9889.3,5441.2,10140.8,5539.8,0.8694
12800.0,38720.0,12928.3,38931.2,0.8694
13643.6,20802.0,13760.0,21333.2,0.8694
21548.1,34701.8,21760.0,34988.7,0.8694
17282.8,32071.4,17405.8,32640.0,0.8694
2231.2,7815.8,2557.6,8000.0,0.8693
17338.9,5261.0,17915.5,5758.6,0.8692
10455.1,31816.9,10560.0,32315.8,0.8691
745.1,4013.6,1279.0,4474.7,0.8691
16054.4,33601.3,16319.6,33898.3,0.8691
27782.9,24644.6,27868.1,24810.8,0.8690
13031.9,41424.5,13425.9,41599.1,0.8690
12809.7,30279.3,13439.8,30719.1,0.8689
19569.8,9366.4,20160.0,9844.0,0.8689
18791.2,33384.2,18880.0,33917.7,0.8689
333.8,6227.6,946.0,6717.1,0.8689
9713.8,33169.6,9919.9,33280.0,0.8688
19271.7,12335.5,19839.0,12799.7,0.8688
4865.1,31211.8,5425.9,31678.3,0.8688
20480.0,30609.5,20580.5,31034.9,0.8687
26799.8,6400.7,27017.0,6544.3,0.8687
18917.8,1807.5,19517.3,2240.0,0.8687
27044.0,22081.4,27518.1,22226.6,0.8687
1880.5,1927.6,2234.7,2366.3,0.8687
27361.1,12130.0,27840.0,12473.4,0.8686
27840.0,12800.2,27967.2,12996.2,0.8684
14067.0,38400.0,14325.9,38609.4,0.8684
17003.1,8228.9,17596.1,8640.0,0.8684
10262.8,2076.9,10874.4,2560.0,0.8683
14781.1,9105.9,15039.6,9277.8,0.8683
28718.4,30646.6,28896.8,31040.0,0.8683
27750.3,28415.6,27840.0,28800.0,0.8681
16187.4,28467.6,16320.0,28799.1,0.8681
20179.8,37354.3,20796.4,37760.0,0.8681
18621.7,33191.9,18751.4,33597.9,0.8680
10241.8,11524.4,10878.1,11974.5,0.8680
16783.0,40320.3,16959.5,40486.7,0.8679
26666.9,21995.8,26878.8,22078.3,0.8679
27099.3,46720.5,27199.9,46825.5,0.8678
10241.5,6087.1,10365.7,6291.7,0.8678
994.6,7968.0,1599.4,8320.0,0.8678
4581.9,23828.9,5112.5,24319.1,0.8678
26751.0,642.4,27200.0,1193.9,0.8677
25045.8,1162.4,25279.6,1600.0,0.8677
24234.7,31365.7,24320.0,31812.7,0.8677
24962.0,50228.8,25064.4,50553.5,0.8676
19571.7,48645.1,20154.2,49114.7,0.8675
18771.3,37342.8,18880.0,37759.8,0.8674
22118.0,6401.4,22717.2,6879.9,0.8674
17559.9,33512.5,17920.0,33919.5,0.8673
18880.0,36290.6,19051.9,36480.0,0.8673
25204.2,49726.4,25388.0,49859.3,0.8673
16411.1,16291.4,16957.4,16640.0,0.8672
24000.0,46101.3,24636.9,46377.8,0.8671
27319.0,34114.7,27519.6,34268.6,0.8671
6081.3,4049.1,6511.9,4480.0,0.8670
16283.8,20000.0,16348.2,20371.3,0.8670
28692.0,45909.0,28800.0,46139.3,0.8670
20608.7,48640.0,21113.9,49130.5,0.8669
6876.6,14721.1,7040.0,14855.6,0.8669
12517.7,26480.4,13120.0,26880.0,0.8669
28394.2,43212.5,28479.1,43633.6,0.8669
27816.8,0.6,28160.0,415.1,0.8668
26868.5,4161.4,27200.0,4601.3,0.8668
22764.8,34639.8,22915.7,34878.1,0.8668
321.3,4559.5,377.3,4695.2,0.8667
24800.2,20696.7,25277.9,21120.0,0.8665
8960.0,30941.4,9081.9,31040.0,0.8665
18850.4,37034.3,18921.4,37440.0,0.8663
23346.5,1281.1,23680.0,1755.8,0.8663
14727.8,38972.4,15358.4,39359.6,0.8663
27134.7,39899.9,27200.0,40320.0,0.8663
18881.8,39018.9,19006.2,39359.7,0.8663
21646.0,17281.5,21759.6,17479.0,0.8662
28566.3,11913.0,28645.3,12160.0,0.8661
8748.2,2.1,8959.7,218.6,0.8661
20865.7,29440.8,21436.7,29848.1,0.8659
9883.0,3236.6,10230.8,3517.0,0.8659
28406.9,20404.8,28921.0,20789.0,0.8659
23267.7,12978.3,23360.0,13431.8,0.8659
16459.6,12523.9,16959.6,12800.0,0.8659
6814.4,14951.9,7351.8,15359.7,0.8658
22255.3,37125.7,22399.7,37440.0,0.8658
12480.6,38668.7,12599.7,38719.9,0.8658
10578.1,20244.2,11196.5,20661.2,0.8658
26761.2,38720.9,26880.0,39093.8,0.8658
13760.0,37960.9,14400.0,38399.4,0.8657
2663.8,476.5,3197.6,958.5,0.8656
28447.2,21243.5,28694.8,21302.9,0.8656
27105.7,10452.5,27200.0,10833.7,0.8655
19840.0,36803.5,19967.1,37252.7,0.8651
3234.3,10418.6,3835.6,10878.0,0.8651
15100.2,20800.0,15346.6,21255.0,0.8650
1046.2,2378.7,1278.6,2558.7,0.8650
15183.2,24325.7,15360.0,24656.5,0.8649
28216.5,49171.0,28359.1,49254.5,0.8649
27840.0,12681.3,27970.3,13104.2,0.8648
4312.2,4944.2,4793.9,5440.0,0.8648
3914.8,38722.3,4477.5,39143.4,0.8648
14435.5,37277.0,15037.2,37755.5,0.8647
22720.5,37851.7,23042.6,38080.0,0.8647
12570.2,17905.3,13120.0,18239.4,0.8647
17750.5,26639.2,18238.9,27197.2,0.8646
26428.8,39044.7,26559.8,39561.4,0.8646
17167.1,39228.2,17596.7,39680.0,0.8645
17077.4,34529.3,17594.8,34880.0,0.8645
9292.7,42243.0,9917.0,42666.5,0.8645
2025.2,5315.2,2556.1,5755.9,0.8644
23408.8,47612.7,24000.0,48000.0,0.8643
27262.5,12671.9,27366.0,13116.6,0.8643
10240.0,9591.7,10877.4,9920.0,0.8643
28697.7,41292.9,28775.1,41659.6,0.8643
12806.4,36199.7,13437.5,36480.0,0.8642
27132.1,28565.4,27217.0,28791.4,0.8642
19492.2,42088.9,19769.0,42559.2,0.8641
8057.0,12488.9,8637.8,12877.6,0.8641
18704.0,21983.2,19196.8,22400.0,0.8640
14197.8,12808.2,14400.0,13112.9,0.8640
18632.2,10741.5,19199.4,11195.8,0.8640
28284.5,37769.9,28480.0,38080.0,0.8639
13999.3,6742.5,14400.0,7353.7,0.8638
12612.0,49478.3,12800.0,49909.7,0.8638
19613.2,46971.0,20151.6,47360.0,0.8638
8969.4,9530.1,9596.6,9918.1,0.8637
17306.1,23432.5,17919.5,23834.1,0.8637
14821.9,9008.8,15360.0,9375.5,0.8636
27520.0,34126.5,27635.4,34343.4,0.8636
28536.9,12187.9,28607.6,12659.6,0.8636
14149.8,39288.2,14717.7,39679.5,0.8636
27329.6,20089.0,27826.2,20475.5,0.8635
27099.2,40552.1,27197.7,40958.6,0.8635
6189.5,37120.8,6708.8,37683.6,0.8635
24871.0,37444.5,24960.0,37945.4,0.8634
15050.8,9544.8,15679.8,9920.0,0.8634
26561.0,24403.1,26642.5,24639.0,0.8634
28162.2,49508.8,28264.9,49893.4,0.8633
14218.1,48744.7,14719.9,49280.0,0.8633
8402.9,45447.7,8958.7,45760.0,0.8633
13881.4,24649.3,14396.4,25001.2,0.8633
3841.6,8961.6,4339.9,9431.4,0.8631
15898.5,48960.0,16000.0,49066.2,0.8630
20688.9,43778.0,20799.2,44082.2,0.8629
19058.6,36008.9,19200.0,36480.0,0.8628
5512.6,2975.4,5758.7,3199.4,0.8628
27521.4,39681.2,27616.0,40138.7,0.8626
19200.2,4161.8,19345.3,4322.6,0.8626
20453.1,11577.0,20799.2,11840.0,0.8625
13672.4,21018.8,14080.0,21440.0,0.8625
18808.4,36676.2,18880.0,37111.1,0.8625
17416.7,39042.0,17599.2,39249.9,0.8625
24539.7,38402.8,24639.3,38625.0,0.8624
24019.4,47038.0,24639.5,47360.0,0.8624
19285.4,24313.8,19836.7,24640.0,0.8624
19217.3,23243.1,19837.2,23679.0,0.8624
24320.0,38710.6,24429.9,39038.1,0.8623
1840.4,10463.1,2239.2,10868.3,0.8623
28094.2,45812.3,28158.7,46079.2,0.8623
24430.7,1281.0,24959.5,1757.2,0.8623
16867.2,34420.2,16960.0,34875.9,0.8622
21120.9,22935.0,21277.6,23040.0,0.8622
17055.3,216.9,17582.3,640.0,0.8622
15425.8,20806.1,15534.1,21251.8,0.8621
12121.0,38099.0,12291.5,38569.9,0.8621
24229.0,34792.2,24319.2,35200.0,0.8620
18338.4,44026.0,18877.2,44479.5,0.8620
12903.7,11522.5,13118.0,11852.1,0.8620
26479.0,34727.7,26560.0,35195.9,0.8619
3578.6,15387.4,4157.2,15988.3,0.8619
1096.4,11166.5,1596.1,11520.0,0.8618
20506.2,20369.5,21115.0,20800.0,0.8618
24962.1,40336.1,25060.4,40772.6,0.8618
27861.1,39344.1,28158.7,39678.8,0.8618
9380.4,35108.3,9915.3,35520.0,0.8617
25954.0,37071.5,26101.4,37440.0,0.8616
11364.7,48644.0,11837.1,49021.0,0.8616
15711.0,3752.4,16316.9,4160.0,0.8616
15428.5,18577.3,15484.7,19038.9,0.8616
19205.1,39543.8,19298.1,40000.0,0.8615
26477.9,34882.0,26560.0,35355.1,0.8615
23877.9,34443.8,23972.4,34871.3,0.8613
27876.0,12684.2,27982.2,12798.8,0.8613
27353.3,11841.2,27840.0,12154.2,0.8612
3113.2,3228.7,3199.9,3520.0,0.8612
26665.0,37440.0,26735.3,37536.4,0.8612
24214.0,35951.7,24320.0,36480.0,0.8612
28831.2,13055.1,28923.8,13436.1,0.8611
21303.6,46085.9,21373.4,46482.0,0.8611
20272.7,33445.2,20797.0,33828.8,0.8610
23147.4,11426.3,23359.8,11840.0,0.8610
15682.6,15599.6,15771.2,15999.9,0.8610
7680.0,25600.2,7801.8,25874.5,0.8610
27125.9,9529.5,27199.9,9919.3,0.8609
24001.5,34565.1,24098.3,34957.7,0.8609
20801.1,28800.5,20961.5,29000.2,0.8608
2333.0,3841.2,2560.0,4059.5,0.8608
16996.7,13628.6,17599.5,14003.6,0.8608
20321.2,32962.0,20798.6,33279.6,0.8608
16888.8,22224.2,16960.0,22714.4,0.8607
26553.0,41541.2,26874.5,41917.9,0.8607
25264.5,42760.4,25417.2,43200.0,0.8607
6585.7,37761.4,6648.3,37849.8,0.8606
21060.1,22403.0,21440.0,22859.2,0.8606
27521.3,7723.7,27692.1,7999.9,0.8605
15220.8,27200.0,15374.3,27349.0,0.8605
13027.1,50421.9,13120.0,50560.0,0.8605
9385.9,13243.7,9915.8,13697.6,0.8604
11860.4,23654.3,12477.3,24000.0,0.8603
23902.8,49281.3,23999.5,49390.8,0.8603
16161.9,22401.8,16609.0,22815.3,0.8603
26269.4,5126.7,26878.5,5498.8,0.8602
22081.7,40964.2,22476.7,41350.9,0.8602
10912.5,515.3,11516.0,957.3,0.8600
12148.0,36391.7,12478.9,36800.0,0.8599
6560.4,33640.4,6720.0,33918.3,0.8599
20800.8,13946.2,21438.7,14400.0,0.8599
3200.4,7567.4,3360.1,7678.8,0.8599
14471.7,21762.5,14720.0,22136.4,0.8599
21502.3,15680.0,22075.6,16171.8,0.8599
14158.2,12551.0,14400.0,13113.5,0.8599
24960.0,3520.0,25597.9,3929.2,0.8598
19018.4,33349.8,19200.0,33763.4,0.8598
25280.0,33951.1,25903.9,34240.0,0.8597
15583.4,19773.9,15643.6,20157.7,0.8597
6080.0,35190.6,6144.6,35520.0,0.8596
10560.0,18569.7,10892.0,18854.6,0.8596
26071.2,27209.1,26229.5,27624.7,0.8596
26061.1,35520.0,26146.0,36157.9,0.8596
3289.6,2241.0,3519.0,2560.8,0.8596
24377.7,14907.2,24456.3,15205.2,0.8594
18884.1,20496.8,19432.3,20841.8,0.8594
23690.2,9656.6,24320.0,10125.9,0.8593
13506.2,337.5,14051.6,640.0,0.8593
22907.7,27896.5,23039.9,28159.5,0.8592
2066.3,1282.2,2555.2,1749.3,0.8592
27242.6,42306.6,27835.9,42560.0,0.8591
23533.5,4161.3,23678.8,4260.8,0.8589
12571.8,31614.7,13119.9,31995.0,0.8589
24229.3,17601.0,24319.9,18057.9,0.8588
8379.8,960.9,8639.4,1241.3,0.8587
8488.5,23691.7,8639.5,23999.7,0.8587
1973.0,12696.6,2557.8,13120.0,0.8586
15885.4,29208.9,15999.7,29760.0,0.8585
16676.9,18162.6,17280.0,18560.0,0.8584
28516.2,42888.8,28921.8,43244.4,0.8584
24642.7,15542.3,25120.1,15993.4,0.8584
4880.5,5907.7,5420.7,6397.1,0.8584
3666.0,47227.5,3840.0,47676.4,0.8583
5537.2,12910.7,6079.5,13440.0,0.8583
25026.1,22308.9,25592.3,22719.6,0.8583
26463.3,15535.5,26560.0,15873.5,0.8582
23074.0,31040.0,23360.0,31400.8,0.8581
20497.0,14345.6,21120.0,14720.0,0.8581
18379.5,8801.3,18880.0,9280.0,0.8581
14325.7,29440.0,14399.9,29882.3,0.8581
10240.0,2604.7,10515.7,3198.1,0.8580
23365.3,47478.6,23679.2,48000.0,0.8580
19571.0,20398.6,20160.0,20800.0,0.8579
16845.4,37110.2,17280.0,37440.0,0.8578
18574.7,11850.8,19200.0,12159.2,0.8576
14422.0,34899.2,15038.6,35200.0,0.8576
28864.9,10616.7,28923.9,10962.8,0.8575
19381.4,12804.1,19840.0,13339.3,0.8575
21350.9,33519.8,21438.9,33901.0,0.8575
12582.4,13644.2,13114.4,14080.0,0.8574
26091.9,49281.5,26155.7,49360.4,0.8573
19037.1,43691.0,19520.0,44159.5,0.8573
28576.2,42472.8,28661.7,42875.4,0.8573
10410.5,29037.9,10877.2,29439.5,0.8573
11520.0,35490.4,11604.8,35838.4,0.8573
22081.7,7681.3,22166.8,7818.3,0.8572
26781.6,42188.0,26870.5,42560.0,0.8572
27916.0,34140.9,28478.5,34555.9,0.8571
26075.7,20993.8,26558.0,21439.1,0.8571
18321.3,13120.8,18557.6,13415.5,0.8571
27033.2,17209.7,27192.3,17280.0,0.8570
22023.4,36831.3,22080.0,37119.5,0.8570
7040.0,32326.9,7503.4,32781.9,0.8570
25775.6,28481.9,26235.1,28939.3,0.8570
24462.7,21320.5,24942.1,21754.7,0.8570
20859.4,20505.7,21440.0,20800.0,0.8569
21942.2,2240.3,22393.2,2370.0,0.8569
26833.9,31489.8,27184.4,32000.0,0.8568
25900.2,8806.8,26238.2,9136.2,0.8568
16033.8,48567.0,16638.7,48950.2,0.8568
24361.5,15534.2,24960.0,15995.5,0.8568
28288.0,30400.0,28623.5,30535.1,0.8567
18312.7,32327.3,18479.1,32546.7,0.8566
12093.6,35201.5,12160.0,35781.0,0.8565
16005.2,2805.0,16634.9,3200.0,0.8565
13973.3,25003.2,14080.0,25279.8,0.8565
26442.4,29446.6,26560.0,30064.1,0.8565
9600.0,12142.3,10238.1,12480.0,0.8563
24866.4,3014.5,24960.0,3514.9,0.8563
26804.2,26814.5,27200.0,27200.0,0.8563
23076.8,25147.0,23160.2,25439.8,0.8563
13511.4,27524.7,14077.2,28019.9,0.8562
25180.9,21420.6,25279.8,21758.8,0.8562
23573.2,30504.1,23680.0,30719.2,0.8562
20179.7,41920.0,20299.7,41981.6,0.8561
20526.7,43521.2,20697.6,43733.4,0.8560
15239.4,49494.6,15359.9,49600.0,0.8558
13506.3,14265.9,14075.6,14720.0,0.8557
5841.2,869.6,6397.9,1280.0,0.8557
21864.7,16320.0,22394.8,16552.1,0.8557
15764.2,8913.0,16315.9,9280.0,0.8556
28867.3,21652.4,28928.0,22071.1,0.8556
3270.9,13103.4,3838.5,13440.0,0.8555
23771.8,33927.9,23860.2,34390.3,0.8555
6386.9,38975.5,6474.3,39360.0,0.8555
27577.0,47468.7,27839.8,47679.3,0.8554
7362.2,33700.4,7497.1,34236.6,0.8553
10880.0,46640.5,10979.2,47040.0,0.8552
22257.2,38080.0,22396.6,38143.6,0.8552
8320.5,33837.6,8627.0,34240.0,0.8551
19098.3,15401.4,19199.9,15680.0,0.8550
19069.5,37443.8,19130.7,37760.0,0.8550
20255.9,3071.1,20796.2,3518.1,0.8550
21214.5,44161.8,21275.5,44479.3,0.8549
24951.8,27108.9,25020.8,27519.4,0.8549
16331.4,36697.3,16960.0,37120.0,0.8549
9921.2,4480.7,9992.5,4597.8,0.8548
12134.8,36489.7,12211.3,36980.1,0.8548
13461.6,42884.2,14078.0,43328.8,0.8548
15523.2,44693.1,15649.9,44800.0,0.8546
20744.7,30365.2,21119.0,30716.2,0.8545
19302.9,4998.7,19840.0,5439.5,0.8545
27869.6,50463.3,28108.8,50880.0,0.8545
5507.1,12491.7,6062.6,12800.0,0.8544
20624.2,14731.6,20799.7,15113.7,0.8544
13850.0,36339.6,14395.3,36795.8,0.8544
27415.3,38088.1,27519.1,38326.5,0.8543
19888.7,16320.0,20160.0,16841.5,0.8543
12796.9,16138.6,13119.2,16320.0,0.8543
7361.2,14258.3,7889.5,14718.3,0.8542
15494.0,25282.0,15580.0,25799.1,0.8541
22856.5,7003.6,23359.4,7359.7,0.8541
23580.6,14962.8,23679.1,15343.6,0.8541
14153.0,1326.2,14399.7,1599.5,0.8541
20256.3,19854.7,20797.9,20168.9,0.8541
27935.9,6619.5,28477.9,7037.4,0.8541
7869.4,25539.5,8000.0,25918.9,0.8541
22235.7,3195.8,22717.0,3518.9,0.8540
1072.3,762.3,1278.9,1190.0,0.8538
9692.6,9180.3,10235.1,9600.0,0.8538
25435.5,21769.8,25600.0,22217.6,0.8538
26391.7,32320.0,26876.0,32802.5,0.8538
21454.7,2476.9,22078.9,2880.0,0.8537
21145.1,17736.0,21440.0,18240.0,0.8536
15214.4,49201.7,15359.1,49280.0,0.8536
27578.3,31680.2,28160.0,31821.7,0.8534
17978.3,25826.9,18058.8,26240.0,0.8534
27197.1,42455.0,27267.8,42879.6,0.8534
6259.4,12772.5,6400.0,13033.9,0.8534
8745.2,9272.1,9277.9,9600.0,0.8534
5742.8,3118.8,6080.0,3519.3,0.8532
25753.5,7686.1,25814.2,8006.1,0.8532
25319.7,2561.1,25597.4,2914.3,0.8532
19997.9,45377.0,20159.6,45759.3,0.8532
17823.6,39318.8,17919.5,39680.0,0.8532
20638.1,47360.0,21115.4,47845.9,0.8531
26026.4,22726.6,26228.6,22855.4,0.8531
16981.2,46320.1,17597.6,46716.3,0.8530
15383.9,28673.3,15502.7,29119.9,0.8530
27840.0,33648.8,27961.5,33920.0,0.8529
19699.5,40973.6,19840.0,41466.9,0.8529
4182.4,13668.5,4797.9,14079.7,0.8529
17832.3,26414.1,18233.3,26876.6,0.8529
25988.8,28628.7,26558.4,29118.4,0.8528
28387.1,32641.3,28479.3,32893.1,0.8528
28412.6,32173.3,28550.6,32636.7,0.8527
27978.5,41197.8,28159.9,41406.4,0.8526
15041.6,13446.8,15140.2,13876.6,0.8525
8048.6,13027.2,8633.3,13425.0,0.8524
10129.6,24960.8,10545.5,25058.4,0.8524
21370.7,2241.0,21672.2,2406.9,0.8523
24169.4,31684.6,24640.0,31995.3,0.8523
13618.9,19550.9,13759.8,20025.3,0.8521
18161.7,29771.5,18239.8,30236.7,0.8521
14517.9,14306.1,15034.1,14720.0,0.8521
21500.2,23492.8,22077.5,23999.4,0.8521
8734.4,42796.1,9277.2,43200.0,0.8521
25835.5,30915.8,25920.0,31355.3,0.8520
18034.6,17807.5,18452.4,18240.0,0.8520
15667.2,25283.2,15750.0,25807.5,0.8519
6296.9,37361.4,6400.0,37759.4,0.8518
23600.7,8664.0,24000.0,8905.8,0.8517
18560.0,6720.2,18888.6,6914.2,0.8517
4258.8,13345.5,4795.4,13760.0,0.8515
9698.8,5124.6,9919.5,5396.5,0.8514
15060.8,24965.6,15125.3,25403.3,0.8514
23889.0,37127.0,24000.0,37424.3,0.8513
4569.6,13135.2,4799.7,13440.0,0.8513
18883.6,25703.6,19002.6,26239.8,0.8512
19202.4,35744.4,19270.3,36158.8,0.8512
15998.3,29041.4,16062.7,29439.7,0.8512
82.8,5633.7,640.0,6077.6,0.8511
25360.5,47685.4,25917.3,48200.1,0.8511
8543.6,35284.7,8638.7,35636.4,0.8511
17922.1,30005.0,17985.4,30400.0,0.8511
17062.4,5762.4,17280.0,5930.2,0.8511
6411.8,19555.9,7039.2,19840.0,0.8509
22260.4,12703.3,22718.9,13117.6,0.8509
14592.1,40730.4,14662.1,41060.5,0.8508
5761.5,2242.2,5904.6,2415.7,0.8507
13141.8,22231.0,13760.0,22713.8,0.8506
26780.4,20480.0,27200.0,20963.5,0.8505
20161.7,2.1,20261.2,182.4,0.8504
11408.4,47679.5,11743.0,48000.0,0.8503
11660.0,21761.7,11839.4,21935.7,0.8503
23363.6,19717.5,23999.3,20160.0,0.8503
14542.9,16260.0,15036.3,16640.0,0.8502
28501.7,50665.1,28838.8,51198.8,0.8502
665.2,5622.3,1276.0,6078.0,0.8501
28243.8,40219.0,28799.3,40640.0,0.8501
8908.2,1925.4,9280.0,2378.9,0.8500
4188.1,7041.4,4797.4,7455.0,0.8500
13228.1,11906.0,13438.7,12308.3,0.8500
27254.0,12161.3,27349.3,12335.6,0.8500
18064.2,38631.3,18551.1,39039.8,0.8499
27126.8,9280.4,27199.3,9346.6,0.8499
22167.3,3926.9,22399.3,4159.3,0.8498
9948.2,24475.3,10553.1,24960.0,0.8498
1362.4,11526.1,1600.0,11808.0,0.8498
28165.9,19542.3,28798.3,19840.0,0.8497
26803.5,38400.0,26879.8,38873.8,0.8497
23772.5,7212.4,24318.0,7674.6,0.8496
22895.2,14937.1,23352.6,15353.3,0.8496
27366.6,41559.3,27520.0,41600.0,0.8496
16703.3,21046.1,16787.2,21438.2,0.8496
4567.6,1603.9,5114.1,2038.7,0.8496
11202.5,34763.1,11838.9,35195.7,0.8494
14874.1,29599.7,15359.8,30080.0,0.8493
20570.7,34886.8,20800.0,35229.9,0.8493
15499.7,42880.0,15679.4,43316.8,0.8493
6054.2,5881.4,6400.0,6080.0,0.8492
20571.4,21542.4,21117.0,22080.0,0.8492
4801.9,2769.4,5424.6,3197.8,0.8492
3247.2,31361.9,3836.0,31762.4,0.8492
16413.7,32000.0,16541.4,32479.2,0.8491
10880.0,33601.3,10951.2,33779.9,0.8491
12674.9,7362.3,13120.0,7776.4,0.8491
28263.9,16287.5,28796.0,16638.8,0.8491
17921.1,34880.7,18198.2,35166.6,0.8490
21478.8,26560.0,22077.5,27013.7,0.8489
13537.8,16000.0,14074.3,16476.8,0.8489
13440.0,20659.2,13566.3,21115.2,0.8489
6234.5,36887.8,6296.4,37119.1,0.8489
13717.9,38628.8,13778.1,39040.0,0.8489
26473.2,40067.5,26559.8,40634.7,0.8488
652.4,8278.8,1280.0,8640.0,0.8488
11402.5,48667.9,11519.6,49048.5,0.8488
20239.7,16000.0,20797.6,16497.3,0.8488
25482.7,25544.0,25600.0,25600.0,0.8488
19521.7,9833.4,19769.6,10239.6,0.8487
24207.3,36837.0,24320.0,37398.8,0.8486
28332.8,17888.1,28925.4,18240.0,0.8486
23508.0,4062.2,23997.4,4422.6,0.8486
25920.1,23680.0,26048.5,24142.5,0.8486
15040.0,30635.7,15177.8,31040.0,0.8485
28232.7,24221.0,28468.8,24318.3,0.8485
21767.0,21268.0,22394.6,21756.4,0.8484
7575.6,44349.1,7679.5,44792.3,0.8483
9926.9,23319.1,10557.4,23667.5,0.8482
19200.0,16960.0,19835.9,17216.9,0.8482
24042.3,23360.4,24628.2,23482.1,0.8482
27278.8,33516.6,27839.0,33920.0,0.8481
2345.7,1189.8,2876.0,1599.8,0.8480
27418.0,8418.3,27519.5,8640.0,0.8480
27760.0,40403.6,27840.0,40948.8,0.8480
14723.3,17274.5,15204.9,17600.0,0.8480
6473.2,631.6,7040.0,960.0,0.8479
11329.4,7096.5,11519.1,7359.9,0.8479
19085.3,26518.2,19200.0,26880.0,0.8478
26754.9,38247.1,26880.0,38714.6,0.8478
26152.8,34337.4,26240.0,34880.0,0.8478
24685.7,22960.2,25279.7,23360.0,0.8477
21986.0,30725.0,22080.0,30837.9,0.8477
26752.3,46031.8,27198.1,46400.0,0.8477
19609.6,28160.1,19778.3,28244.3,0.8476
17381.9,32054.0,17908.7,32640.0,0.8476
23458.6,16986.2,23679.8,17497.3,0.8476
8669.9,38979.6,9275.7,39360.0,0.8475
2881.9,887.8,2971.7,1243.9,0.8475
23790.5,48326.1,23903.0,48880.5,0.8475
25145.5,43026.2,25215.9,43519.3,0.8474
14201.4,25620.0,14718.3,25920.0,0.8474
28209.9,36910.9,28797.1,37423.1,0.8473
27838.0,12118.8,27896.7,12448.8,0.8473
12505.9,345.0,13116.6,640.0,0.8472
23362.2,14182.9,23450.3,14604.9,0.8472
24679.2,42439.1,24782.9,42560.0,0.8471
17014.3,6080.0,17279.6,6374.4,0.8470
20480.0,44749.3,20577.8,45118.1,0.8469
11202.6,48260.4,11287.1,48640.0,0.8469
27104.7,40328.1,27167.9,40822.7,0.8469
12003.9,4802.2,12159.9,5038.1,0.8469
18895.3,5842.9,18966.7,6113.7,0.8469
26922.8,8968.8,27519.3,9280.0,0.8468
26469.4,35635.9,26560.0,36150.9,0.8468
17941.1,16987.6,18556.8,17424.5,0.8468
17874.0,32302.6,17958.7,32639.7,0.8468
16505.6,13123.3,16569.2,13398.8,0.8468
25427.3,45680.4,25540.0,46080.0,0.8467
27387.3,43681.4,27463.3,44156.3,0.8467
14722.1,13967.3,14859.5,14396.5,0.8466
12801.5,1979.3,13440.0,2240.0,0.8466
11520.0,6401.2,11848.5,6547.8,0.8465
3520.0,38948.2,3674.0,39353.8,0.8465
8247.4,8222.5,8320.0,8319.6,0.8463
11855.7,1243.8,12478.1,1588.2,0.8463
27409.8,42937.3,27520.0,43517.6,0.8462
15363.0,7360.0,15680.0,7993.3,0.8461
9673.5,10563.9,9920.0,10920.8,0.8461
25967.0,1335.0,26558.9,1600.0,0.8460
18081.7,40504.8,18196.7,40956.1,0.8458
21129.2,1522.4,21758.2,1920.0,0.8458
12677.5,0.6,12910.7,158.6,0.8458
7384.8,26720.1,8000.0,27190.7,0.8458
26880.0,35527.8,27318.0,36018.8,0.8457
26241.2,20681.5,26880.0,21120.0,0.8457
10678.0,5441.2,10880.0,5549.6,0.8456
27435.8,43292.6,27520.0,43833.6,0.8455
28345.0,44057.7,28458.4,44480.0,0.8454
19604.5,48000.3,20158.2,48535.6,0.8453
22403.1,12987.7,22514.7,13435.1,0.8453
25091.9,49923.1,25597.0,50320.0,0.8453
24641.1,2977.4,24873.0,3359.4,0.8453
7367.0,14503.5,7977.7,15036.7,0.8453
15588.8,19841.2,15667.3,20299.1,0.8453
25213.8,35338.6,25280.0,35840.0,0.8452
12874.4,28650.0,13440.0,29117.4,0.8450
22376.3,321.2,22720.0,797.2,0.8450
19984.4,20382.7,20479.6,20800.0,0.8449
27539.8,34152.5,28156.2,34560.0,0.8448
21441.8,34887.6,21527.1,35232.5,0.8448
17131.8,1282.7,17279.2,1507.1,0.8447
25448.4,39872.9,25912.6,40317.1,0.8446
18630.4,9377.8,19195.3,9905.2,0.8445
14591.5,40728.9,14701.7,40960.0,0.8445
8672.2,5784.6,9280.0,6080.0,0.8445
13796.3,36804.1,14397.8,37213.0,0.8445
17613.2,19709.6,18237.4,20154.9,0.8444
26349.4,50879.5,26640.2,51097.4,0.8444
13887.2,23590.6,14394.2,24000.0,0.8444
6853.3,13010.4,7039.9,13359.3,0.8443
18563.2,41616.8,18777.5,41919.8,0.8442
25212.6,42799.2,25277.0,43200.0,0.8442
22477.8,49625.9,23040.0,50038.5,0.8442
23032.6,16724.3,23357.4,16960.0,0.8442
8412.3,12253.5,8956.3,12800.0,0.8441
28306.9,11622.1,28782.5,11840.0,0.8441
3733.9,28963.3,4160.0,29440.0,0.8440
15093.9,16234.7,15159.0,16640.0,0.8439
13820.4,43766.8,13912.6,44159.1,0.8439
14590.0,40744.9,14646.4,40958.0,0.8438
20161.2,991.2,20797.1,1280.0,0.8438
21120.0,37760.4,21402.5,37860.0,0.8438
15774.0,25288.8,15998.3,25889.5,0.8437
1600.2,1826.2,1774.4,2234.5,0.8437
26965.2,25922.6,27067.1,26174.8,0.8436
24222.4,50241.8,24319.9,50435.7,0.8436
17674.1,30602.2,17919.4,31033.8,0.8436
28508.6,43453.5,28584.8,43840.0,0.8436
17674.5,30532.0,18234.6,31033.7,0.8436
22052.0,16967.6,22400.0,17350.8,0.8436
23700.7,22640.1,24317.3,23040.0,0.8435
25976.6,25861.7,26137.6,26224.5,0.8435
27459.5,50641.8,27518.3,50879.4,0.8435
20898.1,18389.4,21430.7,18877.7,0.8434
12863.1,806.8,13119.7,958.7,0.8434
27200.0,18248.8,27825.9,18560.0,0.8434
17360.8,7201.1,17920.0,7660.9,0.8433
25230.3,33379.4,25368.4,33687.9,0.8433
8599.9,9045.3,8959.5,9280.0,0.8433
26882.5,39562.8,26978.6,39992.6,0.8433
9418.2,32283.7,9600.0,32320.0,0.8432
25686.3,44718.0,26234.6,45120.0,0.8431
10242.2,33277.6,10877.0,33600.0,0.8431
6853.8,41922.4,7346.5,42409.0,0.8431
7549.7,26509.3,7680.0,26608.8,0.8430
4555.4,4199.6,5120.0,4800.0,0.8430
24078.1,48455.1,24632.9,48955.5,0.8430
4193.6,3840.0,4798.6,4279.7,0.8428
7118.0,35098.6,7201.6,35199.4,0.8427
15366.9,32235.4,15961.3,32640.0,0.8427
15436.0,24000.0,15549.4,24487.1,0.8427
27383.4,43523.3,27454.6,43974.3,0.8426
11818.0,5442.9,12157.0,5949.3,0.8426
18157.2,40132.6,18239.7,40635.6,0.8426
26190.6,24960.0,26554.3,25107.6,0.8425
12332.5,3840.5,12480.0,3925.8,0.8425
14421.6,38980.6,15034.6,39358.8,0.8425
14290.3,26135.2,14400.0,26240.0,0.8423
24898.7,49302.6,24959.8,49757.8,0.8422
13983.7,43298.3,14078.8,43641.4,0.8422
9639.9,29125.6,10236.3,29653.6,0.8421
11850.9,26748.6,12477.5,27195.5,0.8421
15864.6,26880.0,16000.0,27403.2,0.8419
8112.1,32731.3,8636.0,33071.9,0.8419
19209.2,40181.7,19837.4,40638.3,0.8418
15132.1,4379.8,15676.5,4800.0,0.8418
25920.0,43744.0,26002.0,44154.2,0.8418
15713.1,7591.2,16316.0,7996.2,0.8418
11648.8,17431.9,12154.1,17910.6,0.8417
18615.5,3520.3,18880.0,3788.7,0.8415
26156.4,30400.8,26239.7,30897.4,0.8415
12801.9,31574.5,13437.5,32000.0,0.8414
28160.2,28177.2,28396.5,28476.1,0.8414
23360.0,14180.4,23431.0,14399.1,0.8413
24417.8,21771.8,24956.8,22305.1,0.8413
19236.1,39009.7,19335.9,39357.0,0.8412
7363.4,44185.7,7517.6,44744.1,0.8410
14811.6,49920.0,15356.7,50439.1,0.8410
14480.9,50260.2,15038.5,50749.8,0.8410
27944.6,27200.1,28462.5,27621.6,0.8410
20498.0,16540.1,21116.6,16960.0,0.8409
4367.9,5297.7,4479.4,5756.3,0.8408
3932.6,10538.4,4110.0,10877.5,0.8408
24686.1,17602.0,24960.0,17853.9,0.8408
24396.9,37121.8,24485.4,37348.7,0.8407
14402.1,22012.5,14472.2,22400.0,0.8407
26567.3,13675.0,27200.0,14080.0,0.8407
5528.1,10677.5,6077.4,11200.0,0.8406
20855.4,19033.1,21436.6,19518.1,0.8406
15776.0,2422.4,16320.0,2875.2,0.8405
17423.4,6400.0,17599.1,6656.4,0.8405
18577.4,46684.8,19197.5,47040.0,0.8405
23115.6,6705.1,23680.0,7040.0,0.8405
11930.0,48320.1,12469.5,48462.5,0.8404
12587.9,49476.3,13117.0,49919.3,0.8404
20191.8,23206.4,20798.4,23675.8,0.8403
23363.9,16043.2,23600.8,16318.2,0.8403
25004.1,31573.4,25597.6,31998.7,0.8402
15680.0,19095.1,15782.3,19520.0,0.8402
4284.3,14882.4,4800.0,15355.8,0.8401
23050.9,38132.7,23678.7,38399.9,0.8401
16000.6,49921.1,16156.7,50030.2,0.8400
2987.5,1839.6,3516.8,2240.0,0.8400
8881.3,5856.8,8959.1,6167.9,0.8400
12163.0,2183.0,12799.2,2547.5,0.8400
27918.9,12474.9,28046.3,12521.7,0.8400
28600.0,45375.9,28800.0,45439.6,0.8400
26787.3,13674.7,26880.0,13756.7,0.8399
28299.1,5678.9,28479.2,5946.6,0.8398
8658.9,11525.2,9277.9,11978.9,0.8398
26367.7,31444.0,26868.8,32000.0,0.8398
15680.0,23587.0,15773.4,23995.7,0.8398
23481.9,45621.1,23998.5,46080.0,0.8398
18014.3,6682.2,18556.3,7040.0,0.8397
16787.5,15918.8,17276.6,16320.0,0.8397
15099.3,44087.0,15668.8,44477.5,0.8396
15589.9,26248.9,15678.7,26798.8,0.8395
14958.0,21040.7,15040.0,21440.0,0.8395
22426.1,49281.0,22720.0,49514.3,0.8395
28085.5,29441.4,28344.1,29517.7,0.8395
21477.5,47073.1,21815.4,47358.4,0.8395
18669.1,50120.4,19198.0,50560.0,0.8394
11520.1,48320.9,11852.5,48504.2,0.8394
17282.7,25478.0,17386.6,25920.0,0.8394
10240.0,3472.4,10877.1,3840.0,0.8394
7680.0,38638.3,7794.2,38720.0,0.8393
15191.8,31680.0,15672.3,32104.3,0.8393
18807.0,40640.0,18875.3,41107.1,0.8392
3206.4,48305.3,3838.1,48640.0,0.8392
24060.9,48645.1,24320.0,49043.2,0.8392
15284.3,35083.9,15359.3,35520.0,0.8392
24799.6,19758.5,25280.0,20160.0,0.8391
14999.6,24440.9,15074.9,24960.0,0.8390
25601.6,36160.0,25840.4,36612.5,0.8390
15346.9,21653.1,15417.8,22075.7,0.8389
28402.7,11883.8,28477.8,12158.5,0.8389
8985.4,3746.4,9594.0,4160.0,0.8388
13531.5,12368.6,13759.7,12800.0,0.8388
16487.4,10798.9,16960.0,11200.0,0.8388
23875.6,34442.6,24000.0,34558.7,0.8387
12481.2,32961.7,12549.4,33051.0,0.8386
7055.0,1368.3,7357.2,1599.8,0.8385
28160.0,39769.8,28281.5,40320.0,0.8385
17940.1,23232.8,18557.1,23672.1,0.8385
23432.9,21661.3,23994.3,22080.0,0.8385
14786.4,31916.5,15356.4,32316.9,0.8383
8657.6,34774.2,8869.0,35200.0,0.8382
27841.9,49282.4,27999.0,49788.4,0.8380
13840.6,40679.0,14080.0,40817.7,0.8380
2354.0,4484.8,2559.8,4671.0,0.8380
18884.1,34091.6,19033.4,34557.7,0.8380
8054.9,8526.1,8637.3,8957.6,0.8379
960.0,13038.9,1098.4,13120.0,0.8379
24977.3,33280.8,25278.5,33371.8,0.8379
23060.4,50133.1,23680.0,50559.5,0.8378
18969.4,43333.4,19519.0,43840.0,0.8378
26562.3,26570.8,27200.0,26882.4,0.8378
14008.5,38654.1,14080.0,38773.9,0.8378
19926.3,40321.5,20470.7,40417.6,0.8377
26381.0,709.3,26559.4,1067.6,0.8377
24352.5,27843.2,24640.0,28132.1,0.8376
24973.8,15109.2,25280.0,15395.3,0.8376
18949.4,9149.7,19517.8,9600.0,0.8376
26655.6,49409.6,26722.8,49600.0,0.8376
15597.2,21361.5,15671.9,21759.0,0.8375
10322.8,23680.6,10559.9,23808.5,0.8375
21578.4,48320.0,21759.5,48578.5,0.8375
24341.7,23040.0,24956.1,23402.8,0.8373
25925.3,35583.5,26046.9,36160.0,0.8373
27451.3,22888.1,27575.6,23038.9,0.8372
13318.6,50747.6,13440.0,50855.6,0.8372
26062.6,34887.7,26170.3,35390.8,0.8372
23700.5,29471.9,24320.0,29760.0,0.8371
16604.7,30945.5,16727.7,31360.0,0.8371
26743.4,49157.0,26804.1,49280.0,0.8371
10730.8,1920.0,11141.4,2271.3,0.8371
17983.3,19840.0,18240.0,20308.0,0.8370
16785.2,178.4,17276.9,635.7,0.8370
12510.1,40825.8,13118.3,41275.1,0.8369
7347.6,5042.5,7678.4,5440.0,0.8368
14623.8,14559.1,14719.8,15040.0,0.8368
18106.7,2145.1,18557.8,2555.8,0.8368
19948.4,37187.2,20475.8,37759.4,0.8367
11287.9,49921.0,11833.6,50410.8,0.8367
15309.8,27961.4,15435.0,28478.5,0.8367
4402.0,40003.4,4799.6,40361.9,0.8367
16117.2,38947.7,16275.9,39357.1,0.8366
11919.2,8493.3,12480.0,8956.4,0.8366
11119.9,6738.2,11520.0,6935.3,0.8366
3551.3,13125.1,4158.6,13437.8,0.8366
12801.6,2.9,12907.7,163.6,0.8365
15419.8,27439.6,15521.5,27840.0,0.8365
27930.0,6941.7,28011.9,7357.6,0.8365
19007.3,46400.0,19200.0,46555.4,0.8365
22192.6,10563.2,22720.0,10838.0,0.8365
10940.5,7780.9,11199.2,8320.0,0.8364
26241.3,34422.7,26404.3,34558.9,0.8364
14082.2,18835.0,14216.0,19198.7,0.8364
22400.1,42023.1,22577.8,42238.9,0.8363
22436.2,7557.6,23038.2,7997.7,0.8362
19119.2,37993.2,19182.1,38400.0,0.8361
22548.2,40001.4,23040.0,40115.0,0.8361
17450.6,16459.6,17910.4,16960.0,0.8361
15361.2,25259.8,15416.9,25599.9,0.8360
26449.1,40006.2,26559.4,40361.4,0.8360
7041.7,28161.1,7121.0,28364.4,0.8360
26581.2,28347.0,26649.1,28680.6,0.8360
10925.1,1796.9,11518.5,2239.3,0.8360
27203.8,44804.4,27837.3,45120.0,0.8359
11766.0,35899.3,11839.9,36158.9,0.8358
26560.0,15173.9,26673.4,15550.0,0.8357
15321.1,21000.8,15399.5,21438.9,0.8357
15766.4,24521.4,16315.8,24958.4,0.8355
12883.8,14893.0,13436.6,15346.9,0.8354
7720.8,9844.1,8314.8,10240.0,0.8354
25129.9,42558.7,25280.0,42878.9,0.8354
24009.4,8883.8,24637.6,9280.0,0.8354
22833.1,8000.9,23037.6,8093.1,0.8353
25152.9,38696.7,25280.0,39027.8,0.8353
19665.2,1494.9,20158.2,1920.0,0.8353
16376.1,10562.0,16640.0,10925.5,0.8353
18708.4,43398.8,19187.0,43840.0,0.8352
7232.8,34845.3,7321.3,35189.1,0.8352
18473.6,46408.8,18878.7,46712.9,0.8351
16716.6,41181.9,17265.6,41600.0,0.8349
2906.4,0.0,3516.8,491.4,0.8348
21761.1,4653.1,21957.5,4764.3,0.8348
28374.2,11961.5,28480.5,12480.0,0.8348
15132.3,25716.3,15202.4,26240.0,0.8347
14431.4,4478.4,15040.0,4794.2,0.8347
18704.3,43092.8,19189.0,43518.5,0.8347
9646.1,22614.0,10237.6,23037.3,0.8347
28062.5,50075.7,28479.0,50205.5,0.8347
16320.0,37338.4,16837.2,37760.0,0.8346
16529.9,35433.9,16640.0,35840.0,0.8345
19297.9,33505.4,19519.5,33598.6,0.8345
3792.0,14400.0,4160.0,14853.7,0.8345
25852.5,36170.8,25916.7,36649.6,0.8344
7529.5,3522.4,7680.0,3657.1,0.8344
3933.2,31574.1,4478.2,32000.0,0.8344
24320.0,49899.9,24444.4,50237.0,0.8344
26087.4,27447.8,26230.8,27840.0,0.8343
14807.7,12380.7,15359.5,12789.4,0.8342
12900.3,25920.5,13432.4,26395.4,0.8342
27005.5,3200.0,27517.7,3620.5,0.8342
24231.2,28975.3,24319.8,29377.3,0.8342
13010.6,47919.3,13120.0,47999.6,0.8340
22137.3,31842.1,22720.0,31994.7,0.8339
12038.3,3204.0,12474.6,3616.4,0.8338
26038.6,34786.6,26182.1,35198.0,0.8337
16627.8,4733.9,16958.8,5120.0,0.8335
7710.9,29318.6,8316.7,29758.1,0.8334
27024.1,22970.6,27198.7,23040.0,0.8334
27261.8,41947.5,27835.9,42272.1,0.8334
19220.8,36233.0,19312.7,36476.0,0.8334
25941.0,24010.0,26068.4,24535.0,0.8334
8790.8,7363.5,8960.0,7524.4,0.8334
24872.6,35039.0,24958.7,35410.9,0.8333
21146.9,12641.8,21308.9,13014.7,0.8333
20518.1,16890.9,21117.7,17280.0,0.8333
19585.0,12372.0,20156.1,12800.0,0.8332
25600.0,44968.9,25722.4,45430.5,0.8332
16327.2,20367.5,16501.2,20799.0,0.8331
19110.0,26124.5,19200.0,26559.9,0.8329
16812.1,21006.2,16893.0,21414.5,0.8329
15855.0,26243.3,15999.3,26607.6,0.8328
21463.5,48035.1,22077.2,48320.0,0.8327
11328.6,30938.6,11519.3,31352.0,0.8327
23600.0,8323.7,23680.0,8701.3,0.8327
3872.3,1728.3,4160.0,1920.0,0.8327
26061.1,22082.8,26542.3,22579.1,0.8326
17093.7,1207.2,17551.7,1590.4,0.8326
24865.7,23556.5,24959.8,23995.5,0.8325
21855.9,35647.2,21935.6,36157.2,0.8324
25964.2,36672.6,26080.1,37117.0,0.8323
17872.4,51004.5,18219.1,51198.6,0.8323
2312.5,11214.1,2879.3,11520.0,0.8322
15434.4,20076.9,15547.8,20480.0,0.8322
2161.9,1600.0,2469.6,1886.8,0.8322
26295.4,22570.6,26493.0,22720.0,0.8322
27399.2,37635.1,27520.0,37848.0,0.8321
27594.8,27521.6,27838.1,27588.9,0.8320
3605.0,49445.4,4153.7,49919.7,0.8320
28737.1,40644.9,28800.0,41218.5,0.8320
26373.8,47040.4,26559.4,47311.1,0.8317
13330.6,39376.8,13440.0,39517.1,0.8317
16453.0,12571.6,16958.2,13120.0,0.8316
26274.8,49280.6,26331.0,49379.8,0.8316
15747.5,34596.2,16316.7,34880.0,0.8316
25009.8,48022.6,25596.0,48458.4,0.8315
27730.8,30243.5,27838.1,30700.2,0.8314
1027.4,11202.8,1280.0,11512.4,0.8313
18030.4,24796.2,18528.0,25277.1,0.8313
18931.2,38083.2,19114.7,38261.5,0.8312
2881.1,10248.6,3079.7,10636.5,0.8312
28160.5,20972.9,28798.2,21437.4,0.8310
8470.1,32482.6,8639.5,32959.0,0.8310
27841.8,43407.1,27932.7,43835.5,0.8310
23583.5,32866.1,23671.3,33280.0,0.8309
27705.2,38495.3,28146.6,38711.2,0.8309
15231.4,17500.6,15293.1,17918.6,0.8309
27142.0,30080.4,27236.8,30224.8,0.8309
14628.2,32223.1,15028.6,32639.5,0.8309
25135.6,31189.8,25599.4,31679.4,0.8309
14122.2,27229.6,14400.0,27659.3,0.8308
15798.6,49403.0,16319.2,49910.9,0.8308
28068.5,30140.1,28159.7,30716.6,0.8307
23904.1,49616.3,23999.6,50061.6,0.8307
11840.0,19417.5,11978.0,19520.0,0.8307
24409.2,50451.0,24529.2,50878.2,0.8306
9377.2,8434.7,9919.3,8955.3,0.8306
24960.0,40185.2,25041.5,40634.3,0.8306
11438.0,43072.4,11518.8,43200.0,0.8305
3230.0,1705.4,3839.2,2237.5,0.8304
13120.8,16641.1,13197.5,16745.2,0.8303
14080.0,31205.5,14281.7,31676.0,0.8303
21141.1,12970.7,21759.3,13435.7,0.8302
26071.5,36482.1,26164.2,36951.2,0.8300
6430.4,32838.6,6493.8,33277.3,0.8300
12852.1,36688.4,13436.2,37109.2,0.8300
26301.3,20162.2,26560.0,20663.2,0.8299
16775.2,2892.5,17275.2,3321.8,0.8299
25057.6,19646.1,25599.9,20156.3,0.8299
19382.4,6615.1,19838.9,7040.0,0.8298
24414.5,28260.1,24639.3,28608.8,0.8298
15429.2,19449.9,15487.0,19839.5,0.8297
25497.3,26240.3,25598.7,26391.9,0.8296
21594.4,31074.4,21757.1,31360.0,0.8296
16730.3,21985.0,16908.9,22397.8,0.8295
8661.6,7564.2,9278.5,7996.3,0.8294
28122.7,46408.3,28227.2,46904.1,0.8294
6627.8,11209.3,7035.1,11675.9,0.8294
15928.8,19439.8,16000.0,19840.0,0.8294
26230.2,31275.3,26311.8,31680.0,0.8293
10229.1,34881.6,10559.6,35027.9,0.8293
14507.0,1038.9,14897.2,1600.0,0.8293
26010.1,20491.0,26239.8,21020.7,0.8293
18380.9,10902.0,18558.8,11228.5,0.8292
16198.5,37133.2,16319.6,37703.7,0.8292
8103.0,11940.9,8637.2,12480.0,0.8292
16653.2,23680.0,17276.9,24079.2,0.8290
27840.9,18167.8,28477.9,18560.0,0.8290
17751.1,25920.6,17920.0,26334.6,0.8289
26160.1,38247.1,26345.1,38719.7,0.8289
8989.2,12519.4,9597.2,12874.6,0.8288
16983.3,22720.0,17597.5,23161.8,0.8288
11849.6,41289.9,12477.8,41599.9,0.8288
17334.7,44673.5,17915.5,45120.0,0.8287
10560.0,4480.0,10823.7,4759.0,0.8286
10945.4,36337.5,11519.0,36794.1,0.8285
27205.4,9538.2,27831.1,9826.7,0.8285
27130.4,9322.3,27200.0,9597.5,0.8284
1921.1,6281.9,2015.1,6399.8,0.8284
28193.8,1148.3,28795.5,1600.0,0.8284
9276.0,320.0,9600.0,874.0,0.8284
27883.7,10968.9,28081.2,11199.8,0.8283
15052.5,24870.9,15119.0,25280.0,0.8283
21156.6,48641.7,21440.0,49118.7,0.8282
9281.2,21761.0,9352.8,21866.4,0.8282
25820.1,30726.1,25920.0,31220.9,0.8282
15268.5,17145.9,15360.0,17594.2,0.8281
16563.5,14531.6,16640.0,15032.7,0.8280
11624.4,37602.7,12160.0,38076.0,0.8279
26078.2,30316.9,26162.8,30719.5,0.8278
17391.2,42881.5,17600.0,43268.4,0.8278
24711.0,9209.5,25274.5,9600.0,0.8278
26379.8,28561.8,26560.0,29091.0,0.8277
23451.5,21783.1,23987.6,22251.8,0.8277
25298.1,7909.7,25915.5,8320.0,0.8277
21120.9,26241.8,21760.0,26644.7,0.8276
9026.1,33580.2,9161.0,33830.5,0.8275
23456.2,40000.0,23680.0,40030.3,0.8274
11623.2,5120.3,11838.6,5391.1,0.8274
15760.8,24966.4,15997.3,25401.3,0.8274
25145.7,24328.9,25280.0,24918.8,0.8273
24063.5,28823.4,24640.0,29120.0,0.8272
23284.6,14402.7,23359.9,14616.6,0.8272
24541.2,36043.1,24637.6,36382.2,0.8272
15589.1,20166.7,15680.0,20718.1,0.8272
12327.0,26543.7,12798.5,26880.0,0.8271
18375.9,5315.8,18874.4,5638.6,0.8271
13952.0,24642.2,14080.0,25030.4,0.8271
20765.0,42099.4,20822.7,42557.7,0.8270
11899.3,21905.1,12476.8,22396.3,0.8269
22405.2,20700.2,22830.1,21120.0,0.8269
28398.3,18153.3,28478.9,18559.8,0.8269
15429.7,18791.5,15495.7,19197.7,0.8269
25876.0,38413.3,25961.6,38852.3,0.8269
12936.2,3306.5,13438.8,3833.0,0.8269
12636.6,20480.0,12798.5,20534.2,0.8269
26390.5,49280.5,26454.8,49381.9,0.8268
22131.1,19740.0,22399.6,20056.1,0.8268
6934.2,2047.5,7038.5,2240.0,0.8268
17602.7,31596.4,17758.7,31999.1,0.8267
23059.6,24205.3,23680.0,24639.1,0.8266
22854.3,7074.4,23040.0,7360.0,0.8265
20809.1,22927.4,21437.4,23354.4,0.8265
8418.4,37049.4,8501.6,37440.0,0.8263
6771.7,12230.2,7028.5,12478.3,0.8262
11840.5,19102.9,11938.6,19200.0,0.8260
16698.0,30720.0,17265.3,31152.1,0.8260
6292.0,37982.9,6397.5,38400.0,0.8260
26880.2,14522.8,27064.3,14719.1,0.8259
23041.4,34240.0,23171.0,34556.6,0.8259
28318.7,28185.9,28800.0,28467.8,0.8259
25920.0,38080.3,26100.1,38148.1,0.8258
4555.0,31974.5,5117.7,32320.0,0.8258
19046.9,12706.8,19517.8,13119.9,0.8257
24802.8,40645.7,24956.1,41129.7,0.8257
24000.0,44186.0,24637.6,44514.2,0.8257
24320.0,44525.2,24865.2,44800.0,0.8257
7210.9,35186.0,7296.9,35265.7,0.8256
13440.0,37790.9,14080.0,38080.0,0.8256
18475.2,25778.3,18560.0,26235.0,0.8255
15437.3,3153.3,15996.0,3520.0,0.8253
20858.5,9295.6,21440.0,9600.0,0.8253
10258.7,30295.2,10880.0,30720.0,0.8253
14008.5,6934.1,14079.5,7360.0,0.8252
15360.0,25850.8,15467.2,26239.5,0.8252
28680.4,7114.5,28928.0,7360.0,0.8249
19520.8,11521.7,19666.0,11634.1,0.8249
8337.2,2738.6,8541.4,2879.2,0.8249
22080.6,40316.5,22294.7,40634.3,0.8249
15454.9,36368.2,15993.9,36800.0,0.8248
18759.9,28800.0,18880.0,29254.1,0.8247
19306.0,40960.0,19518.8,41201.5,0.8246
3919.3,28480.0,4474.2,28945.9,0.8246
23264.4,14076.6,23359.4,14400.0,0.8243
27200.0,36061.5,27338.6,36479.9,0.8243
11211.4,26851.0,11840.0,27200.0,0.8242
22216.5,27434.9,22715.4,27840.0,0.8242
27935.3,3840.0,28472.8,4301.1,0.8241
3046.3,3044.0,3503.5,3517.9,0.8241
13768.9,38405.5,13851.4,38837.3,0.8241
16886.1,24231.8,16959.8,24640.0,0.8240
24320.0,48878.0,24431.4,48960.0,0.8240
11543.4,21362.5,12156.8,21755.6,0.8239
16913.3,33967.5,17262.5,34240.0,0.8239
25071.8,4649.8,25594.2,5118.6,0.8239
17879.0,45308.0,18200.2,45750.1,0.8238
3928.0,16000.0,4159.9,16431.9,0.8238
26241.8,20802.0,26349.4,20978.6,0.8238
26650.6,22400.8,26880.0,22515.9,0.8238
18275.0,22616.6,18876.6,23040.0,0.8238
12800.0,48327.2,13052.4,48811.2,0.8237
28771.6,42958.8,28919.6,43199.3,0.8237
15643.5,0.0,15831.7,41.4,0.8237
7935.1,8717.5,8317.7,8958.7,0.8236
28296.3,542.7,28792.7,960.0,0.8236
16861.0,15228.9,16960.0,15360.0,0.8236
23362.2,12421.8,23435.4,12800.0,0.8235
27851.3,35144.9,28478.0,35519.2,0.8234
18494.1,34775.1,18590.6,35199.2,0.8233
14081.6,14170.2,14148.5,14314.4,0.8233
10255.8,1600.0,10880.0,1812.1,0.8232
13483.9,46566.2,14075.6,47039.7,0.8231
21368.3,2165.7,21743.9,2560.0,0.8231
14606.1,31360.0,14720.0,31848.4,0.8231
25600.0,37760.2,25933.6,37893.8,0.8230
2368.8,10447.3,2876.7,10878.1,0.8230
27534.5,15264.6,27660.0,15677.9,0.8230
15293.5,11769.5,15679.1,12158.8,0.8229
19840.7,14646.8,20480.0,15040.0,0.8229
1939.4,7898.2,2560.0,8319.7,0.8228
16304.4,20362.4,16423.8,20799.0,0.8228
11210.5,23924.6,11840.0,24314.4,0.8227
28059.9,48742.7,28160.0,49273.1,0.8227
27239.5,46879.9,27838.8,47358.7,0.8227
28697.1,22035.3,28800.0,22281.5,0.8227
15781.5,28383.2,15893.7,28800.0,0.8227
5760.0,15360.3,5976.5,15569.4,0.8227
9496.3,8389.3,9919.1,8640.0,0.8227
22720.0,25319.4,22883.1,25600.0,0.8226
14708.4,29987.9,15039.8,30399.8,0.8226
14124.4,4052.3,14718.7,4480.0,0.8226
6551.1,40371.4,7039.1,40960.0,0.8226
25920.0,42577.4,26387.4,42902.7,0.8225
20229.3,1656.1,20787.0,2238.3,0.8225
18467.6,25806.7,18560.0,25919.4,0.8224
17183.8,26585.8,17278.8,27019.5,0.8224
12680.4,11071.3,13118.9,11520.0,0.8224
2028.7,11760.8,2557.1,12159.5,0.8224
67.4,6583.3,636.6,7040.0,0.8223
17165.6,27043.8,17579.5,27514.5,0.8223
10639.6,8215.9,11190.6,8640.0,0.8222
23894.0,48211.1,23992.1,48640.0,0.8222
10613.1,36831.8,11197.3,37120.0,0.8221
5211.2,13236.5,5758.0,13754.8,0.8221
15518.5,22544.5,15607.1,23031.8,0.8221
21120.0,25293.4,21255.4,25740.8,0.8220
27854.3,7040.0,28476.4,7519.1,0.8220
19576.4,3520.0,20148.5,3749.6,0.8220
646.9,2561.0,1280.0,2879.4,0.8219
5250.5,28701.9,5755.4,29119.0,0.8219
14213.6,39711.4,14719.9,40000.0,0.8219
24140.1,30564.4,24281.7,31035.6,0.8218
8002.0,24640.0,8113.4,24958.7,0.8218
4991.2,3746.6,5438.7,4160.0,0.8217
28384.2,43710.4,28450.9,44149.3,0.8216
28788.2,29784.9,28927.7,30134.2,0.8216
8139.8,9301.9,8640.0,9697.3,0.8216
15335.2,9281.6,15680.0,9692.9,0.8215
15045.7,46720.0,15673.9,47113.2,0.8215
15234.3,35852.9,15360.0,36160.0,0.8214
9602.3,32640.0,10237.8,33006.0,0.8214
20757.6,25926.3,21120.0,26369.9,0.8214
18590.6,35522.4,18663.9,35732.6,0.8214
22400.0,41133.8,22470.3,41593.9,0.8214
13565.5,17920.0,14076.2,18434.3,0.8213
10240.0,11909.3,10877.7,12160.0,0.8213
19441.8,35418.7,19520.0,35838.8,0.8213
25526.6,30231.8,25600.0,30712.0,0.8212
27752.9,30727.2,28068.3,31186.2,0.8212
16001.2,40640.5,16251.4,40793.7,0.8211
24960.3,12745.4,25599.0,13056.4,0.8210
18039.9,2562.4,18240.0,2966.0,0.8210
19527.1,22614.9,20158.5,23038.3,0.8210
24961.1,1968.6,25056.5,2541.5,0.8210
5905.6,23040.7,6079.4,23283.2,0.8209
12524.9,20705.7,13116.3,21116.6,0.8208
23906.5,20674.9,24000.0,21115.7,0.8208
27205.6,8267.3,27325.4,8638.5,0.8208
26809.9,27133.0,26879.9,27520.0,0.8208
23093.2,42811.9,23675.1,43200.0,0.8208
8732.0,7169.3,8959.0,7579.4,0.8207
16007.3,1954.3,16636.6,2240.0,0.8207
26329.1,38207.8,26560.0,38398.8,0.8206
6805.8,11523.2,7040.0,11810.1,0.8206
11537.3,41606.5,12157.1,41990.7,0.8206
21929.6,42078.5,22080.0,42158.1,0.8206
16710.8,47305.6,17280.0,47680.0,0.8206
19001.6,25921.9,19100.3,26429.3,0.8205
4199.5,10080.4,4797.0,10560.0,0.8204
18045.3,40243.3,18165.0,40640.0,0.8203
2460.4,5440.5,2877.6,5884.4,0.8203
19071.1,37461.9,19187.3,37760.0,0.8202
13835.3,4803.4,14391.8,5120.0,0.8202
27477.6,11257.6,27546.2,11565.0,0.8201
13768.2,16539.9,13891.4,16955.8,0.8201
2338.7,5733.5,2880.0,6080.0,0.8200
9646.0,23253.4,10236.6,23671.7,0.8199
22080.0,10258.2,22717.3,10661.7,0.8199
6588.2,5667.1,7038.9,6078.8,0.8198
5105.8,11871.1,5439.1,12160.0,0.8195
16534.9,21993.7,16640.0,22400.0,0.8194
21927.7,48001.7,22079.4,48125.7,0.8194
17655.3,42126.9,18218.7,42560.0,0.8194
17466.5,28057.1,17920.0,28480.0,0.8193
18637.3,22720.0,18880.0,23230.2,0.8193
15285.3,20189.7,15357.6,20656.0,0.8193
24056.1,3203.9,24634.1,3840.0,0.8192
1443.2,12161.3,1599.7,12368.1,0.8192
2880.0,47204.8,3008.5,47677.9,0.8192
27083.6,13348.0,27199.6,13752.5,0.8191
7461.1,35250.9,7996.3,35829.0,0.8191
14720.3,1951.2,14992.5,2071.1,0.8191
20481.7,41276.2,20637.9,41595.9,0.8191
19091.1,34823.9,19520.0,35185.9,0.8190
8960.0,38401.5,9019.0,38637.8,0.8190
9293.5,7615.9,9918.3,8000.0,0.8190
21771.8,16587.3,22398.4,16960.0,0.8190
8242.9,12883.2,8638.5,13118.1,0.8189
23614.5,14049.6,23679.1,14398.9,0.8189
23680.4,28800.5,24009.2,28928.9,0.8189
26574.6,32960.0,26880.0,33414.3,0.8189
11287.3,8118.2,11833.8,8640.0,0.8189
19202.0,41837.2,19394.3,42239.6,0.8188
24673.9,38080.0,24791.0,38202.9,0.8188
11201.4,17921.0,11343.2,18097.8,0.8187
17610.2,36872.1,17918.0,37118.6,0.8186
15040.4,22228.5,15338.1,22356.7,0.8185
5440.6,3351.4,5630.0,3518.2,0.8184
24460.9,19062.1,24959.2,19517.2,0.8184
9680.5,1280.0,9918.9,1742.1,0.8184
15661.3,23254.0,15766.6,23674.6,0.8183
17921.7,34186.2,18169.2,34560.0,0.8182
27046.6,45387.1,27508.1,45760.0,0.8181
26880.0,11840.0,27345.9,12399.3,0.8181
14484.5,8815.1,15038.9,9280.0,0.8181
27447.5,22350.6,27730.3,22529.4,0.8181
22080.0,20118.3,22210.0,20480.0,0.8181
20308.5,44490.2,20405.8,44958.4,0.8180
20089.9,32851.9,20160.0,33272.8,0.8180
20716.0,40643.1,20800.0,41141.3,0.8179
21677.5,34880.0,22074.8,34956.8,0.8178
22335.4,22920.6,22535.2,22967.2,0.8178
24213.0,16640.0,24640.0,16842.7,0.8177
26409.2,39196.5,26870.7,39673.1,0.8177
11564.6,1404.0,12157.0,1917.3,0.8176
3585.5,22054.4,4156.3,22400.0,0.8175
26376.8,11200.9,26493.6,11393.8,0.8175
18813.8,44970.5,19200.0,45435.8,0.8175
10916.1,7434.4,11197.8,7679.9,0.8175
3435.2,14056.9,3840.0,14396.1,0.8174
10947.9,49483.1,11515.4,49920.0,0.8174
21261.7,23680.0,21760.0,24194.8,0.8174
4458.6,12513.0,4799.2,12799.6,0.8174
16392.6,31933.1,16516.8,32320.0,0.8173
16000.0,20037.2,16250.2,20480.0,0.8172
28162.2,34240.1,28272.2,34360.4,0.8172
20800.0,37018.3,21328.8,37438.8,0.8171
25280.0,5709.4,25917.3,6080.0,0.8171
20633.5,20800.6,21116.8,21265.1,0.8171
22903.9,42491.6,23357.0,42872.9,0.8169
24896.6,19840.0,25280.0,20322.8,0.8168
22080.0,39259.1,22179.3,39679.9,0.8168
16975.4,30023.3,17598.4,30400.0,0.8167
23680.0,48681.5,23783.7,49280.0,0.8167
19224.6,27053.1,19839.6,27506.2,0.8167
23680.0,21661.4,24181.6,22079.5,0.8167
22493.2,3551.5,23039.4,3900.3,0.8166
22069.4,11550.7,22398.6,11840.0,0.8166
21513.3,20370.4,22073.9,20800.0,0.8165
27201.0,27126.9,27411.6,27198.7,0.8164
9922.5,45014.8,10427.2,45440.0,0.8164
16200.3,37308.7,16637.6,37759.1,0.8163
706.3,2.8,960.0,201.5,0.8163
17977.9,23833.0,18559.4,24316.2,0.8163
11841.2,48446.2,12067.4,48640.0,0.8161
20800.0,14336.4,21436.8,14720.0,0.8159
14400.0,33283.9,15037.4,33652.9,0.8158
19841.6,20805.5,20184.4,21304.7,0.8158
18824.7,41025.1,18908.2,41600.0,0.8156
19116.0,39158.1,19199.4,39673.0,0.8156
16306.9,20636.1,16362.0,21080.3,0.8155
28002.8,37122.0,28159.2,37342.3,0.8154
22562.5,40230.9,22720.0,40634.7,0.8153
15777.7,28484.3,15899.9,28976.7,0.8153
26459.0,49179.5,26513.9,49280.0,0.8153
9600.0,13440.3,9845.9,13656.8,0.8153
12975.0,7200.8,13120.0,7534.8,0.8152
24526.1,24920.0,24632.9,25272.2,0.8152
9966.6,8020.1,10557.5,8319.5,0.8152
11412.4,47842.4,11839.3,48318.4,0.8151
6970.6,39256.0,7040.0,39663.8,0.8150
11925.2,4489.8,12159.9,5024.0,0.8150
27226.4,41995.9,27312.3,42290.8,0.8149
10585.9,38552.5,11200.0,39039.8,0.8147
17600.0,38855.0,17668.5,39360.0,0.8147
26287.8,16.0,26557.1,333.9,0.8146
10273.1,12842.7,10558.2,13119.3,0.8146
15608.4,26482.0,15688.6,26877.4,0.8145
18959.8,41875.7,19200.0,42238.9,0.8143
25688.7,45361.6,25775.4,45759.4,0.8142
18881.7,24000.0,19174.9,24444.8,0.8141
10671.0,33816.2,11192.6,34240.0,0.8140
3939.6,8459.3,4475.2,8955.0,0.8140
22755.3,48220.0,23358.8,48575.4,0.8140
22080.2,14962.4,22717.5,15356.5,0.8140
24105.6,20800.0,24320.0,21273.0,0.8140
23610.9,32962.6,23679.9,33438.7,0.8139
28160.0,14128.6,28797.9,14400.0,0.8139
27841.9,42432.9,27902.6,42874.7,0.8139
17794.0,20408.4,17895.8,20479.5,0.8138
13763.8,1936.8,14399.3,2189.1,0.8138
16393.4,19840.0,16955.7,20310.3,0.8138
17397.4,32008.0,17599.6,32621.3,0.8138
15847.7,40381.7,15999.7,40638.4,0.8138
15680.0,39337.7,15806.4,39680.0,0.8138
23832.6,18132.1,24320.0,18559.9,0.8138
22473.0,44928.7,23034.9,45440.0,0.8137
26240.0,32838.7,26351.7,32958.8,0.8137
23603.9,48000.1,23718.2,48274.1,0.8136
11618.5,1104.1,12153.3,1599.0,0.8136
26880.0,27844.6,27011.2,28340.7,0.8135
6089.5,220.0,6719.9,639.9,0.8134
20091.1,9918.2,20160.0,10227.0,0.8134
26651.2,37122.5,27189.1,37620.7,0.8133
24858.4,41083.8,24959.2,41456.4,0.8133
16349.4,2478.2,16957.1,2781.8,0.8132
25776.0,37870.8,25925.3,38075.2,0.8130
11216.0,22290.4,11834.1,22720.0,0.8130
21120.0,47324.2,21758.2,47680.0,0.8130
28806.5,40002.2,28921.8,40373.5,0.8129
12196.0,33867.5,12799.7,34240.0,0.8128
13665.6,8809.5,13760.0,8960.0,0.8128
15886.8,28131.4,15998.7,28477.8,0.8128
27841.4,41661.8,27990.5,41896.9,0.8127
24465.4,22081.0,24958.5,22368.0,0.8127
21746.4,19992.9,22078.8,20158.9,0.8126
4112.8,39682.7,4479.7,40080.8,0.8126
18268.7,13760.3,18879.7,14080.0,0.8126
14720.0,20800.0,14787.4,20943.2,0.8124
6720.0,41677.3,6789.0,42240.0,0.8124
21641.3,31236.4,21760.0,31673.1,0.8123
24557.1,24004.1,24951.4,24465.3,0.8123
25041.5,37254.1,25279.3,37439.7,0.8122
7901.2,41602.6,8000.0,42049.9,0.8121
13190.7,14244.6,13757.9,14718.3,0.8121
9601.3,20660.2,9795.9,21114.7,0.8120
19362.7,41155.4,19519.5,41597.4,0.8119
18141.6,29353.4,18238.7,29440.0,0.8119
17320.3,49597.5,17917.2,49920.0,0.8118
26610.9,6898.7,26717.9,7061.5,0.8118
27971.3,41524.8,28478.3,41908.0,0.8118
24640.0,38645.5,24734.9,39039.9,0.8117
2284.6,40226.8,2870.2,40640.0,0.8117
15130.1,44160.2,15359.6,44358.7,0.8117
10949.9,9281.4,11199.4,9601.7,0.8116
3582.8,4365.6,4155.8,4800.0,0.8115
22722.3,40000.9,23358.8,40099.2,0.8115
19842.8,35550.7,19935.6,36109.8,0.8114
5829.4,11122.9,6396.4,11520.0,0.8113
24670.1,47953.6,25278.4,48320.0,0.8113
6562.2,34782.9,6718.9,34880.0,0.8112
640.1,1280.0,1025.0,1737.9,0.8112
26671.0,36808.7,27188.6,37440.0,0.8110
8350.6,339.3,8957.4,828.0,0.8109
4256.0,3060.2,4799.2,3520.0,0.8109
19081.1,25284.5,19199.9,25821.1,0.8109
18656.7,8643.1,19194.4,9136.6,0.8108
7810.3,6301.0,8318.6,6720.0,0.8108
11249.2,19741.0,11836.7,20156.9,0.8108
12411.6,22728.7,12480.0,23040.0,0.8108
28066.0,50286.3,28159.1,50654.7,0.8106
11391.0,6483.7,11520.0,6720.0,0.8106
9067.5,40880.4,9599.2,41280.0,0.8106
17920.6,38965.5,18040.9,39359.5,0.8105
24999.5,33984.3,25136.0,34064.8,0.8105
12324.0,6341.6,12799.7,6720.0,0.8104
18880.0,25253.5,18974.6,25599.3,0.8104
24033.5,28367.0,24639.5,28798.0,0.8104
27068.3,22081.3,27200.0,22229.4,0.8104
7362.1,44287.5,7508.6,44480.0,0.8102
13247.2,45968.5,13439.7,46078.6,0.8102
16502.4,32884.9,16706.5,33279.5,0.8101
12223.0,27418.6,12476.7,27812.3,0.8101
11716.9,34125.6,11837.7,34240.0,0.8101
17942.0,44172.1,18557.1,44550.8,0.8100
26880.8,39360.3,26970.2,39448.7,0.8099
4572.7,28161.5,5112.4,28559.2,0.8098
17616.9,37037.0,18236.5,37440.0,0.8098
28865.2,13503.6,28926.7,13758.8,0.8098
12602.4,10775.3,13080.8,11200.0,0.8097
27520.0,8818.9,28159.7,9085.4,0.8097
23425.3,17462.9,24000.0,17919.3,0.8097
2881.5,3841.2,3022.2,4034.6,0.8096
24410.4,21442.2,24638.9,21825.9,0.8094
15681.8,19099.1,15780.3,19199.9,0.8094
26073.5,30724.8,26558.9,31193.6,0.8093
15441.8,33493.0,15997.2,33920.0,0.8093
4483.9,29440.5,4800.0,29556.7,0.8093
22400.8,31818.9,23039.5,31996.0,0.8093
26435.8,28480.9,26584.2,28674.9,0.8092
4517.8,13660.7,5116.9,14080.0,0.8092
15642.7,25494.2,15776.8,25920.0,0.8091
1133.3,8160.2,1279.2,8502.4,0.8091
3831.3,6647.8,4155.4,7040.0,0.8090
9042.6,43569.5,9598.9,44160.0,0.8090
18810.6,41281.3,18874.1,41655.5,0.8089
20491.4,28175.9,21118.7,28480.0,0.8089
27572.4,39267.6,27810.9,39678.6,0.8088
25217.0,10560.0,25600.0,11087.1,0.8087
24000.5,15352.3,24636.4,15680.0,0.8087
7702.6,10144.1,8317.2,10560.0,0.8086
28193.4,16010.2,28480.0,16517.0,0.8085
28330.3,22942.5,28587.2,23038.7,0.8085
9049.2,9603.4,9599.4,10114.3,0.8084
6049.8,34161.1,6122.2,34560.0,0.8083
15052.9,6340.6,15677.9,6720.0,0.8083
27326.0,35840.1,27518.8,36024.9,0.8082
18774.5,41709.0,18848.9,42238.1,0.8082
14229.3,18172.5,14376.5,18560.0,0.8082
21323.3,11695.3,21440.0,11892.5,0.8082
15140.5,40333.2,15359.3,40771.7,0.8081
26084.5,40554.9,26559.6,40960.0,0.8081
27967.3,43466.5,28046.3,43839.3,0.8080
8474.2,7275.5,8959.7,7680.0,0.8080
19744.4,41186.9,19840.0,41599.1,0.8080
1525.6,537.9,1919.4,957.8,0.8080
17283.7,37591.9,17419.2,38080.0,0.8079
26999.1,6126.4,27103.0,6400.0,0.8079
7184.4,10387.9,7674.3,10873.0,0.8078
25050.9,47875.7,25596.5,48319.5,0.8078
17943.5,44488.9,18559.5,44800.0,0.8077
17009.1,7486.4,17591.6,7997.8,0.8077
16389.5,28160.0,16936.2,28646.8,0.8076
25707.5,4482.1,26238.0,4975.2,0.8075
23706.6,33501.9,23775.6,33916.4,0.8075
7473.8,24960.2,7997.5,25472.3,0.8074
11242.8,30405.1,11837.2,30850.7,0.8073
19344.5,8920.2,19832.9,9278.6,0.8073
26134.9,23727.2,26196.4,24064.1,0.8073
8705.0,12031.2,9280.0,12478.4,0.8072
2344.7,8816.2,2878.0,9280.0,0.8071
13357.2,43555.2,13438.5,43840.0,0.8071
10203.0,7284.7,10560.0,7680.0,0.8070
24763.4,36267.6,25272.9,36671.6,0.8070
24967.1,41932.0,25233.0,42240.0,0.8068
6361.5,38720.8,6426.4,39206.2,0.8068
18172.7,39360.0,18560.0,39996.6,0.8068
22280.1,38416.0,22344.4,38719.3,0.8068
5794.1,14872.8,6399.2,15323.0,0.8068
17786.6,38948.9,18231.0,39360.0,0.8067
28158.0,23039.4,28480.0,23311.9,0.8066
24320.8,37670.2,24553.3,37760.0,0.8066
21120.0,38401.7,21758.3,38563.5,0.8066
26151.2,38944.8,26438.6,39357.8,0.8065
15920.0,28505.5,16000.0,29107.5,0.8064
23351.4,12163.1,23419.4,12623.3,0.8064
14743.0,46730.9,15355.0,47114.4,0.8064
6738.7,36088.9,7356.4,36480.0,0.8064
25118.8,37440.9,25280.0,37575.1,0.8063
21529.7,5683.5,22079.9,6080.0,0.8063
22406.2,50568.5,23038.9,50880.0,0.8062
28744.8,11520.0,28927.4,12032.6,0.8062
26067.1,25438.9,26557.6,25918.0,0.8061
14167.7,5346.8,14384.8,5760.0,0.8060
24226.9,31683.1,24319.1,31911.0,0.8058
14177.9,23499.6,14704.4,24000.0,0.8057
25234.0,40000.0,25600.0,40616.7,0.8055
20480.0,18462.7,20605.5,18877.1,0.8054
26060.0,35249.9,26150.1,35840.0,0.8054
12922.4,11448.9,13430.0,11839.6,0.8054
10569.3,2126.1,11197.4,2559.4,0.8054
16047.4,43399.5,16637.6,43835.9,0.8053
16983.8,3670.8,17597.0,4155.9,0.8053
16377.8,47236.3,16959.2,47680.0,0.8052
14418.6,37702.6,15039.2,38076.3,0.8051
15780.4,14937.2,16313.1,15360.0,0.8051
15136.3,31363.7,15677.0,31894.9,0.8050
20800.0,43040.6,20891.2,43515.1,0.8050
11200.0,17601.2,11542.2,17876.1,0.8049
12827.8,20764.2,13438.7,21120.0,0.8048
17292.4,34767.0,17775.0,35200.0,0.8048
15413.7,29128.8,15530.1,29479.8,0.8048
19064.3,26501.8,19347.2,26880.0,0.8047
27305.1,10068.2,27520.0,10239.4,0.8045
15830.0,37120.0,15999.9,37207.8,0.8045
17356.9,845.3,17916.4,1280.0,0.8045
15369.3,50523.2,15997.3,50880.0,0.8044
14400.0,9601.4,14736.6,9802.4,0.8044
15718.6,47360.0,16318.6,47750.5,0.8044
24213.4,34532.0,24319.3,34861.8,0.8043
7837.8,34798.7,8000.0,35199.4,0.8043
21499.1,33247.2,21586.1,33485.0,0.8043
16503.4,38956.4,16956.4,39360.0,0.8043
15839.9,17292.3,16000.0,17915.0,0.8042
14048.1,40960.0,14312.7,40989.6,0.8042
19423.5,39431.8,19520.0,39679.8,0.8041
17633.4,21754.4,18239.1,22080.0,0.8040
16764.6,31362.9,17278.4,31837.3,0.8040
16641.7,24525.0,16726.6,24950.2,0.8039
17619.6,655.2,18237.4,1031.6,0.8038
24264.4,8232.1,24640.0,8640.0,0.8038
26171.5,24216.0,26240.0,24640.0,0.8037
16771.9,18448.0,16960.0,18877.1,0.8037
12494.2,36723.8,13118.2,37120.0,0.8037
24324.8,13137.3,24958.9,13440.0,0.8037
26240.0,38289.4,26356.9,38719.9,0.8036
27117.4,9920.0,27199.5,10166.7,0.8036
15313.0,20650.8,15385.1,21113.0,0.8035
14269.0,31164.9,14400.0,31359.4,0.8035
11307.0,49298.0,11519.6,49799.9,0.8034
3555.3,39290.6,4157.9,39680.0,0.8033
15724.6,42159.1,16315.2,42560.0,0.8032
21810.5,16005.6,22397.3,16545.8,0.8031
15838.9,18047.0,15905.5,18560.0,0.8029
8729.8,962.4,9277.5,1554.6,0.8028
15776.5,5760.0,16313.5,6371.4,0.8028
1189.0,6648.8,1600.0,7036.8,0.8027
7354.5,9525.4,7676.5,9920.0,0.8027
21760.0,22494.1,21888.7,22569.6,0.8027
20275.3,3524.4,20479.5,3894.9,0.8027
18051.5,26066.2,18165.8,26560.0,0.8027
27762.6,41801.1,27834.1,42238.1,0.8027
28335.8,45357.0,28478.5,45759.8,0.8026
24072.1,14954.0,24320.0,15038.0,0.8025
25280.0,24960.0,25823.5,25211.4,0.8025
27840.0,49607.1,27955.0,50120.4,0.8024
23125.2,33538.7,23357.7,33920.0,0.8024
687.6,3697.2,1277.6,4156.5,0.8023
17495.8,46627.5,17599.2,46720.0,0.8022
8688.0,870.3,9280.0,1278.6,0.8022
19671.3,14384.0,19839.9,14610.9,0.8022
23147.8,19780.3,23674.3,20160.0,0.8019
23689.2,5760.0,24317.1,6201.0,0.8019
3611.6,553.8,4160.0,944.7,0.8019
20035.1,24249.8,20160.0,24319.9,0.8019
15434.3,18992.9,15491.4,19518.5,0.8018
18560.0,11201.3,18893.0,11335.7,0.8018
28266.1,46007.7,28800.0,46400.0,0.8018
3921.2,30191.3,4456.7,30720.0,0.8018
28144.2,5670.8,28480.0,6054.5,0.8017
12160.6,14621.3,12274.3,14720.0,0.8017
18322.6,35204.0,18426.1,35504.7,0.8017
28161.9,45675.4,28275.5,46079.4,0.8016
28161.2,31142.0,28320.8,31352.7,0.8015
12800.0,2809.2,13437.8,3200.0,0.8015
11882.6,25507.0,12160.0,25599.9,0.8015
19112.1,28588.9,19177.7,29116.5,0.8015
2450.4,12088.8,2878.7,12480.0,0.8015
10581.2,37304.1,11197.2,37760.0,0.8014
8014.9,34477.6,8631.4,34875.6,0.8014
24992.0,9173.9,25600.0,9600.0,0.8014
18251.6,38558.4,18880.0,39035.5,0.8013
7622.3,876.6,8000.0,1280.0,0.8013
28417.4,42823.7,28479.7,43200.0,0.8013
26722.8,38309.2,26803.1,38715.6,0.8010
19431.7,16136.4,19520.0,16638.9,0.8010
22472.6,16640.7,22719.5,16792.7,0.8009
26894.9,19417.1,27518.0,19837.1,0.8009
16549.4,11444.2,16956.2,11830.7,0.8009
16859.0,33621.1,16957.9,34003.2,0.8009
13135.6,25818.3,13756.9,26240.0,0.8008
23042.2,10410.4,23677.2,10877.5,0.8008
21360.5,693.2,21440.0,959.6,0.8007
23789.8,23688.7,23999.8,23999.8,0.8007
3470.1,15362.0,3839.8,15876.3,0.8006
11520.0,34600.6,11642.0,34879.5,0.8005
28556.2,42240.0,28928.0,42872.7,0.8005
20092.0,36716.2,20157.3,37119.6,0.8005
22412.3,14408.4,22719.6,14720.0,0.8005
12807.4,49119.6,13440.0,49597.1,0.8004
11843.7,22400.9,12188.5,22533.1,0.8004
21143.2,40320.0,21411.8,40355.0,0.8004
15040.2,43034.8,15243.2,43124.9,0.8004
17193.9,35364.5,17279.3,35839.8,0.8004
25796.4,31161.3,26240.0,31679.5,0.8004
18299.0,2721.1,18876.0,3198.4,0.8003
22471.3,36804.8,22718.9,37120.0,0.8003
25924.3,21797.9,26478.3,22178.2,0.8003
17600.0,3858.7,17848.9,4161.5,0.8003
15325.8,22641.9,15420.6,23039.6,0.8002
20956.8,25007.6,21113.7,25279.1,0.8002
23473.1,7519.2,23997.9,7997.8,0.8001
24881.2,36801.7,24959.9,37228.1,0.8001
6526.6,40241.4,6602.9,40640.0,0.8000
12834.8,31871.6,13438.4,32313.6,0.7998
4160.3,14295.9,4268.3,14400.0,0.7997
8833.5,27091.6,8959.5,27200.0,0.7997
25043.5,24174.9,25597.9,24640.0,0.7997
26645.2,45328.3,27200.0,45756.7,0.7996
16771.3,5442.9,16959.7,5653.2,0.7995
18764.5,42151.4,19200.0,42560.0,0.7994
25759.3,46518.5,25919.6,46720.0,0.7994
7073.4,12232.0,7360.0,12480.0,0.7994
27840.0,37422.6,27965.6,37471.2,0.7993
20482.5,30724.5,20608.6,31154.5,0.7993
16960.3,47718.6,17598.7,48000.0,0.7992
20446.9,15366.1,20800.0,15641.0,0.7991
2059.3,12485.5,2556.1,12934.1,0.7991
9315.8,10797.8,9912.9,11200.0,0.7990
3520.0,3844.7,4153.7,4219.8,0.7990
28755.7,38945.5,28868.7,39358.9,0.7990
12178.4,11430.4,12799.4,11840.0,0.7989
1990.2,215.9,2547.4,640.0,0.7989
12982.8,5761.9,13439.7,5953.0,0.7987
19523.3,43738.7,19908.0,44160.0,0.7986
24003.7,39363.9,24123.7,39844.7,0.7986
22080.0,21675.9,22713.0,22080.0,0.7986
18891.9,31310.4,19519.6,31680.0,0.7984
3878.0,12069.5,4479.6,12480.0,0.7983
27067.5,7484.1,27129.4,7934.2,0.7983
26116.9,724.4,26239.8,1114.8,0.7982
14080.0,43522.2,14203.3,44016.4,0.7981
15484.1,18317.8,15616.1,18880.0,0.7981
27010.4,5760.0,27105.5,6075.9,0.7981
13664.9,44410.1,13760.0,44800.0,0.7980
25608.6,3200.4,26238.0,3628.4,0.7979
15757.3,14206.3,16314.4,14720.0,0.7979
3577.7,13127.3,3840.0,13462.2,0.7979
15040.0,30241.0,15167.7,30707.0,0.7978
12519.9,28639.8,13116.3,29117.7,0.7978
28163.1,47249.5,28325.0,47680.0,0.7977
19127.2,36717.3,19199.1,37120.0,0.7975
11225.6,4486.1,11836.5,4782.2,0.7975
13122.8,21618.7,13253.2,22074.9,0.7975
17413.2,40893.6,17918.9,41279.5,0.7975
1065.9,7207.8,1589.2,7677.8,0.7975
9922.9,4173.4,10004.3,4605.7,0.7974
27928.4,30409.2,27995.2,30718.3,0.7974
2943.5,8266.4,3517.5,8640.0,0.7974
26881.0,15090.7,27084.1,15360.0,0.7973
3546.7,29369.7,4157.7,29760.0,0.7973
27520.0,24960.0,28160.0,25214.6,0.7973
16720.8,20240.2,17276.0,20800.0,0.7973
16097.1,39481.2,16640.0,39999.1,0.7972
3253.1,7775.2,3836.4,8293.3,0.7972
17728.9,39597.1,18240.0,40000.0,0.7971
18251.7,14448.7,18880.0,14919.6,0.7971
25956.7,26810.8,26557.1,27200.0,0.7971
18480.0,17925.4,18560.0,18480.8,0.7969
17634.0,7883.4,17748.3,7999.0,0.7969
23041.2,24960.3,23122.7,25138.8,0.7968
3990.0,16000.0,4474.8,16522.6,0.7968
10048.5,34593.5,10240.0,34873.4,0.7968
28067.2,50560.6,28159.8,50663.6,0.7967
22574.7,24644.1,22719.9,24753.0,0.7967
13002.5,10868.6,13427.8,11200.0,0.7967
11294.4,29317.7,11840.0,29760.0,0.7967
26497.6,6193.9,26560.0,6399.2,0.7967
23042.4,32098.8,23175.1,32319.3,0.7966
14968.8,21127.4,15097.3,21458.4,0.7966
26955.2,37985.2,27196.1,38078.4,0.7965
23237.3,32320.0,23360.0,32877.3,0.7964
11545.1,32490.6,12157.0,32957.9,0.7963
11027.2,19573.9,11199.6,19838.2,0.7963
20637.0,35432.2,21118.8,35840.0,0.7962
28384.5,40645.7,28462.8,41179.6,0.7962
27956.2,37527.7,28160.0,37760.0,0.7961
28160.0,42880.0,28514.2,43520.0,0.7961
22967.6,50168.9,23360.0,50560.0,0.7960
18993.8,46084.2,19200.0,46557.4,0.7960
25296.9,44052.9,25568.7,44480.0,0.7959
21331.2,23000.5,21439.9,23359.6,0.7959
20660.2,4162.8,20799.9,4404.6,0.7958
24483.5,33602.8,24959.5,34075.9,0.7958
23794.7,37125.8,24320.0,37418.5,0.7958
1332.3,13760.0,1599.2,13961.9,0.7957
26016.9,34564.6,26137.1,35006.4,0.7956
3293.4,12160.0,3520.0,12673.3,0.7956
14624.4,31553.6,14719.7,31996.2,0.7956
4573.5,44310.4,5115.8,44798.9,0.7955
8961.6,38087.2,9059.3,38530.8,0.7955
25757.4,7362.9,25813.9,7680.0,0.7954
20161.8,24723.3,20285.2,25280.0,0.7954
15461.9,34390.4,15993.5,34880.0,0.7954
7360.0,42365.8,7435.3,42559.9,0.7953
8001.5,24260.3,8237.0,24640.0,0.7953
16481.3,17280.0,16640.0,17848.1,0.7953
11628.3,7849.8,12151.7,8318.9,0.7953
7082.7,30235.5,7679.2,30713.4,0.7953
7190.5,11744.9,7679.5,12158.9,0.7952
5748.1,11334.8,6079.5,11520.0,0.7951
14481.5,7402.8,14718.5,7941.2,0.7951
4514.3,6990.4,5116.6,7360.0,0.7950
10116.1,20243.8,10195.9,20359.0,0.7948
8700.1,36008.6,9275.5,36480.0,0.7948
2327.1,39360.0,2876.8,39823.0,0.7947
9958.1,21309.7,10240.0,21754.6,0.7947
16828.2,34149.6,16952.4,34559.1,0.7946
16862.6,37334.5,17261.1,37760.0,0.7946
18250.8,35943.6,18341.3,36471.6,0.7946
7848.6,35120.3,8316.6,35520.0,0.7944
26882.1,1883.6,26976.3,2235.6,0.7944
374.2,11375.5,956.5,11840.0,0.7944
11351.9,40994.2,11840.0,41280.0,0.7943
26644.3,24190.6,26727.5,24397.7,0.7943
18607.1,31231.1,19198.2,31678.8,0.7943
23587.3,18020.2,23679.9,18303.4,0.7943
26893.8,15504.0,27091.1,15716.9,0.7942
23505.6,19200.7,23679.6,19448.1,0.7942
17953.0,25515.3,18553.5,25920.0,0.7941
17238.8,27717.6,17595.2,28136.6,0.7941
19416.3,26052.1,19487.4,26560.0,0.7940
23736.4,48978.3,23852.3,49400.5,0.7940
4533.3,5343.3,4770.0,5760.0,0.7940
28237.0,30408.8,28477.6,30570.2,0.7939
15125.1,2428.8,15677.9,2878.4,0.7939
6931.9,4801.6,7358.7,5262.6,0.7938
16168.9,37082.0,16320.0,37439.6,0.7938
10337.7,23798.4,10876.2,24319.4,0.7937
23044.3,25921.2,23677.0,26342.0,0.7937
13805.2,4480.0,14080.0,4649.4,0.7937
13505.2,48463.6,14076.9,48946.3,0.7936
13399.2,16576.0,13731.6,16960.0,0.7935
7777.8,25477.2,8318.6,25905.9,0.7934
23058.2,10146.3,23678.6,10560.0,0.7934
28644.5,15213.0,28733.3,15670.1,0.7930
26915.5,21420.8,27199.5,21685.8,0.7930
27721.4,40205.1,27834.5,40638.0,0.7930
2561.3,40232.4,2799.4,40640.0,0.7929
9948.7,25488.8,10556.5,25918.9,0.7929
27761.3,16513.6,27840.0,16956.1,0.7929
3035.3,11202.5,3199.2,11396.5,0.7928
25774.7,47265.1,26237.7,47680.0,0.7927
27207.9,8.5,27838.4,352.8,0.7926
5417.9,11598.4,5756.8,11838.7,0.7926
27340.9,31041.8,27512.5,31553.6,0.7926
18608.6,39765.9,19196.8,40320.0,0.7926
17738.3,25281.1,18238.1,25740.9,0.7925
26889.4,47018.5,27519.3,47360.0,0.7925
6943.5,12800.9,7040.0,12903.0,0.7924
5213.9,42892.0,5756.9,43385.3,0.7924
11841.6,48519.5,12123.1,48938.6,0.7923
7780.8,9589.0,8320.0,9919.1,0.7923
18960.1,25059.1,19075.2,25600.0,0.7923
11420.0,48960.5,11520.0,49043.1,0.7922
21195.8,17752.5,21440.0,17918.7,0.7922
18137.9,44995.2,18239.9,45438.0,0.7922
14906.0,12800.0,15040.0,13034.3,0.7922
17655.1,16420.4,18240.0,16960.0,0.7922
18240.0,36418.6,18421.7,36800.0,0.7921
28161.9,41280.3,28346.6,41423.0,0.7921
14519.9,27742.5,15034.4,28160.0,0.7921
14552.5,17924.9,15031.4,18300.8,0.7920
7043.8,32004.7,7520.3,32485.5,0.7920
28059.0,24222.8,28159.7,24320.0,0.7920
17920.0,20971.8,18386.2,21335.5,0.7919
16550.2,32010.5,16638.9,32477.3,0.7919
21223.0,18880.5,21753.4,19299.0,0.7918
19041.9,37760.0,19513.2,38266.8,0.7917
12160.0,39369.9,12491.1,39680.0,0.7917
16482.8,44987.9,16638.5,45119.1,0.7915
27203.0,23562.4,27355.7,23998.1,0.7914
6743.6,14091.9,7351.0,14475.9,0.7911
13582.5,2337.7,14080.0,2880.0,0.7911
3261.6,15777.4,3836.7,16320.0,0.7911
12490.0,31225.2,13117.0,31677.6,0.7910
25106.5,21767.7,25280.0,22282.6,0.7910
4822.1,9782.6,5438.0,10235.7,0.7909
20853.9,47747.4,21432.7,48320.0,0.7909
13465.6,46248.6,14076.8,46716.8,0.7909
20811.1,1827.0,21436.5,2240.0,0.7908
24353.4,38653.9,24722.8,39039.9,0.7908
25577.3,6901.7,25824.0,7353.7,0.7908
9600.0,44085.9,9751.6,44480.0,0.7907
28262.2,19747.1,28800.0,20160.0,0.7907
17974.4,21621.7,18554.3,22080.0,0.7906
28050.4,30552.7,28145.4,31035.3,0.7905
23473.0,32110.9,23649.7,32640.0,0.7905
26880.0,12537.2,26948.3,13120.0,0.7905
12926.3,22085.2,13438.3,22528.1,0.7903
26723.5,36069.8,26880.0,36480.0,0.7903
14860.3,23613.2,14954.7,23999.9,0.7903
24434.9,14912.0,24534.3,15213.3,0.7902
25987.8,25118.0,26559.7,25395.5,0.7901
9349.8,28666.8,9916.3,29112.7,0.7900
24163.9,31347.4,24227.9,31678.9,0.7900
22979.7,15895.9,23038.4,16311.1,0.7900
12841.9,28950.6,13434.0,29425.6,0.7900
13136.9,13440.0,13749.9,13863.2,0.7900
2560.0,10388.0,3188.7,10875.6,0.7899
13858.4,19761.4,14143.3,20160.0,0.7899
26406.2,27609.6,26880.0,28160.0,0.7898
1360.7,11100.2,1915.4,11519.6,0.7898
26111.8,24933.6,26559.7,25280.0,0.7898
14800.3,3652.9,15037.1,3840.0,0.7895
15419.6,8895.5,15997.7,9280.0,0.7894
23360.0,31055.5,23453.7,31357.6,0.7894
21760.0,31675.3,22396.8,32000.0,0.7893
23410.6,42817.6,23996.1,43199.9,0.7893
10425.3,31739.1,10880.0,32320.0,0.7892
14400.0,22559.1,14585.4,23040.0,0.7892
26925.8,32324.4,27200.0,32816.5,0.7892
25427.2,19604.4,25918.8,20156.6,0.7892
25199.8,49628.7,25564.5,49863.6,0.7891
13440.0,2565.1,13783.0,3038.7,0.7891
10240.0,31402.9,10347.1,31678.3,0.7891
9296.1,31534.5,9917.6,31992.5,0.7890
21203.6,27667.7,21755.9,28159.1,0.7890
25921.1,44703.5,26298.7,45117.8,0.7890
16321.6,23862.0,16400.9,24315.2,0.7890
7360.0,26560.0,7481.5,27029.1,0.7889
12652.3,41814.7,13114.1,42239.2,0.7889
28584.4,40789.3,28663.5,41279.2,0.7888
24304.7,10883.5,24417.0,10976.0,0.7888
27292.0,4017.9,27837.0,4478.5,0.7887
3112.8,13760.0,3520.0,14237.2,0.7887
9295.0,231.6,9916.8,640.0,0.7887
24960.5,49182.5,25275.4,49280.0,0.7886
9820.2,38294.0,9919.0,38400.0,0.7886
18919.7,37081.8,18996.7,37439.6,0.7886
15362.1,1602.7,15997.8,1920.0,0.7885
13416.5,10012.7,13758.1,10238.7,0.7885
22721.2,32960.0,23051.6,33160.3,0.7885
17282.0,32081.6,17396.3,32319.9,0.7884
26815.8,38900.7,26880.0,39353.9,0.7884
15042.1,24268.6,15179.1,24638.5,0.7884
9749.0,35367.4,10239.7,35839.1,0.7881
0.0,49284.5,632.5,49602.8,0.7881
26460.2,32337.2,26559.6,32767.5,0.7881
13111.5,30219.3,13395.6,30400.0,0.7880
6080.0,32323.5,6201.6,32902.7,0.7880
27840.6,47992.7,27930.4,48170.4,0.7879
22216.8,7715.5,22720.0,8000.0,0.7879
12212.8,242.5,12800.0,640.0,0.7879
22548.7,40225.8,23028.2,40629.4,0.7879
2974.8,7680.6,3200.0,7811.4,0.7876
27126.9,9280.7,27265.8,9353.0,0.7874
11523.1,41281.2,12158.1,41366.8,0.7873
26240.0,26075.5,26561.8,26364.2,0.7871
21666.0,0.0,22079.2,459.9,0.7871
27078.0,30758.1,27516.1,31040.0,0.7870
11005.0,17421.4,11517.2,17918.0,0.7869
20871.5,46881.8,21434.3,47360.0,0.7869
19410.9,2924.4,19840.0,3199.8,0.7869
27450.4,25839.4,27520.0,26240.0,0.7869
3920.6,7539.1,4475.5,7992.4,0.7868
18918.9,1171.2,19200.0,1600.0,0.7868
13121.7,28591.8,13401.8,28798.8,0.7868
16723.3,40002.6,17275.4,40461.2,0.7868
9038.1,3385.3,9596.2,3836.5,0.7868
17698.1,49486.4,18235.3,49920.0,0.7867
19421.4,28067.4,19520.0,28475.1,0.7866
22082.2,26880.0,22397.5,27402.7,0.7866
1945.0,974.2,2557.8,1280.0,0.7866
11539.0,28958.0,12160.0,29437.3,0.7865
19275.6,24841.2,19840.0,25280.0,0.7865
8849.5,36086.3,8958.8,36159.8,0.7864
1969.1,9002.8,2238.2,9279.9,0.7863
23791.4,24968.5,24317.2,25439.9,0.7863
27897.6,23333.7,28480.0,23680.0,0.7862
25615.7,47689.4,26238.0,48035.9,0.7862
2938.6,9463.0,3517.9,9919.7,0.7862
25280.4,42484.6,25418.0,42538.1,0.7862
12802.4,17936.6,13162.3,18240.0,0.7862
8657.6,36532.4,9277.7,36799.6,0.7861
9954.0,41168.9,10557.5,41592.1,0.7860
8707.8,40987.1,9268.4,41280.0,0.7858
24831.5,50380.8,24960.0,50546.1,0.7858
28302.9,49456.4,28765.8,49599.5,0.7857
15307.5,25278.4,15414.6,25597.8,0.7857
8000.0,36767.2,8125.5,37107.6,0.7856
28818.6,554.9,28927.8,955.7,0.7856
3689.0,8322.8,3839.1,8804.7,0.7856
11545.3,23597.2,12156.8,23981.6,0.7855
22080.9,42031.9,22587.3,42560.0,0.7854
2921.8,39394.2,3507.6,39853.6,0.7853
2629.4,15046.6,3195.3,15532.5,0.7853
14081.7,15041.4,14148.9,15156.1,0.7853
27310.9,35531.2,27835.7,36005.1,0.7853
2575.9,11380.4,3199.6,11832.5,0.7852
26172.2,30923.0,26240.0,31347.6,0.7852
6400.0,38721.6,6948.5,39225.2,0.7852
23389.9,30335.4,23460.4,30720.0,0.7851
18713.8,33665.2,18862.6,34240.0,0.7851
1617.6,5004.5,2236.8,5439.7,0.7851
16641.6,5661.6,16788.7,6022.6,0.7850
8710.1,5335.3,9278.8,5760.0,0.7849
8038.4,27093.7,8633.6,27519.4,0.7849
2994.5,6720.0,3199.3,6992.8,0.7849
19871.2,25752.7,20470.5,26239.2,0.7846
17398.0,4800.2,17918.3,5051.9,0.7846
15411.7,21101.4,15536.2,21439.3,0.7846
19880.5,20998.6,20479.9,21431.8,0.7846
11930.4,50241.7,12155.5,50346.0,0.7845
24644.8,49929.7,25102.8,50112.6,0.7845
17182.7,15362.8,17280.0,15547.3,0.7845
18880.0,37124.5,18996.7,37581.3,0.7844
7362.4,44060.5,7444.1,44471.4,0.7844
14173.3,20087.9,14716.2,20480.0,0.7843
25918.9,37694.9,26240.0,38080.0,0.7843
16544.9,35667.6,16640.0,36159.2,0.7842
11453.8,47640.6,11520.0,48000.0,0.7842
26899.0,576.8,27517.4,960.0,0.7841
8372.8,6087.8,8954.6,6701.2,0.7841
22721.5,26242.1,23358.6,26552.6,0.7840
4573.0,14289.4,5119.5,14718.9,0.7840
14081.6,19759.3,14143.4,20159.7,0.7839
7680.8,12933.0,7833.1,13119.7,0.7838
25075.1,14017.4,25200.2,14079.5,0.7838
20807.4,29761.0,21211.5,29906.9,0.7837
23966.5,35311.0,24026.0,35840.0,0.7837
9392.3,20377.6,9915.0,20800.0,0.7836
10260.9,20179.4,10879.0,20480.0,0.7836
7772.3,9725.7,8000.0,9919.2,0.7835
17446.5,5487.5,17902.7,5963.0,0.7835
17309.8,4187.4,17912.0,4479.2,0.7835
21525.2,11535.4,22079.6,11840.0,0.7834
14122.0,40668.0,14352.8,40810.5,0.7834
4767.7,48961.4,5120.0,49402.0,0.7833
11520.0,36480.1,11702.6,36672.1,0.7832
23680.0,35842.4,23863.1,36157.6,0.7832
16244.1,19676.2,16318.0,20153.2,0.7832
20986.9,49603.2,21426.3,50066.0,0.7832
9923.6,35513.3,10560.0,35839.1,0.7832
10068.0,13060.5,10559.1,13440.0,0.7832
27690.8,6720.5,27847.2,6868.8,0.7831
24211.1,50440.0,24320.0,50558.9,0.7831
22852.9,13998.9,22904.4,14128.0,0.7830
21090.7,4311.7,21438.7,4795.0,0.7829
3769.9,13576.8,4160.0,14072.5,0.7829
2044.7,42132.6,2557.9,42560.0,0.7827
9290.7,1031.2,9918.2,1600.0,0.7827
23682.8,32341.8,23791.9,32801.3,0.7826
14080.0,22080.0,14527.7,22606.1,0.7825
9359.6,7695.2,9598.3,8108.5,0.7825
22258.2,37431.9,22399.1,37485.9,0.7824
16010.2,32222.5,16320.0,32640.0,0.7824
6137.3,33517.5,6207.3,33919.8,0.7824
22124.9,48321.0,22718.7,48457.9,0.7823
27099.7,40246.4,27170.9,40640.0,0.7823
16164.6,19438.4,16317.1,19840.0,0.7823
17448.8,32411.4,17599.3,32957.9,0.7822
23895.9,20812.0,24000.0,21309.3,0.7822
1997.8,13265.9,2534.5,13756.4,0.7822
11843.6,507.7,12477.3,955.6,0.7821
23513.6,32395.6,23679.8,32959.4,0.7821
9657.3,50381.7,9920.0,50878.0,0.7820
13181.5,5733.8,13760.0,6071.4,0.7820
22721.3,43471.4,22838.0,43838.4,0.7819
24333.4,16191.5,24953.5,16640.0,0.7819
8766.7,44160.0,8960.0,44662.1,0.7818
17922.4,32869.2,18005.7,33280.0,0.7817
21123.5,20067.4,21760.0,20480.0,0.7817
27275.1,9276.9,27419.3,9564.8,0.7814
13760.0,34248.7,14398.7,34560.0,0.7814
27320.4,33280.0,27835.7,33733.1,0.7814
19343.0,34453.0,19840.0,34749.8,0.7814
7360.0,27104.2,7997.5,27520.0,0.7814
28277.6,24833.3,28798.2,25277.9,0.7814
24757.1,12665.6,25280.0,13060.6,0.7813
23376.9,12143.3,23652.3,12480.0,0.7812
20483.1,35861.3,20796.3,36160.0,0.7810
21137.6,3200.0,21753.5,3654.7,0.7810
28160.0,9829.1,28799.5,10240.0,0.7810
10998.3,19719.7,11519.0,20157.5,0.7809
19997.0,47956.3,20469.0,48320.0,0.7808
642.3,3521.9,738.3,3669.2,0.7807
18560.7,3149.5,19194.2,3520.0,0.7806
16850.8,5652.2,16960.0,5759.7,0.7806
19932.7,45922.4,20478.5,46397.6,0.7804
27907.5,15360.0,28475.0,15854.3,0.7804
26742.4,23660.7,26845.3,24000.0,0.7803
23514.7,31175.2,24000.0,31676.4,0.7803
6227.6,29953.7,6634.5,30400.0,0.7802
12566.0,33142.1,13115.0,33592.6,0.7800
25858.3,26157.0,25919.6,26560.0,0.7800
20045.7,12345.9,20160.0,12797.3,0.7799
15256.2,34884.8,15359.4,35325.2,0.7798
18977.5,41022.3,19520.0,41599.4,0.7797
28204.4,36942.4,28479.3,37119.3,0.7796
19562.9,13120.7,19840.0,13390.1,0.7795
10000.4,28968.0,10557.7,29438.6,0.7795
13440.9,50465.3,14074.0,50880.0,0.7795
20954.7,8962.6,21119.4,9119.3,0.7794
18676.9,42563.8,18879.7,43033.3,0.7794
27410.2,11274.1,27518.6,11520.0,0.7794
18157.5,41409.0,18237.6,41917.2,0.7793
28064.4,48723.0,28159.9,48959.1,0.7793
8662.1,6400.0,9274.9,7034.2,0.7793
20600.3,24577.2,21112.7,24959.5,0.7792
19165.2,36294.5,19243.7,36800.0,0.7792
18466.0,17860.7,18560.0,18240.0,0.7792
28380.7,38208.3,28926.2,38715.4,0.7792
20827.6,40323.4,20931.9,40513.5,0.7790
25641.6,44059.2,25730.9,44480.0,0.7789
25923.5,11296.5,26415.9,11840.0,0.7788
15484.7,14567.6,15997.4,15040.0,0.7788
27959.5,22702.1,28156.4,23036.7,0.7787
20176.1,12051.5,20797.6,12479.3,0.7786
3948.2,640.1,4089.7,704.5,0.7786
18900.4,46002.5,19520.0,46400.0,0.7786
7107.5,12170.7,7675.9,12616.1,0.7786
11215.1,32786.9,11837.3,33277.5,0.7784
11399.5,31367.4,11839.7,31823.3,0.7784
12213.5,2880.7,12793.5,3318.0,0.7783
18256.5,3676.3,18560.0,3840.0,0.7783
27603.4,834.2,28159.4,1276.9,0.7783
24954.3,40831.1,25045.0,41273.5,0.7783
5604.7,14720.2,5759.1,14888.4,0.7782
17541.0,32758.0,17884.2,33278.8,0.7782
27014.7,39431.5,27516.4,40000.0,0.7780
19200.9,524.7,19830.0,871.2,0.7780
18454.4,25927.4,18560.0,26400.8,0.7779
90.8,9455.2,635.2,9920.0,0.7779
28348.5,44899.7,28455.6,45440.0,0.7779
25165.2,37063.4,25278.6,37225.8,0.7779
16059.2,1501.8,16638.8,1914.2,0.7778
28732.5,40712.3,28928.0,41280.0,0.7777
22920.4,28028.6,23040.0,28296.5,0.7776
13935.3,24320.1,14079.4,24799.5,0.7776
23611.1,8717.9,23679.8,8960.0,0.7776
24050.3,35753.3,24277.8,36160.0,0.7775
26562.9,23177.8,26680.6,23562.4,0.7775
13012.7,42886.6,13119.1,43223.0,0.7775
26734.5,49280.8,26792.3,49400.2,0.7774
8739.5,23518.8,9276.3,24000.0,0.7774
8068.2,42241.3,8320.0,42631.0,0.7774
24964.6,1868.1,25071.3,2239.6,0.7773
28845.3,39592.0,28917.8,39999.7,0.7773
8640.0,41205.9,8789.4,41600.0,0.7773
2247.3,11744.9,2878.4,12160.0,0.7771
1286.9,2554.3,1911.7,2880.0,0.7769
13854.1,22994.3,14075.9,23358.1,0.7769
14140.8,6038.0,14719.3,6400.0,0.7769
15999.4,18790.0,16068.1,19200.0,0.7768
19147.0,38085.8,19241.5,38475.6,0.7767
20197.8,17280.9,20480.0,17594.2,0.7767
8096.3,45672.1,8636.0,46080.0,0.7767
16533.0,40943.1,16960.0,41279.3,0.7766
18880.3,9958.2,19080.5,10240.0,0.7765
26615.8,49280.9,26681.8,49384.0,0.7764
17436.1,45006.3,17598.1,45119.6,0.7763
6224.0,36603.7,6399.3,37115.1,0.7763
19840.9,10561.4,20057.5,10717.7,0.7762
26505.6,49280.6,26569.1,49382.9,0.7762
21178.7,50412.0,21758.1,50872.5,0.7762
14408.7,38682.3,15040.0,38780.6,0.7761
13853.9,4059.4,14395.9,4480.0,0.7760
28093.6,29992.2,28160.0,30400.0,0.7760
24783.7,10788.4,25262.5,11199.6,0.7760
25280.0,16422.5,25413.2,16960.0,0.7759
14121.4,47918.8,14397.3,48044.3,0.7758
18343.7,50080.7,18875.2,50556.6,0.7757
14202.2,44207.1,14716.8,44480.0,0.7756
21120.0,16632.2,21758.8,16958.0,0.7756
26319.2,29013.5,26876.9,29437.8,0.7755
24786.0,37258.5,24959.6,37440.0,0.7753
27088.6,24469.5,27198.9,24587.6,0.7753
26335.1,12855.3,26878.2,13120.0,0.7752
24436.6,22084.3,24639.7,22655.4,0.7750
8694.8,2245.6,8960.0,2579.7,0.7748
13769.0,37440.0,14398.4,37867.7,0.7748
18243.3,43138.7,18380.5,43520.0,0.7748
19905.6,16043.1,20313.3,16319.7,0.7748
9600.0,38952.8,9685.8,39353.5,0.7747
1630.3,12359.2,2240.0,12796.0,0.7747
23531.9,35840.2,23991.0,36426.8,0.7747
20253.6,46491.2,20797.0,47040.0,0.7747
13772.3,2454.8,14400.0,2879.0,0.7747
16732.6,31680.0,17277.8,32121.5,0.7744
14720.0,38681.3,14951.5,38720.0,0.7743
28559.1,42682.3,28637.1,43200.0,0.7743
8490.6,25920.0,8640.0,25981.1,0.7743
9921.6,20161.2,10028.2,20380.0,0.7743
7360.0,29341.8,7481.6,29440.0,0.7742
18641.9,24248.9,18878.5,24639.6,0.7740
13449.5,8848.5,14077.2,9279.8,0.7739
23558.0,14957.0,24000.0,15360.0,0.7738
2880.0,6081.5,3029.3,6212.6,0.7738
17209.1,25542.6,17279.2,25920.0,0.7737
23814.3,36851.8,23944.4,37008.9,0.7737
26274.5,19130.0,26879.4,19520.0,0.7736
19721.0,43655.6,20137.7,44160.0,0.7736
18245.6,26875.2,18880.0,27200.0,0.7736
12715.6,16652.5,13120.0,17179.1,0.7735
18691.2,12480.2,19200.0,13005.5,0.7734
12160.0,16324.0,12504.2,16542.0,0.7734
18547.2,11543.7,18880.0,11969.9,0.7733
14425.9,38685.3,14718.3,38767.0,0.7732
20801.1,41515.9,20861.8,41916.0,0.7730
20250.9,43848.1,20360.4,44103.8,0.7730
16791.3,26774.5,16960.0,27200.0,0.7729
14041.3,1605.5,14380.5,1851.0,0.7729
25446.0,28802.5,25599.4,29080.4,0.7728
28324.7,27437.1,28478.6,27700.7,0.7727
11871.2,5301.0,12477.6,5760.0,0.7727
19673.6,11160.2,20154.4,11520.0,0.7726
18562.1,22048.9,18719.9,22398.6,0.7726
2253.9,42251.2,2876.9,42591.7,0.7726
26413.9,27081.2,26880.0,27516.2,0.7725
25920.0,5440.2,26557.7,5648.7,0.7724
20346.3,34503.3,20480.0,34866.9,0.7724
27400.5,43203.4,27520.0,43620.0,0.7723
2678.1,3908.6,2880.0,4384.3,0.7723
4644.6,5121.7,5120.0,5745.9,0.7723
26903.2,320.9,27200.0,785.8,0.7723
13177.5,13120.0,13756.1,13543.9,0.7722
14764.1,35211.0,15357.2,35690.8,0.7721
11853.7,41603.9,12478.2,41966.7,0.7720
13440.0,43846.5,13571.2,44327.2,0.7719
26240.0,42473.8,26366.3,42875.2,0.7718
1521.1,11520.0,1920.0,11997.3,0.7718
10353.6,6605.7,10560.0,6718.9,0.7718
13864.3,31360.2,13986.3,31422.7,0.7717
7475.5,35520.1,7581.5,35814.5,0.7715
26345.8,43055.8,26555.7,43197.0,0.7715
16357.6,16454.1,16960.0,16954.6,0.7714
11907.3,18048.6,12474.3,18552.9,0.7714
18560.0,23121.9,19200.0,23478.5,0.7714
28043.5,50663.5,28160.0,50878.9,0.7714
13597.5,44383.5,14075.9,44800.0,0.7714
26605.4,37938.6,27197.8,38400.0,0.7713
19840.0,43520.0,19995.2,44022.8,0.7711
25944.3,35891.9,26060.7,36256.6,0.7710
11613.7,6867.1,12157.3,7210.9,0.7709
28218.9,2020.0,28477.9,2234.7,0.7709
7416.8,42625.2,7500.1,42879.2,0.7708
24184.8,17.9,24319.6,552.1,0.7708
19840.0,36502.0,19931.3,37101.6,0.7707
2974.0,15455.5,3514.8,16000.0,0.7707
24320.0,15360.0,24721.4,15669.8,0.7707
15681.0,40001.3,16075.5,40129.4,0.7706
11482.0,5235.0,11726.2,5402.6,0.7706
12802.2,21761.0,12966.9,21866.7,0.7705
4550.4,3685.6,5116.0,4157.0,0.7704
5373.9,15745.9,5756.8,16000.0,0.7704
17404.6,48247.2,17920.0,48638.7,0.7703
19840.0,24224.0,20380.4,24640.0,0.7702
5820.3,30899.0,6391.5,31360.0,0.7701
26880.0,2292.1,27505.7,2614.6,0.7701
16798.3,868.4,16959.9,1279.9,0.7699
18779.6,42341.4,18865.4,42880.0,0.7698
17940.2,970.6,18547.7,1280.0,0.7698
27220.3,22446.3,27475.0,22876.7,0.7698
19202.0,37813.6,19837.2,38271.9,0.7697
24002.3,2568.3,24636.1,3007.5,0.7696
14545.9,27200.2,15034.7,27674.3,0.7695
20867.8,15300.3,21433.0,15680.0,0.7695
24002.1,30091.2,24110.1,30400.0,0.7694
11219.9,23111.7,11838.2,23515.1,0.7693
15900.0,15284.6,16000.0,15680.0,0.7692
7361.9,26881.5,7424.6,27010.5,0.7692
20240.7,33484.1,20479.4,33919.4,0.7692
28225.3,35769.1,28797.6,36160.0,0.7692
20160.0,37760.0,20798.0,37980.6,0.7692
9337.4,23182.6,9917.5,23596.7,0.7691
16404.9,20989.9,16603.0,21436.4,0.7691
20832.0,12358.7,21435.7,12798.5,0.7690
15613.5,29443.2,16000.0,29766.8,0.7688
16640.0,40321.9,17278.8,40715.9,0.7685
24640.0,43415.4,24755.1,43837.7,0.7684
7363.5,35842.1,7998.2,36179.7,0.7684
7680.0,32001.2,8066.8,32102.7,0.7684
15468.9,42885.7,15997.2,43340.8,0.7684
19293.1,8324.4,19832.7,8817.4,0.7683
8163.6,47044.4,8319.8,47528.6,0.7683
3184.5,10991.3,3262.2,11221.3,0.7682
15812.9,4166.2,15999.0,4440.4,0.7682
25309.1,50776.6,25368.9,51191.1,0.7682
21310.7,23041.9,21756.9,23142.4,0.7682
10963.7,7672.3,11519.6,8000.0,0.7681
4056.2,12411.2,4476.8,12796.6,0.7681
24532.2,50682.4,24640.0,51185.1,0.7681
11200.6,20080.8,11315.5,20160.0,0.7679
1984.8,641.4,2240.0,889.7,0.7679
19863.4,8318.7,20479.6,8639.9,0.7678
2904.5,13339.3,3519.8,13760.0,0.7678
9600.0,34561.0,9798.3,34674.9,0.7678
14217.6,48745.0,14720.0,48959.1,0.7677
11797.3,6767.5,12160.0,7039.0,0.7676
11314.7,17810.0,11835.4,18240.0,0.7676
7729.3,6589.3,8316.8,7039.5,0.7676
352.6,1280.5,957.1,1736.4,0.7676
11676.8,49922.3,11839.8,50121.7,0.7675
6.6,5984.8,637.1,6400.0,0.7675
15027.0,2880.0,15360.0,3515.9,0.7674
15598.3,35389.8,15680.0,35833.9,0.7672
14720.0,37648.5,15358.4,38080.0,0.7672
28334.3,22938.2,28924.8,23353.3,0.7672
16363.6,10880.9,16959.6,11321.9,0.7671
27200.5,38025.4,27395.1,38268.3,0.7671
28234.1,1.1,28796.8,434.3,0.7671
13676.1,44361.7,14080.0,44480.0,0.7670
24245.2,21339.3,24320.0,21704.9,0.7669
11972.0,6608.7,12478.4,6945.9,0.7667
17956.7,6725.1,18240.0,6900.3,0.7667
11520.4,17287.9,11753.3,17539.8,0.7666
11841.4,7040.0,12058.6,7220.0,0.7664
27549.2,27456.0,28157.5,27617.5,0.7664
23769.4,37760.5,23998.4,37973.6,0.7663
4282.6,49771.0,4796.9,50240.0,0.7663
17927.3,44520.3,18240.0,44800.0,0.7663
7040.2,40322.8,7360.0,40829.2,0.7662
17281.5,26783.4,17665.5,27200.0,0.7662
20161.6,4660.0,20310.9,5111.2,0.7661
8640.9,39577.0,8806.9,39997.5,0.7660
3843.6,48815.3,3990.0,49277.2,0.7660
26337.8,49173.8,26397.0,49279.9,0.7660
7040.0,33513.6,7135.2,33600.0,0.7659
25151.0,41281.9,25280.0,41479.8,0.7659
12480.0,23042.8,13120.0,23484.0,0.7657
28013.0,39046.2,28160.0,39343.8,0.7657
13209.1,38083.0,13439.3,38496.5,0.7656
15549.6,28880.2,15617.5,29440.0,0.7656
20920.7,2883.1,21120.0,3168.4,0.7655
18436.6,46082.7,18558.9,46391.6,0.7655
28106.5,1169.5,28476.6,1600.0,0.7655
19520.8,38940.9,19581.2,39355.1,0.7654
17920.0,40230.8,18031.9,40638.7,0.7654
28589.3,13121.0,28717.1,13252.3,0.7654
18435.8,34434.0,18541.4,34869.2,0.7652
28392.2,27200.0,28798.8,27287.8,0.7652
14153.3,13760.0,14400.0,14232.1,0.7652
13215.0,26188.0,13760.0,26560.0,0.7652
11867.9,22950.8,12478.7,23360.0,0.7651
22586.2,0.0,22720.0,587.6,0.7651
12801.8,3840.0,13143.7,3981.0,0.7650
27971.7,46342.4,28059.2,46720.0,0.7650
18570.6,5098.5,19200.0,5440.0,0.7649
25374.1,3378.2,25917.0,3835.0,0.7649
6516.0,39516.7,7037.8,39998.9,0.7648
12493.9,21943.6,13118.7,22398.6,0.7647
8655.4,10757.4,9277.3,11200.0,0.7647
19224.3,26758.7,19840.0,27196.0,0.7646
19079.1,16145.1,19197.8,16198.5,0.7645
26630.1,12985.5,27200.0,13437.0,0.7645
15042.1,27217.4,15149.0,27649.0,0.7645
24066.3,7229.7,24320.0,7359.9,0.7644
20310.6,10269.8,20479.6,10754.5,0.7642
27310.2,35201.0,27520.0,35340.9,0.7640
16005.2,14299.0,16610.4,14720.0,0.7638
13619.2,19521.9,14080.0,20021.5,0.7638
13830.7,27989.9,14396.4,28479.4,0.7638
18795.6,41923.0,19200.0,42384.7,0.7638
24365.4,16806.9,24640.0,17276.5,0.7637
6171.0,35527.4,6399.8,36022.3,0.7637
27124.8,9484.4,27310.9,9917.9,0.7637
20314.7,15809.0,20480.0,16320.0,0.7637
12815.8,7085.8,13437.3,7360.0,0.7637
15224.2,17300.6,15287.1,17756.7,0.7636
6516.7,10051.2,7040.0,10552.9,0.7636
10276.2,21034.6,10879.5,21438.1,0.7636
8793.2,21760.0,9280.0,22245.8,0.7635
27668.8,48515.7,27807.4,48670.9,0.7634
18055.1,40321.4,18191.2,40756.1,0.7634
14722.5,41489.4,15360.0,41856.5,0.7633
17381.5,22148.6,17917.7,22713.4,0.7633
9937.6,26795.1,10557.3,27200.0,0.7632
14556.6,1920.0,15012.5,2077.5,0.7632
25920.0,27200.0,25989.3,27681.3,0.7631
26882.0,0.5,26977.6,200.0,0.7631
25199.2,45440.0,25279.3,45586.0,0.7631
24484.2,34445.2,24640.0,34773.0,0.7631
28670.6,40301.6,28775.3,40639.1,0.7631
22828.7,20161.4,23039.9,20252.9,0.7630
26643.2,35768.5,26879.8,36160.0,0.7629
21469.6,30250.0,22080.0,30717.9,0.7629
19735.1,44160.9,20157.6,44771.1,0.7629
17268.3,3917.1,17599.6,4320.1,0.7629
12841.1,29634.7,13437.9,30001.9,0.7628
27840.0,49517.0,27969.1,49920.0,0.7628
26761.1,36297.3,26880.0,36793.0,0.7628
25920.2,32640.9,26104.6,32796.0,0.7627
27102.7,32641.1,27199.0,32740.7,0.7627
26723.6,14148.9,26880.0,14195.0,0.7627
22573.3,26132.4,22719.5,26240.0,0.7626
27881.2,520.2,28476.9,958.7,0.7625
15297.1,20480.0,15360.0,20971.8,0.7625
18676.4,34473.6,19197.2,34880.0,0.7624
23761.5,5761.1,23998.5,6113.3,0.7624
25375.9,41124.8,25917.4,41590.9,0.7623
715.6,10093.9,1275.7,10556.0,0.7622
27966.3,43151.0,28037.6,43519.6,0.7622
21140.4,28310.7,21755.9,28800.0,0.7622
11012.9,32859.7,11516.5,33280.0,0.7621
26428.5,49395.5,26530.3,49600.0,0.7621
26247.5,23360.9,26560.0,23462.1,0.7620
20847.1,17162.7,21440.0,17599.4,0.7619
11331.2,18107.1,11519.9,18239.7,0.7619
17503.4,8002.7,17918.8,8318.6,0.7618
9758.1,960.0,9919.5,1250.1,0.7617
28160.0,24010.3,28231.5,24222.2,0.7616
3181.1,15040.5,3518.6,15562.5,0.7616
22720.0,44856.3,23049.8,45119.4,0.7616
16225.0,29661.3,16319.6,30078.8,0.7615
14524.7,19203.9,14719.4,19562.0,0.7612
16642.6,36413.2,16754.4,36800.0,0.7612
15727.2,17185.9,15832.4,17600.0,0.7612
18562.7,6029.5,19198.5,6400.0,0.7611
27809.3,49310.3,27867.8,49597.5,0.7611
14080.5,6976.1,14716.1,7360.0,0.7611
24320.6,50251.1,24606.8,50471.0,0.7611
11841.5,17832.5,11987.5,18237.5,0.7610
15871.5,26778.5,16000.0,27200.0,0.7610
10138.3,5443.4,10560.0,6027.5,0.7609
10913.6,4.8,11139.7,212.5,0.7609
12170.8,4160.6,12798.4,4547.9,0.7609
6185.3,37324.9,6287.9,37440.0,0.7608
6763.0,13440.0,7359.6,13865.4,0.7608
8960.0,22401.7,9072.8,22531.8,0.7606
19875.1,960.0,20480.0,1073.1,0.7606
27451.2,15260.4,27518.4,15660.7,0.7606
19718.3,42783.1,19839.8,43197.4,0.7605
25665.5,22877.1,25789.7,23356.6,0.7604
12226.6,50734.7,12797.9,51196.4,0.7603
23161.3,25250.9,23270.0,25431.4,0.7603
23202.7,8181.9,23679.4,8638.1,0.7602
16972.0,14467.7,17598.7,14720.0,0.7602
20304.8,16000.5,20480.0,16544.1,0.7601
23073.6,27706.3,23680.0,28158.1,0.7600
14457.6,48857.4,15037.3,49279.4,0.7598
23802.6,34258.8,23875.2,34710.2,0.7597
23213.4,48209.0,23680.0,48634.3,0.7597
7398.8,26106.3,7998.8,26555.6,0.7597
11567.4,36633.4,12155.0,37096.8,0.7597
21623.5,14987.0,21760.0,15040.0,0.7596
19289.0,1701.8,19825.9,2239.7,0.7596
6202.5,37353.5,6298.9,37759.6,0.7596
12825.1,33167.5,13440.0,33598.5,0.7596
10724.9,32642.7,11199.4,33092.6,0.7595
6484.9,39908.3,6557.6,40320.0,0.7595
6383.1,3841.2,6710.8,3971.3,0.7595
25302.8,36207.3,25512.2,36478.5,0.7595
28664.0,46974.2,28799.5,47039.5,0.7594
7380.2,29626.6,7996.7,30077.1,0.7594
6445.0,31683.2,7038.3,32099.3,0.7594
24886.2,26385.4,24959.4,26865.7,0.7593
20481.2,30463.8,20711.0,30669.4,0.7593
14544.2,20161.8,14719.8,20351.1,0.7593
24894.6,37763.4,24960.0,38107.1,0.7593
26370.2,31680.1,26559.7,32103.7,0.7592
12972.1,11203.1,13119.5,11411.6,0.7592
20706.2,31041.5,20800.0,31566.4,0.7592
12506.6,11660.4,12800.0,11839.9,0.7591
6554.1,11116.1,6719.5,11520.0,0.7591
25632.4,32000.0,25910.0,32425.1,0.7590
10560.0,45734.6,10687.3,46080.0,0.7590
15428.3,22267.2,15513.3,22696.5,0.7590
18379.4,42814.8,18877.2,43200.0,0.7589
19520.0,38044.0,20157.7,38400.0,0.7587
14573.0,28164.9,15040.0,28643.3,0.7587
8507.1,7360.5,8639.4,7539.2,0.7586
10724.7,37665.1,10878.1,37760.0,0.7586
19927.7,11280.6,20478.4,11840.0,0.7586
8965.0,23090.1,9597.6,23360.0,0.7586
25988.0,14735.7,26557.6,15039.1,0.7586
7482.6,10171.5,7988.0,10548.0,0.7584
27304.0,9292.6,27840.0,9591.2,0.7583
13804.1,29959.1,14398.6,30392.9,0.7582
7513.6,964.1,7997.4,1415.9,0.7582
14787.7,29440.0,15352.2,29933.8,0.7582
6514.6,32641.2,6720.0,33133.4,0.7581
11897.5,20147.7,12480.0,20479.3,0.7581
16685.8,30401.9,17250.7,30917.3,0.7580
13552.6,4653.9,14080.0,5116.0,0.7579
17524.9,27764.8,17919.0,28160.0,0.7579
13808.2,23486.1,14080.0,24000.0,0.7579
21614.7,4578.1,22075.2,4763.9,0.7578
19611.9,32487.3,20157.8,32956.9,0.7578
6263.7,37766.8,6338.3,38273.5,0.7577
13299.3,14400.3,13439.9,14878.2,0.7577
25123.8,41882.2,25370.3,41920.0,0.7576
12118.4,4801.2,12480.0,5311.7,0.7576
19521.4,9920.9,19755.2,10028.2,0.7575
22232.8,28818.4,22720.0,29309.5,0.7575
14468.9,47247.8,15033.8,47679.3,0.7575
28285.2,45760.0,28480.0,46400.0,0.7573
17618.7,30720.0,17919.9,31170.5,0.7573
26111.0,22339.7,26240.0,22554.6,0.7573
18846.3,45089.0,18901.9,45440.0,0.7573
20372.8,50823.3,20480.0,50880.0,0.7573
25792.3,42009.8,25919.8,42196.2,0.7572
15584.7,26203.5,15670.5,26560.0,0.7571
22246.5,27754.3,22720.0,28160.0,0.7571
24643.2,26347.7,24796.9,26869.4,0.7571
17045.4,29492.2,17600.0,30080.0,0.7571
9688.3,38958.8,10237.7,39360.0,0.7571
11221.5,45627.7,11834.7,46077.9,0.7570
28075.2,24811.8,28198.6,24958.4,0.7570
26159.7,34560.0,26240.0,35054.4,0.7570
6081.8,32009.0,6144.9,32435.7,0.7570
17881.2,14601.2,18239.2,15040.0,0.7569
22178.9,23812.3,22717.3,24320.0,0.7569
3935.8,48620.6,4476.4,48960.0,0.7569
26561.8,30926.9,26797.4,31040.0,0.7568
6645.6,37639.6,6710.3,38071.9,0.7568
14200.7,23040.0,14681.1,23533.0,0.7568
394.6,9281.2,958.2,9801.7,0.7567
11840.0,36480.8,12160.5,36683.8,0.7567
25920.0,8960.3,26315.4,9160.4,0.7566
7688.7,13082.5,8317.4,13440.0,0.7566
4201.8,47591.7,4792.5,48000.0,0.7566
20236.2,32225.9,20796.2,32640.0,0.7565
10258.5,34699.1,10879.7,35029.6,0.7565
6129.1,4802.6,6399.8,5194.9,0.7562
12902.9,16615.8,13119.7,16950.9,0.7562
28737.4,28217.6,28800.0,28480.0,0.7560
2956.4,14080.0,3517.8,14586.3,0.7559
24001.0,23257.4,24637.4,23547.2,0.7559
21150.4,10732.8,21758.3,11198.6,0.7559
27448.6,8096.8,27839.0,8640.0,0.7559
25817.8,42465.1,25920.0,42878.4,0.7559
27916.7,11200.9,28158.4,11269.0,0.7558
13120.0,1970.7,13760.0,2240.0,0.7558
970.4,3707.7,1594.3,4158.9,0.7558
13286.1,27266.3,13439.7,27346.6,0.7557
21834.6,10449.8,22400.0,10880.0,0.7557
25033.4,41600.0,25274.1,41732.2,0.7556
15058.7,38721.6,15677.6,38808.0,0.7556
28675.1,11863.0,28757.3,12160.0,0.7555
24346.9,6132.3,24639.2,6399.8,0.7555
6624.2,1680.8,6720.0,1919.5,0.7555
21202.9,1671.0,21756.7,2010.2,0.7554
4232.9,10148.4,4473.8,10557.1,0.7554
18557.6,15428.8,18878.0,15679.4,0.7554
19840.9,27132.9,20479.1,27514.5,0.7554
4583.8,47907.9,5112.6,48320.0,0.7553
18075.4,38498.5,18239.4,38626.5,0.7553
10880.2,31040.4,11298.0,31601.5,0.7552
27520.4,22349.6,27630.4,22400.0,0.7551
12896.0,43370.0,13425.9,43835.1,0.7551
26709.6,43698.0,26871.4,44160.0,0.7551
21464.1,48500.0,22077.5,48959.4,0.7551
28299.4,9920.0,28927.4,10339.0,0.7551
17233.2,43521.1,17600.0,44067.6,0.7551
28305.0,26176.4,28797.2,26560.0,0.7550
18602.7,35646.9,18757.1,36160.0,0.7549
8095.9,6720.1,8319.1,6918.0,0.7548
24495.2,23654.8,24960.0,24000.0,0.7548
14464.7,25280.0,15026.8,25789.1,0.7547
26663.2,42477.7,26872.6,42880.0,0.7546
26389.6,19554.0,26875.2,20160.0,0.7546
6094.9,13535.5,6400.0,14080.0,0.7545
14819.2,19793.7,15355.3,20160.0,0.7544
19605.0,3214.8,20150.0,3719.2,0.7544
13838.1,7246.6,14392.7,7680.0,0.7543
2880.4,3688.1,3505.7,4160.0,0.7543
14137.6,38980.1,14719.7,39359.7,0.7543
6080.0,36902.3,6169.5,37439.7,0.7542
19212.0,15311.0,19838.4,15680.0,0.7540
26354.1,16963.6,26869.4,17518.7,0.7540
27597.4,1895.2,27838.8,2240.0,0.7539
11385.8,29634.2,11839.4,30080.0,0.7539
2687.1,11120.1,3200.0,11520.0,0.7539
11200.0,1506.7,11340.0,1910.5,0.7539
16343.2,47047.5,16960.0,47360.0,0.7538
11520.0,11520.6,11873.2,11792.3,0.7537
2230.4,11337.8,2560.0,11840.0,0.7537
10330.6,35080.4,10879.6,35516.8,0.7536
24647.9,46707.9,25280.0,47040.0,0.7535
27301.0,12643.6,27375.4,12892.5,0.7534
14804.6,19522.9,15039.8,19944.1,0.7534
15810.5,17843.9,15888.3,18240.0,0.7534
22907.9,13995.4,23039.9,14120.2,0.7534
13987.1,38721.3,14234.7,38775.4,0.7534
14145.4,17764.9,14400.0,18228.1,0.7533
5821.6,5063.8,6397.6,5440.0,0.7533
2329.5,3.5,2877.5,454.2,0.7532
14434.7,30294.0,15038.3,30720.0,0.7531
4162.8,2787.2,4795.5,3200.0,0.7531
9689.9,7897.2,10236.7,8319.2,0.7528
21877.7,641.5,22078.9,990.4,0.7528
19309.8,19200.0,19840.0,19667.6,0.7527
25598.7,20487.9,25919.5,20819.6,0.7525
21782.7,17607.7,22399.9,18086.9,0.7525
23688.6,23218.6,24316.2,23541.8,0.7525
22072.4,19844.2,22399.4,20159.3,0.7525
10423.4,29600.0,10874.5,30077.6,0.7525
8487.4,25848.0,8637.6,25971.1,0.7524
26605.5,25707.6,27199.4,25920.0,0.7524
8000.0,24036.1,8341.9,24399.6,0.7524
26256.9,1920.0,26560.0,2430.0,0.7523
20802.1,16552.3,21436.2,16947.9,0.7523
11875.3,25017.2,12480.0,25280.0,0.7523
10011.8,10405.9,10558.0,10876.5,0.7522
19554.5,28648.5,20159.7,29120.0,0.7522
2323.4,11202.7,2559.3,11704.4,0.7521
26561.5,41317.0,26685.7,41542.7,0.7520
22914.7,24001.1,23038.8,24077.6,0.7520
12583.9,19722.3,13116.8,20158.8,0.7520
19728.8,25867.4,19840.0,25920.0,0.7519
18560.0,30080.5,18820.7,30173.1,0.7519
28806.0,12482.7,28928.0,12676.0,0.7517
21162.3,49446.2,21758.9,49920.0,0.7516
14195.8,23040.5,14400.0,23550.6,0.7513
13441.1,24320.4,13551.2,24408.2,0.7512
3840.0,7775.4,3945.9,7947.3,0.7512
18560.0,44552.4,18660.2,45120.0,0.7511
6720.0,39101.3,6910.3,39680.0,0.7509
10379.1,533.3,10558.9,776.9,0.7508
8324.2,28488.9,8956.0,28800.0,0.7506
20803.1,21440.0,21371.9,21875.6,0.7505
16420.4,28480.0,16940.2,29005.6,0.7505
23192.0,41901.9,23677.7,42240.0,0.7505
15222.5,17280.0,15360.0,17778.9,0.7504
27873.5,14081.9,28475.4,14516.8,0.7502
27799.3,35112.1,28160.0,35520.0,0.7502
21440.0,46942.5,21504.0,47354.1,0.7502
6472.5,35141.7,6553.1,35520.0,0.7501
25703.1,42809.3,25763.8,43200.0,0.7501
21941.0,47547.6,22070.8,47999.1,0.7501
24005.8,14409.2,24639.5,14666.3,0.7500
23401.8,31813.3,23644.9,31993.2,0.7500
10249.9,13420.1,10560.0,13758.3,0.7499
25646.5,45518.0,25882.3,46071.9,0.7499
18972.7,49281.0,19515.9,49750.0,0.7498
26560.4,3844.3,26796.5,4018.6,0.7498
8960.1,33403.5,9199.5,33529.5,0.7497
18253.6,32981.6,18556.2,33280.0,0.7496
9920.0,34742.5,10045.4,35199.8,0.7496
22442.2,42944.6,22700.3,43196.1,0.7494
17179.6,30953.9,17279.7,31360.0,0.7493
23040.6,30703.9,23223.2,31039.2,0.7492
24420.1,16960.0,24639.6,17406.5,0.7492
17920.0,26143.6,18051.3,26559.3,0.7490
13440.0,4459.1,13945.3,4799.3,0.7490
26240.6,27181.0,26431.8,27516.7,0.7490
25821.3,28599.0,25920.0,29107.9,0.7490
20266.4,33451.0,20479.8,33599.5,0.7489
21761.1,9939.5,22100.5,10237.6,0.7489
9701.6,6082.0,10239.5,6537.8,0.7489
963.8,6130.9,1280.0,6395.2,0.7488
17364.1,8019.9,17913.0,8493.0,0.7488
27060.3,22408.8,27195.4,22891.6,0.7488
26551.6,44917.7,26878.4,45440.0,0.7486
24560.2,24008.7,24639.9,24280.1,0.7485
18268.5,4255.6,18417.6,4515.2,0.7484
4907.2,12637.1,5439.3,13084.8,0.7484
15820.6,22272.1,16305.2,22719.9,0.7483
27329.6,35604.0,27516.1,35838.9,0.7482
24078.2,28048.1,24640.0,28478.2,0.7482
24059.3,22082.5,24311.5,22354.1,0.7481
7445.8,34247.2,7583.1,34623.3,0.7480
21454.8,13618.0,22076.4,14076.5,0.7480
24750.6,34051.6,25279.3,34351.5,0.7478
114.8,1835.3,636.3,2240.0,0.7477
27109.4,18599.0,27520.0,18878.3,0.7477
9645.1,42476.0,10237.4,42879.5,0.7476
19256.9,27694.5,19836.4,28155.6,0.7474
17618.8,28069.7,18240.0,28480.0,0.7474
27905.3,50240.0,28101.9,50706.8,0.7474
23040.0,32335.5,23169.4,32912.5,0.7473
25858.7,17197.1,25920.0,17600.0,0.7473
26365.9,8596.4,26878.2,8958.6,0.7472
17295.9,22108.5,17916.1,22400.0,0.7472
8856.5,44486.1,8960.0,44923.6,0.7472
23681.2,23043.8,24318.5,23360.0,0.7472
18142.4,33347.6,18240.0,33917.0,0.7472
15185.4,38453.7,15680.0,38680.8,0.7471
12480.8,3201.0,12626.6,3313.3,0.7471
28268.5,36488.7,28480.0,36722.3,0.7469
15862.4,40436.8,16313.6,40795.8,0.7469
24646.6,31993.2,25277.7,32319.8,0.7469
26051.8,46267.8,26560.0,46720.0,0.7468
7234.8,34880.2,7324.5,34972.0,0.7468
7052.4,40230.1,7678.8,40637.1,0.7468
19514.2,33600.0,19840.0,34188.6,0.7467
28302.3,14081.7,28925.8,14216.8,0.7467
19983.0,26040.8,20038.5,26560.0,0.7466
22400.0,41606.4,22537.2,42030.6,0.7466
15201.2,38566.1,15359.6,38652.9,0.7466
24960.0,36485.7,25093.2,36937.0,0.7465
20527.5,16196.7,21119.6,16638.7,0.7465
15411.1,11200.0,15999.3,11671.2,0.7464
14509.6,5845.8,15040.0,6385.8,0.7464
23042.4,33324.9,23129.3,33600.0,0.7464
23146.2,33920.7,23360.0,34004.5,0.7463
28326.7,21454.8,28415.6,21758.5,0.7462
23848.7,13723.9,24000.0,13760.0,0.7462
7184.8,35051.7,7640.7,35520.0,0.7461
26118.5,29326.9,26240.0,29439.3,0.7461
22410.9,45803.5,23038.1,46080.0,0.7461
18103.3,26564.3,18560.0,27010.4,0.7460
3521.8,11200.9,3753.9,11428.9,0.7459
25926.8,12745.4,26560.0,13120.0,0.7459
22704.1,23040.0,23039.8,23185.5,0.7459
20231.7,49553.8,20798.0,49920.0,0.7459
28531.9,43212.2,28643.5,43682.2,0.7458
13021.3,50241.5,13120.0,50377.7,0.7458
16164.3,21863.3,16319.9,22079.3,0.7458
11200.9,22416.4,11832.6,22888.6,0.7457
19861.8,45975.3,20160.0,46400.0,0.7454
17920.0,35161.9,18268.0,35520.0,0.7453
28389.3,41292.9,28924.2,41660.4,0.7453
7361.8,42461.8,7483.5,42872.3,0.7452
18428.3,42803.3,18559.7,43200.0,0.7452
16190.0,18712.1,16638.9,19200.0,0.7452
24513.2,37054.0,24584.0,37212.2,0.7452
25275.3,20801.1,25600.0,21197.4,0.7451
18257.2,4413.3,18879.6,4800.0,0.7449
7912.1,11110.5,8320.0,11515.6,0.7448
28211.6,18785.5,28790.9,19198.6,0.7447
26562.7,22205.7,26672.0,22399.5,0.7447
13821.1,23281.3,13932.3,23680.0,0.7447
13844.8,26852.9,14400.0,27200.0,0.7446
25207.9,28067.2,25305.5,28477.6,0.7446
15414.0,22547.3,15494.8,23034.9,0.7445
11901.0,10241.8,12160.0,10645.1,0.7445
14405.9,47781.4,14897.3,48314.9,0.7445
17945.1,38626.2,18234.4,39040.0,0.7444
23692.8,16962.1,24000.0,17509.8,0.7444
15560.4,27949.0,15680.0,28480.0,0.7444
25852.8,2785.0,25920.0,3200.0,0.7443
20224.0,45679.0,20800.0,46080.0,0.7440
15792.0,18884.1,15847.8,19094.5,0.7440
17209.6,21983.5,17280.0,22398.2,0.7440
1654.4,12802.5,2234.2,13295.6,0.7439
27533.4,33226.6,28158.6,33600.0,0.7439
13123.3,26564.8,13759.3,26997.4,0.7438
19163.7,39367.1,19231.1,39759.3,0.7436
26625.5,47685.1,26880.0,47930.8,0.7435
15095.9,24324.6,15183.9,24670.2,0.7435
21842.9,4722.1,22396.5,5115.8,0.7434
19395.4,39638.4,19520.0,39997.9,0.7433
3148.5,6415.0,3520.0,6744.9,0.7432
10355.9,33408.7,10878.7,33916.6,0.7432
27849.8,4800.4,28479.1,4972.4,0.7432
20480.3,28697.6,20591.1,28800.0,0.7432
12556.9,10564.9,13117.1,11027.9,0.7431
4227.0,3906.0,4471.1,4159.2,0.7430
26709.2,24850.7,26837.5,25278.0,0.7430
15130.7,31045.8,15232.2,31360.0,0.7430
28050.5,44161.4,28252.5,44446.9,0.7429
13056.5,39656.8,13119.7,40000.0,0.7429
13976.6,28800.5,14400.0,29299.8,0.7427
24089.5,24422.2,24640.0,24925.3,0.7426
16676.4,36736.1,17280.0,37120.0,0.7425
6401.6,40211.4,6514.9,40637.9,0.7425
7682.8,34931.0,7820.9,35520.0,0.7425
27395.1,43520.0,27520.0,44034.9,0.7424
7409.1,34554.9,8000.0,34880.0,0.7424
25093.0,10957.7,25595.5,11517.0,0.7423
6553.2,40000.3,6719.7,40524.1,0.7422
24418.3,11361.4,24949.8,11838.2,0.7421
13985.7,17177.2,14074.4,17600.0,0.7421
16642.1,40291.4,16731.1,40630.0,0.7420
22405.3,13301.2,23035.6,13760.0,0.7420
6315.9,37763.7,6394.5,38297.7,0.7420
24098.4,34630.4,24220.5,34879.7,0.7420
18880.4,33426.7,19010.8,33596.6,0.7420
25025.6,49837.6,25093.5,50076.4,0.7419
21164.4,47597.2,21741.3,48000.0,0.7418
24709.9,19520.0,24960.0,20136.2,0.7418
13227.1,47681.7,13756.2,48164.3,0.7417
24966.1,455.9,25215.7,639.3,0.7416
18563.5,24640.0,18733.1,24833.1,0.7416
14784.6,7360.2,15035.9,7680.0,0.7416
28621.6,15563.8,28701.7,15996.5,0.7415
8052.7,32321.9,8320.0,32401.8,0.7415
24495.6,20483.8,24639.4,20655.6,0.7415
27885.1,41834.2,28476.5,42240.0,0.7414
23245.9,19844.3,23360.0,20087.5,0.7413
24540.9,38730.1,24640.0,39254.2,0.7411
712.3,8320.0,1277.2,8916.8,0.7411
10240.0,41600.0,10624.0,41707.2,0.7409
10809.3,31748.2,10880.0,32166.0,0.7408
14613.5,13121.2,15037.4,13542.1,0.7405
9023.7,8797.8,9280.0,8960.0,0.7404
9091.5,34783.8,9236.6,34902.2,0.7403
21120.0,23680.0,21251.8,23987.9,0.7403
4235.9,13965.3,4796.0,14396.3,0.7401
25920.8,20670.4,26126.7,21119.3,0.7401
15881.6,18984.8,15999.8,19513.0,0.7397
27992.4,2815.8,28160.0,2880.0,0.7397
22874.2,31931.6,23015.2,32000.0,0.7397
25242.3,43105.2,25600.0,43520.0,0.7396
22164.2,8234.6,22718.5,8640.0,0.7395
16122.4,50182.3,16638.7,50559.8,0.7395
21547.7,176.2,22080.0,640.0,0.7395
11950.1,35059.9,12476.0,35518.0,0.7394
25347.8,320.0,25600.0,747.7,0.7393
19582.3,7683.4,20155.5,8193.4,0.7393
14784.5,45949.1,15356.9,46397.7,0.7393
24322.9,34958.8,24556.1,35520.0,0.7392
6231.7,36801.3,6304.6,37306.2,0.7392
14400.0,9280.0,14952.5,9690.3,0.7391
6479.4,36079.0,7034.5,36480.0,0.7390
26412.4,11385.5,26560.0,11839.5,0.7389
15040.2,42472.2,15169.3,42560.0,0.7388
27955.6,7041.5,28155.1,7530.4,0.7388
13835.0,23512.6,13917.2,24000.0,0.7388
13140.5,30307.3,13759.1,30720.0,0.7387
20249.9,43459.6,20322.6,43838.6,0.7386
18811.4,20166.4,19200.0,20659.5,0.7386
3616.4,39838.0,4157.2,40320.0,0.7385
28819.1,41903.0,28925.7,42162.6,0.7385
17281.4,38580.0,17556.6,38717.9,0.7385
11620.2,6036.8,12159.2,6160.6,0.7384
26848.7,24968.5,26916.9,25279.1,0.7384
15764.4,24000.0,15985.7,24556.5,0.7384
28325.7,49331.3,28478.9,49599.4,0.7383
13760.0,18560.0,13868.9,19073.9,0.7382
16960.0,38075.0,17031.4,38399.9,0.7379
21919.3,46678.2,22080.0,46719.9,0.7379
26880.0,41495.2,27011.0,41600.0,0.7379
21459.6,49893.1,22078.3,50240.0,0.7379
17389.6,34191.7,17599.0,34550.3,0.7378
22917.8,28161.0,23039.0,28292.9,0.7377
14510.0,16961.8,15038.5,17417.4,0.7377
26728.4,38274.4,27195.8,38720.0,0.7377
11532.4,7382.6,12158.8,7680.0,0.7376
23712.9,24004.2,23999.3,24250.0,0.7376
23774.2,23480.1,24319.9,23998.7,0.7376
10926.6,23503.7,11519.7,23680.0,0.7375
16320.0,14827.3,16587.1,15040.0,0.7374
1303.0,8004.9,1908.4,8316.8,0.7373
22400.0,45440.0,23022.5,45653.8,0.7372
16768.0,41492.3,17271.4,41920.0,0.7372
12521.6,25929.8,13120.0,26396.7,0.7372
19389.2,44997.9,19840.0,45440.0,0.7372
24084.3,19737.1,24637.3,20160.0,0.7371
23920.1,14929.7,24320.0,15360.0,0.7371
27011.3,9281.7,27092.4,9391.8,0.7370
17601.2,16156.1,17681.1,16345.9,0.7369
17173.6,41243.6,17279.6,41600.0,0.7369
8082.5,24560.5,8636.2,24960.0,0.7369
26124.0,32940.8,26240.0,33276.9,0.7368
9049.6,43303.1,9591.1,43840.0,0.7368
28095.2,12876.3,28152.7,13119.5,0.7366
26561.9,37522.4,26665.6,37760.0,0.7366
19285.7,32238.8,19520.0,32360.6,0.7365
7360.0,30720.7,7685.5,30836.2,0.7364
26463.3,39360.5,26558.5,39573.3,0.7362
10369.3,31346.2,10496.5,31680.0,0.7361
11841.7,39128.4,11952.3,39395.6,0.7361
15430.9,19284.1,15542.0,19840.0,0.7361
17281.1,15258.8,17396.5,15360.0,0.7361
28161.8,10595.3,28356.1,10879.7,0.7360
26962.6,11521.5,27089.9,11732.9,0.7360
22080.0,16545.4,22547.6,16957.6,0.7360
26956.5,4315.5,27510.3,4798.5,0.7359
14444.4,31579.6,15039.7,32000.0,0.7359
13891.9,12162.2,14400.0,12778.7,0.7359
20284.9,45074.0,20800.0,45438.4,0.7359
25656.0,37860.5,25764.9,38059.1,0.7359
27309.1,19125.5,27840.0,19520.0,0.7358
18672.6,10360.8,18880.0,10559.0,0.7358
7927.1,35118.0,7999.8,35520.0,0.7357
23613.6,48291.8,23715.9,48482.3,0.7356
12509.8,19434.5,13116.3,19840.0,0.7356
21171.0,1922.8,21440.0,2222.7,0.7356
28160.0,11216.6,28260.0,11621.2,0.7356
7426.9,33720.2,7496.6,34229.4,0.7355
5203.7,13120.9,5755.5,13505.8,0.7355
16320.0,6080.0,16957.8,6438.9,0.7354
14237.8,18242.8,14312.5,18780.7,0.7354
24645.6,38733.0,24732.5,39249.9,0.7354
25602.5,32962.6,25769.8,33110.0,0.7352
15200.9,17819.1,15277.4,18240.0,0.7352
26778.3,45996.2,26880.0,46398.1,0.7352
4497.5,11694.5,5118.7,12157.2,0.7349
26240.0,38517.1,26362.6,39037.7,0.7349
10066.9,26794.3,10238.3,26880.0,0.7348
19202.3,4935.6,19432.8,5120.0,0.7348
23961.5,28161.5,24320.0,28760.6,0.7348
16719.7,50572.3,17275.2,51046.5,0.7347
28083.9,29692.8,28159.9,30080.0,0.7346
17421.8,28211.7,17920.0,28800.0,0.7345
26563.5,11428.8,26713.7,11838.6,0.7345
28160.0,40963.9,28444.9,41190.2,0.7344
15140.5,2733.6,15674.9,3198.9,0.7344
21784.0,31040.9,21929.3,31123.2,0.7343
28784.1,45440.0,28928.0,45495.4,0.7343
26671.1,22217.3,26880.0,22322.8,0.7343
26498.5,35323.9,26559.6,35835.6,0.7343
14371.8,3206.0,14598.7,3438.8,0.7342
24862.3,40131.3,24956.9,40640.0,0.7342
24640.0,36235.8,24764.3,36794.8,0.7342
27843.0,42663.3,27922.5,43190.0,0.7341
28048.8,29697.5,28480.0,30079.3,0.7340
8358.7,33185.9,8959.0,33596.2,0.7340
28509.9,35208.4,28926.1,35525.6,0.7340
27343.6,3415.4,27840.0,3839.9,0.7336
13916.2,23793.2,14080.0,24319.4,0.7336
4582.7,11381.3,4798.7,11519.5,0.7335
7364.5,35520.0,7578.8,35812.8,0.7335
15811.7,27565.4,15941.1,27766.4,0.7335
15358.5,21767.2,15419.7,22221.7,0.7334
24091.6,2246.1,24639.0,2718.9,0.7334
14222.0,47533.1,14711.9,47999.9,0.7333
15680.6,28848.9,15834.2,29440.0,0.7333
18132.3,32937.0,18232.0,33279.4,0.7332
20552.7,11416.2,21120.0,11839.3,0.7332
15770.3,18479.5,15838.3,18878.8,0.7332
14526.0,1280.0,14944.9,1746.7,0.7332
15112.4,44689.3,15667.2,45120.0,0.7332
1791.2,11703.8,2238.5,12158.6,0.7330
6818.2,5852.1,7351.9,6400.0,0.7329
22281.1,13461.8,22368.8,13681.6,0.7329
18897.2,12225.5,19198.5,12480.0,0.7329
10625.9,21605.0,11195.6,22070.1,0.7328
28101.3,32488.7,28159.7,32873.3,0.7327
3689.3,8407.2,4160.0,8960.0,0.7326
23533.0,33209.0,23644.2,33598.3,0.7326
23049.0,38081.5,23678.1,38275.2,0.7325
15225.7,48857.9,15360.0,48960.0,0.7325
14039.3,39095.1,14167.9,39680.0,0.7324
23655.8,48449.2,23741.8,48958.9,0.7323
12839.6,29986.8,13431.8,30400.0,0.7323
16961.0,24320.1,17066.1,24460.5,0.7323
25616.2,6795.4,25707.5,6942.1,0.7323
8780.7,41331.1,9280.0,41920.0,0.7322
10011.5,27521.3,10111.7,27645.1,0.7322
15040.0,26342.3,15104.5,26880.0,0.7321
21843.4,8512.7,22398.4,8960.0,0.7321
16095.1,25600.4,16623.9,26115.5,0.7320
8649.1,1631.0,9278.2,1920.0,0.7319
17037.4,390.2,17581.6,729.1,0.7319
1648.7,12481.1,1920.0,12633.8,0.7319
4245.2,15822.5,4798.4,16320.0,0.7319
24650.0,5669.5,25278.0,6080.0,0.7318
22311.9,30540.2,22713.5,31040.0,0.7317
12272.5,15527.1,12792.2,16000.0,0.7317
19272.1,47041.1,19836.8,47525.0,0.7317
23718.0,33612.1,23825.3,34240.0,0.7316
28130.9,10244.2,28362.8,10377.0,0.7315
26562.0,15557.5,26709.4,15841.7,0.7315
27840.0,43751.9,27915.0,44160.0,0.7315
20441.0,39680.7,20566.4,39999.5,0.7314
26090.6,49152.5,26157.3,49365.6,0.7314
10296.4,1282.7,10877.6,1788.4,0.7313
8640.9,41063.7,8700.6,41278.8,0.7313
22560.5,19750.0,23039.7,20160.0,0.7312
10560.0,45896.5,10772.5,46400.0,0.7311
24858.4,2880.2,25275.5,3426.9,0.7310
22401.2,31937.2,23039.3,32320.0,0.7309
12196.0,25956.7,12798.3,26427.0,0.7308
14730.0,42102.4,15357.5,42554.0,0.7308
19200.0,49878.6,19838.1,50240.0,0.7307
26104.9,30583.5,26181.5,31029.4,0.7307
27840.0,5446.0,28478.7,5759.4,0.7307
15510.5,48560.3,15679.6,48640.0,0.7306
28160.0,46146.4,28257.5,46720.0,0.7305
24755.3,31269.1,25276.8,31678.8,0.7305
5427.3,10886.1,5760.0,11422.3,0.7304
11325.5,49007.8,11840.0,49280.0,0.7304
15606.4,30334.0,15680.0,30720.0,0.7304
26964.4,49280.9,27021.1,49398.5,0.7304
18326.9,8960.0,18873.1,9400.8,0.7303
24484.6,34561.2,24639.3,34707.2,0.7302
3551.5,16230.9,4158.2,16640.0,0.7299
8000.0,28802.1,8497.4,29271.3,0.7298
20160.0,30086.5,20798.1,30433.3,0.7298
24839.9,20671.8,24960.0,21117.3,0.7297
4020.6,15361.5,4480.0,15863.9,0.7297
20493.9,32316.5,21058.6,32640.0,0.7296
21930.3,11930.3,22080.0,12158.9,0.7295
15035.1,1943.1,15360.0,2053.0,0.7295
5825.3,12884.6,6396.4,13120.0,0.7294
17526.5,36071.1,17599.8,36480.0,0.7292
21760.0,39223.6,21841.5,39345.1,0.7291
16531.7,21728.3,16638.8,22080.0,0.7291
19520.0,33105.6,20074.5,33408.8,0.7291
28704.1,26571.7,28928.0,26947.1,0.7290
6081.8,33162.0,6720.0,33597.7,0.7290
13122.3,4.1,13368.8,325.8,0.7289
23273.8,7896.5,23679.6,8319.1,0.7289
23416.5,13736.0,23996.6,14080.0,0.7288
15164.5,16644.0,15227.2,17118.5,0.7288
6720.0,38530.6,6845.8,39035.7,0.7288
7683.8,7030.2,8317.5,7358.5,0.7287
27520.0,33600.4,28041.3,33920.0,0.7287
28857.1,11845.5,28927.7,12386.3,0.7286
16906.6,25015.3,17280.0,25600.0,0.7284
23497.0,45758.7,23679.3,46079.1,0.7284
25838.7,28823.0,25920.0,29367.7,0.7284
11280.9,21264.0,11838.4,21757.5,0.7284
18807.3,37121.7,18928.2,37575.9,0.7282
15016.6,24643.3,15102.4,25205.4,0.7281
14439.1,18777.7,14720.0,19198.5,0.7281
28276.5,16320.0,28468.4,16812.8,0.7280
11542.2,26806.6,12157.0,27195.3,0.7280
28244.8,3688.6,28789.9,4160.0,0.7280
27203.2,4330.1,27840.0,4781.6,0.7279
11634.7,35976.6,12160.0,36444.4,0.7279
20751.5,5113.9,21120.0,5434.0,0.7278
25602.0,42209.2,25734.3,42559.5,0.7278
27946.9,6720.0,28060.4,7154.4,0.7277
14404.0,15435.9,14543.6,16000.0,0.7277
26745.6,23224.4,26865.8,23675.8,0.7277
27758.7,24217.9,27840.0,24319.4,0.7276
19487.7,1921.9,19837.9,2476.9,0.7276
12245.5,41774.4,12790.9,42240.0,0.7275
27219.5,793.2,27518.4,1278.5,0.7275
22085.7,18560.7,22400.0,18842.9,0.7275
13473.2,14905.6,14074.0,15356.1,0.7274
10649.0,41836.7,11193.9,42240.0,0.7274
23681.5,31287.4,24099.3,31679.5,0.7273
20163.1,36800.0,20795.8,37029.7,0.7273
18880.5,49920.4,19221.7,50109.4,0.7273
2240.0,0.5,2557.5,154.9,0.7272
21190.0,15361.7,21755.1,15810.5,0.7272
18241.6,42789.2,18298.4,43196.7,0.7272
14779.7,32961.5,14947.0,33034.1,0.7272
4907.2,11998.0,5436.4,12475.9,0.7271
1980.9,968.8,2239.3,1393.1,0.7271
23040.0,11399.4,23181.7,11840.0,0.7269
28436.6,41168.6,28503.9,41541.6,0.7268
1948.6,14082.7,2557.1,14495.4,0.7267
12800.0,17042.5,13171.6,17600.0,0.7267
3440.4,7479.4,3840.0,7997.9,0.7267
20160.2,40320.0,20383.6,40453.3,0.7266
11538.7,41895.9,12160.0,42240.0,0.7266
22535.1,21667.1,23037.3,22080.0,0.7265
17826.9,20930.5,17920.0,21418.7,0.7264
22739.2,8525.6,23237.2,8960.0,0.7262
14400.4,43338.2,14461.5,43520.0,0.7262
17039.6,20693.0,17595.9,21120.0,0.7262
20082.8,34946.8,20480.0,35273.2,0.7261
13697.5,12633.3,14076.1,13115.8,0.7261
12236.0,36361.2,12796.0,36800.0,0.7261
27897.9,37442.1,28474.7,37824.4,0.7261
18890.5,10570.6,19517.5,10964.6,0.7259
19523.2,4812.2,20160.0,5120.0,0.7257
22374.7,49920.5,22716.9,49991.1,0.7257
20501.5,35200.0,21119.4,35520.0,0.7257
1018.5,12089.6,1597.3,12480.0,0.7255
23770.6,30540.5,24316.9,31035.9,0.7254
16051.8,3522.5,16635.3,3840.0,0.7254
17392.1,9521.4,17910.7,9920.0,0.7253
12932.2,17046.1,13119.6,17278.8,0.7251
19020.4,33600.9,19200.0,33775.8,0.7251
18583.3,39686.3,18643.9,40111.4,0.7250
16508.4,45329.3,16637.3,45440.0,0.7250
6052.3,33280.0,6399.2,33897.6,0.7250
8413.6,901.6,8958.8,1279.3,0.7248
23680.0,22080.0,24017.2,22333.9,0.7248
4936.3,5458.5,5426.5,5984.4,0.7248
16324.0,47680.0,16960.0,48108.2,0.7247
19920.4,16263.3,20160.0,16636.0,0.7247
23496.2,14177.1,23680.0,14720.0,0.7247
27937.3,42489.6,28002.2,42880.0,0.7246
21121.0,25603.1,21202.7,25777.5,0.7245
9760.5,25816.0,9918.3,25920.0,0.7245
15697.0,6327.0,16318.9,6720.0,0.7245
8422.9,41770.3,8956.5,42239.3,0.7245
16080.9,36483.2,16630.0,36965.8,0.7244
17600.0,6308.5,18187.7,6719.9,0.7243
19791.0,18433.1,20160.0,18878.8,0.7243
13245.1,49849.3,13754.1,50239.0,0.7243
5120.0,13984.8,5748.7,14400.0,0.7242
23475.7,18760.6,24000.0,19200.0,0.7242
18778.5,34129.6,18879.1,34554.4,0.7241
20895.5,17993.3,21429.7,18560.0,0.7241
26800.6,49196.2,26880.0,49280.0,0.7240
15040.0,20517.2,15289.9,20799.6,0.7239
12811.0,48004.1,13435.2,48352.8,0.7238
18882.2,1750.5,19200.0,2233.5,0.7237
27814.6,12432.1,27877.3,12676.5,0.7237
25649.9,40962.8,25916.1,41123.6,0.7237
17069.0,1584.3,17598.8,1919.2,0.7237
5534.9,4951.6,6076.8,5434.7,0.7236
27559.4,16253.8,28158.0,16630.0,0.7236
11408.0,12160.9,11520.0,12390.1,0.7234
23680.0,37734.2,23746.9,38064.4,0.7233
20194.8,5036.7,20793.8,5440.0,0.7232
25012.6,42117.4,25119.0,42493.1,0.7231
2394.0,7040.9,2560.0,7169.4,0.7231
22732.4,23174.9,23358.6,23360.0,0.7230
17411.4,32320.4,17598.6,32600.3,0.7227
24071.6,32196.5,24637.3,32639.3,0.7227
28864.8,23254.6,28927.9,23679.7,0.7226
16537.2,39043.0,16640.0,39469.1,0.7226
16893.3,14747.2,16960.0,14834.5,0.7225
8000.0,23360.3,8492.1,23858.3,0.7224
24789.2,24960.1,24959.5,25242.4,0.7223
18364.9,32060.7,18555.2,32311.3,0.7222
26462.6,40600.8,26558.3,40960.0,0.7220
12096.6,31270.7,12160.0,31680.0,0.7220
19108.3,36162.3,19199.9,36637.8,0.7218
15059.6,23919.7,15395.5,24320.0,0.7216
26560.0,7851.2,26668.9,7999.0,0.7216
17283.6,24640.3,17720.8,24718.5,0.7216
27235.3,25963.8,27359.8,26238.5,0.7216
26806.4,42439.4,26880.0,42877.6,0.7215
25609.7,14080.0,26239.2,14513.8,0.7215
17954.7,1206.0,18558.2,1600.0,0.7214
18057.5,25846.2,18213.1,26239.5,0.7214
27200.0,12167.5,27255.5,12587.5,0.7212
4232.8,22402.5,4479.4,22704.5,0.7212
4480.0,10628.7,4556.6,10850.3,0.7212
6191.1,37038.9,6704.0,37440.0,0.7212
4624.8,3713.4,4800.0,4147.7,0.7211
8966.0,39025.6,9597.6,39359.7,0.7211
6327.2,15042.7,6720.0,15527.9,0.7211
24000.0,33702.9,24126.3,33831.9,0.7211
28583.9,40960.3,28641.8,41115.8,0.7210
16124.8,31586.7,16562.8,31998.5,0.7210
1552.3,3520.0,1920.0,4075.7,0.7210
28706.1,39684.4,28844.8,40054.2,0.7210
19008.1,33398.2,19200.0,33600.0,0.7210
25015.2,47178.7,25597.2,47676.6,0.7210
16412.1,10240.0,16951.9,10708.5,0.7210
27202.8,34882.3,27301.9,35349.7,0.7209
24842.1,27106.6,24959.2,27504.0,0.7208
25188.5,24640.0,25280.0,25091.3,0.7208
25399.9,45123.3,25906.5,45592.1,0.7207
8900.8,3530.8,9280.0,3839.3,0.7207
13451.2,48320.0,13849.6,48473.4,0.7207
12161.0,39361.1,12309.1,39516.3,0.7206
25280.2,25562.6,25392.8,25600.0,0.7206
15363.8,25937.4,15494.5,26560.0,0.7206
12144.8,35432.4,12457.1,35840.0,0.7205
26292.7,1205.4,26879.6,1600.0,0.7205
27105.0,9923.8,27517.8,10026.2,0.7205
14481.6,17135.4,15038.5,17598.5,0.7203
26492.9,37874.3,26874.1,38075.7,0.7202
8640.0,35053.9,8887.1,35520.0,0.7202
18880.0,25438.3,19002.7,25915.0,0.7202
23396.8,9324.3,24000.0,9600.0,0.7202
18181.3,20307.5,18559.0,20478.5,0.7201
1280.0,567.2,1427.4,960.0,0.7199
15428.7,50158.8,15996.7,50557.6,0.7198
13572.2,16116.5,13760.0,16636.8,0.7196
16672.1,23045.9,17279.4,23523.5,0.7196
21463.9,1207.1,21752.9,1600.0,0.7195
12800.0,29403.3,12986.9,29440.0,0.7195
22163.4,37704.7,22714.5,38080.0,0.7194
28447.3,22401.2,28689.7,22580.9,0.7194
25858.6,36769.7,25920.0,37119.9,0.7193
23680.0,34308.7,23791.2,34871.4,0.7193
13490.3,19941.0,13760.0,20480.0,0.7192
18514.6,6913.4,18878.6,7040.0,0.7191
20310.2,48847.0,20795.7,49279.0,0.7191
18299.3,19203.2,18559.3,19522.9,0.7191
17280.0,7681.0,17613.8,7870.1,0.7190
17358.3,16661.6,17599.0,17260.6,0.7190
2056.1,5122.5,2240.0,5286.9,0.7190
13126.4,35840.0,13759.2,36233.7,0.7189
28637.0,13440.4,28754.3,13515.0,0.7189
16597.5,36484.5,16844.4,36919.5,0.7188
9315.5,34732.8,9917.4,35195.7,0.7188
19968.4,26242.9,20032.4,26679.9,0.7188
18955.5,5842.4,19508.2,6400.0,0.7187
26667.5,7856.5,26878.3,7935.6,0.7187
13162.6,39324.6,13757.2,39680.0,0.7186
23603.1,15280.6,23678.7,15676.6,0.7186
26482.9,27848.9,26559.5,28218.5,0.7186
26696.2,1924.6,26879.7,2343.9,0.7185
26240.0,29120.0,26334.0,29580.8,0.7184
23594.0,9240.7,23680.0,9346.5,0.7184
22081.4,40000.0,22244.0,40137.7,0.7183
21588.5,12424.1,21760.0,12480.0,0.7182
9285.4,33176.9,9731.0,33280.0,0.7182
18519.4,35005.7,18599.4,35200.0,0.7180
12038.5,48320.1,12159.9,48416.7,0.7180
11842.5,50226.3,11996.1,50554.0,0.7179
26716.4,25920.0,26879.9,26375.7,0.7178
16242.3,30515.7,16319.3,31040.0,0.7178
28234.2,29059.5,28381.2,29120.0,0.7178
26251.7,38851.4,26863.7,39357.5,0.7178
27941.2,36918.3,28474.3,37428.0,0.7177
23693.8,31688.1,24317.1,32160.2,0.7177
27840.0,44480.3,27911.5,44656.6,0.7177
15409.1,23430.8,15542.5,24000.0,0.7176
17380.1,6082.9,17598.0,6329.0,0.7176
9292.7,23657.0,9920.0,23998.2,0.7174
24670.3,13444.4,25278.9,13907.2,0.7172
16224.9,28483.5,16319.5,29013.4,0.7172
8640.0,41052.5,8709.7,41421.4,0.7172
5843.4,13294.1,6395.8,13759.4,0.7169
26732.3,24320.3,26879.5,24922.3,0.7169
19075.5,25049.4,19200.0,25600.0,0.7169
10431.3,7685.3,10560.0,7887.2,0.7168
27541.0,37833.4,28157.1,38164.4,0.7167
23710.1,26813.0,24318.6,27195.2,0.7166
25486.4,36990.4,25600.0,37427.6,0.7166
6759.5,31552.8,7356.4,31995.4,0.7166
26875.5,32114.6,26938.8,32402.2,0.7166
11864.9,6042.6,12117.1,6080.0,0.7166
14239.9,18459.2,14708.5,18879.6,0.7165
9413.8,2884.7,9920.0,3464.5,0.7165
20800.0,34880.1,20948.1,35169.3,0.7164
22800.7,21784.3,23352.3,22283.8,0.7163
28746.9,43267.2,28928.0,43515.2,0.7163
12633.1,50419.1,13117.2,50877.4,0.7162
16661.1,12720.8,17280.0,13120.0,0.7162
13487.2,30878.9,14076.9,31356.9,0.7161
13126.2,39589.3,13760.0,40000.0,0.7159
26727.9,48640.0,26820.2,48713.3,0.7159
25109.5,40233.4,25240.0,40320.0,0.7159
19137.3,39049.3,19200.5,39547.3,0.7158
27564.4,18175.9,28158.8,18560.0,0.7157
19845.9,34242.1,20372.1,34534.4,0.7157
26928.3,4160.5,27517.4,4588.0,0.7156
24546.1,40014.7,24622.2,40319.6,0.7155
8400.7,28079.1,8960.0,28480.0,0.7155
6402.1,39908.1,6466.8,40320.0,0.7154
3132.5,13040.5,3520.0,13440.0,0.7154
23245.7,44074.3,23360.0,44479.1,0.7154
22332.7,20364.0,22715.6,20800.0,0.7152
21760.9,961.1,21825.4,1047.0,0.7151
20534.0,50198.7,21115.9,50560.0,0.7151
23428.3,27992.0,24000.0,28475.4,0.7150
27351.4,10560.0,27834.4,10724.9,0.7150
21226.2,8736.8,21758.5,9280.0,0.7150
25933.0,38400.0,26240.0,39034.8,0.7149
18880.0,2880.0,19516.2,3226.1,0.7149
17115.3,44654.0,17598.3,45116.4,0.7148
8396.2,23781.5,8954.9,24318.8,0.7147
16664.5,22828.9,17275.7,23360.0,0.7147
27415.0,43305.4,27840.0,43840.0,0.7146
4483.0,43366.1,5026.1,43840.0,0.7145
13150.2,22883.1,13756.6,23354.7,0.7145
11864.5,48940.6,12157.4,49280.0,0.7144
24606.0,39571.5,24666.4,39993.7,0.7143
19948.0,14080.3,20475.4,14592.5,0.7142
19235.3,44628.8,19830.7,45115.3,0.7141
14510.8,31196.4,15040.0,31676.2,0.7141
2944.9,5323.2,3520.0,5760.0,0.7141
26882.8,4877.7,27520.0,5307.0,0.7140
19842.2,35859.4,19930.0,36224.3,0.7139
16764.7,3672.0,17280.0,4160.0,0.7138
4087.0,16327.9,4480.0,16509.0,0.7138
20941.3,42882.5,21120.0,43028.2,0.7136
20589.9,35653.6,20798.8,36003.4,0.7136
26000.5,29768.6,26239.1,30198.2,0.7134
18560.0,16004.3,18641.6,16465.0,0.7134
5141.6,14654.2,5756.3,15040.0,0.7134
25403.4,41923.1,25528.9,42383.0,0.7134
27844.5,26565.0,28480.0,26879.7,0.7131
11280.5,30920.6,11835.5,31359.4,0.7131
23360.4,3840.3,23689.5,4006.9,0.7131
24471.4,14967.3,24953.3,15360.0,0.7130
21473.3,24804.3,22073.4,25279.1,0.7129
24000.0,42620.5,24621.4,42880.0,0.7128
22723.8,17492.9,23357.8,17920.0,0.7128
15744.7,39490.4,16308.8,39997.0,0.7128
15040.0,26236.9,15101.2,26559.7,0.7128
11913.2,16320.1,12461.0,16761.1,0.7127
21011.4,33924.7,21110.4,34321.3,0.7127
20090.1,13413.2,20159.8,13758.8,0.7126
24641.8,43640.1,24805.4,44159.9,0.7126
27358.1,10404.3,27840.0,10599.8,0.7126
5380.0,9923.3,5760.0,10239.8,0.7124
21848.6,32993.6,22011.6,33384.3,0.7124
18731.5,18777.6,18880.0,19200.0,0.7124
17630.6,18894.0,18235.8,19386.5,0.7123
15393.7,17925.7,15457.7,18400.0,0.7123
20295.3,17845.6,20468.3,18240.0,0.7123
13604.3,19366.4,14073.5,19840.0,0.7123
27202.0,24410.9,27338.6,24638.6,0.7123
8321.3,11200.0,8960.0,11358.4,0.7123
18563.5,24773.4,18708.2,25279.2,0.7121
12821.2,2.4,13405.9,326.5,0.7119
26562.1,15360.0,26691.5,15560.5,0.7119
28727.4,28219.3,28928.0,28480.0,0.7117
10967.6,17600.0,11513.7,18070.6,0.7117
20339.4,51123.8,20478.5,51200.0,0.7116
16463.7,12609.0,16640.0,13112.0,0.7116
19991.8,18559.1,20474.9,18880.0,0.7115
4800.0,12481.7,5068.6,12676.7,0.7115
24644.3,44161.4,24823.5,44412.3,0.7115
19905.7,48889.4,20476.6,49280.0,0.7112
3634.4,5015.1,4154.8,5440.0,0.7112
28538.2,43096.5,28642.2,43520.0,0.7112
24962.1,39061.3,25124.4,39676.5,0.7111
8331.9,14872.5,8635.9,15353.1,0.7110
15137.7,16418.3,15204.7,16959.3,0.7110
28441.9,42482.2,28541.4,42880.0,0.7109
13341.8,38965.3,13440.0,39039.7,0.7108
21422.1,12162.3,21518.1,12374.1,0.7108
16640.0,32894.9,16706.2,33278.1,0.7108
16320.3,31608.9,16451.7,31999.6,0.7107
27916.3,11269.0,28159.2,11589.2,0.7106
15518.5,22879.7,15583.4,23360.0,0.7106
26529.2,33196.9,26597.0,33600.0,0.7106
9999.5,8322.8,10238.4,8724.0,0.7105
13822.3,25021.2,13896.7,25279.2,0.7105
18616.0,14791.7,18880.0,15040.0,0.7105
18765.8,25618.6,18880.0,26229.1,0.7105
16962.2,19840.0,17593.7,20324.1,0.7104
25286.8,46845.4,25596.6,47038.7,0.7104
18474.7,25805.9,18820.5,26239.8,0.7104
27705.6,31237.3,27837.4,31330.2,0.7104
7680.1,33200.4,7880.0,33278.5,0.7104
20353.8,10070.9,20800.0,10554.1,0.7103
27306.7,37444.8,27840.0,37886.4,0.7102
19850.4,42515.1,20160.0,42598.4,0.7102
28292.6,44695.7,28480.0,44880.0,0.7102
27741.2,50245.0,27840.0,50721.4,0.7101
25816.1,47041.7,25920.0,47228.8,0.7100
1780.1,13760.0,1919.6,13843.3,0.7098
24641.0,33601.7,25277.8,34071.6,0.7097
24964.3,12982.0,25600.0,13315.3,0.7096
12614.0,49601.4,12799.5,49723.2,0.7095
15935.0,27215.7,16000.0,27716.8,0.7095
11521.1,7361.1,11638.2,7440.8,0.7094
28167.3,44892.3,28440.4,45440.0,0.7094
25303.7,2311.0,25566.6,2880.0,0.7093
25413.9,38.6,25600.0,636.3,0.7093
28419.5,47577.7,28925.7,47995.4,0.7091
2304.8,43101.5,2876.0,43520.0,0.7091
26240.0,39324.7,26343.1,39679.5,0.7091
2385.5,13609.2,2877.0,14076.8,0.7089
1922.1,42158.8,2108.9,42559.7,0.7089
20224.6,28646.1,20798.0,29118.3,0.7087
3854.4,4302.0,4476.4,4800.0,0.7086
23600.1,48072.4,23679.1,48289.0,0.7086
16452.6,19840.8,16640.0,20321.2,0.7085
2829.3,14720.0,3199.8,15210.0,0.7085
4517.6,48238.4,5118.6,48640.0,0.7084
11201.8,23360.9,11840.0,23500.0,0.7084
17898.2,14312.5,18240.0,14719.8,0.7084
10261.2,27997.2,10877.9,28477.3,0.7084
6177.2,4586.2,6713.0,5120.0,0.7083
16021.9,42116.8,16635.5,42556.2,0.7083
19961.5,19520.0,20151.9,19736.4,0.7082
2560.0,47040.0,3022.3,47494.9,0.7080
16000.0,33798.5,16097.8,34240.0,0.7079
26707.0,36161.4,27195.5,36480.0,0.7079
10560.0,4812.1,10736.1,5267.6,0.7078
15813.9,10880.8,16320.0,11396.3,0.7077
24046.8,614.9,24320.0,957.9,0.7077
25576.1,50722.8,25920.0,51199.7,0.7077
24009.3,48945.6,24635.9,49280.0,0.7076
27842.8,47249.6,28458.5,47678.3,0.7075
10613.5,42732.1,11195.9,43197.4,0.7074
25517.3,37188.4,25920.0,37603.1,0.7072
2941.3,6081.1,3509.7,6560.6,0.7071
2333.9,12480.9,2559.1,12679.9,0.7071
2578.1,11698.7,3197.9,12157.8,0.7070
8724.0,48384.1,8960.0,48957.0,0.7069
20895.1,21214.9,21437.5,21760.0,0.7068
3992.5,22625.8,4479.4,23040.0,0.7067
12207.6,3733.7,12800.0,4160.0,0.7066
8640.0,37760.4,9141.0,38234.5,0.7066
8642.9,39824.9,8766.6,40318.4,0.7064
9187.6,33518.0,9278.9,33600.0,0.7064
19106.1,25480.0,19200.0,25919.7,0.7064
15682.7,24642.3,15999.7,25027.8,0.7063
853.8,6169.4,960.0,6399.8,0.7063
9236.2,28387.5,9600.0,28711.0,0.7063
12191.1,36801.3,12480.0,36911.0,0.7062
7363.0,42699.1,7453.6,43171.7,0.7062
17775.7,9282.4,18240.0,9747.0,0.7061
15531.6,40323.2,16000.0,40862.6,0.7061
13120.3,38092.9,13752.5,38497.6,0.7061
10882.2,47617.8,11137.8,48000.0,0.7059
22535.2,29760.4,22720.0,29845.2,0.7058
25821.1,32889.0,25886.7,33280.0,0.7058
20499.0,20223.4,20799.6,20480.0,0.7057
1011.0,9922.8,1597.9,10240.0,0.7057
25704.1,23043.3,26237.9,23412.6,0.7056
14234.6,39846.9,14715.2,40317.8,0.7055
4481.2,29489.1,4617.3,29760.0,0.7054
26589.4,8642.5,27195.3,8739.8,0.7054
3520.0,15776.1,3705.1,15999.0,0.7052
16028.6,45376.4,16636.6,45757.1,0.7050
27929.3,47235.8,28143.3,47676.2,0.7049
28571.6,42106.7,28797.2,42554.8,0.7049
5761.7,3651.6,5957.7,3840.0,0.7048
17126.1,4483.4,17280.0,4767.2,0.7048
18829.4,18086.3,19197.7,18415.6,0.7047
17803.0,6409.6,18239.4,6901.7,0.7047
14978.6,11736.5,15360.0,12160.0,0.7045
17602.2,34193.8,18183.7,34560.0,0.7045
3978.6,11063.5,4475.0,11514.3,0.7045
28014.8,49132.7,28154.2,49597.5,0.7044
27009.7,4.0,27518.5,393.2,0.7043
27337.4,31110.2,27512.3,31360.0,0.7043
15745.3,18050.8,15809.5,18560.0,0.7043
24038.9,20314.8,24629.8,20800.0,0.7042
6397.3,320.0,6718.4,913.0,0.7042
23488.4,2562.0,24000.0,3065.7,0.7041
20431.8,36041.3,20800.0,36480.0,0.7041
26044.7,36689.1,26560.0,37120.0,0.7039
24863.5,44544.0,24960.0,44799.5,0.7039
11715.1,10560.6,12157.3,10754.2,0.7039
21595.1,48864.7,22073.5,49280.0,0.7038
8399.8,32311.0,8958.4,32639.9,0.7037
8644.8,12710.6,9091.4,13113.6,0.7037
6136.2,15310.6,6720.0,15679.2,0.7036
1610.3,5865.3,1919.1,6080.0,0.7036
13608.3,26880.5,13760.0,26973.8,0.7035
10178.7,29930.2,10259.8,30358.4,0.7035
3200.3,7205.5,3359.6,7359.4,0.7034
28752.1,38722.5,28886.0,39237.8,0.7034
27341.3,42980.0,27834.7,43520.0,0.7034
18333.1,25612.0,18469.8,26071.3,0.7033
16350.4,15047.4,16958.0,15463.0,0.7031
28059.3,40206.6,28160.0,40638.4,0.7029
16698.7,21548.5,16805.5,22080.0,0.7029
15852.3,32001.6,16000.0,32183.4,0.7029
941.8,10985.9,1280.0,11520.0,0.7029
24797.7,40964.7,25093.3,41448.6,0.7029
21794.0,13120.0,22020.3,13184.9,0.7029
28386.5,10627.0,28479.3,11196.4,0.7028
27260.2,11200.0,27480.0,11717.4,0.7028
18707.3,24961.4,18851.2,25226.9,0.7028
18891.9,42171.0,19519.2,42560.0,0.7027
26945.7,39176.7,27513.2,39680.0,0.7027
23685.2,44482.2,24320.0,44595.5,0.7026
26659.9,3840.0,27195.4,4364.3,0.7026
28440.7,40964.8,28517.6,41349.0,0.7026
26406.5,47045.2,26878.3,47352.8,0.7026
27202.2,7683.4,27716.0,8079.2,0.7025
25913.7,43985.1,25979.9,44479.3,0.7024
28384.4,33600.9,28925.4,34019.5,0.7021
15717.1,5442.0,16314.0,5832.8,0.7020
14400.9,2562.2,14560.8,2696.6,0.7020
18244.4,32527.8,18704.6,32960.0,0.7019
25306.1,16260.4,25918.9,16639.0,0.7018
7804.3,4.8,8314.5,610.2,0.7017
26636.6,46245.3,26878.7,46718.5,0.7017
18560.9,40551.5,18800.4,40960.0,0.7017
16414.1,50068.4,16955.0,50560.0,0.7015
8216.9,42566.6,8320.0,42980.4,0.7015
13120.0,6083.9,13425.8,6303.2,0.7014
15605.8,28485.3,15680.0,29015.9,0.7014
27026.3,33280.0,27199.7,33323.1,0.7012
13144.2,34120.1,13758.2,34556.1,0.7012
17282.0,22903.8,17692.6,23356.8,0.7011
28798.6,40075.9,28919.3,40639.7,0.7011
4750.1,10565.1,5120.0,10805.0,0.7010
23681.4,32712.4,23842.0,33280.0,0.7010
24445.6,36483.3,24640.0,36648.2,0.7009
26021.4,3520.4,26559.2,4013.1,0.7009
3209.8,39314.0,3840.0,39680.0,0.7008
23280.0,42060.2,23360.0,42534.1,0.7007
7346.9,597.1,7671.4,950.2,0.7007
25399.6,37029.0,25909.5,37440.0,0.7006
5822.8,31360.0,6394.8,31799.6,0.7005
28081.3,12863.7,28480.0,13437.2,0.7005
19268.5,25170.9,19836.7,25597.5,0.7005
27870.8,33920.0,28043.9,34099.7,0.7004
14886.7,12432.9,15039.5,12753.3,0.7004
27840.6,22722.0,27961.5,22846.2,0.7003
13677.0,24248.4,13759.5,24320.0,0.7002
28098.1,21129.4,28480.0,21455.0,0.7001
6533.3,6296.7,7034.9,6720.0,0.7001
16618.1,48326.7,16960.0,48866.6,0.7000
23570.4,15612.5,23629.2,16000.0,0.7000
14464.5,49920.0,15036.9,50348.1,0.7000
22400.0,23890.1,22773.7,24320.0,0.7000
26560.9,6720.0,26677.6,6773.5,0.6999
23360.0,41825.9,23999.7,42240.0,0.6999
6923.6,10104.9,7038.1,10183.0,0.6999
3258.8,4649.2,3834.7,5119.0,0.6999
6947.2,30407.9,7358.2,30759.8,0.6998
25806.9,30896.4,26239.1,31359.7,0.6997
16055.5,25280.9,16622.3,25778.6,0.6997
15169.6,7801.7,15680.0,8319.0,0.6996
5801.3,4495.9,6080.0,4902.6,0.6995
26962.3,38897.7,27200.0,39357.8,0.6994
23709.9,23743.2,24000.0,24253.8,0.6993
9015.1,3957.2,9593.5,4480.0,0.6993
9706.1,26412.0,10236.5,26878.9,0.6992
1920.1,11534.0,2558.8,11840.0,0.6992
15418.0,27752.0,15528.5,28152.7,0.6992
8729.8,35703.8,9276.3,36156.2,0.6991
13700.6,919.8,14080.0,1280.0,0.6991
18296.4,40248.5,18559.1,40628.4,0.6990
19492.9,18563.2,19840.0,19073.6,0.6989
12473.5,19563.2,12799.3,19998.6,0.6988
25280.0,48320.2,25519.0,48493.9,0.6987
9015.1,31594.8,9596.7,31998.0,0.6986
28126.8,29703.7,28208.1,30080.0,0.6985
6070.0,34887.1,6141.0,35399.0,0.6985
9600.7,3420.4,9774.4,3519.3,0.6984
22841.4,42078.0,23040.0,42266.0,0.6984
3521.2,15196.0,3640.9,15360.0,0.6983
23263.5,44759.4,23324.8,45118.9,0.6981
25366.6,23255.1,25920.0,23680.0,0.6980
19443.3,34882.4,19840.0,35046.8,0.6980
11867.2,9814.3,12477.3,10240.0,0.6979
21857.6,6402.4,22394.7,6860.1,0.6978
10460.5,19218.8,10880.0,19520.0,0.6978
14080.0,20398.9,14197.5,20800.0,0.6978
22379.9,20801.2,22719.2,21328.0,0.6978
13071.9,4484.0,13440.0,4900.6,0.6977
18353.4,5896.5,18560.0,6352.1,0.6976
23564.4,32962.5,23662.7,33217.7,0.6976
21761.2,47695.9,21825.6,47992.0,0.6976
15057.2,37981.0,15680.0,38397.0,0.6976
25268.5,16266.9,25597.7,16640.0,0.6976
17197.4,27525.1,17596.6,27704.5,0.6975
8996.8,1443.5,9595.7,1917.8,0.6975
17970.2,14000.0,18556.2,14400.0,0.6975
16254.7,37362.9,16320.0,37760.0,0.6975
23681.5,19713.1,23768.8,19839.6,0.6974
12620.6,14204.1,13115.3,14720.0,0.6973
18907.0,45694.6,19200.0,46080.0,0.6971
12806.2,21622.5,13395.4,22078.5,0.6971
14424.0,5664.4,15040.0,6079.9,0.6971
23680.0,27211.0,23797.9,27271.3,0.6970
16784.7,41294.8,16960.0,41874.8,0.6970
11120.5,6564.2,11518.1,7020.9,0.6969
7469.4,11290.6,7996.8,11835.8,0.6969
27200.0,20372.7,27840.0,20792.7,0.6969
6400.0,34888.8,6503.6,35398.8,0.6969
2369.7,644.5,2872.1,1130.3,0.6969
14723.5,24070.0,14861.9,24640.0,0.6969
20719.4,3315.8,21120.0,3830.5,0.6968
21120.0,20275.9,21548.4,20796.9,0.6967
26911.0,20291.9,27517.8,20737.1,0.6967
27392.3,44161.6,27520.0,44615.9,0.6967
28056.4,26986.6,28159.6,27200.0,0.6967
19332.0,41188.7,19831.6,41600.0,0.6966
27452.0,45960.6,27520.0,46393.9,0.6966
28227.5,39928.3,28797.0,40320.0,0.6964
19443.8,36907.2,19518.9,37421.1,0.6964
27520.0,42309.0,27891.5,42560.0,0.6964
15067.9,22499.0,15451.4,23037.6,0.6963
25196.4,25460.2,25280.0,25570.0,0.6963
17707.3,43841.2,17920.0,44223.3,0.6962
21495.5,38022.1,21639.9,38290.0,0.6961
26416.0,39693.3,26526.0,40113.0,0.6961
17318.4,40721.1,17920.0,40960.0,0.6960
20548.1,28328.1,21115.4,28787.6,0.6959
21616.8,46720.0,22079.1,46817.8,0.6959
12193.2,31168.8,12799.2,31678.8,0.6958
27603.2,1829.0,28156.4,2240.0,0.6957
25971.2,26117.7,26556.5,26559.1,0.6954
2974.4,4290.2,3518.3,4800.0,0.6954
22533.8,25848.5,23040.0,26238.7,0.6954
27200.0,30650.2,27314.3,30720.0,0.6953
27126.7,12506.0,27200.0,12797.9,0.6953
26560.0,8603.3,26721.9,8640.0,0.6953
18004.7,13296.9,18558.5,13760.0,0.6952
18883.8,27153.9,19518.1,27520.0,0.6952
7822.5,40002.7,7999.4,40580.2,0.6951
15046.6,40967.4,15680.0,41280.0,0.6950
27841.6,20801.9,28274.5,20944.6,0.6950
1922.0,3118.9,2560.0,3520.0,0.6950
24960.4,19520.5,25270.9,19742.3,0.6949
20313.8,44480.0,20480.0,45072.3,0.6946
9609.1,11840.0,10237.2,12292.8,0.6945
16642.0,35146.1,16711.8,35519.9,0.6944
2880.9,4160.3,3111.2,4402.3,0.6944
17287.7,19649.0,17916.2,20146.9,0.6944
19840.0,36541.8,19906.9,36799.7,0.6942
7507.9,3320.4,7988.5,3836.0,0.6942
27461.1,36483.3,27520.0,36910.2,0.6941
17450.6,40885.2,17598.9,40960.0,0.6941
15040.0,37336.9,15672.3,37760.0,0.6940
27319.6,38400.9,27824.5,38925.7,0.6940
13251.5,42241.8,13760.0,42773.3,0.6940
17287.7,36736.3,17915.7,37120.0,0.6939
18704.4,44082.8,19198.6,44480.0,0.6939
26993.9,49930.5,27200.0,49966.8,0.6937
16122.5,19443.7,16185.5,19840.0,0.6936
9759.4,9932.1,10217.6,10186.6,0.6936
25895.2,49363.6,25965.9,49597.7,0.6933
5681.6,15152.9,6080.0,15528.3,0.6933
24969.3,40972.4,25086.6,41280.0,0.6933
25115.9,39179.6,25274.1,39677.1,0.6933
21802.0,6646.9,22397.5,7040.0,0.6933
7100.9,10175.1,7676.8,10560.0,0.6932
24822.2,36279.5,24959.6,36626.3,0.6931
15744.8,20380.4,16302.7,20800.0,0.6930
16372.1,27202.6,16956.2,27669.9,0.6930
24219.7,21351.1,24640.0,21760.0,0.6928
18259.6,15273.4,18880.0,15680.0,0.6928
21341.6,44801.3,21760.0,44988.7,0.6927
26880.0,33613.0,27204.0,33920.0,0.6927
19151.7,39228.9,19209.5,39615.0,0.6927
25789.0,49850.8,25919.5,49919.7,0.6927
25287.7,10466.4,25920.0,10880.0,0.6926
16965.2,2278.5,17597.5,2560.0,0.6926
4939.7,15360.5,5118.8,15487.1,0.6926
25142.1,28375.9,25263.4,28798.8,0.6926
3583.5,40642.5,4156.8,40960.0,0.6925
25715.9,42535.9,25785.7,42876.8,0.6925
19931.5,0.4,20160.0,148.0,0.6925
12260.2,29569.2,12794.2,30079.7,0.6922
25076.2,5629.9,25600.0,6077.0,0.6922
16002.1,7708.2,16300.6,8003.7,0.6922
5237.0,14222.0,5759.7,14717.6,0.6921
28079.8,17637.2,28192.6,17918.8,0.6920
16321.3,38400.6,16426.9,38498.5,0.6920
15913.4,27003.8,16000.0,27518.7,0.6919
11443.5,47843.2,11519.2,48293.5,0.6919
13762.1,40679.1,13844.2,41075.8,0.6919
27199.9,37042.6,27281.9,37440.0,0.6918
17365.0,33601.3,17599.5,33958.7,0.6918
18943.0,30646.8,19519.7,31036.4,0.6917
17328.6,17521.0,17917.6,17919.9,0.6917
27840.0,4355.3,28476.3,4797.2,0.6916
27359.1,26010.8,27833.6,26240.0,0.6916
28786.6,26153.3,28928.0,26535.4,0.6915
20162.1,16027.8,20286.6,16288.1,0.6915
18615.6,40167.6,19199.8,40639.6,0.6915
25182.8,23040.1,25597.5,23276.5,0.6915
17617.3,12801.8,18214.0,12943.9,0.6915
14725.0,39525.6,15358.0,39999.6,0.6914
7379.3,33172.0,7995.6,33591.9,0.6912
11216.3,28349.0,11836.8,28788.1,0.6912
18243.5,17280.0,18877.4,17496.2,0.6911
23081.3,20377.8,23358.7,20800.0,0.6910
25860.3,46772.8,25919.8,47037.7,0.6910
15364.2,33499.9,15498.7,33917.8,0.6910
27293.9,6331.0,27840.0,6603.8,0.6909
5281.9,28804.5,5440.0,29175.2,0.6909
18561.6,3754.3,18720.2,4004.5,0.6909
23168.2,42339.6,23275.0,42461.3,0.6909
20180.6,44270.9,20385.4,44800.0,0.6908
28561.4,20014.1,28799.1,20473.1,0.6908
19278.6,40324.5,19782.8,40820.0,0.6907
16889.1,14721.0,17064.5,14834.9,0.6907
18711.2,7136.2,19179.5,7677.0,0.6907
6080.0,31683.7,6204.6,32192.0,0.6906
20637.1,11152.9,20799.2,11200.0,0.6906
4818.8,10250.7,5438.7,10718.5,0.6905
18801.3,35342.8,18879.8,35828.4,0.6905
28754.6,15905.4,28829.9,16320.0,0.6905
23121.0,29070.6,23679.0,29440.0,0.6905
0.0,10885.1,336.4,11250.3,0.6904
1403.1,13573.1,1918.9,14075.0,0.6904
22402.9,38081.3,23037.2,38343.6,0.6904
3362.7,5123.4,3838.0,5438.9,0.6903
25600.9,20673.3,25839.3,21114.4,0.6902
14095.8,21334.8,14718.5,21760.0,0.6902
5178.1,13441.2,5760.0,13903.1,0.6902
18617.4,31729.6,18711.4,31999.2,0.6901
7053.2,37917.9,7677.5,38398.2,0.6901
9643.7,8007.8,9919.8,8407.7,0.6900
24762.8,39606.4,24935.3,39999.6,0.6900
9040.5,12054.5,9598.6,12480.0,0.6899
8321.0,8322.9,8425.3,8496.8,0.6899
13915.7,25283.0,14080.0,25820.2,0.6898
7680.0,14310.0,7869.9,14719.8,0.6897
13420.1,27376.9,13758.7,27498.9,0.6897
19533.9,40966.4,19840.0,41471.6,0.6896
16526.4,32765.8,16640.0,33275.7,0.6896
16640.8,48003.6,16823.6,48471.5,0.6893
3912.0,765.7,4478.7,1277.0,0.6893
11520.0,3407.0,12157.3,3840.0,0.6892
25109.7,44800.1,25600.0,44901.3,0.6892
23040.0,33697.4,23139.4,34215.7,0.6891
24998.3,26431.7,25596.0,26876.0,0.6891
17227.5,6781.4,17600.0,7360.0,0.6890
13298.0,640.0,13487.6,679.0,0.6890
4480.1,12483.3,5081.5,12787.1,0.6890
19023.3,6916.4,19517.0,7360.0,0.6890
8137.5,33926.7,8217.0,34328.0,0.6889
16075.7,42732.0,16632.3,43191.7,0.6889
9954.3,41601.0,10558.1,41722.8,0.6888
17115.7,16883.5,17592.1,17280.0,0.6888
12999.4,19771.5,13258.9,20160.0,0.6888
24787.9,32961.4,25280.0,33203.6,0.6888
2297.1,7597.9,2873.2,7995.1,0.6888
10646.0,3520.0,10879.2,3723.0,0.6888
6532.2,6400.3,6720.0,6684.5,0.6887
24822.3,47897.8,24959.6,48000.0,0.6887
3788.5,6933.7,4158.7,7360.0,0.6886
8108.3,2362.3,8319.9,2560.0,0.6884
19679.9,32642.9,20148.6,32823.4,0.6884
13120.9,32642.1,13225.1,32777.8,0.6883
7381.8,9222.8,7997.6,9599.7,0.6881
23837.2,33921.8,23999.5,34459.1,0.6880
18142.5,26117.2,18344.1,26557.3,0.6879
14210.8,4357.7,14720.0,4799.0,0.6879
13409.1,3524.0,13759.6,3993.5,0.6879
18241.4,5537.5,18528.2,6080.0,0.6877
26482.5,40322.2,26560.0,40647.1,0.6876
27693.2,38401.1,27839.9,38713.0,0.6875
15308.3,20402.3,15368.6,20795.1,0.6875
14411.5,34181.8,15037.8,34560.0,0.6875
1036.2,2885.5,1596.9,3327.5,0.6874
21228.0,49177.9,21760.0,49600.0,0.6872
24934.6,41602.0,25044.5,41752.7,0.6871
25501.8,16880.6,25600.0,17280.0,0.6868
17514.0,47683.8,17914.7,47826.9,0.6868
18722.9,34881.6,18879.1,35132.8,0.6868
13653.5,20420.4,13759.5,20799.8,0.6865
6057.6,15217.1,6400.0,15658.6,0.6865
26358.1,27270.1,26880.0,27838.1,0.6865
27741.9,22020.8,27840.0,22080.0,0.6864
16939.3,29040.6,17268.4,29440.0,0.6862
377.8,303.9,958.5,640.0,0.6862
15063.9,13639.4,15679.7,14063.7,0.6862
13465.0,31914.5,14076.8,32314.6,0.6861
8108.5,537.0,8636.4,960.0,0.6860
27800.9,34125.8,28159.8,34240.0,0.6858
17180.3,38916.4,17280.0,39040.0,0.6858
21893.7,20171.2,22079.2,20580.7,0.6856
19250.2,1600.0,19520.0,2178.0,0.6856
26938.2,45524.4,27499.2,46080.0,0.6855
16001.1,47269.2,16639.2,47680.0,0.6854
27524.6,40845.4,27712.1,41280.0,0.6854
12248.5,24640.0,12796.5,25120.5,0.6854
21145.7,674.5,21431.6,797.3,0.6854
24665.7,22537.2,24958.3,22716.6,0.6853
22441.0,17195.4,23035.8,17600.0,0.6853
26560.0,41536.8,26667.8,41889.1,0.6852
15452.3,15040.0,15996.6,15527.0,0.6851
27672.6,28397.2,27808.2,28479.5,0.6851
26339.7,28633.0,26876.3,29111.8,0.6851
16518.5,48122.5,16922.1,48640.0,0.6850
9998.9,41988.9,10556.6,42442.7,0.6850
18776.3,37718.1,18880.0,38078.7,0.6849
13028.1,4307.4,13440.0,4795.1,0.6848
26150.4,10880.8,26239.2,11113.6,0.6848
25075.1,15744.6,25599.5,16000.0,0.6847
2296.8,4292.2,2523.2,4480.0,0.6847
3227.3,49248.2,3836.9,49600.0,0.6846
22086.8,31360.0,22718.2,31798.6,0.6846
8694.4,12361.9,9278.9,12788.0,0.6846
1600.0,6080.7,1867.7,6242.7,0.6846
10923.7,27390.5,11511.0,27835.6,0.6846
18632.2,23532.1,19196.9,23999.3,0.6846
15626.1,9738.7,15977.7,9919.5,0.6845
6905.6,33514.6,7038.9,33600.0,0.6844
8960.0,37864.5,9084.7,38398.7,0.6844
21446.4,9285.6,22080.0,9561.7,0.6844
18049.8,44800.9,18240.0,45209.7,0.6843
10430.3,1886.8,10877.7,2237.1,0.6842
17864.2,7756.3,18238.4,7999.0,0.6842
18402.6,45989.7,18876.6,46400.0,0.6841
26560.0,10420.5,26619.2,10754.9,0.6841
13744.2,21760.0,14080.0,22296.5,0.6841
21760.0,37840.6,21958.1,38079.1,0.6841
27292.4,17923.5,27836.2,18351.6,0.6840
9600.6,34674.6,9749.7,34865.0,0.6839
25764.1,28076.5,25920.0,28479.8,0.6839
8640.0,40321.3,8703.1,40509.4,0.6838
17156.1,15169.8,17279.5,15225.6,0.6838
18781.3,9974.1,18879.4,10239.2,0.6838
26881.2,30080.9,26948.4,30438.6,0.6836
5205.1,43371.4,5755.5,43837.9,0.6835
24320.0,31598.4,24957.4,32000.0,0.6833
28289.4,22744.3,28439.0,22929.3,0.6832
27810.5,41922.9,28159.4,42297.7,0.6831
20480.0,9601.1,20818.0,9743.5,0.6829
22080.0,2741.3,22715.4,3197.5,0.6829
25921.1,24974.8,26114.1,25273.6,0.6829
6642.8,30899.2,6720.0,31040.0,0.6828
19204.0,40867.7,19355.4,41277.3,0.6827
23080.8,25281.0,23165.2,25440.9,0.6827
8320.9,37760.2,8403.2,37943.7,0.6826
15040.7,20378.2,15267.9,20480.0,0.6825
28727.3,40966.6,28799.9,41354.6,0.6825
14278.2,32753.4,14720.0,33274.5,0.6825
25484.0,42171.5,25738.1,42559.4,0.6824
20659.9,645.2,20968.3,857.5,0.6824
16252.7,12841.0,16319.8,13118.8,0.6823
23389.8,12491.8,23459.2,12925.3,0.6822
11201.2,10346.5,11271.6,10550.0,0.6821
18560.0,37341.7,18678.0,37440.0,0.6820
26240.0,28612.5,26365.3,29115.6,0.6820
21149.3,2444.0,21760.0,2880.0,0.6819
10210.4,39889.7,10494.5,40000.0,0.6819
3348.1,13761.8,3519.6,14331.8,0.6816
9699.8,10146.5,10230.8,10559.3,0.6816
28170.3,45263.9,28314.4,45757.6,0.6816
1030.0,6267.3,1590.7,6714.3,0.6814
13440.0,42767.3,13540.1,42879.6,0.6813
21666.6,30400.4,21759.5,30490.4,0.6813
26599.1,49395.5,26665.0,49600.0,0.6812
24740.3,40246.2,24918.7,40640.0,0.6812
15587.5,24522.1,15727.5,24959.2,0.6811
23277.3,14127.2,23360.0,14651.7,0.6810
15825.6,40329.7,15999.9,40870.6,0.6809
15523.1,19745.2,15993.4,20160.0,0.6808
28437.8,43204.0,28928.0,43705.5,0.6807
14565.4,2609.6,14718.9,2852.6,0.6806
13132.0,28662.8,13756.2,29115.0,0.6805
27064.6,22456.2,27177.0,22719.1,0.6805
14505.8,29778.6,14720.0,30200.5,0.6805
23543.7,30701.0,23679.9,31039.9,0.6805
14167.5,22806.1,14400.0,23353.7,0.6805
8105.7,9803.6,8319.9,9918.4,0.6805
27200.0,43200.0,27272.4,43363.9,0.6804
17602.0,14440.5,17934.2,14632.5,0.6803
20898.7,28480.8,21439.4,28800.0,0.6802
28602.8,44991.8,28800.0,45167.3,0.6801
25691.1,40806.4,26235.4,41271.8,0.6801
16068.9,28480.5,16320.0,28987.2,0.6800
19863.2,32842.4,20062.1,33275.5,0.6800
12501.4,47558.1,13117.6,48000.0,0.6799
26936.4,42327.4,27145.8,42880.0,0.6798
27110.7,5340.3,27200.0,5757.3,0.6798
4163.4,16320.5,4630.0,16481.7,0.6797
11521.6,48423.5,11852.4,48638.7,0.6797
28079.2,11081.9,28160.0,11197.8,0.6797
13232.4,18069.6,13370.1,18556.2,0.6796
27103.0,11030.4,27200.0,11506.5,0.6796
18403.4,43418.5,18560.0,43838.6,0.6794
7205.5,35107.9,7291.7,35189.5,0.6794
13866.8,38853.5,14080.0,39040.0,0.6794
9280.0,34128.4,9382.6,34528.5,0.6794
23959.3,9033.8,24089.0,9106.8,0.6792
19569.2,4160.0,20151.7,4537.3,0.6788
21971.7,49600.0,22400.0,50102.7,0.6788
14488.5,50240.4,14719.7,50559.1,0.6787
21557.6,16000.0,22080.0,16423.6,0.6787
12860.8,21880.5,13438.8,22398.0,0.6787
10666.7,4062.3,11198.1,4477.8,0.6787
20921.0,38142.3,21136.3,38390.1,0.6786
15305.1,40000.0,15680.0,40535.2,0.6785
22671.7,3012.4,23040.0,3516.1,0.6784
9631.8,22878.2,10238.2,23359.2,0.6783
8090.5,35023.8,8635.5,35520.0,0.6783
18733.2,23557.6,18880.0,23678.9,0.6782
25280.1,31360.7,25558.4,31879.1,0.6782
17382.5,38870.0,17657.1,39360.0,0.6782
23040.0,46081.0,23236.0,46528.1,0.6782
19545.6,25515.7,20145.5,25917.0,0.6781
19329.0,32960.0,19428.7,33396.4,0.6781
18135.5,45467.0,18239.7,45850.4,0.6781
22471.9,9744.3,23038.6,10238.6,0.6780
19460.3,45261.9,19840.0,45756.6,0.6779
11258.4,49094.5,11836.7,49600.0,0.6779
4900.0,14080.2,5119.0,14230.1,0.6779
14711.5,19493.3,14773.5,19840.0,0.6778
13142.0,1211.2,13760.0,1598.8,0.6777
11599.0,50384.6,12156.0,50880.0,0.6777
7605.4,33600.0,7680.0,34136.4,0.6777
0.2,9283.7,447.8,9588.9,0.6776
15603.4,25604.7,15679.1,26090.1,0.6776
15535.1,47952.1,15679.7,48000.0,0.6775
27360.4,24664.2,27520.0,25178.1,0.6773
11235.4,35682.5,11830.0,36153.8,0.6773
27534.5,32846.5,28136.5,33280.0,0.6771
22202.0,22315.9,22714.9,22720.0,0.6770
19214.0,26573.0,19836.6,26880.0,0.6769
396.3,4295.6,958.7,4794.5,0.6769
5729.1,11313.5,6080.0,11697.1,0.6769
17056.8,32640.0,17558.4,33193.9,0.6767
24156.8,35524.0,24275.7,36100.1,0.6767
16850.0,20855.0,17280.0,21440.0,0.6765
4327.6,14400.7,4800.0,14978.8,0.6765
13524.6,19203.2,13759.3,19679.2,0.6763
22287.2,2378.3,22719.2,2877.0,0.6763
6134.6,34737.1,6207.1,35198.7,0.6762
12800.0,384.5,12979.9,861.7,0.6762
20804.9,43205.6,20877.3,43712.0,0.6761
16081.8,5236.5,16638.4,5757.6,0.6761
27860.3,48914.5,28046.9,49280.0,0.6760
11980.1,50477.0,12160.0,50789.7,0.6760
16960.0,32084.9,17437.0,32640.0,0.6759
17205.7,21895.7,17600.0,22400.0,0.6759
12951.2,27326.3,13118.9,27410.1,0.6758
4174.0,9575.8,4798.2,9920.0,0.6758
12872.1,16000.0,13423.4,16093.6,0.6757
28483.8,24224.4,28547.3,24320.0,0.6757
18984.8,16446.2,19200.0,16482.9,0.6756
17290.0,35765.2,17428.9,36158.9,0.6756
16145.0,22131.3,16601.3,22720.0,0.6756
19843.8,859.5,20478.2,1277.9,0.6755
8040.4,44666.7,8639.4,45115.8,0.6754
16748.9,9922.3,17275.9,10416.5,0.6754
15932.3,21992.7,16320.0,22400.0,0.6754
22651.5,30163.8,23038.8,30399.0,0.6752
27995.6,44968.3,28155.8,45440.0,0.6751
21777.1,35152.8,21835.6,35499.6,0.6751
13805.2,4950.1,14396.6,5438.1,0.6751
26052.3,24640.0,26184.4,24808.2,0.6751
11280.4,8321.3,11520.0,8730.2,0.6751
19229.5,3522.0,19520.0,3977.7,0.6750
24857.7,20805.8,25275.2,21272.9,0.6750
9066.7,2417.5,9596.2,2879.5,0.6749
17281.8,38402.5,17394.2,38573.6,0.6749
18140.5,2243.0,18239.2,2433.8,0.6749
23259.2,8297.7,23360.0,8639.0,0.6748
27200.0,34643.8,27293.3,35200.0,0.6748
18053.7,32709.3,18227.6,33280.0,0.6747
15779.9,4062.2,16318.5,4474.6,0.6746
17921.1,5124.9,18272.6,5321.0,0.6746
13531.7,29925.7,14078.8,30396.3,0.6746
10702.8,8883.6,11194.0,9279.9,0.6746
9608.9,19512.0,10238.2,19840.0,0.6746
16320.0,27520.0,16831.3,28008.5,0.6746
20252.4,44701.2,20461.7,45120.0,0.6745
4825.2,3520.0,5120.0,4013.8,0.6745
18694.7,14810.2,19200.0,15040.0,0.6744
26597.7,22080.0,26998.7,22249.8,0.6743
14886.2,38080.0,15040.0,38171.6,0.6742
23103.6,20486.2,23679.4,20937.1,0.6742
8501.1,25203.1,8639.1,25280.0,0.6742
6451.6,39680.0,7037.8,40183.3,0.6741
11865.9,48687.6,12479.6,48960.0,0.6741
7457.1,33199.6,7999.3,33279.6,0.6740
14104.8,17474.0,14400.0,17919.6,0.6739
10373.7,37386.3,10877.2,37756.2,0.6738
22534.6,48640.4,22718.5,48943.1,0.6737
22497.5,27960.7,23036.2,28479.4,0.6737
18397.7,43442.8,18877.7,43840.0,0.6736
23364.3,28801.7,23997.1,28935.7,0.6736
23253.8,44615.2,23360.0,44800.0,0.6736
25757.9,38080.0,25920.0,38703.5,0.6736
17280.0,32320.0,17440.2,32772.1,0.6736
19154.0,38720.0,19206.6,38879.8,0.6736
20444.9,43769.8,20538.2,43947.5,0.6735
13302.3,6419.7,13440.0,6719.5,0.6734
22461.6,2244.9,22720.0,2633.6,0.6734
16817.6,24645.9,17280.0,25162.9,0.6733
17190.7,42233.6,17279.9,42560.0,0.6733
7513.3,35200.0,7680.0,35803.9,0.6732
23507.5,17282.7,23678.9,17501.6,0.6732
17280.0,37212.8,17360.8,37760.0,0.6731
8450.7,47694.9,8639.5,48156.2,0.6731
27763.8,2566.0,27839.8,2851.4,0.6731
24528.7,28842.6,24956.4,29120.0,0.6731
17500.7,40641.0,17589.2,40761.0,0.6731
26534.5,37121.5,26667.2,37209.5,0.6731
9322.8,9406.1,9914.9,9801.0,0.6730
24000.0,43240.2,24637.1,43548.4,0.6730
24960.0,27988.0,25093.7,28480.0,0.6729
14648.9,22017.0,14720.0,22400.0,0.6729
0.0,3521.7,102.5,3627.6,0.6729
19229.7,36999.6,19461.4,37440.0,0.6728
21441.1,25184.6,21683.4,25600.0,0.6727
1088.9,5763.7,1593.2,6224.5,0.6727
9322.9,23175.4,9918.8,23360.0,0.6727
12214.8,43546.7,12799.0,43840.0,0.6726
15603.4,6460.1,15988.8,7040.0,0.6726
18524.2,34960.9,18602.3,35371.2,0.6725
17070.1,35446.4,17595.3,35839.7,0.6725
12871.3,47478.3,13435.8,47999.2,0.6724
19557.9,31049.1,19840.8,31680.0,0.6724
11617.2,29446.8,12159.0,29872.0,0.6723
24654.0,48653.1,25277.6,48959.6,0.6723
24640.0,9774.9,25161.9,10240.0,0.6720
7816.6,24001.4,8312.6,24499.9,0.6720
7361.1,44481.1,7510.6,44614.0,0.6720
25140.2,40040.6,25226.0,40173.9,0.6719
19421.3,28180.8,19519.2,28667.5,0.6718
12125.7,37136.9,12199.4,37440.0,0.6718
22165.2,1295.1,22718.0,1803.1,0.6716
14725.5,28055.2,15229.5,28480.0,0.6715
23855.2,15644.3,24000.0,15680.0,0.6712
17281.6,37040.6,17384.5,37440.0,0.6712
27840.0,38414.5,28188.3,38769.5,0.6711
16216.5,13477.1,16282.7,13830.7,0.6710
27099.7,6292.6,27200.0,6719.9,0.6710
23516.8,19203.6,23987.1,19517.4,0.6710
5225.3,1701.1,5438.4,1917.6,0.6709
3886.9,49839.9,4471.7,50240.0,0.6708
21120.0,31269.1,21616.4,31667.9,0.6708
27326.7,35328.4,27519.9,35519.2,0.6708
11560.0,40985.3,12158.1,41280.0,0.6707
8510.3,43522.2,8639.3,43818.2,0.6707
6309.7,38216.3,6396.5,38715.8,0.6704
3278.9,10560.0,3840.0,11069.7,0.6703
15262.1,25687.0,15360.0,26240.0,0.6702
6798.3,4167.4,7039.8,4533.2,0.6702
20801.3,36800.0,20894.7,36981.3,0.6702
20482.3,39544.5,20580.1,39997.0,0.6702
22080.0,646.3,22278.5,998.7,0.6700
22080.0,15603.9,22711.8,16000.0,0.6699
12851.0,47911.8,13112.4,48316.9,0.6699
28534.1,961.9,28925.2,1315.9,0.6698
16714.4,39367.3,17272.8,39790.0,0.6697
6803.3,14413.0,7355.7,14878.2,0.6696
12808.1,39097.0,13438.3,39360.0,0.6696
16642.8,26661.5,16730.1,27190.9,0.6696
8769.8,48643.6,8959.4,49014.0,0.6696
2728.9,12803.1,2879.5,12951.8,0.6695
18344.9,33607.2,18559.5,33974.9,0.6692
8974.0,6080.0,9600.0,6398.5,0.6692
7680.0,13277.4,8212.8,13757.5,0.6692
4065.8,12804.3,4480.0,13239.2,0.6691
15578.5,37863.2,16000.0,38399.1,0.6691
11520.0,24492.0,11773.8,24638.7,0.6690
18881.9,4184.9,19152.5,4449.7,0.6689
21152.5,22017.1,21755.1,22400.0,0.6689
16712.3,22628.5,17279.3,23040.0,0.6689
18900.2,33660.2,19024.7,33812.2,0.6689
22546.2,42338.0,22620.3,42558.6,0.6689
8977.5,7979.9,9600.0,8320.0,0.6688
13449.1,31579.1,14079.4,31975.3,0.6687
16372.0,49608.4,16956.6,50061.3,0.6687
13340.4,38721.0,13487.9,38790.8,0.6687
27925.0,42759.5,28351.4,43198.7,0.6687
20547.6,11990.6,20793.1,12472.4,0.6687
27216.0,28860.3,27838.4,29120.0,0.6685
8673.0,40497.3,9280.0,40958.0,0.6684
24731.2,49315.0,24936.3,49663.4,0.6684
14861.1,5930.3,15039.6,6284.5,0.6682
23197.4,37547.6,23359.9,37737.7,0.6682
24640.0,21198.2,24885.9,21760.0,0.6682
10626.4,8960.1,10879.5,9272.8,0.6681
25504.0,27062.8,25576.1,27498.8,0.6681
24960.3,10733.2,25337.9,11198.4,0.6681
9447.5,21594.8,9535.5,21724.6,0.6681
28060.3,49926.0,28475.1,50266.6,0.6680
26561.7,30080.4,26622.0,30188.0,0.6679
28160.8,9206.8,28224.0,9316.8,0.6679
19610.1,49036.0,20146.8,49600.0,0.6678
22911.6,2649.8,23040.0,2878.9,0.6678
23804.3,38081.5,24309.2,38319.7,0.6678
18593.9,31030.4,19200.0,31360.0,0.6676
23963.5,34417.1,24039.2,34876.7,0.6676
20846.2,6720.0,21438.0,7195.7,0.6675
28860.9,11920.9,28926.9,12159.5,0.6674
25451.0,29770.8,25598.7,30191.5,0.6674
22720.7,8163.0,23356.2,8637.6,0.6673
27760.2,36120.6,27839.9,36469.7,0.6672
7479.8,44287.3,7991.9,44795.6,0.6672
24644.6,17369.0,24959.1,17599.3,0.6672
23387.9,7360.0,23679.8,7884.9,0.6670
17166.5,5440.1,17280.0,5528.1,0.6670
18847.3,24961.4,18925.1,25063.6,0.6669
17206.7,38976.6,17279.5,39360.0,0.6669
12039.3,37267.8,12471.5,37755.4,0.6668
10689.4,31257.2,11196.2,31680.0,0.6668
23253.9,44480.0,23678.3,44674.6,0.6666
23688.6,20027.0,24316.5,20478.9,0.6666
15680.0,17921.1,15792.1,18381.3,0.6666
5522.0,28160.0,6076.2,28560.0,0.6666
22400.4,23362.0,23039.6,23682.4,0.6665
25641.1,41625.2,26237.3,41877.1,0.6664
25259.1,45062.1,25597.1,45435.9,0.6664
22324.8,20150.1,22720.0,20479.3,0.6664
13210.0,7485.2,13757.4,7991.6,0.6663
5173.8,28175.3,5759.4,28484.0,0.6663
27200.9,42240.0,27346.3,42291.4,0.6663
14866.3,13568.9,15138.8,14077.9,0.6663
13343.0,18461.7,13440.0,18878.4,0.6663
8200.5,14.6,8637.2,411.6,0.6662
26666.9,1920.9,27194.6,2309.0,0.6662
24641.8,35006.4,24872.9,35129.1,0.6662
27000.4,27841.1,27200.0,27938.2,0.6661
25024.8,28374.7,25247.5,28800.0,0.6661
3273.7,8642.3,3838.7,9161.8,0.6661
2302.1,4160.0,2524.7,4255.8,0.6657
19311.0,40325.2,19520.0,40777.2,0.6656
22723.3,1286.3,23359.8,1605.7,0.6656
20418.3,25814.3,20800.0,26240.0,0.6655
11919.2,10086.2,12476.3,10560.0,0.6654
20641.8,49536.6,21111.6,49919.7,0.6651
16036.0,6295.0,16320.0,6719.5,0.6651
10298.3,22294.0,10871.4,22710.2,0.6651
10242.3,10564.4,10560.4,11055.6,0.6650
27521.9,7903.2,28155.6,8320.0,0.6650
19107.9,25739.3,19199.8,26222.5,0.6649
10432.9,29934.3,10559.8,30395.3,0.6647
27378.8,10241.5,27458.2,10425.0,0.6647
9296.8,22004.1,9592.0,22394.5,0.6645
23133.9,10732.3,23678.8,11199.2,0.6645
17229.4,5761.4,17599.8,6273.6,0.6643
8521.9,6950.0,8960.0,7360.0,0.6643
25920.0,24331.4,26110.5,24687.2,0.6642
2561.7,4800.6,2724.5,4954.1,0.6641
2244.9,12733.4,2880.0,13120.0,0.6640
17628.6,12935.2,18234.6,13330.2,0.6640
15440.1,47564.2,15658.7,47795.1,0.6640
5962.2,48003.0,6080.0,48193.4,0.6639
6720.0,9924.6,7357.8,10374.5,0.6639
13760.0,24258.4,13856.2,24320.0,0.6639
20632.5,40282.3,21118.1,40515.0,0.6638
26401.9,39594.6,26546.0,40000.0,0.6638
15194.6,25364.2,15257.9,25920.0,0.6637
23685.9,37715.1,24306.1,37843.8,0.6636
14038.3,26560.7,14399.2,27057.7,0.6635
16641.3,48870.2,16810.5,49270.2,0.6634
8321.8,14401.5,8489.2,14493.3,0.6633
25851.7,34222.7,25920.0,34559.1,0.6632
6720.0,36706.9,6834.6,36800.0,0.6631
27912.8,42880.0,28160.0,43376.5,0.6631
24025.1,15207.8,24320.0,15680.0,0.6629
17412.9,3273.6,17920.0,3520.0,0.6627
10651.4,48808.3,11198.5,49280.0,0.6627
7490.4,5991.0,7999.6,6400.0,0.6626
20062.9,4366.7,20160.0,4691.8,0.6626
14175.9,49921.0,14715.4,50410.0,0.6626
24320.0,41749.6,24633.3,42238.8,0.6625
10318.4,25726.4,10876.0,26234.8,0.6625
28245.2,45032.8,28790.6,45440.0,0.6625
13445.1,23360.1,13903.7,23828.6,0.6625
28531.7,11843.9,28640.6,12397.2,0.6625
18245.4,10241.4,18423.8,10352.6,0.6625
14454.0,15664.5,15035.2,16000.0,0.6624
1803.3,10739.1,1919.5,11190.0,0.6623
18294.4,4633.3,18867.2,5112.3,0.6622
20404.9,49557.1,20479.4,49920.0,0.6622
9288.7,5580.2,9915.1,6072.7,0.6622
20190.7,17245.6,20794.2,17600.0,0.6621
15573.2,19263.9,15663.5,19840.0,0.6621
8320.0,29026.0,8510.7,29438.1,0.6619
15229.9,17600.0,15319.9,18082.5,0.6616
16000.0,40262.7,16128.8,40640.0,0.6615
20557.5,30793.7,21117.3,31357.5,0.6612
15778.3,3921.6,16000.0,4159.8,0.6611
1936.1,3211.4,2557.0,3831.5,0.6610
11841.9,16960.6,12069.7,17101.2,0.6609
9349.7,44480.0,9888.9,44962.1,0.6608
17326.2,39680.0,17918.9,40140.6,0.6607
20480.0,14818.5,20670.2,15154.0,0.6607
17095.4,41071.6,17592.4,41600.0,0.6607
20203.5,527.2,20798.9,958.6,0.6607
8359.4,10497.5,8960.0,10880.0,0.6604
14296.5,17719.8,14694.7,18239.2,0.6604
26056.1,43840.0,26560.0,44367.5,0.6604
13331.7,12163.1,13440.0,12351.3,0.6604
14400.0,36164.8,15036.2,36504.5,0.6603
22014.8,8962.1,22400.0,9425.0,0.6602
10302.1,21293.2,10877.9,21759.4,0.6601
23827.2,34569.3,23978.1,34870.3,0.6601
24001.9,39059.8,24118.8,39554.8,0.6601
20052.7,26248.7,20159.6,26714.1,0.6600
13441.0,15377.3,13776.5,15775.6,0.6599
25566.1,34881.6,25913.2,35021.9,0.6597
13122.0,6070.1,13759.4,6400.0,0.6596
20800.2,36092.3,21025.5,36480.0,0.6596
16641.8,24643.5,16722.1,24831.4,0.6596
18371.8,13668.8,18560.0,14080.0,0.6595
20506.7,5443.9,21119.8,5849.2,0.6594
6402.3,40011.9,6488.8,40466.3,0.6594
9404.2,34346.0,9600.0,34537.7,0.6593
19055.3,36098.8,19110.7,36480.0,0.6593
3796.6,15714.6,4160.0,16320.0,0.6593
14968.3,20262.6,15039.2,20800.0,0.6593
22720.0,43844.3,22905.5,44281.0,0.6592
6824.5,15045.3,7357.7,15569.8,0.6592
12575.9,6086.2,13118.6,6581.9,0.6592
28288.0,41995.0,28422.0,42560.0,0.6592
11550.7,2314.4,12158.9,2707.9,0.6591
4480.4,4169.0,5116.6,4480.0,0.6591
23738.2,2783.3,24000.0,3200.0,0.6591
28160.0,16151.4,28254.4,16637.4,0.6590
27020.4,2240.0,27510.6,2336.7,0.6590
21441.6,6724.4,21560.2,6896.6,0.6589
13262.5,4804.7,13440.0,5029.9,0.6587
24000.8,39680.0,24128.2,39866.5,0.6587
2641.4,38405.1,3192.0,38837.0,0.6586
1365.5,199.5,1910.7,640.0,0.6586
2428.3,646.7,2559.6,1099.6,0.6585
15404.3,22096.0,15517.7,22457.7,0.6585
28702.0,14400.0,28799.8,14953.2,0.6584
24882.2,38682.3,24959.1,38809.4,0.6582
15611.0,27030.8,15679.4,27520.0,0.6582
27963.9,41281.2,28343.2,41418.1,0.6582
17679.3,22202.4,18237.6,22586.7,0.6581
2611.4,4722.9,3196.1,5120.0,0.6581
21323.7,525.3,21760.0,960.0,0.6581
25095.2,4165.2,25600.0,4682.8,0.6580
25280.0,29638.0,25578.7,29759.4,0.6580
25043.2,43061.4,25226.7,43515.8,0.6580
14705.4,31680.0,15040.0,32069.0,0.6580
1226.8,11690.0,1600.0,12147.8,0.6578
3861.7,534.9,4480.0,951.5,0.6577
11618.9,7516.7,12157.4,7997.1,0.6577
14598.6,28243.9,14720.0,28796.2,0.6577
12539.1,10880.0,12799.7,11373.5,0.6576
18098.6,40648.9,18215.2,41118.9,0.6570
20498.1,27471.4,21100.2,27839.7,0.6570
13920.2,37654.5,14078.2,37760.0,0.6569
17076.8,4637.2,17279.6,5112.3,0.6567
26100.5,16962.5,26560.0,17582.4,0.6567
27285.8,20016.0,27519.5,20336.0,0.6567
12480.0,960.8,12784.2,1117.0,0.6566
9280.0,33177.8,9449.3,33280.0,0.6566
2896.5,13989.6,3509.1,14400.0,0.6565
19429.2,36700.1,19518.1,37120.0,0.6564
16672.1,33629.2,17275.0,33982.5,0.6562
11695.4,23360.3,11840.0,23413.6,0.6562
27932.2,34344.1,28160.0,34559.0,0.6561
24112.1,30272.8,24320.0,30399.5,0.6561
24320.0,45120.0,24957.6,45375.4,0.6560
26242.5,37988.5,26522.8,38135.9,0.6560
18666.9,14080.0,19199.6,14509.1,0.6559
22568.3,23439.0,22720.0,23496.8,0.6558
25665.9,8043.9,26234.0,8320.0,0.6556
21121.2,24000.3,21271.0,24207.7,0.6556
28325.0,49602.7,28800.0,50046.0,0.6553
22314.2,6913.4,22720.0,7358.0,0.6552
16644.9,31360.0,16960.0,31865.0,0.6551
16001.9,44406.3,16638.2,44800.0,0.6549
23360.0,22081.8,23995.2,22369.1,0.6549
11572.3,30354.9,12157.3,30720.0,0.6549
21813.8,15587.6,22398.2,15998.3,0.6548
25922.9,29991.9,26013.6,30389.3,0.6547
23709.9,2765.6,24320.0,3198.1,0.6546
28288.0,28178.8,28399.0,28478.5,0.6545
20484.3,39327.9,20800.0,39670.7,0.6545
8640.5,22649.1,8811.9,23040.0,0.6545
22721.0,6294.6,23197.1,6717.7,0.6544
12093.1,35103.7,12160.0,35520.0,0.6544
15499.5,34818.9,15999.8,35200.0,0.6543
995.0,10401.2,1595.4,10877.3,0.6541
19602.4,23119.4,20156.7,23360.0,0.6540
27134.2,49280.6,27193.3,49406.2,0.6540
24456.7,34420.8,24958.3,34560.0,0.6539
27589.9,36751.6,28159.4,37120.0,0.6538
3316.5,10880.0,3519.2,11087.2,0.6538
14080.0,12677.6,14216.6,13116.6,0.6536
20563.4,15565.8,21114.4,15999.7,0.6535
24331.6,14422.4,24957.5,14800.0,0.6532
6759.5,10717.9,7357.5,11196.1,0.6532
20471.1,35970.4,20796.6,36256.3,0.6532
14936.6,22433.3,15039.9,22853.9,0.6531
16409.3,40714.7,16602.8,40794.6,0.6530
18882.9,678.3,19108.9,952.5,0.6529
26078.0,30368.0,26544.7,30720.0,0.6527
6295.3,38087.5,6377.3,38500.7,0.6526
8429.3,48771.3,8957.6,49279.5,0.6526
27413.0,14724.5,27520.0,15227.1,0.6525
19559.0,29126.5,19840.0,29552.8,0.6524
17078.1,38080.3,17600.0,38570.4,0.6524
12163.1,1284.3,12666.1,1796.4,0.6524
14186.6,1093.4,14717.1,1596.2,0.6523
14466.7,19811.3,14716.2,20159.3,0.6522
10883.1,25231.9,11518.4,25600.0,0.6521
17049.6,26102.7,17582.6,26560.0,0.6520
15040.0,12922.2,15268.6,13440.0,0.6519
6188.9,13440.2,6355.8,13482.3,0.6518
11361.4,48513.2,11520.0,48957.5,0.6517
3562.1,9267.9,4158.2,9598.1,0.6517
24212.9,16574.0,24320.0,16957.7,0.6517
5160.6,43200.7,5760.0,43425.2,0.6517
14302.0,30205.0,14399.1,30568.3,0.6516
15489.7,25055.5,15571.0,25597.5,0.6516
27200.0,40326.5,27696.1,40685.4,0.6514
18861.3,3201.6,19199.4,3699.4,0.6514
16536.8,2564.1,16954.6,2772.6,0.6514
10183.2,9600.0,10560.0,10181.0,0.6512
9772.3,43417.2,9919.4,43520.0,0.6512
18421.2,43135.3,18875.3,43520.0,0.6512
14611.6,4160.0,14719.4,4306.4,0.6512
13853.2,50246.8,14394.5,50663.7,0.6512
102.1,4860.5,634.6,5435.9,0.6512
28795.6,50695.3,28928.0,50879.2,0.6512
10600.0,27042.3,11195.2,27517.4,0.6511
23612.5,15246.3,23911.5,15680.0,0.6511
8844.9,25813.3,8958.8,25920.0,0.6511
17640.9,38249.2,17749.0,38719.1,0.6510
25739.7,28213.9,26231.8,28800.0,0.6510
11851.1,20725.6,12478.9,21120.0,0.6509
15680.0,28484.2,15784.8,28949.4,0.6509
18922.9,37767.1,19129.6,38234.5,0.6509
7834.8,26122.9,7997.4,26240.0,0.6507
13440.6,19521.2,13579.8,19669.2,0.6506
7620.6,10566.0,8000.0,11046.6,0.6506
17924.7,25628.1,18060.8,26240.0,0.6506
24542.5,36161.8,24633.9,36337.8,0.6505
22568.6,40287.6,22627.0,40639.9,0.6505
17733.9,25038.4,18240.0,25600.0,0.6505
23386.0,13030.4,23470.6,13438.7,0.6504
12550.2,2723.1,13116.7,3200.0,0.6504
12905.6,12008.1,13435.9,12479.5,0.6504
24961.6,37808.6,25250.8,37942.3,0.6503
8501.3,25280.0,8639.5,25333.4,0.6502
11575.8,29281.9,12158.0,29754.9,0.6502
20495.4,50571.9,21119.0,50910.3,0.6501
7083.6,5653.6,7360.0,6080.0,0.6501
13518.8,31209.0,14075.7,31662.7,0.6499
15164.9,40216.4,15679.8,40640.0,0.6499
16795.1,27201.3,16953.1,27270.4,0.6499
24354.3,20160.2,24640.0,20638.7,0.6498
5808.6,19588.7,6398.1,19839.8,0.6498
19507.8,23237.4,19839.8,23360.0,0.6497
7929.5,33921.9,7999.2,34219.8,0.6497
28332.3,34148.9,28796.1,34240.0,0.6497
23391.3,18245.9,23996.7,18765.8,0.6496
12489.1,21085.2,13120.0,21440.0,0.6495
17608.2,35359.4,18237.6,35840.0,0.6495
22400.0,8025.9,22737.9,8176.3,0.6494
28248.2,36323.1,28795.2,36790.8,0.6492
21741.1,24320.0,22080.0,24839.2,0.6492
16089.3,24426.5,16634.6,24960.0,0.6492
18263.8,49276.2,18878.0,49600.0,0.6490
19221.4,30579.8,19825.7,31039.0,0.6488
11900.4,3840.0,12476.4,4385.8,0.6488
19637.6,17339.9,20159.9,17600.0,0.6488
25600.0,41892.7,25694.0,42238.2,0.6488
6271.8,33843.8,6399.7,34225.6,0.6487
15040.0,37665.1,15186.1,38078.6,0.6487
22402.4,16202.4,22720.0,16639.5,0.6486
4480.1,2240.9,4951.7,2679.6,0.6486
27550.7,11231.4,27837.8,11520.0,0.6486
15751.7,4332.6,16317.6,4800.0,0.6485
28207.5,48016.0,28268.1,48132.8,0.6485
9002.9,40483.0,9593.9,40953.2,0.6483
10019.5,21277.9,10239.7,21439.8,0.6483
19245.9,36708.2,19381.8,37120.0,0.6482
27230.6,22886.3,27356.2,22980.7,0.6481
17281.0,3340.3,17911.5,3838.1,0.6480
6355.9,38623.0,6435.4,39040.0,0.6480
5760.0,2880.0,5945.8,3115.9,0.6479
15438.0,16865.0,15672.2,17280.0,0.6478
18562.0,44427.6,18627.2,44800.0,0.6478
27273.7,44798.4,27518.7,45120.0,0.6477
21354.8,37198.4,21440.0,37634.1,0.6476
9920.0,19843.7,10053.9,20338.8,0.6475
5218.4,32001.5,5755.7,32431.6,0.6474
26428.3,29705.0,26880.0,30080.0,0.6474
27275.1,12488.5,27520.0,12640.1,0.6474
28198.7,9134.6,28796.7,9598.3,0.6473
21692.6,12039.1,22065.1,12452.9,0.6473
10602.7,35177.7,11197.5,35453.1,0.6473
27824.2,22364.5,27986.5,22548.9,0.6473
17181.8,20809.6,17585.4,21306.5,0.6472
28032.2,34124.1,28160.0,34238.6,0.6471
12083.8,35724.5,12480.0,36159.4,0.6471
10561.6,34699.1,10976.8,34996.1,0.6471
15662.0,20395.5,15914.3,20799.2,0.6469
16743.0,32864.2,17280.0,33280.0,0.6469
19840.0,35523.4,19912.4,35838.3,0.6467
25705.4,33551.7,25845.9,33600.0,0.6467
27201.8,49281.1,27257.0,49411.7,0.6465
13446.7,41292.3,14078.9,41600.0,0.6465
24960.0,41709.4,25368.3,41909.3,0.6464
7400.8,24863.7,7996.3,25280.0,0.6464
24644.8,13023.5,25277.9,13440.0,0.6464
27840.0,41553.0,28062.9,41600.0,0.6463
22305.8,10052.1,22400.0,10239.4,0.6461
12161.1,16647.2,12273.1,16790.0,0.6460
10266.2,34676.2,10560.0,35011.2,0.6460
25124.9,865.6,25588.9,1280.0,0.6458
11419.0,29346.1,11518.8,29756.6,0.6457
13510.5,3746.8,14078.9,4160.0,0.6455
4167.5,40300.0,4775.9,40640.0,0.6455
13760.2,14904.7,13967.8,15358.6,0.6454
24411.0,19554.6,24640.0,20159.4,0.6453
19213.6,42073.4,19831.4,42557.2,0.6453
25927.2,8097.1,26554.6,8320.0,0.6453
24672.0,50240.6,24960.0,50386.2,0.6452
7639.5,4799.2,7999.1,5119.6,0.6452
27174.9,42350.3,27247.3,42558.7,0.6451
19216.6,43756.0,19835.8,44160.0,0.6451
21925.1,16965.4,22079.5,17151.7,0.6451
14525.8,7901.3,15038.6,8303.2,0.6447
14111.7,48344.4,14717.4,48757.1,0.6447
3122.7,3206.3,3519.9,3670.1,0.6447
19203.3,4481.7,19617.7,4891.5,0.6447
28292.9,43430.3,28472.5,43839.5,0.6447
9820.5,7606.2,9920.0,7995.6,0.6447
24875.9,37467.6,25279.9,37800.5,0.6447
14881.0,18727.1,15040.0,19197.5,0.6446
13961.0,7140.9,14080.0,7666.4,0.6445
23805.8,48641.9,23941.3,49125.5,0.6444
5159.4,22402.5,5745.9,22837.3,0.6444
7075.2,14599.2,7680.0,15038.2,0.6443
11260.3,31586.2,11837.2,32000.0,0.6442
18742.8,18560.0,18879.3,19018.1,0.6442
25826.7,25509.6,25919.9,25637.5,0.6441
25654.9,50457.5,26238.1,50786.4,0.6441
7041.6,12481.6,7335.7,12622.9,0.6441
6245.7,2626.6,6526.6,2889.8,0.6440
10561.5,35088.8,10720.1,35516.8,0.6438
17687.3,34880.3,18225.5,35289.9,0.6438
9280.0,42956.6,9399.0,43200.0,0.6437
20483.4,46324.6,20742.8,46720.0,0.6436
26333.4,49172.1,26396.2,49378.9,0.6434
17099.1,42560.8,17279.2,43041.8,0.6433
18242.6,26447.6,18335.6,26841.1,0.6433
24409.3,29444.5,24639.4,29674.5,0.6431
12661.9,26182.0,12800.0,26240.0,0.6430
12803.6,3979.8,13120.0,4480.0,0.6430
23540.3,33921.2,23680.0,34388.7,0.6429
16865.2,34127.6,17237.4,34557.4,0.6429
27417.9,23760.7,27520.0,24317.0,0.6427
24961.0,34560.0,25180.9,35002.5,0.6427
26139.7,44177.6,26560.0,44479.2,0.6426
23133.8,43803.3,23211.1,44160.0,0.6425
20894.9,4892.8,21435.9,5119.6,0.6425
10567.6,33280.4,11199.1,33379.1,0.6421
15213.5,26662.0,15300.4,27200.0,0.6419
23053.6,48694.2,23635.7,49247.1,0.6419
9880.6,7397.8,10240.0,7732.3,0.6419
23682.9,1883.9,24299.6,2235.0,0.6417
26240.0,33075.7,26525.8,33600.0,0.6417
19564.5,49288.5,20159.9,49624.1,0.6417
13074.4,11200.4,13440.0,11652.7,0.6416
9112.8,8658.5,9591.5,9006.0,0.6416
23037.7,42284.0,23122.1,42558.5,0.6415
26849.2,49280.3,26902.7,49398.7,0.6415
22171.0,24003.4,22716.9,24490.5,0.6414
18351.4,40530.4,18875.8,40960.0,0.6414
22329.0,15050.3,22400.0,15525.8,0.6414
14086.7,42410.4,14718.1,42878.7,0.6413
8640.4,38730.6,8989.2,39039.8,0.6413
21441.7,31122.6,21589.4,31679.9,0.6413
25603.0,237.5,25917.0,640.0,0.6413
9211.2,27030.8,9280.0,27498.7,0.6412
28393.9,28188.9,28479.4,28480.0,0.6411
16541.3,41159.1,16640.0,41589.2,0.6411
25922.7,23288.7,26082.0,23679.1,0.6410
7108.2,27116.4,7679.3,27520.0,0.6410
26560.5,38471.3,26749.9,39040.0,0.6409
2193.1,10128.9,2559.6,10560.0,0.6409
4801.2,1600.9,4951.3,1741.7,0.6409
16732.2,26114.2,17278.5,26559.2,0.6409
22299.0,30329.8,22399.4,30704.5,0.6408
26464.8,15680.0,26824.7,15842.9,0.6407
26563.6,14577.6,26849.1,15038.3,0.6407
10248.1,27426.4,10877.5,27834.0,0.6407
18666.8,44575.5,18830.6,45120.0,0.6406
23684.2,33981.9,23755.9,34555.0,0.6405
12238.9,5122.7,12479.0,5326.4,0.6403
12249.8,21932.7,12797.1,22400.0,0.6403
6800.3,13256.5,7357.3,13757.1,0.6403
6295.7,35580.7,6398.9,36021.1,0.6402
20114.7,13124.7,20480.0,13664.0,0.6401
23680.7,9002.4,23796.5,9280.0,0.6401
17401.1,45631.2,17917.9,46077.5,0.6401
18240.6,49280.0,18879.7,49377.5,0.6400
26378.6,11521.7,26874.3,11993.2,0.6400
26003.5,14648.9,26068.6,15040.0,0.6399
24955.5,15362.9,25279.9,15748.6,0.6398
18564.0,43753.4,18740.4,44160.0,0.6397
18034.0,50158.9,18202.9,50240.0,0.6397
24731.0,4802.1,25276.7,5293.0,0.6396
26353.7,3396.6,26873.4,3840.0,0.6394
17851.8,35520.0,18240.0,36020.1,0.6392
25913.9,31742.9,26240.0,32320.0,0.6391
8965.3,27902.4,9600.0,28159.5,0.6391
14721.3,48000.0,14878.3,48192.7,0.6391
14416.0,2240.0,15037.8,2436.9,0.6391
15877.6,43098.8,15997.4,43199.8,0.6390
19522.4,31556.3,19928.5,32000.0,0.6388
24452.8,15041.3,24550.7,15215.8,0.6388
25971.4,50561.4,26224.2,50787.2,0.6388
21815.8,47623.2,22398.3,48000.0,0.6388
16579.5,14724.5,16640.0,15009.4,0.6387
16360.4,46309.2,16957.5,46719.0,0.6387
19249.9,20063.0,19834.2,20480.0,0.6386
16682.1,34990.2,16767.5,35520.0,0.6386
23680.0,25893.5,24317.2,26239.2,0.6386
18240.0,23208.8,18877.3,23640.1,0.6386
19823.6,9282.2,20056.6,9408.7,0.6385
5221.1,4480.9,5438.2,4747.1,0.6384
20468.8,47048.6,20800.0,47509.1,0.6384
10592.7,33411.1,10878.7,33600.0,0.6383
25993.0,6685.5,26240.0,7040.0,0.6382
17930.3,17286.7,18560.0,17633.3,0.6382
11561.9,36445.2,12159.6,36795.7,0.6382
6401.4,2637.5,6519.2,2832.2,0.6382
25694.2,37443.8,26236.0,37693.3,0.6381
26621.3,49192.1,26683.0,49386.4,0.6381
13136.1,37872.0,13756.4,38399.3,0.6381
19066.1,37465.1,19166.1,38067.9,0.6381
12480.7,17624.0,12803.3,17795.0,0.6381
11224.6,29359.0,11419.6,29756.0,0.6380
20936.0,7056.9,21438.7,7562.7,0.6379
10297.1,12805.5,10560.0,13332.4,0.6379
22562.4,7149.7,23040.0,7680.0,0.6378
9280.8,36382.0,9915.1,36800.0,0.6378
9601.2,189.1,9834.5,640.0,0.6377
10240.9,19200.4,10468.3,19459.3,0.6376
20801.9,41752.5,20922.3,42233.8,0.6376
25298.7,10002.2,25919.1,10559.4,0.6376
201.5,543.4,639.0,959.3,0.6375
25759.5,26138.1,26237.9,26540.4,0.6375
15746.1,41457.8,16316.4,41920.0,0.6374
16264.8,30625.9,16638.3,31040.0,0.6374
332.1,13102.7,960.0,13440.0,0.6374
22720.0,44167.7,22897.3,44647.0,0.6374
26232.3,31271.2,26418.6,31680.0,0.6374
19987.9,6879.8,20476.1,7360.0,0.6372
24240.1,18563.4,24620.9,19003.4,0.6370
24984.8,27390.1,25056.1,27838.9,0.6370
15681.3,32000.8,15815.9,32183.2,0.6370
15925.3,14732.8,16320.0,15237.0,0.6369
15907.6,19205.5,16000.0,19749.2,0.6368
27863.2,28405.4,27991.0,28770.6,0.6367
10628.3,47145.3,11196.4,47680.0,0.6367
21818.3,22963.8,22398.6,23223.0,0.6366
9686.2,19727.4,10234.4,20160.0,0.6366
20533.9,43769.2,20633.1,43927.5,0.6365
9662.2,29649.0,10240.0,30075.4,0.6365
28863.9,30400.0,28921.7,30858.0,0.6365
26407.6,49400.0,26490.3,49600.0,0.6365
25117.8,38934.6,25599.2,39360.0,0.6365
22891.0,11203.9,23039.6,11454.5,0.6363
22447.8,14416.5,23039.2,14720.0,0.6363
13982.0,3521.5,14398.9,3670.7,0.6363
25603.7,26459.6,26237.7,26861.4,0.6363
19928.5,23437.6,20474.2,23993.9,0.6360
27841.6,22026.1,27969.0,22222.0,0.6359
22283.1,7361.9,22625.6,7495.7,0.6359
12310.8,3528.8,12480.0,3933.0,0.6359
16292.8,3964.1,16639.4,4160.0,0.6358
27520.1,30866.7,27762.8,31040.0,0.6358
25513.8,41601.1,25599.7,41837.7,0.6356
41.3,13384.9,637.6,13760.0,0.6356
19874.6,35978.1,19981.9,36472.8,0.6356
13078.3,14002.4,13440.0,14400.0,0.6355
19403.0,3016.4,19839.8,3520.0,0.6354
9728.5,38821.3,9869.0,39360.0,0.6354
5120.0,12161.5,5418.0,12378.1,0.6353
24320.0,50560.2,24524.4,50910.9,0.6353
24484.2,22084.1,24640.0,22379.7,0.6352
17744.0,32072.9,17919.8,32638.7,0.6351
23360.4,1466.3,23687.9,1920.0,0.6351
27671.5,49502.5,27994.9,49920.0,0.6351
8998.6,645.6,9594.8,1207.3,0.6350
27019.6,7579.8,27502.7,8000.0,0.6348
26919.0,240.2,27519.3,640.0,0.6347
13787.6,38313.0,13856.0,38720.0,0.6347
2880.5,820.7,2993.8,960.0,0.6347
15421.5,18563.2,15478.6,18812.6,0.6347
15516.2,2244.3,15992.7,2725.4,0.6346
17816.5,44162.9,18238.4,44570.0,0.6345
27843.0,48134.8,28461.4,48639.7,0.6344
15538.6,23140.0,15624.5,23677.6,0.6344
27338.1,36295.0,27519.3,36769.7,0.6343
14519.8,4481.2,14720.0,4770.9,0.6343
22447.2,42400.8,22507.0,42617.5,0.6341
17167.1,36164.2,17280.0,36720.6,0.6340
2105.2,12066.9,2560.0,12480.0,0.6340
18612.1,35526.0,18678.5,35965.6,0.6339
24001.5,21250.1,24104.3,21754.9,0.6338
2059.5,8265.2,2558.1,8640.0,0.6337
20313.3,15681.4,20480.0,15854.3,0.6336
23040.0,47360.7,23149.8,47412.3,0.6336
23920.9,48097.7,24320.0,48640.0,0.6336
12901.3,37364.5,13435.6,37759.5,0.6335
23364.1,16357.3,23497.5,16638.9,0.6334
28007.7,20764.2,28160.0,20800.0,0.6334
17016.2,11158.8,17598.8,11518.5,0.6332
15069.7,29694.5,15680.0,30080.0,0.6331
25612.9,39942.1,26240.0,40320.0,0.6331
12839.7,23809.0,13437.1,24187.7,0.6331
27200.0,31089.7,27332.7,31680.0,0.6331
18541.8,18403.5,18870.9,18880.0,0.6331
15547.0,23360.0,15679.4,23919.8,0.6331
11840.0,8000.2,12167.1,8193.4,0.6330
23751.8,29002.9,24312.3,29414.9,0.6329
15240.4,24758.5,15395.1,25280.0,0.6328
17972.0,50313.3,18240.0,50691.9,0.6328
16320.9,44993.9,16492.1,45120.0,0.6328
27200.7,8960.0,27840.0,9067.4,0.6328
27201.2,11554.3,27839.9,11840.0,0.6326
16640.0,14080.0,16766.2,14479.3,0.6325
18246.2,33813.1,18877.7,34240.0,0.6324
16834.8,32692.9,16960.0,33280.0,0.6324
20823.0,49192.1,21117.2,49600.0,0.6323
22942.4,50280.7,23040.0,50560.0,0.6322
9340.9,50784.5,9914.4,51199.4,0.6322
13120.0,18417.1,13243.6,18873.2,0.6322
23569.5,41878.6,23679.5,41920.0,0.6320
8297.8,4385.0,8496.5,4796.5,0.6320
26947.9,12744.9,27012.1,13092.7,0.6319
4108.4,7360.0,4479.7,7799.3,0.6319
26778.7,33010.5,27200.0,33599.4,0.6319
5845.7,23243.9,6391.4,23679.0,0.6318
16722.2,26589.1,17233.4,27200.0,0.6317
23364.4,20365.7,23812.8,20800.0,0.6316
12801.0,18240.3,13223.3,18417.1,0.6315
21479.8,30961.8,22074.8,31360.0,0.6314
19851.8,28395.8,20477.4,28800.0,0.6313
28276.7,40012.0,28408.9,40324.5,0.6313
8352.7,34880.8,8568.6,34947.7,0.6312
19622.9,25151.5,20160.0,25587.5,0.6312
15041.0,21187.8,15101.4,21453.2,0.6311
28613.8,15568.6,28831.1,15997.3,0.6311
17293.6,28033.5,17505.9,28468.5,0.6310
28678.1,535.6,28927.6,958.1,0.6310
4800.6,30726.6,5134.9,31215.7,0.6309
9020.8,49031.6,9280.0,49597.4,0.6308
24320.0,2958.3,24885.1,3417.6,0.6307
28475.2,11906.0,28642.8,12160.0,0.6306
20443.1,18139.6,20798.2,18560.0,0.6306
15237.4,34385.4,15359.8,34558.6,0.6305
23513.0,8007.3,23973.9,8343.8,0.6305
13120.5,19841.2,13233.8,19985.6,0.6303
20800.0,36454.3,20941.9,36799.8,0.6301
24480.0,35659.8,24945.9,36156.9,0.6301
11200.0,20346.6,11341.1,20479.0,0.6300
23275.6,41976.6,23360.0,42238.9,0.6299
24499.3,41618.0,24955.9,41963.3,0.6299
18244.0,611.2,18879.1,947.2,0.6298
4841.9,28161.4,5439.2,28467.9,0.6297
12859.5,24320.7,13120.0,24455.0,0.6297
5497.3,12485.9,5760.0,12865.7,0.6297
12888.1,5817.1,13440.0,6345.9,0.6296
5584.3,43042.9,6080.0,43519.7,0.6295
10898.5,43118.9,11519.2,43520.0,0.6295
27840.3,41600.0,27982.5,41685.1,0.6295
13891.7,24927.7,13973.9,25279.0,0.6294
18117.3,32396.4,18239.7,32957.7,0.6293
10087.8,45018.5,10362.6,45120.0,0.6292
17185.0,43200.0,17279.7,43367.0,0.6292
12782.8,25295.1,13119.0,25600.0,0.6291
28214.5,24827.9,28480.0,24959.7,0.6291
23040.3,6080.4,23496.3,6266.9,0.6291
25186.4,45038.2,25279.2,45421.7,0.6291
11601.7,4883.9,11840.0,5435.1,0.6290
26796.3,25920.0,26857.1,26024.0,0.6290
2334.3,14170.0,2872.4,14718.5,0.6289
11368.1,8321.2,11840.0,8864.4,0.6289
25186.1,27846.3,25279.4,28366.5,0.6288
23207.3,46941.6,23677.3,47357.4,0.6288
9886.8,2010.9,10240.0,2560.0,0.6286
6080.0,34671.7,6199.9,35200.0,0.6286
24320.0,32701.0,24765.8,33280.0,0.6286
23680.0,48613.0,23766.3,48960.0,0.6285
15459.1,17847.2,15581.5,18240.0,0.6285
21510.1,3630.7,21757.0,3839.5,0.6285
27240.2,25930.5,27359.6,26115.4,0.6285
27840.0,11211.7,27916.1,11519.5,0.6285
2714.5,40490.2,2878.9,40954.1,0.6285
18896.0,34590.2,19200.0,35200.0,0.6284
25120.1,20804.1,25280.0,21275.1,0.6284
17655.5,38946.9,17719.7,39359.2,0.6284
28414.4,13019.6,28479.0,13436.6,0.6283
27760.2,30080.8,27838.1,30148.2,0.6283
12948.4,35808.9,13440.0,36157.1,0.6283
18643.9,49178.2,19196.9,49600.0,0.6283
25826.6,10018.6,25919.8,10543.9,0.6282
16151.9,16011.2,16313.8,16316.4,0.6282
13842.1,27364.6,14395.4,27836.9,0.6281
8655.3,6314.7,9279.0,6720.0,0.6281
17453.5,32398.8,17920.0,32960.0,0.6280
25792.4,11524.5,25899.4,11832.7,0.6279
17145.0,39629.9,17274.9,39680.0,0.6278
11222.0,31055.0,11289.6,31555.5,0.6278
26380.9,32073.4,26560.0,32639.4,0.6277
22400.6,34561.7,22754.4,34648.6,0.6277
24324.8,17790.5,24958.3,18237.5,0.6276
18240.0,40572.6,18351.0,40960.0,0.6275
16641.6,36483.1,16708.6,36927.5,0.6275
17367.0,39478.8,17600.0,39999.2,0.6274
17924.4,22354.0,18560.0,22720.0,0.6274
15040.0,14081.0,15214.6,14246.7,0.6273
15789.4,27210.4,15917.7,27576.5,0.6273
21198.1,13444.9,21749.6,14080.0,0.6273
23040.0,33530.1,23121.6,33920.0,0.6272
21779.5,6905.7,22397.3,7358.9,0.6272
24446.9,25019.9,24522.2,25280.0,0.6267
13020.0,51147.1,13120.0,51200.0,0.6265
10094.1,45044.8,10240.0,45120.0,0.6265
15372.0,17208.0,15522.9,17600.0,0.6264
20179.9,21004.0,20796.0,21433.2,0.6264
24008.4,3191.2,24319.4,3519.5,0.6264
23360.0,44722.9,23996.2,45119.8,0.6261
17380.2,37027.5,17914.3,37440.0,0.6261
11482.4,40000.0,11838.8,40078.3,0.6261
10349.9,7049.0,10879.1,7487.4,0.6261
19270.4,47383.7,19838.5,47680.0,0.6260
21595.6,24884.1,21756.7,25280.0,0.6259
4387.1,1515.6,4479.8,1920.0,0.6258
21994.6,2560.0,22400.0,2748.3,0.6258
11984.7,5767.5,12472.6,6142.6,0.6258
10908.3,41603.8,11516.8,41920.0,0.6257
25559.4,640.0,25910.7,1133.2,0.6256
12497.3,15042.1,13119.8,15512.0,0.6256
14340.4,32928.3,14399.3,33272.3,0.6255
14531.1,11618.2,15040.0,12160.0,0.6255
18129.6,29574.5,18539.2,30075.5,0.6254
7680.0,41067.1,7798.3,41598.4,0.6252
22494.0,13061.4,22714.2,13440.0,0.6251
7682.1,45779.5,7788.5,46196.6,0.6250
13121.3,9600.0,13757.7,10048.9,0.6250
17083.7,36075.2,17587.1,36480.0,0.6250
2564.6,9098.3,2973.7,9600.0,0.6250
23361.1,19840.5,23698.9,20328.3,0.6250
14501.4,38720.7,14720.0,38765.8,0.6249
23305.5,12945.7,23680.0,13437.3,0.6249
15745.6,4976.4,16320.0,5440.0,0.6249
22400.2,43529.3,22852.2,43895.5,0.6248
21123.4,16000.0,21440.0,16451.8,0.6248
26394.7,26371.9,26559.6,26565.8,0.6248
22400.0,13122.2,22537.6,13635.4,0.6247
18245.5,44462.9,18670.8,44800.0,0.6247
13799.8,39024.1,14400.0,39360.0,0.6243
5124.3,13652.8,5752.3,14080.0,0.6243
26870.4,46949.1,27198.5,47357.8,0.6242
19105.5,11528.1,19199.5,11773.1,0.6242
1396.8,14080.4,1916.5,14536.6,0.6242
11200.0,7951.5,11838.6,8320.0,0.6242
320.0,12422.8,446.8,12786.5,0.6237
20620.4,19140.6,21116.5,19518.8,0.6237
13851.2,38645.3,14011.8,38773.0,0.6236
21351.7,37221.9,21440.0,37439.4,0.6236
1727.6,12166.3,2240.0,12554.1,0.6235
23099.8,45779.5,23162.5,46080.0,0.6234
23117.4,17166.2,23676.9,17600.0,0.6233
8643.2,40157.1,8712.0,40602.3,0.6233
8010.2,25280.0,8637.7,25741.8,0.6232
23680.0,22338.4,24038.4,22716.6,0.6232
28067.3,48242.0,28159.9,48639.7,0.6232
16320.0,3841.0,16723.5,4010.9,0.6230
25600.0,48000.0,25962.6,48237.5,0.6229
17600.4,5760.5,17865.7,5975.1,0.6228
3624.1,31362.5,4159.2,31799.0,0.6228
21492.1,1926.7,21760.0,2099.3,0.6228
738.8,11630.0,1278.7,12158.9,0.6227
17280.0,38939.4,17420.8,39040.0,0.6227
22730.2,23171.6,23357.5,23565.5,0.6225
23590.6,31176.7,23680.0,31676.3,0.6224
3232.0,3691.2,3836.9,4152.4,0.6224
17296.9,8136.6,17599.6,8318.7,0.6223
1716.5,1958.7,1920.0,2239.1,0.6223
19128.2,11521.5,19520.0,11981.5,0.6223
21302.4,12058.6,21440.0,12182.7,0.6222
21483.3,17202.9,22080.0,17600.0,0.6222
16874.7,37340.7,16960.0,37760.0,0.6221
27653.0,50650.8,27840.0,51200.0,0.6221
25604.2,2310.5,26231.2,2560.0,0.6221
1923.4,1.4,2555.5,154.4,0.6220
13760.0,24421.8,13884.1,24960.0,0.6220
16213.8,31173.3,16319.6,31677.5,0.6220
25287.4,15130.1,25882.1,15430.6,0.6219
26033.2,10415.5,26559.6,10880.0,0.6219
17001.1,21442.2,17280.0,21971.2,0.6218
11618.5,21658.5,12159.1,22077.8,0.6215
17624.8,38780.3,17694.8,39122.0,0.6215
19841.3,29342.5,20479.3,29731.2,0.6215
21441.9,31362.0,21594.8,31579.6,0.6215
13760.6,33185.1,14086.3,33600.0,0.6213
27200.0,49180.7,27260.9,49405.9,0.6213
25462.5,31041.6,25600.0,31529.1,0.6208
11833.8,2687.5,12159.7,2879.2,0.6208
7640.3,6.9,7997.9,377.0,0.6208
27304.5,48961.5,27826.7,49097.6,0.6205
17073.4,17076.4,17280.0,17279.7,0.6205
16482.1,5189.2,16640.0,5541.2,0.6204
23451.7,13805.1,23993.4,14399.3,0.6204
10099.7,3840.0,10240.0,4423.4,0.6204
23421.8,26562.3,23998.3,27011.7,0.6203
19206.1,30400.5,19652.0,30515.6,0.6202
24799.1,36480.0,25280.0,36617.1,0.6202
23762.9,9038.9,24000.0,9280.0,0.6201
17057.1,37895.1,17597.3,38400.0,0.6201
24087.3,16735.4,24320.0,17266.3,0.6201
9965.2,22546.7,10555.4,23038.0,0.6200
20563.2,7575.4,21114.4,7998.7,0.6200
4773.1,15040.0,5119.9,15487.9,0.6200
11013.9,34428.7,11519.2,34880.0,0.6200
16564.0,14659.5,16882.0,14998.6,0.6199
21762.2,37762.7,21964.9,38255.7,0.6198
22425.8,36749.2,23037.4,37120.0,0.6198
2560.0,3520.0,2753.4,3988.4,0.6196
24962.2,36707.4,25104.4,37120.0,0.6196
21760.0,31382.5,21890.4,31772.0,0.6196
14406.3,48280.0,15037.8,48640.0,0.6194
2123.8,10370.0,2240.0,10560.0,0.6194
16961.0,3520.6,17199.3,3642.5,0.6191
11283.7,9603.8,11518.4,9919.6,0.6191
23306.6,18881.1,23680.0,19348.3,0.6191
24320.0,38024.4,24678.5,38400.0,0.6190
28587.5,13154.1,28717.5,13407.5,0.6190
28390.2,1422.3,28480.0,1882.9,0.6189
27909.9,10023.6,28158.4,10238.6,0.6189
28288.0,50044.1,28593.3,50219.5,0.6186
11055.3,47600.4,11520.0,48000.0,0.6186
19157.3,39539.3,19245.6,40000.0,0.6184
23058.6,12926.1,23164.6,13204.2,0.6184
22055.7,19255.8,22398.4,19519.5,0.6184
17822.8,37490.9,17919.6,37912.6,0.6183
22486.4,37120.9,22720.0,37561.1,0.6181
23449.1,9243.8,23680.0,9280.0,0.6181
23352.7,12256.5,23419.0,12479.6,0.6180
13560.0,13235.9,13760.0,13758.4,0.6179
28379.8,30676.8,28598.3,30719.3,0.6179
16640.0,26396.8,16707.0,26876.4,0.6176
27891.5,38069.3,28480.0,38397.2,0.6176
14517.1,43981.0,14720.0,44159.2,0.6172
24729.5,14403.6,25277.0,14745.1,0.6171
17713.2,30950.4,18239.4,31360.0,0.6171
21148.9,8961.5,21436.5,9416.5,0.6171
4547.4,13444.9,4799.6,13760.8,0.6170
12899.5,44539.3,13438.4,44798.9,0.6170
20582.4,14697.5,21113.2,15038.3,0.6170
23516.9,18880.3,23679.2,19034.5,0.6170
14538.7,30953.5,15040.0,31360.0,0.6169
28051.6,30731.5,28159.5,31214.4,0.6166
26880.0,10561.4,27014.2,10659.4,0.6165
9371.6,33138.1,9918.3,33599.7,0.6165
15360.5,44697.9,15649.2,44800.0,0.6163
24516.4,33552.6,24640.0,33919.8,0.6163
16014.3,25041.9,16564.9,25600.0,0.6163
15193.6,16987.8,15259.3,17278.6,0.6163
20803.3,38430.5,21440.0,38720.0,0.6163
13801.2,23397.1,13897.6,24000.0,0.6162
18965.8,34160.7,19032.6,34559.7,0.6161
1699.1,13122.9,2236.7,13619.5,0.6161
10882.1,33844.2,11144.8,34240.0,0.6161
22083.9,33840.9,22718.0,34240.0,0.6160
10437.8,28454.7,10880.0,28799.5,0.6159
19591.0,3520.5,19839.6,3753.5,0.6156
6720.0,31040.0,6906.8,31177.9,0.6156
14092.6,50884.9,14717.7,51200.0,0.6156
17396.0,35520.0,17906.4,36004.8,0.6155
26162.1,49158.6,26223.3,49280.0,0.6155
28469.0,46579.3,28649.0,46819.9,0.6155
15053.7,8875.7,15675.2,9280.0,0.6154
26394.0,13721.2,26526.1,13760.0,0.6154
15419.1,24235.6,15540.3,24640.0,0.6154
4786.5,44290.9,5119.7,44480.0,0.6154
11840.6,16642.8,12264.3,17144.2,0.6153
26191.7,36262.1,26560.0,36735.9,0.6152
21519.5,30144.2,21719.9,30200.1,0.6152
18841.0,18241.2,19187.8,18414.8,0.6150
15040.0,20507.0,15302.7,21119.5,0.6148
24002.2,40088.1,24215.9,40320.0,0.6148
28414.2,42643.6,28517.4,43200.0,0.6147
6147.3,2236.1,6720.0,2558.4,0.6147
21497.7,1282.2,22076.8,1728.1,0.6146
11954.6,31680.0,12480.0,32060.6,0.6145
25298.5,28258.6,25787.0,28800.0,0.6144
20832.7,50173.7,21436.1,50560.0,0.6143
25326.7,10851.3,25920.0,11198.4,0.6142
7683.4,34653.0,8318.1,34876.4,0.6142
15275.5,27537.5,15401.6,27969.0,0.6142
25600.0,12800.0,26240.0,13226.3,0.6142
3616.7,16320.0,4155.0,16832.6,0.6142
10240.2,41921.4,10611.4,42020.2,0.6141
10657.2,47680.0,11196.6,48185.7,0.6139
1554.2,3232.7,1920.0,3689.4,0.6138
4166.0,30435.6,4792.3,30720.0,0.6138
26052.1,30082.3,26239.5,30594.2,0.6138
15103.2,25400.3,15165.6,25920.0,0.6137
25606.4,45660.0,26239.2,46080.0,0.6137
15565.4,29197.3,15998.3,29760.0,0.6136
17926.0,50474.6,18557.2,50880.0,0.6136
8958.2,44805.6,9280.0,45297.6,0.6136
24640.0,18988.8,24790.5,19520.0,0.6136
13443.9,23878.0,13854.1,24302.5,0.6136
8642.0,40010.2,8736.8,40481.3,0.6135
23110.0,5444.4,23676.7,5857.7,0.6135
28696.7,27775.4,28800.0,27840.0,0.6135
24504.5,34429.4,24960.0,34875.7,0.6133
15803.3,44341.1,16316.7,44797.1,0.6133
15360.0,29987.3,15432.9,30344.5,0.6131
15424.1,34051.5,15995.9,34560.0,0.6131
7680.0,38708.7,8217.8,39039.7,0.6129
28005.5,42707.3,28160.0,43198.0,0.6129
8640.3,8961.6,8771.8,9074.0,0.6128
17443.9,29122.9,17600.0,29641.8,0.6128
17737.6,25730.2,17920.0,25919.1,0.6127
27678.5,7661.7,28156.5,7998.5,0.6127
16400.5,20800.0,16585.4,21263.1,0.6126
27097.1,10092.5,27421.3,10436.6,0.6126
17324.3,28160.0,17569.3,28696.6,0.6125
20480.3,3520.0,21117.5,3949.4,0.6125
28234.7,24005.5,28442.8,24221.0,0.6124
16399.2,18155.7,16960.0,18560.0,0.6124
2882.2,5930.5,3031.5,6395.9,0.6123
11066.4,9282.8,11519.3,9758.8,0.6123
14722.9,47800.7,14880.5,48172.9,0.6123
28386.8,10643.3,28456.9,10880.0,0.6123
14593.8,22722.9,14695.0,23152.4,0.6122
14832.5,20781.6,14936.1,21119.0,0.6122
21121.4,4894.6,21282.4,5119.8,0.6121
16674.6,3206.1,17277.9,3683.0,0.6118
24569.6,33880.1,24635.7,34238.5,0.6118
18917.3,11203.4,19518.3,11790.2,0.6116
25929.0,1580.4,26555.4,1920.0,0.6116
9142.3,41157.0,9279.5,41279.9,0.6115
12950.9,31002.6,13119.5,31040.0,0.6115
17346.5,13897.0,17588.6,14400.0,0.6114
16934.1,40941.7,17276.9,41280.0,0.6114
26628.2,49188.6,26683.8,49280.0,0.6113
22062.1,712.2,22400.0,1280.0,0.6113
27644.3,48859.5,27745.2,48904.0,0.6113
18488.0,20612.8,18880.0,21118.2,0.6112
9925.5,19519.4,10560.0,19839.4,0.6112
24141.7,24444.9,24637.3,24639.0,0.6111
17689.1,9773.0,18239.9,10236.2,0.6111
27673.8,48437.6,27820.7,48631.7,0.6110
4492.3,1859.2,5116.2,2240.0,0.6109
28288.0,50209.7,28357.8,50542.4,0.6109
19108.3,28539.5,19519.4,29120.0,0.6109
18246.5,13122.6,18770.7,13408.9,0.6109
10610.2,18872.7,11198.3,19200.0,0.6109
27449.9,20801.4,27839.2,20906.6,0.6108
5478.4,29005.1,6076.6,29438.0,0.6107
7900.8,45663.3,7999.7,46078.9,0.6106
26311.4,26073.8,26541.5,26238.5,0.6106
15737.5,26781.6,15824.9,27197.5,0.6105
26862.0,43105.9,27025.0,43519.8,0.6105
24000.0,35629.9,24086.6,36160.0,0.6105
17612.2,34797.7,17919.3,35200.0,0.6104
11521.4,4699.8,12157.2,5120.0,0.6104
27608.8,47360.2,27840.0,47427.9,0.6104
2087.7,1127.7,2559.6,1598.9,0.6103
17343.8,31903.8,17919.9,32320.0,0.6103
27616.3,28916.1,28158.6,29436.9,0.6103
15570.7,23682.1,15669.0,24157.0,0.6102
9078.0,21033.8,9595.8,21440.0,0.6102
25326.1,5457.4,25917.9,5891.1,0.6101
26036.7,35878.0,26142.8,36480.0,0.6101
22751.5,34880.7,23359.5,34956.0,0.6101
24900.6,38825.7,25036.5,39020.1,0.6101
27520.2,6636.0,27587.0,6879.2,0.6101
22723.2,15931.0,22984.1,16318.1,0.6101
18562.6,30282.8,19199.9,30692.7,0.6101
23390.0,20801.9,23976.6,21433.9,0.6100
11937.3,33326.3,12156.6,33598.4,0.6100
25600.0,27261.8,26045.1,27840.0,0.6100
11477.0,1634.5,11761.7,1916.3,0.6100
15814.5,15042.6,16306.9,15542.6,0.6100
15929.4,19441.9,16102.5,19839.9,0.6099
22110.0,44710.4,22720.0,44814.7,0.6096
5166.1,947.1,5760.0,1280.0,0.6096
17984.4,16851.2,18552.2,17280.0,0.6095
5134.3,10742.2,5758.5,11191.8,0.6095
23463.4,18971.1,23679.8,19512.2,0.6090
27200.0,2861.5,27838.3,3163.5,0.6090
6050.9,34373.8,6120.4,34879.2,0.6090
25318.0,25926.8,25915.4,26437.7,0.6089
16641.4,27722.7,16803.4,28159.5,0.6089
26909.7,49200.0,26969.6,49399.9,0.6088
26560.7,9295.8,26743.3,9568.9,0.6088
14741.2,34177.7,15355.1,34560.0,0.6088
1077.4,3206.6,1544.8,3647.4,0.6088
16713.3,15082.6,16960.0,15116.2,0.6088
16003.0,10880.0,16481.3,11382.7,0.6088
16960.0,15218.6,17065.1,15360.0,0.6087
19054.2,5126.9,19520.0,5635.0,0.6087
16492.4,50058.7,16955.5,50239.3,0.6086
23703.4,30080.0,24000.0,30697.2,0.6086
14562.8,32640.9,14686.0,32735.0,0.6086
22426.7,27797.1,23040.0,28160.0,0.6084
18210.1,37120.0,18560.0,37738.5,0.6084
24320.9,14932.4,24377.0,15206.5,0.6084
11212.5,23549.1,11837.4,23903.5,0.6083
15567.1,21258.9,15674.3,21439.8,0.6083
19063.8,36270.4,19175.1,36800.0,0.6083
7362.3,12211.2,7804.9,12478.5,0.6081
27970.9,46018.5,28064.0,46399.0,0.6081
12868.3,23286.8,13440.0,23680.0,0.6081
13233.0,41463.3,13755.6,41919.7,0.6080
22776.1,19945.5,23040.0,20250.0,0.6080
20480.0,47047.2,21033.1,47360.0,0.6079
11691.4,10330.0,12155.8,10772.5,0.6078
15372.8,31896.6,15992.8,32319.3,0.6078
9086.5,2197.6,9600.0,2559.2,0.6077
18821.3,40816.7,18879.8,41261.9,0.6076
17281.8,38758.2,17582.2,38922.4,0.6076
5262.1,15414.2,5439.5,15675.8,0.6076
21999.7,457.1,22398.2,640.0,0.6076
21834.2,19042.6,22399.7,19514.6,0.6076
15298.3,25831.9,15443.3,26240.0,0.6075
27752.5,41775.4,27832.4,41920.0,0.6073
17244.4,50898.7,17597.3,51200.0,0.6073
23360.3,6081.0,23494.8,6150.0,0.6073
13842.5,23804.0,14394.6,24320.0,0.6072
23680.0,44227.5,24317.6,44536.6,0.6071
24174.8,36166.1,24319.6,36659.8,0.6070
18003.7,24334.3,18553.3,24819.1,0.6069
8020.8,40960.0,8300.9,40991.0,0.6069
23040.0,43200.0,23680.0,43605.4,0.6069
26279.6,37978.2,26341.5,38080.0,0.6068
2335.4,8324.6,2878.1,8836.1,0.6067
10583.6,3207.1,11199.5,3653.7,0.6064
15332.4,22455.9,15480.8,22720.0,0.6063
21126.4,1823.2,21543.0,2221.0,0.6063
12202.7,28808.8,12785.2,29280.3,0.6062
7713.1,12643.9,7999.7,13115.1,0.6061
15397.4,18081.4,15460.5,18559.9,0.6061
26944.3,41146.5,27131.2,41279.9,0.6060
19798.0,46441.5,20160.0,46879.2,0.6060
26380.1,8683.7,26560.0,9016.6,0.6059
23906.0,22772.9,23999.6,23105.8,0.6059
25319.3,46894.8,25916.8,47357.0,0.6059
22720.0,25601.1,22773.6,25991.9,0.6059
19631.3,8137.9,20155.7,8624.9,0.6059
23826.7,32962.2,24304.3,33080.4,0.6059
16719.3,37317.7,16873.7,37755.9,0.6058
25922.3,14722.4,26048.1,15161.6,0.6058
10890.9,40342.6,11519.3,40640.0,0.6057
27841.6,22400.0,27980.7,22478.7,0.6056
20163.8,42880.0,20799.0,43280.3,0.6055
22930.5,31233.9,23039.0,31359.8,0.6054
20160.9,15560.5,20358.8,15997.8,0.6053
28858.1,14648.4,28920.3,15040.0,0.6052
27002.1,13448.1,27516.9,13964.4,0.6051
14199.0,13636.6,14716.3,14078.1,0.6051
22680.0,25625.7,22753.3,25920.0,0.6050
25601.0,33945.7,25872.4,34237.9,0.6050
10885.7,21138.6,11516.8,21440.0,0.6049
27103.2,45109.2,27200.0,45438.7,0.6049
19475.0,18428.9,19839.6,18880.0,0.6047
25950.8,35458.6,26059.1,35840.0,0.6046
18560.0,33288.3,18779.8,33918.1,0.6045
23436.6,23178.0,23678.5,23360.0,0.6045
18801.8,41282.0,19200.0,41740.3,0.6045
26024.1,29918.7,26240.0,30398.5,0.6044
9014.4,33180.4,9596.6,33280.0,0.6044
16320.7,3956.1,16941.4,4480.0,0.6044
19630.6,5640.6,20157.7,6072.9,0.6043
20401.8,46720.0,20800.0,47126.2,0.6042
12160.0,36085.1,12224.4,36473.0,0.6042
22491.4,1240.1,23027.2,1597.8,0.6041
25018.4,26572.8,25595.4,27024.1,0.6040
554.4,10565.7,960.0,11027.9,0.6039
10970.3,2240.0,11200.0,2279.5,0.6038
6560.2,33554.9,6648.6,33641.2,0.6037
13454.7,34276.4,14077.9,34560.0,0.6037
27417.9,10876.0,27520.0,11200.0,0.6036
7792.9,44971.0,8318.8,45440.0,0.6036
16324.5,11541.8,16547.3,12160.0,0.6035
23735.0,49930.2,23846.8,50382.8,0.6034
21144.4,50777.2,21758.5,51200.0,0.6034
16173.9,37441.7,16259.1,37582.7,0.6033
26142.7,30747.0,26239.9,31282.8,0.6033
19108.8,35522.2,19200.0,35798.8,0.6032
26671.7,50424.1,26880.0,50468.1,0.6030
24640.0,16840.8,24921.1,17280.0,0.6029
4161.5,966.9,4670.4,1280.0,0.6028
6944.4,29121.2,7040.0,29216.6,0.6028
26739.7,40963.1,26880.0,41339.4,0.6028
17315.4,28595.4,17598.5,29120.0,0.6028
25841.1,50774.5,25920.0,50879.3,0.6028
24644.4,845.2,24981.4,1280.0,0.6027
23363.1,49992.1,23732.7,50555.3,0.6027
21130.4,48375.2,21701.5,48960.0,0.6024
20757.9,45357.6,20915.8,45755.2,0.6024
15864.3,17170.0,16275.7,17600.0,0.6023
15853.6,29346.8,16313.4,29760.0,0.6023
21451.5,11100.0,22080.0,11520.0,0.6022
14458.7,13120.0,14720.0,13716.4,0.6022
7737.3,29004.9,8316.6,29438.8,0.6021
13120.0,16691.2,13184.4,16935.0,0.6021
28366.8,26525.5,28924.5,26879.8,0.6021
28465.2,26563.8,28800.0,27087.8,0.6021
16640.0,48871.6,16784.6,49064.0,0.6019
14866.2,20241.5,15040.0,20800.0,0.6016
18570.7,5235.7,18878.9,5440.0,0.6015
24336.7,37761.4,24606.5,37924.0,0.6014
17809.2,21974.4,18240.0,22400.0,0.6014
15995.8,25280.0,16320.0,25834.8,0.6014
13151.6,35081.4,13757.7,35517.5,0.6013
3570.1,14736.8,4154.5,15040.0,0.6013
18470.9,25624.2,18559.6,26055.6,0.6013
27273.0,12367.9,27837.7,12760.3,0.6013
26331.5,9603.6,26545.9,10071.6,0.6012
7361.0,32321.2,7470.1,32461.5,0.6012
25758.6,30417.3,25919.6,30936.5,0.6011
18672.8,36822.6,18816.1,37388.0,0.6010
22440.1,25949.3,22582.1,26056.2,0.6009
12552.4,14400.0,13112.0,14868.5,0.6008
16417.0,25423.4,16960.0,25920.0,0.6008
28061.1,48450.9,28160.0,48956.1,0.6008
12481.6,30093.8,13120.0,30390.0,0.6008
12533.7,6897.2,13119.5,7356.3,0.6007
25462.3,45850.6,25563.0,46386.6,0.6006
25507.6,34567.9,25917.3,35030.9,0.6006
19840.5,25179.2,20261.8,25600.0,0.6005
9163.8,31399.5,9280.0,31679.3,0.6004
23370.6,9662.2,23999.9,9920.0,0.6003
14590.6,28188.2,14694.7,28585.3,0.6003
23053.5,18448.3,23678.8,18880.0,0.6003
5606.3,6086.1,6079.7,6400.0,0.6000
26975.7,7362.9,27516.2,7805.7,0.6000
27200.3,47258.0,27304.6,47360.0,0.6000
24436.9,39263.7,24956.2,39680.0,0.5999
8510.6,14847.5,8640.0,15039.7,0.5999
25699.8,28811.9,25837.7,29270.6,0.5999
16716.8,26435.2,16907.1,26878.6,0.5998
18360.5,24324.6,18559.6,24953.9,0.5998
9596.8,22081.8,9918.8,22576.1,0.5998
28466.7,43520.0,28800.0,44072.9,0.5997
26315.9,22666.3,26426.3,22737.4,0.5996
1231.3,3847.8,1599.7,4330.4,0.5996
15734.5,24322.6,16000.0,24822.7,0.5995
9693.2,42716.8,10228.7,43195.9,0.5995
26177.8,31444.5,26239.2,31679.0,0.5993
11326.7,30086.1,11840.0,30590.4,0.5992
16467.6,30080.4,16960.0,30610.6,0.5992
6082.6,36664.4,6141.6,37103.2,0.5992
28710.8,15552.6,28799.3,15995.2,0.5992
10080.3,8320.9,10560.0,8841.9,0.5991
21869.4,14085.2,22398.3,14326.2,0.5990
19689.4,11841.6,19840.0,12158.2,0.5989
6950.7,33775.5,7067.0,33868.0,0.5987
27404.2,14613.7,27499.2,15038.5,0.5987
24321.4,41812.0,24491.0,41920.0,0.5987
18097.9,51075.0,18239.4,51200.0,0.5987
24952.9,29739.5,25278.3,30017.8,0.5986
11522.9,45075.7,12160.0,45435.9,0.5986
5787.7,9111.2,6396.2,9596.8,0.5986
22133.4,14402.9,22191.0,14680.0,0.5985
14449.2,30663.2,14712.7,31040.0,0.5985
27910.8,21657.6,28468.4,22080.0,0.5985
15905.0,48530.9,16297.0,48640.0,0.5985
25357.7,1921.9,25599.7,2334.8,0.5984
26905.7,39283.7,27029.3,39671.2,0.5983
15363.8,1820.2,15996.6,2172.8,0.5982
10560.3,46202.1,10880.7,46720.0,0.5982
22178.4,37549.3,22397.5,37742.2,0.5981
15250.4,25351.7,15360.0,25920.0,0.5981
18861.9,7057.5,19198.0,7359.1,0.5980
21462.8,24326.3,21760.0,24757.7,0.5978
27009.2,38080.0,27200.0,38136.7,0.5977
18511.6,16985.2,18878.9,17280.0,0.5977
18082.9,16818.7,18239.4,17090.3,0.5976
26560.4,6344.8,26706.2,6400.0,0.5976
21821.8,47040.3,21921.5,47234.1,0.5976
15573.0,28166.9,15680.0,28653.5,0.5975
8320.0,28813.1,8494.2,29311.0,0.5974
26882.1,25819.6,27069.6,26181.9,0.5974
17248.6,43203.8,17599.6,43707.5,0.5973
20558.0,45610.4,21115.9,46074.1,0.5972
27548.7,47042.1,27839.6,47436.8,0.5971
27302.7,31363.8,27840.0,31741.1,0.5971
24971.8,15324.5,25597.2,15680.0,0.5969
17503.9,27997.0,17599.2,28157.5,0.5968
4915.4,10742.2,5071.6,10794.1,0.5968
17920.0,19840.0,18464.8,20287.3,0.5968
16003.2,24640.0,16536.9,25133.4,0.5967
16961.7,15361.3,17062.1,15569.2,0.5966
11946.1,3295.1,12477.1,3840.0,0.5965
18366.0,40652.5,18541.5,41276.8,0.5964
3904.3,1397.0,4477.7,1916.1,0.5964
15252.3,25993.2,15316.7,26560.0,0.5963
9819.5,21773.9,9920.0,22080.0,0.5963
11208.2,7552.4,11839.7,8000.0,0.5963
8975.3,41605.6,9278.5,41970.7,0.5962
24640.0,39810.3,24727.8,40312.9,0.5960
22456.2,3520.6,22720.0,3669.2,0.5960
15680.0,28216.9,15758.4,28800.0,0.5960
25920.0,30472.4,26134.2,31040.0,0.5956
10286.6,35092.4,10722.4,35200.0,0.5955
5230.0,10107.2,5758.3,10560.0,0.5955
20539.3,7360.0,20800.0,7555.0,0.5953
18200.2,24143.7,18558.8,24317.9,0.5952
19027.8,4932.1,19503.2,5120.0,0.5952
12161.7,6400.2,12358.1,6561.1,0.5950
20499.7,10758.7,21117.9,11200.0,0.5950
19785.0,6384.6,20157.9,6718.5,0.5950
24721.6,33389.9,24957.3,33600.0,0.5950
22374.5,34621.1,22718.5,34913.1,0.5948
28641.0,40657.6,28715.1,41145.0,0.5948
25190.3,45699.0,25279.4,46080.0,0.5947
28268.6,10880.5,28480.0,11491.0,0.5947
18050.3,26242.6,18158.4,26432.2,0.5947
1315.8,10761.4,1917.2,11198.9,0.5946
28290.2,7067.6,28485.3,7525.7,0.5946
8708.3,28803.8,9275.8,29328.3,0.5946
12494.0,29405.0,13117.0,29760.0,0.5945
28477.4,44080.4,28541.6,44480.0,0.5945
23761.6,27840.0,24000.0,28067.2,0.5945
11529.6,4160.0,11840.0,4600.4,0.5945
13182.0,48645.3,13757.6,49011.6,0.5944
24109.6,30266.8,24513.3,30392.6,0.5943
23594.6,24647.6,23680.0,25110.1,0.5942
17600.0,6002.2,17739.0,6399.4,0.5942
22400.0,10379.2,22725.6,10815.3,0.5941
17518.5,16000.0,17920.0,16561.4,0.5940
16000.0,18972.0,16109.2,19520.0,0.5939
13298.5,23681.1,13437.9,23756.2,0.5938
10639.2,37877.4,11194.2,38397.4,0.5938
22401.1,3144.5,22852.4,3516.7,0.5938
21818.7,8856.6,22395.0,9280.0,0.5937
24777.4,33949.8,25276.4,34240.0,0.5937
24971.3,40967.2,25111.7,41494.2,0.5936
17502.6,43074.6,17600.0,43512.8,0.5935
6171.6,9284.7,6398.9,9598.0,0.5935
19589.9,50112.2,20157.1,50557.1,0.5935
25924.3,47684.1,26560.0,48087.4,0.5934
3520.0,48320.2,4126.6,48732.4,0.5934
21561.2,48215.4,22077.1,48612.8,0.5933
28315.5,49281.5,28480.0,49871.2,0.5933
7755.7,11535.4,8319.0,11840.0,0.5932
9316.3,13440.2,9886.1,13656.7,0.5932
21760.0,42907.7,22164.2,43134.7,0.5931
27228.0,41939.0,27520.0,42276.9,0.5930
6401.1,37124.2,6698.1,37556.6,0.5930
10557.8,30401.3,10880.0,30538.5,0.5929
27545.1,21057.1,28157.0,21437.1,0.5927
19154.3,24211.8,19519.5,24640.0,0.5927
27201.9,13125.1,27839.4,13426.8,0.5927
6188.5,6735.6,6720.0,7350.9,0.5925
8828.7,7186.8,9280.0,7677.8,0.5925
27727.9,28147.8,27839.6,28474.2,0.5924
20480.0,33921.1,20876.0,34084.6,0.5922
25220.3,28160.6,25317.0,28668.1,0.5922
7828.2,45124.0,8314.2,45570.3,0.5921
22400.0,32640.0,22906.7,32898.5,0.5920
8416.8,10880.0,8960.0,11379.2,0.5920
26560.0,10200.8,26624.5,10531.5,0.5920
26880.0,43208.4,26989.4,43683.8,0.5919
7365.3,12801.6,7952.2,13276.0,0.5918
26560.0,40569.4,26667.0,40960.0,0.5916
28601.2,9212.5,28751.2,9280.0,0.5916
8444.8,43201.3,8640.0,43695.1,0.5916
7858.0,326.0,8000.0,571.4,0.5915
21760.0,37196.9,21840.0,37526.4,0.5915
28288.0,7237.2,28500.3,7675.2,0.5915
20160.0,24451.7,20278.0,24960.0,0.5915
28321.0,16870.8,28480.0,16958.5,0.5915
10291.5,25478.7,10875.4,25920.0,0.5914
25666.5,45939.3,26235.4,46398.7,0.5914
20208.5,29674.9,20799.8,30080.0,0.5913
14235.5,18786.9,14306.8,19199.5,0.5913
15539.8,17226.0,15678.3,17599.1,0.5912
19408.2,39372.6,19519.9,39877.4,0.5911
13374.3,19041.5,13440.0,19506.2,0.5910
27528.1,19520.5,27840.0,19886.4,0.5909
23609.2,965.3,23952.4,1396.9,0.5909
14277.7,6080.0,14720.0,6709.6,0.5908
15582.0,14351.6,15994.6,14720.0,0.5908
13790.6,48940.4,14399.3,49279.9,0.5908
20162.7,45654.2,20320.6,46079.4,0.5907
12507.2,37040.9,13118.1,37440.0,0.5907
23041.5,22080.0,23678.4,22311.8,0.5906
28020.0,38325.3,28160.0,38400.0,0.5906
9960.9,4081.8,10555.5,4480.0,0.5901
1280.7,6400.6,1503.8,6615.8,0.5900
16393.3,25804.4,16956.8,26240.0,0.5900
23007.6,960.3,23360.0,1396.3,0.5899
11849.0,6934.5,12480.0,7357.9,0.5899
24856.8,30654.8,24959.9,30720.0,0.5898
13760.0,30315.9,14109.7,30716.8,0.5897
10885.0,41281.5,11516.9,41523.8,0.5897
18341.9,33925.3,18449.6,34560.0,0.5896
13134.2,40654.5,13756.6,41089.9,0.5896
27230.2,49426.7,27291.6,49600.0,0.5896
19918.4,41481.4,20479.0,41920.0,0.5895
18083.6,25282.5,18560.0,25738.0,0.5894
27337.7,43029.0,27414.1,43517.5,0.5894
10965.2,22096.2,11508.0,22503.7,0.5894
14768.8,48201.5,15358.8,48630.0,0.5893
306.1,6318.2,639.2,6720.0,0.5893
25208.6,44043.0,25276.5,44478.8,0.5892
28709.8,13249.9,28799.4,13371.1,0.5891
5533.4,13390.7,6080.0,13760.0,0.5890
25354.3,47525.8,25916.9,47998.6,0.5890
6080.0,37218.5,6197.4,37760.0,0.5888
26065.2,4978.1,26560.0,5437.0,0.5887
6487.5,40001.8,6573.2,40461.2,0.5886
24060.2,24000.6,24319.6,24309.1,0.5886
8739.2,44162.5,9277.0,44706.7,0.5884
25974.6,8761.8,26240.0,8959.8,0.5884
25920.0,14753.9,26004.3,15040.0,0.5883
19526.7,45368.6,20133.2,45760.0,0.5883
19296.6,44255.8,19824.6,44800.0,0.5879
23374.5,33419.8,23662.2,33920.0,0.5878
15571.6,38332.0,15679.6,38400.0,0.5878
24963.4,6721.1,25423.1,6922.6,0.5878
20480.4,41605.5,20850.9,42122.7,0.5877
11431.8,9600.0,11840.0,10073.9,0.5877
25997.2,14721.3,26240.0,15183.8,0.5876
18048.1,46901.7,18558.5,47353.7,0.5876
24382.5,3524.8,24637.3,3806.7,0.5872
27452.1,43647.6,27520.0,44153.8,0.5872
19917.9,20480.0,20160.0,20940.7,0.5870
24000.0,33456.2,24321.6,33625.7,0.5870
14236.2,4553.0,14400.0,4797.2,0.5870
28350.9,20776.4,28480.0,20953.9,0.5869
14318.6,29440.0,14377.1,29606.9,0.5869
18740.0,36165.3,18880.0,36702.2,0.5869
10463.2,22294.7,10560.0,22400.0,0.5868
12845.7,22885.2,13438.7,23358.7,0.5867
22020.4,11680.0,22400.0,12155.7,0.5867
4160.0,1519.7,4799.0,1920.0,0.5866
26078.1,24640.0,26233.6,24891.4,0.5865
27508.6,2241.8,27840.0,2661.9,0.5864
2192.2,2266.0,2557.4,2633.9,0.5862
4161.9,29225.8,4393.0,29439.5,0.5862
28160.8,28803.8,28355.1,29109.4,0.5861
25333.9,8142.8,25918.0,8636.1,0.5861
16728.4,42356.7,17279.6,42878.6,0.5861
13870.3,18437.5,13985.8,18880.0,0.5860
25203.1,27448.8,25280.0,27837.6,0.5860
17652.6,3200.0,18237.4,3639.4,0.5859
5938.8,7897.8,6079.6,8000.0,0.5859
17049.1,47121.8,17279.5,47359.7,0.5858
28622.8,30723.3,28800.0,31315.4,0.5857
19601.6,17600.0,20154.4,18118.8,0.5856
11201.1,4644.0,11286.4,4800.0,0.5856
27521.3,25920.0,27577.0,26023.4,0.5856
19092.7,38467.2,19156.5,38861.4,0.5856
18309.6,24330.9,18876.8,24792.2,0.5856
26759.7,27844.5,27199.2,28300.3,0.5855
20800.0,96.3,20950.1,640.0,0.5855
25009.0,50807.1,25280.0,50880.0,0.5855
27024.7,39432.4,27200.0,39997.9,0.5854
17211.5,22100.4,17600.0,22506.8,0.5853
3306.3,22272.6,3837.4,22720.0,0.5853
2610.2,5561.3,3194.3,6080.0,0.5853
26497.9,49380.1,26602.6,49600.0,0.5852
17282.1,47041.6,17918.8,47407.8,0.5850
18948.2,22083.2,19511.0,22522.8,0.5850
24332.1,47938.2,24957.7,48320.0,0.5850
4247.5,13440.9,4478.1,13739.7,0.5849
24114.8,36743.2,24320.0,36799.2,0.5849
16014.0,46932.6,16637.0,47356.6,0.5849
24348.6,46963.8,24960.0,47356.7,0.5848
15681.9,25185.1,15744.5,25600.0,0.5848
28130.9,6092.7,28480.0,6338.2,0.5846
26953.9,33118.8,27520.0,33594.6,0.5846
17010.4,19095.9,17583.6,19520.0,0.5846
7809.2,33920.0,7922.7,34154.0,0.5846
24417.1,19429.5,24953.5,19840.0,0.5846
2883.2,11522.2,3079.5,12046.6,0.5845
16000.0,39994.4,16085.9,40313.5,0.5844
16960.0,29745.3,17031.3,30080.0,0.5843
14915.9,30331.8,15079.5,30400.0,0.5843
27848.5,38720.1,28128.2,38846.9,0.5842
9920.0,8640.5,10239.9,8830.2,0.5842
9283.2,11202.9,9598.8,11636.5,0.5841
23221.2,15145.5,23663.6,15678.1,0.5840
20805.9,9528.5,21440.0,9920.0,0.5840
14211.7,31201.6,14701.2,31677.5,0.5839
9353.3,27524.8,9918.6,27837.5,0.5838
12160.0,28157.8,12797.2,28480.0,0.5838
16232.7,37553.5,16319.0,38076.8,0.5838
19933.6,18016.8,20480.0,18546.7,0.5837
8960.5,27200.8,9175.3,27341.5,0.5835
12951.2,14730.3,13120.0,15248.3,0.5835
20884.4,20575.8,21437.7,21120.0,0.5835
1350.6,3984.1,1599.6,4471.7,0.5834
27763.3,16643.1,27839.7,16825.2,0.5834
26515.2,49183.0,26574.9,49280.0,0.5834
18560.0,18904.5,18620.4,19396.9,0.5834
25605.2,712.2,25909.1,958.4,0.5833
21189.5,26764.5,21438.0,27186.3,0.5832
20488.6,18242.0,21114.2,18640.5,0.5831
21779.0,25908.7,22397.1,26240.0,0.5831
23759.0,36930.6,23868.2,37438.0,0.5830
20162.1,34244.1,20498.8,34390.2,0.5830
3588.3,29613.6,4157.9,30077.8,0.5830
19862.8,27526.4,20478.6,27840.0,0.5830
22520.5,39219.2,23037.8,39680.0,0.5830
16963.8,35990.0,17163.2,36480.0,0.5830
22797.8,19053.8,23356.1,19519.9,0.5829
27576.4,5691.5,27833.2,5729.8,0.5829
18144.6,40975.2,18240.0,41437.3,0.5829
8668.0,8159.7,9276.7,8630.4,0.5829
16791.7,15360.2,17061.4,15576.3,0.5828
14970.8,20480.0,15197.3,20516.1,0.5828
27213.1,47494.3,27838.3,47951.1,0.5827
13146.9,3503.0,13755.1,3840.0,0.5827
18383.8,2029.1,18876.6,2559.9,0.5826
7427.4,6080.2,7679.7,6369.2,0.5826
5120.0,23572.5,5248.9,23996.2,0.5824
13761.2,35841.1,13960.1,35946.8,0.5824
23817.2,49923.2,23915.4,50375.1,0.5822
17830.0,32375.0,18240.0,32960.0,0.5822
16963.9,27031.2,17180.2,27520.0,0.5820
1365.8,8960.0,1915.1,9452.2,0.5819
27129.0,9273.9,27247.6,9595.3,0.5818
23041.3,34561.1,23259.7,34856.8,0.5818
15576.1,20405.3,15677.7,20800.0,0.5817
27091.7,15520.0,27198.4,15831.0,0.5817
22222.1,4204.6,22397.3,4511.5,0.5816
8960.2,34561.4,9325.4,34752.0,0.5816
9947.4,4761.5,10559.2,5120.0,0.5816
14403.2,13958.4,14985.8,14400.0,0.5815
26636.5,3687.3,27197.4,4159.6,0.5815
9663.0,36089.7,10237.8,36480.0,0.5814
20849.6,23362.1,21433.7,23680.0,0.5814
21088.0,5587.7,21439.2,6080.0,0.5813
21247.6,22844.1,21439.5,23352.8,0.5812
11528.8,22611.9,12159.0,23039.1,0.5812
17292.2,46400.9,17915.8,46807.2,0.5812
16640.0,13470.3,16838.6,13719.1,0.5811
6307.1,30271.4,6400.0,30707.1,0.5811
16094.8,21047.4,16312.2,21439.6,0.5807
10434.8,43696.3,10559.0,43784.2,0.5806
1848.7,11840.0,2240.0,12281.4,0.5805
20037.6,3351.3,20480.0,3837.4,0.5805
24960.0,45764.4,25097.0,46282.0,0.5805
22216.0,42560.0,22384.6,42613.1,0.5804
28645.7,45440.4,28800.0,45487.6,0.5803
17083.5,15573.7,17279.1,15997.0,0.5803
27840.0,40185.5,27965.6,40637.1,0.5802
26118.6,30619.5,26240.0,31040.0,0.5801
27520.9,11785.7,27858.6,12076.7,0.5795
20803.1,19855.5,20956.7,20091.1,0.5795
9175.0,33861.5,9241.7,34238.3,0.5794
25504.8,26887.4,25599.6,27410.1,0.5794
7040.0,37023.8,7203.3,37120.0,0.5794
12560.3,32432.9,13115.8,32956.6,0.5794
25518.1,35185.7,25599.7,35520.0,0.5791
19016.5,34117.1,19520.0,34549.0,0.5791
6366.8,30279.6,6530.8,30718.3,0.5790
18732.7,36900.1,18804.1,37118.6,0.5790
18001.4,24321.5,18240.0,24517.8,0.5790
11283.5,33751.8,11835.5,34235.4,0.5789
24875.4,20332.4,25280.0,20800.0,0.5789
27311.9,42649.5,27835.8,43200.0,0.5789
25878.4,36163.7,26059.0,36653.9,0.5787
13934.4,28480.0,14400.0,29115.7,0.5786
26161.2,27016.6,26240.0,27200.0,0.5786
17108.3,36394.1,17593.4,36800.0,0.5785
24858.3,23680.0,24959.8,24212.9,0.5784
11967.9,39043.9,12464.1,39522.6,0.5783
16323.0,22082.8,16580.1,22625.9,0.5783
22816.0,41921.4,23348.8,42021.2,0.5782
9920.0,40321.3,10039.9,40414.1,0.5782
10253.8,34881.1,10878.8,35007.6,0.5782
26880.0,42625.1,26957.6,43200.0,0.5780
8962.9,8337.3,9464.0,8640.0,0.5780
3619.4,2897.2,4157.3,3427.4,0.5780
25736.8,36065.4,25990.9,36480.0,0.5780
26395.0,32372.4,26479.3,32640.0,0.5779
20265.6,49185.9,20798.8,49600.0,0.5779
3921.4,40800.9,4472.5,41280.0,0.5779
7783.5,34240.0,8317.9,34348.3,0.5778
26240.6,41607.1,26571.4,41994.7,0.5777
28374.9,22729.6,28764.5,22936.7,0.5776
19377.0,39992.8,19505.9,40320.0,0.5776
21418.1,8457.6,21759.2,8959.5,0.5775
23682.4,36788.9,23821.2,37119.1,0.5774
19461.4,3203.8,19840.0,3636.3,0.5773
28209.7,2830.0,28793.1,3200.0,0.5772
20165.5,42966.9,20479.0,43520.0,0.5772
9302.8,24191.4,9916.6,24636.3,0.5772
1931.8,7226.3,2239.1,7360.0,0.5771
28834.5,10943.3,28928.0,11199.9,0.5771
13261.5,38721.4,13368.1,38791.7,0.5771
25629.8,23847.7,26135.2,24318.5,0.5770
25532.8,27449.0,25600.0,27519.5,0.5770
26364.7,39893.3,26537.0,40316.4,0.5768
21116.5,5128.7,21439.3,5419.6,0.5767
28191.7,2204.8,28800.0,2545.8,0.5766
28160.4,26413.2,28309.4,26542.9,0.5765
25638.9,49747.3,26240.0,49906.6,0.5765
3076.5,7568.8,3199.3,7680.0,0.5763
3520.0,49000.8,4066.7,49600.0,0.5763
24960.0,35108.9,25099.9,35198.5,0.5762
16534.4,36163.8,16640.0,36797.2,0.5762
17181.7,35101.3,17592.8,35520.0,0.5761
26897.0,50246.0,26960.8,50382.1,0.5761
19364.0,22632.3,19834.7,23040.0,0.5761
961.0,4324.5,1098.5,4480.0,0.5761
19520.1,30401.4,19709.0,30569.2,0.5760
20800.0,45202.3,20864.8,45580.9,0.5760
26240.0,320.0,26742.9,730.6,0.5760
18560.9,9920.4,18764.4,10061.2,0.5760
26741.1,5574.5,26807.1,5806.3,0.5759
26335.0,39886.7,26877.9,40320.0,0.5758
21445.9,50561.2,22078.3,50699.5,0.5758
6647.9,12800.0,7040.0,13261.4,0.5758
22720.0,33267.1,23108.0,33575.3,0.5757
26295.1,43120.1,26878.2,43520.0,0.5757
28307.4,6695.1,28928.0,7039.4,0.5757
16508.3,42767.4,16639.8,42880.0,0.5757
28688.2,14739.1,28767.0,15188.7,0.5756
20629.7,10244.8,21110.1,10726.5,0.5756
8641.9,1920.9,8753.6,2084.9,0.5756
21314.7,33239.6,21720.2,33534.1,0.5756
9140.7,24537.4,9279.5,24640.0,0.5756
20482.5,17280.0,20992.5,17756.8,0.5755
9922.2,30400.5,10239.0,30904.4,0.5753
19393.1,22082.0,19840.0,22531.8,0.5753
15082.8,37546.8,15670.1,38074.8,0.5753
3843.0,49030.9,4057.6,49600.0,0.5752
12800.0,42131.9,12909.5,42240.0,0.5750
23177.5,12800.0,23360.0,13288.5,0.5750
21488.2,5315.3,22080.0,5756.5,0.5750
5366.0,30996.3,5440.0,31359.4,0.5750
15467.3,12162.4,15992.7,12790.3,0.5749
17817.2,38592.2,17920.0,39038.1,0.5749
18880.9,27405.0,19515.3,27826.7,0.5748
27216.2,24967.2,27431.2,25229.6,0.5748
12168.3,29353.7,12796.9,29760.0,0.5748
6329.4,38403.6,6398.6,38887.3,0.5747
28383.4,630.3,28480.0,960.0,0.5747
25047.1,28046.2,25112.7,28479.0,0.5747
14946.3,33920.0,15356.5,34439.1,0.5747
19989.9,37455.6,20475.2,37873.7,0.5746
26251.1,31906.3,26784.5,32320.0,0.5746
24321.4,37655.0,24568.2,37973.7,0.5745
19200.0,26143.9,19489.7,26560.0,0.5744
27781.3,28481.4,27991.6,28750.5,0.5743
4556.7,47258.6,5116.8,47679.0,0.5742
28258.3,46083.9,28477.1,46673.9,0.5742
23874.3,49550.8,23997.0,49918.9,0.5742
8133.4,38723.5,8319.3,39228.3,0.5740
9376.8,49924.0,9600.0,50285.3,0.5740
24160.7,18935.3,24320.0,19516.8,0.5739
21309.9,35785.8,21439.3,36160.0,0.5739
12293.5,22620.1,12799.8,23037.6,0.5737
17342.6,4314.9,17599.0,4480.0,0.5735
6210.5,6402.3,6719.1,6922.3,0.5733
20322.2,36025.0,20457.1,36069.9,0.5733
25152.1,34568.5,25262.8,34779.0,0.5732
17365.7,961.6,17599.4,1093.0,0.5731
9280.0,1924.0,9484.1,2369.8,0.5731
25883.5,38558.9,25963.0,39033.9,0.5730
21467.3,24066.7,21780.7,24640.0,0.5729
15155.2,27202.8,15360.0,27719.6,0.5729
27307.7,10066.4,27835.9,10432.1,0.5729
15714.6,31360.8,16000.0,31733.4,0.5729
21762.0,13718.0,22399.3,14080.0,0.5728
9438.5,33901.3,9533.5,34240.0,0.5728
28033.7,43644.0,28160.0,44160.0,0.5728
25879.7,15333.9,26002.0,15680.0,0.5727
11922.3,39520.0,12473.7,40000.0,0.5725
15776.3,3847.0,16000.0,4466.3,0.5725
7040.0,15360.2,7489.4,15556.0,0.5725
20504.5,16001.5,20800.0,16189.0,0.5723
13120.5,1600.5,13398.2,1743.4,0.5721
4802.2,8477.8,5440.0,8955.3,0.5721
7755.0,36977.1,8311.8,37432.3,0.5720
15147.3,41112.1,15676.9,41591.5,0.5720
12515.5,30543.6,13120.0,30951.4,0.5720
15134.1,31369.4,15359.2,31937.1,0.5719
20800.0,34254.1,21229.5,34560.0,0.5719
7880.1,30072.2,8320.0,30400.0,0.5719
24001.8,15682.3,24360.7,16295.3,0.5719
24322.2,5644.8,24960.0,6080.0,0.5717
75.7,7566.8,639.0,8000.0,0.5716
15902.2,28409.2,15997.5,28800.0,0.5715
12637.7,3202.4,12799.3,3371.0,0.5713
2511.3,14400.0,2879.3,14892.1,0.5713
13917.4,39376.6,14080.0,39800.4,0.5713
26240.0,42902.6,26314.7,43207.8,0.5713
21404.4,30794.0,21500.2,31039.6,0.5711
6151.2,30274.6,6534.0,30719.9,0.5711
16721.8,42888.6,17276.9,43443.8,0.5710
1658.8,11843.0,1919.5,12078.7,0.5709
11869.9,41898.5,12476.4,42240.0,0.5709
18604.1,23380.4,19198.5,23680.0,0.5708
2571.9,3522.5,3198.7,4022.7,0.5708
25920.0,31367.3,26147.7,31829.8,0.5708
10235.9,3379.3,10560.0,3840.0,0.5708
19527.8,13467.3,20157.3,13760.0,0.5708
13521.0,6400.0,13759.5,6720.9,0.5706
16029.4,39680.0,16319.5,40192.9,0.5704
19521.9,33574.6,19582.5,33920.0,0.5702
27966.1,43202.7,28157.8,43622.8,0.5702
18003.0,39244.9,18555.2,39680.0,0.5701
8640.1,38406.3,9056.2,38764.0,0.5701
23913.2,32002.4,24315.8,32161.8,0.5700
21733.8,17920.4,22078.7,18390.8,0.5700
25174.7,20547.0,25280.0,20800.0,0.5700
26581.2,40859.1,26704.0,41269.8,0.5698
1739.6,8962.2,1919.4,9201.7,0.5697
20104.7,16323.5,20473.1,16809.9,0.5697
7542.2,3840.3,7679.8,3927.4,0.5696
16642.6,15082.0,17146.5,15349.8,0.5695
19522.0,42240.0,19852.4,42764.5,0.5694
25602.2,22546.9,26034.8,23031.7,0.5692
24820.9,20515.0,24960.0,20959.6,0.5691
16666.4,644.4,17277.4,1111.6,0.5691
25201.8,28710.5,25280.0,29120.0,0.5690
17920.0,20166.5,18315.2,20303.3,0.5690
7239.6,35419.8,7359.5,35520.0,0.5690
18909.5,34883.1,18971.7,35330.8,0.5688
13888.2,22550.1,14400.0,23036.1,0.5687
10805.2,10364.4,10880.0,10558.5,0.5686
21120.0,25921.6,21757.9,26146.2,0.5686
26358.1,38482.2,26560.0,39040.0,0.5685
25153.8,34493.6,25214.7,34796.8,0.5685
23680.0,46108.6,24317.5,46465.1,0.5683
20531.1,7040.0,21111.6,7554.1,0.5683
14133.4,7047.5,14400.0,7432.0,0.5682
27200.0,26568.5,27836.3,26852.1,0.5680
13440.0,40961.0,14080.0,41377.3,0.5680
11340.9,9479.1,11836.6,9920.0,0.5679
18715.2,36081.5,18871.3,36480.0,0.5679
19562.2,23637.0,19840.0,23994.9,0.5678
19572.9,35847.5,19812.1,36327.7,0.5678
18075.6,0.0,18239.7,554.6,0.5678
26240.2,41603.8,26337.1,41829.7,0.5677
16678.8,39612.4,17276.4,40000.0,0.5676
25560.4,40643.1,25919.6,41131.6,0.5675
28679.8,14851.0,28763.0,15358.9,0.5675
13220.9,17104.1,13439.4,17586.4,0.5675
17704.4,40833.2,18233.1,41280.0,0.5674
18570.3,20419.8,19200.0,20800.0,0.5674
11928.9,33998.7,12008.8,34560.0,0.5674
20540.3,20480.0,20799.8,21023.5,0.5673
7097.4,26240.5,7669.4,26666.3,0.5673
18740.1,33920.0,18866.5,34396.9,0.5672
16415.2,20033.1,16960.0,20480.0,0.5672
9040.6,34245.5,9409.4,34529.3,0.5672
25606.7,45133.0,25757.2,45568.3,0.5672
24529.4,33494.2,24640.0,33599.3,0.5671
7230.7,35219.4,7312.6,35442.8,0.5670
22536.7,20816.1,23037.8,21292.5,0.5670
8640.0,41353.1,8850.3,41920.0,0.5669
5154.8,1529.8,5758.5,1920.0,0.5669
17674.1,38029.2,18223.4,38400.0,0.5669
27380.8,9280.0,27840.0,9382.0,0.5669
18243.0,4480.1,18560.0,4619.9,0.5668
19533.4,33971.5,20159.2,34243.4,0.5668
4554.2,3520.0,4800.0,3998.6,0.5668
27642.2,48101.8,28160.0,48640.0,0.5668
23740.4,50448.9,24316.0,50879.2,0.5667
24068.9,34222.6,24319.6,34560.0,0.5665
17280.0,13357.3,17743.7,13760.0,0.5665
9095.1,49282.1,9279.4,49638.8,0.5664
12481.6,1600.6,12684.6,1748.9,0.5662
7427.9,10333.5,7678.5,10558.8,0.5659
21920.0,48564.0,22080.0,48960.0,0.5659
16800.9,21692.4,17261.2,22077.2,0.5658
16640.0,48960.5,16780.3,49036.8,0.5658
22082.9,30256.0,22175.3,30695.6,0.5658
19615.0,11520.8,19836.2,11717.9,0.5658
27131.6,28562.4,27199.5,28643.5,0.5658
25448.7,40564.4,25522.2,40959.6,0.5656
14447.1,7562.4,15040.0,8000.0,0.5656
18146.4,33922.7,18239.7,34093.3,0.5655
26266.3,44182.1,26879.5,44520.3,0.5655
25685.1,30287.1,26065.4,30714.2,0.5654
20480.4,44222.2,20826.3,44578.3,0.5654
8329.7,4157.5,8639.6,4480.0,0.5654
10578.3,44087.7,11198.7,44480.0,0.5654
6485.3,15294.9,6719.1,15676.5,0.5653
14581.9,8225.5,14717.1,8320.0,0.5652
11200.0,652.8,11837.6,960.0,0.5652
5454.2,8550.8,6077.6,8956.9,0.5651
14769.5,14937.4,15343.8,15360.0,0.5651
14081.4,4108.7,14230.5,4475.7,0.5651
28187.6,48220.1,28796.5,48640.0,0.5650
19004.0,25824.0,19106.6,26236.8,0.5650
13460.5,42433.3,14079.1,42878.3,0.5650
23040.0,33924.8,23158.0,34339.3,0.5649
3288.4,21319.7,3837.1,21760.0,0.5649
27191.9,37286.6,27315.4,37760.0,0.5648
16642.6,26884.4,16756.1,27352.2,0.5648
507.5,11203.3,949.5,11558.9,0.5647
26240.0,10785.2,26713.1,11200.0,0.5647
26965.3,29440.2,27520.0,29759.2,0.5647
18885.8,16597.3,19519.3,16826.8,0.5647
13217.8,17645.1,13437.6,17919.3,0.5646
13122.0,508.6,13482.3,960.0,0.5646
21250.8,32381.2,21356.7,32639.2,0.5646
25194.1,44249.8,25280.0,44799.1,0.5645
11729.5,49866.8,12160.0,50240.0,0.5645
12491.3,18240.1,13116.8,18383.3,0.5644
28567.7,50565.7,28678.1,50880.0,0.5644
14722.3,2983.6,14830.9,3256.5,0.5644
13793.4,41602.9,14394.9,42046.2,0.5643
28317.3,10880.3,28922.0,11280.2,0.5643
19948.5,20564.7,20476.9,21119.8,0.5642
19496.0,43444.2,19838.9,43840.0,0.5641
25954.4,10387.2,26559.0,10559.7,0.5641
18773.1,41600.0,18877.7,42084.2,0.5641
12486.3,23749.9,13120.0,24000.0,0.5638
22795.3,15313.3,23327.4,15680.0,0.5638
19325.4,7257.2,19837.4,7680.0,0.5637
19200.2,10564.1,19509.5,10949.4,0.5636
10995.3,18385.0,11517.6,18875.6,0.5635
22531.1,5760.2,23038.9,6259.4,0.5635
27201.6,21575.0,27337.5,21809.4,0.5633
11292.2,16963.4,11833.2,17489.9,0.5631
6080.0,31920.6,6176.2,32320.0,0.5631
20482.1,42730.2,21053.9,43195.5,0.5631
5446.4,5440.0,6079.3,5909.0,0.5630
27842.0,47366.4,27934.5,47839.5,0.5629
4161.0,8499.9,4412.7,8640.0,0.5629
28163.1,8026.7,28349.3,8319.8,0.5629
21604.1,328.5,21759.7,849.8,0.5627
16000.2,21688.2,16265.1,22080.0,0.5627
28314.7,29168.6,28798.8,29744.9,0.5625
13871.3,18560.0,14080.0,19117.3,0.5624
19152.9,44106.5,19516.8,44480.0,0.5624
27982.6,41601.2,28159.6,41719.7,0.5622
17760.9,37639.7,17917.8,38078.3,0.5622
25396.0,23421.5,25920.0,24000.0,0.5622
12250.4,29970.0,12797.3,30398.6,0.5621
19855.5,6090.4,20152.4,6245.2,0.5621
652.1,1489.1,1273.7,1920.0,0.5620
28712.7,39360.6,28799.7,39445.5,0.5620
4211.4,586.8,4797.1,959.5,0.5619
11513.1,45100.5,11840.0,45429.0,0.5618
27537.8,39041.6,27741.7,39359.7,0.5618
15054.4,25280.0,15358.9,25884.4,0.5618
16515.6,11842.4,16640.0,12334.1,0.5617
14730.5,50397.1,15358.0,50738.9,0.5616
25349.9,41521.7,25507.8,41920.0,0.5616
26781.0,49643.8,27009.9,49683.0,0.5616
19506.7,4633.4,19838.5,4800.0,0.5614
28160.0,4091.2,28315.1,4480.0,0.5614
14843.2,6107.2,15356.8,6433.2,0.5612
26880.3,25151.2,27193.8,25453.8,0.5612
27792.4,31041.5,28151.3,31208.0,0.5611
16114.8,39919.5,16636.9,40320.0,0.5611
24510.1,38741.0,24588.5,39171.8,0.5611
23290.3,29121.0,23391.3,29207.3,0.5610
6722.1,28918.4,6869.4,29440.0,0.5610
20165.2,22758.9,20798.0,23040.0,0.5610
26996.6,30219.6,27165.6,30720.0,0.5609
6645.1,40966.7,6719.8,41425.2,0.5607
9275.5,35207.5,9598.6,35691.2,0.5607
24971.4,37887.7,25596.2,38396.0,0.5607
19891.7,41603.4,20160.0,41941.7,0.5606
17210.1,8001.3,17586.0,8199.1,0.5606
24588.3,41649.0,24639.1,41747.7,0.5605
8058.3,36800.0,8319.8,37016.6,0.5605
13129.6,41096.6,13757.2,41591.8,0.5605
21036.3,2883.3,21440.0,3520.0,0.5604
28167.9,21248.8,28798.5,21420.8,0.5604
15466.2,43567.8,15999.4,43839.1,0.5603
8000.0,42167.4,8125.6,42560.0,0.5603
16001.9,48531.9,16198.2,48640.0,0.5603
25920.0,43930.9,26027.1,44478.8,0.5602
25921.4,34578.8,26015.5,35046.8,0.5602
17282.9,42162.2,17916.2,42560.0,0.5602
9050.3,42240.0,9596.3,42734.1,0.5602
19840.0,19881.2,20330.1,20160.0,0.5601
24960.0,2166.5,25297.3,2560.0,0.5601
23749.2,28051.4,24320.0,28480.0,0.5601
7389.9,30085.6,7995.1,30496.0,0.5598
14080.0,19504.1,14166.3,19839.9,0.5598
12579.2,11612.8,13114.9,12160.0,0.5596
4512.4,14058.5,5119.3,14400.0,0.5596
5055.4,9743.5,5440.0,9918.1,0.5596
19724.7,19658.9,19840.0,19716.4,0.5595
16685.3,6923.7,17274.7,7360.0,0.5595
16386.4,36980.4,16956.6,37438.0,0.5594
14332.8,38238.8,14400.0,38669.0,0.5593
11524.9,45330.0,12160.0,45760.0,0.5593
22080.0,11881.4,22718.3,12160.0,0.5592
24640.0,34462.1,25159.2,34879.0,0.5590
22566.2,50241.2,22868.4,50384.5,0.5589
21487.7,27650.2,22079.4,28159.6,0.5589
11950.3,44952.6,12478.0,45438.9,0.5589
17920.0,45956.9,18558.3,46397.6,0.5586
17991.8,1614.9,18557.2,2061.0,0.5586
26153.3,9097.6,26559.7,9594.7,0.5586
19848.1,45633.2,20435.5,46080.0,0.5585
25921.7,1065.2,26558.4,1310.7,0.5582
20250.7,22200.6,20795.5,22714.0,0.5581
10296.1,46084.0,10856.5,46596.8,0.5581
26270.5,21700.0,26559.5,22079.2,0.5580
25024.5,16963.9,25570.9,17280.0,0.5577
20482.6,40824.9,20544.8,41251.4,0.5576
23155.7,14993.8,23284.4,15360.0,0.5576
14080.0,34413.8,14719.5,34866.5,0.5576
14721.1,374.7,14830.3,484.6,0.5575
13852.2,18880.0,14050.4,19436.8,0.5575
15019.7,4499.6,15355.0,4800.0,0.5575
15926.0,27472.3,16320.0,27840.0,0.5573
26042.0,41607.5,26359.8,41837.0,0.5572
6129.0,19562.2,6718.3,19839.6,0.5572
17600.0,5199.2,18054.9,5759.5,0.5571
9962.1,27967.5,10560.0,28479.0,0.5570
11597.7,50166.2,12154.1,50560.0,0.5569
27457.5,30851.0,27520.0,31100.8,0.5569
20514.3,42240.0,20793.3,42711.8,0.5568
17604.7,45039.8,18181.8,45440.0,0.5568
3437.4,13298.2,3840.0,13756.2,0.5568
2661.2,2438.5,3191.0,2877.5,0.5567
18063.4,3520.0,18239.1,3907.3,0.5567
25099.6,28480.0,25279.5,29006.6,0.5566
18335.9,32771.6,18802.5,33278.9,0.5566
17921.7,41498.6,18204.1,41920.0,0.5566
19847.0,38303.5,20478.4,38715.7,0.5565
13442.4,3680.0,13857.9,4059.4,0.5564
12900.8,45950.5,13437.2,46397.1,0.5564
18883.2,20801.5,19498.2,21120.0,0.5563
10646.1,17920.1,11194.6,18449.1,0.5563
10442.6,29126.5,10560.0,29438.1,0.5562
6297.5,37441.6,6400.0,38007.4,0.5562
26006.3,33924.1,26126.3,34222.6,0.5562
17368.5,19202.2,17919.1,19520.0,0.5561
12549.6,47177.9,13116.2,47673.4,0.5561
2499.6,289.3,2879.0,638.8,0.5559
26971.4,1140.8,27517.4,1600.0,0.5559
15361.7,37170.3,15599.6,37413.1,0.5559
12189.1,23214.8,12796.6,23656.3,0.5559
24655.4,50821.1,24971.8,51136.0,0.5558
23366.3,26240.0,23997.9,26425.2,0.5558
6333.1,37478.8,6713.1,38080.0,0.5558
22078.2,18424.3,22400.0,18560.0,0.5557
27520.0,327.1,28160.0,639.6,0.5557
17611.8,22400.0,18238.1,22602.2,0.5556
14080.0,4712.6,14525.7,5115.8,0.5556
4889.5,12951.5,5434.6,13439.3,0.5555
19533.0,45677.7,20155.7,46080.0,0.5555
18075.7,20398.2,18556.6,20800.0,0.5553
10688.3,9284.7,11200.0,9709.7,0.5553
18564.2,4131.5,19190.2,4480.0,0.5551
28225.0,19200.0,28796.7,19634.0,0.5551
22985.0,15894.8,23107.4,16316.3,0.5550
17085.1,43467.9,17596.1,43839.0,0.5550
27827.5,45811.7,27911.1,46080.0,0.5549
18362.5,30400.2,18876.9,30679.4,0.5549
10643.1,47360.0,11197.2,47861.5,0.5549
24960.0,38322.4,25056.4,38720.0,0.5547
7040.9,34881.8,7150.5,34999.9,0.5547
10282.5,10881.2,10876.6,11238.5,0.5546
15351.8,20480.0,15535.6,20955.5,0.5545
22402.0,29551.8,22775.9,29760.0,0.5545
18560.5,320.7,18639.8,433.0,0.5545
26352.3,32789.2,26876.8,33276.5,0.5544
24789.3,34240.8,25210.6,34368.7,0.5544
20002.2,33351.7,20315.6,33598.6,0.5543
8655.4,48322.7,8960.0,48720.4,0.5541
14656.3,23040.0,14719.0,23514.8,0.5539
14322.9,9403.2,14720.0,9600.0,0.5538
18009.7,33280.2,18239.8,33891.6,0.5537
12204.1,45377.2,12800.0,45760.0,0.5537
26140.5,41306.1,26239.8,41566.1,0.5536
22520.8,27169.0,23039.4,27518.6,0.5536
26187.0,21122.4,26560.0,21568.9,0.5534
28275.8,9600.0,28480.0,9640.4,0.5534
4201.9,47870.2,4794.0,48319.1,0.5533
26786.9,49820.9,26880.0,49915.5,0.5532
19148.7,31687.3,19520.0,32194.4,0.5532
27202.0,24416.9,27380.3,24960.0,0.5532
12508.7,21630.3,13118.0,22076.7,0.5531
8723.1,49393.1,9276.3,49920.0,0.5531
6864.8,41920.1,7038.7,42161.7,0.5530
12480.0,1851.4,13118.0,2240.0,0.5530
13354.5,4280.3,13758.9,4798.3,0.5529
18856.3,28161.7,19194.5,28637.3,0.5528
21120.0,3019.1,21747.7,3520.0,0.5527
23270.6,3934.3,23359.9,4149.3,0.5527
5760.0,3625.1,5895.8,4160.0,0.5526
8000.0,2560.0,8329.2,2702.3,0.5525
26049.0,46116.3,26240.0,46400.0,0.5525
3288.5,45678.3,3836.0,46078.2,0.5525
17593.1,768.9,17919.4,1067.5,0.5524
18481.8,37335.0,18560.0,37760.0,0.5523
23842.1,48963.3,23985.0,49390.6,0.5523
23983.6,48449.2,24320.0,48960.0,0.5523
4581.2,12952.9,5116.2,13440.0,0.5522
15585.7,26945.4,15679.4,27187.6,0.5521
9884.5,12164.0,10240.0,12574.1,0.5518
14400.0,30934.5,14536.4,31040.0,0.5517
7101.3,38594.0,7678.3,39035.9,0.5517
14917.2,30319.0,15040.0,30718.0,0.5515
25922.5,39049.3,26040.8,39536.1,0.5515
12161.7,39134.8,12318.4,39680.0,0.5514
22553.2,32961.2,23037.8,33094.1,0.5514
25306.6,46292.2,25917.7,46720.0,0.5514
11219.0,11203.6,11833.4,11505.0,0.5512
1410.6,2972.7,1917.8,3519.4,0.5511
26921.1,21753.8,27518.4,22077.9,0.5511
16884.2,12811.0,16958.8,13179.5,0.5511
22721.0,26379.0,22797.4,26575.1,0.5510
27525.8,23042.7,28120.9,23215.5,0.5509
19046.2,48642.8,19518.6,49128.0,0.5509
11019.9,5.7,11518.4,496.6,0.5507
25280.0,24645.9,25789.5,25205.3,0.5507
19416.5,3201.5,19519.9,3465.0,0.5507
18880.0,41543.7,19394.2,41919.9,0.5507
8320.8,29761.3,8399.9,29861.6,0.5506
26944.5,49438.6,27019.0,49600.0,0.5506
12542.4,37598.7,13115.6,38075.4,0.5504
26725.3,6721.1,26789.0,6899.7,0.5504
2264.0,3673.9,2880.0,4158.2,0.5503
21440.0,31366.5,21624.8,31803.4,0.5502
21124.7,30899.6,21556.4,31360.0,0.5501
17281.5,12240.4,17598.5,12475.8,0.5499
12371.9,40243.1,12479.7,40639.5,0.5498
3550.5,13448.0,3840.0,13865.4,0.5498
10656.7,49056.3,11197.3,49600.0,0.5498
12047.3,41212.2,12159.7,41280.0,0.5498
16317.5,19428.1,16577.6,19840.0,0.5497
16690.4,8350.9,17279.0,8636.0,0.5497
14828.5,18910.2,14902.5,19199.4,0.5497
19278.3,25924.2,19484.6,26416.8,0.5496
15379.0,46320.9,15998.8,46716.9,0.5496
17105.1,36729.0,17594.1,37120.0,0.5496
21556.7,34669.1,22051.6,34966.5,0.5495
28187.6,25290.1,28794.6,25637.2,0.5495
28322.1,27774.1,28480.0,27840.0,0.5494
27280.5,10498.9,27492.1,10728.8,0.5494
4943.3,43675.3,5433.7,44158.2,0.5494
13440.8,8859.6,13540.3,8960.0,0.5494
18211.7,25130.7,18268.6,25577.2,0.5493
8381.3,41452.9,8945.2,41920.0,0.5493
2153.9,10913.0,2560.0,11517.5,0.5493
24751.6,40322.0,24960.0,40884.5,0.5492
24004.0,12230.6,24640.0,12574.2,0.5492
20160.0,24155.2,20282.6,24640.0,0.5491
8062.5,32320.2,8640.0,32395.5,0.5491
4170.8,22400.0,4795.9,22789.2,0.5491
27201.6,27109.8,27414.8,27516.8,0.5491
26881.0,10167.1,27079.0,10238.8,0.5491
26958.4,38470.6,27513.8,39040.0,0.5490
13250.7,18561.2,13440.0,18979.8,0.5489
12123.8,38267.1,12369.7,38711.8,0.5489
27180.7,49421.3,27281.4,49600.0,0.5489
26271.4,21612.4,26877.3,22080.0,0.5488
7163.8,27379.6,7675.6,27836.5,0.5488
19188.5,36499.4,19272.9,36941.1,0.5488
4205.3,31045.5,4796.0,31432.4,0.5487
13128.8,36217.4,13758.1,36479.8,0.5487
23842.6,48738.7,23952.8,49280.0,0.5486
21120.6,34800.6,21452.6,35099.0,0.5485
21822.4,23366.7,22400.0,23645.2,0.5484
13284.4,46613.5,13439.3,46719.1,0.5484
2326.9,14768.2,2874.0,15354.3,0.5483
14458.9,6403.5,15037.6,6868.2,0.5482
6561.5,32001.2,6720.0,32117.1,0.5481
8065.6,1286.5,8638.1,1772.3,0.5480
6267.6,32320.1,6399.0,32471.3,0.5480
23922.6,30725.3,24320.0,31299.8,0.5479
8970.7,22724.4,9598.1,23116.9,0.5478
26880.0,34887.2,27286.7,35353.0,0.5478
19200.0,32873.2,19315.5,33273.4,0.5478
16124.2,37120.0,16629.5,37529.9,0.5477
16004.1,29327.8,16122.8,29759.0,0.5477
26279.2,49168.3,26348.9,49376.9,0.5473
25280.0,15713.0,25917.3,16000.0,0.5471
14720.0,40143.4,15046.7,40639.0,0.5471
26561.8,12542.5,26948.2,12749.9,0.5471
28323.1,5120.7,28477.8,5210.3,0.5471
12451.1,48555.3,12796.6,48639.7,0.5470
6721.9,642.6,6831.7,793.6,0.5469
7040.7,36122.0,7678.0,36480.0,0.5468
28178.4,40009.3,28276.6,40542.9,0.5468
28785.4,45120.0,28928.0,45175.1,0.5468
25291.8,43741.1,25543.1,44160.0,0.5467
20677.1,36502.1,20952.0,36756.9,0.5465
23361.1,20613.7,23886.1,21119.8,0.5465
19029.6,36713.1,19244.5,37120.0,0.5465
16242.3,17850.5,16640.0,18240.0,0.5464
19589.3,10.9,20159.2,509.6,0.5464
19521.4,16809.2,20158.4,17160.5,0.5464
3280.0,8171.6,3838.0,8637.6,0.5463
23360.0,34569.3,23664.1,34719.5,0.5462
15680.0,17373.6,15749.6,17916.4,0.5462
28837.7,13334.3,28924.6,13753.8,0.5460
13947.7,16861.9,14010.0,17280.0,0.5459
27734.8,30103.7,27833.3,30561.4,0.5458
16107.9,32570.7,16637.2,32960.0,0.5458
27915.4,28481.5,27991.4,28750.1,0.5458
24966.5,12545.6,25597.5,12798.3,0.5458
14689.4,23447.2,14843.9,24000.0,0.5458
21769.5,18734.0,21918.3,19199.4,0.5456
24487.6,34450.3,24639.7,34560.0,0.5456
26927.1,26170.2,27054.0,26240.0,0.5454
14089.2,1326.0,14598.0,1599.2,0.5454
8592.7,29120.3,8960.0,29595.9,0.5452
24000.0,3155.4,24637.7,3520.0,0.5452
14666.7,3.9,15040.0,433.7,0.5452
21775.6,49530.9,22398.2,49920.0,0.5451
19853.8,26527.8,20480.0,26880.0,0.5451
2229.4,3536.5,2560.0,4018.9,0.5449
15495.6,13762.0,15817.8,13927.5,0.5449
23360.0,41600.0,23997.7,41885.7,0.5449
17410.4,20807.6,17915.4,21427.6,0.5448
28257.2,3372.3,28795.2,3840.0,0.5447
11260.1,3850.9,11519.8,4319.1,0.5447
26067.1,24009.4,26225.8,24467.4,0.5447
25922.7,19770.2,26542.0,20157.3,0.5445
22771.4,19394.2,23342.6,19838.9,0.5444
6720.0,29120.3,6855.6,29521.7,0.5443
11254.2,44038.3,11837.5,44477.2,0.5443
14400.2,1293.0,14584.2,1658.2,0.5443
8640.0,30141.5,9277.8,30400.0,0.5443
16666.3,34883.4,16754.2,35342.2,0.5443
8320.0,25600.4,8638.5,25730.3,0.5443
12624.8,22401.7,13119.2,22844.5,0.5443
10945.4,18753.2,11516.9,19199.1,0.5442
8005.5,9281.1,8294.8,9434.3,0.5442
11878.2,46005.0,12479.3,46400.0,0.5442
28376.1,47780.3,28799.7,48062.3,0.5441
10597.4,354.9,11198.8,640.0,0.5440
17591.7,37361.5,17689.3,37759.1,0.5440
12909.8,21297.8,13434.0,21757.2,0.5439
18566.3,14595.7,19192.5,15040.0,0.5439
23838.4,31683.9,23998.4,31928.0,0.5439
23680.0,43224.1,24316.0,43556.0,0.5439
14080.4,33199.7,14330.3,33600.0,0.5439
18806.9,35523.1,18879.2,35681.4,0.5439
322.0,6820.8,462.0,7112.0,0.5439
15411.2,20394.4,15549.4,20800.0,0.5437
27738.4,7360.0,28160.0,7747.9,0.5437
11358.1,19402.2,11518.7,19519.5,0.5435
13457.2,47368.4,14076.5,47753.0,0.5435
8480.8,47907.9,8958.5,48320.0,0.5435
24802.8,34476.8,24959.9,34558.8,0.5435
19310.1,39540.9,19832.9,39998.7,0.5435
13760.0,40224.0,13823.7,40607.4,0.5435
21121.6,43725.2,21221.6,43839.6,0.5434
26589.7,32843.8,27195.9,33280.0,0.5433
2951.3,4922.0,3518.3,5438.3,0.5432
24961.8,35203.5,25181.9,35676.4,0.5431
23080.5,25685.4,23678.2,25919.5,0.5430
28418.5,47236.0,28851.2,47674.9,0.5430
12175.9,27157.0,12799.4,27520.0,0.5428
8642.0,41603.0,8941.2,42113.7,0.5427
8012.5,40960.0,8635.4,41059.7,0.5427
25640.5,14270.8,25919.6,14399.3,0.5426
4945.2,4483.4,5119.8,5001.3,0.5424
24000.2,5449.7,24392.7,5776.4,0.5422
13935.6,16369.7,14080.0,16960.0,0.5422
17995.3,44550.3,18240.0,45119.8,0.5422
27895.2,41704.0,28158.5,41919.0,0.5421
1369.0,11202.8,1599.1,11416.5,0.5420
20163.2,38400.7,20607.6,38577.1,0.5420
28517.7,43206.4,28761.3,43706.8,0.5419
18726.9,37040.1,18866.8,37440.0,0.5419
21678.9,10897.5,22080.0,11263.2,0.5419
28449.6,4496.3,28800.0,4828.0,0.5419
10561.8,18884.0,10698.1,19071.2,0.5418
24795.0,28717.7,24959.9,29119.5,0.5417
2647.8,12595.9,2879.3,13043.2,0.5416
10569.3,28803.1,11198.8,29148.0,0.5416
20829.6,26147.9,21439.9,26560.0,0.5416
25168.2,24529.5,25596.2,24958.9,0.5415
961.2,9920.0,1299.8,10119.9,0.5415
16817.0,43401.3,17277.9,43832.5,0.5414
18581.9,38720.0,18880.0,39351.0,0.5414
19840.0,45013.8,20204.3,45440.0,0.5413
28292.1,13012.7,28588.4,13440.0,0.5413
10242.9,45444.1,10609.4,45906.4,0.5413
19583.8,26620.8,20159.5,26880.0,0.5413
14722.4,9281.4,15193.2,9517.6,0.5412
18130.0,2241.1,18555.5,2451.5,0.5411
26448.1,29760.1,26558.9,29906.4,0.5411
18932.0,24795.1,19082.2,25278.2,0.5409
8476.7,26147.6,8639.7,26240.0,0.5408
10240.0,4777.9,10770.7,5120.0,0.5407
26834.3,576.2,27198.6,960.0,0.5407
23776.9,5024.8,24000.0,5128.4,0.5406
28288.0,30282.3,28636.4,30554.9,0.5406
27415.1,43616.4,27840.0,44160.0,0.5404
16960.2,11201.2,17306.1,11337.4,0.5402
2902.2,10467.4,3518.4,10880.0,0.5401
27212.9,44616.4,27519.2,44739.4,0.5401
19466.8,32320.0,19840.0,32797.2,0.5399
20867.0,4827.2,21439.4,5280.9,0.5399
16057.5,19003.9,16124.3,19520.0,0.5398
21980.6,2313.4,22398.7,2854.9,0.5398
13120.0,48003.0,13280.9,48325.1,0.5396
24776.7,36301.9,25237.5,36480.0,0.5396
4816.8,9603.9,5120.0,9858.8,0.5395
14296.4,20699.6,14398.0,21120.0,0.5394
22.4,12699.2,625.0,13114.0,0.5392
7360.0,32134.0,7498.0,32320.0,0.5391
11013.9,27842.5,11516.1,27978.2,0.5391
21393.5,22436.5,21736.7,22755.9,0.5391
14434.9,50758.7,15036.3,51200.0,0.5391
18678.8,44381.6,18877.7,44800.0,0.5390
17967.8,21268.5,18557.7,21759.9,0.5389
4560.3,32329.4,5117.3,32684.1,0.5389
25280.0,1601.5,25418.7,1905.0,0.5389
5539.3,6639.8,6074.7,7028.7,0.5389
7127.0,26000.6,7663.8,26560.0,0.5388
18724.6,38732.7,19198.7,39039.7,0.5388
6080.0,9511.7,6220.1,9600.0,0.5387
15360.0,37941.5,15660.8,38395.7,0.5387
20800.0,15109.5,21438.5,15352.7,0.5385
16201.4,17065.8,16637.1,17597.9,0.5385
19999.3,37139.1,20160.0,37719.2,0.5383
12862.9,10333.2,13437.7,10558.6,0.5382
8522.5,48004.5,8640.0,48308.0,0.5381
19157.6,23886.2,19519.4,24319.2,0.5381
26560.0,24961.8,26846.8,25270.8,0.5381
25049.7,38584.3,25600.0,39039.0,0.5380
18326.8,49600.0,18877.2,50131.8,0.5380
20488.5,24002.0,21115.2,24311.5,0.5380
15680.0,37120.5,16150.5,37209.8,0.5378
4904.5,631.4,5435.7,960.0,0.5378
26562.3,7075.4,26694.2,7357.0,0.5378
3008.8,9938.7,3198.6,10181.1,0.5377
28658.0,24027.4,28785.5,24320.0,0.5376
16098.4,34787.0,16639.4,35200.0,0.5376
19127.6,14209.0,19520.0,14400.0,0.5376
10776.3,11544.5,10876.0,11664.9,0.5376
9617.3,36490.5,10238.9,36936.3,0.5375
21908.7,47685.6,22080.0,48133.2,0.5375
12315.8,30971.1,12479.0,31040.0,0.5375
6798.6,2795.2,7360.0,3199.7,0.5374
27147.0,25870.3,27200.0,26176.5,0.5374
23040.1,26533.5,23680.0,26880.0,0.5374
19843.4,43447.4,19971.2,43839.5,0.5374
15061.2,42561.4,15679.5,42907.5,0.5374
19608.6,29578.5,19792.5,29760.0,0.5373
23166.6,28534.4,23359.1,28886.1,0.5373
18459.1,12327.2,18868.5,12677.4,0.5372
24275.5,38400.0,24559.8,38663.7,0.5372
27841.5,42240.8,28108.8,42332.7,0.5370
13264.2,18447.5,13756.6,18880.0,0.5370
24673.4,37370.1,24798.0,37440.0,0.5369
8724.3,27531.1,9271.2,27935.5,0.5368
9280.0,10241.6,9770.3,10880.0,0.5368
23368.5,46630.8,24000.0,47040.0,0.5368
26651.9,22308.5,26876.6,22400.0,0.5367
22080.0,47675.5,22718.8,47986.1,0.5367
26563.0,28161.1,26880.0,28649.0,0.5366
28355.5,4167.1,28927.8,4480.0,0.5366
24643.7,39381.5,25115.3,39680.0,0.5365
17711.4,22977.6,17918.7,23040.0,0.5365
21482.6,26146.2,22080.0,26560.0,0.5365
28288.0,23443.6,28487.7,23803.7,0.5364
6589.6,35205.2,6720.0,35726.2,0.5364
25729.6,24003.4,25842.0,24553.9,0.5364
11303.8,36656.6,11837.3,36799.4,0.5363
26758.5,965.0,27200.0,1133.4,0.5363
28623.9,31362.9,28799.5,31455.0,0.5361
27520.0,41935.9,27791.4,42272.0,0.5361
17740.5,37556.3,17840.7,38080.0,0.5361
28586.0,23273.6,28800.0,23680.0,0.5359
20374.8,18808.4,20479.9,19200.0,0.5359
28001.5,50643.2,28477.5,50855.1,0.5359
15268.4,27628.1,15359.6,28083.7,0.5358
23683.8,18760.2,23859.3,19199.8,0.5357
24885.2,29828.0,24960.0,30079.4,0.5357
12988.3,50107.0,13435.9,50560.0,0.5354
16341.5,15552.0,16637.9,15958.4,0.5354
24308.0,10978.9,24401.7,11090.6,0.5354
8067.3,26961.5,8253.8,27199.0,0.5351
11208.5,46308.5,11837.3,46715.3,0.5351
21769.3,1925.4,22079.6,2282.8,0.5351
12152.7,36351.3,12224.8,36800.0,0.5351
11520.0,34240.9,11875.4,34395.1,0.5350
28830.7,24321.7,28927.2,24922.2,0.5349
11409.4,9922.8,11836.5,10256.3,0.5349
22723.7,28197.0,22808.5,28745.8,0.5347
19765.2,34240.0,20160.0,34429.7,0.5347
27204.9,17278.2,27840.0,17600.0,0.5346
17712.4,26157.5,18017.7,26560.0,0.5346
24050.2,50469.8,24577.2,50879.4,0.5346
18493.3,26561.4,18608.2,26740.1,0.5344
8321.7,34563.2,8955.4,34960.0,0.5343
18881.9,28166.4,19032.2,28727.1,0.5342
9299.0,26255.4,9916.2,26687.2,0.5342
5446.9,13661.1,5896.0,14080.0,0.5342
22534.9,7118.5,22626.6,7237.0,0.5342
7041.1,8058.8,7237.5,8319.5,0.5341
18561.8,14104.3,18671.2,14322.2,0.5341
18073.0,3200.0,18239.6,3388.1,0.5341
13205.3,30902.8,13757.7,31355.7,0.5341
26259.1,888.6,26878.5,1280.0,0.5339
11930.7,33749.2,12478.9,34237.2,0.5338
8005.8,9600.0,8461.1,9806.1,0.5338
5120.0,8460.6,5260.5,8640.0,0.5337
12035.3,36992.0,12202.4,37438.5,0.5336
13556.5,12419.2,14073.3,12799.1,0.5336
25281.3,31256.3,25528.2,31680.0,0.5336
13761.0,14889.0,13872.9,15040.0,0.5336
17657.3,5001.8,18239.6,5401.5,0.5335
16056.9,49301.7,16638.8,49798.7,0.5335
20164.0,18560.0,20649.9,19005.1,0.5335
28289.0,22720.0,28371.2,22906.5,0.5335
27145.8,41564.1,27519.7,41920.0,0.5334
20472.5,44015.1,20546.9,44478.9,0.5334
2880.0,8552.5,3130.3,8960.0,0.5333
10661.8,25139.0,11188.8,25598.1,0.5332
20160.0,24971.3,20287.3,25387.9,0.5332
13452.9,33181.1,14080.0,33600.0,0.5332
15044.4,22300.9,15344.4,22720.0,0.5332
27397.6,44150.1,27840.0,44480.0,0.5331
12815.7,24227.8,13437.1,24640.0,0.5331
20823.5,30386.7,21437.3,30720.0,0.5331
20031.4,42511.3,20160.0,42560.0,0.5331
9047.4,34942.4,9279.7,35255.8,0.5330
24962.0,41242.6,25391.8,41600.0,0.5330
13859.2,42437.8,14399.4,42875.3,0.5330
14084.0,22400.0,14565.3,22844.7,0.5329
9780.3,30287.5,9919.9,30399.9,0.5328
6400.6,12803.3,6739.4,12964.5,0.5328
27378.3,11902.8,27449.7,12127.8,0.5327
6241.4,7040.2,6399.0,7243.0,0.5326
28206.7,1999.7,28799.0,2399.6,0.5326
20361.4,40246.7,20480.0,40640.0,0.5323
3185.9,12480.1,3519.4,12972.1,0.5323
21121.5,16979.9,21758.2,17280.0,0.5322
14063.8,25510.8,14399.5,25871.9,0.5321
27622.8,3369.5,28152.7,3838.0,0.5320
1351.3,12482.8,1916.2,12948.3,0.5319
18391.5,34161.4,18473.6,34560.0,0.5317
27520.0,25334.2,28160.0,25605.9,0.5317
4.1,1921.6,456.3,2050.4,0.5316
28297.9,16850.6,28699.4,16960.0,0.5315
24028.0,20571.4,24117.4,21114.0,0.5314
27840.0,16649.7,27907.9,16805.5,0.5313
16323.1,36271.6,16550.7,36800.0,0.5313
13823.7,31971.4,14397.5,32320.0,0.5313
14185.0,14604.6,14716.5,15036.3,0.5313
8448.8,35842.8,8639.1,36028.0,0.5312
26241.7,42606.5,26340.1,42961.2,0.5311
27584.8,1282.4,27742.8,1411.0,0.5310
16021.4,38769.1,16638.2,38904.1,0.5310
11200.0,7360.6,11632.9,7545.9,0.5309
8961.7,26656.0,9304.9,26751.5,0.5307
12181.2,40119.0,12386.1,40640.0,0.5306
26608.2,45010.6,27200.0,45440.0,0.5305
22764.9,5760.0,23359.6,6229.2,0.5305
9600.0,41698.2,9932.6,41889.6,0.5304
18682.5,33536.1,18745.8,33920.0,0.5304
10957.9,38360.9,11517.3,38716.6,0.5303
8349.5,44673.6,8957.5,45118.6,0.5303
2629.3,8566.7,3183.4,8956.8,0.5303
19258.2,38720.0,19332.1,39235.6,0.5302
16591.3,3398.1,16960.0,3840.0,0.5301
25590.3,45760.0,25920.0,46326.6,0.5301
16640.0,25081.7,16974.0,25599.6,0.5300
14919.1,2351.2,15031.6,2560.0,0.5300
14254.8,50446.8,14398.0,50559.8,0.5299
16367.4,25163.4,16957.6,25599.9,0.5298
12160.0,7862.9,12795.1,8310.7,0.5298
20817.9,7598.8,21440.0,8000.0,0.5296
12246.5,17797.1,12790.9,18206.6,0.5296
27470.9,14531.6,27840.0,15033.4,0.5294
26038.5,679.7,26560.0,1091.7,0.5294
1697.0,8642.4,2238.5,9142.3,0.5293
4801.5,28581.7,4871.1,28798.0,0.5292
18924.4,39361.5,19085.1,39480.2,0.5291
25803.9,43340.8,25920.0,43830.4,0.5291
14161.2,44959.1,14715.9,45435.2,0.5291
13154.7,42077.5,13754.2,42557.5,0.5290
19291.7,50575.9,19837.8,51083.1,0.5290
11200.4,41921.8,11838.0,42032.5,0.5288
22082.0,23002.4,22715.5,23360.0,0.5287
26342.8,47268.1,26878.7,47680.0,0.5287
27520.0,20928.2,28159.4,21246.2,0.5287
28380.7,41181.4,28479.5,41524.9,0.5287
23370.7,7360.6,23996.9,7819.7,0.5286
21018.7,44811.4,21084.0,45181.8,0.5285
8960.3,37573.0,9138.7,38080.0,0.5284
21886.1,3323.7,22399.4,3836.5,0.5283
14126.8,25282.6,14716.0,25694.7,0.5283
1787.7,14080.4,1920.0,14170.9,0.5282
11374.7,6082.9,11711.4,6282.1,0.5281
7040.0,41627.7,7236.9,42003.8,0.5281
9602.4,36875.5,10238.3,37120.0,0.5281
961.2,3433.4,1597.8,3840.0,0.5281
23459.7,30726.6,23992.8,31300.3,0.5281
25094.7,46926.4,25598.1,47360.0,0.5280
25444.5,25425.7,25517.7,25528.0,0.5280
12278.4,7365.6,12800.0,7915.0,0.5280
19595.5,39040.0,20160.0,39344.9,0.5280
24338.2,2908.4,24640.0,3376.3,0.5280
26615.0,37760.0,27196.4,37951.9,0.5279
18996.2,13125.9,19504.8,13635.9,0.5279
6230.8,37447.3,6302.9,37968.7,0.5279
25548.4,45350.6,25687.2,45753.4,0.5279
17743.7,8246.6,18236.4,8640.0,0.5279
26137.8,41278.7,26560.0,41600.0,0.5279
21760.8,8000.8,22031.6,8195.4,0.5278
25920.0,34360.7,26064.4,34880.0,0.5277
28630.3,27134.5,28799.6,27200.0,0.5276
24864.9,50826.6,24971.0,51120.7,0.5276
24000.0,45136.5,24637.0,45432.2,0.5276
15646.3,21761.5,16000.0,22220.6,0.5276
22381.9,37202.3,22488.9,37330.2,0.5276
8090.3,35201.5,8638.2,35756.8,0.5275
21372.1,25504.7,21760.0,25920.0,0.5275
23680.9,37120.0,23844.9,37426.2,0.5274
28342.8,35965.5,28862.5,36479.0,0.5274
20439.4,13954.9,20800.0,14398.4,0.5271
14921.5,14306.3,15356.3,14720.0,0.5269
13457.7,30358.5,14076.8,30720.0,0.5269
18690.1,11954.0,18879.7,12160.0,0.5269
26143.6,43530.3,26240.0,43811.2,0.5267
8094.9,32000.9,8318.0,32420.5,0.5267
15742.9,27990.0,15851.9,28480.0,0.5266
13120.0,38091.0,13192.9,38494.2,0.5264
152.9,9729.9,640.0,10240.0,0.5264
28530.2,44802.5,28928.0,44900.3,0.5263
14667.3,30720.6,15040.0,31215.7,0.5263
13136.2,3175.9,13756.8,3518.8,0.5261
27284.7,31680.5,27518.3,31960.2,0.5260
25282.4,28839.3,25375.9,29254.6,0.5260
14400.0,23684.0,14767.5,24144.7,0.5260
24265.9,38439.4,24320.0,38684.3,0.5259
18106.2,41280.4,18240.0,41843.5,0.5259
19272.9,38084.1,19498.9,38275.6,0.5258
15041.8,3548.4,15676.0,3840.0,0.5255
15718.1,26945.2,15883.4,27520.0,0.5255
19638.0,14277.5,20156.5,14716.6,0.5254
15563.3,11844.5,16000.0,12238.9,0.5251
6132.0,13764.4,6400.0,14072.8,0.5251
1648.9,45674.0,2235.9,46077.1,0.5251
27535.6,8642.2,28160.0,8827.9,0.5251
8118.8,46921.6,8319.7,47353.9,0.5250
3433.6,12480.0,3839.6,12947.1,0.5249
24799.9,3260.0,24959.6,3518.8,0.5247
4214.1,11417.0,4798.3,11836.5,0.5247
17505.4,43840.0,17599.6,43956.0,0.5246
24210.7,19201.7,24318.6,19411.3,0.5246
13834.0,14954.8,14400.0,15360.0,0.5246
13584.1,20800.0,14080.0,21285.8,0.5245
11525.6,48969.8,11974.4,49280.0,0.5244
26400.2,34862.8,26876.5,35200.0,0.5244
22435.4,33765.8,23037.2,34238.2,0.5243
20002.5,28691.4,20158.9,28800.0,0.5242
13772.7,31701.6,14400.0,32000.0,0.5241
18884.6,38518.6,19095.4,38726.3,0.5241
26563.7,11839.3,27184.9,12155.6,0.5240
21467.3,28160.3,22078.5,28580.4,0.5240
25916.4,26817.5,25989.9,27199.8,0.5239
20888.2,33951.2,21011.3,34303.2,0.5239
22720.0,2880.0,23041.9,3115.7,0.5239
28327.9,33180.3,28926.0,33594.9,0.5238
28605.2,43806.4,28711.3,44151.7,0.5238
26177.1,31178.6,26279.7,31678.8,0.5237
27840.0,16509.8,27907.3,16829.2,0.5237
24640.6,14822.0,24957.8,15040.0,0.5237
10006.3,18880.0,10556.8,19370.2,0.5237
27200.5,28494.9,27299.8,28562.9,0.5236
20564.5,29124.3,21119.0,29504.6,0.5235
16081.5,33931.3,16637.7,34299.0,0.5235
27571.4,4689.4,28159.6,5083.7,0.5234
15123.5,25606.6,15264.1,26146.0,0.5234
28246.7,31361.2,28473.9,31504.5,0.5233
23610.7,36162.2,24000.0,36650.4,0.5231
5150.7,14404.4,5440.0,14877.3,0.5231
22274.0,9473.7,22717.6,9917.8,0.5231
14480.9,16707.8,15035.0,17279.8,0.5231
13760.0,24249.6,13862.0,24631.5,0.5231
23831.3,18825.3,24000.0,19200.0,0.5231
3904.0,10361.2,4479.1,10880.0,0.5230
16528.3,30728.3,16640.0,31359.2,0.5229
17601.5,40640.9,17658.4,40738.7,0.5229
26880.0,39389.2,26985.0,39839.8,0.5229
12278.4,21698.8,12799.7,22080.0,0.5229
11200.0,40128.4,11443.5,40319.1,0.5228
24010.8,44544.3,24638.1,44800.0,0.5228
22866.7,11424.0,23299.4,11840.0,0.5228
25384.9,16642.0,25600.0,17214.9,0.5226
24609.5,24216.6,24959.5,24640.0,0.5226
25609.8,658.1,26154.6,1123.4,0.5225
23534.0,5761.5,23991.9,5967.0,0.5225
3636.6,2458.1,4156.5,2880.0,0.5223
18766.5,41494.6,19197.5,41920.0,0.5222
16415.7,8497.2,16949.7,8959.3,0.5222
25920.0,9891.8,26556.5,10240.0,0.5221
8465.3,9095.9,8960.0,9455.6,0.5221
26994.2,50438.4,27519.4,50631.7,0.5220
14498.1,33600.1,15040.0,33993.9,0.5219
24059.9,18142.2,24632.4,18557.0,0.5218
7756.0,8963.9,8306.2,9448.7,0.5217
28573.0,7041.6,28928.0,7111.5,0.5217
8063.2,38720.0,8635.4,39213.5,0.5216
21532.3,30412.9,21756.0,30710.5,0.5216
22720.9,4077.2,23177.7,4480.0,0.5216
12800.0,42495.9,12888.0,42875.0,0.5215
3184.0,10905.9,3493.7,11223.3,0.5213
27465.0,7593.2,27840.0,7679.9,0.5212
25801.9,28733.6,26237.5,29120.0,0.5212
28162.8,39776.1,28318.6,39999.7,0.5212
16010.3,231.4,16639.0,640.0,0.5212
26007.1,13678.0,26554.0,14049.5,0.5212
20347.2,45178.0,20799.2,45760.0,0.5212
17922.9,43202.5,18388.5,43614.2,0.5211
8194.1,14080.1,8319.4,14146.0,0.5209
25281.6,25449.9,25337.4,25556.8,0.5209
7074.5,19552.6,7675.2,19840.0,0.5208
13986.9,26711.1,14080.0,27186.2,0.5208
18265.1,1561.5,18875.4,1920.0,0.5206
8338.0,27742.7,8960.0,28160.0,0.5206
18268.8,41590.8,18789.8,41920.0,0.5205
8740.3,41141.1,9278.0,41596.7,0.5203
26199.8,33283.9,26548.6,33765.8,0.5203
17347.8,11362.7,17917.8,11827.7,0.5203
10642.2,30724.5,11195.3,31216.8,0.5203
27603.1,28137.1,28158.9,28480.0,0.5200
26261.4,16001.3,26879.6,16099.2,0.5200
13489.8,38720.7,13708.3,38785.5,0.5200
18345.7,27022.6,18879.5,27518.6,0.5199
20161.1,32645.1,20272.9,32795.5,0.5198
25936.5,22903.2,26556.7,23351.9,0.5198
26883.7,29122.1,27093.3,29361.9,0.5197
25920.0,38407.6,26034.7,38827.0,0.5197
19207.2,17113.0,19834.7,17599.7,0.5197
22422.1,45134.9,23034.8,45615.3,0.5196
12800.0,18061.8,13230.0,18459.9,0.5196
8698.8,33603.0,8859.3,34118.6,0.5195
27892.8,42075.5,28476.5,42555.0,0.5195
28591.8,44392.4,28799.3,44478.8,0.5194
12867.0,32820.5,13438.4,33257.2,0.5194
23732.8,33386.3,23996.4,33920.0,0.5194
17156.0,13317.8,17277.4,13439.5,0.5194
28330.1,50197.5,28534.0,50528.8,0.5193
8331.0,7816.8,8640.0,8317.0,0.5191
6631.0,15360.9,7039.5,15537.2,0.5190
26489.2,27520.7,26560.0,27787.8,0.5189
17697.1,35714.7,18240.0,36160.0,0.5188
24998.6,12160.2,25600.0,12454.2,0.5188
16320.7,38983.4,16581.6,39360.0,0.5187
21563.2,1032.0,22064.0,1336.8,0.5186
25990.8,4805.7,26240.0,5126.1,0.5186
8953.8,45022.2,9278.2,45440.0,0.5185
20773.7,26122.6,21120.0,26558.0,0.5185
12160.3,50444.8,12800.0,50876.9,0.5184
23552.0,15361.1,23622.2,15865.3,0.5184
23318.1,15360.0,23642.0,15831.8,0.5183
1304.9,47636.3,1918.6,48000.0,0.5183
17691.4,11201.9,18138.8,11418.7,0.5183
11553.2,48648.6,12157.2,48986.0,0.5183
7740.5,37930.6,8317.4,38397.6,0.5182
18126.8,47040.6,18240.0,47146.1,0.5182
8980.8,28080.4,9600.0,28478.0,0.5181
28300.3,28813.7,28358.7,28964.2,0.5180
27247.1,45318.7,27838.6,45760.0,0.5180
23687.9,23360.0,24317.4,23769.4,0.5179
20480.0,19841.8,20966.2,20091.2,0.5179
13732.9,48337.3,14078.8,48640.0,0.5179
19150.9,38402.9,19216.2,38766.9,0.5179
13278.2,49470.4,13439.5,49600.0,0.5178
24034.1,8069.6,24307.2,8460.4,0.5178
23707.5,9531.6,24320.0,9914.6,0.5178
16342.5,1372.1,16640.0,1598.9,0.5177
13245.2,28048.2,13755.7,28480.0,0.5176
12802.4,2467.8,13315.2,2878.0,0.5176
22711.8,17920.0,23039.4,18421.6,0.5175
16011.4,28711.1,16267.2,29120.0,0.5174
17652.6,23041.3,17920.0,23360.0,0.5173
17130.4,38920.6,17596.0,39360.0,0.5173
9952.4,23807.4,10556.5,24320.0,0.5173
6400.0,34416.3,6476.3,34874.6,0.5173
3843.6,15695.6,4480.0,16000.0,0.5173
19879.8,50119.0,20475.7,50557.0,0.5172
24436.5,6415.0,24639.4,6828.5,0.5170
26691.3,15360.1,26879.5,15482.9,0.5170
27520.0,20800.0,28157.9,21089.5,0.5169
25240.8,25906.2,25599.8,26239.1,0.5169
28085.3,24009.7,28233.2,24222.5,0.5168
28446.4,32183.6,28799.3,32318.1,0.5168
24713.2,22722.3,24900.0,23219.2,0.5167
9671.9,8642.5,10234.1,9072.4,0.5167
13709.4,21760.7,13760.0,21906.1,0.5166
22732.8,20216.0,23040.0,20480.0,0.5166
11065.5,19415.6,11200.0,19520.0,0.5166
16320.0,34817.7,16384.6,35195.7,0.5166
27080.7,16862.9,27199.7,16960.0,0.5165
17872.3,3471.7,18230.4,3840.0,0.5165
27250.9,12305.1,27323.6,12781.8,0.5164
26563.8,31460.0,26781.7,32000.0,0.5164
15333.5,23429.8,15461.5,23998.2,0.5163
15137.0,40482.2,15678.6,40959.5,0.5163
16550.2,37120.7,16960.0,37615.3,0.5163
15438.5,26253.8,15512.2,26768.6,0.5162
15436.2,19201.9,15494.5,19589.0,0.5161
4550.3,8885.6,5108.1,9280.0,0.5160
17600.3,4801.5,18042.1,5030.8,0.5159
25002.6,35539.7,25279.4,35930.5,0.5159
28116.8,38400.8,28465.0,38529.7,0.5159
27466.6,48118.7,27602.7,48178.7,0.5159
10196.0,8640.5,10560.0,8912.7,0.5158
12298.7,22829.9,12798.8,23357.7,0.5156
4514.5,46000.4,5117.0,46400.0,0.5156
26148.5,33678.6,26239.6,33918.8,0.5156
8708.8,40640.7,8810.0,40736.7,0.5156
12480.2,23328.9,13118.2,23680.0,0.5155
17754.1,31680.0,18229.3,32114.2,0.5154
15052.9,31040.0,15360.0,31563.9,0.5153
5836.9,4465.7,6393.9,4799.7,0.5152
12160.1,51125.0,12388.6,51199.3,0.5152
25600.0,44296.4,25723.1,44800.0,0.5152
17602.7,34476.1,18130.7,34879.3,0.5152
12485.2,16960.0,13104.6,17459.3,0.5151
18241.3,16468.5,18554.2,16733.7,0.5149
15613.5,24000.0,15739.6,24494.0,0.5148
7360.0,25924.9,7699.2,26288.7,0.5148
11861.5,45281.0,12480.0,45746.2,0.5145
28072.8,48656.4,28257.2,49001.8,0.5144
28161.0,44012.3,28257.1,44477.8,0.5144
24993.5,19381.2,25597.0,19836.6,0.5143
14271.4,35110.0,14399.8,35200.0,0.5142
19333.5,38667.7,19520.0,39038.2,0.5141
25601.6,49071.4,25803.6,49600.0,0.5140
17031.8,45286.5,17600.0,45753.0,0.5139
23674.1,29761.3,23994.1,29890.4,0.5139
17155.6,34672.7,17280.0,35189.8,0.5139
15319.9,28164.6,15445.6,28583.3,0.5138
15995.3,30720.0,16140.8,31360.0,0.5137
11544.2,28750.5,12158.8,29120.0,0.5136
12480.0,46970.8,12613.0,47040.0,0.5136
21550.8,22813.1,21760.0,22931.4,0.5136
19860.5,16792.4,20479.6,17105.5,0.5136
18828.6,40861.8,18913.3,41280.0,0.5135
18004.4,32031.7,18366.3,32320.0,0.5134
26602.3,19200.0,27195.1,19738.0,0.5134
18880.0,46402.3,19005.0,46650.4,0.5134
24225.5,18385.6,24621.3,18880.0,0.5132
22402.1,48320.6,22850.8,48429.3,0.5132
26904.1,17174.4,27518.1,17599.1,0.5132
12193.8,11454.6,12480.0,11840.0,0.5132
28686.0,49920.9,28926.4,50045.2,0.5131
25283.4,39031.0,25919.8,39360.0,0.5130
24405.5,21462.0,24946.5,21919.2,0.5130
23573.5,11521.6,23990.2,12037.0,0.5130
13760.2,45765.4,14094.1,46201.4,0.5130
11520.0,41280.0,11878.6,41424.8,0.5130
8684.9,42561.4,9275.1,42967.7,0.5129
14400.5,48001.1,14735.7,48461.8,0.5127
14821.4,38080.2,15115.2,38298.0,0.5127
3200.0,10328.9,3840.0,10560.0,0.5126
19945.3,19430.7,20160.0,19518.4,0.5125
18006.4,2400.8,18551.0,2874.3,0.5125
19157.5,17420.9,19520.0,17916.3,0.5124
28252.2,45658.8,28799.6,46078.6,0.5123
3840.0,29226.9,4207.5,29760.0,0.5123
10254.6,3521.8,10872.1,4143.8,0.5122
26880.0,25280.7,27273.8,25460.6,0.5122
25834.7,42657.2,25919.2,42878.7,0.5120
17280.0,40464.3,17480.4,40765.2,0.5120
15467.1,34240.0,15993.5,34659.2,0.5119
14601.6,12800.0,15039.6,13252.9,0.5118
20532.1,24273.7,21111.3,24640.0,0.5118
26587.8,47201.7,27199.4,47673.2,0.5117
6475.9,33450.6,6559.6,33913.7,0.5116
18257.6,41521.7,18395.6,41920.0,0.5115
17622.9,45651.9,18239.5,46077.6,0.5115
28160.0,31282.9,28242.2,31628.9,0.5114
20334.4,13763.3,20480.0,14173.4,0.5114
8519.8,8685.7,8960.0,8960.0,0.5114
15607.2,15530.8,15990.3,16000.0,0.5114
19012.5,34880.2,19200.0,35450.4,0.5114
27522.4,814.8,27661.0,1192.0,0.5112
28738.9,33920.0,28923.9,33976.6,0.5112
13787.7,43671.7,13895.5,44159.9,0.5112
6400.0,30100.8,6586.5,30520.8,0.5112
7608.5,14081.4,7998.7,14187.6,0.5111
12500.8,21441.7,13120.0,21759.9,0.5110
25955.9,35042.9,26148.7,35515.9,0.5108
25755.8,42679.1,25813.6,43195.8,0.5108
17384.2,32088.8,17599.8,32319.6,0.5106
8009.2,26173.4,8640.0,26560.0,0.5105
19200.4,31316.1,19754.9,31676.1,0.5104
24977.9,34982.5,25280.0,35520.0,0.5104
18560.5,39360.0,19041.3,39844.6,0.5103
18985.0,6493.5,19518.1,6720.0,0.5102
1012.5,10759.9,1585.0,11200.0,0.5100
26376.5,40561.6,26817.4,40960.0,0.5100
4887.6,13907.0,5438.3,14400.0,0.5100
2292.4,2246.4,2880.0,2650.2,0.5100
24811.6,49188.5,24960.0,49280.0,0.5099
19287.1,24324.1,19374.1,24814.8,0.5098
19258.3,44076.4,19839.6,44480.0,0.5097
26173.2,24427.5,26560.0,24726.3,0.5096
15360.8,46652.9,15996.9,47040.0,0.5095
26337.5,39264.0,26445.0,39678.6,0.5095
27255.6,12162.3,27322.3,12594.8,0.5094
25623.7,37009.7,25850.8,37120.0,0.5093
9005.3,30127.4,9600.0,30400.0,0.5093
21198.7,10262.2,21756.9,10707.8,0.5092
27204.3,40008.7,27660.4,40438.9,0.5092
4212.7,2987.0,4479.8,3483.0,0.5092
17936.3,39112.9,18032.4,39676.0,0.5091
25648.5,24221.4,26110.0,24640.0,0.5091
21252.2,18662.8,21747.5,19200.0,0.5090
5443.0,5773.9,5583.4,6078.5,0.5089
10428.4,31819.7,10560.0,32000.0,0.5089
10281.6,37127.6,10877.9,37398.4,0.5088
2654.3,39837.3,3195.0,40316.6,0.5088
26789.6,20519.8,26880.0,20799.2,0.5088
24791.1,39684.2,24957.9,40273.8,0.5088
16640.0,39894.2,16762.7,40316.3,0.5087
27550.3,25877.2,27845.6,26061.2,0.5087
22149.9,32320.0,22400.0,32900.4,0.5086
19599.6,33282.1,19840.0,33409.1,0.5085
9287.7,41127.5,9916.8,41600.0,0.5085
6177.3,35449.5,6291.8,35839.5,0.5085
7456.8,12499.4,7999.5,12944.5,0.5084
19310.8,44804.9,19833.1,45279.5,0.5084
17601.6,26752.0,17834.6,27196.7,0.5083
26697.8,25709.7,26879.5,25918.8,0.5083
18955.2,3703.2,19515.2,4158.6,0.5081
26880.0,45025.6,27033.2,45118.5,0.5081
22080.8,32020.4,22709.9,32320.0,0.5081
10222.3,3520.0,10560.0,4040.0,0.5080
22694.0,20482.5,23040.0,20999.2,0.5077
11948.1,30921.8,12475.8,31360.0,0.5077
18330.1,26560.0,18523.5,26762.3,0.5076
14400.0,41281.7,14734.9,41418.5,0.5075
28408.6,42568.4,28480.0,43116.8,0.5075
23814.2,23680.6,23999.8,23860.1,0.5074
25669.6,38066.6,25827.8,38400.0,0.5074
8063.9,5661.4,8636.9,6080.0,0.5074
13219.9,12902.7,13754.7,13438.8,0.5072
25921.0,34357.8,26122.2,34560.0,0.5072
20182.7,49818.6,20797.3,50240.0,0.5072
6169.2,28886.9,6400.0,29440.0,0.5072
6466.0,32230.0,6543.9,32640.0,0.5071
24000.0,33601.3,24313.2,33809.0,0.5071
6548.1,33478.4,7040.0,33919.5,0.5071
28487.8,16011.1,28901.0,16349.2,0.5070
21120.5,4801.0,21214.8,4906.2,0.5069
17818.2,44107.5,17920.0,44480.0,0.5067
11520.0,27516.0,12160.0,27840.0,0.5067
10880.0,11840.5,11520.0,11993.2,0.5067
24002.5,34196.5,24076.3,34557.6,0.5066
10560.2,12482.2,10704.1,12608.9,0.5064
21773.0,13442.6,22396.6,13724.7,0.5063
16297.6,30932.3,16414.1,31355.6,0.5063
26368.3,13440.3,26490.1,13524.6,0.5063
7360.9,982.6,7469.4,1279.5,0.5063
24384.2,2962.8,24636.7,3199.2,0.5063
26320.0,37986.9,26558.0,38080.0,0.5062
15680.0,16226.8,15750.6,16637.4,0.5059
25432.7,47158.3,25920.0,47677.2,0.5059
26399.9,34578.2,26880.0,35071.1,0.5059
3295.2,47361.1,3838.7,47803.0,0.5059
18712.3,31696.5,18879.6,31934.5,0.5059
332.2,9920.8,958.3,10225.0,0.5058
20563.7,50583.3,20796.5,50871.9,0.5057
16725.5,23367.7,16786.3,23689.1,0.5057
11565.7,2447.6,11839.9,2560.0,0.5056
18560.0,16116.9,18675.8,16637.3,0.5056
5187.0,23360.0,5754.6,23863.9,0.5056
18507.5,34562.9,18880.0,35042.2,0.5053
17428.3,42952.3,17915.6,43520.0,0.5052
21325.9,23049.6,21439.6,23623.7,0.5052
14946.9,22241.4,15027.6,22708.9,0.5051
24825.7,19843.8,24959.2,20139.0,0.5051
10466.6,30159.2,10559.4,30597.4,0.5050
18962.4,18356.8,19518.4,18877.2,0.5050
4536.3,2561.6,5118.4,3026.8,0.5049
5565.3,4165.5,6080.0,4658.1,0.5048
15851.7,27922.2,15995.8,28160.0,0.5047
22080.8,1817.9,22412.3,2227.2,0.5047
11916.4,4369.1,12476.4,4800.0,0.5046
14943.0,23670.8,15039.5,24000.0,0.5044
25610.7,38088.2,25782.3,38400.0,0.5044
18478.1,19079.1,18559.9,19200.0,0.5044
16126.4,9283.1,16634.9,9661.2,0.5043
11555.1,10565.6,11840.0,11088.7,0.5043
19351.5,25068.6,19519.7,25598.2,0.5043
18880.0,31693.6,19008.7,32183.4,0.5043
15040.0,26803.1,15134.2,27200.0,0.5042
1112.8,322.5,1279.5,501.9,0.5042
10771.5,31587.1,10880.0,32000.0,0.5041
20800.4,22081.7,21041.2,22360.9,0.5040
12061.0,35425.0,12160.0,35839.6,0.5040
16684.4,26472.8,17168.9,26880.0,0.5040
26638.6,3287.8,27196.8,3840.0,0.5040
11600.8,10560.4,12159.7,11055.1,0.5040
1431.9,8464.6,1912.1,8957.4,0.5039
3620.0,21629.7,4153.4,22079.1,0.5037
28660.9,15046.4,28739.7,15500.4,0.5037
24165.5,32212.6,24318.8,32640.0,0.5037
24961.3,40962.2,25087.6,41136.7,0.5036
23046.8,26732.1,23679.3,27191.2,0.5035
1086.1,13908.9,1597.3,14394.0,0.5034
18319.7,20166.0,18877.2,20686.3,0.5032
18471.4,26250.3,18856.9,26693.8,0.5032
27200.0,50188.0,27376.8,50230.4,0.5032
26631.3,4481.3,27188.3,4698.3,0.5031
11926.7,3225.2,12159.3,3678.2,0.5031
14739.3,8334.5,14994.5,8521.4,0.5030
25413.4,48394.6,25598.9,48640.0,0.5029
19145.8,43105.3,19509.8,43520.0,0.5029
18660.9,43744.8,19192.2,44160.0,0.5029
24961.5,36801.7,25115.1,36924.9,0.5029
11838.1,5762.0,12157.7,5918.7,0.5028
10092.7,10240.3,10238.9,10410.9,0.5028
15310.3,37766.2,15680.0,38118.5,0.5026
26784.4,23540.2,27200.0,23680.0,0.5025
6947.9,37520.3,7039.9,37759.6,0.5025
7437.4,9433.4,7679.8,9600.0,0.5024
21813.0,23588.5,22395.4,24000.0,0.5023
16962.2,25265.8,17050.0,25599.6,0.5023
9605.4,40374.0,10239.9,40640.0,0.5023
7040.0,33433.3,7464.5,33918.6,0.5022
12365.5,16558.0,12479.8,16640.0,0.5021
28464.1,50197.2,28539.5,50532.8,0.5021
16960.6,38980.4,17201.4,39360.0,0.5021
16671.2,16151.8,17277.7,16639.1,0.5020
28757.5,39310.8,28843.0,39680.0,0.5018
28205.3,26012.6,28480.0,26188.3,0.5018
16502.0,23579.8,16957.9,24000.0,0.5018
22480.2,48460.8,22720.0,48951.1,0.5017
8402.7,10687.4,8640.0,10879.2,0.5016
6469.1,12483.7,7039.4,12993.9,0.5015
13178.3,10404.5,13751.6,10874.9,0.5015
22720.0,45780.6,23205.1,46399.7,0.5014
19799.6,29121.8,20160.0,29528.8,0.5013
18275.3,24967.5,18396.8,25442.2,0.5012
14720.0,17600.0,15220.2,18086.0,0.5012
677.2,13440.0,960.0,13615.7,0.5012
12983.7,42457.1,13120.0,42560.0,0.5012
15573.4,38720.0,15813.1,38758.9,0.5010
18941.8,15127.5,19198.2,15357.6,0.5010
17623.0,17428.7,18240.0,17787.7,0.5010
20314.8,45121.5,20479.7,45593.3,0.5010
27541.8,10240.0,27826.8,10394.2,0.5009
22934.8,22310.9,23359.3,22718.8,0.5008
10963.9,35520.0,11200.0,35550.9,0.5008
25280.0,34882.2,25643.7,35357.9,0.5005
16002.8,2309.8,16319.9,2559.9,0.5004
17092.0,34682.5,17599.3,35197.4,0.5004
10343.0,328.0,10558.8,760.8,0.5003
23742.5,27388.1,24317.8,27840.0,0.5002
26894.3,48001.0,27519.1,48103.1,0.5001
14799.4,48796.5,15357.0,49278.2,0.5001
20571.2,33268.3,20799.9,33599.2,0.5000
11940.7,28656.6,12469.1,29118.4,0.4999
24640.0,36658.1,25140.5,37117.1,0.4998
18015.5,41784.4,18300.1,42239.6,0.4997
3924.5,43083.3,4474.0,43519.9,0.4997
12490.1,24062.0,12799.7,24175.1,0.4996
18817.7,24597.2,18905.9,24960.0,0.4996
8963.1,2258.8,9100.4,2770.0,0.4996
15771.1,23284.3,15856.1,23680.0,0.4995
12566.6,36265.6,13118.7,36480.0,0.4995
27370.1,42603.7,27519.8,43195.7,0.4994
28693.8,9604.4,28928.0,9812.6,0.4993
4879.6,43989.9,5435.4,44479.5,0.4993
13764.6,3728.5,14397.4,4158.7,0.4992
1921.3,7041.4,2024.0,7124.6,0.4991
14006.7,45440.0,14080.0,45893.9,0.4991
11692.4,38111.0,11787.8,38249.6,0.4990
28720.7,30335.6,28800.0,30720.0,0.4990
21440.3,30875.4,21501.5,31040.0,0.4990
21067.1,38031.0,21437.3,38397.1,0.4990
25756.1,28640.6,25852.1,29118.5,0.4990
5121.5,11840.3,5355.4,11948.0,0.4990
28288.0,383.3,28473.5,759.9,0.4989
26240.0,11173.2,26374.4,11520.0,0.4989
19516.6,35798.9,19579.0,36155.5,0.4988
10564.0,30940.0,10879.4,31360.0,0.4988
16002.1,14724.5,16578.2,15185.4,0.4987
13760.0,43200.0,14121.2,43320.9,0.4987
8291.1,47370.0,8640.0,47821.7,0.4985
23686.7,14466.4,24319.8,14720.0,0.4985
27204.3,13761.2,27686.6,14159.3,0.4985
26946.2,27524.8,27517.1,27946.6,0.4984
10991.4,35576.8,11518.3,35840.0,0.4984
15040.0,41495.9,15299.7,41600.0,0.4984
26019.0,45128.0,26555.6,45664.3,0.4983
24747.4,32495.0,25278.2,32956.2,0.4983
16916.2,33972.8,17065.2,34239.4,0.4982
15040.0,16095.9,15144.0,16640.0,0.4982
20518.0,26880.5,21116.5,27359.8,0.4982
18568.0,39613.6,18632.9,40000.0,0.4981
27840.0,25995.8,27975.6,26559.9,0.4981
23360.0,43246.6,23996.9,43586.1,0.4980
15360.0,31363.3,15780.8,31889.4,0.4980
21120.3,7361.2,21485.0,7551.5,0.4980
6538.6,10431.2,6720.0,10559.0,0.4979
15899.2,24866.5,16318.1,25280.0,0.4977
10179.1,30403.1,10560.0,30961.9,0.4975
25890.2,10563.8,26240.0,10812.9,0.4974
9233.0,9920.0,9600.0,10366.7,0.4974
15525.4,46622.2,15678.6,46720.0,0.4974
14720.9,42881.0,15152.3,43032.0,0.4974
19197.4,36631.5,19309.2,37120.0,0.4973
27520.9,36818.5,27757.7,36968.4,0.4972
19520.0,2801.8,20157.2,3200.0,0.4971
847.0,2211.9,959.9,2559.2,0.4971
21814.7,17397.8,22080.0,17919.4,0.4969
24987.5,27201.2,25280.0,27809.4,0.4969
8548.8,43521.8,8960.0,44027.7,0.4969
25111.9,34436.8,25596.6,34880.0,0.4969
18239.0,16001.2,18559.7,16087.6,0.4968
11308.6,29932.1,11839.0,30391.7,0.4967
24645.4,5124.6,25278.4,5624.8,0.4967
17238.6,31440.0,17573.3,31783.2,0.4966
21246.2,48961.5,21439.4,49373.8,0.4964
13760.0,18267.4,13863.8,18880.0,0.4964
27790.9,34262.2,28160.0,34742.7,0.4963
16423.3,29325.1,16953.9,29758.5,0.4963
11285.0,9017.3,11518.8,9436.9,0.4962
16305.1,20802.1,16362.2,21013.4,0.4962
17920.2,27201.6,18559.2,27418.0,0.4962
6749.8,32320.0,7356.6,32796.0,0.4960
17923.6,40441.0,18064.1,40960.0,0.4960
8091.4,963.2,8640.0,1447.5,0.4959
26176.5,36066.2,26559.1,36480.0,0.4959
18223.3,14901.9,18559.4,15038.3,0.4959
18699.7,12292.4,19164.2,12478.8,0.4958
20592.3,41941.1,20799.1,42330.0,0.4958
11346.3,29699.1,11439.8,30080.0,0.4957
15680.0,6721.7,15807.9,6994.4,0.4956
13120.4,50814.5,13758.4,51133.8,0.4956
14898.9,24323.3,15040.0,24844.5,0.4956
22173.4,47364.5,22319.5,47460.8,0.4956
18637.3,7680.5,19194.2,8087.2,0.4955
19680.7,42790.9,20160.0,43200.0,0.4955
19730.8,19661.5,19840.0,19832.3,0.4955
2880.0,47040.0,3009.6,47495.2,0.4954
18184.1,19634.4,18558.9,20160.0,0.4953
6510.0,3740.4,7036.9,4152.0,0.4952
7360.4,14728.6,7997.3,15182.9,0.4952
15712.4,48961.8,16115.4,49071.5,0.4951
10979.5,9130.5,11517.5,9599.1,0.4948
26560.0,11075.1,26685.6,11520.0,0.4948
19516.0,42560.0,19839.4,43022.6,0.4947
18241.4,44162.4,18614.5,44489.4,0.4947
19250.6,6142.5,19837.9,6705.4,0.4947
10241.9,33605.7,10617.7,34038.6,0.4947
12955.2,15045.2,13120.0,15412.8,0.4946
19520.0,29772.7,19646.8,30223.0,0.4945
20231.4,44482.2,20317.7,44982.9,0.4945
12126.5,37348.4,12202.2,37753.9,0.4945
19254.9,6.5,19838.8,509.4,0.4944
7360.0,10240.6,7680.8,10343.7,0.4944
15464.9,19264.0,15661.1,19840.0,0.4944
16246.9,29809.1,16514.7,30400.0,0.4944
25280.0,36683.8,25380.3,36779.7,0.4943
23182.3,11520.0,23360.0,12141.1,0.4943
16136.9,28480.5,16639.2,29015.4,0.4942
26335.0,38181.5,26560.0,38720.0,0.4942
18907.6,46703.4,19510.5,47040.0,0.4941
13762.7,25013.4,13902.9,25600.0,0.4940
3572.1,5352.4,3839.6,5754.9,0.4940
26244.7,4481.7,26749.3,4988.3,0.4939
3859.0,46404.0,4476.6,46797.7,0.4939
21530.9,34251.6,21759.5,34560.0,0.4939
5299.7,641.4,5439.7,761.4,0.4938
8323.9,33585.8,8487.9,33920.0,0.4938
27503.4,31040.3,27840.0,31254.8,0.4937
15042.2,29921.9,15180.5,30227.6,0.4937
25723.6,17332.0,26232.9,17920.0,0.4936
27520.0,31664.3,28156.7,31987.1,0.4934
10867.6,4161.8,11197.4,4740.5,0.4934
5441.8,3344.6,5797.7,3824.8,0.4934
25183.8,34890.3,25317.4,35364.7,0.4931
27066.9,22042.6,27200.0,22120.3,0.4931
24644.9,16811.1,25280.0,17280.0,0.4929
7707.4,35840.7,8316.2,35948.6,0.4929
22731.6,32241.2,23206.4,32640.0,0.4927
27200.0,6593.9,27282.6,7031.8,0.4925
7681.7,25280.5,7900.4,25697.2,0.4925
27400.3,37760.0,27519.3,37840.7,0.4925
16641.9,28804.7,17003.7,29255.5,0.4924
12947.4,34493.5,13120.0,34530.7,0.4924
26888.0,38336.1,27329.5,38720.0,0.4923
15761.3,23770.8,16314.2,24320.0,0.4923
18395.3,45518.6,18870.7,46080.0,0.4922
16698.8,36482.6,16962.6,36826.5,0.4921
15303.7,9904.0,15679.1,10238.7,0.4921
23669.3,21128.1,24000.0,21570.4,0.4921
28306.6,45440.0,28480.0,46077.0,0.4920
19287.1,36483.0,19506.5,37013.5,0.4918
13030.2,4802.0,13440.0,5350.2,0.4918
26281.4,37843.2,26448.7,37973.8,0.4917
15701.0,5121.9,16032.6,5251.9,0.4917
10136.2,29760.2,10560.0,30305.2,0.4917
15683.1,5274.5,15837.0,5755.3,0.4917
4876.1,45612.4,5435.7,46079.7,0.4916
6081.7,34935.9,6552.9,35520.0,0.4916
21277.2,25171.6,21439.8,25600.0,0.4916
18136.1,40000.0,18228.1,40510.3,0.4915
15040.0,17618.8,15108.1,17920.0,0.4915
15305.7,48552.0,15676.3,48959.1,0.4914
14841.6,18881.5,14910.2,19480.7,0.4913
7040.0,39681.0,7373.0,39782.1,0.4913
24974.7,14379.7,25600.0,14715.3,0.4912
10016.3,29277.6,10548.4,29737.5,0.4911
20242.1,15470.3,20800.0,15994.2,0.4911
22256.6,37817.5,22399.9,38142.0,0.4911
15392.8,24740.3,15509.7,25280.0,0.4911
17109.5,3840.3,17279.5,3974.2,0.4909
5182.2,19597.2,5758.5,19840.0,0.4909
24422.3,1730.3,24958.1,2237.1,0.4909
10575.6,29950.4,11198.1,30397.4,0.4909
27525.5,49600.0,27950.9,50240.0,0.4908
20685.2,36160.0,20799.2,36266.1,0.4908
2905.0,42491.3,3200.0,42880.0,0.4907
15360.0,25377.7,15425.7,25920.0,0.4907
26951.3,48001.4,27200.0,48099.2,0.4907
16319.5,38403.2,16639.4,38564.2,0.4905
21152.4,13121.4,21756.4,13348.0,0.4904
17731.1,1921.9,17920.0,2075.2,0.4904
8784.9,41123.3,8960.0,41588.1,0.4904
14129.5,2825.3,14719.1,3200.0,0.4904
27080.3,30081.2,27200.0,30226.1,0.4903
26583.0,28480.2,26664.4,28652.8,0.4902
15521.3,22521.1,15667.4,22719.9,0.4902
22523.3,12508.6,23040.0,12800.0,0.4900
14400.8,31253.9,14520.1,31360.0,0.4900
13760.4,33281.0,14060.4,33467.1,0.4899
8960.3,26818.9,9058.9,26920.4,0.4899
20745.9,25665.8,21120.0,26240.0,0.4899
13791.5,16302.9,14396.2,16640.0,0.4899
24414.9,19413.2,24640.0,19840.0,0.4898
17920.0,26248.7,18032.8,26703.4,0.4898
17067.9,7042.7,17597.0,7376.6,0.4897
24345.6,38403.1,24720.9,38620.3,0.4896
22730.6,10481.6,23360.0,10880.0,0.4896
21533.3,35546.0,21597.3,35839.2,0.4895
11383.4,29141.9,11520.0,29650.0,0.4895
12487.1,36162.0,12912.1,36239.1,0.4894
3802.2,14720.0,4160.0,14831.4,0.4894
19200.6,36276.9,19314.4,36800.0,0.4894
8409.3,4800.1,8958.7,5232.4,0.4893
8410.7,32000.0,8960.0,32386.6,0.4893
24320.0,46080.0,24956.5,46363.1,0.4893
26360.1,45980.0,26878.9,46399.7,0.4892
5441.8,4160.0,5760.0,4584.8,0.4892
28336.7,27840.0,28799.3,27941.3,0.4891
16960.4,38944.8,17181.6,39040.0,0.4890
16320.7,15988.2,16556.5,16319.2,0.4889
27521.0,25.9,27942.1,354.5,0.4888
18242.1,35772.2,18307.7,36160.0,0.4887
21142.5,8261.2,21759.7,8640.0,0.4887
19003.7,49602.2,19515.2,49741.0,0.4886
10085.9,7349.1,10238.7,7655.4,0.4885
16000.6,38952.9,16107.1,39040.0,0.4885
23045.6,9600.0,23680.0,9813.6,0.4884
11224.1,186.7,11836.0,634.7,0.4884
13224.0,17920.0,13405.4,18424.5,0.4884
20480.0,41058.3,20606.5,41276.8,0.4884
25601.1,2335.3,26100.1,2871.6,0.4884
26948.3,33280.0,27200.0,33728.2,0.4884
21121.9,33177.9,21468.1,33458.3,0.4883
20526.1,1371.5,20800.0,1920.0,0.4883
12495.6,28988.8,13117.4,29392.5,0.4883
23921.6,8960.2,24313.1,9108.8,0.4883
20161.1,44160.9,20241.6,44236.9,0.4882
26668.1,41923.0,26872.6,42416.0,0.4881
10606.4,43200.0,11196.1,43694.5,0.4881
26623.1,36751.9,26751.6,37117.4,0.4881
19938.6,27708.6,20476.9,28155.5,0.4881
26378.2,19520.0,26559.5,20005.9,0.4880
9258.2,49604.8,9600.0,50040.3,0.4880
18490.0,15360.0,18871.1,15960.0,0.4880
14080.3,33600.5,14311.3,33698.6,0.4878
27529.4,48001.7,27931.2,48117.5,0.4878
28434.3,32325.9,28550.9,32856.6,0.4877
28660.8,43946.6,28924.9,44116.0,0.4876
15216.7,27520.0,15359.0,27698.3,0.4876
19840.0,25061.8,19958.5,25279.9,0.4876
27677.6,44723.0,27839.4,44799.2,0.4876
13148.3,47361.4,13757.7,47830.6,0.4875
26560.7,1868.5,27044.5,2240.0,0.4875
26560.0,9528.7,27130.9,9920.0,0.4875
20244.8,3204.2,20480.0,3579.2,0.4875
9797.0,24242.1,9919.2,24320.0,0.4875
4552.5,15681.3,5117.3,16151.8,0.4874
22147.8,4938.8,22713.7,5440.0,0.4874
26655.7,34399.2,27193.7,34880.0,0.4874
8960.0,2623.2,9095.8,2904.5,0.4874
24003.2,42169.4,24599.5,42559.9,0.4872
20810.1,28199.2,21437.1,28480.0,0.4872
8917.7,10568.4,9280.0,11026.7,0.4872
5891.1,22400.0,6079.8,22616.2,0.4871
17059.5,16000.0,17598.7,16640.0,0.4871
17801.8,29122.0,18240.0,29618.0,0.4870
25304.7,8324.5,25918.8,8836.0,0.4869
23522.4,47163.3,23627.1,47680.0,0.4869
5054.9,3404.8,5440.0,3838.7,0.4869
18657.6,18995.6,19185.1,19517.9,0.4869
1763.8,3525.7,1920.0,3825.4,0.4867
26661.3,130.5,27197.3,633.2,0.4867
7693.2,8806.4,8315.8,9279.5,0.4866
24754.1,12389.6,25279.9,12800.0,0.4865
13374.7,16648.5,13440.0,16960.0,0.4864
10975.2,8552.9,11520.0,8960.0,0.4864
28050.0,10241.6,28458.0,10469.9,0.4863
11520.1,7680.0,11891.6,8139.4,0.4862
3706.7,9283.1,4155.9,9876.6,0.4862
11537.6,37269.4,12159.4,37756.2,0.4862
28833.4,16233.6,28926.5,16523.5,0.4862
14080.0,22554.1,14587.7,23040.0,0.4862
17280.0,25129.3,17430.7,25596.8,0.4861
13449.9,29634.0,14060.6,30080.0,0.4859
11578.5,2352.2,12159.4,2557.9,0.4859
6480.9,33609.9,6565.7,34107.5,0.4859
15062.1,25067.2,15128.4,25280.0,0.4858
19840.0,42522.0,20094.4,42560.0,0.4857
11271.8,44630.2,11836.1,45116.0,0.4857
16321.1,24840.0,16493.5,25280.0,0.4856
6400.0,38468.3,6900.6,39040.0,0.4856
15492.3,24089.2,15726.9,24640.0,0.4855
15445.5,23273.1,15526.3,23679.4,0.4854
9780.0,21671.8,10235.7,22071.1,0.4854
21760.0,28800.6,22078.5,28956.4,0.4854
24845.2,50234.4,24985.8,50550.8,0.4854
23924.5,32508.9,24024.2,32640.0,0.4853
10991.3,28057.0,11519.5,28480.0,0.4852
8332.3,36438.6,8958.8,36800.0,0.4852
15802.3,19202.7,15869.0,19629.7,0.4852
23099.6,9400.9,23674.8,9795.6,0.4850
20160.0,25331.0,20489.1,25920.0,0.4850
27931.2,47900.6,28155.4,48284.8,0.4848
16960.0,30080.0,17083.5,30565.2,0.4848
17536.0,38285.8,17600.0,38714.8,0.4848
27864.6,49051.1,28012.6,49600.0,0.4847
22170.9,44101.2,22398.7,44478.2,0.4846
15322.0,20802.8,15388.9,21236.3,0.4846
11841.3,30401.1,11937.9,30507.9,0.4846
26080.3,36569.0,26194.5,37120.0,0.4845
19289.6,35263.1,19520.0,35388.5,0.4845
7360.0,40564.4,7429.5,40822.2,0.4843
5230.4,30531.7,5755.4,31036.7,0.4842
25863.0,34452.5,25920.0,34871.4,0.4840
8398.8,30447.6,8957.6,30720.0,0.4840
14720.9,1503.1,14940.9,1900.1,0.4839
28162.1,11088.9,28237.3,11198.5,0.4839
14860.5,38667.7,15194.6,38762.5,0.4839
13411.2,49022.1,13759.6,49280.0,0.4839
27815.6,23680.9,28160.0,24204.1,0.4838
14803.6,41862.7,15357.7,42229.1,0.4837
2307.2,5001.1,2874.8,5433.1,0.4836
2631.9,11522.6,3196.2,11986.9,0.4835
15044.2,21537.8,15336.8,22080.0,0.4834
741.3,4604.2,1277.9,5106.3,0.4834
25698.5,42323.9,25766.7,42880.0,0.4834
14064.1,43841.4,14270.1,43991.6,0.4833
16963.0,7681.3,17589.8,7933.5,0.4832
14755.5,23721.1,14923.1,24320.0,0.4831
25710.0,38098.5,26240.0,38400.0,0.4829
15353.1,14247.2,15675.8,14398.4,0.4828
14203.5,13075.6,14718.1,13440.0,0.4828
10039.6,34880.0,10240.0,35089.4,0.4827
11852.8,28987.4,12474.4,29438.3,0.4826
13786.5,2811.7,14398.4,3195.6,0.4826
11687.8,28369.5,11837.2,28479.0,0.4826
28453.5,46945.0,28794.6,47040.0,0.4826
20160.0,42240.7,20512.0,42376.2,0.4824
26575.1,18565.7,27192.2,18983.9,0.4824
16448.9,16960.2,16786.8,17288.8,0.4824
20255.1,43849.1,20466.1,44104.7,0.4824
21835.5,12827.9,22390.2,13120.0,0.4823
25920.0,1821.8,26249.3,2240.0,0.4823
12810.2,8359.2,13437.2,8640.0,0.4822
19215.6,38720.0,19519.7,39360.0,0.4822
27614.6,32962.9,27840.0,33261.4,0.4822
17688.9,28310.5,18239.5,28794.7,0.4820
15747.6,17543.4,16257.4,17920.0,0.4819
15215.2,17282.4,15272.5,17580.0,0.4819
11471.2,31040.0,11840.0,31463.3,0.4819
27630.7,50795.2,28157.4,51200.0,0.4818
20799.5,3840.0,21119.2,4477.4,0.4818
22400.0,19978.6,22869.5,20478.6,0.4817
13918.9,24003.8,14080.0,24454.7,0.4816
26101.5,5989.8,26189.9,6399.9,0.4816
13982.3,28942.6,14080.0,29422.4,0.4815
17713.0,43841.8,18237.4,44353.5,0.4815
28096.3,1280.0,28475.0,1920.0,0.4814
13845.1,23714.8,13983.8,24165.5,0.4814
15101.3,31041.2,15675.1,31571.7,0.4813
20061.7,36497.1,20160.0,36981.8,0.4813
13134.1,27497.2,13758.2,27840.0,0.4812
27148.2,43902.4,27392.3,44480.0,0.4812
27923.8,33600.0,28480.0,34093.7,0.4811
9349.4,11734.4,9474.9,11840.0,0.4810
27807.1,21227.6,28158.3,21759.6,0.4810
10329.5,21598.8,10874.0,22076.7,0.4810
17288.3,31578.8,17895.8,32000.0,0.4809
21766.9,11250.5,22399.1,11518.7,0.4809
22082.1,641.0,22377.1,762.8,0.4809
28810.8,16642.4,28914.5,16789.4,0.4809
1671.4,2369.7,2236.7,2880.0,0.4808
3936.5,29224.5,4469.4,29577.6,0.4808
21601.6,17618.2,22077.8,17920.0,0.4807
11582.7,48977.8,12157.6,49539.4,0.4806
21135.9,4396.6,21756.8,4800.0,0.4806
16315.2,4160.0,16640.0,4641.5,0.4806
28644.7,24002.1,28927.3,24572.4,0.4806
27842.6,49811.5,27938.9,50238.0,0.4805
22810.1,41981.4,23350.4,42240.0,0.4804
26560.0,9500.2,26682.1,9599.8,0.4803
1973.3,14403.3,2556.1,14944.0,0.4803
21804.3,27647.7,22396.1,28147.5,0.4803
18907.7,40960.0,19200.0,41598.0,0.4803
26268.4,43459.9,26874.4,43840.0,0.4803
28599.6,38400.0,28928.0,38931.5,0.4801
11301.1,21123.7,11520.0,21415.9,0.4800
20294.1,47938.2,20795.9,48319.0,0.4799
22776.4,49921.3,23039.2,50141.0,0.4799
25940.0,960.0,26559.0,1067.4,0.4798
17971.7,49930.0,18556.7,50368.5,0.4798
81.6,8477.4,637.9,8955.5,0.4798
26727.5,45679.5,27195.8,46080.0,0.4798
10268.0,271.7,10878.2,640.0,0.4797
13456.2,36678.3,14078.5,37115.3,0.4796
16176.7,30098.8,16307.7,30462.1,0.4796
14535.1,1283.7,14720.0,1737.0,0.4796
12271.0,36357.7,12797.3,36480.0,0.4795
12175.4,18112.4,12797.8,18479.3,0.4795
18560.0,9194.3,19199.9,9600.0,0.4794
11789.2,7153.8,12159.7,7360.0,0.4794
14720.0,40320.6,14997.9,40563.2,0.4793
11989.3,33927.1,12476.6,34391.3,0.4793
22080.0,3365.3,22232.5,3518.6,0.4792
18169.2,3341.8,18240.0,3695.5,0.4792
28373.5,49600.0,28480.0,49916.6,0.4792
21574.7,16320.8,21759.9,16433.7,0.4791
24095.8,4802.7,24637.5,5314.9,0.4791
28517.6,6016.4,28800.0,6351.7,0.4791
23680.0,19522.3,24100.3,20000.5,0.4791
6298.0,11654.3,6400.0,11839.9,0.4790
26880.0,6342.4,27003.3,6718.9,0.4789
2891.5,39252.2,3515.2,39680.0,0.4789
14922.8,32641.4,15038.7,32824.0,0.4789
17104.4,8621.2,17598.0,8959.1,0.4788
417.9,6854.3,949.9,7355.9,0.4786
6321.3,13761.7,6720.0,14278.9,0.4786
13129.0,14403.2,13440.0,14904.8,0.4786
11337.3,9142.6,11840.0,9600.0,0.4785
17247.5,31290.6,17343.8,31678.4,0.4785
26907.1,23029.7,27520.0,23360.0,0.4785
28478.4,28985.3,28927.1,29437.7,0.4785
16960.0,31681.1,17324.7,31873.6,0.4784
18880.0,28492.1,19121.4,28998.6,0.4783
25099.7,34934.7,25278.9,35200.0,0.4783
19272.5,26560.7,19520.0,26875.7,0.4783
10224.1,33456.8,10560.0,33918.5,0.4782
24284.0,38400.0,24382.0,38663.7,0.4781
22264.0,32336.2,22717.4,32671.1,0.4780
23680.0,20637.6,23878.8,21116.4,0.4780
7785.0,5674.6,8314.6,6080.0,0.4780
9304.9,42562.6,9917.1,42880.0,0.4780
18674.4,28119.6,18880.0,28160.0,0.4779
12898.9,47782.3,13425.9,48313.0,0.4777
16492.7,11112.6,16639.4,11520.0,0.4777
23097.7,8727.5,23674.6,8973.7,0.4775
19370.5,28165.1,19840.0,28705.0,0.4773
4227.1,45018.7,4795.4,45440.0,0.4769
22454.7,33256.6,23040.0,33546.9,0.4768
10131.7,13151.2,10240.0,13440.0,0.4768
4858.3,2226.3,5440.0,2560.0,0.4768
27780.0,416.1,28160.0,940.0,0.4768
15040.0,24626.5,15126.6,24959.4,0.4763
6564.4,11866.3,6720.0,12396.3,0.4762
23760.0,37932.1,24310.5,38265.8,0.4762
26060.3,24455.3,26174.0,24659.7,0.4762
20134.6,45440.1,20480.0,45900.1,0.4762
15619.4,28161.0,15888.7,28795.9,0.4761
23890.9,7242.1,23999.1,7359.9,0.4760
20192.5,20103.1,20800.0,20480.0,0.4757
11553.8,8640.0,12157.0,9076.3,0.4757
25364.0,49284.1,25585.1,49722.7,0.4757
24640.0,49292.4,24810.4,49731.3,0.4755
16553.8,41281.8,16640.0,41434.2,0.4754
22123.7,42857.3,22718.3,43200.0,0.4754
28380.3,23265.7,28923.2,23680.0,0.4752
22227.9,5592.5,22709.7,6078.9,0.4750
20088.7,35019.1,20160.0,35199.4,0.4749
13174.6,23864.3,13757.7,24303.0,0.4747
21441.6,30804.1,21505.8,31203.6,0.4747
13818.8,31245.7,14307.8,31680.0,0.4747
4746.4,14400.3,5120.0,14897.4,0.4746
24999.5,5909.1,25597.3,6395.4,0.4746
9600.6,27434.2,10226.8,27834.6,0.4745
19652.3,34240.9,19784.0,34436.8,0.4744
22243.6,34564.0,22398.0,34949.7,0.4743
28630.9,48000.6,28799.1,48079.4,0.4742
26245.1,40054.7,26475.7,40640.0,0.4742
20289.6,16320.5,20800.0,16884.2,0.4741
25636.7,27754.5,25877.3,28160.0,0.4741
26788.1,10733.6,27200.0,11198.8,0.4739
18066.7,16961.2,18521.8,17070.6,0.4739
7680.4,36715.8,7857.5,36798.9,0.4738
12204.9,10257.5,12796.1,10698.2,0.4737
27052.3,39683.7,27200.0,40081.5,0.4737
24320.4,26140.4,24957.8,26560.0,0.4737
26026.1,19445.7,26552.3,19840.0,0.4736
15041.8,13633.0,15131.5,14073.0,0.4735
18733.5,26448.8,19197.4,26880.0,0.4735
26880.0,2879.2,27518.6,3194.9,0.4734
13479.2,11819.3,13744.0,12160.0,0.4734
9280.9,2880.0,9369.9,3025.6,0.4734
10285.5,29978.8,10876.7,30400.0,0.4733
22080.0,11521.7,22717.7,11840.0,0.4732
7888.0,27719.2,8000.0,27839.4,0.4732
19824.5,19656.4,19917.1,19837.0,0.4732
6782.1,39116.8,6865.4,39359.8,0.4732
17672.6,5778.2,18238.4,6069.2,0.4732
4819.8,6883.2,5440.0,7350.6,0.4731
23331.2,24862.3,23395.2,25091.1,0.4731
15649.2,17050.1,16000.0,17600.0,0.4727
26084.7,22647.0,26200.5,22727.2,0.4727
25147.4,49779.5,25216.7,50237.1,0.4727
16248.8,7365.1,16640.0,7820.6,0.4727
27665.5,11440.2,27838.2,11559.7,0.4726
3843.1,3385.3,4477.0,3835.4,0.4725
26240.0,26321.6,26371.7,26658.4,0.4725
23717.7,2403.3,24320.0,2880.0,0.4725
19596.1,24000.7,19840.0,24152.5,0.4725
14393.8,29123.7,14720.0,29627.2,0.4725
23638.6,8960.0,24000.0,9515.5,0.4724
28694.6,25886.6,28924.8,26215.2,0.4723
24325.9,34913.5,24949.0,35200.0,0.4723
28288.0,21238.2,28446.9,21307.8,0.4723
8969.9,11203.6,9278.6,11686.9,0.4722
4482.5,29059.8,4619.5,29440.0,0.4721
28097.9,24327.5,28212.0,24417.7,0.4720
7804.3,30792.0,8320.0,31360.0,0.4720
20748.2,41326.0,20867.5,41598.9,0.4719
26356.9,15172.5,26558.8,15584.2,0.4719
17921.0,12800.2,18093.9,12966.8,0.4719
24947.3,40758.9,25030.3,40960.0,0.4719
28572.9,23040.9,28926.2,23500.3,0.4718
27455.4,30828.1,27840.0,31347.9,0.4717
9307.0,30653.6,9917.9,31032.4,0.4717
8960.0,40987.7,9138.6,41278.5,0.4717
19514.7,28482.2,19840.0,28879.2,0.4717
22540.7,26613.2,23034.3,26880.0,0.4716
12309.2,38247.2,12478.7,38399.0,0.4716
26561.7,24887.4,26713.3,25276.2,0.4715
18598.2,50457.9,19199.8,50880.0,0.4715
24800.2,39360.0,24959.5,39602.1,0.4715
16012.1,39060.4,16320.0,39611.5,0.4715
14090.3,2240.0,14714.4,2655.3,0.4714
12807.9,37708.8,13438.1,38080.0,0.4714
15790.6,28105.9,15863.6,28478.3,0.4713
15721.2,49929.1,16316.7,50421.3,0.4713
17168.0,44804.1,17598.6,45272.0,0.4713
14400.5,43201.4,14738.9,43285.4,0.4711
4160.6,10882.2,4304.6,10988.1,0.4709
23042.7,32001.1,23432.6,32100.4,0.4709
6973.7,35200.7,7093.7,35493.6,0.4708
24019.2,499.0,24637.7,957.0,0.4707
14965.3,15874.2,15352.2,16320.0,0.4707
9603.5,9521.0,10235.3,9920.0,0.4707
14730.4,47635.5,15040.0,47971.0,0.4704
3432.3,9286.7,3838.0,9627.7,0.4704
697.9,13153.6,1278.9,13439.3,0.4704
19387.7,25372.4,19460.7,25878.3,0.4703
20906.2,18563.5,21428.7,19081.5,0.4703
13440.4,44371.8,13532.7,44479.8,0.4702
9298.2,5766.3,9918.0,6250.3,0.4700
15227.9,24711.0,15360.0,25085.8,0.4699
20620.3,47363.2,20799.2,47676.5,0.4697
15603.0,2850.2,15679.6,3199.0,0.4697
22159.5,25280.0,22400.0,25779.0,0.4697
8960.0,4160.0,9596.8,4584.6,0.4697
7680.0,27738.7,7836.8,27840.0,0.4697
7934.4,26739.7,7999.0,26879.9,0.4696
18394.1,45516.4,18560.0,46055.0,0.4696
22738.5,22080.0,23359.5,22298.1,0.4695
15573.6,35201.1,16000.0,35720.9,0.4694
21440.4,37047.8,21761.9,37440.0,0.4693
15748.7,23362.5,16315.5,23894.0,0.4693
23680.0,40026.1,24205.0,40320.0,0.4692
10963.2,33087.7,11518.7,33598.1,0.4692
27364.4,14901.9,27520.0,15358.5,0.4691
390.6,5624.5,955.4,6075.4,0.4691
10609.2,7582.3,11198.5,7991.1,0.4690
21445.1,26797.4,22078.2,27200.0,0.4689
21441.4,10240.0,22059.6,10740.4,0.4689
20621.4,18693.4,20800.0,19198.3,0.4688
14239.6,26072.0,14719.5,26558.3,0.4688
18119.6,39992.7,18217.6,40317.7,0.4688
22371.5,28160.2,22704.2,28257.8,0.4687
13760.0,40640.9,13838.3,40821.3,0.4687
19605.6,15450.3,20157.0,15999.6,0.4687
18882.3,46214.9,18945.5,46682.0,0.4686
20278.1,17505.9,20796.0,17918.7,0.4686
22758.8,17190.5,23360.0,17600.0,0.4685
27117.0,46952.0,27199.9,47039.9,0.4685
22721.8,11506.8,22887.3,11745.3,0.4685
21440.0,3200.0,22080.0,3645.6,0.4685
18240.5,28481.0,18352.3,28579.0,0.4684
8415.1,22400.0,8957.7,22872.0,0.4683
27203.4,36160.0,27305.3,36676.5,0.4683
19746.0,30107.7,19840.0,30502.8,0.4683
27202.0,39742.9,27598.9,40320.0,0.4680
27840.6,27258.8,27955.6,27329.7,0.4680
8324.0,40965.1,8721.1,41280.0,0.4679
12505.3,41175.7,13118.1,41600.0,0.4677
23361.6,17971.4,23442.2,18182.7,0.4677
24552.3,35023.3,24640.0,35401.4,0.4676
17558.2,30467.8,17918.6,30914.8,0.4676
15840.5,27056.6,16308.3,27518.8,0.4676
1034.3,11421.6,1596.0,11840.0,0.4675
13874.5,15589.1,14387.9,15999.3,0.4674
28533.5,44112.0,28610.4,44479.5,0.4674
18552.0,24391.1,18862.2,24923.0,0.4674
3754.9,2565.4,4160.0,3002.4,0.4673
21548.4,30854.5,21760.0,31040.0,0.4673
10242.0,8270.1,10874.6,8640.0,0.4673
6755.5,8644.7,7357.3,9131.3,0.4672
18536.6,42146.3,18667.0,42560.0,0.4671
20060.0,19467.5,20474.6,19840.0,0.4670
7258.3,30284.4,7359.7,30397.7,0.4670
16516.8,34890.2,16639.7,35374.6,0.4669
8962.8,6340.1,9348.0,6630.4,0.4669
15360.0,37028.4,15513.1,37118.8,0.4669
7309.6,41605.4,7680.0,42184.9,0.4667
1907.8,12483.9,2232.7,12799.4,0.4664
4534.2,4587.3,5116.6,5116.7,0.4663
15042.2,5760.9,15168.7,6058.8,0.4662
9609.0,37440.5,10238.0,37515.9,0.4662
26986.3,28172.2,27200.0,28421.1,0.4661
17814.4,35779.6,17919.3,36160.0,0.4659
19218.1,14481.6,19836.8,14720.0,0.4658
28160.0,29124.9,28273.0,29533.8,0.4657
22962.8,29373.2,23040.0,29760.0,0.4657
15090.1,30400.0,15673.4,30903.8,0.4656
6720.8,37009.4,7053.9,37120.0,0.4655
14440.8,26881.9,14720.0,27406.3,0.4655
21490.0,7187.9,22077.7,7677.1,0.4655
27520.4,34812.1,27805.2,35200.0,0.4654
15411.0,29217.2,15555.7,29760.0,0.4654
26424.9,33496.2,26878.2,33920.0,0.4654
27051.4,49657.6,27200.0,49698.4,0.4654
27104.3,28478.2,27514.6,28799.5,0.4654
10568.4,1021.0,10880.0,1324.2,0.4653
24401.3,38681.5,24640.0,38720.0,0.4653
960.6,8284.6,1185.1,8639.3,0.4653
15900.8,18560.0,15996.9,18985.7,0.4651
27982.4,18562.0,28480.0,19185.8,0.4651
21177.2,48643.2,21752.7,49188.3,0.4650
7824.6,5904.2,8306.9,6400.0,0.4650
15680.0,39040.0,16195.5,39542.4,0.4649
23363.4,38080.0,23879.3,38205.5,0.4649
18637.8,5159.3,18724.1,5282.3,0.4647
15417.5,21715.3,15486.6,22078.2,0.4647
12646.5,7365.8,12800.0,7672.0,0.4647
25068.6,26724.5,25597.0,27197.4,0.4646
13181.0,14722.6,13420.3,14894.9,0.4646
12241.4,40192.5,12792.4,40636.7,0.4644
12487.3,26754.4,13120.0,27068.3,0.4644
14819.2,32229.3,15354.0,32640.0,0.4644
7415.2,3050.2,7995.8,3520.0,0.4644
13539.3,22893.0,14067.6,23357.3,0.4644
7815.7,38080.9,8320.0,38578.3,0.4644
24859.7,38087.8,24960.0,38641.1,0.4643
20680.1,3957.1,20800.0,4160.0,0.4643
19009.7,18190.2,19514.6,18560.0,0.4643
23040.0,46720.5,23362.7,46864.1,0.4642
15360.8,31680.0,15775.8,31886.2,0.4642
22369.5,1696.1,22720.0,2240.0,0.4641
15202.4,34888.7,15272.5,35329.2,0.4640
12802.3,3089.4,13437.0,3520.0,0.4640
26963.7,39040.0,27199.6,39251.4,0.4639
8397.9,5441.3,8959.7,5939.7,0.4639
22080.0,19995.1,22646.4,20478.5,0.4638
18853.2,24200.6,19055.4,24637.9,0.4637
11200.8,39275.6,11341.6,39553.5,0.4637
9920.1,41600.0,10284.2,41792.2,0.4637
15622.5,18886.1,15680.0,19319.3,0.4636
23153.1,47360.7,23345.1,47495.8,0.4635
23167.2,2501.3,23680.0,2880.0,0.4635
18446.3,39248.5,18875.7,39680.0,0.4635
18480.2,29556.9,18559.6,29759.1,0.4634
12858.8,48803.1,13436.5,49274.1,0.4634
18492.6,26424.4,18624.7,26879.2,0.4634
12058.1,1534.0,12160.0,1599.8,0.4633
27823.1,320.9,28160.0,386.6,0.4631
1764.2,5680.1,1918.8,5759.2,0.4631
504.5,48846.0,959.2,49280.0,0.4630
21999.6,17600.0,22384.1,17708.8,0.4630
15383.3,24241.4,15470.5,24640.0,0.4630
22589.6,22356.0,22720.0,22719.1,0.4630
28575.0,22933.0,28773.5,23040.0,0.4630
16000.8,16007.5,16355.2,16319.0,0.4629
953.5,1373.0,1280.0,1920.0,0.4629
27752.2,30856.5,27840.0,31040.0,0.4628
18131.9,16825.4,18240.0,16958.4,0.4627
26957.1,21464.5,27515.3,21813.3,0.4626
26194.4,14011.2,26300.8,14080.0,0.4626
22854.5,7553.4,23356.0,7992.5,0.4625
5331.0,43840.8,5439.5,43932.9,0.4625
14309.3,34216.7,14485.9,34287.4,0.4625
13713.2,21569.6,14077.0,22074.9,0.4624
15864.7,29051.0,15946.0,29440.0,0.4623
17692.9,5443.3,17919.8,5817.8,0.4623
16966.0,27520.7,17304.8,28126.1,0.4622
24320.0,32461.3,24738.3,32956.8,0.4622
28576.7,34240.1,28800.0,34292.4,0.4620
18242.3,3091.0,18447.5,3518.6,0.4620
20480.0,22723.5,21118.2,23034.2,0.4619
13220.9,17668.6,13431.7,18240.0,0.4619
21121.8,43929.8,21270.8,44159.4,0.4618
28216.8,21455.8,28793.9,21760.0,0.4617
23410.6,22335.0,23994.2,22720.0,0.4617
13491.4,4804.7,13759.9,5406.3,0.4616
11209.5,33604.4,11837.7,33920.0,0.4615
12801.6,50242.0,12949.5,50397.6,0.4615
7363.6,37027.3,7998.0,37429.4,0.4614
23360.0,32331.1,23483.8,32844.7,0.4614
10387.0,3205.0,10560.0,3501.8,0.4613
15830.2,28801.1,15966.9,29277.4,0.4613
21186.0,8751.1,21439.0,8959.1,0.4612
28851.1,2520.8,28928.0,2647.8,0.4612
17553.7,40640.5,17646.0,40749.8,0.4612
8804.2,25283.2,9276.1,25700.4,0.4612
24533.3,25411.7,24640.0,25599.6,0.4612
27135.3,30845.6,27200.0,31039.5,0.4611
21760.6,38401.2,21994.2,38477.4,0.4611
24012.5,47705.2,24638.3,48000.0,0.4611
18679.4,31684.0,19068.6,31943.8,0.4610
4188.4,4160.7,4480.0,4798.0,0.4609
20359.1,3842.3,20797.6,4093.1,0.4609
720.1,7262.0,1280.0,7680.0,0.4608
20578.4,17775.2,21119.9,18239.0,0.4608
9788.5,640.3,9920.0,731.4,0.4607
13798.5,18794.4,14309.4,19200.0,0.4606
24875.2,22616.4,24960.0,23036.6,0.4606
4800.1,6575.3,4915.9,6718.1,0.4606
24640.0,37378.9,24837.0,37756.9,0.4606
5514.8,14962.5,6079.2,15360.0,0.4605
20421.8,45455.7,20797.4,45906.3,0.4604
8026.9,32002.2,8639.1,32390.0,0.4603
21784.4,17944.2,22399.7,18238.9,0.4602
19200.3,34555.4,19374.5,34779.6,0.4602
26420.6,32878.1,26559.5,32960.0,0.4601
16321.6,21174.9,16703.7,21760.0,0.4601
27361.4,50436.9,27520.0,50481.6,0.4601
25280.7,32003.9,25730.5,32418.2,0.4601
8053.1,6418.8,8319.7,7012.5,0.4601
15427.9,20160.0,15551.1,20685.5,0.4600
28295.2,27595.3,28796.0,27874.3,0.4599
28385.0,1601.1,28479.1,1784.9,0.4598
10315.8,3000.5,10876.6,3520.0,0.4597
16000.0,33930.1,16118.4,34437.3,0.4597
24060.5,11527.3,24630.0,12075.5,0.4596
12800.8,16171.1,12882.8,16320.0,0.4596
22400.0,38080.0,22545.1,38130.9,0.4596
25682.3,39362.1,26233.5,39836.0,0.4596
6082.4,37523.1,6236.3,38080.0,0.4594
18728.5,40439.1,19197.1,40960.0,0.4593
9222.9,31390.6,9314.6,31680.0,0.4591
16320.0,32986.4,16418.5,33580.6,0.4591
26770.1,40640.5,26879.6,40745.0,0.4590
10911.2,32543.2,11518.1,32960.0,0.4589
22401.5,36934.8,22490.9,37091.9,0.4589
2564.3,10957.4,2686.9,11503.2,0.4589
18272.0,35205.2,18334.8,35498.6,0.4588
3972.1,40001.2,4479.2,40504.4,0.4586
16080.6,11019.4,16639.7,11517.0,0.4586
26922.9,27494.6,27200.0,27805.5,0.4583
1358.6,8088.2,1906.4,8637.5,0.4583
10647.5,34940.9,11200.0,35146.2,0.4582
10592.1,38285.6,11197.3,38720.0,0.4582
27627.7,37893.0,27840.0,38054.2,0.4582
3938.9,1255.5,4476.4,1600.0,0.4581
1001.6,1368.7,1600.0,1782.5,0.4580
26936.3,38728.3,27508.2,39212.4,0.4578
7067.7,12480.0,7677.0,12957.2,0.4578
23757.0,36735.4,23996.3,36845.4,0.4576
19828.6,32290.7,20153.4,32639.6,0.4575
27446.2,24324.8,27840.0,24484.4,0.4574
23893.4,48330.8,23963.7,48679.2,0.4574
27963.3,43881.6,28056.6,44158.6,0.4573
19548.7,35743.3,19823.9,36158.2,0.4572
7040.0,33614.9,7500.7,34119.1,0.4572
10886.8,40000.4,11508.2,40108.1,0.4572
22190.6,32166.0,22328.0,32637.7,0.4571
24526.9,38090.9,24639.8,38636.5,0.4570
6117.5,34350.8,6196.0,34880.0,0.4570
24672.4,37370.3,25280.0,37760.0,0.4569
8402.2,26138.8,8958.3,26560.0,0.4569
24640.0,3.2,25101.8,538.6,0.4569
20489.8,3881.9,21119.3,4160.0,0.4569
2976.4,14787.7,3517.2,15360.0,0.4569
20047.7,5328.2,20480.0,5756.7,0.4568
16344.6,34240.1,16640.0,34412.5,0.4568
7687.8,35885.3,8316.4,36236.9,0.4567
8960.6,32340.8,9282.3,32638.1,0.4566
25281.0,34561.3,25753.2,34780.8,0.4566
24320.0,42672.6,24684.9,43200.0,0.4565
27108.5,22985.5,27200.0,23231.0,0.4565
18060.1,29366.3,18560.0,29760.0,0.4565
20162.1,19743.7,20367.1,19876.0,0.4564
11298.2,49286.3,11837.4,49701.2,0.4564
21895.5,15041.3,22080.0,15151.3,0.4564
27840.0,25701.0,27951.4,26240.0,0.4563
24679.4,24860.1,24779.9,25234.7,0.4563
11593.0,34786.5,12155.2,35200.0,0.4563
5101.9,3840.0,5440.0,4305.1,0.4563
20522.1,37021.3,21119.0,37440.0,0.4562
25043.7,33922.4,25595.0,34034.0,0.4562
26755.2,42242.0,26863.6,42401.7,0.4562
18240.0,39729.9,18592.1,40320.0,0.4561
8800.0,23469.3,8960.0,23679.3,0.4561
20786.4,42233.0,21119.8,42559.0,0.4560
24949.6,27235.4,25038.0,27659.6,0.4560
25837.4,2880.0,25920.0,3361.0,0.4560
28067.8,29050.3,28236.5,29120.0,0.4559
25960.1,4800.0,26551.5,5193.0,0.4558
26579.4,582.2,26872.3,960.0,0.4557
18353.2,40485.0,18499.0,40959.5,0.4557
26372.9,29218.9,26880.0,29741.2,0.4557
9334.0,42740.6,9918.2,43197.7,0.4557
22081.2,14404.2,22149.6,14628.6,0.4556
12618.8,40862.7,12797.3,40959.9,0.4555
9551.0,13879.9,9911.0,14080.0,0.4555
26938.6,5977.3,27104.2,6398.9,0.4555
9350.2,12495.0,9916.4,12934.2,0.4555
27843.7,24076.8,28054.4,24222.4,0.4555
19200.0,41502.4,19544.5,41919.8,0.4554
16577.7,31040.5,16960.0,31511.3,0.4554
20483.7,31797.2,21116.6,32179.1,0.4553
28700.0,15923.1,28800.0,16320.0,0.4552
23360.0,16453.6,23712.0,16953.0,0.4552
16984.5,4160.0,17595.2,4392.6,0.4552
17401.0,5962.0,17908.1,6400.0,0.4550
17920.0,44571.1,18051.4,45116.0,0.4550
10240.7,12358.6,10857.3,12800.0,0.4549
26303.9,38955.5,26412.3,39359.1,0.4549
24647.2,14156.6,25278.0,14400.0,0.4548
4252.2,43932.6,4781.1,44480.0,0.4547
26241.0,7580.2,26544.2,7874.4,0.4545
27473.9,35845.6,27840.0,36116.2,0.4545
16688.3,8446.3,17279.2,8960.0,0.4544
6223.7,36800.0,6399.6,36930.0,0.4544
25380.9,7360.5,25830.3,7887.9,0.4542
27349.1,10227.1,27840.0,10560.0,0.4541
28161.5,10157.0,28255.2,10374.8,0.4541
19019.8,25379.1,19508.0,25920.0,0.4541
23263.6,29205.3,23359.9,29438.8,0.4540
13760.0,556.0,13892.0,948.7,0.4540
13427.7,28546.1,13760.0,28908.7,0.4540
20801.5,28581.1,20961.4,29120.0,0.4539
14720.0,40002.0,15163.6,40312.3,0.4539
25978.9,320.0,26555.8,732.4,0.4539
27200.0,32872.7,27329.2,32960.0,0.4538
9615.9,24469.7,10238.4,24957.3,0.4538
18527.6,15751.7,18605.4,16150.8,0.4538
19531.9,18113.7,20157.1,18535.9,0.4538
18459.0,10685.0,18876.9,10880.0,0.4537
15073.9,48063.7,15676.6,48533.7,0.4537
23680.0,45157.6,24316.1,45473.7,0.4537
27385.7,43858.3,27840.0,44297.5,0.4536
25283.5,15368.7,25909.6,15728.7,0.4536
13209.5,27626.5,13757.9,28157.4,0.4536
11600.3,9126.1,12155.1,9597.9,0.4535
22735.3,21120.0,23358.0,21278.8,0.4535
19842.7,39697.4,20160.0,39925.2,0.4534
7360.0,33932.2,7478.7,34381.8,0.4533
27841.6,47885.3,28328.2,48320.0,0.4533
19841.4,15261.9,20232.6,15680.0,0.4533
12518.7,30739.9,13117.8,31208.5,0.4533
26564.0,21097.1,26880.0,21435.2,0.4532
3200.0,38954.3,3704.5,39360.0,0.4532
26069.6,35098.2,26172.6,35520.0,0.4531
15655.7,8000.8,15998.6,8486.3,0.4531
18516.4,16751.8,18880.0,16941.6,0.4531
23248.9,27745.0,23359.8,28058.7,0.4529
1308.2,6010.9,1916.2,6400.0,0.4528
1694.9,1608.7,2216.4,2058.9,0.4528
24337.3,30688.6,24957.4,31006.2,0.4528
24480.2,20261.1,24640.0,20796.6,0.4528
15041.7,21388.5,15352.4,21758.8,0.4527
12998.2,13760.0,13439.9,14224.4,0.4526
22400.8,37981.8,22510.3,38080.0,0.4524
10880.3,24585.8,11518.3,24960.0,0.4524
23239.2,27270.3,23358.2,27400.5,0.4523
18745.1,40869.4,18826.8,41277.6,0.4523
8752.0,31302.9,9267.2,31680.0,0.4522
23729.9,3200.9,24164.2,3315.2,0.4522
27201.2,50704.5,27450.5,50878.5,0.4520
16965.5,18242.0,17407.4,18623.7,0.4520
23682.3,38190.3,23879.9,38400.0,0.4520
28183.1,5086.4,28797.9,5437.1,0.4519
17194.9,47244.6,17600.0,47673.3,0.4516
17845.9,38727.5,17919.9,39218.8,0.4516
23684.2,39680.0,24147.5,39892.9,0.4516
15461.4,18077.0,15598.1,18560.0,0.4515
16320.0,3522.3,16466.9,4028.3,0.4515
13449.5,13688.2,14001.5,14080.0,0.4513
23107.8,2240.6,23679.6,2777.8,0.4512
20163.0,14716.6,20667.0,15040.0,0.4511
22080.0,36920.3,22480.1,37107.1,0.4511
15375.5,6380.8,15993.4,6720.0,0.4511
18603.4,26781.2,19200.0,27200.0,0.4510
22084.7,19428.4,22709.2,19838.5,0.4509
16974.7,21632.3,17596.3,22079.3,0.4507
27016.0,43166.4,27193.0,43520.0,0.4506
24642.8,3207.8,25202.6,3745.2,0.4505
23459.6,48000.0,23722.4,48273.1,0.4505
18561.2,2242.1,18694.9,2414.4,0.4505
24717.7,28161.6,24960.0,28477.8,0.4505
18240.9,24321.1,18353.2,24409.4,0.4504
8634.5,43851.3,8960.0,44315.8,0.4503
26332.3,27210.3,26465.5,27773.7,0.4503
15430.6,6897.7,16000.0,7357.5,0.4502
16491.9,32237.3,16953.2,32640.0,0.4502
17700.5,37240.9,18238.7,37758.1,0.4502
6052.7,33280.0,6151.2,33810.6,0.4502
28662.9,12161.1,28799.9,12461.1,0.4501
25407.4,40320.0,25590.2,40957.1,0.4500
17295.2,24719.8,17906.0,25277.2,0.4500
27416.6,27840.9,27507.5,27935.3,0.4500
25281.8,40883.3,25402.0,40960.0,0.4500
28345.8,208.6,28924.7,640.0,0.4500
18563.7,42799.2,18653.3,43198.1,0.4499
13999.0,7366.1,14400.0,7733.7,0.4498
5846.3,14402.3,6397.5,14791.9,0.4498
22852.5,17600.0,23040.0,18075.2,0.4495
25178.6,25998.5,25279.5,26517.1,0.4494
746.2,13257.9,1276.3,13743.0,0.4494
16320.0,44343.4,16960.0,44791.9,0.4494
24329.6,14790.2,24959.3,15040.0,0.4492
24509.5,42558.4,24960.0,42878.8,0.4492
4931.6,4092.1,5440.0,4480.0,0.4492
26199.4,36168.9,26351.9,36600.2,0.4491
3579.9,2833.7,3678.5,3198.1,0.4488
13899.3,23360.3,14080.0,23833.5,0.4488
16320.0,45891.7,16444.2,46080.0,0.4487
17282.6,20147.9,17644.9,20479.2,0.4487
18591.3,16458.5,19197.5,16929.3,0.4487
11045.6,38623.9,11200.0,39037.7,0.4486
16598.4,30720.9,16959.1,31210.5,0.4485
28266.6,48000.0,28477.7,48129.2,0.4485
18491.4,28056.4,18559.6,28285.5,0.4485
21784.0,49939.6,22398.9,50240.0,0.4484
11528.6,31684.2,12158.7,32000.0,0.4484
22404.3,13771.0,22893.6,14155.2,0.4482
16146.0,2560.0,16637.5,3008.2,0.4481
17709.3,1109.9,18236.2,1596.2,0.4481
15042.0,3520.8,15137.6,3596.3,0.4480
4712.3,13762.9,5120.0,14254.9,0.4480
22402.8,41506.8,22504.7,41913.8,0.4478
18616.7,19017.8,18735.4,19519.6,0.4477
14726.8,31999.5,15040.0,32319.7,0.4477
20201.5,43345.6,20321.1,43823.7,0.4475
13760.0,40105.2,13874.4,40319.7,0.4475
16764.7,32643.7,16959.0,32972.1,0.4475
23085.4,7681.8,23679.3,7843.0,0.4474
5440.0,9158.1,5633.8,9280.0,0.4474
14668.4,29123.7,15040.0,29612.3,0.4474
1600.0,320.0,1934.8,577.7,0.4473
18240.0,45220.4,18784.0,45760.0,0.4473
23109.4,33593.1,23663.7,33920.0,0.4473
15361.6,28297.6,15463.1,28800.0,0.4473
18563.9,44804.1,18707.4,45348.5,0.4472
14720.0,20721.0,14792.6,21120.0,0.4472
17820.8,46310.1,17920.0,46647.9,0.4471
16009.2,18049.1,16222.5,18560.0,0.4471
25630.5,33528.5,25831.0,33917.2,0.4470
15692.2,46080.0,15989.0,46588.1,0.4469
28044.6,46401.0,28160.0,46985.0,0.4469
14236.0,18890.2,14327.2,19399.0,0.4469
20482.8,13935.5,20566.8,14377.4,0.4468
19830.4,30735.0,19888.9,31029.6,0.4467
20387.2,17485.2,20479.2,17599.4,0.4467
28317.2,38400.3,28800.0,38912.5,0.4466
16714.5,36026.5,17265.8,36480.0,0.4465
15122.6,44940.1,15675.1,45433.4,0.4464
10595.0,34089.2,11198.5,34557.3,0.4464
8640.0,40182.6,9276.5,40637.3,0.4464
14609.5,28725.1,14720.0,29112.6,0.4463
14080.0,15040.2,14433.7,15193.4,0.4463
15681.8,39361.2,15753.3,39459.3,0.4461
6241.1,32436.8,6399.8,32959.2,0.4461
12960.9,34501.7,13120.0,34560.0,0.4461
28680.4,36481.4,28786.9,36651.7,0.4460
13454.4,2234.9,14077.9,2560.0,0.4459
20850.6,20015.6,21440.0,20477.6,0.4458
27104.9,23433.5,27200.0,23510.8,0.4458
12480.5,38680.2,12931.0,38957.3,0.4457
21524.1,23226.3,21756.9,23359.4,0.4456
9192.6,22950.1,9280.0,23039.3,0.4456
25780.8,10177.6,26240.0,10560.0,0.4455
12313.6,47580.9,12478.6,47679.9,0.4454
7036.0,16001.7,7360.0,16071.6,0.4454
4177.8,21764.9,4480.0,22132.7,0.4454
16445.7,17602.8,16955.1,17857.8,0.4454
15768.2,17432.0,15848.9,17920.0,0.4454
16876.6,14668.3,16959.4,14749.8,0.4453
5041.9,32323.1,5367.6,32487.6,0.4453
27523.8,41281.0,27850.7,41552.6,0.4453
9436.5,2564.9,9599.7,2768.2,0.4453
9600.9,496.0,10112.4,956.6,0.4452
18626.1,12800.0,19199.6,13040.5,0.4452
18882.3,37329.8,18944.6,37760.0,0.4451
25922.3,15612.6,26098.6,16000.0,0.4451
25371.6,36721.9,25459.0,36799.8,0.4451
1483.3,4383.1,1600.0,4799.2,0.4451
28168.3,44861.6,28355.1,45119.5,0.4451
15245.3,20092.3,15359.1,20480.0,0.4448
20051.1,31360.0,20480.0,31743.3,0.4447
6507.6,28331.8,7036.7,28799.7,0.4447
21903.1,23041.2,22079.4,23145.3,0.4447
23203.0,2563.5,23359.6,2703.1,0.4446
6720.0,38729.3,6858.7,39173.1,0.4445
20800.9,41790.5,20880.2,41920.0,0.4444
7196.8,25855.6,7360.0,25920.0,0.4443
7601.7,32321.0,7898.0,32453.4,0.4443
9092.0,41235.9,9598.3,41597.8,0.4442
15456.5,24881.8,15560.2,25278.3,0.4442
16297.9,20490.6,16545.7,21011.3,0.4441
19721.8,46138.1,20160.0,46720.0,0.4441
15680.0,30388.6,15774.6,30719.8,0.4441
19000.0,31686.4,19188.6,32089.2,0.4441
10287.4,35552.3,10879.0,35840.0,0.4441
20164.7,27484.4,20799.0,27840.0,0.4440
8034.2,24971.3,8319.5,25488.9,0.4440
12801.7,18639.2,12852.9,18784.0,0.4439
12281.2,32117.3,12480.0,32182.1,0.4438
19840.0,40828.8,20025.9,40958.9,0.4438
17920.0,18090.9,18483.9,18558.9,0.4438
28658.3,46400.0,28799.4,46487.3,0.4436
24960.0,32961.5,25193.5,33121.7,0.4436
27840.4,1291.6,28160.0,1662.3,0.4435
23760.2,49280.3,23857.2,49386.6,0.4434
20516.3,48873.2,21114.6,49280.0,0.4434
15715.5,15686.4,15769.1,16087.4,0.4434
2560.0,5121.6,2889.9,5329.4,0.4433
16760.8,43202.7,16863.6,43376.3,0.4433
20480.8,4484.8,20639.4,4674.3,0.4431
20231.5,24705.4,20288.9,25125.6,0.4431
13922.0,25508.2,14019.6,25909.7,0.4430
17920.1,39657.2,18051.1,39999.5,0.4429
24387.6,18204.5,24957.2,18560.0,0.4428
16962.2,39640.4,17345.2,40000.0,0.4428
23300.4,31329.3,23379.6,31674.7,0.4428
24320.0,44176.7,24842.0,44445.6,0.4427
12800.3,6080.0,13435.3,6368.8,0.4427
7040.0,12707.9,7132.1,13108.7,0.4426
11441.1,29657.0,11520.0,30072.0,0.4426
11200.0,17281.8,11756.4,17715.9,0.4426
7681.6,26214.4,8317.3,26560.0,0.4426
18106.0,6083.1,18202.6,6236.6,0.4426
12136.3,36526.5,12201.5,36800.0,0.4425
3929.4,39141.1,4160.0,39359.6,0.4425
24381.4,15040.0,24449.9,15206.5,0.4424
17234.4,25098.7,17600.0,25598.0,0.4419
8526.2,22609.4,8909.4,23040.0,0.4418
3636.8,12170.8,3840.0,12325.7,0.4418
14140.9,32762.5,14226.8,32862.1,0.4417
10240.0,28748.9,10876.1,29120.0,0.4417
5474.3,13875.4,5759.6,14400.0,0.4416
21443.6,765.4,21867.3,1276.6,0.4416
4802.4,7361.5,5176.6,7546.6,0.4416
27132.6,40107.5,27200.0,40622.2,0.4416
21449.9,3520.2,22080.0,3636.5,0.4416
24000.0,41744.7,24526.3,42239.1,0.4415
13205.8,16855.4,13745.3,17280.0,0.4413
15360.0,15843.4,15465.5,16288.6,0.4412
6720.4,5024.5,7123.5,5440.0,0.4412
6454.5,39584.9,6533.2,40000.0,0.4410
28288.0,13232.3,28534.8,13752.9,0.4410
20943.0,34855.0,21117.3,35143.3,0.4410
20375.6,1286.3,20480.0,1798.3,0.4409
27048.1,30632.0,27200.0,31035.9,0.4409
24087.9,23681.5,24319.4,24148.5,0.4409
23043.8,15337.0,23208.2,15678.8,0.4409
27863.0,9919.2,28476.7,10238.4,0.4408
13440.0,30725.6,14077.3,31040.0,0.4408
19579.2,39274.6,19647.1,39666.2,0.4407
21121.6,30721.3,21388.2,30906.0,0.4407
24320.6,42592.4,24623.2,42880.0,0.4406
13972.5,16716.7,14080.0,17279.6,0.4405
19378.0,24839.8,19520.0,24959.9,0.4405
13057.1,45676.9,13182.0,45760.0,0.4405
19525.3,9312.9,20157.1,9600.0,0.4405
15876.5,18058.2,15993.9,18240.0,0.4405
12206.7,20072.2,12788.4,20480.0,0.4404
19073.8,41281.3,19510.6,41900.0,0.4404
14551.3,16284.4,14719.6,16640.0,0.4404
22722.4,41321.0,22781.6,41599.1,0.4402
16788.6,34760.0,17269.7,35200.0,0.4402
18240.0,22081.3,18752.7,22428.5,0.4401
24003.8,14093.3,24638.6,14394.7,0.4401
23908.0,28167.2,24000.0,28283.4,0.4399
23107.1,19359.4,23359.7,19839.4,0.4399
27201.0,20908.0,27840.0,21205.3,0.4398
24640.0,32498.3,24715.7,32933.9,0.4398
25430.0,44829.6,25599.8,45120.0,0.4398
12345.4,40323.6,12480.0,40787.6,0.4395
9152.8,40857.5,9279.2,40960.0,0.4395
16467.9,20385.5,16942.1,20799.4,0.4395
9927.0,42812.8,10559.0,43200.0,0.4395
28289.1,41526.8,28467.4,41920.0,0.4394
27363.2,42490.4,27520.0,42880.0,0.4394
7209.5,11036.0,7680.0,11512.9,0.4394
19753.8,30400.9,20149.6,30495.2,0.4392
28160.0,23402.9,28495.2,23669.7,0.4392
17280.0,47908.7,17917.4,48317.0,0.4391
8648.4,24547.6,9280.0,24960.0,0.4391
23488.2,22914.8,23999.4,23360.0,0.4389
22820.4,17948.6,23357.0,18521.9,0.4389
21887.0,48702.9,22079.8,49280.0,0.4389
8622.8,9338.8,8955.0,9599.4,0.4388
8707.4,34007.2,8859.3,34560.0,0.4388
24429.1,49920.9,24635.4,50233.8,0.4388
17969.8,12696.5,18554.5,13118.7,0.4387
6154.7,5650.2,6714.7,6080.0,0.4387
26936.3,29761.7,27517.3,30046.5,0.4386
27204.2,8077.2,27835.1,8320.0,0.4385
25280.0,33370.7,25371.9,33600.0,0.4385
11269.6,20957.3,11835.8,21436.6,0.4385
15041.7,1633.9,15678.8,1920.0,0.4383
16640.0,11523.5,16798.0,11975.3,0.4383
24631.2,10327.0,24958.7,10878.9,0.4382
16953.9,37656.1,17021.5,38077.1,0.4382
1956.3,14082.8,2239.9,14396.5,0.4382
24002.6,30781.0,24158.9,31356.0,0.4381
4498.5,14719.8,5117.4,15039.3,0.4381
13120.0,18243.8,13209.3,18704.5,0.4380
12849.4,33465.7,13437.3,33914.6,0.4380
15495.6,47558.5,15634.5,47680.0,0.4379
2843.3,1283.4,3200.0,1649.3,0.4378
26048.1,40073.9,26560.0,40640.0,0.4378
8547.5,13761.5,8640.0,14078.9,0.4378
17600.0,38685.4,17686.2,39040.0,0.4377
15041.5,17235.5,15213.7,17595.4,0.4377
5209.4,44329.3,5754.4,44800.0,0.4377
21798.9,10245.3,22397.9,10733.8,0.4377
8835.3,44484.8,9280.0,44968.1,0.4377
26094.4,38080.3,26238.1,38119.9,0.4376
27743.1,11075.7,27840.0,11190.7,0.4376
28334.7,42840.2,28424.8,43200.0,0.4374
16990.1,5760.0,17278.3,6278.2,0.4374
4604.8,1284.4,5070.0,1771.7,0.4374
1251.9,437.1,1600.0,960.0,0.4374
16001.0,3840.5,16638.0,3980.1,0.4372
15631.3,23040.0,15680.0,23154.9,0.4372
22774.1,22080.0,23040.0,22251.0,0.4371
14455.3,32387.1,14719.9,32640.0,0.4370
19840.0,26241.6,20001.3,26730.2,0.4370
15877.3,26333.4,15999.9,26877.1,0.4370
19189.8,33371.1,19283.5,33599.0,0.4368
13139.6,39838.8,13756.5,40317.3,0.4367
9587.4,21204.7,9917.5,21439.0,0.4366
22747.4,14406.2,23359.6,14879.2,0.4366
7040.0,33921.5,7497.9,34386.1,0.4366
12942.2,21122.5,13219.1,21262.6,0.4365
16413.0,960.3,16953.1,1115.2,0.4365
21126.0,34734.4,21439.6,34878.5,0.4365
26880.0,42463.6,26944.9,42876.4,0.4363
24807.2,40961.2,24954.3,41246.3,0.4362
23061.7,20003.9,23680.0,20476.2,0.4361
7681.3,10240.5,7802.6,10473.1,0.4361
26881.2,11744.1,27364.8,12159.6,0.4361
20163.2,40688.3,20345.6,40960.0,0.4361
76.3,43107.7,637.8,43519.8,0.4361
14080.4,14721.4,14145.5,14822.8,0.4359
15141.7,16851.1,15673.9,17275.4,0.4359
11757.5,33458.3,12150.0,33920.0,0.4359
18709.0,48348.9,18879.7,48722.5,0.4359
18989.7,27233.2,19516.7,27678.4,0.4359
20357.8,17865.1,20794.2,18240.0,0.4359
12507.8,48816.1,13119.0,49278.1,0.4358
25512.9,47406.9,25598.7,47825.9,0.4358
15768.8,23360.0,16000.0,23993.3,0.4358
27942.4,28976.9,28474.4,29440.0,0.4358
25602.3,43522.4,25932.0,44144.2,0.4358
1451.4,11844.4,1920.0,12375.9,0.4356
27228.6,45655.2,27840.0,46080.0,0.4356
16103.3,38946.9,16639.6,39357.8,0.4354
27520.0,16640.0,27669.2,17050.7,0.4354
25602.4,4.8,25696.4,462.3,0.4354
12886.5,26570.8,13437.1,27009.7,0.4353
8578.5,4087.3,8959.5,4466.2,0.4353
7293.6,35669.1,7359.4,35782.1,0.4350
14343.2,18890.6,14720.0,19357.8,0.4350
18780.7,34498.2,18879.0,34879.7,0.4350
26566.6,16635.7,27199.8,16959.1,0.4349
16392.6,15313.6,16640.0,15657.1,0.4348
26240.0,23244.2,26688.0,23466.7,0.4346
24605.9,36668.3,24722.0,37090.8,0.4346
19256.4,14481.9,19832.1,15040.0,0.4345
13035.5,15045.5,13436.1,15311.3,0.4345
21822.8,2924.2,22398.7,3494.8,0.4344
20843.1,18854.7,21436.5,19200.0,0.4344
15203.1,47292.6,15359.2,47360.0,0.4344
13760.0,14352.1,14399.1,14720.0,0.4343
16641.6,15546.7,16742.3,15680.0,0.4343
8643.5,38083.7,9078.4,38567.0,0.4343
2560.0,40500.3,2700.8,40955.5,0.4343
23804.5,36800.0,24320.0,36879.8,0.4342
21840.7,47687.2,21949.0,48001.8,0.4342
19842.8,33111.2,20008.0,33596.5,0.4340
12287.0,45944.3,12795.5,46400.0,0.4339
28835.7,27293.6,28927.9,27511.2,0.4339
8589.5,23483.0,8960.0,23997.4,0.4338
18944.4,35251.2,19517.7,35807.9,0.4337
26677.6,22113.4,26880.0,22208.6,0.4337
24204.7,6724.3,24320.0,6886.3,0.4337
14082.9,384.7,14324.7,953.1,0.4337
5876.1,30706.9,6400.0,31040.0,0.4336
26240.0,28160.7,26682.3,28662.2,0.4336
19211.0,42661.7,19520.0,43200.0,0.4336
25031.8,5837.6,25280.0,6113.3,0.4335
14082.3,13163.9,14313.6,13440.0,0.4334
26131.2,28075.4,26236.6,28480.0,0.4334
3200.0,11521.9,3543.8,11652.3,0.4333
16338.9,30400.0,16633.0,30947.2,0.4332
24167.3,3535.5,24319.7,3939.4,0.4331
24228.8,49095.8,24320.0,49600.0,0.4330
17562.0,38406.6,17628.2,38759.8,0.4330
20921.1,32204.1,21403.2,32640.0,0.4328
27840.0,40969.0,27976.0,41425.5,0.4327
15304.8,28006.4,15359.5,28465.8,0.4327
22817.7,3869.7,23039.3,4328.6,0.4326
25313.4,14720.5,25600.0,14834.7,0.4326
13303.1,27716.8,13439.6,27840.0,0.4325
28435.9,22391.0,28480.0,22584.0,0.4325
10961.9,41750.3,11516.9,42231.5,0.4325
14561.9,36800.1,14718.7,36901.0,0.4325
26324.8,16748.1,26875.6,17278.5,0.4324
14582.7,22852.2,14720.0,23360.0,0.4323
8960.0,30857.0,9328.4,31345.9,0.4323
19842.4,30086.6,20478.7,30443.6,0.4323
28288.8,47477.4,28406.1,47997.2,0.4323
10567.8,25529.7,11199.0,25920.0,0.4322
14400.0,24011.0,14914.9,24637.0,0.4321
14906.9,23762.7,14985.2,24320.0,0.4320
18880.9,16129.8,19097.0,16285.5,0.4319
26241.0,10407.0,26678.4,10880.0,0.4318
17280.0,40641.0,17502.2,40765.3,0.4317
26240.0,6887.7,26301.9,7065.1,0.4317
17186.2,25404.1,17384.7,25920.0,0.4317
11200.0,3200.8,11731.1,3575.8,0.4315
25785.4,13495.9,25919.4,13604.6,0.4315
21132.7,17404.1,21759.1,17916.5,0.4315
26648.8,22661.7,26868.8,22759.5,0.4315
25602.5,8906.9,26071.6,9279.3,0.4315
4890.7,13302.2,5433.0,13760.0,0.4314
14726.2,27520.0,15174.3,27993.3,0.4314
6456.9,32384.1,6707.3,32960.0,0.4314
7647.4,1961.6,8000.0,2240.0,0.4314
9197.3,27061.9,9280.0,27200.0,0.4314
50.1,48831.0,630.3,49280.0,0.4314
19575.1,24251.7,20156.7,24640.0,0.4313
26019.2,46720.7,26239.7,47001.4,0.4313
26095.4,30432.9,26164.6,30883.5,0.4313
16320.9,25164.1,16549.7,25599.7,0.4313
7046.0,40872.2,7678.5,41280.0,0.4313
23609.7,48580.6,23670.6,48960.0,0.4313
24063.4,50240.7,24624.1,50354.8,0.4312
7722.0,27502.2,8320.0,27839.4,0.4312
13207.1,4572.1,13439.5,5072.1,0.4311
19590.7,15041.4,19839.3,15235.0,0.4310
14242.2,23361.5,14398.8,23663.5,0.4310
16640.9,48520.9,17276.2,48955.9,0.4310
26660.8,25808.9,26880.0,26239.8,0.4310
19066.6,37125.5,19488.8,37505.3,0.4308
1805.1,827.6,2240.0,1272.1,0.4306
26601.1,22840.7,26879.7,22988.3,0.4305
27456.7,38648.2,27518.1,39040.0,0.4305
3520.6,12764.5,4136.4,13120.0,0.4305
22081.9,39690.0,22226.0,40145.0,0.4304
24505.6,1601.4,24957.6,1764.0,0.4303
3203.6,39682.4,3423.7,40251.8,0.4302
19520.1,36266.0,19577.0,36494.4,0.4302
8098.2,23040.0,8629.7,23565.4,0.4301
10560.0,46721.2,11028.6,47148.3,0.4300
18614.2,36898.8,18803.3,37118.8,0.4299
23007.8,43200.2,23359.4,43679.4,0.4298
25517.2,36191.5,25600.0,36480.0,0.4298
20000.1,37452.3,20159.9,37841.5,0.4298
13887.5,16644.2,13984.7,17147.1,0.4297
8275.8,11053.5,8640.0,11503.7,0.4297
25410.5,23686.7,25600.0,24147.4,0.4296
16418.2,34464.9,16960.0,34880.0,0.4295
22415.6,791.0,23035.6,1280.0,0.4294
11200.0,42087.7,11372.1,42152.1,0.4294
15761.3,9094.4,16302.9,9596.4,0.4294
13519.1,5452.9,14076.1,5927.3,0.4294
895.7,12800.0,1280.0,13311.7,0.4292
22402.7,42627.6,22617.4,42875.7,0.4292
12481.9,32866.9,12629.4,33066.0,0.4292
6066.5,33291.2,6139.9,33600.0,0.4292
20160.0,47632.0,20263.4,47997.2,0.4292
26868.3,32440.1,27031.7,32862.8,0.4291
23916.2,48389.5,23995.1,48958.6,0.4290
25371.9,48247.1,25911.4,48630.3,0.4290
14082.0,28801.0,14139.4,28939.6,0.4289
19666.1,41759.6,19840.0,41918.7,0.4289
21556.9,4506.8,21759.8,4748.9,0.4289
7685.2,4470.0,8311.7,4800.0,0.4288
22550.1,39711.1,23036.4,40004.1,0.4287
5854.5,15501.6,6080.0,15680.0,0.4286
9458.3,26448.1,9598.3,26560.0,0.4285
13132.9,9268.8,13756.1,9599.3,0.4285
13571.1,17182.2,14040.8,17600.0,0.4284
26296.4,29050.7,26368.4,29439.5,0.4284
1314.3,5122.3,1915.8,5587.4,0.4284
5524.6,22878.8,6077.7,23356.6,0.4283
28161.1,19986.0,28293.3,20160.0,0.4283
16640.0,9674.3,16821.4,9844.9,0.4282
28206.2,9428.4,28799.0,9843.3,0.4282
18934.1,48268.9,19200.0,48640.0,0.4281
9644.4,28316.5,10233.4,28798.8,0.4281
11840.7,6720.0,11937.8,6790.1,0.4280
16961.2,31997.1,17429.1,32319.0,0.4280
24708.1,33672.9,25279.1,33918.6,0.4280
15276.2,41357.1,15360.0,41719.0,0.4280
14786.9,37534.8,15038.6,37758.4,0.4279
23887.8,27748.3,24316.4,28158.2,0.4278
14358.8,33308.0,14400.0,33485.7,0.4278
10580.4,31041.3,10880.0,31561.4,0.4278
9297.2,1769.9,9917.3,2238.5,0.4277
26003.0,48265.6,26116.0,48364.6,0.4276
26479.7,49186.6,26569.0,49385.0,0.4275
4186.5,14084.8,4480.0,14375.2,0.4275
28160.0,9372.6,28340.9,9409.5,0.4273
15680.0,38962.0,16134.1,39357.4,0.4273
5761.4,5444.4,6113.3,5811.7,0.4272
717.5,4617.2,960.0,4799.6,0.4272
18034.5,3841.6,18553.5,4160.0,0.4272
7222.8,29399.7,7358.1,29440.0,0.4271
6329.8,35287.9,6430.1,35514.9,0.4270
24465.5,18991.5,24640.0,19519.9,0.4270
18880.0,34983.7,18971.9,35520.0,0.4270
20625.3,11128.1,21120.0,11520.0,0.4270
17607.0,47253.8,18239.2,47680.0,0.4269
10293.2,26425.6,10877.7,26877.5,0.4269
23788.5,49396.5,23990.3,49598.5,0.4269
28678.3,16903.2,28928.0,17280.0,0.4268
25048.3,23815.0,25600.0,24319.2,0.4268
4814.8,24013.0,5438.2,24320.0,0.4266
28160.0,1941.3,28800.0,2240.0,0.4265
26357.5,44576.2,26879.3,44711.1,0.4264
16647.3,10464.4,17277.3,10880.0,0.4264
18520.0,39541.0,18621.7,39996.9,0.4262
21760.0,47040.0,21884.9,47573.3,0.4262
25491.9,30242.1,25600.0,30398.5,0.4262
9124.3,42642.5,9280.0,42879.1,0.4261
12857.1,33746.6,13437.5,34239.5,0.4261
14385.8,14082.8,14720.0,14594.5,0.4261
9152.2,40563.3,9278.1,40640.0,0.4261
8340.2,11350.3,8955.0,11834.9,0.4261
27295.5,31680.4,27384.4,31805.6,0.4260
13834.8,6080.0,14392.7,6527.3,0.4260
18024.2,27063.2,18559.7,27520.0,0.4260
9526.6,24974.3,9599.8,25280.0,0.4259
15325.8,20804.9,15385.4,21014.0,0.4259
14759.5,0.0,15358.8,445.5,0.4259
24001.5,42814.7,24636.2,43200.0,0.4259
15361.4,39680.9,15447.5,39780.6,0.4257
7692.5,12618.0,8316.6,13013.9,0.4257
24884.4,11926.0,25280.0,12160.0,0.4257
17958.9,37989.2,18542.5,38400.0,0.4254
9041.0,7392.4,9278.4,7859.7,0.4254
3220.7,9290.4,3520.0,9917.2,0.4254
13456.3,3174.1,14080.0,3503.3,0.4254
25197.8,2422.4,25379.8,2876.8,0.4251
24640.6,34881.3,24951.3,35010.6,0.4250
25600.0,46721.8,25670.5,46846.4,0.4250
8685.9,26802.1,9278.5,27200.0,0.4249
8700.9,22080.5,9272.7,22512.1,0.4248
23651.3,48337.1,23712.8,48820.7,0.4248
3285.8,47680.0,3838.6,48218.3,0.4246
12279.9,35841.2,12480.0,35951.3,0.4246
28190.4,22720.0,28371.5,22924.8,0.4245
18142.4,28616.9,18240.0,29119.2,0.4242
16988.0,34033.1,17596.3,34422.5,0.4241
16320.3,42561.0,16481.5,42707.0,0.4240
19831.7,34745.6,20159.9,34879.6,0.4240
20032.0,4999.8,20159.9,5120.0,0.4238
22272.2,32166.4,22400.0,32634.9,0.4238
2033.1,4303.6,2560.0,4799.4,0.4236
24012.9,47270.2,24639.4,47676.6,0.4236
26616.0,40000.9,26879.7,40628.8,0.4235
14427.1,42100.5,15037.9,42550.9,0.4235
16194.9,22306.4,16320.0,22720.0,0.4234
22724.0,23360.0,23360.0,23461.7,0.4234
20098.6,31349.7,20160.0,31599.2,0.4234
23954.6,19204.2,24315.3,19671.6,0.4234
6440.9,29443.1,6720.0,29820.0,0.4234
6428.9,14080.0,6720.0,14281.1,0.4233
5578.1,23234.0,6080.0,23679.3,0.4233
3872.7,29761.5,4160.0,30024.6,0.4231
15810.3,33357.6,15999.2,33649.6,0.4230
13760.0,6236.6,14263.0,6712.8,0.4229
26881.7,40268.1,27092.8,40633.4,0.4227
3985.0,49395.8,4480.0,49918.5,0.4227
10304.4,30722.0,10560.0,31234.1,0.4226
12265.0,21456.1,12479.5,21760.0,0.4226
10252.8,5358.3,10876.5,5760.0,0.4226
15360.4,21495.8,15417.2,21890.3,0.4226
21533.3,4912.6,22067.5,5438.7,0.4225
27926.8,4993.5,28479.9,5433.9,0.4225
9994.9,1769.3,10558.3,2240.0,0.4224
18680.8,36317.8,18753.1,36798.5,0.4224
23991.9,700.0,24316.0,1280.0,0.4223
18140.5,33281.9,18560.0,33854.3,0.4223
17430.3,33495.8,17600.0,33600.0,0.4223
24559.7,19204.2,24960.0,19647.4,0.4222
19972.7,25601.3,20477.6,26080.3,0.4222
7188.9,46622.0,7358.5,46720.0,0.4221
20906.2,10458.2,21435.5,10876.7,0.4220
26882.6,9395.4,27034.6,9599.8,0.4220
10340.0,34693.8,10560.0,34879.4,0.4219
27682.6,45198.2,28147.9,45760.0,0.4219
26370.5,4801.7,26559.5,4980.4,0.4218
21182.1,22768.0,21440.0,23048.6,0.4218
18439.5,41605.2,18559.9,42146.3,0.4217
28411.8,46503.2,28693.5,46720.0,0.4217
21226.9,27144.3,21758.8,27509.8,0.4217
14280.5,50136.3,14399.6,50240.0,0.4216
10241.4,38188.8,10344.0,38282.9,0.4216
10463.2,2781.4,10560.0,3199.3,0.4216
2647.6,5265.1,3196.7,5758.6,0.4216
12800.0,48640.1,13043.6,48793.4,0.4216
27201.1,12814.5,27348.3,13254.1,0.4215
16074.6,30300.7,16299.7,30720.0,0.4215
15691.8,42520.8,16318.5,42880.0,0.4215
28423.3,22234.2,28791.8,22376.5,0.4214
26169.1,24457.9,26236.9,24955.1,0.4213
4480.0,16001.7,5110.5,16201.9,0.4213
19636.5,41176.5,20155.2,41600.0,0.4213
11541.7,20381.3,12157.9,20800.0,0.4212
21617.9,38080.0,21861.8,38265.5,0.4211
2127.2,2724.7,2239.5,3188.5,0.4210
8320.0,34300.8,8590.5,34627.6,0.4210
14650.2,9839.2,15039.4,10239.0,0.4209
16473.8,33465.5,16949.6,33920.0,0.4209
19648.9,36724.0,19710.0,37118.0,0.4208
14423.5,46658.4,15038.0,47040.0,0.4208
15783.4,36803.8,16316.4,37232.8,0.4207
24010.9,20993.3,24637.9,21440.0,0.4207
13445.9,17604.3,13760.0,18178.0,0.4207
15603.0,25603.2,15659.4,25819.2,0.4206
23683.4,19485.7,24040.8,19814.2,0.4206
20286.4,18463.9,20724.4,18880.0,0.4206
27980.6,22368.3,28158.7,22704.4,0.4206
8697.6,34638.3,9274.9,34756.4,0.4205
21569.5,1716.0,22080.0,2233.4,0.4205
7744.2,10243.4,8318.7,10858.7,0.4204
22080.3,41285.6,22512.5,41670.5,0.4204
21936.2,2639.9,22400.0,3200.0,0.4204
25055.6,1280.0,25511.7,1768.2,0.4203
18934.0,33981.3,19004.6,34240.0,0.4203
15834.1,14575.6,16320.0,15039.0,0.4202
26622.0,19442.7,26879.9,19840.0,0.4200
14722.1,5590.2,15176.0,6078.5,0.4199
27665.0,4800.0,28160.0,5299.9,0.4198
20917.5,224.4,21120.0,631.2,0.4195
6400.0,34751.6,6491.4,35186.3,0.4195
15465.7,18562.8,15773.3,19095.1,0.4195
6731.2,146.1,7358.9,637.0,0.4194
27968.0,3008.4,28478.2,3520.0,0.4193
9519.9,22400.0,9917.4,22560.6,0.4192
14605.0,27521.0,14720.0,27653.4,0.4191
14083.8,330.1,14405.3,529.8,0.4191
15392.5,27200.0,15660.2,27699.7,0.4190
27200.9,12930.1,27279.1,13120.0,0.4190
18203.7,7361.8,18558.3,7468.1,0.4190
17937.8,12963.9,18557.2,13417.6,0.4190
17600.0,34882.1,17681.3,35057.1,0.4189
20800.0,17659.5,20933.6,17750.8,0.4189
14754.6,7275.0,15356.5,7680.0,0.4186
15722.8,3038.0,16317.1,3496.5,0.4186
26813.6,29447.6,27195.1,29821.7,0.4185
5702.9,4294.2,6080.0,4798.7,0.4185
10560.3,34880.0,10948.0,34998.8,0.4184
20486.0,34560.0,21117.8,34899.3,0.4184
26159.2,10590.4,26560.0,11090.5,0.4184
9601.5,37839.2,9685.9,37959.3,0.4183
26740.9,36456.8,27194.8,36800.0,0.4183
26240.0,22720.0,26428.6,22874.3,0.4182
24322.5,23360.0,24696.5,23542.5,0.4182
19251.2,38718.4,19359.0,39038.5,0.4182
16320.0,39680.2,16680.5,39940.2,0.4181
27741.8,22080.1,27980.9,22213.2,0.4180
24733.8,20054.5,25280.0,20480.0,0.4180
24805.0,2560.0,24959.9,3041.8,0.4180
5608.5,31626.4,5759.8,31998.8,0.4180
24001.8,29024.8,24227.8,29416.6,0.4178
27870.5,50646.2,27967.2,51200.0,0.4177
3699.7,47475.0,4159.2,48000.0,0.4177
24471.0,14904.5,24639.4,15215.6,0.4176
17693.6,1807.9,18239.0,2237.9,0.4175
18100.5,29774.9,18559.5,30327.2,0.4175
5626.4,14405.9,6067.6,14637.9,0.4175
23360.8,42560.0,23996.7,42847.4,0.4175
6346.2,38000.6,6412.6,38400.0,0.4174
13761.5,29638.7,14050.6,30028.6,0.4173
23758.4,47512.5,24318.3,48000.0,0.4173
25466.1,7683.0,25806.6,7928.9,0.4172
7051.2,4161.8,7680.0,4577.9,0.4172
2719.2,10245.4,3148.9,10634.7,0.4172
23566.3,15680.0,23622.4,15840.9,0.4172
17347.8,48965.4,17915.5,49280.0,0.4172
24139.3,15598.0,24320.0,16000.0,0.4172
23225.3,32650.0,23459.5,32988.0,0.4172
8133.9,30669.9,8320.0,31039.3,0.4170
12893.9,9094.3,13434.8,9596.2,0.4170
27521.8,960.0,27629.6,1187.7,0.4170
15040.0,6331.3,15194.3,6400.0,0.4170
17657.7,5440.4,18088.7,5838.5,0.4170
14995.6,15878.9,15074.0,16314.4,0.4169
25949.0,4388.7,26559.2,4800.0,0.4169
26447.5,15360.0,26560.0,15791.2,0.4169
13760.0,38819.2,13830.2,39360.0,0.4169
23360.0,20167.6,23566.7,20675.4,0.4169
24526.4,19920.8,24956.3,20476.3,0.4169
27520.0,15040.0,27597.8,15535.2,0.4168
6805.6,2560.0,7356.1,2943.9,0.4168
28497.9,9212.9,28606.6,9279.7,0.4166
22020.6,32219.1,22078.4,32320.0,0.4166
19020.2,31360.0,19520.0,31892.6,0.4165
4964.9,1632.2,5119.9,1920.0,0.4165
18880.0,50765.1,19029.8,50878.9,0.4165
16000.0,39087.0,16119.7,39346.0,0.4165
27086.4,6892.7,27196.3,7274.0,0.4162
15679.4,16803.4,16000.0,17278.7,0.4162
8627.3,968.7,8959.9,1591.5,0.4162
25889.0,3.9,26240.0,316.0,0.4162
12188.1,19544.3,12478.4,19840.0,0.4161
7148.8,35011.9,7227.8,35066.4,0.4160
26880.0,40362.3,27102.3,40960.0,0.4160
27292.5,16086.4,27833.0,16640.0,0.4160
11845.1,34314.0,12160.0,34880.0,0.4158
18228.7,35586.7,18560.0,36160.0,0.4158
28715.8,37496.9,28800.0,37758.4,0.4157
27067.5,49658.5,27311.1,49700.9,0.4156
27918.2,24221.2,28059.7,24320.0,0.4156
25285.4,38031.2,25765.9,38392.2,0.4156
18388.8,11041.4,18559.6,11347.8,0.4155
26506.4,324.3,26878.7,854.5,0.4154
23499.4,35837.1,23965.9,36159.8,0.4154
6880.9,42153.7,6999.3,42555.6,0.4154
6643.4,37761.8,6710.3,37972.6,0.4153
26150.9,38642.9,26239.2,39037.9,0.4153
27536.9,15362.1,27702.4,15907.3,0.4153
27099.2,39721.3,27200.0,40302.5,0.4152
8795.2,4945.4,8960.0,5430.5,0.4152
23762.5,23454.2,23998.3,23955.8,0.4151
19111.3,38080.0,19176.1,38228.4,0.4151
4737.4,2464.8,5120.0,2878.9,0.4150
16642.8,27458.8,16812.7,27839.8,0.4150
5491.4,44160.9,5760.0,44610.2,0.4149
25951.2,32000.0,26240.0,32461.4,0.4149
24048.3,29762.5,24636.2,29885.7,0.4149
7820.5,40001.4,8311.1,40427.7,0.4147
18969.8,20939.4,19514.0,21439.3,0.4147
15040.0,15272.9,15154.6,15680.0,0.4147
8044.5,27735.3,8637.8,28160.0,0.4147
16140.4,48746.7,16319.7,48958.5,0.4146
22876.4,47680.0,23039.1,47730.9,0.4145
16578.5,31875.4,16960.0,32319.4,0.4145
22518.9,20178.9,22723.6,20785.8,0.4144
20580.3,9769.8,21120.0,10240.0,0.4144
14400.0,15250.5,14903.0,15680.0,0.4143
13532.8,16553.4,13678.1,16959.7,0.4141
12831.2,22726.8,13437.2,23075.6,0.4141
15647.7,28800.0,15976.1,29297.4,0.4141
28373.0,27438.9,28479.5,27519.6,0.4140
8141.2,47042.1,8640.0,47542.4,0.4139
23360.0,11995.0,23998.0,12409.8,0.4138
3457.5,9486.1,3840.0,9920.0,0.4138
14080.0,14726.4,14581.7,15102.2,0.4137
11580.2,9775.3,12157.3,10239.3,0.4136
20480.4,31681.0,20606.0,31896.7,0.4136
22969.3,28961.7,23040.0,29439.7,0.4136
9660.5,33923.4,9919.8,34497.9,0.4136
20800.8,43840.8,21013.0,44060.7,0.4136
25600.0,24530.2,25734.1,24960.0,0.4135
24629.1,35322.5,24960.0,35715.7,0.4135
19520.1,323.0,20160.0,638.8,0.4135
16357.8,11595.3,16597.0,11836.9,0.4134
6261.7,37673.7,6364.2,38080.0,0.4134
25120.6,39040.9,25600.0,39637.4,0.4134
15738.8,32180.6,16204.4,32638.0,0.4133
28292.2,32701.4,28927.4,32944.7,0.4133
8424.4,8960.0,8640.0,9192.3,0.4133
5826.3,31114.9,6384.1,31680.0,0.4132
22080.7,13440.4,22424.4,13698.1,0.4130
3084.7,8000.0,3199.8,8240.9,0.4130
19273.7,13976.8,19838.5,14393.1,0.4130
8742.9,9699.9,9276.2,10236.7,0.4129
19016.0,24237.8,19154.5,24640.0,0.4128
26408.4,39457.9,26880.0,40000.0,0.4127
3873.5,29674.6,4480.0,30080.0,0.4126
18388.8,3203.6,18559.7,3435.6,0.4126
15435.3,25444.4,15573.3,25919.2,0.4126
21440.0,38401.5,22041.7,38573.0,0.4125
22468.8,42336.5,22611.5,42559.3,0.4125
12480.3,31041.5,13117.6,31237.1,0.4123
15194.5,38560.5,15679.3,38665.1,0.4122
5490.9,19597.8,6077.8,19839.8,0.4122
4615.9,30083.5,4799.9,30660.5,0.4122
20162.1,8321.1,20336.4,8468.3,0.4121
26560.0,11202.4,26687.1,11709.3,0.4121
18560.0,1139.5,19179.6,1596.0,0.4119
24965.3,45648.4,25096.8,46078.4,0.4118
20357.9,31358.1,20479.5,31507.8,0.4117
6999.0,29662.6,7360.0,30079.9,0.4116
21760.0,32015.1,22397.0,32320.0,0.4115
25267.1,48644.4,25600.0,48951.6,0.4115
15818.2,24002.5,16320.0,24518.6,0.4113
16973.0,50560.0,17594.5,50985.7,0.4113
13463.0,27392.2,13660.6,27477.7,0.4113
12589.4,38517.1,12703.3,38664.2,0.4113
23814.7,46784.3,23998.0,47360.0,0.4112
19097.2,36503.9,19200.0,36989.5,0.4112
28711.5,26392.7,28799.5,26554.4,0.4112
19091.6,37779.3,19154.2,38078.4,0.4112
27425.2,43521.8,27520.0,43798.6,0.4111
13091.9,11841.1,13437.5,11956.9,0.4110
14420.9,46084.8,15037.3,46526.6,0.4110
23360.0,8960.3,23763.8,9074.3,0.4109
25508.0,27202.2,25599.1,27573.8,0.4109
2954.4,7682.9,3515.6,8207.1,0.4108
8577.3,8633.1,8639.6,8958.3,0.4107
26460.2,40022.7,26598.4,40491.0,0.4107
28446.2,34373.1,28769.6,34560.0,0.4107
15566.1,35002.6,15680.0,35513.6,0.4106
24075.0,49464.4,24639.4,49773.3,0.4106
5277.3,48650.4,5439.3,48959.9,0.4105
7163.7,41170.4,7677.7,41596.4,0.4105
7993.0,30476.7,8317.8,30718.3,0.4104
13704.2,21609.5,13759.4,22061.1,0.4104
12855.6,42718.8,13438.7,43199.4,0.4103
24218.8,27437.5,24318.7,27519.9,0.4102
15625.5,21974.5,16000.0,22399.8,0.4102
24779.8,37212.8,24960.0,37258.4,0.4102
7128.2,5120.9,7359.2,5494.0,0.4100
14723.6,6595.9,15249.5,7040.0,0.4100
28288.0,28439.0,28465.4,28785.5,0.4099
13442.5,43752.7,13521.0,44160.0,0.4098
15681.9,2011.3,16320.0,2322.3,0.4098
27967.3,41124.2,28159.6,41583.9,0.4098
18256.7,1049.9,18558.4,1279.1,0.4098
7813.0,41382.6,8000.0,41916.9,0.4098
27368.4,49677.5,27520.0,49718.5,0.4097
13760.6,14080.8,13856.7,14184.0,0.4096
20480.3,41859.9,20646.8,41920.0,0.4096
21121.7,37002.2,21330.9,37440.0,0.4094
5449.3,4711.5,6079.1,5120.0,0.4092
18424.6,50242.3,18874.7,50637.0,0.4092
22012.8,32222.6,22080.0,32467.3,0.4092
16454.5,18976.9,16955.1,19520.0,0.4092
12086.4,28231.7,12159.9,28478.7,0.4091
27996.5,44689.0,28160.0,44764.8,0.4089
6674.5,14122.6,7040.0,14400.0,0.4089
26156.0,25538.0,26240.0,25885.2,0.4089
18125.6,16000.0,18239.6,16092.7,0.4088
28077.2,28480.7,28207.1,28565.4,0.4088
9293.7,40535.3,9918.7,40960.0,0.4088
19115.8,38765.3,19178.5,39355.7,0.4088
18880.0,36251.9,19069.5,36800.0,0.4088
25035.3,33368.9,25182.2,33658.9,0.4087
18411.7,25927.4,18816.5,26397.4,0.4086
15398.8,41480.8,15997.8,41918.6,0.4086
7062.2,37653.4,7680.0,38080.0,0.4086
27896.9,35611.2,28159.9,35969.7,0.4085
25209.2,2908.5,25280.0,3198.8,0.4084
23361.9,33621.7,23520.3,33919.1,0.4084
13215.7,44935.7,13754.6,45437.8,0.4084
22806.4,418.6,23351.9,960.0,0.4083
12803.4,40922.6,13437.8,41279.8,0.4083
6686.1,40960.0,7039.2,41571.2,0.4082
11265.0,45952.7,11838.5,46393.7,0.4082
18283.2,31382.7,18879.9,31680.0,0.4081
10578.5,24876.9,11200.0,25280.0,0.4080
18329.5,20800.7,18560.0,21294.5,0.4079
15603.0,40001.3,16000.0,40091.2,0.4079
7774.9,2744.4,8320.0,3199.0,0.4078
2437.8,3520.0,2875.6,4014.8,0.4078
14405.5,19024.6,14848.1,19519.3,0.4077
28245.3,10887.1,28798.7,11144.0,0.4076
8320.7,1600.3,8667.6,1800.7,0.4076
9655.8,39198.2,9918.0,39680.0,0.4075
19308.4,39363.3,19399.8,39794.2,0.4074
20160.1,23360.0,20798.9,23464.6,0.4074
801.7,2894.7,959.5,3339.5,0.4072
5760.7,7041.3,5983.6,7246.7,0.4071
19624.8,36808.9,19982.7,37161.1,0.4070
9001.9,9281.6,9598.8,9775.9,0.4070
25601.2,33462.2,25985.0,33916.4,0.4070
28211.7,47920.9,28310.0,48041.8,0.4067
8675.4,27835.4,9280.0,28160.0,0.4067
1032.9,5020.2,1599.7,5438.7,0.4067
19569.4,18933.2,20155.3,19520.0,0.4067
20481.1,4160.3,20634.1,4290.4,0.4067
9412.3,18.1,9915.9,436.8,0.4066
27542.1,22888.9,27858.3,23023.4,0.4065
4480.0,3840.0,4840.5,4268.7,0.4064
15680.0,30444.7,16069.7,31040.0,0.4064
14084.1,37708.8,14714.9,38080.0,0.4064
21762.7,49206.6,22390.1,49600.0,0.4063
11840.0,48941.5,12019.7,49278.2,0.4062
7196.4,45331.8,7359.1,45439.6,0.4062
19051.7,16320.6,19139.2,16409.4,0.4061
19520.0,3531.3,19646.5,4075.9,0.4061
5269.9,13912.6,5440.0,14355.0,0.4061
23393.4,27504.4,23997.1,27840.0,0.4060
13866.9,17280.0,13969.8,17399.7,0.4059
21831.1,22287.3,22397.7,22720.0,0.4059
24043.5,43755.0,24634.6,44160.0,0.4057
4931.0,3842.2,5120.0,4003.7,0.4056
1309.4,6739.6,1907.3,7040.0,0.4055
16866.0,24331.1,16960.0,24742.5,0.4054
2.1,11200.7,237.6,11281.8,0.4053
19522.8,12003.0,20150.3,12477.7,0.4053
21446.3,11841.9,21661.6,12372.1,0.4053
19223.6,14401.8,19835.7,14513.3,0.4052
6780.5,12195.1,7360.0,12734.8,0.4051
24515.7,39049.9,24599.1,39359.4,0.4051
26091.2,37123.2,26238.7,37698.1,0.4049
13509.1,15557.4,14075.3,16000.0,0.4049
22441.7,13440.0,23033.9,13970.4,0.4048
27200.0,7470.1,27563.4,7671.7,0.4048
13497.2,38925.0,14074.6,39360.0,0.4048
19580.4,33489.9,19662.2,33920.0,0.4048
22275.4,38262.1,22718.0,38720.0,0.4047
20196.1,1280.0,20799.5,1730.6,0.4046
28160.0,50670.4,28537.9,50955.1,0.4046
28538.9,45441.6,28798.7,45568.3,0.4045
15100.4,26555.1,15177.4,26878.8,0.4045
20803.9,1265.9,21438.3,1596.4,0.4045
27200.0,22196.7,27354.1,22328.8,0.4045
20801.2,27124.0,21440.0,27520.0,0.4044
8157.6,42349.8,8320.0,42879.8,0.4043
13833.5,41002.2,14395.5,41431.1,0.4043
9486.6,50154.3,9919.7,50560.0,0.4043
18676.3,16399.3,18780.2,16721.3,0.4043
19210.8,43202.9,19519.1,43641.7,0.4043
6558.7,34765.2,7030.5,35191.9,0.4042
26234.1,31566.6,26458.9,31999.8,0.4041
7040.6,12301.7,7359.5,12800.0,0.4041
23043.2,46816.2,23678.5,46936.2,0.4040
2696.4,1607.6,3200.0,2070.7,0.4039
16995.1,22909.2,17599.3,23356.2,0.4039
18473.3,25921.3,18560.0,26021.2,0.4037
8641.5,25332.5,8746.7,25513.2,0.4037
17922.1,36171.1,18069.5,36643.9,0.4037
27532.0,17520.9,27669.2,17920.0,0.4036
23052.4,50769.2,23674.4,51200.0,0.4036
23359.8,27840.0,23678.7,28277.3,0.4035
19635.0,39695.0,19833.2,40000.0,0.4035
14770.5,40961.2,15356.6,41407.3,0.4035
10632.4,20908.6,11196.4,21437.4,0.4034
20619.7,2560.3,21115.5,3037.9,0.4034
23177.4,14082.4,23432.2,14629.0,0.4033
27990.4,30400.0,28159.1,30872.4,0.4033
11385.9,25901.6,11519.0,25985.5,0.4033
20817.2,29957.9,21438.8,30394.4,0.4032
7041.3,17.6,7238.1,253.7,0.4032
18104.2,18242.1,18541.1,18751.1,0.4032
12173.8,31040.0,12796.6,31196.4,0.4031
15126.7,10134.6,15675.9,10559.6,0.4030
26711.2,40640.0,26879.7,41242.4,0.4030
18753.1,18411.9,19196.4,18880.0,0.4030
16961.1,34560.0,17594.9,34674.6,0.4029
15266.7,17762.1,15382.0,18238.6,0.4029
27562.5,23629.9,27644.5,23821.2,0.4028
26180.2,35312.6,26508.2,35840.0,0.4028
5502.0,10881.3,6078.5,11300.8,0.4028
27200.4,23369.4,27360.8,23560.0,0.4027
7048.9,37452.9,7680.0,37760.0,0.4027
10970.5,8720.7,11518.3,9280.0,0.4026
26246.5,28340.3,26386.8,28797.5,0.4026
17688.2,19426.8,18236.7,19840.0,0.4025
13129.8,34904.3,13759.5,35200.0,0.4025
1481.1,10135.2,1599.2,10240.0,0.4025
16965.3,23399.6,17598.2,23791.2,0.4023
16673.4,43843.1,17279.4,44353.6,0.4023
11840.6,18563.6,12472.2,19031.5,0.4023
18339.9,50452.8,18878.3,50879.3,0.4023
13120.0,18564.1,13262.4,19058.1,0.4023
10966.6,5353.7,11517.1,5754.8,0.4023
19200.2,15960.9,19446.1,16113.1,0.4022
18286.6,2880.0,18560.0,3401.8,0.4022
7091.2,25744.5,7679.8,26238.9,0.4022
18220.8,12235.0,18560.0,12478.7,0.4022
28303.3,21127.8,28927.1,21501.5,0.4021
7324.2,9973.7,7679.4,10238.9,0.4020
17601.1,14875.1,18196.9,15355.6,0.4019
13440.0,8240.6,13578.5,8320.0,0.4019
13738.6,30400.0,14079.1,30913.6,0.4018
5969.5,41795.8,6080.0,41920.0,0.4018
27568.4,39273.4,27667.3,39676.0,0.4017
15633.3,31044.3,15723.1,31359.5,0.4016
10281.8,22610.2,10871.0,23040.0,0.4016
427.9,48541.1,956.4,48960.0,0.4016
15686.2,49920.2,16161.6,50076.2,0.4015
15537.8,16325.4,15680.0,16859.3,0.4014
1559.4,1486.7,1919.9,1918.1,0.4014
5779.6,14604.8,6400.0,15040.0,0.4013
15040.0,30081.1,15170.7,30224.0,0.4013
12166.3,31720.9,12478.2,31999.7,0.4012
6850.2,27202.0,7358.1,27702.1,0.4011
3520.0,10433.5,4058.6,10880.0,0.4010
14739.5,15040.0,15040.0,15634.4,0.4010
15627.9,18490.3,15770.1,18879.7,0.4009
26882.7,30407.1,27004.2,30717.3,0.4009
19850.1,50560.6,20478.3,50948.4,0.4007
24334.4,6311.6,24958.4,6720.0,0.4007
18944.4,33920.0,19512.8,34109.0,0.4005
14308.6,48004.5,14719.1,48270.4,0.4005
19520.5,14720.1,19839.6,15231.7,0.4003
19217.4,25680.3,19491.3,26239.5,0.4003
20341.1,24546.4,20799.1,24960.0,0.4003
14559.3,20056.8,15039.6,20478.7,0.4002
26403.7,34240.0,26560.0,34725.7,0.4002
14406.5,31915.0,15040.0,32320.0,0.4002
6421.9,3077.1,7039.0,3519.4,0.4002
26323.2,38506.1,26738.8,39040.0,0.4001
27829.3,10562.5,28156.6,10824.3,0.4000
13121.2,39944.1,13273.4,40309.9,0.4000
24582.8,35097.5,24652.6,35365.7,0.4000
21671.2,29827.4,21760.0,30079.1,0.3999
15685.0,22722.4,16270.7,23227.1,0.3999
21450.1,15040.4,21904.3,15135.4,0.3999
9716.9,6747.9,10239.7,7038.4,0.3997
12949.8,11019.0,13119.3,11449.2,0.3996
9324.5,13760.9,9600.0,13919.8,0.3996
7682.5,25374.1,7829.5,25917.6,0.3994
22071.8,34170.3,22396.2,34559.4,0.3993
15494.2,16028.8,15680.0,16636.7,0.3993
27906.6,9940.9,28158.2,10460.8,0.3992
11293.2,35942.3,11840.0,36477.2,0.3991
1650.1,11074.8,2237.9,11520.0,0.3991
26880.0,29773.7,27049.1,30395.1,0.3991
28374.7,10560.1,28799.8,10643.6,0.3991
28372.6,41103.0,28775.9,41600.0,0.3990
15044.4,8.8,15676.9,459.7,0.3989
9998.1,45228.9,10552.5,45760.0,0.3989
2813.7,13442.7,3200.0,13891.6,0.3987
2376.7,6621.1,2875.0,7021.4,0.3987
28396.6,38308.0,28798.8,38400.0,0.3986
10640.4,6725.3,11196.0,7344.6,0.3986
25921.1,32476.3,26083.1,32639.5,0.3986
1371.5,2560.9,1600.0,2870.1,0.3986
21858.6,12350.1,22397.5,12800.0,0.3985
25910.1,34767.2,26049.0,35196.0,0.3985
22202.4,38080.0,22715.0,38241.6,0.3985
10942.5,20485.7,11517.2,21098.9,0.3985
20518.5,23641.4,21117.0,24000.0,0.3983
22427.2,19309.9,22720.0,19840.0,0.3982
21120.9,29267.9,21265.4,29440.0,0.3981
26896.4,13120.0,27518.3,13578.2,0.3979
16248.1,4863.5,16640.0,5440.0,0.3979
28754.0,40434.1,28917.0,40960.0,0.3978
9057.9,8963.7,9599.0,9496.3,0.3978
3200.0,6720.0,3836.6,6871.8,0.3977
27977.9,40010.0,28159.7,40452.3,0.3976
6629.8,6400.2,7040.0,6881.9,0.3976
26560.0,17375.2,27197.2,17600.0,0.3976
17054.8,35781.2,17592.0,36160.0,0.3975
22508.4,21120.0,23038.1,21290.7,0.3975
28639.7,30083.3,28928.0,30649.6,0.3975
28002.2,42455.1,28160.0,42878.7,0.3974
17920.0,6722.5,18018.6,7109.2,0.3974
24962.4,17600.0,25099.2,17783.7,0.3974
15364.1,39410.8,15851.4,39679.9,0.3973
23040.0,15360.0,23326.4,15831.3,0.3973
15058.1,50240.0,15677.3,50680.6,0.3972
26165.3,24193.1,26221.2,24477.9,0.3972
25420.3,48322.1,25916.1,48869.1,0.3972
27217.3,17602.3,27838.2,18051.4,0.3972
17602.6,30085.1,17752.3,30552.7,0.3971
8735.1,32493.8,9272.7,32941.8,0.3971
25236.6,13546.7,25599.0,13754.8,0.3971
16028.6,29367.1,16637.1,29760.0,0.3970
26150.9,23886.5,26236.7,24320.0,0.3969
5854.0,22549.4,6394.3,23040.0,0.3968
14080.0,17924.7,14166.7,18208.8,0.3968
12491.6,14733.6,13079.8,15322.0,0.3968
24973.2,5394.7,25598.0,5755.9,0.3967
23360.0,44267.2,23997.9,44582.2,0.3966
2560.0,14790.5,2801.7,15039.7,0.3966
11520.0,14987.5,11638.0,15040.0,0.3965
9314.5,34561.0,9877.1,34672.9,0.3965
15974.8,18667.8,16046.5,19200.0,0.3964
11085.9,40321.6,11156.6,40391.8,0.3964
19241.1,12019.0,19840.0,12479.7,0.3963
25280.1,37760.1,25779.7,37862.4,0.3963
12485.6,26156.3,13120.0,26500.9,0.3963
14815.6,18624.0,15354.0,19200.0,0.3963
19842.6,33921.3,20159.2,34029.2,0.3963
25600.0,26880.0,25977.7,27321.8,0.3963
6259.5,43106.9,6400.0,43199.5,0.3963
28717.1,38948.3,28800.0,39359.3,0.3963
28160.0,6765.5,28314.3,7158.2,0.3961
10884.8,11115.3,11517.7,11520.0,0.3961
21512.3,29579.5,22075.0,30073.4,0.3959
21828.4,25280.0,22078.6,25919.1,0.3958
27629.0,23284.2,27828.7,23679.7,0.3958
18880.0,48002.3,19334.4,48435.5,0.3958
20880.8,10695.2,21436.8,11196.5,0.3958
3922.6,4800.7,4480.0,5282.7,0.3957
14083.5,20167.9,14223.5,20478.1,0.3956
6702.7,5442.0,7040.0,5709.4,0.3955
4865.0,14720.2,5119.9,15021.0,0.3954
8320.3,29780.3,8513.6,30171.9,0.3954
17424.1,12175.9,17599.2,12454.8,0.3954
3601.7,22538.6,4153.4,23038.8,0.3954
25869.3,23599.8,26124.2,24000.0,0.3954
6401.0,15611.7,6564.3,15997.1,0.3953
6177.9,35406.4,6238.1,35840.0,0.3953
17143.5,26872.4,17279.9,27199.1,0.3953
10975.1,23140.8,11519.5,23548.8,0.3951
11959.8,17920.9,12120.8,17995.3,0.3950
9765.2,35637.3,9920.0,36160.0,0.3948
23016.6,49438.4,23360.0,49833.4,0.3948
27520.0,16354.3,27619.3,16960.0,0.3948
16320.0,13761.8,16959.6,14028.6,0.3946
18561.7,47456.0,18651.9,47670.4,0.3946
8960.6,32961.0,9209.3,33044.1,0.3945
14862.7,20171.5,15360.0,20502.9,0.3945
16485.8,29837.3,16640.0,30400.0,0.3945
16306.8,48407.8,16639.7,48960.0,0.3944
23862.1,17922.6,23999.9,18101.2,0.3944
25288.1,43714.7,25920.0,44158.8,0.3944
18240.0,39058.7,18398.8,39588.8,0.3944
28574.4,42563.3,28794.8,43148.4,0.3944
20585.5,24641.5,20799.5,24863.1,0.3943
19305.2,4687.5,19835.3,5118.3,0.3942
24002.3,21568.7,24194.6,22080.0,0.3942
14451.6,14091.1,15028.8,14604.8,0.3942
28160.0,351.5,28528.7,685.6,0.3941
25280.0,2974.5,25440.3,3510.4,0.3940
25392.8,44497.4,25510.4,44776.8,0.3940
22097.3,30801.6,22376.4,31358.7,0.3940
7127.9,13338.2,7678.2,13760.0,0.3940
16246.7,2.3,16634.8,284.8,0.3940
19210.8,35242.4,19838.1,35378.9,0.3940
24640.0,43116.2,24704.0,43516.1,0.3938
26712.2,36801.0,27192.0,37120.0,0.3937
14805.9,19656.4,14896.2,20152.5,0.3936
27520.2,26325.2,27666.3,26398.7,0.3936
12004.1,34573.8,12478.7,34880.0,0.3936
25280.0,41874.1,25388.6,42234.3,0.3935
14893.5,46930.7,15040.0,47039.9,0.3935
19426.5,34109.3,19519.6,34239.6,0.3934
16899.6,21123.9,16959.6,21300.3,0.3934
16345.8,19522.4,16505.6,19844.5,0.3933
8008.8,13440.3,8637.0,13645.2,0.3933
7690.7,44340.2,8000.0,44480.0,0.3932
22722.8,27415.3,22846.9,27775.6,0.3931
14196.5,11840.8,14720.0,12437.3,0.3931
23680.0,32289.0,23770.2,32640.0,0.3930
27754.1,31040.7,27840.0,31140.7,0.3930
13909.6,45124.5,14079.7,45719.8,0.3929
9957.5,23806.9,10239.4,23999.3,0.3929
933.5,1944.5,1278.7,2240.0,0.3928
20247.7,23461.9,20479.5,23679.4,0.3928
21121.5,23829.2,21276.6,24320.0,0.3928
14724.5,9931.2,15355.4,10265.7,0.3928
16640.0,42884.5,16812.5,43368.5,0.3928
28700.1,38629.3,28910.7,39039.3,0.3927
4300.9,39793.2,4800.0,40317.8,0.3926
6835.9,41600.0,7040.0,42204.4,0.3925
27720.3,17601.8,27837.9,17715.1,0.3925
641.1,13121.4,773.5,13270.0,0.3925
16320.0,5641.1,16803.4,6078.4,0.3924
21436.9,31105.4,21563.3,31359.8,0.3924
25280.0,26535.5,25916.6,26880.0,0.3923
18562.8,25600.0,18783.2,26230.8,0.3922
21735.8,47881.5,21846.6,48000.0,0.3920
7680.0,3070.2,7872.8,3199.4,0.3920
13760.1,24643.8,13885.8,25128.5,0.3920
9281.8,42563.2,9416.6,42742.3,0.3917
22722.8,26554.8,23359.7,26879.3,0.3917
26132.7,34244.3,26400.8,34687.1,0.3917
5859.2,14090.6,6397.6,14477.8,0.3916
18759.9,21985.0,18880.0,22400.0,0.3914
5154.2,28440.7,5752.5,28797.6,0.3914
19200.0,30683.3,19423.8,30720.0,0.3914
7532.2,36737.8,7680.0,36800.0,0.3913
13446.5,32321.1,14076.2,32733.0,0.3913
7741.3,9280.0,8000.0,9555.1,0.3913
23157.8,47535.1,23358.7,47680.0,0.3913
17920.0,35901.5,18255.1,36480.0,0.3913
8036.5,27380.9,8635.6,27839.0,0.3912
19096.9,29995.7,19516.8,30400.0,0.3912
8083.4,33600.0,8555.2,34090.9,0.3912
20859.2,2623.7,21120.0,3195.1,0.3911
26240.0,37288.8,26722.4,37741.0,0.3910
28387.7,35015.4,28800.0,35516.0,0.3910
16961.7,16962.0,17082.7,17107.9,0.3909
17600.0,23915.8,17714.8,24314.7,0.3909
14329.6,25705.1,14400.0,26027.0,0.3909
6149.5,32651.2,6227.6,33060.8,0.3909
14465.0,35441.3,15038.3,35840.0,0.3907
7717.7,41024.7,8317.7,41280.0,0.3907
15900.1,31226.7,16000.0,31360.0,0.3907
12160.7,8465.4,12478.8,8638.1,0.3906
8809.2,44480.4,8959.4,44704.7,0.3904
6025.5,14721.4,6400.0,15244.0,0.3904
26241.0,29958.3,26465.5,30400.0,0.3904
16355.9,7542.3,16960.0,7996.4,0.3903
11905.1,32236.0,12479.0,32640.0,0.3903
28160.0,5166.2,28282.8,5277.6,0.3902
17648.7,10943.4,18230.6,11518.3,0.3901
15865.5,18429.9,16312.0,18880.0,0.3901
24001.6,5440.0,24639.1,5631.8,0.3900
11841.5,40854.8,11907.5,40960.0,0.3899
6341.0,38561.8,6398.6,39035.5,0.3898
27903.3,34562.9,28478.0,35097.0,0.3898
25916.6,44163.4,25977.0,44422.2,0.3895
25039.6,30173.1,25254.1,30334.3,0.3895
3210.2,22745.5,3838.2,23040.0,0.3895
24642.5,25330.4,24758.1,25662.5,0.3894
22477.2,48508.6,23039.9,48957.1,0.3893
6335.0,4894.4,6720.0,5433.9,0.3892
13275.1,48511.3,13736.5,48639.1,0.3891
25282.5,30720.0,25562.6,31352.8,0.3890
15196.7,17280.9,15679.6,17901.3,0.3890
24393.9,493.9,24637.0,638.7,0.3889
18560.0,16412.5,18684.6,16869.3,0.3889
5793.6,10240.5,6398.9,10708.3,0.3887
24000.0,3935.6,24638.4,4160.0,0.3887
16411.1,50700.0,16955.8,51200.0,0.3887
10914.3,23505.6,11518.2,23857.4,0.3886
23680.0,37440.0,24317.1,37727.1,0.3886
19120.9,4223.1,19515.7,4480.0,0.3886
21440.2,31681.4,21590.9,31791.7,0.3886
16025.6,18882.2,16093.2,19459.7,0.3886
26880.5,8590.9,27516.0,8960.0,0.3885
9603.0,2886.0,10232.3,3278.5,0.3885
28160.0,48654.5,28262.8,49088.7,0.3884
15381.5,39808.0,16000.0,40106.3,0.3884
17599.4,31040.0,17920.0,31674.8,0.3883
11520.0,28435.9,12157.6,28800.0,0.3883
18178.2,3520.0,18558.0,3675.3,0.3883
18009.7,32412.6,18240.0,32639.7,0.3883
2094.6,13982.7,2239.0,14080.0,0.3882
12610.2,5455.7,12799.6,5884.7,0.3881
14615.6,31045.5,14719.8,31591.8,0.3881
18681.9,36393.7,19193.2,36800.0,0.3881
6081.4,3936.8,6184.3,4084.2,0.3881
15769.4,47871.2,16315.8,48000.0,0.3881
25280.0,24326.7,25666.2,24761.1,0.3881
24960.0,24567.9,25061.6,24959.6,0.3880
23134.7,16400.3,23360.0,16565.7,0.3879
19840.4,43202.5,20200.2,43783.9,0.3879
18608.3,34884.2,18860.6,35353.5,0.3879
22430.2,45832.3,22718.4,46080.0,0.3878
27774.0,45014.4,28027.3,45440.0,0.3878
8000.0,30650.0,8073.8,31034.8,0.3878
19204.0,10561.5,19335.9,10652.6,0.3877
25539.9,13824.9,25645.6,13917.9,0.3877
23984.0,28485.1,24319.9,28725.9,0.3875
18563.2,15418.2,19198.2,15680.0,0.3875
18448.1,42500.7,18559.5,42880.0,0.3874
24053.4,20519.2,24274.3,21120.0,0.3874
8990.8,4698.5,9594.1,5120.0,0.3872
18243.5,16642.2,18404.4,16753.9,0.3871
7047.3,40004.3,7678.6,40320.0,0.3870
27028.1,50642.7,27494.5,50868.0,0.3870
6138.6,36635.8,6236.2,37116.5,0.3869
26247.8,9035.3,26751.5,9278.3,0.3869
18181.0,34779.7,18550.9,35200.0,0.3869
2696.4,13869.5,3196.0,14400.0,0.3868
8398.2,29440.0,8959.6,29641.5,0.3868
693.2,10880.0,959.6,11214.2,0.3868
22159.7,15360.0,22715.5,15857.2,0.3868
23430.5,46956.7,23994.5,47360.0,0.3867
26891.5,44304.8,27199.0,44480.0,0.3867
7184.8,41286.9,7675.7,41787.6,0.3866
16451.8,30081.3,16640.0,30494.6,0.3866
6005.8,1505.1,6400.0,1920.0,0.3864
3026.2,10997.1,3516.5,11518.6,0.3862
26073.5,43703.5,26550.3,44157.3,0.3862
22215.6,6080.0,22720.0,6656.4,0.3862
19108.2,34882.6,19200.0,35396.1,0.3861
25942.6,43200.5,26239.4,43284.0,0.3861
12230.9,42073.4,12799.9,42557.4,0.3860
24121.3,25015.9,24633.6,25591.0,0.3860
28678.2,16325.9,28785.4,16499.4,0.3860
22095.8,11986.7,22712.4,12476.1,0.3860
640.0,1600.0,999.0,1743.6,0.3859
19598.5,2240.0,19840.0,2708.2,0.3859
8324.3,26547.5,8959.6,26880.0,0.3858
11520.0,9513.5,12051.9,9920.0,0.3858
6402.8,40366.0,6564.2,40960.0,0.3858
10242.0,42240.0,10879.4,42319.4,0.3858
22080.1,23273.3,22385.8,23554.3,0.3857
10560.0,40001.1,10888.6,40159.0,0.3856
21359.5,27917.7,21758.2,28210.4,0.3856
28035.7,43986.8,28480.0,44479.0,0.3855
569.6,1927.4,639.7,2237.7,0.3855
14405.7,39582.9,15038.9,39998.6,0.3854
8320.0,43520.0,8508.1,43677.5,0.3854
28245.1,15675.0,28773.9,16000.0,0.3854
8044.7,29128.1,8619.5,29573.7,0.3853
27281.0,10242.7,27469.0,10423.5,0.3852
19906.8,49125.4,20477.5,49597.2,0.3852
25280.0,28216.1,25406.8,28798.6,0.3852
18221.4,42027.5,18536.1,42560.0,0.3852
21214.9,48962.8,21760.0,49333.6,0.3851
8.0,8640.0,638.0,9070.8,0.3850
26241.4,1903.2,26397.4,2240.0,0.3850
24780.3,21809.5,25273.8,22080.0,0.3850
23430.4,23360.0,23997.7,23449.8,0.3849
19548.4,1180.8,20157.2,1600.0,0.3849
25600.5,15282.0,25886.6,15679.7,0.3849
22462.4,2240.4,23035.7,2659.5,0.3849
7911.0,39603.1,8314.5,40000.0,0.3848
3219.7,4188.3,3837.7,4485.5,0.3848
23451.0,36688.7,23830.9,37120.0,0.3848
8086.3,12160.6,8314.9,12435.6,0.3848
24960.0,36103.5,25019.3,36273.3,0.3848
24440.5,47611.2,24572.8,47680.0,0.3847
9397.3,35521.1,9916.6,35733.6,0.3847
27840.0,28890.8,27969.6,29440.0,0.3845
27263.2,48001.8,27574.2,48077.2,0.3845
19352.1,24823.8,19520.0,25276.9,0.3844
9671.5,22260.4,10236.5,22717.5,0.3844
24013.8,2810.1,24639.4,3200.0,0.3844
6788.5,41676.1,7288.2,42240.0,0.3843
15041.6,5908.8,15215.2,6332.9,0.3842
16057.0,36891.8,16320.0,37437.5,0.3842
17637.9,46860.3,18238.2,47354.7,0.3842
16096.6,35843.0,16614.5,36336.0,0.3840
22080.0,47360.0,22718.2,47712.6,0.3840
4160.0,7367.9,4800.0,7680.0,0.3840
25725.9,24321.9,25919.5,24832.4,0.3839
10883.3,32232.1,11517.9,32640.0,0.3839
27929.2,42326.4,28084.4,42556.9,0.3838
23043.2,42055.0,23277.2,42385.3,0.3837
17282.4,3300.6,17389.9,3505.7,0.3836
7036.3,30902.4,7358.1,31038.5,0.3835
16869.1,21766.4,17279.1,22294.6,0.3834
19965.1,11937.8,20158.7,12234.0,0.3833
23819.0,37721.6,24000.0,37760.0,0.3833
24002.1,47360.4,24614.8,47510.9,0.3833
20160.0,307.1,20796.5,640.0,0.3833
15040.0,44436.6,15240.2,44790.3,0.3832
8472.0,27776.6,8639.9,27908.3,0.3832
7354.8,14720.6,7680.0,15139.1,0.3831
8378.3,47613.4,8640.0,48000.0,0.3830
17600.0,11840.1,17905.0,12033.9,0.3830
14080.3,43202.6,14465.3,43357.7,0.3829
25021.6,20160.5,25279.8,20593.2,0.3828
28162.3,994.5,28272.3,1258.0,0.3828
16727.3,49376.6,17280.0,49910.5,0.3827
25926.5,43841.5,25993.3,44056.7,0.3827
20321.3,38869.6,20475.3,39359.0,0.3826
23102.9,37471.4,23677.4,37724.0,0.3826
14572.7,37991.6,14720.0,38398.0,0.3826
23717.8,43792.0,24316.0,44160.0,0.3826
24609.3,40524.7,24690.8,40944.6,0.3826
13440.0,641.2,13973.8,945.1,0.3826
28671.9,11733.0,28784.9,12154.5,0.3825
27841.2,26933.9,28058.1,27200.0,0.3825
22495.8,6080.0,23036.2,6519.5,0.3824
12185.5,24323.5,12797.0,24713.8,0.3824
5794.7,3039.5,6398.1,3520.0,0.3823
28176.9,22228.7,28479.6,22386.6,0.3823
2567.0,45685.1,3196.8,46080.0,0.3823
14253.8,44713.3,14400.0,44800.0,0.3823
27520.0,25168.4,28159.9,25486.9,0.3823
17920.0,37293.5,18299.3,37760.0,0.3823
5764.9,3748.4,6211.4,4160.0,0.3822
26519.3,32994.2,26593.1,33431.1,0.3822
9600.0,44302.8,9822.1,44800.0,0.3822
23471.1,20054.4,23989.5,20480.0,0.3821
21142.7,545.4,21439.9,829.1,0.3821
25105.7,31700.9,25597.5,32134.6,0.3821
12803.2,35136.7,13439.7,35520.0,0.3820
13519.0,20163.9,13756.7,20597.2,0.3818
17343.0,28480.0,17596.8,28877.6,0.3818
7680.0,41289.6,7830.3,41751.9,0.3817
9920.8,31288.9,10305.6,31406.5,0.3816
4482.7,32641.1,4799.2,32782.7,0.3816
19520.1,8640.8,19904.8,8840.2,0.3815
12840.7,31040.0,13436.4,31548.4,0.3814
17370.5,25351.2,17599.5,25920.0,0.3814
1920.0,4160.0,2048.1,4605.7,0.3814
3555.9,45684.6,4156.8,46080.0,0.3814
28160.0,30676.6,28317.4,30720.0,0.3814
11446.1,3982.3,11840.0,4475.9,0.3813
27843.6,27841.9,28172.5,28036.3,0.3813
28125.9,49580.4,28182.5,49685.2,0.3812
23681.7,22406.6,23912.6,22832.7,0.3812
15780.3,39680.2,16000.0,39995.7,0.3812
26881.9,37761.0,27170.4,37961.4,0.3811
28505.3,31552.9,28799.9,31984.1,0.3809
19702.2,35401.1,19839.7,35518.8,0.3809
26560.0,2902.2,27198.8,3199.9,0.3807
16797.0,26907.3,16960.0,27400.0,0.3807
5051.7,10457.2,5440.0,10880.0,0.3807
23204.3,38067.3,23359.9,38118.3,0.3807
13308.3,18882.9,13440.0,19044.5,0.3807
11912.1,16061.4,12475.4,16640.0,0.3805
28346.8,30681.9,28608.7,30876.0,0.3803
24173.5,31142.6,24319.6,31680.0,0.3803
4800.6,43809.2,4998.1,44156.1,0.3802
15022.0,30400.0,15359.0,30906.4,0.3802
6514.1,10755.9,6720.0,10880.0,0.3802
17625.6,41611.1,18240.0,42003.1,0.3801
12804.5,5364.0,13437.2,5760.0,0.3801
19909.6,35356.1,20159.9,35520.0,0.3801
20259.5,21561.8,20795.7,22078.7,0.3800
15753.9,4482.2,15999.9,4831.6,0.3800
19090.6,5792.0,19515.3,6080.0,0.3799
23777.0,30079.5,24000.0,30399.0,0.3798
17281.6,5.5,17684.6,455.5,0.3798
27201.8,32980.9,27266.1,33204.3,0.3798
15446.9,23680.9,15548.3,24218.0,0.3797
6720.8,5642.3,6827.0,5758.9,0.3796
14307.4,17290.3,14719.5,17600.0,0.3796
7397.5,30400.0,8000.0,30750.1,0.3795
24150.8,36578.5,24250.6,36751.9,0.3795
25557.9,46733.0,25920.0,47039.5,0.3795
26644.5,24100.9,26752.8,24319.5,0.3795
15453.9,24402.3,15547.1,24750.3,0.3794
25600.4,41519.1,25759.5,41912.4,0.3794
19381.0,42810.8,19519.9,43198.6,0.3792
20888.6,6401.9,21435.5,6861.3,0.3792
13205.1,12487.2,13752.1,13106.9,0.3792
14728.3,36163.5,15360.0,36474.5,0.3792
2622.6,7366.9,3196.8,7815.5,0.3791
8000.0,38400.6,8299.8,38537.3,0.3791
18019.3,10074.0,18558.5,10375.5,0.3790
26933.9,11391.8,27520.0,11840.0,0.3789
18447.8,41840.5,18606.0,42239.3,0.3789
9922.7,3121.8,10560.0,3520.0,0.3788
28486.5,38400.0,28712.2,38439.6,0.3787
24732.3,14872.1,24960.0,15356.5,0.3787
5145.5,8823.8,5754.3,9278.9,0.3785
24642.2,32679.3,24762.0,33272.1,0.3784
8864.2,40875.0,8959.9,40959.9,0.3783
26507.2,27901.2,26880.0,28480.0,0.3783
23687.1,34560.5,23793.5,34816.1,0.3781
17725.6,39364.2,17920.0,39918.4,0.3781
4992.7,30512.3,5119.1,30791.2,0.3780
4205.8,28551.7,4797.9,29021.5,0.3780
5129.3,10373.8,5679.7,10880.0,0.3779
27991.0,6937.1,28159.3,7359.8,0.3779
11582.6,43453.6,11737.8,43520.0,0.3779
25295.0,21154.0,25920.0,21543.3,0.3779
12800.9,17600.4,13163.3,17730.3,0.3778
14398.3,28979.8,14720.0,29423.2,0.3778
5708.3,28481.8,6080.0,29006.4,0.3777
18562.3,36588.1,18687.9,37119.5,0.3777
22567.0,30303.7,23036.4,30602.0,0.3776
24964.7,49091.2,25426.2,49595.8,0.3776
27897.1,37785.0,28160.0,38014.9,0.3775
18251.6,14720.8,18878.4,14834.0,0.3775
27989.2,35521.2,28159.8,35599.7,0.3774
15360.0,35740.8,16000.0,36160.0,0.3774
24330.0,8960.3,24953.8,9209.3,0.3774
3426.1,2243.6,3840.0,2709.7,0.3773
15099.6,9653.9,15358.6,9920.0,0.3773
24064.8,3520.1,24635.7,3946.0,0.3772
19823.8,30400.0,20158.8,30876.2,0.3770
24062.6,35244.3,24288.2,35840.0,0.3770
18257.8,48852.5,18879.9,49272.3,0.3768
28609.1,1776.9,28927.6,2240.0,0.3767
15724.4,19202.3,15811.9,19834.9,0.3766
12092.7,10944.0,12480.0,11200.0,0.3765
28170.2,6316.2,28800.0,6560.1,0.3765
26880.0,47715.5,27516.2,48085.1,0.3765
27205.5,11759.0,27335.5,12157.3,0.3764
2076.9,2565.4,2560.0,3050.5,0.3764
24744.6,26244.6,25280.0,26705.9,0.3763
18705.3,36484.6,18783.0,36906.0,0.3763
8960.0,42675.7,9369.1,43200.0,0.3761
5440.0,10242.5,5632.7,10749.9,0.3760
20637.9,43735.3,21109.8,44065.8,0.3760
11114.1,32963.1,11520.0,33409.0,0.3759
8609.9,31398.6,8877.6,31440.4,0.3759
10339.2,35014.4,10560.0,35063.5,0.3758
24961.4,48640.5,25226.0,48881.8,0.3757
7680.0,36056.6,7800.5,36160.0,0.3757
11285.9,40141.9,11835.9,40636.4,0.3756
16035.0,24208.1,16637.4,24640.0,0.3756
25450.0,34656.7,25600.0,34912.1,0.3756
15696.5,20548.5,16000.0,21120.0,0.3756
7809.8,10.2,8000.0,635.8,0.3756
26880.0,22119.3,26972.5,22400.0,0.3755
10904.4,45006.2,11517.0,45439.4,0.3755
9055.9,5586.6,9279.4,5758.8,0.3755
28193.7,8321.3,28480.0,8771.0,0.3754
26732.8,49178.1,26800.6,49400.3,0.3753
7853.8,41601.4,8313.6,42059.9,0.3752
24642.1,3139.3,24863.4,3520.0,0.3752
16850.6,33197.6,17278.0,33600.0,0.3752
13267.9,9479.9,13439.4,9599.5,0.3750
23550.7,23360.0,23680.0,23421.8,0.3750
14580.9,8850.9,14720.0,8960.0,0.3750
6953.1,39246.8,7360.0,39667.8,0.3750
17385.0,45125.1,17916.7,45498.9,0.3749
24813.6,37280.8,24959.1,37760.0,0.3749
8352.5,9282.2,8950.4,9577.8,0.3749
26881.7,10245.2,26940.4,10547.5,0.3749
8656.9,1887.9,9280.0,2240.0,0.3748
26742.2,27721.1,27151.6,28153.9,0.3747
17282.8,41602.8,17738.3,41915.1,0.3747
28628.8,38405.6,28799.5,38799.2,0.3747
11430.6,40695.0,11519.8,40806.5,0.3747
25701.5,44867.3,26237.4,45440.0,0.3746
12871.5,39201.1,13437.5,39677.6,0.3746
16824.0,41948.5,17280.0,42549.8,0.3746
15193.7,31680.9,15359.8,32021.1,0.3745
9920.0,27460.6,10559.8,27840.0,0.3745
3209.9,12810.1,3837.2,13120.0,0.3745
16727.2,40004.6,16956.5,40481.4,0.3745
18561.0,31698.5,18712.2,32048.0,0.3743
13219.0,185.2,13747.7,640.0,0.3742
13263.5,48044.5,13437.1,48222.3,0.3742
13862.4,32.7,14398.9,336.4,0.3742
17678.2,50024.4,18233.1,50551.5,0.3742
20800.0,41284.5,20874.6,41472.8,0.3742
4497.0,3036.0,5118.0,3519.7,0.3741
8352.3,11701.9,8957.5,12160.0,0.3740
25325.4,44489.4,25915.9,44775.5,0.3740
8644.8,36480.0,9279.5,36601.3,0.3740
7398.1,28405.6,7997.1,28799.9,0.3738
17705.4,36346.9,18206.6,36800.0,0.3737
4544.3,2093.5,5119.7,2555.7,0.3736
27520.0,44166.4,27937.2,44612.0,0.3736
12893.7,36700.1,13120.0,36800.0,0.3736
18880.0,11421.8,19003.3,11520.0,0.3735
12800.0,1281.1,12888.1,1456.8,0.3734
12480.2,649.3,12909.7,960.0,0.3734
6813.7,27521.6,7345.0,27928.6,0.3733
15843.1,13847.8,15916.6,13974.6,0.3733
20863.0,4485.2,21120.0,4847.8,0.3733
27108.6,11844.9,27200.0,12397.2,0.3733
6235.6,36800.0,6714.7,37349.5,0.3732
12480.1,26882.1,12817.0,27077.8,0.3732
10252.2,1981.9,10559.7,2560.0,0.3732
24003.0,23367.2,24637.4,23702.8,0.3731
8416.2,44275.0,8955.9,44799.0,0.3730
22124.6,50240.6,22719.6,50680.5,0.3729
16044.9,7625.2,16637.0,7997.0,0.3727
14647.8,4800.0,15035.9,5224.2,0.3727
7437.9,26921.8,7675.0,27198.9,0.3727
25975.9,29363.1,26218.9,29759.9,0.3726
1984.4,12162.8,2239.0,12374.3,0.3726
25486.2,32392.7,25914.5,32640.0,0.3724
24027.2,32320.0,24636.9,32829.1,0.3724
15530.7,47945.0,15997.1,48310.7,0.3722
22588.4,40324.9,22720.0,40791.3,0.3722
6818.8,7260.5,7022.9,7360.0,0.3722
17879.6,3894.9,18240.0,4160.0,0.3722
18283.5,33072.7,18560.0,33595.3,0.3721
4480.0,4802.0,4854.1,5247.2,0.3721
25920.0,10954.6,25996.9,11113.5,0.3720
8004.2,9921.2,8535.0,10065.8,0.3719
25601.0,38404.6,25877.1,39006.9,0.3717
8116.5,34240.0,8625.2,34441.6,0.3717
11079.2,44050.0,11199.9,44159.9,0.3717
20282.6,4160.4,20632.5,4299.7,0.3715
14188.6,38087.2,14714.9,38554.4,0.3715
28703.2,34560.0,28800.0,35195.0,0.3714
1670.8,14258.9,2235.1,14720.0,0.3713
19520.0,33712.0,19612.0,34223.7,0.3713
13908.4,5941.4,14400.0,6399.2,0.3712
14225.4,43843.8,14705.2,44060.2,0.3712
7681.1,1922.1,8033.2,2110.0,0.3711
18240.0,19036.4,18365.8,19513.1,0.3710
7604.7,33719.0,7680.0,33920.0,0.3709
16532.9,46633.1,16638.8,46720.0,0.3709
23327.2,19522.4,23680.0,19931.7,0.3707
26374.3,34260.0,26880.0,34694.9,0.3707
6548.9,10426.4,7033.6,10876.5,0.3707
7709.0,8386.0,8318.4,8640.0,0.3706
16242.3,33603.7,16640.0,34020.5,0.3706
22393.9,30605.5,22718.1,30720.0,0.3705
26195.0,38453.5,26330.4,38783.6,0.3705
24198.0,10474.6,24320.0,10880.0,0.3705
27861.6,44164.5,28156.6,44621.6,0.3703
23519.7,32750.7,23860.7,33280.0,0.3703
20935.1,6260.0,21440.0,6718.1,0.3703
4255.7,45352.7,4794.0,45760.0,0.3703
22404.0,42249.7,22505.3,42628.3,0.3702
17602.7,13387.4,17698.4,13758.7,0.3702
18888.7,26392.5,19034.0,26687.5,0.3700
23797.2,2887.3,24251.8,3321.4,0.3700
13854.8,33601.4,14394.5,33700.0,0.3699
20070.9,39094.4,20160.0,39573.9,0.3698
28327.1,29767.8,28478.6,30023.4,0.3697
15583.9,27987.7,15858.5,28478.1,0.3696
11925.1,50463.3,12480.0,50879.1,0.3696
8436.0,7040.0,8639.3,7528.6,0.3695
19200.6,333.5,19282.5,471.9,0.3695
11139.9,28749.3,11199.6,29109.6,0.3694
24641.9,21255.1,24839.6,21440.0,0.3694
5276.9,48601.0,5755.2,48960.0,0.3694
9938.2,10561.0,10557.2,11136.0,0.3693
1954.1,11917.2,2239.4,12479.2,0.3693
16908.7,41744.2,17280.0,42239.1,0.3693
27630.9,23726.9,28160.0,24000.0,0.3693
24320.0,29459.6,24958.1,29823.4,0.3692
23701.7,27840.0,24154.9,28117.4,0.3692
20482.2,961.4,21118.0,1272.3,0.3691
13443.8,21520.1,13656.1,22074.8,0.3691
13837.8,49814.3,14396.2,50239.4,0.3691
17672.7,8962.7,18226.2,9381.8,0.3691
16673.8,42833.3,17275.7,43200.0,0.3691
25508.4,47368.5,25920.0,47792.5,0.3691
12162.2,24000.0,12800.0,24085.4,0.3691
13282.3,18243.2,13440.0,18825.7,0.3690
22944.5,5136.6,23358.7,5439.1,0.3690
7786.1,28663.0,8317.2,29119.8,0.3690
8321.5,45120.0,8955.9,45502.1,0.3689
23985.5,47453.8,24320.0,47679.4,0.3689
28320.7,20771.5,28797.4,20977.4,0.3689
12036.8,7360.2,12383.7,7584.4,0.3688
19728.4,25788.6,19839.2,25920.0,0.3688
18882.7,39694.3,19167.4,40000.0,0.3688
12806.9,24640.1,13253.8,24790.5,0.3686
22191.1,13802.8,22462.0,14079.3,0.3686
28790.5,29921.1,28880.5,30052.6,0.3686
8915.9,48887.2,9280.0,49280.0,0.3686
15212.3,32385.2,15680.0,32960.0,0.3685
6530.1,39731.6,6719.4,40320.0,0.3684
3340.2,11963.4,3520.0,12160.0,0.3683
21440.0,47718.5,21567.3,48256.9,0.3683
25280.0,35427.3,25851.9,35838.8,0.3683
24162.8,2893.3,24318.6,3186.6,0.3682
10303.5,23680.0,10880.0,23778.5,0.3682
15801.9,18037.2,16233.2,18560.0,0.3682
22179.4,9431.2,22400.0,9598.9,0.3681
9286.1,4661.3,9744.5,5118.5,0.3681
12508.4,3832.0,13117.2,4159.4,0.3681
17530.2,322.2,17920.0,806.3,0.3681
22971.9,30163.3,23039.5,30398.2,0.3681
3936.2,50754.8,4471.5,51200.0,0.3680
27522.0,31695.1,27651.8,31893.6,0.3679
6744.5,28660.7,7359.5,29118.4,0.3679
9288.4,34880.0,9599.1,35063.4,0.3676
23680.0,6738.2,24031.1,7022.4,0.3676
10723.0,26442.8,10877.5,26560.0,0.3676
8300.3,37896.7,8640.0,38400.0,0.3675
22741.1,18715.7,23357.9,19193.8,0.3675
26523.0,6896.2,26592.5,7059.0,0.3675
16012.5,16831.0,16318.7,17278.9,0.3675
5476.0,7406.1,6079.6,7680.0,0.3675
5654.3,8321.0,5759.7,8411.7,0.3674
22542.5,39372.4,22719.2,39679.7,0.3674
24641.0,28481.0,25008.6,28684.9,0.3674
8054.2,28069.5,8636.4,28478.2,0.3674
28162.3,42805.0,28335.8,43199.9,0.3673
18892.6,40673.0,19456.9,41280.0,0.3672
15601.2,25284.2,15662.0,25775.8,0.3671
19197.2,29143.6,19262.1,29550.3,0.3671
7041.8,5867.1,7440.4,6400.0,0.3670
27359.2,33285.9,27520.0,33742.2,0.3670
26242.0,31875.2,26352.3,32319.3,0.3670
24000.0,29437.3,24157.6,29740.2,0.3670
9994.4,30080.2,10107.8,30132.6,0.3669
23042.4,3510.3,23189.2,3757.6,0.3669
13887.1,25702.9,14394.3,26238.9,0.3669
24544.5,50822.0,24685.2,51165.3,0.3669
23486.1,14090.6,23600.8,14602.9,0.3667
25238.6,37800.9,25315.2,37949.8,0.3667
8320.1,34850.2,8938.5,35200.0,0.3667
10881.2,13985.5,11041.8,14079.9,0.3665
26522.0,42564.1,26880.0,43130.4,0.3665
12800.0,26472.5,13295.5,26879.8,0.3664
15360.2,40278.6,15999.1,40640.0,0.3664
26888.3,32004.1,27160.9,32392.5,0.3662
6361.6,37761.6,6720.0,38327.7,0.3661
25450.6,44973.3,25600.0,45435.8,0.3661
17401.3,28861.4,17910.8,29440.0,0.3661
17341.4,50560.0,17920.0,51084.2,0.3661
14143.5,40201.8,14720.0,40630.4,0.3659
28232.8,24012.5,28317.2,24220.4,0.3659
16000.0,27200.0,16184.4,27357.0,0.3659
28417.8,46948.4,28797.9,47141.0,0.3659
34.1,44078.4,632.9,44480.0,0.3658
1003.5,9455.9,1599.3,9906.1,0.3658
7442.2,32000.0,7997.6,32170.5,0.3658
15638.6,38080.0,16000.0,38572.9,0.3657
23136.2,27140.9,23677.1,27520.0,0.3657
25808.8,36347.5,25990.3,36794.3,0.3656
27524.1,37011.3,28148.7,37440.0,0.3656
27947.6,45131.6,28329.9,45626.9,0.3656
17524.2,39191.4,17676.6,39680.0,0.3656
22720.0,4455.8,23357.1,4800.0,0.3656
16320.0,36490.8,16562.4,36933.1,0.3655
25920.0,32453.9,26097.6,32850.5,0.3655
699.5,13666.5,1280.0,14080.0,0.3655
24431.2,35388.6,24957.5,35840.0,0.3655
12419.0,19482.4,12642.6,19743.9,0.3654
26204.7,36484.7,26555.9,36728.2,0.3654
20908.0,2622.3,21435.7,3199.9,0.3654
9187.5,8347.4,9280.0,8638.7,0.3654
19769.5,31158.2,19835.8,31677.0,0.3653
24747.3,23541.3,25265.9,23999.5,0.3653
23360.0,44480.0,23998.3,44639.0,0.3653
21578.1,4923.6,22078.4,5120.0,0.3652
17261.0,15370.0,17600.0,15680.0,0.3652
19520.0,30749.3,19815.2,31356.7,0.3652
27956.7,49146.9,28287.5,49596.5,0.3651
22307.8,49608.8,22719.4,50001.2,0.3650
26560.0,32035.0,26960.0,32640.0,0.3650
11855.4,46887.0,12480.0,47356.2,0.3650
27855.0,7935.5,28468.7,8320.0,0.3649
25533.5,45665.2,25599.0,46077.5,0.3649
7048.6,5363.2,7676.4,5754.7,0.3649
9101.4,5017.4,9599.9,5433.8,0.3649
20245.2,41920.5,20795.8,42059.1,0.3648
14554.4,16000.1,15040.0,16445.2,0.3648
19528.5,32145.6,20158.0,32479.2,0.3648
15105.1,50240.9,15668.3,50341.0,0.3647
20214.8,8324.5,20797.5,8717.2,0.3647
20820.6,27733.8,21434.1,28157.1,0.3645
24883.2,26561.3,25089.2,26840.1,0.3645
1281.6,13950.8,1880.9,14400.0,0.3645
27763.7,18368.5,28160.0,18880.0,0.3644
22083.3,28073.6,22717.7,28480.0,0.3644
17616.6,43524.1,17919.9,44002.8,0.3643
10335.6,46400.0,10876.0,46850.7,0.3643
18046.8,43957.8,18560.0,44480.0,0.3643
26464.5,29120.0,26560.0,29211.7,0.3642
13029.4,14375.9,13120.0,14720.0,0.3642
25205.5,45984.5,25280.0,46079.9,0.3642
17143.5,37558.9,17423.2,38080.0,0.3641
26312.0,22569.5,26446.8,22843.8,0.3641
25206.0,28810.5,25446.1,29308.4,0.3640
5105.3,7824.5,5423.2,7998.7,0.3640
2717.7,8693.8,2879.7,9236.0,0.3639
26880.0,12410.9,26949.0,12800.0,0.3638
1920.0,2563.6,2084.9,3044.3,0.3638
26085.0,36804.5,26240.0,37436.0,0.3638
8526.6,48960.7,8639.9,49056.5,0.3638
27200.0,37121.6,27302.4,37591.2,0.3637
17934.3,1835.3,18560.0,2237.5,0.3635
22126.7,22722.7,22719.3,23019.0,0.3634
21678.0,31680.8,21759.8,31777.8,0.3634
26111.3,19476.5,26239.3,19838.9,0.3633
18072.3,44883.9,18557.2,45440.0,0.3632
17658.7,38497.7,17790.4,39040.0,0.3631
15767.7,18562.6,15865.3,19080.8,0.3631
26609.8,46408.2,27195.3,46835.9,0.3630
23361.1,30164.0,23483.5,30718.6,0.3629
2561.0,8000.2,2789.6,8188.6,0.3628
7366.6,12341.9,7833.9,12800.0,0.3627
14400.0,12160.0,14530.1,12597.2,0.3626
21120.0,29311.4,21312.9,29755.8,0.3626
20800.6,48642.8,21147.3,48905.0,0.3624
9761.3,29028.6,9918.9,29120.0,0.3624
17600.0,29934.1,18003.9,30398.9,0.3624
25478.4,1296.1,25920.0,1600.0,0.3624
20221.6,13441.3,20480.0,14042.6,0.3624
28651.6,41013.5,28800.0,41600.0,0.3624
14475.8,10205.3,15040.0,10560.0,0.3622
28868.7,28081.9,28927.9,28218.2,0.3622
24064.3,7041.5,24638.2,7440.8,0.3622
8341.9,31681.9,8959.0,31975.9,0.3622
19621.7,8695.7,20153.9,9161.4,0.3620
25605.1,13199.8,26240.0,13440.0,0.3619
17600.0,35032.5,18107.7,35520.0,0.3618
20161.6,24320.0,20304.4,24504.4,0.3618
5392.4,30824.8,5760.0,31229.7,0.3618
26562.8,17346.9,27192.0,17869.3,0.3616
16021.7,31069.7,16320.0,31680.0,0.3616
19201.5,49288.2,19836.4,49673.4,0.3615
22772.5,30234.8,23360.0,30715.9,0.3615
13760.0,948.5,13932.6,1279.9,0.3614
26255.5,9282.7,26871.2,9730.8,0.3614
13492.2,4490.5,13760.0,4946.2,0.3612
16642.6,33026.2,16756.7,33585.1,0.3612
12486.8,3841.0,13117.8,3948.5,0.3611
20307.6,44938.5,20479.0,45440.0,0.3610
10046.7,1288.9,10560.0,1648.3,0.3610
17679.7,40961.2,17919.7,41204.2,0.3609
24647.2,6008.5,25280.0,6400.0,0.3609
323.9,3201.9,741.2,3352.5,0.3609
10256.2,41280.0,10878.2,41668.2,0.3608
25601.5,35120.7,25738.8,35507.7,0.3607
18123.0,3388.6,18551.6,3658.7,0.3605
10027.1,19714.3,10560.0,20156.7,0.3605
21884.6,5765.6,22397.2,6296.8,0.3605
3579.9,13349.7,4157.0,13760.0,0.3605
6631.9,40643.4,6715.3,40871.3,0.3604
15517.3,39383.3,15679.5,39576.4,0.3604
10951.4,7719.8,11507.9,8319.6,0.3601
4202.3,28801.1,4790.9,29021.2,0.3600
16103.6,23846.9,16636.5,24320.0,0.3600
6254.0,13329.1,6720.0,13760.0,0.3599
19200.6,42241.9,19433.0,42716.8,0.3598
17603.5,31760.7,17791.4,32320.0,0.3597
13163.6,14154.4,13438.5,14720.0,0.3597
19411.5,32340.5,19693.5,32640.0,0.3597
19842.9,3952.1,20212.3,4480.0,0.3596
16155.7,22402.5,16320.0,22814.8,0.3595
15619.1,22572.6,15677.9,23026.0,0.3595
17964.7,26241.4,18240.0,26722.3,0.3595
24960.0,29268.2,25161.5,29686.9,0.3594
10619.9,40169.6,11197.1,40634.7,0.3594
5152.4,45708.9,5758.6,46080.0,0.3593
27018.7,21090.8,27520.0,21368.8,0.3591
24640.0,36480.0,24775.2,37001.7,0.3590
28717.6,14309.1,28804.5,14719.9,0.3589
15.0,834.2,640.0,1280.0,0.3589
16699.9,34361.2,16959.8,34879.8,0.3589
23360.0,33603.3,23713.8,34184.6,0.3588
26970.1,10830.6,27430.1,11197.0,0.3588
16687.0,42880.0,16960.0,43478.7,0.3587
4655.6,13309.7,5120.0,13760.0,0.3586
19533.0,5318.7,20156.7,5757.9,0.3585
6721.0,10377.5,6838.5,10560.0,0.3585
15040.0,48625.4,15433.8,48960.0,0.3585
20164.7,17613.2,20310.2,18227.0,0.3584
21585.5,22458.4,22080.0,22812.2,0.3584
11842.0,321.0,11906.4,473.1,0.3584
25831.9,34240.0,25920.0,34734.8,0.3583
9934.3,6878.2,10240.0,7039.6,0.3583
10313.0,38549.9,10877.2,39033.5,0.3583
2784.8,785.3,2880.0,1055.6,0.3582
11466.5,10084.7,11840.0,10556.3,0.3582
10432.0,8201.3,10560.0,8572.0,0.3582
5769.6,29029.2,6364.4,29440.0,0.3582
25139.9,32588.5,25279.8,32640.0,0.3582
19965.0,12149.0,20478.5,12480.0,0.3581
17926.3,41601.1,18258.1,42149.5,0.3581
6427.0,13762.4,7038.7,14129.7,0.3580
7101.9,28687.2,7677.7,29116.8,0.3579
22400.0,25492.8,22519.7,25600.0,0.3579
26560.0,28180.7,26633.0,28627.4,0.3579
16082.8,13171.9,16318.6,13738.8,0.3578
18560.0,8324.0,19092.7,8763.0,0.3578
27451.9,22887.0,27519.4,23124.4,0.3578
17588.9,38595.0,17660.5,39004.7,0.3578
10377.3,42561.1,10872.8,42765.4,0.3577
10867.2,34560.0,11200.0,34969.1,0.3576
23826.6,36999.1,23997.8,37120.0,0.3576
8960.0,35694.6,9463.4,36152.9,0.3576
20704.0,3202.0,20940.8,3386.6,0.3575
20480.0,34831.5,20637.2,35200.0,0.3574
9310.8,7040.0,9918.8,7535.3,0.3573
25502.3,42687.8,25574.7,42978.0,0.3572
26044.9,5963.6,26240.0,6080.0,0.3571
21760.0,43817.9,21876.7,43950.1,0.3570
20800.0,43531.5,21263.5,44069.2,0.3570
15619.4,19202.1,15796.0,19702.2,0.3569
23740.6,50111.9,23814.2,50544.1,0.3569
17930.4,15159.4,18239.5,15674.4,0.3568
15599.1,26069.7,15979.9,26560.0,0.3568
12366.5,34943.4,12479.7,35038.5,0.3568
23361.5,49989.1,23734.6,50240.0,0.3567
18867.7,3520.0,19200.0,4081.1,0.3567
18775.2,36496.8,18879.0,36922.9,0.3566
9397.7,2133.0,9910.4,2560.0,0.3565
1553.9,12165.8,1919.4,12623.7,0.3565
28724.8,11858.8,28795.3,12160.0,0.3565
28288.0,40535.1,28460.6,40954.1,0.3565
14336.4,40575.2,14467.6,40640.0,0.3564
28340.8,12357.8,28478.8,12780.4,0.3564
24876.7,37791.3,25280.0,37989.7,0.3564
13869.7,21122.0,14080.0,21273.3,0.3564
16567.9,15887.5,16942.4,16320.0,0.3564
19387.3,26560.2,19520.0,26664.6,0.3563
27200.1,1922.9,27651.9,2338.1,0.3563
14597.2,28692.2,15035.5,29120.0,0.3562
9972.2,12827.1,10552.7,13120.0,0.3562
22694.8,18881.1,23040.0,19387.0,0.3561
20160.7,50171.8,20799.6,50555.1,0.3561
14720.0,31614.6,14861.5,31999.9,0.3561
6322.0,34881.6,6399.4,35153.8,0.3560
12082.8,35525.4,12160.0,36102.7,0.3560
12486.8,27532.3,13118.3,27840.0,0.3560
12146.2,19520.0,12478.6,20155.2,0.3559
14388.6,26560.5,14720.0,27083.4,0.3559
21157.9,17600.5,21436.3,17725.8,0.3558
16453.8,17001.6,16639.3,17277.6,0.3558
27200.0,40404.6,27712.4,40960.0,0.3557
21181.0,44379.0,21320.4,44800.0,0.3556
11368.8,34567.6,11658.3,34865.5,0.3556
7681.2,44687.9,8315.1,45118.5,0.3554
27079.6,14715.9,27198.6,15038.5,0.3554
13493.7,6286.6,14071.3,6720.0,0.3553
21760.0,25287.7,21935.4,25781.6,0.3552
24046.4,49299.0,24123.6,49598.6,0.3552
19840.0,42560.1,20330.0,42659.8,0.3552
20480.0,37760.0,21118.6,37990.4,0.3552
20800.3,26560.0,21440.0,26769.1,0.3550
17023.4,29680.2,17279.7,30080.0,0.3550
13120.0,21554.1,13694.9,22079.9,0.3548
27521.1,41600.7,27990.2,41744.9,0.3548
25030.4,40003.0,25250.1,40379.1,0.3548
15022.4,42686.1,15358.9,42880.0,0.3547
6401.2,14741.3,6724.3,15112.2,0.3547
26950.7,27520.8,27496.9,27634.9,0.3547
4187.8,29476.4,4685.3,29760.0,0.3547
26580.5,26880.8,26880.0,27199.8,0.3547
25889.4,11442.5,26240.0,11840.0,0.3546
28459.1,31154.1,28798.3,31328.7,0.3546
12837.4,32960.9,13119.2,33049.1,0.3546
14262.7,32656.5,14718.1,32952.8,0.3546
9675.3,44160.6,10236.5,44581.9,0.3545
26674.8,15360.0,27192.6,15478.6,0.3544
6933.4,38802.9,7039.7,39039.2,0.3543
20160.7,37127.7,20800.0,37440.0,0.3543
16121.6,16003.2,16316.5,16553.6,0.3542
16224.1,18112.5,16320.0,18558.9,0.3542
16182.4,46989.3,16320.0,47040.0,0.3542
27988.5,31142.5,28359.7,31360.0,0.3541
5224.3,30930.8,5755.6,31360.0,0.3541
22400.0,44164.8,22964.6,44657.0,0.3541
25838.1,3597.4,26237.7,3839.7,0.3540
12480.0,26240.0,12830.9,26427.2,0.3539
11885.4,31498.6,12174.5,31999.4,0.3539
27520.0,40640.0,27706.6,41132.6,0.3539
9281.4,50244.4,9667.8,50670.0,0.3538
18060.9,12073.7,18560.0,12480.0,0.3538
24867.8,41283.3,24959.0,41435.3,0.3538
11653.6,22004.9,12160.0,22399.1,0.3537
27410.5,16264.7,27519.4,16638.4,0.3537
26560.0,31496.2,26760.8,31680.0,0.3536
25772.0,30720.5,25920.0,30892.9,0.3536
4544.3,30967.2,5119.0,31360.0,0.3536
12294.8,40452.2,12796.0,40959.2,0.3535
4262.9,12480.0,4480.0,12760.5,0.3535
18583.7,6008.0,18878.4,6078.4,0.3535
16697.7,4635.0,17280.0,5119.1,0.3534
28581.1,42334.8,28796.7,42880.0,0.3534
4712.7,29760.7,4799.9,29897.0,0.3533
25344.2,11742.7,25920.0,12129.9,0.3533
28288.4,6400.0,28928.0,6537.9,0.3533
14400.0,43318.3,14499.5,43831.4,0.3532
26574.1,20006.9,27200.0,20477.4,0.3532
4972.2,11768.4,5117.4,11840.0,0.3531
16972.6,33478.1,17593.7,33920.0,0.3531
23497.8,22400.2,23678.9,22891.2,0.3531
16644.4,4480.5,17106.6,4669.8,0.3530
14041.6,13335.6,14400.0,13760.0,0.3530
27651.9,12800.6,27970.4,12999.8,0.3530
15687.4,39360.9,16168.0,39661.6,0.3530
19579.7,49770.3,20153.7,50236.7,0.3529
11843.7,39920.6,12444.0,40315.7,0.3528
8755.4,48456.6,9275.7,48960.0,0.3528
2884.6,11347.6,3183.2,11838.2,0.3528
11694.4,43417.8,11839.3,43496.7,0.3528
4093.3,6702.3,4480.0,7040.0,0.3528
24986.9,8859.5,25592.2,9280.0,0.3527
13198.5,10696.6,13757.9,11200.0,0.3527
2885.6,1280.8,3250.5,1464.1,0.3527
18607.3,6268.5,19198.5,6719.7,0.3526
16663.3,8039.8,17277.7,8318.7,0.3526
11917.5,11400.8,12477.7,11838.4,0.3526
16186.1,27840.0,16318.9,28020.4,0.3525
18514.2,48003.9,18879.8,48516.5,0.3525
15664.2,18884.4,15780.1,19095.0,0.3523
25154.4,19771.0,25279.5,19840.0,0.3522
13149.6,38929.2,13757.4,39356.3,0.3521
19488.0,38762.4,19840.0,38963.0,0.3520
13446.1,2884.2,14078.4,3384.7,0.3520
28288.0,460.9,28467.1,639.1,0.3520
16133.0,8125.2,16634.5,8531.7,0.3519
3216.1,38611.8,3836.9,39040.0,0.3518
2880.7,47040.4,3106.0,47214.0,0.3517
15041.3,43841.7,15444.7,43946.2,0.3516
15612.8,22978.5,15680.0,23355.6,0.3516
18446.8,34242.1,18560.0,34412.7,0.3515
13761.1,5121.7,13908.1,5273.8,0.3513
20480.0,34.9,20978.4,563.9,0.3512
15680.0,45053.5,15819.3,45120.0,0.3512
17701.8,50397.6,18237.2,50880.0,0.3510
23684.1,44783.8,24316.3,45120.0,0.3510
27973.5,28480.3,28475.6,28672.9,0.3510
15638.7,18157.4,15755.9,18560.0,0.3510
22180.3,19055.5,22717.3,19520.0,0.3509
17280.0,12262.0,17761.0,12800.0,0.3509
20327.5,13393.3,20479.6,13759.2,0.3508
22480.2,13371.4,22575.8,13758.6,0.3507
28369.2,10479.8,28800.0,10863.7,0.3506
22781.6,20183.3,23355.5,20618.5,0.3505
12165.4,30733.0,12448.4,30968.1,0.3505
19337.0,39686.8,19520.0,40320.0,0.3505
20037.4,40821.0,20147.9,40914.7,0.3504
26955.3,12162.0,27195.7,12754.5,0.3503
28796.9,11213.9,28928.0,11805.5,0.3502
22775.5,2645.8,23360.0,2991.0,0.3502
12480.9,17928.4,12737.0,18106.7,0.3501
27263.5,33142.5,27837.4,33599.3,0.3500
13877.2,16426.2,14399.1,16960.0,0.3500
26560.6,10793.1,26863.6,10880.0,0.3500
4818.1,11356.5,5438.7,11832.2,0.3500
13441.2,16321.7,13808.6,16852.3,0.3500
26464.3,38446.7,26559.6,38605.1,0.3497
24786.8,8971.7,25280.0,9398.1,0.3497
10915.6,34779.4,11516.7,35200.0,0.3497
27898.9,33804.4,28002.7,34098.2,0.3496
4848.4,28381.8,5437.7,28800.0,0.3494
28003.9,1600.5,28480.0,2228.4,0.3493
5840.3,36306.8,6398.1,36800.0,0.3492
19204.4,23680.1,19644.2,23867.6,0.3492
26029.4,11180.7,26240.0,11432.1,0.3492
12652.6,38200.0,12799.9,38543.9,0.3491
26066.3,35840.0,26140.5,36325.9,0.3491
7574.4,45209.3,7680.0,45439.8,0.3491
23360.0,29823.5,23550.9,30387.0,0.3490
28320.6,32000.0,28798.1,32091.3,0.3490
22906.0,34880.0,23040.0,34928.6,0.3489
15687.4,16538.5,16320.0,16960.0,0.3489
20328.6,3543.8,20796.2,4136.6,0.3488
26741.5,38427.2,26811.5,38856.8,0.3488
23464.0,19235.7,23678.8,19744.6,0.3486
24961.7,40423.6,25058.1,40638.7,0.3485
18994.3,48409.4,19515.7,48960.0,0.3485
21120.0,25923.6,21448.3,26211.5,0.3485
18332.1,25514.0,18879.9,25920.0,0.3484
20899.9,1384.5,21439.3,1916.3,0.3484
24446.2,19746.2,24957.2,20160.0,0.3484
16397.5,45656.5,16953.6,46077.5,0.3483
8087.7,47805.8,8634.0,48320.0,0.3482
8373.3,38404.3,8957.6,38792.3,0.3481
11544.9,32194.4,12157.2,32640.0,0.3481
2685.0,8741.6,3200.0,9278.2,0.3480
3604.5,4607.3,4160.0,5115.3,0.3480
5130.5,45068.6,5756.3,45440.0,0.3480
27133.8,9077.9,27520.0,9280.0,0.3480
11857.4,22335.4,12480.0,22720.0,0.3479
15043.9,29443.5,15436.1,29908.6,0.3478
27840.6,889.4,28462.9,1280.0,0.3477
25097.1,34764.1,25584.7,35200.0,0.3477
28115.3,38316.0,28477.6,38713.1,0.3477
25372.3,23360.0,25599.9,23889.6,0.3477
17054.5,967.7,17279.7,1540.2,0.3477
15680.0,40324.0,16095.4,40640.0,0.3475
15059.2,4027.3,15677.0,4479.4,0.3474
24380.0,47529.6,24958.1,47996.9,0.3474
18630.3,27223.1,19199.0,27520.0,0.3474
3006.1,8814.5,3520.0,9280.0,0.3474
20480.0,12712.7,21120.0,13120.0,0.3473
14168.0,20090.3,14400.0,20479.5,0.3471
15417.8,21456.4,15496.9,21931.5,0.3470
16320.6,32960.0,16566.3,33178.5,0.3469
27536.8,3064.3,27840.0,3199.2,0.3469
25047.6,10479.6,25600.0,10880.0,0.3468
16366.3,39041.5,16629.0,39671.9,0.3468
24001.4,25600.0,24640.0,25827.2,0.3467
18905.3,30310.0,19200.0,30400.0,0.3467
26254.6,21314.8,26877.1,21756.9,0.3467
6026.4,4229.5,6400.0,4477.8,0.3465
16084.5,33806.9,16319.3,34240.0,0.3465
28296.9,48434.6,28926.6,48788.9,0.3465
19258.7,44480.0,19518.5,45110.9,0.3464
24961.6,47362.2,25023.7,47431.6,0.3463
11067.1,23288.2,11198.4,23360.0,0.3463
8005.4,36275.5,8638.3,36480.0,0.3462
13909.6,45279.8,14397.5,45758.7,0.3462
15389.0,9284.0,15996.6,9781.7,0.3462
1922.6,6593.2,2067.0,7006.4,0.3462
27336.2,36293.1,27519.8,36480.0,0.3461
3896.6,15044.2,4473.0,15569.0,0.3461
20536.8,34884.9,20992.1,35190.5,0.3461
9617.2,41281.7,10239.2,41693.5,0.3460
10892.4,19416.7,11517.3,19840.0,0.3460
23878.4,35800.3,23999.7,36160.0,0.3460
16640.0,35546.2,16752.8,35667.4,0.3460
25881.8,40464.7,25951.5,40639.2,0.3459
6403.0,32355.4,6463.3,32929.1,0.3459
27880.8,28426.0,27998.3,28480.0,0.3457
15269.6,8722.3,15680.0,8959.5,0.3457
26120.8,23353.2,26239.6,23674.0,0.3456
7217.7,44691.8,7360.0,44798.6,0.3455
27256.3,28229.0,27837.7,28480.0,0.3455
12256.1,24000.0,12480.0,24049.3,0.3455
23380.8,45144.8,23996.3,45500.2,0.3454
3572.5,45024.5,4154.7,45439.4,0.3453
26874.6,23360.9,27199.9,23506.8,0.3451
26223.0,48961.7,26560.0,49133.2,0.3451
14090.2,5442.6,14400.0,6075.1,0.3450
19565.1,47904.8,20155.7,48320.0,0.3449
1284.3,11848.5,1917.0,12160.0,0.3448
20602.5,20800.0,20799.5,21269.6,0.3448
19840.0,17601.0,20433.7,18137.3,0.3448
21206.0,17601.8,21440.0,18044.4,0.3448
24923.4,27432.7,25123.2,27840.0,0.3447
20543.0,12946.1,21110.5,13439.0,0.3446
8243.6,4687.2,8640.0,5119.6,0.3446
18952.5,48976.5,19199.3,49163.6,0.3445
16761.9,28396.3,17280.0,28800.0,0.3445
22076.2,26934.8,22396.6,27197.6,0.3445
22401.4,14698.5,23037.8,14989.2,0.3444
24123.8,21520.3,24319.5,22074.9,0.3443
21368.1,45866.8,21474.4,46080.0,0.3442
25485.8,25425.2,25600.0,25530.2,0.3442
4244.2,47361.0,4781.3,47798.9,0.3442
23748.5,1521.8,24314.0,1920.0,0.3442
26656.3,25283.0,27197.1,25678.6,0.3441
17038.9,5398.9,17598.3,5760.0,0.3441
17280.1,14994.1,17917.3,15360.0,0.3441
133.5,11001.8,634.7,11520.0,0.3440
24286.8,49889.5,24357.2,50239.3,0.3440
518.3,1519.4,640.0,1600.0,0.3440
13227.3,16640.6,13731.1,17123.7,0.3440
19589.4,39576.7,19840.0,39680.0,0.3439
23086.3,18127.3,23678.2,18558.9,0.3438
15531.4,22964.0,15658.0,23359.4,0.3437
24159.8,28901.3,24640.0,29350.2,0.3437
20431.8,31353.4,20523.3,31506.4,0.3437
28161.8,43542.3,28264.5,43917.8,0.3437
8334.4,3087.3,8635.2,3200.0,0.3437
18629.0,7040.1,19192.7,7190.4,0.3437
8716.2,42342.5,9274.4,42880.0,0.3436
11842.5,29990.4,12477.2,30400.0,0.3436
28095.7,47903.0,28160.0,48319.3,0.3435
20076.4,32864.3,20160.0,32937.0,0.3435
15371.0,17280.5,15839.4,17839.1,0.3434
25179.0,28800.7,25280.0,29306.3,0.3434
1018.2,38405.2,1594.3,38813.6,0.3434
27009.7,50561.1,27194.7,50880.0,0.3434
22909.8,1920.0,23359.5,2414.5,0.3433
5477.5,31041.4,5759.1,31175.4,0.3433
24971.6,9936.0,25280.0,10269.4,0.3432
24004.8,25889.8,24640.0,26240.0,0.3432
26880.0,2560.0,27247.6,2689.1,0.3431
25112.9,1706.4,25280.0,2237.5,0.3431
20220.5,36567.7,20476.7,36799.2,0.3430
11194.8,30403.3,11520.0,30936.1,0.3430
19260.1,24321.1,19520.0,24863.1,0.3429
12586.2,4753.0,13120.0,5120.0,0.3429
18862.2,7524.1,19200.0,7713.4,0.3429
26044.6,30093.5,26116.3,30485.7,0.3429
11810.7,17214.6,12160.0,17599.8,0.3428
18603.3,48861.9,19200.0,49280.0,0.3428
16640.9,7681.1,17022.1,7847.7,0.3428
26616.3,29773.3,26845.8,29943.0,0.3428
11520.0,48001.6,11852.3,48409.2,0.3428
5364.7,32321.8,5760.0,32425.0,0.3428
26145.0,34728.7,26240.0,35197.9,0.3427
8339.0,33184.5,8958.3,33279.3,0.3427
19127.6,24640.0,19397.5,25115.9,0.3426
22721.8,14969.0,22906.0,15039.0,0.3426
20481.4,38400.0,20605.4,38591.0,0.3426
9967.5,8642.7,10560.0,9155.4,0.3425
13670.3,2671.6,14080.0,3195.4,0.3424
27861.2,4609.1,28477.7,4997.8,0.3423
24000.0,42560.0,24622.5,42745.5,0.3423
23680.8,32640.0,24316.8,33059.5,0.3420
3521.6,8334.8,3655.5,8748.8,0.3420
26880.0,13176.5,27011.3,13760.0,0.3420
27362.0,43205.6,27423.5,43557.8,0.3420
10971.4,33719.0,11517.2,34236.3,0.3419
25280.0,14800.1,25612.4,15040.0,0.3418
10880.0,48004.6,11266.4,48498.1,0.3418
18341.1,31366.6,18879.2,31932.4,0.3418
27290.1,50194.8,27520.0,50240.0,0.3418
8960.0,22088.9,9154.2,22533.8,0.3417
22783.6,20016.9,23354.8,20474.8,0.3417
18892.0,50457.5,19517.1,50877.7,0.3415
6382.3,38401.8,6718.5,38951.0,0.3415
3218.2,6958.4,3837.1,7360.0,0.3413
13830.2,44271.0,14397.2,44464.3,0.3413
10561.5,46092.3,10812.4,46518.5,0.3412
960.6,5496.6,1274.6,5760.0,0.3412
25922.9,27713.8,26085.1,28158.6,0.3412
10757.8,44370.2,10879.3,44480.0,0.3412
18374.7,19840.0,18876.4,20341.3,0.3411
15482.4,48551.9,15994.7,48960.0,0.3410
15040.0,26560.0,15108.5,27051.7,0.3410
20431.5,44557.9,20800.0,45120.0,0.3410
22725.9,31933.7,23090.3,32110.4,0.3409
17953.9,46739.0,18559.3,47040.0,0.3409
1050.6,8830.6,1592.6,8959.6,0.3408
10626.0,8147.1,10878.5,8319.1,0.3408
25920.0,38534.6,26020.5,39027.9,0.3408
18880.0,43099.3,18990.0,43520.0,0.3407
23680.0,17489.7,23808.3,17920.0,0.3407
28343.7,19567.6,28928.0,19949.7,0.3407
25180.6,44352.9,25280.0,44478.7,0.3407
20457.9,5288.2,20800.0,5754.5,0.3407
16000.0,18794.7,16265.0,19199.8,0.3407
19269.8,45667.5,19833.8,46080.0,0.3406
16006.5,28804.3,16320.0,29357.0,0.3405
25920.0,46391.0,26072.4,46720.0,0.3404
10240.0,16913.2,10358.1,16960.0,0.3404
17280.0,29962.5,17754.1,30400.0,0.3402
16363.2,42786.0,16957.1,43200.0,0.3402
2652.7,40177.4,3197.1,40640.0,0.3402
25052.7,8325.3,25579.4,8640.0,0.3401
16009.0,21972.7,16559.4,22400.0,0.3401
17039.2,30290.8,17600.0,30720.0,0.3401
22613.1,16899.6,23037.6,17206.8,0.3400
13537.3,39044.2,13758.2,39252.7,0.3400
12801.4,50185.0,12946.8,50550.7,0.3399
22092.3,31587.9,22720.0,31980.4,0.3399
15343.5,21161.1,15403.3,21436.7,0.3399
23739.6,48961.4,24272.0,49376.4,0.3398
16664.2,46610.3,17280.0,47037.2,0.3398
7718.5,515.3,8316.4,956.1,0.3398
6177.3,15684.0,6716.6,16224.7,0.3397
27853.1,13634.4,28347.7,14007.9,0.3397
27228.5,42626.9,27296.4,43200.0,0.3396
19364.8,44885.5,19519.2,45386.9,0.3396
7041.9,27844.7,7202.0,28216.9,0.3395
27160.3,25281.2,27510.1,25382.5,0.3395
19886.0,30400.0,20124.1,30435.4,0.3395
22401.3,30271.2,22679.7,30400.0,0.3394
28160.0,20741.6,28334.3,21120.0,0.3390
5294.6,2128.3,5760.0,2559.7,0.3390
22313.4,48920.3,22720.0,49280.0,0.3390
14758.1,33129.6,15038.6,33484.8,0.3389
14557.0,13487.7,15033.2,14077.9,0.3388
22321.8,4540.1,22719.5,4798.7,0.3388
8703.8,49600.4,9276.8,50034.3,0.3388
15812.2,18563.6,16005.6,19097.4,0.3388
18267.6,30350.7,18559.9,30516.9,0.3388
22400.4,19861.9,22604.8,20420.0,0.3386
9923.6,23700.5,10558.7,24000.0,0.3386
14401.7,50474.4,15040.0,50880.0,0.3386
19524.9,44708.6,20146.7,45120.0,0.3385
22720.0,45440.0,23130.7,45604.9,0.3385
22442.1,1920.0,22720.0,2376.0,0.3385
20480.7,37126.2,20563.4,37277.1,0.3385
10923.7,45295.6,11515.4,45756.0,0.3385
18240.9,16000.0,18712.3,16135.5,0.3383
18423.4,45841.6,18560.0,46400.0,0.3382
11031.9,2584.4,11518.5,2880.0,0.3382
11200.0,28708.2,11515.4,29105.5,0.3381
16601.5,22204.8,16728.5,22719.9,0.3380
12567.2,38088.5,13117.5,38639.3,0.3380
15099.8,35735.7,15677.2,36160.0,0.3380
16124.2,27520.0,16635.7,28010.2,0.3380
3878.2,5124.2,4478.9,5665.4,0.3379
14301.8,48807.3,14400.0,49280.0,0.3379
10694.2,18923.8,10847.5,19032.3,0.3379
20914.2,33490.3,21033.9,33919.3,0.3378
868.5,3203.4,959.7,3355.6,0.3376
5314.3,14762.3,5760.0,15353.3,0.3375
21767.5,8962.4,22080.0,9532.5,0.3374
17345.6,40283.8,17916.3,40640.0,0.3374
24322.0,41601.4,24428.6,41796.6,0.3374
25600.0,7133.2,25754.6,7680.0,0.3374
17650.6,39680.8,17911.0,39959.6,0.3373
25489.7,31232.1,25600.0,31678.7,0.3372
16303.3,9181.3,16634.5,9597.8,0.3372
10180.7,30081.7,10239.2,30368.8,0.3372
27900.4,11521.3,28159.8,11597.4,0.3371
16189.8,41819.8,16318.1,41920.0,0.3371
15053.1,16736.2,15236.9,17280.0,0.3370
24771.2,23459.8,24960.0,24000.0,0.3369
16000.0,3200.4,16371.9,3341.9,0.3369
21629.5,48320.1,21760.0,48365.1,0.3369
20087.2,42778.8,20480.0,43200.0,0.3369
6400.0,7043.7,6557.6,7397.9,0.3369
23777.3,49508.9,24320.0,49920.0,0.3368
8320.0,43360.7,8510.3,43840.0,0.3368
22167.4,26752.5,22720.0,27195.6,0.3367
19656.0,33602.5,19839.5,33921.5,0.3367
19234.9,5120.0,19839.2,5590.1,0.3366
19848.9,46364.5,20480.0,46720.0,0.3365
15411.8,18247.1,15469.6,18703.5,0.3365
11530.2,26494.6,11753.3,26560.0,0.3364
22082.8,24640.4,22461.3,25137.6,0.3364
20494.2,23047.5,21116.5,23417.6,0.3364
20209.1,48216.8,20798.8,48640.0,0.3364
23390.0,10594.1,23995.9,10880.0,0.3363
27631.9,48002.6,27840.0,48259.6,0.3363
11840.0,24960.1,12168.1,25087.1,0.3363
15571.1,21442.2,15671.7,21915.3,0.3362
24661.7,21346.4,25277.7,21760.0,0.3362
13180.3,25138.5,13756.8,25597.3,0.3362
25694.0,48184.9,25917.6,48638.4,0.3362
5761.6,1280.4,5977.3,1460.7,0.3361
18560.0,49920.0,18904.2,50117.1,0.3361
9920.0,7266.9,10077.0,7358.2,0.3361
21194.2,12366.8,21438.3,12479.0,0.3360
25418.2,28554.2,25600.0,29109.3,0.3360
14403.3,46400.6,15034.7,46835.8,0.3360
11861.7,22640.4,12479.5,23040.0,0.3359
10405.9,34493.6,10559.1,34560.0,0.3358
24585.5,3297.5,24960.0,3741.6,0.3357
17613.1,13121.8,18231.8,13350.2,0.3357
8641.1,35285.3,8978.0,35840.0,0.3357
26566.1,21120.5,27071.4,21546.8,0.3357
1280.5,10567.2,1564.5,11026.4,0.3357
11262.8,7052.2,11520.0,7519.6,0.3356
7560.1,4740.1,7679.9,4800.0,0.3356
20708.3,31850.8,20799.8,31969.8,0.3356
21946.7,9516.5,22393.0,9881.5,0.3356
21796.6,18567.5,22395.3,19128.1,0.3355
12492.5,39439.1,12800.0,39670.9,0.3355
28287.5,20835.5,28796.3,21114.4,0.3355
24668.6,39680.0,24938.5,40098.2,0.3354
10592.4,28977.3,11196.0,29438.4,0.3353
6231.3,17607.0,6716.7,17910.0,0.3353
17881.3,13440.8,18229.1,13574.0,0.3353
11074.6,26341.4,11196.9,26456.3,0.3352
27228.9,19254.9,27839.7,19831.0,0.3352
27947.3,5932.6,28154.6,6375.5,0.3352
23490.0,30170.5,23580.1,30399.0,0.3351
9737.7,12804.1,10240.0,13397.0,0.3351
11595.4,11629.9,12158.9,12155.1,0.3351
3255.6,1074.8,3837.1,1597.0,0.3350
4375.0,5483.4,4800.0,6063.1,0.3349
17168.1,34880.0,17600.0,35377.7,0.3349
26840.3,42727.9,26932.0,43194.7,0.3349
27698.2,6136.8,27875.3,6393.5,0.3349
2387.1,5955.4,2879.9,6386.9,0.3348
13489.8,6080.0,13760.0,6678.6,0.3347
20642.3,48677.3,20800.0,49236.2,0.3347
24320.0,36171.4,24452.3,36476.4,0.3346
18097.7,4160.0,18240.0,4239.4,0.3345
28117.4,42560.8,28196.6,42677.5,0.3345
25043.7,30626.2,25279.8,30707.1,0.3345
28122.9,49600.0,28252.8,49784.4,0.3344
9368.4,8640.0,9916.4,8865.5,0.3344
19820.2,40009.6,19875.0,40133.4,0.3343
16028.6,41802.7,16638.0,42237.2,0.3342
16566.7,32152.5,16639.2,32635.0,0.3342
24685.9,7041.8,25280.0,7299.5,0.3340
16670.6,22820.7,16959.2,23359.9,0.3340
4267.8,5120.0,4793.9,5630.0,0.3339
12951.8,37442.0,13119.1,37654.7,0.3339
23256.4,13122.8,23360.0,13630.2,0.3339
22720.2,29572.5,23219.0,30079.5,0.3338
4486.0,2784.2,5120.0,3200.0,0.3337
20573.6,25383.7,21110.4,25914.4,0.3336
6716.9,2.7,7040.0,609.6,0.3336
16962.6,9920.0,17554.3,10363.6,0.3336
24961.0,25737.2,25045.9,25919.5,0.3335
26262.3,27440.4,26494.5,27839.8,0.3334
28322.9,44379.9,28926.3,44798.1,0.3334
6080.9,13949.8,6511.7,14399.9,0.3334
14339.2,29661.1,14399.7,30072.7,0.3333
9600.0,33880.9,9726.7,34239.3,0.3332
1001.9,10052.6,1597.7,10558.9,0.3332
1654.3,13761.4,2237.8,14255.1,0.3332
19522.0,43106.9,20157.3,43520.0,0.3332
7693.7,25923.2,8317.8,26324.5,0.3332
16905.6,38599.7,17280.0,38727.2,0.3331
8018.4,46024.1,8320.0,46400.0,0.3331
24800.1,26815.9,24910.5,27198.7,0.3330
10264.9,11236.2,10878.4,11520.0,0.3328
27204.3,41566.3,27836.5,41920.0,0.3328
21307.2,12895.9,21386.4,12982.3,0.3327
20619.9,45349.0,20974.9,45758.1,0.3327
11841.8,25833.7,12479.2,26240.0,0.3327
22080.0,50560.8,22399.0,50722.1,0.3327
22444.5,2708.9,23038.0,3200.0,0.3327
15211.0,17082.8,15523.3,17600.0,0.3325
16072.6,2560.0,16266.4,2597.6,0.3325
7632.7,1923.5,7999.3,2488.9,0.3325
18882.5,26242.2,19101.0,26420.6,0.3325
19854.8,46631.1,20153.4,47040.0,0.3325
24644.6,20451.3,24781.3,20799.2,0.3324
21762.8,18320.0,21980.7,18875.5,0.3323
8743.7,45324.0,9274.9,45760.0,0.3323
2220.9,42241.2,2560.0,42627.3,0.3323
23106.7,23247.9,23677.8,23678.8,0.3322
15681.2,1108.4,15788.2,1280.0,0.3321
13909.4,38720.0,14398.2,38782.7,0.3321
28417.8,47044.0,28792.2,47144.9,0.3321
26561.5,6897.8,26620.3,7040.0,0.3320
20128.6,49733.8,20479.5,50238.6,0.3319
18123.7,32648.3,18240.0,33038.0,0.3319
22199.6,29796.1,22717.3,30168.8,0.3318
22040.8,29446.1,22400.0,29815.6,0.3318
18887.0,2112.0,19517.1,2559.4,0.3318
27265.2,18770.7,27839.3,19200.0,0.3317
21948.6,47600.7,22021.9,48000.0,0.3317
16742.5,38931.9,17272.7,39360.0,0.3317
22080.0,48642.6,22512.0,49075.0,0.3317
10506.3,5766.9,10880.0,5951.8,0.3317
15207.4,8763.3,15680.0,9122.6,0.3316
24788.2,12268.8,24958.9,12800.0,0.3316
7819.1,35523.4,8317.5,35965.7,0.3316
26617.9,27030.8,27195.9,27515.4,0.3315
24425.8,28173.3,24960.0,28681.2,0.3315
24165.3,4190.4,24630.7,4480.0,0.3314
22080.3,7681.0,22382.3,7833.0,0.3313
6722.1,2028.9,7054.2,2556.3,0.3312
13780.1,34902.8,14398.9,35200.0,0.3312
28163.5,11520.5,28781.6,11864.0,0.3311
7578.2,41410.4,7680.0,41908.0,0.3311
14161.2,41602.6,14314.7,41707.6,0.3311
13440.0,36097.8,13560.3,36160.0,0.3310
20161.2,39680.8,20445.2,40126.9,0.3309
8399.7,36948.3,8640.0,37426.3,0.3309
8073.3,11310.8,8638.4,11840.0,0.3309
15041.8,23682.3,15412.2,23945.2,0.3308
6400.0,39042.5,6485.0,39523.1,0.3307
9118.4,31388.1,9384.5,31680.0,0.3306
20229.8,43520.0,20351.1,44042.8,0.3305
11781.4,29984.2,12159.4,30400.0,0.3305
16432.5,29878.2,16954.0,30400.0,0.3305
28338.3,13445.2,28480.0,13746.2,0.3305
11529.8,23251.6,12154.8,23674.7,0.3304
14689.9,29442.3,15039.9,29897.7,0.3304
20187.6,46329.1,20797.4,46720.0,0.3302
27528.3,27520.0,28160.0,27601.1,0.3301
18880.4,26880.0,19520.0,27308.5,0.3301
24377.3,44593.5,24955.4,45120.0,0.3300
15208.3,17068.3,15268.4,17600.0,0.3298
27395.9,1586.7,27840.0,1920.0,0.3298
27010.4,50441.5,27200.0,50486.9,0.3298
19335.9,31326.1,19520.0,31360.0,0.3298
22132.9,42299.7,22397.7,42634.9,0.3298
16960.0,29887.7,17075.1,30400.0,0.3297
23416.7,45441.9,23680.0,45508.9,0.3297
8155.7,9444.6,8319.1,9599.6,0.3297
14210.8,28142.0,14400.0,28480.0,0.3296
6713.5,10560.0,7039.3,11074.2,0.3296
11306.6,2564.2,11518.3,2859.0,0.3296
3289.4,21576.6,3834.1,22078.5,0.3296
18754.3,45233.8,18879.9,45740.4,0.3295
25975.2,43317.7,26557.6,43839.7,0.3295
2751.5,12718.5,3200.0,13120.0,0.3293
24713.5,26244.9,24960.0,26501.3,0.3293
14337.4,40896.5,14484.7,40960.0,0.3293
19845.7,34775.9,20476.0,34912.2,0.3292
4857.8,8851.9,5439.7,9273.2,0.3292
27611.7,39877.3,27837.4,40320.0,0.3292
15098.0,21120.9,15323.5,21211.8,0.3292
7361.2,1600.8,7432.0,1693.7,0.3292
8651.2,2113.3,9132.4,2560.0,0.3291
10765.2,34113.3,10880.0,34240.0,0.3291
14947.2,33053.9,15039.8,33278.6,0.3291
18995.8,28480.0,19200.0,29012.6,0.3290
17342.1,41832.6,17918.0,42203.7,0.3289
14873.6,19845.2,15038.9,20127.1,0.3288
27288.8,34644.5,27517.4,35200.0,0.3288
13121.3,15398.7,13229.1,15568.0,0.3288
28642.3,43841.6,28798.2,44118.1,0.3287
9045.3,3077.8,9280.0,3403.4,0.3287
27196.3,37446.3,27330.8,37934.8,0.3286
24320.0,16076.5,24384.0,16243.1,0.3286
26574.4,3358.7,26880.0,3520.0,0.3286
10256.1,40289.9,10880.0,40640.0,0.3286
16126.0,33938.9,16320.0,34346.5,0.3286
16961.4,26376.0,17126.9,26879.6,0.3286
9281.4,13444.5,9732.2,13828.2,0.3286
26560.0,23360.4,26673.5,23497.6,0.3285
23542.1,24640.0,23994.5,25242.8,0.3285
26707.3,42323.5,26811.1,42880.0,0.3284
23042.0,1285.4,23342.5,1599.0,0.3284
8194.9,42566.4,8639.5,43038.0,0.3282
21751.5,1614.6,22079.6,1972.8,0.3282
8000.0,13760.7,8405.5,13979.3,0.3282
24365.6,15954.1,24637.3,16221.0,0.3282
23460.1,12800.2,23562.9,12847.9,0.3282
16251.7,6139.1,16636.2,6400.0,0.3281
5710.2,6309.1,6080.0,6714.8,0.3281
1537.6,5880.2,1920.0,6197.3,0.3281
19840.0,35200.1,20169.6,35361.1,0.3281
23049.8,13124.9,23394.5,13629.2,0.3280
10657.0,18240.5,11185.3,18491.1,0.3280
27841.1,1772.9,28101.1,2240.0,0.3280
27984.2,41575.2,28160.0,41852.1,0.3279
28161.0,38971.5,28251.8,39094.8,0.3279
27202.6,14914.9,27648.4,15356.5,0.3278
10643.0,3295.7,10879.2,3733.8,0.3278
19256.3,43103.0,19840.0,43520.0,0.3278
22014.4,26243.0,22400.0,26374.2,0.3277
4293.0,31394.0,4795.8,31680.0,0.3276
7497.6,2242.6,7786.0,2447.9,0.3276
25645.0,45907.4,25770.3,46400.0,0.3276
11372.0,29442.0,11839.6,29914.0,0.3276
25600.0,32644.7,25764.5,33141.1,0.3275
12989.8,16320.0,13120.0,16434.8,0.3275
19022.9,39916.8,19515.5,40320.0,0.3274
28544.2,39911.1,28821.0,40320.0,0.3274
7897.0,640.0,8317.7,1094.0,0.3274
5789.9,45043.2,6396.8,45440.0,0.3273
24820.4,12937.0,24959.6,13119.1,0.3273
22649.0,31946.2,22796.2,32000.0,0.3272
24960.0,15855.0,25158.1,15999.3,0.3272
12869.8,19844.8,13421.8,20186.0,0.3272
18709.9,40391.5,18879.7,40864.7,0.3272
15040.0,36162.5,15673.8,36586.8,0.3272
12582.2,15822.7,13118.1,16207.4,0.3271
26240.2,34670.5,26406.5,35200.0,0.3270
19840.0,9389.6,20245.1,9848.3,0.3270
28673.4,34146.1,28799.8,34239.6,0.3270
23088.4,47692.2,23678.8,48171.0,0.3269
23517.6,20502.8,23832.6,20899.7,0.3268
15199.9,45005.2,15358.3,45119.7,0.3268
24961.1,47380.3,25066.5,47508.5,0.3267
15774.8,25600.8,15993.4,25770.5,0.3266
15360.0,2170.4,15996.0,2558.5,0.3265
27200.0,5766.8,27315.7,6150.7,0.3265
25323.7,15865.5,25597.4,16091.6,0.3264
25924.8,11185.1,26373.8,11436.3,0.3263
25953.6,46080.9,26150.1,46220.4,0.3263
23838.7,3040.2,24078.5,3316.6,0.3263
21440.0,45540.7,21516.3,45735.8,0.3262
18148.7,9600.5,18560.0,10017.2,0.3262
27377.0,3069.0,27840.0,3520.0,0.3261
27849.4,346.5,28477.6,636.6,0.3261
17171.3,32960.1,17583.1,33373.4,0.3260
27538.4,11520.0,27802.0,11579.6,0.3260
13762.2,12108.7,13859.6,12474.6,0.3259
27268.8,7164.6,27389.2,7359.9,0.3258
10582.7,19708.9,11199.7,20151.8,0.3258
640.0,7040.0,818.6,7202.1,0.3257
4704.8,14088.5,5119.8,14530.3,0.3256
6701.6,2617.2,6834.2,2731.6,0.3256
18560.0,29992.8,18826.4,30194.6,0.3256
9722.7,3617.5,10234.3,4160.0,0.3256
11581.3,46083.8,12157.0,46591.9,0.3255
25935.2,37133.1,26209.2,37696.4,0.3255
25507.6,27202.0,25577.0,27396.9,0.3255
14721.5,48641.0,15132.2,48745.5,0.3255
27006.6,5506.8,27109.1,5812.1,0.3254
28748.8,24926.2,28927.9,25272.4,0.3254
11559.2,33076.6,12156.3,33598.3,0.3254
21810.0,1780.4,22397.8,2239.0,0.3253
16647.1,22944.3,16758.1,23360.0,0.3253
16733.5,34884.0,16960.0,35303.9,0.3252
23644.8,33200.0,23719.6,33600.0,0.3252
18153.8,34547.3,18239.9,34880.0,0.3252
25144.0,27203.7,25279.8,27783.1,0.3251
26252.0,46723.4,26559.3,47126.7,0.3251
26880.0,27520.0,26974.2,27938.2,0.3251
17738.8,25075.5,17887.9,25599.6,0.3251
25600.0,27872.1,25718.5,28479.6,0.3250
13445.6,28469.9,14080.0,28800.0,0.3249
5185.8,98.8,5756.7,634.9,0.3248
7041.4,47904.0,7234.0,48000.0,0.3248
11201.9,29567.0,11342.9,30078.8,0.3247
13441.5,2235.7,13615.7,2289.5,0.3247
12800.0,2240.0,13440.0,2345.2,0.3246
19962.6,8000.0,20480.0,8449.3,0.3245
20250.0,24119.1,20798.1,24640.0,0.3245
15370.6,33920.0,15680.0,34446.8,0.3245
13760.0,576.5,13889.7,640.0,0.3244
22340.5,17601.0,22720.0,18198.2,0.3244
14083.4,6299.7,14238.5,6717.3,0.3244
7040.0,4086.5,7227.0,4418.6,0.3244
20801.2,27480.5,21008.2,27830.6,0.3244
7462.5,26563.8,7997.6,27013.9,0.3244
11270.7,32000.2,11839.9,32319.1,0.3243
16115.6,14085.2,16610.3,14537.0,0.3242
13972.0,17289.3,14080.0,17814.1,0.3242
14508.8,45584.4,15035.8,46080.0,0.3241
15590.5,29027.9,15974.2,29440.0,0.3240
18939.7,20487.2,19199.7,20830.4,0.3240
16640.0,41935.3,16764.5,42398.9,0.3240
26053.6,24476.4,26185.9,24955.2,0.3240
5762.2,9985.6,5916.6,10434.7,0.3239
22801.7,19846.0,23342.4,20160.0,0.3239
8979.5,23561.8,9597.8,23996.2,0.3238
10972.1,4615.1,11516.4,5116.9,0.3238
22539.6,40037.8,22718.5,40319.2,0.3238
27053.3,33280.0,27520.0,33811.7,0.3238
13440.2,33762.5,13810.3,33920.0,0.3237
7041.6,11362.8,7452.4,11680.8,0.3236
18560.9,26880.1,19002.7,27055.8,0.3236
10156.6,35200.0,10216.1,35347.1,0.3235
21121.2,31036.9,21336.2,31358.9,0.3235
24744.6,22510.5,25279.1,23037.9,0.3234
23370.5,37442.6,23998.9,37791.4,0.3234
15568.0,29144.3,15640.4,29578.3,0.3234
23460.3,30727.3,23555.4,31187.9,0.3234
28087.8,10868.1,28159.6,11188.7,0.3234
28296.6,32921.4,28927.5,33280.0,0.3233
12271.1,23524.6,12404.0,23639.6,0.3233
15742.6,23040.6,16312.4,23568.1,0.3232
17147.3,42884.7,17279.7,43176.1,0.3231
8320.0,28480.0,8511.8,28814.9,0.3230
17600.9,24640.3,17707.8,24691.9,0.3230
5125.2,5760.0,5735.6,6227.7,0.3229
27756.1,30869.5,27839.8,31303.8,0.3229
18249.7,13955.7,18879.2,14399.6,0.3229
6722.5,41924.0,6830.5,42394.8,0.3227
3288.5,48874.5,3838.4,49280.0,0.3227
8345.7,4280.2,8640.0,4798.6,0.3227
20092.9,2880.0,20480.0,3328.4,0.3227
26485.9,19202.2,26878.6,19621.4,0.3226
23385.8,37441.2,23996.6,37577.6,0.3226
9633.1,29511.9,10240.0,29753.4,0.3226
28161.9,16565.0,28310.1,16958.4,0.3225
27844.5,35977.6,28158.4,36160.0,0.3224
17693.4,38650.7,17816.3,39040.0,0.3224
17922.4,29132.2,18557.4,29568.4,0.3224
13760.0,0.0,13890.9,447.8,0.3224
11543.0,26241.1,12160.0,26718.5,0.3224
19228.1,40640.0,19518.1,41265.6,0.3223
1921.6,5124.0,2060.0,5581.1,0.3222
5837.8,29122.7,6394.7,29675.3,0.3222
25923.6,23366.7,26064.1,23899.4,0.3221
26754.9,47040.7,26852.0,47128.8,0.3220
26892.5,33600.0,27142.2,33653.6,0.3219
3464.2,1930.7,3840.0,2385.9,0.3219
7891.3,39682.3,7999.8,40197.0,0.3218
23360.0,25772.8,24000.0,26236.7,0.3216
12247.6,19730.3,12800.0,20160.0,0.3216
8512.9,30182.7,8639.5,30322.6,0.3215
13476.9,36481.9,14078.1,36783.0,0.3215
24640.0,35107.7,25060.9,35520.0,0.3215
18240.0,9942.8,18412.6,10006.9,0.3214
15472.7,39361.6,15680.0,39458.3,0.3214
3943.0,7680.0,4159.2,7825.2,0.3213
22372.1,1611.3,22704.4,1974.4,0.3212
17600.0,21440.0,18238.5,21817.5,0.3211
10276.2,26237.9,10879.4,26560.0,0.3211
19200.8,33920.0,19565.6,34100.4,0.3211
28388.5,34146.0,28925.2,34349.7,0.3210
4748.8,28325.7,5117.9,28800.0,0.3210
12180.0,42713.8,12791.7,43195.9,0.3209
9118.5,38329.3,9258.6,38718.9,0.3208
6577.4,35382.1,6720.0,35519.8,0.3208
27200.2,49920.8,27554.9,49989.4,0.3208
3610.9,29949.6,4154.6,30400.0,0.3207
24697.9,4843.7,24959.9,5118.7,0.3207
9949.0,37762.5,10556.7,38156.6,0.3207
15040.0,13259.8,15143.4,13755.5,0.3206
27827.9,19231.5,28159.7,19591.2,0.3206
10882.9,48321.2,11346.9,48740.7,0.3206
22886.7,23927.5,23038.7,24069.7,0.3206
23479.5,32321.9,23809.6,32790.7,0.3206
8799.7,48642.0,9280.0,49122.5,0.3205
21776.2,50560.0,22397.6,50946.5,0.3204
27259.9,11886.1,27341.1,12350.5,0.3204
19374.5,15363.8,19829.7,15948.1,0.3204
8000.0,42383.9,8187.7,42879.9,0.3203
22626.5,2150.4,23040.0,2550.4,0.3202
20197.2,37894.3,20479.6,38060.1,0.3201
15037.7,30764.7,15359.6,31360.0,0.3201
10252.5,41723.4,10878.4,41919.5,0.3201
26372.6,40321.5,26560.0,40823.0,0.3200
3546.7,2822.0,4160.0,3200.0,0.3200
9058.2,8097.9,9280.0,8319.1,0.3199
25043.9,34899.3,25349.1,35365.4,0.3199
17060.8,29233.8,17599.1,29760.0,0.3199
7680.0,24974.7,8010.0,25374.0,0.3199
14720.0,30679.1,15143.3,31040.0,0.3198
27460.1,36483.1,27840.0,36788.7,0.3198
13535.0,49254.5,13641.0,49401.7,0.3198
1605.6,7361.2,1920.0,7477.0,0.3198
7360.0,1506.2,7510.7,1598.5,0.3197
15959.5,40446.6,16316.0,40640.0,0.3197
25159.2,39369.6,25279.2,39852.3,0.3196
16969.6,13440.0,17464.2,13647.8,0.3196
23990.9,47680.0,24319.3,48190.4,0.3196
7040.0,26560.3,7500.1,27024.0,0.3196
18948.1,26563.8,19382.4,26969.8,0.3196
8321.8,40644.9,8699.3,40988.3,0.3195
17122.7,15019.5,17598.9,15198.8,0.3195
21516.2,6085.0,22072.8,6607.8,0.3195
15404.3,25281.5,15578.5,25771.3,0.3194
17450.7,35840.0,17600.0,36374.7,0.3194
18560.9,33637.1,18731.4,34240.0,0.3193
1615.9,5440.0,2224.6,5552.8,0.3192
8320.0,10252.9,8631.1,10431.9,0.3192
27840.0,22547.1,28012.5,22713.4,0.3192
20480.0,41305.7,20675.6,41779.1,0.3192
23387.4,32550.3,23490.3,32959.9,0.3191
27875.5,36113.7,28480.0,36479.1,0.3191
17284.9,11200.0,17914.8,11327.0,0.3191
27851.5,50096.8,28474.3,50559.7,0.3190
23896.9,16347.8,24319.6,16639.1,0.3190
21123.3,36787.3,21757.0,37042.0,0.3189
23918.9,20495.2,23982.7,20799.4,0.3189
15682.2,47681.7,16033.0,47771.0,0.3188
25153.9,13441.0,25280.0,13605.4,0.3188
15746.7,49601.7,16320.0,49999.5,0.3188
672.8,7855.8,1279.9,8315.8,0.3187
15571.7,20495.5,15634.3,20974.1,0.3187
18981.2,1109.4,19510.6,1599.2,0.3186
8556.9,33375.3,8859.6,33920.0,0.3186
20800.0,29122.0,20873.9,29236.5,0.3186
27842.3,7041.8,27995.7,7521.2,0.3185
25280.0,12657.0,25919.4,13057.2,0.3184
25338.1,44171.6,25475.2,44785.2,0.3184
13120.0,32268.8,13233.2,32640.0,0.3184
11200.0,17512.4,11324.9,17600.0,0.3183
8755.7,34776.9,8898.0,35200.0,0.3183
27561.5,27839.1,27840.0,28105.9,0.3183
24641.5,30324.9,24993.4,30605.2,0.3182
25920.0,33480.7,26039.6,33913.9,0.3182
27895.6,34241.0,28160.0,34365.4,0.3181
9926.9,41781.3,10558.2,42070.5,0.3181
6309.6,35520.3,6398.9,35629.1,0.3181
27520.0,9547.7,27788.0,9586.7,0.3180
16641.1,38587.3,16915.4,38719.2,0.3180
10880.0,1496.1,11349.7,1919.1,0.3178
13772.2,18133.4,14187.5,18559.3,0.3177
20066.1,43749.5,20159.8,44160.0,0.3176
10561.1,35007.5,10700.2,35061.4,0.3176
20481.6,44160.7,20550.7,44347.7,0.3175
28334.2,7067.3,28928.0,7360.0,0.3175
16537.8,35851.7,16640.0,36345.3,0.3175
24736.1,8302.9,24959.1,8481.0,0.3174
16423.9,3335.4,16639.9,3517.8,0.3172
16320.7,38288.6,16412.9,38399.7,0.3172
25327.6,43437.3,25599.5,43838.6,0.3171
8805.6,323.5,9280.0,747.2,0.3171
10880.0,30720.0,11266.1,31355.2,0.3171
8292.7,6723.6,8640.0,7217.5,0.3171
26634.4,46585.0,27199.1,47039.9,0.3171
7369.4,36157.5,7998.0,36480.0,0.3170
23051.8,47579.1,23680.0,48000.0,0.3170
20509.7,15925.7,21117.1,16320.0,0.3170
15721.2,8646.3,16319.8,8960.0,0.3169
15052.3,20480.0,15294.0,20520.3,0.3169
21303.8,12743.6,21386.3,12963.7,0.3168
24326.1,48642.0,24959.9,48957.8,0.3168
19073.9,36803.4,19199.9,37264.2,0.3168
9280.0,21446.2,9444.8,21859.9,0.3168
28486.9,31681.4,28799.4,31844.1,0.3167
23680.0,48326.4,23786.0,48949.4,0.3166
17466.1,40348.3,17646.8,40760.0,0.3166
17602.8,40741.8,18056.8,40960.0,0.3166
18880.0,29184.3,19137.6,29760.0,0.3165
20176.1,33914.0,20474.7,34235.4,0.3165
19396.8,27982.0,19839.7,28476.2,0.3163
16003.8,46730.6,16637.1,47040.0,0.3163
18774.0,29448.5,19194.8,29828.0,0.3163
9824.7,36386.6,9918.8,36480.0,0.3163
26322.9,9627.8,26879.3,10083.8,0.3160
13610.1,46936.4,13757.7,47040.0,0.3160
25072.5,21657.2,25279.7,22078.8,0.3160
5768.7,12933.3,6206.3,13436.4,0.3159
27381.3,47092.2,27520.0,47392.5,0.3159
975.0,748.8,1438.1,1154.7,0.3159
7599.8,31834.9,7680.0,32000.0,0.3159
14711.3,41283.3,15040.0,41414.5,0.3159
23876.7,21048.2,24320.0,21440.0,0.3158
11914.4,31042.7,12478.9,31555.3,0.3158
11203.9,19521.1,11618.5,19618.2,0.3158
19886.8,40000.3,20160.0,40220.4,0.3157
21289.2,23680.0,21439.8,24233.4,0.3157
14898.7,8320.2,15346.0,8453.2,0.3157
26882.5,16333.7,27520.0,16640.0,0.3157
18240.0,27200.5,18470.1,27387.2,0.3157
15564.3,25769.7,15997.3,26240.0,0.3157
23286.5,21448.2,23360.0,22027.7,0.3156
17717.9,30475.7,17917.0,30718.9,0.3156
15042.3,34884.6,15217.8,35403.7,0.3156
2414.0,10131.9,2559.9,10240.0,0.3155
18560.0,40644.8,18813.4,41182.4,0.3155
26004.4,22860.8,26546.2,22988.3,0.3155
15681.8,16089.8,15745.0,16320.0,0.3155
17342.1,49286.7,17915.8,49671.6,0.3154
24840.3,40017.7,25013.4,40496.0,0.3154
9396.4,37866.4,9596.1,38078.9,0.3153
18732.7,25094.9,18964.6,25600.0,0.3152
9440.0,13195.3,9920.0,13437.6,0.3152
22630.0,50172.0,22720.0,50559.8,0.3151
20331.5,43520.3,20479.0,43610.4,0.3150
18266.0,40814.6,18821.3,41279.9,0.3150
12842.5,27299.4,13431.5,27384.2,0.3150
20800.3,38410.7,20905.7,38515.0,0.3149
3893.8,8643.2,4479.8,9135.4,0.3147
28301.1,4807.6,28925.7,5132.2,0.3147
10702.5,12749.6,11198.3,13120.0,0.3147
12294.4,36399.3,12480.0,36628.4,0.3147
17770.1,47592.8,17918.7,47680.0,0.3146
14742.8,33827.6,15356.6,34240.0,0.3145
3841.2,10458.7,3920.0,10867.7,0.3144
26667.9,7041.6,27190.2,7300.3,0.3144
20324.9,36058.8,20426.3,36160.0,0.3144
16063.8,39355.7,16640.0,39680.0,0.3143
17079.9,37065.9,17279.2,37440.0,0.3141
27371.9,10564.4,27519.5,10738.9,0.3140
15365.6,7972.6,16000.0,8310.3,0.3140
19204.7,708.4,19830.8,959.0,0.3140
26881.6,22490.5,26961.2,22645.3,0.3139
24981.2,43733.5,25599.5,44159.6,0.3138
21441.7,46081.9,21495.5,46190.0,0.3137
15128.4,31039.7,15353.7,31359.4,0.3136
16001.3,5760.2,16336.0,5885.2,0.3136
23206.8,15954.4,23275.8,16235.7,0.3136
15428.2,33144.4,15680.0,33485.1,0.3136
9930.6,327.8,10560.0,779.9,0.3136
17699.9,5873.6,17920.0,6078.2,0.3135
22826.8,14083.0,23326.6,14452.0,0.3134
18301.1,50720.0,18878.0,51191.6,0.3133
19521.8,39040.8,19582.0,39231.5,0.3133
11200.0,6335.6,11332.5,6400.0,0.3133
18889.1,50075.5,19516.8,50557.8,0.3132
27520.0,34240.6,27619.5,34332.8,0.3132
18250.1,29962.4,18875.6,30371.7,0.3132
21151.5,23235.3,21756.8,23678.6,0.3131
21442.5,19213.9,21862.4,19512.6,0.3131
13762.1,33283.6,14394.8,33617.3,0.3131
9994.1,21619.5,10560.0,22076.9,0.3131
6401.0,32001.3,6503.2,32163.0,0.3130
19729.1,36988.2,19840.0,37034.0,0.3129
13900.1,25291.0,14395.8,25733.9,0.3128
13785.6,722.1,14400.0,1280.0,0.3128
15393.9,49922.1,15996.5,50247.9,0.3127
21137.5,50182.6,21760.0,50560.0,0.3126
3201.7,14333.5,3829.3,14720.0,0.3126
21442.4,20384.6,21536.8,20796.8,0.3125
26560.0,39444.3,27052.8,40000.0,0.3125
27590.7,47361.7,28000.1,47436.4,0.3125
26220.8,45760.0,26559.1,46358.1,0.3124
26894.6,10133.0,27099.7,10559.7,0.3124
25152.6,24664.4,25600.0,25199.4,0.3124
9628.7,41884.8,10239.3,42220.3,0.3124
8504.5,25850.4,8639.0,25920.0,0.3124
22400.0,11886.8,23038.7,12331.0,0.3124
28288.0,24640.0,28461.7,24672.3,0.3123
16320.0,4480.0,16960.0,4861.4,0.3122
2366.0,42530.4,2880.0,42880.0,0.3121
27938.6,6400.0,28476.4,6560.5,0.3121
26422.3,22974.9,26560.0,23040.0,0.3120
24221.9,31546.9,24319.5,31986.5,0.3120
7315.2,34966.8,7399.5,35190.8,0.3119
2982.8,10634.1,3519.1,11200.0,0.3118
25843.9,34322.1,26151.7,34880.0,0.3118
27555.9,44800.0,28159.0,44884.4,0.3118
15094.8,49920.0,15675.1,50333.8,0.3117
16504.7,21253.5,16640.0,21759.9,0.3116
25054.5,31313.3,25280.0,31677.5,0.3115
23077.1,21144.8,23677.7,21439.9,0.3114
7680.0,45743.1,7755.3,46079.5,0.3113
8960.5,33182.4,9298.9,33280.0,0.3113
26731.5,32960.0,26879.3,33046.0,0.3112
21442.7,38429.4,22053.0,38720.0,0.3112
15041.3,29207.9,15299.3,29760.0,0.3112
18083.4,29042.6,18239.8,29119.7,0.3112
19202.8,14231.4,19661.0,14717.5,0.3112
24649.4,39365.1,24960.0,39838.3,0.3111
14319.8,18790.0,14464.8,19199.6,0.3111
7040.5,40790.0,7113.2,40960.0,0.3111
26706.1,13818.1,26833.4,13898.7,0.3110
9426.2,35131.1,9599.0,35520.0,0.3110
23372.6,43729.7,23996.6,44159.7,0.3110
13887.4,33215.4,14050.7,33280.0,0.3110
24249.4,11434.8,24320.0,11839.4,0.3109
16000.9,47338.1,16367.7,47644.1,0.3109
7680.0,3071.8,8078.6,3516.0,0.3109
22400.8,27200.0,22715.9,27627.9,0.3109
24321.6,9527.3,24950.6,9904.0,0.3108
21525.8,20161.5,22080.0,20546.0,0.3107
28533.2,50116.1,28800.0,50239.7,0.3107
12809.9,37026.1,13440.0,37424.4,0.3107
8322.9,41049.8,8763.1,41600.0,0.3106
27840.3,21446.6,28315.6,21900.1,0.3106
24534.0,30210.5,24640.0,30517.9,0.3106
19771.5,28803.2,20160.0,29173.8,0.3106
17785.1,48239.6,18233.8,48634.4,0.3105
7561.5,34883.0,7840.7,35399.5,0.3104
21120.5,12356.7,21210.8,12480.0,0.3103
3272.7,10880.0,3840.0,11376.5,0.3103
4306.3,12589.0,4796.6,12979.7,0.3101
25098.4,19200.0,25591.4,19653.3,0.3100
16000.9,961.6,16071.3,1039.5,0.3100
19369.9,15361.9,19520.0,15980.7,0.3099
26561.8,12796.5,26944.3,12977.4,0.3099
25962.8,37045.1,26557.3,37440.0,0.3098
7840.3,41600.0,7999.1,41807.5,0.3098
12545.2,3851.4,12800.0,4103.6,0.3098
20169.6,28805.8,20794.7,29251.4,0.3097
20800.2,39360.0,20894.1,39446.2,0.3097
14766.3,44166.7,15359.7,44479.3,0.3096
8960.8,2880.9,9042.2,2973.1,0.3096
2240.0,11471.0,2880.0,11840.0,0.3095
11868.3,33055.8,12476.2,33245.1,0.3095
27840.0,31680.6,28478.5,31811.0,0.3094
13549.7,3961.4,14076.8,4474.6,0.3093
17920.0,3089.5,17998.0,3517.0,0.3093
15404.6,24962.9,15560.9,25363.5,0.3093
27003.3,5652.7,27520.0,6080.0,0.3092
645.7,8961.6,987.7,9255.7,0.3092
23041.7,29853.9,23200.0,30400.0,0.3091
12485.8,27113.7,12740.8,27200.0,0.3090
4511.4,29762.4,4804.1,29913.6,0.3090
27479.8,39291.3,27559.9,39679.5,0.3089
16320.0,24320.6,16895.8,24745.2,0.3088
24517.2,31290.7,24640.0,31669.5,0.3088
20160.2,11840.6,20628.4,12125.4,0.3088
7461.1,4276.1,7997.4,4800.0,0.3087
18564.6,43937.8,18815.3,44480.0,0.3087
28288.8,13848.9,28924.8,14258.4,0.3087
25673.7,9405.9,26235.3,9916.5,0.3087
4438.9,23044.7,4800.0,23251.7,0.3084
23680.0,20367.9,23992.0,20800.0,0.3084
8356.1,32720.0,8635.5,32955.9,0.3084
19353.0,8205.6,19840.0,8640.0,0.3083
6726.0,11127.5,7359.4,11520.0,0.3083
28182.1,39771.3,28469.4,40000.0,0.3082
12895.7,48583.2,13436.1,48960.0,0.3082
17029.8,14720.0,17591.3,14998.7,0.3082
20621.3,37343.8,21116.1,37760.0,0.3081
18240.0,41855.9,18319.1,42240.0,0.3081
26797.7,39843.4,26880.0,40000.0,0.3081
23360.0,36801.2,23492.5,36910.4,0.3081
20261.9,3207.6,20795.0,3701.9,0.3080
16740.4,42881.8,17000.3,43035.4,0.3080
18702.8,45899.8,19200.0,46400.0,0.3080
27930.2,48001.0,28153.4,48117.2,0.3079
3841.0,7041.6,4316.6,7505.9,0.3079
10008.4,45440.0,10556.2,45874.5,0.3079
6163.2,34966.3,6397.0,35520.0,0.3078
17511.3,4332.2,17918.8,4800.0,0.3078
25388.1,41708.0,25507.9,42240.0,0.3077
320.4,1280.8,424.2,1416.3,0.3077
28453.8,48962.2,28795.3,49073.4,0.3076
27269.0,32336.3,27830.6,32640.0,0.3076
18780.0,45044.2,18880.0,45440.0,0.3076
14400.2,27520.7,14623.9,27663.2,0.3076
24010.2,49602.9,24638.6,49747.6,0.3075
13578.6,22304.3,14077.1,22720.0,0.3075
12486.0,47888.4,13116.7,48319.0,0.3075
15361.5,15681.2,15802.8,16096.0,0.3074
1600.0,9223.6,2188.1,9599.3,0.3074
25280.0,2444.0,25396.9,2872.3,0.3073
12722.0,25358.7,12850.6,25496.6,0.3073
6933.5,3707.7,7039.0,3829.1,0.3073
15396.7,44150.8,16000.0,44480.0,0.3072
17202.0,1930.1,17600.0,2333.5,0.3071
22616.8,28234.1,23040.0,28792.3,0.3070
12482.8,38201.5,12571.1,38635.1,0.3070
20899.1,33283.2,21114.1,33796.0,0.3070
24960.0,36047.5,25320.8,36477.0,0.3070
27658.2,30542.8,28103.0,31037.8,0.3070
2946.7,13653.6,3199.7,14076.6,0.3067
26467.7,35153.7,26880.0,35520.0,0.3067
18743.2,7241.1,18880.0,7596.9,0.3066
8986.3,8321.8,9279.3,8740.5,0.3066
25339.0,20880.9,25599.9,21431.9,0.3065
26882.0,39089.3,26986.3,39462.4,0.3065
19116.4,29028.8,19200.0,29440.0,0.3065
17310.9,13147.8,17527.7,13363.5,0.3065
27520.0,23003.6,27697.8,23040.0,0.3065
22248.2,47267.7,22398.1,47360.0,0.3063
28160.9,29615.3,28254.2,29717.8,0.3063
24752.1,36802.2,24854.2,37218.8,0.3063
22796.1,25772.2,23358.3,26230.6,0.3063
17436.9,30080.0,17920.0,30554.9,0.3062
22281.3,49509.9,22397.6,49920.0,0.3062
25907.6,26705.6,26240.0,27200.0,0.3061
11382.6,18772.8,11520.0,18880.0,0.3061
7369.2,30726.5,7998.9,31040.0,0.3061
23489.9,30096.6,23593.8,30500.8,0.3059
25692.5,28002.0,25765.9,28477.8,0.3059
19897.9,12516.4,20160.0,13120.0,0.3059
2467.2,10257.0,2559.3,10837.8,0.3059
7766.2,47366.6,8316.0,47851.6,0.3058
15041.4,12902.2,15192.4,13119.6,0.3057
23608.8,33031.6,23678.1,33279.1,0.3057
22017.6,36826.7,22080.0,36931.8,0.3057
19897.7,12372.4,20159.4,12800.0,0.3057
23681.0,46772.7,24055.3,47040.0,0.3056
18529.8,35097.3,18621.0,35495.9,0.3056
23836.8,24252.4,23998.4,24320.0,0.3056
28029.4,43004.5,28159.6,43520.0,0.3054
24646.8,28076.1,25122.1,28475.9,0.3053
14405.6,44527.5,15039.5,44800.0,0.3053
19219.0,38319.1,19839.1,38712.7,0.3052
14449.1,8339.5,15032.8,8640.0,0.3051
3083.6,12682.2,3520.0,13120.0,0.3050
19590.4,3525.9,19839.6,4027.6,0.3048
20283.6,38768.5,20363.5,39032.5,0.3048
21440.8,38149.3,21494.1,38300.4,0.3048
26561.6,38240.6,26714.9,38715.1,0.3047
15040.0,39098.3,15676.3,39359.4,0.3046
26880.2,44698.9,27000.0,44748.2,0.3046
25370.2,50647.7,25600.0,51200.0,0.3045
19348.1,24960.7,19519.3,25106.6,0.3044
9359.9,30401.1,9424.1,30490.0,0.3044
12186.9,24128.1,12798.4,24616.2,0.3043
3218.4,39668.7,3828.1,39999.8,0.3043
21122.4,32220.6,21365.4,32640.0,0.3043
24681.6,33920.0,25276.9,34067.0,0.3043
19840.0,40920.0,19933.2,41279.7,0.3042
9651.5,3848.3,10234.4,4438.1,0.3042
14401.6,22863.9,14640.9,23360.0,0.3042
6483.7,28609.0,7014.3,29120.0,0.3041
25691.2,27840.8,26150.6,28323.4,0.3041
10240.3,32000.0,10439.0,32241.6,0.3041
18784.6,19386.7,18879.3,19818.5,0.3041
24767.3,21864.8,24959.8,22079.7,0.3041
25113.2,6326.7,25279.9,6611.1,0.3040
16112.9,16240.1,16445.2,16635.3,0.3039
10893.8,10584.9,11516.8,11010.8,0.3039
21760.0,47349.7,21880.6,47679.9,0.3038
19521.7,900.7,20155.2,1279.4,0.3038
12146.8,50560.7,12479.9,51050.7,0.3036
26282.4,49169.1,26334.8,49278.5,0.3036
7477.7,37934.0,7996.2,38398.7,0.3036
23905.0,27095.1,23999.5,27199.9,0.3036
16095.2,16655.4,16636.2,17081.3,0.3035
27431.3,19844.8,27834.6,20063.6,0.3035
7680.9,31536.1,7985.8,31680.0,0.3035
16031.7,46083.6,16635.1,46496.0,0.3035
24160.4,6082.4,24595.8,6263.1,0.3034
21127.6,29120.5,21759.7,29225.3,0.3033
24060.3,49335.3,24175.3,49599.8,0.3032
13911.8,25201.4,13984.5,25600.0,0.3031
8679.5,33789.0,8868.1,34235.1,0.3031
17305.8,42568.6,17600.0,43045.7,0.3031
20481.1,35201.9,20818.7,35351.5,0.3029
27731.9,49601.5,27840.0,50227.6,0.3028
20481.6,38443.6,21118.5,38720.0,0.3028
9984.2,151.0,10557.8,636.6,0.3026
1920.0,13627.7,2012.4,13738.5,0.3026
14743.0,31364.8,15040.0,31816.6,0.3026
8320.0,32961.2,8510.7,33055.9,0.3025
8415.3,47680.0,8958.4,48211.9,0.3025
8658.5,31724.5,9280.0,31999.5,0.3024
16640.0,28160.0,16996.7,28626.3,0.3024
21120.0,35528.6,21634.9,35949.9,0.3024
6183.7,28606.8,6716.8,29120.0,0.3024
18778.6,16526.1,18880.0,16640.0,0.3024
26881.3,23360.0,27413.3,23457.6,0.3024
27833.3,34562.6,28160.0,34727.1,0.3023
28296.9,41180.5,28507.0,41556.5,0.3023
14129.3,46641.1,14718.2,47038.7,0.3022
5094.4,6503.3,5440.0,7001.3,0.3021
10564.9,23683.2,11198.4,23800.2,0.3021
8693.6,23856.9,9275.9,24314.0,0.3020
8128.7,42329.2,8636.8,42880.0,0.3020
14937.5,23038.7,15039.7,23360.0,0.3020
23361.1,37766.3,23692.3,38132.8,0.3019
27254.1,12313.0,27323.9,12480.0,0.3019
7304.1,15929.6,7680.0,16313.2,0.3019
21440.0,35520.0,21616.6,35987.0,0.3019
27772.6,50336.1,27884.2,50877.8,0.3018
20160.0,25215.8,20267.2,25600.0,0.3018
8014.3,10817.5,8640.0,11200.0,0.3018
20046.0,15619.0,20160.0,16000.0,0.3018
9963.4,11160.3,10556.9,11520.0,0.3017
18761.0,42243.4,18823.0,42453.4,0.3016
14353.5,33294.8,14718.6,33686.0,0.3015
25722.1,45123.4,26146.2,45413.6,0.3014
14720.0,20324.2,14814.6,20800.0,0.3014
17749.9,26339.7,17920.0,26654.9,0.3014
3307.6,9204.9,3520.0,9599.7,0.3014
22268.8,31885.1,22400.0,31988.2,0.3014
6080.0,43229.3,6179.7,43519.8,0.3013
9747.0,36674.3,9918.1,36799.4,0.3013
25922.0,10190.2,26049.1,10560.0,0.3013
24778.4,36336.1,24960.0,36786.7,0.3013
21272.0,29849.1,21351.4,30015.2,0.3012
21899.5,5198.3,22400.0,5440.0,0.3012
12800.7,10837.5,13078.7,11200.0,0.3010
14829.5,20784.6,15039.6,20915.8,0.3010
4533.9,3244.4,4799.6,3716.1,0.3010
16863.6,21549.0,16959.8,21759.1,0.3010
6422.8,35718.0,6720.0,35814.7,0.3009
26779.8,49384.5,26880.0,49600.0,0.3008
8644.7,11808.5,9275.9,12160.0,0.3008
8751.6,27738.1,8958.9,27839.3,0.3007
20547.8,49840.2,21120.0,50240.0,0.3007
26032.7,32323.8,26401.1,32703.0,0.3007
17922.7,21756.2,18141.4,22074.2,0.3006
19200.6,36480.3,19248.6,36585.8,0.3005
18543.4,6082.5,18880.0,6596.7,0.3005
13477.0,49280.5,13733.8,49404.4,0.3004
25106.3,19843.2,25600.0,20299.8,0.3004
24641.2,40534.4,24702.9,40917.3,0.3004
20664.4,20041.3,21120.0,20480.0,0.3003
11217.5,32728.8,11840.0,32960.0,0.3002
14956.3,14330.5,15040.0,14718.6,0.3002
18438.5,41071.1,18559.8,41594.5,0.3002
10892.5,44100.0,11517.8,44480.0,0.3001
19520.0,49558.4,19646.8,49600.0,0.3000
23286.2,5760.0,23680.0,6150.6,0.2998
15415.6,44975.2,15998.4,45437.0,0.2997
7370.1,43488.3,7997.1,43840.0,0.2997
25282.4,1283.6,25477.1,1770.9,0.2997
7452.6,46725.8,7997.8,47202.7,0.2996
14723.6,26881.0,15136.5,27369.7,0.2996
16734.8,23239.3,17280.0,23677.7,0.2996
10886.3,1177.4,11520.0,1588.2,0.2995
16212.9,48362.3,16320.0,48640.0,0.2995
8650.6,23362.0,9279.1,23677.3,0.2995
21459.3,29120.0,21695.4,29157.4,0.2995
1411.7,1791.8,1599.9,2238.8,0.2994
14301.3,18892.6,14400.0,19368.7,0.2994
22414.2,47680.8,23040.0,47787.7,0.2993
11243.2,31365.8,11502.1,31880.5,0.2993
20480.0,31121.8,20630.9,31197.7,0.2992
24697.3,6179.8,24960.0,6714.6,0.2991
16624.3,2242.7,16960.0,2499.5,0.2991
26691.1,40522.1,27175.8,40960.0,0.2991
12309.8,29769.4,12479.9,30193.2,0.2991
8962.9,13005.6,9596.5,13250.0,0.2991
28731.0,40596.0,28799.9,40959.2,0.2990
13548.9,43879.7,13683.8,44093.1,0.2990
12609.4,24169.6,12800.0,24318.9,0.2990
27621.0,24188.1,27717.2,24320.0,0.2990
12241.6,37576.8,12798.4,38077.6,0.2990
28674.5,16985.5,28769.9,17128.8,0.2990
17621.9,23220.0,18237.4,23678.6,0.2989
4346.7,10606.5,4554.0,10865.7,0.2989
17910.0,21440.3,18239.5,21946.3,0.2988
19288.0,25432.2,19451.7,25918.7,0.2988
22130.2,44821.7,22718.4,45120.0,0.2987
17282.4,21128.6,17606.3,21601.0,0.2987
8392.0,24000.1,8960.0,24519.6,0.2987
6369.6,38087.6,6427.4,38484.1,0.2986
24206.2,21764.9,24319.3,22044.2,0.2986
23680.0,46400.1,24319.2,46585.5,0.2985
16142.3,30729.5,16279.7,31284.5,0.2985
13604.3,51116.9,13760.0,51199.4,0.2984
22494.2,3636.1,22720.0,4145.0,0.2984
22067.8,29344.9,22400.0,29473.3,0.2983
18880.8,32320.0,19516.2,32420.2,0.2982
9351.7,34241.3,9599.3,34352.8,0.2982
21222.5,1920.0,21759.6,2347.4,0.2981
6949.6,7225.4,7353.7,7671.8,0.2981
23153.7,30909.3,23450.7,31359.7,0.2981
6148.5,32752.9,6228.0,32958.8,0.2981
646.2,11091.6,784.5,11520.0,0.2980
13885.1,21201.7,14398.0,21760.0,0.2979
25734.3,42200.5,25917.3,42240.0,0.2979
27004.6,28106.9,27200.0,28149.5,0.2978
16012.1,40941.6,16639.4,41266.0,0.2978
25280.0,42317.2,25402.7,42483.1,0.2978
17213.5,27467.3,17279.9,27840.0,0.2977
12244.6,17366.0,12479.1,17599.2,0.2977
18834.0,39046.6,19123.7,39485.3,0.2977
13120.0,34880.1,13304.7,34942.1,0.2976
27316.1,12210.6,27520.0,12637.2,0.2974
7083.7,29990.4,7680.0,30400.0,0.2974
14720.0,12918.0,15287.3,13439.8,0.2974
10807.3,4502.9,10880.0,4942.9,0.2973
13814.4,39088.7,14160.0,39675.2,0.2972
14182.9,29953.6,14681.1,30397.5,0.2972
20801.3,36797.6,21440.0,37120.0,0.2971
11520.0,35685.2,11698.1,36151.2,0.2971
16640.0,49920.0,17040.7,50045.5,0.2970
19260.9,9834.1,19838.6,10240.0,0.2970
9997.7,34242.2,10238.0,34418.5,0.2969
14788.7,32355.0,14853.6,32639.6,0.2969
20952.0,48135.9,21432.2,48640.0,0.2968
3202.4,40263.6,3332.3,40635.5,0.2967
12812.8,23802.8,13437.3,23999.8,0.2966
11971.0,10246.8,12475.8,10694.4,0.2966
18026.5,12960.7,18240.0,13118.5,0.2966
22744.4,37800.2,23357.1,38080.0,0.2966
13318.8,11894.3,13592.4,12160.0,0.2965
7815.9,39797.6,8318.4,40320.0,0.2965
27316.8,46629.3,27827.7,47040.0,0.2965
9933.8,42240.0,10558.3,42391.9,0.2964
24386.4,47224.0,24640.0,47359.2,0.2964
21442.3,19657.2,21766.1,20160.0,0.2963
24467.0,3312.5,24639.9,3777.7,0.2963
26885.8,44302.6,27044.9,44480.0,0.2963
6720.0,28482.9,7055.8,28883.3,0.2962
11840.0,23944.3,11962.7,24000.0,0.2962
14126.8,34210.8,14720.0,34560.0,0.2962
19044.0,32000.0,19515.7,32208.3,0.2960
18929.1,5445.6,19198.1,5776.8,0.2959
23504.4,5647.3,23992.0,6048.5,0.2959
13497.0,45763.8,14078.0,46274.9,0.2958
24641.3,25603.8,25107.8,26102.3,0.2957
13528.3,7713.9,14070.4,8310.0,0.2957
13760.3,18959.7,13925.9,19520.0,0.2956
17280.0,13880.4,17481.3,14400.0,0.2955
15929.9,27682.4,16313.8,28160.0,0.2955
16280.9,7909.3,16640.0,8310.5,0.2952
19520.0,33243.5,19615.3,33599.8,0.2952
8962.5,5458.0,9597.7,5831.9,0.2952
24941.3,2151.9,25107.3,2559.6,0.2951
26241.5,22596.1,26295.3,22716.1,0.2949
16210.7,37763.9,16318.3,37970.9,0.2949
26739.1,5801.5,26879.7,6068.5,0.2949
17920.5,30722.0,18186.7,31218.7,0.2949
18790.6,43029.0,18879.7,43200.0,0.2949
24873.8,40323.2,24959.9,40816.8,0.2948
8000.0,23683.0,8448.7,24090.0,0.2948
13207.6,14914.0,13757.2,15342.4,0.2948
19538.3,15064.9,20156.4,15288.3,0.2947
15232.5,36384.0,15359.8,36480.0,0.2947
8003.5,4389.8,8537.3,4800.0,0.2947
14236.8,15079.4,14718.6,15360.0,0.2946
21342.6,29453.2,21425.0,29748.5,0.2945
8469.5,26560.5,8640.0,26628.3,0.2945
4181.8,1113.4,4799.7,1572.3,0.2945
18010.6,32716.3,18086.1,33280.0,0.2945
15771.9,23680.0,15996.1,24310.9,0.2944
13164.2,36670.6,13757.8,37115.0,0.2944
22175.1,37462.7,22716.7,37746.1,0.2944
14403.4,2578.6,15040.0,2877.7,0.2944
21793.0,42024.2,22400.0,42197.5,0.2943
26056.4,35560.3,26142.8,35839.3,0.2943
26757.4,49913.7,26971.6,49958.2,0.2942
13214.5,18463.1,13353.4,18878.4,0.2942
25997.0,29931.9,26080.0,30080.0,0.2942
12666.6,49344.4,13120.0,49598.5,0.2942
13441.7,32640.4,13779.5,32780.6,0.2942
27200.0,8002.3,27611.6,8093.5,0.2941
19976.0,10063.4,20155.1,10239.2,0.2941
21916.0,36042.8,21984.8,36478.1,0.2940
23738.6,47579.0,23999.0,47680.0,0.2939
21849.3,8191.5,22080.0,8633.6,0.2938
11740.4,31257.5,12160.0,31678.6,0.2938
11520.0,1418.1,11759.4,1600.0,0.2938
2621.3,3947.6,3146.1,4451.2,0.2938
21440.7,47489.7,21828.1,47996.2,0.2937
13773.3,19435.0,14131.7,19840.0,0.2936
15116.7,24734.4,15231.8,25280.0,0.2936
21837.9,14209.5,22396.7,14322.7,0.2936
21679.0,150.5,21760.0,538.9,0.2936
10248.5,42795.4,10879.3,43200.0,0.2936
15333.1,22981.3,15423.6,23359.6,0.2935
16000.0,21446.8,16495.5,21902.7,0.2935
8436.9,23370.6,8958.1,23680.0,0.2935
4791.0,15681.8,5118.0,15754.6,0.2934
25737.3,44929.7,25920.0,45439.1,0.2934
26827.4,24705.9,27200.0,24960.0,0.2932
4190.0,7107.9,4480.0,7675.8,0.2932
16514.9,33280.0,16640.0,33822.5,0.2932
27520.0,38080.0,28160.0,38178.8,0.2931
7680.0,44155.9,7763.4,44468.2,0.2931
27600.4,5836.2,27830.3,5951.2,0.2931
20930.6,22353.1,21434.5,22720.0,0.2931
15187.7,49282.9,15679.4,49740.7,0.2930
27568.6,47576.5,27742.7,47680.0,0.2929
15718.5,7805.0,16316.9,8319.4,0.2929
6722.7,39682.1,7358.8,39787.1,0.2929
13442.5,43200.2,14074.2,43339.4,0.2928
8559.4,48008.5,8960.0,48468.6,0.2927
16958.7,48006.3,17280.0,48406.2,0.2927
15044.5,47682.2,15390.7,47794.4,0.2927
11275.9,4658.9,11821.7,5118.6,0.2926
23697.2,45695.6,24314.7,46080.0,0.2926
208.3,2089.3,635.4,2554.8,0.2926
14400.0,9618.5,15036.6,9920.0,0.2926
8430.3,23876.3,8639.5,24315.3,0.2926
6729.9,40268.4,7360.0,40640.0,0.2925
25227.2,33600.0,25368.6,33681.1,0.2923
20167.0,44424.2,20798.3,44800.0,0.2922
25280.0,49416.2,25570.3,49907.1,0.2922
2548.6,42882.8,2880.0,43369.2,0.2921
10254.3,19853.4,10876.3,20240.4,0.2921
25915.9,46176.9,26240.0,46720.0,0.2921
16092.3,40005.3,16318.6,40500.2,0.2920
7360.2,42763.0,7436.1,42879.4,0.2920
20802.4,642.8,20941.1,855.6,0.2920
20656.0,3198.6,20800.0,3520.0,0.2918
16701.2,5169.0,16960.0,5668.4,0.2918
9923.2,8214.6,10494.0,8640.0,0.2918
27364.0,1177.6,27586.6,1582.1,0.2917
3540.5,1467.2,4158.4,1915.3,0.2917
24220.5,34612.2,24401.7,34938.4,0.2917
9921.3,6400.8,10063.9,6557.2,0.2916
11608.8,36960.8,12153.6,37436.7,0.2916
26240.1,25281.5,26622.6,25470.8,0.2915
14590.9,22836.9,14693.1,23039.3,0.2915
21440.0,36485.8,21782.1,36880.9,0.2915
25600.0,2110.2,25948.3,2240.0,0.2914
19840.0,22577.3,20477.7,22945.2,0.2914
11521.2,322.0,11602.0,467.0,0.2914
20163.4,680.2,20537.8,960.0,0.2913
5979.3,23251.5,6080.0,23359.4,0.2913
12072.6,39080.9,12158.8,39669.8,0.2912
15569.5,33211.0,15999.0,33600.0,0.2912
24869.7,37760.5,25274.0,37902.6,0.2911
20472.2,47124.3,20799.6,47357.0,0.2910
9628.3,11560.1,10240.0,11840.0,0.2909
12704.5,41422.5,12796.7,41528.2,0.2909
10294.4,34715.3,10879.9,34880.0,0.2908
24988.2,1922.9,25280.0,2462.4,0.2907
19840.0,38675.9,20176.2,38978.2,0.2906
24298.7,11082.7,24593.1,11446.1,0.2906
7545.1,4800.6,7680.0,4892.1,0.2906
2684.5,10014.1,3199.4,10551.7,0.2905
16798.7,35352.9,17267.6,35837.7,0.2905
27200.0,11122.4,27274.1,11518.5,0.2905
18710.4,44812.4,18875.6,45260.1,0.2904
14080.0,22841.3,14209.9,23359.7,0.2904
18889.2,19200.0,19520.0,19676.8,0.2904
15364.8,4983.9,15869.9,5440.0,0.2903
14235.1,18243.0,14399.3,18752.9,0.2903
11520.0,2240.2,11867.3,2404.3,0.2903
20282.5,16220.9,20799.8,16640.0,0.2902
27253.8,23040.0,27839.8,23133.3,0.2902
23060.8,20604.6,23360.0,21120.0,0.2901
12480.0,23680.0,12800.6,23783.3,0.2901
24762.2,40001.1,24949.3,40560.2,0.2901
24.5,12876.8,634.9,13436.3,0.2900
15380.7,16960.0,15678.8,17600.0,0.2900
8008.6,35892.2,8636.5,36299.3,0.2900
25604.8,45310.1,25761.3,45757.1,0.2899
27840.0,41754.3,27989.8,41815.1,0.2899
17608.0,22576.4,18239.5,22958.9,0.2899
20803.1,3882.7,21164.8,4158.8,0.2899
8171.7,32960.5,8320.0,33086.9,0.2899
13979.8,19349.7,14078.8,19838.5,0.2899
19643.7,39577.5,19840.0,39626.0,0.2899
1041.6,10560.0,1279.1,10768.6,0.2899
5120.0,8373.7,5266.8,8783.9,0.2898
20383.9,38769.4,20800.0,39358.7,0.2898
6733.7,39889.7,7356.2,40320.0,0.2896
22755.0,11840.0,23360.0,12313.2,0.2895
20800.0,23309.6,20958.7,23360.0,0.2895
27971.8,46086.8,28068.0,46651.2,0.2894
20161.8,39487.9,20577.5,39999.2,0.2893
22720.0,50568.0,22915.6,51006.5,0.2893
16155.6,29185.3,16319.4,29760.0,0.2892
26909.6,22420.5,27520.0,22866.5,0.2891
6721.9,28675.4,6961.0,29120.0,0.2890
19843.1,25996.0,19983.5,26560.0,0.2889
8320.5,40960.0,8695.7,41059.1,0.2889
25920.0,13646.9,26021.5,13711.2,0.2888
27739.3,36164.1,28155.9,36425.0,0.2886
23261.0,44191.4,23360.0,44609.4,0.2886
28165.3,22923.4,28480.0,23040.0,0.2885
21440.9,12800.4,21709.4,12906.5,0.2885
18127.6,35168.0,18238.9,35520.0,0.2883
25434.3,6632.7,25832.1,7040.0,0.2883
10881.8,3621.4,11198.1,3838.8,0.2883
8315.8,24307.8,8639.9,24630.8,0.2883
4527.9,28746.2,5119.6,29120.0,0.2883
18813.5,36807.5,18919.7,37435.6,0.2883
26145.2,35596.6,26547.4,36160.0,0.2882
7288.4,5127.5,7680.0,5595.5,0.2882
10880.0,29806.2,11485.8,30225.4,0.2881
18567.6,3372.5,19143.1,3837.6,0.2880
9664.9,38287.1,10235.9,38713.5,0.2880
11844.4,26189.5,12476.5,26560.0,0.2879
28323.3,6444.5,28924.6,6882.7,0.2879
19501.6,32640.0,19839.8,32796.5,0.2879
27480.1,21383.3,27836.4,21759.5,0.2878
24000.0,30549.5,24117.8,31036.4,0.2878
24233.6,9876.3,24640.0,10240.0,0.2878
27200.0,4160.8,27441.4,4276.6,0.2878
17945.4,38629.6,18025.6,39036.8,0.2878
14080.1,14400.0,14451.6,14543.4,0.2877
14723.4,20849.2,14817.6,21433.3,0.2877
21131.0,25603.0,21438.0,26053.9,0.2877
19912.1,22913.3,20476.5,23039.8,0.2877
12091.0,40026.0,12160.0,40319.9,0.2876
20185.8,36492.1,20790.8,37012.7,0.2876
9449.0,41507.4,9597.9,41600.0,0.2875
27306.5,37763.5,27839.3,38252.1,0.2875
24643.5,35525.0,24997.4,35690.1,0.2875
14276.9,10240.0,14720.0,10746.0,0.2875
8223.4,28394.7,8319.8,28480.0,0.2874
6085.8,35520.9,6140.3,35724.0,0.2874
11224.6,43137.0,11839.0,43520.0,0.2873
8960.0,23569.0,9106.8,23678.9,0.2873
24960.0,38823.1,25038.9,38984.2,0.2873
15112.4,4115.5,15259.0,4207.3,0.2873
19358.4,32855.3,19840.0,33280.0,0.2872
19338.3,3840.2,19519.0,3995.9,0.2872
28189.1,12730.2,28796.5,13090.8,0.2872
26880.0,23169.7,27164.0,23360.0,0.2872
15134.8,20405.5,15279.6,20480.0,0.2872
25189.9,42563.8,25280.0,43196.2,0.2871
10267.1,44961.9,10875.7,45436.7,0.2871
11522.6,35240.8,11586.9,35740.4,0.2871
10424.3,32715.3,10559.6,32820.8,0.2871
4550.2,46603.4,5114.4,47040.0,0.2871
16650.4,24073.6,17266.2,24320.0,0.2870
12099.5,38968.0,12160.0,39360.0,0.2870
13120.0,26241.2,13365.0,26397.4,0.2870
16189.4,19832.2,16640.0,20155.9,0.2870
23964.5,20356.0,24319.7,20800.0,0.2869
7246.1,38400.6,7359.2,38506.8,0.2869
26241.2,22187.2,26474.8,22399.8,0.2869
24249.6,17920.0,24640.0,18334.1,0.2869
19552.7,13451.1,19834.8,13975.0,0.2868
25600.0,2121.1,25739.2,2240.0,0.2868
25797.2,38725.4,26240.0,39227.4,0.2866
18648.5,21442.6,18880.0,21847.7,0.2866
20336.3,42563.8,20796.2,42708.0,0.2866
15361.3,43202.2,15438.4,43307.2,0.2866
19712.6,36071.8,19821.5,36480.0,0.2866
15444.6,17990.4,15751.9,18560.0,0.2865
19034.4,2622.2,19519.3,3196.2,0.2865
14295.8,30299.5,14399.8,30399.9,0.2865
9600.7,44487.7,9902.1,44995.2,0.2864
3038.7,328.1,3200.0,631.2,0.2864
19497.4,22401.0,19840.0,22818.1,0.2864
13440.0,1983.3,14078.3,2121.5,0.2863
8001.1,13440.1,8204.3,13641.5,0.2863
27201.2,47040.7,27275.3,47132.0,0.2862
7462.8,12160.6,7605.9,12233.7,0.2862
10715.2,25811.5,10878.5,25920.0,0.2861
17628.9,15962.1,18238.7,16316.0,0.2861
18344.1,31040.9,18877.8,31527.9,0.2860
14814.3,27602.2,15357.5,28157.9,0.2859
24428.9,25287.4,24634.6,25593.6,0.2858
14970.6,1299.6,15040.0,1815.7,0.2858
7682.0,45923.8,7807.4,46398.2,0.2857
4203.6,6548.0,4799.5,7040.0,0.2857
21781.5,45760.0,21893.2,45857.4,0.2856
15436.2,47681.3,15680.0,47790.9,0.2856
11604.1,49694.9,11838.8,50137.9,0.2854
16178.6,4729.1,16636.6,5120.0,0.2853
20190.7,32645.7,20798.4,32960.0,0.2853
14482.6,34546.7,15032.1,34846.1,0.2853
28255.4,5456.2,28800.0,5945.0,0.2853
23831.2,18478.4,23999.8,18880.0,0.2852
6937.4,33865.6,7090.5,33919.9,0.2852
13745.2,22080.0,14080.0,22561.4,0.2851
26560.0,14400.6,27052.9,14519.5,0.2851
23362.9,32653.6,23517.5,33258.7,0.2851
14622.4,13120.4,14719.4,13437.5,0.2850
26313.0,19403.1,26558.8,19840.0,0.2849
19249.1,36803.2,19459.4,37301.3,0.2849
13140.0,29360.1,13759.5,29759.4,0.2849
6806.6,15360.0,7359.0,15567.7,0.2849
26881.5,24382.6,27311.7,24492.7,0.2848
24014.3,32003.6,24638.9,32183.0,0.2847
15869.6,29610.2,16312.8,30078.6,0.2847
22280.2,30402.9,22400.0,30519.1,0.2847
24963.6,35176.3,25109.9,35518.8,0.2847
7360.9,5182.0,7481.9,5359.4,0.2847
4485.4,28480.0,4808.2,28639.9,0.2847
320.0,222.3,455.2,631.5,0.2846
9929.3,34559.3,10553.0,34878.6,0.2846
14093.1,33671.0,14397.3,33974.9,0.2845
14817.7,47641.5,14919.0,47741.2,0.2845
22169.6,32647.6,22720.0,32983.1,0.2844
9388.5,2122.5,9599.9,2560.0,0.2843
25129.3,28168.8,25237.1,28711.9,0.2843
23066.8,15887.9,23275.5,16317.4,0.2842
18560.4,25288.7,18739.2,25772.3,0.2841
23093.9,11417.0,23515.6,11839.5,0.2841
13550.6,16428.8,13760.0,16960.0,0.2841
10883.5,29588.7,11454.7,30080.0,0.2841
9362.6,9280.0,9906.1,9426.0,0.2840
28718.3,13152.0,28799.4,13249.2,0.2840
24752.1,47907.5,24886.3,48000.0,0.2840
26679.0,43103.3,26875.4,43520.0,0.2839
25104.6,42240.2,25231.9,42295.1,0.2839
21369.8,45037.7,21431.9,45414.5,0.2839
16672.0,27424.6,17280.0,27840.0,0.2838
22080.8,50560.0,22719.7,50854.8,0.2838
8696.0,40320.2,8960.0,40872.0,0.2838
18563.5,10896.2,18933.9,11362.4,0.2838
8978.2,26817.9,9600.0,27200.0,0.2838
18569.0,23040.0,19200.0,23261.3,0.2836
8049.0,46724.3,8320.0,47217.4,0.2836
2562.4,857.3,3013.8,1280.0,0.2835
27951.5,45827.4,28084.7,46080.0,0.2835
14958.3,5341.7,15360.0,5760.0,0.2834
10880.6,38080.0,11201.6,38282.2,0.2834
26880.6,51102.5,27061.3,51199.7,0.2834
22898.9,15539.2,23359.7,15987.6,0.2834
8001.5,10329.3,8443.0,10880.0,0.2833
18597.9,10242.9,19195.4,10713.6,0.2833
23374.7,11850.5,23680.0,12234.5,0.2833
10560.0,41280.0,11197.7,41626.1,0.2832
15381.6,22727.7,15496.7,23196.6,0.2832
23293.8,21621.6,23679.0,22078.0,0.2831
19061.5,43701.0,19200.0,44156.2,0.2831
26653.5,8004.9,27197.5,8358.1,0.2830
10054.0,28484.6,10560.0,28953.8,0.2829
8150.9,10347.6,8640.0,10878.2,0.2829
11358.5,29763.6,11434.7,29932.8,0.2829
5481.2,420.6,6079.7,953.8,0.2828
10414.8,21650.0,10558.7,21760.0,0.2828
14080.0,21761.8,14466.7,22314.5,0.2827
10242.9,834.8,10878.7,1269.5,0.2827
17387.7,28510.1,17915.1,29120.0,0.2827
25600.6,42883.2,25761.5,43518.5,0.2826
12524.0,1431.0,13116.7,1920.0,0.2826
8185.4,26464.0,8319.7,26559.7,0.2825
5715.5,9963.0,6080.0,10557.3,0.2825
23680.1,32960.0,23882.7,33376.0,0.2825
16643.2,29441.2,17093.7,29981.2,0.2824
21738.6,23796.2,22080.0,24320.0,0.2823
8425.8,24960.0,8565.3,25050.7,0.2822
27200.0,9920.6,27839.1,10047.5,0.2822
14084.1,34887.4,14719.2,35200.0,0.2822
28382.9,13140.1,28574.5,13508.4,0.2821
15316.8,29121.3,15404.3,29499.9,0.2821
24547.2,35424.2,24640.0,35520.0,0.2821
14080.0,18263.1,14147.6,18681.5,0.2820
16320.0,8320.4,16597.9,8496.1,0.2820
9938.0,20150.3,10559.3,20479.4,0.2820
6508.2,40001.3,6634.8,40509.9,0.2820
22405.0,27428.4,22619.9,27839.7,0.2819
26560.0,5120.0,27197.1,5396.4,0.2819
21904.0,20162.8,22369.0,20527.6,0.2818
18269.6,26569.7,18878.8,27003.4,0.2818
12579.9,17280.6,12800.0,17416.5,0.2818
6868.2,1356.6,7039.2,1599.0,0.2818
12164.1,23040.0,12798.2,23408.1,0.2817
19099.0,25867.5,19510.9,26238.7,0.2817
2411.1,9600.0,2559.8,9734.3,0.2817
17602.9,43889.2,17839.6,44480.0,0.2816
6036.4,22404.9,6400.0,22822.0,0.2816
19738.4,47392.5,19839.3,47680.0,0.2815
13342.4,48002.7,13751.9,48265.1,0.2815
7361.7,1795.8,7443.8,1920.0,0.2814
16750.4,18356.6,17262.1,18879.5,0.2814
22439.7,7041.2,22935.8,7174.5,0.2814
21133.1,47882.8,21754.2,48320.0,0.2814
11933.0,30233.3,12479.0,30708.2,0.2814
6480.5,33614.4,6634.3,34233.7,0.2813
23828.0,19107.8,24000.0,19520.0,0.2813
21760.0,1860.1,21897.0,1920.0,0.2813
1252.2,4182.2,1599.9,4586.5,0.2812
18252.8,34144.5,18468.8,34560.0,0.2811
18153.7,34336.3,18240.0,34556.7,0.2811
19520.0,33421.7,19659.8,33920.0,0.2811
20481.6,21778.6,20574.6,22140.5,0.2811
688.6,9123.9,1277.2,9600.0,0.2810
8960.0,23360.5,9596.8,23486.4,0.2810
9107.1,49281.4,9600.0,49797.5,0.2809
28417.8,7360.0,28921.3,7749.4,0.2809
22401.0,25272.7,22925.9,25600.0,0.2808
17693.2,31858.4,18238.5,32319.6,0.2808
25794.2,23680.4,25920.0,24167.1,0.2806
13366.7,16821.0,13439.7,17103.2,0.2806
27723.4,45831.3,28148.5,46400.0,0.2806
27906.4,50229.8,27994.7,50558.8,0.2805
17185.1,37041.5,17423.0,37439.2,0.2805
18256.1,1341.4,18879.1,1600.0,0.2805
7480.3,320.9,8000.0,639.8,0.2803
28127.5,17176.1,28479.6,17280.0,0.2803
21845.7,23217.8,22076.9,23507.0,0.2802
15531.3,13762.5,15679.5,13912.9,0.2801
15031.3,29876.9,15359.8,30400.0,0.2801
27756.0,50086.8,27914.8,50554.7,0.2801
11080.3,27528.4,11200.0,27953.5,0.2800
9468.8,30256.1,9913.8,30400.0,0.2800
16320.0,15680.0,16432.3,15943.3,0.2800
24640.0,35208.0,25182.5,35697.2,0.2799
13120.0,37949.8,13228.5,38396.5,0.2798
28314.8,18069.5,28479.6,18547.4,0.2798
18240.0,1.2,18370.0,530.7,0.2798
24960.0,40033.3,25019.3,40440.1,0.2798
8392.6,39360.0,8957.0,39838.0,0.2798
27930.1,11380.1,28480.0,11765.9,0.2797
15121.3,25602.9,15178.3,26113.9,0.2796
10882.6,8222.8,11035.3,8635.2,0.2795
7042.0,40693.1,7134.7,41138.1,0.2795
27521.1,48993.1,27747.5,49236.5,0.2795
3570.2,9824.0,4160.0,10240.0,0.2794
15188.5,3992.0,15360.0,4127.8,0.2793
4828.9,6262.9,5351.7,6717.1,0.2793
6217.4,23047.7,6399.6,23477.5,0.2793
18156.0,18881.9,18553.2,19299.7,0.2792
21329.5,37032.0,21439.7,37435.8,0.2792
10899.4,27120.8,11518.3,27520.0,0.2791
22751.3,22402.1,23040.0,22503.4,0.2791
22409.2,34243.5,23036.8,34585.5,0.2791
3107.2,13447.7,3518.9,13844.4,0.2791
11871.6,25287.7,12478.9,25600.0,0.2791
12194.2,31552.5,12793.5,32000.0,0.2791
27399.5,47598.5,27519.0,47679.9,0.2790
25203.8,8000.0,25340.1,8116.5,0.2789
11200.0,1610.7,11410.6,2060.8,0.2789
1996.3,8342.5,2240.0,8438.8,0.2789
25792.3,28801.9,25920.0,29149.7,0.2788
18644.3,27520.7,18880.0,27817.8,0.2786
18899.8,13017.6,19520.0,13440.0,0.2786
28577.2,42562.5,28655.5,42740.9,0.2786
20800.0,10137.7,21125.3,10547.1,0.2786
15781.5,36353.8,16314.4,36800.0,0.2786
8004.2,10243.4,8347.7,10559.0,0.2786
6746.7,643.4,7040.0,1186.3,0.2786
14779.0,44347.7,15356.4,44796.5,0.2785
14401.4,28011.9,14708.9,28480.0,0.2785
12224.5,47543.0,12790.5,47988.9,0.2785
13449.1,35078.4,14077.1,35519.9,0.2785
23575.0,35950.8,23679.7,36350.6,0.2784
10563.7,11539.0,11008.3,11924.0,0.2784
17644.9,45921.7,18235.4,46398.2,0.2784
23765.3,26423.4,24317.5,26871.9,0.2783
17364.3,1.5,17522.1,73.1,0.2782
20819.2,25280.0,21119.5,25800.1,0.2782
26880.0,5120.5,27518.7,5284.3,0.2782
10697.1,26948.4,10901.6,27091.1,0.2780
14815.5,20974.8,14916.0,21440.0,0.2779
21511.6,33348.6,22080.0,33599.3,0.2779
26240.0,27919.4,26645.0,28480.0,0.2778
15265.0,18719.3,15359.5,19197.3,0.2778
8000.0,25281.2,8122.9,25395.2,0.2778
24000.0,26435.7,24139.8,26559.5,0.2778
28310.0,17530.6,28925.2,17920.0,0.2778
6588.3,40550.3,6712.8,40958.9,0.2777
2934.7,8437.6,3515.7,8960.0,0.2777
26159.0,7417.1,26228.3,7544.3,0.2776
17930.9,4801.9,18523.0,4963.0,0.2776
14090.6,46092.9,14716.6,46526.2,0.2776
16655.2,47599.5,17280.0,48000.0,0.2776
11520.6,27201.0,11870.7,27302.4,0.2775
28261.0,39763.0,28400.0,40320.0,0.2775
7402.0,11205.2,7679.6,11797.6,0.2775
10616.0,30943.2,11197.4,31360.0,0.2774
21469.3,19553.2,22080.0,19840.0,0.2774
14080.0,4481.4,14316.3,4620.4,0.2774
22947.8,17353.0,23040.0,17599.4,0.2774
7920.3,33197.8,8320.0,33279.0,0.2773
22360.7,30751.4,22513.0,31096.5,0.2773
26564.9,12110.0,26949.8,12475.3,0.2773
21133.0,33606.0,21756.1,34031.5,0.2771
28800.1,11267.2,28928.0,11494.2,0.2770
18657.8,21201.7,19200.0,21760.0,0.2769
28300.6,37774.4,28797.6,38185.4,0.2769
26240.3,48961.2,26734.8,49063.8,0.2768
21440.0,24790.4,21566.7,25279.7,0.2768
21678.2,47361.7,21805.7,47443.2,0.2768
20983.9,33765.1,21118.7,34235.8,0.2767
18737.8,11761.9,18880.0,12160.0,0.2767
26325.6,16560.7,26875.5,16960.0,0.2767
765.7,7360.6,911.3,7444.4,0.2766
59.4,2252.1,633.6,2724.1,0.2766
1358.7,45684.8,1913.0,46080.0,0.2766
18427.1,12617.3,18560.0,12798.4,0.2765
20486.2,32472.6,20771.7,32953.3,0.2764
16906.7,36239.6,17280.0,36797.3,0.2764
6711.6,30900.0,7039.7,31040.0,0.2763
25396.3,26193.8,25918.8,26560.0,0.2763
3966.8,23040.0,4480.0,23523.0,0.2762
23073.9,20164.0,23607.3,20678.9,0.2761
17550.2,1926.8,17918.3,2240.0,0.2760
24960.0,24002.7,25097.3,24587.1,0.2760
18229.9,26880.8,18559.3,26986.7,0.2760
24745.8,28800.8,25268.6,28942.0,0.2760
16336.0,16400.3,16639.9,16640.0,0.2759
16853.0,28417.0,16959.3,28800.0,0.2758
12125.5,19295.9,12480.0,19840.0,0.2757
11933.8,17701.2,12480.0,18234.1,0.2757
4485.5,6408.3,4943.6,6842.1,0.2757
21761.9,47057.8,21867.7,47357.9,0.2757
16322.3,41864.8,16958.4,42240.0,0.2756
9647.4,28957.9,10239.3,29439.4,0.2756
12050.6,8889.9,12160.0,9196.1,0.2756
1280.0,9644.9,1588.1,9917.7,0.2756
11238.1,21749.0,11837.9,22080.0,0.2756
24320.0,19582.0,24453.2,20160.0,0.2756
17601.4,48717.5,18043.4,48958.7,0.2755
27840.5,36163.5,27977.3,36468.8,0.2755
23443.0,12544.8,23544.3,12661.1,0.2754
27201.7,27840.7,27400.8,27954.2,0.2754
8041.5,37324.1,8634.8,37760.0,0.2754
15677.5,47910.7,16000.0,48000.0,0.2753
17106.0,5705.9,17598.5,6080.0,0.2753
17283.2,25932.7,17418.4,26282.6,0.2753
18958.4,39444.4,19107.1,39679.4,0.2753
19318.9,36740.7,19410.4,37119.4,0.2753
9280.0,43327.2,9546.1,43840.0,0.2752
20906.0,9736.0,21437.4,10240.0,0.2752
12499.2,45963.8,13115.3,46398.4,0.2752
15593.4,20706.7,15687.0,21120.0,0.2752
15361.1,29446.5,15678.0,29801.7,0.2752
20522.1,20391.7,20800.0,20800.0,0.2750
26591.2,41684.0,26686.0,42217.6,0.2750
21485.5,24017.1,21800.4,24366.6,0.2749
17843.2,3022.3,18240.0,3199.1,0.2748
22720.0,44480.1,22952.7,44728.9,0.2747
7739.1,24321.3,8246.0,24748.4,0.2746
22080.7,45440.0,22718.0,45665.6,0.2745
24640.0,46400.0,24838.2,46429.9,0.2745
23518.8,46044.7,23996.0,46399.9,0.2745
17736.2,38890.5,17879.4,39360.0,0.2743
6721.6,29440.6,6778.2,29588.7,0.2743
18986.2,42892.0,19510.7,43334.6,0.2743
19491.1,41801.6,19839.8,42239.8,0.2743
18880.0,26546.8,18999.1,26880.0,0.2742
6809.0,41921.0,7035.4,42437.7,0.2740
10240.0,30411.9,10316.1,30718.8,0.2740
22439.2,13177.8,22719.8,13755.8,0.2739
9419.8,37440.0,9919.2,37519.5,0.2739
15726.6,31883.9,16308.7,32303.9,0.2739
19203.2,4800.2,19406.0,4964.0,0.2739
26503.1,10880.0,26607.5,11371.0,0.2738
16335.2,320.0,16959.2,484.3,0.2738
12940.7,13440.3,13437.4,13943.5,0.2737
19840.9,42261.3,20180.1,42410.0,0.2737
13760.0,46563.1,14397.0,47040.0,0.2737
27614.4,39846.9,28142.7,40319.9,0.2737
13450.4,26203.2,14076.9,26560.0,0.2736
25280.0,45818.4,25349.8,45991.9,0.2735
28779.1,19522.1,28926.6,19686.1,0.2734
7680.8,27732.0,7822.5,28127.4,0.2734
17931.0,19032.7,18554.8,19516.4,0.2734
15148.8,24083.4,15360.0,24640.0,0.2734
27147.3,37762.5,27209.6,37968.2,0.2733
14741.9,13120.0,15359.9,13582.2,0.2733
26351.5,39371.1,26481.0,39786.0,0.2732
14923.6,25137.1,15360.0,25600.0,0.2732
17123.9,34560.8,17279.2,34686.3,0.2730
19520.0,35243.3,19652.5,35380.8,0.2729
23553.0,24577.2,23680.0,24960.0,0.2729
6673.0,15048.2,7040.0,15562.0,0.2729
10790.6,8961.8,11200.0,9433.4,0.2728
14631.6,39680.0,15040.0,40061.4,0.2728
24960.0,34346.5,25155.8,34880.0,0.2727
15492.9,2560.0,15678.3,2633.4,0.2727
27307.3,37579.7,27519.0,37854.4,0.2726
5760.0,23040.7,6206.8,23288.8,0.2726
15281.0,26240.3,15344.3,26589.2,0.2725
15077.4,6740.6,15360.0,7267.4,0.2725
13515.5,10406.4,14073.4,10880.0,0.2725
7079.6,12596.1,7359.2,13120.0,0.2725
17622.4,3995.8,18237.6,4479.7,0.2725
27842.7,38080.2,28333.1,38190.7,0.2724
9337.7,530.8,9920.0,960.0,0.2724
25864.6,15152.6,26240.0,15673.5,0.2724
23281.2,17284.2,23360.0,17594.3,0.2723
25289.8,50118.1,25600.0,50558.9,0.2722
16320.7,12087.8,16492.1,12478.4,0.2722
20335.0,43643.4,20480.0,44138.0,0.2722
18561.9,4807.3,18781.1,5011.9,0.2722
16960.8,19520.0,17472.3,19885.3,0.2722
24407.3,39369.7,24634.1,39540.0,0.2721
12242.5,30964.7,12795.5,31345.1,0.2721
26560.3,8320.1,26753.2,8599.4,0.2720
4919.1,2362.0,5120.0,2560.0,0.2720
23483.9,14092.7,23680.0,14400.0,0.2720
13949.2,620.8,14079.9,947.0,0.2717
19606.5,45837.3,19840.0,46399.3,0.2717
19841.9,5443.0,20176.2,5889.7,0.2716
8743.9,24006.6,9277.8,24442.4,0.2716
21443.1,35639.1,21563.2,36159.2,0.2716
22402.1,24322.4,22627.2,24480.4,0.2715
15046.1,3200.0,15677.4,3643.5,0.2715
16322.4,25600.7,16682.3,26073.8,0.2715
7377.6,13542.8,7675.8,13758.8,0.2713
22585.5,3865.2,23040.0,4477.3,0.2712
15480.2,49600.0,15999.8,50108.9,0.2712
15944.0,27470.1,16000.0,27835.1,0.2710
25367.6,31856.7,25598.9,32239.7,0.2709
27675.5,49206.8,27771.2,49595.7,0.2709
7040.2,6720.9,7393.5,6885.7,0.2709
28570.7,31886.0,28800.0,32025.9,0.2709
3617.6,7183.9,4160.0,7678.2,0.2709
27521.5,31375.2,27612.8,31563.1,0.2708
13440.0,24297.8,13880.8,24619.2,0.2708
15990.6,38720.0,16268.2,38749.0,0.2708
8180.7,5760.0,8640.0,6380.5,0.2707
4428.8,46409.3,4800.0,46772.6,0.2707
28378.9,327.5,28799.5,841.4,0.2707
23837.7,24640.5,23999.3,24760.4,0.2707
23404.0,31589.9,23999.7,32000.0,0.2706
1687.7,47957.3,2236.7,48320.0,0.2706
20194.5,25295.4,20251.0,25656.7,0.2706
4482.9,47020.2,4800.0,47359.3,0.2705
18331.3,26418.3,18507.5,26878.1,0.2705
11520.6,31684.0,11604.3,31822.0,0.2705
4482.3,12856.3,5119.4,13120.0,0.2705
7817.7,44468.9,8318.2,44791.8,0.2704
11953.2,7793.7,12479.3,8318.3,0.2704
21812.4,30711.1,22397.3,31039.6,0.2704
24964.8,37508.6,25600.0,37801.8,0.2704
24640.0,37550.3,24763.4,38080.0,0.2704
16002.6,8321.7,16622.1,8537.8,0.2704
9573.0,4122.9,9920.0,4480.0,0.2703
4573.5,23218.3,5118.2,23679.7,0.2703
27069.2,40132.4,27143.2,40320.0,0.2703
13048.2,34756.2,13439.2,34880.0,0.2702
21592.0,30639.9,21759.3,30705.9,0.2702
16913.6,46818.6,17279.9,47360.0,0.2701
28238.9,46409.5,28400.2,47039.2,0.2701
14082.4,30554.8,14151.0,30947.5,0.2701
27840.0,6628.5,27936.9,7038.3,0.2701
14856.1,24001.1,15360.0,24597.5,0.2700
27697.1,29482.6,27839.8,29739.1,0.2700
18562.0,31251.8,18694.7,31675.9,0.2700
28306.7,11848.2,28497.5,12160.0,0.2699
23217.9,24860.0,23430.6,25117.1,0.2699
20160.0,24322.8,20518.4,24817.4,0.2698
8641.0,49831.4,8736.1,50219.5,0.2698
3289.4,22879.7,3835.2,23360.0,0.2695
27946.8,49707.5,28070.2,50240.0,0.2695
24972.3,30676.0,25596.6,31040.0,0.2695
24326.7,10433.3,24946.2,10880.0,0.2695
20690.0,43520.5,20799.1,43744.7,0.2695
15043.7,41509.7,15675.0,41920.0,0.2695
27390.5,33492.2,27520.0,33910.7,0.2694
8473.7,37448.4,8640.0,37949.4,0.2694
13138.8,32262.9,13757.1,32640.0,0.2694
27724.1,16326.8,27840.0,16528.8,0.2693
15044.6,45662.1,15678.0,46080.0,0.2693
20165.8,39140.4,20301.3,39359.9,0.2692
22101.6,17182.6,22716.6,17600.0,0.2692
27521.0,1282.0,27710.5,1566.4,0.2692
22722.2,19201.4,23018.1,19594.5,0.2692
5868.4,2452.5,6398.8,2877.2,0.2691
28288.8,24399.5,28398.8,24534.2,0.2691
27681.4,35842.1,28160.0,35979.2,0.2691
8269.3,36801.2,8638.4,37212.8,0.2691
7362.1,44668.2,7605.9,45120.0,0.2691
9280.0,42899.7,9428.5,43400.8,0.2690
24388.8,27536.1,24958.6,27924.7,0.2689
18593.4,1409.3,19198.2,1916.1,0.2689
18240.7,46708.3,18876.9,47040.0,0.2688
27845.2,19512.8,28477.2,19840.0,0.2688
25723.9,13662.0,25918.7,13758.3,0.2687
11529.8,18772.0,12159.0,19200.0,0.2687
12699.6,6947.4,12796.3,7040.0,0.2686
14720.0,20493.3,14794.5,20920.7,0.2686
9920.0,13120.4,10208.5,13294.8,0.2685
28290.0,28810.8,28378.6,29184.8,0.2685
3521.7,15850.8,3853.4,16320.0,0.2685
7825.4,27732.4,8317.2,28159.3,0.2685
11979.8,31222.6,12174.5,31678.2,0.2685
24991.4,10141.3,25591.0,10560.0,0.2684
23378.3,24640.2,23680.0,24857.4,0.2684
14824.7,11370.9,15352.9,11839.5,0.2684
20266.5,4800.0,20733.9,4988.1,0.2683
9756.8,10464.1,10229.1,10880.0,0.2683
17528.0,16344.5,17599.9,16638.5,0.2683
4823.0,8011.2,5440.0,8499.7,0.2683
17711.2,4540.9,17920.0,4997.5,0.2683
24098.9,35320.4,24632.0,35840.0,0.2682
8049.0,25925.8,8638.8,26240.0,0.2681
1034.0,8826.9,1600.0,9230.5,0.2681
28324.0,48000.5,28927.2,48082.0,0.2680
24546.2,23789.4,24640.0,23997.9,0.2680
25973.7,49130.1,26031.1,49280.0,0.2679
16797.6,15719.2,16960.0,16019.9,0.2679
24000.0,7960.6,24112.3,8320.0,0.2679
12379.1,22732.1,12478.8,22891.3,0.2679
15325.6,32962.1,15679.3,33380.8,0.2677
26881.9,41290.2,26966.1,41490.6,0.2677
23472.5,30862.7,23559.6,31360.0,0.2677
11531.7,26533.1,12160.0,26880.0,0.2676
24978.0,47877.2,25280.0,48315.7,0.2674
3520.0,11679.5,3656.8,11838.9,0.2674
26613.7,43977.7,27199.7,44480.0,0.2674
1958.1,1920.0,2554.0,2359.5,0.2674
28395.8,41924.1,28913.3,42412.3,0.2674
19350.3,24517.2,19519.3,24639.9,0.2674
13846.4,38405.1,14078.8,38647.7,0.2673
10575.5,12493.3,11200.0,12800.0,0.2672
20566.6,24719.0,21112.6,25280.0,0.2672
10897.8,28383.0,11517.7,28800.0,0.2671
18801.7,42463.7,19200.0,42880.0,0.2671
12800.0,4173.9,13437.3,4480.0,0.2670
13440.3,37047.3,13573.9,37120.0,0.2670
23903.8,35066.7,23958.7,35200.0,0.2669
18880.0,30903.6,19512.3,31356.3,0.2669
6082.0,23241.9,6233.4,23680.0,0.2669
11199.7,49072.3,11518.7,49278.5,0.2668
21798.8,19520.8,22080.0,19695.7,0.2667
25051.6,27393.6,25178.2,27837.4,0.2666
18801.6,41364.4,18878.6,41849.4,0.2665
8686.6,28800.0,8959.8,29305.2,0.2665
20170.1,5440.0,20480.0,5952.8,0.2665
21323.4,37122.7,21752.5,37227.3,0.2664
23472.5,30055.5,23646.3,30400.0,0.2664
25652.0,29740.7,26237.4,30080.0,0.2663
13596.9,22214.0,13791.5,22718.9,0.2663
7682.4,28021.6,8314.2,28475.8,0.2662
15375.8,2788.0,15999.9,3200.0,0.2661
12550.8,46600.0,13117.0,47036.6,0.2661
25614.1,16250.8,26237.8,16639.1,0.2661
27750.0,13386.9,27840.0,13674.8,0.2660
18770.9,37450.6,19130.4,37916.2,0.2660
17311.6,19441.7,17916.6,19840.0,0.2660
11353.4,33920.0,11840.0,34449.2,0.2660
1677.9,47574.6,2234.9,47999.0,0.2659
24320.3,13687.1,24394.4,13742.2,0.2658
23365.0,6856.5,23808.2,7353.2,0.2658
25705.6,31454.4,26191.6,31999.3,0.2657
15554.2,23050.5,15641.4,23496.9,0.2657
6086.3,3222.0,6720.0,3520.0,0.2657
19840.1,5770.5,20223.8,6026.5,0.2657
20802.1,44486.1,21055.1,45115.5,0.2655
22636.3,24875.4,22843.8,25040.3,0.2655
26560.0,43536.4,26869.2,43982.5,0.2655
14163.0,5193.5,14718.9,5760.0,0.2654
5796.8,10906.6,6400.0,11200.0,0.2654
28138.3,17280.0,28479.8,17864.7,0.2654
17920.0,11415.4,18116.7,11518.4,0.2653
14720.0,30208.3,15131.5,30717.4,0.2652
27520.0,24003.8,27751.5,24137.2,0.2652
10905.7,19111.3,11516.8,19518.9,0.2651
28453.6,12309.7,28517.1,12655.2,0.2651
27084.3,39962.0,27520.0,40320.0,0.2651
27245.6,13722.8,27520.0,14080.0,0.2651
27855.5,15932.7,28480.0,16320.0,0.2650
20826.1,32881.2,21068.2,33280.0,0.2650
28496.3,40320.6,28786.7,40959.5,0.2649
17968.2,6135.7,18143.0,6303.2,0.2649
13720.3,6481.6,14080.0,7039.9,0.2648
25600.0,37609.6,25930.4,37891.1,0.2648
14660.4,44800.0,15040.0,45427.8,0.2647
24805.3,41967.0,24932.0,42238.6,0.2647
18092.1,20482.9,18560.0,21022.0,0.2646
19843.8,320.3,20309.5,501.0,0.2646
14400.0,23060.3,14662.9,23676.0,0.2645
13773.3,24830.3,13894.4,25275.4,0.2645
19207.1,50175.2,19839.5,50560.0,0.2645
26029.0,49144.3,26094.4,49355.2,0.2645
13448.9,11405.7,14020.1,11840.0,0.2644
22910.5,23294.6,23038.4,23360.0,0.2643
26703.1,41305.2,27200.0,41600.0,0.2643
9601.3,2561.2,9946.1,2971.5,0.2643
3853.3,5031.9,4476.5,5440.0,0.2643
24815.4,32960.8,24960.0,33087.1,0.2643
15731.5,41054.9,16314.8,41266.2,0.2641
9340.6,30118.5,9916.4,30400.0,0.2641
15821.6,37926.3,16320.0,38397.4,0.2641
13930.5,26319.9,14055.7,26878.7,0.2641
21760.0,38416.5,22049.7,38719.8,0.2640
15129.6,30568.8,15359.9,31040.0,0.2640
14435.8,39316.0,15036.4,39680.0,0.2640
24000.0,31699.1,24178.8,32163.2,0.2638
21782.4,22082.5,22393.1,22487.2,0.2638
9606.2,40935.7,10239.9,41280.0,0.2638
4598.3,22924.0,5115.6,23360.0,0.2638
24665.3,23291.0,25276.6,23680.0,0.2638
12800.0,42880.0,12994.5,43022.5,0.2637
6658.6,39068.3,6720.0,39360.0,0.2637
15991.8,27840.3,16303.5,28397.1,0.2637
18475.3,20160.0,18560.0,20306.0,0.2637
13129.5,27843.1,13757.7,28250.2,0.2636
16080.3,13662.9,16640.0,14069.1,0.2636
27200.0,7603.2,27310.9,7999.8,0.2635
22400.0,10184.4,22688.9,10560.0,0.2635
22880.2,35852.7,23012.6,35925.3,0.2635
26736.5,27215.5,27159.8,27626.3,0.2635
11371.4,36698.3,11520.0,36798.1,0.2635
5440.0,11840.4,5780.7,12089.7,0.2634
28679.9,7917.5,28799.9,7962.4,0.2634
22233.5,17974.9,22720.0,18560.0,0.2634
20474.1,16000.8,20800.0,16073.8,0.2633
5492.4,5700.4,6066.0,6080.0,0.2632
13135.8,45993.7,13293.2,46080.0,0.2632
26595.0,23578.0,27198.9,24000.0,0.2632
12283.2,39813.3,12480.0,39999.6,0.2632
23682.0,8322.1,23870.7,8639.1,0.2632
27071.4,30191.7,27517.5,30357.1,0.2631
27191.3,320.0,27519.2,886.3,0.2631
27520.8,26922.4,28156.7,27200.0,0.2629
17406.1,29011.1,17600.0,29439.6,0.2629
28349.9,687.7,28928.0,1280.0,0.2629
14081.8,42908.0,14218.7,43234.6,0.2628
9921.7,43841.2,10309.9,43952.3,0.2628
818.6,2980.1,960.0,3199.3,0.2628
15074.6,1331.5,15679.8,1794.4,0.2625
9681.8,13762.5,9920.0,13938.0,0.2625
24658.5,22155.4,25274.1,22397.3,0.2625
5762.5,32320.2,6222.0,32806.3,0.2625
19879.3,32126.0,20479.6,32311.2,0.2624
17914.6,10133.4,18240.0,10556.0,0.2624
5249.9,49339.8,5439.7,49813.9,0.2624
25615.3,5908.4,26172.9,6400.0,0.2623
12800.5,36160.3,12904.4,36214.6,0.2622
25923.4,39703.1,26158.1,40027.4,0.2622
15362.2,48995.6,15498.5,49245.8,0.2622
19309.5,32891.0,19523.0,32934.2,0.2622
13911.4,35111.4,14078.6,35200.0,0.2622
26243.5,39402.2,26375.6,40000.0,0.2621
17600.8,48887.7,18237.8,49280.0,0.2620
12519.1,46282.7,13118.3,46718.9,0.2620
23360.8,21121.4,23461.5,21227.6,0.2619
2918.9,21128.2,3514.7,21519.6,0.2619
13782.8,22637.7,13876.5,23039.2,0.2618
10638.0,3464.9,11200.0,3840.0,0.2618
16644.4,19139.9,17083.1,19520.0,0.2617
19200.0,33192.0,19614.0,33600.0,0.2617
27843.2,25280.0,28477.7,25657.1,0.2617
27552.6,23626.5,27677.6,23680.0,0.2617
2900.3,12331.0,3520.0,12800.0,0.2617
2637.1,6400.0,3198.8,6844.9,0.2616
10446.8,5575.9,10559.2,5944.9,0.2616
18880.0,30400.0,19517.5,30625.0,0.2615
5349.7,28804.4,5440.0,29119.9,0.2615
23040.0,19203.2,23210.7,19657.6,0.2615
5760.0,11522.9,6106.2,11708.7,0.2614
27122.7,25548.3,27245.9,25599.9,0.2614
27044.7,24409.6,27486.1,24640.0,0.2613
20932.8,17280.8,21120.0,17683.8,0.2612
11845.1,39365.8,12159.6,39690.7,0.2611
3928.0,39507.8,4477.2,39999.8,0.2611
25284.6,40854.5,25603.9,41269.4,0.2611
23504.9,32486.3,23820.4,32957.0,0.2610
17419.2,8962.6,17920.0,9458.7,0.2610
9655.5,8262.4,10237.4,8640.0,0.2610
22365.9,40942.6,22438.8,41278.8,0.2609
8961.8,12800.4,9409.1,12912.2,0.2609
4161.0,33002.2,4312.2,33280.0,0.2609
27025.9,960.1,27198.5,1139.7,0.2609
28252.9,36160.2,28479.5,36342.0,0.2609
24929.6,37924.1,25280.0,38398.5,0.2608
2305.4,46346.0,2876.4,46720.0,0.2608
24961.1,3520.0,25057.8,3661.5,0.2608
7371.2,45278.9,8000.0,45759.3,0.2607
25600.0,40643.0,26238.4,40960.0,0.2607
18621.6,42467.3,18857.8,42880.0,0.2607
11544.6,11349.5,11840.0,11520.0,0.2606
3522.6,31584.5,3686.1,32000.0,0.2606
25081.7,46421.2,25280.0,46720.0,0.2606
12175.4,47060.9,12800.0,47360.0,0.2605
10024.3,35171.9,10557.1,35519.7,0.2605
4800.0,23104.7,5295.2,23680.0,0.2604
8321.6,31888.6,8633.7,32315.6,0.2604
24402.9,10910.2,24575.5,11191.9,0.2603
12518.3,40525.3,13120.0,40958.8,0.2603
10273.6,27725.1,10876.9,28160.0,0.2603
10881.0,18470.2,10983.4,18559.7,0.2602
24640.0,19035.5,24773.6,19199.0,0.2602
9920.3,34560.0,10280.3,34671.3,0.2602
12170.7,27521.3,12798.8,27819.1,0.2601
9428.7,26880.0,9920.0,27359.7,0.2600
21125.9,26743.6,21737.9,27185.4,0.2599
24582.7,34067.1,24915.3,34341.0,0.2599
11852.8,37604.4,12474.4,38076.6,0.2598
4161.9,29643.8,4306.7,30075.4,0.2598
9920.0,9493.1,10299.0,9920.0,0.2598
6409.6,8320.0,7036.4,8746.9,0.2598
15445.9,9791.0,15993.8,10240.0,0.2598
21252.3,19740.5,21439.4,20159.3,0.2597
24452.8,18654.8,24960.0,19197.6,0.2597
23667.1,49403.8,23993.7,49918.3,0.2596
20101.2,32897.0,20321.6,33278.6,0.2596
14415.3,45373.7,15037.7,45755.5,0.2595
16007.5,14046.1,16347.8,14399.4,0.2594
20264.6,23565.9,20479.5,24000.0,0.2593
27255.2,3521.1,27839.2,4000.6,0.2593
19418.4,36698.8,19625.7,37120.0,0.2593
20160.0,40378.8,20350.2,40423.4,0.2592
22495.5,37440.0,23039.6,37689.1,0.2592
2010.9,44390.3,2554.4,44800.0,0.2592
17355.2,20727.3,17915.9,21120.0,0.2592
28246.8,960.0,28480.0,1433.9,0.2592
13674.0,22481.5,14069.5,23035.7,0.2591
11844.6,29353.5,12479.7,29760.0,0.2591
3341.8,10244.8,3769.7,10384.3,0.2590
16556.7,47367.6,16960.0,47819.0,0.2590
9280.0,44162.0,9812.7,44674.8,0.2590
28207.9,14421.1,28453.5,14720.0,0.2590
27520.0,50622.1,27883.8,51200.0,0.2589
18436.3,45762.6,18560.0,46054.1,0.2589
27521.5,17805.6,27906.7,18240.0,0.2589
28443.4,40751.4,28558.6,41275.4,0.2589
13484.2,16000.0,13760.0,16498.1,0.2589
19627.6,34561.1,19840.0,34732.5,0.2589
22720.0,6692.7,23193.2,7021.5,0.2589
28798.8,7195.4,28915.8,7679.0,0.2588
19205.6,23695.9,19691.8,24000.0,0.2588
27938.0,2560.4,28038.7,2647.4,0.2588
13863.1,100.1,14080.0,337.4,0.2587
6094.8,30932.6,6718.7,31360.0,0.2586
18561.7,26564.8,18644.5,26803.4,0.2586
4160.0,7342.0,4291.8,7677.5,0.2586
21125.2,33607.7,21439.7,33958.8,0.2585
23427.7,17013.3,23878.4,17484.3,0.2584
4083.6,22387.2,4160.0,22720.0,0.2584
26241.8,2.9,26353.6,272.9,0.2584
22387.1,13785.6,22667.8,14080.0,0.2583
9281.1,39681.5,9722.3,39774.6,0.2582
15361.0,30080.7,15425.2,30181.6,0.2582
8320.0,23362.0,8578.8,23551.4,0.2582
26692.3,24640.0,26878.0,24955.4,0.2581
10880.2,37157.3,11519.7,37440.0,0.2581
24376.1,2880.2,24954.7,3031.0,0.2581
15052.5,4481.8,15677.4,4956.7,0.2580
6659.8,14916.4,7032.2,15356.3,0.2580
23275.3,1925.1,23680.0,2411.2,0.2579
15070.3,47682.5,15676.9,47813.8,0.2579
9893.3,6451.0,10237.4,6718.9,0.2578
8034.3,421.2,8320.0,957.5,0.2577
19961.9,45343.2,20477.6,45760.0,0.2577
21440.0,37491.6,21899.4,37838.3,0.2576
25921.2,27126.1,26047.6,27520.0,0.2573
24014.5,33872.8,24319.8,33963.0,0.2573
26576.9,35534.8,26880.0,35990.5,0.2573
7040.4,27351.6,7328.6,27840.0,0.2573
17625.4,41811.3,18235.8,42240.0,0.2572
21985.7,2450.2,22080.0,2736.4,0.2572
22193.0,30186.2,22399.5,30399.2,0.2571
2685.5,22400.0,3198.9,22986.6,0.2571
25733.4,28321.1,25799.2,28798.0,0.2570
20260.2,47721.2,20480.0,48315.7,0.2570
21760.0,26589.4,22399.0,26987.3,0.2569
25920.0,29121.2,26332.9,29326.3,0.2569
25071.3,27715.8,25157.7,28153.2,0.2569
7900.6,46586.9,7999.9,46719.8,0.2569
11507.4,22730.1,11838.4,23037.0,0.2568
6070.3,35000.4,6140.1,35200.0,0.2568
21440.3,4494.2,21632.1,5064.2,0.2567
27955.4,42834.2,28092.9,43200.0,0.2567
28532.8,39195.8,28674.9,39680.0,0.2567
11042.1,44375.0,11198.7,44480.0,0.2567
22237.8,48070.7,22720.0,48320.0,0.2567
22504.9,26980.7,22646.7,27100.7,0.2566
18411.8,19204.5,18879.3,19791.2,0.2566
28160.0,4800.0,28618.6,4909.7,0.2565
24139.3,35854.0,24244.4,36477.2,0.2565
8001.3,36161.7,8637.9,36307.8,0.2565
8002.2,10671.8,8129.4,10879.4,0.2565
27050.4,22109.4,27406.9,22329.2,0.2565
16677.0,21201.8,16803.8,21755.7,0.2565
13934.8,16961.3,13993.6,17070.8,0.2565
12616.1,24246.7,13113.3,24631.8,0.2564
25129.1,15856.5,25599.9,16178.3,0.2564
27670.6,47681.1,27839.5,47831.1,0.2563
5442.1,12161.8,5719.5,12354.9,0.2563
24524.9,38611.2,24932.0,39037.1,0.2562
18615.4,33921.1,18857.0,34369.8,0.2562
12606.9,34446.2,12800.0,34560.0,0.2562
2604.5,2269.4,2879.4,2841.3,0.2561
2699.2,7753.1,3195.2,8081.7,0.2561
13129.0,49172.5,13440.0,49280.0,0.2561
12800.0,42768.0,12998.2,43195.9,0.2561
12481.7,34731.1,13118.3,35200.0,0.2560
26762.1,8187.6,27022.6,8249.5,0.2559
18311.7,28175.0,18877.6,28672.2,0.2558
11773.4,35520.6,12039.9,35769.4,0.2558
15751.7,28160.5,15879.8,28734.6,0.2558
11263.1,30720.0,11520.0,31177.9,0.2558
19604.7,24643.5,20153.1,25090.1,0.2557
26551.1,342.2,26880.0,640.0,0.2557
10880.8,18243.6,11082.4,18505.7,0.2556
11101.9,33920.3,11198.8,34011.7,0.2556
6272.4,34880.8,6486.3,35114.5,0.2554
17926.9,17572.5,18549.1,17920.0,0.2553
11843.9,9604.4,12477.2,10013.3,0.2553
19841.4,8001.3,20001.4,8254.1,0.2552
13515.9,1686.7,13759.4,1918.7,0.2552
25194.3,5763.1,25600.0,6009.0,0.2551
7265.8,29274.5,7680.0,29756.5,0.2551
23738.2,14099.1,23866.2,14551.3,0.2551
22665.8,31040.0,23040.0,31547.1,0.2551
5440.3,15360.0,6052.4,15582.7,0.2550
7151.5,34880.7,7232.9,34981.4,0.2550
17280.8,32641.6,17508.5,33166.9,0.2550
8677.6,25412.9,9276.4,25915.5,0.2550
23360.5,18565.1,23794.5,19013.6,0.2548
21120.0,17182.8,21660.0,17599.4,0.2548
26722.2,33125.9,26880.0,33220.8,0.2548
28313.3,21448.8,28480.0,22064.9,0.2547
10278.1,42248.1,10879.9,42560.0,0.2547
14167.8,18341.8,14246.5,18879.1,0.2547
21659.2,31402.9,21865.5,31679.4,0.2546
14192.2,22793.2,14682.9,23360.0,0.2545
28288.0,40574.6,28443.3,40639.5,0.2544
19520.0,43020.8,19615.0,43516.5,0.2544
13122.7,21283.4,13682.1,21753.8,0.2544
25760.0,3985.1,26240.0,4476.7,0.2543
11520.0,2560.0,12160.0,2671.1,0.2543
13979.9,29124.2,14079.9,29611.8,0.2543
27841.5,17281.1,28162.5,17912.4,0.2543
19663.9,36983.5,19838.8,37210.1,0.2542
17591.3,24348.7,17917.3,24640.0,0.2542
25602.9,24640.0,25780.7,25164.2,0.2542
9340.5,27701.1,9918.6,28151.8,0.2542
2307.6,10880.0,2447.0,10937.8,0.2542
17600.0,39044.6,17659.6,39284.3,0.2542
7836.0,26462.3,8000.0,26873.5,0.2541
25790.1,43151.6,25878.7,43519.4,0.2540
28841.1,41373.4,28928.0,41706.3,0.2539
17722.3,961.6,17920.0,1056.8,0.2539
23522.1,15040.0,23579.9,15393.6,0.2538
28314.8,46346.4,28927.3,46720.0,0.2538
22809.5,27085.7,23359.7,27517.2,0.2537
20021.5,3100.4,20160.0,3520.0,0.2535
8000.0,4482.6,8165.9,4976.1,0.2534
28493.0,26138.0,28580.3,26239.7,0.2534
26956.2,27086.5,27520.0,27514.1,0.2534
26138.2,30335.2,26240.0,30720.0,0.2533
12881.3,30725.6,13437.1,31233.7,0.2533
24311.5,30720.0,24640.0,30922.2,0.2533
10885.8,5140.7,11303.6,5548.8,0.2532
13297.5,2560.0,13750.1,2764.6,0.2532
9152.7,8322.2,9500.6,8567.6,0.2532
19638.8,32142.1,20160.0,32312.9,0.2532
16960.0,48540.1,17597.0,48960.0,0.2532
15499.8,40197.4,15678.8,40557.4,0.2532
26248.5,49600.3,26880.0,49671.7,0.2531
14593.8,31189.8,14650.5,31679.0,0.2531
11785.2,3119.3,12160.0,3520.0,0.2531
16576.3,22281.1,16944.5,22720.0,0.2531
12801.0,13577.7,12902.0,13728.3,0.2530
28413.0,27445.8,28800.0,27519.9,0.2530
19582.5,36480.0,19838.4,36970.8,0.2530
9921.6,40001.1,10285.8,40184.9,0.2529
749.9,5408.5,1269.7,5758.9,0.2529
4481.3,10884.6,4594.6,11039.9,0.2529
16579.6,22401.0,16954.2,22932.2,0.2528
25094.3,22864.9,25279.1,23037.7,0.2528
14093.4,37390.0,14267.7,37558.4,0.2528
16023.8,26562.2,16320.0,27036.6,0.2527
6145.1,35698.7,6719.2,36038.5,0.2527
24320.2,5120.6,24497.0,5318.4,0.2526
21133.0,22743.7,21753.0,23040.0,0.2524
14845.3,19319.4,15360.0,19840.0,0.2523
22427.3,16496.3,22924.1,16801.7,0.2523
20480.0,19840.5,20822.4,19975.6,0.2523
10577.5,1526.3,11197.7,1920.0,0.2523
4525.4,14401.7,4800.0,14708.2,0.2522
6721.4,30505.4,6870.8,30719.4,0.2522
18760.9,42149.8,18826.1,42560.0,0.2522
10896.4,42097.8,11517.6,42555.7,0.2522
11850.0,31941.2,12480.0,32320.0,0.2521
19359.3,29346.1,19520.0,29756.2,0.2521
21172.3,7172.8,21755.7,7680.0,0.2521
15536.7,47943.2,15678.9,48208.7,0.2520
9047.9,50026.2,9596.1,50560.0,0.2519
27320.8,42880.3,27416.6,43361.7,0.2518
16000.0,24002.3,16458.4,24510.7,0.2518
26027.9,3849.9,26557.1,4440.7,0.2518
10642.6,19530.0,11199.5,19990.6,0.2518
19757.8,32577.8,19840.0,32960.0,0.2518
10560.2,27073.4,10861.2,27199.8,0.2518
6812.7,41854.9,6917.7,42240.0,0.2516
27572.9,29440.0,28158.0,29882.5,0.2515
17835.7,28627.1,18237.3,29119.5,0.2515
10006.7,1292.3,10238.1,1592.5,0.2514
10883.3,47142.2,11149.3,47680.0,0.2514
19205.9,44706.6,19330.0,45120.0,0.2513
6080.0,11203.3,6446.3,11451.4,0.2513
24877.2,2245.5,25279.8,2797.4,0.2513
3840.0,6589.3,4474.7,7037.4,0.2513
13848.5,17922.5,14245.2,18211.1,0.2513
20480.0,24320.1,20845.1,24630.9,0.2512
4842.4,14714.9,5439.2,15040.0,0.2512
17595.7,21762.6,17919.7,22238.6,0.2512
12173.9,27848.7,12794.4,28288.1,0.2512
25645.2,46426.6,26238.6,46720.0,0.2510
18240.0,40281.4,18324.8,40640.0,0.2509
2051.5,38400.0,2560.0,38847.5,0.2509
23474.0,17098.8,23680.0,17280.0,0.2508
24122.5,4703.1,24635.0,5120.0,0.2508
26457.9,44493.7,26560.0,44800.0,0.2507
23701.7,25280.0,24319.0,25565.5,0.2507
23344.9,29651.1,23674.4,30015.2,0.2507
9328.0,43335.7,9916.3,43838.3,0.2507
14080.0,7263.8,14236.7,7680.0,0.2506
8232.8,47360.8,8320.0,47511.4,0.2506
20481.1,15041.8,21119.5,15196.9,0.2506
12208.8,18725.4,12798.5,19198.2,0.2506
28160.1,41827.6,28280.0,41920.0,0.2505
16657.5,35639.3,16818.0,36160.0,0.2505
11844.2,45722.3,12479.2,46080.0,0.2505
7761.9,45770.4,7980.7,46189.7,0.2505
10240.0,3895.8,10877.8,4326.3,0.2505
15377.2,33280.0,15680.0,33816.9,0.2505
24619.4,15871.3,24960.0,16170.7,0.2504
18829.7,45259.7,18950.1,45758.2,0.2504
25107.2,29762.5,25280.0,30224.6,0.2504
2615.7,7605.4,2763.4,7680.0,0.2504
16434.2,3647.5,16638.8,3838.9,0.2503
8129.0,34308.8,8631.8,34541.0,0.2503
25078.5,28718.9,25596.4,29120.0,0.2503
15683.3,28732.6,15812.5,29120.0,0.2502
27842.4,10972.5,27941.0,11159.4,0.2502
24975.2,46611.4,25598.8,47040.0,0.2501
16320.0,22771.7,16708.9,23360.0,0.2501
24031.6,49727.5,24092.4,50240.0,0.2501
22083.1,49882.3,22720.0,50240.0,0.2501
20331.8,13440.4,20478.6,13586.7,0.2501
15392.0,12107.1,15996.4,12479.8,0.2501
