x1,y1,x2,y2,score
16361.1,9451.5,16410.2,9483.6,0.9433
23964.9,35269.6,24076.6,35379.6,0.9318
3082.8,9946.1,3122.8,9983.4,0.9289
34553.7,30089.6,34667.7,30195.1,0.9177
33497.4,24521.8,33598.5,24628.9,0.9101
24005.5,7110.8,24064.8,7145.3,0.9091
32041.6,31616.1,32154.7,31716.1,0.9083
27778.7,32251.5,27879.4,32366.4,0.9073
28503.0,34808.7,28603.4,34898.5,0.9064
31610.1,36160.0,31733.5,36228.3,0.9045
23639.8,34240.2,23745.9,34322.8,0.9041
27456.6,35245.9,27562.6,35359.9,0.9038
32725.8,8961.6,32788.8,8993.4,0.9030
4706.2,3103.2,4740.6,3138.4,0.8993
28038.0,33920.1,28145.4,33994.8,0.8967
28899.5,33920.0,28992.5,33977.4,0.8958
23647.6,36006.9,23756.3,36114.7,0.8954
34245.4,31778.1,34347.6,31891.3,0.8954
33499.2,23040.0,33588.3,23100.4,0.8934
228.5,11943.7,280.9,11971.8,0.8931
27972.4,35840.0,28068.5,35895.5,0.8903
31673.4,33281.5,31790.8,33361.4,0.8898
33381.1,2051.1,33413.8,2082.6,0.8884
26165.6,35840.0,26239.3,35914.3,0.8883
27145.8,30873.8,27255.2,30986.7,0.8862
33384.3,23162.4,33493.4,23276.1,0.8850
33787.1,26247.4,33908.5,26355.6,0.8836
35140.6,22720.4,35198.7,22792.1,0.8834
33144.6,19367.8,33178.4,19403.7,0.8821
12773.1,4841.4,12798.7,4870.0,0.8815
24824.4,35315.2,24934.2,35425.8,0.8809
32523.0,34871.3,32643.0,34975.6,0.8806
25700.8,35769.7,25824.9,35839.7,0.8799
33785.1,24000.9,33908.0,24097.7,0.8798
30000.0,35840.0,30101.2,35903.5,0.8791
34156.1,30455.4,34238.6,30543.0,0.8782
35848.3,26376.9,35962.3,26482.5,0.8770
13856.7,27776.4,13873.1,27803.5,0.8767
34489.0,21440.0,34557.5,21513.8,0.8745
27596.9,33959.3,27708.1,34077.0,0.8731
16070.5,9357.7,16115.2,9382.4,0.8722
22170.1,33280.3,22238.5,33367.4,0.8720
36659.3,19220.4,36682.4,19246.5,0.8719
34315.7,21192.6,34400.5,21266.4,0.8715
34391.7,23991.4,34497.4,24104.8,0.8715
22471.8,34439.2,22575.2,34551.4,0.8712
27651.7,32024.5,27761.5,32141.0,0.8710
15868.6,5968.8,15899.8,5996.5,0.8695
33449.6,33146.1,33563.4,33261.2,0.8694
323.3,94.4,379.7,141.2,0.8686
34137.6,31915.1,34247.4,32028.4,0.8683
34105.7,30128.4,34219.5,30237.1,0.8682
23818.4,34579.4,23905.6,34700.4,0.8676
31346.1,31353.0,31455.8,31465.6,0.8671
16164.7,1189.2,16202.3,1216.5,0.8670
31912.9,27452.3,31937.9,27476.3,0.8669
27776.2,34240.0,27838.6,34310.0,0.8664
35502.8,26223.3,35519.8,26263.2,0.8646
3157.0,2751.8,3199.0,2772.3,0.8640
34386.9,32036.3,34499.6,32143.4,0.8633
28455.7,34532.5,28571.6,34641.3,0.8629
34879.4,20554.6,34901.2,20577.5,0.8623
22671.3,21423.8,22705.5,21437.5,0.8622
30716.1,33639.8,30833.2,33750.9,0.8613
21738.1,34240.0,21819.3,34305.3,0.8605
29128.7,29120.0,29240.9,29225.6,0.8603
22009.0,36385.2,22099.0,36499.2,0.8594
33584.0,25653.7,33599.3,25685.4,0.8589
36101.1,24088.4,36158.7,24168.4,0.8581
30483.5,35889.6,30591.5,36001.3,0.8578
15387.7,9458.5,15432.9,9491.4,0.8575
20525.8,34373.0,20550.2,34399.6,0.8565
32379.3,27840.0,32470.6,27895.0,0.8532
34804.6,31040.0,34876.7,31105.7,0.8525
30655.5,34630.2,30758.9,34743.0,0.8522
35485.1,26793.1,35592.1,26908.6,0.8521
36614.2,19653.9,36635.7,19675.4,0.8519
30519.9,34843.7,30624.6,34952.5,0.8510
28202.1,35498.6,28310.5,35604.2,0.8495
25815.8,35674.1,25935.3,35790.0,0.8485
30587.3,34745.2,30694.5,34855.5,0.8482
26643.3,34325.1,26757.0,34432.7,0.8467
24535.4,6345.5,24581.1,6398.7,0.8457
34627.0,30919.1,34743.0,31027.0,0.8452
37712.5,2662.1,37737.9,2735.0,0.8451
18700.2,21096.3,18739.5,21120.7,0.8451
27864.8,32114.2,27972.4,32225.7,0.8450
34024.4,22082.3,34148.4,22181.7,0.8447
16724.6,320.0,16777.9,354.6,0.8445
922.8,35377.1,975.2,35432.0,0.8440
30701.0,7175.5,30719.9,7221.1,0.8430
36717.0,27039.2,36836.6,27146.9,0.8428
16410.7,25225.7,16451.3,25252.7,0.8424
32676.7,32280.0,32789.3,32387.8,0.8423
33211.2,23041.9,33279.6,23131.2,0.8419
28590.4,36003.6,28696.7,36113.9,0.8409
2832.4,12091.8,2868.3,12117.7,0.8408
31330.0,30772.2,31444.6,30884.8,0.8396
15315.9,7650.8,15359.4,7694.6,0.8396
15769.5,9475.7,15811.3,9500.5,0.8395
27365.3,34908.8,27473.5,35027.4,0.8389
28888.0,30960.7,28999.5,31040.0,0.8385
29912.1,33019.3,30036.4,33124.9,0.8384
431.4,9322.8,454.9,9357.9,0.8380
3333.4,10051.1,3372.3,10085.3,0.8378
0.9,7421.2,51.3,7469.9,0.8375
36625.8,6130.9,36650.1,6173.9,0.8368
31610.0,36134.7,31677.8,36231.4,0.8367
27799.3,35605.4,27907.9,35719.5,0.8363
27408.1,16186.6,27422.3,16206.7,0.8363
31256.4,34164.7,31351.1,34276.1,0.8352
34662.2,20872.3,34741.4,20955.4,0.8349
27731.9,35194.8,27834.7,35311.0,0.8348
32941.9,7647.5,32960.0,7673.8,0.8348
730.4,24665.8,823.5,24704.0,0.8347
27672.5,32390.4,27782.7,32501.5,0.8347
36216.2,8873.7,36228.3,8893.5,0.8347
25902.8,35256.6,25919.7,35299.5,0.8347
26770.8,34240.0,26875.7,34306.0,0.8344
20860.9,35389.0,20982.0,35501.7,0.8342
28993.2,33725.4,29095.4,33838.3,0.8342
33411.3,24640.5,33525.7,24737.2,0.8339
22304.5,20857.6,22338.7,20871.5,0.8335
33593.4,26119.5,33703.6,26227.3,0.8335
22634.0,36391.4,22742.4,36509.4,0.8333
32304.0,34735.8,32319.6,34775.5,0.8316
33451.7,8802.0,33523.2,8833.0,0.8313
29253.4,32320.0,29344.5,32378.4,0.8313
245.4,7413.8,269.2,7450.9,0.8313
23584.5,7942.4,23610.6,7982.3,0.8312
27449.1,31040.2,27533.8,31093.0,0.8311
31830.5,33607.9,31942.7,33708.6,0.8305
33890.0,26551.0,34006.6,26660.0,0.8304
33315.3,35970.5,33424.3,36078.9,0.8298
31014.5,30777.7,31126.3,30886.2,0.8278
23345.8,36634.3,23359.4,36663.8,0.8269
32037.3,6564.0,32062.1,6588.7,0.8261
34409.4,30647.7,34527.3,30748.2,0.8257
15866.6,5865.8,15895.8,5894.5,0.8255
14818.0,33532.0,14864.3,33551.8,0.8254
23241.2,35864.1,23351.6,35968.8,0.8251
25544.7,33337.7,25655.4,33457.6,0.8251
30548.8,23024.0,30612.9,23037.8,0.8251
28003.5,31492.0,28109.0,31606.8,0.8249
37345.8,19522.1,37463.8,19618.0,0.8247
28098.3,34405.2,28158.7,34494.4,0.8244
35090.6,30719.2,35191.4,30811.7,0.8242
35274.9,27254.7,35390.0,27356.0,0.8238
32259.2,6969.2,32304.5,7000.5,0.8232
29671.8,35277.3,29782.3,35393.4,0.8225
33226.2,24840.4,33279.3,24938.9,0.8223
643.7,810.5,690.0,848.0,0.8220
5500.1,3296.7,5558.4,3313.3,0.8215
36428.4,32554.1,36448.7,32578.4,0.8215
227.3,29761.3,236.1,29796.0,0.8215
5145.9,3913.1,5169.5,3948.8,0.8213
150.2,29895.9,161.9,29927.0,0.8199
31920.1,35199.8,31939.4,35222.4,0.8198
38183.9,11952.3,38210.8,11981.9,0.8196
23767.9,35849.2,23874.9,35963.0,0.8195
33228.3,29545.5,33279.3,29624.4,0.8191
33486.2,29162.6,33601.9,29275.0,0.8191
17362.1,882.3,17408.5,923.7,0.8188
24815.9,25743.0,24851.1,25763.3,0.8188
34520.1,28553.2,34637.6,28668.8,0.8188
24180.6,21388.0,24210.3,21403.5,0.8183
29287.9,35330.7,29397.3,35443.4,0.8182
24228.7,34926.1,24320.0,35041.9,0.8179
6017.7,0.0,6078.1,23.4,0.8175
16200.7,36139.6,16263.3,36151.5,0.8172
85.3,21123.5,136.0,21166.3,0.8168
12929.3,35507.1,12961.8,35519.2,0.8166
31344.2,31407.0,31359.6,31441.5,0.8160
32320.0,3840.0,32389.9,3896.4,0.8155
33372.0,36337.9,33494.1,36447.6,0.8154
30000.1,35787.2,30110.2,35905.3,0.8152
26179.8,33969.8,26288.5,34080.7,0.8143
33498.2,22986.1,33607.4,23102.5,0.8142
19292.5,17752.1,19311.3,17774.2,0.8142
14231.4,3978.2,14296.8,4045.9,0.8139
29410.3,35200.2,29513.0,35274.7,0.8136
35172.0,5477.9,35201.7,5521.0,0.8123
29603.0,31528.0,29718.2,31628.4,0.8111
17758.4,5675.1,17836.5,5708.8,0.8106
32302.3,32245.5,32319.6,32294.7,0.8102
34822.8,21693.4,34879.2,21797.4,0.8093
19186.2,36679.6,19199.4,36710.3,0.8090
35975.9,21760.0,36097.6,21841.3,0.8078
35476.5,33161.7,35499.1,33183.3,0.8077
37009.0,4235.6,37053.9,4261.9,0.8076
24197.3,35314.9,24311.5,35408.6,0.8075
31360.4,3045.3,31405.3,3100.6,0.8074
27914.1,34039.9,28027.2,34157.0,0.8071
37911.2,14277.3,37925.8,14290.5,0.8069
36155.0,32183.3,36263.3,32294.6,0.8061
27147.2,30877.7,27199.7,30984.0,0.8061
27555.1,35097.2,27664.9,35208.1,0.8059
33057.4,6358.4,33082.0,6391.1,0.8054
13782.2,19117.1,13809.5,19133.6,0.8052
15447.9,9381.0,15493.5,9404.5,0.8042
35727.6,30249.2,35839.9,30366.5,0.8040
32171.1,32309.5,32295.2,32416.7,0.8033
37149.7,21808.2,37168.3,21824.9,0.8029
29101.4,32418.5,29119.9,32461.5,0.8025
27832.4,35027.6,27930.1,35143.5,0.8020
24657.8,17823.1,24690.9,17836.3,0.8019
27736.2,33794.7,27847.2,33904.7,0.8017
14771.5,6083.0,14803.4,6124.6,0.8015
7445.6,1822.0,7480.6,1844.5,0.8009
7419.5,1750.8,7431.5,1770.3,0.8006
19101.8,22609.2,19120.8,22625.1,0.8000
29328.3,33886.6,29352.4,33907.8,0.8000
23499.1,3145.2,23551.1,3195.0,0.7999
29230.3,34985.2,29253.4,35014.7,0.7997
21678.5,26332.7,21695.5,26346.6,0.7996
10130.5,19104.9,10238.4,19200.0,0.7995
28737.5,28480.0,28798.5,28544.1,0.7993
14285.8,32318.2,14347.7,32334.7,0.7990
30780.2,30631.4,30890.4,30747.8,0.7988
20760.2,23580.7,20799.2,23600.2,0.7988
33272.2,7049.9,33305.1,7082.8,0.7988
33209.6,23016.5,33327.9,23130.1,0.7985
31000.1,33843.9,31110.6,33965.1,0.7974
30645.6,20115.9,30671.5,20127.1,0.7969
16725.5,437.3,16776.2,485.7,0.7965
13525.5,26435.0,13584.3,26461.8,0.7964
5333.3,1025.9,5361.3,1060.1,0.7959
25943.1,33689.6,26039.0,33804.5,0.7958
28070.5,35670.9,28160.0,35782.0,0.7954
16523.9,5506.0,16582.6,5558.9,0.7953
21539.9,5367.9,21578.0,5413.0,0.7949
27185.0,33342.2,27199.4,33376.6,0.7949
30437.8,34949.8,30550.2,35061.0,0.7947
17985.6,16107.0,18000.4,16126.5,0.7946
13294.8,29045.2,13319.3,29060.4,0.7945
27494.2,21338.9,27514.0,21352.1,0.7945
21551.5,28356.0,21567.3,28372.3,0.7944
30858.9,34949.1,30971.2,35057.4,0.7938
34823.0,21684.9,34934.9,21793.7,0.7936
2873.1,27009.6,2886.8,27029.1,0.7935
19749.7,2567.7,19786.9,2593.0,0.7928
26860.7,22934.1,26912.6,22960.5,0.7927
15531.4,33750.6,15588.5,33766.1,0.7923
1506.6,21010.5,1519.5,21038.1,0.7923
34572.1,28839.4,34686.4,28948.6,0.7919
12763.4,36491.2,12821.1,36505.9,0.7919
30906.2,32795.0,31015.3,32909.4,0.7917
17996.3,6925.7,18038.7,6948.8,0.7913
36553.4,26241.5,36663.4,26338.6,0.7909
23334.9,18471.5,23353.2,18482.6,0.7904
31696.4,24345.0,31768.9,24455.7,0.7903
32648.8,34756.2,32759.9,34862.7,0.7902
37372.6,26455.8,37495.0,26564.0,0.7901
12940.9,4919.4,12959.8,4941.4,0.7901
32264.7,32640.7,32390.0,32711.2,0.7900
32535.3,7364.4,32571.9,7394.5,0.7899
24405.7,35200.3,24501.7,35253.5,0.7895
22358.6,35520.0,22486.4,35597.0,0.7892
6760.7,5597.4,6775.5,5649.6,0.7890
33181.3,33394.0,33280.0,33490.1,0.7886
70.5,29896.4,82.0,29929.7,0.7885
32304.0,23547.8,32319.3,23572.2,0.7885
23575.7,36682.0,23687.0,36799.8,0.7881
36932.7,18604.5,36954.4,18625.2,0.7873
38500.2,3430.6,38540.3,3463.7,0.7871
148.1,29828.6,159.7,29860.8,0.7870
187.9,29761.1,196.6,29793.7,0.7867
38552.7,2384.7,38625.8,2451.7,0.7861
29407.5,19890.1,29438.0,19904.6,0.7860
35055.4,20897.1,35075.7,20920.0,0.7859
34801.5,17518.8,34833.2,17535.9,0.7858
35165.8,17148.4,35183.4,17161.2,0.7855
22552.2,36530.9,22661.1,36645.3,0.7853
32613.8,27945.7,32723.3,28050.0,0.7852
11679.8,9187.7,11733.4,9220.6,0.7852
31080.4,35145.3,31185.2,35200.0,0.7850
15443.3,9331.2,15486.1,9356.1,0.7850
38011.6,21030.5,38077.8,21119.8,0.7849
26485.0,36542.0,26556.8,36626.4,0.7841
34249.5,29974.0,34359.2,30080.6,0.7840
15171.7,35488.1,15235.1,35501.5,0.7839
21399.3,20830.1,21414.4,20842.6,0.7839
31020.4,32648.2,31130.2,32757.0,0.7835
32583.2,25447.0,32639.4,25557.8,0.7834
24607.9,21744.4,24634.5,21755.9,0.7834
29385.2,14424.5,29398.9,14434.7,0.7833
26176.3,31434.7,26238.5,31529.3,0.7829
29706.5,34151.7,29820.4,34261.2,0.7828
24825.3,36636.8,24951.9,36741.1,0.7826
34311.9,30324.8,34423.5,30430.6,0.7821
20657.0,25812.0,20671.4,25824.1,0.7821
20111.8,21628.0,20151.5,21639.3,0.7817
12681.8,35276.7,12710.4,35290.6,0.7813
21229.5,22941.6,21255.7,22957.0,0.7813
19951.7,22005.5,19967.0,22019.7,0.7811
14991.7,32864.1,15020.0,32876.5,0.7807
29891.9,18109.2,29926.4,18120.0,0.7805
27973.7,35785.6,28081.2,35894.5,0.7804
36599.1,34561.8,36616.2,34577.1,0.7804
23320.1,17744.3,23358.7,17756.2,0.7802
26782.3,21819.6,26792.9,21834.3,0.7798
12612.5,32562.4,12657.5,32574.7,0.7795
26977.7,34429.9,27083.4,34537.4,0.7789
22912.9,24247.6,22959.1,24267.2,0.7789
19333.4,22330.4,19348.2,22348.3,0.7784
30646.9,23532.0,30706.6,23544.5,0.7776
19814.7,18397.2,19837.5,18410.9,0.7775
30736.1,35091.0,30850.0,35201.1,0.7771
33148.2,29095.6,33264.3,29205.5,0.7770
29405.5,35578.0,29527.1,35690.6,0.7768
38044.0,18085.8,38078.2,18097.0,0.7768
33904.6,23933.0,33919.5,23960.5,0.7766
110.9,29893.2,121.5,29930.8,0.7763
28081.6,19369.0,28092.9,19381.4,0.7759
27223.5,30628.9,27242.6,30648.7,0.7759
23995.8,36307.8,24118.6,36422.3,0.7758
17883.7,804.0,17920.0,855.9,0.7756
34347.6,29869.9,34459.0,29979.8,0.7750
14467.3,32419.6,14537.1,32433.5,0.7750
2085.3,28116.4,2097.1,28130.5,0.7749
13454.2,34494.2,13486.5,34525.6,0.7747
23556.4,25857.7,23591.9,25870.4,0.7746
32146.8,8772.5,32182.1,8811.2,0.7745
36919.3,25824.8,36931.9,25838.5,0.7744
35188.1,20400.8,35200.0,20432.8,0.7743
25463.5,19755.1,25476.1,19766.0,0.7740
32932.9,23680.0,33030.1,23741.9,0.7737
28960.0,35564.0,28975.4,35579.5,0.7735
16806.9,3067.2,16835.2,3102.5,0.7732
30970.1,36743.4,31037.9,36856.1,0.7731
10833.2,1547.7,10861.3,1563.7,0.7728
12937.5,31658.8,12976.2,31677.8,0.7728
23192.1,26267.9,23233.2,26280.5,0.7726
25473.2,18769.9,25491.4,18782.5,0.7725
3432.7,3957.2,3462.9,3990.6,0.7723
31887.0,28905.6,32003.6,29019.9,0.7723
2798.6,20231.1,2826.4,20254.8,0.7720
28635.8,18123.0,28678.2,18135.2,0.7717
32320.6,34697.2,32432.0,34799.2,0.7713
24499.8,35039.6,24612.6,35151.6,0.7706
10752.9,10800.6,10853.4,10878.6,0.7701
28618.6,19253.7,28673.6,19268.1,0.7698
32377.9,27781.1,32495.0,27891.5,0.7696
34498.2,19042.1,34512.7,19057.2,0.7695
24956.1,18013.2,24977.6,18031.0,0.7695
21910.2,34578.3,22036.3,34677.7,0.7695
28670.9,32960.8,28770.6,33034.3,0.7690
33460.8,24621.3,33495.9,24640.0,0.7689
17026.2,24877.0,17058.1,24892.4,0.7686
31021.4,32689.6,31040.0,32741.5,0.7685
21668.6,577.7,21695.3,605.3,0.7684
25839.4,36040.5,25959.1,36140.3,0.7684
24009.8,32489.5,24128.9,32591.4,0.7683
15985.2,29228.0,16015.7,29240.6,0.7683
26815.2,17020.0,26832.9,17032.8,0.7681
38237.5,32723.6,38264.8,32735.5,0.7677
35132.4,7091.6,35183.1,7146.9,0.7676
31876.6,35560.7,31896.9,35581.8,0.7676
28883.1,18998.4,28923.4,19022.2,0.7672
1224.7,3033.8,1277.1,3066.0,0.7667
16442.7,31747.9,16489.0,31764.1,0.7667
80.6,16488.3,137.3,16539.8,0.7665
32296.8,28193.6,32413.1,28293.7,0.7664
38296.0,20781.6,38412.1,20888.5,0.7664
7279.1,7495.4,7292.1,7506.1,0.7659
24130.2,23917.9,24187.0,23930.6,0.7658
12723.5,33234.1,12782.1,33245.2,0.7657
14968.7,27331.8,14999.0,27343.1,0.7649
28212.0,36042.6,28327.3,36145.1,0.7646
12799.1,32092.9,12857.3,32105.0,0.7646
14473.6,33467.7,14524.0,33483.0,0.7645
31081.0,34393.0,31201.7,34498.8,0.7644
32156.0,19060.6,32169.2,19074.8,0.7644
36389.9,27289.3,36513.7,27379.7,0.7643
4512.0,818.3,4540.7,843.4,0.7640
25583.5,20155.2,25602.0,20172.7,0.7639
16315.8,26057.6,16354.5,26071.9,0.7639
37316.6,32603.9,37353.6,32616.4,0.7635
12752.8,35195.5,12784.7,35207.5,0.7635
27103.4,26804.4,27134.4,26817.9,0.7632
36753.2,25963.5,36773.8,25982.8,0.7629
26748.3,31702.0,26858.3,31815.5,0.7627
29990.5,23202.8,30042.1,23216.3,0.7626
30441.0,15315.9,30478.6,15327.2,0.7624
16299.4,34292.0,16328.9,34305.7,0.7621
68.3,29828.1,80.6,29862.5,0.7620
31195.5,9083.5,31234.8,9110.8,0.7618
21763.2,26797.1,21791.0,26812.2,0.7611
190.7,29893.7,202.8,29927.3,0.7611
31745.2,7209.4,31772.3,7236.6,0.7609
23856.3,24514.8,23872.3,24528.6,0.7605
17039.6,7070.7,17123.8,7089.1,0.7604
22215.9,5440.0,22276.5,5492.7,0.7604
32769.2,34632.3,32880.7,34738.1,0.7603
27162.5,32002.3,27271.4,32114.9,0.7603
21317.3,19103.9,21334.6,19116.8,0.7599
22686.7,22499.4,22719.5,22510.9,0.7595
20525.9,19350.6,20547.0,19365.4,0.7595
33302.9,28931.9,33414.7,29042.6,0.7594
36662.1,27440.1,36779.5,27520.0,0.7592
14922.0,34980.6,14958.4,34994.5,0.7591
14399.8,32326.0,14458.6,32346.0,0.7590
34422.8,30221.2,34533.2,30325.5,0.7590
27608.8,33543.9,27724.6,33659.8,0.7588
19133.2,22183.6,19159.7,22204.0,0.7588
34071.9,29547.9,34183.6,29663.2,0.7586
23736.1,34903.6,23845.9,35020.9,0.7584
14725.4,6233.6,14807.7,6265.9,0.7583
35435.0,18117.1,35457.9,18129.3,0.7580
27615.0,20972.1,27639.6,20983.7,0.7579
31244.3,6086.6,31296.7,6149.2,0.7579
35659.9,26920.8,35778.8,27022.8,0.7576
13044.7,30387.6,13091.1,30399.1,0.7575
12916.0,28708.0,12936.3,28721.6,0.7574
24089.0,6864.2,24129.0,6890.7,0.7569
33674.4,29551.9,33788.4,29662.0,0.7568
21336.3,36581.9,21440.0,36679.2,0.7566
25787.3,34973.3,25900.7,35092.3,0.7566
17396.6,13686.9,17409.0,13701.9,0.7563
23513.9,34375.9,23624.5,34485.8,0.7558
29337.6,30824.0,29447.3,30941.8,0.7557
15096.8,28578.6,15129.8,28590.6,0.7552
12429.4,28755.6,12480.6,28766.0,0.7552
33466.5,29368.1,33582.9,29437.6,0.7550
14950.8,34170.8,15001.3,34185.0,0.7549
28834.2,18285.4,28893.3,18298.8,0.7548
30657.6,27080.7,30706.5,27096.6,0.7546
19360.1,21850.5,19382.7,21866.5,0.7544
19160.7,15132.8,19180.5,15146.0,0.7542
28100.1,22176.2,28126.3,22187.4,0.7536
19106.9,2333.5,19146.0,2360.5,0.7536
38200.9,32924.2,38214.5,32936.6,0.7525
109.6,29828.0,121.6,29861.7,0.7525
20136.8,17358.8,20148.4,17373.8,0.7525
23623.5,30704.4,23641.2,30718.8,0.7524
25537.4,21321.0,25572.7,21332.1,0.7523
28938.5,18190.7,28989.3,18208.3,0.7523
26177.2,31419.0,26294.2,31530.4,0.7523
23938.3,18405.8,23948.1,18419.5,0.7522
28123.3,31269.6,28231.4,31389.9,0.7516
37045.1,22084.1,37118.9,22160.9,0.7516
15904.0,31842.6,15944.1,31854.7,0.7515
17886.5,3138.3,17920.0,3174.2,0.7513
16560.4,33839.8,16613.9,33850.6,0.7510
13402.5,1875.4,13440.0,1918.9,0.7508
18460.5,14597.7,18473.4,14612.7,0.7506
13601.2,4419.9,13626.1,4472.9,0.7505
26616.1,33054.7,26720.4,33168.3,0.7502
12439.5,35600.6,12479.1,35615.4,0.7502
15416.7,6720.5,15489.0,6795.7,0.7502
12873.6,12684.3,12949.2,12740.3,0.7502
30819.3,34119.4,30920.4,34228.6,0.7500
12912.3,28076.0,12934.4,28089.3,0.7498
33548.3,8793.2,33599.8,8831.9,0.7496
27778.7,32320.0,27858.4,32364.0,0.7487
20617.2,18169.5,20628.6,18183.2,0.7486
12526.9,30516.0,12590.5,30531.3,0.7486
31603.8,2989.0,31650.5,3067.7,0.7485
15536.0,18090.8,15553.7,18103.2,0.7482
13137.3,19483.0,13165.7,19494.9,0.7479
18796.2,2233.4,18844.9,2265.2,0.7477
25821.2,22291.6,25839.6,22302.4,0.7477
3364.0,11579.0,3476.2,11662.6,0.7476
21308.9,33387.8,21329.5,33409.4,0.7475
25883.1,32413.8,26007.7,32525.8,0.7474
37464.4,18846.1,37480.0,18864.1,0.7473
30944.3,16952.7,30956.6,16963.3,0.7470
33507.2,22233.3,33531.3,22259.6,0.7470
34111.5,36404.5,34124.6,36415.9,0.7466
36413.3,1280.0,36464.3,1305.4,0.7466
14453.2,33853.5,14480.4,33867.6,0.7466
34996.6,8075.8,35036.4,8101.7,0.7465
30576.6,16164.7,30609.2,16181.3,0.7464
27249.7,9370.8,27297.4,9397.0,0.7463
14991.8,6461.6,15018.7,6504.5,0.7462
24257.2,20958.9,24270.8,20983.3,0.7461
29649.1,15478.8,29670.7,15489.2,0.7460
29873.1,1200.3,29909.9,1227.9,0.7460
12998.0,32348.9,13023.8,32364.2,0.7460
21948.0,27775.1,21966.7,27788.9,0.7458
33737.1,20715.2,33752.5,20726.1,0.7454
25407.2,31895.4,25428.8,31906.6,0.7453
32768.9,26444.0,32783.9,26454.8,0.7450
25179.2,18344.0,25193.3,18359.1,0.7449
23902.0,16516.2,23920.6,16531.5,0.7445
13946.6,6359.3,13976.0,6395.2,0.7445
147.8,29762.8,156.6,29794.2,0.7443
7159.7,28272.3,7248.7,28344.7,0.7438
18032.6,22861.9,18071.4,22885.0,0.7437
28148.4,19476.9,28161.1,19495.0,0.7435
19284.4,26633.9,19302.6,26645.9,0.7433
31950.1,35840.0,32060.1,35899.9,0.7432
33402.5,20200.4,33414.3,20214.3,0.7431
21940.2,23907.3,21961.2,23921.0,0.7430
33692.7,5252.4,33739.9,5294.3,0.7427
25185.0,21580.7,25209.9,21596.1,0.7427
19962.5,841.5,19991.8,872.7,0.7426
3887.1,31314.5,3898.4,31342.5,0.7424
22719.5,19445.9,22736.2,19462.0,0.7423
21984.2,15752.1,21996.5,15763.8,0.7422
27970.7,9352.0,28017.1,9382.8,0.7422
23006.3,26227.6,23039.4,26240.2,0.7419
16961.5,4160.0,17030.8,4216.3,0.7417
410.8,25100.1,420.5,25120.3,0.7416
23674.4,34880.0,23765.3,34945.6,0.7415
19313.7,26943.2,19378.1,26960.8,0.7415
18662.1,21696.2,18678.4,21710.0,0.7414
3886.3,26849.3,3899.8,26875.6,0.7413
22494.9,23513.5,22547.1,23527.3,0.7411
20780.4,33759.4,20802.8,33781.5,0.7411
36805.1,24783.3,36819.2,24802.4,0.7411
27175.8,18754.9,27189.8,18767.3,0.7409
16897.4,19810.8,16919.3,19825.0,0.7408
2793.0,27010.8,2806.7,27029.4,0.7407
30039.5,32891.4,30149.9,32959.8,0.7404
27574.3,9251.4,27619.9,9274.7,0.7402
8961.0,8000.0,9024.2,8074.7,0.7402
16528.6,22273.2,16546.7,22286.0,0.7401
37480.6,19400.6,37597.2,19508.1,0.7401
24462.0,28296.6,24479.6,28310.3,0.7401
12865.0,29371.3,12880.5,29381.5,0.7399
22444.8,4949.2,22480.6,4985.5,0.7397
14866.0,26796.6,14905.5,26810.0,0.7397
11200.2,13340.0,11221.2,13406.2,0.7393
34999.8,18365.5,35025.2,18382.2,0.7393
14139.4,3953.7,14199.6,4022.7,0.7391
12960.5,19659.0,12979.6,19678.1,0.7391
25119.3,18874.8,25132.2,18884.5,0.7390
35255.0,26456.0,35366.5,26562.9,0.7388
27894.5,35520.0,27990.9,35587.3,0.7388
19867.6,20870.1,19921.8,20895.9,0.7388
32082.6,34072.3,32200.0,34180.6,0.7387
3717.7,25323.2,3730.5,25357.3,0.7386
20236.5,28165.5,20256.7,28180.4,0.7384
14394.2,12368.9,14448.8,12431.7,0.7382
20911.1,27932.3,20928.2,27945.5,0.7382
35132.0,17705.7,35154.4,17719.5,0.7381
25831.5,20707.3,25849.2,20720.6,0.7379
36166.9,34392.4,36188.7,34403.7,0.7378
15704.4,25883.7,15743.6,25895.5,0.7374
33515.8,22984.8,33598.9,23040.0,0.7372
21378.2,28990.5,21416.7,29008.6,0.7371
3697.8,145.9,3732.1,172.3,0.7370
25127.7,17325.6,25144.5,17337.6,0.7370
32185.9,17796.3,32210.6,17809.8,0.7368
16087.6,33335.7,16130.9,33351.7,0.7367
28817.0,28585.0,28831.1,28595.3,0.7367
31537.3,28424.8,31650.3,28533.7,0.7366
34837.4,15742.4,34849.7,15757.7,0.7365
20720.6,18891.7,20735.2,18904.3,0.7365
28499.8,32891.6,28614.9,32959.7,0.7364
35468.9,23577.7,35518.9,23662.0,0.7364
27779.8,34200.4,27897.6,34308.3,0.7362
28459.3,1849.4,28536.6,1901.0,0.7361
28132.9,22554.5,28152.5,22567.4,0.7361
32155.7,9075.5,32196.0,9101.1,0.7360
15659.6,9355.3,15700.3,9380.8,0.7358
13719.2,32346.8,13746.3,32358.1,0.7355
23477.8,21753.4,23495.6,21766.9,0.7355
26552.1,36092.3,26662.1,36211.6,0.7354
12718.1,32338.9,12784.9,32352.9,0.7352
38063.6,3634.8,38130.1,3663.9,0.7352
25761.1,21741.9,25787.1,21754.7,0.7349
16035.4,32331.9,16063.3,32354.1,0.7345
31627.3,19771.7,31674.1,19783.3,0.7344
24794.9,17801.8,24827.8,17812.1,0.7343
36657.5,19136.7,36672.9,19155.4,0.7341
14165.5,35691.5,14227.6,35704.3,0.7339
28596.4,16212.0,28635.0,16225.5,0.7336
25707.9,35527.0,25816.4,35634.3,0.7336
28815.5,17836.7,28847.9,17856.3,0.7336
20016.4,20344.7,20056.2,20359.9,0.7336
4538.9,3041.5,4625.4,3066.9,0.7335
16361.0,33325.3,16392.7,33343.0,0.7334
13904.4,19055.6,13929.7,19072.8,0.7332
33975.9,30275.5,34087.1,30370.4,0.7331
25663.8,18659.7,25680.1,18673.0,0.7330
21671.7,22379.5,21696.6,22392.5,0.7327
22611.5,33486.9,22721.5,33599.1,0.7327
31271.7,35840.9,31360.0,35945.2,0.7326
1354.0,4929.4,1446.6,5013.9,0.7326
25113.3,28830.1,25150.8,28853.2,0.7325
27458.5,33696.1,27575.1,33806.0,0.7325
15796.4,31004.2,15824.5,31017.4,0.7324
28706.8,8978.3,28769.6,9017.3,0.7323
12914.5,36515.9,12961.0,36529.6,0.7320
12667.9,12431.4,12721.6,12487.1,0.7318
31096.0,26880.0,31211.3,26960.1,0.7318
32054.1,21785.3,32069.3,21801.2,0.7315
31498.8,5010.6,31528.3,5034.6,0.7314
29179.3,35520.0,29286.0,35594.7,0.7311
10203.1,10842.3,10278.4,10878.1,0.7305
10583.8,11686.0,10642.1,11751.8,0.7305
31653.3,21240.2,31680.2,21254.2,0.7305
768.1,13148.3,818.8,13207.0,0.7303
17415.0,36302.2,17509.3,36351.5,0.7302
13671.5,25962.0,13707.3,25972.4,0.7302
21295.8,20723.5,21310.5,20734.2,0.7299
13682.5,18798.5,13699.7,18809.6,0.7298
19062.7,34057.2,19104.7,34071.5,0.7297
30574.1,21980.1,30594.8,21993.4,0.7297
7771.5,6592.5,7840.7,6663.6,0.7296
2263.4,27337.4,2284.7,27374.3,0.7296
30818.2,15867.7,30833.6,15878.8,0.7293
15277.9,25717.0,15298.9,25729.8,0.7293
267.9,29826.5,278.6,29860.7,0.7292
14798.6,3119.9,14820.6,3143.6,0.7291
14232.9,29258.7,14264.3,29269.4,0.7291
23728.2,29070.2,23753.7,29082.0,0.7290
26426.1,16986.2,26450.1,17004.9,0.7289
37906.1,11931.3,37916.3,11945.6,0.7287
13950.1,18004.4,13965.6,18015.6,0.7285
10407.0,2560.0,10455.5,2595.8,0.7281
28331.0,30183.3,28359.9,30205.1,0.7280
24272.0,20401.9,24297.4,20414.2,0.7278
16390.9,35953.3,16432.4,35971.3,0.7276
12859.8,24204.4,12881.2,24219.1,0.7275
22023.1,34488.1,22140.3,34597.9,0.7273
32265.3,32629.8,32319.3,32712.0,0.7273
22008.8,25370.8,22020.8,25382.1,0.7271
1671.2,31275.8,1683.5,31307.5,0.7270
25272.3,36619.0,25382.0,36733.8,0.7269
21316.7,20944.6,21329.9,20957.9,0.7266
35189.1,3887.8,35252.0,3923.7,0.7265
31265.3,28071.4,31360.0,28183.0,0.7264
32311.8,31811.4,32422.8,31920.8,0.7264
25119.3,22061.4,25143.3,22075.4,0.7264
15851.6,31724.6,15905.3,31744.5,0.7262
23167.8,27310.2,23210.6,27326.0,0.7261
472.0,21304.0,502.0,21330.4,0.7261
6923.4,9234.7,6944.3,9251.1,0.7258
21103.8,35057.8,21119.8,35110.9,0.7258
17829.1,1790.4,17874.5,1822.9,0.7257
31336.7,33480.8,31462.2,33566.6,0.7256
23791.1,36712.8,23912.2,36826.7,0.7256
27457.6,18576.6,27472.6,18588.0,0.7254
20799.0,22562.4,20821.0,22575.7,0.7251
19155.6,2762.5,19171.3,2788.0,0.7248
12908.0,34154.2,12969.2,34168.5,0.7248
109.1,11029.4,133.1,11064.3,0.7247
32398.0,32520.6,32518.3,32626.0,0.7245
17864.6,6400.0,17918.8,6503.9,0.7245
33749.0,22730.7,33765.3,22751.1,0.7245
19618.6,29218.4,19648.4,29229.7,0.7245
23535.6,24233.9,23558.6,24245.1,0.7244
27758.3,21224.2,27776.7,21240.8,0.7241
26650.8,31673.0,26756.7,31791.7,0.7237
33681.9,16355.5,33709.4,16368.3,0.7236
28721.8,21794.8,28763.0,21806.7,0.7235
20991.7,33603.2,21009.6,33617.4,0.7233
22273.8,24225.6,22286.5,24238.8,0.7232
14424.0,10280.3,14473.3,10326.8,0.7229
34435.8,18356.4,34449.8,18366.9,0.7226
17743.1,13525.7,17757.0,13537.6,0.7225
155.5,30098.2,167.9,30130.0,0.7224
31312.0,20770.3,31344.7,20781.8,0.7222
27199.0,18480.7,27218.4,18493.5,0.7220
28081.5,20690.6,28109.4,20703.6,0.7220
26337.2,18818.7,26351.8,18829.9,0.7220
35772.9,27735.0,35882.0,27839.1,0.7209
33652.0,19082.9,33673.0,19099.7,0.7208
17527.2,17272.7,17541.5,17289.6,0.7207
20385.3,21966.2,20398.2,21983.5,0.7203
14609.9,5801.8,14687.3,5887.6,0.7203
27708.5,18608.7,27730.2,18630.6,0.7202
33225.0,25617.7,33335.7,25727.7,0.7202
12411.6,35788.4,12442.1,35803.2,0.7197
22903.3,18298.2,22930.4,18306.5,0.7196
16113.0,31371.0,16174.5,31390.5,0.7195
24519.9,24363.8,24544.8,24383.1,0.7194
14322.7,29911.7,14368.1,29924.7,0.7191
33799.3,29430.3,33913.2,29539.6,0.7191
19293.8,24259.6,19311.2,24270.2,0.7189
25783.6,32320.7,25897.3,32427.2,0.7189
41.3,30168.4,52.3,30202.7,0.7187
34699.0,15099.2,34719.8,15111.3,0.7186
32132.6,29440.0,32180.2,29463.5,0.7185
8467.7,5990.5,8487.5,6011.5,0.7185
23337.9,24263.5,23384.5,24279.7,0.7184
34666.5,30421.7,34779.4,30535.1,0.7182
38200.2,17473.2,38261.7,17484.6,0.7180
12386.0,34831.8,12430.5,34846.2,0.7180
34514.0,18736.4,34552.6,18749.4,0.7180
14043.3,32775.9,14080.0,32789.7,0.7177
21913.4,20976.9,21937.7,20988.0,0.7176
16212.0,34121.8,16237.6,34134.8,0.7174
32308.6,20635.5,32323.4,20650.2,0.7171
4753.0,11227.1,4800.0,11264.4,0.7170
32870.3,32866.1,32960.0,32974.9,0.7170
32239.4,32000.0,32292.2,32024.7,0.7170
23733.5,34715.5,23835.5,34835.0,0.7169
33158.5,4596.3,33197.4,4620.9,0.7165
20132.6,21629.1,20148.9,21642.7,0.7165
2538.5,12662.5,2572.7,12698.3,0.7162
15908.2,30276.2,15946.3,30287.5,0.7161
4340.3,10524.1,4378.0,10557.0,0.7159
20023.2,18107.8,20048.1,18119.0,0.7158
37933.0,32705.4,37953.6,32717.6,0.7158
14579.4,36764.6,14639.8,36776.9,0.7157
32583.6,25445.9,32694.5,25556.0,0.7157
28660.5,7762.5,28705.9,7790.3,0.7156
20055.6,28720.3,20067.8,28731.6,0.7156
13770.6,1857.4,13798.4,1906.6,0.7155
32017.4,5440.0,32086.2,5493.3,0.7154
34778.7,21440.0,34871.6,21496.0,0.7152
23198.7,19718.3,23216.7,19730.3,0.7152
16625.7,36196.5,16676.6,36212.2,0.7152
32504.5,32436.8,32617.4,32544.2,0.7151
5900.1,5085.6,5932.0,5112.2,0.7148
17081.2,18825.7,17102.8,18839.2,0.7148
21651.1,18732.9,21666.7,18743.2,0.7144
24833.2,6937.1,24884.0,6965.4,0.7143
33408.7,19628.0,33423.8,19643.6,0.7143
24326.1,20887.6,24339.4,20900.0,0.7138
24197.6,20907.7,24212.9,20918.8,0.7137
22231.1,34244.5,22350.4,34355.6,0.7137
3726.6,6073.8,3757.2,6100.5,0.7135
35333.8,17219.9,35364.7,17230.7,0.7133
17743.9,22926.0,17758.1,22937.7,0.7133
36611.4,21910.9,36627.1,21926.6,0.7129
19201.7,17924.7,19236.2,17937.0,0.7128
28287.7,12996.6,28302.2,13009.7,0.7128
33605.7,20633.3,33618.3,20650.1,0.7127
34169.5,29760.0,34239.9,29816.7,0.7126
20649.1,18407.3,20671.7,18425.0,0.7125
13393.9,29254.5,13438.5,29279.7,0.7125
24151.7,36160.9,24238.1,36212.5,0.7125
34322.1,16301.0,34352.2,16320.9,0.7125
27847.4,33651.8,27958.1,33762.2,0.7124
22738.3,33450.5,22768.1,33465.5,0.7124
35140.8,19355.1,35197.7,19395.4,0.7122
17901.2,6175.5,17924.6,6197.5,0.7121
1472.4,21250.2,1494.7,21271.0,0.7120
13173.9,28007.5,13211.0,28019.4,0.7119
14483.7,32007.8,14547.2,32019.4,0.7117
36408.3,7882.5,36468.3,7914.5,0.7114
37371.6,22595.3,37437.7,22670.4,0.7113
27536.0,19412.5,27549.8,19424.2,0.7111
23218.9,26318.4,23274.0,26337.5,0.7111
14935.5,30070.4,14969.3,30082.9,0.7109
29074.6,17847.6,29121.7,17869.9,0.7109
188.2,29827.1,199.8,29861.3,0.7108
21351.4,24842.9,21378.4,24858.4,0.7105
29833.0,32641.7,29946.5,32733.1,0.7101
30709.7,15067.9,30727.4,15086.9,0.7101
14464.1,33993.3,14494.5,34007.8,0.7099
29361.3,14360.6,29392.0,14378.8,0.7099
30524.0,21562.9,30561.0,21576.6,0.7098
21671.5,36329.1,21759.6,36439.7,0.7097
13559.3,434.9,13599.4,462.3,0.7096
21141.6,27437.6,21154.5,27448.9,0.7094
33224.8,24824.1,33344.6,24939.8,0.7093
33579.6,7514.7,33599.5,7538.3,0.7092
35505.0,26168.7,35613.7,26282.7,0.7091
12893.6,35344.2,12913.9,35358.0,0.7090
15601.0,6513.3,15656.0,6561.5,0.7089
25547.4,33349.4,25599.5,33456.1,0.7089
15495.1,36438.6,15520.9,36452.1,0.7089
35521.6,26560.7,35623.3,26662.6,0.7086
2016.1,20393.2,2069.6,20424.8,0.7084
30.6,29897.7,42.4,29932.3,0.7083
18242.3,27146.3,18274.5,27159.1,0.7083
5050.6,2022.8,5080.1,2056.2,0.7082
14599.1,29067.6,14624.3,29078.2,0.7081
15166.8,32891.0,15187.2,32905.6,0.7081
32945.6,7524.1,32959.1,7545.7,0.7078
28020.0,28222.5,28034.7,28234.3,0.7076
38422.6,19718.2,38543.0,19809.2,0.7076
16182.7,34178.5,16230.0,34192.4,0.7074
26061.4,36228.0,26187.5,36333.0,0.7073
24151.5,36099.3,24260.2,36209.4,0.7071
24466.2,17473.0,24486.7,17485.5,0.7070
23519.8,20720.1,23554.8,20735.4,0.7070
29955.8,35450.0,30064.1,35565.7,0.7069
15091.1,32305.7,15141.6,32318.6,0.7068
19756.4,22147.3,19769.9,22160.2,0.7068
15822.9,22666.7,15863.2,22678.7,0.7068
32350.4,14770.5,32367.8,14784.7,0.7067
18000.4,6621.7,18013.2,6636.6,0.7067
23493.0,4762.2,23542.3,4800.0,0.7065
12764.2,35021.8,12799.9,35039.5,0.7064
25116.6,22132.3,25150.0,22151.5,0.7062
32227.1,29745.8,32320.0,29852.9,0.7061
36054.1,16003.8,36065.3,16020.0,0.7060
23950.3,26406.0,23987.4,26416.6,0.7057
14841.2,28879.9,14893.5,28896.3,0.7056
31904.3,9036.0,31946.2,9062.1,0.7056
18073.1,18605.2,18097.9,18619.0,0.7054
2965.0,2644.3,2997.9,2669.3,0.7052
31289.3,25429.8,31357.9,25549.0,0.7050
14185.6,32530.0,14207.8,32541.7,0.7049
25814.8,7664.2,25844.3,7680.0,0.7048
28391.7,31818.7,28479.7,31924.6,0.7048
25867.8,7635.4,25920.0,7677.3,0.7048
16919.0,337.5,16960.0,384.3,0.7045
20149.9,21999.2,20160.3,22010.6,0.7042
13307.7,34587.4,13326.8,34600.9,0.7042
26071.8,17404.4,26088.0,17416.4,0.7041
2872.8,7343.4,2934.7,7360.0,0.7039
191.3,29961.7,202.5,29996.6,0.7039
21357.2,21017.2,21369.8,21027.5,0.7039
19856.5,18735.9,19872.9,18746.1,0.7039
24830.7,36084.6,24942.2,36197.3,0.7038
26667.6,21772.1,26687.8,21784.5,0.7036
37911.3,22230.2,37924.1,22241.3,0.7036
25413.7,22668.5,25428.8,22681.4,0.7033
36504.6,3674.1,36550.1,3699.3,0.7033
22181.4,20912.4,22199.2,20925.0,0.7033
35451.1,31499.7,35518.3,31611.1,0.7033
22641.0,18866.4,22668.3,18878.4,0.7030
30861.8,24650.6,30872.6,24666.5,0.7029
36431.4,29970.6,36444.4,29983.0,0.7028
32573.6,9019.5,32618.6,9046.6,0.7027
23088.7,21739.6,23138.1,21756.8,0.7027
25712.7,18516.8,25728.5,18534.4,0.7027
32472.1,34582.4,32584.8,34689.0,0.7026
36464.2,1262.0,36513.8,1280.0,0.7026
24639.4,27420.7,24656.1,27434.4,0.7026
35388.5,1956.8,35409.9,1979.9,0.7025
30188.7,35523.2,30295.5,35637.0,0.7024
30672.0,36185.3,30779.7,36300.3,0.7022
2247.4,34616.8,2321.6,34685.8,0.7020
25468.5,19031.1,25478.1,19041.6,0.7020
29808.6,18400.4,29844.7,18413.5,0.7020
17216.1,16555.6,17238.4,16569.4,0.7019
31436.8,12344.9,31449.6,12355.2,0.7018
32982.4,28480.0,33094.6,28557.3,0.7016
33839.4,19613.1,33858.4,19624.8,0.7015
18935.7,16240.0,18952.9,16253.9,0.7015
29648.8,14910.1,29667.0,14923.0,0.7013
13188.8,35345.9,13216.9,35359.1,0.7013
11374.5,22819.0,11440.8,22902.8,0.7013
17882.9,5475.8,17923.2,5502.6,0.7011
6090.2,2199.1,6100.4,2228.1,0.7009
15927.7,36097.6,15967.6,36111.6,0.7007
31536.9,28480.0,31636.2,28533.9,0.7007
37059.3,4603.5,37120.0,4640.9,0.7006
14603.5,17337.3,14620.5,17352.3,0.7005
27743.6,35521.7,27856.8,35612.2,0.7004
30390.3,25104.2,30401.4,25122.9,0.7004
26036.7,20776.1,26048.9,20789.3,0.7002
15007.3,23651.1,15027.7,23662.6,0.7001
20176.0,19779.7,20192.8,19794.9,0.6998
21697.3,5506.2,21768.2,5519.7,0.6998
33798.0,19156.0,33818.1,19175.2,0.6997
13541.1,30652.0,13565.0,30669.6,0.6996
24205.1,24044.1,24232.1,24056.8,0.6994
24183.3,24878.8,24197.7,24890.3,0.6989
23736.1,36074.7,23847.3,36187.2,0.6987
18771.8,34050.2,18830.6,34062.3,0.6987
4834.3,4185.4,4866.0,4215.5,0.6986
15095.7,834.5,15130.3,861.2,0.6985
22448.7,21961.4,22489.5,21971.6,0.6983
31795.3,16928.3,31809.1,16940.7,0.6981
31405.2,3000.3,31434.3,3032.4,0.6980
14233.1,2319.7,14308.7,2394.9,0.6976
24002.3,19401.1,24012.7,19414.0,0.6975
1245.5,256.9,1308.3,301.3,0.6975
15165.3,33818.7,15205.2,33829.3,0.6974
21652.9,33920.5,21753.8,34032.3,0.6972
33538.8,27384.6,33651.5,27501.7,0.6969
9267.4,6516.7,9279.6,6539.3,0.6968
16200.3,26816.9,16244.1,26830.1,0.6968
33769.9,20139.9,33792.9,20150.0,0.6967
20846.1,17777.4,20869.3,17790.1,0.6967
22648.2,23376.7,22686.8,23391.9,0.6966
11186.4,9109.9,11227.4,9132.7,0.6965
12569.0,35292.3,12612.3,35307.2,0.6964
13209.6,31522.2,13225.2,31534.5,0.6962
30034.7,14554.2,30079.0,14568.4,0.6961
24100.6,35086.5,24212.6,35201.3,0.6960
22825.7,17891.9,22843.6,17903.6,0.6960
21888.3,24516.6,21947.7,24530.7,0.6959
29845.3,36781.1,29886.9,36800.0,0.6956
13994.9,25516.3,14015.2,25529.6,0.6955
13294.3,30507.9,13339.9,30520.1,0.6955
19410.4,30559.5,19446.0,30574.8,0.6955
29431.8,36792.6,29542.9,36861.5,0.6953
23875.0,17168.3,23888.7,17186.8,0.6952
18687.5,22554.8,18700.4,22565.6,0.6951
33871.4,19536.5,33886.7,19550.2,0.6949
21571.8,29772.4,21595.0,29786.7,0.6948
29707.6,34167.6,29759.5,34264.4,0.6947
12674.1,25450.1,12704.3,25463.2,0.6946
21954.0,19650.7,21977.8,19675.6,0.6946
25877.4,7695.3,25916.7,7726.3,0.6944
640.2,2387.8,691.7,2431.2,0.6944
28728.3,27211.6,28806.3,27269.7,0.6943
830.0,12016.5,865.0,12047.6,0.6943
23437.0,21247.5,23460.0,21259.4,0.6942
19487.3,26538.5,19511.9,26555.6,0.6941
32111.6,22268.6,32132.2,22282.4,0.6940
21778.2,22508.8,21833.7,22523.3,0.6940
37898.4,33088.3,37932.5,33102.4,0.6940
19730.6,4049.5,19805.5,4101.2,0.6938
25481.5,32219.3,25607.2,32332.7,0.6934
19516.7,34736.5,19536.0,34758.2,0.6933
19019.6,27056.7,19060.6,27085.3,0.6933
35412.2,28104.9,35527.0,28207.8,0.6932
27446.1,19617.2,27473.3,19631.3,0.6931
21086.9,22178.0,21119.0,22191.7,0.6929
32594.5,34480.6,32705.0,34560.0,0.6929
22759.8,17387.2,22772.9,17397.3,0.6928
14505.5,31522.3,14546.6,31533.8,0.6926
12628.2,35193.3,12656.4,35205.6,0.6926
32166.6,36555.1,32280.5,36667.4,0.6925
10755.8,10800.0,10814.2,10837.9,0.6925
23204.6,23604.1,23224.1,23615.1,0.6924
12683.7,35303.4,12748.6,35319.2,0.6919
30688.2,35324.9,30800.4,35438.9,0.6918
33080.9,34251.1,33100.2,34265.2,0.6915
31853.5,24071.0,31864.0,24087.7,0.6914
29566.7,18476.4,29592.7,18488.2,0.6914
10354.8,1541.8,10400.5,1568.4,0.6914
24618.1,17603.7,24633.4,17617.7,0.6913
20979.1,22033.0,21009.6,22049.3,0.6913
19157.9,36224.0,19248.8,36282.1,0.6911
27833.7,32543.8,27847.7,32558.5,0.6911
27514.9,32177.7,27630.4,32288.6,0.6909
24886.3,24147.7,24929.2,24160.0,0.6909
15830.4,25430.6,15890.1,25457.5,0.6908
19483.7,30347.9,19515.9,30361.9,0.6907
12976.4,19890.7,13007.2,19901.8,0.6906
19696.3,20854.8,19712.3,20870.2,0.6905
36905.4,5681.0,36933.1,5711.1,0.6904
16938.3,9362.3,16981.0,9387.5,0.6902
14047.3,29812.1,14079.5,29825.9,0.6899
24136.3,26676.0,24151.4,26687.4,0.6899
38178.2,16680.6,38208.6,16692.1,0.6898
29180.9,28360.2,29202.9,28371.8,0.6898
23208.9,16644.6,23223.1,16658.6,0.6897
26375.4,21552.9,26399.3,21567.0,0.6897
23641.4,24684.8,23674.6,24701.7,0.6896
14908.6,25818.5,14929.7,25829.8,0.6896
34947.1,33616.7,34960.6,33630.3,0.6894
16927.8,25089.3,16945.8,25102.0,0.6893
17667.2,33325.7,17695.0,33339.5,0.6893
465.5,23088.5,507.5,23106.7,0.6892
22620.8,21228.4,22638.5,21239.9,0.6890
33639.7,22752.5,33744.9,22867.3,0.6889
36781.6,7730.5,36800.0,7758.8,0.6887
23600.4,17666.8,23617.3,17681.4,0.6887
12659.4,20396.7,12709.4,20421.9,0.6885
25354.8,34880.1,25477.2,34949.7,0.6883
21948.6,19339.6,21983.0,19351.0,0.6883
20643.0,29868.8,20672.1,29886.3,0.6882
16800.2,6642.9,16884.3,6674.5,0.6881
24334.8,29231.5,24354.4,29244.8,0.6881
29421.0,31190.9,29440.0,31237.2,0.6881
26690.4,21566.5,26711.1,21587.1,0.6880
18336.9,19778.9,18354.4,19790.7,0.6879
16243.5,9365.0,16294.9,9401.9,0.6877
29070.2,33601.0,29176.2,33713.9,0.6876
34560.9,19431.9,34572.0,19445.9,0.6876
36299.6,34158.1,36313.3,34172.6,0.6873
14642.7,29970.1,14674.9,29981.3,0.6870
21971.4,26537.6,21993.4,26550.5,0.6869
22315.8,28560.4,22338.1,28577.0,0.6868
27524.1,19341.3,27546.6,19353.9,0.6865
25270.0,36675.8,25280.0,36705.5,0.6863
13312.6,27505.7,13328.7,27518.3,0.6863
35035.8,19232.2,35058.8,19242.6,0.6862
13897.4,32802.0,13941.7,32816.3,0.6861
14799.4,26774.5,14822.0,26786.6,0.6860
13401.2,26985.5,13434.2,26996.5,0.6860
28454.6,34575.6,28479.3,34629.2,0.6860
14211.2,32916.2,14246.2,32930.6,0.6856
23159.8,36720.8,23276.3,36800.0,0.6855
13342.8,32022.2,13379.3,32034.9,0.6855
651.6,7281.5,691.3,7316.8,0.6855
19809.2,36188.4,19841.1,36202.4,0.6854
21481.8,18119.5,21495.0,18134.6,0.6852
10550.2,4626.9,10560.0,4650.0,0.6852
2282.5,23626.7,2301.6,23645.7,0.6851
24456.8,21740.3,24474.7,21752.1,0.6850
2044.7,27338.8,2067.8,27377.5,0.6849
2952.4,27007.2,2967.0,27026.8,0.6847
29598.9,20920.7,29616.8,20932.3,0.6846
18238.1,20340.5,18248.3,20353.9,0.6845
28415.9,19305.8,28439.9,19318.3,0.6844
36133.8,35344.1,36153.7,35354.5,0.6843
22278.7,34560.0,22397.0,34630.6,0.6841
195.5,30030.4,204.1,30063.9,0.6839
33765.8,16159.2,33778.0,16169.8,0.6836
29756.9,31365.8,29871.0,31475.0,0.6835
18119.0,26504.5,18140.3,26521.9,0.6835
13248.2,34844.0,13270.6,34855.1,0.6834
17988.6,16476.1,18015.4,16490.2,0.6834
3911.4,13760.0,3969.6,13796.4,0.6832
14747.2,18236.0,14767.6,18246.8,0.6831
20013.1,23940.6,20039.8,23956.6,0.6830
1661.2,21273.4,1688.8,21296.2,0.6830
30593.1,18492.6,30617.7,18507.8,0.6829
35303.5,33681.9,35315.7,33694.4,0.6828
14755.3,18395.4,14770.2,18407.1,0.6827
16414.5,21635.7,16432.3,21648.4,0.6826
20889.8,18928.3,20951.7,18945.2,0.6825
16467.2,9263.7,16483.5,9274.0,0.6822
31548.6,945.7,31608.4,999.6,0.6820
14517.7,31959.6,14560.2,31971.3,0.6820
16347.5,34579.2,16372.4,34592.7,0.6820
16983.7,33510.3,17007.5,33523.7,0.6819
21219.5,21364.0,21248.4,21375.9,0.6819
35691.5,12235.7,35706.8,12259.5,0.6818
13891.1,29030.4,13940.7,29045.9,0.6817
12770.5,35107.1,12825.6,35119.9,0.6817
32000.6,35792.1,32070.7,35840.0,0.6813
36949.6,25920.0,37045.2,25974.9,0.6813
18655.7,22929.0,18688.0,22944.1,0.6813
21297.6,35162.1,21332.1,35173.4,0.6813
31218.3,17867.5,31251.5,17881.1,0.6812
26779.9,17584.7,26816.7,17598.5,0.6811
19268.4,26894.7,19289.9,26907.3,0.6807
29022.7,637.5,29095.6,701.8,0.6804
19957.2,33456.0,20003.1,33466.9,0.6804
28093.1,32859.9,28158.5,32953.9,0.6802
27028.6,21053.9,27042.5,21065.0,0.6802
23508.1,18494.7,23533.3,18505.6,0.6802
29466.6,20372.2,29510.0,20385.0,0.6797
21328.9,33939.2,21343.1,33954.5,0.6797
30014.8,29493.6,30078.9,29597.0,0.6796
21920.5,20932.2,21953.5,20944.6,0.6795
28081.8,14323.4,28100.3,14334.8,0.6794
27413.8,22056.5,27482.7,22072.3,0.6792
504.2,12883.6,546.2,12896.3,0.6792
30353.2,13996.6,30367.3,14009.1,0.6791
13255.0,31184.9,13321.5,31198.8,0.6790
30584.6,35218.2,30697.7,35316.0,0.6790
33728.5,17602.4,33746.7,17612.9,0.6790
22447.8,19285.3,22475.4,19297.7,0.6789
31924.1,36244.8,31997.2,36348.3,0.6789
20047.4,14307.4,20064.2,14318.2,0.6785
18338.8,18519.2,18379.4,18541.6,0.6782
31849.4,4674.6,31921.9,4738.7,0.6781
12904.8,34063.5,12961.6,34080.3,0.6780
24660.9,18794.4,24694.8,18806.5,0.6779
25226.3,22140.4,25240.9,22153.3,0.6777
33415.8,27512.5,33530.9,27620.6,0.6776
20627.1,17807.5,20641.2,17822.2,0.6775
21229.6,34916.0,21253.9,34929.5,0.6775
22691.3,36811.5,22775.3,36864.0,0.6774
16983.4,6445.4,17034.1,6483.7,0.6774
29239.7,18408.9,29274.9,18422.2,0.6773
32453.6,29527.3,32566.1,29630.7,0.6773
26731.0,25793.5,26756.4,25809.8,0.6772
30137.1,21176.2,30164.2,21186.3,0.6771
17868.1,4336.0,17919.5,4399.3,0.6771
18524.0,20719.4,18559.6,20735.2,0.6770
25873.7,17838.1,25884.8,17852.3,0.6770
22021.9,34504.2,22079.1,34597.3,0.6769
18752.3,18185.7,18772.1,18197.7,0.6768
32904.8,25004.7,32918.3,25017.5,0.6767
21865.3,26465.9,21890.1,26479.9,0.6766
12593.6,17338.9,12644.7,17353.1,0.6764
23779.1,18082.3,23792.3,18093.7,0.6763
15874.5,6649.4,15922.6,6683.5,0.6762
13481.2,35890.2,13505.1,35902.3,0.6762
26167.8,36161.8,26236.6,36251.3,0.6760
13391.9,33739.2,13413.1,33754.0,0.6759
26230.9,20393.0,26246.7,20409.7,0.6759
21490.2,17603.5,21503.5,17614.7,0.6756
150.5,29963.1,161.4,29996.7,0.6755
24679.0,6712.6,24717.2,6759.2,0.6755
15031.5,29796.9,15089.3,29808.2,0.6752
13362.0,34059.7,13420.6,34072.2,0.6750
5938.4,2241.3,5965.0,2262.3,0.6747
31938.7,34185.2,32053.0,34240.0,0.6745
23023.4,28702.9,23041.3,28715.3,0.6745
20720.4,27602.8,20739.2,27613.6,0.6744
20532.4,23840.3,20566.6,23853.8,0.6744
16292.6,35059.5,16316.2,35074.2,0.6743
19213.3,21215.4,19232.6,21237.3,0.6742
3046.4,12081.5,3084.0,12105.5,0.6741
32394.8,16221.8,32410.7,16234.5,0.6740
33268.5,27085.1,33280.0,27110.6,0.6739
15985.4,35084.2,15999.3,35096.0,0.6738
4408.2,11795.0,4469.0,11847.5,0.6735
33479.5,33495.3,33590.2,33601.1,0.6734
29154.8,18019.0,29179.4,18032.0,0.6732
27609.4,33600.0,27711.4,33659.1,0.6732
20938.1,18242.0,20951.1,18259.9,0.6729
16897.4,32226.2,16923.5,32238.5,0.6729
14285.0,34193.8,14318.3,34205.6,0.6726
14672.5,31152.5,14739.4,31171.2,0.6726
19320.1,36160.7,19415.9,36258.2,0.6725
12881.2,29516.1,12900.5,29529.8,0.6725
25695.6,18349.8,25712.9,18367.1,0.6724
24721.3,21424.6,24746.7,21435.7,0.6722
16557.1,16688.5,16570.0,16702.4,0.6722
28050.3,36155.5,28167.1,36255.0,0.6721
27095.9,31687.2,27202.2,31796.7,0.6720
15354.7,33408.7,15379.8,33421.1,0.6717
12802.1,35236.1,12839.3,35250.1,0.6716
14793.5,29049.5,14855.0,29079.7,0.6715
14539.3,34523.7,14568.7,34535.3,0.6714
18751.0,19239.6,18773.0,19259.8,0.6709
29135.5,17448.7,29156.4,17459.2,0.6709
17492.8,28343.3,17503.8,28354.4,0.6708
37649.9,32835.0,37668.5,32845.8,0.6708
17381.5,18050.1,17394.0,18061.5,0.6707
21821.6,25939.3,21846.1,25951.6,0.6707
17280.3,5760.7,17337.7,5809.8,0.6707
36567.0,27171.4,36679.0,27269.2,0.6706
3918.2,29703.7,3929.4,29728.8,0.6706
21659.0,25236.3,21712.0,25263.4,0.6705
27983.1,35785.2,28084.0,35840.0,0.6704
19859.2,30672.0,19886.4,30688.0,0.6703
13838.2,26320.8,13877.6,26331.3,0.6703
27111.1,21266.3,27125.1,21280.0,0.6703
14956.1,33452.6,14977.0,33465.5,0.6700
21711.6,25180.7,21734.8,25193.3,0.6700
30342.5,33312.0,30462.5,33429.5,0.6697
27353.2,20877.1,27391.2,20890.0,0.6697
18249.3,33690.8,18284.1,33702.9,0.6697
22051.0,21283.6,22074.4,21295.1,0.6697
25356.1,21437.9,25370.7,21451.9,0.6697
36027.2,15752.0,36051.2,15767.5,0.6694
14662.5,25700.0,14688.2,25712.7,0.6694
32948.0,7174.4,32959.9,7210.4,0.6694
19626.5,4393.8,19685.5,4442.2,0.6692
29223.3,30968.8,29335.0,31037.3,0.6692
5465.4,2318.4,5508.4,2357.6,0.6689
30477.6,31861.0,30593.5,31971.3,0.6689
30204.9,23737.7,30251.7,23750.3,0.6685
32619.4,32906.7,32639.9,32959.8,0.6684
25784.7,21819.7,25803.7,21831.4,0.6682
22721.5,36407.6,22741.1,36450.4,0.6681
7994.7,14954.6,8093.6,15039.0,0.6680
22414.9,14739.6,22428.5,14765.3,0.6677
15985.2,1375.8,15999.6,1389.9,0.6675
16327.7,35012.9,16353.7,35027.5,0.6675
12357.3,33852.0,12395.6,33862.4,0.6674
15903.2,16490.3,15925.7,16505.7,0.6673
25811.4,8353.2,25836.0,8385.7,0.6673
28664.9,17408.9,28688.1,17423.5,0.6672
16100.0,34213.1,16121.0,34226.2,0.6672
31757.3,28728.8,31885.3,28799.8,0.6672
21138.9,17260.5,21159.3,17275.6,0.6672
20555.0,19060.7,20577.1,19084.1,0.6671
14342.7,18132.1,14369.8,18142.3,0.6670
30290.3,113.9,30342.4,158.1,0.6668
35238.0,30583.7,35252.2,30593.3,0.6667
13602.8,34179.9,13622.8,34193.8,0.6665
28349.7,35928.2,28470.9,36030.3,0.6664
24506.6,19124.2,24521.9,19135.2,0.6664
36441.0,27636.0,36564.1,27729.4,0.6664
16188.5,35948.2,16225.2,35961.4,0.6663
19168.0,5941.4,19233.8,6036.2,0.6663
14329.3,27107.1,14349.4,27118.5,0.6662
15067.2,19763.7,15106.1,19774.4,0.6660
34719.7,33840.2,34734.5,33854.2,0.6660
21272.0,26839.6,21321.4,26868.2,0.6659
35559.7,33926.4,35678.8,34035.4,0.6654
36622.4,13511.0,36633.0,13522.1,0.6654
30360.0,19074.5,30395.6,19085.8,0.6652
21097.1,29693.4,21127.9,29710.9,0.6650
22048.3,17899.7,22079.4,17911.8,0.6649
13194.9,36497.2,13237.7,36513.8,0.6648
14591.0,23491.6,14608.3,23504.5,0.6648
23089.9,26389.0,23119.7,26417.7,0.6647
28.1,29761.8,37.3,29796.1,0.6647
34618.5,8506.1,34667.0,8540.7,0.6646
38613.6,33825.9,38625.3,33838.5,0.6646
27697.2,22584.7,27709.4,22594.0,0.6644
23499.3,19407.6,23514.2,19422.1,0.6644
31530.7,33061.5,31648.2,33168.5,0.6643
21148.7,27730.6,21178.1,27742.0,0.6643
13390.7,34709.8,13449.6,34722.2,0.6642
32146.7,16258.3,32160.8,16270.2,0.6641
14726.9,23537.9,14738.6,23548.2,0.6639
30584.3,36280.9,30696.1,36387.8,0.6639
35142.1,22720.8,35263.1,22792.0,0.6639
30747.2,25087.0,30764.0,25103.5,0.6637
14715.1,6208.8,14739.7,6233.0,0.6636
23249.5,13709.3,23261.7,13731.8,0.6634
30424.8,33900.4,30482.4,33920.0,0.6632
13913.5,28234.5,13962.7,28246.6,0.6629
14107.3,4517.4,14172.7,4582.2,0.6627
17280.8,3363.4,17317.5,3405.7,0.6626
13828.5,26020.1,13845.0,26032.5,0.6618
16486.9,17062.6,16507.4,17072.9,0.6617
19579.1,22233.9,19604.3,22252.5,0.6616
2244.9,25709.8,2268.1,25735.8,0.6616
18050.5,26783.8,18086.3,26798.6,0.6616
16561.1,33243.8,16610.7,33256.8,0.6614
3269.7,26986.8,3284.3,27023.3,0.6614
30948.3,25103.0,30978.1,25118.3,0.6613
12866.8,30502.6,12891.1,30517.2,0.6612
15565.1,28668.5,15609.4,28679.6,0.6612
4379.7,3462.6,4419.9,3485.8,0.6612
14386.5,26573.3,14438.9,26592.7,0.6611
17194.2,21819.7,17222.5,21833.8,0.6610
24626.0,22793.5,24645.6,22807.3,0.6609
29872.2,31208.5,29974.7,31318.0,0.6609
13900.5,9438.3,13947.7,9468.4,0.6608
31730.5,36008.3,31846.8,36125.3,0.6608
26990.3,20584.0,27002.2,20598.2,0.6608
32524.0,8844.2,32551.6,8857.9,0.6605
37801.2,18809.2,37920.5,18880.0,0.6604
24886.7,17350.8,24903.8,17365.8,0.6603
31003.8,17039.9,31026.4,17054.9,0.6603
17061.4,36528.0,17090.1,36543.1,0.6601
27733.4,19255.0,27744.2,19264.0,0.6597
32003.1,33864.2,32124.3,33920.0,0.6597
23307.0,32543.9,23323.3,32557.2,0.6595
30337.1,31887.3,30348.9,31898.1,0.6591
19035.1,35475.2,19084.8,35487.8,0.6591
31938.1,26240.0,31998.7,26306.8,0.6589
16123.0,33755.6,16164.7,33767.8,0.6589
13199.2,32492.9,13249.3,32505.9,0.6589
11147.6,8106.5,11206.6,8171.1,0.6586
22808.5,26449.4,22821.9,26467.1,0.6586
21869.5,18174.6,21905.0,18185.1,0.6586
37263.5,15196.5,37281.4,15210.5,0.6584
23221.0,17972.9,23236.6,17984.0,0.6583
26901.6,34034.3,27010.7,34147.0,0.6583
17078.8,17171.7,17091.5,17182.8,0.6580
30904.6,33987.8,31013.3,34097.5,0.6580
33447.3,18817.3,33458.7,18827.4,0.6580
3883.2,30991.1,3892.0,31019.2,0.6579
36374.3,26731.0,36489.3,26841.6,0.6577
12767.9,3911.8,12817.8,3941.0,0.6574
1306.5,34194.6,1318.4,34209.1,0.6573
19795.4,31873.0,19828.3,31886.5,0.6570
33653.0,31040.0,33720.7,31115.3,0.6568
30696.9,7054.5,30719.2,7084.4,0.6568
10010.3,14331.6,10055.8,14386.5,0.6566
19419.4,9621.7,19461.6,9645.7,0.6564
24454.6,25718.1,24480.0,25731.9,0.6564
16339.8,9259.5,16358.1,9271.4,0.6563
17305.7,24542.9,17328.7,24556.1,0.6562
24594.8,27308.5,24613.4,27321.5,0.6561
19129.8,22513.7,19144.6,22526.6,0.6561
14200.8,18482.1,14217.5,18492.8,0.6560
31174.4,28800.0,31237.9,28830.6,0.6560
16376.6,22792.6,16399.9,22806.3,0.6560
3908.4,32618.7,3924.1,32639.0,0.6559
23360.5,36585.8,23469.1,36693.2,0.6559
21477.4,27614.4,21490.0,27626.1,0.6559
15425.0,24876.4,15439.9,24889.1,0.6554
25593.6,35631.0,25720.3,35740.3,0.6554
33152.6,27520.0,33186.4,27531.7,0.6554
13587.4,20676.0,13633.4,20688.2,0.6552
20718.9,27241.4,20733.3,27255.7,0.6551
20964.4,20399.8,20989.8,20413.6,0.6550
15535.4,20285.5,15551.9,20297.2,0.6549
16065.0,35140.0,16080.5,35151.7,0.6548
1363.8,11987.8,1378.1,12015.6,0.6548
32757.5,4617.3,32781.8,4634.6,0.6547
28144.3,32605.7,28158.3,32618.1,0.6546
20952.1,20334.8,20978.4,20348.9,0.6545
20114.4,21869.8,20127.5,21881.8,0.6544
35131.8,19080.1,35145.0,19090.0,0.6543
27024.3,19121.6,27037.3,19130.6,0.6542
24683.7,15654.1,24701.5,15666.2,0.6542
33460.7,26126.6,33471.5,26137.3,0.6541
29948.2,17470.1,29967.4,17480.8,0.6538
25031.3,18059.6,25049.2,18070.8,0.6536
14928.8,3179.6,14973.5,3233.3,0.6536
13608.5,19001.7,13644.2,19012.7,0.6536
81.6,21043.5,125.2,21086.6,0.6535
32705.6,23927.5,32822.8,24041.0,0.6535
18733.7,35231.0,18746.9,35242.5,0.6535
16104.7,26761.9,16131.6,26773.4,0.6535
27071.1,15301.1,27081.8,15313.2,0.6534
30931.0,18140.0,30964.0,18159.4,0.6533
29955.7,15502.8,29994.0,15519.8,0.6533
31041.7,30318.3,31120.2,30398.3,0.6531
30340.8,33318.8,30399.3,33431.7,0.6531
36099.0,22522.4,36158.8,22615.4,0.6530
15113.4,26521.7,15189.4,26549.6,0.6529
32224.2,34814.4,32244.1,34830.4,0.6528
4308.0,2886.9,4341.0,2968.3,0.6528
24834.0,36160.0,24908.0,36198.0,0.6527
23724.5,23960.0,23767.2,23991.3,0.6525
35190.6,20357.6,35302.9,20463.7,0.6525
15783.2,30775.9,15798.4,30786.8,0.6523
15774.3,35495.7,15800.6,35510.3,0.6522
18689.4,25993.5,18721.5,26009.1,0.6521
21070.4,15218.8,21085.5,15230.1,0.6520
268.1,29760.0,276.9,29788.6,0.6520
23337.8,18386.3,23362.5,18396.1,0.6520
28058.2,31382.2,28160.0,31497.9,0.6518
16209.4,7012.7,16247.8,7038.1,0.6518
37276.1,1676.5,37308.2,1702.9,0.6517
31581.8,16028.4,31607.8,16040.8,0.6517
32550.1,35647.7,32566.9,35662.2,0.6516
25791.4,22450.2,25813.9,22461.5,0.6515
34982.8,16141.0,34994.6,16153.8,0.6513
18434.4,33844.2,18471.2,33875.8,0.6513
15628.2,27084.4,15676.1,27097.8,0.6511
13005.8,31829.3,13038.3,31841.9,0.6510
16974.1,17661.1,16985.8,17675.4,0.6510
29534.4,31040.0,29632.8,31110.3,0.6509
12384.0,32542.8,12400.9,32554.3,0.6508
15889.4,35344.2,15933.8,35357.8,0.6506
23588.6,24529.0,23630.9,24540.5,0.6505
31296.5,16131.1,31313.2,16142.3,0.6505
13297.7,29210.7,13335.5,29222.0,0.6503
18109.7,35036.6,18160.8,35052.6,0.6503
12540.6,1579.1,12590.7,1638.6,0.6502
27921.2,29907.9,27937.5,29918.2,0.6501
34231.8,18878.2,34253.8,18891.6,0.6500
14708.3,17554.1,14724.3,17566.0,0.6496
28066.5,21969.0,28097.1,21978.5,0.6496
38561.2,14443.2,38574.5,14461.9,0.6496
20057.0,19778.0,20092.0,19798.9,0.6495
34322.6,8643.2,34373.9,8679.0,0.6494
15561.2,23977.6,15607.7,23991.3,0.6493
13602.8,24050.9,13619.4,24062.2,0.6492
31539.6,23310.5,31590.1,23322.3,0.6491
18204.4,5215.6,18269.0,5254.9,0.6489
37295.5,14280.6,37320.5,14297.0,0.6489
26527.1,18138.1,26537.3,18146.2,0.6489
25122.6,19852.5,25153.0,19867.7,0.6488
30986.0,36744.6,31038.3,36800.0,0.6488
23344.1,34587.4,23359.4,34626.3,0.6488
18203.2,5218.5,18240.0,5257.8,0.6486
31760.9,31361.2,31874.6,31442.2,0.6486
17421.6,15232.3,17433.4,15246.9,0.6483
12792.2,31260.1,12841.7,31271.6,0.6482
13916.7,34591.3,13980.5,34608.6,0.6482
24488.7,34222.5,24533.2,34240.0,0.6481
35797.4,34831.6,35808.7,34841.2,0.6481
34761.9,24640.3,34877.0,24692.5,0.6480
21503.9,15471.6,21527.3,15486.3,0.6478
26167.7,36137.4,26287.8,36250.4,0.6477
23310.9,21939.7,23353.8,21950.2,0.6477
28625.1,20834.3,28642.2,20845.8,0.6477
12755.7,9171.2,12797.7,9195.8,0.6477
18089.6,7200.5,18123.9,7223.1,0.6475
28315.7,21967.4,28350.6,21980.2,0.6474
29151.6,30649.5,29256.8,30764.7,0.6471
23553.3,35947.4,23567.5,35958.7,0.6471
28343.1,34122.5,28454.8,34241.4,0.6471
28.3,29829.9,41.3,29862.5,0.6470
37961.3,22560.0,38084.3,22670.1,0.6469
29109.8,34492.4,29125.6,34511.3,0.6468
16696.4,4217.9,16764.8,4247.9,0.6468
15819.0,30833.5,15841.0,30847.4,0.6468
30700.3,7113.8,30771.9,7164.4,0.6467
27097.4,22695.1,27148.1,22706.4,0.6467
23466.2,36808.4,23573.8,36864.0,0.6466
27244.2,26384.6,27265.0,26395.2,0.6464
20916.8,26300.5,20941.3,26315.9,0.6463
30699.5,7176.5,30760.3,7220.3,0.6463
36281.0,18102.7,36294.5,18113.1,0.6462
26944.9,26025.9,26961.9,26038.6,0.6460
19610.0,35298.3,19633.1,35313.4,0.6459
30017.4,35788.7,30112.3,35840.0,0.6459
32057.6,36160.0,32174.1,36225.4,0.6458
32594.8,36743.6,32690.4,36800.0,0.6456
16867.2,17934.2,16884.3,17946.6,0.6456
14416.3,34436.3,14452.5,34449.2,0.6456
29838.6,15281.8,29888.2,15296.0,0.6455
16228.0,31265.7,16254.6,31276.6,0.6455
27267.6,3489.1,27295.1,3522.4,0.6454
14317.5,36500.0,14372.1,36511.6,0.6454
20199.9,35312.8,20224.9,35325.2,0.6453
5742.8,25173.4,5760.0,25192.6,0.6453
32913.4,35598.1,32928.1,35610.6,0.6451
14318.9,34721.4,14336.3,34736.9,0.6451
24055.6,423.5,24114.1,482.1,0.6450
26759.8,17822.9,26771.0,17833.6,0.6448
13043.4,30800.8,13065.5,30811.2,0.6448
34667.7,27393.6,34685.1,27407.0,0.6444
26754.8,26317.7,26782.8,26329.8,0.6443
34854.8,30720.0,34945.9,30776.8,0.6442
13273.1,371.6,13316.2,395.3,0.6442
20462.4,27881.6,20475.4,27894.5,0.6440
36289.8,14720.0,36300.6,14734.9,0.6438
20984.7,26639.6,21016.6,26685.7,0.6438
25007.4,22343.1,25018.8,22355.3,0.6437
19748.7,18784.5,19785.8,18794.6,0.6437
27324.8,36815.7,27340.4,36827.4,0.6437
10977.2,6656.1,11014.0,6708.0,0.6432
12562.5,28412.0,12601.6,28423.5,0.6431
24516.7,23231.9,24528.1,23243.3,0.6431
35235.6,7972.7,35285.5,8000.0,0.6430
20111.9,20450.3,20124.4,20462.5,0.6430
24121.2,24809.4,24153.2,24823.9,0.6430
13906.8,18448.8,13927.4,18461.7,0.6429
23865.0,18493.0,23915.4,18509.8,0.6429
360.3,380.8,372.3,412.3,0.6422
30434.9,18509.5,30450.4,18521.2,0.6421
13010.7,29504.2,13037.6,29517.0,0.6421
30820.8,16186.1,30838.2,16206.5,0.6421
23391.6,18022.4,23409.0,18033.9,0.6420
18999.5,18410.4,19013.8,18421.8,0.6419
30970.4,26969.8,31087.1,27084.8,0.6419
26127.1,19269.1,26145.8,19283.1,0.6418
32918.6,16235.8,32954.9,16246.2,0.6417
16668.1,9483.1,16723.6,9515.8,0.6412
34744.8,30789.4,34862.7,30898.0,0.6411
31615.5,31360.0,31678.2,31422.3,0.6410
28482.5,20395.7,28525.5,20407.7,0.6410
32501.8,31992.4,32615.3,32106.5,0.6409
22606.1,19296.2,22638.1,19306.9,0.6409
26296.4,19129.4,26309.7,19147.9,0.6409
18579.6,22096.2,18608.4,22112.1,0.6407
23454.4,18428.2,23467.1,18447.3,0.6407
25723.8,21392.8,25742.8,21407.9,0.6407
24660.6,22674.9,24700.7,22686.6,0.6406
15807.2,17299.5,15822.5,17310.7,0.6405
13677.9,27712.4,13696.6,27724.7,0.6405
18203.2,6763.8,18240.0,6831.5,0.6405
26552.4,36160.4,26634.6,36212.4,0.6405
31525.8,33373.3,31638.5,33469.3,0.6404
21978.8,18398.5,22020.7,18411.8,0.6404
20702.3,22834.3,20738.5,22846.8,0.6404
24243.8,27682.7,24297.2,27694.1,0.6403
33365.0,33603.0,33478.3,33704.3,0.6401
28524.2,34880.0,28566.7,34902.8,0.6400
13588.3,4632.8,13612.6,4678.6,0.6400
29578.1,34280.9,29700.2,34394.2,0.6400
17078.9,16988.2,17095.4,16999.2,0.6399
31400.6,33178.4,31520.1,33289.0,0.6398
12969.6,29778.2,13023.4,29807.3,0.6397
27784.7,35494.8,27841.7,35520.0,0.6397
18087.2,28740.9,18148.6,28780.1,0.6396
32011.5,22935.1,32037.0,22947.1,0.6390
37388.4,24180.2,37439.8,24248.1,0.6390
13080.9,36315.9,13117.4,36328.7,0.6390
14867.8,32411.9,14932.2,32431.2,0.6389
20376.1,18406.4,20402.0,18416.0,0.6389
38319.7,405.9,38348.9,443.7,0.6387
20836.6,26184.3,20850.8,26198.3,0.6387
25022.4,17360.7,25039.4,17373.8,0.6387
24380.4,23170.4,24421.0,23180.7,0.6386
23160.5,26130.0,23175.0,26142.1,0.6386
31161.5,28730.1,31279.3,28800.0,0.6385
20467.6,31756.2,20510.0,31769.8,0.6384
28183.9,32960.0,28220.5,32978.2,0.6383
28141.8,2183.0,28168.9,2201.4,0.6381
12519.0,31540.5,12545.0,31551.6,0.6380
20585.1,20511.3,20607.4,20524.5,0.6379
18962.1,33855.7,18992.5,33874.0,0.6378
787.2,12708.7,869.7,12740.2,0.6377
22823.2,18906.6,22839.0,18918.1,0.6375
12322.6,34592.7,12338.8,34606.4,0.6373
22339.0,21501.5,22370.5,21513.2,0.6373
28774.1,36116.0,28799.1,36171.0,0.6372
36424.0,2408.1,36479.2,2473.5,0.6371
23494.5,27411.1,23524.7,27422.3,0.6370
20831.7,25844.7,20847.9,25856.9,0.6367
20344.7,24881.7,20401.3,24910.7,0.6367
15874.7,32857.7,15936.3,32871.9,0.6367
24578.4,34424.8,24639.1,34514.6,0.6366
38255.2,32321.6,38273.6,32330.8,0.6364
28966.2,21491.5,28992.7,21501.1,0.6364
36597.9,18557.1,36608.6,18571.3,0.6363
19785.9,33232.9,19830.8,33247.7,0.6361
29279.4,21134.4,29296.2,21145.5,0.6360
13295.4,31725.0,13333.8,31737.7,0.6360
16344.2,22333.9,16371.8,22354.8,0.6359
27399.2,17712.4,27424.7,17727.0,0.6359
17799.1,22616.0,17815.3,22629.6,0.6358
14382.2,31296.0,14433.4,31309.0,0.6358
16666.3,36075.9,16704.7,36088.5,0.6356
13765.2,35853.6,13829.4,35869.0,0.6355
14840.6,27150.0,14864.6,27162.9,0.6354
12670.4,2271.7,12701.4,2302.2,0.6353
14706.7,36606.2,14772.5,36622.4,0.6352
36392.4,33343.6,36422.5,33352.6,0.6352
15642.8,28742.4,15666.4,28754.3,0.6351
13010.4,30331.3,13056.9,30343.9,0.6351
14338.3,23514.8,14363.0,23525.9,0.6350
34294.2,18780.3,34305.9,18790.7,0.6350
24851.1,26200.1,24881.9,26210.4,0.6350
28594.7,34373.7,28704.9,34488.9,0.6347
27489.5,21070.2,27516.8,21084.3,0.6345
22827.4,18482.0,22840.1,18494.8,0.6345
21945.6,27938.1,21958.2,27951.2,0.6344
19921.5,28657.1,19940.9,28669.5,0.6342
34853.8,8266.7,34904.1,8307.8,0.6342
4059.5,28551.7,4081.2,28604.9,0.6342
12457.6,19160.1,12468.2,19171.8,0.6342
21230.4,30883.9,21265.8,30897.2,0.6341
2133.5,21059.4,2157.2,21087.4,0.6341
24563.1,18513.7,24572.4,18526.2,0.6340
12738.6,32625.7,12798.1,32656.7,0.6338
25206.5,34419.9,25276.8,34534.6,0.6338
435.9,25745.7,446.4,25766.1,0.6336
20562.6,24755.6,20581.6,24779.3,0.6335
19707.6,22443.8,19728.3,22455.3,0.6333
30782.1,24380.4,30796.2,24396.1,0.6332
18441.3,26050.8,18452.5,26062.6,0.6329
22704.4,21547.4,22719.0,21563.3,0.6326
24832.3,25314.7,24882.1,25327.3,0.6325
26433.8,19817.1,26450.2,19828.5,0.6323
36036.9,30193.8,36050.1,30204.4,0.6322
11122.0,12817.6,11198.7,12897.3,0.6322
33113.1,7337.4,33171.8,7360.0,0.6321
26009.5,33601.2,26115.4,33694.1,0.6321
26734.1,17643.1,26754.5,17664.6,0.6320
21605.5,34174.4,21699.8,34240.0,0.6318
3558.2,30739.9,3567.7,30773.3,0.6318
20531.6,20305.6,20553.9,20318.6,0.6318
13341.5,24394.9,13358.0,24405.2,0.6317
29417.3,28760.1,29533.0,28875.3,0.6317
36563.0,8233.2,36618.7,8269.6,0.6317
18829.6,3281.5,18878.9,3322.8,0.6317
12509.3,31124.3,12526.0,31135.6,0.6316
37793.7,29106.9,37807.8,29120.3,0.6316
36953.2,32150.2,36969.6,32165.6,0.6314
2333.2,23413.3,2359.0,23447.5,0.6312
32640.2,32960.0,32684.9,32981.3,0.6312
17121.1,16847.3,17137.7,16859.0,0.6311
16716.3,24972.1,16741.4,24987.7,0.6311
23564.5,17083.8,23602.9,17095.9,0.6310
34740.2,6180.6,34770.6,6221.0,0.6309
36720.3,34146.5,36735.7,34158.1,0.6309
26720.5,18847.5,26757.4,18865.4,0.6309
37725.6,31508.2,37743.6,31520.8,0.6309
28014.8,22776.5,28037.9,22788.1,0.6308
28319.3,5227.2,28368.9,5252.7,0.6307
32640.0,6080.0,32664.7,6119.0,0.6304
17207.8,31971.5,17253.6,31984.8,0.6304
24303.0,35282.2,24319.8,35321.3,0.6303
23705.1,15314.6,23717.8,15326.2,0.6302
13486.3,34124.7,13506.1,34138.5,0.6302
30263.5,32960.9,30374.8,33061.2,0.6301
25432.5,31326.1,25487.9,31370.0,0.6301
26820.8,32736.9,26925.7,32844.9,0.6300
20933.1,23131.6,20968.5,23143.0,0.6299
13102.0,27336.8,13158.3,27352.0,0.6299
14449.5,33704.3,14489.2,33717.4,0.6299
13943.7,25624.5,13956.9,25635.0,0.6299
33173.3,27063.0,33188.5,27072.4,0.6297
15135.4,29908.6,15170.6,29924.4,0.6295
26100.4,34458.9,26118.4,34468.8,0.6295
17872.4,23547.9,17894.2,23560.9,0.6293
37326.2,34503.4,37336.6,34513.5,0.6293
28021.8,16180.5,28036.1,16193.6,0.6292
33913.6,30080.0,33955.8,30102.2,0.6292
30555.7,23615.8,30588.9,23632.2,0.6290
26762.7,19859.0,26785.6,19883.3,0.6290
33271.6,27033.1,33391.5,27140.5,0.6290
13946.2,6257.6,13975.7,6297.3,0.6287
25707.6,35840.0,25784.0,35878.1,0.6285
25502.8,19624.3,25515.0,19639.0,0.6282
16209.0,34423.2,16262.7,34435.2,0.6279
37320.0,12788.4,37331.8,12799.2,0.6278
13786.5,30435.4,13828.4,30445.8,0.6276
14124.3,33450.7,14181.7,33464.5,0.6275
13579.9,9233.1,13620.1,9259.0,0.6275
35291.9,20452.4,35350.4,20480.0,0.6273
35412.6,16968.7,35433.1,16978.4,0.6273
15839.5,33826.7,15875.9,33837.8,0.6268
13692.2,26247.0,13712.8,26258.6,0.6268
14914.9,32883.7,14950.4,32895.7,0.6268
20834.1,22205.3,20849.2,22217.5,0.6268
21099.8,22010.2,21140.4,22021.7,0.6268
26111.8,1060.4,26157.2,1103.2,0.6267
32344.6,29639.7,32456.0,29745.4,0.6267
25735.1,14133.5,25744.4,14145.8,0.6266
17387.2,36075.3,17404.3,36090.1,0.6264
27209.5,30400.4,27302.6,30451.7,0.6261
35386.0,8243.5,35422.1,8267.8,0.6261
13890.6,29703.6,13936.7,29715.0,0.6258
33984.6,29760.0,34020.8,29773.5,0.6257
16731.4,31923.8,16783.3,31946.5,0.6256
22240.4,32345.9,22258.1,32358.3,0.6254
34562.5,30531.1,34674.7,30637.4,0.6253
18075.0,27375.2,18105.3,27389.3,0.6252
22204.1,16221.6,22226.2,16233.0,0.6252
15733.8,35308.3,15751.9,35321.0,0.6250
17242.9,34532.5,17297.6,34561.8,0.6248
17071.9,12354.7,17088.8,12366.7,0.6246
19042.5,17792.5,19059.7,17805.9,0.6246
22380.4,18828.9,22403.4,18840.9,0.6243
36832.0,15183.5,36847.7,15197.9,0.6243
17975.9,35404.7,18000.8,35421.8,0.6241
33019.3,28449.8,33086.4,28480.0,0.6239
15154.2,28423.3,15174.7,28437.6,0.6239
2724.4,20431.6,2760.5,20454.0,0.6238
29148.7,33478.6,29256.9,33589.8,0.6233
14923.7,21735.1,14938.2,21746.4,0.6231
26298.8,31360.4,26390.2,31411.5,0.6229
35338.2,31615.7,35461.6,31679.9,0.6226
19032.2,25423.6,19056.6,25435.8,0.6224
24094.0,24002.0,24121.2,24014.3,0.6223
24788.7,21534.3,24805.8,21544.6,0.6222
31175.1,19723.9,31201.1,19735.1,0.6220
31935.2,34200.9,31998.8,34290.3,0.6218
33321.9,33280.8,33438.4,33381.5,0.6218
14400.0,1601.6,14455.7,1678.5,0.6216
24072.4,36218.5,24182.9,36333.9,0.6215
12828.8,27073.6,12848.7,27086.4,0.6214
21584.5,20514.4,21615.7,20524.4,0.6212
19228.8,21939.6,19246.5,21952.7,0.6211
18070.6,23276.2,18095.7,23292.5,0.6211
20609.1,17228.4,20624.3,17244.4,0.6210
21789.0,18323.5,21818.6,18333.4,0.6209
2158.1,21019.9,2182.8,21043.0,0.6209
4091.1,20242.9,4155.1,20278.6,0.6209
12914.9,36097.6,12958.7,36110.7,0.6207
23040.7,32320.0,23097.2,32364.6,0.6205
19697.8,29345.6,19722.2,29359.4,0.6205
21248.6,24959.4,21263.9,24970.9,0.6203
12524.3,20785.4,12563.1,20799.4,0.6203
5173.4,2016.1,5206.9,2038.6,0.6202
30229.4,24305.6,30280.5,24318.4,0.6202
16103.6,22912.7,16115.6,22921.5,0.6202
15805.1,32554.2,15830.1,32567.2,0.6201
38301.6,1249.1,38337.0,1266.1,0.6200
25713.0,21337.0,25729.7,21351.0,0.6199
7176.6,30021.9,7238.6,30082.9,0.6198
23347.4,27088.2,23386.1,27102.0,0.6196
15387.1,35726.3,15444.9,35739.6,0.6195
33600.7,29657.9,33669.6,29743.4,0.6194
18222.4,28413.6,18263.1,28431.1,0.6194
30163.5,16065.2,30178.7,16074.6,0.6193
15477.1,25124.3,15495.8,25135.4,0.6192
35619.5,8189.1,35661.9,8204.4,0.6190
27652.3,30689.4,27762.0,30803.3,0.6190
30967.5,25146.6,30983.7,25158.1,0.6190
14655.3,19811.4,14673.2,19824.6,0.6189
5075.0,234.8,5091.7,264.1,0.6187
20220.0,27614.4,20252.8,27628.3,0.6187
32300.9,32207.4,32413.3,32307.3,0.6182
23889.9,18496.0,23913.5,18507.4,0.6182
25371.6,27498.1,25443.9,27516.9,0.6181
15387.5,25124.0,15421.9,25135.5,0.6180
18849.2,18156.8,18860.7,18173.3,0.6179
25021.4,20789.9,25038.6,20802.2,0.6178
19987.2,29225.4,20006.6,29238.3,0.6178
25023.8,23627.8,25040.8,23639.7,0.6177
28489.6,36224.0,28541.4,36246.4,0.6177
18008.9,34718.9,18031.7,34732.2,0.6176
5227.4,17344.8,5259.7,17400.0,0.6174
29259.5,36528.5,29367.6,36640.6,0.6173
23965.1,34755.7,23999.4,34775.6,0.6172
37857.5,17640.3,37961.2,17659.0,0.6172
4737.0,9361.6,4772.7,9401.2,0.6172
6900.2,2804.2,6911.9,2851.7,0.6171
23990.5,17043.7,24011.8,17054.8,0.6170
10508.3,4000.9,10559.7,4068.4,0.6170
31839.4,30115.9,31851.3,30126.7,0.6169
27575.2,19359.4,27598.9,19373.2,0.6168
12689.9,36690.3,12754.7,36703.7,0.6164
31755.1,19993.3,31787.0,20006.0,0.6163
31068.8,36618.3,31175.0,36729.8,0.6161
25172.0,20349.3,25189.3,20360.6,0.6160
34966.3,27844.0,35080.5,27935.0,0.6158
10880.0,640.3,10980.2,741.3,0.6158
4235.0,23661.0,4248.0,23680.0,0.6157
30267.4,21839.8,30295.5,21858.7,0.6157
37872.1,17951.0,37881.6,17961.8,0.6157
22110.3,16582.9,22126.8,16597.9,0.6156
35111.9,27712.6,35222.9,27820.4,0.6156
24889.0,30500.0,24906.3,30512.9,0.6156
32536.1,23904.9,32657.7,24002.9,0.6155
26749.5,20363.2,26766.9,20373.5,0.6154
29420.4,31144.0,29530.8,31258.4,0.6153
35129.1,18956.2,35141.0,18968.1,0.6151
26167.2,35800.9,26285.2,35916.7,0.6150
22286.7,21356.3,22303.9,21371.4,0.6150
16705.2,18646.6,16721.3,18672.2,0.6145
30527.9,17984.3,30566.4,17999.7,0.6145
17377.9,24292.2,17412.9,24303.6,0.6144
31461.1,15663.4,31476.4,15681.2,0.6141
26487.8,28329.0,26554.4,28341.0,0.6140
22984.0,17738.6,22994.7,17747.1,0.6139
32267.9,36471.6,32319.3,36563.3,0.6139
21441.9,36602.5,21456.7,36635.0,0.6138
26666.3,17425.1,26694.7,17439.5,0.6136
18704.3,26592.8,18736.0,26609.5,0.6136
24234.8,20416.3,24253.2,20426.0,0.6136
14101.0,4649.3,14194.6,4727.0,0.6135
20249.2,18026.9,20261.8,18039.4,0.6134
14158.3,9465.8,14201.8,9491.9,0.6133
13961.8,18223.1,13975.4,18235.9,0.6133
25793.6,18897.2,25815.1,18909.8,0.6133
37690.6,20520.9,37757.7,20587.6,0.6132
21897.7,32899.6,21918.4,32913.0,0.6132
18545.7,33850.6,18626.5,33890.4,0.6131
22312.1,33738.0,22438.7,33841.0,0.6129
28575.9,19971.7,28598.9,19982.3,0.6128
15458.3,24083.4,15480.2,24094.1,0.6128
20642.6,21905.4,20669.8,21922.0,0.6126
36417.0,33890.3,36436.4,33902.8,0.6124
26487.0,17956.4,26516.4,17970.0,0.6124
24742.7,17345.5,24757.4,17357.5,0.6123
38452.0,20626.7,38564.3,20737.1,0.6123
214.3,24181.6,225.2,24204.6,0.6122
22939.2,21296.9,22951.8,21311.3,0.6122
28257.7,19697.8,28283.5,19710.5,0.6119
31486.1,18466.3,31502.9,18478.7,0.6118
38016.0,485.9,38072.7,587.3,0.6118
36607.3,33139.3,36624.8,33147.8,0.6117
21203.0,33743.3,21219.2,33759.6,0.6117
14267.1,1653.4,14332.5,1723.2,0.6116
320.5,8571.7,372.2,8610.8,0.6115
31624.3,31040.0,31715.3,31105.6,0.6114
37673.0,4125.0,37712.8,4148.2,0.6113
23415.9,24452.5,23454.2,24463.6,0.6111
15526.4,29819.6,15554.5,29831.2,0.6111
29842.3,23007.6,29891.5,23017.7,0.6109
15521.3,36505.5,15554.4,36518.3,0.6108
29849.0,35591.0,29959.1,35700.1,0.6108
28554.6,16601.0,28588.5,16611.0,0.6106
17410.9,24225.8,17434.9,24239.6,0.6106
14863.8,33762.4,14888.8,33775.3,0.6106
15361.4,3200.0,15428.2,3239.2,0.6106
29407.0,19633.2,29433.4,19643.5,0.6104
21553.2,28301.0,21578.0,28313.6,0.6103
31837.6,16919.7,31849.8,16932.3,0.6101
31034.9,15989.3,31077.6,16017.2,0.6101
34099.5,19409.0,34113.7,19423.9,0.6101
10695.7,789.3,10718.1,824.2,0.6100
21445.9,36751.7,21557.2,36800.0,0.6097
28918.0,13845.1,28930.5,13854.7,0.6097
22602.6,31180.0,22623.0,31192.6,0.6095
26015.3,20956.7,26032.1,20970.4,0.6093
29253.9,21859.9,29284.3,21871.3,0.6093
23855.7,23587.0,23872.0,23598.0,0.6092
36217.4,2030.4,36274.2,2070.0,0.6090
29460.2,14572.7,29490.4,14585.2,0.6088
20512.8,22590.5,20532.1,22602.6,0.6088
12899.8,30713.9,12931.8,30725.8,0.6086
24119.8,32000.0,24152.4,32013.6,0.6086
21835.4,28289.6,21889.0,28332.5,0.6086
16268.2,36090.5,16315.2,36101.9,0.6086
27300.7,26606.4,27316.7,26616.7,0.6085
22513.0,16467.0,22535.3,16477.9,0.6084
21266.1,17722.3,21280.1,17733.9,0.6083
7797.6,21023.4,7863.4,21105.9,0.6082
16143.6,28738.8,16166.1,28750.2,0.6082
32071.8,16538.2,32085.2,16546.8,0.6082
32774.8,27313.3,32786.7,27328.6,0.6081
22718.8,17583.8,22740.8,17597.2,0.6080
23852.6,7641.8,23899.2,7677.9,0.6079
16430.2,21534.3,16442.6,21545.4,0.6078
27888.4,25475.3,27907.8,25488.5,0.6077
16686.7,24797.6,16734.5,24811.6,0.6077
17469.2,18987.0,17480.3,18999.3,0.6076
12934.1,35570.2,12967.6,35583.7,0.6075
30495.4,27174.8,30539.0,27186.4,0.6074
1150.3,3333.8,1240.8,3415.8,0.6073
23199.3,22186.5,23211.0,22200.8,0.6073
17646.9,17092.2,17660.6,17103.3,0.6072
38195.1,24779.2,38224.7,24790.9,0.6071
15141.6,29697.4,15186.4,29714.1,0.6070
25056.2,31375.3,25167.9,31486.0,0.6070
33764.6,36019.9,33780.0,36033.2,0.6068
29079.2,3018.2,29131.8,3057.9,0.6067
23726.2,6375.0,23789.4,6417.4,0.6067
28477.8,36133.1,28591.8,36241.7,0.6066
23320.1,24662.0,23351.6,24673.5,0.6065
37298.3,2227.7,37346.1,2260.0,0.6065
20251.8,18494.4,20278.9,18509.2,0.6064
19028.7,20025.8,19042.3,20036.9,0.6064
27682.1,18519.5,27711.2,18535.1,0.6062
15906.5,32441.8,15918.5,32457.4,0.6062
15874.6,28316.6,15938.3,28334.2,0.6062
3589.1,33713.8,3653.5,33789.4,0.6061
33960.7,36441.2,34054.2,36551.9,0.6061
31902.3,16045.0,31921.7,16062.2,0.6061
13339.8,31827.4,13375.9,31838.3,0.6061
26352.3,16890.7,26366.0,16902.6,0.6061
13335.7,34800.0,13359.5,34814.3,0.6060
16460.1,9458.7,16507.4,9490.4,0.6059
21917.1,25270.8,21927.2,25284.3,0.6058
34510.5,36606.4,34521.7,36617.3,0.6055
18125.5,36192.3,18155.3,36205.5,0.6054
22654.7,14847.8,22666.7,14858.0,0.6053
21426.7,33918.0,21457.7,33933.2,0.6052
24171.5,31601.4,24207.3,31617.8,0.6050
29370.8,29349.4,29439.4,29419.6,0.6050
32802.5,25254.2,32818.9,25264.9,0.6050
30910.4,17634.7,30926.9,17645.5,0.6047
13479.6,22346.3,13531.8,22363.6,0.6047
38346.9,16614.7,38378.3,16633.7,0.6046
18822.4,32526.4,18840.7,32538.1,0.6046
4793.3,4382.9,4836.6,4402.3,0.6046
12615.2,2039.3,12648.4,2068.9,0.6046
36884.7,4642.4,36912.9,4663.9,0.6045
23312.0,24719.9,23352.4,24734.5,0.6045
15838.8,24161.8,15857.1,24175.6,0.6044
31528.5,15891.4,31540.0,15902.7,0.6044
28298.4,20066.3,28320.3,20078.4,0.6043
20621.7,34240.0,20706.7,34256.0,0.6042
28064.8,22228.2,28079.8,22238.8,0.6040
16918.5,336.5,16982.3,407.8,0.6039
28459.9,1867.0,28479.9,1901.5,0.6038
27715.2,20365.0,27728.0,20378.3,0.6037
15719.4,28126.5,15765.9,28141.7,0.6036
12431.2,28814.7,12446.7,28826.5,0.6036
18934.5,18697.0,18969.8,18729.6,0.6035
29103.5,34482.8,29126.7,34510.3,0.6034
23858.8,21352.0,23901.6,21362.6,0.6033
26411.5,20913.0,26425.8,20923.4,0.6033
13570.8,24446.0,13588.9,24456.6,0.6030
1515.4,22720.5,1552.9,22767.7,0.6030
19690.3,28656.4,19732.8,28670.9,0.6028
18240.0,965.5,18251.9,1005.3,0.6027
34219.9,26170.3,34325.6,26237.4,0.6027
21767.9,18714.1,21784.0,18724.4,0.6026
25707.2,32000.0,25799.6,32058.1,0.6025
23678.8,22003.0,23697.4,22018.9,0.6023
12814.7,30342.2,12827.3,30353.6,0.6022
1506.0,4954.6,1531.9,4997.9,0.6021
20978.2,17534.7,20990.4,17550.0,0.6021
36499.3,15194.2,36533.6,15206.2,0.6020
21053.7,26866.1,21071.7,26876.9,0.6020
22398.7,17984.3,22446.7,17994.4,0.6018
28492.1,16982.7,28534.6,16995.9,0.6018
20418.6,27815.7,20445.4,27838.8,0.6017
1266.4,5109.7,1305.1,5136.9,0.6017
33786.8,25920.0,33891.9,25991.3,0.6017
75.0,30031.4,84.2,30065.7,0.6016
22271.3,16414.3,22290.6,16426.5,0.6014
17105.4,23680.4,17119.1,23690.9,0.6014
33775.4,18426.6,33787.2,18434.7,0.6013
15575.7,32539.8,15612.6,32553.8,0.6013
31271.0,2999.5,31333.1,3056.7,0.6010
20550.3,18322.7,20563.3,18334.2,0.6009
35074.6,36316.5,35091.2,36328.0,0.6009
17721.2,23361.3,17744.1,23373.8,0.6009
38344.8,121.0,38422.5,188.8,0.6008
31816.6,29108.7,31828.3,29121.0,0.6006
21912.8,17491.3,21924.4,17501.9,0.6006
28155.8,20018.1,28202.9,20030.8,0.6004
18629.7,15399.7,18642.3,15410.0,0.6004
20638.2,18017.2,20649.1,18026.0,0.6003
15731.2,32718.2,15759.2,32735.3,0.6003
27464.4,30974.8,27518.3,31039.3,0.6002
15411.4,35376.8,15461.3,35390.1,0.6002
16559.7,30314.4,16600.6,30329.4,0.6001
14204.7,17313.1,14219.1,17326.8,0.6000
18328.4,22191.5,18379.6,22214.7,0.6000
16381.7,9260.2,16398.9,9272.2,0.5999
17922.6,33807.6,17958.8,33823.9,0.5998
27282.4,28973.3,27313.7,28993.3,0.5997
24797.1,30006.3,24815.7,30023.8,0.5996
14594.7,34158.3,14655.7,34174.4,0.5995
16837.6,33659.4,16865.3,33674.0,0.5995
31113.9,8891.7,31153.3,8917.7,0.5995
27688.7,5315.1,27728.1,5343.8,0.5993
14085.9,24583.7,14096.7,24593.8,0.5993
17609.6,18329.1,17636.6,18339.1,0.5993
23475.8,23182.2,23536.3,23198.0,0.5991
25426.2,31488.1,25439.8,31503.4,0.5991
28587.0,17201.6,28608.7,17213.3,0.5987
37881.6,17871.9,37897.8,17882.5,0.5986
34634.4,25722.7,34759.3,25820.0,0.5986
36820.3,27334.3,36935.5,27438.7,0.5985
14765.2,27574.1,14865.0,27591.5,0.5985
24724.4,28248.3,24786.8,28263.1,0.5983
21610.6,26560.7,21635.0,26573.7,0.5983
18694.0,19867.1,18723.0,19881.9,0.5982
15177.5,24001.6,15202.8,24012.5,0.5981
21656.4,18902.0,21691.8,18914.5,0.5980
19765.2,28350.1,19791.5,28383.1,0.5980
32086.4,29845.7,32208.4,29935.8,0.5976
16180.9,22674.8,16237.1,22687.9,0.5976
37547.3,2633.9,37649.9,2701.0,0.5976
34145.7,8482.5,34197.2,8513.2,0.5975
21068.0,25805.8,21094.3,25821.4,0.5974
25833.7,21314.4,25860.0,21333.7,0.5973
21954.4,25332.6,21984.2,25355.8,0.5972
132.2,21087.2,171.2,21122.5,0.5971
12950.1,33459.4,12992.6,33469.5,0.5971
25921.0,34250.1,25999.4,34342.3,0.5969
34307.9,8459.7,34347.8,8486.6,0.5968
24114.3,21169.3,24133.5,21181.5,0.5968
8562.6,8822.7,8605.8,8847.0,0.5965
15870.0,31367.8,15900.9,31377.9,0.5965
4061.7,28415.9,4083.1,28452.3,0.5964
27433.8,16207.1,27454.6,16217.4,0.5963
35780.4,3552.2,35833.4,3615.7,0.5963
12611.5,34882.5,12629.5,34894.8,0.5962
26081.4,30627.3,26092.7,30638.1,0.5962
14602.2,32356.1,14620.9,32369.0,0.5961
25345.9,16334.9,25364.9,16349.6,0.5961
24585.3,26771.2,24626.6,26783.6,0.5960
4425.6,6864.4,4451.4,6888.6,0.5960
21777.8,25197.2,21802.0,25216.0,0.5958
27443.8,19196.1,27466.4,19207.3,0.5958
19883.0,20351.2,19938.4,20369.3,0.5957
19026.9,31931.1,19076.6,31956.3,0.5957
20741.9,19817.6,20753.8,19829.0,0.5957
26850.9,34655.5,26879.1,34723.1,0.5956
32901.4,8825.2,32967.2,8858.1,0.5955
626.2,2659.3,640.8,2681.2,0.5954
16424.8,9262.0,16441.3,9273.6,0.5951
38510.1,30927.5,38521.6,30939.9,0.5951
31170.2,16875.4,31191.1,16885.5,0.5951
30248.3,14540.1,30264.6,14551.0,0.5947
19910.1,18092.8,19922.1,18103.6,0.5946
159.5,225.7,174.9,253.5,0.5945
3997.3,21456.9,4034.6,21491.6,0.5944
84.9,11379.1,104.6,11414.3,0.5943
21782.4,19971.7,21806.5,19982.6,0.5943
30553.3,16043.0,30577.1,16053.8,0.5940
35902.0,30080.2,35985.1,30134.1,0.5938
26650.4,21386.0,26683.8,21398.3,0.5937
32935.6,18441.0,32948.6,18451.7,0.5936
34263.5,32136.4,34384.2,32242.2,0.5935
15391.7,33170.8,15423.0,33180.1,0.5935
4331.4,6458.0,4379.9,6507.2,0.5935
12312.3,35250.7,12358.8,35262.1,0.5934
28418.4,20796.6,28438.3,20809.1,0.5933
17339.9,21520.7,17368.0,21534.1,0.5932
14228.5,36163.0,14289.2,36175.2,0.5931
19210.0,33231.8,19264.3,33245.8,0.5930
20417.2,35785.9,20478.6,35840.0,0.5928
22993.8,17660.6,23022.5,17673.4,0.5926
21910.7,18417.3,21924.4,18428.5,0.5925
12943.4,20664.5,12960.0,20675.9,0.5925
23393.9,7218.8,23426.1,7280.7,0.5923
18623.9,22783.7,18663.9,22797.9,0.5922
25391.7,29697.6,25445.3,29709.5,0.5921
30368.7,24834.9,30415.5,24845.9,0.5921
14414.9,29874.9,14435.4,29885.2,0.5921
3497.2,20217.2,3540.0,20246.8,0.5919
18137.1,5424.2,18150.2,5440.0,0.5915
15861.0,30493.3,15872.2,30505.0,0.5914
1291.6,2880.0,1326.5,2927.1,0.5913
23189.7,19330.2,23215.9,19339.6,0.5911
21784.3,21052.7,21805.3,21064.0,0.5911
35739.4,29972.1,35840.0,30072.9,0.5907
32265.9,36454.1,32380.5,36562.9,0.5907
18384.3,21676.8,18411.1,21694.0,0.5907
27456.6,33705.1,27518.8,33803.2,0.5907
14347.5,28080.1,14368.3,28093.7,0.5907
23850.0,6502.6,23906.9,6579.8,0.5905
20132.7,3120.9,20159.5,3198.1,0.5904
38476.9,17225.7,38490.1,17239.2,0.5902
13775.2,22487.8,13803.5,22498.7,0.5900
17534.1,18861.3,17560.4,18882.2,0.5899
19027.1,16129.9,19040.4,16142.2,0.5898
21557.5,36455.3,21616.6,36480.0,0.5898
16902.0,6693.1,16979.9,6720.0,0.5896
12527.7,33868.4,12545.0,33881.9,0.5896
37915.4,1613.0,37954.3,1645.8,0.5894
23031.9,20008.9,23082.7,20020.4,0.5893
20596.7,15090.2,20621.6,15099.5,0.5890
23671.4,19924.3,23685.3,19935.0,0.5889
15169.1,29364.5,15192.9,29391.7,0.5888
14212.0,35380.0,14263.3,35392.1,0.5887
23679.9,25696.0,23698.5,25709.9,0.5886
37386.7,24168.7,37498.4,24241.4,0.5885
16708.9,5650.4,16760.9,5672.6,0.5885
785.4,2101.4,833.5,2125.5,0.5885
18751.6,33795.2,18766.6,33807.2,0.5884
6414.5,3282.3,6453.0,3297.6,0.5881
28689.5,113.1,28717.0,141.8,0.5880
18690.9,28145.6,18710.4,28159.6,0.5878
19491.4,28301.3,19536.1,28332.9,0.5877
1684.4,21401.4,1749.8,21438.3,0.5875
26753.5,17968.2,26781.1,17983.2,0.5874
38353.8,21377.0,38480.3,21439.8,0.5873
15227.4,25497.1,15265.9,25528.4,0.5873
16420.5,31461.7,16436.4,31474.8,0.5872
25817.7,9260.1,25857.2,9280.0,0.5872
19861.2,33104.4,19899.9,33118.1,0.5872
20310.9,18035.3,20329.9,18044.9,0.5871
28228.6,34264.4,28341.8,34379.8,0.5870
27953.6,21683.8,27990.3,21694.7,0.5870
22649.2,20704.2,22669.8,20715.5,0.5870
34060.7,23705.2,34174.0,23820.2,0.5869
31511.8,22845.3,31547.8,22869.8,0.5867
19591.7,17492.1,19609.7,17503.0,0.5866
21127.7,33842.6,21158.2,33855.0,0.5865
21503.5,31405.9,21559.6,31425.6,0.5865
18618.1,27652.2,18642.2,27666.8,0.5864
35895.0,36088.6,35907.5,36101.5,0.5864
36591.4,18208.2,36604.8,18224.7,0.5863
17089.3,34288.1,17119.0,34299.2,0.5863
12643.2,18439.2,12657.0,18449.1,0.5862
15649.4,31706.4,15681.2,31719.6,0.5861
29632.5,18065.3,29672.5,18079.4,0.5861
29102.1,36414.7,29206.5,36477.5,0.5860
31058.1,19719.8,31097.8,19740.1,0.5860
36639.4,35083.5,36652.8,35093.8,0.5859
20688.0,28102.8,20718.5,28116.2,0.5858
14339.8,30123.5,14370.9,30135.0,0.5858
36967.3,35207.1,36980.9,35217.0,0.5857
19092.0,32523.9,19107.1,32535.8,0.5857
13796.5,29944.1,13844.7,29958.4,0.5857
8868.6,8905.2,8933.9,8937.5,0.5857
15624.1,14602.0,15636.2,14611.9,0.5856
27394.7,32292.6,27510.7,32397.9,0.5856
19096.9,36275.3,19200.0,36387.4,0.5856
38158.7,24706.8,38178.0,24718.3,0.5855
22265.5,17788.1,22288.3,17798.4,0.5854
17994.4,5968.7,18053.2,5995.6,0.5853
21191.4,26615.7,21210.0,26627.4,0.5853
1984.8,27339.7,2008.9,27377.5,0.5853
16007.3,29929.1,16131.9,29958.5,0.5852
25807.1,18432.5,25824.4,18445.4,0.5852
451.8,32076.8,468.0,32101.3,0.5851
33108.8,28774.2,33180.4,28800.0,0.5851
29096.9,36419.1,29207.1,36526.7,0.5849
32888.1,23680.0,32922.8,23693.4,0.5849
13601.8,32388.2,13619.9,32400.3,0.5848
19476.1,30863.4,19538.3,30896.7,0.5845
13264.6,552.9,13292.8,573.6,0.5842
1661.1,30730.2,1692.4,30781.6,0.5842
24223.3,17445.2,24238.3,17455.8,0.5842
31572.4,2913.6,31593.7,2944.5,0.5840
2060.4,904.6,2076.1,923.1,0.5839
16565.7,26568.9,16602.3,26584.1,0.5839
15758.3,35628.1,15781.4,35641.7,0.5839
21161.2,29871.1,21190.8,29887.3,0.5838
13108.0,35311.1,13180.4,35329.0,0.5836
38355.6,7026.9,38399.9,7069.9,0.5835
38525.3,27858.4,38545.9,27869.4,0.5835
28985.7,30494.2,28998.4,30510.0,0.5833
6377.9,35587.2,6396.3,35610.1,0.5833
17921.7,4480.0,17991.6,4522.6,0.5832
12800.4,23393.3,12827.3,23424.5,0.5832
23676.9,20306.1,23697.4,20316.2,0.5830
20930.4,26338.3,20945.8,26350.0,0.5829
19457.3,34596.5,19498.2,34609.5,0.5827
33109.3,30184.3,33221.5,30289.3,0.5827
22187.1,28940.2,22201.0,28964.9,0.5827
3414.9,177.6,3443.9,230.9,0.5826
27378.7,21812.8,27414.2,21830.3,0.5825
15802.6,34184.7,15874.3,34215.2,0.5825
27130.7,16193.0,27143.9,16206.6,0.5825
26865.9,36510.3,26880.0,36540.6,0.5824
14723.1,27130.0,14771.3,27142.5,0.5824
31319.4,15703.5,31344.1,15721.6,0.5822
12663.7,31371.7,12681.5,31386.2,0.5819
15167.6,29364.8,15182.3,29382.0,0.5818
33152.7,20116.3,33175.7,20130.4,0.5818
13290.0,22147.7,13313.7,22159.7,0.5817
23541.3,8002.7,23570.6,8034.0,0.5817
18999.1,36046.4,19058.8,36075.7,0.5816
19782.2,5671.5,19848.5,5742.6,0.5814
27465.7,19757.9,27506.3,19769.4,0.5814
38275.2,17203.0,38293.7,17217.3,0.5814
30181.8,25673.0,30222.7,25687.2,0.5812
15552.9,30345.7,15612.0,30378.5,0.5810
15858.7,34930.9,15904.4,34944.4,0.5809
24960.0,8720.6,24972.9,8749.9,0.5807
14957.2,27748.3,14982.6,27761.1,0.5805
21180.2,29291.1,21206.2,29304.9,0.5804
22206.8,21966.0,22222.4,21976.4,0.5803
24474.1,28605.6,24537.0,28636.6,0.5801
33382.3,16217.7,33395.4,16225.8,0.5799
28114.5,29760.0,28207.5,29812.8,0.5799
35259.6,26094.2,35382.8,26202.7,0.5799
34506.3,2413.0,34525.1,2434.8,0.5798
15184.9,35059.6,15231.5,35069.9,0.5798
15811.5,24481.8,15825.4,24490.9,0.5798
28328.6,18235.8,28362.4,18249.8,0.5798
34169.3,34080.5,34195.6,34094.8,0.5797
25447.4,20937.4,25461.9,20947.0,0.5797
4036.7,27343.4,4060.3,27375.7,0.5796
37856.6,29851.6,37872.7,29864.9,0.5796
19232.1,16140.4,19246.6,16151.4,0.5796
18745.4,35167.0,18760.1,35181.3,0.5795
4131.9,25881.1,4147.9,25913.4,0.5795
32159.1,17958.5,32170.9,17971.8,0.5793
15481.0,27380.2,15505.6,27392.3,0.5792
9530.9,4316.4,9554.2,4339.4,0.5790
15804.0,31120.1,15822.0,31134.2,0.5790
23154.8,19537.3,23199.2,19550.4,0.5789
26222.0,22779.9,26239.5,22791.2,0.5789
27602.8,17896.1,27617.7,17906.3,0.5789
15390.1,22651.8,15442.9,22670.8,0.5787
36540.6,15613.5,36555.2,15627.0,0.5786
27111.7,18114.7,27145.6,18124.8,0.5786
14798.6,4071.2,14852.4,4127.6,0.5784
35660.6,18242.8,35712.5,18257.0,0.5783
13136.2,25738.2,13172.4,25754.3,0.5782
19064.1,14618.1,19081.4,14626.4,0.5781
21288.7,23906.0,21318.4,23918.3,0.5781
29505.8,13366.7,29528.5,13384.6,0.5780
13837.6,26562.2,13862.0,26574.0,0.5778
20379.7,21456.5,20434.9,21491.1,0.5778
28956.5,15474.3,28973.1,15485.0,0.5778
22225.9,28553.8,22256.9,28564.2,0.5778
22154.1,31891.6,22177.4,31910.5,0.5777
33227.1,25626.0,33279.7,25725.3,0.5776
24536.8,23489.2,24586.4,23501.5,0.5776
23601.8,30844.5,23643.0,30867.0,0.5776
28631.5,20224.1,28673.6,20239.3,0.5775
14353.6,29960.6,14382.9,29970.9,0.5774
12701.3,30393.0,12789.4,30412.5,0.5774
3878.4,30345.6,3889.3,30374.5,0.5773
36108.3,25210.4,36159.8,25285.2,0.5773
27661.2,34916.4,27769.6,35043.9,0.5771
9128.7,12627.2,9197.1,12743.5,0.5771
2173.8,11536.3,2239.7,11582.6,0.5771
378.2,8577.9,414.6,8629.0,0.5770
28059.6,36224.1,28126.5,36253.7,0.5769
16467.0,17998.6,16490.6,18015.1,0.5769
21030.8,24196.1,21067.7,24206.9,0.5769
15103.6,31569.6,15158.7,31600.5,0.5768
12827.2,36532.7,12874.3,36551.6,0.5766
19945.6,4583.3,20001.3,4605.2,0.5766
25787.0,19413.6,25811.0,19430.5,0.5765
22793.8,15307.0,22810.5,15322.6,0.5763
34395.3,28661.0,34519.7,28766.6,0.5762
27190.3,33296.7,27304.0,33401.8,0.5761
18829.4,2168.0,18879.1,2228.5,0.5760
24698.8,29230.1,24720.6,29251.3,0.5760
22239.5,19992.4,22256.4,20002.1,0.5759
23785.5,7571.4,23853.2,7602.9,0.5758
34902.2,26010.3,35023.0,26111.6,0.5756
27590.2,20494.2,27602.9,20505.5,0.5756
18097.9,18956.2,18133.0,18971.8,0.5755
24218.3,28456.4,24259.8,28478.8,0.5755
35051.1,15600.3,35067.4,15610.2,0.5755
14263.1,28992.6,14297.7,29008.1,0.5754
15695.1,22952.8,15707.4,22964.7,0.5753
36166.4,34345.6,36177.4,34355.4,0.5752
17809.9,34700.4,17836.2,34715.6,0.5751
15531.2,34032.2,15576.6,34046.1,0.5751
19968.6,20906.2,20011.0,20918.7,0.5750
26418.8,18454.4,26434.0,18465.9,0.5750
18006.8,30316.8,18032.7,30330.4,0.5749
67.9,29762.4,77.0,29795.2,0.5749
22255.6,28084.6,22278.5,28097.2,0.5746
12979.4,34995.6,13024.2,35013.2,0.5745
17887.3,28480.0,17911.9,28503.0,0.5745
15074.9,9305.7,15120.7,9331.8,0.5745
32413.6,20131.4,32432.3,20142.4,0.5743
21306.1,21059.8,21319.9,21070.3,0.5743
33321.3,31685.4,33446.8,31771.6,0.5743
12451.3,33380.0,12479.6,33392.0,0.5742
15463.8,17224.6,15477.2,17233.6,0.5742
6936.6,1750.8,6960.0,1787.2,0.5741
22169.2,36050.4,22279.2,36164.3,0.5741
34885.9,27747.8,34898.8,27760.5,0.5740
12644.8,35001.9,12711.1,35019.7,0.5740
15887.6,35343.7,15935.8,35372.8,0.5738
15848.5,25292.1,15876.3,25303.7,0.5738
13291.5,35276.3,13328.4,35291.7,0.5737
3892.0,31635.4,3902.9,31665.4,0.5736
38615.9,16729.7,38650.9,16740.8,0.5735
15914.9,35612.4,15972.0,35630.3,0.5734
18075.9,34738.1,18100.1,34750.6,0.5733
31784.5,22304.5,31814.1,22314.8,0.5733
29033.5,30807.2,29143.3,30920.4,0.5732
2826.1,8530.1,2880.0,8557.3,0.5732
29138.6,19630.4,29175.5,19642.5,0.5732
18666.4,17198.5,18682.0,17214.5,0.5732
12583.7,36808.8,12607.3,36822.6,0.5732
14080.0,24140.4,14105.6,24188.8,0.5732
19138.3,26815.5,19178.7,26831.5,0.5731
16866.9,7004.8,16908.1,7029.1,0.5731
7465.1,21584.2,7518.5,21640.3,0.5730
19037.4,27873.3,19056.1,27886.0,0.5730
12522.1,34769.6,12551.3,34781.8,0.5730
21525.9,20716.8,21539.2,20729.6,0.5729
12593.7,35596.3,12608.6,35607.9,0.5729
29210.7,36543.2,29223.8,36555.6,0.5728
17580.7,14701.4,17592.4,14713.8,0.5728
3085.6,12488.8,3157.6,12553.2,0.5728
28594.2,22893.5,28616.7,22905.2,0.5728
14912.6,32787.8,14944.7,32798.1,0.5727
12951.3,35760.4,13006.0,35774.5,0.5726
30170.2,27286.5,30239.2,27355.1,0.5726
34472.3,31961.0,34584.4,32058.8,0.5726
29617.5,6972.8,29670.4,7019.0,0.5725
14768.3,33039.1,14823.0,33054.1,0.5725
12860.2,36131.9,12903.4,36143.6,0.5725
25771.8,21095.5,25820.7,21113.5,0.5725
14292.1,28375.2,14338.1,28386.7,0.5722
24706.4,35520.5,24792.7,35569.0,0.5721
29382.6,16138.0,29407.1,16148.3,0.5720
23631.3,17044.7,23644.6,17057.4,0.5720
36525.6,12946.8,36546.4,12958.2,0.5720
36774.5,33192.5,36787.9,33202.6,0.5719
23207.2,21454.9,23262.1,21486.6,0.5718
14422.6,29309.8,14480.7,29325.6,0.5718
12834.8,35922.7,12878.2,35932.3,0.5717
17095.9,33908.6,17138.3,33921.6,0.5716
38052.4,23982.8,38066.5,23997.9,0.5716
35223.5,27593.5,35334.4,27702.4,0.5714
16862.1,25796.1,16889.8,25810.4,0.5713
22933.7,29891.9,22958.7,29904.7,0.5712
24581.5,34410.6,24694.4,34514.1,0.5710
38638.0,17919.7,38655.8,17966.3,0.5710
16111.4,36306.3,16144.6,36319.5,0.5710
14744.6,33379.6,14777.6,33391.9,0.5709
14664.8,25078.2,14678.7,25090.3,0.5707
31186.7,25330.8,31215.2,25343.1,0.5706
12682.1,35906.5,12724.6,35919.4,0.5706
7411.7,1825.0,7421.4,1838.9,0.5706
31000.7,33920.3,31077.6,33963.8,0.5705
28300.9,22177.8,28346.4,22190.6,0.5703
21007.7,21986.0,21024.9,22014.5,0.5701
31969.3,36553.4,32000.0,36616.8,0.5701
34308.7,18580.5,34335.5,18598.9,0.5700
13364.8,36011.5,13424.3,36023.0,0.5699
17983.6,6664.5,18001.1,6683.2,0.5698
33796.2,6652.7,33856.6,6699.2,0.5697
21966.1,15459.1,21977.4,15470.1,0.5697
23508.6,36162.1,23620.2,36250.8,0.5697
18721.5,27121.9,18735.9,27131.2,0.5696
5964.5,3437.4,5996.9,3461.3,0.5695
23669.7,26761.9,23692.7,26774.5,0.5693
32889.9,32960.0,32921.9,32973.5,0.5693
13563.9,36257.0,13607.6,36270.8,0.5691
32599.7,20615.8,32610.4,20625.7,0.5691
16656.8,33395.0,16699.6,33405.9,0.5690
13635.1,29492.0,13715.9,29504.1,0.5690
15213.2,23893.6,15235.3,23907.8,0.5689
20661.1,21354.4,20696.4,21367.6,0.5689
17289.4,28570.3,17326.2,28583.6,0.5689
20670.8,21840.7,20684.8,21858.0,0.5689
31115.7,17773.4,31136.6,17784.9,0.5688
25630.8,22212.0,25651.2,22223.2,0.5687
29601.1,16805.6,29617.4,16817.8,0.5686
13578.8,18742.1,13593.7,18754.6,0.5685
26524.8,21701.3,26545.7,21713.8,0.5685
14201.2,26347.1,14244.2,26357.7,0.5684
18260.9,16607.4,18281.3,16620.6,0.5681
14266.4,32406.6,14329.4,32424.2,0.5678
12416.4,31952.2,12439.9,31963.8,0.5678
18499.9,18460.3,18559.8,18471.6,0.5677
26375.7,20970.0,26409.5,20981.1,0.5677
21785.8,27264.1,21839.5,27304.4,0.5675
13036.6,36077.3,13097.2,36097.0,0.5674
26790.7,21484.8,26802.9,21496.2,0.5674
20244.5,15537.5,20256.5,15545.8,0.5673
30489.9,22963.8,30526.9,22974.2,0.5672
17321.8,28913.1,17361.4,28932.0,0.5668
30376.7,27575.4,30497.4,27682.3,0.5667
17212.8,35122.5,17247.9,35135.0,0.5665
29147.7,20345.9,29174.0,20355.0,0.5665
18601.1,21088.7,18625.5,21104.9,0.5665
20001.8,21925.1,20021.0,21936.2,0.5665
29077.4,31096.6,29202.2,31199.6,0.5662
22649.5,35520.9,22717.7,35637.6,0.5662
13079.2,34335.7,13118.7,34351.8,0.5661
13346.3,27422.9,13379.2,27434.9,0.5659
22330.8,31613.6,22352.1,31628.8,0.5658
12161.7,5440.0,12191.9,5464.3,0.5656
5880.2,193.8,5936.6,221.6,0.5655
33652.6,16044.2,33696.6,16064.9,0.5654
23899.6,28877.0,23953.8,28889.3,0.5649
31425.2,14872.2,31454.4,14885.8,0.5648
33255.7,23015.1,33307.6,23040.0,0.5646
31738.9,15817.9,31753.8,15830.8,0.5643
28972.6,36342.5,29088.5,36452.4,0.5642
33465.4,22637.5,33574.7,22754.5,0.5642
13379.1,36383.4,13440.0,36400.4,0.5642
22076.7,26353.0,22113.9,26365.6,0.5641
37910.9,36761.0,37921.7,36769.4,0.5640
20338.4,17626.4,20352.4,17638.3,0.5640
8898.6,1534.6,8923.8,1552.9,0.5639
12975.0,30530.3,12993.0,30543.0,0.5638
22816.9,20418.4,22851.3,20430.0,0.5637
26114.7,19219.3,26145.0,19230.7,0.5635
31965.0,4663.2,32003.5,4693.9,0.5635
33305.3,30744.1,33430.3,30853.5,0.5634
15295.9,33132.0,15315.3,33143.1,0.5633
15534.7,36737.3,15572.6,36748.4,0.5632
20321.7,31070.3,20333.4,31083.0,0.5632
3020.9,24579.3,3111.0,24638.2,0.5632
13854.7,36028.6,13892.8,36043.9,0.5631
19534.6,34481.5,19553.1,34491.8,0.5630
14231.1,26136.7,14260.8,26148.6,0.5629
15523.0,22807.5,15547.9,22821.0,0.5629
16532.8,16061.4,16565.3,16074.5,0.5629
18105.2,28509.8,18144.9,28527.3,0.5628
28362.8,30499.5,28388.4,30509.8,0.5627
15006.6,33807.6,15025.8,33824.2,0.5626
38010.9,21017.1,38133.3,21118.3,0.5625
22242.7,20057.1,22284.3,20082.1,0.5623
29068.9,22240.1,29109.0,22249.0,0.5622
20771.8,26993.0,20786.2,27007.4,0.5621
4500.6,5440.0,4562.7,5495.2,0.5619
34434.2,15263.0,34455.2,15279.2,0.5619
10407.6,3498.0,10460.6,3519.9,0.5618
18278.4,34479.5,18336.8,34495.3,0.5616
31169.0,24635.0,31201.2,24645.2,0.5615
29729.6,32618.7,29777.6,32640.0,0.5614
15645.7,35059.5,15671.3,35071.0,0.5613
31887.2,20282.7,31901.0,20294.2,0.5613
23263.1,17372.2,23283.2,17383.5,0.5613
35799.3,36691.9,35812.8,36703.7,0.5611
1330.2,31122.2,1339.8,31149.0,0.5610
14837.5,32883.3,14861.6,32894.5,0.5610
196.6,24545.0,207.4,24566.5,0.5609
33629.2,31787.9,33752.3,31893.8,0.5608
25412.6,20572.7,25429.1,20583.9,0.5607
33570.9,29069.9,33676.4,29181.1,0.5604
16907.8,4392.7,16959.4,4462.1,0.5603
15288.6,36143.9,15336.3,36160.0,0.5603
20345.1,35200.0,20454.8,35257.0,0.5602
15891.9,16146.1,15905.3,16156.6,0.5601
17056.8,6367.8,17103.6,6418.1,0.5601
20968.1,35163.3,21083.7,35262.3,0.5597
22899.0,28828.2,22918.6,28841.5,0.5597
20702.9,31612.7,20722.3,31626.8,0.5596
30194.5,15079.5,30210.6,15090.5,0.5594
19623.2,3081.2,19695.5,3198.7,0.5592
15801.5,35058.4,15825.0,35074.5,0.5592
5764.8,8159.7,5830.2,8204.8,0.5591
30368.8,16439.9,30401.3,16450.8,0.5589
38258.9,19992.8,38272.1,20004.0,0.5589
29272.9,19123.9,29285.7,19134.5,0.5589
25598.6,18196.0,25617.8,18223.3,0.5588
23296.1,5408.2,23359.4,5456.9,0.5588
14831.9,7179.8,14855.1,7225.0,0.5588
23726.6,22001.9,23761.3,22013.6,0.5587
23411.0,27400.4,23425.5,27412.9,0.5587
34381.8,18675.7,34395.9,18687.9,0.5586
26485.5,36528.5,26609.5,36626.3,0.5586
29539.0,16487.5,29587.1,16504.1,0.5584
9565.3,14814.1,9630.3,14891.3,0.5583
15482.6,6822.8,15497.6,6839.9,0.5583
18735.3,24020.4,18760.7,24042.9,0.5583
24271.4,25998.5,24333.5,26022.9,0.5581
181.1,354.5,204.8,398.7,0.5581
26762.7,7680.0,26838.2,7708.4,0.5580
27329.3,18138.7,27345.3,18148.2,0.5579
20775.3,18385.9,20785.2,18398.7,0.5578
16631.5,26270.7,16687.6,26285.7,0.5578
21626.8,33632.3,21664.4,33645.2,0.5576
32172.1,8936.9,32212.6,8965.2,0.5576
14374.2,32119.8,14420.9,32130.7,0.5576
17199.5,22856.4,17275.1,22913.9,0.5575
35387.2,22313.9,35505.6,22428.0,0.5575
34665.9,29049.0,34790.1,29117.7,0.5575
18080.7,33680.4,18103.1,33698.6,0.5574
29064.3,19950.4,29117.4,19962.2,0.5574
31451.9,15599.2,31462.7,15615.3,0.5574
17625.1,2536.8,17694.2,2599.8,0.5572
20533.7,21391.9,20548.7,21404.8,0.5570
21026.7,21132.2,21066.1,21143.5,0.5570
30294.8,20362.0,30324.6,20388.0,0.5569
8817.4,8849.1,8860.0,8876.9,0.5568
7577.8,16501.5,7633.1,16537.8,0.5568
19070.0,16435.3,19082.8,16450.3,0.5568
19213.6,33833.1,19226.5,33847.2,0.5564
12515.7,36405.6,12576.0,36419.2,0.5564
29416.6,15597.3,29440.7,15610.2,0.5564
35504.0,27822.2,35519.5,27868.2,0.5563
27694.5,14903.7,27704.5,14913.2,0.5561
17660.1,23057.6,17672.8,23069.3,0.5561
19225.7,23343.9,19245.0,23354.9,0.5559
25228.2,26462.1,25275.5,26474.8,0.5558
34084.6,8643.4,34124.3,8670.3,0.5558
3491.2,1244.3,3552.2,1278.8,0.5557
21030.8,17686.3,21047.9,17698.7,0.5556
19209.5,28588.2,19240.4,28600.9,0.5556
18983.4,26381.2,18998.9,26394.0,0.5554
15374.7,34564.0,15424.8,34577.9,0.5553
32553.8,29664.3,32667.4,29782.6,0.5553
35279.2,36423.5,35303.7,36437.2,0.5553
150.7,5315.4,163.9,5336.4,0.5553
26004.8,14205.1,26016.3,14215.0,0.5552
10506.3,24295.5,10559.0,24373.6,0.5552
16451.9,33922.3,16500.2,33934.8,0.5552
33762.9,36721.2,33870.1,36832.3,0.5549
25086.2,22322.8,25120.7,22336.2,0.5548
23138.5,27554.9,23184.1,27571.4,0.5548
14666.7,34586.8,14710.0,34597.9,0.5545
20322.6,15407.1,20336.3,15424.2,0.5545
4194.9,28127.2,4212.3,28160.0,0.5544
21676.2,20123.4,21698.3,20150.3,0.5543
35143.7,27393.9,35254.7,27502.6,0.5543
19871.4,36340.9,19887.8,36354.9,0.5541
22331.7,18091.6,22395.5,18104.5,0.5540
23513.8,26051.7,23550.6,26064.1,0.5540
12624.4,30412.5,12640.7,30424.0,0.5539
11030.2,22906.8,11124.3,23038.6,0.5538
30554.9,29954.8,30572.4,29967.0,0.5538
444.6,26146.3,485.6,26184.5,0.5536
25305.5,21694.6,25364.3,21712.2,0.5534
14709.3,33456.2,14776.0,33465.4,0.5534
19520.3,18221.1,19535.1,18233.4,0.5534
17917.1,24129.3,17949.5,24142.8,0.5534
35926.1,16959.9,35937.3,16969.8,0.5532
20143.1,17441.9,20156.5,17454.5,0.5531
35809.9,18404.1,35865.7,18416.0,0.5530
35003.1,20215.7,35042.9,20258.3,0.5529
15806.5,15835.0,15818.3,15846.7,0.5529
27022.0,21872.6,27034.4,21883.1,0.5529
31571.0,15953.2,31585.2,15961.9,0.5527
14999.3,33235.2,15013.7,33247.5,0.5526
15742.4,25181.1,15762.0,25195.1,0.5526
13548.5,33719.6,13617.9,33734.2,0.5526
30735.2,17223.4,30755.4,17237.9,0.5524
30776.6,25280.4,30855.1,25375.2,0.5522
27225.4,17594.9,27245.8,17604.8,0.5520
209.1,27068.9,255.2,27196.0,0.5517
22015.1,21335.1,22028.5,21345.7,0.5516
27717.1,15371.9,27747.2,15384.8,0.5516
38448.9,28364.1,38474.0,28374.4,0.5515
32083.4,4595.9,32124.6,4624.2,0.5515
31971.3,20733.7,31984.9,20743.9,0.5514
27755.3,15866.0,27773.3,15878.6,0.5514
1308.0,30737.7,1332.3,30768.7,0.5513
17770.9,34816.0,17805.6,34829.2,0.5513
20805.4,17007.9,20816.8,17026.8,0.5512
23269.5,17627.7,23282.3,17638.1,0.5510
15877.4,36537.8,15898.9,36552.7,0.5509
18733.1,28643.7,18760.0,28654.0,0.5508
36598.4,27168.3,36671.0,27200.0,0.5508
2782.6,9490.8,2810.2,9528.4,0.5507
23926.5,19023.0,23936.6,19031.6,0.5507
18057.0,34953.9,18076.8,34968.9,0.5507
8434.2,6043.0,8465.5,6056.2,0.5507
15389.8,28104.9,15424.5,28117.2,0.5506
9249.8,4769.4,9280.0,4783.0,0.5506
29197.5,13784.0,29217.0,13793.4,0.5505
14414.3,33852.7,14480.8,33870.4,0.5505
8640.0,8794.6,8681.8,8826.3,0.5501
37073.1,21466.7,37119.2,21547.6,0.5500
28994.6,17745.4,29011.4,17755.9,0.5500
13700.8,34675.3,13736.0,34690.2,0.5500
13431.9,34172.1,13473.8,34185.0,0.5499
15002.1,33073.7,15039.8,33087.6,0.5499
18242.1,22860.8,18258.6,22876.3,0.5498
22140.3,27313.3,22168.3,27324.8,0.5497
22319.7,19914.1,22360.3,19939.7,0.5497
26587.1,22829.8,26640.5,22843.1,0.5495
32300.5,28229.6,32319.5,28284.6,0.5494
23661.2,3117.4,23717.0,3197.2,0.5492
22080.0,35944.7,22102.0,35980.1,0.5491
4746.9,11311.8,4775.0,11337.5,0.5489
25788.2,14042.4,25801.6,14050.4,0.5488
35419.3,33214.6,35442.8,33228.0,0.5488
27782.6,20561.6,27819.0,20573.6,0.5486
28733.7,18976.4,28793.6,18990.7,0.5485
29811.6,6282.8,29860.2,6308.7,0.5485
28221.1,19252.0,28266.7,19262.2,0.5484
13971.7,36122.1,14012.9,36133.0,0.5484
14458.6,34074.7,14521.9,34088.2,0.5483
31688.7,28803.4,31815.9,28900.7,0.5482
7909.9,31168.4,7966.6,31231.7,0.5482
20358.2,34761.0,20412.7,34775.1,0.5482
14071.8,27028.4,14166.7,27060.7,0.5482
23294.5,28834.2,23313.8,28844.1,0.5482
36340.3,2411.6,36371.5,2444.4,0.5481
22977.6,20760.1,23015.7,20770.3,0.5479
13970.8,33831.6,14022.6,33846.0,0.5478
36089.0,21865.6,36158.9,21945.3,0.5478
20608.0,21649.4,20623.7,21660.7,0.5477
15529.2,26499.1,15550.5,26509.9,0.5474
19953.7,31642.7,19982.5,31661.6,0.5474
15270.5,36228.0,15324.8,36242.3,0.5472
35426.1,26692.1,35520.0,26806.2,0.5472
33265.9,4599.5,33325.5,4636.2,0.5471
4356.1,11396.0,4394.5,11431.7,0.5470
13249.8,34239.3,13329.6,34275.3,0.5470
19300.6,33824.0,19328.8,33838.3,0.5468
21476.5,13042.6,21488.1,13052.6,0.5467
23664.6,23698.9,23682.1,23709.4,0.5467
18223.3,28417.9,18239.2,28429.6,0.5466
16487.2,33747.9,16513.0,33759.6,0.5465
16106.4,25102.7,16144.5,25121.9,0.5465
16225.3,29521.1,16256.1,29534.1,0.5465
17668.8,25751.3,17722.6,25768.8,0.5463
23033.1,32250.6,23104.3,32318.0,0.5463
3946.1,31625.1,3956.0,31677.7,0.5460
16794.0,566.5,16853.6,620.7,0.5459
29956.5,35520.0,30033.9,35563.7,0.5457
17037.0,20977.8,17054.0,20990.8,0.5457
23741.1,30964.1,23752.3,30974.1,0.5456
32433.2,7343.7,32476.5,7360.0,0.5456
27920.6,19072.7,27968.1,19093.4,0.5455
29899.5,18411.9,29934.5,18428.1,0.5454
17903.0,5517.9,17919.5,5561.0,0.5453
30084.7,35326.8,30096.8,35342.1,0.5453
22701.8,35433.7,22719.9,35490.8,0.5452
12458.3,36057.7,12482.9,36070.2,0.5450
2880.5,4991.3,2907.3,5026.4,0.5450
16125.0,15897.6,16136.2,15907.6,0.5449
26264.3,33776.4,26277.8,33788.0,0.5448
7459.9,1585.7,7472.7,1601.4,0.5448
37523.4,18051.8,37555.6,18063.9,0.5447
30127.7,36307.3,30139.2,36317.9,0.5447
14553.5,20564.1,14577.3,20576.2,0.5446
19793.4,20274.1,19821.9,20289.8,0.5445
19371.8,21648.7,19389.8,21657.2,0.5444
13876.9,35148.0,13943.1,35170.6,0.5444
15731.4,31416.0,15775.9,31440.2,0.5444
30774.6,31040.0,30845.2,31070.9,0.5443
35143.8,5528.1,35175.8,5568.8,0.5443
7647.4,8946.4,7684.2,8973.3,0.5441
14325.5,26346.7,14352.5,26358.2,0.5440
28067.4,18702.3,28133.2,18725.5,0.5439
18602.2,17980.7,18623.6,18005.1,0.5438
16746.4,33242.0,16772.6,33254.3,0.5438
28460.3,15971.0,28487.8,15981.2,0.5436
26715.9,20414.9,26728.8,20426.6,0.5435
17051.0,36124.7,17077.3,36143.9,0.5435
25281.1,20186.6,25298.1,20197.6,0.5434
30875.5,24945.4,30894.1,24961.2,0.5434
33498.5,28366.6,33519.1,28377.1,0.5434
13382.7,36497.7,13438.5,36512.2,0.5433
3963.1,23642.0,3972.0,23673.6,0.5433
21681.2,32147.6,21707.2,32161.4,0.5431
16880.6,34580.2,16930.9,34596.5,0.5431
37408.0,16610.9,37439.9,16622.4,0.5430
17833.8,7549.5,17907.4,7613.4,0.5430
24898.9,22171.7,24916.4,22183.4,0.5429
3531.8,309.5,3572.0,377.7,0.5429
38167.2,22919.7,38292.0,23022.3,0.5427
17144.8,25531.9,17172.5,25541.9,0.5426
21070.8,28349.9,21082.2,28362.5,0.5425
23200.7,24769.1,23221.4,24782.0,0.5424
33492.3,15708.9,33507.7,15720.6,0.5424
13075.7,34335.9,13160.0,34348.5,0.5423
29180.7,1488.1,29254.9,1548.4,0.5423
27786.4,32252.5,27838.5,32318.7,0.5421
16906.3,31891.0,16949.9,31902.2,0.5421
34322.3,30400.0,34382.7,30430.8,0.5421
24503.5,15423.9,24516.6,15433.9,0.5420
20440.5,30481.3,20468.6,30495.4,0.5420
22117.2,20341.2,22129.1,20353.0,0.5420
29796.4,20369.2,29857.6,20383.0,0.5419
38432.5,3478.4,38470.0,3509.2,0.5418
19468.6,32264.1,19517.4,32275.3,0.5417
29000.9,31733.9,29117.1,31842.2,0.5416
30841.0,14778.0,30856.7,14787.5,0.5416
18846.6,623.6,18889.1,640.0,0.5415
24154.8,34764.0,24177.1,34776.6,0.5415
32105.8,36424.3,32225.2,36526.6,0.5413
26839.8,20907.1,26862.7,20921.7,0.5412
13817.0,29945.0,13842.7,29956.5,0.5412
37643.6,28099.7,37667.8,28110.0,0.5412
189.7,24182.1,200.6,24204.4,0.5412
14440.9,2246.2,14482.5,2301.2,0.5411
18186.0,36307.1,18213.4,36317.5,0.5407
28554.5,1280.0,28607.4,1339.9,0.5406
22367.1,35195.5,22379.0,35210.9,0.5405
12530.8,26866.8,12544.7,26878.0,0.5405
17609.0,26880.4,17651.6,26899.8,0.5404
25841.1,32302.5,25874.7,32320.0,0.5403
29416.5,34406.4,29542.0,34511.8,0.5401
13309.6,18996.9,13326.8,19008.6,0.5401
35340.8,16953.3,35363.1,16966.2,0.5398
4142.5,30675.5,4153.1,30691.5,0.5396
10241.4,3520.0,10314.2,3577.4,0.5396
35255.8,25538.9,35362.6,25644.5,0.5396
14257.4,29784.7,14304.5,29796.2,0.5396
107.6,29761.5,116.1,29793.4,0.5395
23602.9,18408.0,23676.4,18439.5,0.5395
27272.5,20112.7,27313.3,20127.1,0.5394
6816.3,2509.3,6842.0,2545.7,0.5393
28073.4,14818.1,28096.0,14830.7,0.5393
21619.0,23555.2,21651.8,23569.8,0.5393
26745.9,26675.5,26771.2,26685.8,0.5392
28852.2,21135.8,28904.5,21151.4,0.5391
26695.7,18071.4,26706.5,18079.6,0.5390
18709.6,2224.7,18754.2,2255.2,0.5390
28678.1,33724.1,28791.8,33804.0,0.5389
16240.6,35361.8,16274.5,35374.0,0.5388
4601.5,3052.8,4654.4,3109.6,0.5387
34321.9,24229.5,34341.4,24252.6,0.5387
20324.0,25132.9,20342.9,25148.0,0.5387
14958.2,25760.1,14977.8,25770.9,0.5386
27608.1,35402.2,27712.9,35516.0,0.5386
3911.0,32613.8,3939.9,32639.4,0.5385
33494.4,31553.9,33609.1,31662.7,0.5384
22443.8,1429.4,22499.8,1479.4,0.5384
22318.6,22013.2,22343.8,22028.9,0.5384
1238.6,13359.1,1307.2,13439.2,0.5381
6777.3,3122.0,6820.7,3135.9,0.5381
34004.6,26774.5,34119.1,26867.1,0.5381
26882.8,25858.4,26931.5,25870.7,0.5379
16904.8,23371.3,16935.4,23385.1,0.5379
19547.2,19857.4,19578.5,19873.0,0.5379
16361.3,36367.7,16425.0,36395.8,0.5378
18063.7,24198.3,18076.5,24210.3,0.5377
17228.0,22366.9,17255.3,22382.7,0.5375
18528.7,36642.1,18554.0,36653.8,0.5374
23065.4,26282.1,23089.8,26306.1,0.5374
24123.9,19433.8,24141.1,19447.0,0.5372
15118.8,34688.2,15136.0,34700.2,0.5372
6134.2,8640.4,6181.2,8680.3,0.5372
20442.9,20986.0,20479.9,21018.1,0.5372
36081.8,20054.4,36158.1,20124.8,0.5371
13019.5,19030.5,13034.1,19041.1,0.5371
16882.7,24258.4,16913.8,24271.1,0.5370
26895.3,20002.5,26913.4,20014.0,0.5369
21311.7,21861.0,21328.3,21871.3,0.5369
18114.5,6878.0,18139.8,6917.1,0.5369
22400.2,14720.0,22426.2,14771.7,0.5369
28081.2,19944.1,28094.1,19954.5,0.5369
19808.2,20530.0,19838.1,20541.9,0.5369
21039.2,26335.9,21068.3,26350.3,0.5368
12753.3,30512.5,12796.9,30525.7,0.5368
28406.2,20330.8,28446.2,20341.7,0.5367
35380.0,17863.0,35399.1,17879.7,0.5367
941.1,27579.1,1005.4,27604.5,0.5366
24913.3,31216.1,24956.4,31230.6,0.5366
25818.6,9259.9,25859.1,9303.4,0.5366
18881.5,33756.0,18944.4,33794.5,0.5366
15148.0,34640.9,15203.2,34654.0,0.5365
26620.9,36450.3,26696.8,36480.0,0.5365
32962.0,5294.6,32975.8,5331.4,0.5364
23476.2,21882.2,23495.1,21894.6,0.5363
22350.7,23314.4,22394.4,23328.9,0.5361
27073.4,16555.9,27087.9,16568.9,0.5361
21951.5,5170.9,21977.9,5200.2,0.5360
15891.1,5921.7,15953.4,5936.7,0.5359
19238.4,34769.7,19275.5,34781.5,0.5357
26179.8,5440.0,26239.0,5465.9,0.5357
5974.0,11522.4,5991.4,11556.7,0.5354
27832.6,18972.3,27858.4,18984.5,0.5354
18479.3,15904.1,18489.6,15924.4,0.5353
33781.9,17352.5,33793.3,17362.9,0.5353
38178.3,4889.1,38228.3,4912.3,0.5353
21692.8,22509.5,21709.9,22520.8,0.5352
13168.4,26040.5,13201.0,26052.1,0.5352
20891.5,15196.8,20910.5,15208.4,0.5351
18971.4,25329.4,19025.3,25343.4,0.5350
14299.6,23727.8,14318.6,23742.6,0.5349
30176.5,13526.3,30190.2,13537.1,0.5349
30229.6,25733.7,30241.3,25743.7,0.5348
5099.0,369.0,5138.9,403.8,0.5348
30514.5,23734.9,30563.2,23759.8,0.5346
12870.4,28289.1,12935.8,28302.8,0.5344
14239.4,27455.7,14258.6,27466.3,0.5343
14313.9,33453.3,14335.0,33466.5,0.5342
16890.5,22244.1,16916.7,22255.1,0.5341
1217.7,4160.0,1278.6,4230.8,0.5341
29103.6,18072.8,29118.8,18084.4,0.5341
16379.7,25747.4,16420.2,25765.2,0.5340
17912.0,7640.8,17966.4,7704.9,0.5340
34994.7,24693.8,35119.7,24790.5,0.5340
18029.6,20437.7,18047.8,20466.2,0.5338
17146.2,36185.4,17186.6,36207.7,0.5338
8542.5,1292.5,8592.4,1340.9,0.5338
32249.0,19732.2,32269.0,19744.3,0.5338
25759.1,20231.5,25799.3,20246.8,0.5338
35422.0,5744.2,35452.4,5760.0,0.5337
27891.0,14649.9,27920.5,14658.4,0.5337
18426.4,33675.8,18464.3,33690.2,0.5336
22256.0,24448.5,22297.2,24475.7,0.5336
36690.6,6025.7,36715.1,6054.6,0.5336
17040.0,23534.0,17173.2,23579.1,0.5335
15088.6,24658.4,15103.9,24670.6,0.5335
926.3,5557.1,960.0,5627.1,0.5335
20887.4,34127.7,20927.9,34141.0,0.5333
14244.8,19129.7,14256.7,19144.9,0.5332
437.3,25825.4,447.4,25847.0,0.5331
25878.0,32231.0,25919.1,32305.4,0.5330
196.2,24505.7,207.0,24526.6,0.5330
22308.5,28749.9,22344.2,28766.1,0.5329
25279.3,31495.4,25290.9,31509.6,0.5329
14658.1,29879.1,14686.4,29892.0,0.5328
20081.3,18788.2,20098.3,18799.4,0.5328
22473.6,29096.4,22540.9,29123.8,0.5327
23715.0,20185.7,23727.4,20198.1,0.5327
23890.9,34290.5,23919.8,34302.0,0.5326
23518.9,36224.0,23574.1,36253.4,0.5326
37950.7,320.0,38002.2,355.5,0.5325
18774.0,32156.2,18803.1,32175.8,0.5324
17918.4,26509.2,17959.3,26534.1,0.5322
15136.7,15178.2,15163.3,15190.3,0.5321
24022.0,4709.4,24040.6,4732.1,0.5321
34560.0,4183.1,34616.7,4225.5,0.5320
6366.7,7970.4,6389.2,7999.4,0.5319
22992.0,34306.8,23015.2,34321.5,0.5317
37370.3,22584.1,37490.9,22672.2,0.5316
34707.4,34976.4,34733.7,34990.4,0.5316
1437.4,20608.9,1466.1,20629.7,0.5316
20162.1,19772.2,20192.7,19794.8,0.5316
29073.5,21679.9,29115.9,21690.8,0.5314
18355.9,7851.2,18391.6,7887.7,0.5313
17127.0,18722.2,17138.7,18734.0,0.5312
38128.6,20115.2,38145.9,20128.5,0.5312
15371.9,7566.9,15422.5,7615.7,0.5311
16962.0,18527.8,16976.6,18560.0,0.5310
14447.6,32402.3,14465.8,32411.6,0.5310
28400.7,32575.8,28515.1,32639.9,0.5309
37105.5,21169.1,37119.5,21207.0,0.5307
17690.5,4707.1,17705.7,4756.0,0.5304
15160.6,25206.6,15178.8,25217.0,0.5304
325.7,30163.3,337.5,30196.9,0.5304
28853.1,32279.2,28972.5,32368.4,0.5304
23048.3,28043.9,23062.1,28054.9,0.5303
32001.1,16786.5,32019.1,16794.6,0.5302
20000.3,32124.9,20043.3,32138.4,0.5301
15746.3,29362.0,15779.9,29377.9,0.5301
30469.0,36375.4,30582.6,36477.1,0.5301
15012.7,32802.4,15040.8,32814.2,0.5300
10163.3,18155.7,10301.7,18191.9,0.5299
21894.7,35994.8,22024.8,36111.4,0.5299
28779.0,36160.0,28846.8,36190.0,0.5299
37936.0,32092.0,37954.3,32102.5,0.5299
13599.2,30506.5,13622.2,30515.1,0.5298
12735.9,31679.7,12774.7,31694.7,0.5298
13855.3,33771.3,13900.0,33782.7,0.5298
23013.7,28607.9,23028.1,28622.6,0.5298
31871.3,24429.1,31924.5,24440.4,0.5297
13602.4,24864.9,13635.5,24878.0,0.5295
4664.3,20160.0,4725.3,20222.8,0.5295
2777.9,33259.4,2807.7,33288.8,0.5295
31287.8,23363.7,31319.4,23374.1,0.5295
37603.6,3555.8,37664.4,3588.7,0.5295
30755.8,21314.3,30772.2,21328.8,0.5294
16036.6,30788.1,16071.9,30799.0,0.5293
14229.9,26984.7,14240.2,26994.4,0.5292
33677.3,31177.6,33748.6,31278.8,0.5292
21499.6,34240.0,21540.8,34263.0,0.5291
6495.3,7618.4,6517.1,7655.8,0.5290
17453.1,19262.6,17500.9,19292.8,0.5290
15995.5,36452.2,16016.7,36464.7,0.5290
17264.9,23412.2,17279.6,23422.6,0.5290
27114.6,27968.9,27126.9,27984.3,0.5288
25164.9,22397.6,25207.0,22425.9,0.5288
17889.9,28492.0,17908.8,28503.1,0.5286
34766.4,22686.1,34776.8,22697.7,0.5285
16662.3,25771.9,16726.8,25785.5,0.5285
35520.0,13413.0,35536.7,13439.8,0.5282
17627.5,30080.1,17662.9,30091.9,0.5282
29598.0,16210.2,29609.9,16222.1,0.5281
30951.8,27833.6,30979.9,27845.4,0.5281
23199.2,26708.0,23214.2,26720.9,0.5281
35895.9,28160.0,35960.6,28197.0,0.5281
15508.6,24322.6,15524.2,24333.5,0.5280
18202.6,32897.4,18240.5,32911.0,0.5280
36177.7,33029.0,36190.9,33041.8,0.5276
16232.5,33590.0,16256.9,33604.1,0.5275
19927.4,13935.8,19940.3,13948.0,0.5275
22807.4,24948.1,22852.2,24960.9,0.5275
7146.3,7104.9,7156.4,7119.0,0.5274
19437.3,27066.5,19463.6,27077.2,0.5274
13524.5,30616.9,13549.7,30625.7,0.5273
16626.7,18886.7,16656.1,18910.3,0.5273
32020.5,17089.2,32041.2,17099.9,0.5272
30223.2,21039.6,30247.9,21050.6,0.5271
27044.4,18900.4,27055.8,18911.9,0.5271
26396.1,17824.9,26407.9,17833.7,0.5270
13947.5,18336.7,13960.8,18349.9,0.5270
19085.0,27684.2,19106.7,27699.6,0.5269
22759.6,17314.6,22770.0,17326.5,0.5269
29919.8,18465.3,29943.6,18474.5,0.5269
14613.8,31102.4,14698.2,31116.3,0.5268
17149.4,8386.2,17172.3,8403.7,0.5268
22081.9,18082.5,22102.9,18092.0,0.5268
23288.5,35704.5,23357.0,35831.1,0.5268
25144.5,36761.8,25256.5,36864.0,0.5265
30807.6,32918.0,30928.4,33030.6,0.5264
22712.2,23129.8,22760.0,23142.7,0.5263
13377.4,34736.6,13409.9,34750.8,0.5262
13029.1,19088.5,13057.0,19106.5,0.5262
18795.0,36729.9,18832.3,36743.2,0.5261
33893.9,29993.2,34004.5,30098.1,0.5261
18464.0,33315.5,18540.9,33359.3,0.5257
13344.4,36306.4,13389.1,36318.6,0.5257
20481.8,20386.2,20523.3,20409.9,0.5256
931.8,4240.3,959.0,4316.5,0.5255
325.8,11411.8,342.6,11439.9,0.5254
11253.5,17858.2,11314.6,17890.0,0.5254
28242.1,19470.6,28256.2,19480.5,0.5254
9397.9,1564.2,9443.0,1596.4,0.5254
32000.4,1133.8,32044.3,1182.0,0.5253
30874.1,7916.0,30902.8,7945.0,0.5252
19135.9,28774.2,19160.8,28789.9,0.5252
19207.5,21977.9,19220.2,21987.6,0.5249
31603.1,28575.0,31677.1,28684.7,0.5249
336.5,21593.5,401.6,21622.9,0.5248
31083.5,35813.6,31106.6,35839.3,0.5248
30097.4,15773.2,30130.9,15787.0,0.5248
20499.9,18065.0,20518.7,18077.4,0.5246
15552.1,15854.9,15572.5,15866.3,0.5246
15188.5,23048.7,15203.7,23059.3,0.5246
23495.3,25657.5,23517.5,25670.7,0.5244
2770.5,4057.2,2802.5,4096.7,0.5243
16362.8,32517.2,16393.7,32529.5,0.5243
6734.6,3893.1,6759.1,3931.0,0.5242
12946.6,34464.2,13007.9,34479.2,0.5240
21717.1,36126.2,21845.2,36222.5,0.5240
27478.8,33320.9,27588.9,33428.8,0.5240
36434.2,12484.7,36455.9,12499.2,0.5239
27582.4,25743.7,27600.5,25754.8,0.5239
34.4,30034.3,44.2,30065.3,0.5239
25762.9,21969.9,25794.8,21983.6,0.5239
15868.3,5491.5,15907.9,5518.0,0.5238
14905.0,33955.8,14962.8,33973.7,0.5237
26999.5,32960.0,27076.3,33005.1,0.5237
29737.9,20075.9,29776.2,20086.6,0.5236
16606.8,32988.9,16625.1,33002.9,0.5235
31765.0,34290.1,31884.9,34382.4,0.5235
16306.2,25857.2,16321.8,25870.8,0.5234
2797.6,6173.0,2830.8,6228.8,0.5233
24234.3,21592.6,24253.4,21615.9,0.5233
32932.8,23680.0,32959.3,23729.5,0.5233
38378.0,17218.1,38394.0,17233.5,0.5232
36728.2,30083.9,36748.9,30095.5,0.5231
13975.1,33227.8,13996.3,33238.7,0.5230
23346.5,36474.5,23359.6,36503.2,0.5227
13943.9,32562.3,13984.8,32577.6,0.5227
36007.9,26586.7,36119.1,26698.3,0.5225
22071.4,19885.5,22126.8,19899.6,0.5225
29387.4,27664.6,29438.1,27680.5,0.5225
19173.4,33008.1,19203.5,33021.1,0.5224
17297.7,36287.1,17325.9,36300.6,0.5223
14509.7,30014.2,14556.3,30026.6,0.5223
14003.2,25139.8,14015.6,25156.2,0.5223
27002.4,17961.1,27024.1,17975.7,0.5222
21505.4,19279.1,21517.4,19292.6,0.5222
1771.6,21225.9,1841.3,21291.2,0.5222
11111.0,26589.9,11164.5,26607.2,0.5222
6949.5,1514.5,6960.6,1559.7,0.5221
25104.3,26097.7,25132.3,26108.5,0.5221
32253.6,1503.2,32306.3,1523.6,0.5220
13307.8,33852.1,13333.1,33863.2,0.5219
31795.8,31329.8,31863.5,31360.0,0.5218
21995.2,31599.0,22048.5,31619.7,0.5217
18375.4,32250.4,18453.1,32326.7,0.5217
22834.6,19902.9,22852.6,19919.4,0.5217
17423.1,33339.8,17455.4,33350.9,0.5216
28737.4,21236.1,28777.2,21247.5,0.5216
20600.3,26601.5,20623.4,26614.0,0.5213
19256.8,17839.6,19268.0,17849.6,0.5211
17135.7,31971.5,17151.9,31996.4,0.5210
16843.3,34044.4,16873.9,34058.7,0.5210
27631.9,30437.6,27660.6,30450.6,0.5209
21004.0,22648.5,21032.9,22670.0,0.5209
31205.0,7040.0,31244.7,7066.3,0.5207
22817.5,19053.3,22829.2,19064.6,0.5207
15571.0,29065.3,15589.9,29078.0,0.5206
13796.5,28064.8,13851.6,28079.4,0.5206
21589.2,27421.4,21635.2,27447.8,0.5206
31520.3,15481.5,31545.4,15492.4,0.5206
18694.6,34453.4,18732.5,34470.2,0.5204
14673.5,31155.9,14709.9,31168.9,0.5204
30657.6,26143.2,30699.6,26157.9,0.5204
17130.1,17545.1,17148.3,17558.0,0.5203
21492.3,20863.7,21506.5,20872.4,0.5203
25538.1,22970.4,25548.5,22981.3,0.5202
28538.0,14799.1,28569.8,14814.0,0.5201
21235.2,35236.7,21255.5,35247.9,0.5201
27857.9,23391.4,27931.7,23405.1,0.5200
5134.9,2438.3,5160.9,2467.4,0.5199
22362.5,33600.0,22466.4,33657.7,0.5199
24001.4,7360.0,24064.2,7399.3,0.5198
12861.5,28360.3,12921.4,28374.6,0.5198
893.4,30810.3,902.9,30841.1,0.5197
23717.6,7730.2,23736.1,7755.7,0.5197
14240.9,24217.3,14263.7,24228.9,0.5197
20913.8,18415.1,20931.3,18425.7,0.5197
32336.2,1820.4,32348.6,1837.0,0.5196
17920.0,23680.0,17988.1,23749.6,0.5194
13961.9,32274.6,13986.2,32285.8,0.5193
17991.9,28337.0,18017.0,28350.2,0.5190
21358.9,13074.2,21371.6,13085.8,0.5190
25466.0,17904.3,25482.7,17914.4,0.5190
34152.8,26662.6,34239.8,26771.5,0.5189
37957.3,22171.2,38070.3,22258.6,0.5189
15512.5,36354.0,15539.5,36365.9,0.5188
26512.2,22466.4,26553.2,22481.3,0.5188
19330.5,33231.0,19387.6,33244.9,0.5188
15077.1,29866.1,15151.9,29885.6,0.5187
6834.8,3252.0,6859.4,3291.7,0.5186
13361.8,5693.8,13388.7,5721.8,0.5185
25496.9,31889.1,25528.5,31905.6,0.5184
18434.8,7665.2,18484.4,7680.0,0.5184
36597.2,26221.5,36637.0,26240.0,0.5182
34855.0,30662.9,34966.1,30775.9,0.5182
4491.5,3452.7,4507.2,3513.1,0.5181
18698.7,28428.6,18720.8,28441.4,0.5181
27014.1,16921.5,27028.3,16931.9,0.5180
26609.7,35717.5,26628.4,35731.9,0.5176
4918.5,3506.9,4970.6,3518.5,0.5176
18130.8,20129.2,18158.9,20147.6,0.5174
12486.5,19309.2,12499.5,19320.5,0.5172
29040.8,18526.8,29055.8,18537.8,0.5171
21435.9,29693.0,21470.8,29705.6,0.5169
28519.1,30808.0,28633.7,30908.9,0.5169
34411.1,19692.2,34439.9,19706.3,0.5168
21649.9,15538.7,21662.9,15547.6,0.5167
23725.3,21272.8,23743.6,21295.0,0.5167
14899.4,34577.5,14961.1,34592.7,0.5165
15660.4,9355.8,15680.0,9379.9,0.5164
13910.7,18638.4,13924.4,18648.4,0.5163
25367.2,22131.2,25385.4,22142.4,0.5163
14411.1,33532.0,14439.4,33542.1,0.5162
23532.9,27446.1,23544.6,27455.9,0.5162
26715.1,26078.5,26765.4,26093.7,0.5161
24195.7,18752.2,24224.3,18766.0,0.5161
13331.0,33390.1,13365.8,33405.8,0.5161
31688.6,28186.6,31704.0,28197.3,0.5161
37313.1,23654.2,37376.3,23680.0,0.5160
15889.3,35100.6,15935.9,35113.3,0.5160
35496.0,26880.0,35557.8,26911.3,0.5159
12739.4,31395.2,12769.0,31413.8,0.5159
33700.7,4177.1,33748.5,4191.0,0.5158
29857.5,18029.9,29870.4,18042.6,0.5158
31738.4,22799.5,31778.2,22821.3,0.5157
25179.8,23321.0,25236.3,23349.8,0.5157
30244.8,28366.5,30278.2,28378.4,0.5157
29559.9,23586.8,29585.6,23597.6,0.5157
15805.7,23949.8,15819.6,23961.0,0.5156
17434.3,33506.3,17473.1,33519.1,0.5156
18275.3,27979.7,18301.9,28002.0,0.5155
30359.5,16203.1,30390.7,16212.8,0.5155
14681.0,31616.5,14717.6,31625.0,0.5152
15576.7,31822.0,15592.7,31833.3,0.5151
23809.2,27566.9,23836.5,27581.6,0.5151
27235.2,16466.8,27280.1,16479.5,0.5150
17689.1,21823.1,17702.0,21835.6,0.5149
29579.1,18024.2,29602.2,18034.9,0.5149
30088.8,35673.4,30199.3,35782.4,0.5149
16116.1,31693.9,16130.0,31708.1,0.5148
16381.7,16939.0,16404.9,16957.8,0.5147
22563.3,18376.7,22604.6,18386.4,0.5147
19615.2,20562.3,19634.1,20591.7,0.5146
37867.7,27378.9,37883.2,27387.5,0.5146
33264.4,4600.8,33279.4,4630.7,0.5145
23592.8,26425.2,23616.1,26437.7,0.5145
748.3,30034.4,809.5,30089.0,0.5143
33162.2,8891.8,33208.1,8907.2,0.5143
22954.1,22696.8,23033.6,22724.9,0.5143
34775.7,30308.8,34887.1,30399.2,0.5140
35689.1,33465.4,35700.6,33475.2,0.5140
24566.7,27922.6,24610.6,27936.8,0.5139
32888.5,22967.3,32912.8,22979.6,0.5139
19662.7,30746.2,19697.7,30758.5,0.5139
20612.7,23924.7,20656.7,23940.9,0.5137
20366.2,19352.1,20396.5,19362.6,0.5137
26878.0,31322.5,26958.1,31360.0,0.5136
4596.1,2957.7,4649.3,2987.1,0.5136
11668.1,795.9,11707.7,827.1,0.5134
17071.2,22305.7,17096.3,22320.1,0.5134
21583.7,21545.9,21612.9,21558.2,0.5133
38217.8,27909.3,38241.0,27920.7,0.5132
36216.9,18531.4,36266.5,18545.2,0.5132
13048.5,31427.0,13075.4,31436.9,0.5130
15202.9,35160.3,15262.1,35173.2,0.5129
30629.2,23914.1,30641.9,23922.6,0.5128
16961.2,415.4,17060.3,477.5,0.5128
16626.7,22255.8,16639.9,22266.8,0.5126
21443.4,23487.1,21464.2,23508.1,0.5125
6449.9,7740.3,6475.5,7774.7,0.5123
32058.2,32110.6,32172.0,32225.3,0.5123
16539.5,31680.5,16568.3,31691.7,0.5121
15816.5,25505.6,15840.4,25517.7,0.5121
31210.4,30881.0,31329.0,30990.0,0.5119
32599.6,26444.4,32612.1,26454.9,0.5118
28320.4,19675.0,28334.1,19682.9,0.5117
12871.7,25093.2,12884.4,25104.0,0.5116
18348.9,18442.6,18377.6,18454.6,0.5116
37048.2,35122.8,37063.0,35133.5,0.5115
21394.9,23292.2,21437.6,23303.6,0.5115
19617.5,35107.5,19635.0,35120.0,0.5115
354.1,30538.9,364.2,30565.9,0.5115
12976.2,20532.9,12990.6,20544.5,0.5114
12987.2,34780.8,13034.6,34793.3,0.5112
35862.7,7738.7,35901.0,7766.5,0.5111
22206.4,18490.1,22225.9,18498.5,0.5111
30965.3,35718.3,31037.9,35816.9,0.5109
32798.9,22910.1,32812.5,22921.5,0.5108
18949.1,18137.1,18967.2,18150.1,0.5106
19507.0,3265.2,19567.6,3299.0,0.5106
2650.2,21363.2,2685.9,21409.9,0.5105
17418.7,26458.4,17442.0,26469.5,0.5105
25464.0,36633.0,25575.0,36746.6,0.5104
20724.4,34520.5,20761.9,34535.9,0.5104
24869.1,7156.2,24923.0,7195.2,0.5104
15874.7,34491.2,15904.4,34501.7,0.5104
15421.3,35794.6,15455.2,35806.6,0.5104
18622.2,17333.4,18640.5,17356.8,0.5101
30440.8,26375.9,30554.8,26482.4,0.5100
29991.0,9050.9,30037.0,9083.3,0.5099
28322.8,28595.9,28343.8,28606.9,0.5099
28329.1,36273.1,28446.5,36373.2,0.5094
764.9,10058.3,791.5,10094.5,0.5092
409.8,25187.1,422.5,25218.1,0.5092
32999.0,29220.7,33111.0,29311.7,0.5090
13158.9,4480.0,13238.9,4536.9,0.5090
10081.3,2666.8,10106.0,2682.7,0.5089
1340.3,33949.6,1359.3,33981.3,0.5088
28535.4,20779.5,28560.5,20793.9,0.5087
36239.2,22664.9,36359.4,22720.0,0.5087
36213.3,3856.9,36260.1,3884.4,0.5087
35108.6,19696.8,35121.9,19709.1,0.5086
22851.6,23095.8,22896.5,23106.9,0.5086
18514.0,33987.9,18553.9,34000.6,0.5084
35610.7,16905.5,35628.1,16918.7,0.5084
37049.5,21440.0,37078.4,21449.1,0.5082
19438.2,17431.2,19448.0,17441.7,0.5082
7724.0,1188.0,7735.7,1199.6,0.5081
29087.0,21226.7,29106.7,21252.5,0.5079
22021.9,20528.4,22032.6,20536.8,0.5078
24321.0,16811.0,24335.1,16822.7,0.5077
22356.0,18137.2,22369.2,18146.7,0.5077
18088.4,34339.0,18130.1,34351.4,0.5074
2197.5,20417.3,2235.9,20440.2,0.5073
31493.0,16098.8,31505.2,16110.1,0.5072
24325.0,24483.2,24362.0,24495.0,0.5070
4725.3,3879.8,4770.2,3901.4,0.5070
26089.7,18939.7,26111.2,18951.6,0.5067
14672.8,32515.1,14719.6,32529.2,0.5066
37177.6,26184.7,37293.0,26240.0,0.5066
16705.2,239.1,16791.2,308.8,0.5066
20053.6,21578.0,20102.8,21599.7,0.5065
30318.6,15778.0,30332.6,15788.9,0.5063
19798.0,30297.5,19837.1,30316.3,0.5063
17886.0,34362.8,17929.6,34390.8,0.5062
13611.5,35133.2,13631.5,35149.4,0.5061
15086.6,18795.6,15102.4,18806.5,0.5058
26698.7,23369.1,26740.8,23384.0,0.5057
12451.2,31874.3,12463.4,31885.6,0.5057
22155.8,16784.1,22186.1,16797.9,0.5056
4280.8,6651.9,4301.0,6676.2,0.5055
9267.9,6515.7,9312.9,6541.4,0.5055
16720.9,22282.4,16753.8,22304.6,0.5055
34008.9,4299.7,34059.9,4327.2,0.5054
19449.2,20569.6,19475.4,20582.3,0.5054
12562.8,30302.5,12583.9,30315.3,0.5054
6843.5,3899.7,6867.2,3940.0,0.5052
28732.3,7379.7,28766.3,7414.4,0.5051
21834.1,20627.7,21856.6,20638.2,0.5051
22579.0,16046.4,22593.0,16058.3,0.5051
14475.4,22571.6,14496.7,22579.6,0.5050
21322.7,14243.4,21346.0,14254.2,0.5050
21709.9,29741.8,21766.1,29767.8,0.5050
35482.1,8088.2,35539.2,8117.1,0.5050
28727.7,21327.7,28740.3,21337.1,0.5050
17262.8,34835.2,17279.4,34847.7,0.5050
23428.3,32901.4,23512.7,32960.0,0.5050
19958.7,22732.2,19970.4,22746.2,0.5049
20536.4,15471.4,20558.6,15481.9,0.5049
29927.5,23107.9,29959.1,23119.8,0.5049
19949.7,19428.2,19960.8,19439.0,0.5049
19403.6,22135.4,19516.1,22168.1,0.5049
35732.2,36700.1,35752.5,36711.0,0.5048
321.5,9155.9,340.2,9199.7,0.5048
25878.7,32205.0,25988.3,32310.1,0.5047
19801.1,14589.5,19823.1,14600.6,0.5047
18539.6,17782.2,18558.4,17792.3,0.5045
19120.9,35935.4,19133.3,35951.7,0.5045
25442.3,31274.8,25458.6,31294.8,0.5045
902.2,8271.6,956.0,8315.0,0.5044
31041.0,33841.3,31111.0,33918.6,0.5044
30575.2,32406.5,30585.5,32419.0,0.5042
3379.4,30369.3,3391.1,30400.0,0.5042
17474.4,18108.0,17504.1,18127.9,0.5041
13391.6,30290.3,13427.3,30302.4,0.5040
25188.8,27665.7,25206.7,27678.9,0.5039
15240.9,24472.1,15262.8,24482.3,0.5038
15945.2,34051.1,15983.8,34062.6,0.5037
19327.1,36009.2,19352.2,36022.0,0.5036
16746.3,20046.7,16772.9,20063.6,0.5035
12978.1,35809.9,13025.8,35824.0,0.5035
26970.9,15976.3,26984.7,15987.0,0.5035
10240.2,1563.9,10264.8,1594.9,0.5033
37390.8,7498.2,37437.4,7533.2,0.5032
22850.1,28794.4,22864.3,28807.6,0.5030
15338.6,20881.2,15361.8,20894.1,0.5030
13227.7,6055.9,13288.0,6080.0,0.5029
32703.1,26890.6,32724.1,26910.7,0.5028
20534.3,27850.6,20570.1,27861.5,0.5027
22878.2,31554.7,22896.9,31569.8,0.5027
23877.4,23964.6,23933.6,23976.8,0.5025
15419.4,34834.1,15463.7,34846.8,0.5024
33945.5,975.1,33990.6,1033.2,0.5023
23287.9,5907.3,23360.0,5933.8,0.5021
15833.1,33747.7,15847.3,33761.0,0.5019
31719.4,18191.4,31732.7,18203.1,0.5018
2860.1,30399.1,2871.4,30432.2,0.5017
32575.5,36747.3,32639.3,36858.9,0.5016
18216.6,29123.3,18238.2,29138.2,0.5016
3779.4,22551.5,3809.4,22584.6,0.5016
660.1,8198.6,699.7,8219.5,0.5016
29572.5,35520.0,29620.6,35544.3,0.5016
19985.4,33523.9,20017.9,33539.1,0.5014
33814.3,27569.2,33934.5,27664.8,0.5014
24815.8,17283.4,24827.9,17293.8,0.5013
30779.8,8935.4,30844.0,9000.9,0.5013
26878.8,21280.0,26890.9,21294.0,0.5012
28856.2,29360.7,28868.8,29377.0,0.5011
22366.4,28220.3,22395.4,28237.1,0.5010
1.0,30130.6,19.7,30201.2,0.5009
32918.1,18183.7,32928.5,18194.4,0.5009
18276.5,1280.0,18325.4,1312.2,0.5004
30695.9,16809.9,30730.6,16821.0,0.5003
21290.9,22876.9,21335.8,22907.1,0.5003
18368.9,20272.3,18382.7,20282.5,0.5003
24710.7,35449.8,24822.0,35517.6,0.5002
16273.0,36492.4,16336.9,36519.4,0.5002
37431.9,14643.3,37447.7,14652.8,0.5001
18612.5,16582.9,18639.5,16605.5,0.4999
16654.4,30469.7,16728.1,30483.4,0.4998
31879.7,8963.4,31917.9,8985.5,0.4997
31623.7,34089.0,31679.2,34160.2,0.4997
14449.1,32266.1,14493.1,32283.9,0.4997
23639.2,18401.6,23678.1,18419.4,0.4996
22111.9,26771.1,22167.3,26798.5,0.4995
37592.2,35611.2,37619.4,35630.7,0.4995
21681.2,25570.1,21712.1,25582.4,0.4995
31937.4,19052.2,31961.5,19065.2,0.4995
32826.3,20040.4,32837.3,20049.4,0.4994
19516.4,266.7,19572.4,326.4,0.4994
31159.9,28188.2,31271.1,28301.5,0.4992
21874.2,19167.2,21902.3,19178.9,0.4991
20088.1,22220.2,20119.2,22241.8,0.4991
13546.4,32404.1,13582.8,32415.3,0.4991
37547.2,33523.6,37568.0,33535.4,0.4989
13590.0,31386.6,13632.7,31418.3,0.4989
36692.1,30426.9,36706.0,30435.7,0.4989
31529.8,24356.1,31544.6,24366.8,0.4988
24550.9,24281.5,24562.5,24290.6,0.4988
16212.4,36001.3,16285.8,36036.2,0.4987
17682.0,2005.3,17776.8,2066.7,0.4987
26913.7,17971.5,26928.2,17983.6,0.4986
20176.4,33943.5,20195.0,33954.9,0.4984
34508.3,18526.4,34532.7,18541.6,0.4984
35230.0,17095.9,35258.3,17108.7,0.4983
23084.4,20403.3,23127.4,20413.8,0.4983
22273.5,23071.6,22325.4,23084.3,0.4983
19949.6,31986.0,19994.0,31999.0,0.4982
16590.4,2075.2,16639.7,2138.7,0.4982
36165.6,27385.1,36283.0,27453.5,0.4982
30946.0,28480.0,31039.8,28539.9,0.4981
1280.0,4219.9,1342.4,4251.6,0.4981
15520.3,36786.8,15545.1,36796.9,0.4979
29440.0,8472.2,29512.4,8564.2,0.4978
27307.6,17770.0,27342.4,17779.3,0.4978
24088.5,23697.8,24100.3,23710.3,0.4978
24413.9,33177.6,24439.8,33201.1,0.4977
15820.9,31340.3,15834.3,31353.2,0.4977
4969.3,7264.0,4996.0,7285.1,0.4976
33761.9,31360.2,33861.1,31411.1,0.4976
18866.2,16808.5,18895.4,16823.2,0.4975
23632.9,24244.4,23676.3,24258.0,0.4975
25585.6,35298.0,25599.5,35336.3,0.4974
31949.5,35817.6,31999.8,35901.1,0.4974
27015.6,25283.6,27034.8,25295.1,0.4974
19602.4,18191.5,19617.2,18202.0,0.4974
338.2,3409.4,349.5,3430.9,0.4972
14700.9,6121.2,14723.9,6148.5,0.4971
18358.2,33987.3,18403.5,33999.8,0.4970
37334.5,14233.0,37347.8,14240.0,0.4968
27399.7,20476.0,27411.5,20488.4,0.4968
13922.7,36642.1,13960.3,36652.6,0.4968
25009.0,27805.0,25026.9,27819.1,0.4967
16218.0,26818.8,16243.3,26829.4,0.4966
28088.0,17218.6,28143.7,17230.7,0.4966
21013.1,29393.0,21025.5,29402.1,0.4966
17674.3,21730.6,17696.6,21741.9,0.4965
32315.3,23235.0,32327.6,23246.7,0.4964
16707.2,6521.8,16719.4,6542.8,0.4961
24177.8,33920.8,24221.4,33961.1,0.4961
18631.4,21513.8,18648.9,21524.8,0.4960
19708.9,36146.6,19747.1,36159.8,0.4959
28241.0,14642.8,28268.5,14654.7,0.4959
18614.5,18602.9,18648.7,18623.5,0.4958
15336.2,27731.3,15358.9,27745.1,0.4958
719.6,23759.5,741.7,23798.6,0.4957
27040.4,21212.3,27053.4,21222.7,0.4956
32309.9,8883.4,32341.7,8898.5,0.4953
27276.3,16191.6,27288.4,16201.0,0.4953
18864.3,29200.6,18888.3,29212.1,0.4952
28000.7,9241.8,28037.6,9264.4,0.4949
28920.3,33560.2,29031.5,33659.5,0.4947
32880.5,20045.8,32952.7,20067.3,0.4947
37966.5,960.4,38013.0,1019.9,0.4946
31823.5,22234.9,31841.8,22245.8,0.4944
20355.2,20542.8,20370.1,20553.1,0.4943
27965.7,15825.8,28003.6,15835.4,0.4942
19968.4,20906.8,19984.8,20919.3,0.4942
21514.8,16198.5,21526.0,16209.2,0.4940
29590.0,14806.3,29602.5,14816.6,0.4940
26560.0,1008.2,26629.5,1068.2,0.4940
22998.4,14939.8,23035.0,14953.5,0.4939
17018.3,363.4,17109.8,474.8,0.4939
245.4,8568.3,271.7,8605.3,0.4937
13461.4,35490.5,13517.5,35502.4,0.4936
23455.3,21102.8,23499.9,21128.1,0.4935
27339.2,17679.7,27362.0,17691.5,0.4934
27867.9,20905.2,27911.9,20933.5,0.4934
12482.4,20030.7,12503.4,20042.5,0.4933
16908.4,3064.2,16959.0,3113.8,0.4931
14008.4,25036.9,14022.4,25047.8,0.4931
1325.4,27548.1,1342.8,27572.4,0.4930
86.5,21201.4,125.5,21233.9,0.4930
33383.5,16989.3,33396.8,17000.1,0.4928
24586.0,24420.6,24615.3,24435.0,0.4928
6742.9,5760.0,6789.0,5794.3,0.4924
23615.8,25196.9,23630.9,25209.2,0.4924
14671.7,36017.9,14712.2,36030.6,0.4923
20893.7,20945.3,20937.0,20962.7,0.4923
16321.1,26213.9,16368.2,26232.1,0.4922
531.5,12996.9,576.3,13024.6,0.4921
3521.6,1246.8,3551.6,1277.6,0.4920
16455.3,29516.0,16502.9,29527.9,0.4920
24914.4,32546.6,24937.8,32558.1,0.4920
34439.6,34613.9,34561.2,34721.0,0.4919
15141.0,28315.4,15153.8,28326.6,0.4919
3802.5,20555.7,3840.0,20587.7,0.4919
14210.1,34553.4,14254.0,34564.9,0.4919
36480.0,25514.9,36505.4,25562.0,0.4918
19463.4,33192.4,19489.5,33204.7,0.4916
36076.2,35884.4,36123.8,35903.1,0.4916
33163.2,20937.1,33212.6,20968.0,0.4915
14789.0,35668.3,14831.1,35681.4,0.4915
18741.5,26080.8,18792.0,26111.7,0.4915
30491.3,16961.4,30528.9,16976.6,0.4914
6990.8,9216.0,7004.0,9231.3,0.4912
16270.9,18434.6,16289.1,18447.2,0.4912
24546.7,26922.5,24558.3,26934.7,0.4911
17394.9,35913.9,17479.8,35951.8,0.4909
30217.9,33440.9,30340.8,33553.2,0.4909
34659.1,8357.8,34709.9,8397.4,0.4909
16738.7,32173.4,16780.5,32183.9,0.4908
15396.1,16321.3,15425.3,16334.4,0.4908
14921.3,34634.3,14980.6,34657.1,0.4907
31063.5,31040.0,31186.0,31100.7,0.4905
28031.3,30359.7,28044.8,30374.2,0.4904
35987.1,34813.1,36000.3,34823.8,0.4904
18432.6,19901.0,18446.1,19913.6,0.4903
23189.9,34517.3,23201.2,34527.6,0.4903
22938.4,31643.8,22980.5,31656.1,0.4902
12753.9,30241.5,12797.0,30272.2,0.4899
23509.3,34366.9,23522.4,34377.5,0.4897
20149.2,22530.5,20159.6,22543.5,0.4896
29976.3,16322.2,29989.6,16336.8,0.4895
17340.8,21102.3,17352.9,21126.7,0.4893
12544.5,1600.6,12583.5,1637.7,0.4892
29623.8,31040.4,29733.1,31137.1,0.4892
17651.1,15444.2,17668.3,15455.1,0.4892
31681.5,5039.5,31713.8,5104.1,0.4890
37717.8,17714.1,37730.0,17721.6,0.4889
15684.3,23600.8,15700.7,23614.8,0.4889
25737.1,17630.9,25748.6,17644.1,0.4888
37737.0,2586.9,37811.0,2642.2,0.4888
30799.2,18131.4,30825.0,18141.4,0.4888
30288.1,23941.6,30309.9,23951.7,0.4888
9942.7,6080.3,10000.6,6125.3,0.4886
33995.4,32065.7,34118.2,32160.2,0.4885
35702.2,31416.3,35816.9,31519.3,0.4885
28900.4,33864.3,29007.0,33977.5,0.4884
20174.3,18717.0,20185.0,18730.9,0.4884
25973.3,22010.1,26030.3,22036.5,0.4881
22172.7,20803.9,22207.2,20814.3,0.4881
24523.1,24473.9,24544.9,24483.8,0.4879
27597.9,30517.7,27620.0,30534.0,0.4878
29383.1,5948.7,29421.8,5979.5,0.4877
26136.5,32154.4,26247.4,32271.9,0.4877
15127.6,29116.1,15162.4,29127.3,0.4876
25754.9,30620.1,25785.3,30631.3,0.4876
18169.3,4800.8,18238.7,4841.1,0.4876
26043.2,32304.0,26089.3,32320.0,0.4874
27135.2,17493.8,27146.3,17505.8,0.4874
22341.3,18446.8,22376.9,18466.3,0.4873
25522.7,31598.7,25540.2,31610.8,0.4872
12775.1,29995.9,12798.4,30008.2,0.4871
36347.0,25920.0,36463.7,25970.9,0.4870
21888.1,17858.0,21912.3,17867.3,0.4869
17447.1,5948.4,17494.6,6027.5,0.4869
28073.9,15882.7,28089.2,15890.6,0.4869
23244.3,24016.1,23302.5,24027.5,0.4868
15268.0,25116.2,15285.7,25128.3,0.4866
22435.0,30156.2,22472.5,30169.8,0.4866
16893.8,35949.3,16946.5,35964.2,0.4866
25162.7,34808.8,25286.0,34877.5,0.4866
19098.0,27850.9,19146.6,27883.0,0.4863
30794.7,25265.1,30860.8,25280.0,0.4863
25171.6,30325.4,25221.2,30342.9,0.4862
9758.5,8155.7,9803.9,8186.3,0.4862
37633.2,1698.6,37653.1,1719.2,0.4860
10240.0,14370.5,10257.4,14400.0,0.4860
13404.1,33146.3,13455.5,33158.4,0.4858
17188.4,378.0,17217.0,434.6,0.4857
22280.3,28392.8,22318.2,28422.7,0.4857
22560.6,18769.6,22599.9,18782.2,0.4857
1338.4,34185.5,1351.0,34202.7,0.4856
21146.6,23618.7,21169.4,23647.4,0.4853
20458.9,30655.4,20475.4,30667.6,0.4853
28252.7,18801.8,28280.2,18812.4,0.4853
22274.5,27757.1,22340.4,27771.3,0.4853
9434.3,11525.3,9523.6,11640.9,0.4852
24148.6,25286.1,24161.8,25303.4,0.4852
31234.5,25555.1,31249.6,25565.8,0.4851
20371.7,28755.8,20400.2,28766.0,0.4850
18144.6,18256.2,18188.6,18272.1,0.4850
19042.4,22410.1,19068.3,22422.4,0.4848
17225.4,23611.8,17249.6,23630.0,0.4847
34778.9,29254.7,34903.4,29361.0,0.4847
8975.4,10410.0,9020.2,10472.5,0.4847
25049.9,18251.5,25063.6,18262.4,0.4847
36318.7,35242.0,36329.3,35251.8,0.4846
16124.9,32140.0,16148.2,32151.2,0.4845
22156.2,16784.1,22213.0,16804.1,0.4845
26822.3,9290.7,26878.3,9321.5,0.4845
28637.3,20964.2,28655.4,20974.6,0.4845
2528.6,26805.8,2551.0,26851.3,0.4844
20585.9,22152.8,20598.2,22166.7,0.4843
20713.9,6080.4,20762.5,6118.5,0.4843
28372.0,19266.8,28408.1,19278.6,0.4841
4235.3,31303.4,4249.6,31347.2,0.4841
321.5,21155.1,405.4,21236.2,0.4841
19049.4,24577.4,19086.3,24590.2,0.4841
25393.5,22511.4,25425.0,22522.0,0.4840
4125.9,2615.4,4180.0,2647.5,0.4840
14969.9,33840.5,14991.0,33854.4,0.4839
20425.3,27235.4,20454.3,27246.9,0.4838
13761.1,36193.0,13798.6,36205.3,0.4838
20949.0,31064.2,20994.8,31093.0,0.4837
25178.1,28242.3,25206.8,28253.8,0.4837
15188.8,32574.1,15219.9,32585.8,0.4835
23756.5,27698.6,23781.1,27710.8,0.4835
36175.8,29859.8,36187.4,29870.8,0.4833
29259.9,21041.8,29284.3,21054.1,0.4833
933.0,2617.5,973.9,2646.6,0.4833
21531.7,21873.8,21544.0,21885.4,0.4832
398.7,2410.6,416.2,2446.3,0.4831
27301.9,21320.4,27317.2,21329.7,0.4828
35143.5,27396.8,35199.6,27502.0,0.4827
38359.2,28959.1,38383.5,28970.8,0.4826
31930.7,24252.9,31941.8,24263.3,0.4825
18459.2,35044.0,18507.5,35055.3,0.4824
25982.3,16266.0,26053.2,16290.2,0.4824
12376.5,29163.8,12395.4,29177.3,0.4821
14892.9,35091.7,14930.9,35104.4,0.4821
30323.4,5324.7,30397.2,5434.9,0.4819
30276.3,8963.2,30304.0,8989.5,0.4819
15918.8,24872.4,15929.2,24882.3,0.4817
13628.1,34929.5,13686.9,34942.4,0.4817
33687.0,26020.1,33794.1,26131.0,0.4816
10382.8,1602.8,10404.7,1625.9,0.4813
30894.5,25691.8,30926.8,25702.6,0.4813
13835.6,19748.0,13855.3,19758.6,0.4812
20095.6,21073.0,20129.7,21091.8,0.4812
15609.9,28944.5,15630.6,28956.3,0.4812
755.4,8226.7,795.9,8241.6,0.4811
615.8,2108.1,653.2,2131.3,0.4810
14258.0,24323.5,14273.5,24334.9,0.4810
21325.2,9688.0,21353.1,9722.2,0.4809
35434.8,7946.7,35489.4,7988.6,0.4808
34756.7,34855.8,34773.1,34867.3,0.4807
16215.3,33788.1,16254.3,33798.6,0.4807
15347.1,19665.1,15378.5,19677.1,0.4807
18686.1,23281.7,18701.4,23293.3,0.4807
28872.4,9485.0,28910.9,9522.2,0.4805
29044.6,17484.0,29069.0,17495.8,0.4805
21475.4,22258.0,21502.4,22270.2,0.4804
36569.9,29926.2,36581.5,29937.5,0.4801
31456.7,19035.4,31492.2,19047.5,0.4800
35531.9,17763.3,35581.1,17773.6,0.4799
13136.6,31916.6,13172.9,31930.0,0.4799
21315.6,27689.2,21329.3,27699.7,0.4798
26348.2,21061.8,26370.0,21078.5,0.4798
23605.2,34955.1,23676.5,35070.5,0.4797
30701.5,7115.5,30719.7,7160.9,0.4797
22038.6,32684.6,22056.7,32695.7,0.4796
29861.0,29007.0,29874.1,29017.0,0.4795
25655.9,34666.3,25766.9,34781.2,0.4795
35521.4,20106.8,35592.3,20160.0,0.4794
7651.4,9730.1,7714.8,9747.1,0.4794
22588.3,32095.5,22609.1,32111.4,0.4794
26416.3,22223.3,26433.1,22235.1,0.4793
21162.1,31122.7,21192.2,31133.5,0.4792
30283.6,14840.0,30299.1,14851.4,0.4791
25653.0,30763.0,25681.1,30775.0,0.4790
25528.6,23280.0,25551.6,23290.4,0.4790
16212.8,6115.0,16271.1,6155.9,0.4790
18815.5,16269.9,18832.2,16284.9,0.4790
28194.3,18944.5,28226.9,18957.4,0.4789
18405.0,1933.8,18488.7,1987.6,0.4789
36904.6,5680.8,36926.0,5699.7,0.4788
38204.6,28098.2,38216.2,28107.2,0.4788
24336.3,23829.6,24360.6,23854.9,0.4786
17483.1,23954.2,17505.3,23966.2,0.4786
36161.6,1275.8,36230.5,1359.3,0.4786
25426.0,22962.2,25454.2,22973.0,0.4786
27846.5,35331.2,27952.5,35453.4,0.4785
28574.8,21480.1,28593.8,21489.9,0.4784
15723.4,32972.9,15752.1,32986.5,0.4782
1697.8,8450.7,1735.7,8479.1,0.4781
18880.1,0.0,18931.4,34.9,0.4779
29943.1,33305.4,29985.0,33347.0,0.4778
14817.6,32912.0,14863.6,32925.2,0.4777
17698.0,35452.7,17751.8,35473.5,0.4776
23660.9,4417.2,23676.2,4444.2,0.4776
31297.2,9051.4,31354.7,9081.8,0.4775
7769.6,22164.1,7824.5,22194.9,0.4774
32002.2,33920.4,32110.5,33970.0,0.4773
35324.2,31705.0,35449.0,31805.3,0.4770
33591.4,29067.1,33678.8,29120.0,0.4770
37145.0,34502.3,37175.5,34512.7,0.4770
25584.7,20051.6,25616.8,20063.6,0.4769
18438.4,26311.7,18452.7,26322.1,0.4769
35317.2,24478.1,35436.0,24590.7,0.4769
21046.4,20847.4,21059.1,20860.0,0.4768
33890.5,34404.7,33904.1,34415.1,0.4768
30654.1,26433.8,30672.0,26446.1,0.4767
25076.0,20611.1,25087.9,20623.2,0.4767
14536.3,33387.1,14566.9,33398.1,0.4766
14114.4,18891.9,14145.0,18904.3,0.4766
19793.5,20274.1,19836.6,20303.2,0.4766
26999.8,32896.5,27102.2,33008.5,0.4765
38042.1,1920.0,38080.0,1982.1,0.4764
18181.6,21924.6,18196.2,21936.0,0.4764
23801.2,21770.0,23812.5,21782.2,0.4764
12711.0,35306.4,12748.5,35318.2,0.4762
7436.5,30559.5,7489.8,30634.0,0.4762
38091.3,18616.8,38211.9,18722.7,0.4762
27301.5,29126.2,27341.2,29160.6,0.4760
23538.1,16644.3,23552.2,16655.1,0.4758
19777.1,14490.1,19793.3,14498.1,0.4756
16562.6,32105.1,16614.2,32117.4,0.4756
22225.1,18203.4,22250.7,18214.9,0.4756
4251.7,1402.1,4307.7,1486.0,0.4755
30460.6,20968.0,30515.4,20982.9,0.4755
29914.9,18901.6,29943.8,18915.7,0.4752
26908.0,21066.6,26918.4,21080.2,0.4752
28989.9,22153.1,29096.2,22180.7,0.4751
422.8,25136.6,432.6,25158.0,0.4751
33803.5,7033.8,33816.0,7059.1,0.4751
379.3,3096.6,399.6,3130.5,0.4750
13731.4,33794.3,13771.5,33806.1,0.4748
12641.7,31594.4,12655.9,31603.7,0.4748
36693.4,21175.7,36799.3,21306.5,0.4747
18707.6,35423.4,18733.6,35434.9,0.4747
9215.0,5122.2,9231.7,5134.6,0.4745
33298.8,18571.3,33315.5,18586.7,0.4745
4291.0,1642.0,4336.5,1690.0,0.4745
20895.5,26818.6,20932.1,26833.2,0.4742
15219.9,28910.4,15276.0,28923.9,0.4742
22473.9,24989.9,22495.2,25002.4,0.4741
13695.4,34826.2,13724.0,34835.3,0.4740
16526.6,28591.5,16545.0,28601.4,0.4740
31831.9,26280.6,31955.7,26383.8,0.4739
31333.0,15796.4,31347.8,15811.5,0.4739
13123.2,19993.8,13160.3,20005.7,0.4738
3891.6,31531.5,3900.0,31556.6,0.4738
18588.6,28111.9,18607.8,28123.2,0.4738
35400.5,25969.7,35512.8,26079.6,0.4737
18502.8,15187.2,18515.1,15197.6,0.4737
23859.6,21551.9,23882.8,21564.5,0.4735
29718.8,35751.7,29831.3,35870.4,0.4734
14557.3,22928.9,14573.4,22940.4,0.4733
21513.0,31023.5,21568.5,31035.8,0.4733
35244.5,5810.2,35255.4,5830.7,0.4731
23060.3,22571.2,23096.0,22583.1,0.4731
1248.1,256.3,1280.0,303.5,0.4730
14314.8,18459.0,14328.1,18470.1,0.4730
37308.2,31436.2,37329.6,31447.0,0.4729
19199.2,27740.4,19225.6,27757.9,0.4728
30062.1,27378.1,30086.3,27391.1,0.4728
20660.6,29041.2,20704.8,29055.4,0.4728
6400.0,7658.9,6412.0,7680.0,0.4728
29258.2,6282.6,29298.4,6311.0,0.4724
35727.8,8182.7,35771.3,8200.4,0.4722
24451.8,36423.3,24463.2,36432.9,0.4722
35545.8,17887.8,35562.3,17897.4,0.4720
31935.6,34240.0,32039.7,34291.5,0.4720
35758.7,22887.5,35838.0,22956.3,0.4720
15888.8,17470.8,15906.7,17482.3,0.4720
21623.1,22638.8,21639.2,22648.0,0.4719
20560.0,27905.9,20598.6,27946.2,0.4719
2553.4,20245.0,2596.9,20268.1,0.4719
19136.4,22335.9,19148.3,22348.0,0.4717
16525.3,9457.6,16566.4,9484.0,0.4717
14920.4,21732.8,14952.7,21746.3,0.4716
19631.5,36250.5,19655.8,36259.7,0.4715
34358.9,26472.8,34470.6,26558.8,0.4715
14352.5,29959.8,14398.7,29974.1,0.4714
35778.2,26880.0,35838.9,26923.4,0.4714
26240.3,26553.9,26258.3,26565.4,0.4713
13825.3,25340.9,13842.2,25352.9,0.4712
29646.5,27531.9,29676.2,27545.0,0.4712
24232.7,27453.3,24282.0,27464.7,0.4711
36022.1,21733.6,36080.2,21760.0,0.4710
13969.2,26996.0,14013.9,27006.9,0.4710
16106.8,34458.8,16144.7,34489.5,0.4708
34436.1,28966.9,34551.9,29072.7,0.4707
25910.9,19921.3,25939.6,19934.1,0.4707
23908.7,21236.9,23924.3,21249.7,0.4706
17028.2,25215.3,17044.2,25225.1,0.4705
35082.4,17850.4,35099.8,17861.9,0.4704
21303.2,18211.8,21315.0,18225.8,0.4702
18713.3,28078.6,18725.6,28090.1,0.4701
30681.3,7907.3,30720.0,7948.6,0.4701
24160.0,36092.4,24260.1,36157.5,0.4701
6836.6,2074.4,6847.4,2095.3,0.4701
28271.2,17673.2,28305.8,17690.0,0.4700
26416.0,22331.3,26436.4,22342.8,0.4697
33281.7,7433.7,33326.0,7452.8,0.4695
12759.9,32279.6,12785.6,32291.0,0.4695
16854.0,34482.4,16889.1,34494.5,0.4694
33805.9,15467.7,33818.9,15478.0,0.4694
31490.4,17388.1,31510.8,17399.4,0.4693
17060.9,6933.5,17100.6,6958.8,0.4693
20143.8,17776.7,20163.6,17790.6,0.4692
27143.1,19897.3,27188.4,19913.4,0.4691
923.7,6040.1,985.9,6078.7,0.4691
25624.3,25765.3,25664.5,25791.0,0.4689
35435.5,20021.2,35465.1,20033.7,0.4689
37843.0,17401.8,37884.8,17416.2,0.4688
4433.9,5548.2,4484.9,5589.7,0.4686
23176.3,25836.3,23197.2,25847.0,0.4686
26562.0,21736.7,26577.8,21760.0,0.4686
22552.5,29117.8,22579.0,29131.0,0.4686
16048.1,33929.7,16082.3,33944.5,0.4685
30698.2,7056.5,30769.8,7084.4,0.4685
18648.4,19222.1,18663.0,19234.1,0.4684
19853.9,18735.0,19903.6,18747.8,0.4683
13383.6,27962.2,13408.4,27974.8,0.4682
30315.4,17371.8,30342.1,17382.8,0.4682
31441.7,14702.2,31452.5,14720.4,0.4682
22003.5,24456.0,22017.0,24466.9,0.4682
33499.5,8721.0,33533.7,8750.1,0.4681
24341.0,20959.1,24357.6,20971.6,0.4681
31212.6,25458.6,31239.5,25470.9,0.4680
33075.0,18397.0,33095.2,18413.7,0.4680
18737.7,33103.3,18787.6,33122.2,0.4680
22534.4,17187.0,22553.9,17195.3,0.4680
31554.5,19025.9,31569.3,19034.1,0.4680
29554.3,16185.6,29570.6,16194.4,0.4679
21255.3,13098.5,21268.8,13110.0,0.4679
17132.6,34428.3,17160.9,34443.4,0.4678
25019.2,6993.5,25084.1,7020.0,0.4677
37607.7,33730.9,37623.6,33742.2,0.4677
18860.8,21475.6,18878.6,21489.2,0.4676
28918.6,33864.3,29009.5,33920.0,0.4675
36161.9,23730.0,36231.4,23807.4,0.4674
34477.4,19193.9,34489.9,19207.5,0.4673
21152.7,17340.0,21178.9,17360.5,0.4672
16464.0,31141.8,16523.4,31152.9,0.4672
25055.1,28172.3,25097.5,28202.8,0.4671
25257.9,30188.4,25299.5,30202.4,0.4670
28665.4,15530.6,28693.2,15539.3,0.4669
30377.0,33920.4,30502.0,33999.5,0.4669
19468.5,27419.9,19481.9,27431.8,0.4669
18209.3,36767.6,18263.6,36795.1,0.4669
31237.7,7747.5,31268.0,7789.2,0.4668
27413.6,18543.5,27433.8,18565.8,0.4667
156.5,32710.9,173.1,32747.5,0.4666
34527.8,20474.3,34545.7,20486.1,0.4666
3162.1,1475.3,3241.0,1509.4,0.4663
18111.9,30303.1,18145.3,30322.0,0.4663
16707.0,18659.3,16721.4,18671.9,0.4663
22096.2,7374.8,22114.7,7394.0,0.4662
30889.3,35289.4,31007.9,35377.4,0.4662
30680.5,14820.6,30716.9,14830.9,0.4661
27141.1,34636.4,27199.3,34747.6,0.4660
2642.6,21108.9,2661.2,21134.1,0.4660
36721.4,32376.7,36735.6,32398.9,0.4658
30297.5,17861.0,30321.3,17872.1,0.4658
16299.0,32868.6,16343.3,32900.3,0.4657
23687.3,21506.5,23701.4,21519.1,0.4656
3406.9,3898.2,3445.4,3918.6,0.4656
23767.2,25825.9,23799.3,25840.2,0.4654
15143.6,26572.3,15158.5,26583.6,0.4654
12336.7,35605.8,12359.2,35618.4,0.4653
23699.7,34830.8,23774.1,34880.0,0.4653
19681.3,4304.6,19740.6,4331.7,0.4653
32917.1,36242.1,32930.3,36255.8,0.4653
443.6,25182.3,452.0,25215.7,0.4652
23105.1,17715.5,23139.4,17728.8,0.4652
35469.7,20160.3,35519.7,20215.8,0.4652
36890.9,21555.4,37014.0,21647.6,0.4651
24297.2,29620.7,24362.7,29632.2,0.4651
21129.7,33489.9,21155.8,33502.8,0.4651
21183.1,32825.2,21233.6,32838.3,0.4651
6790.2,3162.1,6800.3,3183.3,0.4650
16154.8,36640.3,16194.0,36654.8,0.4650
33838.2,18312.1,33856.7,18322.1,0.4649
35609.9,27689.7,35735.4,27793.9,0.4649
16088.4,32045.5,16124.1,32058.0,0.4649
5846.3,3520.0,5941.7,3576.7,0.4649
22412.0,15995.5,22443.2,16006.9,0.4648
29423.0,20529.9,29439.2,20553.0,0.4647
26211.8,1049.2,26262.6,1088.0,0.4645
25789.9,15640.8,25806.5,15654.1,0.4644
16979.3,6604.1,17003.4,6624.7,0.4644
3397.5,31680.0,3408.8,31736.6,0.4644
18836.2,16246.8,18849.1,16264.2,0.4642
21703.9,18125.8,21718.2,18139.3,0.4641
23172.0,28565.4,23195.2,28577.2,0.4640
21748.6,28025.6,21763.8,28034.2,0.4639
13052.4,29198.2,13094.0,29212.2,0.4639
17247.9,23954.2,17278.8,23983.7,0.4639
23702.4,25851.6,23730.4,25861.5,0.4638
3397.7,27631.6,3455.8,27698.7,0.4638
6081.2,5440.3,6102.7,5478.7,0.4637
25478.9,19655.9,25489.6,19664.3,0.4636
27217.8,20323.3,27249.8,20334.6,0.4635
26564.0,36091.7,26658.1,36157.5,0.4634
82.0,36665.7,160.6,36760.7,0.4633
27026.6,21039.7,27043.4,21066.3,0.4633
13459.6,30321.7,13486.1,30333.1,0.4633
29707.3,6264.2,29760.0,6292.9,0.4633
25263.4,17617.1,25279.6,17628.3,0.4631
35210.4,7514.4,35237.1,7551.5,0.4631
5367.1,4798.6,5400.7,4827.2,0.4630
28266.8,21419.6,28293.8,21431.6,0.4628
22448.3,26789.6,22480.2,26811.7,0.4628
19068.6,23310.1,19124.7,23327.8,0.4628
32546.5,20954.8,32578.9,20970.1,0.4627
38339.8,16863.3,38381.7,16882.2,0.4627
35050.2,21374.5,35150.9,21439.3,0.4627
13969.5,35228.6,14011.4,35241.0,0.4627
19951.2,32084.0,19989.3,32103.1,0.4627
29604.6,23077.9,29673.6,23103.1,0.4625
15317.6,26519.6,15332.3,26530.2,0.4625
31064.0,35146.8,31183.6,35257.9,0.4623
24641.2,35612.8,24661.3,35658.5,0.4623
4061.9,27718.0,4085.5,27751.6,0.4621
275.8,5107.5,286.9,5127.9,0.4621
12613.4,29154.4,12640.8,29165.9,0.4617
20221.0,18183.0,20233.0,18198.2,0.4617
25546.5,34780.6,25598.9,34869.6,0.4617
36994.6,34766.8,37009.2,34776.5,0.4616
21367.5,22002.1,21395.4,22013.8,0.4615
24038.7,22026.6,24050.9,22037.5,0.4615
17314.2,28743.9,17333.8,28753.6,0.4614
35677.7,33024.0,35693.8,33038.7,0.4614
15264.1,6210.4,15308.1,6259.1,0.4613
12449.2,28829.0,12474.1,28842.4,0.4610
31098.9,21922.4,31131.4,21935.0,0.4610
30448.0,6761.8,30463.6,6821.3,0.4609
20322.0,25003.7,20350.8,25017.8,0.4608
33419.2,7449.6,33462.3,7475.2,0.4607
921.9,30163.8,957.9,30198.5,0.4606
24409.9,21307.7,24420.7,21318.1,0.4606
24677.7,22000.1,24723.9,22015.0,0.4605
23069.8,25336.3,23086.2,25348.3,0.4603
31571.3,9204.3,31635.0,9248.5,0.4603
4933.0,17476.3,4957.1,17506.9,0.4603
21614.3,16546.2,21625.1,16553.0,0.4603
31608.2,25568.6,31629.0,25581.4,0.4602
16121.6,33559.7,16168.1,33576.5,0.4601
36614.5,24938.2,36658.0,24960.0,0.4601
33012.3,8827.9,33071.3,8854.4,0.4600
32715.0,4533.2,32739.1,4562.3,0.4600
22148.9,18770.3,22161.1,18778.5,0.4599
28411.1,5187.9,28452.6,5211.6,0.4597
28312.7,23833.0,28422.2,23854.1,0.4595
4032.2,31778.0,4044.4,31796.0,0.4594
32043.6,31680.0,32126.6,31718.8,0.4594
28347.3,6679.6,28386.3,6720.0,0.4593
23228.3,33228.0,23273.8,33279.5,0.4593
33335.7,29315.3,33447.1,29420.8,0.4593
14593.3,29456.2,14627.3,29470.5,0.4592
14890.1,23875.3,14912.1,23885.9,0.4591
17113.4,35084.1,17154.1,35098.9,0.4591
22704.2,21048.9,22726.9,21068.4,0.4591
6577.9,32671.6,6628.4,32687.1,0.4591
32804.4,16818.0,32822.0,16830.1,0.4589
19564.0,35214.3,19602.5,35233.5,0.4588
21045.2,22801.5,21083.4,22816.8,0.4587
29416.8,28808.1,29439.6,28855.7,0.4586
32739.1,5771.1,32808.5,5833.3,0.4585
6931.3,1913.6,6940.2,1956.6,0.4584
12375.0,31058.5,12387.7,31069.8,0.4584
29613.6,14241.6,29625.4,14249.9,0.4583
26450.4,17729.6,26467.7,17742.6,0.4583
3328.5,30179.0,3343.1,30206.2,0.4583
28623.1,21747.6,28663.4,21758.4,0.4583
19035.9,2223.6,19075.9,2240.0,0.4582
37877.3,23360.0,37995.5,23423.7,0.4579
22948.5,26278.1,22968.0,26292.7,0.4578
19050.1,25271.7,19077.6,25289.1,0.4578
18952.2,27248.6,18976.2,27262.5,0.4577
33275.4,19922.8,33294.9,19935.5,0.4577
16600.4,36803.4,16668.2,36819.5,0.4577
26080.3,26284.9,26099.2,26297.9,0.4574
15278.2,23369.6,15296.9,23379.2,0.4573
27289.7,17740.4,27304.8,17750.9,0.4572
1217.3,30080.0,1271.6,30115.2,0.4572
17515.5,36709.9,17559.3,36729.2,0.4572
36292.0,36761.3,36312.7,36770.4,0.4571
9990.7,5330.9,10066.3,5381.2,0.4571
23505.0,28090.6,23538.1,28110.9,0.4570
19803.0,7098.7,19840.0,7143.2,0.4570
9204.9,10530.7,9275.4,10600.5,0.4570
29441.2,1600.6,29504.1,1645.3,0.4570
22847.5,21951.3,22860.9,21962.4,0.4570
31639.8,19379.9,31663.0,19389.9,0.4570
17669.2,25008.4,17695.2,25021.4,0.4568
34382.8,34402.7,34396.0,34413.8,0.4568
33959.5,16489.9,34009.5,16503.5,0.4567
24538.5,26186.2,24559.1,26198.4,0.4564
13195.3,30731.8,13233.6,30746.6,0.4563
28278.2,21028.2,28292.1,21039.6,0.4562
21829.4,33987.8,21927.2,34107.3,0.4560
18273.8,5712.6,18333.7,5739.3,0.4560
22886.6,25249.3,22931.5,25260.8,0.4559
34942.0,34343.2,34953.0,34353.5,0.4559
9931.9,8084.5,9952.3,8097.8,0.4558
9185.6,2696.5,9229.2,2723.2,0.4558
20116.0,18275.2,20147.5,18288.0,0.4556
19734.2,29009.0,19772.4,29021.3,0.4556
6835.0,2112.8,6844.1,2132.7,0.4556
21256.0,761.8,21287.5,777.7,0.4554
13249.6,32345.6,13269.9,32358.6,0.4554
10560.0,12771.9,10576.5,12800.0,0.4554
24433.2,21566.4,24472.0,21580.6,0.4554
23671.7,20587.8,23728.0,20605.0,0.4553
26109.0,22113.4,26128.6,22142.1,0.4552
18459.7,35436.4,18512.0,35449.1,0.4550
21354.8,32510.9,21411.4,32536.8,0.4548
31096.8,36321.8,31110.2,36332.0,0.4548
19869.4,21050.2,19890.2,21064.8,0.4548
13695.2,30712.1,13744.1,30724.2,0.4548
22656.5,19572.6,22668.8,19584.2,0.4548
17225.9,22906.8,17270.5,22916.9,0.4546
27678.6,28712.1,27693.7,28724.2,0.4546
22341.0,31302.2,22372.9,31314.3,0.4546
19976.7,31258.1,20066.9,31284.5,0.4545
24119.2,5550.2,24152.2,5610.4,0.4544
22100.2,34240.5,22189.6,34293.3,0.4543
35200.2,35472.3,35219.0,35519.5,0.4543
21592.1,34174.2,21699.6,34289.9,0.4541
2123.2,1526.4,2147.9,1561.4,0.4541
23214.7,19375.6,23228.7,19390.6,0.4540
15402.1,28431.8,15431.6,28443.6,0.4539
23821.1,19420.7,23832.4,19431.0,0.4539
13311.7,23100.7,13336.6,23114.3,0.4539
28236.3,19075.6,28270.3,19090.6,0.4537
23461.0,18126.2,23481.7,18137.4,0.4536
13870.6,29312.6,13881.9,29321.7,0.4534
33109.8,26849.3,33139.2,26861.1,0.4533
30277.7,33753.2,30397.1,33873.7,0.4533
36195.0,18690.7,36209.5,18700.4,0.4531
22669.9,19481.4,22686.1,19490.0,0.4530
13439.3,1353.6,13507.5,1437.2,0.4529
36872.4,31560.9,36893.6,31570.2,0.4525
5862.3,1600.0,5895.7,1657.2,0.4525
20107.4,26016.0,20157.8,26030.7,0.4524
22062.8,26880.0,22098.9,26907.6,0.4524
25559.9,35848.2,25688.0,35950.9,0.4524
29838.1,18693.0,29866.4,18708.5,0.4523
27490.3,17978.3,27539.3,17991.1,0.4522
29348.4,16706.6,29374.9,16718.0,0.4520
31552.9,25932.3,31572.2,25943.3,0.4518
25345.6,21379.8,25385.9,21393.7,0.4517
13948.1,19465.0,13960.0,19475.2,0.4517
21997.4,26567.9,22009.6,26583.2,0.4517
27339.8,9282.1,27380.1,9329.7,0.4515
29154.5,18753.3,29171.1,18766.3,0.4515
18870.8,21884.9,18880.5,21899.5,0.4514
26630.0,17951.4,26711.7,17962.9,0.4514
898.2,22.1,958.8,48.1,0.4514
15949.9,31192.3,15962.5,31203.3,0.4513
31754.5,8979.8,31778.9,8994.3,0.4513
22664.7,33335.1,22677.5,33346.0,0.4512
17651.6,20017.5,17664.4,20031.4,0.4511
35179.3,17025.3,35192.2,17038.6,0.4511
33415.6,31297.8,33526.2,31360.0,0.4510
5957.0,5988.8,6003.1,6027.4,0.4509
13286.6,33594.2,13357.5,33607.2,0.4507
15658.5,9389.3,15699.6,9413.4,0.4506
16020.7,33240.3,16038.3,33251.4,0.4505
12602.7,27109.3,12619.0,27121.0,0.4505
15699.6,24778.3,15721.8,24789.8,0.4504
35468.0,20160.0,35583.0,20214.6,0.4503
20721.1,16898.1,20737.6,16909.8,0.4503
37264.0,26536.8,37383.8,26640.4,0.4501
25319.6,36787.6,25431.5,36864.0,0.4500
13458.6,29114.7,13499.8,29126.2,0.4498
27108.3,5207.1,27170.3,5237.3,0.4497
9054.8,13175.7,9116.9,13190.6,0.4496
31691.7,20979.7,31720.7,20990.8,0.4494
21762.1,21411.8,21777.3,21440.0,0.4493
16344.2,31874.3,16388.2,31888.3,0.4492
24407.8,16627.0,24420.7,16637.1,0.4491
33684.5,22282.5,33698.3,22291.9,0.4490
26909.7,36760.9,26920.9,36778.9,0.4489
16033.4,16083.1,16050.7,16093.6,0.4488
15838.4,27079.3,15852.9,27089.1,0.4487
20917.2,34880.6,20990.3,34933.4,0.4487
28940.2,10991.6,28998.4,11082.1,0.4487
16271.2,34580.1,16316.6,34592.5,0.4487
25600.5,35252.4,25707.0,35364.5,0.4485
286.6,30164.9,298.9,30196.9,0.4482
15270.4,24506.6,15312.9,24518.5,0.4482
37967.4,2723.9,38002.4,2766.9,0.4481
24633.7,16987.7,24648.3,16997.9,0.4481
16240.9,32402.8,16264.2,32416.5,0.4481
17144.6,16111.2,17156.8,16121.9,0.4480
26522.3,7618.7,26560.0,7690.9,0.4479
34147.8,24010.0,34240.0,24112.2,0.4479
29324.6,22363.5,29362.3,22373.7,0.4477
27153.1,20004.6,27170.1,20016.7,0.4476
31231.2,18075.1,31244.6,18088.2,0.4475
22912.0,21841.3,22930.8,21851.5,0.4475
30488.1,29981.1,30500.0,29993.9,0.4475
14677.0,35896.4,14743.2,35912.5,0.4474
12876.8,31508.1,12899.4,31519.2,0.4474
23120.6,18093.7,23159.1,18109.1,0.4474
29237.1,18404.5,29272.6,18417.6,0.4473
22942.8,24432.2,22986.7,24460.0,0.4472
33638.8,8756.9,33679.3,8781.2,0.4472
15319.3,34413.1,15344.3,34428.1,0.4471
13526.5,5627.1,13553.3,5663.0,0.4471
14997.7,29317.9,15039.4,29343.5,0.4471
7239.0,8663.3,7277.4,8684.6,0.4469
36077.0,7663.5,36122.1,7680.0,0.4469
18671.8,25809.6,18725.0,25822.8,0.4468
29226.3,15856.7,29249.2,15868.1,0.4468
18633.5,19057.2,18657.8,19070.8,0.4467
24161.3,18418.1,24173.0,18426.2,0.4467
19679.3,21523.3,19696.4,21535.2,0.4466
32282.2,26288.7,32292.2,26300.4,0.4465
34354.0,19209.9,34369.3,19221.5,0.4465
19295.4,34210.3,19326.1,34220.1,0.4463
30539.1,17439.3,30589.2,17455.5,0.4461
4698.6,3200.0,4799.4,3267.7,0.4461
30125.1,14154.5,30144.8,14165.8,0.4460
34880.0,21683.0,34935.9,21758.8,0.4460
14037.4,31610.0,14059.2,31622.0,0.4459
19003.7,3937.6,19073.7,3981.0,0.4459
19177.7,28412.5,19212.1,28432.3,0.4458
35269.7,7136.3,35300.6,7170.0,0.4456
15610.5,25138.3,15641.5,25148.1,0.4456
23172.9,25898.4,23187.0,25905.6,0.4456
24203.7,25912.7,24247.3,25926.7,0.4455
13356.4,31586.8,13390.2,31595.5,0.4455
4529.8,26453.2,4565.6,26482.6,0.4455
30720.2,17886.2,30737.6,17920.0,0.4454
35550.3,31545.1,35671.8,31650.0,0.4454
35670.2,8154.2,35709.9,8180.6,0.4454
24523.7,21579.5,24544.6,21593.1,0.4451
16866.7,28131.6,16924.7,28145.3,0.4450
34350.6,17722.6,34363.5,17733.7,0.4449
36024.0,32330.1,36137.3,32433.6,0.4449
28101.3,34389.3,28218.9,34493.5,0.4446
16758.3,27810.8,16792.2,27821.0,0.4445
24224.2,23815.9,24240.1,23828.8,0.4445
21008.8,23243.5,21024.7,23253.3,0.4445
23764.5,26986.2,23791.7,26999.0,0.4445
15227.0,22926.7,15270.8,22946.4,0.4445
19788.6,5449.2,19874.4,5492.5,0.4444
20834.2,11835.8,20846.1,11846.0,0.4443
26455.9,21170.7,26468.7,21181.5,0.4442
13616.3,22320.0,13641.2,22334.0,0.4440
16088.7,32786.5,16109.8,32798.9,0.4439
13032.7,32162.3,13058.4,32173.9,0.4438
29475.7,8332.8,29532.4,8372.7,0.4437
2161.1,1523.0,2204.9,1561.5,0.4437
22340.5,31302.2,22384.2,31330.1,0.4437
37346.3,35426.7,37369.9,35435.4,0.4435
32149.6,32005.0,32258.4,32112.2,0.4434
31891.8,22460.3,31913.8,22471.5,0.4434
24552.5,21688.7,24569.6,21698.4,0.4432
16442.9,36363.3,16496.8,36383.7,0.4432
28891.5,17683.9,28913.0,17693.9,0.4432
25177.8,31360.0,25220.0,31382.7,0.4432
21068.8,26306.2,21079.6,26320.1,0.4432
31767.8,22960.7,31791.6,22970.1,0.4431
32498.2,7409.7,32550.1,7471.7,0.4431
23410.9,32960.0,23493.8,33018.7,0.4427
18827.4,24835.8,18847.5,24849.3,0.4427
13876.3,35305.5,13946.5,35324.5,0.4426
19365.6,22593.8,19408.9,22617.6,0.4426
31602.8,30914.1,31616.7,30924.0,0.4424
4899.5,19783.6,4964.9,19839.2,0.4423
20980.8,25753.8,20995.0,25766.7,0.4423
18169.6,35236.5,18216.0,35254.1,0.4423
20854.4,21915.4,20912.7,21941.6,0.4422
13051.7,29260.5,13080.5,29272.3,0.4422
17895.7,16121.8,17908.1,16135.5,0.4421
28374.2,30301.0,28388.3,30310.7,0.4421
23260.7,29843.3,23286.1,29854.5,0.4420
17666.8,36499.6,17708.1,36511.9,0.4419
23151.8,17291.6,23174.9,17302.2,0.4419
35719.5,26522.0,35831.2,26632.9,0.4418
18525.8,36701.4,18559.2,36716.9,0.4418
33556.6,16522.9,33595.4,16534.6,0.4418
19639.8,33714.7,19664.6,33726.4,0.4417
5101.9,3989.2,5124.8,4022.9,0.4416
22902.8,32017.2,22927.4,32029.5,0.4416
15493.5,9457.0,15543.9,9489.8,0.4415
23838.1,21154.3,23856.8,21166.7,0.4414
25733.2,21069.7,25743.5,21080.3,0.4413
24134.3,15328.3,24145.0,15337.4,0.4411
26255.7,36031.7,26367.9,36148.0,0.4411
23631.8,26608.6,23651.9,26619.8,0.4411
27373.4,18920.6,27405.7,18944.7,0.4411
2240.0,4480.0,2279.1,4521.9,0.4410
34123.1,7460.8,34155.0,7499.1,0.4409
31641.1,9021.2,31684.2,9046.3,0.4409
17097.8,18332.7,17117.7,18346.2,0.4409
17230.0,15296.8,17240.8,15305.0,0.4408
28679.7,1721.3,28723.2,1802.8,0.4408
35292.8,944.9,35358.4,992.0,0.4408
31610.9,16938.4,31624.2,16959.0,0.4407
15590.6,26607.5,15603.5,26618.0,0.4407
18674.7,18139.1,18689.7,18149.1,0.4406
23601.3,32770.6,23632.7,32782.9,0.4405
17206.3,17420.1,17222.3,17431.0,0.4405
18047.3,30187.7,18099.1,30217.1,0.4404
22673.9,19536.7,22702.9,19547.4,0.4403
28641.1,20743.5,28665.3,20754.5,0.4402
26489.8,26594.7,26501.9,26605.9,0.4401
28230.8,19123.1,28251.3,19136.0,0.4401
18751.3,22049.5,18769.4,22063.0,0.4401
33152.8,7442.7,33173.6,7460.3,0.4400
4646.6,7943.6,4684.3,7961.1,0.4399
30117.9,33551.1,30214.1,33600.0,0.4399
28912.6,13355.2,28925.0,13364.4,0.4397
28037.9,17131.5,28065.0,17143.5,0.4396
30696.3,16856.4,30795.4,16879.1,0.4394
34742.2,19144.4,34771.1,19155.0,0.4393
21371.6,31903.4,21396.9,31920.6,0.4393
27517.3,21386.4,27539.3,21396.5,0.4392
20760.0,23562.2,20824.3,23597.8,0.4392
31239.4,9106.6,31276.7,9135.5,0.4391
25881.2,21171.1,25901.9,21182.9,0.4390
14300.0,33280.3,14346.3,33294.6,0.4390
25376.8,4498.3,25493.5,4550.4,0.4389
27810.8,28242.2,27885.6,28291.5,0.4388
14936.1,33513.7,14972.6,33524.5,0.4388
17712.8,5963.0,17759.2,6018.1,0.4388
23036.8,21601.4,23049.2,21625.8,0.4387
13553.8,35437.5,13576.2,35451.1,0.4386
29233.7,17123.0,29257.7,17132.8,0.4385
15415.7,24793.5,15433.6,24808.9,0.4384
38433.7,15041.1,38476.6,15054.0,0.4384
22221.5,35309.4,22238.9,35322.6,0.4383
34730.1,8499.2,34772.6,8511.8,0.4383
19764.2,18219.3,19796.7,18241.9,0.4382
23265.2,27785.5,23343.1,27810.1,0.4380
20672.0,21841.5,20688.7,21868.6,0.4379
29808.4,10545.1,29871.9,10616.2,0.4379
15558.7,35901.6,15655.5,35940.8,0.4378
14240.9,31852.1,14264.9,31862.7,0.4378
18903.4,17579.3,18922.4,17591.4,0.4378
19616.1,20577.5,19632.8,20590.3,0.4378
16557.8,34402.2,16578.3,34412.9,0.4377
38340.4,14328.7,38352.4,14342.3,0.4376
16401.2,35500.3,16425.3,35513.2,0.4375
16856.7,1451.8,16892.5,1478.1,0.4375
2178.7,9241.3,2238.5,9279.7,0.4374
15024.7,34318.6,15109.7,34343.5,0.4374
16276.2,21284.0,16310.0,21294.9,0.4374
30803.7,25151.8,30838.0,25162.4,0.4372
14982.4,28075.8,15007.5,28086.5,0.4370
29536.9,13828.0,29554.0,13838.5,0.4367
29139.1,1705.8,29192.8,1745.9,0.4366
34828.5,8457.3,34892.4,8496.0,0.4365
37430.7,26946.9,37440.0,26963.4,0.4362
19395.6,23966.6,19461.5,23995.5,0.4362
3289.6,16.8,3350.5,53.8,0.4360
34453.6,21100.0,34506.2,21120.0,0.4360
24199.6,25763.8,24223.4,25774.1,0.4357
12997.3,19508.7,13017.9,19523.0,0.4356
16809.0,25514.5,16831.7,25524.3,0.4355
33732.8,36655.4,33744.4,36670.6,0.4355
18548.2,20579.8,18568.1,20590.7,0.4355
15157.9,32162.3,15178.5,32174.9,0.4355
22171.6,19201.2,22197.7,19215.2,0.4355
16682.7,26764.5,16723.4,26783.7,0.4354
20304.9,31658.0,20367.1,31697.6,0.4353
13902.7,35852.1,13937.7,35864.7,0.4353
12924.4,32464.9,12978.6,32485.6,0.4353
28802.0,28111.9,28815.5,28159.7,0.4352
19352.1,26980.6,19370.2,26996.0,0.4352
20351.8,15043.6,20367.1,15054.7,0.4351
24717.1,20849.1,24740.4,20860.6,0.4350
20053.1,21580.5,20073.1,21593.3,0.4349
27746.0,29324.4,27767.2,29338.0,0.4347
31193.5,20154.9,31208.2,20166.2,0.4347
16725.6,9234.0,16743.9,9249.5,0.4345
12594.5,30477.3,12611.6,30488.7,0.4345
27777.2,21734.4,27831.0,21744.0,0.4344
24075.6,24300.0,24092.9,24311.0,0.4344
10562.4,33058.4,10612.3,33091.6,0.4343
22909.9,25523.1,22928.0,25531.4,0.4341
21137.4,16989.6,21152.5,17000.9,0.4340
16218.0,17104.0,16240.8,17117.9,0.4339
30432.3,16817.2,30456.5,16827.2,0.4339
26214.9,23205.2,26249.6,23218.0,0.4339
13980.0,36358.9,14033.0,36404.4,0.4338
23824.9,17553.5,23847.7,17565.9,0.4336
28800.2,13725.5,28816.9,13759.9,0.4333
31528.9,35545.9,31639.4,35658.2,0.4332
26886.1,20081.9,26897.7,20091.5,0.4332
31633.0,17752.2,31646.9,17762.7,0.4331
18862.6,21670.7,18872.6,21686.4,0.4330
19954.4,18076.5,19967.9,18088.8,0.4329
24227.7,30963.8,24281.7,30977.2,0.4326
20530.9,31778.9,20561.7,31792.4,0.4326
3938.0,26275.3,3960.5,26326.4,0.4325
13573.7,17538.3,13594.4,17551.8,0.4324
27009.8,32895.0,27100.9,32960.0,0.4323
16731.8,22292.0,16754.3,22302.8,0.4323
14513.8,34620.7,14579.7,34639.9,0.4322
12826.3,28750.3,12868.6,28767.5,0.4321
29667.4,8593.3,29714.0,8624.7,0.4321
17263.1,35450.8,17285.5,35462.1,0.4321
427.7,2650.7,459.3,2683.3,0.4320
988.9,3385.4,1013.5,3413.0,0.4320
32227.2,31915.8,32339.5,32020.4,0.4319
18220.1,7270.7,18239.4,7345.7,0.4319
21839.4,23322.3,21867.1,23333.8,0.4319
35268.3,25535.8,35363.3,25600.0,0.4318
28022.5,14398.0,28035.9,14415.7,0.4318
35034.4,18219.4,35050.3,18229.7,0.4318
29335.8,22815.2,29350.4,22825.4,0.4317
26894.7,18578.4,26942.0,18592.5,0.4317
37842.5,31522.3,37860.5,31530.7,0.4317
21137.0,20123.6,21152.1,20136.3,0.4316
27074.2,16852.0,27106.9,16861.9,0.4316
16276.1,21283.8,16288.4,21294.9,0.4316
37561.7,14209.7,37572.5,14221.0,0.4315
27370.2,31686.0,27477.4,31797.4,0.4314
26856.1,36505.3,26877.7,36540.3,0.4313
18490.4,35360.0,18521.8,35375.6,0.4313
13319.7,29435.1,13376.6,29465.0,0.4313
18355.7,34589.3,18398.1,34624.1,0.4312
29801.0,20871.7,29829.5,20882.6,0.4311
30611.7,24796.3,30630.7,24810.7,0.4311
36155.0,3876.8,36209.6,3916.6,0.4310
12735.9,30177.9,12787.0,30193.4,0.4309
38211.4,36.9,38265.4,76.4,0.4308
33420.4,24985.2,33548.3,25074.7,0.4308
25406.0,31252.2,25424.9,31262.6,0.4307
19046.0,21491.6,19061.3,21503.3,0.4307
36416.8,18397.3,36430.0,18416.5,0.4307
32040.5,16419.6,32063.5,16430.2,0.4305
19753.4,28873.3,19776.6,28884.2,0.4302
36709.3,34800.0,36723.2,34809.8,0.4301
17375.9,7767.7,17416.9,7789.7,0.4300
27126.0,18226.5,27137.2,18233.6,0.4300
16591.7,34668.5,16637.9,34698.5,0.4300
3960.7,32299.2,3971.8,32320.0,0.4300
4258.6,12274.8,4292.9,12302.0,0.4299
16622.1,4120.0,16643.8,4148.8,0.4299
13018.6,35356.3,13049.1,35368.4,0.4299
13973.4,29301.1,13989.9,29317.3,0.4298
24263.5,32245.3,24373.4,32317.9,0.4298
19175.1,27552.9,19199.3,27575.2,0.4297
24268.9,22192.8,24289.1,22205.1,0.4297
32857.8,23573.7,32960.0,23691.0,0.4297
13403.4,31650.9,13453.6,31665.1,0.4296
22269.5,28800.6,22287.3,28810.4,0.4296
37496.5,4143.7,37544.5,4160.0,0.4296
18988.9,17900.3,19012.5,17915.8,0.4295
25329.6,4160.0,25403.6,4176.6,0.4294
20815.4,24306.5,20865.4,24319.7,0.4294
37884.0,12599.7,37896.4,12609.7,0.4294
16234.6,23739.2,16249.0,23750.4,0.4294
26881.1,19818.7,26897.7,19829.8,0.4291
15059.5,9363.6,15085.2,9375.1,0.4291
9265.8,13916.9,9308.5,13982.8,0.4291
14329.1,4962.4,14388.1,5005.8,0.4290
12525.5,21388.1,12545.3,21398.8,0.4286
24002.9,17155.9,24017.2,17167.2,0.4286
30576.3,17072.3,30590.0,17081.1,0.4285
19686.6,21024.3,19700.4,21036.0,0.4284
3515.6,30740.2,3523.9,30772.6,0.4283
32809.9,36839.5,32864.6,36864.0,0.4283
23539.7,17792.5,23566.2,17804.3,0.4282
22080.0,20444.7,22095.5,20479.8,0.4282
34430.4,8610.9,34485.7,8650.9,0.4282
18376.6,27754.0,18408.6,27774.0,0.4281
21989.7,21244.3,22005.2,21255.5,0.4281
35513.1,33008.7,35528.1,33023.2,0.4280
14657.3,26915.8,14677.1,26927.0,0.4279
24044.3,20701.0,24058.0,20711.8,0.4279
28357.3,19725.5,28372.2,19735.1,0.4278
35804.3,35087.6,35843.2,35102.0,0.4278
8960.0,11496.6,8977.1,11520.0,0.4278
32.1,29965.1,42.9,29997.3,0.4278
28802.2,7701.5,28847.6,7735.1,0.4277
18660.3,29340.1,18685.3,29353.4,0.4277
36074.6,19840.0,36159.2,19904.6,0.4276
18146.4,34145.1,18206.3,34182.0,0.4276
22184.4,27427.5,22216.8,27443.1,0.4276
14807.9,34724.1,14857.8,34737.3,0.4275
3699.9,30047.4,3711.8,30077.4,0.4275
16229.1,31408.4,16275.4,31422.5,0.4275
20404.3,35840.0,20476.9,35907.3,0.4274
14860.5,28236.0,14884.9,28246.9,0.4274
27399.9,30554.0,27509.7,30672.6,0.4273
35774.1,26813.7,35888.6,26879.8,0.4273
22722.3,32168.2,22785.4,32185.6,0.4272
13402.3,30900.0,13426.3,30916.3,0.4272
20615.9,27697.7,20631.3,27715.1,0.4271
26881.2,26387.5,26913.3,26399.4,0.4271
16928.9,16915.3,16955.4,16926.9,0.4270
12678.0,18251.0,12707.8,18260.3,0.4270
20292.6,20933.2,20303.9,20944.2,0.4270
14889.2,34277.9,14984.0,34295.0,0.4269
34745.4,5638.8,34771.4,5680.0,0.4269
23153.9,32277.8,23175.0,32296.2,0.4269
23365.7,23772.5,23507.2,23801.4,0.4267
12653.0,32742.8,12684.3,32755.0,0.4266
16873.5,4010.8,16958.5,4103.8,0.4266
16188.0,25081.4,16213.6,25096.0,0.4265
21911.2,28533.4,21927.2,28547.7,0.4265
17403.3,12556.7,17414.6,12569.1,0.4265
16199.5,21686.6,16211.1,21695.8,0.4265
17596.3,5871.4,17627.4,5889.1,0.4264
21250.2,19271.4,21290.7,19283.2,0.4263
23665.4,21161.1,23692.7,21173.0,0.4262
13969.8,26394.8,14001.3,26419.7,0.4260
24639.3,25438.7,24660.8,25450.2,0.4259
30392.5,17348.1,30421.8,17360.1,0.4259
21969.4,27442.9,21984.1,27453.6,0.4258
30778.5,22736.7,30792.2,22747.0,0.4257
31338.4,3043.2,31360.0,3085.5,0.4256
24095.1,21470.4,24119.0,21490.6,0.4256
26370.2,18396.2,26389.1,18406.8,0.4256
21259.5,22683.3,21306.0,22694.5,0.4256
16912.3,3200.0,16958.9,3270.7,0.4254
19337.0,20701.4,19348.7,20711.6,0.4253
20863.8,29134.9,20884.1,29165.6,0.4252
15194.6,27297.6,15212.7,27309.7,0.4252
27913.3,18463.0,27984.5,18480.8,0.4251
399.8,9236.9,430.8,9282.6,0.4251
16517.7,30400.0,16625.3,30429.5,0.4251
20948.5,26115.8,21002.4,26144.9,0.4249
30736.4,20482.5,30756.8,20502.1,0.4248
4663.3,5156.0,4723.0,5169.1,0.4247
26747.1,27481.2,26797.4,27501.0,0.4245
35744.6,17482.8,35760.7,17494.2,0.4243
20005.7,32236.5,20023.8,32250.1,0.4243
15976.0,24370.9,16008.8,24384.8,0.4243
25509.6,21216.6,25529.4,21227.5,0.4240
34268.8,35320.6,34283.1,35333.4,0.4239
27056.7,27315.4,27100.5,27331.5,0.4239
14603.8,27634.3,14645.3,27645.5,0.4238
16741.9,25884.4,16752.8,25896.4,0.4238
759.8,24505.9,807.6,24547.4,0.4237
13627.6,30314.8,13655.4,30324.8,0.4237
15629.7,26240.4,15679.0,26327.0,0.4236
26719.9,18847.6,26738.0,18864.7,0.4236
14401.7,29052.2,14445.1,29073.5,0.4235
24704.5,27664.8,24723.0,27681.4,0.4235
19620.5,35797.1,19632.0,35811.5,0.4234
3258.2,11475.1,3272.8,11495.1,0.4233
31802.3,22871.8,31840.1,22882.9,0.4233
25174.1,27060.3,25226.5,27101.2,0.4232
1469.3,33429.7,1524.0,33465.0,0.4232
16201.4,32100.3,16223.9,32112.7,0.4231
3703.6,22471.1,3737.4,22506.7,0.4231
28819.8,21993.8,28860.1,22006.3,0.4230
3720.3,31955.0,3730.2,31998.4,0.4229
28743.2,23196.2,28776.4,23207.6,0.4229
13013.4,36472.3,13060.9,36483.2,0.4228
21865.6,14653.1,21886.6,14663.0,0.4227
29428.4,22606.9,29440.8,22617.0,0.4227
16474.4,25503.0,16531.4,25546.0,0.4226
35435.3,8274.5,35476.7,8289.9,0.4226
12554.0,34161.9,12574.8,34173.7,0.4226
28168.2,21945.3,28205.0,21958.5,0.4224
17510.8,20084.4,17524.8,20095.1,0.4224
14433.4,36739.5,14480.3,36750.9,0.4223
24111.2,24794.9,24154.0,24824.9,0.4223
28003.9,22528.0,28016.9,22537.7,0.4223
27.9,25064.4,84.3,25102.2,0.4222
18505.4,33793.1,18547.8,33805.7,0.4221
17031.5,34263.0,17073.8,34275.3,0.4220
19816.5,18120.3,19831.0,18130.8,0.4220
26880.0,9280.0,26950.7,9345.1,0.4219
20417.9,22608.4,20453.1,22624.6,0.4219
16295.8,24440.5,16316.7,24451.4,0.4218
21305.7,29959.8,21376.1,29980.7,0.4217
34849.2,25920.3,34966.1,25967.3,0.4217
24984.2,22292.4,24994.8,22304.5,0.4217
20129.0,21467.4,20141.4,21478.5,0.4215
28691.6,18876.4,28752.6,18888.1,0.4215
3602.2,3520.0,3651.1,3551.8,0.4215
29122.3,367.5,29193.7,414.3,0.4214
12825.6,33944.8,12918.8,33979.6,0.4214
30501.3,27481.1,30618.2,27584.1,0.4214
27447.7,27407.8,27471.7,27418.7,0.4212
29690.7,18492.1,29730.6,18511.1,0.4212
14940.4,32750.5,14974.2,32760.4,0.4212
22186.3,32362.7,22214.8,32374.4,0.4212
25395.4,26879.6,25411.4,26889.6,0.4211
16188.0,25081.0,16247.9,25105.5,0.4210
27260.7,19322.3,27291.3,19334.7,0.4210
19224.8,36323.4,19330.0,36434.3,0.4210
25974.8,22687.6,25992.8,22700.5,0.4209
38311.1,2370.0,38330.9,2396.4,0.4208
18669.8,21341.5,18681.0,21353.2,0.4207
15820.5,23914.5,15833.3,23923.9,0.4207
25952.7,9369.8,25996.5,9396.5,0.4207
36249.6,26839.9,36371.7,26943.7,0.4207
17390.2,18079.9,17400.6,18089.4,0.4206
29650.4,20958.6,29726.9,20981.5,0.4204
38610.1,1952.7,38654.3,1980.6,0.4203
35814.8,12768.1,35824.6,12782.2,0.4202
17906.7,32249.7,17946.4,32263.0,0.4202
13082.1,30699.0,13105.7,30710.1,0.4200
35808.8,27840.0,35834.3,27849.1,0.4199
35309.7,17623.7,35323.1,17634.7,0.4198
22912.5,19076.8,22925.7,19087.3,0.4197
36998.6,7482.3,37041.9,7514.5,0.4197
21312.6,20043.0,21341.7,20053.1,0.4197
26514.0,18489.0,26534.2,18502.8,0.4194
19746.7,18591.8,19764.4,18609.5,0.4193
2802.6,8960.0,2852.4,9010.2,0.4193
18084.4,6619.7,18100.3,6634.0,0.4192
23914.9,26873.8,23935.2,26884.8,0.4192
22720.0,20772.5,22736.7,20800.0,0.4192
29336.6,22815.4,29368.2,22829.6,0.4192
418.0,11696.2,467.5,11737.5,0.4191
20159.6,21964.6,20173.3,21975.9,0.4191
16946.4,36394.8,16959.1,36407.0,0.4191
35631.3,35727.9,35645.4,35749.6,0.4191
20442.7,20985.8,20463.9,21005.2,0.4190
3520.0,31967.6,3532.0,32000.0,0.4190
13700.2,33858.1,13759.6,33872.7,0.4190
13962.2,30479.1,13985.5,30492.4,0.4189
34342.0,17066.8,34356.0,17077.7,0.4189
38289.0,30817.4,38301.6,30826.4,0.4188
36203.7,9307.5,36366.7,9372.5,0.4188
25494.5,31768.0,25549.0,31795.4,0.4188
37312.3,21611.6,37421.7,21719.6,0.4188
16306.7,527.1,16320.0,553.2,0.4188
14106.5,20684.4,14134.9,20696.6,0.4186
13972.1,31347.6,14022.3,31358.6,0.4186
19553.9,21358.3,19585.7,21375.4,0.4186
12947.6,33036.3,12988.6,33051.0,0.4186
20991.3,27040.0,21037.7,27053.3,0.4185
35593.7,26660.9,35706.3,26770.9,0.4184
31132.3,26853.6,31190.9,26880.0,0.4184
24528.1,27124.8,24566.8,27137.9,0.4183
15487.8,32976.4,15514.2,32987.3,0.4183
15833.3,23732.1,15854.4,23745.8,0.4181
25086.9,36432.7,25098.0,36448.2,0.4181
25361.2,22874.7,25394.8,22886.4,0.4180
22376.5,23196.8,22400.9,23208.6,0.4179
37329.5,34611.2,37342.8,34623.3,0.4178
4253.2,24651.7,4268.0,24692.2,0.4178
30880.5,17923.0,30902.1,17938.8,0.4177
16103.0,22342.9,16115.5,22353.6,0.4177
19458.1,30082.1,19515.8,30102.4,0.4177
14578.5,32009.6,14641.7,32022.8,0.4176
20955.3,28024.8,20975.5,28038.2,0.4176
19151.3,24008.6,19170.4,24034.9,0.4175
31190.1,20127.5,31205.6,20138.1,0.4175
23811.4,6775.5,23854.3,6821.7,0.4174
30912.2,18809.1,30947.8,18821.2,0.4173
25469.2,6899.5,25530.2,6939.3,0.4173
18930.1,27449.3,18965.4,27464.2,0.4173
28954.6,13369.7,28965.4,13382.3,0.4170
4714.1,3377.3,4759.0,3429.2,0.4170
37108.3,29000.3,37127.3,29009.9,0.4170
16789.9,34970.2,16833.1,34986.3,0.4169
27912.6,22051.8,27960.9,22063.4,0.4169
15273.1,16613.0,15284.7,16622.5,0.4168
23622.6,22820.9,23674.4,22832.5,0.4168
28853.7,12591.0,28864.0,12599.4,0.4168
16750.0,22140.6,16778.7,22156.3,0.4167
29375.6,18088.9,29438.8,18115.7,0.4167
21158.2,28384.0,21193.4,28398.5,0.4166
24313.1,17593.6,24330.8,17604.6,0.4165
17521.0,36538.1,17540.7,36554.1,0.4164
35903.8,17771.4,35920.0,17779.1,0.4163
18424.5,8669.9,18495.6,8719.4,0.4162
22298.6,28278.9,22312.5,28290.8,0.4162
24737.5,20075.3,24759.2,20088.8,0.4160
16385.3,27796.4,16432.6,27807.5,0.4160
24807.5,20377.5,24819.9,20388.2,0.4159
31282.4,9223.9,31343.9,9259.1,0.4158
13943.1,22914.8,13959.2,22925.5,0.4158
33641.9,18547.2,33652.1,18565.3,0.4158
14364.3,19352.5,14395.8,19365.7,0.4157
24112.9,28051.2,24150.6,28064.4,0.4157
31982.4,20026.9,32001.8,20036.8,0.4155
17857.3,7680.0,17919.6,7747.2,0.4154
26157.8,30442.4,26177.8,30453.8,0.4153
3764.9,20564.5,3786.7,20588.8,0.4153
21998.3,16545.4,22024.1,16557.2,0.4152
30584.6,21321.2,30628.7,21335.3,0.4152
23077.5,20354.4,23088.3,20361.6,0.4152
30930.1,17905.4,30977.2,17918.0,0.4151
32442.1,17789.0,32453.1,17801.9,0.4151
16750.7,20945.0,16761.9,20954.7,0.4151
18834.6,20259.7,18875.4,20271.1,0.4150
13091.3,29874.4,13136.4,29886.6,0.4150
19281.7,17819.7,19296.4,17831.0,0.4150
10884.7,924.2,10898.7,938.4,0.4150
15555.4,29690.0,15582.4,29701.9,0.4149
34767.8,16652.1,34781.8,16667.4,0.4149
15664.0,31572.8,15691.6,31585.2,0.4148
28671.9,13714.9,28684.3,13725.3,0.4147
2793.7,26952.6,2807.9,26973.4,0.4147
13974.7,25888.5,13991.8,25905.3,0.4145
29441.2,5730.8,29468.9,5788.3,0.4144
20456.5,29632.2,20498.6,29667.0,0.4144
35446.0,18257.9,35455.8,18265.8,0.4143
32407.9,32097.0,32523.1,32210.0,0.4143
23852.6,19087.8,23869.4,19096.4,0.4142
12850.1,27361.6,12892.8,27392.3,0.4141
15204.1,25644.2,15217.9,25655.2,0.4140
18938.5,35985.4,18990.9,36018.5,0.4139
35474.2,8119.6,35534.5,8153.2,0.4139
38541.0,32882.3,38561.4,32893.3,0.4137
15447.9,25252.0,15487.3,25270.2,0.4136
14450.3,28799.6,14496.1,28815.6,0.4135
19108.6,22552.3,19119.5,22562.5,0.4134
24416.5,35136.3,24525.4,35199.8,0.4133
14580.2,34589.8,14601.8,34604.5,0.4133
16601.8,27679.8,16637.6,27689.6,0.4132
25817.5,29582.3,25866.9,29599.4,0.4131
38612.2,36594.0,38653.6,36605.8,0.4130
30157.4,25880.3,30181.6,25890.8,0.4130
436.2,25865.1,446.1,25888.0,0.4128
12975.5,19791.2,12989.1,19803.2,0.4128
2089.3,30412.0,2099.6,30443.7,0.4126
33280.0,7054.8,33301.3,7080.1,0.4126
26724.1,21019.5,26800.1,21051.3,0.4125
36287.2,36118.4,36297.5,36127.7,0.4125
28161.3,32325.8,28236.4,32391.9,0.4124
31843.6,18587.9,31862.4,18598.0,0.4124
24844.2,18337.9,24879.9,18348.5,0.4124
12409.4,968.5,12467.7,1012.7,0.4124
23314.7,29692.1,23331.8,29703.1,0.4123
16904.9,1464.3,16958.4,1494.8,0.4122
1601.0,20964.9,1681.5,21031.8,0.4122
37636.4,14392.7,37672.8,14405.2,0.4122
22291.4,34532.8,22358.6,34560.0,0.4121
22242.6,18865.6,22293.9,18879.0,0.4121
23320.3,17744.1,23384.3,17761.7,0.4120
33896.9,27843.8,34013.1,27952.6,0.4120
17548.7,1667.1,17599.2,1698.1,0.4120
372.5,32276.8,386.7,32300.3,0.4120
18749.3,24915.0,18814.7,24941.7,0.4119
242.7,24343.2,252.0,24365.6,0.4119
21056.6,22652.6,21079.7,22679.7,0.4119
32599.4,34560.0,32658.5,34589.6,0.4119
19667.1,17377.8,19681.6,17390.1,0.4117
27223.9,27346.8,27274.9,27364.4,0.4116
23515.7,18274.1,23535.0,18286.5,0.4115
22158.1,28460.4,22176.2,28475.4,0.4113
12810.3,22186.5,12837.0,22194.9,0.4113
26828.0,7680.0,26879.2,7782.5,0.4113
28116.6,29699.4,28225.5,29811.0,0.4112
37749.3,3520.0,37804.0,3549.3,0.4111
513.2,21715.6,554.7,21738.8,0.4111
25217.6,17451.9,25230.3,17462.7,0.4110
12751.7,33634.7,12798.7,33654.7,0.4110
14794.6,34057.4,14833.3,34070.2,0.4109
34856.2,23264.9,34970.4,23359.4,0.4109
6368.3,8000.0,6388.8,8010.3,0.4108
33753.5,30102.9,33880.6,30200.7,0.4108
22909.8,29992.3,22971.1,30006.5,0.4108
1149.9,26345.8,1171.8,26377.5,0.4108
20096.8,9617.9,20160.0,9636.2,0.4107
13373.0,25539.3,13384.0,25553.6,0.4107
9189.4,27240.5,9326.4,27274.1,0.4107
14060.0,19833.6,14088.6,19846.3,0.4105
12419.5,32474.8,12441.1,32484.1,0.4105
16826.1,14216.9,16843.3,14239.3,0.4103
16098.2,24504.8,16112.8,24515.1,0.4102
17039.6,35427.1,17074.4,35447.1,0.4102
24539.7,26722.2,24581.2,26747.1,0.4102
5360.4,4946.8,5378.7,4992.4,0.4102
28351.9,9044.8,28394.5,9075.9,0.4102
26547.9,36147.0,26559.9,36190.6,0.4100
4745.8,7940.1,4785.2,7961.0,0.4099
23194.0,20981.3,23204.9,20992.1,0.4098
26714.5,27699.8,26734.6,27715.9,0.4097
29452.1,0.1,29510.2,36.8,0.4097
22630.3,21037.3,22655.2,21049.3,0.4097
12809.2,36667.9,12846.4,36679.5,0.4094
30281.0,18177.2,30323.6,18189.5,0.4094
12374.6,26100.1,12408.0,26113.1,0.4094
203.5,30166.8,214.6,30198.7,0.4093
8640.0,14357.7,8657.0,14399.7,0.4092
21745.0,19817.0,21783.5,19839.0,0.4091
36051.3,34236.8,36063.8,34248.6,0.4091
26015.2,7360.8,26086.1,7450.9,0.4090
22401.2,4853.8,22424.2,4908.2,0.4089
30034.6,14549.3,30098.8,14567.8,0.4089
26402.0,22314.1,26437.8,22344.2,0.4087
20273.6,20990.5,20294.8,21003.3,0.4087
682.8,22225.1,723.5,22240.6,0.4087
33956.1,34413.4,33968.9,34430.7,0.4087
24527.9,17698.6,24547.4,17711.4,0.4086
21291.5,26714.7,21307.8,26726.0,0.4085
24463.4,26141.1,24485.5,26155.5,0.4085
23023.7,23431.7,23039.2,23443.7,0.4085
14082.2,30612.3,14117.2,30625.6,0.4083
23985.5,21503.8,24047.4,21518.0,0.4083
14941.5,28548.7,14995.5,28563.5,0.4081
1802.3,3026.1,1827.4,3054.1,0.4080
30415.1,31975.2,30473.4,32000.0,0.4079
220.0,24464.3,229.9,24486.8,0.4077
15989.1,33335.6,16012.7,33350.1,0.4077
20217.6,22169.8,20246.8,22192.4,0.4076
13961.3,32274.8,14007.7,32288.2,0.4075
25876.8,34278.9,25919.1,34356.7,0.4075
14551.3,19963.6,14577.3,19978.0,0.4075
34213.6,26240.1,34239.2,26272.9,0.4074
18586.4,29167.6,18610.2,29191.0,0.4073
35275.8,6465.3,35303.3,6506.0,0.4073
27133.7,21593.3,27160.2,21615.4,0.4071
26760.8,22434.7,26776.4,22452.1,0.4070
26333.5,19992.4,26390.5,20012.5,0.4070
13058.9,34451.6,13084.6,34462.9,0.4069
16931.9,36040.8,16992.2,36070.6,0.4069
13854.4,31345.3,13932.4,31358.8,0.4066
36762.5,870.2,36776.8,885.8,0.4066
2900.9,2255.8,2922.5,2275.6,0.4066
14808.7,30162.8,14872.8,30176.4,0.4065
14960.4,33806.4,15028.2,33824.8,0.4064
21390.2,19683.4,21401.0,19694.8,0.4063
18393.8,29602.0,18413.1,29614.0,0.4062
37495.7,8466.7,37518.1,8495.5,0.4062
22958.3,27455.7,22969.7,27468.7,0.4061
19217.6,36068.5,19318.4,36159.7,0.4061
31440.3,355.8,31490.2,402.8,0.4060
28562.9,21302.5,28644.5,21320.3,0.4060
21931.5,20643.8,21954.9,20655.9,0.4059
20675.7,2951.7,20714.1,2971.2,0.4058
36961.0,25419.2,36972.4,25430.1,0.4058
13862.4,34184.3,13911.9,34215.4,0.4056
18274.8,19319.6,18325.9,19336.3,0.4056
13908.8,32708.5,13952.6,32721.3,0.4055
28111.8,19418.0,28125.2,19428.2,0.4055
21702.9,32228.1,21738.9,32239.5,0.4055
20813.7,34412.9,20836.5,34425.8,0.4053
18883.1,2257.6,18916.4,2282.0,0.4053
16793.7,24083.8,16818.1,24094.8,0.4052
25142.2,17769.4,25154.6,17777.7,0.4052
14178.4,36660.7,14196.9,36672.5,0.4051
25033.4,19277.3,25064.1,19288.5,0.4049
19058.2,19645.9,19103.9,19663.3,0.4049
16778.2,36111.9,16825.2,36125.5,0.4049
28129.5,20756.1,28152.0,20770.6,0.4049
27561.1,15215.3,27582.6,15224.6,0.4049
32260.1,27308.1,32274.7,27318.0,0.4048
20746.8,21402.4,20759.3,21411.3,0.4048
35113.8,26213.4,35198.9,26301.1,0.4045
19946.8,30603.6,20020.3,30617.7,0.4045
21935.3,23584.5,21952.3,23601.1,0.4044
20405.8,36524.7,20417.6,36537.9,0.4044
23479.2,36225.7,23489.3,36235.6,0.4043
23768.1,25478.0,23788.3,25491.8,0.4043
34417.7,30720.0,34489.6,30751.3,0.4043
3348.8,27000.8,3363.9,27021.4,0.4042
16670.7,34959.9,16723.4,34977.5,0.4042
25299.2,21487.8,25322.9,21498.8,0.4042
5101.3,32976.2,5164.8,33031.9,0.4040
24494.6,21790.3,24507.4,21801.8,0.4040
4127.1,2612.2,4160.0,2671.5,0.4040
23502.9,27716.0,23521.4,27726.4,0.4039
24772.0,26027.4,24796.6,26054.6,0.4039
2240.6,32000.0,2260.1,32071.3,0.4038
1742.6,8221.1,1781.5,8240.3,0.4038
2779.2,13088.6,2796.5,13118.9,0.4038
32184.9,17797.6,32213.4,17837.7,0.4037
38246.7,13248.7,38257.3,13258.4,0.4036
21208.7,23219.3,21245.4,23233.9,0.4034
24787.6,19985.6,24804.1,19994.2,0.4033
37060.6,35707.5,37121.6,35725.3,0.4032
27173.5,34335.2,27184.7,34347.4,0.4032
18723.7,32779.4,18748.7,32793.0,0.4031
20554.2,18593.3,20566.4,18604.7,0.4030
29489.6,16596.8,29522.1,16608.4,0.4030
31396.8,28785.0,31430.3,28800.0,0.4030
20378.5,18205.0,20407.5,18218.4,0.4029
18861.6,29911.7,18927.5,29945.2,0.4029
28215.4,12452.8,28226.1,12463.4,0.4028
32044.8,8985.0,32105.1,9017.7,0.4028
27448.3,26659.9,27472.4,26671.7,0.4028
21742.1,33393.0,21763.6,33406.2,0.4028
12863.2,26865.0,12920.4,26879.0,0.4028
17614.3,21628.5,17628.5,21639.8,0.4027
17060.9,18682.6,17094.1,18695.6,0.4026
18238.0,24224.5,18263.7,24237.7,0.4024
16576.3,16921.5,16600.3,16945.7,0.4024
35127.5,18956.0,35157.1,18968.7,0.4023
16529.7,35651.6,16563.6,35662.2,0.4020
17571.1,33971.3,17599.6,33983.2,0.4019
17265.8,36650.9,17288.7,36665.5,0.4019
18383.2,21282.8,18399.7,21294.2,0.4018
27217.9,9140.8,27270.6,9176.7,0.4018
27325.6,19130.5,27337.2,19141.9,0.4018
20389.7,18439.0,20402.9,18450.4,0.4018
23657.1,30445.8,23704.8,30464.8,0.4016
27550.9,20970.4,27571.5,20983.3,0.4016
17723.5,17741.5,17745.1,17766.5,0.4015
18576.6,29977.2,18594.6,29986.7,0.4015
24265.7,32320.0,24338.4,32357.1,0.4014
23091.1,25042.6,23162.9,25057.3,0.4013
16677.4,2163.6,16738.2,2190.7,0.4012
28252.0,14227.6,28272.3,14240.2,0.4012
23495.8,18779.1,23525.8,18791.3,0.4011
5122.1,372.3,5137.6,402.7,0.4011
25996.6,19690.8,26011.0,19702.3,0.4010
13950.9,33585.1,14003.7,33598.1,0.4009
12465.7,36702.5,12499.9,36714.0,0.4007
20627.6,18208.3,20638.7,18223.5,0.4006
16065.8,25338.9,16083.3,25350.1,0.4006
36671.9,17817.1,36718.1,17827.1,0.4006
5473.7,4241.7,5511.3,4286.9,0.4006
13262.1,36539.1,13314.2,36562.4,0.4005
22170.4,21490.3,22208.0,21501.3,0.4005
26440.9,35560.4,26450.7,35570.4,0.4004
436.4,25785.3,447.2,25806.2,0.4003
14817.8,32329.8,14838.6,32340.4,0.4003
14468.9,25984.5,14511.5,25998.5,0.4003
19105.8,30870.3,19161.8,30899.1,0.4001
21178.5,21968.3,21199.9,21980.2,0.4001
15681.1,5760.0,15725.8,5784.9,0.3999
34478.4,15832.0,34500.0,15843.1,0.3998
13508.8,19002.7,13532.9,19025.8,0.3998
12686.5,31518.4,12698.3,31528.2,0.3998
15955.9,29998.7,15977.4,30010.5,0.3997
23305.2,5636.4,23359.8,5661.1,0.3997
10223.5,5834.6,10308.7,5910.3,0.3997
20003.9,22926.8,20065.4,22952.2,0.3996
28343.1,18830.5,28426.6,18848.8,0.3996
33160.2,27718.6,33280.2,27808.9,0.3996
27311.3,21890.9,27322.2,21901.5,0.3994
20532.1,34772.9,20551.5,34784.4,0.3993
27643.8,14530.1,27655.9,14542.9,0.3993
18255.6,33466.8,18279.5,33482.9,0.3992
37312.5,26535.9,37367.0,26560.0,0.3992
13235.0,31939.2,13285.3,31951.6,0.3991
31361.5,15936.5,31376.3,15944.8,0.3991
33995.6,8688.3,34043.1,8703.6,0.3991
3455.5,1316.0,3509.6,1350.8,0.3990
23271.7,23377.3,23305.0,23393.8,0.3989
38199.9,28312.1,38210.3,28320.6,0.3988
30896.8,24923.1,30914.4,24938.0,0.3988
24111.8,15259.1,24122.7,15269.3,0.3987
13707.3,28176.1,13750.0,28190.5,0.3987
11894.3,6080.0,11953.1,6127.3,0.3987
31149.6,24207.4,31182.5,24218.7,0.3986
2179.8,23457.9,2204.6,23490.5,0.3985
18279.3,22503.6,18339.9,22516.1,0.3984
274.8,22902.0,284.0,22924.5,0.3984
17657.2,33500.3,17714.2,33512.8,0.3984
15729.2,31151.7,15761.2,31166.7,0.3984
34768.6,19544.4,34783.6,19555.6,0.3983
27783.3,20457.5,27824.3,20486.0,0.3983
13959.6,18220.0,14002.7,18235.2,0.3982
27040.0,18581.7,27068.7,18595.1,0.3982
14136.6,30839.7,14168.5,30853.3,0.3982
22760.2,18653.0,22772.3,18663.6,0.3982
19215.1,16439.8,19228.9,16449.2,0.3981
22658.3,27220.8,22715.5,27240.8,0.3980
3379.1,1651.9,3395.1,1680.8,0.3980
17176.5,33309.4,17214.3,33327.2,0.3979
38381.4,21059.3,38399.6,21106.8,0.3978
28443.5,1911.8,28480.0,1989.6,0.3977
7005.1,33731.6,7061.5,33740.0,0.3977
14369.5,34761.0,14443.1,34792.6,0.3976
13561.0,18940.6,13579.2,18952.8,0.3976
30859.3,17508.4,30883.7,17524.9,0.3975
31539.3,18459.9,31555.3,18472.3,0.3975
37792.9,7554.2,37816.0,7571.2,0.3974
22301.0,20236.1,22312.7,20247.1,0.3974
26042.0,20642.2,26072.2,20651.0,0.3973
28994.9,17210.2,29010.0,17219.5,0.3972
22365.9,21071.9,22399.4,21097.9,0.3972
29548.0,23083.0,29573.5,23094.4,0.3971
28526.8,1084.1,28600.8,1164.5,0.3970
18241.2,347.3,18300.4,399.2,0.3970
16083.1,32089.3,16119.1,32110.4,0.3970
15942.3,31344.3,15983.1,31354.4,0.3970
15107.9,24977.1,15136.9,24989.9,0.3970
7373.6,8415.3,7398.8,8445.2,0.3970
28897.4,23846.4,28953.1,23867.2,0.3969
36041.1,22400.0,36092.5,22427.1,0.3969
20553.4,19631.2,20575.6,19643.3,0.3969
3364.2,346.7,3376.7,364.6,0.3969
29248.9,16289.6,29274.7,16300.1,0.3968
8291.8,10368.0,8305.0,10386.2,0.3968
16696.8,25540.2,16712.8,25550.9,0.3967
25130.4,5440.0,25189.9,5469.8,0.3966
20480.2,25546.4,20499.2,25599.7,0.3966
13912.4,19001.6,13928.4,19010.8,0.3965
26490.3,36210.8,26576.3,36323.5,0.3965
5014.8,2058.9,5048.1,2088.0,0.3965
20161.6,20908.6,20180.0,20967.9,0.3964
15352.7,27009.7,15376.0,27021.9,0.3963
17979.8,23994.7,18031.3,24031.5,0.3963
33459.8,26240.8,33578.6,26347.9,0.3963
16087.6,26857.7,16104.8,26867.6,0.3962
23450.4,28910.8,23479.6,28923.1,0.3962
34177.5,21894.8,34239.0,22006.8,0.3959
32524.5,24809.8,32550.3,24823.1,0.3959
19142.7,32268.9,19198.1,32287.9,0.3959
218.7,24425.8,228.1,24445.6,0.3958
3404.3,31955.0,3414.5,31999.0,0.3958
36822.5,30280.2,36832.8,30289.9,0.3957
15506.5,32020.0,15542.2,32031.4,0.3956
21313.2,26152.1,21325.7,26161.6,0.3956
35891.8,26706.8,36006.7,26811.2,0.3955
23890.7,34485.0,23951.9,34512.2,0.3955
24786.4,20355.1,24799.2,20366.2,0.3955
2261.0,22362.9,2272.1,22405.3,0.3954
31993.5,4466.8,32042.9,4480.0,0.3954
20962.6,15932.8,20976.8,15951.2,0.3952
30329.9,26560.0,30397.6,26593.1,0.3952
16721.2,33411.9,16749.9,33425.5,0.3952
29273.2,19123.9,29301.2,19136.1,0.3951
35426.0,18186.6,35437.1,18198.1,0.3950
32938.3,31002.0,33056.9,31088.3,0.3950
36022.8,1230.9,36083.4,1278.8,0.3949
2575.9,973.5,2600.5,991.7,0.3949
34862.9,6720.3,34879.5,6755.4,0.3948
15992.4,28829.9,16037.8,28848.7,0.3948
13396.9,36452.1,13438.3,36463.4,0.3947
17109.3,6936.4,17149.3,6952.4,0.3947
29852.4,24393.8,29892.9,24405.6,0.3947
13332.0,36650.1,13388.5,36662.4,0.3946
19621.2,27352.7,19660.1,27363.5,0.3946
13267.3,32285.3,13286.5,32297.3,0.3945
16987.1,35768.9,17039.7,35790.7,0.3945
18133.2,16954.0,18144.4,16966.0,0.3945
13477.6,18721.5,13494.2,18733.8,0.3944
22671.4,6410.7,22720.0,6488.9,0.3944
29518.1,8502.6,29533.8,8538.1,0.3944
28588.0,13337.8,28601.0,13344.8,0.3944
30827.1,8931.5,30869.6,8960.3,0.3941
157.6,10602.1,179.7,10639.4,0.3941
31881.2,33957.5,32004.8,34049.2,0.3940
22005.7,27379.1,22055.5,27390.0,0.3940
29691.4,29720.4,29757.7,29804.6,0.3940
9825.6,11544.6,9919.9,11603.7,0.3939
14281.4,2207.0,14356.7,2240.0,0.3938
30707.5,4554.9,30745.1,4611.4,0.3938
15273.2,4410.8,15344.4,4479.9,0.3935
32180.2,36018.8,32294.6,36115.2,0.3935
17086.8,25693.1,17134.2,25721.8,0.3934
17995.4,27121.0,18021.8,27131.9,0.3934
29765.5,33148.2,29879.4,33249.5,0.3933
25073.5,31084.4,25098.2,31096.3,0.3933
20308.0,20818.0,20334.0,20831.4,0.3931
33507.0,18946.0,33531.0,18956.5,0.3931
25298.1,21487.3,25341.4,21501.0,0.3931
25209.2,21949.3,25277.0,21969.4,0.3931
12906.9,30538.7,12927.6,30552.5,0.3930
23457.5,17268.2,23476.1,17279.8,0.3929
3780.2,32562.5,3797.6,32584.1,0.3929
320.0,320.0,384.3,342.5,0.3929
28493.6,34531.5,28559.1,34560.0,0.3928
16466.7,9242.5,16486.9,9251.7,0.3927
38268.7,33388.0,38295.9,33400.9,0.3927
18707.6,19868.7,18722.5,19881.6,0.3925
17375.3,21042.2,17393.3,21056.0,0.3925
16589.7,2096.0,16604.8,2131.1,0.3924
20910.3,27232.5,20933.6,27244.6,0.3924
15937.7,29583.8,15970.1,29595.8,0.3924
18703.1,28711.6,18718.5,28724.2,0.3923
30536.5,33800.8,30655.4,33904.3,0.3923
19811.6,14752.5,19827.0,14762.4,0.3922
22868.8,28146.3,22896.5,28158.9,0.3922
19859.6,33457.1,19919.4,33470.4,0.3921
19866.8,34071.9,19878.2,34082.1,0.3920
28845.4,12392.8,28860.0,12405.1,0.3920
18392.5,19216.6,18404.3,19227.4,0.3917
35322.8,29335.9,35429.7,29452.4,0.3917
14710.7,13341.7,14721.4,13353.5,0.3916
17242.0,14259.6,17258.0,14270.2,0.3915
22401.3,33544.9,22474.4,33624.8,0.3915
36951.7,25516.8,36975.5,25531.3,0.3915
34608.8,27883.1,34622.8,27893.7,0.3915
13615.0,23169.8,13627.2,23178.9,0.3915
3381.7,1972.5,3403.6,2008.2,0.3914
19417.7,22235.9,19457.6,22247.5,0.3912
13255.3,33564.3,13272.2,33575.0,0.3911
37896.0,2571.7,37933.9,2612.2,0.3911
19343.1,26483.3,19378.3,26514.4,0.3910
37200.4,2881.1,37258.5,2934.2,0.3910
34203.7,4114.5,34240.0,4148.5,0.3909
21933.6,18575.5,21950.7,18584.7,0.3909
13153.7,36027.0,13175.1,36039.0,0.3907
31910.7,24492.7,31922.6,24503.1,0.3907
38470.3,30360.5,38489.3,30380.0,0.3906
818.6,22220.1,842.6,22250.7,0.3905
32897.7,7407.6,32959.0,7425.4,0.3905
37740.0,34572.4,37752.1,34586.1,0.3905
24991.1,36505.5,25111.1,36615.1,0.3902
27159.6,36692.4,27271.2,36796.2,0.3901
19863.2,31928.4,19907.6,31959.8,0.3901
22618.0,29788.7,22632.4,29804.2,0.3901
19758.5,27841.2,19776.3,27854.4,0.3900
21418.7,29535.7,21442.7,29547.9,0.3900
27665.6,2035.9,27712.2,2078.4,0.3899
15669.7,16791.0,15683.4,16800.3,0.3899
20120.2,22112.0,20158.6,22126.8,0.3899
27836.2,17909.3,27889.1,17927.0,0.3899
23002.5,15549.2,23014.5,15559.9,0.3899
13101.8,26220.7,13150.5,26237.5,0.3898
13823.5,6743.6,13892.4,6795.8,0.3898
28029.9,19111.0,28049.3,19120.1,0.3898
27903.5,19309.9,27931.0,19327.6,0.3897
3566.1,27214.8,3588.4,27257.8,0.3897
15794.7,33056.8,15813.6,33068.1,0.3897
37847.7,15706.9,37864.7,15717.9,0.3897
27947.0,23171.4,27974.7,23181.8,0.3896
36982.4,35061.6,36998.2,35072.0,0.3896
29359.5,15804.1,29380.4,15814.5,0.3896
28642.0,22323.3,28704.5,22335.8,0.3896
23916.9,24861.9,23937.3,24877.2,0.3895
33971.1,19406.8,33983.7,19415.3,0.3895
17896.1,34035.2,17921.8,34047.0,0.3895
23222.7,33280.0,23278.9,33316.9,0.3894
34129.5,8651.9,34169.6,8679.3,0.3894
20431.4,20760.8,20445.2,20769.8,0.3894
20058.0,31547.0,20075.2,31557.7,0.3893
13592.2,34615.9,13635.2,34645.0,0.3892
37149.5,6408.2,37194.5,6457.1,0.3892
30775.5,23085.7,30799.7,23097.4,0.3891
30680.9,29521.9,30692.6,29534.9,0.3891
28700.8,30685.8,28768.0,30720.0,0.3890
28266.7,19323.2,28295.8,19333.8,0.3890
18394.9,33785.9,18483.7,33810.4,0.3889
20277.9,18283.1,20291.9,18297.8,0.3889
27593.1,25882.2,27614.6,25901.6,0.3888
18639.0,30693.7,18755.2,30757.3,0.3888
27777.9,21382.3,27789.3,21393.1,0.3888
23937.5,18403.7,23960.8,18421.1,0.3888
24751.6,18650.6,24767.0,18657.9,0.3887
27199.6,27145.1,27211.1,27154.5,0.3887
37979.0,29593.5,38009.7,29607.0,0.3887
36691.3,14609.7,36713.5,14618.8,0.3886
14424.8,33444.9,14450.0,33457.7,0.3886
19918.2,31564.1,19971.1,31593.2,0.3886
18804.8,9625.2,18876.5,9666.0,0.3885
21136.1,21387.7,21169.3,21406.1,0.3885
9480.1,21043.6,9528.2,21054.9,0.3884
18484.5,35552.1,18523.2,35566.3,0.3884
15383.1,33800.5,15441.5,33814.0,0.3882
11599.2,3282.7,11619.5,3316.9,0.3882
16177.6,33539.3,16231.5,33550.1,0.3882
19623.5,30823.0,19639.0,30838.2,0.3881
18738.4,34286.2,18776.6,34299.7,0.3881
29619.8,20065.6,29658.5,20079.0,0.3880
31484.3,18459.2,31555.2,18476.8,0.3880
29654.1,28831.5,29669.3,28841.3,0.3880
15406.3,33194.2,15484.8,33226.6,0.3877
29264.6,24456.7,29308.7,24470.0,0.3876
20237.3,27292.4,20259.7,27310.5,0.3875
25280.9,29498.6,25301.8,29510.1,0.3874
14273.0,18590.7,14329.7,18605.4,0.3874
24202.7,24823.9,24217.1,24834.3,0.3874
13607.6,33313.3,13656.7,33328.7,0.3873
29724.8,34240.0,29774.9,34265.1,0.3873
9864.0,9937.4,9968.3,10082.5,0.3873
22769.8,25384.4,22818.9,25399.9,0.3872
25393.4,22511.4,25433.5,22539.2,0.3872
18652.7,32111.2,18759.4,32173.4,0.3872
24898.0,27537.0,24953.0,27554.6,0.3871
15613.5,35170.0,15637.7,35182.5,0.3870
31595.1,24799.9,31647.7,24826.4,0.3869
16065.2,22357.0,16078.9,22370.6,0.3869
12609.2,18735.7,12628.5,18745.1,0.3868
16525.8,31681.1,16594.7,31708.3,0.3868
14904.6,36162.1,14947.2,36176.1,0.3868
19278.2,21233.0,19297.6,21247.5,0.3867
25722.8,31939.8,25818.6,32000.0,0.3865
23303.5,25823.3,23329.0,25837.8,0.3865
23410.2,25835.4,23429.6,25845.7,0.3863
33109.8,26850.3,33120.4,26859.3,0.3863
24710.6,35288.2,24726.2,35301.2,0.3863
30389.6,26134.7,30400.0,26160.7,0.3862
37793.3,4108.1,37824.2,4131.5,0.3861
32611.1,28401.9,32624.3,28412.8,0.3859
59.6,29238.7,70.6,29259.4,0.3859
20741.4,27854.7,20783.7,27879.5,0.3859
31786.2,31831.1,31904.7,31923.0,0.3859
16547.0,9265.6,16580.2,9279.4,0.3858
30568.7,23931.9,30626.2,23943.4,0.3857
24460.1,33600.3,24517.4,33628.9,0.3857
17051.7,17266.6,17069.3,17275.4,0.3857
16689.1,18474.5,16710.7,18485.2,0.3856
23228.4,25351.1,23261.4,25373.9,0.3856
124.9,25010.7,173.5,25019.3,0.3856
12444.2,9112.6,12480.0,9145.8,0.3855
26693.1,26434.6,26719.5,26453.1,0.3855
33380.0,31130.4,33494.4,31232.3,0.3855
38016.6,28942.1,38031.0,28951.5,0.3854
23361.1,21105.2,23375.0,21116.6,0.3853
26447.9,21571.1,26469.5,21581.5,0.3853
22272.9,19160.8,22285.1,19169.8,0.3852
21658.0,21160.6,21747.3,21187.3,0.3851
14718.4,26620.2,14736.6,26631.8,0.3851
21986.5,28418.0,22035.3,28430.9,0.3851
22718.3,22556.8,22734.6,22569.8,0.3850
15316.9,17661.3,15328.8,17670.7,0.3850
17032.5,36322.3,17071.7,36335.7,0.3850
3019.4,9554.8,3078.3,9594.7,0.3849
23377.4,25471.2,23411.9,25482.9,0.3849
16813.7,6062.8,16859.7,6080.0,0.3849
38421.2,28345.1,38432.8,28355.9,0.3849
23694.4,4711.2,23740.4,4739.9,0.3848
33280.0,4445.0,33324.9,4480.0,0.3848
19175.4,26305.6,19225.6,26328.4,0.3848
20150.5,33922.9,20195.9,33936.8,0.3848
24761.1,28350.3,24861.8,28366.1,0.3847
19340.8,21138.2,19354.6,21149.6,0.3847
32067.3,8783.7,32112.0,8831.4,0.3846
17869.7,16266.7,17904.8,16283.6,0.3846
35628.7,8212.0,35672.3,8228.0,0.3845
16989.2,15585.9,17008.7,15599.0,0.3844
28725.6,30376.8,28778.6,30400.0,0.3843
2523.0,29725.9,2532.0,29758.2,0.3842
13236.6,9685.1,13278.1,9723.2,0.3841
20688.4,21075.4,20708.6,21086.7,0.3841
16938.8,9363.1,16960.0,9386.5,0.3841
26505.0,22361.2,26556.8,22391.7,0.3840
27719.6,33418.4,27831.5,33534.9,0.3840
27292.2,18697.4,27312.7,18710.3,0.3840
29297.3,18022.3,29333.1,18033.5,0.3840
25175.3,17216.4,25184.8,17226.3,0.3840
27397.1,21203.7,27422.8,21218.0,0.3840
21158.5,30890.6,21190.7,30902.0,0.3838
2724.0,18944.7,2754.9,18964.6,0.3838
25934.3,8320.0,26040.3,8376.8,0.3837
19464.8,23504.8,19486.2,23520.9,0.3837
37388.0,6468.5,37440.0,6508.3,0.3837
35059.6,36316.6,35092.1,36334.7,0.3836
19909.9,5452.4,19950.1,5486.1,0.3836
26984.5,18992.4,26999.5,19001.0,0.3835
23025.2,28959.7,23074.3,28972.7,0.3835
2903.7,2848.8,2987.2,2880.0,0.3834
23575.0,23410.9,23586.1,23419.7,0.3834
29569.7,19295.6,29618.4,19312.6,0.3833
18848.8,23296.7,18874.0,23311.6,0.3833
6090.8,9866.4,6118.8,9915.5,0.3833
34450.8,8253.1,34493.5,8275.7,0.3832
29766.3,5618.6,29823.8,5648.4,0.3832
196.1,30096.8,209.7,30131.3,0.3832
23659.9,20728.9,23684.2,20739.4,0.3832
16879.5,25491.5,16900.9,25504.4,0.3832
25856.5,20580.0,25868.4,20590.3,0.3831
24879.4,17214.8,24892.5,17229.5,0.3831
259.1,10209.4,268.1,10226.9,0.3831
28398.7,16520.6,28421.9,16531.2,0.3828
18594.3,22881.8,18614.7,22893.0,0.3828
3240.8,20570.3,3280.3,20607.0,0.3827
25035.2,17446.4,25051.7,17456.3,0.3826
18125.8,34989.8,18176.3,35008.4,0.3826
18634.0,21373.2,18661.6,21392.8,0.3826
20219.1,22235.3,20231.7,22246.4,0.3824
22025.5,26297.0,22039.0,26307.8,0.3824
21903.4,24194.7,21921.5,24205.4,0.3823
25600.0,34761.6,25663.6,34848.7,0.3823
4988.4,5675.9,5020.7,5703.7,0.3822
22976.6,31892.7,23000.2,31906.2,0.3822
34153.0,32000.0,34210.0,32028.9,0.3821
26305.8,25579.2,26324.6,25591.2,0.3820
17575.4,20972.5,17592.9,20984.3,0.3819
35520.8,2337.9,35573.0,2390.0,0.3819
16572.0,22171.7,16603.5,22183.3,0.3819
21343.9,33360.2,21360.7,33375.6,0.3819
24960.0,19169.1,24976.5,19200.0,0.3818
23901.2,21238.3,23929.5,21264.7,0.3817
12307.0,32034.5,12341.6,32047.8,0.3817
21158.8,18455.1,21170.0,18464.9,0.3815
9717.3,29622.0,9778.5,29646.1,0.3814
18852.7,16418.8,18864.9,16431.7,0.3813
31065.1,35200.0,31171.9,35259.3,0.3813
37328.4,25426.3,37338.6,25436.2,0.3813
38425.9,31499.2,38453.6,31515.3,0.3812
30673.4,16188.7,30710.9,16200.7,0.3812
32135.5,31516.0,32246.9,31626.6,0.3811
21105.1,22076.2,21124.1,22089.1,0.3811
32959.0,27529.8,33088.4,27618.3,0.3811
14123.0,4209.7,14181.7,4264.7,0.3811
14731.7,27829.6,14790.7,27850.3,0.3810
13396.8,8353.3,13407.0,8372.0,0.3810
19996.8,17948.5,20008.2,17958.8,0.3809
23466.9,17708.1,23492.5,17719.1,0.3808
31040.0,30400.0,31088.3,30437.9,0.3807
35696.3,35426.9,35720.3,35438.4,0.3807
27859.9,26211.6,27909.1,26238.9,0.3807
16673.4,6570.2,16701.0,6599.2,0.3807
3521.7,1340.4,3551.6,1384.6,0.3807
33608.6,7205.2,33695.9,7274.3,0.3807
23406.4,27362.9,23425.9,27374.3,0.3806
19709.7,22541.9,19741.1,22559.9,0.3806
19675.5,10364.1,19717.4,10402.0,0.3806
12619.3,26399.5,12674.1,26428.7,0.3805
13290.2,21474.8,13337.3,21495.0,0.3804
21736.0,36124.3,21835.8,36160.0,0.3804
15843.8,31841.3,15861.0,31854.3,0.3803
29708.4,1194.5,29759.4,1279.8,0.3803
14025.3,32051.6,14041.3,32062.0,0.3803
38411.3,3478.4,38472.7,3529.3,0.3803
26393.0,26137.4,26418.6,26149.0,0.3802
21440.0,14029.8,21457.5,14080.0,0.3802
27380.2,33418.6,27495.8,33534.9,0.3801
12812.7,33200.3,12834.4,33211.1,0.3800
237.1,30096.5,248.6,30130.5,0.3800
13599.6,24162.4,13615.3,24173.6,0.3799
33591.1,13808.0,33601.6,13822.6,0.3799
36320.1,34962.7,36335.2,34972.9,0.3798
15807.1,15834.7,15828.2,15849.1,0.3797
15687.1,28089.5,15724.9,28104.5,0.3796
29052.7,21462.0,29076.6,21484.0,0.3796
33783.6,35181.7,33796.8,35193.5,0.3795
14954.5,16673.1,14976.6,16684.5,0.3795
15888.9,31553.8,15964.8,31584.3,0.3794
18577.6,33646.9,18608.8,33660.3,0.3794
32542.6,32664.3,32554.1,32672.7,0.3793
12529.3,21227.3,12544.5,21247.5,0.3793
16034.8,31141.1,16054.4,31154.7,0.3792
36047.0,3878.3,36147.8,3916.4,0.3791
33573.4,24897.2,33695.8,24994.9,0.3790
35370.7,27520.0,35440.4,27555.5,0.3789
14482.8,30672.2,14545.9,30688.3,0.3788
19235.7,22272.8,19273.4,22285.7,0.3788
21744.1,22641.8,21758.4,22651.1,0.3786
16330.0,36607.7,16376.5,36623.4,0.3786
20554.7,18592.7,20579.0,18605.8,0.3786
19756.5,17741.4,19808.7,17759.4,0.3785
28542.9,20971.1,28559.7,20979.5,0.3784
9274.6,13081.0,9326.7,13107.2,0.3784
16482.7,36218.0,16546.0,36238.0,0.3783
16754.9,18003.9,16766.2,18015.6,0.3782
255.6,8582.2,272.1,8605.8,0.3781
25769.7,33651.5,25780.4,33663.1,0.3781
15971.8,36340.1,15997.5,36351.3,0.3780
23360.3,19371.5,23378.5,19444.0,0.3779
35636.0,8093.3,35677.0,8126.1,0.3778
17923.2,26812.4,17947.1,26826.7,0.3776
28234.3,19730.0,28263.2,19742.0,0.3776
29382.1,20344.9,29435.9,20364.2,0.3776
25406.1,22711.7,25438.3,22721.4,0.3776
13895.9,33656.5,13924.3,33669.4,0.3776
23157.2,5421.6,23196.3,5440.0,0.3775
34681.6,29120.3,34751.3,29149.0,0.3775
17512.8,29675.2,17541.5,29686.0,0.3774
19165.5,32124.2,19199.8,32148.1,0.3774
13918.7,9275.8,13957.9,9299.5,0.3774
26646.4,23752.6,26683.9,23779.9,0.3774
20962.9,34555.1,20994.0,34581.5,0.3774
20377.5,18205.7,20390.2,18217.8,0.3773
18842.3,36399.9,18878.1,36414.5,0.3773
12845.1,36332.3,12861.1,36343.4,0.3772
24288.4,23274.3,24305.0,23284.6,0.3772
36247.7,19419.4,36361.1,19519.4,0.3772
14851.9,29322.8,14872.7,29333.2,0.3772
26428.3,1002.5,26451.4,1033.3,0.3771
17997.6,26612.0,18021.1,26634.7,0.3770
111.7,29962.8,124.0,29998.3,0.3770
24588.3,4800.0,24626.6,4869.8,0.3769
11264.9,7812.3,11285.5,7836.0,0.3769
3942.3,9907.8,4000.6,9920.0,0.3768
23964.3,35302.5,24000.0,35372.4,0.3767
13133.7,33243.7,13202.0,33266.7,0.3767
22514.7,28316.2,22543.6,28327.7,0.3767
20939.0,25842.3,20949.9,25853.4,0.3767
29048.3,21266.4,29081.2,21277.7,0.3767
14344.8,27131.2,14378.7,27141.6,0.3767
24952.0,15427.2,24971.6,15436.9,0.3766
30763.7,30349.4,30782.2,30359.2,0.3766
30999.9,19741.6,31034.4,19760.1,0.3766
24062.2,22394.3,24120.0,22423.1,0.3766
20495.0,18233.5,20506.2,18246.3,0.3766
15516.8,34476.7,15557.6,34495.4,0.3765
23217.6,4714.4,23268.0,4744.3,0.3764
12403.0,31466.2,12414.5,31480.0,0.3764
21663.3,19075.7,21690.1,19085.5,0.3764
16978.2,31952.6,17023.3,31967.6,0.3761
22709.5,186.1,22742.4,221.9,0.3760
14827.6,33829.8,14864.6,33843.5,0.3760
27046.7,22424.4,27108.7,22440.3,0.3760
16548.3,35311.9,16597.9,35327.5,0.3760
17877.1,28364.1,17917.8,28377.0,0.3759
20276.4,21417.1,20308.4,21433.2,0.3759
24762.7,18499.3,24777.7,18509.5,0.3759
11840.0,11805.9,11860.9,11840.0,0.3759
1211.0,10954.6,1262.9,10994.3,0.3758
262.5,22771.9,281.2,22809.2,0.3758
31363.4,9072.8,31403.8,9097.2,0.3758
20892.1,21394.7,20913.9,21404.8,0.3758
17323.5,28355.1,17374.6,28381.2,0.3757
13373.2,24889.1,13389.8,24898.7,0.3756
28546.8,25632.9,28593.4,25647.3,0.3756
16707.8,34419.7,16767.1,34454.6,0.3756
29840.8,6689.9,29887.6,6718.5,0.3756
18896.4,34446.2,18924.6,34464.6,0.3756
2800.3,9179.8,2844.8,9229.9,0.3754
23493.9,21952.6,23504.9,21961.5,0.3754
18114.5,33266.6,18150.7,33278.1,0.3754
26108.8,20193.6,26124.3,20207.2,0.3753
29334.2,30593.7,29344.8,30611.0,0.3752
17511.0,33680.4,17557.0,33691.3,0.3752
35025.8,22972.1,35047.7,22982.9,0.3752
35596.6,18275.5,35628.5,18285.5,0.3752
20318.8,16782.6,20334.0,16793.3,0.3751
6933.5,1812.5,6945.6,1854.9,0.3750
7102.3,1221.9,7113.0,1267.9,0.3750
14840.4,33364.7,14883.0,33377.4,0.3749
31282.5,28160.0,31334.1,28184.5,0.3748
15813.9,24111.9,15831.6,24122.3,0.3748
22860.8,17976.6,22893.9,17986.8,0.3747
765.1,3906.3,800.7,3939.6,0.3747
15860.6,24955.1,15904.4,24968.3,0.3747
38042.5,34031.9,38169.5,34125.2,0.3747
15043.0,30434.0,15080.7,30446.3,0.3746
19073.9,2348.6,19105.6,2374.4,0.3745
37197.3,20079.8,37218.0,20097.4,0.3745
15911.8,32023.8,15961.0,32036.6,0.3745
12801.0,35403.8,12837.3,35415.8,0.3745
14680.5,9312.6,14717.4,9333.4,0.3744
28003.7,21099.4,28028.5,21108.6,0.3744
14798.3,27785.4,14819.1,27798.7,0.3741
16289.7,23891.3,16302.6,23902.4,0.3740
26354.5,32611.2,26426.4,32640.0,0.3740
18752.6,20513.4,18766.0,20524.0,0.3740
26673.6,35905.7,26694.8,35914.7,0.3738
22874.0,16000.8,22896.7,16014.3,0.3738
30305.1,32942.4,30349.1,32960.0,0.3738
20466.5,19995.1,20499.8,20005.7,0.3738
36352.0,33509.3,36365.8,33521.7,0.3737
25922.2,35704.2,25935.9,35734.3,0.3736
38051.6,18189.1,38098.2,18207.1,0.3736
16884.9,26338.6,16907.3,26351.1,0.3735
15673.9,32960.0,15751.2,32986.8,0.3735
13947.9,33124.8,14031.6,33162.8,0.3735
34506.6,20644.6,34524.1,20660.1,0.3734
26103.3,32839.2,26117.6,32849.7,0.3734
7479.2,5384.3,7491.0,5393.6,0.3733
15619.1,34465.4,15667.7,34479.4,0.3733
33241.3,31222.1,33358.5,31309.6,0.3733
15769.6,35779.6,15814.8,35791.5,0.3732
3995.5,7283.6,4016.4,7305.1,0.3732
25579.9,7075.1,25620.2,7113.0,0.3731
19577.1,20266.1,19603.9,20278.0,0.3730
17874.3,32714.7,17950.1,32748.5,0.3730
22560.7,32956.0,22584.3,32973.0,0.3730
24281.3,24803.6,24299.2,24814.3,0.3728
22023.5,34560.0,22101.3,34598.1,0.3728
37534.8,17055.1,37553.8,17069.0,0.3728
26791.4,33177.5,26880.0,33263.0,0.3726
17429.3,17910.4,17448.7,17928.0,0.3726
23609.0,36121.4,23660.6,36182.5,0.3726
37682.0,25906.9,37699.2,25917.9,0.3726
33925.2,19056.7,33937.9,19065.1,0.3726
31242.0,15424.9,31255.6,15434.9,0.3725
2107.6,23181.6,2117.2,23201.4,0.3725
4053.1,2710.8,4071.3,2770.0,0.3725
38069.9,17103.9,38080.9,17114.3,0.3724
25403.3,22230.6,25425.1,22240.9,0.3723
25432.4,21660.3,25445.4,21672.0,0.3722
16982.7,4073.6,17054.1,4110.6,0.3722
25474.2,19051.9,25488.5,19062.4,0.3722
23549.4,18195.1,23607.4,18209.8,0.3722
23487.8,32635.3,23507.8,32647.1,0.3721
34789.6,7040.0,34856.9,7067.9,0.3721
21900.6,22791.8,21913.9,22801.9,0.3721
26770.9,20682.2,26817.7,20699.3,0.3720
34511.2,36605.7,34531.3,36618.2,0.3719
12683.4,20098.6,12704.1,20110.9,0.3719
26067.2,19397.4,26080.1,19408.0,0.3719
22042.7,24050.9,22080.0,24081.2,0.3719
14084.5,35631.1,14148.1,35642.3,0.3718
15532.5,32641.1,15561.4,32651.1,0.3718
4289.5,6868.2,4316.1,6892.2,0.3717
27145.9,18592.8,27156.2,18602.8,0.3716
12987.1,2600.1,13030.8,2636.8,0.3715
23672.6,34209.0,23738.5,34240.0,0.3715
26288.8,18411.5,26308.4,18421.8,0.3714
20940.6,31172.2,20967.7,31183.7,0.3713
31824.2,23008.4,31866.8,23022.5,0.3713
33592.0,33383.2,33703.2,33489.7,0.3712
33252.0,33714.2,33279.1,33781.2,0.3712
31782.5,4497.8,31832.4,4532.6,0.3711
17019.4,36828.2,17084.6,36840.5,0.3710
25972.3,20360.7,25988.8,20370.5,0.3710
13403.2,1872.7,13478.5,1918.2,0.3710
24949.6,33428.5,24960.0,33465.0,0.3708
30106.3,17615.6,30136.2,17627.2,0.3708
9876.5,3840.0,9903.5,3877.1,0.3708
26726.7,22054.4,26743.7,22070.7,0.3707
32155.4,23281.0,32166.3,23292.3,0.3706
3844.0,1015.3,3904.8,1027.5,0.3705
22912.0,19308.9,22947.0,19319.2,0.3704
24912.2,22114.6,24929.2,22125.7,0.3703
24438.3,24050.0,24452.4,24057.9,0.3702
24580.8,33715.5,24620.6,33746.0,0.3702
4089.0,28550.8,4110.0,28620.5,0.3701
36866.7,15038.6,36878.2,15049.7,0.3701
22906.1,22639.6,22961.3,22663.6,0.3701
29913.4,7375.7,29976.0,7430.9,0.3701
22915.6,26632.1,22960.2,26649.6,0.3700
21087.9,29648.1,21106.8,29658.4,0.3700
36676.4,21092.3,36752.8,21120.0,0.3698
2554.9,28803.7,2606.5,28831.2,0.3698
22266.7,16395.8,22291.7,16426.7,0.3698
29802.4,36781.5,29911.2,36864.0,0.3698
16024.4,23230.8,16035.5,23241.2,0.3697
35201.5,6904.3,35241.8,6938.9,0.3697
35430.7,20900.4,35520.0,21024.5,0.3696
19881.6,21820.6,19905.6,21841.2,0.3695
22197.5,31758.2,22222.1,31769.1,0.3695
24689.1,19393.2,24703.0,19405.7,0.3695
18220.7,27704.4,18244.3,27718.6,0.3695
19156.3,25369.2,19189.5,25389.2,0.3695
5860.1,6400.0,5916.7,6422.8,0.3693
3379.7,30373.9,3391.6,30421.2,0.3693
15144.3,34738.8,15202.7,34751.3,0.3693
20128.7,21890.0,20138.9,21903.9,0.3691
28745.6,27858.6,28799.9,27973.3,0.3691
17071.1,32791.4,17136.0,32802.1,0.3690
18919.3,22590.0,18930.6,22601.2,0.3689
25395.5,29769.4,25424.5,29783.3,0.3688
20726.1,22567.7,20736.2,22577.4,0.3688
32196.3,25757.0,32210.7,25767.2,0.3688
15041.4,30058.4,15074.5,30074.7,0.3686
6403.8,397.7,6445.4,426.9,0.3686
19670.7,30846.9,19721.8,30865.0,0.3684
22683.2,28541.7,22716.2,28571.4,0.3683
19792.6,17996.3,19804.2,18006.5,0.3683
25691.3,35200.0,25770.1,35236.6,0.3682
18198.5,35786.5,18238.2,35799.4,0.3681
18936.7,2298.6,18968.7,2324.9,0.3681
7013.7,692.3,7025.2,735.0,0.3680
33074.5,28801.3,33199.1,28875.7,0.3680
3494.0,32051.0,3505.0,32092.0,0.3679
37668.7,4499.2,37731.5,4538.2,0.3679
15525.0,25741.2,15620.9,25770.3,0.3679
16359.6,16203.6,16374.0,16215.7,0.3677
19506.8,22289.2,19520.6,22299.8,0.3677
10304.1,6060.6,10350.0,6080.0,0.3677
15745.9,19601.5,15781.8,19614.9,0.3676
33303.6,22233.7,33331.1,22259.2,0.3676
150.4,5276.1,160.4,5297.0,0.3674
24553.6,21684.1,24580.0,21698.5,0.3674
26240.1,31420.2,26294.2,31504.4,0.3674
27454.1,15289.1,27479.6,15300.6,0.3674
76.1,22572.6,93.5,22594.0,0.3674
12594.0,33905.9,12609.3,33917.8,0.3673
29251.4,21846.9,29284.8,21873.3,0.3673
444.3,26268.4,454.6,26294.3,0.3673
6216.7,34344.3,6299.2,34427.8,0.3672
32586.1,7371.7,32623.0,7401.9,0.3672
37835.0,14607.0,37849.8,14619.4,0.3672
10560.0,10880.0,10611.7,10987.0,0.3671
24310.9,19065.9,24349.2,19078.7,0.3670
13994.2,23186.3,14019.0,23196.0,0.3670
17882.0,6922.7,17919.3,6944.0,0.3670
14535.7,15881.1,14546.8,15890.1,0.3669
2755.3,26998.9,2766.2,27030.9,0.3668
1052.5,2467.1,1087.7,2482.8,0.3668
24677.1,6996.4,24700.1,7024.6,0.3667
3931.9,29052.5,3941.5,29082.0,0.3666
17965.2,27441.1,18014.8,27455.6,0.3666
18347.2,26043.4,18365.5,26060.3,0.3666
15387.6,33372.2,15419.6,33382.7,0.3665
16533.6,33425.2,16545.0,33438.3,0.3665
30906.6,23779.0,30922.1,23787.2,0.3663
22729.7,18386.3,22747.0,18397.0,0.3661
24514.6,21272.2,24552.4,21298.9,0.3661
21746.0,25523.3,21782.0,25548.7,0.3661
19834.2,17344.4,19859.8,17359.0,0.3661
12810.7,26955.0,12825.4,26963.2,0.3661
18701.3,33660.1,18743.4,33671.9,0.3660
22437.4,18987.2,22464.5,18999.8,0.3660
16066.5,22819.2,16110.2,22841.5,0.3659
31882.2,20651.0,31913.9,20661.2,0.3658
28199.2,19243.1,28264.3,19263.7,0.3658
19069.5,21905.9,19087.2,21913.8,0.3658
31253.9,33285.6,31367.7,33371.8,0.3658
18364.8,2079.2,18392.7,2097.8,0.3657
20646.0,20222.1,20657.1,20233.2,0.3656
17504.9,24962.1,17519.6,24972.0,0.3656
21304.7,29620.6,21329.2,29634.0,0.3654
15504.6,3840.0,15557.8,3866.3,0.3654
19094.1,34509.5,19109.3,34523.4,0.3653
27015.7,14918.1,27026.2,14928.1,0.3652
24939.2,33429.1,24959.7,33465.5,0.3651
1320.3,30690.7,1331.5,30717.2,0.3650
17044.3,6531.8,17085.4,6565.3,0.3650
34168.5,29721.4,34279.4,29825.8,0.3650
35940.3,11650.5,35951.6,11660.1,0.3650
23113.3,23123.6,23134.5,23133.5,0.3650
21715.7,33244.1,21753.6,33258.6,0.3649
20800.1,19477.7,20818.3,19519.9,0.3647
30054.7,33174.4,30167.0,33282.6,0.3647
26872.2,36454.8,26982.7,36564.8,0.3647
32617.3,32864.3,32734.6,32979.0,0.3647
19084.6,27505.4,19121.0,27518.3,0.3646
26490.9,15681.0,26519.5,15708.2,0.3645
27448.6,30979.8,27556.3,31093.3,0.3645
21727.1,13011.2,21741.2,13019.7,0.3644
11924.2,9022.7,11966.6,9044.3,0.3644
34262.2,26569.6,34374.6,26685.1,0.3643
35002.0,19343.9,35032.3,19360.1,0.3642
24344.2,27012.2,24360.6,27023.2,0.3641
8990.5,15447.9,9038.4,15496.5,0.3641
689.8,8572.1,718.6,8594.7,0.3641
14990.4,30800.9,15038.2,30833.2,0.3640
22327.5,2893.5,22397.3,3009.2,0.3640
21327.8,34523.9,21343.8,34534.4,0.3639
9190.5,27246.2,9280.0,27258.8,0.3639
29380.8,22495.1,29432.7,22506.8,0.3638
36049.5,36386.3,36065.7,36393.5,0.3638
4081.1,23555.0,4129.2,23626.9,0.3638
33721.3,3790.2,33765.6,3820.8,0.3638
28688.2,30329.5,28703.0,30338.2,0.3638
20064.3,35135.8,20087.8,35146.8,0.3638
25582.8,31279.0,25618.0,31296.5,0.3638
33299.1,22905.3,33400.6,23025.0,0.3638
13163.9,4415.1,13222.3,4473.0,0.3636
15473.0,31529.5,15506.9,31540.9,0.3636
2780.7,9653.7,2805.3,9692.3,0.3635
17886.4,34917.6,17938.2,34955.8,0.3635
631.0,1967.6,697.0,2019.7,0.3634
27408.5,19155.0,27422.4,19166.9,0.3634
19820.4,33717.6,19895.5,33747.8,0.3632
24389.6,24943.9,24433.4,24956.1,0.3631
20003.5,23117.9,20035.1,23130.6,0.3631
14432.0,27193.3,14448.2,27202.8,0.3631
33280.5,21210.4,33297.7,21290.5,0.3631
30714.6,22200.5,30791.1,22225.5,0.3631
26914.5,21491.6,26932.5,21513.0,0.3630
5421.9,4203.5,5467.6,4239.8,0.3630
289.2,9577.8,299.6,9596.1,0.3630
27979.1,22334.3,28032.1,22355.8,0.3630
27358.9,21694.2,27391.6,21705.5,0.3629
16961.4,4105.2,17032.2,4216.4,0.3629
28969.7,5668.3,28995.2,5710.2,0.3627
21038.1,18082.7,21055.6,18093.8,0.3627
20750.2,33259.5,20808.2,33290.7,0.3627
5140.1,56.9,5167.0,94.6,0.3626
21457.6,27670.8,21518.8,27695.9,0.3626
21205.8,22528.4,21217.4,22538.4,0.3626
18850.4,20870.1,18879.9,20896.2,0.3626
13543.6,29612.1,13565.4,29623.0,0.3625
209.1,31656.0,219.5,31679.4,0.3625
16249.4,24154.4,16280.0,24165.5,0.3625
23199.4,20170.6,23220.5,20178.9,0.3624
27662.9,18765.8,27690.9,18776.0,0.3624
22348.8,26176.7,22369.1,26190.0,0.3623
18602.1,29072.5,18622.3,29084.5,0.3622
3338.1,30078.0,3350.4,30108.4,0.3622
12451.0,26303.6,12498.0,26317.2,0.3622
14723.8,29323.8,14754.5,29340.3,0.3622
23863.8,30284.1,23906.6,30314.5,0.3620
31843.5,19522.2,31877.6,19536.7,0.3620
20751.5,22522.0,20767.3,22543.5,0.3620
17672.2,17358.5,17684.9,17369.2,0.3620
30502.6,9317.0,30555.4,9356.4,0.3619
15226.6,25495.7,15265.5,25506.8,0.3619
26311.1,18762.9,26323.9,18771.0,0.3618
29281.4,21979.5,29317.3,21989.7,0.3618
12690.2,27306.4,12725.4,27336.9,0.3618
19119.0,20895.2,19137.2,20904.7,0.3617
30276.2,4778.6,30327.3,4811.3,0.3616
22358.7,35520.0,22400.0,35593.6,0.3615
19145.0,36465.1,19251.7,36578.2,0.3615
20686.5,25324.7,20706.1,25357.5,0.3615
28008.8,35307.6,28114.8,35424.8,0.3615
15416.0,36770.5,15465.6,36783.9,0.3615
22212.9,25098.6,22264.4,25113.2,0.3614
26807.0,18849.9,26836.5,18862.0,0.3613
14853.8,30191.1,14864.7,30201.4,0.3612
13812.0,31034.9,13875.0,31065.0,0.3612
14416.9,26577.3,14438.8,26590.9,0.3612
12426.1,32077.5,12452.5,32087.5,0.3611
30254.9,26730.1,30266.1,26738.6,0.3611
26448.1,35471.0,26461.2,35483.3,0.3611
3916.0,29756.4,3924.7,29785.2,0.3611
17701.8,5043.2,17723.5,5086.5,0.3610
15491.1,9378.8,15539.1,9391.2,0.3610
19027.3,30329.1,19080.8,30340.5,0.3609
28661.7,7840.7,28707.5,7860.7,0.3609
19812.2,21791.0,19824.5,21801.3,0.3609
5642.5,14356.4,5652.0,14384.2,0.3608
36946.8,26560.0,37003.4,26589.0,0.3608
5243.3,2958.2,5255.7,3008.8,0.3607
28620.7,27026.6,28659.8,27038.8,0.3606
27969.4,35182.8,28013.9,35200.0,0.3606
28722.6,7721.8,28795.8,7783.7,0.3605
21938.9,23905.6,21990.7,23923.5,0.3605
27147.9,22865.6,27206.7,22878.7,0.3605
24715.7,29033.6,24731.9,29043.9,0.3604
28834.7,16324.5,28854.6,16339.8,0.3604
38257.0,94.4,38328.0,165.3,0.3604
25931.5,27645.4,25986.6,27659.0,0.3603
35679.8,29880.6,35711.3,29892.0,0.3603
22002.7,20018.9,22017.0,20029.8,0.3602
31969.0,16180.5,31980.5,16191.8,0.3601
20245.8,30384.6,20282.2,30399.0,0.3601
13247.7,34292.6,13268.2,34305.5,0.3601
14012.4,6721.9,14025.8,6741.2,0.3601
3283.5,30114.7,3300.4,30143.0,0.3601
33600.3,34626.0,33618.9,34729.0,0.3600
35899.3,15584.3,35912.1,15594.6,0.3599
36449.2,32290.0,36479.6,32303.2,0.3598
22650.1,5019.6,22705.2,5071.0,0.3598
38194.9,30444.1,38207.3,30458.3,0.3598
31261.1,30331.3,31272.0,30341.7,0.3597
31144.7,18352.8,31157.6,18362.4,0.3597
16906.3,23691.3,16918.8,23712.4,0.3597
24117.6,21596.7,24129.6,21607.6,0.3597
28125.3,29696.1,28228.3,29760.0,0.3596
15859.2,34782.7,15924.3,34792.7,0.3596
34880.0,29279.3,34902.1,29315.9,0.3596
21435.4,19123.4,21476.1,19134.3,0.3595
19002.4,32098.9,19015.0,32112.1,0.3595
36645.8,17436.7,36788.8,17459.8,0.3594
25192.3,19963.3,25216.4,19987.7,0.3594
24438.8,20218.5,24455.3,20232.4,0.3593
37571.9,29281.7,37584.6,29294.4,0.3593
26618.3,21066.5,26631.8,21078.5,0.3593
4045.3,25547.0,4054.5,25577.1,0.3593
37156.8,14222.0,37173.2,14232.4,0.3592
26058.5,26169.1,26123.5,26200.8,0.3591
23313.6,32555.0,23414.6,32638.9,0.3591
3644.0,30697.9,3654.3,30730.5,0.3591
24583.7,9593.2,24639.4,9609.1,0.3590
2445.8,23201.7,2472.3,23235.4,0.3590
28899.5,19593.3,28927.2,19607.8,0.3589
23829.6,29116.6,23853.7,29129.5,0.3589
34249.9,21796.3,34370.3,21904.7,0.3589
17299.5,15101.3,17313.0,15114.0,0.3589
16155.7,25517.6,16167.6,25528.5,0.3588
24661.4,23622.4,24705.4,23636.0,0.3588
28160.0,31269.1,28230.8,31359.5,0.3587
24272.6,25999.1,24314.7,26009.5,0.3586
20592.6,33805.1,20608.7,33820.1,0.3586
12953.9,32056.2,12994.0,32071.9,0.3586
9666.9,1200.7,9688.1,1215.8,0.3586
17253.0,34710.4,17308.2,34747.8,0.3585
6777.9,8640.0,6827.4,8664.2,0.3584
24536.7,35594.8,24640.0,35694.8,0.3584
33914.7,4304.2,33960.8,4332.7,0.3583
21444.4,31322.4,21476.5,31333.0,0.3582
24367.4,21565.0,24384.1,21577.6,0.3581
5537.5,20390.1,5562.5,20409.0,0.3581
22171.2,21135.5,22187.4,21150.8,0.3580
29222.5,21397.5,29265.6,21424.0,0.3579
13669.3,24633.1,13683.8,24641.2,0.3578
16805.8,489.6,16852.7,542.0,0.3577
23665.7,27774.4,23731.1,27787.8,0.3576
17281.4,7680.0,17385.0,7720.2,0.3576
34769.6,18703.9,34781.0,18717.0,0.3576
32664.7,36635.4,32775.4,36749.2,0.3575
25689.4,35118.8,25799.5,35234.7,0.3575
15278.4,33297.6,15314.4,33310.5,0.3575
29993.6,33263.7,30036.4,33280.0,0.3574
35985.2,17082.4,36027.8,17093.3,0.3573
19115.0,7330.7,19163.1,7364.3,0.3573
38085.6,7135.3,38143.9,7173.7,0.3572
30611.4,4353.5,30674.6,4399.2,0.3571
33204.5,28665.7,33318.9,28776.6,0.3570
18645.5,24863.2,18683.9,24879.1,0.3570
13606.5,27860.8,13642.1,27884.4,0.3567
2380.1,30393.2,2391.7,30440.9,0.3567
29433.3,17322.9,29458.2,17331.5,0.3566
25971.7,28832.1,26006.4,28845.4,0.3565
20143.2,14633.0,20157.4,14641.6,0.3564
29688.1,23145.2,29719.6,23158.0,0.3564
31948.4,9107.9,31981.5,9128.0,0.3563
20402.5,21329.5,20434.4,21343.1,0.3563
10153.5,6908.0,10237.2,7008.9,0.3562
21263.3,23042.0,21316.7,23067.5,0.3562
25069.6,26048.5,25087.6,26060.4,0.3561
766.8,11347.5,788.2,11373.7,0.3561
32707.7,24000.3,32789.1,24040.9,0.3561
28292.0,19442.3,28307.3,19451.7,0.3558
34385.1,36569.8,34400.9,36581.4,0.3558
23274.4,4243.5,23328.8,4296.2,0.3557
11498.7,8884.2,11518.0,8903.7,0.3557
20163.9,17628.4,20175.7,17638.7,0.3557
1796.6,21133.4,1873.6,21187.2,0.3556
21630.5,17586.2,21646.9,17594.7,0.3556
25699.1,27746.0,25711.7,27755.0,0.3556
16577.9,20815.2,16606.3,20833.0,0.3556
44.0,30235.1,55.5,30268.5,0.3556
17875.1,33834.8,17899.5,33847.6,0.3556
32767.8,29897.3,32779.7,29905.0,0.3555
24862.9,19233.7,24876.3,19242.8,0.3555
23923.0,19984.4,23976.2,20013.3,0.3555
15842.4,32713.9,15867.9,32722.7,0.3553
30400.0,8975.6,30467.3,9068.1,0.3552
15318.0,34384.6,15344.7,34396.5,0.3550
17194.8,14905.8,17204.2,14916.5,0.3549
12689.7,22552.6,12737.8,22578.1,0.3549
29549.3,21023.8,29572.1,21033.8,0.3549
9434.6,8918.0,9476.7,8941.3,0.3549
25570.9,16759.7,25584.9,16773.8,0.3549
30328.2,23234.1,30393.1,23254.0,0.3547
32786.8,16636.7,32811.7,16648.8,0.3547
21641.9,29692.3,21669.4,29704.6,0.3546
14783.0,2560.0,14838.5,2593.9,0.3546
20103.6,9308.0,20160.0,9352.3,0.3546
34415.1,16400.9,34425.1,16410.3,0.3546
36110.0,19543.7,36159.2,19625.0,0.3545
17510.5,135.5,17640.4,205.0,0.3544
14930.9,34536.8,15002.9,34551.9,0.3544
4106.1,12283.1,4159.6,12312.9,0.3544
4480.0,3086.1,4583.5,3140.3,0.3543
19184.0,36462.0,19222.6,36480.0,0.3543
24306.3,22704.6,24341.4,22730.6,0.3541
30161.9,26587.1,30289.3,26681.7,0.3541
20832.1,33920.0,20960.2,33952.7,0.3539
17104.9,34482.4,17120.3,34495.6,0.3539
10377.4,5605.6,10408.7,5633.7,0.3539
14793.8,21011.1,14818.1,21021.2,0.3538
35308.5,17858.2,35321.6,17865.6,0.3538
32254.4,19916.5,32275.4,19927.0,0.3537
24013.2,18427.3,24029.2,18438.2,0.3537
38123.4,20924.9,38247.9,21039.2,0.3537
18356.6,33813.1,18381.5,33832.0,0.3536
14284.1,17690.6,14308.4,17701.3,0.3536
20311.1,18033.4,20344.2,18046.2,0.3535
22899.9,31968.0,22911.7,31977.6,0.3535
115.6,30032.3,124.0,30061.8,0.3535
24289.1,35994.5,24301.2,36006.4,0.3534
27803.8,7955.1,27841.4,7995.6,0.3534
22331.0,29679.2,22343.9,29691.4,0.3534
20602.9,14278.0,20614.6,14289.5,0.3534
218.6,24341.6,228.0,24365.8,0.3533
26112.4,14573.2,26124.7,14583.9,0.3533
15531.7,23649.2,15556.2,23662.9,0.3533
21393.0,18592.5,21406.9,18605.6,0.3532
26561.5,29891.0,26580.1,29922.9,0.3532
16168.3,27060.0,16221.2,27071.1,0.3532
20627.1,18207.8,20651.4,18223.0,0.3531
17266.6,28152.6,17351.6,28188.2,0.3531
26753.4,26174.0,26778.7,26186.0,0.3530
35848.7,29864.9,35961.2,29973.9,0.3530
14817.9,32912.6,14865.2,32941.5,0.3530
29543.4,23080.3,29670.0,23104.4,0.3529
17897.7,17477.9,17925.1,17497.1,0.3528
2029.5,30413.2,2040.3,30442.6,0.3527
20421.4,24545.6,20458.8,24558.1,0.3527
18030.7,17497.4,18047.2,17510.1,0.3527
22992.0,22288.0,23038.0,22314.4,0.3526
16600.2,26241.1,16630.9,26250.8,0.3526
13267.3,35035.1,13297.5,35045.3,0.3526
14283.0,17689.8,14327.1,17703.0,0.3525
21153.4,18113.0,21165.5,18123.1,0.3525
3692.1,31986.8,3701.5,32031.4,0.3524
15783.5,35891.3,15801.2,35902.4,0.3522
14485.9,32000.0,14639.8,32024.0,0.3522
19396.6,32266.3,19417.7,32277.7,0.3521
34676.7,345.1,34720.8,390.7,0.3521
16285.8,26564.2,16318.2,26574.8,0.3521
35487.0,26828.7,35519.9,26899.6,0.3521
14146.9,36712.4,14243.9,36739.8,0.3520
25503.5,19625.2,25525.7,19648.3,0.3519
16960.4,36391.4,16984.4,36431.3,0.3518
16777.3,32960.0,16929.3,32983.7,0.3518
15648.6,25016.1,15679.9,25046.5,0.3517
14289.5,20399.8,14332.5,20413.8,0.3516
33759.8,17660.8,33774.2,17670.7,0.3516
35507.1,27840.2,35601.5,27890.1,0.3512
28995.8,19388.0,29033.4,19411.7,0.3512
1676.8,31925.8,1686.7,31973.4,0.3512
3200.1,12552.4,3266.0,12605.6,0.3511
15443.6,17552.3,15467.7,17562.9,0.3510
17727.1,19097.2,17744.6,19122.0,0.3509
19793.0,28271.2,19805.3,28287.4,0.3509
2556.0,20680.0,2593.3,20710.4,0.3509
13984.7,24058.3,14007.9,24070.4,0.3506
35328.7,18597.0,35338.9,18609.5,0.3506
30400.1,21411.7,30418.7,21440.0,0.3506
10991.6,14018.6,11018.5,14072.5,0.3506
17279.8,25206.6,17329.1,25219.1,0.3506
21258.3,27674.6,21270.2,27684.5,0.3506
21369.1,18870.7,21388.5,18881.2,0.3505
28872.6,17050.7,28899.6,17074.2,0.3505
25346.9,15241.3,25363.0,15249.2,0.3504
24827.8,22839.1,24864.0,22849.6,0.3504
14766.3,32190.9,14800.1,32201.8,0.3504
19223.5,35731.6,19264.8,35745.3,0.3503
21403.2,17691.5,21417.7,17704.1,0.3503
25263.7,31186.6,25279.6,31236.0,0.3502
19525.9,19116.6,19536.9,19130.8,0.3502
13018.1,20179.3,13036.1,20190.4,0.3502
14261.9,2136.4,14325.7,2195.7,0.3501
38237.2,34327.2,38274.7,34336.6,0.3501
34354.5,20581.1,34374.9,20593.7,0.3501
21324.7,20242.6,21338.1,20254.8,0.3501
16292.9,35798.2,16365.3,35811.7,0.3500
31319.9,30494.9,31331.2,30503.5,0.3499
20586.4,34227.2,20622.3,34238.5,0.3499
16116.4,28353.7,16145.1,28369.7,0.3498
19816.9,26682.0,19850.4,26691.6,0.3498
34415.0,16400.0,34471.3,16420.4,0.3498
16205.9,23111.6,16219.1,23122.3,0.3497
20864.5,29941.3,20903.0,29957.7,0.3497
37754.8,7574.8,37780.6,7593.9,0.3496
24686.8,21080.9,24724.1,21093.9,0.3496
33271.1,7049.4,33280.0,7082.5,0.3494
12626.8,20234.8,12657.8,20249.7,0.3493
16559.5,25967.1,16585.6,25985.5,0.3493
38089.2,16506.2,38104.5,16514.6,0.3491
31948.3,9107.6,32000.0,9138.0,0.3491
3945.7,26904.2,3972.9,26936.5,0.3491
12971.7,28611.0,13013.5,28622.7,0.3490
36091.0,3883.6,36142.3,3911.8,0.3489
37654.2,30633.5,37665.4,30641.9,0.3488
23828.3,29922.6,23849.2,29934.1,0.3488
18482.5,19211.3,18504.0,19224.3,0.3488
25148.4,14883.7,25164.1,14894.3,0.3487
18387.4,27950.7,18401.4,27960.9,0.3487
14290.3,26890.0,14306.0,26899.2,0.3486
23750.8,36160.0,23806.7,36187.6,0.3486
15971.6,34503.5,15994.0,34517.6,0.3485
22179.6,25131.2,22225.3,25152.2,0.3484
14747.1,27031.6,14790.3,27042.8,0.3484
15666.7,30523.9,15697.5,30535.0,0.3483
18330.2,21435.1,18354.0,21447.0,0.3483
31290.2,30762.1,31300.1,30771.2,0.3482
16022.8,31295.2,16038.2,31305.5,0.3482
31661.1,35952.6,31673.4,35965.1,0.3481
1707.9,31546.6,1720.3,31581.0,0.3481
26675.8,17951.3,26697.6,17962.6,0.3480
31620.4,16002.2,31633.0,16016.2,0.3479
21121.0,165.3,21190.3,245.5,0.3478
14975.9,3130.8,15038.6,3199.2,0.3477
16602.4,36283.3,16660.6,36297.1,0.3475
2285.2,22556.1,2295.5,22620.9,0.3475
14131.8,34243.2,14160.1,34253.9,0.3475
29717.5,22937.3,29757.3,22950.3,0.3474
26506.2,22766.8,26555.2,22785.2,0.3474
29804.7,6977.2,29859.7,7021.5,0.3474
444.3,26311.9,453.9,26332.9,0.3474
3748.2,31961.9,3759.2,31999.3,0.3473
29787.2,18803.3,29835.8,18813.2,0.3471
33083.7,23345.4,33107.2,23358.2,0.3470
30648.4,15098.1,30661.4,15109.3,0.3469
3707.5,31318.3,3716.2,31357.1,0.3469
23793.3,31319.2,23809.8,31337.8,0.3467
1552.1,21683.1,1604.0,21710.8,0.3467
25920.0,8320.0,25948.3,8378.3,0.3466
23130.7,20753.9,23143.9,20765.5,0.3466
21201.3,30818.0,21239.0,30830.2,0.3466
35134.2,25676.6,35199.0,25782.6,0.3466
28222.1,20362.8,28263.2,20375.5,0.3465
26350.1,36626.7,26365.4,36638.6,0.3465
33595.2,7193.4,33656.8,7249.4,0.3464
12602.1,27795.8,12646.2,27806.0,0.3464
35162.3,6549.8,35199.2,6578.0,0.3463
17976.8,17254.0,17990.3,17264.8,0.3463
15345.1,19660.8,15358.8,19677.6,0.3463
36692.2,34554.4,36717.3,34566.7,0.3463
30190.2,20796.5,30246.8,20807.2,0.3462
14009.2,30301.1,14066.7,30318.2,0.3462
37552.2,550.8,37623.3,619.5,0.3462
20555.6,23708.9,20583.8,23721.4,0.3461
34764.5,3986.5,34813.6,3998.7,0.3461
18220.7,5701.9,18243.8,5759.8,0.3460
15343.5,6612.0,15359.5,6670.9,0.3460
18801.5,20091.3,18817.7,20101.6,0.3460
18303.6,7664.2,18373.6,7680.0,0.3460
30645.1,16398.5,30693.0,16420.7,0.3460
23433.9,24890.7,23476.6,24902.5,0.3460
21886.8,18097.1,21939.0,18110.7,0.3459
30933.0,15859.1,30944.9,15869.7,0.3459
31558.7,15778.9,31589.8,15790.3,0.3459
25419.8,18524.8,25439.1,18538.1,0.3458
3634.3,31965.4,3644.0,31998.9,0.3458
18006.3,17396.1,18019.4,17407.2,0.3457
16551.7,6366.8,16596.6,6399.5,0.3457
16427.9,35722.3,16451.1,35735.3,0.3457
23754.8,27834.4,23772.9,27846.4,0.3457
21427.4,25714.3,21439.1,25723.9,0.3456
3643.8,20799.4,3693.3,20810.2,0.3456
18653.8,29074.2,18673.6,29082.9,0.3454
25586.4,22849.3,25624.3,22886.1,0.3454
19136.0,28774.8,19163.5,28806.1,0.3452
13054.9,29199.9,13093.7,29229.0,0.3452
13556.9,36706.8,13630.2,36720.1,0.3452
13154.9,30867.6,13183.9,30880.2,0.3451
3019.3,3941.6,3061.0,3964.7,0.3451
16765.6,24730.9,16808.2,24751.5,0.3451
13789.6,451.4,13810.5,472.0,0.3451
35306.1,15420.4,35342.2,15439.6,0.3451
21018.3,20584.4,21070.2,20615.0,0.3450
17598.8,34815.2,17621.2,34826.4,0.3450
12808.1,5223.4,12875.8,5280.8,0.3449
23930.7,6603.3,23976.2,6646.9,0.3449
24814.8,17034.4,24829.8,17045.7,0.3448
21850.4,32598.6,21871.9,32613.5,0.3447
31.4,13369.7,114.2,13440.0,0.3447
16511.7,31785.7,16527.1,31794.4,0.3446
28854.4,32320.5,28969.5,32364.4,0.3445
19057.9,3817.3,19071.7,3834.7,0.3445
21820.5,25939.6,21846.7,25966.2,0.3445
33608.2,29233.8,33723.2,29345.1,0.3445
35521.1,26793.6,35591.9,26878.1,0.3444
38394.5,5311.6,38422.4,5327.6,0.3444
20141.5,18701.3,20153.0,18714.3,0.3444
22114.4,20330.6,22129.5,20354.8,0.3443
22379.0,6400.4,22438.7,6496.6,0.3442
16508.9,9243.0,16528.7,9254.5,0.3441
14227.2,29940.1,14261.2,29952.6,0.3441
22430.1,18978.2,22464.9,19001.0,0.3441
37924.0,4101.4,37995.0,4128.2,0.3441
16933.6,34123.7,16971.5,34133.9,0.3441
34657.3,16657.7,34670.6,16669.1,0.3441
23438.5,4769.0,23459.6,4800.0,0.3440
22607.8,22210.3,22644.5,22223.1,0.3440
1950.7,11898.0,1988.6,11924.5,0.3440
28534.0,14894.8,28568.0,14911.6,0.3440
3491.9,31950.4,3500.7,31997.1,0.3439
23565.3,36144.7,23597.4,36160.0,0.3438
18957.4,24791.5,19007.0,24822.4,0.3437
219.2,24385.6,228.0,24405.6,0.3437
27553.5,18221.5,27611.4,18233.0,0.3436
32089.5,9111.9,32126.6,9138.6,0.3436
15500.5,30083.6,15536.7,30094.3,0.3436
13122.5,35626.3,13156.5,35638.1,0.3436
27316.3,22610.8,27338.0,22627.3,0.3436
29061.5,19539.5,29089.2,19550.0,0.3435
27266.5,30724.3,27376.1,30834.4,0.3435
20953.4,27885.3,20992.0,27912.6,0.3433
33759.1,21393.6,33774.3,21408.4,0.3433
18560.0,5120.4,18586.9,5149.0,0.3433
21263.8,29613.9,21276.2,29624.3,0.3433
25789.5,17839.0,25800.1,17850.0,0.3431
37645.8,1575.0,37718.0,1635.7,0.3431
15441.8,36242.4,15470.3,36255.1,0.3431
16210.7,34318.6,16250.6,34335.2,0.3431
23572.3,30353.4,23648.3,30390.8,0.3431
559.7,3897.3,599.6,3927.1,0.3431
26459.3,7480.8,26560.0,7513.6,0.3429
19591.2,29787.9,19626.8,29815.8,0.3429
14188.2,18024.2,14209.7,18040.1,0.3429
34792.7,18442.3,34804.1,18450.7,0.3429
3259.9,29664.1,3283.7,29686.9,0.3429
32640.0,36748.5,32689.9,36798.8,0.3428
17214.0,33196.0,17259.0,33207.5,0.3428
34740.0,19489.6,34752.5,19498.4,0.3426
29967.8,19609.5,30008.0,19621.7,0.3426
22886.8,21683.2,22899.2,21693.9,0.3425
3308.3,30153.0,3323.5,30181.0,0.3425
18138.0,16809.8,18151.6,16818.6,0.3425
20896.7,28379.8,20909.1,28390.3,0.3424
337.4,32543.1,347.9,32570.9,0.3424
4480.0,12238.9,4529.3,12278.5,0.3423
10988.7,12049.6,11052.8,12159.6,0.3423
13818.1,28825.7,13847.0,28839.6,0.3422
35455.6,16558.6,35471.1,16569.5,0.3421
27745.7,19126.7,27763.2,19137.4,0.3421
33279.1,4160.0,33309.4,4181.7,0.3421
37813.7,7131.0,37855.7,7165.0,0.3421
37292.1,7779.0,37329.4,7805.1,0.3420
15280.1,36416.1,15351.4,36431.9,0.3420
20040.0,32197.1,20068.3,32219.5,0.3420
30838.1,17450.8,30864.7,17461.5,0.3418
30244.4,28440.9,30256.0,28450.0,0.3417
14446.5,29207.3,14456.9,29218.7,0.3417
19689.4,33783.0,19743.3,33796.0,0.3417
30.4,20986.7,84.6,21052.4,0.3417
8552.2,15887.2,8590.1,15919.9,0.3416
23226.8,32693.6,23273.9,32716.6,0.3416
24902.1,21514.1,24918.5,21525.4,0.3415
26236.5,23029.1,26284.6,23054.7,0.3415
25328.4,21872.7,25365.0,21899.3,0.3414
13613.5,29388.1,13672.8,29401.3,0.3414
37945.3,7186.3,37984.4,7213.8,0.3414
30990.8,17431.7,31014.7,17448.7,0.3414
19648.6,21625.0,19661.9,21632.7,0.3414
1860.6,30168.1,1920.0,30183.0,0.3413
37665.8,1274.3,37743.5,1338.5,0.3413
15634.7,15913.1,15650.8,15922.8,0.3413
37264.6,17394.0,37281.0,17402.3,0.3413
16900.6,4060.8,16913.3,4079.2,0.3412
21270.4,31249.5,21294.3,31263.2,0.3412
6935.5,2307.3,6948.1,2353.1,0.3411
23168.3,29449.7,23234.1,29468.3,0.3410
35816.0,30138.1,35926.3,30250.4,0.3410
13462.4,18999.1,13488.1,19010.0,0.3410
19201.1,21939.9,19245.5,21952.9,0.3410
21510.7,21839.9,21574.1,21856.4,0.3410
19474.9,30050.0,19517.5,30065.9,0.3410
25905.2,35217.2,26025.1,35324.1,0.3409
14755.1,30722.6,14787.0,30734.0,0.3408
9506.0,14059.5,9560.7,14080.0,0.3408
25187.7,25677.2,25215.9,25693.9,0.3407
16422.6,12620.2,16433.7,12630.6,0.3406
12499.7,19839.2,12513.5,19853.1,0.3406
13474.4,2363.0,13515.2,2399.6,0.3404
13827.2,25080.5,13847.8,25090.3,0.3403
3258.6,26755.4,3291.3,26782.5,0.3403
19902.7,35224.6,19918.3,35235.9,0.3403
23887.9,25826.1,23935.1,25852.0,0.3403
14866.6,34220.0,14912.2,34235.5,0.3402
14014.8,32381.4,14026.9,32395.0,0.3401
524.3,32681.5,582.8,32711.7,0.3401
38418.7,22634.3,38431.9,22646.7,0.3401
34815.2,28969.0,34878.7,29058.7,0.3401
25868.8,9282.5,25918.3,9313.6,0.3400
32886.6,1638.3,32940.0,1678.9,0.3400
20828.4,21422.9,20863.2,21439.6,0.3399
33655.6,36160.5,33741.3,36212.5,0.3399
32154.8,8992.3,32206.3,9006.4,0.3397
24141.9,17354.7,24162.1,17374.0,0.3397
30066.7,24765.3,30133.5,24791.1,0.3397
22400.0,7360.0,22444.9,7396.4,0.3397
24269.4,22192.6,24319.0,22225.2,0.3396
2410.7,21995.8,2485.5,22061.5,0.3396
23800.7,19843.9,23812.2,19854.8,0.3396
23697.4,27138.9,23726.5,27166.0,0.3395
15299.0,29509.0,15359.6,29536.9,0.3395
34961.6,26296.5,35078.4,26372.5,0.3394
25119.9,30079.5,25163.8,30096.4,0.3394
16833.3,3763.4,16879.8,3800.4,0.3394
35816.7,30180.7,35839.6,30236.6,0.3394
31013.4,30814.3,31040.0,30873.5,0.3394
24762.8,18778.9,24774.9,18790.2,0.3394
38516.2,20921.7,38633.6,21024.6,0.3394
14255.6,26788.5,14269.0,26798.7,0.3393
28819.9,23251.0,28851.6,23262.2,0.3392
13933.7,31680.0,14048.4,31709.4,0.3392
30152.3,33073.6,30263.6,33186.8,0.3391
13185.4,31992.4,13198.8,32001.5,0.3391
21130.8,28703.9,21172.8,28719.3,0.3389
28362.6,6327.4,28389.8,6349.9,0.3389
4800.5,3495.0,4830.6,3532.4,0.3388
24770.3,21836.8,24781.0,21849.8,0.3387
27896.0,14397.8,27920.7,14410.4,0.3386
6694.0,34904.2,6718.5,34919.4,0.3386
29440.1,5760.0,29486.0,5790.7,0.3385
14360.1,2379.3,14416.3,2438.0,0.3383
32428.4,7346.0,32474.5,7384.7,0.3383
10307.4,5760.7,10344.9,5843.6,0.3383
11014.2,3587.8,11027.4,3602.0,0.3383
31298.9,18027.2,31310.9,18039.7,0.3380
36720.4,15051.6,36740.0,15061.6,0.3380
35748.9,24219.4,35840.0,24297.6,0.3379
26256.3,9300.5,26304.8,9334.6,0.3379
11523.9,23004.1,11588.4,23101.6,0.3379
154.3,30031.8,164.0,30062.2,0.3379
26841.9,9379.0,26888.9,9392.4,0.3378
34554.7,32728.0,34678.9,32842.4,0.3378
37247.4,7369.5,37303.0,7413.5,0.3378
13973.9,30699.1,13998.9,30710.3,0.3378
22818.8,13502.0,22837.1,13513.4,0.3378
30541.4,27472.4,30552.4,27480.8,0.3377
18906.6,21138.7,18919.9,21151.6,0.3376
6777.5,8701.0,6824.2,8768.1,0.3376
23673.1,34832.3,23779.3,34948.6,0.3376
29550.4,35427.8,29671.0,35540.8,0.3375
12324.5,34415.4,12388.1,34475.6,0.3375
31859.7,3866.6,31901.0,3903.3,0.3374
20918.3,29808.1,20948.0,29823.1,0.3373
22177.1,33107.0,22208.2,33117.9,0.3372
14478.6,36594.0,14525.8,36623.7,0.3372
11010.2,161.4,11049.0,187.3,0.3371
21111.3,16796.1,21144.1,16807.8,0.3371
25987.0,19591.7,26015.4,19606.6,0.3371
19433.7,35289.3,19446.6,35300.3,0.3371
25740.3,22178.6,25758.1,22189.3,0.3370
24644.1,32697.1,24667.3,32706.0,0.3370
23920.5,19503.2,23957.2,19516.1,0.3370
15713.5,35248.4,15777.0,35286.5,0.3368
30143.4,14986.9,30159.3,15000.8,0.3368
23157.5,25177.1,23224.0,25198.0,0.3367
4366.9,2896.6,4472.1,2942.0,0.3366
28299.6,15915.4,28309.8,15927.1,0.3366
6956.9,1453.9,6977.9,1492.7,0.3366
14528.3,25788.9,14549.5,25802.5,0.3366
31497.7,20075.7,31512.6,20086.0,0.3364
36366.7,33296.1,36378.7,33304.0,0.3364
16721.0,23534.3,16734.3,23546.2,0.3364
16766.9,5441.2,16791.4,5474.6,0.3363
33352.0,25474.7,33463.4,25586.1,0.3363
36458.6,33851.7,36481.2,33863.5,0.3363
551.1,8793.2,614.2,8845.1,0.3362
32801.8,28132.5,32818.5,28142.6,0.3362
26634.6,26559.7,26658.3,26571.1,0.3360
37909.2,36748.9,37922.0,36770.7,0.3360
13722.8,1960.3,13733.8,2002.6,0.3359
27222.4,30343.0,27319.3,30400.0,0.3359
36163.4,36082.9,36176.0,36090.8,0.3359
34323.6,18484.9,34348.9,18498.0,0.3358
17075.8,18942.5,17120.2,18969.7,0.3358
22085.4,3786.7,22130.2,3831.4,0.3357
27782.3,25524.1,27817.7,25536.1,0.3355
2548.4,12503.4,2574.0,12533.1,0.3355
14905.9,16156.3,14916.8,16166.6,0.3354
23481.6,34460.7,23501.2,34472.8,0.3353
22336.0,19292.6,22350.7,19303.1,0.3353
16332.0,18353.5,16344.2,18367.0,0.3352
13456.6,34960.8,13507.2,34974.0,0.3352
20749.7,19948.3,20785.1,19964.0,0.3352
34560.0,18821.6,34578.5,18880.0,0.3351
34227.4,18879.2,34239.6,18891.4,0.3351
14210.6,32916.1,14251.6,32954.4,0.3350
33900.8,17884.9,33916.4,17894.8,0.3350
29277.5,21117.2,29303.8,21146.3,0.3348
26010.4,18259.7,26020.8,18270.7,0.3347
3740.7,31564.7,3752.2,31617.5,0.3347
4886.2,7128.6,4904.8,7145.2,0.3345
16475.9,34328.4,16526.6,34340.7,0.3345
4289.3,6868.3,4350.1,6891.5,0.3344
21685.0,21470.0,21758.7,21493.1,0.3344
795.0,31317.8,805.5,31348.3,0.3343
15345.2,35071.9,15389.0,35086.1,0.3343
25732.2,26255.5,25808.1,26278.4,0.3342
28385.0,1999.7,28444.5,2061.1,0.3342
14339.5,27428.1,14375.2,27438.9,0.3341
37374.6,14392.0,37387.4,14401.4,0.3341
20803.6,12354.7,20817.1,12367.1,0.3340
37373.0,26463.4,37438.4,26563.1,0.3340
13356.4,18876.2,13403.2,18888.2,0.3339
30289.8,14177.7,30301.3,14187.5,0.3339
16062.2,26224.3,16098.5,26239.8,0.3339
21581.6,29938.6,21598.8,29949.1,0.3338
15422.8,35794.7,15456.2,35824.4,0.3338
12132.8,9072.6,12180.1,9103.0,0.3336
21837.9,21107.9,21862.0,21118.5,0.3336
105.9,25900.1,116.0,25920.0,0.3335
28262.6,23474.2,28298.2,23485.3,0.3334
30092.9,33600.0,30208.2,33662.1,0.3334
24732.3,23379.9,24788.4,23391.1,0.3334
29219.5,15360.0,29305.8,15390.8,0.3333
13835.1,36260.3,13914.9,36278.5,0.3333
28415.0,21217.5,28426.1,21229.1,0.3333
15544.5,28625.6,15576.2,28637.4,0.3333
32641.7,23930.9,32658.9,23965.7,0.3332
36819.4,17452.7,36831.6,17466.1,0.3331
19445.4,16783.1,19500.4,16808.1,0.3330
13747.5,1957.1,13760.0,2001.1,0.3329
20853.3,2922.8,20901.6,2962.5,0.3329
3392.2,8514.2,3425.5,8546.8,0.3329
20193.0,21882.3,20218.7,21901.1,0.3328
16288.4,28593.3,16319.6,28607.1,0.3328
15933.4,4594.3,15982.5,4646.4,0.3328
20289.2,20924.1,20303.5,20944.6,0.3327
23303.5,25823.8,23335.9,25846.4,0.3327
651.2,11096.0,680.4,11126.3,0.3327
18240.2,17451.5,18258.5,17504.7,0.3327
19369.3,21646.8,19399.7,21659.5,0.3326
36041.8,34483.1,36055.5,34492.5,0.3326
23358.7,29953.2,23408.5,29966.9,0.3322
16534.1,29615.2,16592.5,29625.5,0.3322
34853.2,30720.3,34878.9,30762.1,0.3322
23200.8,17402.6,23213.0,17413.0,0.3321
37037.7,30367.1,37048.7,30381.4,0.3321
23012.0,19592.2,23035.0,19603.3,0.3321
17505.9,25637.9,17565.3,25654.8,0.3320
34223.7,26205.3,34239.0,26240.0,0.3320
32495.2,20708.5,32516.7,20718.7,0.3319
6500.4,30562.6,6596.7,30719.2,0.3319
30303.7,17208.8,30346.5,17233.7,0.3319
26351.1,22113.2,26426.0,22139.6,0.3319
12821.2,4724.4,12863.6,4760.4,0.3319
16946.1,33242.4,17031.0,33274.6,0.3317
15807.0,31303.6,15829.8,31318.1,0.3317
12824.2,34714.9,12851.8,34726.4,0.3316
14096.4,31890.6,14139.3,31906.9,0.3315
14758.0,32357.4,14813.2,32376.0,0.3315
16811.9,29127.9,16844.3,29155.9,0.3315
12363.4,33876.7,12385.4,33891.3,0.3315
21679.0,28411.0,21721.2,28421.7,0.3314
16812.8,29129.0,16842.9,29140.3,0.3314
7754.1,9748.2,7798.7,9765.4,0.3312
17561.6,35301.4,17599.2,35316.9,0.3312
21520.9,28232.2,21604.5,28258.7,0.3312
20082.1,20125.1,20094.7,20137.2,0.3311
22882.4,20404.0,22900.2,20414.2,0.3311
19188.6,33760.7,19243.0,33790.5,0.3310
4547.3,25975.1,4573.0,26004.4,0.3310
34547.6,2376.9,34561.2,2398.0,0.3309
33564.0,34642.5,33592.7,34657.3,0.3308
23105.8,22881.4,23140.3,22895.6,0.3308
36094.1,18139.4,36115.1,18150.1,0.3307
23376.7,34419.0,23425.4,34431.1,0.3307
38432.5,34696.6,38460.9,34714.7,0.3307
20798.1,25615.0,20866.5,25630.2,0.3307
19084.9,21174.0,19104.7,21201.5,0.3306
23241.0,26131.8,23267.5,26142.6,0.3306
10548.4,1505.7,10595.8,1524.3,0.3306
37226.7,7435.1,37267.9,7467.4,0.3305
36199.3,19466.2,36208.9,19478.2,0.3305
38622.6,17750.5,38656.0,17776.6,0.3304
10605.0,8464.1,10627.4,8473.7,0.3304
31644.1,30990.7,31724.4,31040.0,0.3303
788.4,20954.1,842.2,21014.0,0.3303
24004.7,4128.8,24068.3,4160.0,0.3301
25514.2,24024.5,25559.5,24040.6,0.3298
18582.3,21294.0,18594.9,21303.4,0.3298
21764.0,4884.5,21830.9,4966.5,0.3297
14039.1,34608.3,14078.2,34620.1,0.3297
16061.4,32950.5,16100.4,32984.8,0.3296
17600.2,15963.1,17617.2,15999.9,0.3296
21340.7,21013.7,21370.0,21027.7,0.3295
34916.3,15418.7,34936.8,15429.8,0.3295
18853.5,35535.1,18864.6,35545.9,0.3294
25908.0,20697.0,25951.4,20712.1,0.3294
36288.6,29570.9,36302.3,29578.8,0.3294
18708.6,2223.4,18757.6,2240.0,0.3292
30866.3,24495.4,30879.7,24505.1,0.3291
38010.7,34336.8,38033.5,34349.7,0.3290
24081.6,24896.0,24095.2,24905.5,0.3290
26961.9,20791.0,27002.9,20807.0,0.3289
35085.7,18688.0,35111.7,18700.3,0.3289
28349.6,20363.7,28393.1,20373.3,0.3288
173.9,5352.6,183.6,5375.3,0.3287
30440.9,19738.3,30464.0,19750.8,0.3287
21101.2,23672.8,21124.3,23682.0,0.3286
17920.3,7695.3,17962.1,7748.2,0.3286
26037.3,21871.8,26073.7,21886.8,0.3284
16569.2,30019.9,16597.3,30030.5,0.3281
34979.0,21478.7,35084.2,21589.0,0.3281
19787.0,31743.5,19842.2,31761.1,0.3280
36686.5,17710.0,36702.9,17719.5,0.3280
15010.2,32002.9,15038.0,32014.2,0.3280
13190.2,35536.5,13250.6,35550.6,0.3279
38338.1,20782.4,38393.9,20800.0,0.3279
2355.2,22523.0,2364.3,22544.6,0.3279
15000.9,33074.0,15013.6,33087.5,0.3279
31664.3,20813.0,31683.1,20825.7,0.3277
13088.5,36203.0,13119.9,36217.7,0.3277
38594.2,30634.5,38627.4,30646.0,0.3277
27971.3,18387.0,27999.0,18398.1,0.3276
19635.8,26904.4,19682.8,26919.8,0.3276
21776.3,21372.7,21825.1,21391.4,0.3275
18512.6,34845.6,18557.6,34864.1,0.3274
26180.9,27580.6,26195.1,27591.8,0.3274
30038.4,32918.6,30079.5,33005.8,0.3271
23131.8,28371.8,23157.8,28381.4,0.3271
31263.5,18648.5,31277.9,18657.4,0.3271
18663.6,26715.7,18676.7,26731.3,0.3271
32937.6,20051.2,32952.7,20064.1,0.3270
17385.6,25682.0,17425.2,25714.0,0.3270
14023.2,34536.1,14061.1,34550.0,0.3269
15137.3,4527.2,15164.9,4546.8,0.3269
22926.6,17374.0,22939.5,17384.9,0.3268
35042.9,15641.5,35076.2,15654.1,0.3268
18818.7,20741.3,18836.8,20757.4,0.3267
37735.9,13867.1,37747.4,13877.3,0.3266
20126.3,22499.5,20146.6,22509.6,0.3266
21681.2,19730.2,21722.6,19741.9,0.3266
19951.9,29023.6,19992.8,29041.6,0.3266
15128.3,29640.1,15148.4,29650.2,0.3266
15954.4,29451.8,16029.6,29463.2,0.3265
28329.3,29416.8,28358.7,29430.4,0.3264
24019.7,21183.7,24043.4,21195.0,0.3264
13878.8,35985.2,13937.2,35996.8,0.3264
12811.5,4761.8,12835.2,4787.6,0.3257
23679.8,25224.0,23693.5,25234.5,0.3257
17236.0,19167.8,17248.4,19183.7,0.3257
15256.0,32308.4,15321.4,32337.2,0.3257
16735.8,25347.1,16750.1,25358.4,0.3257
24263.8,32250.0,24319.5,32356.4,0.3256
15890.6,28669.9,15908.1,28681.4,0.3256
28357.8,21424.4,28376.1,21436.2,0.3256
14257.7,5721.6,14276.6,5760.5,0.3255
23443.2,6761.2,23511.7,6798.3,0.3254
31922.6,31762.3,31969.3,31804.4,0.3253
13762.4,19459.0,13796.9,19469.8,0.3253
25705.2,31942.6,25817.6,32057.1,0.3252
29051.0,33428.3,29118.0,33540.0,0.3252
33311.6,27652.7,33354.3,27685.1,0.3252
23481.9,22633.8,23529.9,22646.7,0.3252
6870.3,1267.2,6894.2,1307.7,0.3251
20734.7,25019.4,20800.0,25031.5,0.3251
28151.6,17260.8,28175.4,17271.7,0.3250
471.4,8225.5,531.1,8256.1,0.3249
29440.0,35162.1,29515.3,35200.0,0.3249
14663.2,21614.8,14677.1,21630.1,0.3248
461.2,25340.8,470.6,25360.3,0.3248
15875.5,33232.7,15930.8,33260.8,0.3248
292.5,6021.5,324.4,6048.9,0.3247
31000.3,33871.4,31040.0,33958.3,0.3247
9920.0,11200.0,9989.9,11271.0,0.3247
20280.3,35939.4,20395.3,36050.9,0.3246
23967.6,24154.1,24010.2,24182.6,0.3246
2526.8,31365.5,2536.3,31432.0,0.3245
32380.0,16627.8,32403.4,16638.8,0.3244
13800.4,35522.2,13850.0,35556.0,0.3243
12824.9,32382.5,12857.5,32395.4,0.3243
32252.9,3882.4,32285.1,3924.5,0.3242
35631.1,30557.8,35643.8,30567.8,0.3242
3428.5,31726.3,3439.3,31789.5,0.3242
29444.2,15997.6,29458.2,16008.9,0.3241
17267.1,103.3,17280.0,133.5,0.3241
30862.4,20295.4,30873.6,20304.9,0.3241
19304.1,7818.2,19411.6,7870.3,0.3240
15302.5,18038.3,15313.0,18046.9,0.3240
28808.4,22797.7,28838.9,22810.6,0.3239
36754.2,26481.5,36799.6,26552.6,0.3239
27562.0,22582.6,27590.6,22592.6,0.3238
25506.4,28668.8,25521.3,28681.4,0.3238
12901.8,32082.8,12930.6,32093.9,0.3237
30712.8,17969.2,30753.0,17981.3,0.3237
23020.4,20341.5,23039.0,20357.0,0.3236
14892.5,27812.3,14903.3,27823.4,0.3235
24231.3,32002.7,24318.4,32116.4,0.3235
24961.4,32943.8,24991.7,32960.0,0.3235
3990.9,2313.5,4020.3,2335.1,0.3235
13071.8,34475.8,13123.8,34488.0,0.3234
15512.4,15337.4,15523.2,15346.1,0.3233
27403.8,22611.8,27428.0,22623.4,0.3233
32311.7,34050.2,32323.9,34062.2,0.3233
18795.1,29643.6,18807.6,29661.6,0.3232
18773.3,34368.9,18786.4,34380.0,0.3232
3338.4,30342.1,3348.0,30397.9,0.3232
27711.6,29100.1,27732.7,29111.1,0.3231
23501.7,30914.7,23526.2,30926.9,0.3231
10429.7,9617.7,10450.1,9631.6,0.3230
32275.7,30050.6,32337.5,30080.0,0.3230
19183.9,35761.4,19234.7,35773.8,0.3230
3748.4,4720.0,3792.2,4755.9,0.3230
11319.8,13057.8,11348.4,13078.1,0.3230
15592.8,25976.2,15620.6,25989.0,0.3230
24736.6,32865.1,24772.9,32896.2,0.3229
14546.7,27299.5,14561.3,27312.2,0.3229
12901.1,21837.0,12917.0,21848.2,0.3228
32850.7,20381.5,32880.5,20395.0,0.3228
11703.7,1793.6,11723.4,1811.1,0.3228
20984.6,22252.2,21044.9,22266.8,0.3227
26039.5,34122.6,26151.2,34230.6,0.3226
7598.8,2748.4,7609.2,2769.9,0.3226
23680.0,4760.4,23699.4,4800.0,0.3225
213.1,24101.2,223.0,24124.7,0.3224
33533.7,6720.0,33590.0,6742.5,0.3223
22389.5,28334.2,22408.6,28345.9,0.3223
18997.0,33205.8,19014.8,33218.5,0.3223
28627.2,21501.5,28665.9,21513.1,0.3223
18588.0,20612.0,18607.6,20623.5,0.3221
18156.6,2804.8,18167.7,2851.2,0.3221
30891.6,16411.2,30915.2,16422.5,0.3221
14113.2,33635.3,14151.2,33651.9,0.3220
23738.3,26248.9,23761.8,26259.5,0.3220
17780.4,17653.3,17807.1,17672.8,0.3219
17689.6,28715.2,17705.0,28728.8,0.3218
13342.8,18105.5,13354.6,18116.0,0.3218
15329.7,28421.6,15359.0,28434.7,0.3218
23053.4,31202.5,23080.8,31214.3,0.3218
12983.1,21258.1,12994.0,21266.9,0.3217
15121.6,20770.8,15139.4,20782.5,0.3217
2867.3,7372.6,2916.2,7406.3,0.3216
17251.0,24911.4,17316.9,24928.1,0.3215
26762.2,11661.4,26814.4,11713.7,0.3215
4288.5,13397.5,4332.6,13427.9,0.3215
3566.4,32108.2,3580.0,32131.3,0.3215
27200.1,13734.3,27216.2,13760.0,0.3215
22363.2,18090.2,22430.7,18110.9,0.3215
9591.8,640.4,9646.6,675.3,0.3214
36512.8,35951.1,36589.3,35965.7,0.3214
33204.9,20281.7,33218.6,20293.9,0.3214
4275.2,8643.0,4285.2,8660.6,0.3214
17734.0,26418.7,17761.8,26430.5,0.3213
23549.6,20536.4,23574.7,20547.0,0.3213
29856.3,19417.2,29891.4,19426.6,0.3213
22599.0,28588.9,22613.1,28598.5,0.3212
32648.8,28698.9,32769.1,28798.7,0.3212
35.5,30099.2,47.6,30132.8,0.3212
30375.2,14079.4,30391.6,14091.9,0.3211
24336.0,23829.6,24356.2,23840.7,0.3210
23207.9,21476.4,23243.0,21487.7,0.3210
15889.1,31560.3,15916.4,31571.6,0.3208
30808.8,16883.8,30839.9,16896.5,0.3208
19520.0,18171.2,19535.5,18233.5,0.3207
15366.7,24400.8,15390.3,24411.3,0.3207
27694.1,19751.2,27705.1,19760.9,0.3206
35468.5,17838.3,35493.2,17847.6,0.3206
15267.5,26264.2,15284.8,26274.8,0.3206
17161.6,3851.7,17222.2,3903.5,0.3206
17717.5,32901.6,17755.4,32932.5,0.3206
23069.1,23520.4,23090.5,23532.0,0.3206
24795.1,7025.4,24823.8,7040.0,0.3205
23906.2,23496.8,23924.8,23507.6,0.3204
18462.5,7738.0,18500.5,7766.0,0.3202
3970.4,32549.1,4002.5,32640.0,0.3202
23139.5,30661.1,23167.8,30680.5,0.3202
35583.9,19247.0,35632.8,19260.2,0.3201
17330.8,34211.3,17393.2,34231.2,0.3199
24129.9,21659.3,24150.1,21670.5,0.3199
37916.4,1281.3,37945.4,1298.2,0.3198
21156.2,28383.0,21218.4,28413.3,0.3198
17473.9,35137.4,17521.2,35149.9,0.3197
12507.1,32394.2,12540.3,32407.7,0.3197
17807.7,29602.7,17824.4,29614.8,0.3197
26389.7,21241.6,26407.6,21255.5,0.3195
15597.1,36607.2,15647.3,36625.0,0.3195
12498.9,27019.1,12563.9,27042.5,0.3195
33892.9,21622.4,33919.9,21682.6,0.3195
15213.0,28257.9,15266.8,28270.4,0.3193
12723.4,26375.1,12744.1,26384.9,0.3193
29690.8,14641.7,29707.0,14653.3,0.3192
32391.7,27781.1,32498.3,27840.0,0.3192
23888.4,24377.5,23952.7,24399.2,0.3191
15474.6,36595.1,15567.5,36613.0,0.3191
12742.4,33504.0,12765.3,33518.4,0.3191
15669.5,36556.4,15731.4,36569.1,0.3191
13292.3,22543.8,13319.0,22560.1,0.3191
32491.7,28138.2,32504.9,28148.2,0.3189
30998.9,15750.6,31014.8,15760.9,0.3189
13585.9,24355.4,13606.5,24368.3,0.3189
30391.3,18404.3,30409.6,18415.3,0.3188
32754.8,22829.4,32799.7,22846.6,0.3187
13968.2,24158.3,14041.5,24235.7,0.3187
3242.0,324.6,3268.3,416.6,0.3187
18987.3,36355.9,19030.0,36366.6,0.3186
25010.6,33266.9,25054.8,33278.4,0.3186
18233.2,16831.3,18243.8,16842.0,0.3185
23898.8,22503.0,23965.0,22526.8,0.3184
34869.2,30663.8,34966.7,30720.0,0.3184
35765.2,29805.8,35775.3,29815.7,0.3184
29067.0,6487.4,29119.3,6569.8,0.3182
33870.2,19520.0,33887.9,19549.6,0.3181
18493.2,36718.5,18558.7,36798.6,0.3180
25477.2,28114.1,25493.7,28122.6,0.3179
38289.2,30659.1,38302.3,30670.8,0.3179
18934.1,18695.9,18972.0,18712.1,0.3178
21971.3,23907.8,21992.4,23919.3,0.3177
25421.1,16508.5,25432.5,16520.5,0.3177
25507.1,32320.0,25532.0,32329.8,0.3176
31078.3,30992.5,31184.4,31040.0,0.3176
25062.4,6080.0,25120.5,6110.8,0.3175
33916.6,16881.3,33928.6,16894.5,0.3175
19004.1,29981.9,19056.9,30026.2,0.3174
23479.1,36460.1,23594.4,36574.2,0.3174
22080.0,5760.0,22142.4,5857.9,0.3173
27447.2,25985.9,27497.8,26014.5,0.3172
36367.4,3152.8,36414.9,3183.9,0.3172
22071.7,25641.3,22245.2,25672.9,0.3172
15941.1,31340.8,16012.1,31353.0,0.3172
22118.7,22290.9,22156.8,22320.7,0.3171
16034.5,31140.8,16080.2,31156.1,0.3171
35572.4,12463.5,35585.6,12473.6,0.3169
21991.8,32188.9,22007.6,32201.5,0.3169
16365.1,36368.5,16399.4,36382.1,0.3168
19892.9,21500.8,19906.1,21512.6,0.3167
6895.1,9193.9,6907.2,9210.7,0.3166
24457.2,7284.5,24474.3,7320.3,0.3166
18817.0,32512.4,18842.1,32541.1,0.3166
32269.7,29742.7,32325.4,29760.0,0.3166
16407.6,34290.6,16458.5,34319.9,0.3165
3840.0,4543.6,3875.2,4598.8,0.3165
31556.2,20093.9,31570.7,20103.7,0.3164
19649.5,17937.2,19662.0,17950.2,0.3163
5684.6,13829.2,5694.8,13857.7,0.3163
37120.0,26388.6,37174.4,26464.4,0.3163
31251.2,355.6,31306.4,404.0,0.3162
15200.2,36240.9,15222.8,36250.9,0.3161
17220.7,4.0,17279.5,102.8,0.3161
17750.8,22656.6,17769.0,22664.4,0.3161
11888.4,24001.2,11938.8,24016.2,0.3161
4209.2,1695.8,4275.6,1726.4,0.3161
16125.9,15897.1,16163.3,15922.1,0.3160
23303.9,19149.3,23314.4,19160.3,0.3158
12945.0,18453.7,12973.7,18464.7,0.3157
14854.4,27058.5,14871.1,27067.1,0.3157
23695.6,17227.0,23711.0,17235.9,0.3157
8810.5,15336.7,8843.9,15360.0,0.3157
23108.0,29033.8,23148.3,29043.9,0.3156
29722.3,35840.0,29794.7,35871.9,0.3155
3270.4,33151.0,3345.3,33187.5,0.3155
32001.9,24674.3,32016.5,24705.0,0.3155
21251.7,19840.7,21310.2,19855.4,0.3155
22808.6,19509.3,22824.2,19519.6,0.3155
25832.3,8167.8,25919.9,8240.3,0.3155
32961.7,23598.5,32974.9,23626.8,0.3154
12640.3,21088.7,12670.6,21101.6,0.3153
24890.6,21843.6,24905.4,21856.4,0.3153
36041.3,13333.0,36055.9,13343.0,0.3152
24744.3,25843.2,24768.4,25854.8,0.3152
3198.9,12795.5,3223.0,12826.2,0.3152
21994.2,24320.7,22042.2,24343.6,0.3151
2038.0,11681.8,2097.1,11716.1,0.3150
20447.4,34622.4,20466.2,34633.1,0.3149
18474.8,23163.7,18496.0,23174.8,0.3149
28087.6,18428.1,28122.6,18440.8,0.3149
15543.7,34434.1,15606.3,34465.0,0.3148
20739.4,28497.5,20757.8,28511.0,0.3148
18866.7,18797.1,18913.2,18807.9,0.3148
22390.1,35471.1,22477.8,35520.0,0.3148
36886.2,13497.8,36897.2,13506.2,0.3148
4701.4,27520.0,4755.6,27570.5,0.3146
29720.3,16193.4,29731.2,16202.3,0.3146
30031.1,16673.0,30041.8,16680.9,0.3146
36623.0,32876.7,36633.9,32888.0,0.3144
22891.7,23185.8,22935.5,23198.8,0.3144
17831.8,28872.4,17902.9,28912.4,0.3144
18556.3,29787.0,18591.9,29798.1,0.3144
18610.5,27242.7,18630.0,27256.0,0.3142
37391.7,12937.8,37434.8,12956.0,0.3142
3538.6,31338.4,3548.0,31360.0,0.3141
16915.0,521.7,16952.5,571.3,0.3141
18978.7,36457.9,19004.0,36469.8,0.3141
14330.5,32921.4,14343.3,32929.9,0.3140
19367.4,14113.4,19381.5,14122.9,0.3139
2133.7,1252.2,2148.0,1277.3,0.3139
35796.0,35897.3,35811.7,35910.5,0.3139
30862.5,24649.8,30909.2,24670.2,0.3139
26850.9,17951.2,26865.1,17964.6,0.3138
14472.1,18820.9,14483.1,18831.9,0.3138
22723.5,28211.8,22758.4,28225.1,0.3137
13541.4,36401.7,13569.9,36414.3,0.3136
1051.9,7872.9,1076.1,7892.7,0.3136
8801.8,2944.1,8839.5,2980.7,0.3135
38482.9,24987.4,38497.0,24998.4,0.3134
16278.6,35498.9,16327.0,35511.9,0.3134
24321.9,33702.9,24428.7,33817.8,0.3134
8471.0,8777.6,8552.8,8809.4,0.3133
25341.7,25753.7,25369.3,25768.2,0.3132
28519.5,19721.6,28558.0,19736.3,0.3132
14657.2,25940.4,14673.0,25952.4,0.3131
12632.7,23637.4,12658.8,23657.0,0.3131
33983.2,33014.9,33994.2,33028.5,0.3129
16015.2,30162.9,16032.8,30173.4,0.3129
866.3,31316.2,880.6,31347.0,0.3129
29570.7,30573.1,29580.8,30583.5,0.3128
23905.2,24590.8,23925.9,24602.1,0.3128
29488.1,19026.2,29535.8,19040.0,0.3124
17812.8,21200.7,17829.4,21214.4,0.3124
14631.2,29084.8,14659.4,29098.1,0.3124
12479.2,30961.9,12529.7,30999.1,0.3124
25263.1,19219.2,25278.7,19241.5,0.3124
14160.5,31452.9,14216.4,31464.2,0.3123
15401.9,21817.5,15425.6,21833.8,0.3123
13761.0,30787.4,13798.6,30798.5,0.3122
20323.9,25759.1,20352.1,25771.0,0.3122
36675.4,27520.0,36731.1,27548.3,0.3122
26401.8,21517.0,26432.7,21540.4,0.3121
3842.9,2798.4,3910.3,2834.7,0.3120
31331.5,18368.5,31343.6,18378.7,0.3120
37371.6,32770.8,37412.8,32784.7,0.3120
227.7,29819.4,239.7,29866.9,0.3120
30573.7,29541.4,30585.9,29551.0,0.3119
31318.0,35457.4,31359.3,35543.7,0.3119
12899.7,30252.5,12956.5,30264.1,0.3119
29406.4,23018.4,29439.9,23028.8,0.3118
15199.4,33116.2,15222.4,33128.9,0.3118
15696.7,25400.2,15715.5,25408.5,0.3118
29041.4,9657.3,29079.6,9684.9,0.3117
11011.5,5515.5,11056.0,5566.6,0.3117
11201.7,8320.0,11235.1,8359.0,0.3117
22776.3,23492.2,22794.2,23506.2,0.3117
2678.7,8960.0,2727.2,9007.0,0.3116
16578.7,2164.2,16638.0,2190.7,0.3116
37773.4,1572.5,37796.3,1606.3,0.3116
28899.5,31040.0,28960.8,31074.6,0.3116
29582.1,20423.5,29632.7,20440.4,0.3115
23881.5,22243.5,23906.8,22254.4,0.3114
36411.5,17761.3,36473.9,17774.5,0.3114
17067.1,30048.5,17093.0,30061.6,0.3114
25626.2,20655.9,25663.0,20669.9,0.3114
23537.5,8001.1,23570.7,8056.6,0.3114
5468.0,14373.6,5479.3,14396.2,0.3113
21827.8,25365.8,21838.6,25378.0,0.3113
28545.7,1193.5,28602.3,1229.6,0.3113
35443.0,8298.2,35493.5,8320.0,0.3112
29120.0,0.0,29144.1,35.0,0.3112
20381.0,18172.0,20399.8,18183.4,0.3112
9798.3,15040.4,9823.0,15072.1,0.3112
15529.6,22094.9,15574.2,22111.2,0.3112
2259.7,6178.2,2309.2,6214.0,0.3112
35744.4,28203.4,35862.3,28306.0,0.3112
37988.3,31562.5,38001.1,31579.7,0.3111
27561.2,22582.6,27575.6,22591.9,0.3111
28527.8,5553.5,28586.0,5606.3,0.3111
17967.5,27440.1,18014.3,27468.6,0.3111
4324.7,5510.4,4336.6,5537.0,0.3111
27801.0,14369.8,27812.7,14382.9,0.3110
25395.6,23252.1,25418.8,23263.1,0.3109
8333.9,3394.8,8406.3,3476.1,0.3109
28258.1,20091.8,28302.6,20105.6,0.3109
18977.6,5331.0,19057.3,5401.2,0.3108
21700.6,14957.0,21732.0,14971.8,0.3107
28057.7,29487.2,28082.2,29500.3,0.3107
20930.8,26171.7,20946.3,26181.9,0.3106
557.6,12868.2,636.6,12887.3,0.3106
20116.1,23699.8,20136.5,23710.9,0.3105
19264.4,26882.3,19290.1,26908.0,0.3105
33600.7,24894.1,33694.2,24957.5,0.3105
20346.1,28754.9,20401.6,28767.2,0.3104
10817.7,20369.1,10861.9,20383.1,0.3104
16475.1,32073.2,16546.7,32102.8,0.3104
30157.0,16064.1,30213.1,16083.3,0.3103
23959.3,18209.1,23994.5,18223.2,0.3103
33208.8,20445.7,33272.8,20478.0,0.3103
32093.5,8922.4,32122.2,8938.0,0.3102
3067.0,2842.8,3144.4,2880.0,0.3101
27840.2,32258.8,27882.7,32316.0,0.3101
13569.4,20423.2,13600.7,20442.7,0.3100
31817.9,17079.8,31828.1,17091.5,0.3100
35974.7,36624.2,36000.2,36643.7,0.3099
520.5,33264.6,601.9,33325.6,0.3099
18127.7,22623.8,18143.2,22634.6,0.3099
32839.7,16263.3,32850.8,16272.6,0.3098
25471.5,17827.9,25484.0,17839.5,0.3098
17070.1,28688.4,17085.0,28698.2,0.3098
29253.3,18640.7,29306.5,18655.9,0.3098
22811.9,28789.0,22863.9,28809.7,0.3094
9346.3,15019.8,9366.9,15031.4,0.3094
28862.2,22500.0,28903.3,22517.2,0.3093
32758.7,4529.2,32803.0,4563.5,0.3092
36611.1,15780.3,36622.6,15792.3,0.3092
17445.6,23522.6,17476.5,23534.4,0.3092
33420.2,18059.1,33440.6,18079.2,0.3091
33152.9,8572.5,33205.0,8629.5,0.3091
27.9,25086.0,67.3,25105.0,0.3090
14705.2,31243.7,14754.6,31256.1,0.3090
32999.6,32748.2,33115.8,32858.7,0.3090
26215.2,19211.0,26228.1,19222.0,0.3089
31989.3,24195.9,32018.6,24207.2,0.3089
1920.7,11451.7,1967.6,11479.5,0.3089
24539.4,26847.9,24599.2,26873.4,0.3089
38489.1,16332.5,38512.3,16353.8,0.3088
17780.3,4800.0,17918.7,4858.6,0.3088
21623.6,24525.6,21637.0,24535.8,0.3088
26370.6,23206.0,26398.8,23217.6,0.3088
13938.0,36687.7,14010.3,36702.7,0.3087
19664.8,7040.1,19703.2,7063.1,0.3086
16563.7,9394.7,16611.4,9407.0,0.3086
15103.9,34112.1,15171.8,34141.5,0.3086
18523.0,29042.0,18544.6,29054.1,0.3086
29227.2,5635.3,29277.1,5685.0,0.3085
14541.7,31564.5,14580.5,31576.2,0.3085
2794.8,26995.6,2807.1,27027.6,0.3084
13448.5,33014.9,13499.8,33048.7,0.3083
4139.1,31402.6,4166.9,31447.8,0.3083
8678.2,10240.0,8790.3,10297.5,0.3082
17497.1,22994.9,17508.6,23006.1,0.3082
32579.8,8000.0,32639.2,8031.2,0.3081
20230.9,20606.6,20247.9,20622.6,0.3080
19618.0,22383.7,19632.6,22396.3,0.3080
21741.5,36718.6,21759.7,36766.4,0.3079
24288.0,28368.0,24339.5,28379.5,0.3078
12343.8,36002.2,12370.7,36014.8,0.3077
22349.7,23314.1,22366.3,23327.8,0.3076
26781.4,21818.9,26800.8,21840.1,0.3075
35439.4,33241.8,35457.8,33253.9,0.3075
18240.4,5218.6,18266.9,5253.2,0.3075
31361.8,28095.4,31376.8,28124.3,0.3075
2915.9,12060.8,2955.9,12082.2,0.3075
38153.1,17018.4,38176.6,17044.9,0.3074
16483.3,33522.1,16524.2,33535.2,0.3074
27763.4,30051.6,27791.2,30062.3,0.3073
33552.2,8468.9,33599.9,8511.7,0.3073
963.5,35825.9,1026.3,35874.1,0.3073
36214.0,21670.6,36228.4,21680.2,0.3073
19295.7,28623.7,19346.3,28638.8,0.3073
12674.0,35645.8,12716.3,35659.6,0.3072
16567.9,5795.5,16619.3,5819.5,0.3071
13005.3,35732.1,13039.9,35743.2,0.3071
24648.1,17613.4,24658.2,17623.8,0.3069
18169.8,20451.0,18186.7,20461.7,0.3069
24268.2,23697.2,24284.2,23707.1,0.3068
16493.3,33295.8,16533.6,33309.1,0.3068
21132.1,5498.8,21182.3,5527.5,0.3068
14329.2,35846.1,14371.4,35879.8,0.3068
12595.5,33955.3,12610.4,33965.6,0.3067
36782.1,25425.2,36792.0,25433.3,0.3067
27263.8,25544.2,27330.1,25575.4,0.3067
20069.4,18711.7,20084.1,18720.4,0.3067
27042.7,26588.6,27068.6,26605.0,0.3066
18974.7,25956.1,18983.8,25967.5,0.3066
16808.7,20267.9,16829.9,20278.7,0.3064
32195.2,22271.5,32208.9,22282.3,0.3063
13784.0,21043.8,13809.9,21054.5,0.3062
22937.0,15824.8,22950.8,15834.4,0.3061
36723.5,16240.8,36741.3,16252.2,0.3061
36278.9,32576.4,36306.1,32591.7,0.3061
31624.0,30992.2,31728.8,31107.1,0.3061
31494.8,32111.4,31505.0,32119.9,0.3061
20649.8,26501.4,20673.6,26512.6,0.3061
11129.4,7320.9,11197.9,7381.6,0.3061
12452.5,35051.8,12479.5,35061.7,0.3060
28956.1,8584.1,29009.4,8623.8,0.3060
30842.7,22920.1,30936.6,22946.6,0.3059
15691.6,29138.2,15714.7,29149.8,0.3059
356.7,0.0,418.5,30.9,0.3058
30038.9,22687.2,30050.6,22697.2,0.3058
12652.0,86.2,12664.6,101.7,0.3058
23144.1,32569.2,23248.9,32679.7,0.3058
36896.0,14173.7,36915.2,14184.0,0.3057
17080.6,7866.2,17130.1,7882.6,0.3057
30655.2,23194.4,30700.1,23206.3,0.3056
17664.1,22810.8,17678.7,22821.9,0.3056
12212.9,4148.2,12261.8,4178.7,0.3056
21995.7,28049.0,22008.9,28058.5,0.3056
31211.5,20909.6,31239.9,20926.1,0.3055
29120.0,30824.5,29145.3,30872.6,0.3055
13019.4,895.5,13120.0,960.0,0.3055
13001.7,353.8,13041.9,381.8,0.3054
25544.0,34763.2,25665.3,34864.9,0.3053
35066.8,33932.2,35085.9,33943.2,0.3052
18450.6,28255.4,18464.8,28265.1,0.3052
30154.1,19750.8,30215.0,19767.9,0.3051
20688.3,28480.0,20759.8,28507.9,0.3051
5396.4,4233.8,5436.0,4285.1,0.3051
34514.9,21018.1,34559.6,21107.4,0.3050
26944.6,26025.4,26991.2,26042.9,0.3050
33091.3,22456.0,33135.8,22476.9,0.3048
19746.4,18591.9,19789.6,18611.0,0.3048
35641.1,33277.7,35655.1,33289.1,0.3047
16251.3,30400.0,16323.0,30434.8,0.3047
21256.0,33319.3,21279.8,33330.1,0.3045
19262.6,34435.4,19301.3,34447.2,0.3044
4666.8,4294.0,4724.6,4349.9,0.3043
29765.8,27647.4,29783.9,27664.8,0.3043
36456.5,32062.0,36469.3,32073.9,0.3042
24608.6,27617.9,24631.1,27625.9,0.3041
17896.7,20570.6,17913.0,20578.9,0.3038
19976.0,22085.1,19988.7,22096.5,0.3038
19938.8,14495.3,19969.1,14510.5,0.3038
17965.0,28939.4,17991.2,28958.9,0.3037
6116.0,13921.8,6171.0,13949.4,0.3037
12769.8,27033.8,12783.4,27044.8,0.3036
7584.8,22336.0,7630.8,22353.6,0.3035
16279.3,1367.9,16348.1,1387.8,0.3035
26661.8,17046.7,26675.3,17061.3,0.3035
20447.2,32526.9,20479.9,32546.1,0.3035
15443.8,1739.8,15501.9,1782.6,0.3034
30636.6,21104.0,30649.5,21115.9,0.3033
28523.1,30520.4,28641.3,30636.6,0.3032
3488.7,6005.1,3512.4,6043.4,0.3032
3663.7,31958.5,3673.2,31997.8,0.3032
988.9,3520.0,1065.0,3588.5,0.3032
15581.4,20391.7,15626.3,20419.0,0.3030
17043.2,36603.3,17061.9,36615.5,0.3030
17210.9,27426.9,17232.9,27440.2,0.3029
15730.8,21702.4,15742.5,21713.6,0.3028
14564.5,30835.9,14610.8,30846.7,0.3028
13857.4,17661.1,13890.8,17671.5,0.3027
15735.4,24081.6,15760.0,24096.0,0.3027
18784.0,21602.0,18797.2,21611.5,0.3027
18984.0,2183.7,19018.5,2207.5,0.3026
15959.7,33806.6,15999.2,33817.5,0.3026
5888.8,11418.2,5916.2,11463.0,0.3026
16023.5,31293.1,16059.0,31306.3,0.3025
35891.3,18954.5,35902.8,18968.0,0.3025
1564.5,11631.5,1598.2,11661.8,0.3025
20882.6,26144.1,20897.1,26155.0,0.3024
24055.2,24719.1,24064.9,24729.0,0.3024
10342.9,1625.7,10367.6,1645.8,0.3024
14234.0,28271.3,14261.8,28288.7,0.3024
18558.1,32921.7,18582.2,32931.7,0.3023
21147.8,33887.5,21188.5,33898.5,0.3023
17791.0,7483.1,17819.9,7519.4,0.3022
17356.6,14649.7,17373.2,14661.5,0.3022
33185.7,19441.4,33244.9,19467.9,0.3021
15078.7,14645.7,15090.7,14656.6,0.3021
28242.4,23187.9,28270.2,23200.2,0.3021
37141.1,7850.7,37173.1,7871.7,0.3020
31108.6,28462.9,31172.9,28480.0,0.3020
38638.8,34982.2,38652.9,34993.1,0.3020
22855.8,35121.1,22966.8,35198.2,0.3020
17947.5,26481.4,17971.2,26493.9,0.3019
30704.9,15067.3,30719.2,15084.0,0.3019
26769.4,21199.1,26814.7,21220.8,0.3019
32660.2,16520.5,32680.7,16529.4,0.3019
22039.0,28317.9,22054.8,28327.4,0.3018
20151.4,27227.9,20174.8,27238.2,0.3018
355.0,10260.9,380.1,10299.1,0.3018
20215.6,30139.3,20239.2,30151.1,0.3018
13650.3,34873.5,13690.4,34888.9,0.3017
30721.1,4799.6,30781.1,4849.6,0.3017
14479.2,35075.1,14519.7,35102.7,0.3016
32523.9,24787.7,32635.9,24826.1,0.3015
28751.9,22919.6,28820.5,22954.7,0.3015
29675.6,23297.1,29719.0,23311.2,0.3015
30642.5,23092.2,30691.8,23103.2,0.3013
8960.0,11425.2,8977.4,11514.1,0.3012
13080.8,35833.2,13120.0,35865.2,0.3012
9954.5,9002.1,10013.9,9034.5,0.3012
23182.5,24650.1,23207.6,24659.7,0.3011
27424.0,25124.2,27455.5,25140.4,0.3011
30686.1,21708.4,30715.4,21720.6,0.3011
30978.9,15640.3,30991.7,15649.7,0.3011
11626.5,6720.0,11694.3,6777.4,0.3011
14311.8,36639.7,14362.4,36658.7,0.3010
18928.3,36317.5,18943.2,36342.0,0.3010
25845.6,19154.6,25880.1,19180.2,0.3010
12219.8,23843.7,12291.1,23855.1,0.3008
21684.6,34307.2,21757.3,34420.6,0.3007
21068.2,25806.8,21106.0,25831.3,0.3007
32483.0,25286.9,32502.6,25297.6,0.3006
36952.1,25864.3,37063.1,25920.0,0.3006
21871.0,23057.7,21895.5,23070.3,0.3006
16097.5,31923.1,16121.0,31934.4,0.3005
32521.3,24892.4,32549.5,24919.0,0.3005
21691.7,28932.1,21710.6,28944.1,0.3005
5657.3,1714.5,5700.6,1752.0,0.3004
3294.5,30339.1,3304.4,30397.0,0.3004
22003.8,15088.6,22041.2,15103.6,0.3004
26230.2,26560.0,26343.3,26591.4,0.3003
22172.7,4174.6,22230.1,4252.3,0.3003
14264.4,25972.2,14276.9,25982.4,0.3002
15463.7,22988.2,15501.0,23001.5,0.3002
25767.0,34240.3,25778.1,34249.3,0.3001
3466.0,30363.1,3476.0,30398.8,0.3001
26798.9,21181.0,26815.0,21195.6,0.3000
4436.3,2956.0,4479.3,2980.0,0.3000
11390.7,22991.4,11478.0,23075.0,0.2999
22263.7,25191.4,22283.9,25202.1,0.2999
19475.1,31335.0,19514.6,31353.6,0.2999
24224.2,8248.0,24288.5,8317.0,0.2996
9763.8,9313.3,9790.5,9327.8,0.2996
24380.0,33510.9,24414.9,33545.4,0.2995
14617.9,16921.9,14628.8,16933.1,0.2995
15922.8,9338.1,15998.1,9368.0,0.2995
34880.0,20480.0,34902.4,20580.8,0.2995
38613.0,21218.7,38655.6,21302.3,0.2991
3520.1,171.5,3540.1,270.7,0.2991
19522.0,30053.4,19536.9,30080.0,0.2991
13333.8,30910.7,13359.6,30920.5,0.2990
4339.6,20512.3,4363.1,20542.8,0.2988
3382.5,20914.3,3424.5,20938.0,0.2988
3484.6,31635.1,3494.9,31678.6,0.2987
16233.4,7373.5,16279.0,7433.3,0.2987
26446.2,9375.2,26484.1,9403.1,0.2987
20114.5,25791.4,20158.8,25812.0,0.2986
29256.4,17841.5,29284.2,17850.3,0.2986
23775.5,27058.4,23792.3,27071.7,0.2986
3521.0,954.4,3542.9,1023.0,0.2986
23653.8,27556.4,23701.0,27570.9,0.2985
21700.0,14956.9,21717.7,14969.3,0.2984
35072.0,19115.2,35084.9,19125.8,0.2984
36531.8,3759.2,36568.7,3784.6,0.2983
19139.4,20458.4,19179.5,20474.1,0.2982
22360.2,24560.9,22399.7,24593.4,0.2981
19415.0,10295.3,19480.8,10351.2,0.2981
19488.2,35947.9,19516.6,35959.3,0.2980
34671.9,30353.1,34684.0,30366.8,0.2979
23515.9,30431.3,23555.7,30464.1,0.2978
13603.9,7921.5,13645.8,7972.7,0.2977
988.2,20649.8,1040.5,20678.1,0.2977
28743.1,18640.7,28791.9,18663.1,0.2976
20991.8,18440.8,21024.1,18452.1,0.2976
15440.6,21923.8,15461.5,21934.0,0.2975
11909.7,12209.2,11998.1,12355.4,0.2975
16394.9,8299.6,16458.4,8330.8,0.2975
3620.3,31312.6,3630.8,31352.3,0.2974
37533.3,12179.1,37554.1,12189.4,0.2974
20038.7,32203.8,20056.5,32219.3,0.2973
28155.3,8210.3,28198.1,8246.4,0.2973
497.8,1874.9,549.8,1916.9,0.2973
13453.5,19314.1,13482.1,19329.2,0.2972
37296.9,28734.1,37310.5,28745.1,0.2972
12812.3,20282.6,12838.8,20297.6,0.2971
18375.4,29006.1,18387.7,29019.0,0.2971
25640.0,19230.9,25652.2,19242.4,0.2971
433.5,4141.6,492.7,4160.0,0.2970
23478.8,34120.3,23490.2,34129.2,0.2970
28197.8,16028.7,28213.9,16038.7,0.2970
3860.3,20557.0,3890.0,20581.4,0.2969
22839.9,21951.4,22865.1,21964.6,0.2969
20313.8,18963.4,20345.1,18975.2,0.2969
19150.2,35573.9,19196.3,35585.1,0.2969
13744.1,30971.8,13789.0,30983.9,0.2968
13945.7,20082.8,13959.7,20093.5,0.2967
21273.0,34976.0,21292.2,34992.7,0.2966
31497.4,17841.6,31508.7,17850.1,0.2966
11818.2,18911.7,11871.4,18927.3,0.2966
320.5,9111.5,342.0,9196.9,0.2965
12740.3,32418.0,12783.9,32428.0,0.2965
25153.6,22283.1,25202.2,22295.7,0.2965
21923.7,24899.0,21946.1,24911.2,0.2965
19708.3,36146.5,19750.8,36173.3,0.2964
22072.8,25643.7,22101.3,25662.2,0.2963
30400.2,8320.0,30446.8,8374.6,0.2963
12181.1,25280.0,12343.8,25304.5,0.2963
38280.3,31481.8,38307.1,31491.6,0.2962
38436.0,17199.6,38462.3,17217.6,0.2961
26610.1,18060.7,26620.2,18074.8,0.2961
30031.4,17649.0,30049.3,17670.5,0.2961
30629.2,27377.2,30744.4,27484.0,0.2961
15895.1,33511.4,15940.3,33537.9,0.2961
30994.7,5451.3,31009.7,5470.1,0.2961
13874.3,32651.9,13903.0,32663.2,0.2961
20582.3,20498.6,20607.4,20524.4,0.2960
22434.4,6370.9,22476.6,6404.8,0.2960
33108.8,8777.3,33186.9,8806.8,0.2959
33589.8,33437.5,33600.0,33466.0,0.2959
13923.3,33580.0,14002.4,33602.9,0.2958
11189.7,13051.1,11293.4,13119.8,0.2957
26456.8,23099.0,26482.8,23109.8,0.2956
28684.8,17806.0,28699.3,17819.2,0.2956
28395.6,16945.7,28410.5,16954.2,0.2954
35855.6,36680.3,35866.6,36691.0,0.2954
19321.7,26156.1,19364.4,26167.7,0.2954
36659.4,17817.3,36795.3,17852.6,0.2954
14592.6,25619.8,14618.9,25631.3,0.2953
6633.7,31268.4,6718.0,31359.2,0.2953
1280.5,232.9,1313.7,295.9,0.2952
31971.7,36522.4,32093.6,36621.3,0.2952
19758.2,28424.3,19772.5,28435.5,0.2951
37392.8,12940.2,37421.0,12953.2,0.2951
10390.0,9032.4,10440.2,9085.0,0.2951
6365.3,7943.3,6400.0,8000.0,0.2951
20309.8,26329.1,20324.8,26337.8,0.2950
21943.0,22719.5,21954.9,22728.9,0.2949
6375.9,29245.2,6471.5,29311.4,0.2949
15360.0,28160.0,15397.2,28207.9,0.2949
35387.1,18041.2,35417.2,18051.9,0.2949
22894.4,25643.0,22930.7,25653.5,0.2948
22675.5,16508.1,22704.6,16518.4,0.2947
17015.8,7849.6,17033.9,7864.2,0.2947
37731.4,2068.5,37749.4,2086.5,0.2946
19424.0,18030.2,19443.2,18047.0,0.2946
9415.7,14977.9,9465.8,15011.3,0.2946
29224.3,20256.7,29255.9,20269.8,0.2945
34468.1,19446.0,34494.8,19467.0,0.2945
24867.0,27219.1,24927.9,27262.3,0.2945
30651.3,29930.0,30668.1,29943.5,0.2944
18153.5,19391.9,18182.5,19407.8,0.2944
17175.1,24683.6,17225.4,24698.2,0.2943
16587.0,17535.5,16602.4,17550.9,0.2942
22572.1,27057.4,22618.3,27072.8,0.2942
74.3,32664.2,100.6,32716.9,0.2941
13199.0,18515.3,13214.1,18525.7,0.2941
27349.8,19182.3,27362.1,19193.9,0.2940
20433.8,18010.0,20473.9,18043.9,0.2940
14927.9,3180.4,14958.5,3200.0,0.2939
27683.8,29298.0,27742.5,29309.6,0.2939
14352.8,23425.4,14371.4,23433.3,0.2939
26066.5,26420.6,26116.2,26442.4,0.2938
22722.8,31730.7,22778.7,31742.6,0.2938
18433.8,33843.8,18455.6,33861.8,0.2937
24025.9,17919.1,24068.2,17932.4,0.2937
4094.4,28116.7,4103.7,28131.7,0.2937
5171.5,16161.8,5182.8,16188.1,0.2937
15665.9,31141.9,15693.4,31154.7,0.2937
20779.2,20389.7,20802.3,20404.3,0.2936
29939.3,18486.3,29993.3,18507.4,0.2936
25727.7,16075.1,25740.4,16085.7,0.2935
348.3,32378.8,361.1,32408.7,0.2934
15210.1,19758.2,15252.9,19770.1,0.2934
34390.0,17227.3,34400.8,17234.2,0.2934
14359.0,29788.9,14374.0,29800.3,0.2934
18269.9,34142.3,18302.3,34169.8,0.2934
38503.1,29692.5,38520.6,29702.6,0.2933
24371.3,27447.4,24384.5,27457.3,0.2933
13876.5,26473.0,13889.6,26481.0,0.2932
11561.4,6384.5,11615.2,6400.0,0.2932
1265.5,20963.8,1280.0,20986.5,0.2932
12582.6,18317.3,12595.5,18329.4,0.2932
26527.8,22968.2,26544.0,22979.1,0.2932
16087.4,32045.8,16122.0,32073.4,0.2931
5714.4,27726.5,5788.9,27804.3,0.2931
9138.5,35376.2,9166.2,35394.3,0.2930
37593.2,26880.0,37637.1,26898.1,0.2929
5627.3,8509.7,5677.7,8537.8,0.2929
29054.6,19520.0,29089.5,19551.8,0.2929
29114.3,17786.0,29134.3,17797.8,0.2928
12825.7,36103.8,12872.6,36115.1,0.2928
18035.7,36480.0,18061.0,36494.9,0.2928
29931.3,21014.6,29947.2,21025.2,0.2928
10298.4,2273.8,10318.3,2286.3,0.2927
20009.3,22855.2,20053.3,22866.9,0.2925
23483.4,10685.0,23533.7,10749.0,0.2925
18233.6,9038.2,18265.8,9060.3,0.2924
18474.5,29375.7,18520.2,29394.5,0.2924
31480.3,33817.1,31599.1,33902.7,0.2923
13515.0,612.4,13551.5,638.1,0.2923
15025.1,33073.3,15048.6,33086.9,0.2923
21681.9,6400.0,21725.5,6424.6,0.2922
26980.3,15355.2,26997.2,15371.9,0.2922
1656.7,30634.6,1690.0,30719.7,0.2922
19707.6,27800.9,19738.1,27829.2,0.2921
20393.4,6969.1,20455.7,7026.3,0.2920
13582.3,26634.4,13599.5,26642.7,0.2920
32784.6,9713.8,32799.4,9726.2,0.2919
23995.3,23937.2,24024.4,23951.4,0.2919
37579.4,1280.0,37629.7,1309.3,0.2919
654.2,11185.9,671.7,11200.0,0.2918
16517.2,35202.0,16574.3,35211.4,0.2918
32378.7,31065.4,32390.7,31077.8,0.2918
22389.1,31847.7,22401.2,31857.2,0.2918
23105.3,22881.7,23120.7,22893.0,0.2918
14788.0,23526.7,14802.1,23536.1,0.2917
25038.8,18250.1,25063.0,18263.9,0.2917
16755.0,35904.8,16789.0,35917.4,0.2917
21740.1,34240.0,21759.8,34295.2,0.2916
12340.5,26819.7,12373.4,26831.7,0.2916
16642.0,25035.3,16657.4,25048.7,0.2916
23318.9,25204.5,23354.3,25223.0,0.2916
13118.1,18330.6,13129.8,18339.2,0.2915
37658.6,32194.2,37672.7,32204.8,0.2915
19573.8,29020.5,19629.3,29037.2,0.2914
18499.1,22317.5,18539.6,22336.2,0.2914
34170.4,16554.2,34193.2,16569.3,0.2914
30195.4,18755.8,30239.9,18769.7,0.2913
24841.1,28097.6,24855.3,28110.2,0.2913
3389.5,31269.4,3399.9,31345.3,0.2913
21376.4,35213.2,21411.2,35231.1,0.2912
27050.2,19716.0,27085.7,19733.0,0.2912
22408.4,24247.7,22450.7,24261.5,0.2909
3508.8,30347.8,3518.9,30396.4,0.2909
4250.5,5241.9,4278.8,5275.8,0.2909
4142.4,26515.3,4160.0,26559.5,0.2908
29023.3,7668.8,29032.4,7679.0,0.2908
22237.5,3875.4,22278.7,3914.9,0.2908
17378.3,21275.8,17406.4,21297.0,0.2908
26589.3,19185.7,26639.9,19201.1,0.2907
14399.3,36140.0,14451.7,36156.0,0.2907
38507.3,16943.5,38536.5,16958.2,0.2907
31625.2,30998.3,31679.0,31108.8,0.2906
37955.5,1277.0,37989.3,1297.9,0.2906
21120.2,28734.7,21138.7,28800.0,0.2906
97.7,10952.7,124.9,10995.5,0.2906
29760.0,7416.8,29817.0,7496.0,0.2905
19119.9,34746.0,19148.4,34755.5,0.2904
36774.7,25560.5,36800.0,25624.5,0.2904
20777.0,25177.5,20806.3,25188.7,0.2904
7548.1,16616.0,7604.0,16644.1,0.2903
21051.3,29136.1,21081.7,29165.4,0.2902
32960.1,19157.5,32979.0,19199.6,0.2902
30228.3,18800.0,30255.9,18810.7,0.2902
21985.3,18895.8,22031.2,18917.3,0.2901
2663.9,13847.1,2681.0,13865.5,0.2899
35509.6,27783.2,35619.0,27840.0,0.2899
243.8,24464.9,254.2,24487.2,0.2899
30911.3,14408.9,30921.1,14420.1,0.2899
31096.5,23856.5,31106.7,23870.7,0.2898
27590.9,15999.7,27605.2,16009.9,0.2898
16212.4,9258.4,16228.8,9266.6,0.2898
31160.6,5169.6,31220.7,5223.4,0.2898
16385.9,28323.1,16431.4,28354.3,0.2897
31552.5,19422.8,31570.1,19438.8,0.2897
25084.3,21594.2,25095.5,21605.9,0.2895
38111.5,10437.2,38122.8,10447.4,0.2895
16933.8,18140.2,16955.0,18159.1,0.2894
37967.0,24858.3,37977.7,24866.3,0.2894
11329.7,8998.4,11370.7,9017.5,0.2893
30578.8,4283.5,30623.4,4325.0,0.2893
16260.6,34735.0,16280.0,34748.7,0.2893
36430.2,25174.0,36479.3,25247.7,0.2893
26488.3,28329.1,26556.7,28357.6,0.2891
17815.3,34722.5,17868.0,34734.5,0.2891
26476.8,20425.8,26488.6,20438.6,0.2890
28693.9,22307.0,28797.7,22319.2,0.2890
30683.8,15991.0,30742.8,16015.7,0.2890
23878.3,25176.4,23935.2,25208.9,0.2890
21179.9,29291.1,21205.7,29321.7,0.2889
6982.4,1199.0,7009.6,1237.2,0.2888
18564.6,32529.4,18625.5,32560.5,0.2888
23913.9,25290.2,23927.9,25300.9,0.2888
19130.5,24091.7,19174.5,24102.2,0.2887
19808.8,35151.3,19839.3,35161.7,0.2887
2689.6,12424.9,2711.1,12448.8,0.2886
35159.8,30837.4,35274.0,30944.8,0.2886
18724.4,27164.5,18746.4,27175.9,0.2886
25581.4,10527.4,25599.4,10554.7,0.2886
22682.2,24730.1,22704.9,24743.8,0.2886
21330.3,21545.4,21388.3,21560.5,0.2885
32194.2,17344.0,32213.4,17358.4,0.2884
28249.9,18249.4,28278.6,18264.1,0.2884
28108.5,14356.8,28120.6,14367.9,0.2883
35522.1,26711.9,35535.2,26741.8,0.2883
37300.4,28513.4,37313.8,28522.4,0.2883
13426.0,8578.9,13440.0,8624.8,0.2883
4383.0,8730.6,4420.9,8772.6,0.2883
28781.7,32028.9,28800.0,32080.0,0.2883
14090.7,34649.3,14152.2,34660.8,0.2882
29345.8,33369.9,29359.0,33382.6,0.2882
27446.8,15971.3,27475.2,15982.2,0.2882
16886.2,256.8,16923.4,284.5,0.2881
25280.2,26156.3,25323.6,26170.1,0.2881
13706.4,2567.3,13756.6,2628.3,0.2881
18279.6,34480.0,18294.1,34493.7,0.2881
24808.3,6740.1,24883.3,6776.0,0.2881
24180.7,33878.8,24294.4,33985.7,0.2881
25561.5,6902.3,25591.0,6940.4,0.2881
29388.1,20178.1,29435.2,20191.4,0.2881
38351.4,21393.2,38399.6,21440.0,0.2880
15834.2,33613.3,15845.9,33627.3,0.2879
3354.1,11826.4,3412.6,11840.0,0.2879
31965.8,24625.0,31990.6,24638.7,0.2878
27280.5,22607.1,27337.8,22626.2,0.2878
33187.9,29094.6,33243.8,29120.0,0.2877
32816.3,32644.1,32925.1,32756.5,0.2877
22219.4,11212.7,22270.1,11264.5,0.2877
18678.7,23410.0,18697.8,23422.4,0.2876
16580.8,35727.1,16625.6,35741.3,0.2876
15145.6,31881.9,15177.6,31892.7,0.2876
483.4,21440.0,537.4,21473.0,0.2876
17282.5,16106.6,17307.3,16117.1,0.2875
22164.4,32100.2,22189.8,32113.1,0.2875
32250.8,16820.8,32270.2,16832.7,0.2875
21429.5,20727.6,21445.1,20736.8,0.2874
31951.6,18816.7,31992.3,18829.4,0.2874
28492.2,17497.6,28545.3,17513.8,0.2873
22289.6,32552.6,22357.5,32597.4,0.2873
13060.7,28725.5,13081.5,28736.8,0.2873
15307.6,32945.2,15349.5,32957.9,0.2873
29828.6,20077.4,29850.9,20099.4,0.2873
19465.2,21980.7,19519.1,22005.6,0.2872
1371.7,5440.6,1432.6,5491.1,0.2872
14286.8,33889.8,14325.4,33902.9,0.2872
36960.0,31607.5,36976.2,31617.1,0.2871
25854.7,23193.6,25907.7,23222.1,0.2871
35137.9,27271.2,35179.5,27313.0,0.2871
24486.3,24469.7,24496.7,24479.4,0.2871
35348.7,16494.8,35359.2,16507.2,0.2870
18986.7,27547.0,19022.8,27560.7,0.2870
26044.8,22429.3,26064.6,22439.3,0.2869
18048.9,20889.7,18098.0,20915.5,0.2868
19130.0,24090.9,19145.7,24102.1,0.2868
27936.8,35200.0,28045.9,35304.0,0.2868
32000.1,12753.9,32017.8,12800.0,0.2868
25379.7,26834.2,25425.4,26858.6,0.2867
28560.3,36064.0,28574.7,36073.0,0.2867
7843.8,8988.6,7890.8,9012.5,0.2867
30682.5,29776.1,30714.6,29791.7,0.2866
36200.9,2346.7,36324.9,2411.8,0.2866
19271.3,18705.5,19284.4,18716.7,0.2866
37440.0,3200.0,37493.4,3257.2,0.2865
14573.1,28296.6,14585.3,28306.4,0.2865
17850.4,33619.8,17885.9,33631.6,0.2863
17163.0,4923.8,17185.4,4969.1,0.2862
36968.4,21120.0,37008.8,21140.1,0.2862
24114.9,30266.6,24127.3,30277.0,0.2859
29188.6,23556.1,29245.0,23567.9,0.2858
25090.5,23088.1,25138.1,23100.3,0.2858
20779.6,6907.4,20822.7,6937.9,0.2856
11338.0,13374.8,11413.9,13439.7,0.2855
49.6,21083.4,88.0,21121.5,0.2854
14713.1,31082.2,14758.2,31094.5,0.2854
20172.0,28597.9,20193.2,28613.6,0.2854
3218.0,12265.8,3251.8,12302.5,0.2854
23501.3,30914.7,23525.6,30942.8,0.2854
37905.4,23329.7,37983.6,23360.0,0.2853
24312.8,21315.3,24336.5,21325.6,0.2853
23659.4,17941.3,23685.1,17951.3,0.2853
22400.5,6370.0,22441.1,6400.0,0.2852
17523.3,35276.1,17596.5,35295.9,0.2852
25963.5,20056.9,25992.0,20068.0,0.2852
4415.0,27900.1,4441.0,27934.9,0.2852
28612.9,21027.0,28628.3,21035.5,0.2852
23190.9,22849.8,23206.6,22860.0,0.2851
40.6,3352.9,61.7,3384.1,0.2851
82.6,25482.8,96.5,25497.8,0.2851
16142.5,36503.5,16194.3,36523.7,0.2851
22178.3,33262.7,22247.4,33280.0,0.2851
12196.1,9233.9,12236.0,9250.3,0.2850
6935.6,32225.3,7038.2,32319.0,0.2850
27791.2,7707.8,27810.9,7735.7,0.2850
26852.7,20605.0,26894.8,20624.2,0.2850
32791.6,20658.0,32819.7,20668.1,0.2849
4116.5,29409.9,4126.7,29425.1,0.2848
14892.1,35091.9,14940.2,35121.5,0.2848
32767.0,29896.8,32780.7,29922.3,0.2848
36011.0,3829.6,36043.8,3857.2,0.2847
28776.4,28442.7,28799.3,28479.6,0.2847
16112.3,35222.2,16173.3,35255.6,0.2846
12431.6,9289.4,12476.9,9313.9,0.2846
13288.8,35417.1,13322.5,35429.4,0.2846
33909.6,23876.2,34019.8,23984.1,0.2845
25172.8,19809.6,25273.3,19835.5,0.2845
9281.8,5407.1,9295.5,5440.0,0.2844
3034.4,31608.2,3059.1,31679.6,0.2844
30038.3,32960.8,30118.5,33007.5,0.2844
32841.0,14494.0,32864.8,14509.0,0.2843
22666.9,18255.0,22695.5,18272.7,0.2843
23556.9,4602.0,23623.4,4642.1,0.2843
11314.9,26090.7,11365.0,26110.0,0.2843
17901.8,26347.7,17918.4,26358.4,0.2843
26701.8,22607.1,26712.9,22622.4,0.2843
2459.9,20165.4,2494.6,20191.3,0.2840
28952.2,26455.1,28998.8,26475.6,0.2839
24598.2,17141.3,24617.2,17150.8,0.2839
34281.4,28800.7,34375.9,28836.5,0.2839
29153.0,16228.1,29185.8,16243.7,0.2838
37781.5,3416.9,37823.9,3442.7,0.2838
21632.9,15365.0,21644.3,15376.6,0.2837
15331.8,36559.0,15354.1,36571.6,0.2836
17530.8,13467.4,17548.4,13478.5,0.2836
13179.3,33556.2,13196.3,33567.5,0.2836
28374.4,17663.6,28398.9,17678.9,0.2836
21230.8,30389.4,21242.4,30406.5,0.2836
12706.0,2303.9,12737.4,2337.0,0.2836
4432.6,12391.5,4474.0,12417.1,0.2836
31392.2,18588.1,31415.9,18606.6,0.2834
18269.7,34141.7,18281.5,34159.0,0.2834
23355.6,29295.4,23395.3,29322.1,0.2834
21085.7,28994.7,21111.6,29020.8,0.2834
13778.1,1753.3,13801.7,1788.1,0.2833
27073.9,14892.8,27086.7,14904.0,0.2833
20176.7,26670.1,20229.9,26688.1,0.2833
18338.0,27109.6,18370.1,27133.2,0.2832
3840.8,32463.9,3852.8,32488.5,0.2831
4072.1,25546.8,4092.3,25593.1,0.2831
650.4,22386.1,660.1,22407.9,0.2830
3965.1,22495.9,4008.6,22561.0,0.2830
18936.3,16225.1,18952.4,16252.9,0.2829
27620.5,27093.5,27654.6,27119.3,0.2829
13489.4,26715.6,13506.6,26726.4,0.2829
18769.9,29539.3,18851.3,29576.4,0.2828
19620.9,32493.0,19632.1,32504.2,0.2828
21895.0,29375.4,21906.5,29388.8,0.2828
33848.0,28300.2,33859.8,28310.4,0.2828
33194.0,31481.0,33309.6,31573.6,0.2827
29421.3,17220.9,29458.3,17248.3,0.2826
2102.0,23221.1,2114.6,23240.7,0.2826
28567.9,19970.2,28610.1,19984.1,0.2824
1839.7,25280.0,1904.1,25336.5,0.2823
18859.2,21473.8,18890.5,21505.1,0.2823
22002.0,33022.7,22013.8,33033.6,0.2823
19029.5,20023.7,19054.0,20037.4,0.2821
298.2,4781.0,308.1,4801.5,0.2821
37463.0,2202.6,37528.1,2255.0,0.2820
24633.1,21337.1,24669.1,21363.8,0.2820
32406.1,22285.2,32431.3,22297.5,0.2819
23702.5,23279.9,23736.4,23293.6,0.2819
27410.1,23304.0,27451.9,23318.0,0.2819
16455.4,4938.4,16535.4,4977.6,0.2819
20445.0,17963.1,20458.0,17974.2,0.2818
30038.1,32914.0,30079.7,32960.0,0.2818
15855.2,25145.4,15879.2,25159.3,0.2817
0.0,30034.3,7.6,30066.0,0.2817
26654.4,22010.4,26675.2,22022.3,0.2817
25920.1,17973.3,25937.5,18037.7,0.2816
15316.0,28016.3,15360.0,28029.6,0.2816
14950.1,36304.2,15004.5,36318.2,0.2816
25715.5,21038.7,25743.6,21050.5,0.2816
35155.8,24640.0,35199.2,24702.4,0.2814
19069.0,7229.1,19127.0,7280.0,0.2814
15842.2,34465.4,15862.0,34475.6,0.2814
3876.7,20202.8,3916.4,20225.3,0.2814
24000.0,15014.8,24016.6,15039.8,0.2814
37038.1,28425.3,37050.0,28436.6,0.2813
20093.7,640.0,20118.0,687.2,0.2812
29353.2,21676.9,29403.5,21690.3,0.2811
21626.6,18223.4,21639.5,18234.2,0.2811
37688.4,32992.8,37714.1,33005.2,0.2810
19118.5,19596.5,19129.4,19612.1,0.2810
24554.8,23939.6,24581.4,23950.0,0.2810
840.8,12442.0,869.0,12480.0,0.2810
16529.5,32601.1,16542.4,32610.4,0.2810
14240.6,19121.4,14257.5,19145.3,0.2809
13592.5,35165.8,13612.8,35180.1,0.2808
5452.0,4800.0,5507.9,4863.2,0.2808
15016.4,20377.0,15031.1,20388.8,0.2807
6843.5,1955.6,6851.7,1976.3,0.2807
31.8,20809.4,81.9,20836.2,0.2807
27504.3,26377.5,27557.1,26407.7,0.2806
2868.1,8770.1,2881.4,8798.4,0.2806
28233.9,28090.6,28264.0,28102.5,0.2806
37884.2,29047.5,37894.2,29056.8,0.2806
31283.3,30049.4,31297.4,30060.1,0.2806
32103.2,21044.6,32115.0,21065.2,0.2806
20840.4,33723.8,20880.0,33745.2,0.2803
19024.3,18168.5,19064.7,18178.9,0.2802
32535.9,16440.5,32548.2,16449.4,0.2802
31909.3,24523.9,31946.7,24534.9,0.2802
29307.3,16874.9,29321.1,16884.4,0.2801
25794.2,18234.5,25810.5,18241.1,0.2801
26208.6,19457.7,26221.6,19470.5,0.2801
29065.4,22993.3,29134.2,23040.0,0.2800
3898.6,32284.0,3908.0,32305.6,0.2800
16140.9,34036.0,16156.4,34047.3,0.2799
35313.2,6542.0,35340.0,6576.3,0.2799
32000.0,34185.1,32055.5,34240.0,0.2799
37456.4,18612.0,37492.2,18622.7,0.2799
15895.3,33511.7,15940.2,33524.8,0.2798
19108.7,34984.4,19165.8,35012.9,0.2798
37954.6,15392.8,37972.5,15402.4,0.2798
27724.4,20015.1,27774.5,20032.0,0.2798
22865.4,17634.7,22880.3,17647.2,0.2797
20548.3,28256.7,20592.4,28271.2,0.2797
13951.2,9418.7,13988.1,9442.7,0.2797
26276.3,25988.5,26301.9,26002.7,0.2796
34561.0,6080.5,34618.6,6120.9,0.2795
16829.1,24955.4,16842.2,24965.1,0.2795
19016.7,3886.2,19032.0,3908.3,0.2795
15822.2,31139.8,15871.9,31162.5,0.2795
32442.5,8863.4,32468.0,8874.2,0.2795
9168.8,8941.7,9243.5,8960.0,0.2794
24320.1,20756.6,24336.5,20799.7,0.2794
14873.8,27967.0,14931.2,27993.9,0.2794
21345.7,28667.3,21366.3,28677.8,0.2793
29226.7,14662.3,29239.7,14673.6,0.2793
3423.1,31409.6,3433.1,31459.9,0.2792
26352.9,19994.9,26389.3,20007.5,0.2791
13502.8,35937.8,13541.6,35949.8,0.2790
34287.3,16801.3,34309.5,16810.8,0.2789
28555.9,22375.6,28580.4,22386.9,0.2789
26881.2,10880.8,26961.8,10918.1,0.2789
26909.6,36454.0,26969.5,36480.0,0.2789
16900.5,169.2,16927.0,197.4,0.2788
8451.5,35322.5,8583.6,35349.3,0.2788
12750.0,5753.9,12774.6,5770.8,0.2788
16941.6,35363.8,16957.4,35375.1,0.2788
23670.5,26762.3,23697.7,26792.7,0.2787
30671.7,36224.0,30719.4,36296.6,0.2787
3210.2,3073.2,3252.8,3142.2,0.2787
34003.5,18267.1,34037.4,18278.4,0.2787
29919.9,17421.2,29967.6,17431.7,0.2787
21992.2,3840.1,22037.2,3871.9,0.2787
23785.2,34331.7,23811.3,34344.3,0.2787
15674.1,34323.9,15698.4,34341.4,0.2787
23361.1,7596.5,23378.8,7675.3,0.2786
14710.1,9482.6,14745.4,9508.8,0.2786
27445.8,18576.1,27475.9,18589.7,0.2786
37933.0,27890.4,37954.2,27902.6,0.2785
31366.8,20672.4,31394.7,20685.6,0.2785
280.0,10645.7,304.4,10683.9,0.2784
18974.8,17364.7,18989.6,17375.8,0.2784
30570.0,20283.9,30608.0,20292.8,0.2783
22289.9,27265.7,22302.5,27276.5,0.2783
19282.4,21499.3,19295.9,21509.5,0.2783
16471.0,18636.8,16487.7,18649.2,0.2783
338.7,14063.7,393.6,14080.0,0.2782
25094.9,22996.2,25109.7,23009.0,0.2782
33980.4,36443.4,34056.0,36480.0,0.2782
3396.5,31555.3,3407.5,31629.4,0.2781
3463.2,31915.0,3473.3,31957.2,0.2781
23194.7,29156.4,23230.4,29169.1,0.2781
29236.3,20513.6,29288.9,20527.4,0.2781
35618.0,16203.1,35630.4,16215.4,0.2781
12920.1,34280.0,13011.6,34316.7,0.2781
23890.4,24374.8,23905.2,24388.6,0.2780
8540.4,372.4,8575.5,396.7,0.2780
35018.7,27512.4,35134.9,27619.2,0.2779
32272.9,8769.9,32318.0,8791.5,0.2779
24414.6,27824.5,24452.3,27838.1,0.2778
15759.2,24687.0,15771.3,24697.7,0.2778
37607.9,17080.1,37626.5,17091.4,0.2778
15971.4,17351.7,15990.7,17367.5,0.2778
24894.0,18288.9,24919.4,18302.5,0.2777
14443.5,36363.1,14498.0,36392.0,0.2777
30995.0,24653.0,31016.2,24665.6,0.2777
19453.7,18252.1,19498.2,18278.0,0.2777
21639.2,32685.8,21651.5,32697.7,0.2776
19391.7,32162.5,19410.9,32171.3,0.2776
31928.1,23719.7,31948.5,23729.9,0.2776
29686.7,27380.5,29701.0,27393.1,0.2776
19364.8,33900.2,19407.3,33912.4,0.2775
16351.5,17943.5,16364.2,17952.6,0.2774
19760.1,18177.7,19775.6,18185.4,0.2773
19151.5,34176.0,19189.7,34189.8,0.2773
37440.7,1091.0,37481.8,1132.8,0.2773
34073.3,16450.2,34084.3,16462.7,0.2773
15759.2,35522.0,15768.8,35539.2,0.2773
38561.9,13610.0,38573.1,13619.5,0.2772
26391.7,18120.1,26419.5,18141.4,0.2772
15511.4,31615.7,15575.0,31631.6,0.2772
31671.4,31513.7,31680.0,31542.9,0.2772
3812.4,6439.1,3826.8,6470.1,0.2771
3454.7,31585.2,3465.0,31644.6,0.2771
35601.6,14810.3,35611.9,14821.4,0.2770
34735.4,14013.7,34770.8,14034.3,0.2770
23109.5,27615.6,23159.8,27626.0,0.2770
36184.8,25544.9,36306.6,25600.0,0.2770
960.7,22022.2,1004.1,22080.0,0.2770
14649.0,4508.2,14713.5,4558.4,0.2769
9679.9,2865.0,9702.2,2880.0,0.2768
21860.6,24605.2,21874.7,24616.0,0.2767
23218.5,4547.6,23259.5,4583.5,0.2765
23339.0,24263.4,23359.9,24278.2,0.2765
27009.9,26990.7,27024.0,27000.8,0.2765
16837.1,35907.2,16861.7,35921.2,0.2765
35569.7,778.3,35615.7,823.0,0.2765
25518.6,18808.9,25542.0,18818.2,0.2764
11495.0,13016.2,11563.8,13079.9,0.2764
7717.0,31688.6,7792.1,31740.2,0.2764
25385.7,15537.4,25415.6,15550.3,0.2762
26991.3,28147.8,27007.8,28159.5,0.2762
4876.1,20983.0,4946.6,21004.7,0.2762
13484.0,34731.5,13526.0,34755.7,0.2761
16257.8,9235.5,16276.9,9245.6,0.2761
15216.6,32609.5,15231.3,32620.4,0.2761
29666.0,31020.3,29712.1,31040.0,0.2760
13556.3,34548.8,13588.3,34569.5,0.2760
16896.7,6845.4,16959.1,6871.6,0.2759
27283.2,18610.7,27296.2,18621.7,0.2759
2426.7,9962.2,2443.1,9999.8,0.2759
34520.3,28585.6,34560.0,28664.8,0.2759
20851.6,24951.6,20893.1,24961.3,0.2758
74.7,29965.9,84.0,29998.8,0.2758
17867.9,4393.4,17918.7,4458.0,0.2758
12935.1,23234.2,12954.2,23242.6,0.2758
38353.4,21397.9,38399.3,21477.5,0.2756
24385.6,17661.1,24397.8,17673.9,0.2756
22286.0,21357.0,22309.3,21386.0,0.2756
22364.9,13822.8,22385.2,13839.4,0.2755
19444.2,36748.7,19516.9,36849.8,0.2755
13067.3,36699.8,13096.5,36714.4,0.2755
17414.8,34409.2,17436.9,34420.1,0.2755
34442.0,20609.8,34466.2,20620.0,0.2755
2864.7,13289.7,2879.6,13318.0,0.2754
18362.0,512.5,18415.0,554.4,0.2753
33228.1,18659.5,33277.2,18674.3,0.2753
13629.9,25697.8,13641.0,25706.1,0.2753
28150.3,20662.5,28160.9,20676.8,0.2753
35178.9,22687.7,35249.7,22720.0,0.2752
37629.6,29685.7,37649.1,29696.6,0.2752
25458.4,35840.0,25504.7,35860.5,0.2752
13756.9,32690.0,13782.3,32698.9,0.2752
15387.5,22986.6,15497.5,23006.4,0.2752
29152.0,30720.4,29232.4,30766.3,0.2751
18631.6,26102.5,18644.6,26118.7,0.2751
22819.9,3696.1,22853.7,3730.9,0.2751
19968.7,35491.3,19992.9,35501.8,0.2750
14003.9,31156.2,14054.4,31169.9,0.2750
14066.5,33379.1,14133.9,33414.1,0.2750
4020.7,26458.4,4038.5,26492.5,0.2750
29958.0,21971.4,30006.4,21986.6,0.2750
17860.7,18030.3,17885.7,18042.5,0.2749
32805.4,16131.4,32824.3,16141.9,0.2749
14886.0,15821.8,14896.7,15832.3,0.2749
24160.6,18416.9,24182.6,18428.5,0.2749
17826.9,18538.0,17845.8,18547.1,0.2748
21179.4,28255.9,21197.0,28266.6,0.2748
25723.4,7841.2,25767.0,7883.5,0.2747
18961.9,17898.6,18974.2,17909.6,0.2746
24836.0,29957.9,24849.9,29970.7,0.2745
22062.9,26880.3,22080.4,26892.1,0.2745
34.6,28119.6,51.7,28154.7,0.2745
31328.4,21701.2,31359.7,21728.6,0.2744
13614.2,32524.3,13632.6,32536.7,0.2743
28160.3,30025.6,28179.4,30079.6,0.2743
21162.1,27838.4,21208.2,27860.9,0.2743
5822.9,12084.8,5849.1,12126.9,0.2743
35297.2,14926.4,35319.7,14936.1,0.2742
13916.8,16625.2,13927.7,16634.5,0.2742
33798.0,19738.0,33816.1,19748.4,0.2742
17191.0,26334.4,17215.5,26346.0,0.2742
25920.0,36041.6,25959.6,36111.7,0.2742
20980.2,15199.5,20989.9,15210.3,0.2741
16825.7,33236.8,16866.8,33271.1,0.2740
18465.9,31560.0,18539.1,31588.0,0.2740
13372.7,27668.2,13399.2,27679.7,0.2740
32320.0,17549.5,32335.5,17599.9,0.2740
24777.4,22817.5,24788.3,22828.0,0.2739
21179.3,26144.7,21190.1,26158.3,0.2738
27508.1,1532.9,27547.9,1586.0,0.2736
23576.6,30353.3,23601.5,30365.9,0.2735
14939.1,36779.7,14993.5,36814.7,0.2735
16859.6,25330.0,16898.4,25347.0,0.2735
24238.7,16540.4,24252.4,16561.4,0.2735
20210.9,4607.9,20266.7,4655.0,0.2735
1607.8,28529.5,1663.4,28603.4,0.2734
23069.7,29941.0,23118.0,29970.3,0.2734
29238.9,18407.8,29307.7,18440.6,0.2734
6421.2,7532.2,6444.4,7564.2,0.2734
36442.0,18659.1,36466.0,18670.8,0.2734
31778.9,9000.6,31819.3,9025.8,0.2734
22137.0,3200.0,22203.5,3228.6,0.2734
21120.0,34747.4,21144.7,34779.8,0.2734
20771.4,34645.6,20788.1,34658.5,0.2734
18522.4,34565.4,18547.8,34582.8,0.2733
27622.6,33544.3,27725.3,33600.0,0.2733
28122.3,17512.3,28152.5,17536.7,0.2732
9598.5,5370.4,9663.4,5439.5,0.2732
9870.0,3988.4,9901.4,4013.9,0.2732
23536.8,27515.6,23584.4,27545.1,0.2731
14071.0,32747.8,14094.8,32759.1,0.2731
28910.3,9436.4,28928.5,9453.7,0.2731
777.7,27200.0,791.1,27255.3,0.2731
12676.2,5487.1,12712.2,5520.2,0.2731
21576.7,4800.0,21631.5,4808.9,0.2731
30917.4,24511.8,30956.3,24523.4,0.2731
7050.6,599.7,7060.0,636.7,0.2730
36268.5,34441.8,36289.5,34450.4,0.2730
29216.1,16977.8,29228.9,16986.7,0.2729
23719.1,25214.2,23746.2,25226.5,0.2729
27842.0,22988.3,27858.3,23039.7,0.2729
22639.6,18865.6,22679.0,18884.7,0.2728
15265.0,28046.2,15278.0,28061.1,0.2728
19525.5,32927.5,19598.1,32989.9,0.2726
26718.4,21316.4,26732.1,21328.9,0.2726
10791.9,12721.8,10879.6,12800.0,0.2725
9847.7,9017.8,9909.4,9047.7,0.2724
25106.0,19591.8,25144.7,19621.1,0.2724
19459.8,26782.9,19487.9,26792.2,0.2724
17793.8,33901.1,17828.3,33927.9,0.2724
25722.7,17418.4,25744.2,17428.8,0.2724
13413.4,8069.7,13422.7,8089.1,0.2723
17997.9,7335.1,18073.2,7360.0,0.2722
12885.1,33523.8,12923.4,33539.9,0.2722
31074.4,19913.6,31094.6,19926.4,0.2722
20271.2,18283.9,20291.1,18308.2,0.2721
20285.6,18205.6,20297.0,18216.1,0.2721
31128.0,18761.5,31145.2,18775.4,0.2721
31688.6,24194.7,31771.8,24303.3,0.2721
19446.1,3802.6,19520.0,3838.7,0.2721
37622.6,15872.1,37632.3,15881.3,0.2720
31153.3,23913.3,31193.2,23948.3,0.2720
29440.1,9920.5,29490.0,9959.3,0.2720
36160.7,24994.0,36224.6,25061.6,0.2719
24157.7,26609.3,24247.2,26630.5,0.2719
35520.2,18951.5,35552.6,18969.2,0.2719
19161.2,25614.6,19197.6,25629.3,0.2719
33651.4,26361.2,33766.1,26459.7,0.2719
24886.0,23090.2,24898.9,23099.9,0.2718
36161.8,22782.4,36176.9,22818.1,0.2718
21044.2,19023.8,21094.7,19052.1,0.2716
6232.0,10036.0,6248.9,10073.5,0.2716
14909.3,30924.4,14941.3,30937.5,0.2715
15363.2,30388.4,15396.8,30404.1,0.2714
22550.2,19402.5,22564.0,19412.5,0.2713
29140.4,7538.2,29197.7,7611.5,0.2713
31952.0,18167.7,31988.1,18176.8,0.2713
167.3,33186.5,246.5,33279.7,0.2713
34369.7,36555.5,34402.4,36583.1,0.2713
24278.2,33117.4,24290.2,33129.3,0.2712
16564.4,9371.4,16611.1,9403.9,0.2712
24697.8,19490.0,24736.7,19502.7,0.2712
19050.9,28538.9,19088.8,28552.6,0.2712
28089.5,19049.6,28102.4,19061.0,0.2712
19345.6,18795.5,19359.9,18805.4,0.2711
27208.5,30343.1,27319.2,30448.8,0.2711
3644.8,30737.7,3655.6,30772.8,0.2711
20530.3,20305.3,20572.1,20323.5,0.2711
22227.9,32056.7,22252.8,32067.4,0.2711
9920.6,10240.0,9979.7,10328.2,0.2711
33603.3,19448.7,33618.7,19458.4,0.2710
34425.0,32837.7,34549.8,32946.0,0.2710
21173.9,18267.8,21187.4,18279.5,0.2710
16464.5,34128.0,16529.1,34141.5,0.2709
23333.7,22530.9,23384.9,22559.1,0.2709
3549.8,32051.6,3561.3,32100.1,0.2709
38266.9,17148.2,38313.4,17162.7,0.2708
28043.4,29299.1,28072.7,29310.9,0.2708
13242.6,1014.1,13279.4,1040.4,0.2708
20800.8,34950.4,20886.0,35055.2,0.2708
14230.0,3281.5,14252.2,3302.0,0.2708
3271.3,20894.8,3311.5,20914.9,0.2707
33065.3,22062.6,33076.5,22073.3,0.2707
28731.2,7562.4,28769.2,7593.1,0.2707
37159.2,31379.2,37178.4,31398.1,0.2707
291.0,21577.2,328.8,21590.9,0.2707
23411.0,32902.0,23513.5,33020.4,0.2706
35202.4,24594.6,35273.5,24639.3,0.2706
16996.6,5352.0,17062.1,5381.7,0.2706
18959.6,1106.3,18988.1,1127.6,0.2706
29836.9,22818.6,29864.2,22828.9,0.2705
21577.6,18505.4,21601.0,18515.7,0.2704
26234.0,15168.2,26244.7,15181.4,0.2703
10201.7,400.3,10240.0,453.2,0.2703
17625.4,2303.6,17694.4,2324.6,0.2702
8376.4,21086.3,8438.3,21155.9,0.2702
34850.7,26985.1,34966.5,27069.2,0.2701
1665.3,21292.0,1743.8,21342.7,0.2700
23646.6,36039.7,23680.0,36108.9,0.2700
7816.0,21229.3,7891.1,21306.4,0.2700
960.1,31040.0,1004.2,31075.1,0.2700
26169.2,28884.2,26187.4,28898.1,0.2700
22019.6,28173.6,22055.1,28199.7,0.2699
29234.7,18986.8,29298.9,19005.8,0.2699
28489.9,6626.6,28547.3,6655.0,0.2698
17098.6,319.4,17120.9,355.0,0.2698
21346.1,29391.8,21363.9,29402.1,0.2698
32269.6,8892.1,32295.2,8906.0,0.2697
20594.1,26153.0,20657.5,26176.0,0.2697
23873.3,26097.7,23884.6,26109.9,0.2695
14242.6,35683.0,14276.1,35692.7,0.2695
31258.3,34240.0,31330.6,34277.6,0.2695
18423.9,15031.0,18437.8,15042.6,0.2695
27671.4,19992.4,27683.8,20001.4,0.2694
20541.2,18704.1,20567.4,18718.1,0.2693
24547.6,27455.6,24561.2,27467.3,0.2693
13425.3,28562.4,13475.0,28576.0,0.2692
14400.3,26560.2,14439.5,26593.1,0.2692
2880.2,24522.3,2929.4,24550.0,0.2692
33478.8,35842.5,33591.0,35941.3,0.2692
3420.2,31291.6,3431.9,31352.4,0.2692
36594.7,22300.5,36607.6,22311.3,0.2691
35017.3,6814.3,35062.6,6839.3,0.2691
21942.8,3377.3,22006.4,3413.5,0.2690
19457.8,24942.5,19517.9,24966.6,0.2690
32960.0,32882.2,32984.8,32925.8,0.2689
26738.0,16994.1,26752.6,17005.7,0.2689
32960.3,32529.6,33023.0,32634.0,0.2689
29952.6,19778.3,29964.2,19787.7,0.2689
3435.4,31964.2,3444.0,31998.3,0.2689
3452.1,31397.1,3461.7,31451.1,0.2689
18870.1,34629.8,18896.5,34646.7,0.2688
28053.1,27124.8,28068.3,27136.8,0.2688
16894.4,6792.8,16958.0,6851.9,0.2688
32139.4,8916.4,32167.0,8931.4,0.2688
8831.6,24869.3,8936.8,24905.6,0.2688
31836.9,30913.5,31847.4,30926.7,0.2688
32764.1,36126.7,32785.0,36137.6,0.2687
12688.4,24098.6,12702.6,24115.8,0.2687
16206.5,25324.2,16256.7,25354.6,0.2687
37276.5,960.0,37331.2,1003.0,0.2686
15935.7,31195.1,15965.0,31207.1,0.2686
28209.2,26090.2,28239.1,26101.5,0.2686
20455.9,31002.7,20477.8,31036.8,0.2686
23910.2,23424.1,23927.5,23438.5,0.2686
16425.1,9242.2,16443.3,9250.3,0.2685
10938.8,12822.8,10981.7,12893.4,0.2685
24090.1,31511.6,24136.3,31527.8,0.2684
38288.0,30815.7,38317.7,30826.9,0.2684
14503.7,28851.8,14528.1,28866.1,0.2683
23612.2,17762.6,23633.2,17774.7,0.2683
15878.8,35403.6,15919.8,35433.6,0.2683
28089.6,27631.7,28136.4,27651.8,0.2683
5967.2,12199.8,5990.4,12232.0,0.2683
15162.9,4462.6,15180.3,4490.3,0.2683
32981.2,18065.6,33007.5,18077.8,0.2682
19651.2,19239.2,19691.1,19254.4,0.2682
5987.0,12040.4,5996.2,12061.3,0.2682
15785.1,5970.4,15837.3,6004.4,0.2682
14167.6,35978.3,14205.8,35996.5,0.2681
25306.5,31705.9,25346.1,31723.1,0.2680
22514.5,29231.7,22547.5,29246.2,0.2680
22898.2,27013.5,22944.6,27035.3,0.2680
30606.1,22747.8,30635.9,22757.9,0.2679
27483.8,13879.9,27518.6,13895.8,0.2679
13875.2,27971.5,13920.1,27984.4,0.2678
13114.5,30594.9,13136.7,30606.4,0.2678
139.8,24682.2,158.4,24695.3,0.2677
27937.7,9281.5,27980.7,9308.4,0.2677
35520.0,35788.7,35536.3,35840.0,0.2677
20968.1,23015.1,21026.9,23034.5,0.2676
29913.2,15755.2,29933.6,15765.9,0.2676
34274.9,28743.8,34398.9,28832.3,0.2676
17843.1,6722.9,17918.0,6808.3,0.2676
21635.8,21894.0,21689.8,21910.5,0.2675
20109.6,326.7,20160.0,359.8,0.2675
9280.0,11768.6,9372.4,11839.7,0.2675
35544.8,27979.4,35656.6,28093.4,0.2675
4481.1,5495.4,4503.9,5559.6,0.2675
26161.8,27452.5,26207.6,27474.4,0.2674
24552.9,13314.9,24564.8,13323.8,0.2674
3469.0,30054.2,3481.5,30079.4,0.2673
30067.1,18946.6,30098.6,18957.3,0.2673
24558.6,21404.7,24590.5,21416.3,0.2671
32558.6,11943.2,32568.7,11952.3,0.2671
19672.4,35721.3,19725.8,35737.0,0.2671
13878.5,34443.1,13892.4,34454.5,0.2670
24277.6,17736.5,24288.3,17745.0,0.2670
26244.1,22290.3,26274.2,22303.1,0.2670
27589.1,20488.1,27607.5,20508.0,0.2669
19081.7,34670.6,19095.8,34686.0,0.2667
21009.0,25791.1,21026.1,25799.7,0.2666
9920.0,13083.7,9940.0,13120.0,0.2666
31150.0,9041.2,31187.0,9065.4,0.2665
29085.2,30765.2,29095.8,30776.6,0.2665
12632.0,23645.3,12647.9,23656.3,0.2665
9260.6,5763.7,9280.0,5799.3,0.2664
20003.5,35098.6,20014.7,35111.1,0.2664
28826.6,17523.7,28850.8,17534.3,0.2664
17506.7,36163.6,17529.2,36177.2,0.2664
26272.2,20697.9,26284.7,20707.3,0.2663
15346.3,36745.8,15412.0,36760.6,0.2663
28594.2,22239.5,28628.5,22263.1,0.2663
21983.1,24012.6,22022.9,24028.0,0.2663
22311.7,14114.6,22325.6,14125.9,0.2663
6375.4,33693.1,6445.9,33755.0,0.2662
13120.8,9357.2,13152.8,9386.8,0.2661
18567.5,23166.4,18580.7,23179.4,0.2661
1041.1,20480.0,1126.8,20506.8,0.2661
15966.9,33427.2,15982.6,33437.9,0.2661
1249.1,29128.5,1277.1,29160.2,0.2661
34790.5,8000.0,34880.0,8052.3,0.2661
35203.8,36129.9,35231.9,36142.7,0.2661
16256.4,20282.5,16268.3,20290.7,0.2660
13554.8,30964.1,13602.8,30988.4,0.2660
13432.9,30320.8,13486.8,30334.3,0.2660
29852.5,22048.9,29891.1,22061.2,0.2659
16464.1,34130.0,16483.9,34141.9,0.2659
14706.2,3450.5,14719.6,3483.3,0.2658
29721.6,20179.1,29754.3,20191.1,0.2658
20244.6,21809.1,20256.2,21817.5,0.2658
3358.2,29923.8,3372.1,29956.4,0.2658
15783.0,32928.2,15796.2,32938.5,0.2658
28479.0,17484.9,28494.9,17499.1,0.2657
25470.8,19038.5,25489.1,19063.9,0.2657
18545.9,16426.1,18564.3,16435.3,0.2657
38043.1,34031.5,38080.0,34098.5,0.2657
320.0,2560.5,370.3,2634.9,0.2656
13052.6,9302.0,13095.8,9327.3,0.2656
16774.8,23768.9,16788.2,23778.1,0.2656
31307.6,5234.9,31359.3,5286.5,0.2655
24869.0,25903.2,24884.5,25911.1,0.2655
37743.7,31576.5,37757.2,31587.0,0.2655
14672.0,18890.0,14685.7,18899.4,0.2655
33132.0,27200.0,33242.0,27252.7,0.2655
174.0,5314.4,184.0,5336.3,0.2655
3736.6,31338.3,3746.2,31360.0,0.2655
2542.3,8953.8,2588.9,9004.3,0.2654
25568.2,20305.4,25583.6,20317.0,0.2654
24576.7,25919.8,24610.5,25933.6,0.2653
12433.3,34585.4,12479.2,34619.1,0.2653
37229.8,13254.4,37241.4,13264.5,0.2653
443.0,2497.9,503.4,2548.3,0.2652
27582.7,20235.2,27623.2,20246.5,0.2652
37440.0,26455.5,37493.8,26528.2,0.2652
16630.3,30327.3,16674.2,30362.5,0.2652
14124.0,32138.4,14175.4,32151.3,0.2651
19570.2,33953.0,19589.5,33965.1,0.2651
29906.4,23503.9,29947.9,23517.3,0.2651
21383.7,28027.7,21399.9,28040.3,0.2651
28756.5,20357.2,28799.0,20376.0,0.2650
17907.4,23267.0,17917.6,23274.9,0.2650
18056.4,18033.5,18072.4,18047.3,0.2650
30350.8,18267.4,30371.7,18278.3,0.2649
18348.3,19460.9,18382.6,19473.9,0.2649
31224.4,34249.0,31235.9,34257.4,0.2648
14324.2,36029.1,14369.1,36042.3,0.2648
21135.9,24128.2,21176.9,24140.5,0.2648
13440.2,9600.0,13461.7,9658.9,0.2648
15775.2,22124.7,15801.2,22135.5,0.2646
28946.3,30815.1,28977.3,30830.5,0.2645
23547.8,30606.9,23571.3,30623.1,0.2645
29375.7,30737.3,29390.0,30748.9,0.2645
28758.5,21299.9,28784.8,21311.2,0.2644
4233.9,5520.5,4292.1,5564.0,0.2644
29842.7,8988.8,29879.8,9015.4,0.2644
17922.3,8640.8,17934.3,8689.1,0.2644
35392.2,16889.2,35406.9,16898.4,0.2643
30094.4,23506.8,30133.6,23516.5,0.2643
26095.0,19304.0,26107.4,19312.8,0.2643
19760.4,31798.6,19837.6,31857.2,0.2643
16520.5,24514.6,16533.5,24526.7,0.2643
37405.7,14990.8,37437.4,15004.5,0.2641
15562.3,32616.9,15611.4,32630.6,0.2640
21306.1,20578.1,21315.7,20589.5,0.2640
14673.8,36321.3,14719.4,36352.3,0.2640
19840.3,19048.7,19857.9,19121.8,0.2639
33961.7,29665.2,34071.9,29759.4,0.2639
3620.0,31336.5,3630.9,31360.0,0.2639
25280.0,18830.0,25303.0,18879.7,0.2639
14258.2,34961.4,14303.1,34974.8,0.2638
25202.8,23926.1,25248.2,23949.7,0.2638
248.1,28396.7,280.9,28431.5,0.2638
16300.9,34295.9,16319.6,34306.2,0.2637
16449.4,24980.8,16471.1,24993.0,0.2637
29732.0,5380.5,29759.7,5430.0,0.2637
27894.8,26266.3,27952.7,26298.3,0.2636
31111.3,24178.3,31127.7,24190.2,0.2636
20717.9,17689.5,20737.3,17702.9,0.2635
29675.4,23296.9,29710.4,23305.9,0.2635
14563.7,30529.1,14609.1,30542.6,0.2635
19091.7,25537.3,19111.5,25551.0,0.2635
7021.2,27824.1,7082.9,27838.9,0.2635
21457.2,9618.7,21510.4,9627.2,0.2634
16658.0,2880.0,16771.3,2935.1,0.2634
22114.4,32641.3,22138.8,32655.4,0.2633
21458.7,18757.0,21510.5,18769.2,0.2633
24642.1,28095.1,24678.7,28108.6,0.2632
1470.2,35361.7,1493.3,35376.1,0.2632
2241.8,11520.6,2259.7,11550.7,0.2630
22953.8,26421.1,22978.4,26431.2,0.2630
33828.5,20689.5,33841.3,20702.6,0.2629
22367.9,25264.8,22401.9,25277.3,0.2627
20550.4,31812.8,20612.6,31829.6,0.2627
21440.0,16906.1,21456.1,16960.0,0.2627
12947.4,31224.5,12987.2,31237.5,0.2627
23641.0,17940.7,23680.0,17956.4,0.2627
22358.3,778.8,22379.8,791.2,0.2626
20167.6,27802.2,20182.1,27812.8,0.2626
31202.2,25253.1,31266.8,25267.8,0.2626
16640.1,23936.3,16655.9,24000.0,0.2625
28577.3,14354.3,28600.1,14365.6,0.2625
18705.4,22447.4,18784.1,22476.5,0.2624
36987.0,26727.7,37109.1,26828.5,0.2623
17227.8,8403.6,17243.8,8417.0,0.2623
19408.9,28766.7,19456.5,28782.2,0.2623
28465.1,33280.2,28583.9,33328.8,0.2622
20399.4,26191.1,20417.5,26203.0,0.2622
33167.3,25920.4,33278.5,25967.2,0.2622
17564.2,32621.3,17621.5,32640.0,0.2622
34984.8,3932.6,35031.5,3950.1,0.2621
17653.6,23040.0,17677.9,23070.4,0.2621
19824.5,22847.3,19857.3,22861.7,0.2621
9484.6,8843.9,9541.8,8885.3,0.2621
19832.1,16733.9,19843.3,16743.9,0.2620
21902.1,22177.9,21940.9,22188.5,0.2620
30780.0,8960.8,30835.8,9006.2,0.2620
16868.2,34334.1,16908.8,34346.0,0.2620
25461.7,21585.3,25524.5,21619.1,0.2620
19630.4,21938.6,19670.5,21954.3,0.2619
29075.0,31121.3,29119.5,31201.1,0.2619
27891.5,28723.7,27920.1,28733.5,0.2618
13112.0,2539.9,13190.9,2559.9,0.2617
28772.5,21673.2,28795.0,21683.0,0.2617
32666.2,20055.4,32680.7,20079.1,0.2617
22042.3,32786.0,22074.1,32799.8,0.2617
21182.5,17489.6,21204.0,17502.2,0.2617
13760.1,7852.8,13785.1,7902.8,0.2617
4850.5,11981.7,4924.5,12043.1,0.2617
83.4,30166.8,95.7,30198.8,0.2616
25879.0,22669.3,25903.9,22695.0,0.2616
22682.3,28778.7,22753.7,28847.3,0.2615
16070.6,21198.1,16083.9,21214.4,0.2615
18242.0,26456.7,18257.9,26501.0,0.2615
27227.6,33601.0,27334.6,33642.4,0.2615
14652.6,27490.8,14699.1,27501.7,0.2614
38578.5,3628.1,38653.0,3663.3,0.2614
16321.2,16055.9,16338.3,16067.2,0.2614
36023.6,18076.0,36048.2,18087.9,0.2614
24693.5,25108.6,24708.4,25120.2,0.2613
13258.7,34731.9,13276.2,34742.0,0.2613
16742.9,11742.0,16755.8,11751.2,0.2612
11636.4,8873.6,11703.9,8945.4,0.2612
30775.4,18912.4,30812.0,18929.2,0.2612
37089.2,7874.8,37120.0,7908.5,0.2611
13868.9,26042.5,13897.9,26054.4,0.2611
309.1,14047.8,339.4,14079.0,0.2611
29669.8,32747.0,29760.0,32846.1,0.2611
14745.6,32747.1,14774.5,32758.6,0.2609
440.0,30845.3,460.9,30867.5,0.2609
28080.4,20689.5,28124.1,20707.8,0.2608
16657.9,35250.7,16693.6,35264.7,0.2608
16863.0,35076.3,16881.1,35088.6,0.2608
30351.9,23643.4,30366.4,23653.4,0.2607
26954.1,19628.1,26980.4,19652.3,0.2606
28185.6,5315.6,28232.4,5342.7,0.2606
8829.2,13589.4,8912.5,13760.0,0.2605
14026.6,29048.5,14078.9,29098.7,0.2605
35099.4,22578.6,35200.0,22686.7,0.2605
19733.6,17605.5,19746.9,17614.9,0.2603
35295.3,12064.0,35322.9,12078.2,0.2603
13538.8,33517.8,13603.1,33536.3,0.2602
13746.7,30925.3,13802.5,30939.8,0.2602
32474.7,17765.8,32487.2,17775.6,0.2601
15329.9,18156.7,15341.4,18169.2,0.2601
35641.9,8235.6,35688.8,8269.9,0.2600
31545.3,29172.9,31661.9,29273.7,0.2600
18934.9,26179.8,18948.8,26190.6,0.2600
26642.7,20913.5,26659.3,20924.9,0.2600
13933.4,27226.4,13983.1,27237.4,0.2599
20817.5,21337.7,20829.7,21347.1,0.2599
34882.0,21408.3,34894.3,21435.7,0.2599
23068.4,23502.4,23090.8,23532.8,0.2598
267.2,8038.8,289.3,8078.3,0.2598
27599.3,26034.6,27634.7,26045.7,0.2598
16814.8,23160.8,16830.9,23169.7,0.2598
15503.6,29955.1,15555.6,29968.6,0.2597
21115.3,21213.1,21156.3,21223.7,0.2597
12775.8,24313.3,12814.3,24333.2,0.2597
22499.8,19672.4,22528.9,19684.0,0.2597
14146.1,4160.0,14198.0,4170.0,0.2596
15815.1,33591.4,15856.7,33627.9,0.2596
10993.4,3321.1,11023.3,3349.8,0.2596
23986.5,7663.5,24039.0,7680.0,0.2596
34837.1,23676.1,34879.5,23749.9,0.2596
17514.3,5768.1,17563.8,5825.1,0.2596
13479.3,33754.4,13509.8,33768.9,0.2595
13115.7,9335.2,13161.0,9360.6,0.2595
10010.9,12356.7,10031.1,12401.8,0.2594
12457.7,31898.5,12480.2,31907.8,0.2594
16579.5,3901.2,16589.4,3919.3,0.2594
29480.2,14872.6,29492.3,14881.3,0.2594
19711.0,23568.9,19725.8,23579.4,0.2594
16873.1,14322.8,16915.6,14333.4,0.2592
1281.7,2996.8,1309.2,3031.4,0.2592
33976.9,21460.4,34086.7,21574.1,0.2591
7536.1,27215.6,7580.3,27233.7,0.2591
15629.1,27330.2,15653.7,27342.3,0.2591
22689.6,31535.7,22719.6,31549.2,0.2590
22564.8,6028.6,22594.5,6078.0,0.2590
31971.5,5937.8,31995.8,5957.8,0.2590
1280.3,8035.7,1324.4,8062.3,0.2589
12426.6,32076.8,12477.9,32093.5,0.2588
27265.2,18838.4,27280.4,18849.9,0.2587
25038.6,22267.3,25049.6,22278.4,0.2587
22370.4,27035.9,22401.0,27048.0,0.2586
5120.0,2940.9,5144.9,2991.2,0.2586
35841.2,3207.9,35862.3,3266.3,0.2586
386.6,21632.5,402.0,21692.3,0.2586
16484.4,32177.3,16562.5,32192.0,0.2585
3388.6,31166.0,3399.4,31224.6,0.2585
21185.5,28929.3,21199.8,28942.5,0.2585
34793.2,19056.1,34807.6,19070.3,0.2585
21330.7,19426.9,21357.6,19436.9,0.2585
19698.4,18495.8,19715.3,18506.4,0.2584
29220.1,23215.9,29234.1,23230.8,0.2584
20930.0,30005.2,20957.2,30019.1,0.2584
35086.3,34352.8,35097.1,34360.1,0.2583
31949.9,35789.7,32069.6,35902.8,0.2583
17925.8,7769.6,18040.4,7821.8,0.2582
13618.5,4119.0,13648.2,4157.4,0.2582
32118.9,21916.8,32167.1,21938.9,0.2582
22080.0,34485.2,22140.5,34558.5,0.2582
19156.3,36224.0,19200.0,36275.3,0.2581
19370.0,19469.9,19389.6,19483.5,0.2581
14316.4,30443.8,14354.9,30460.4,0.2581
21871.5,16281.8,21921.8,16297.7,0.2581
24483.8,34370.4,24596.2,34481.1,0.2579
33959.9,16490.8,33983.8,16501.7,0.2579
19620.6,5018.2,19681.0,5046.9,0.2579
30046.2,9023.3,30080.0,9069.2,0.2579
37774.4,19338.0,37793.9,19351.7,0.2579
17128.6,7834.7,17160.1,7866.6,0.2579
28836.4,6265.7,28897.9,6297.9,0.2578
21815.0,17269.1,21825.9,17281.9,0.2578
19297.1,18949.1,19322.2,18971.3,0.2577
34881.7,23360.0,34951.7,23435.9,0.2577
32161.7,19106.0,32178.7,19114.9,0.2576
31235.6,30132.0,31260.0,30142.6,0.2576
22051.2,24113.3,22066.4,24122.0,0.2575
31360.0,17552.5,31378.3,17600.0,0.2575
22306.7,24244.5,22318.2,24255.9,0.2574
10183.4,1580.2,10212.8,1600.0,0.2573
22586.0,32803.0,22610.8,32833.5,0.2573
29689.9,29704.5,29808.2,29760.0,0.2572
14325.8,35710.0,14386.1,35741.2,0.2572
18147.0,30775.5,18211.7,30811.5,0.2572
25938.8,20605.2,25949.8,20616.4,0.2571
21639.7,20448.7,21648.8,20456.6,0.2570
31350.8,20599.6,31365.8,20607.8,0.2570
19282.5,35467.1,19294.7,35479.2,0.2570
21410.0,22268.6,21420.8,22279.0,0.2570
21634.5,22267.0,21646.8,22278.3,0.2569
25026.3,32022.3,25066.0,32034.1,0.2569
35544.9,7865.7,35597.0,7922.8,0.2568
28154.2,19691.7,28164.9,19702.4,0.2568
14364.3,29743.7,14398.3,29759.2,0.2568
15841.6,32288.4,15906.3,32327.0,0.2568
27770.8,19875.5,27794.7,19892.8,0.2566
23313.4,32640.0,23383.4,32670.9,0.2566
3684.5,31681.8,3696.0,31749.8,0.2566
21830.0,517.0,21888.6,557.3,0.2566
24652.4,3903.4,24719.6,3966.6,0.2565
32194.4,22270.7,32230.5,22283.6,0.2565
8640.6,13999.8,8660.6,14079.5,0.2565
14400.2,33907.9,14421.1,33919.3,0.2564
22875.2,914.2,22896.2,939.1,0.2564
12570.3,36571.3,12594.6,36585.3,0.2563
20596.4,18843.5,20642.3,18864.2,0.2563
36160.5,34347.3,36188.2,34403.3,0.2562
34800.5,34940.1,34814.8,34950.2,0.2561
18836.3,21033.6,18847.6,21046.3,0.2561
26906.6,26862.9,26930.5,26874.2,0.2561
38527.6,15552.7,38551.2,15566.0,0.2560
30529.1,23260.7,30570.8,23273.7,0.2560
19126.8,30308.2,19170.7,30338.1,0.2560
2857.7,14048.6,2892.6,14073.9,0.2560
27420.8,17779.4,27433.0,17790.3,0.2559
15610.2,950.1,15677.6,1005.5,0.2559
29568.9,27123.1,29593.4,27135.4,0.2557
12686.4,35937.4,12710.1,35948.8,0.2557
24910.5,14539.2,24924.4,14549.6,0.2557
6107.4,4480.0,6164.7,4512.8,0.2557
29938.4,17727.6,29978.9,17748.5,0.2557
21819.9,18204.5,21842.5,18217.3,0.2557
13867.5,34083.1,13894.7,34094.8,0.2557
20956.9,30337.8,20982.5,30355.3,0.2556
20562.7,25534.0,20577.8,25544.5,0.2556
14862.6,23178.7,14882.7,23189.0,0.2555
21063.2,25217.6,21087.8,25230.2,0.2555
29535.9,26111.8,29574.8,26141.8,0.2555
17879.3,30332.9,17918.1,30351.7,0.2554
34039.8,23760.0,34051.0,23768.0,0.2554
18721.0,26763.8,18733.8,26774.5,0.2554
16795.9,1426.4,16841.8,1454.8,0.2554
25600.3,12610.4,25618.7,12676.6,0.2554
29350.2,1619.0,29439.2,1670.7,0.2553
34210.6,8302.4,34261.2,8320.0,0.2553
14736.8,20675.4,14760.3,20686.6,0.2553
13289.9,36036.7,13352.0,36048.5,0.2553
19829.7,18001.0,19840.0,18010.7,0.2553
33118.3,19123.1,33130.9,19132.2,0.2552
875.8,6007.9,923.1,6057.6,0.2552
12921.9,11995.1,12983.2,12049.7,0.2552
12609.1,19643.8,12647.5,19664.5,0.2552
35796.7,33138.8,35810.1,33150.6,0.2551
19352.9,34864.4,19403.1,34877.2,0.2551
3312.8,35443.2,3371.2,35473.9,0.2551
31009.6,30358.9,31040.0,30399.6,0.2551
12553.9,21019.6,12566.7,21031.7,0.2550
26358.8,26099.3,26385.6,26112.6,0.2550
23553.6,19756.1,23676.4,19780.0,0.2550
13332.0,17920.0,13409.0,17952.1,0.2550
26360.8,27115.5,26394.6,27127.8,0.2550
18128.1,28428.8,18167.4,28448.3,0.2549
25508.5,34247.2,25523.3,34256.1,0.2549
19868.2,17568.5,19884.5,17583.2,0.2548
16942.7,32841.0,16955.5,32850.9,0.2548
15050.1,23376.1,15079.8,23390.2,0.2547
29653.0,26075.6,29669.1,26086.0,0.2547
31165.8,18483.1,31185.2,18492.4,0.2547
74.6,21440.7,114.4,21504.8,0.2547
32347.0,8738.7,32380.7,8771.0,0.2547
28574.8,27922.5,28614.1,27933.9,0.2547
26611.4,28855.4,26671.5,28881.4,0.2546
22353.3,22912.8,22397.5,22932.9,0.2546
29351.9,21327.6,29365.4,21338.8,0.2545
30787.0,30720.0,30855.2,30751.5,0.2545
12801.6,34507.8,12822.9,34518.6,0.2545
3640.7,20580.9,3670.9,20614.9,0.2545
3655.2,26880.3,3693.0,26906.1,0.2544
13386.5,26072.5,13439.2,26103.9,0.2544
24099.2,33066.7,24165.4,33089.8,0.2544
13798.5,31645.8,13822.2,31658.4,0.2543
23949.3,4200.8,24000.0,4261.1,0.2543
35520.0,18560.0,35648.0,18596.3,0.2542
28043.6,1769.7,28113.5,1801.5,0.2542
18750.8,33917.4,18775.1,33931.9,0.2542
24064.3,26813.9,24106.9,26827.4,0.2542
18017.9,16724.1,18032.2,16734.8,0.2542
34833.3,31008.2,34904.2,31040.0,0.2542
31570.0,2904.0,31622.3,2948.8,0.2541
19344.6,16303.9,19354.9,16316.3,0.2541
12472.2,25891.9,12503.4,25903.0,0.2540
20061.8,19617.7,20107.6,19642.2,0.2540
12075.6,12698.9,12142.0,12800.0,0.2540
24433.3,27434.1,24454.4,27447.0,0.2539
17803.4,29074.7,17843.3,29107.2,0.2539
23722.7,27628.4,23764.3,27677.4,0.2538
32766.1,17183.1,32780.8,17192.7,0.2537
16574.6,24226.1,16596.5,24238.2,0.2537
24334.3,29231.9,24362.5,29252.2,0.2537
5154.8,3482.3,5176.9,3522.5,0.2537
38472.1,15297.3,38497.5,15312.7,0.2536
35465.1,13952.9,35477.8,13961.9,0.2536
32802.5,26.1,32846.3,84.2,0.2536
24220.3,30835.4,24252.4,30853.3,0.2534
24336.2,24137.6,24436.8,24165.6,0.2534
16876.7,20866.7,16895.9,20877.9,0.2533
37421.5,21730.2,37439.9,21783.0,0.2533
12748.4,34338.4,12767.4,34351.6,0.2533
21863.3,34423.9,21977.3,34531.1,0.2532
3143.5,12136.2,3184.2,12158.3,0.2532
807.0,12782.4,867.0,12800.0,0.2532
37840.1,15763.0,37857.5,15775.2,0.2531
15562.0,30694.5,15616.3,30712.2,0.2530
12513.3,19687.8,12528.9,19695.8,0.2530
18284.9,3124.4,18343.2,3175.7,0.2530
15255.5,28654.9,15315.9,28666.4,0.2530
25122.0,19840.0,25153.0,19870.3,0.2529
17163.9,31860.1,17215.9,31872.6,0.2529
546.7,5449.1,563.0,5465.9,0.2528
25546.3,26514.1,25562.8,26526.8,0.2528
321.5,21386.6,356.3,21437.8,0.2527
22641.3,27124.2,22682.8,27151.7,0.2527
28855.7,16737.7,28867.0,16745.5,0.2527
1563.0,12737.7,1601.1,12767.8,0.2526
36225.0,36235.2,36245.3,36246.9,0.2525
33572.0,29120.0,33599.4,29173.8,0.2525
7172.0,8290.9,7212.4,8309.1,0.2525
12862.9,36221.1,12900.8,36234.7,0.2525
13257.4,9399.3,13316.9,9430.5,0.2525
19312.9,21953.8,19327.4,21963.9,0.2524
19042.4,22194.8,19056.4,22205.3,0.2524
35289.6,22244.8,35301.0,22257.0,0.2524
33942.5,4163.9,33984.9,4205.1,0.2524
29599.6,15684.1,29622.9,15695.4,0.2524
27109.6,19022.7,27123.6,19032.8,0.2523
21065.9,24560.3,21110.8,24575.8,0.2522
37120.0,23293.8,37197.1,23359.7,0.2522
24575.9,19361.1,24635.4,19404.5,0.2521
31917.2,17390.7,31941.5,17405.9,0.2520
34743.1,5612.0,34760.5,5678.8,0.2520
26401.1,21062.1,26446.4,21074.3,0.2520
30949.4,9062.2,31011.3,9096.2,0.2519
3357.7,6080.0,3406.9,6090.5,0.2519
2404.8,23444.6,2423.4,23477.8,0.2519
16441.8,21071.0,16471.6,21093.4,0.2519
23915.7,21771.7,23937.5,21782.3,0.2518
8175.2,7180.6,8251.6,7254.1,0.2518
16434.3,26746.7,16481.8,26781.7,0.2518
10247.6,28403.4,10303.7,28414.6,0.2518
14218.1,26098.3,14232.7,26107.1,0.2518
21159.5,18388.7,21181.5,18402.6,0.2518
15904.2,36490.5,15946.4,36503.8,0.2517
21108.3,20676.4,21135.9,20688.0,0.2517
19077.6,3890.5,19130.8,3926.1,0.2516
24249.4,21452.8,24277.2,21468.7,0.2516
16272.3,31823.6,16317.0,31837.1,0.2515
28353.0,1600.0,28410.7,1637.4,0.2515
3331.4,30000.7,3347.8,30031.1,0.2515
35773.8,26823.9,35838.5,26922.1,0.2514
33832.9,17105.7,33844.0,17118.6,0.2514
15964.4,25768.7,15992.1,25796.5,0.2513
13121.9,2535.1,13154.5,2590.3,0.2512
17559.2,22469.3,17581.0,22493.3,0.2512
26389.7,21225.9,26425.6,21254.3,0.2511
23617.0,21696.6,23636.6,21707.5,0.2511
22763.9,27795.4,22786.0,27807.1,0.2510
29599.4,18910.7,29624.4,18937.2,0.2510
14944.5,26478.2,14961.5,26493.4,0.2510
16225.3,22528.8,16243.0,22545.5,0.2510
25625.1,33865.4,25640.7,33876.3,0.2510
23229.5,16697.6,23240.4,16704.8,0.2510
998.6,25765.8,1030.4,25800.7,0.2509
14602.6,31249.2,14623.4,31259.6,0.2509
26396.3,1067.2,26442.5,1087.1,0.2509
15237.7,18793.2,15250.5,18801.3,0.2509
20860.4,23538.9,20880.7,23547.7,0.2509
21334.5,21189.6,21345.6,21199.5,0.2509
20082.1,20706.2,20157.6,20728.5,0.2508
33449.4,7347.3,33481.6,7360.0,0.2508
19353.8,17664.8,19368.7,17678.0,0.2508
35107.9,8000.0,35178.6,8026.7,0.2507
29962.0,22868.3,30005.0,22882.4,0.2507
19499.3,33721.1,19555.0,33753.9,0.2507
11094.1,32672.9,11178.4,32701.7,0.2506
8943.4,14002.9,8959.4,14019.3,0.2506
22080.4,20441.7,22096.9,20520.0,0.2506
17228.4,28979.1,17278.7,29006.2,0.2506
22082.0,23871.0,22132.2,23891.4,0.2506
25450.1,18834.9,25462.3,18842.0,0.2505
20585.7,24383.3,20623.1,24401.4,0.2505
16298.4,9259.3,16314.7,9271.1,0.2505
20060.6,18994.3,20076.0,19006.4,0.2505
29551.2,24704.8,29571.4,24733.0,0.2504
29440.2,15588.2,29461.1,15680.0,0.2504
16393.0,3484.1,16404.1,3520.0,0.2502
2549.0,23402.4,2560.0,23436.3,0.2502
13225.5,31408.7,13253.7,31421.6,0.2501
19430.9,31366.6,19476.3,31397.5,0.2501
