x1,y1,x2,y2,score
114626.9,22128.5,115191.5,22683.5,0.9694
19892.6,36852.1,20406.5,37334.1,0.9589
16642.3,31517.7,16862.3,31821.6,0.9589
47372.5,19535.9,47871.1,19981.8,0.9575
21501.7,47694.0,21940.9,48161.1,0.9556
122386.9,31252.0,122561.7,31448.1,0.9553
53477.8,11452.3,54080.0,11833.7,0.9549
18351.0,38583.3,18419.6,38720.0,0.9549
16960.0,27690.2,17293.2,27820.5,0.9538
29125.0,51355.1,29421.6,51512.7,0.9532
91723.7,11022.6,91853.7,11243.5,0.9515
53124.2,19520.0,53204.4,19668.2,0.9507
70402.5,16646.6,70654.7,16954.0,0.9503
128000.0,30517.7,128469.1,30959.5,0.9496
16647.5,27665.8,17280.0,27992.0,0.9495
35549.0,26560.2,36160.0,26925.1,0.9489
73989.3,9015.1,74222.5,9277.0,0.9486
20815.0,34275.8,21379.2,34755.2,0.9485
34246.8,14875.8,34475.8,15211.8,0.9485
60800.0,22187.1,60909.3,22400.0,0.9470
94402.9,9467.7,94477.7,9564.3,0.9470
43844.2,9052.2,43978.6,9250.0,0.9469
97601.1,15814.6,97722.5,15996.3,0.9459
39685.5,12496.0,39920.3,12764.6,0.9454
21637.8,34917.7,22064.6,35512.4,0.9451
25043.8,61447.3,25600.0,61897.0,0.9450
33517.0,58944.9,33901.0,59281.4,0.9448
23681.8,57942.9,24073.3,58390.2,0.9443
20472.4,37321.2,20800.0,37443.2,0.9443
77444.9,18057.1,77742.5,18347.1,0.9442
32508.0,45443.0,32627.1,45627.7,0.9436
16640.0,30123.7,17155.3,30633.2,0.9433
56969.5,11859.6,57600.0,12178.8,0.9431
48687.9,12480.0,48953.8,12774.3,0.9430
21007.6,67842.6,21082.7,67960.0,0.9426
69177.7,9467.6,69749.3,9916.9,0.9426
91035.0,7680.5,91195.0,7857.6,0.9426
32423.6,56127.8,32526.6,56320.0,0.9424
54734.3,21234.5,54925.6,21369.8,0.9424
102109.4,13121.5,102364.5,13317.0,0.9422
47040.0,11529.1,47663.5,11842.5,0.9422
37615.1,27464.2,37725.3,27520.0,0.9417
31902.8,11088.0,31999.2,11198.0,0.9417
87112.5,9955.4,87360.0,10136.2,0.9410
25284.6,36160.0,25497.7,36536.6,0.9405
103711.4,5559.8,104294.6,6075.3,0.9402
24146.9,53470.4,24312.8,53760.0,0.9400
87882.3,13372.4,87996.5,13658.2,0.9399
33602.7,16022.0,33920.0,16364.8,0.9399
103168.3,5123.1,103667.9,5691.0,0.9399
67965.3,20939.4,68109.8,21141.7,0.9396
127264.4,32454.9,127360.0,32640.0,0.9396
33600.0,22552.3,33847.9,22720.0,0.9392
32551.1,50360.8,32715.4,50560.0,0.9391
53369.4,15121.0,53489.5,15379.9,0.9390
108238.0,18356.6,108478.9,18560.0,0.9388
17922.2,33920.0,18318.9,34157.1,0.9384
66674.8,21951.3,66877.1,22100.3,0.9383
35526.1,10985.8,35686.3,11200.0,0.9382
19669.5,67221.7,19827.3,67353.4,0.9381
32965.3,55278.5,33135.1,55510.6,0.9380
61760.1,19520.0,61925.1,19795.1,0.9379
43741.1,18573.8,43849.8,18687.7,0.9378
68360.8,8355.8,68770.2,8941.1,0.9378
28486.5,51671.9,29117.9,52106.7,0.9377
21785.5,51770.9,22400.0,52145.1,0.9374
77766.7,17285.1,77945.4,17472.9,0.9373
56460.1,9280.0,56571.9,9477.4,0.9372
93823.1,9392.0,94006.5,9555.0,0.9372
4160.8,63360.0,4315.5,63642.5,0.9372
96849.5,13786.9,96993.2,13952.7,0.9370
89417.9,11202.0,89595.9,11336.3,0.9369
111196.7,23276.9,111299.5,23360.0,0.9368
98561.4,13595.2,98636.5,13747.7,0.9367
27856.5,51372.1,28475.2,51524.2,0.9367
87272.7,10359.5,87391.4,10555.7,0.9365
24962.7,57625.2,25197.5,57928.6,0.9364
34344.7,20490.9,34557.4,20658.7,0.9363
35327.5,55122.5,35433.2,55360.0,0.9361
38962.6,15290.9,39350.6,15677.4,0.9361
21575.0,33051.4,22065.3,33588.8,0.9360
89703.6,9377.1,89838.1,9586.3,0.9358
39507.9,9974.7,39669.6,10182.8,0.9355
104095.8,12490.6,104267.7,12740.5,0.9353
53440.0,19901.3,53574.5,20148.5,0.9349
121637.8,27200.0,121915.9,27395.3,0.9349
59358.3,6129.8,59519.0,6400.0,0.9348
77918.6,12480.0,78370.8,13026.0,0.9347
66409.3,9936.8,66530.1,10070.3,0.9346
82381.9,17600.0,82526.9,17847.5,0.9346
35713.6,20519.9,35838.4,20734.9,0.9345
56341.2,21759.6,56640.0,21873.2,0.9345
59113.9,14504.0,59211.8,14720.0,0.9343
49661.8,13257.0,49920.0,13561.6,0.9342
36404.9,16323.2,36562.4,16495.7,0.9342
29572.0,38084.0,29666.7,38178.2,0.9341
75202.6,11200.0,75406.5,11378.0,0.9340
60820.2,15712.8,61440.0,16196.3,0.9340
87450.1,13442.6,87648.2,13625.1,0.9339
87852.3,16951.5,88000.0,17128.7,0.9339
88346.7,13120.7,88545.9,13234.1,0.9338
105962.9,18567.3,106222.9,18761.0,0.9337
21120.0,38881.8,21663.2,39059.9,0.9336
55620.2,12116.0,55753.6,12253.8,0.9335
43022.0,12431.2,43122.2,12701.8,0.9335
16334.1,28366.4,16725.3,28781.1,0.9334
75027.2,10299.4,75179.6,10589.7,0.9333
63681.2,6400.0,63796.1,6595.3,0.9330
91520.0,11626.8,92151.2,11958.2,0.9330
44398.7,13305.2,44476.7,13424.9,0.9329
26047.4,36734.3,26210.4,36878.0,0.9329
36658.6,31370.0,36797.9,31563.1,0.9328
34436.6,44163.9,34599.7,44358.5,0.9328
24641.8,64188.3,24960.0,64312.2,0.9327
77855.0,18052.8,78050.0,18240.0,0.9326
28307.5,52170.2,28480.0,52321.8,0.9325
58265.3,13176.8,58436.3,13387.4,0.9325
67568.4,21945.0,67776.9,22094.3,0.9324
47681.2,15550.6,47789.8,15680.0,0.9321
129993.7,32409.8,130147.6,32619.1,0.9320
43380.8,13491.1,43520.0,13707.9,0.9320
3581.7,65335.5,3722.0,65564.3,0.9320
58356.0,6204.0,58623.9,6406.1,0.9319
33731.4,57723.4,33919.1,57869.0,0.9318
121941.5,31382.8,122065.0,31499.5,0.9318
32506.5,57736.5,32829.3,57884.7,0.9317
30541.8,46407.4,30727.1,46746.5,0.9315
73092.7,22043.1,73258.9,22240.0,0.9313
33819.5,12221.4,33941.2,12480.0,0.9313
51142.9,3200.0,51312.6,3387.8,0.9313
22091.3,28160.0,22720.0,28597.8,0.9313
83093.0,12507.7,83512.0,12684.9,0.9310
122560.6,37129.0,122854.9,37462.4,0.9310
34645.5,15173.9,34807.1,15360.0,0.9308
124482.7,37769.7,124722.7,38057.8,0.9307
129144.6,30400.0,129280.0,30606.0,0.9306
29865.6,34881.5,30060.3,35175.7,0.9305
60578.9,7150.8,60794.5,7351.9,0.9305
101121.3,13127.7,101281.1,13300.1,0.9305
55044.2,12271.2,55302.4,12479.6,0.9304
57921.4,4056.0,58074.7,4276.0,0.9303
16640.0,30400.3,17171.6,30617.9,0.9302
44399.5,13308.8,44570.1,13413.3,0.9302
16581.2,67474.8,16724.7,67744.2,0.9302
35229.4,20536.6,35515.7,20700.0,0.9302
82882.3,16003.8,82963.4,16133.2,0.9302
48329.0,10907.9,48560.6,11241.8,0.9302
25280.5,34110.3,25423.2,34307.9,0.9301
21483.5,44860.4,21878.9,45361.8,0.9301
120190.2,34358.1,120319.3,34508.6,0.9300
88966.5,13120.0,89164.0,13283.2,0.9300
81222.7,12557.4,81388.5,12784.3,0.9300
66897.5,21948.6,67101.9,22096.2,0.9299
27229.1,60808.5,27834.7,61295.8,0.9297
42247.6,10242.8,42560.0,10400.5,0.9297
17239.7,34915.7,17364.3,35200.0,0.9297
31042.0,50299.6,31215.9,50560.0,0.9296
26914.8,38887.8,27518.2,39033.7,0.9296
86405.2,10257.1,86565.7,10560.0,0.9296
56640.0,4800.0,56781.2,5004.0,0.9296
89755.2,14086.2,89927.6,14330.0,0.9295
77004.3,19200.0,77120.0,19403.6,0.9294
38725.3,32096.4,38950.7,32260.6,0.9294
19227.5,28957.6,19840.0,29429.1,0.9292
31285.9,52066.0,31403.4,52304.2,0.9292
67349.4,21946.8,67543.2,22104.5,0.9292
100185.2,14176.2,100347.1,14390.2,0.9291
46882.7,17601.2,47009.8,17718.4,0.9291
106068.7,8322.5,106239.1,8526.6,0.9290
32730.0,50633.5,32951.1,50877.1,0.9290
32179.6,50334.9,32344.5,50560.0,0.9289
112053.2,24555.8,112193.7,24660.6,0.9289
22510.2,54464.1,23029.9,54718.0,0.9289
14720.0,64471.9,14914.4,64637.0,0.9289
67125.7,21947.2,67319.9,22095.6,0.9289
34242.0,48640.9,34394.1,48884.1,0.9288
49494.3,16960.2,49614.2,17046.8,0.9287
77120.0,19977.2,77300.4,20157.6,0.9287
22214.5,61852.3,22380.9,62022.7,0.9287
24322.8,30286.0,24404.2,30397.7,0.9285
45284.0,19644.8,45440.0,19838.7,0.9285
75677.5,15207.2,75840.0,15368.6,0.9285
31498.8,52066.6,31636.4,52299.5,0.9285
37624.3,34148.3,37754.3,34456.0,0.9284
35384.3,47682.1,35513.8,47833.3,0.9284
35520.4,20533.1,35687.4,20721.0,0.9283
57750.2,20406.1,57867.6,20654.8,0.9283
36841.3,20319.6,37434.3,20471.4,0.9282
29609.3,35828.9,29759.7,35996.2,0.9282
4949.0,65636.5,5112.8,65789.8,0.9280
35243.4,57646.5,35809.4,58226.2,0.9280
107284.6,17355.9,107840.0,17894.1,0.9279
42058.4,17379.6,42236.5,17591.8,0.9279
18392.4,66381.1,18466.2,66556.4,0.9279
104186.2,13761.1,104318.2,13866.3,0.9279
34561.3,54630.7,34741.2,54996.1,0.9278
122585.6,30229.8,122713.9,30361.6,0.9278
75200.2,15284.9,75426.9,15458.9,0.9278
26810.5,32640.0,26937.2,32890.7,0.9276
60481.0,10070.5,60638.6,10240.0,0.9276
17368.6,45243.0,17600.0,45433.1,0.9275
51997.4,3259.7,52158.4,3503.8,0.9274
60818.0,19520.0,61017.9,19803.5,0.9274
79103.6,9828.7,79215.5,9976.0,0.9274
52799.9,21961.0,53120.0,22079.7,0.9274
56000.0,18695.5,56152.6,18873.7,0.9273
55541.9,18096.8,55680.0,18204.0,0.9272
38635.6,46403.3,39024.9,46649.4,0.9272
109910.4,21562.1,110078.8,21759.1,0.9272
33741.3,47631.8,33914.4,48000.0,0.9271
123844.1,27535.8,124040.6,27835.3,0.9271
42406.3,11404.3,42558.9,11518.1,0.9270
44081.7,14969.2,44159.9,15040.0,0.9270
34592.7,50242.0,34773.7,50449.2,0.9270
46400.0,10240.1,47029.2,10555.3,0.9269
51841.9,786.1,52001.2,952.5,0.9269
28326.7,36558.6,28479.5,36799.2,0.9269
114127.8,22400.0,114554.8,22638.3,0.9268
125760.1,32960.0,125873.4,33053.1,0.9267
127043.3,30857.0,127184.5,31040.0,0.9267
32447.5,57290.2,32640.0,57483.2,0.9267
33429.4,59522.7,33597.0,59702.7,0.9266
77180.6,15817.0,77435.3,15981.6,0.9266
35102.6,12800.0,35209.4,13063.8,0.9265
13129.5,61778.0,13760.0,62070.7,0.9264
28003.6,48668.1,28209.3,48843.8,0.9264
35625.9,40528.4,35838.8,40635.5,0.9264
47360.0,14402.2,47542.5,14711.1,0.9263
66454.9,21949.4,66560.0,22112.1,0.9262
67349.7,16961.3,67520.0,17108.7,0.9262
33079.6,24381.0,33265.7,24640.0,0.9261
78080.0,12345.8,78703.2,12755.0,0.9261
26243.0,44482.3,26421.4,44705.8,0.9260
73454.8,22016.5,73599.2,22157.4,0.9260
57209.0,18993.6,57600.0,19080.3,0.9260
62123.8,9097.2,62698.1,9600.0,0.9260
52003.2,22183.2,52159.7,22514.0,0.9259
22356.8,51207.6,22711.8,51666.5,0.9258
15299.2,64037.5,15582.3,64138.7,0.9258
127512.7,35911.1,127993.5,36429.6,0.9257
19889.9,49424.9,20480.0,49590.3,0.9256
89921.6,13424.8,90090.2,13655.6,0.9256
72640.0,11202.0,72985.9,11405.0,0.9253
39394.8,8960.0,39680.0,9086.7,0.9253
56325.7,4554.2,56489.0,4800.0,0.9252
102771.4,8384.5,103326.4,8940.3,0.9252
77547.2,10063.1,77757.6,10239.4,0.9251
38575.2,18240.0,38719.7,18401.4,0.9250
52005.9,19369.7,52155.1,19622.5,0.9250
32803.5,53749.0,32968.2,53954.8,0.9250
96345.7,15686.1,96630.2,16023.1,0.9249
36742.1,18617.9,36891.9,18887.0,0.9249
24320.0,50562.3,24666.8,50831.5,0.9249
87766.5,13741.9,87912.9,13922.1,0.9248
32792.6,47050.6,32959.6,47360.0,0.9247
24334.4,40483.1,24528.0,40636.0,0.9247
98092.2,13624.7,98240.0,13752.5,0.9247
74355.8,22700.4,74553.2,22847.2,0.9247
84481.3,21629.3,84762.8,21760.0,0.9247
22081.2,43192.2,22241.6,43472.1,0.9246
84480.1,9605.3,84639.8,9920.0,0.9246
24001.2,54403.6,24211.4,54691.7,0.9246
17920.0,46781.1,18106.8,46965.4,0.9245
18904.4,31094.0,19394.4,31521.6,0.9244
59653.6,10947.2,59782.4,11159.7,0.9244
28327.8,45760.0,28480.0,45962.1,0.9243
89514.3,12800.6,89718.0,12967.6,0.9243
89759.5,12801.0,89920.0,12918.1,0.9242
19382.8,35213.6,19520.0,35360.5,0.9242
75412.6,14613.8,75520.0,14715.1,0.9242
34560.5,41136.0,34781.9,41274.4,0.9242
68336.2,9371.7,68478.9,9619.4,0.9240
14721.3,64469.9,14902.5,64791.8,0.9240
63212.4,13886.0,63291.2,14011.4,0.9239
28801.6,60160.0,29001.6,60374.0,0.9239
36053.3,22525.0,36260.3,22720.0,0.9238
66240.8,6836.6,66404.6,7031.7,0.9237
31455.0,40668.1,31637.1,40784.9,0.9237
78538.9,17058.4,78689.4,17280.0,0.9236
72322.5,11705.9,72468.3,11894.8,0.9236
17600.0,44450.9,18122.0,44604.2,0.9235
122631.9,31040.3,122793.6,31211.3,0.9234
20389.5,31207.3,20787.7,31680.0,0.9234
88427.6,13440.0,88626.7,13578.2,0.9233
1316.9,65611.2,1738.2,66042.0,0.9233
51999.7,15721.5,52159.4,15989.8,0.9232
88505.1,13760.0,88640.0,13973.1,0.9231
78794.3,15152.6,78948.9,15360.0,0.9231
35840.3,44553.1,35950.3,44748.8,0.9231
87219.8,13496.1,87360.0,13674.3,0.9231
12480.0,61915.0,12862.1,62400.0,0.9230
55826.1,18527.6,55883.5,18660.6,0.9230
49922.8,13120.0,50007.0,13231.4,0.9229
32960.9,28161.7,33127.9,28337.9,0.9229
27256.7,30337.6,27382.6,30570.2,0.9228
16486.2,32353.2,16639.7,32670.5,0.9228
26292.4,38212.2,26353.8,38338.7,0.9227
23042.8,56844.2,23374.8,56922.6,0.9227
20808.9,54757.3,21247.4,55257.6,0.9227
61282.9,23173.0,61366.0,23265.9,0.9225
88811.5,12948.9,88960.0,13130.2,0.9224
93923.1,11276.4,94079.5,11517.0,0.9224
88000.6,13865.2,88135.3,14080.0,0.9223
97600.0,14489.9,98217.1,14683.9,0.9223
100480.0,8999.9,100617.0,9280.0,0.9223
55043.8,17602.4,55271.3,17886.8,0.9223
86400.7,18890.4,86738.7,19087.6,0.9223
21760.0,34276.0,22122.0,34828.2,0.9222
59507.6,10581.2,59639.1,10963.5,0.9222
65923.4,21223.0,66068.4,21440.0,0.9222
39681.2,11003.9,39840.4,11205.2,0.9222
66080.2,21465.6,66240.0,21670.8,0.9222
19589.7,32359.1,19833.5,32570.2,0.9221
34045.0,21465.2,34240.0,21693.3,0.9220
20480.0,48475.9,20678.3,48669.8,0.9220
32968.3,57363.0,33097.7,57507.4,0.9220
96117.2,9286.3,96640.0,9666.1,0.9220
91522.3,9339.2,91572.1,9443.5,0.9219
32493.9,11245.2,32960.0,11395.5,0.9219
22519.5,54456.6,23029.8,54970.8,0.9219
49280.0,16981.3,49414.3,17273.8,0.9216
43053.5,14943.9,43198.2,15261.5,0.9216
17384.2,26888.3,17627.6,27108.1,0.9215
69556.9,11329.7,70065.3,11840.0,0.9214
45598.5,16511.9,45757.7,16711.0,0.9214
24144.4,56988.1,24533.4,57597.9,0.9214
81108.8,13960.0,81280.0,14105.1,0.9214
44284.4,15003.9,44444.0,15141.9,0.9212
50229.3,17926.8,50380.3,18145.5,0.9211
40320.0,9414.8,40502.2,9597.9,0.9209
27009.4,35867.8,27180.9,36017.1,0.9209
102486.1,12801.8,102649.0,12971.3,0.9209
81449.3,12481.1,81599.1,12765.8,0.9207
27921.4,58240.3,28473.2,58827.2,0.9205
66560.0,15527.4,67200.0,15871.3,0.9205
51736.1,22900.0,52009.4,23030.4,0.9205
38268.8,11017.6,38398.2,11231.1,0.9205
32174.5,50579.1,32318.5,50826.0,0.9205
122710.2,28528.0,122877.2,28800.0,0.9204
34399.6,40320.0,34560.0,40516.5,0.9204
32001.9,11990.1,32169.8,12296.0,0.9204
119680.5,30197.7,119814.9,30400.0,0.9203
101991.4,11065.6,102300.8,11196.4,0.9203
15995.7,31620.3,16259.8,31731.0,0.9203
34562.9,20493.9,34795.0,20674.5,0.9203
123684.4,27961.2,123840.0,28158.9,0.9202
102419.9,4160.0,103013.8,4695.3,0.9202
79360.0,16534.0,79610.0,16960.0,0.9202
34152.7,58357.5,34286.5,58508.9,0.9202
67797.2,21945.6,67985.9,22106.8,0.9202
19914.1,38889.2,20474.5,39031.5,0.9201
28164.5,36163.3,28366.4,36348.1,0.9201
71361.5,12167.7,71527.2,12449.0,0.9201
29286.8,35843.0,29440.0,35999.9,0.9200
77006.6,18989.3,77119.4,19200.0,0.9200
23360.0,36375.6,23620.8,36473.1,0.9200
86573.4,19730.8,86719.1,19943.0,0.9200
99066.4,18844.7,99408.7,19200.0,0.9199
33694.2,17798.3,33920.0,17918.4,0.9198
72667.4,21120.3,72803.8,21220.9,0.9198
18948.3,27633.2,19136.2,27842.5,0.9198
38410.0,16051.4,38837.5,16624.7,0.9198
84877.1,10880.4,85049.3,11021.7,0.9197
33600.0,40682.9,33739.8,40853.8,0.9196
41972.5,14081.2,42101.5,14147.8,0.9196
26089.0,32003.4,26163.5,32108.7,0.9194
59678.3,10560.0,59792.7,10756.4,0.9194
88974.2,7360.0,89595.7,7737.0,0.9193
28315.8,51841.5,28478.8,52051.6,0.9193
58728.2,15106.8,58863.9,15360.0,0.9192
61120.0,13440.0,61749.9,13777.9,0.9191
76281.3,9320.9,76544.9,9470.2,0.9191
31426.8,24461.0,31680.0,24640.0,0.9191
38400.5,18322.2,38565.9,18551.7,0.9191
17271.6,63909.0,17600.0,63994.6,0.9190
67575.8,24000.0,67837.6,24258.4,0.9190
33841.8,22471.9,33920.0,22592.2,0.9189
33800.8,10324.6,33971.5,10606.2,0.9189
31570.8,10255.7,31992.0,10574.6,0.9189
88000.7,16775.4,88161.8,17029.1,0.9189
102384.9,6615.3,102720.0,6738.0,0.9189
78402.1,16961.7,78555.0,17138.5,0.9189
30081.5,31057.2,30236.5,31359.7,0.9188
22435.0,52942.8,22992.8,53434.4,0.9188
55549.7,22018.9,55679.7,22167.2,0.9187
88320.0,13795.2,88491.1,14015.3,0.9186
88818.5,13494.1,88960.0,13687.2,0.9186
54085.7,11600.0,54263.4,11834.4,0.9186
100160.0,10255.9,100627.9,10579.4,0.9185
60348.6,17339.4,60496.1,17599.2,0.9185
88327.5,8788.7,88960.0,8956.3,0.9184
22729.5,62876.6,22917.8,63040.0,0.9184
44043.0,10314.3,44159.0,10428.4,0.9184
16325.1,40389.1,16572.6,40636.3,0.9183
98976.9,15803.4,99508.6,15965.4,0.9183
81770.0,18100.8,81982.3,18301.1,0.9183
28576.7,50879.7,28716.7,50939.4,0.9182
89834.5,13120.1,90012.3,13268.1,0.9182
68048.2,7464.9,68160.0,7643.3,0.9181
98274.3,9830.3,98879.0,9988.6,0.9181
92214.7,10960.6,92358.8,11156.2,0.9180
44317.6,14637.7,44437.4,14720.0,0.9180
21596.0,38874.5,22080.0,39030.9,0.9179
123521.2,27594.5,123655.3,27840.0,0.9179
30477.1,30725.5,30674.4,30955.5,0.9178
17920.0,66652.6,18115.8,66885.1,0.9177
99326.9,13634.1,99519.3,13876.7,0.9177
88161.4,13825.5,88317.8,14052.4,0.9176
73689.8,20480.0,73975.8,20670.0,0.9176
30295.4,31834.9,30447.3,31999.8,0.9176
50121.0,7515.8,50237.0,7681.6,0.9175
28131.4,32078.7,28244.2,32320.0,0.9175
106244.9,16646.3,106648.0,17085.6,0.9174
55193.7,11747.3,55359.2,11835.8,0.9174
2770.9,64128.7,2880.0,64320.0,0.9174
31705.6,18032.3,32161.2,18560.0,0.9173
25281.1,33944.6,25408.8,34072.8,0.9173
17925.3,47047.1,18144.7,47228.5,0.9173
51992.3,22325.4,52469.9,22506.1,0.9172
19890.5,35524.9,20300.9,35972.2,0.9172
17616.5,36170.8,18011.2,36675.1,0.9172
21760.0,49916.1,21887.9,50238.9,0.9172
105616.8,11521.4,105790.3,11725.8,0.9172
89448.9,13541.0,89599.9,13755.4,0.9171
110202.2,18666.0,110392.7,18877.7,0.9171
28915.6,39421.9,29295.6,40000.0,0.9171
3002.8,63945.5,3166.1,64152.4,0.9170
36139.8,18756.0,36411.6,18877.6,0.9169
62231.4,19593.3,62400.0,19840.0,0.9169
34810.6,10313.0,34992.2,10574.4,0.9169
61760.0,13605.0,62119.4,13757.7,0.9169
47546.5,10063.5,47693.1,10266.7,0.9169
60800.0,7381.2,60992.4,7680.0,0.9169
33280.0,15376.6,33452.2,15600.5,0.9169
124482.8,27935.8,124659.9,28160.0,0.9168
22722.5,60213.7,22858.6,60479.3,0.9168
58137.7,18044.2,58240.0,18240.0,0.9168
36017.9,20834.7,36479.2,20997.5,0.9168
35306.9,54614.4,35425.3,54720.0,0.9168
39859.3,23693.0,40030.9,23994.8,0.9167
38400.6,14452.9,38576.6,14714.7,0.9166
43363.2,8963.3,43520.0,9162.0,0.9166
25129.1,50880.0,25280.0,51150.0,0.9166
87527.7,13240.4,87680.0,13425.5,0.9165
48960.0,23041.0,49052.8,23134.4,0.9165
21760.0,38870.8,22352.3,39034.9,0.9165
126402.0,34560.0,126563.4,34850.0,0.9165
68954.1,9280.0,69420.9,9782.7,0.9164
81772.3,18104.5,81920.0,18235.2,0.9163
77440.8,8000.0,77711.7,8187.9,0.9163
53421.6,11503.0,53757.0,11823.0,0.9162
34247.6,57988.0,34854.1,58176.9,0.9162
14998.9,65285.3,15134.5,65523.6,0.9162
97963.4,6129.2,98200.5,6337.4,0.9161
31170.2,27278.4,31318.7,27504.7,0.9161
22720.0,46619.5,22858.5,46839.8,0.9161
24688.9,64102.9,25263.2,64619.8,0.9160
47678.9,21955.8,47993.6,22034.7,0.9160
34582.4,51911.3,34664.1,52088.0,0.9159
64114.7,19840.0,64184.1,19936.5,0.9158
78962.6,8908.8,79121.8,9253.7,0.9158
36016.0,53309.7,36158.3,53439.4,0.9158
101440.0,19954.6,101556.5,20160.0,0.9157
17788.2,33317.2,17919.7,33540.6,0.9157
16050.2,27636.0,16640.0,28128.6,0.9157
94644.7,9280.0,94821.4,9428.0,0.9157
48340.2,23815.3,48640.0,23989.7,0.9157
25213.9,48960.0,25333.3,49256.2,0.9157
100800.4,17600.5,100956.4,17849.8,0.9156
127949.6,31683.6,128000.0,31800.7,0.9156
34957.4,39494.7,35520.0,39673.4,0.9156
66565.8,18702.7,66758.0,18846.1,0.9156
27256.9,48789.4,27791.2,48955.5,0.9156
31824.7,46795.7,32000.0,46954.0,0.9156
54720.7,13120.0,55360.0,13479.2,0.9155
43523.0,11321.8,43739.5,11509.7,0.9155
57601.1,22081.7,57785.0,22170.1,0.9154
19520.0,54598.2,19600.3,54718.1,0.9154
37124.9,20331.1,37565.0,20476.9,0.9154
51520.0,11385.9,51661.1,11681.6,0.9153
101508.8,9248.9,101684.2,9507.5,0.9152
35875.2,16960.0,36160.0,17113.6,0.9152
78448.5,18039.9,78710.4,18240.0,0.9152
39093.8,38684.1,39680.0,39032.3,0.9151
21347.2,42684.0,21754.9,42872.1,0.9151
36802.4,41849.3,36970.9,41941.1,0.9150
38720.1,46132.7,38843.2,46309.3,0.9150
106566.8,7291.5,106880.0,7416.3,0.9150
21691.8,35532.9,22072.3,35986.6,0.9150
30862.8,56048.0,31348.4,56640.0,0.9150
50560.0,11200.8,50742.2,11382.4,0.9148
53760.6,14448.9,53903.1,14720.0,0.9148
129286.2,32477.1,129446.8,32640.0,0.9148
21297.2,35899.6,21744.9,36480.0,0.9147
32895.1,20480.1,32959.9,20543.3,0.9147
21249.8,52483.8,21440.0,52764.7,0.9146
59975.8,4690.7,60160.0,4798.1,0.9146
75181.2,10343.7,75336.8,10570.7,0.9145
36486.2,46069.6,36658.6,46392.8,0.9145
52553.6,19667.9,52796.3,19840.0,0.9144
32643.4,10664.0,33120.4,10826.1,0.9143
79680.0,11212.9,79977.2,11509.8,0.9142
63041.1,20319.0,63158.1,20634.5,0.9142
77904.1,16612.8,78185.8,16775.3,0.9141
32964.2,28483.9,33100.2,28745.3,0.9141
38102.7,24320.4,38304.8,24449.3,0.9141
29441.4,35821.1,29606.6,36007.2,0.9141
36726.3,18277.0,36890.3,18601.6,0.9141
94626.8,9150.5,94816.4,9430.1,0.9140
20632.0,55517.9,20800.0,55680.0,0.9140
20808.0,65986.7,20992.0,66218.1,0.9140
56960.5,21802.0,57081.7,22004.2,0.9140
73653.9,21990.4,73920.0,22130.6,0.9138
25280.0,48708.8,25505.8,48859.5,0.9138
78400.0,21770.9,78751.2,22072.5,0.9138
21005.7,28161.6,21120.0,28407.9,0.9138
109948.4,20566.6,110079.0,20800.0,0.9138
100486.3,9860.8,101120.0,10160.9,0.9138
42297.4,19420.6,42410.2,19564.0,0.9137
45743.1,16877.2,45823.3,16960.0,0.9137
42491.2,13765.9,42559.3,13900.7,0.9136
40000.0,28902.5,40186.7,29120.0,0.9136
16963.6,65607.5,17023.8,65736.5,0.9136
52163.0,2560.0,52375.7,2747.3,0.9135
123415.0,37125.8,123520.0,37244.4,0.9135
57505.7,15780.6,57662.5,16000.0,0.9134
72961.6,20800.0,73037.6,20945.4,0.9134
21068.8,29841.6,21440.0,30206.2,0.9134
24325.7,57280.0,24509.8,57577.8,0.9133
323.6,64960.0,412.6,65059.4,0.9132
37922.6,52872.8,38079.9,53225.0,0.9131
42099.1,16661.9,42560.0,17066.7,0.9131
92481.3,7445.4,92696.0,7617.8,0.9130
5086.5,67758.7,5440.0,67835.9,0.9130
95235.2,11902.8,95441.8,12160.0,0.9129
57602.3,13799.3,57718.4,14080.0,0.9129
82563.3,9283.3,82628.7,9414.0,0.9128
26678.2,40436.8,26880.0,40639.8,0.9127
20816.8,56049.5,21116.7,56367.5,0.9127
29858.1,53518.4,29970.0,53691.8,0.9127
78720.0,19617.8,78897.1,19840.0,0.9127
25920.4,42800.7,26020.5,43133.7,0.9126
94210.7,9492.8,94397.4,9585.9,0.9126
37762.8,40495.4,37845.6,40619.6,0.9125
101121.7,16960.0,101233.7,17114.9,0.9125
46080.0,19083.4,46402.6,19520.0,0.9125
32001.9,46720.0,32159.6,46972.0,0.9125
37762.1,19402.0,37846.4,19499.6,0.9125
82885.8,20486.5,83278.0,20875.1,0.9125
52834.3,13269.1,53346.0,13436.3,0.9125
54720.0,22008.8,55292.4,22179.9,0.9124
37185.8,11840.1,37335.0,12159.6,0.9124
73241.6,20902.2,73477.0,21116.9,0.9123
82963.7,16001.3,83040.9,16103.4,0.9123
31843.3,15040.0,31999.1,15343.1,0.9123
36641.8,38095.9,36800.0,38400.0,0.9122
90289.9,9671.1,90607.2,9750.5,0.9122
62587.9,16999.6,62682.2,17203.1,0.9122
47040.0,20163.0,47374.9,20484.3,0.9122
93906.5,13440.8,94080.0,13587.1,0.9121
32797.9,53977.4,32960.0,54078.8,0.9121
87683.9,10642.5,87839.4,10873.0,0.9121
33628.7,54720.0,33792.0,55074.2,0.9121
57774.3,20803.3,57867.9,21034.9,0.9120
81600.1,8682.3,81737.5,8920.8,0.9120
36160.0,18409.5,36538.3,18557.5,0.9120
54721.7,3993.9,54825.3,4151.9,0.9119
88503.5,13207.0,88640.0,13399.4,0.9119
27632.2,34040.5,27839.8,34236.8,0.9119
63222.6,19942.3,63359.3,20149.6,0.9119
54083.2,2032.4,54274.6,2283.3,0.9119
38082.7,20837.3,38329.1,20997.6,0.9119
32299.4,30400.0,32412.3,30658.6,0.9118
26385.3,38565.1,26873.1,38710.5,0.9118
72022.9,21857.6,72314.2,22012.7,0.9118
64918.2,21956.7,65280.0,22097.0,0.9117
21459.9,54779.4,22051.8,55100.2,0.9117
22400.7,47962.1,22642.0,48318.8,0.9117
4803.6,66560.0,4974.3,66737.5,0.9116
53564.1,14816.1,53681.9,15040.0,0.9116
44800.9,21636.7,45030.8,21825.2,0.9115
89595.0,13136.7,89793.5,13317.7,0.9115
52413.3,2560.0,52534.8,2775.5,0.9115
35174.3,43238.3,35295.2,43388.6,0.9114
95041.4,10663.6,95200.0,10790.5,0.9114
105972.6,8000.0,106356.0,8569.0,0.9114
22916.2,48479.4,23037.3,48721.8,0.9114
32184.4,23244.9,32299.5,23475.4,0.9113
58602.2,7360.0,58880.0,7539.6,0.9113
28840.9,35200.0,29206.0,35763.5,0.9113
22837.0,50732.1,23063.9,50876.8,0.9113
34240.2,21472.9,34410.4,21703.8,0.9113
58241.0,21912.8,58421.5,22076.3,0.9113
24517.7,37791.4,24619.9,38080.0,0.9113
19972.2,36888.1,20160.0,37112.7,0.9113
17654.9,68484.8,17830.7,68705.0,0.9113
31032.4,29447.2,31327.7,29567.9,0.9112
32002.1,51201.4,32159.2,51448.2,0.9112
121920.6,30720.0,122041.8,30876.4,0.9112
95504.9,12161.8,95678.3,12469.9,0.9111
57695.6,5914.6,57916.6,6300.9,0.9111
26433.9,33402.2,26575.2,33599.1,0.9111
93329.7,14736.0,93745.3,15215.6,0.9110
50008.1,8643.1,50139.0,8886.8,0.9110
81601.9,9689.5,81751.5,9920.0,0.9110
34881.3,39501.3,35000.0,39697.8,0.9110
84619.5,10880.0,84798.1,11213.0,0.9109
25722.4,38869.7,25918.6,39037.7,0.9108
31683.0,52160.0,31831.7,52464.9,0.9108
47368.2,10882.2,47805.9,11394.6,0.9108
58276.1,18982.1,58864.8,19125.9,0.9108
51601.0,9724.5,52010.5,9907.1,0.9107
72960.0,21066.0,73214.6,21217.5,0.9107
101760.0,11939.5,102373.2,12276.3,0.9107
119572.0,25931.1,119666.9,26050.3,0.9106
74837.4,11128.3,74977.0,11200.0,0.9106
61121.0,18240.0,61239.8,18409.3,0.9105
45457.7,12160.0,45783.7,12318.2,0.9105
18882.6,49734.4,19067.7,50040.2,0.9105
21965.1,37761.6,22066.2,37862.9,0.9105
36923.7,54192.2,37074.8,54400.0,0.9104
53740.5,22027.0,54080.0,22167.4,0.9104
25799.4,36800.0,25913.6,37057.0,0.9104
106010.2,12809.3,106560.0,13020.0,0.9104
22703.3,59047.5,23040.0,59159.5,0.9104
122005.3,26374.5,122234.3,26559.4,0.9103
31683.2,38149.2,31818.1,38398.9,0.9103
35017.5,44504.3,35200.0,44642.6,0.9103
38701.0,27200.0,38843.9,27584.7,0.9102
84667.4,11520.0,84798.7,11822.5,0.9102
46720.6,18882.1,46888.0,19038.7,0.9102
30204.1,57600.0,30321.1,57798.0,0.9101
8090.5,60489.0,8640.0,60694.0,0.9101
60819.4,13467.2,61440.0,13680.8,0.9101
20482.2,29229.4,20747.1,29549.2,0.9101
19691.7,39265.4,19840.0,39360.0,0.9101
69127.9,16369.6,69749.8,16554.7,0.9100
41352.8,21444.4,41592.6,21612.3,0.9100
87684.4,17080.1,87864.9,17280.0,0.9099
25280.0,61440.0,25778.1,61895.8,0.9099
80909.6,9609.7,81268.6,10036.1,0.9098
28160.0,57280.0,28322.2,57501.6,0.9098
28682.5,60166.9,28800.0,60332.8,0.9098
25287.3,54080.0,25913.4,54387.1,0.9097
51658.3,2240.0,51840.0,2455.0,0.9097
61120.0,15705.6,61744.2,16198.2,0.9097
54028.0,20267.1,54147.8,20480.0,0.9097
31376.1,47691.1,31800.1,48047.1,0.9097
86720.0,19526.5,87012.2,20016.4,0.9096
29761.0,51840.0,29935.3,51955.4,0.9096
38082.0,21838.4,38213.5,22053.7,0.9096
103207.2,9600.6,103360.0,9749.3,0.9096
107627.7,18887.7,108123.0,19339.9,0.9096
15880.8,63073.4,16004.2,63360.0,0.9095
31880.3,13148.8,32000.0,13433.7,0.9094
19521.5,50105.6,19963.5,50343.9,0.9094
72960.0,9602.5,73145.0,9766.1,0.9093
73115.9,8729.5,73277.5,8919.7,0.9093
61121.2,20160.0,61320.0,20387.5,0.9092
24320.3,38903.7,24826.3,39104.1,0.9092
35841.4,20530.0,35976.4,20749.8,0.9091
57816.7,13446.3,57918.3,13728.5,0.9091
30826.0,47099.0,31032.5,47360.0,0.9091
67959.6,7938.6,68105.1,7994.7,0.9091
58753.9,5979.7,58863.4,6145.5,0.9090
68742.0,22595.6,68798.1,22703.2,0.9089
24025.2,32000.0,24175.4,32392.1,0.9088
35328.7,55361.2,35440.1,55476.8,0.9088
129922.4,31432.7,130090.5,31646.4,0.9088
98244.1,16656.6,98417.5,16960.0,0.9088
32828.3,57739.7,33265.3,57892.5,0.9088
44943.1,22323.2,45120.0,22453.7,0.9088
68162.7,19638.0,68349.5,19838.5,0.9087
78722.4,10988.1,78796.7,11170.9,0.9087
96000.0,7393.0,96612.1,7577.4,0.9086
102081.2,11068.0,102287.6,11365.5,0.9086
63563.7,20885.3,63752.5,21118.9,0.9086
55701.9,18524.8,55771.8,18641.6,0.9086
33122.6,56447.7,33280.0,56640.0,0.9086
88320.0,11592.2,88510.3,11800.2,0.9086
33285.0,25909.9,33500.4,26235.8,0.9085
46402.7,12804.6,46524.0,13032.3,0.9085
57511.6,22724.5,57920.0,22878.9,0.9085
122254.7,29120.0,122702.4,29529.6,0.9085
17345.4,33153.2,17600.0,33280.0,0.9085
33150.3,24646.2,33280.0,24709.4,0.9085
53967.7,18124.2,54079.3,18231.9,0.9084
32441.2,57039.0,32633.5,57280.0,0.9084
12800.1,65925.5,12982.4,66169.1,0.9084
38081.9,24089.0,38271.8,24320.0,0.9084
42500.5,13706.0,42607.2,13899.9,0.9083
89050.8,13442.1,89256.4,13631.6,0.9083
44551.6,13084.7,44768.3,13213.9,0.9083
19840.0,52103.2,20444.9,52468.0,0.9082
36800.6,56265.4,36979.8,56437.5,0.9082
32798.9,54080.0,32960.0,54180.8,0.9081
88740.7,13151.2,88945.8,13331.3,0.9081
23766.3,38886.3,24000.0,39038.4,0.9081
69125.4,14173.1,69270.7,14514.9,0.9080
53647.4,19579.9,53802.5,19826.2,0.9080
69442.6,8528.4,69598.6,8778.7,0.9080
89619.9,12010.6,90240.0,12152.4,0.9080
28800.0,42607.8,28942.0,42880.0,0.9079
37121.2,38080.0,37240.7,38376.8,0.9079
36800.4,31477.6,36975.6,31680.0,0.9079
38694.2,28800.0,38853.2,29178.0,0.9079
32960.3,17328.4,33121.1,17600.0,0.9079
96838.9,6586.9,97271.3,6784.2,0.9078
56400.5,15474.4,56625.1,15569.8,0.9078
61558.8,4632.4,61701.6,4787.2,0.9077
35841.8,21146.3,35918.9,21291.9,0.9076
121294.2,26044.7,121703.6,26560.0,0.9076
81922.9,15685.9,82044.0,15935.3,0.9076
100493.4,9376.1,101044.7,9581.1,0.9075
94419.6,12633.1,94597.8,12863.8,0.9075
34881.4,16070.2,35295.1,16227.4,0.9075
21928.7,57890.3,22077.3,58135.5,0.9074
89365.6,13197.7,89573.4,13376.8,0.9074
35045.1,26880.0,35198.7,27049.3,0.9074
58734.9,18569.6,58903.8,18731.3,0.9073
29359.2,45873.2,29591.0,46033.4,0.9073
68207.1,22220.1,68800.0,22392.3,0.9073
41623.3,19845.9,41773.4,19983.2,0.9073
21763.6,43200.0,22258.0,43437.3,0.9072
77853.7,12354.4,78391.8,12800.0,0.9072
32461.0,45786.2,32608.5,46019.8,0.9072
88583.6,13003.3,88774.2,13182.6,0.9072
57775.5,22083.2,58109.3,22160.5,0.9072
86083.7,20160.0,86291.7,20311.2,0.9071
93776.6,7819.7,94400.0,7967.6,0.9070
89600.3,10849.2,89760.0,10993.0,0.9070
107361.8,15874.7,107520.0,16113.4,0.9070
19357.0,37625.9,19519.8,37717.2,0.9069
29190.9,31381.3,29299.5,31678.6,0.9068
55298.7,17071.7,55407.9,17280.0,0.9068
98880.0,5440.0,99497.4,5757.1,0.9068
120555.4,33806.2,120640.0,33917.2,0.9068
3840.0,65167.2,3999.9,65360.0,0.9067
87691.1,13440.8,87844.2,13566.4,0.9066
33281.4,36365.3,33423.4,36585.7,0.9066
19860.1,52160.0,20413.0,52712.8,0.9066
30720.3,29677.8,30892.6,29927.1,0.9065
36926.1,37477.7,37113.2,37754.0,0.9065
70999.8,20576.6,71151.7,20753.5,0.9065
73996.4,15468.0,74560.0,15617.8,0.9064
89521.7,13349.3,89706.3,13519.8,0.9064
57948.8,20281.4,58215.1,20472.4,0.9063
37175.6,44265.2,37303.3,44480.0,0.9063
32743.1,13417.5,32957.0,13710.5,0.9063
58568.7,10244.2,58774.0,10439.7,0.9062
69780.6,9742.7,70378.5,10240.0,0.9062
34701.9,51528.8,34773.0,51673.5,0.9062
38083.3,43073.4,38188.0,43260.3,0.9061
75664.3,19525.5,75837.6,19707.6,0.9060
76370.8,8320.0,76480.0,8548.7,0.9059
98880.0,13535.7,99172.6,13732.9,0.9059
30082.0,46587.2,30152.4,46717.1,0.9059
34209.6,21079.7,34560.0,21148.6,0.9058
51686.4,19779.1,51831.2,19840.0,0.9058
85443.0,12979.2,86080.0,13348.9,0.9058
67218.2,15774.9,67833.6,15957.0,0.9057
45163.4,13782.7,45283.6,13973.5,0.9057
28336.8,44800.0,28411.3,44930.0,0.9057
125761.2,28808.8,125999.0,29120.0,0.9057
54402.0,22526.0,54510.3,22699.5,0.9057
19211.5,38767.6,19838.0,39081.5,0.9056
37949.0,36166.2,38069.6,36485.4,0.9056
33920.3,38016.9,34097.8,38272.1,0.9056
21768.4,45866.0,22364.9,46397.7,0.9056
58374.7,6405.6,58555.4,6657.9,0.9055
31567.9,29761.2,31680.0,29942.9,0.9055
80999.8,11064.4,81146.6,11197.5,0.9054
71842.2,9280.0,72000.0,9465.0,0.9054
87046.5,12601.9,87680.0,12893.2,0.9053
62459.5,18192.4,62720.0,18338.5,0.9053
61896.9,17007.2,62011.6,17280.0,0.9052
93128.0,11371.2,93749.9,11511.0,0.9051
31085.3,11550.6,31350.9,11664.8,0.9051
123523.3,28266.0,123722.2,28480.0,0.9051
21120.0,44853.7,21299.1,45120.0,0.9051
58218.7,15680.0,58300.2,15799.2,0.9050
32794.4,44537.4,32946.3,44800.0,0.9050
36804.1,14088.6,36990.7,14400.0,0.9050
27841.6,35048.8,28030.5,35200.0,0.9050
52199.4,10106.9,52479.1,10226.8,0.9049
56963.9,12840.5,57063.4,13120.0,0.9049
28672.8,60064.3,29018.7,60386.2,0.9049
42217.0,18413.3,42560.0,18491.4,0.9048
31397.0,12120.6,31504.1,12455.7,0.9047
120666.1,27520.0,120960.0,27672.8,0.9047
16116.1,27848.7,16640.0,28268.1,0.9047
75274.8,17216.0,75368.3,17277.1,0.9046
82063.2,8971.4,82539.1,9380.0,0.9045
62795.0,7108.4,63039.0,7356.7,0.9045
79041.0,19009.8,79256.4,19200.0,0.9044
47373.9,11520.0,47897.7,11902.4,0.9044
100837.7,13129.7,101290.2,13310.4,0.9044
47030.2,21878.3,47360.0,21951.9,0.9044
92165.8,9798.7,92455.5,9919.2,0.9044
96982.3,7137.6,97561.9,7304.6,0.9044
37685.5,33869.2,37805.4,34170.5,0.9044
65551.0,21547.1,65600.0,21633.9,0.9044
87253.5,11849.9,87360.0,11946.8,0.9042
114689.9,22105.4,115194.4,22400.0,0.9042
82880.2,14234.0,83139.2,14356.4,0.9041
88322.4,13243.0,88485.0,13424.8,0.9041
29443.8,48133.1,29533.8,48392.8,0.9041
22111.0,56827.0,22391.2,57280.0,0.9040
21281.6,54818.7,21436.1,55040.0,0.9040
42347.6,20689.7,42557.7,20911.3,0.9040
35713.1,20536.1,35977.8,20735.0,0.9040
51200.0,9652.6,51823.5,10011.1,0.9040
24116.7,48471.6,24640.0,48635.6,0.9039
21121.5,56714.3,21521.8,56957.7,0.9039
68099.0,8008.7,68179.6,8103.6,0.9038
81563.5,13825.5,81920.0,13975.7,0.9038
87040.0,9231.3,87572.5,9372.7,0.9038
26172.8,43943.2,26560.0,44097.1,0.9038
68470.8,19551.7,68582.2,19868.5,0.9037
17331.7,33667.9,17450.1,33920.0,0.9037
31675.5,23571.9,32000.0,23665.9,0.9037
49615.5,14720.0,49744.6,15090.4,0.9037
34261.6,51387.4,34560.0,51510.3,0.9036
124161.0,37440.0,124523.3,37900.6,0.9036
17602.2,61168.3,17782.5,61440.0,0.9036
89099.7,16644.4,89280.0,16907.1,0.9036
31460.1,20673.3,32000.0,20922.7,0.9036
19707.1,31505.1,19839.6,31782.0,0.9035
89209.7,13122.0,89419.1,13225.3,0.9034
89443.3,12994.5,89628.5,13173.0,0.9034
38405.3,35303.8,38513.8,35558.2,0.9034
48509.8,17531.8,48640.0,17698.8,0.9033
18204.8,43554.8,18555.2,43768.8,0.9033
65923.2,19799.4,66068.5,20081.9,0.9033
23361.3,56007.1,23663.2,56314.1,0.9033
82740.0,18767.6,82879.1,18874.8,0.9032
62177.8,21142.1,62395.7,21379.0,0.9031
24965.9,51405.7,25558.6,51565.8,0.9031
43841.6,16964.8,44152.6,17188.9,0.9030
19865.8,34937.0,20385.7,35394.8,0.9030
44309.7,18615.4,44538.7,18844.4,0.9030
38730.7,26880.0,38901.9,27107.1,0.9030
92165.6,9920.0,92484.4,10054.0,0.9029
55040.0,12050.3,55299.5,12173.5,0.9029
89735.4,10081.4,89918.4,10265.4,0.9029
35201.9,36184.8,35402.6,36273.6,0.9029
17954.2,39389.6,18040.4,39627.6,0.9029
115841.6,24546.4,115979.7,24757.1,0.9028
44183.9,14666.9,44440.5,14784.9,0.9028
32962.0,56425.2,33044.6,56538.3,0.9028
23862.1,40686.7,24000.0,40960.0,0.9027
21415.0,54348.0,21726.8,54468.0,0.9027
69408.1,16196.3,69760.0,16303.7,0.9027
89291.6,8651.1,89919.9,8792.6,0.9027
29492.6,60318.4,29760.0,60472.7,0.9026
102778.5,13612.2,103032.7,13755.2,0.9026
60415.2,19520.0,60478.9,19616.6,0.9026
70404.5,15965.8,71040.0,16287.2,0.9026
63040.8,5576.3,63249.4,5760.0,0.9026
64831.9,18755.2,64958.3,19047.8,0.9025
31256.0,42677.6,31360.0,42798.9,0.9025
21447.5,47057.3,21795.2,47537.6,0.9025
72209.4,22069.8,72320.0,22264.4,0.9025
30438.5,29474.7,30595.4,29653.6,0.9024
17248.1,67522.1,17597.2,67901.5,0.9023
35333.4,56133.9,35464.0,56320.0,0.9023
44164.8,21537.0,44344.5,21738.0,0.9023
86086.4,12813.6,86720.0,13163.6,0.9023
86803.4,12638.1,87344.5,12790.2,0.9023
60019.9,6405.9,60462.7,6828.3,0.9023
61684.3,22571.7,61745.8,22712.8,0.9022
51840.0,12898.8,51997.9,13114.3,0.9022
104529.3,5120.0,104639.5,5367.4,0.9022
38737.9,20582.3,39318.6,20752.9,0.9022
31208.7,40960.9,31324.9,41107.1,0.9022
24962.2,46381.4,25029.5,46504.5,0.9021
15340.1,66419.4,15419.0,66580.0,0.9021
52002.8,23040.2,52160.0,23160.2,0.9021
93638.8,9131.4,93758.3,9302.6,0.9021
97280.0,15546.7,97403.0,15678.4,0.9021
14400.1,65602.3,14727.7,65815.8,0.9020
68480.0,22778.7,69037.4,22953.9,0.9020
71360.0,21869.3,71890.0,22011.2,0.9019
3153.8,64002.9,3259.1,64164.4,0.9019
33920.1,27200.0,34020.0,27297.4,0.9018
59675.8,9280.0,59840.0,9488.3,0.9017
23940.3,50562.4,24027.7,50811.2,0.9017
70804.2,10174.2,70934.6,10240.0,0.9017
3007.0,62846.6,3193.5,63040.0,0.9016
80048.0,20061.5,80320.0,20159.6,0.9016
25737.4,50296.5,26089.6,50880.0,0.9016
19996.1,58966.8,20159.5,59197.0,0.9016
51545.3,2561.7,51616.2,2711.5,0.9016
27733.4,51722.0,27840.0,51840.0,0.9015
103040.0,6477.4,103599.6,6625.3,0.9015
111682.2,25024.8,111776.6,25280.0,0.9015
51590.2,4193.7,51813.0,4354.9,0.9014
89652.1,7907.1,89774.5,8000.0,0.9014
100163.1,16322.6,100245.0,16470.4,0.9014
94720.3,16841.1,95047.0,17280.0,0.9014
55712.4,17601.4,55899.9,17785.2,0.9013
26869.3,53616.1,27156.8,53756.7,0.9013
127664.5,30590.0,128000.0,30715.0,0.9013
35986.8,21189.3,36158.8,21315.0,0.9012
32640.9,52492.5,32975.3,53041.7,0.9012
24449.9,63071.4,24635.1,63358.3,0.9012
98565.0,9794.4,99196.5,9950.0,0.9011
56170.1,18113.1,56319.4,18239.3,0.9011
18616.9,47677.4,18743.3,47991.0,0.9011
72229.3,15828.5,72635.5,15913.2,0.9011
77045.0,17280.0,77117.9,17412.8,0.9011
29523.2,38837.0,29759.1,38978.5,0.9011
28301.4,46572.1,28480.0,46717.8,0.9010
45820.6,20746.8,45892.9,20856.2,0.9009
61853.9,18244.3,62045.0,18551.1,0.9009
96124.0,9297.0,96319.1,9600.0,0.9009
18899.8,41329.7,19520.0,41802.7,0.9008
35521.8,11520.0,35711.6,11832.4,0.9008
23518.0,48538.4,23608.1,48639.0,0.9007
24960.0,48420.7,25141.4,48629.3,0.9007
68324.9,8020.5,68480.0,8134.5,0.9007
42427.7,19061.4,42553.8,19187.2,0.9007
23043.9,60566.1,23191.9,60796.5,0.9006
103221.5,10310.7,103359.3,10498.2,0.9004
70403.3,16973.2,70541.4,17223.2,0.9004
20829.3,37562.6,21021.5,37760.0,0.9004
75523.7,15680.0,75716.9,15916.8,0.9003
64189.2,19808.7,64318.1,19944.3,0.9003
17708.4,40425.0,17920.0,40631.0,0.9003
106886.6,18586.8,107092.6,18880.0,0.9002
20800.0,39409.6,21122.0,39701.8,0.9002
34396.9,29535.8,34558.4,29632.0,0.9002
60491.4,23343.6,61120.0,23676.3,0.9001
38408.3,29441.7,38583.6,29800.0,0.9001
2472.9,64457.6,2868.5,64916.9,0.9001
72441.4,19612.2,72571.7,19685.0,0.9001
21385.4,36480.1,21753.6,36903.7,0.9001
32006.9,31044.0,32225.9,31269.2,0.9001
76341.9,12864.3,76480.0,13051.9,0.9000
28537.0,48430.4,28713.1,48640.0,0.9000
38312.4,34456.9,38472.6,34560.0,0.8999
35039.5,12676.7,35285.7,12800.0,0.8999
69121.4,12524.4,69273.7,12846.4,0.8999
80001.0,18299.3,80128.5,18503.3,0.8999
33786.0,39731.0,33910.1,40000.0,0.8997
80572.8,9929.5,80640.0,10046.0,0.8997
29151.0,57924.2,29425.3,58185.0,0.8997
76344.0,13455.4,76480.0,13631.4,0.8997
17245.8,65601.0,17402.8,65852.0,0.8996
80960.0,14116.8,81569.4,14263.2,0.8996
27222.3,38818.4,27839.2,39014.6,0.8996
20187.2,62523.6,20364.7,62715.6,0.8996
77241.8,17357.4,77431.2,17573.5,0.8995
25667.9,33920.0,26240.0,34139.1,0.8995
45873.4,11679.3,46080.0,11840.0,0.8995
105316.6,12714.5,105449.1,12951.5,0.8995
44800.0,13760.0,44967.5,13967.2,0.8994
37882.6,51025.8,38080.0,51196.6,0.8994
22727.7,44113.8,22887.5,44378.8,0.8994
65493.7,21951.7,65600.0,22099.2,0.8994
102345.9,15372.4,102708.0,15655.2,0.8994
70503.3,9749.3,70680.9,9914.6,0.8993
42566.4,20679.8,42783.5,20897.3,0.8992
41293.9,21804.5,41598.1,21932.7,0.8992
14409.2,68059.5,14720.0,68149.9,0.8992
69763.2,16971.0,70026.3,17399.8,0.8992
58721.7,3636.8,58878.9,3839.0,0.8992
36087.2,20617.2,36477.0,20767.7,0.8991
107379.4,15884.7,107520.0,16000.0,0.8991
22092.4,51799.2,22720.0,52156.3,0.8990
26589.6,45530.4,27189.1,46063.2,0.8990
20480.0,44072.5,21118.0,44474.6,0.8990
56473.9,6620.5,56944.5,7017.9,0.8990
86054.7,13502.7,86324.6,13653.7,0.8990
43937.7,20345.1,44077.5,20476.0,0.8990
39124.8,38595.4,39360.0,38720.0,0.8989
98573.1,10293.3,98880.0,10376.8,0.8989
32001.0,21026.0,32153.0,21120.0,0.8989
55802.1,16645.2,56000.0,16824.4,0.8989
72018.0,18409.7,72286.2,18537.4,0.8989
92804.4,14016.6,93440.0,14337.4,0.8988
81540.8,12384.1,81598.7,12480.0,0.8988
20162.0,28800.2,20235.8,28988.5,0.8986
84900.2,11019.1,85096.3,11191.5,0.8986
21618.1,31374.8,22062.7,31889.0,0.8986
31105.4,44480.1,31175.8,44608.6,0.8986
126403.7,31222.4,126638.6,31648.0,0.8986
64640.0,21961.2,65243.3,22115.8,0.8985
103531.8,8966.1,103680.0,9239.8,0.8985
70554.9,11949.9,70718.0,12130.3,0.8984
96690.8,7219.5,97280.0,7401.3,0.8984
87293.5,13294.0,87492.3,13470.4,0.8984
17289.3,66931.2,17896.2,67421.0,0.8984
49448.3,12560.4,49600.0,12800.0,0.8983
65930.4,21021.7,66240.0,21148.6,0.8983
28670.9,46926.7,28795.8,47216.8,0.8983
32639.2,39416.8,32753.1,39680.0,0.8983
6205.9,63179.3,6400.0,63356.8,0.8983
35387.0,9439.9,35700.5,9595.1,0.8982
21440.5,60160.0,21559.5,60426.0,0.8982
34402.1,10742.7,34559.9,10985.5,0.8982
60484.4,14400.9,60617.9,14743.2,0.8982
22400.0,53664.4,22708.2,53751.8,0.8981
12481.3,67276.4,12657.5,67437.9,0.8981
64451.5,18179.2,64529.1,18237.4,0.8981
122492.0,28170.2,122873.1,28493.3,0.8980
86723.2,12624.5,87360.0,12986.4,0.8980
116800.7,28160.0,116971.7,28401.3,0.8980
21123.8,55419.7,21479.9,55798.2,0.8980
16962.4,29426.4,17077.6,29675.8,0.8979
28150.2,51708.5,28480.0,51789.0,0.8978
50692.3,17368.1,50880.0,17437.8,0.8978
34892.6,21789.9,35286.1,22400.0,0.8978
127684.7,31402.6,127846.7,31680.0,0.8978
93446.8,11328.6,93923.6,11510.9,0.8978
17741.8,68167.7,17903.9,68475.6,0.8977
64160.4,6720.0,64311.9,6925.1,0.8977
100486.9,6571.7,101120.0,6710.9,0.8977
38402.4,12957.0,38599.3,13151.0,0.8977
30552.9,47044.3,30741.9,47256.1,0.8976
17337.5,46080.0,17598.7,46190.9,0.8975
87210.1,14393.5,87360.0,14649.7,0.8975
102039.6,16494.7,102400.0,16640.0,0.8975
32004.0,50983.6,32188.3,51200.0,0.8974
21120.0,45436.9,21756.0,45759.3,0.8974
81220.9,12583.1,81280.0,12791.4,0.8973
37600.2,48116.0,37759.5,48320.0,0.8973
50993.0,20821.3,51195.4,21120.0,0.8973
106560.0,21120.0,106870.8,21510.3,0.8973
39362.1,30073.2,39476.0,30219.4,0.8972
22103.1,29120.0,22708.5,29667.4,0.8972
21627.3,48320.0,21824.4,48611.6,0.8972
39094.5,27879.7,39353.2,28038.2,0.8972
125440.8,28483.3,125760.0,28569.5,0.8971
36095.1,52693.9,36232.0,53015.7,0.8971
27847.7,57299.5,28184.2,57823.2,0.8970
123729.3,29765.2,124153.4,30098.0,0.8970
50443.4,10673.7,50851.3,11200.0,0.8969
73922.2,10652.4,74108.4,10873.3,0.8969
54400.7,10717.1,54619.4,10879.9,0.8968
28843.5,33359.0,29155.5,33920.0,0.8967
24140.3,43442.0,24418.7,43599.4,0.8967
30080.5,57920.0,30211.9,58118.1,0.8967
35655.8,21497.8,35840.0,21631.4,0.8966
42156.2,19229.2,42238.3,19352.7,0.8966
68918.4,18750.4,69192.3,18878.4,0.8965
84284.0,8320.7,84475.9,8567.6,0.8965
34243.7,20489.6,34343.4,20665.8,0.8964
74241.1,15024.4,74863.1,15357.8,0.8963
79059.6,13896.9,79293.7,14134.5,0.8963
46907.9,12488.6,47040.0,12751.2,0.8963
32831.4,10251.1,32960.0,10472.9,0.8962
38463.1,30720.0,38584.3,30929.0,0.8962
33757.1,48320.0,33917.6,48721.2,0.8962
63836.0,20895.8,64000.0,20996.5,0.8962
3349.7,64008.0,3810.1,64444.7,0.8962
64963.3,16664.6,65112.3,16960.0,0.8962
25869.7,35200.0,26110.8,35322.3,0.8961
18652.3,49739.7,19200.0,49911.3,0.8961
11115.4,60800.6,11183.4,60940.0,0.8961
27502.6,37324.6,27833.6,37433.9,0.8961
40877.4,21773.4,41274.2,21872.7,0.8961
105265.9,5988.0,105600.0,6080.0,0.8961
58095.8,22402.7,58240.0,22578.3,0.8960
96997.6,14241.1,97278.1,14369.4,0.8960
88008.8,19704.1,88236.7,19910.3,0.8959
45120.6,18685.8,45293.3,18880.0,0.8958
24504.8,30634.2,24639.4,30907.2,0.8958
28452.0,44250.6,28800.0,44370.5,0.8958
61104.9,4808.6,61435.7,5135.4,0.8958
16609.8,63802.9,16956.4,64307.1,0.8958
51993.8,22536.7,52480.0,22710.3,0.8957
17465.4,33671.7,17600.0,33996.3,0.8957
32482.3,41751.9,32619.6,41920.0,0.8957
36804.9,20669.3,37008.7,20842.8,0.8956
63114.7,13379.1,63233.4,13487.9,0.8956
36160.0,40328.2,36437.9,40517.7,0.8955
26240.0,44865.5,26424.6,45110.0,0.8955
77736.2,13332.0,77901.0,13438.0,0.8955
88960.0,19553.4,89143.6,19805.8,0.8954
89744.7,13270.5,89918.3,13434.9,0.8954
58552.9,18993.4,58880.0,19109.2,0.8954
64643.5,7365.6,64790.2,7671.5,0.8953
64960.0,14880.0,65483.9,15039.1,0.8953
57866.5,21003.4,58238.7,21118.2,0.8953
88342.9,8822.9,88640.0,8957.4,0.8953
22112.4,47360.0,22518.2,47828.1,0.8952
38400.8,23674.4,38507.1,23868.7,0.8952
87360.0,12579.6,87986.6,12816.7,0.8952
72642.0,21825.4,73249.2,21976.8,0.8951
60869.6,16001.8,61120.0,16133.4,0.8951
28480.0,38606.3,28941.0,38754.3,0.8951
98240.0,14516.2,98859.8,14716.5,0.8951
125855.1,34706.6,126080.0,34880.0,0.8950
98282.4,6957.0,98880.0,7114.9,0.8950
99179.4,9821.5,99520.0,9933.1,0.8949
57289.8,11986.4,57920.0,12352.3,0.8949
44428.7,12163.5,44595.9,12312.8,0.8949
90193.4,10243.9,90552.3,10659.5,0.8949
121219.5,33342.0,121279.1,33443.0,0.8948
57225.7,13455.8,57383.7,13558.8,0.8948
1411.0,65920.8,1595.2,66075.7,0.8948
76480.0,16322.2,76704.2,16427.8,0.8947
56087.2,12160.8,56318.9,12324.5,0.8947
59227.9,10371.7,59519.9,10729.3,0.8947
36287.7,58989.5,36468.2,59200.0,0.8946
56323.7,12913.5,56393.5,13021.9,0.8945
103360.0,12486.5,103666.6,12619.7,0.8945
108803.2,10020.3,109002.8,10239.5,0.8943
69443.6,16167.0,70058.0,16313.1,0.8943
53441.4,2764.4,53656.5,2866.5,0.8943
87525.6,10887.7,87679.9,11077.6,0.8943
32320.0,39403.8,32589.7,39474.9,0.8943
105163.2,5531.5,105280.0,5733.4,0.8943
29474.5,38829.6,30070.5,38971.6,0.8943
49631.2,17600.0,49763.6,17919.8,0.8942
94728.4,7974.1,95020.7,8164.2,0.8942
45686.3,21074.7,45757.3,21189.9,0.8942
33038.0,15833.4,33204.5,15993.5,0.8942
18880.6,52082.9,18961.7,52216.0,0.8942
17669.1,68962.4,17917.0,69119.6,0.8942
79074.6,19520.0,79631.8,19973.1,0.8942
4166.4,64005.3,4344.2,64162.7,0.8941
108806.7,10240.0,109008.4,10413.8,0.8941
60648.8,9019.1,60799.0,9280.0,0.8941
24640.0,57968.6,24819.5,58230.6,0.8940
19843.8,34397.6,20043.0,34560.0,0.8940
93797.2,9284.0,93975.6,9377.4,0.8940
53687.5,20714.8,54080.0,20864.4,0.8940
77761.5,15723.3,78050.6,16017.7,0.8939
80907.1,20422.7,81280.0,20515.1,0.8939
36162.7,35842.2,36224.1,35987.4,0.8939
18322.1,59813.1,18880.0,59969.5,0.8938
98252.6,16960.0,98560.0,17081.6,0.8938
59521.5,5441.6,59699.9,5654.4,0.8937
25413.9,64675.5,25913.1,65247.5,0.8937
30165.3,48656.1,30222.6,48778.0,0.8936
91364.3,11684.5,91840.0,11838.5,0.8936
79624.1,21945.3,80000.0,22072.0,0.8935
52481.6,6770.0,52678.2,7040.0,0.8934
72642.6,9978.4,72833.9,10173.1,0.8934
33282.6,54696.4,33367.3,54812.3,0.8934
24678.1,64695.7,25259.0,65265.7,0.8934
49602.6,21509.2,49793.8,21625.7,0.8934
21563.8,45120.4,21759.0,45320.9,0.8934
89046.9,12891.8,89254.0,13075.6,0.8932
30554.9,47360.0,30720.0,47719.9,0.8932
71043.1,9315.3,71541.4,9754.1,0.8932
51840.4,9726.1,51999.3,9920.0,0.8932
35416.2,17508.9,35519.6,17795.0,0.8931
29760.0,60090.7,30055.5,60220.6,0.8931
68483.1,16166.4,68960.2,16315.4,0.8931
52485.0,20879.0,52950.6,21440.0,0.8930
27521.0,51710.2,27684.4,51839.8,0.8930
29671.3,43840.6,29779.7,44051.6,0.8930
88648.1,12185.8,89280.0,12508.1,0.8930
20801.7,40193.7,20968.8,40494.5,0.8930
60482.2,13623.2,60602.7,14020.5,0.8929
25032.4,36030.0,25277.5,36154.5,0.8929
42119.1,18407.0,42560.0,18555.0,0.8929
19143.9,64050.5,19520.0,64306.2,0.8928
45782.5,18859.2,46275.2,19200.0,0.8928
127264.7,31684.6,127671.6,32097.3,0.8928
66140.4,23600.7,66234.8,23680.0,0.8927
32589.9,30205.6,32639.5,30359.6,0.8927
44811.1,10158.9,45440.0,10486.3,0.8927
37213.2,52802.0,37301.2,52909.9,0.8926
88643.2,17923.3,88855.7,18105.5,0.8926
38097.8,18265.0,38690.4,18857.9,0.8926
47443.2,16461.2,47675.3,16639.5,0.8926
35268.3,28587.0,35838.6,29102.5,0.8926
33936.0,13448.3,34544.6,13746.4,0.8925
22933.1,36201.3,23034.9,36480.0,0.8925
94364.9,13441.5,94538.1,13494.3,0.8925
21131.8,38083.5,21440.0,38163.0,0.8925
18560.0,50312.9,18725.9,50480.3,0.8925
66213.2,18713.7,66560.0,18834.3,0.8925
36605.3,12480.0,36799.4,12734.4,0.8923
31422.7,8945.1,32000.0,9118.7,0.8923
108964.9,17283.2,109438.4,17488.9,0.8923
39965.0,21290.3,40320.0,21429.9,0.8923
1156.9,66242.4,1486.0,66461.3,0.8923
37993.8,37797.6,38079.5,37974.3,0.8922
29831.0,34374.9,30101.4,34554.5,0.8921
116480.0,28809.7,116825.9,29095.7,0.8921
37389.1,36166.2,37530.5,36480.0,0.8921
31370.9,57770.1,31997.6,57914.3,0.8920
19200.0,31127.8,19360.1,31357.0,0.8919
100162.2,17725.0,100355.2,17920.0,0.8919
102744.1,7862.2,103196.2,8276.5,0.8919
32974.4,20802.0,33280.0,20874.4,0.8919
64000.0,20918.7,64298.4,20989.8,0.8919
120811.3,28639.3,120953.5,28823.8,0.8918
101760.0,9306.0,101879.8,9583.5,0.8918
116239.0,22401.0,116800.0,22619.4,0.8918
36164.0,22721.8,36378.9,22858.0,0.8918
42784.8,22418.3,43018.8,22729.6,0.8918
36915.3,18274.2,37074.4,18547.8,0.8918
19840.0,61243.4,20146.8,61636.1,0.8918
34922.6,39779.9,35076.9,40087.4,0.8918
26025.7,32842.4,26240.0,32954.9,0.8917
77440.7,17601.4,77525.1,17737.1,0.8917
31140.7,17600.1,31322.2,17714.1,0.8917
33281.8,41162.4,33458.1,41280.0,0.8916
19444.3,27520.0,19520.0,27647.5,0.8916
90560.0,14752.5,91193.6,15117.2,0.8915
26035.3,45563.9,26560.0,45741.4,0.8914
125440.0,32642.2,125514.6,32778.8,0.8914
84802.7,21189.2,84931.4,21440.0,0.8913
55781.7,3919.0,56316.4,4465.7,0.8913
93764.9,14111.1,94400.0,14281.3,0.8913
16380.9,68067.4,16640.0,68159.6,0.8913
76162.6,10673.7,76317.2,10878.2,0.8913
76067.1,17035.5,76230.7,17081.3,0.8912
31057.7,32120.2,31217.5,32315.1,0.8912
36823.7,20928.8,37438.8,21137.8,0.8911
24264.6,50244.8,24375.5,50305.0,0.8910
97231.6,7549.6,97600.0,7656.8,0.8910
102080.0,9655.7,102249.7,9895.9,0.8910
101282.0,17167.9,101440.0,17276.1,0.8910
20004.0,57344.0,20159.4,57593.3,0.8908
35520.4,41600.0,35690.0,41793.1,0.8908
37653.4,39101.9,37751.9,39360.0,0.8907
21630.7,51203.0,21743.8,51260.3,0.8907
27275.3,37788.7,27389.6,38078.9,0.8907
21120.0,33089.4,21452.8,33548.5,0.8907
55602.9,18543.8,55657.5,18653.1,0.8906
31683.3,47671.2,31802.6,47997.6,0.8906
61121.6,5760.0,61303.1,6025.3,0.8906
103475.2,5761.9,103679.0,6054.1,0.8906
30853.0,47361.7,31040.0,47667.3,0.8906
96127.6,8849.9,96319.1,9025.5,0.8905
83200.0,16641.3,83384.2,16864.8,0.8905
20186.1,33789.4,20479.3,34233.7,0.8905
35840.4,26598.3,36480.0,26878.9,0.8905
38725.1,31362.1,38877.4,31626.4,0.8904
79367.9,14227.9,80000.0,14570.2,0.8904
86400.0,11627.5,86574.8,11813.1,0.8904
50560.0,22314.7,51200.0,22671.5,0.8903
69829.7,23040.0,70074.1,23567.2,0.8903
31451.6,53443.7,31679.1,53522.5,0.8902
34306.0,51723.9,34560.0,51840.0,0.8902
33671.0,41432.1,33920.0,41593.0,0.8901
28800.3,51692.8,29132.0,51832.6,0.8901
62270.8,22247.8,62362.6,22399.0,0.8900
76800.6,10175.8,77019.3,10362.5,0.8900
57715.6,5913.5,57915.9,6079.8,0.8900
33773.9,40745.4,33904.8,40911.2,0.8900
76968.0,20005.5,77120.0,20157.9,0.8899
59577.9,20989.3,59833.5,21120.0,0.8899
45528.6,19329.1,45757.7,19517.7,0.8898
52961.8,19863.4,53081.0,20160.0,0.8898
30405.2,29771.0,30562.9,30080.0,0.8898
63360.0,6642.4,63704.1,7034.0,0.8898
102824.5,5183.8,103020.4,5440.0,0.8897
42659.3,12483.2,42788.7,12599.2,0.8896
19305.6,50169.3,19519.2,50407.9,0.8896
80600.2,21623.2,80960.0,21751.7,0.8896
71685.0,21867.4,72112.0,22011.2,0.8896
24642.9,30309.1,24784.7,30496.0,0.8896
55259.9,21228.2,55365.3,21440.0,0.8895
30560.3,38264.9,30657.2,38468.0,0.8895
73054.0,8006.6,73279.8,8169.7,0.8894
25830.0,65280.0,25920.0,65383.1,0.8894
50687.9,17026.8,50759.1,17095.2,0.8893
40736.9,27202.7,41217.5,27393.4,0.8892
24036.8,50244.0,24229.3,50420.1,0.8892
62632.2,5622.5,63038.7,6055.9,0.8891
90560.0,10098.4,90848.2,10518.8,0.8891
10263.0,60823.0,10880.0,61248.4,0.8891
77101.5,8320.0,77440.0,8448.9,0.8890
114560.0,21991.7,114683.3,22078.0,0.8890
57788.9,7040.0,57920.0,7108.4,0.8890
17340.4,63365.8,17920.0,63808.0,0.8889
31384.9,13127.7,31508.5,13450.1,0.8889
39209.1,42880.0,39360.0,43227.5,0.8889
60723.0,20828.4,60777.3,20966.6,0.8889
39997.4,37880.0,40119.4,38007.3,0.8889
24000.0,46534.0,24574.5,46707.2,0.8888
20498.7,58460.9,20903.0,58876.2,0.8888
42411.0,21007.1,42557.7,21194.3,0.8888
53442.4,20574.0,53593.6,20799.4,0.8888
77812.6,18441.7,78125.9,18560.0,0.8888
39939.0,20857.1,40000.0,20961.5,0.8887
38876.3,13828.4,39040.0,13953.5,0.8887
68166.1,24810.8,68800.0,24954.0,0.8887
100205.7,10999.9,100407.5,11127.8,0.8886
100306.9,15360.0,100679.5,15451.2,0.8886
48707.7,13814.2,49025.5,14080.0,0.8886
120002.7,26241.6,120164.3,26491.1,0.8886
33983.4,53022.2,34240.0,53120.0,0.8886
23896.0,36605.3,24313.0,36787.5,0.8885
25600.0,38585.9,26188.3,38741.2,0.8885
30571.5,29318.8,30718.4,29401.9,0.8885
58200.3,12903.2,58422.0,13084.7,0.8885
70761.9,19428.2,71040.0,19521.2,0.8884
57728.7,14917.5,57920.0,15041.1,0.8884
3843.2,66470.1,3981.0,66718.0,0.8884
51209.3,7416.5,51519.4,7652.6,0.8883
127680.6,32448.9,127897.8,32637.8,0.8883
17363.1,44870.3,17599.8,45050.5,0.8883
17920.0,34240.7,18274.1,34464.6,0.8883
35232.7,41173.5,35520.0,41271.3,0.8883
57600.0,22474.1,57893.8,22537.3,0.8882
77037.4,17920.0,77118.3,18049.8,0.8882
25602.7,39203.6,26206.0,39357.5,0.8882
23175.0,33286.0,23341.4,33371.5,0.8881
103360.5,20959.8,103690.9,21118.3,0.8881
49128.1,11670.6,49274.6,11840.0,0.8881
51502.5,4803.5,51840.0,4879.9,0.8880
39361.6,22400.0,39438.2,22549.9,0.8880
38400.0,10992.3,38584.0,11241.9,0.8879
31334.6,10560.0,31436.9,10859.3,0.8879
33002.4,49784.8,33224.5,49919.4,0.8879
46520.4,11205.1,47037.9,11728.6,0.8879
26839.8,34560.0,26954.2,34873.0,0.8879
19521.9,28480.0,20147.7,28899.3,0.8878
92603.5,15729.9,92792.9,15881.9,0.8878
33672.1,12643.4,33920.0,12783.8,0.8878
83359.1,15360.0,83520.0,15617.1,0.8878
54555.8,2880.9,54720.0,2930.8,0.8877
17832.2,30776.0,18239.7,31089.5,0.8877
32186.8,19504.6,32320.0,19754.7,0.8877
96011.0,10611.5,96640.0,11026.3,0.8876
104694.8,17920.0,104960.0,18063.3,0.8876
75320.8,9109.2,75479.5,9322.8,0.8875
28164.3,35653.3,28422.7,35839.3,0.8875
52004.9,17114.0,52244.3,17254.8,0.8875
26641.1,44480.0,26880.0,44699.9,0.8874
23362.8,48660.5,23611.7,48933.7,0.8874
55324.1,12038.4,55557.3,12158.9,0.8874
30484.8,59909.2,30720.0,60109.5,0.8874
45150.2,11840.0,45347.3,11977.1,0.8873
45398.1,22082.8,45760.0,22163.5,0.8873
103049.9,4809.1,103401.6,5394.3,0.8873
32589.1,56239.8,32718.0,56319.6,0.8872
23680.1,32468.5,23932.0,32595.1,0.8871
54632.4,14797.1,54884.7,14923.7,0.8871
31694.8,19542.7,32124.9,19925.2,0.8871
87706.8,13383.7,87822.2,13439.2,0.8870
32640.0,11238.9,33065.9,11424.3,0.8870
20576.0,37028.8,21120.0,37209.1,0.8868
42240.0,16481.6,42457.5,16960.0,0.8868
18344.7,29440.0,18838.3,29962.4,0.8868
103831.9,17738.9,103993.1,17906.8,0.8868
48448.3,14139.1,48929.4,14720.0,0.8868
83381.1,11040.1,83519.3,11200.0,0.8867
70720.7,11398.1,70845.7,11606.1,0.8867
23307.0,40379.4,23655.8,40960.0,0.8867
125784.6,29813.4,125976.4,30031.1,0.8867
26847.0,39491.9,27192.9,39674.1,0.8867
76886.7,8320.0,77115.4,8488.5,0.8867
68447.0,21969.8,68800.0,22053.7,0.8866
33286.0,22594.7,33477.0,22720.0,0.8866
32320.8,54089.3,32584.2,54411.5,0.8865
90240.1,7913.1,90770.8,8055.7,0.8864
16338.0,27679.1,16952.8,27831.2,0.8864
57694.4,23459.2,57920.0,23570.8,0.8864
20490.4,38881.6,21120.0,39029.2,0.8864
25605.4,61424.1,25769.0,61696.2,0.8863
101164.2,5444.3,101440.0,5739.2,0.8863
10659.6,62401.6,10851.9,62473.6,0.8863
16136.8,37929.0,16318.9,38077.4,0.8863
38585.2,28160.0,38720.0,28407.1,0.8862
34240.0,41034.9,34828.8,41280.0,0.8862
96961.1,15859.3,97170.7,16000.0,0.8862
101124.3,4800.0,101617.8,5029.7,0.8862
23599.7,33281.3,23996.9,33353.5,0.8862
34882.5,25923.5,35038.9,26093.4,0.8861
38536.2,28480.0,38699.0,28874.9,0.8861
18451.2,33685.9,18872.2,33924.5,0.8860
32962.2,51522.1,33317.6,51797.0,0.8860
26112.0,48006.5,26539.5,48250.6,0.8860
104441.5,15044.6,104944.4,15302.7,0.8859
32809.0,45760.2,32960.0,45962.3,0.8859
19222.4,33192.8,19789.8,33579.0,0.8859
68003.8,21960.9,68160.0,22108.3,0.8859
44032.6,10286.1,44458.6,10432.5,0.8858
31360.0,17309.0,31709.6,17694.2,0.8858
81726.4,8877.4,81918.8,9096.3,0.8857
20337.8,57921.7,20480.0,58174.2,0.8856
34355.3,28483.7,34560.0,28613.1,0.8856
75206.1,7680.2,75306.0,7800.9,0.8856
48327.7,15085.7,48774.6,15678.3,0.8856
116506.0,28153.4,116913.4,28470.8,0.8856
48969.1,23895.3,49445.3,24318.7,0.8855
33979.8,18049.6,34240.0,18179.9,0.8855
35200.5,17922.5,35372.0,18182.7,0.8855
56161.0,18106.5,56320.0,18471.4,0.8855
71379.9,15761.5,72000.0,16102.3,0.8855
16971.2,26564.6,17198.5,26784.0,0.8854
27843.0,43200.0,28057.3,43489.3,0.8854
29768.6,59313.2,30104.8,59650.8,0.8853
34007.7,42241.2,34240.0,42378.3,0.8852
72320.0,22227.7,72913.2,22392.0,0.8852
23747.0,38873.1,24231.2,39076.7,0.8851
30741.1,26795.4,31065.2,27200.0,0.8851
16000.0,39525.6,16296.2,39679.4,0.8851
86246.8,10560.0,86400.0,10942.0,0.8850
80399.4,18568.0,80559.4,18747.6,0.8850
18560.0,33329.1,19085.5,33644.9,0.8849
21959.3,38670.5,22080.0,38720.0,0.8848
42204.9,15743.1,42361.0,15890.2,0.8847
64331.6,18915.2,64750.7,19102.3,0.8846
34562.1,58296.1,34636.2,58447.9,0.8846
61121.6,14212.1,61356.6,14476.3,0.8846
94259.9,6737.2,94400.0,7037.4,0.8845
120000.0,25922.1,120362.6,26376.8,0.8845
27849.2,38602.7,28480.0,38994.7,0.8845
36160.9,52168.8,36236.1,52283.2,0.8845
26884.5,48195.7,27126.8,48320.0,0.8844
28637.7,59757.0,28800.0,59840.0,0.8844
34567.3,16075.4,35190.6,16222.8,0.8844
101012.3,10450.0,101137.1,10686.8,0.8844
34706.3,17563.4,34797.2,17820.9,0.8844
67273.1,20853.0,67428.2,21120.0,0.8844
27311.5,63682.9,27518.3,63910.3,0.8844
69273.6,22590.3,69440.0,22675.6,0.8844
18699.3,62091.3,19189.2,62524.7,0.8843
21154.1,56975.7,21438.8,57283.8,0.8843
33281.4,40320.0,33451.3,40493.1,0.8843
50430.1,17864.8,50560.0,17920.0,0.8842
84803.6,9346.1,84983.5,9600.0,0.8842
22080.0,47967.3,22659.3,48315.6,0.8842
34565.5,21477.5,34813.9,21684.7,0.8842
37741.5,33590.4,37853.2,33905.4,0.8841
32970.0,50893.7,33263.0,51175.7,0.8841
84608.2,19846.3,85110.7,20124.9,0.8841
85120.0,13561.1,85243.5,13760.0,0.8841
29673.3,43520.3,29884.7,43633.1,0.8840
71842.4,8640.0,71996.0,8900.0,0.8840
128001.7,31040.2,128159.9,31218.4,0.8840
95360.0,7500.5,95985.8,7674.1,0.8839
97281.5,13009.0,97409.5,13120.0,0.8839
40002.7,11448.7,40230.5,11520.0,0.8839
95360.0,14400.0,95994.9,14742.4,0.8838
36923.9,18606.7,37091.8,18966.4,0.8838
68981.8,12625.6,69118.9,12796.4,0.8838
112321.8,20849.6,112637.6,21144.5,0.8838
48321.9,16799.4,48545.1,17280.0,0.8838
60266.1,6087.1,60480.0,6300.8,0.8837
31708.7,18890.7,32271.8,19445.6,0.8837
73602.1,11420.1,73820.7,11595.0,0.8837
27129.3,51395.3,27520.0,51498.0,0.8836
29324.0,42298.0,29747.5,42548.6,0.8836
66617.3,18402.7,66874.3,18552.2,0.8836
33651.6,56000.0,33815.8,56379.8,0.8835
75022.4,15142.0,75200.0,15295.8,0.8834
83305.5,14198.6,83519.1,14396.7,0.8833
72960.0,21804.2,73466.0,21951.1,0.8833
37840.4,25504.1,38080.0,25598.5,0.8832
51492.9,14826.5,51572.5,14943.7,0.8832
22080.0,45921.8,22409.0,46400.0,0.8831
79738.1,17867.1,80278.0,18009.2,0.8831
36481.9,43214.5,36549.2,43400.2,0.8831
29928.7,45767.9,30105.0,45989.7,0.8831
57136.3,18820.5,57467.7,18920.8,0.8830
34880.0,51094.7,35036.4,51153.3,0.8830
18882.7,40975.9,19057.6,41239.2,0.8830
23077.2,48672.1,23680.0,48960.0,0.8830
18852.1,66483.2,18953.9,66711.8,0.8830
119222.5,26466.6,119358.1,26560.0,0.8830
17701.8,66064.4,17785.0,66240.0,0.8829
35865.2,14281.0,36480.0,14720.0,0.8829
101589.9,8845.0,101750.4,9037.4,0.8829
61542.0,5460.6,61757.3,5756.3,0.8829
89132.4,13234.6,89280.0,13423.6,0.8828
69849.9,23505.4,70382.4,23995.2,0.8828
100094.8,7802.6,100480.0,8000.0,0.8828
21761.1,33664.1,22132.6,34124.1,0.8827
113990.4,22136.8,114553.8,22591.6,0.8827
21760.0,32175.2,22096.8,32640.0,0.8827
59840.8,10941.9,59962.4,11200.0,0.8826
43202.3,21677.4,43408.8,21896.8,0.8826
23363.6,48386.5,23540.9,48633.3,0.8826
46819.0,23073.2,46888.6,23172.3,0.8826
35869.8,12936.0,36416.1,13098.1,0.8825
17713.7,46787.7,18119.6,46974.2,0.8824
48968.1,12172.2,49297.4,12596.1,0.8824
16657.9,27843.6,17137.3,28360.6,0.8823
21236.4,41799.8,21748.9,42236.8,0.8823
102723.5,10091.4,103075.4,10233.9,0.8823
94973.7,7526.9,95356.4,7675.1,0.8823
17510.8,32005.6,17586.5,32156.9,0.8822
25861.3,35055.0,26101.2,35195.1,0.8821
84018.7,14096.9,84152.6,14227.0,0.8821
83711.0,14896.9,83927.8,15035.7,0.8821
18872.4,47167.4,19120.8,47356.4,0.8821
22761.2,64459.3,23348.8,64632.7,0.8821
30414.5,41295.5,30719.3,41667.0,0.8821
125940.7,38720.0,126079.7,38965.7,0.8820
31276.2,23680.0,31417.2,23985.4,0.8819
21654.1,66410.8,21760.0,66553.0,0.8819
88320.3,13597.0,88550.3,13760.0,0.8819
90880.0,14720.0,91519.3,15034.2,0.8819
34819.6,18705.7,34906.3,18836.1,0.8818
44594.2,12717.9,44797.3,12798.1,0.8817
16135.9,40689.3,16318.2,40909.0,0.8817
25920.0,34572.1,26493.7,34758.4,0.8817
35257.0,24539.8,35506.4,24944.0,0.8817
16640.0,27689.6,17237.6,27834.7,0.8817
107282.2,9659.2,107517.3,9828.6,0.8817
80965.8,11049.4,81152.5,11328.5,0.8816
125580.7,32860.0,125934.6,32960.0,0.8815
26049.1,35411.6,26168.0,35520.0,0.8815
18240.0,33636.2,18456.1,33827.8,0.8814
100807.0,10776.4,101272.6,10942.6,0.8813
100211.2,6989.2,100781.5,7146.0,0.8813
4803.5,61132.8,4999.5,61409.9,0.8813
44486.7,10192.5,45120.0,10529.6,0.8813
18241.9,37247.3,18453.4,37433.5,0.8813
36629.7,33920.0,36757.5,34168.2,0.8813
94081.8,7119.2,94234.4,7344.6,0.8812
37200.1,13003.3,37319.2,13366.6,0.8812
65619.5,17283.3,65799.4,17420.0,0.8811
97127.3,11205.1,97280.0,11409.8,0.8811
16592.7,37189.8,16790.6,37440.0,0.8811
81280.0,9409.8,81415.6,9600.0,0.8811
65281.2,23564.6,65615.1,24000.0,0.8810
32324.4,21012.1,32716.3,21248.5,0.8810
87776.5,9922.1,87994.3,10021.2,0.8810
125614.8,28815.8,126005.8,29267.9,0.8810
74880.0,15129.1,75430.2,15305.3,0.8809
23680.0,43970.0,24251.6,44136.2,0.8809
28383.3,31423.3,28565.8,31677.1,0.8809
36111.1,11477.9,36279.5,11520.0,0.8809
55044.3,11023.7,55642.4,11198.2,0.8808
19420.5,43213.5,19835.9,43488.2,0.8808
76809.2,11473.3,77119.2,11802.2,0.8808
36828.0,55040.2,37000.2,55351.9,0.8807
33602.6,22720.0,33832.1,22959.7,0.8807
36492.1,23531.1,37109.4,23674.0,0.8806
91842.9,14448.3,92480.0,14770.6,0.8806
57603.9,17606.4,57894.7,17885.0,0.8806
21127.2,34750.6,21512.7,35192.3,0.8805
46870.3,18139.1,47040.0,18239.1,0.8805
30564.7,32963.3,30718.8,33145.0,0.8804
99520.5,16006.9,99840.0,16137.5,0.8804
32843.2,19262.1,33012.9,19561.6,0.8803
66560.0,22787.8,66940.3,22998.1,0.8801
39194.6,11383.2,39358.9,11643.3,0.8800
24975.8,40723.2,25411.1,41254.4,0.8800
104833.1,4571.3,105009.8,4782.6,0.8800
58883.0,13767.2,59066.4,14018.3,0.8800
119532.7,26561.3,119678.7,26794.6,0.8799
55162.1,19236.8,55219.6,19389.3,0.8799
57812.6,10268.1,57903.4,10560.0,0.8799
20475.2,64199.0,20800.0,64314.9,0.8798
32550.6,57618.4,32936.3,57698.5,0.8798
97925.5,14503.7,98560.0,14705.5,0.8798
30781.9,31119.7,31012.0,31285.4,0.8798
56844.2,18882.6,57042.9,19050.7,0.8797
54043.6,20480.0,54146.0,20713.8,0.8797
47360.0,19840.4,47713.0,20175.7,0.8797
33693.8,51379.4,33918.4,51515.9,0.8796
32305.7,48000.0,32614.7,48535.0,0.8796
18568.6,30855.6,19200.0,31025.0,0.8796
91520.0,6548.3,92144.7,6906.4,0.8796
98887.3,9708.9,99520.0,9956.6,0.8795
32357.2,60723.7,32640.0,60794.6,0.8795
23682.6,45873.0,23801.4,46080.0,0.8795
120800.3,37443.0,120959.4,37647.2,0.8794
37120.0,8108.6,37733.0,8462.7,0.8793
105693.9,18240.0,106216.0,18746.1,0.8793
24641.2,30403.1,24818.7,30482.1,0.8792
16120.5,28313.7,16623.7,28787.5,0.8791
70475.7,15290.5,70718.1,15431.6,0.8791
121748.2,28800.0,122239.7,29155.6,0.8791
38149.3,24643.7,38346.9,24792.0,0.8790
32940.2,27575.4,33044.6,27830.3,0.8790
37480.6,18881.7,38003.7,19355.1,0.8790
35849.4,15204.2,36158.7,15452.8,0.8790
53760.2,16416.1,54104.4,16574.1,0.8789
71942.4,18585.3,72257.3,18653.4,0.8789
42481.5,23040.6,42656.9,23188.4,0.8789
97920.0,7680.0,98188.6,8030.2,0.8789
63399.7,16990.2,63589.3,17166.2,0.8789
33920.0,56681.7,34075.5,56908.2,0.8789
55261.7,22018.3,55545.3,22150.7,0.8788
20480.0,40288.2,20650.3,40490.1,0.8788
79042.4,20198.1,79130.1,20282.5,0.8787
88641.6,11532.9,88866.6,11745.6,0.8787
94472.9,7626.6,95040.0,7810.3,0.8787
21289.4,57600.0,21440.0,57882.9,0.8786
35035.3,37928.8,35200.0,38098.9,0.8786
34100.5,49941.1,34452.3,50009.2,0.8786
59489.6,3523.9,59838.3,3742.9,0.8786
43840.9,8757.0,44065.5,9031.4,0.8785
34882.1,24960.0,35021.1,25153.2,0.8784
77437.9,12444.9,77597.5,12583.8,0.8784
17280.4,61172.3,17802.3,61638.1,0.8784
23681.6,51901.0,23815.3,52160.0,0.8783
41284.3,17920.0,41469.9,18212.9,0.8783
72789.0,10691.2,72958.8,10880.0,0.8783
45042.6,21636.3,45117.0,21760.0,0.8782
19490.5,64322.1,19840.0,64413.3,0.8781
14405.0,65280.0,14736.3,65838.4,0.8781
1626.6,66304.6,2197.2,66880.0,0.8780
93803.6,10214.0,93993.7,10403.2,0.8780
24814.8,57289.0,25205.4,57920.0,0.8780
68873.1,16320.0,69120.0,16486.5,0.8780
58907.7,6135.7,59109.1,6385.0,0.8780
24394.0,54865.7,24520.3,55037.5,0.8779
93479.4,8168.1,94080.0,8312.1,0.8779
83833.1,8960.4,84160.0,9135.7,0.8778
70799.2,17309.4,71040.0,17480.5,0.8778
99008.4,8644.7,99200.0,8785.0,0.8776
70783.6,19356.3,71037.5,19514.9,0.8775
98340.8,11520.0,98567.4,11725.6,0.8775
31871.0,22875.9,32144.4,22959.4,0.8775
51520.0,21452.2,51678.6,21743.3,0.8775
25670.4,56224.2,25920.0,56360.5,0.8775
19552.7,34648.0,19950.1,35091.9,0.8775
36816.1,27520.0,37424.4,27899.8,0.8774
31660.1,20162.5,32000.0,20258.1,0.8774
50413.2,7710.0,50536.9,8000.0,0.8774
97986.4,15040.0,98237.9,15247.3,0.8774
52006.5,4800.0,52160.0,5062.5,0.8774
90566.3,14362.9,91200.0,14706.2,0.8774
47429.0,19374.1,47848.1,19832.4,0.8773
101440.8,15341.8,101649.1,15621.9,0.8773
24411.6,54856.6,24523.2,55169.7,0.8773
78402.5,8000.0,78563.2,8215.3,0.8773
31841.7,51540.9,31998.1,51746.2,0.8773
36802.5,44205.2,37022.3,44509.6,0.8772
6324.9,66682.3,6372.6,66837.0,0.8772
20967.1,37332.2,21044.8,37439.2,0.8772
43200.0,14863.0,43564.5,15360.0,0.8772
62720.3,9364.6,62882.5,9600.0,0.8772
102116.1,12603.7,102308.2,12800.0,0.8771
93765.3,8104.7,94394.6,8262.0,0.8771
63072.9,8645.4,63356.7,8965.6,0.8771
23040.3,32960.0,23116.7,33059.6,0.8771
38920.8,31706.1,39038.6,31868.7,0.8770
20961.7,42242.2,21119.2,42453.5,0.8770
20509.1,31360.0,21120.0,31793.2,0.8769
11851.3,66240.0,11998.6,66627.5,0.8768
60874.1,19430.7,61015.7,19518.1,0.8768
101479.1,13001.9,101754.8,13114.2,0.8768
27652.1,46196.2,27839.5,46398.7,0.8767
57686.3,20713.9,57980.4,20793.6,0.8767
34692.9,21831.3,34876.0,22080.0,0.8767
17170.6,36031.0,17279.0,36372.1,0.8767
27524.0,62490.6,27697.6,62720.0,0.8766
35118.8,38530.8,35514.5,38638.6,0.8766
16368.5,63469.5,16823.2,63898.2,0.8766
69440.0,13829.1,69623.8,14072.1,0.8765
84128.3,19540.1,84465.0,19789.2,0.8765
27840.0,32000.0,28106.7,32128.0,0.8765
53449.9,16430.0,53760.0,16526.0,0.8765
87921.3,13883.1,88000.0,14116.4,0.8764
32631.0,38080.0,32768.7,38176.5,0.8764
120120.7,37016.6,120319.4,37119.3,0.8762
105332.5,13604.1,105915.7,13751.1,0.8761
43477.5,13821.0,43623.9,13946.3,0.8761
19217.9,48916.4,19814.8,49263.0,0.8761
20194.1,38890.9,20800.0,39029.8,0.8761
54862.3,20163.8,54928.4,20275.4,0.8761
36767.5,33281.7,36872.6,33514.0,0.8761
100804.8,14865.6,101436.7,15139.6,0.8760
87250.0,11782.8,87457.2,12097.2,0.8760
130383.8,33254.2,130559.8,33438.0,0.8760
36744.4,33380.4,36857.5,33600.0,0.8760
34880.8,12685.7,35048.3,12799.7,0.8760
89284.2,12829.1,89481.6,13029.5,0.8759
85728.0,9908.2,85950.5,9989.6,0.8759
47605.9,14903.4,47677.7,15032.3,0.8759
75526.6,11271.1,76116.7,11798.0,0.8759
24000.0,32428.2,24299.4,32520.8,0.8759
54706.5,18105.5,55037.0,18233.5,0.8759
66695.9,19414.1,66794.5,19619.3,0.8759
66916.8,7360.0,67193.3,7864.1,0.8759
104995.0,11696.8,105147.5,11838.3,0.8758
24329.6,44810.0,24666.5,45136.2,0.8758
35200.0,54606.3,35429.8,54720.0,0.8758
87332.7,14091.5,87680.0,14203.6,0.8757
49364.4,18881.4,49513.1,19013.9,0.8757
51646.2,19775.2,51833.9,20028.1,0.8757
101120.0,19927.8,101677.6,20480.0,0.8757
85052.1,9125.4,85440.0,9220.5,0.8756
53612.5,7593.0,53760.0,7917.5,0.8756
28161.2,46136.6,28274.8,46396.7,0.8755
40129.0,14505.5,40318.7,14713.6,0.8754
58304.7,12322.9,58880.0,12474.9,0.8754
72640.0,8363.9,72962.1,8676.9,0.8753
120141.3,25512.4,120320.0,25600.0,0.8753
27201.8,57344.7,27320.3,57600.0,0.8753
79770.9,17889.7,80000.0,18014.9,0.8753
38723.4,17698.7,38914.2,17910.9,0.8753
48647.9,22663.9,49246.6,22843.9,0.8752
104086.2,9600.0,104319.3,9808.6,0.8752
26242.6,40117.3,26366.7,40320.0,0.8751
91520.0,16073.2,91630.3,16320.0,0.8751
64015.0,18906.2,64633.6,19105.2,0.8751
70724.2,15903.9,71360.0,16243.8,0.8751
44160.0,16960.0,44333.8,17186.9,0.8751
124261.1,27758.6,124427.2,27840.0,0.8750
124697.5,34560.0,124867.5,34721.0,0.8750
35547.5,43905.7,35624.5,44051.6,0.8749
18578.8,42937.8,19200.0,43375.1,0.8749
30019.2,33425.9,30364.7,33523.5,0.8749
57005.5,2561.5,57280.0,2626.8,0.8749
77031.6,17600.0,77120.0,17810.8,0.8749
100371.7,16002.3,100480.0,16091.7,0.8749
32003.7,40073.2,32135.3,40319.0,0.8749
73920.0,12161.8,74245.2,12471.3,0.8748
37486.7,18641.2,37930.5,19200.0,0.8748
37887.7,50396.2,38080.0,50556.4,0.8748
87927.0,13871.4,88118.0,14108.8,0.8747
29748.8,41757.2,30077.5,41916.0,0.8747
119688.9,33339.2,120075.1,33910.8,0.8747
94003.2,12801.9,94396.6,12994.2,0.8747
42184.7,15220.7,42240.0,15298.6,0.8746
97237.1,10108.2,97600.0,10229.2,0.8745
30279.6,53238.9,30394.2,53440.0,0.8745
33007.9,55761.9,33168.6,55963.7,0.8745
16320.0,42388.0,16944.3,42551.3,0.8745
2880.0,65096.8,3368.0,65277.5,0.8745
30155.0,48300.9,30289.4,48558.3,0.8744
38081.7,54048.3,38230.0,54155.6,0.8744
31896.3,56640.6,32062.2,56891.5,0.8743
20800.0,38877.2,21309.1,39034.1,0.8743
65280.0,18940.9,65782.5,19094.5,0.8743
74610.1,12802.0,74731.0,12907.4,0.8742
19840.0,28803.1,20138.2,28869.9,0.8742
97612.6,13773.3,97918.7,13835.2,0.8742
119180.3,30640.4,119360.0,30720.0,0.8742
79692.6,11531.6,79863.8,11636.7,0.8741
36959.1,32320.0,37067.7,32551.1,0.8741
55682.6,4533.5,56075.5,5120.0,0.8740
52801.5,21199.5,52937.4,21440.0,0.8740
50560.0,22516.9,51200.0,22893.3,0.8740
66750.9,20801.0,66828.6,20908.6,0.8739
57587.0,15222.0,57882.0,15332.6,0.8739
99067.3,18869.3,99198.7,19200.0,0.8739
39680.0,22208.8,39801.9,22406.1,0.8739
80003.3,17850.8,80248.5,17989.5,0.8739
45772.1,22832.2,45835.5,22987.8,0.8739
79360.0,14253.8,79954.2,14394.3,0.8738
21937.9,48000.0,22369.0,48573.8,0.8738
29442.5,31680.0,29515.2,31849.5,0.8738
106249.8,21120.0,106836.4,21549.5,0.8738
80640.0,14184.1,81250.7,14332.3,0.8737
35319.6,54723.8,35426.5,54955.5,0.8737
107200.0,10273.8,107337.2,10545.7,0.8737
19842.0,59200.0,20001.0,59412.6,0.8737
70969.5,22841.9,71360.0,22935.2,0.8736
102167.8,9367.5,102400.0,9498.7,0.8736
23216.5,49021.1,23358.1,49276.9,0.8736
22428.5,48879.9,22720.0,48974.6,0.8736
26090.4,51874.1,26240.0,52160.0,0.8736
35217.0,29125.6,35549.2,29520.9,0.8736
37451.7,26880.0,38080.0,27162.1,0.8735
60482.7,22208.9,60676.2,22400.0,0.8735
46451.3,10724.4,46724.0,11200.0,0.8734
88748.2,13761.1,88953.2,13911.8,0.8734
24320.8,36800.0,24485.7,37062.4,0.8734
49479.3,15743.7,49893.9,16320.0,0.8733
104051.8,10560.0,104317.6,10911.7,0.8733
98880.4,7246.3,99346.3,7395.6,0.8733
72379.6,7680.0,72630.5,7864.3,0.8733
53419.1,2993.8,53760.0,3131.2,0.8732
62364.4,22646.4,62604.4,22720.0,0.8732
17345.7,27679.6,17600.0,27833.7,0.8732
36312.6,24129.8,36478.0,24320.0,0.8731
24834.1,56320.0,24960.0,56549.0,0.8730
37440.0,16033.4,37805.5,16256.8,0.8730
17356.5,45234.6,17882.6,45423.9,0.8730
107643.8,15040.0,107836.3,15317.2,0.8730
44480.4,12820.1,44628.7,12995.3,0.8730
16471.9,39132.3,16640.0,39271.3,0.8730
19849.0,43030.2,20040.6,43197.2,0.8730
26245.7,52597.5,26524.1,53120.0,0.8729
56108.8,12489.7,56309.6,12686.6,0.8729
25282.8,59848.2,25346.9,59958.8,0.8729
51200.0,20970.5,51349.7,21331.4,0.8729
30555.8,47268.9,30756.1,47607.0,0.8728
65059.0,6409.4,65525.9,6846.5,0.8728
50233.7,12480.0,50560.0,12616.3,0.8728
31041.8,58603.8,31524.3,58757.1,0.8727
51990.0,16609.9,52480.0,16960.0,0.8727
45605.5,19123.8,45760.0,19507.1,0.8727
21449.5,42667.1,22050.8,42866.8,0.8727
62587.1,14388.4,62716.3,14692.7,0.8727
35663.3,25601.0,35839.7,25704.2,0.8726
23231.1,47300.0,23358.5,47650.0,0.8726
105600.0,5913.4,106023.1,6077.6,0.8726
22685.7,33141.3,23040.0,33274.1,0.8726
44621.9,20482.1,44777.1,20540.5,0.8725
100807.0,9878.2,101440.0,10207.4,0.8724
33602.5,50661.3,33747.2,50873.0,0.8723
46830.5,18009.9,46947.7,18131.4,0.8723
53817.0,10888.0,54397.6,11357.3,0.8723
29681.3,43520.0,29758.1,43625.8,0.8723
127440.1,31483.9,127680.0,31678.4,0.8723
7109.7,60481.2,7680.0,60651.4,0.8723
81380.1,8537.1,81585.1,8722.3,0.8723
28580.2,50757.6,28713.2,50819.2,0.8722
19200.0,35591.9,19812.2,35740.5,0.8722
124907.9,36012.2,125120.0,36156.2,0.8722
51330.1,21289.0,51519.9,21547.1,0.8721
45430.8,11065.1,45752.3,11195.9,0.8721
89670.7,12932.5,89869.7,13116.9,0.8721
103370.4,14098.1,104000.0,14400.0,0.8721
49904.0,5760.0,50017.7,5879.6,0.8720
34895.0,18575.6,35200.0,18712.3,0.8720
33940.2,9928.1,34307.5,10147.9,0.8720
68191.3,20903.7,68331.5,21039.2,0.8720
19520.0,48974.5,19744.5,49259.7,0.8719
49901.8,22200.9,50240.0,22284.3,0.8719
102750.0,16692.1,103035.3,16875.5,0.8719
57930.8,20482.8,58215.5,20546.3,0.8718
51200.0,9675.8,51804.8,9824.9,0.8718
18880.2,30848.5,19400.9,31023.9,0.8718
17823.1,39648.6,18231.6,39836.6,0.8717
54401.8,6203.4,54907.8,6391.3,0.8717
36599.4,16530.1,36730.6,16779.5,0.8717
69895.1,18244.7,70037.5,18560.0,0.8716
53123.7,10851.0,53219.9,11200.0,0.8716
70609.1,22190.9,70720.0,22324.7,0.8716
32693.1,28205.6,32859.5,28470.1,0.8716
19372.3,50582.9,19520.0,50834.1,0.8716
46672.3,11523.0,47035.6,11705.7,0.8715
51203.1,4173.2,51427.6,4571.5,0.8715
31356.2,11201.7,31454.6,11482.5,0.8715
31049.0,11423.5,31365.2,11513.0,0.8715
33041.1,58430.6,33587.7,58638.6,0.8715
77456.7,9732.6,77592.9,9930.3,0.8715
22678.7,64223.5,22779.2,64457.7,0.8714
49925.1,6417.9,50089.4,7040.0,0.8714
86401.4,17280.0,86779.8,17539.0,0.8714
33481.5,20471.5,33599.7,20644.4,0.8714
23698.9,38461.3,23970.7,38548.8,0.8714
26709.1,37760.0,26873.7,38032.8,0.8713
84815.6,19852.1,85198.0,20175.1,0.8713
24969.1,52883.1,25450.4,53440.0,0.8713
61399.7,13762.2,61760.0,13840.0,0.8713
16963.7,44503.8,17151.9,44800.0,0.8712
24962.2,44477.8,25141.5,44679.6,0.8712
30455.9,29302.4,30587.7,29364.8,0.8711
102754.0,12474.4,103360.0,12797.0,0.8711
29797.9,48382.2,29961.4,48640.0,0.8711
19253.4,40089.0,19831.0,40269.9,0.8711
120666.2,38300.5,121270.3,38720.0,0.8711
75522.1,21609.5,76160.0,21751.0,0.8710
98121.3,5543.8,98240.0,5721.8,0.8710
32672.1,18418.9,33280.0,18749.5,0.8710
17924.8,29761.9,18137.6,29995.6,0.8710
33063.5,40590.9,33393.4,40663.0,0.8709
21239.4,68000.5,21440.0,68155.1,0.8709
38735.3,14124.5,39343.5,14709.5,0.8708
55299.1,5454.3,55613.2,5758.6,0.8708
20481.7,46400.0,20679.9,46623.8,0.8708
116480.0,28536.2,117033.0,29033.0,0.8708
22401.2,32682.9,22553.2,32951.5,0.8707
21465.7,32327.3,22045.7,32813.7,0.8707
84536.4,13284.7,84800.0,13395.9,0.8706
103425.8,7349.8,103680.0,7458.0,0.8706
33261.1,21065.1,33596.6,21175.1,0.8706
42262.8,9309.6,42554.0,9374.4,0.8705
21221.2,57367.3,21440.0,57595.8,0.8705
54687.2,2340.0,54863.4,2387.6,0.8704
2081.2,63811.1,2263.1,64000.0,0.8704
79312.9,14276.7,79680.0,14380.2,0.8704
30878.9,61001.5,31040.0,61120.0,0.8703
12486.4,62975.3,13113.8,63339.5,0.8702
128320.0,30561.0,128430.4,30719.0,0.8702
84321.4,16590.4,84478.9,16944.7,0.8702
68926.3,16572.7,69048.0,16895.9,0.8701
22253.0,42002.5,22398.4,42224.0,0.8701
35869.9,22822.0,35980.0,23040.0,0.8701
48614.1,22072.8,48960.0,22153.6,0.8701
94412.9,16848.3,95040.0,17274.5,0.8701
21770.4,41099.3,22234.9,41589.0,0.8700
95047.3,14174.8,95680.0,14351.6,0.8700
49574.7,22178.1,49920.0,22249.9,0.8699
18347.9,51520.0,18556.3,51776.3,0.8699
68801.5,23688.7,69129.8,23991.3,0.8699
25920.0,33094.6,26450.9,33271.2,0.8698
25441.4,52826.8,25876.9,53128.0,0.8697
63685.7,15512.2,63856.5,15680.0,0.8697
17617.7,40153.2,17920.0,40312.6,0.8696
96697.1,13387.8,96960.0,13513.8,0.8696
35858.1,9437.5,36436.4,9591.4,0.8696
37885.2,50718.3,38080.0,50876.2,0.8696
32827.6,57739.8,32959.2,57887.8,0.8695
31044.5,16320.0,31128.7,16568.0,0.8695
19930.3,27520.0,20159.5,27664.5,0.8694
120077.3,25428.2,120637.7,25914.1,0.8694
50444.3,10958.7,50560.0,11256.0,0.8694
32757.2,39512.5,33273.1,39675.9,0.8694
122960.1,37760.0,123200.0,38074.8,0.8694
960.0,64964.0,1504.5,65428.8,0.8694
65282.6,7815.8,65486.4,7992.9,0.8693
52467.2,2240.0,52568.1,2410.8,0.8693
45440.0,21440.0,45665.8,21512.6,0.8693
43522.0,13163.4,43908.6,13455.2,0.8693
126113.2,30413.5,126434.6,30694.0,0.8692
87513.3,19996.6,87677.9,20199.2,0.8692
21133.1,30720.0,21468.7,31159.3,0.8691
58174.5,15040.0,58268.1,15239.3,0.8691
37163.4,12800.0,37440.0,12924.7,0.8691
3531.2,62080.0,4014.8,62556.0,0.8690
76875.4,10153.8,77020.1,10240.0,0.8690
37141.7,9280.0,37738.5,9792.6,0.8690
95022.8,7526.9,95343.9,7992.2,0.8690
28800.4,38559.2,28925.5,38764.9,0.8689
20480.0,33111.9,21098.8,33271.0,0.8689
32001.6,40412.0,32122.7,40640.0,0.8689
51524.2,20896.6,51723.0,21120.0,0.8689
73428.0,20164.8,73596.1,20375.7,0.8689
122560.0,36682.2,123019.7,37120.0,0.8689
37612.3,52202.8,37760.0,52480.0,0.8688
88980.1,7366.6,89278.3,7689.5,0.8688
26295.9,58393.0,26556.3,58460.2,0.8688
31701.7,11061.1,31771.7,11200.0,0.8687
30082.6,30318.6,30215.9,30598.2,0.8686
52664.9,4705.3,52800.0,4952.8,0.8686
33650.4,57556.4,34240.0,57884.2,0.8686
19614.0,52480.0,19747.5,52804.0,0.8685
51842.2,12015.6,52004.6,12160.0,0.8685
96570.3,8737.2,96954.9,8900.7,0.8685
46080.0,18783.5,46200.1,18880.0,0.8685
44078.9,14967.8,44194.9,15076.1,0.8685
51203.6,20974.5,51334.8,21120.0,0.8684
46040.2,11076.0,46368.7,11195.4,0.8684
61332.3,19392.5,61420.5,19520.0,0.8684
102084.8,12316.9,102296.7,12480.0,0.8684
95048.0,8001.2,95648.0,8173.4,0.8684
32313.3,10915.2,32640.0,10995.7,0.8684
29657.4,32674.4,29760.0,32913.6,0.8683
60351.3,17600.0,60501.6,17675.1,0.8683
53074.2,2546.6,53440.0,2620.2,0.8683
30720.8,59638.6,30905.6,59840.0,0.8683
101022.5,13510.1,101256.7,13702.2,0.8682
74622.9,16641.6,74880.0,16767.5,0.8682
22403.1,31565.5,22560.9,31878.2,0.8681
32152.1,37664.0,32320.0,37890.2,0.8681
35545.1,41881.1,35620.9,41984.2,0.8681
115533.6,22737.3,115826.9,23278.7,0.8681
113638.0,20800.0,114240.0,21211.0,0.8680
127102.2,33301.0,127648.9,33757.9,0.8679
63937.7,6546.9,64231.7,6718.0,0.8679
17865.5,59480.2,18229.8,59547.8,0.8679
38744.7,13761.1,38868.0,13958.4,0.8679
24960.0,42880.0,25202.2,43383.8,0.8678
18011.6,27202.3,18239.4,27391.0,0.8678
46726.0,11819.4,46834.5,12078.1,0.8677
54144.0,15680.0,54400.0,15897.9,0.8677
53944.2,1986.6,54051.9,2240.0,0.8677
16455.6,31760.7,16552.4,31994.3,0.8676
104640.0,5888.8,104812.2,6076.0,0.8676
68800.0,16170.3,69282.5,16313.9,0.8675
71043.1,22754.9,71578.4,22923.2,0.8675
47725.5,9375.9,48320.0,9526.7,0.8675
22206.9,58727.9,22346.8,58915.2,0.8674
30080.0,38823.5,30585.2,38974.7,0.8674
16962.1,27830.7,17280.1,27933.2,0.8674
37027.5,56641.8,37117.9,56738.2,0.8673
66228.7,22274.2,66560.0,22394.9,0.8673
24965.1,34121.3,25425.2,34297.5,0.8673
55407.9,18687.0,55991.8,18872.0,0.8672
43701.4,22094.6,43840.0,22278.9,0.8672
100289.3,9322.7,100477.9,9621.9,0.8672
47921.6,18655.4,47996.7,18814.4,0.8672
104159.7,8564.4,104320.0,8949.0,0.8672
107589.9,20160.0,108149.0,20742.1,0.8672
55411.7,12830.4,55952.0,13254.3,0.8672
17920.0,35433.4,18533.9,35840.0,0.8672
61442.0,10560.0,61603.1,10694.9,0.8671
95055.7,7680.0,95348.4,8186.8,0.8671
27689.0,40050.6,27840.0,40375.8,0.8670
102722.0,6508.0,103360.0,6834.5,0.8670
55681.8,15662.1,55879.2,15922.1,0.8670
47199.2,17972.4,47358.4,18212.2,0.8670
51996.7,18400.2,52336.5,18751.2,0.8669
31478.3,44853.3,31545.5,44971.3,0.8669
40144.7,36545.6,40317.8,36796.5,0.8669
33940.0,38552.1,34560.0,38713.5,0.8668
120345.6,35200.0,120934.5,35688.3,0.8668
78080.0,14506.2,78688.1,14668.6,0.8668
95228.6,7386.1,95358.8,7492.2,0.8667
76269.1,19580.8,76478.3,19839.9,0.8667
21142.6,37920.7,21440.0,38075.1,0.8666
74278.6,13140.4,74554.0,13309.7,0.8666
33605.7,20475.1,33890.3,20647.5,0.8666
82808.0,16007.8,82878.4,16153.8,0.8665
20939.5,59332.8,21118.7,59489.4,0.8665
60822.7,13288.3,61401.8,13437.8,0.8665
38457.6,29120.0,38617.6,29487.5,0.8665
31836.4,38179.3,31969.5,38287.5,0.8664
34563.5,41127.3,34776.8,41460.3,0.8662
25511.3,39203.5,25920.0,39353.3,0.8662
54018.6,22369.5,54400.0,22481.4,0.8661
30963.7,33703.2,31026.8,33851.6,0.8661
94647.4,10049.3,95040.0,10212.2,0.8661
20441.4,54721.7,20800.0,54807.9,0.8660
18889.7,35242.0,19079.6,35423.4,0.8660
98240.0,15747.9,98553.0,16000.0,0.8660
60859.1,5572.2,61120.0,5754.1,0.8660
27509.9,35032.6,27828.9,35515.5,0.8660
31040.6,30528.6,31300.1,30720.0,0.8659
44257.5,19520.0,44480.0,19786.4,0.8659
55948.2,2445.5,55998.9,2560.0,0.8659
52775.8,22068.1,53120.0,22208.9,0.8659
27562.6,43909.6,28150.0,44082.1,0.8659
124138.0,39545.4,124480.0,39670.6,0.8659
96642.9,13952.4,96837.9,14080.0,0.8659
29159.2,51344.3,29434.8,51830.3,0.8658
33602.0,47530.7,33759.1,47659.7,0.8658
99520.0,7134.2,100007.3,7283.5,0.8657
29240.7,59060.5,29440.0,59200.0,0.8657
104327.2,9125.2,104887.5,9276.2,0.8656
65928.7,15395.2,66560.0,15649.6,0.8655
33032.0,54400.0,33204.7,54705.7,0.8655
56986.7,9693.4,57142.8,9920.0,0.8654
30409.1,58702.4,31034.4,58875.8,0.8654
18880.0,59511.7,18939.8,59620.9,0.8653
102400.0,10067.1,103037.8,10416.7,0.8653
106693.6,15868.6,107173.5,16316.2,0.8653
92493.6,8364.0,93114.4,8505.7,0.8652
35845.1,52166.6,36162.4,52669.1,0.8652
34562.1,49605.6,34718.5,49921.2,0.8652
47140.7,12400.6,47335.5,12476.8,0.8651
36539.5,55436.7,36658.9,55680.0,0.8651
28435.0,50106.0,28800.0,50237.7,0.8650
24003.4,38570.3,24587.0,38711.2,0.8650
22721.7,29941.9,23063.3,30310.8,0.8650
36326.7,13762.3,36465.6,13955.4,0.8650
37359.1,8872.8,37537.7,9151.5,0.8650
17051.5,34775.1,17165.5,35063.8,0.8650
67840.0,15926.5,68031.6,16000.0,0.8650
88001.8,9855.8,88153.8,9985.8,0.8649
57936.5,18989.2,58549.2,19138.0,0.8649
31682.6,57773.5,32122.2,57916.7,0.8649
84182.0,7040.0,84800.0,7481.7,0.8648
56682.5,5764.7,57243.6,6331.7,0.8648
35227.9,28893.5,35639.1,29440.0,0.8648
20800.0,31360.0,21426.9,31795.2,0.8647
28161.8,60160.0,28417.4,60466.4,0.8647
108884.7,16960.0,109116.8,17208.1,0.8647
23368.7,33467.1,23572.7,33596.1,0.8647
22056.8,49321.4,22396.3,49620.2,0.8647
24184.3,57040.5,24316.1,57280.0,0.8647
57120.4,19230.4,57278.4,19353.9,0.8647
33399.8,19843.0,33476.1,19935.3,0.8646
81090.2,13892.8,81600.0,14060.6,0.8645
98796.6,6924.3,99197.0,7017.2,0.8645
91934.7,9283.4,92156.6,9435.1,0.8645
29761.0,43371.4,30244.9,43518.7,0.8645
29325.6,42293.0,29440.0,42539.4,0.8645
103363.7,8225.0,103859.2,8628.9,0.8644
51063.5,17600.0,51144.4,17867.2,0.8644
97969.8,14177.0,98063.2,14400.0,0.8644
1021.2,64780.0,1271.8,64956.3,0.8643
48479.1,17286.8,48640.0,17497.0,0.8643
96644.4,11846.5,97003.5,12302.1,0.8643
106244.0,19988.8,106408.2,20160.0,0.8643
17600.0,63391.9,18193.4,63900.1,0.8642
28524.0,35642.3,28728.0,35766.0,0.8642
12358.7,65795.9,12445.0,66056.5,0.8641
19868.5,55007.1,20451.3,55357.8,0.8641
36173.9,16640.0,36452.6,16778.7,0.8641
59520.0,12850.2,60128.4,13140.6,0.8641
42289.1,11841.4,42634.4,12200.9,0.8640
128000.0,30472.7,128432.1,30719.1,0.8640
72569.8,15576.5,72960.0,15640.6,0.8640
95373.3,14207.1,95997.2,14379.0,0.8639
44485.4,20301.9,44729.7,20470.2,0.8639
45763.4,17999.6,45953.8,18240.0,0.8639
99248.1,9258.6,99628.4,9413.1,0.8639
67914.1,11742.2,68157.0,11840.0,0.8638
78126.4,19829.0,78302.8,20044.3,0.8638
6080.0,63282.5,6409.1,63639.1,0.8638
37009.3,20709.5,37120.0,20867.5,0.8638
69267.6,22594.7,69599.7,22674.3,0.8638
116800.0,25647.6,117077.4,25958.6,0.8637
26992.1,56051.9,27193.3,56320.0,0.8637
88938.9,11934.7,89280.0,11997.3,0.8637
51203.7,860.9,51487.8,956.5,0.8637
41620.0,12480.0,41801.3,12743.2,0.8637
5484.2,64335.4,5944.8,64960.0,0.8636
69492.1,21853.6,70076.2,22005.6,0.8636
57920.0,5120.0,58053.0,5324.9,0.8636
28516.9,48960.6,28800.0,49046.6,0.8636
33601.6,27308.6,33749.9,27508.2,0.8635
34573.8,38535.0,35200.0,38712.2,0.8634
25282.4,36800.0,25497.7,37030.1,0.8634
126854.8,33079.4,127038.2,33279.5,0.8634
106562.9,15842.7,106878.0,16000.0,0.8634
61440.1,22646.5,61659.1,22720.0,0.8633
120141.5,29142.3,120320.0,29307.0,0.8633
51201.0,16001.8,51547.8,16219.5,0.8633
34159.8,29483.2,34363.0,29569.1,0.8633
124807.6,29950.0,125227.3,30394.3,0.8632
61775.2,13849.4,62394.2,14043.5,0.8632
119762.0,26561.7,119908.3,26731.8,0.8632
58493.0,22217.8,58685.6,22267.5,0.8632
34810.3,20505.3,34879.1,20676.8,0.8632
90564.8,11825.4,91200.0,12148.5,0.8632
41016.4,20889.2,41272.8,20982.9,0.8632
100480.0,19683.6,100896.3,19833.7,0.8632
6400.0,64640.0,6644.0,64912.6,0.8631
34883.5,49760.3,35051.3,49920.0,0.8631
21440.0,29050.6,21724.2,29327.0,0.8630
64923.2,16000.0,65042.5,16323.3,0.8630
17921.1,67060.6,18166.9,67198.9,0.8630
17984.7,30401.5,18153.8,30448.5,0.8630
125120.0,32523.8,125243.2,32640.0,0.8629
32299.4,20676.7,32635.7,20903.2,0.8629
30326.3,48324.4,30399.6,48497.4,0.8628
104285.8,17153.5,104554.2,17276.6,0.8628
35856.8,42516.4,36157.8,42629.3,0.8628
22936.8,36480.0,23040.0,36787.9,0.8628
20481.4,66737.8,20800.4,67191.3,0.8628
99829.2,14537.8,100160.0,14668.3,0.8627
49677.4,13268.7,50035.3,13433.8,0.8627
102332.7,9705.4,102720.0,9863.4,0.8627
59844.3,12866.0,60034.8,12966.4,0.8627
77758.2,15368.1,78045.8,15541.3,0.8627
107981.8,10390.9,108480.0,10551.5,0.8627
99243.4,8511.6,99520.0,8631.0,0.8626
34532.1,55324.2,34644.8,55672.6,0.8626
108480.0,21761.4,108742.5,22036.9,0.8625
21767.7,64649.4,22399.5,64868.3,0.8625
74618.0,10973.0,74737.6,11200.0,0.8625
30807.9,32320.0,30890.2,32537.3,0.8625
101129.1,14548.3,101760.0,14717.7,0.8623
78402.9,12284.6,78701.3,12722.5,0.8623
123740.2,27520.0,123839.9,27795.3,0.8623
58562.9,17292.4,58813.7,17690.1,0.8623
128075.1,36480.0,128320.0,36635.0,0.8622
88200.6,17692.4,88320.0,17904.4,0.8622
38890.6,27172.7,38986.0,27514.5,0.8622
78400.0,17600.3,78526.0,17744.4,0.8622
31516.9,61033.9,31680.0,61120.0,0.8622
94081.2,10548.5,94322.1,10668.8,0.8621
78551.5,13852.8,78719.5,14020.4,0.8621
25601.7,54085.2,26120.5,54324.2,0.8621
42537.6,9808.2,42875.9,9874.8,0.8621
40003.2,27930.8,40310.4,28251.5,0.8621
37122.0,39362.1,37230.3,39565.8,0.8620
99868.7,7046.4,100480.0,7225.8,0.8620
73642.3,19138.4,73916.6,19198.6,0.8619
34882.3,24717.7,35053.2,24960.0,0.8618
67840.0,22428.1,68066.3,22588.4,0.8618
101120.0,8210.5,101422.0,8316.7,0.8618
37767.6,26890.9,38399.3,27200.0,0.8616
78202.7,19298.6,78705.6,19813.5,0.8616
60160.0,9173.2,60393.4,9276.0,0.8616
119048.5,24669.4,119451.3,24960.0,0.8616
103685.6,5139.7,103893.9,5505.7,0.8616
94086.4,14123.6,94711.1,14269.3,0.8615
43803.7,11998.1,44160.0,12154.6,0.8614
23754.8,29715.5,23897.5,30054.4,0.8613
104104.9,13293.5,104626.9,13433.1,0.8613
25721.3,34622.3,25920.0,34792.3,0.8613
80695.9,14740.4,81264.3,15316.9,0.8612
26565.2,59054.0,27018.8,59510.8,0.8612
1603.0,66169.8,1699.4,66431.9,0.8612
38864.6,13004.3,39040.0,13348.3,0.8612
107002.5,8073.1,107200.0,8320.0,0.8611
22910.2,46444.9,23351.9,46715.6,0.8611
72072.3,10107.6,72315.1,10235.3,0.8611
65281.7,21952.7,65477.5,22097.0,0.8611
22035.8,30240.5,22390.8,30394.9,0.8611
6468.5,60487.0,7029.5,60642.2,0.8610
93440.5,11848.0,93634.2,11922.2,0.8610
23074.3,48022.5,23350.9,48339.1,0.8610
16001.2,62230.2,16296.5,62720.0,0.8610
35969.5,51068.3,36077.0,51138.0,0.8609
17140.8,46499.5,17275.7,46759.7,0.8609
93754.7,13991.4,94080.0,14080.0,0.8609
56320.0,16343.8,56581.3,16411.6,0.8608
79681.2,18046.8,79798.0,18347.6,0.8608
87683.5,13944.9,87882.6,14164.7,0.8608
87766.7,19840.8,87986.1,20040.0,0.8608
97920.0,7052.8,98436.6,7195.6,0.8608
73920.0,22181.1,74266.6,22354.7,0.8608
68181.6,22225.8,68800.0,22548.1,0.8607
31313.6,23360.0,31479.3,23729.5,0.8607
63041.1,13847.9,63143.0,14072.6,0.8606
80385.7,19916.6,80631.7,20102.5,0.8606
83551.6,13604.3,84160.0,13769.1,0.8606
73979.5,17925.1,74544.0,18397.2,0.8606
107520.0,12800.0,107646.8,12942.2,0.8605
2954.7,65097.4,3494.3,65581.8,0.8604
11523.8,66966.4,11649.6,67200.0,0.8604
22912.1,59649.9,23040.0,59838.1,0.8604
24004.5,41515.1,24474.6,41920.0,0.8604
57163.2,18060.7,57564.8,18235.4,0.8604
129810.5,32000.0,129920.0,32209.8,0.8603
52162.7,7815.8,52354.4,8000.0,0.8603
88960.7,13648.0,89178.5,13758.7,0.8603
60956.2,4963.3,61027.0,5116.9,0.8602
32309.7,57944.3,32640.0,58021.6,0.8601
47703.7,8811.0,48320.0,9191.7,0.8601
57086.2,18052.8,57552.5,18547.9,0.8601
23115.2,38891.2,23680.0,39033.0,0.8601
41600.0,20941.5,42216.8,21113.7,0.8601
86946.6,8972.7,87356.9,9061.1,0.8601
33099.0,36687.6,33280.0,36800.0,0.8600
27200.0,38572.7,27788.4,38717.6,0.8600
50532.5,21959.8,50880.0,22080.0,0.8600
34731.2,43419.7,34900.3,43808.0,0.8600
18560.0,64310.2,18716.4,64633.0,0.8599
21760.0,50240.0,21938.8,50557.7,0.8599
35620.2,42008.1,35837.9,42291.4,0.8599
30400.0,33602.6,30603.8,33718.3,0.8599
29123.7,57714.4,29198.9,57812.0,0.8599
19316.3,60800.0,19426.6,60985.8,0.8599
117440.0,30323.5,118042.9,30716.9,0.8598
21120.0,46713.8,21751.1,47032.2,0.8597
25614.3,33175.9,26240.0,33491.8,0.8596
59354.2,4136.9,59520.0,4467.3,0.8596
60620.2,19840.0,60676.4,19967.4,0.8595
31648.6,12803.4,31991.6,12875.2,0.8595
66864.9,18677.3,67200.0,18815.3,0.8595
42627.5,10338.2,42880.0,10423.6,0.8595
29188.2,43203.8,29291.1,43470.6,0.8595
79043.5,18923.1,79250.4,19315.4,0.8594
57280.0,19613.8,57511.2,19805.6,0.8593
33752.0,25603.5,34222.1,25799.1,0.8592
32131.3,21025.0,32624.8,21240.7,0.8591
16640.0,63061.1,17265.6,63356.8,0.8591
119697.9,25138.3,120110.0,25494.9,0.8591
69259.8,22209.6,69751.5,22364.5,0.8590
62723.7,9363.1,62927.7,9908.6,0.8590
126287.3,32640.0,126399.3,32751.2,0.8590
19918.3,49439.0,20160.0,49595.1,0.8590
59327.3,23396.7,59410.1,23499.6,0.8590
33708.8,46728.7,33918.2,46931.0,0.8589
109535.3,18256.0,110069.7,18873.1,0.8589
22404.9,30175.0,22757.0,30615.3,0.8589
55029.2,4290.6,55360.0,4476.5,0.8589
88580.3,13551.3,88773.5,13725.4,0.8589
58670.4,10796.7,58818.6,10878.0,0.8588
19326.4,55786.6,19773.9,56315.9,0.8588
24140.1,59848.1,24640.0,60301.2,0.8588
55680.0,18686.4,56158.5,18867.2,0.8587
62474.3,15599.2,62720.0,15677.9,0.8587
60160.0,21969.4,60785.2,22149.9,0.8587
34560.0,23113.0,35108.7,23262.8,0.8587
51843.2,18762.5,51987.3,19057.7,0.8587
103223.0,10305.2,103661.4,10494.4,0.8586
58562.2,12061.5,58764.6,12238.8,0.8586
99787.9,7082.2,100160.0,7240.2,0.8586
26563.6,60540.2,27200.0,60818.0,0.8586
34443.0,49399.8,34556.6,49534.4,0.8585
86732.8,17952.9,87320.4,18502.5,0.8585
22720.0,51837.3,23360.0,52155.0,0.8585
1348.4,64741.0,1592.9,64935.6,0.8585
95684.7,14074.2,96320.0,14397.8,0.8585
102763.6,6720.0,103040.0,6824.5,0.8585
46125.1,22397.9,46400.0,22492.8,0.8584
29499.4,35456.6,29705.2,35520.0,0.8584
88888.3,13298.1,89093.4,13436.8,0.8584
19286.7,47680.0,19410.4,47979.4,0.8583
17208.1,61188.3,17585.3,61438.8,0.8583
37410.2,37798.6,37760.0,37872.8,0.8583
17210.1,34917.5,17553.6,35520.0,0.8583
73377.1,17728.4,73920.0,18122.7,0.8582
89352.8,19388.4,89618.7,19686.1,0.8582
17139.1,65955.5,17278.7,66188.4,0.8582
35695.7,28226.6,36144.9,28800.0,0.8581
71545.4,19251.6,71678.9,19520.0,0.8581
30256.5,37898.3,30413.6,38173.5,0.8581
87044.4,13344.5,87255.1,13533.6,0.8581
53104.7,10578.9,53429.5,10864.6,0.8580
2898.1,64661.8,3006.7,64821.0,0.8580
26351.8,41481.8,26864.1,41916.3,0.8580
38080.0,26892.2,38687.1,27258.0,0.8580
26462.5,49979.3,26878.9,50560.0,0.8580
33881.9,27616.1,34210.4,27753.6,0.8579
50411.4,20160.2,50558.9,20377.0,0.8579
8576.5,61955.5,8960.0,62076.4,0.8579
4179.0,63126.0,4366.2,63360.0,0.8579
68802.4,21965.6,69001.9,22057.8,0.8579
116314.0,22796.3,116474.8,23028.2,0.8578
113465.9,25822.9,113597.0,25920.0,0.8577
36340.1,39970.1,36468.4,40308.2,0.8576
37203.4,37120.9,37378.6,37356.5,0.8576
20713.3,58243.9,20916.0,58449.9,0.8576
52481.0,12800.0,52852.1,13113.5,0.8576
59517.4,8704.9,59765.8,8847.9,0.8575
62179.0,18054.9,62459.9,18118.7,0.8575
35605.5,13268.0,35840.0,13436.8,0.8574
104320.0,5924.2,104845.1,6073.5,0.8574
126768.1,38885.1,126847.7,38973.6,0.8574
18560.6,44782.4,18681.7,44976.4,0.8573
34188.0,37128.4,34274.8,37336.6,0.8573
104572.6,9920.0,104759.7,10185.6,0.8572
36518.4,26714.2,37120.0,26871.0,0.8572
29592.0,45760.0,29705.5,46052.3,0.8572
72002.0,8746.5,72610.9,9265.6,0.8572
80123.8,9063.0,80316.8,9280.0,0.8571
34789.3,39524.6,35004.3,39674.8,0.8571
49768.4,11840.0,49896.8,12154.4,0.8571
22249.1,63363.0,22400.0,63519.8,0.8571
32410.2,28844.7,32640.0,29120.0,0.8571
98577.6,10501.8,98876.6,10634.5,0.8571
33585.8,42887.9,33916.9,43461.7,0.8570
120094.5,25429.1,120623.4,25592.2,0.8570
60728.9,5760.0,60810.1,5903.9,0.8570
83520.0,14782.6,83630.5,15018.5,0.8570
17366.8,44869.2,17894.7,45055.3,0.8570
21541.5,34245.7,22065.2,34853.5,0.8570
87684.3,19415.9,87819.1,19654.2,0.8570
37190.7,44800.0,37292.7,45113.6,0.8569
58456.8,14893.4,58524.6,15039.4,0.8569
39721.7,23681.7,39892.3,23745.2,0.8568
33608.6,43201.7,33920.0,43433.7,0.8568
36806.6,29576.1,37170.7,29755.5,0.8568
33674.5,10789.2,34090.9,10967.4,0.8567
32978.6,38537.3,33600.0,38957.4,0.8567
60800.5,22405.9,60904.2,22658.2,0.8567
101123.3,13440.4,101254.3,13711.4,0.8567
39360.0,13300.4,39935.9,13699.4,0.8566
46742.2,18560.2,46834.8,18656.3,0.8566
31217.4,40788.7,31358.3,40955.0,0.8565
21447.7,37102.8,21831.0,37247.0,0.8565
22044.1,30222.6,22387.4,30655.2,0.8565
27608.7,36814.9,28157.6,37261.1,0.8565
40587.4,27204.7,40657.3,27369.0,0.8565
24380.0,29791.9,24941.9,30222.8,0.8564
96950.3,15553.6,97280.0,15680.0,0.8564
62081.9,8205.7,62243.9,8320.0,0.8563
34086.4,45993.2,34170.3,46079.2,0.8563
97604.0,7116.8,98108.4,7256.9,0.8563
51202.6,16361.7,51313.1,16523.3,0.8563
25748.9,64993.0,26225.6,65423.4,0.8562
88022.9,12290.2,88638.0,12592.8,0.8562
100815.5,6340.8,101117.7,6497.4,0.8562
52364.5,12004.0,52788.7,12462.5,0.8562
36806.0,13126.2,37120.0,13226.8,0.8562
40195.8,27072.1,40316.9,27197.2,0.8562
31861.4,32322.4,31999.4,32509.6,0.8562
119222.3,27842.0,119360.0,28012.2,0.8562
69400.4,22783.0,69760.0,22863.8,0.8561
41600.1,16000.0,41756.9,16207.7,0.8561
61521.8,4975.2,61675.2,5145.4,0.8560
104038.4,13820.0,104640.0,14078.4,0.8559
57214.9,16633.2,57494.6,16700.2,0.8559
31953.1,21121.1,32320.0,21243.8,0.8558
78091.5,14688.0,78720.0,14861.2,0.8558
39938.7,26009.2,40007.8,26192.2,0.8558
56719.9,16377.4,57107.1,16637.8,0.8556
104960.0,17930.0,105291.0,18217.9,0.8556
61761.3,15769.7,61948.1,15841.5,0.8556
6636.4,61122.2,7034.1,61376.3,0.8555
74834.2,17469.1,75200.0,17593.1,0.8555
84947.3,13166.2,85407.4,13534.6,0.8555
47433.1,18884.8,47546.9,19000.8,0.8555
55361.7,4328.1,55732.6,4476.4,0.8555
34750.0,44480.0,34914.0,44763.1,0.8554
44480.0,21844.8,45079.0,22067.1,0.8553
57149.9,22652.9,57358.2,22720.0,0.8553
88775.9,7703.3,89129.3,8033.8,0.8552
64003.2,20641.5,64239.3,20865.7,0.8552
36589.2,12480.0,37120.0,12753.5,0.8551
37065.3,38735.4,37440.0,38872.2,0.8551
77894.5,10971.5,78065.8,11195.6,0.8551
81760.8,12481.0,81906.0,12672.9,0.8550
12007.6,61120.0,12160.0,61455.8,0.8550
58241.7,22157.0,58472.2,22273.0,0.8550
88960.0,14924.7,89587.6,15305.8,0.8549
50881.2,17365.4,51049.2,17440.1,0.8549
15363.8,63500.6,15564.5,63661.2,0.8549
25468.3,55389.2,25597.8,55583.7,0.8549
36482.3,13442.6,36698.3,13564.0,0.8549
21760.0,37273.3,22103.4,37474.3,0.8548
55102.2,13291.4,55680.0,13434.8,0.8548
119714.2,25928.5,120271.5,26517.5,0.8547
126407.2,37321.7,126567.0,37440.0,0.8547
32389.3,23360.0,32534.1,23580.7,0.8547
17285.7,33149.7,17640.6,33597.4,0.8547
27738.8,31736.6,27992.8,31857.8,0.8547
69409.8,22591.1,69760.0,22663.1,0.8547
90225.1,7687.3,90558.4,7846.7,0.8546
30650.8,29344.7,30860.5,29421.9,0.8546
18970.9,37688.4,19094.3,37729.8,0.8545
30585.7,50300.9,30718.0,50560.0,0.8545
45436.8,21697.9,45759.4,21760.0,0.8544
108187.3,18374.3,108565.0,18875.9,0.8544
54913.8,19597.6,55033.8,19815.3,0.8544
20821.4,35824.2,21334.2,36151.7,0.8544
31680.0,60225.8,31848.4,60406.1,0.8543
49410.6,17924.3,49555.4,18113.8,0.8543
84482.7,11860.8,84624.7,12130.3,0.8543
126403.9,37323.7,126563.2,37579.7,0.8542
101440.0,6765.9,102028.1,6903.3,0.8542
72229.8,11724.8,72456.5,11840.0,0.8542
62261.6,16966.6,62425.9,17084.7,0.8542
35884.6,15177.0,36469.2,15354.6,0.8542
116485.1,23149.1,116666.3,23485.6,0.8542
62728.7,22132.1,62981.6,22255.9,0.8542
51161.2,23877.5,51520.0,23991.3,0.8541
40199.9,20267.9,40265.0,20436.6,0.8541
38720.0,23257.9,38861.9,23360.0,0.8541
34884.4,12800.0,34991.6,13064.4,0.8541
108007.7,10880.0,108158.5,11233.7,0.8541
69440.0,16201.5,70071.8,16525.0,0.8541
68985.5,12575.5,69280.9,12792.5,0.8541
86253.8,10880.0,86701.3,11311.3,0.8540
70726.1,21812.8,71348.4,21995.6,0.8539
82417.7,13604.2,82847.5,13756.0,0.8539
79827.8,17362.4,80000.0,17597.5,0.8538
66560.0,15481.3,67185.7,15675.1,0.8537
38722.4,56339.7,38822.2,56522.1,0.8536
67200.0,15764.5,67837.7,16154.2,0.8536
106956.4,10414.9,107114.9,10560.0,0.8535
33254.8,39510.7,33585.5,39645.8,0.8535
32016.4,58471.3,32628.9,58624.8,0.8535
89283.7,13386.8,89485.9,13572.1,0.8534
60801.4,6406.5,60979.6,6693.5,0.8534
25603.6,59301.9,25878.0,59840.0,0.8534
101760.0,9974.2,102383.4,10375.0,0.8534
75200.0,15104.1,75547.1,15266.2,0.8534
121354.0,36907.5,121421.7,37003.2,0.8534
32593.3,56050.3,32710.8,56135.9,0.8533
35585.0,57679.3,36144.9,58224.5,0.8533
41308.5,21299.9,41920.0,21649.5,0.8533
125765.9,30720.0,125992.5,30955.1,0.8533
74900.9,7360.0,75520.0,7777.6,0.8533
23361.3,42263.1,23683.8,42615.3,0.8532
26968.1,61778.0,27075.7,61850.9,0.8531
26370.5,60887.8,26792.1,61440.0,0.8531
55774.8,16636.6,56292.1,16841.6,0.8531
43989.6,13978.3,44160.0,14080.0,0.8530
20187.0,57477.2,20711.8,57821.8,0.8529
104690.5,10880.0,104950.8,11013.1,0.8529
40052.9,29126.1,40320.0,29386.5,0.8529
36009.3,13273.1,36474.0,13439.5,0.8529
35843.3,49944.8,36062.4,50536.9,0.8529
20809.8,46720.0,21421.5,47236.4,0.8529
54400.0,14795.1,54639.6,14949.3,0.8528
120320.0,25605.7,120960.0,25915.3,0.8527
117122.5,23262.3,117214.5,23355.3,0.8527
123340.8,26882.3,123520.0,26991.7,0.8527
82710.0,11527.6,82880.0,11732.8,0.8526
37440.0,31973.4,38049.1,32305.0,0.8526
37043.5,51325.8,37120.0,51426.7,0.8525
81049.3,18247.0,81268.0,18698.4,0.8525
114104.8,21120.0,114240.0,21218.4,0.8524
79980.5,20347.5,80320.0,20471.4,0.8524
40334.2,8000.0,40960.0,8373.7,0.8524
103128.7,10941.0,103204.3,11200.0,0.8524
96012.9,6736.6,96640.0,7075.3,0.8523
62118.1,20800.0,62343.0,20923.3,0.8523
38774.5,28164.8,38933.0,28514.0,0.8523
79360.0,20008.8,79979.6,20436.1,0.8523
60922.7,6954.8,61095.1,7076.9,0.8523
3521.6,62413.1,3853.9,62738.0,0.8523
18240.0,38916.8,18849.2,39071.5,0.8523
26246.4,52223.6,26428.9,52800.0,0.8522
50913.2,16619.9,51485.7,16946.6,0.8522
32645.3,47040.0,32732.6,47298.2,0.8521
86400.0,14088.4,86719.6,14306.7,0.8520
57391.7,22472.0,57600.0,22536.1,0.8520
60916.7,20606.0,60986.6,20719.6,0.8520
37763.1,32961.4,37832.0,33077.4,0.8519
29054.3,31302.2,29188.4,31591.2,0.8519
33066.5,21055.1,33371.6,21120.0,0.8518
32567.3,51583.6,32954.9,51663.5,0.8517
47047.9,15288.3,47318.9,15360.0,0.8517
23161.4,46125.8,23254.0,46400.0,0.8517
21446.1,45459.2,21800.3,45862.9,0.8517
78386.8,14720.0,78720.0,14840.1,0.8516
59843.7,13570.5,60059.0,13811.3,0.8516
19200.4,32750.5,19431.0,32960.0,0.8516
57221.2,9452.6,57314.2,9600.0,0.8516
32301.0,58713.4,32587.0,58818.7,0.8516
31075.0,29781.2,31149.0,29873.5,0.8516
56817.3,7368.5,57166.5,7622.6,0.8516
100205.8,7687.1,100800.0,8179.3,0.8515
114649.2,25126.6,114873.5,25428.6,0.8515
33220.6,40590.1,33588.9,40662.4,0.8515
98562.9,10921.3,98718.0,11197.6,0.8514
19841.9,57390.1,20000.4,57598.7,0.8514
29764.5,40323.8,30069.3,40513.9,0.8513
26576.4,40210.2,26879.5,40320.0,0.8513
34914.1,42449.5,35039.2,42560.0,0.8512
32793.9,47368.9,32960.0,47704.8,0.8512
119229.5,26476.1,119413.6,26623.1,0.8511
102390.6,8870.1,102717.3,8983.8,0.8511
31201.2,19840.0,31268.9,19970.4,0.8510
28008.0,30080.0,28159.3,30441.0,0.8510
26393.2,61122.2,26840.7,61503.8,0.8509
96021.8,14482.8,96637.9,14656.0,0.8508
93882.8,13125.1,94078.5,13288.9,0.8508
34394.0,47277.7,34560.0,47352.5,0.8508
19200.0,27508.6,19385.7,27694.8,0.8508
55083.0,4555.7,55653.7,5094.0,0.8508
39549.0,42966.7,39617.9,43118.6,0.8508
19529.9,68941.2,19782.5,69120.0,0.8507
81768.4,17122.7,81917.0,17276.7,0.8507
58057.7,14400.0,58156.0,14577.6,0.8507
51520.0,14105.2,51851.4,14398.1,0.8507
103544.5,19840.0,103680.0,20067.1,0.8507
34240.0,19200.0,34817.9,19382.4,0.8506
24331.7,40731.7,24854.2,41223.3,0.8506
46401.1,15202.0,46732.8,15678.4,0.8506
38154.5,14436.6,38720.0,15028.1,0.8506
34242.7,52963.0,34326.3,53103.6,0.8506
102738.0,7480.8,103181.8,7665.7,0.8505
26937.1,51681.4,27504.5,51838.1,0.8505
32446.2,26561.7,32600.4,26757.4,0.8505
105467.2,17920.0,105599.8,18234.5,0.8504
51990.8,3264.5,52442.4,3543.3,0.8504
16700.8,66520.6,16958.0,66655.7,0.8504
33071.3,40584.4,33279.5,40640.0,0.8503
35841.2,50562.2,36037.5,50659.6,0.8503
125606.7,32857.1,125759.6,32960.0,0.8503
67052.8,18674.7,67199.2,18724.3,0.8502
30068.8,53441.8,30213.8,53787.0,0.8502
28160.0,35459.3,28403.5,35555.1,0.8502
29768.3,45765.9,29945.5,45983.7,0.8502
69760.0,16249.9,70359.2,16477.6,0.8501
100732.2,4882.8,101115.6,5059.4,0.8501
320.0,65600.0,470.3,65859.2,0.8501
35993.5,58247.5,36158.7,58430.6,0.8499
42244.4,13443.9,42308.0,13602.5,0.8499
16960.0,30155.3,17106.3,30400.0,0.8499
88382.5,14859.7,88634.5,15040.0,0.8499
92481.1,14010.9,93120.0,14340.1,0.8499
72962.9,17450.7,73037.4,17600.0,0.8498
19978.5,44800.0,20159.1,45111.0,0.8498
23411.2,44280.1,24000.0,44461.4,0.8497
12480.0,61604.3,13078.2,61757.2,0.8497
38116.4,54543.2,38400.0,55040.0,0.8497
85760.0,13125.7,86246.7,13285.5,0.8496
57115.3,18148.0,57277.2,18458.1,0.8496
82572.0,13796.0,83187.2,13948.8,0.8496
34005.9,57995.4,34560.0,58174.6,0.8496
53387.0,3840.0,53550.5,4056.9,0.8495
16640.0,66763.0,17243.4,67200.0,0.8495
28431.9,51365.3,28800.0,51511.1,0.8495
25042.8,38910.8,25600.0,39060.9,0.8494
42264.4,18347.3,42871.4,18851.5,0.8494
37855.7,40398.6,37943.2,40629.6,0.8494
29714.2,38592.5,30080.0,38716.1,0.8493
76484.5,13769.1,76658.7,14117.4,0.8493
28800.0,41352.7,28910.6,41666.5,0.8493
25735.0,58258.2,26218.3,58426.7,0.8493
33602.8,26880.0,33745.3,27214.0,0.8493
67182.8,9522.3,67295.1,9600.0,0.8492
125451.4,32863.0,125892.8,33084.4,0.8491
27863.8,45844.9,28040.5,46015.8,0.8491
36522.2,54400.0,36666.7,54737.8,0.8491
19840.0,56877.8,20276.3,57278.2,0.8491
100800.0,7521.5,101353.4,7680.0,0.8489
65964.3,17946.7,66240.0,18112.0,0.8489
121086.0,30329.2,121280.0,30400.0,0.8489
31696.0,14419.9,32315.5,14843.0,0.8488
23802.4,51254.0,23997.3,51463.4,0.8488
102380.5,12391.6,102720.0,12463.4,0.8487
21766.9,43609.3,22213.7,43838.3,0.8487
51359.6,20670.6,51520.0,20935.2,0.8486
43716.5,22305.7,43840.0,22555.1,0.8486
98578.5,10647.9,98880.0,10757.1,0.8485
26670.7,35089.3,26843.5,35254.5,0.8484
93440.0,14114.7,94057.2,14277.3,0.8484
21711.2,35860.9,21758.1,36026.0,0.8483
6870.9,64000.0,7040.0,64384.0,0.8483
39368.9,13620.3,39557.6,13943.7,0.8483
23420.9,30782.9,23540.0,31040.0,0.8481
88657.1,15025.2,89280.0,15360.0,0.8480
98068.9,13609.5,98560.0,13757.7,0.8480
21284.9,43652.8,21746.0,43830.5,0.8480
100588.2,16035.8,100797.3,16138.1,0.8480
20837.5,31167.6,21440.0,31673.2,0.8480
50885.0,4160.0,50946.8,4281.6,0.8479
17886.4,30474.5,18008.9,30700.2,0.8479
53281.0,16355.0,53387.7,16468.3,0.8479
30072.7,53440.0,30201.3,53508.6,0.8479
47382.8,23159.5,47573.1,23216.6,0.8479
87505.4,8809.6,87921.6,8954.3,0.8479
51679.7,2051.7,51840.0,2382.6,0.8479
32965.1,25744.7,33484.4,26222.2,0.8478
23048.3,51788.2,23362.6,52159.0,0.8478
48650.0,8960.0,49280.0,9290.9,0.8478
5788.3,60615.2,6400.0,61103.3,0.8477
27204.0,44239.7,27840.0,44583.8,0.8477
33661.8,13490.3,34240.0,13702.1,0.8477
68483.2,10577.8,68725.5,10895.1,0.8477
32837.1,57055.6,33280.0,57261.8,0.8476
20160.0,35938.8,20400.8,36401.2,0.8475
40896.9,26240.0,41237.9,26347.6,0.8474
25279.0,49316.0,25399.5,49600.0,0.8474
84649.0,14823.9,84800.0,14987.1,0.8474
50399.5,17942.4,50556.3,18137.5,0.8473
101120.0,9926.3,101753.2,10235.4,0.8473
33917.9,21075.5,34240.0,21188.2,0.8472
58572.5,12553.3,59181.7,12767.4,0.8472
87004.7,16320.7,87360.0,16428.4,0.8471
32588.6,39680.0,32637.2,39843.0,0.8471
126720.7,36800.0,126834.7,36901.6,0.8471
97605.3,18394.6,97999.8,18552.3,0.8471
24017.5,56514.5,24320.0,56631.8,0.8470
69247.3,16215.9,69440.0,16357.4,0.8470
100618.9,14443.6,100727.0,14527.1,0.8470
103157.4,11960.2,103360.0,12023.1,0.8470
72989.8,22280.0,73600.0,22427.3,0.8469
58246.5,13985.7,58435.7,14080.0,0.8469
39158.1,34918.7,39360.0,35174.0,0.8468
33763.8,28547.0,33920.0,28633.7,0.8468
60133.1,5769.1,60467.8,6221.6,0.8468
81600.0,13807.5,82166.3,13957.6,0.8468
99377.7,6600.8,99520.0,6702.5,0.8467
77671.8,17643.4,77760.0,17838.7,0.8467
68989.5,21120.0,69108.3,21451.7,0.8467
63520.6,5937.9,63677.3,6250.8,0.8467
31200.8,41106.5,31480.1,41226.1,0.8466
106760.4,13017.4,106879.2,13120.0,0.8466
67467.2,22267.9,67840.0,22396.6,0.8465
30081.3,58890.8,30529.8,59055.0,0.8464
23366.1,38891.6,23765.5,39051.8,0.8464
103362.5,10130.6,103442.8,10232.1,0.8463
16001.3,35122.7,16134.6,35325.4,0.8463
47959.7,22401.9,48320.0,22478.2,0.8463
23043.0,62781.9,23214.0,63357.5,0.8463
69760.0,16136.8,70283.5,16302.6,0.8463
60174.9,22701.2,60788.1,22848.0,0.8462
52160.0,21929.8,52791.9,22295.1,0.8462
26500.7,38572.7,26880.0,38650.4,0.8462
59557.2,21142.8,59768.4,21312.6,0.8462
25773.5,35998.2,25917.6,36158.1,0.8462
35312.5,42013.7,35517.3,42232.5,0.8462
40640.0,21930.2,40982.0,22074.2,0.8461
20575.5,52127.9,21120.0,52480.0,0.8461
20861.3,27866.6,21005.4,28160.0,0.8461
39053.5,28287.5,39664.4,28467.9,0.8461
19884.7,35952.0,20403.8,36403.1,0.8460
92357.7,10939.2,92480.0,11002.0,0.8460
53443.0,13340.8,53869.4,13495.7,0.8460
100843.3,12806.4,101211.7,13102.6,0.8460
82568.1,10017.2,82762.0,10227.5,0.8460
63992.8,19261.1,64292.5,19375.1,0.8459
38400.0,32160.8,38999.1,32318.0,0.8459
18560.0,33693.9,19066.7,33881.2,0.8459
71581.7,16298.2,71678.6,16392.8,0.8458
92832.7,8012.3,93431.7,8155.2,0.8458
56625.8,16723.2,56783.1,16960.0,0.8457
75840.0,8641.2,76099.0,8779.9,0.8457
38720.5,13347.6,38857.1,13640.9,0.8457
51996.9,13760.0,52480.0,14182.9,0.8457
96722.7,7235.4,96960.0,7355.4,0.8457
31044.3,28800.0,31131.4,29043.6,0.8457
105926.4,7872.1,106229.1,8320.0,0.8457
49397.1,18241.3,49533.6,18375.9,0.8457
60985.1,8896.5,61250.6,9059.4,0.8457
50731.2,7360.0,50812.6,7470.4,0.8457
125939.9,38494.8,126042.1,38653.2,0.8456
14400.0,66898.6,14752.2,67296.1,0.8456
19648.0,41357.3,19839.9,41514.8,0.8456
21121.0,30309.6,21489.6,30703.2,0.8455
34563.3,50592.8,34751.0,50800.5,0.8454
32686.2,56648.0,32793.9,56705.0,0.8454
75203.2,12819.0,75384.5,13132.1,0.8454
33476.3,26362.9,33596.7,26560.0,0.8454
26890.6,51366.9,27520.0,51513.0,0.8454
61215.5,22656.8,61439.0,22720.0,0.8454
97280.0,7111.9,97592.6,7305.4,0.8453
33908.4,21123.7,34188.7,21192.0,0.8453
35006.7,54112.5,35202.0,54309.4,0.8452
20800.0,48343.4,20913.6,48489.5,0.8452
34241.2,54404.5,34527.5,54471.6,0.8452
49081.5,9177.9,49277.6,9273.4,0.8452
121641.2,32759.1,121774.3,32868.0,0.8452
32011.3,54720.0,32587.4,55280.7,0.8451
111681.3,22723.1,112056.1,22973.1,0.8451
74240.0,8320.0,74448.5,8486.1,0.8451
38408.0,20244.9,38720.0,20358.3,0.8451
35868.8,9435.1,36160.0,9600.0,0.8450
37705.2,25708.7,37760.0,25875.1,0.8450
70080.0,10631.7,70453.0,11200.0,0.8450
35921.3,47646.8,35983.2,47843.5,0.8449
31440.5,60736.8,31639.3,60800.0,0.8449
34243.9,44562.9,34444.2,44800.0,0.8449
34895.9,29632.1,35200.0,29760.0,0.8449
53765.2,22529.7,54400.0,22883.2,0.8448
24946.9,58360.6,25280.0,58554.3,0.8448
56302.1,18109.1,56637.5,18235.5,0.8448
97779.0,7676.5,97920.0,7835.8,0.8448
64041.9,22646.1,64628.7,22828.2,0.8447
34560.0,10748.4,34809.8,10877.6,0.8447
99629.3,13589.5,99836.9,13758.6,0.8447
38403.8,18574.3,38694.1,19085.1,0.8446
63132.8,9009.4,63224.7,9066.9,0.8445
72887.3,21120.0,73243.7,21209.0,0.8445
32501.2,53684.9,32640.0,53747.2,0.8444
48000.0,12915.5,48359.1,13118.1,0.8444
79334.5,13848.8,79447.0,14056.7,0.8444
42880.0,22080.8,43176.2,22152.1,0.8443
29679.2,43625.5,29792.8,43840.0,0.8443
26115.0,45897.0,26240.0,46080.0,0.8443
28149.6,61675.1,28476.8,61752.9,0.8442
30227.8,51521.9,30309.0,51649.4,0.8441
120963.1,35401.4,121252.8,35744.5,0.8441
19200.0,47180.0,19524.2,47358.1,0.8441
45980.8,16732.8,46080.0,16957.3,0.8441
24328.6,52160.0,24640.0,52421.2,0.8440
101760.0,13140.0,101997.2,13348.4,0.8440
32321.6,12915.4,32443.4,13120.0,0.8440
21614.3,58424.1,21760.0,58700.9,0.8440
72320.0,15398.1,72936.0,15733.0,0.8439
64005.7,14575.2,64640.0,14916.2,0.8439
25921.2,36899.0,26159.0,37070.0,0.8439
43016.3,12482.7,43191.3,12714.1,0.8438
42575.4,19637.7,42716.0,19749.3,0.8437
78916.8,17118.2,79141.6,17272.0,0.8437
72392.0,21835.6,72960.0,21981.7,0.8436
103688.5,14032.3,104320.0,14390.8,0.8436
30919.5,26598.3,31190.4,26748.0,0.8436
44677.2,19228.2,44832.3,19489.7,0.8435
24330.4,39725.4,24960.0,40139.9,0.8435
18001.5,33020.7,18240.0,33185.4,0.8434
77497.0,17090.3,77648.5,17340.6,0.8434
86400.0,12720.1,87040.0,13059.3,0.8433
116171.8,29310.1,116800.0,29760.0,0.8433
24946.4,33118.0,25280.0,33207.2,0.8432
41355.6,8664.4,41899.9,9276.1,0.8431
88640.0,8778.2,89224.2,8922.7,0.8431
34233.6,53160.5,34560.0,53225.3,0.8431
35258.1,11366.3,35735.9,11832.6,0.8431
24475.2,38918.7,24954.8,39072.2,0.8430
67035.3,20155.3,67199.6,20480.0,0.8430
33928.7,57549.2,34560.0,57920.0,0.8430
27200.0,51691.5,27720.6,51840.0,0.8430
63353.9,19166.9,63680.0,19229.8,0.8429
45133.7,22914.9,45760.0,23360.0,0.8429
81606.0,10240.0,81797.8,10427.2,0.8428
46734.7,21848.0,47040.0,21924.0,0.8428
88007.5,8004.1,88115.7,8281.4,0.8428
36800.0,22585.3,36990.5,22638.6,0.8428
19326.2,59953.5,19516.0,60212.7,0.8428
70081.7,23534.6,70310.6,23677.4,0.8427
56948.7,10088.6,57280.0,10238.9,0.8427
122240.0,38834.4,122457.1,39040.0,0.8427
29897.4,34560.0,30035.5,34943.6,0.8427
36160.0,38524.4,36731.7,38682.8,0.8426
80640.0,9173.5,80804.0,9278.4,0.8426
17281.3,44458.0,17442.7,44778.5,0.8426
20160.0,52162.8,20417.6,52661.1,0.8425
45243.4,12275.7,45310.2,12430.3,0.8425
15994.9,41923.7,16320.0,42006.8,0.8425
63680.0,14558.9,64279.0,14717.6,0.8425
24757.0,33963.1,25014.1,34081.9,0.8424
104665.2,21935.9,105271.8,22400.0,0.8424
53225.5,17341.3,53418.9,17600.0,0.8423
77763.1,19407.8,77842.7,19488.5,0.8422
100480.0,14661.5,101103.2,14854.0,0.8421
46542.2,16325.1,46962.5,16820.5,0.8421
20474.8,30125.1,20799.6,30693.3,0.8420
54080.2,17734.8,54226.2,17911.7,0.8420
84666.9,15043.1,84800.0,15102.6,0.8418
96429.5,11722.5,96637.5,11923.6,0.8418
22627.6,28480.6,23039.2,28713.4,0.8418
65028.0,20800.0,65210.7,21046.8,0.8417
60800.6,4160.9,60956.3,4387.5,0.8416
89927.8,11944.7,90560.0,12123.9,0.8416
86069.2,21937.3,86400.0,22078.2,0.8416
75829.7,13604.0,76157.2,13760.0,0.8416
108891.5,21254.3,109120.0,21440.0,0.8415
35542.4,52160.0,36148.5,52685.3,0.8415
96218.7,13760.9,96320.0,13805.1,0.8415
61056.1,21973.4,61440.0,22078.5,0.8415
36870.6,16961.7,37440.0,17169.3,0.8415
47007.0,10116.3,47360.0,10228.4,0.8415
49972.9,8001.9,50084.7,8118.4,0.8415
56214.9,4567.6,56511.1,4931.4,0.8414
119410.7,24960.1,119964.9,25397.4,0.8413
58560.0,13464.6,58675.6,13760.0,0.8413
24960.0,39153.9,25181.3,39282.2,0.8412
79887.1,14080.0,79998.9,14221.1,0.8412
94720.0,14143.8,95291.6,14307.4,0.8412
75279.9,17163.6,75447.0,17280.0,0.8411
15997.7,31913.4,16238.3,32017.2,0.8410
32651.4,9380.3,33273.6,9547.2,0.8409
37575.7,52717.9,37659.0,52873.3,0.8408
62490.1,15066.0,62995.2,15508.8,0.8408
37068.4,40215.7,37120.0,40375.2,0.8408
33084.2,42798.8,33247.9,43130.0,0.8408
93297.3,6884.6,93356.0,7040.0,0.8408
30080.0,41863.3,30314.7,41920.0,0.8408
58560.0,4679.5,58744.9,4796.7,0.8407
16406.6,68074.0,16640.0,68233.2,0.8407
37190.3,38650.1,37440.0,38718.1,0.8407
121925.2,28805.9,122349.6,29189.0,0.8407
29761.7,29760.0,29915.0,30080.6,0.8406
36480.0,12229.6,36653.1,12472.5,0.8406
36874.0,22587.9,37085.2,22637.5,0.8405
72650.6,23213.3,73275.6,23353.0,0.8404
74828.9,15350.5,75150.1,15418.5,0.8404
69933.3,17331.3,70380.5,17791.4,0.8404
22400.0,51208.1,22690.3,51322.9,0.8404
76322.5,16642.0,76479.6,16729.7,0.8403
57152.7,21929.7,57489.4,22070.3,0.8403
28222.6,56770.7,28667.9,57230.3,0.8403
33408.2,54703.0,33598.1,54808.7,0.8403
97106.6,5628.1,97174.3,5721.0,0.8402
86720.0,9231.0,87167.4,9381.9,0.8401
25924.0,29673.6,26121.4,29760.0,0.8401
121095.2,25280.0,121280.0,25380.8,0.8401
35722.0,45806.2,35839.8,46080.0,0.8400
102004.4,6678.0,102400.0,6802.2,0.8400
33280.0,17970.3,33468.8,18240.0,0.8400
18300.1,51245.2,18804.7,51763.7,0.8400
16320.0,40981.1,16674.8,41154.5,0.8399
24708.8,34297.7,25280.0,34527.5,0.8398
52215.1,7360.0,52634.3,7630.7,0.8398
35245.8,23843.1,35840.0,23998.1,0.8398
576.9,67397.0,960.0,67515.7,0.8398
22080.0,48000.0,22566.9,48588.8,0.8397
35185.2,43904.4,35310.6,44160.0,0.8395
51200.0,22264.4,51523.3,22398.0,0.8395
1229.7,67392.1,1600.0,67515.4,0.8394
18598.9,35615.6,19200.0,35835.7,0.8394
24000.0,45242.5,24549.7,45710.0,0.8394
3891.7,64960.0,4157.2,65112.8,0.8393
41600.6,13120.0,41783.8,13431.0,0.8392
19356.9,42562.1,19519.0,42705.3,0.8392
52421.9,23539.4,52800.0,23670.0,0.8392
97920.1,16500.7,98127.9,16640.0,0.8392
99955.5,12169.5,100165.1,12254.4,0.8392
16015.6,38759.7,16635.3,38916.2,0.8391
70117.0,8980.0,70697.0,9429.1,0.8391
103680.0,12366.4,103885.1,12455.6,0.8390
34243.4,20174.5,34366.3,20417.0,0.8390
19520.8,39264.3,19857.1,39474.0,0.8390
108164.5,22720.0,108372.3,23199.6,0.8390
97459.2,15040.0,97600.0,15237.0,0.8389
52208.3,6090.4,52611.8,6464.7,0.8388
17124.9,66933.5,17600.0,67399.7,0.8388
17699.3,59845.6,18240.0,60015.0,0.8387
100615.5,4815.2,100800.0,5067.7,0.8387
36486.0,15059.6,37117.8,15353.2,0.8387
108402.7,21581.2,108758.1,22079.9,0.8386
43534.4,11973.0,44160.0,12434.3,0.8386
70741.5,16810.2,71040.0,16958.8,0.8386
52160.0,18560.0,52302.9,18755.1,0.8385
114734.0,22131.0,114876.6,22400.0,0.8385
92865.0,10781.6,92963.5,10843.3,0.8385
64736.9,15176.4,64845.3,15521.4,0.8385
77052.3,14908.2,77440.0,15024.9,0.8385
33280.0,51581.1,33394.1,51691.3,0.8384
40110.2,14453.9,40370.1,15040.0,0.8384
41920.4,18562.2,42130.1,18663.9,0.8384
101463.8,12160.0,101760.0,12293.1,0.8383
92362.8,10936.4,92501.0,11101.2,0.8383
62589.7,20664.8,62719.6,20914.4,0.8383
55239.0,21945.1,55580.3,22067.9,0.8383
76480.0,14829.1,76933.9,14974.1,0.8383
22724.9,35203.3,22806.7,35430.9,0.8383
75843.4,10880.0,76057.0,11045.2,0.8383
31395.2,8695.8,32000.0,9116.0,0.8382
42560.3,22427.8,42680.3,22566.3,0.8382
30743.5,47847.7,31360.0,48320.0,0.8382
120513.9,36801.9,120589.3,36902.3,0.8382
38721.9,12618.4,38795.6,12776.6,0.8382
24646.7,45154.5,24826.5,45440.0,0.8381
49933.3,4496.8,50144.9,5120.0,0.8381
81197.4,10243.5,81278.0,10336.7,0.8380
128005.0,33335.4,128199.2,33600.0,0.8380
90560.0,8717.4,91036.0,8855.8,0.8380
89920.6,13869.5,90120.9,14080.0,0.8379
72336.2,9411.7,72520.8,9582.3,0.8379
44334.8,13808.8,44478.4,14034.0,0.8379
46080.7,11840.0,46241.9,11953.7,0.8379
121280.0,26566.7,121763.6,26982.7,0.8379
21589.6,41628.9,21652.6,41725.5,0.8379
38477.8,14400.0,39020.5,14943.7,0.8379
102082.4,11385.0,102291.2,11517.6,0.8379
124480.0,37120.0,124771.1,37548.6,0.8378
24467.7,50906.0,24568.4,50978.8,0.8378
56345.6,14270.0,56639.8,14389.0,0.8378
86568.3,19740.7,86720.0,19838.2,0.8378
30015.9,42264.0,30400.0,42373.6,0.8377
108480.0,9605.4,109061.8,9770.9,0.8377
43179.3,21160.8,43520.0,21232.5,0.8376
101434.3,10796.1,101758.5,10873.6,0.8376
108284.4,9604.4,108800.0,9802.4,0.8375
26880.0,61765.2,27082.0,61880.4,0.8375
32147.1,57768.4,32217.2,57918.9,0.8375
86970.0,18247.7,87328.2,18479.6,0.8374
40031.8,22931.7,40320.0,23349.0,0.8374
66445.2,19643.2,66547.4,19840.0,0.8373
39844.8,11456.3,40211.5,11618.6,0.8373
81779.5,16960.0,81920.0,17037.1,0.8372
38005.0,42243.7,38390.7,42400.5,0.8372
37192.2,36357.8,37320.3,36631.6,0.8371
115206.0,22427.9,115567.2,22792.3,0.8371
31384.2,39864.1,31460.5,40000.0,0.8370
97557.1,18107.1,97627.6,18213.3,0.8370
44629.3,11340.9,44711.0,11399.2,0.8370
16045.6,41537.2,16640.0,41691.8,0.8370
104964.7,7053.6,105322.3,7355.7,0.8369
95859.7,6728.0,96313.1,6942.7,0.8369
56961.8,5774.2,57099.3,6080.0,0.8369
71040.0,21856.0,71661.6,22013.5,0.8369
36072.4,11491.4,36479.0,11579.5,0.8367
31725.0,11831.3,31988.9,12152.4,0.8367
59892.4,22500.5,60156.2,22631.1,0.8366
31424.3,20452.8,32000.0,20599.9,0.8365
18243.2,64528.4,18380.2,64757.8,0.8365
43380.3,21763.5,43809.8,21937.2,0.8364
40640.0,29222.1,41259.8,29403.5,0.8363
19549.1,63204.8,20148.5,63677.7,0.8363
20171.8,59633.9,20769.3,59796.8,0.8363
95040.0,7526.7,95607.4,7679.4,0.8363
19981.8,59200.0,20303.3,59293.0,0.8363
29504.8,43371.9,30080.0,43520.0,0.8361
119701.9,37659.8,120317.4,38080.0,0.8361
27841.5,41920.0,27966.1,42174.6,0.8361
57602.6,18985.2,58069.4,19124.0,0.8360
52002.4,12160.0,52160.0,12392.2,0.8359
87042.5,12574.4,87662.2,12731.0,0.8358
48967.4,14858.5,49240.7,15033.3,0.8357
78577.8,19039.0,78671.1,19117.2,0.8357
24320.0,48640.0,24951.2,49086.7,0.8357
33921.9,38574.7,34560.0,38938.5,0.8357
63611.2,7386.7,63928.6,7688.2,0.8357
16320.0,41600.0,16703.4,41701.8,0.8357
34167.9,58370.4,34238.4,58512.1,0.8356
76700.3,10171.6,76800.0,10240.0,0.8356
22889.1,44083.1,23031.5,44380.5,0.8356
74943.0,12980.8,75194.7,13117.3,0.8356
18580.0,45768.4,18968.8,46077.2,0.8355
19233.2,48159.1,19694.1,48320.0,0.8355
15872.7,65171.6,15999.4,65421.0,0.8355
20702.9,32233.0,21118.0,32635.9,0.8355
60809.6,23348.3,61440.0,23679.0,0.8355
27971.6,59200.0,28158.7,59434.5,0.8354
64445.8,6086.1,64636.1,6263.7,0.8354
26843.0,34880.0,26965.5,35208.9,0.8354
19207.7,41304.2,19629.6,41725.4,0.8354
88425.2,10253.7,88638.5,10397.7,0.8353
72331.4,21655.9,72640.0,21752.8,0.8353
70408.9,7376.7,71040.0,7585.5,0.8353
16256.9,64122.9,16640.0,64625.0,0.8353
39837.8,10881.4,40029.9,10974.1,0.8353
124161.3,38415.4,124299.6,38630.7,0.8352
39169.9,12479.8,39303.4,12794.4,0.8352
19053.8,37048.7,19509.4,37385.4,0.8352
59244.0,21993.1,59840.0,22146.5,0.8351
31271.8,18240.0,31346.7,18351.4,0.8351
32012.5,46228.4,32154.0,46462.9,0.8351
80947.3,17191.0,81280.0,17273.1,0.8350
89600.0,8622.3,90088.8,8764.6,0.8350
6720.0,66409.8,7318.2,66560.0,0.8350
75520.0,21883.8,76111.4,22065.0,0.8350
92816.1,8324.8,93433.2,8523.9,0.8349
98890.4,14862.2,99520.0,15032.7,0.8349
34880.0,53779.3,35118.2,53840.7,0.8349
24651.1,44489.0,25185.6,44682.6,0.8349
62367.9,14081.7,62720.0,14191.5,0.8349
22468.2,32133.1,22539.2,32316.7,0.8348
101441.0,20074.0,101706.6,20325.8,0.8348
59894.0,22262.8,60152.0,22444.5,0.8347
17631.4,27008.0,17804.0,27199.5,0.8347
74038.8,11426.2,74218.4,11469.7,0.8347
44202.1,11844.6,44773.5,12263.1,0.8346
77034.1,14738.5,77438.1,14838.7,0.8346
30720.0,58074.8,31307.1,58235.5,0.8346
59208.0,12689.8,59840.0,13049.7,0.8346
33295.8,39522.1,33920.0,39672.5,0.8346
22870.9,62082.3,23040.0,62214.2,0.8346
20492.0,34888.6,21120.0,35200.0,0.8346
32763.8,29635.3,32827.2,29760.0,0.8345
75522.7,16409.0,75734.9,16620.7,0.8345
25929.4,59046.0,26560.0,59515.5,0.8345
29760.0,60298.2,30340.6,60792.0,0.8345
31956.0,49318.9,32000.0,49503.2,0.8345
40740.7,26941.5,41269.9,27392.4,0.8344
44435.9,18474.8,44480.0,18560.0,0.8344
1236.8,65500.9,1593.2,65920.0,0.8344
31048.4,47680.2,31360.0,47817.3,0.8344
116805.1,29386.8,117000.0,29703.8,0.8344
96320.9,8817.1,96520.5,8960.4,0.8343
36800.6,11457.3,37402.7,11626.0,0.8343
25420.2,45479.0,25590.4,45760.0,0.8343
74257.3,12786.6,74589.7,13108.8,0.8343
87680.0,12425.9,88154.7,12752.8,0.8343
58415.0,21920.1,58559.3,22079.0,0.8342
44482.0,21588.3,44799.4,21759.5,0.8342
31413.2,20442.0,32000.0,20800.0,0.8341
80080.8,17077.1,80206.8,17280.0,0.8341
20802.3,54080.0,21108.6,54499.9,0.8341
72000.0,21854.1,72605.6,22013.1,0.8341
101301.6,10618.1,101368.6,10768.3,0.8340
85121.0,11552.8,85254.6,11840.0,0.8340
52129.6,16434.2,52436.4,16543.8,0.8339
23361.5,58034.9,23545.8,58231.8,0.8339
78406.8,12483.6,78682.2,12690.7,0.8339
58128.1,17396.4,58314.9,17665.4,0.8339
49606.8,20102.8,50096.2,20474.1,0.8338
20288.4,62722.1,20480.0,62861.9,0.8338
125508.3,30720.0,126003.1,31110.4,0.8338
30723.0,45155.1,30912.8,45461.4,0.8338
24239.7,64519.8,24640.0,64626.4,0.8338
98565.4,14630.6,99200.0,14784.3,0.8337
19843.1,67200.0,19984.3,67413.1,0.8337
48365.1,23848.3,48960.0,23992.8,0.8337
95338.7,8371.0,95663.6,8929.3,0.8337
74880.4,13120.3,75131.6,13342.0,0.8336
85806.1,18560.0,86238.8,19169.1,0.8335
33920.0,39341.4,34541.2,39485.6,0.8335
18392.5,40135.5,18880.0,40306.3,0.8335
21037.4,67677.3,21108.0,67833.4,0.8335
46599.5,20179.6,46720.0,20371.1,0.8335
101726.8,7367.5,101793.3,7519.4,0.8335
37232.8,26385.1,37440.0,26530.4,0.8334
49529.7,24372.1,49920.0,24439.2,0.8334
11308.8,60537.7,11792.7,61120.0,0.8334
79041.1,14285.5,79680.0,14640.7,0.8334
20340.9,41280.0,20479.6,41600.6,0.8334
72000.5,18933.2,72338.2,19197.8,0.8334
18560.0,60614.8,18997.6,60771.4,0.8333
50240.0,7512.4,50361.4,7635.2,0.8332
25280.0,62177.0,25792.3,62706.7,0.8332
26423.0,38080.0,26560.0,38343.6,0.8331
115645.2,22082.5,116160.0,22287.1,0.8331
100137.5,11824.9,100385.0,11896.1,0.8330
33391.6,45167.4,33900.9,45684.0,0.8330
40976.8,27009.1,41593.3,27197.4,0.8329
51840.6,22551.3,52003.1,22757.9,0.8329
55058.2,4265.6,55615.5,4435.8,0.8329
81744.5,20800.2,81903.9,20926.6,0.8329
20806.5,45122.3,21439.3,45444.0,0.8328
73022.0,15669.0,73420.2,15748.1,0.8328
91846.0,11360.9,92480.0,11508.5,0.8327
14720.0,64640.0,14872.9,64873.2,0.8327
59843.8,21989.1,60480.0,22149.1,0.8326
36490.4,26690.4,37120.0,27078.0,0.8326
37146.0,27557.0,37729.7,28148.5,0.8326
31688.8,46553.5,31827.7,46615.1,0.8326
44480.0,21576.8,45073.8,22079.5,0.8324
103832.0,19958.5,103999.7,20129.9,0.8324
24567.7,32640.0,24717.0,32853.0,0.8324
60174.0,23362.8,60800.0,23674.1,0.8324
95750.1,8952.3,96065.5,9049.4,0.8323
48767.7,10560.0,49259.8,11147.2,0.8322
127680.0,33057.6,127871.3,33219.6,0.8322
99520.0,9802.6,100113.1,10019.6,0.8321
19844.0,57600.0,20001.2,57965.4,0.8321
35330.7,43419.6,35510.4,43724.1,0.8321
74651.3,19994.5,75200.0,20153.9,0.8320
23360.6,56661.7,23977.7,56960.0,0.8320
29213.2,52800.0,29335.3,53042.4,0.8320
85650.9,12972.4,86080.0,13116.4,0.8320
51112.4,17923.9,51240.3,18095.4,0.8319
74753.7,16226.9,74880.0,16459.4,0.8319
6881.1,62400.0,7037.5,62694.7,0.8319
33601.7,9946.0,33789.4,10124.1,0.8318
31513.2,24640.0,31651.3,24740.3,0.8318
69793.3,12351.5,70080.0,12480.0,0.8317
104641.9,5091.1,104756.0,5407.4,0.8317
34545.7,54403.2,34812.1,54471.7,0.8317
107220.3,13238.5,107840.0,13760.0,0.8317
43192.7,10025.6,43487.5,10155.2,0.8317
34181.6,23163.6,34240.0,23348.2,0.8316
49501.8,16857.7,49615.0,17060.1,0.8316
55361.8,10066.7,55546.6,10319.1,0.8316
69265.0,22206.7,69438.5,22366.7,0.8316
30290.5,40640.0,30400.0,40927.1,0.8315
76355.3,8011.9,76535.1,8127.1,0.8315
42540.2,21603.3,42878.9,21756.3,0.8315
38970.8,28253.2,39345.5,28465.2,0.8315
20293.6,30734.5,20788.3,31288.2,0.8314
32330.8,54720.0,32682.0,55272.9,0.8314
62102.4,18662.9,62400.0,18729.1,0.8313
42560.0,23010.3,42694.3,23188.3,0.8312
22080.0,38851.8,22667.8,39031.9,0.8312
85716.7,9702.9,86061.3,9787.3,0.8312
105604.1,9306.2,106067.1,9920.0,0.8311
55364.9,13307.4,55666.9,13433.8,0.8311
32610.6,56652.8,32722.9,56707.8,0.8311
57102.0,16805.9,57586.1,17273.5,0.8311
20164.1,47253.3,20630.2,47547.8,0.8310
45937.7,13940.2,46078.7,14205.8,0.8310
62446.0,17959.2,62963.0,18106.9,0.8309
25721.2,46124.8,25832.6,46400.0,0.8309
37456.0,40475.2,37760.0,40553.8,0.8308
99419.2,7149.0,99840.0,7293.6,0.8308
103209.2,6166.8,103359.1,6365.4,0.8308
23043.3,52160.0,23353.0,52368.3,0.8308
68061.9,22442.5,68480.0,22584.4,0.8307
22454.5,48811.5,23040.0,48952.3,0.8307
57247.5,18813.5,57600.0,18918.6,0.8307
32536.7,43129.6,32729.5,43407.5,0.8306
20498.5,54771.5,21120.0,55294.4,0.8306
79587.3,18240.0,79680.0,18548.5,0.8306
126906.5,32027.5,127040.0,32070.6,0.8305
33935.0,16008.9,34442.5,16340.5,0.8305
48002.9,11200.0,48186.5,11481.6,0.8304
24000.0,51369.5,24069.1,51472.8,0.8303
108803.3,9386.5,109008.7,9600.0,0.8303
44609.4,20909.7,44827.1,21002.1,0.8303
72320.0,22208.6,72944.9,22542.5,0.8303
93121.6,14014.8,93760.0,14303.1,0.8303
21120.0,31204.2,21481.6,31673.7,0.8303
35227.8,41284.0,35830.4,41454.2,0.8302
22907.0,34880.0,23015.1,35143.5,0.8302
23936.4,35520.0,24000.0,35647.5,0.8301
81600.0,13780.7,82240.0,14115.8,0.8301
19193.9,33164.9,19520.0,33253.5,0.8301
52800.0,22531.4,53440.0,22845.6,0.8300
26101.8,57389.0,26240.0,57600.0,0.8300
96061.9,15683.7,96320.0,15897.4,0.8300
98565.0,10143.4,98907.3,10216.4,0.8300
107004.2,7749.6,107195.8,8000.0,0.8300
15680.0,68618.4,16174.8,68792.6,0.8300
21762.9,62911.0,21942.6,63191.0,0.8299
75879.2,19927.1,76470.6,20480.0,0.8299
96960.0,6293.7,97148.6,6522.1,0.8299
18406.8,29278.8,18560.0,29659.1,0.8299
34729.4,44866.8,34880.0,45119.1,0.8299
31601.5,25676.7,31677.7,25826.8,0.8299
120706.4,25962.2,121273.4,26530.9,0.8299
104640.0,21865.2,105001.8,22074.3,0.8299
62773.3,7118.0,63309.9,7680.0,0.8298
74880.0,22017.8,75498.9,22193.1,0.8298
52002.2,22720.8,52160.0,22849.3,0.8298
38531.3,45440.0,39030.7,45961.3,0.8298
27899.8,38826.6,28459.8,38967.7,0.8298
26242.1,31118.6,26635.0,31354.7,0.8298
32789.2,46789.0,32956.7,47040.0,0.8297
78082.7,14479.4,78720.0,14854.9,0.8297
88195.6,13448.9,88410.1,13631.5,0.8296
131113.4,32043.0,131195.0,32226.7,0.8296
33858.0,11136.7,34154.7,11200.0,0.8296
47169.5,21897.5,47535.0,21977.6,0.8296
27520.0,54727.6,27843.9,54969.0,0.8296
25460.3,38402.0,25519.4,38478.4,0.8296
42996.9,15831.2,43200.0,15999.4,0.8296
18774.9,41957.8,19192.2,42454.1,0.8296
100904.1,12629.2,101119.1,12800.0,0.8295
51410.0,5444.5,51595.0,5527.7,0.8295
18587.4,36873.9,18967.7,37343.1,0.8294
33820.5,51274.4,33993.3,51390.5,0.8294
25017.7,35831.4,25164.1,35888.5,0.8294
87520.0,7680.0,87838.2,8111.9,0.8293
25143.2,45081.9,25280.0,45339.7,0.8293
63534.4,21120.0,63680.0,21387.1,0.8293
20160.0,32764.2,20295.2,32960.0,0.8293
25638.2,37908.5,26231.4,38079.0,0.8292
35247.0,53778.7,35422.5,53816.4,0.8292
65603.8,20979.3,65943.4,21119.0,0.8291
88112.8,13120.0,88300.5,13283.0,0.8291
32322.3,57680.9,32496.1,57899.0,0.8291
60921.5,18252.6,61120.0,18359.8,0.8291
119361.0,30211.7,119556.2,30400.0,0.8291
75675.2,22107.0,76142.7,22568.8,0.8290
25029.8,41560.3,25255.8,41747.4,0.8290
44071.5,21239.7,44478.6,21408.4,0.8289
39680.0,13760.0,39911.8,13944.0,0.8289
23442.5,45768.5,23680.0,46172.2,0.8289
67855.5,8260.4,68160.0,8320.0,0.8289
59277.6,10739.5,59516.1,11193.3,0.8288
38725.1,30835.2,38947.9,31360.0,0.8288
17924.3,45835.7,18133.5,46215.9,0.8288
36481.1,12890.1,36629.0,13120.0,0.8287
51841.7,1199.3,51999.1,1493.0,0.8287
19577.5,32506.2,19840.0,32570.3,0.8287
34240.0,58681.5,34484.9,58880.0,0.8286
53404.9,23040.0,53760.0,23124.5,0.8286
85120.0,21902.7,85451.0,22075.0,0.8286
57600.0,12003.8,57938.2,12157.1,0.8286
84488.0,13442.2,84900.9,13640.0,0.8286
33923.9,46767.6,34112.7,47040.0,0.8286
18402.5,59645.6,18558.4,59840.0,0.8286
55438.7,18687.3,55680.0,18871.9,0.8285
96654.5,14371.8,97280.0,14538.8,0.8285
93760.3,11300.5,93924.9,11520.0,0.8285
35481.5,16034.8,35831.5,16280.5,0.8285
59455.8,20779.3,59612.8,21006.1,0.8284
27525.2,56548.1,27734.9,56895.9,0.8284
33920.0,43048.0,34255.3,43196.8,0.8283
53240.9,18240.0,53366.7,18556.1,0.8283
29870.1,46582.1,30144.6,46648.3,0.8283
62400.0,5394.0,62536.8,5440.0,0.8282
35377.4,14540.8,35518.4,14709.8,0.8282
55040.0,9685.6,55216.9,9920.0,0.8281
38400.3,8960.0,38739.1,9084.2,0.8279
70370.4,20948.6,70712.1,21119.2,0.8279
31815.8,23586.1,32170.5,23675.4,0.8279
121640.9,25600.0,122240.0,25850.3,0.8279
79683.8,16925.1,79805.2,17208.2,0.8279
11874.5,61133.4,12480.0,61618.3,0.8279
25641.4,37385.1,26239.8,37532.3,0.8279
91894.0,8174.6,92480.0,8311.8,0.8279
38874.4,27520.0,38945.3,27667.0,0.8277
24975.9,36526.1,25418.4,37066.4,0.8277
48244.4,15388.9,48611.1,16000.0,0.8277
13099.8,62403.4,13440.0,62474.6,0.8277
26886.0,49598.7,27201.8,49913.5,0.8275
40030.2,11840.0,40209.9,12096.4,0.8275
54546.6,16186.9,54719.9,16350.7,0.8275
53251.3,8330.1,53437.2,8486.5,0.8275
52004.9,3840.0,52159.4,4167.0,0.8275
102636.9,4484.0,103032.4,4938.6,0.8275
107858.5,20589.5,108318.2,21120.0,0.8275
11862.1,61440.2,12480.0,61627.1,0.8274
18721.9,31697.9,18880.0,31996.5,0.8274
85763.6,16496.4,85859.4,16773.4,0.8274
38277.8,32642.4,38400.0,32705.0,0.8274
56640.0,13285.2,57070.9,13434.1,0.8274
48277.5,22400.0,48640.0,22521.6,0.8273
102725.6,15360.0,103092.2,15829.1,0.8273
38353.5,20489.5,38720.0,20682.8,0.8273
89682.1,13500.8,89896.9,13703.5,0.8272
56031.6,13279.0,56618.6,13433.9,0.8270
23398.9,44848.9,23994.7,45163.0,0.8270
56247.5,21942.8,56632.6,22008.2,0.8270
76515.4,16479.3,76799.5,16638.1,0.8270
25920.0,37390.4,26442.1,37528.3,0.8270
27328.7,34567.3,27518.9,34752.3,0.8270
21224.8,54812.2,21760.0,55004.9,0.8270
19690.4,32000.0,19790.0,32252.0,0.8269
35200.4,26512.7,35371.6,26627.1,0.8269
52568.4,2560.0,52695.1,2782.2,0.8268
3863.9,67309.1,4468.5,67837.9,0.8268
24320.0,51522.0,24500.0,51610.9,0.8268
18091.3,40000.5,18238.1,40154.9,0.8268
33600.0,49612.8,34086.9,49768.3,0.8267
69769.1,10240.0,70370.5,10682.8,0.8267
80963.0,10045.9,81039.5,10176.6,0.8266
47681.6,9659.1,48320.0,9989.7,0.8266
85760.0,12931.8,86354.6,13099.4,0.8266
55176.4,11532.9,55291.7,11632.7,0.8266
26251.0,30407.6,26846.6,30595.0,0.8266
32377.9,43831.6,32960.0,44158.0,0.8266
85441.2,8276.7,85719.8,8541.5,0.8266
108480.0,22080.0,108675.9,22364.0,0.8265
18202.4,41440.9,18560.0,41598.2,0.8265
103452.8,7750.6,103672.8,8000.0,0.8265
52010.5,7039.9,52160.0,7360.0,0.8265
76533.2,16642.1,76692.1,16768.2,0.8265
34254.9,39336.0,34880.0,39488.5,0.8265
45331.3,11411.3,45439.2,11520.0,0.8263
78067.1,13775.6,78400.0,13856.2,0.8263
99200.0,6821.5,99686.1,6967.1,0.8263
20008.9,31153.1,20157.0,31360.0,0.8263
30213.2,53792.0,30390.0,54080.0,0.8262
87681.5,14150.9,88198.2,14697.9,0.8262
76294.5,16394.3,76466.3,16640.0,0.8262
16013.8,39042.4,16282.8,39106.0,0.8260
107977.9,8960.0,108480.0,9457.8,0.8259
70005.3,20161.5,70163.8,20368.0,0.8259
122616.8,29766.7,122880.0,30057.7,0.8258
48012.2,9366.7,48453.6,9725.9,0.8258
61455.3,15737.9,62061.5,16175.6,0.8258
48729.7,23436.9,48957.6,23557.5,0.8258
19201.5,44409.5,19386.0,44650.8,0.8258
69381.2,12348.5,69756.4,12523.4,0.8257
50023.5,9642.7,50217.2,9920.0,0.8257
34247.8,38535.1,34880.0,38716.9,0.8257
38083.6,22782.7,38720.0,23037.8,0.8257
20401.9,41970.9,20564.7,42320.5,0.8256
83230.7,17793.2,83421.8,17835.4,0.8256
33010.6,36480.2,33280.0,36574.7,0.8256
72640.0,7682.1,73064.1,7880.3,0.8256
36566.9,20706.5,36800.0,20812.7,0.8255
52482.9,22375.8,53120.0,22521.6,0.8255
46847.8,18132.8,47034.8,18373.7,0.8255
19067.8,43565.7,19410.7,43830.3,0.8254
41416.5,20910.8,41911.8,21092.7,0.8254
41969.1,14016.2,42097.6,14163.1,0.8254
97623.2,12452.6,97808.3,12501.8,0.8254
33922.3,51364.4,34534.3,51516.4,0.8252
79243.7,16004.4,79533.2,16553.1,0.8252
38103.3,32641.4,38227.6,32806.1,0.8252
35845.1,14313.6,36160.0,14425.1,0.8251
77774.2,12821.7,78073.4,13105.9,0.8251
20675.1,52482.8,20913.4,52546.6,0.8251
74265.9,22106.8,74875.5,22291.8,0.8251
99840.0,6702.0,100379.7,6855.2,0.8250
96640.0,10355.3,97270.6,10696.8,0.8249
80250.3,21138.7,80407.1,21430.1,0.8249
33562.0,21126.4,33913.8,21190.8,0.8248
32324.1,23656.0,32544.9,23699.1,0.8248
56773.0,4219.3,56960.0,4382.2,0.8248
88692.9,7361.2,88960.0,7429.4,0.8247
84433.9,7694.4,84668.0,8179.6,0.8247
17305.0,41920.0,17824.8,42527.6,0.8247
58066.2,10882.5,58269.1,11013.0,0.8247
22080.0,44852.2,22342.4,45114.1,0.8247
98529.8,9821.6,98880.0,9942.5,0.8247
34244.5,41143.7,34811.9,41331.2,0.8247
21775.8,40775.4,22080.0,40952.7,0.8247
96360.5,15518.8,96953.1,16000.0,0.8247
32004.9,21126.9,32614.6,21626.1,0.8246
17050.8,61446.1,17277.5,61707.5,0.8246
59202.7,13922.4,59385.8,14007.3,0.8245
72640.5,22204.4,72869.7,22343.6,0.8245
21447.9,64667.3,22077.5,64859.1,0.8245
16000.9,38244.9,16077.8,38397.9,0.8245
30454.9,45134.9,31040.0,45440.0,0.8245
11523.4,60565.8,11720.4,60800.0,0.8245
107387.2,17153.9,107830.8,17597.0,0.8244
54400.0,22712.4,55028.6,22906.5,0.8244
84162.9,8160.9,84461.5,8319.4,0.8244
98240.0,5760.0,98427.4,6013.9,0.8244
35686.7,13455.3,35839.1,13722.9,0.8244
44606.0,9604.0,44798.9,9904.5,0.8243
84983.1,11520.0,85120.0,11888.4,0.8243
56960.0,3533.0,57270.5,3865.4,0.8243
73779.2,11320.6,73919.2,11438.0,0.8243
19903.9,59654.6,20462.1,59806.9,0.8242
28216.9,47040.0,28457.6,47185.9,0.8242
103680.0,11955.3,103957.0,12055.9,0.8242
105108.1,20480.0,105585.4,20885.2,0.8241
65281.5,6400.0,65514.4,6844.0,0.8241
56012.2,23374.8,56640.0,23680.0,0.8240
59520.0,21979.4,60144.5,22153.8,0.8240
18244.5,43264.7,18508.0,43454.6,0.8240
39384.9,12160.5,39680.0,12298.1,0.8240
18212.2,60201.9,18382.9,60497.8,0.8239
25146.4,55370.8,25573.7,55870.9,0.8239
34529.8,55077.3,34634.4,55360.0,0.8239
76160.2,16233.4,76375.0,16346.5,0.8238
86901.8,8794.6,87356.4,8959.3,0.8238
109440.0,17984.7,109490.6,18125.6,0.8238
20780.2,50094.7,21116.1,50560.0,0.8236
87429.3,10444.1,87590.7,10560.0,0.8236
110400.0,18805.4,110564.1,19020.2,0.8236
57920.0,12306.8,58519.6,12478.6,0.8235
37270.1,53444.5,37397.1,53697.4,0.8235
37188.0,9605.9,37728.1,9780.4,0.8234
31360.0,41108.2,31477.9,41226.6,0.8234
74236.2,7687.8,74560.0,7769.1,0.8234
37120.0,10560.0,37271.8,10848.3,0.8233
42880.9,17453.9,43109.1,17596.3,0.8233
60565.4,9600.2,60796.8,9669.6,0.8233
125481.8,29931.9,125775.9,30309.6,0.8232
34907.8,56370.1,35517.0,56906.2,0.8232
100800.3,9406.6,101043.9,9594.2,0.8232
21222.6,46728.3,21760.0,46882.3,0.8232
104643.0,9160.6,104856.4,9342.3,0.8231
79362.0,16026.6,79550.7,16312.9,0.8231
87104.0,9233.2,87275.3,9280.0,0.8231
94483.1,10240.0,94542.2,10396.6,0.8230
36493.2,16088.6,36903.3,16268.2,0.8230
32001.4,51486.8,32244.0,51682.4,0.8230
88198.6,8528.7,88280.4,8640.0,0.8230
65180.8,19214.7,65279.1,19337.8,0.8229
29607.6,35860.6,29921.7,35999.7,0.8229
19631.7,40964.8,19827.7,41185.1,0.8228
55682.9,16000.0,55898.5,16286.9,0.8228
29824.9,37771.4,29954.8,37877.3,0.8228
17959.4,32038.5,18556.4,32461.9,0.8227
101864.2,12802.4,102064.8,12987.3,0.8227
103362.4,13132.0,103731.4,13547.4,0.8227
27646.9,63040.0,28156.5,63608.0,0.8227
52915.5,13440.0,53116.6,13557.3,0.8227
27200.0,51356.3,27816.0,51515.3,0.8227
44180.8,14722.2,44460.1,14789.7,0.8227
77449.3,13113.3,77602.3,13318.8,0.8226
108311.8,22080.0,108651.2,22494.9,0.8226
37763.3,45508.2,38040.4,45747.2,0.8225
19202.6,65893.0,19267.2,66021.5,0.8225
56937.6,21802.6,57075.8,21918.4,0.8224
100223.9,17927.1,100799.5,18394.3,0.8224
111055.0,25185.8,111680.0,25600.0,0.8224
40043.1,23365.5,40386.7,23727.4,0.8224
114241.2,26649.8,114731.1,26875.0,0.8222
59242.7,9073.3,59784.0,9266.3,0.8222
28262.7,64569.0,28345.6,64640.0,0.8222
87368.3,13645.1,87570.1,13824.8,0.8222
23078.1,47690.5,23346.9,48306.5,0.8222
23928.2,63121.0,23998.7,63281.3,0.8221
32402.1,46942.4,32510.1,47040.0,0.8221
43330.3,22579.4,43520.0,22717.0,0.8221
18915.4,31685.9,19381.2,32129.3,0.8221
3562.5,65753.3,4115.1,66225.5,0.8221
127852.4,35906.0,128000.0,35950.7,0.8221
49922.9,12871.7,50012.4,13193.2,0.8221
81068.5,16081.9,81280.0,16210.8,0.8220
58556.2,16613.7,58848.7,16680.5,0.8220
50332.6,12632.1,50426.7,12734.9,0.8220
36490.9,27290.9,37099.1,27828.9,0.8220
22967.5,29150.0,23360.0,29227.0,0.8219
71112.1,10097.4,71360.0,10237.7,0.8218
54065.9,14815.0,54400.0,14933.1,0.8218
38080.0,21409.7,38384.1,21495.1,0.8218
38733.1,17920.3,39224.6,18494.8,0.8217
55470.0,2488.7,55678.5,2560.0,0.8217
53767.6,15698.0,53937.4,15913.3,0.8217
38602.6,12953.8,38715.2,13117.3,0.8217
102450.1,13118.7,102705.5,13230.6,0.8217
35708.1,21705.0,35809.6,21893.6,0.8216
58881.0,3665.8,59061.4,3896.5,0.8216
82240.0,13869.6,82849.6,14028.0,0.8215
27158.3,30657.0,27289.5,31020.3,0.8215
37263.6,17923.3,37435.4,18111.0,0.8215
27529.9,57602.9,28044.8,57952.2,0.8214
32320.6,38549.4,32933.6,38716.2,0.8214
36481.6,38501.6,36704.3,38682.7,0.8214
86721.7,21341.3,86862.4,21436.4,0.8214
31056.5,36167.2,31680.0,36402.9,0.8213
69131.9,9920.0,69651.1,10139.2,0.8212
95843.7,11200.0,95996.1,11495.8,0.8212
93115.8,16852.3,93439.4,16953.5,0.8212
67520.0,22431.9,68095.9,22584.7,0.8211
34125.6,22013.3,34240.0,22258.8,0.8211
70469.7,15361.6,70720.0,15533.2,0.8210
54838.2,2353.9,55016.3,2397.0,0.8210
25280.7,32869.3,25431.0,33038.4,0.8210
23683.0,48005.2,24111.7,48183.0,0.8210
61393.2,22895.9,61556.6,23035.6,0.8210
24987.1,29120.0,25600.0,29508.7,0.8209
31363.4,38566.8,32000.0,38711.4,0.8209
38182.2,15455.6,38393.3,16000.0,0.8208
38343.1,20900.9,38669.5,21042.9,0.8208
39043.8,47048.1,39115.1,47158.4,0.8206
35205.2,23114.7,35653.2,23261.9,0.8205
55680.7,6794.9,55825.3,7040.0,0.8205
21621.6,31271.4,21759.0,31360.0,0.8204
46548.2,14080.0,46716.3,14362.9,0.8204
66886.3,7122.7,67295.2,7680.0,0.8204
481.3,65279.5,640.0,65600.0,0.8203
89605.7,14685.3,90240.0,15017.7,0.8203
22827.6,57460.9,23038.8,57597.1,0.8202
88960.0,15682.0,89352.4,15950.6,0.8202
25603.1,38188.1,25666.3,38331.4,0.8202
26446.7,33066.5,26560.0,33379.8,0.8201
35155.3,39362.3,35520.0,39438.1,0.8201
40330.6,25886.9,40573.8,26239.3,0.8201
35003.6,56718.9,35178.6,56952.8,0.8201
106904.3,17602.3,107068.4,17745.1,0.8201
103103.2,14154.2,103680.0,14303.5,0.8201
105832.2,18049.9,106054.9,18234.9,0.8201
100480.0,6952.6,100973.0,7110.6,0.8200
73609.6,22187.4,74226.1,22363.3,0.8200
33267.2,20176.1,33582.1,20315.0,0.8200
35702.3,53771.3,35840.0,53811.6,0.8200
86720.0,12813.4,87327.1,12997.9,0.8200
98453.2,8456.8,98880.0,8624.7,0.8200
72113.8,22967.1,72316.7,23033.9,0.8199
22402.1,60042.3,22746.8,60479.8,0.8198
53432.6,14125.8,53760.0,14217.7,0.8198
92161.5,9794.8,92478.3,10077.1,0.8198
55392.9,7105.7,55989.2,7672.2,0.8197
36483.0,51200.0,36582.0,51486.4,0.8196
120680.7,27854.1,120960.0,28070.1,0.8196
64715.5,6017.8,64960.0,6194.5,0.8194
76407.4,20523.2,76577.0,20789.9,0.8194
23818.7,42337.4,23959.2,42560.0,0.8194
64037.0,8643.7,64432.6,9016.2,0.8194
96962.9,14583.6,97599.9,14781.4,0.8194
58739.5,6136.1,58866.1,6386.5,0.8193
58009.2,11522.0,58240.0,11731.0,0.8192
104003.5,8541.8,104382.8,8955.9,0.8192
40333.6,29445.3,40640.0,29732.9,0.8192
33920.4,59198.1,34035.0,59447.8,0.8192
64403.2,6864.2,64640.0,7169.4,0.8191
127535.2,34240.0,127680.0,34475.9,0.8191
17777.2,33319.1,18231.7,33506.7,0.8191
38724.0,19202.7,39215.1,19414.6,0.8191
31046.7,47578.4,31680.0,47956.1,0.8190
27840.0,35575.1,28437.8,36035.1,0.8190
35864.3,39172.5,36460.4,39672.3,0.8189
53436.2,21120.0,53606.9,21491.7,0.8189
48263.2,15102.3,48634.3,15356.7,0.8189
116480.0,28373.1,116847.9,28800.0,0.8189
29440.0,56086.9,29622.1,56305.0,0.8189
33286.1,53300.1,33511.0,53435.0,0.8188
97164.2,13641.8,97232.3,13760.0,0.8188
76490.9,16779.0,76641.9,16960.0,0.8188
43817.1,21480.7,44160.0,21552.4,0.8188
26893.1,39444.4,27508.9,39680.0,0.8188
34900.7,17867.7,35347.7,18186.3,0.8187
46040.0,21764.2,46400.0,21842.5,0.8187
31671.5,23399.1,31728.4,23573.3,0.8187
54620.2,2334.8,54815.7,2379.1,0.8186
95003.6,8001.6,95354.0,8170.1,0.8186
74243.7,9458.1,74571.1,9857.0,0.8186
69761.5,11527.5,70072.7,11953.7,0.8185
23769.9,48659.1,24320.0,49084.0,0.8185
38000.4,41920.0,38350.5,42448.0,0.8184
29613.0,46724.5,29758.1,46823.6,0.8184
21306.7,44733.9,21388.8,44800.0,0.8183
31673.2,12483.8,32000.0,12553.5,0.8182
82890.8,16393.9,83200.0,16472.1,0.8182
40068.6,15040.0,40308.9,15619.5,0.8181
62691.1,22653.9,63038.2,22724.3,0.8180
35840.1,42969.0,36026.9,43163.0,0.8179
21765.0,44045.5,22252.8,44455.4,0.8179
124801.8,36804.5,125050.7,37131.4,0.8178
24245.9,47671.2,24319.6,47797.1,0.8177
51522.5,22808.9,51670.8,22998.8,0.8177
33865.5,38544.5,34240.0,38621.3,0.8177
55364.2,2276.3,55685.2,2747.6,0.8177
30295.7,51877.9,30473.4,52160.0,0.8176
95132.2,10003.7,95281.3,10240.0,0.8176
92160.0,8136.6,92773.3,8284.4,0.8176
80368.8,15360.0,80514.8,15671.0,0.8175
44026.5,20489.7,44160.0,20662.7,0.8175
49627.5,16836.6,49850.5,17280.0,0.8175
67730.9,19685.3,68114.6,19859.8,0.8174
11423.8,60503.9,11518.4,60806.4,0.8174
105007.2,9889.0,105261.8,10240.0,0.8174
33600.0,39344.6,34240.0,39676.6,0.8174
60419.6,22255.2,60479.0,22400.0,0.8174
32320.0,29760.0,32501.2,29925.1,0.8174
35010.1,22721.6,35383.6,22789.4,0.8174
131444.0,31491.7,131498.4,31583.0,0.8172
27852.9,44219.4,28480.0,44599.0,0.8172
29440.0,46857.6,29513.8,47037.3,0.8172
24967.9,58316.5,25515.5,58771.4,0.8172
35016.3,26508.6,35376.8,26595.9,0.8172
53017.5,13805.4,53316.1,14400.0,0.8172
90841.6,8422.3,91200.0,8517.4,0.8171
81019.4,13913.9,81595.6,14261.7,0.8171
115600.2,23051.0,116160.0,23436.6,0.8170
128139.2,35520.0,128623.9,36089.5,0.8170
122560.0,38841.8,122723.4,39040.0,0.8170
45833.2,11208.0,46073.1,11352.1,0.8169
37760.0,26062.1,37903.8,26240.0,0.8169
79025.9,12481.7,79142.1,12661.1,0.8169
29760.0,60099.7,30073.7,60159.4,0.8169
8691.4,61805.5,9280.0,62067.7,0.8168
75200.0,21963.7,75758.3,22134.7,0.8168
26971.1,43520.0,27069.2,43625.4,0.8168
45965.3,15126.7,46078.8,15286.6,0.8168
61118.8,15534.3,61440.0,15651.6,0.8167
28341.7,32074.1,28394.2,32167.9,0.8167
17921.7,34889.1,18515.6,35083.7,0.8167
19525.3,45352.9,19732.9,45600.6,0.8166
10694.6,62228.8,11193.3,62389.9,0.8166
51847.1,23464.5,51979.1,23540.1,0.8166
29762.3,51191.1,29930.8,51520.0,0.8165
58596.7,7040.2,58941.6,7601.8,0.8165
50572.5,9411.3,50993.1,9587.9,0.8164
27760.6,51200.0,27818.3,51302.7,0.8164
74142.0,20249.5,74240.0,20480.0,0.8164
112332.9,22407.0,112629.1,22864.6,0.8164
84569.3,20488.3,84781.7,20696.4,0.8163
108482.7,18025.5,108763.7,18239.3,0.8162
18240.0,32032.7,18574.3,32319.3,0.8162
36161.5,39376.4,36499.1,39673.9,0.8162
48960.0,22725.9,49523.7,22873.3,0.8161
54731.2,19037.7,55040.0,19107.5,0.8161
27208.6,45486.1,27587.2,45757.7,0.8161
32732.6,50881.3,32956.0,51091.3,0.8160
23794.7,37961.3,23968.0,38080.0,0.8160
44161.2,11766.9,44359.6,11840.0,0.8160
64301.2,21126.5,64538.4,21349.7,0.8160
69763.8,22873.8,69941.5,22978.9,0.8159
21120.0,50246.0,21714.1,50610.9,0.8159
17985.8,44082.0,18107.4,44403.5,0.8159
117134.2,30329.4,117760.0,30720.0,0.8158
75842.9,8528.8,76167.0,8786.3,0.8158
106979.2,15365.1,107514.0,15820.7,0.8158
27520.0,35043.9,28029.2,35193.7,0.8158
17993.6,63068.2,18113.1,63315.0,0.8157
91632.1,9446.8,91737.7,9504.8,0.8157
37442.9,41600.0,37576.1,41799.0,0.8156
81282.6,10248.3,81352.3,10376.8,0.8156
3015.4,63040.3,3192.5,63269.7,0.8155
96390.8,13716.7,96521.3,13943.8,0.8155
53120.0,22720.0,53734.5,22879.3,0.8154
19326.7,30867.7,19833.2,31028.4,0.8154
28484.2,56647.5,28799.5,56983.1,0.8154
32969.4,57632.5,33600.0,57925.4,0.8152
38405.1,21127.7,38878.9,21322.3,0.8152
84507.4,10246.2,84741.6,10582.1,0.8152
98184.5,13926.4,98534.5,14072.8,0.8152
32320.0,11637.7,32883.6,11995.4,0.8152
85778.9,7040.0,86400.0,7457.9,0.8152
73474.1,13021.2,73599.6,13117.5,0.8151
75570.1,14795.6,76160.0,15040.0,0.8151
39091.4,38080.0,39356.2,38321.4,0.8150
24000.0,55741.7,24145.7,55993.8,0.8149
26590.2,41077.6,26880.0,41278.2,0.8149
93141.0,8981.6,93440.0,9089.4,0.8148
111761.6,22100.1,111993.1,22305.1,0.8147
59742.9,20688.1,59840.0,20924.6,0.8147
96960.0,14378.7,97597.3,14568.6,0.8147
38080.0,53760.7,38409.1,53926.1,0.8146
23546.9,31098.5,23671.1,31359.3,0.8145
105744.7,7826.1,105917.3,8112.0,0.8145
78977.2,18112.3,79268.6,18234.6,0.8144
80240.1,15683.4,80611.2,16204.0,0.8144
42891.9,11425.5,43490.5,11604.7,0.8144
70247.5,20482.7,70365.7,20560.0,0.8144
33280.0,40582.9,33515.1,40640.0,0.8144
104640.0,9718.7,104700.9,9918.0,0.8143
39285.4,35356.0,39428.4,35409.5,0.8143
32391.1,24960.0,32535.1,25123.0,0.8143
72326.3,22400.0,72960.0,22693.3,0.8142
77442.1,19200.0,77641.4,19425.2,0.8142
53712.2,18400.3,53756.9,18552.9,0.8141
48640.0,14460.9,48948.1,15040.0,0.8141
68184.4,21958.2,68800.0,22239.4,0.8141
16640.0,31680.0,16868.1,31803.3,0.8141
122346.2,38472.8,122493.7,38644.3,0.8140
68988.8,20481.6,69066.7,20602.9,0.8140
54400.4,5841.2,54583.5,6074.6,0.8139
16679.0,36487.9,16975.2,36732.8,0.8139
53003.6,10152.4,53179.1,10240.0,0.8139
22400.0,48971.2,22873.1,49131.0,0.8139
16320.8,29599.3,16487.5,29729.1,0.8139
45206.7,20160.0,45756.2,20441.6,0.8138
16324.6,29048.3,16849.6,29436.9,0.8138
34812.5,41221.3,34879.3,41388.6,0.8136
25741.2,36009.7,26234.6,36370.0,0.8135
37442.9,57156.5,37587.7,57279.9,0.8135
101458.9,4175.4,102080.0,4421.0,0.8135
90246.8,14764.1,90877.5,15007.9,0.8135
43758.1,16640.0,44156.4,17194.7,0.8135
35561.8,38029.0,35730.4,38079.9,0.8133
33933.6,16474.6,34466.3,16960.0,0.8133
21120.0,49280.0,21731.8,49672.8,0.8133
31862.3,17723.5,32037.4,17953.3,0.8133
21950.4,48320.0,22080.0,48565.0,0.8133
19452.3,37622.8,19800.7,37721.9,0.8133
19227.4,46517.7,19643.6,46716.9,0.8133
128645.3,32642.8,128810.4,32818.6,0.8132
68801.8,22102.9,69005.3,22277.2,0.8132
124471.0,36939.4,124800.0,37119.3,0.8131
103350.4,10885.6,103680.0,11212.3,0.8131
108164.8,20829.8,108324.6,21120.0,0.8131
29136.3,59663.9,29540.2,60144.7,0.8131
21445.8,37589.5,21655.5,38080.0,0.8131
37598.0,21748.5,37756.3,21970.8,0.8131
52484.6,15051.5,52831.0,15487.6,0.8131
64640.0,16537.2,64724.1,16640.0,0.8130
28746.6,36495.3,28840.3,36799.8,0.8130
30662.4,54739.8,31012.9,55360.0,0.8130
91840.0,11576.3,92474.7,11883.4,0.8130
2564.6,63052.1,3024.2,63465.5,0.8130
71880.3,16001.9,72085.3,16041.8,0.8129
67476.2,22441.6,67840.0,22579.3,0.8129
59853.9,22200.5,60475.4,22640.6,0.8129
74477.7,21622.7,74875.7,21699.6,0.8129
62133.9,9285.4,62322.8,9523.2,0.8128
83969.2,19980.2,84159.3,20249.8,0.8128
99999.9,4765.6,100160.0,4935.8,0.8127
101763.4,20637.0,102110.8,20795.5,0.8127
104534.2,5120.0,104747.5,5399.5,0.8127
58011.3,16324.2,58554.0,16488.7,0.8127
29831.1,49920.0,30080.0,49990.3,0.8126
119174.0,25549.9,119680.0,25918.1,0.8125
91481.1,8571.1,91840.0,8680.4,0.8125
50707.6,20480.0,50878.4,20772.0,0.8125
101447.3,5172.8,102063.5,5458.3,0.8125
81473.0,18882.5,81600.0,18949.0,0.8124
83840.0,13426.8,84460.4,13747.8,0.8124
105291.2,13598.5,105920.0,14063.4,0.8123
46721.7,16640.8,46930.3,16761.2,0.8123
26882.8,61594.8,27100.0,61759.4,0.8123
36190.6,49975.1,36462.2,50560.0,0.8123
77144.4,19962.1,77586.8,20476.0,0.8122
31222.2,28808.0,31360.0,29035.5,0.8122
55360.0,11349.0,55980.8,11513.4,0.8122
112988.1,21138.1,113558.5,21576.2,0.8121
25920.0,36165.4,26449.5,36321.2,0.8120
123845.0,28708.1,123964.4,29098.9,0.8119
93123.0,7287.1,93558.7,7463.7,0.8119
42241.8,16094.1,42418.3,16312.7,0.8119
22080.0,64643.4,22671.7,64836.5,0.8119
22105.2,56960.0,22720.0,57344.8,0.8118
20226.1,64211.3,20477.4,64318.3,0.8118
76486.2,14790.7,77120.0,15134.6,0.8117
94360.0,6723.2,94492.7,6773.4,0.8117
81069.5,18264.2,81600.0,18861.7,0.8117
31633.5,25339.6,31974.8,25896.0,0.8116
98560.0,8429.5,99095.6,8590.4,0.8116
18681.9,41367.7,18879.0,41593.0,0.8115
24320.0,51418.3,24857.2,51572.2,0.8115
51677.9,11200.0,51840.0,11423.6,0.8114
54776.6,2352.3,55020.2,2513.2,0.8114
49630.6,16983.7,49812.3,17600.0,0.8114
63772.1,19520.3,63951.0,19665.0,0.8113
60007.0,21553.4,60160.0,21700.2,0.8113
63687.6,21963.5,63981.3,22102.8,0.8113
57131.2,18774.8,57279.1,18879.7,0.8112
116015.1,23362.3,116158.1,23586.2,0.8112
73977.4,20480.0,74109.2,20603.9,0.8111
97289.0,10013.4,97918.0,10378.6,0.8110
21267.3,67188.0,21437.8,67520.0,0.8110
53843.8,3205.1,53958.4,3477.0,0.8108
32057.7,10738.3,32320.0,10874.1,0.8108
113923.4,21581.6,114117.9,21759.7,0.8108
54376.0,21953.8,54717.6,22072.1,0.8107
21440.0,36480.0,22061.4,36787.0,0.8105
74127.9,16093.6,74552.1,16600.9,0.8105
75217.6,7360.1,75840.0,7771.3,0.8104
96718.2,15044.1,96960.0,15164.0,0.8104
73946.6,21954.8,74240.0,22092.7,0.8104
88962.5,11522.7,89102.3,11643.1,0.8103
22080.0,28978.1,22696.2,29427.6,0.8103
63363.5,20924.7,63421.6,21020.5,0.8103
35546.9,44028.0,35626.9,44160.0,0.8102
58904.7,6400.0,59080.1,6655.6,0.8102
66907.6,14763.2,67064.9,15040.0,0.8102
97201.8,11844.9,97280.0,12027.9,0.8102
38805.4,26010.2,39015.1,26560.0,0.8101
34245.2,54127.5,34441.3,54399.4,0.8101
73299.3,21763.4,73920.0,21920.1,0.8100
76729.0,14802.8,77117.7,14874.1,0.8100
21150.5,38320.2,21436.3,38421.5,0.8100
1924.3,66293.9,2213.3,66871.4,0.8100
5120.0,66881.8,5744.6,67073.5,0.8100
70085.1,7994.6,70518.2,8320.0,0.8100
75846.9,21802.1,76480.0,22188.4,0.8100
36232.5,21217.9,36800.0,21422.2,0.8100
19060.9,54518.1,19199.3,54714.0,0.8097
126276.9,37155.9,126356.4,37296.1,0.8097
48395.9,13441.8,48634.3,13636.0,0.8095
33055.0,10448.3,33268.8,10551.7,0.8094
101760.0,8981.8,102039.6,9071.0,0.8094
126758.0,33075.1,127325.9,33590.4,0.8094
33757.0,28566.4,34035.7,28637.2,0.8094
76160.1,15525.1,76363.2,15642.2,0.8094
36307.3,13207.8,36800.0,13434.5,0.8094
50880.0,22508.0,51516.3,22870.1,0.8091
12149.6,67207.3,12480.0,67317.7,0.8091
65299.9,18241.5,65374.0,18348.6,0.8091
78449.6,10885.6,78607.7,10937.1,0.8090
35186.3,44147.6,35309.1,44438.7,0.8090
88014.8,12319.1,88635.1,12468.1,0.8090
60161.0,21560.1,60290.5,21760.0,0.8090
94677.6,10714.1,95040.0,10837.6,0.8090
37923.1,18113.9,38382.3,18536.3,0.8089
102384.2,10074.1,102718.1,10201.7,0.8089
68824.0,19250.1,69336.2,19840.0,0.8089
17927.3,52357.0,18560.0,52784.2,0.8089
98014.3,15754.9,98558.0,16228.0,0.8089
128676.2,35263.3,128969.4,35358.8,0.8087
32734.7,22720.0,32991.8,22967.3,0.8087
32341.4,46087.2,32522.6,46312.4,0.8087
37867.2,53507.8,38394.3,53933.4,0.8087
61344.4,19520.0,61431.0,19801.2,0.8087
63025.6,22543.3,63200.8,22592.9,0.8087
71580.7,16293.5,71781.3,16399.5,0.8086
103051.0,8332.9,103605.9,8765.9,0.8086
88900.5,14400.0,89044.9,14562.0,0.8086
30408.8,38821.5,31039.3,38997.7,0.8086
33635.0,53132.9,33912.9,53282.9,0.8086
30723.7,32960.4,31106.5,33236.2,0.8085
22402.7,31680.0,22558.2,31964.8,0.8085
27331.6,36863.3,27392.2,37047.0,0.8085
25929.0,41600.0,26078.6,41954.0,0.8085
28836.6,33010.3,29248.0,33343.1,0.8084
32064.8,14128.3,32316.4,14196.3,0.8084
63365.0,6087.4,63532.1,6380.3,0.8083
30104.7,39289.8,30720.0,39526.6,0.8083
58184.3,15360.5,58350.9,15487.1,0.8082
24413.9,63360.0,24640.0,63512.5,0.8082
26792.5,37120.0,26936.2,37432.1,0.8082
32038.3,38567.7,32640.0,38713.5,0.8082
78418.2,11253.2,78560.3,11300.2,0.8082
101.6,65381.0,620.8,65910.1,0.8081
27648.2,36895.7,27840.0,37120.0,0.8081
33457.9,50931.7,33600.0,51139.1,0.8081
42920.0,18560.0,43265.7,18838.1,0.8080
17286.8,43957.3,17581.9,44157.9,0.8080
38101.0,10560.0,38720.0,10834.0,0.8080
60480.0,21971.1,61120.0,22149.2,0.8080
109762.5,20550.3,109878.9,20800.0,0.8080
55032.8,4538.3,55336.1,5117.5,0.8080
36429.3,15067.5,36791.2,15335.8,0.8079
87040.5,18087.2,87341.1,18479.1,0.8079
85710.9,10240.6,86050.6,10310.0,0.8079
23211.0,37421.2,23668.9,37584.7,0.8079
53478.4,16407.0,54045.0,16588.1,0.8079
44486.7,13761.3,44975.5,13981.5,0.8078
96000.0,6080.0,96299.7,6252.1,0.8077
30728.3,38811.2,31360.0,39005.3,0.8075
95360.0,13997.1,95996.1,14385.0,0.8075
27565.3,47082.0,27835.5,47259.6,0.8075
90244.4,10247.0,90719.5,10553.8,0.8075
20497.1,42730.0,20787.3,43185.5,0.8074
51840.1,22916.4,52001.2,23142.3,0.8074
35548.8,44160.0,35626.6,44291.1,0.8074
27762.4,44959.6,27837.4,45065.5,0.8073
108003.9,10560.0,108160.0,10938.6,0.8073
31198.0,38167.7,31350.0,38281.8,0.8073
32640.0,8739.8,33226.9,9177.9,0.8072
98298.3,13278.7,98560.0,13343.9,0.8072
117492.0,23040.0,118080.0,23404.7,0.8071
98251.6,9647.0,98880.0,9992.8,0.8071
33990.8,45875.4,34551.2,46400.0,0.8070
97238.8,12160.0,97600.0,12284.9,0.8070
28160.7,34044.3,28255.0,34236.7,0.8070
51310.4,22843.6,51683.0,22966.0,0.8069
20716.0,59205.8,20793.8,59292.7,0.8069
9351.5,60800.0,9459.5,60897.3,0.8069
57742.2,22717.1,58239.7,22886.0,0.8069
34885.0,16320.7,34989.1,16423.5,0.8069
37053.8,44214.8,37157.2,44480.0,0.8068
19918.8,52480.0,20160.0,52681.5,0.8068
24730.0,34120.3,25078.9,34222.4,0.8068
70477.7,9483.6,70667.6,9599.7,0.8067
85131.4,21977.8,85760.0,22400.0,0.8067
31251.4,29996.7,31354.1,30177.2,0.8067
24330.7,64141.5,24485.3,64320.0,0.8067
37304.2,20482.3,37528.3,20554.2,0.8067
38080.6,25287.2,38286.1,25708.1,0.8066
106730.1,7566.9,107013.4,7733.9,0.8066
28162.6,50922.8,28254.4,51193.4,0.8066
17938.1,38872.7,18560.0,39092.8,0.8066
99520.0,9726.4,100117.9,9890.4,0.8065
58040.6,13760.0,58103.9,13864.4,0.8065
35200.0,38525.8,35837.5,38912.3,0.8065
52144.3,22717.5,52476.8,22848.9,0.8065
17600.0,29587.5,17948.7,30080.0,0.8065
59402.0,13120.0,59520.0,13164.5,0.8064
68468.7,17249.7,68583.1,17328.1,0.8064
81280.3,13821.7,81915.0,14195.8,0.8064
55220.4,23243.4,55360.0,23290.6,0.8063
53695.3,22727.5,54080.0,22845.6,0.8063
103040.0,12633.3,103623.9,12978.7,0.8063
28164.0,47259.9,28480.0,47360.0,0.8062
2446.6,64523.0,2560.0,64640.0,0.8061
16961.6,30400.0,17175.8,30566.7,0.8061
108516.2,17025.4,108781.7,17311.0,0.8060
78947.8,16644.0,79038.6,16768.9,0.8060
25459.2,32466.1,25592.6,32764.5,0.8059
72969.3,23174.3,73600.0,23351.9,0.8059
23401.6,43981.1,24000.0,44136.9,0.8059
94720.0,11057.7,95344.8,11377.9,0.8059
78406.8,20874.5,79023.7,21104.9,0.8058
98560.0,7316.6,98894.7,7432.4,0.8058
100566.0,18143.3,100767.1,18238.5,0.8058
33920.0,14400.0,34530.7,14793.8,0.8058
35521.7,9416.2,35641.2,9796.7,0.8057
97427.6,12951.5,97600.0,13270.1,0.8057
52160.0,2417.2,52406.5,2557.8,0.8057
97280.0,14447.2,97896.4,14642.0,0.8057
21642.9,33601.0,21803.0,33920.0,0.8057
27520.0,33013.3,28145.2,33445.3,0.8057
32648.6,38555.4,33129.6,38718.4,0.8056
89926.4,14559.8,90560.0,14913.7,0.8056
30060.4,43133.2,30376.5,43216.9,0.8056
93726.1,9916.1,94066.3,10076.4,0.8056
28481.8,56960.0,28652.6,57164.3,0.8056
25691.4,36164.0,26240.0,36334.2,0.8055
31699.7,46516.8,31928.2,46669.9,0.8054
33504.3,38394.0,33672.0,38435.8,0.8054
7613.0,61526.4,8000.0,61592.8,0.8054
22887.4,32383.9,23040.0,32640.0,0.8053
11206.9,61075.9,11381.4,61287.8,0.8053
87680.7,8907.1,88168.6,9052.8,0.8053
18243.2,35160.3,18457.8,35347.7,0.8053
29761.6,38555.6,30400.0,38712.8,0.8052
16002.5,62410.8,16240.1,62712.4,0.8052
31680.0,58440.0,31915.5,58558.7,0.8051
35069.5,13085.7,35200.0,13207.0,0.8051
120963.3,35915.0,121221.7,36207.5,0.8051
51997.4,1933.5,52158.2,2215.9,0.8051
62743.5,5555.3,63319.6,6058.9,0.8051
21122.1,35864.4,21307.9,36160.0,0.8050
58560.0,10793.3,58908.7,11200.0,0.8050
36204.1,27303.5,36788.5,27840.0,0.8050
26599.8,44269.8,27200.0,44422.0,0.8050
78400.0,7857.0,78506.6,7908.1,0.8050
29572.5,42693.9,29700.6,42880.0,0.8049
26574.4,44235.9,27200.0,44680.5,0.8049
37143.6,10300.1,37265.9,10544.0,0.8049
107379.0,11265.1,107684.6,11535.6,0.8048
38731.2,30847.0,38943.5,31040.0,0.8047
78287.3,10249.7,78706.2,10723.6,0.8047
43200.0,10968.0,43712.8,11198.1,0.8047
35207.6,27845.1,35318.0,27971.2,0.8046
8655.1,66560.0,8960.0,66697.8,0.8046
68800.0,16193.4,68921.0,16313.3,0.8046
92161.8,11308.6,92774.8,11460.7,0.8046
79681.9,12543.3,79892.5,12798.3,0.8045
96320.0,17418.8,96669.6,17595.4,0.8045
87414.4,11975.3,88000.0,12119.4,0.8045
68669.0,24217.2,68799.6,24319.3,0.8045
16026.0,30403.7,16640.0,30587.0,0.8044
39373.6,44160.0,39466.0,44419.4,0.8044
66824.0,22269.3,67200.0,22396.9,0.8044
123933.2,31696.4,124160.0,32049.8,0.8044
34562.7,26370.7,34766.6,26501.8,0.8044
26606.0,54720.0,26978.2,55262.8,0.8042
29793.7,48963.5,29966.6,49174.9,0.8042
99247.5,16043.3,99519.3,16203.8,0.8042
45466.4,20955.6,45542.0,21103.7,0.8041
38721.7,44311.8,38891.5,44470.5,0.8040
27263.8,56963.9,27517.9,57338.4,0.8040
37153.7,50894.9,37556.6,51235.3,0.8040
38414.5,31040.0,38529.2,31298.9,0.8040
22915.5,48469.4,23104.0,48640.0,0.8039
26258.3,31088.3,26684.7,31520.4,0.8039
80894.2,20482.5,81280.0,20557.5,0.8038
48353.0,20464.6,48638.2,20764.8,0.8038
27682.2,32006.0,28124.3,32155.6,0.8038
52004.2,21441.9,52159.8,21642.5,0.8038
99996.2,4994.2,100251.9,5073.9,0.8038
39506.5,34899.0,39677.8,35122.1,0.8037
37530.9,39680.0,37746.8,39785.8,0.8037
47309.0,8960.0,47661.4,9079.9,0.8037
86881.4,13449.0,87040.0,13563.2,0.8037
31684.0,38570.8,32320.0,38716.2,0.8036
33296.0,23108.1,33920.0,23258.7,0.8036
18358.9,30532.6,18560.0,30706.7,0.8036
104744.7,16321.8,104958.3,16511.5,0.8036
123204.6,27527.0,123633.2,28061.4,0.8035
97194.5,9107.2,97280.0,9280.0,0.8035
93764.5,14297.5,94400.0,14621.9,0.8035
61798.2,6769.5,62276.5,7244.0,0.8035
38082.8,23511.0,38432.5,23950.2,0.8034
32983.0,47686.9,33203.6,47867.0,0.8034
33280.0,11488.5,33580.5,11840.0,0.8034
99200.0,7181.1,99680.0,7344.8,0.8033
56320.0,17111.8,56587.6,17276.3,0.8033
78725.4,21762.3,78910.8,21839.7,0.8033
100209.4,16006.8,100480.0,16086.7,0.8033
65159.4,17600.0,65280.0,17739.1,0.8032
84943.6,15680.0,85031.8,15790.7,0.8032
49593.9,15040.0,49702.5,15325.9,0.8032
30533.3,27520.0,30617.3,27654.2,0.8032
70720.0,8960.0,70870.8,9108.3,0.8031
123860.5,38725.5,124146.2,39217.7,0.8031
20805.6,37760.0,21029.5,38026.7,0.8030
19520.0,40361.0,19861.9,40562.0,0.8029
57280.0,22307.4,57405.3,22394.5,0.8028
15689.4,37133.9,16070.7,37756.0,0.8028
21255.2,41920.0,21434.9,42162.2,0.8028
70415.5,21825.7,71039.0,21972.5,0.8028
53852.4,2887.6,54079.5,3202.8,0.8028
32674.4,48012.4,33269.6,48589.0,0.8028
125524.1,30083.1,125741.4,30306.2,0.8028
25611.9,32981.8,26236.1,33257.7,0.8026
52147.1,21968.8,52480.0,22068.4,0.8026
59309.6,10908.7,59592.2,11039.0,0.8026
41589.1,21489.5,41917.2,21654.5,0.8026
47040.0,19859.2,47554.4,20273.4,0.8026
120096.5,24640.5,120640.0,24944.5,0.8025
56000.0,16652.4,56619.4,16838.3,0.8024
25606.3,53736.7,26240.0,54074.1,0.8024
1829.6,65920.0,1917.3,66053.3,0.8024
26240.0,37394.4,26422.5,37440.0,0.8023
74880.0,15284.3,75445.2,15464.6,0.8023
53763.3,19201.2,53924.5,19435.1,0.8023
29760.0,38824.7,30248.6,38974.2,0.8022
78298.2,17600.0,78510.9,17817.3,0.8021
102085.8,10853.2,102291.7,11045.0,0.8021
35962.9,19251.5,36159.4,19520.0,0.8021
98393.7,10921.4,98560.0,11200.0,0.8020
53707.6,23443.3,54080.0,23510.5,0.8020
16328.2,65442.3,16644.0,65920.0,0.8019
38108.1,54552.0,38389.3,54719.0,0.8019
74894.2,11017.2,75200.0,11120.4,0.8019
48918.7,22107.8,49267.0,22186.4,0.8017
98683.9,11538.2,98819.1,11580.4,0.8016
115595.6,23042.7,115836.6,23340.6,0.8015
2168.1,65600.0,2553.6,66173.6,0.8015
38006.4,41369.9,38397.3,41596.3,0.8015
73794.9,8877.3,73920.0,8940.2,0.8014
35882.7,22400.0,35988.0,22716.0,0.8014
9281.1,61903.7,9426.8,62079.5,0.8014
75840.0,21586.8,76466.5,21756.1,0.8014
39406.6,8775.1,39680.0,8951.5,0.8013
63014.2,16581.6,63288.9,16640.0,0.8013
66733.9,16884.2,66877.9,17086.0,0.8013
100160.8,16000.0,100372.2,16086.6,0.8013
99051.9,17282.3,99200.0,17463.4,0.8012
21588.0,29760.0,21759.2,30077.2,0.8011
96640.0,14560.1,97274.1,14731.6,0.8011
28800.0,43127.8,28954.8,43417.0,0.8011
101443.8,16106.0,101887.3,16320.0,0.8011
36160.0,58241.2,36235.4,58393.0,0.8011
85293.1,16000.0,85369.2,16122.9,0.8010
43847.0,12910.7,44103.3,13120.0,0.8010
73817.6,20081.2,74001.8,20160.0,0.8010
43152.4,9809.9,43520.0,9910.6,0.8009
23360.0,29260.7,23990.2,29435.3,0.8009
89600.0,12163.4,89925.5,12321.2,0.8008
28895.5,35520.0,29043.2,35742.6,0.8008
47098.9,22499.5,47658.1,22645.4,0.8008
68319.2,17669.7,68477.0,17709.8,0.8008
55370.7,13284.9,55992.5,13439.2,0.8007
26560.5,51393.5,26988.0,51578.6,0.8007
98922.0,7211.2,99520.0,7352.7,0.8007
20802.0,40574.1,21215.1,40936.2,0.8007
37189.5,45931.5,37284.9,46253.5,0.8007
17923.2,68803.0,18105.8,68909.8,0.8006
52808.0,22056.7,53430.4,22201.9,0.8006
24007.4,33964.5,24196.2,34069.5,0.8006
101123.7,19913.2,101522.3,20157.3,0.8005
35539.8,43406.1,35616.4,43520.0,0.8005
71215.8,8641.6,71360.0,8688.1,0.8004
44241.4,17944.7,44473.7,18329.4,0.8004
75580.4,16126.2,75832.8,16320.0,0.8004
102568.1,11678.6,102717.6,11784.5,0.8004
123465.1,34482.0,123520.0,34592.1,0.8004
24342.9,52493.8,24637.8,52937.6,0.8003
17613.1,62094.2,17953.7,62513.9,0.8003
127680.1,32732.5,128044.4,32960.0,0.8002
107642.2,12921.7,107838.3,13113.7,0.8002
33123.4,45625.0,33235.4,45716.5,0.8002
63343.0,21877.8,63680.0,21952.3,0.8001
32640.0,20686.6,32975.5,20931.2,0.8001
32649.3,41474.5,32717.5,41600.0,0.8001
24326.6,63723.3,24677.7,64067.4,0.8001
97280.0,10037.1,97833.0,10228.9,0.8001
92110.8,14106.1,92480.0,14231.1,0.8001
48040.1,18635.5,48267.5,18700.7,0.8000
98880.0,14501.7,99429.3,14643.4,0.8000
37761.6,18903.8,37956.0,19248.1,0.7999
102555.3,8037.5,103021.9,8430.2,0.7998
128134.6,32260.5,128205.3,32407.4,0.7998
45761.3,14003.2,45908.1,14148.4,0.7997
34737.7,12160.0,34880.0,12374.3,0.7997
30463.4,28890.2,30715.0,29077.0,0.7996
53440.0,22567.1,54068.3,22952.2,0.7996
32692.4,8473.0,32952.1,8552.1,0.7996
56001.9,17635.7,56116.1,17920.0,0.7996
72002.2,12297.4,72214.2,12460.5,0.7996
107531.0,17142.8,107720.9,17279.0,0.7995
89606.7,11991.2,90240.0,12293.8,0.7995
49280.0,8968.9,49906.2,9438.7,0.7995
22690.7,34880.0,22798.2,35130.1,0.7995
84322.1,15819.7,84478.9,15997.9,0.7994
98449.8,9249.8,98880.0,9417.7,0.7994
52051.9,21760.0,52159.8,21831.4,0.7994
88739.4,10258.5,88939.0,10360.1,0.7994
129872.8,32021.1,130240.0,32088.8,0.7994
34059.2,45122.8,34238.7,45402.0,0.7993
20489.5,49600.0,20965.6,49885.8,0.7993
96626.6,10425.4,96960.0,10554.1,0.7992
85164.7,12800.0,85321.7,13075.6,0.7992
51526.0,5580.0,51873.9,6041.5,0.7992
70103.6,8640.0,70720.0,9043.1,0.7992
87044.9,10379.2,87257.7,10582.3,0.7992
30720.0,40815.1,30926.3,41280.0,0.7992
16641.2,31360.2,16804.8,31453.6,0.7991
35004.4,44503.5,35322.8,44605.8,0.7990
92160.0,7467.1,92709.2,7652.8,0.7990
34923.7,39911.5,35074.8,40048.5,0.7990
90446.9,10048.5,90872.5,10235.9,0.7989
33671.9,13498.8,33920.0,13715.1,0.7989
27841.7,48548.1,28084.0,48637.4,0.7989
39042.5,11856.7,39170.5,12056.0,0.7989
32787.9,44160.0,32942.0,44445.1,0.7988
87772.1,15804.6,88000.0,15991.4,0.7987
26344.1,48971.1,26560.0,49363.4,0.7986
19212.9,49610.2,19840.0,49904.2,0.7986
27595.2,30434.3,27779.7,30529.1,0.7986
103260.0,6659.0,103633.6,6749.9,0.7986
34307.7,20743.9,34851.2,20888.4,0.7985
57800.3,7006.4,57970.4,7116.9,0.7985
27708.0,65179.0,27838.5,65280.0,0.7984
62080.0,5625.2,62154.4,5744.5,0.7984
34568.7,25608.6,35054.6,26073.4,0.7984
76211.7,15054.0,76800.0,15211.9,0.7983
48001.7,18882.4,48219.0,19065.8,0.7983
78163.5,19547.0,78700.9,20154.4,0.7983
19725.5,64302.4,20151.5,64545.5,0.7983
35151.0,45066.5,35362.6,45115.9,0.7983
111401.1,19200.0,112000.0,19610.7,0.7982
21760.0,66131.5,22377.7,66539.5,0.7982
23040.0,47363.2,23185.4,47598.0,0.7981
33711.4,46757.9,33820.1,46925.9,0.7980
122423.6,28955.7,122754.9,29120.0,0.7979
22769.1,57360.5,23360.0,57834.4,0.7979
19200.0,36800.1,19796.0,36993.9,0.7977
94080.0,8065.1,94532.1,8255.8,0.7977
31151.0,31685.0,31352.7,31759.0,0.7977
17.6,67262.8,640.0,67518.3,0.7977
106920.8,14720.0,107200.0,14991.1,0.7977
64520.6,18212.4,64640.0,18459.4,0.7977
76553.7,14798.7,77120.0,14949.7,0.7977
26560.0,61764.1,26891.0,61962.2,0.7977
66560.0,20649.3,66847.3,20800.0,0.7976
6093.3,60160.0,6720.0,60452.0,0.7976
121998.1,37124.3,122552.0,37591.9,0.7975
74722.7,8338.5,75174.9,8901.1,0.7975
32000.9,57291.8,32072.9,57471.6,0.7975
53993.1,22082.1,54398.6,22167.4,0.7974
98986.8,15813.3,99200.0,15992.4,0.7974
48641.4,14081.9,48974.7,14511.1,0.7973
87611.6,13597.5,87800.5,13774.8,0.7973
66241.4,17928.6,66444.3,18145.1,0.7972
64966.3,21958.9,65518.2,22111.1,0.7972
645.9,67247.3,1278.1,67516.3,0.7972
24645.4,54062.9,25147.8,54400.0,0.7972
23025.5,54005.7,23355.7,54078.6,0.7971
59793.5,21440.0,59840.0,21552.4,0.7971
50244.1,1752.1,50422.0,1917.8,0.7971
83157.9,15399.1,83273.1,15680.0,0.7971
32113.4,31874.6,32314.7,31997.1,0.7971
16652.0,42389.5,17007.5,42880.0,0.7971
124626.3,36549.7,125106.2,37120.0,0.7970
20804.0,44187.1,21259.3,44655.5,0.7970
75318.5,13136.9,75392.8,13440.0,0.7970
33916.7,28583.6,34240.0,28655.6,0.7969
38475.7,45994.7,38720.0,46075.6,0.7968
72561.8,23230.1,72960.0,23355.6,0.7968
58569.4,12068.3,58773.5,12160.0,0.7968
48424.5,14402.1,48640.0,14536.7,0.7967
43078.7,21441.4,43200.0,21484.2,0.7967
47681.5,10735.5,47971.5,10880.0,0.7967
23335.8,31730.2,23496.6,32000.0,0.7966
73849.1,21705.3,74240.0,21800.6,0.7966
90995.8,15742.2,91102.8,16021.6,0.7966
101452.1,11956.7,102080.0,12304.3,0.7965
105619.1,16005.2,105915.2,16284.7,0.7965
79058.0,20648.8,79680.0,20792.6,0.7965
30822.2,46724.2,31039.4,46972.3,0.7964
34173.3,23505.6,34240.0,23671.7,0.7964
33545.1,11978.2,33663.8,12285.3,0.7964
34806.7,20488.9,35188.9,20679.1,0.7964
32685.6,46188.4,33264.1,46716.4,0.7964
46262.5,16689.3,46394.8,16887.0,0.7963
22102.0,30191.2,22720.0,30647.9,0.7963
36510.8,18920.3,37111.5,19453.2,0.7963
75645.9,21010.7,76159.2,21283.9,0.7963
16059.3,41545.0,16320.0,41678.8,0.7963
76160.0,15816.9,76501.5,15974.2,0.7962
42240.6,9476.4,42540.0,9546.0,0.7961
87882.1,11020.5,88273.8,11190.5,0.7961
2246.3,63040.0,2880.0,63476.7,0.7960
51996.0,11524.0,52160.0,11720.9,0.7960
62720.0,18752.9,63354.6,19105.2,0.7960
6402.4,63593.7,6627.4,64000.0,0.7959
23042.3,57600.0,23535.1,57774.7,0.7959
99200.0,14668.4,99834.5,14866.6,0.7959
74445.2,22998.0,74560.0,23040.0,0.7958
56388.6,23207.9,56477.5,23294.0,0.7958
62168.8,17831.6,62502.6,17894.8,0.7958
33285.0,20464.8,33488.7,20639.1,0.7958
34977.3,15955.2,35171.8,15998.2,0.7957
64220.0,5959.8,64320.0,6080.0,0.7956
19026.5,60462.9,19199.4,60587.5,0.7956
57481.8,7681.9,57597.0,7798.6,0.7955
46081.2,19200.0,46295.0,19765.2,0.7955
56643.6,18563.4,56838.8,18893.7,0.7954
53300.3,8571.6,53439.8,8865.8,0.7954
61772.5,21858.4,62400.0,22032.5,0.7954
64008.4,5564.9,64182.3,5688.5,0.7954
126082.1,35201.0,126249.8,35431.0,0.7954
12008.0,60800.0,12160.0,61164.2,0.7953
22080.0,59520.2,22235.5,59591.6,0.7953
26562.9,53853.8,26830.5,53933.2,0.7953
19520.0,57388.5,20052.6,57546.8,0.7953
96710.9,12801.7,96909.9,12853.7,0.7952
92161.0,14406.3,92800.0,14746.2,0.7951
97282.0,12859.1,97408.7,12990.0,0.7951
33630.5,57663.9,34240.0,58010.7,0.7951
41545.9,21825.1,41919.5,21975.2,0.7950
36513.2,27376.2,36800.0,27514.8,0.7949
60160.0,22083.0,60470.0,22146.2,0.7949
46767.2,19914.5,47356.1,20465.3,0.7948
77764.2,14572.8,78338.8,14712.2,0.7948
74731.1,8640.0,75162.6,8887.5,0.7948
21213.9,65600.0,21364.6,65662.0,0.7948
76411.9,13774.6,76661.2,13965.6,0.7947
31680.0,55040.0,32297.0,55488.3,0.7946
53132.2,2775.5,53760.0,3133.4,0.7946
66883.6,16081.7,67085.1,16318.9,0.7946
86284.8,12566.8,86351.9,12708.4,0.7946
35520.0,51125.4,36111.3,51520.0,0.7945
54720.0,18086.2,55306.3,18240.0,0.7945
99209.6,14885.2,99840.0,15064.0,0.7944
36504.8,20654.4,37001.9,20795.8,0.7944
33629.5,38416.2,34240.0,38672.3,0.7944
19052.1,48640.0,19200.0,48851.7,0.7944
104548.7,13944.0,104681.0,14162.7,0.7943
52264.1,15068.6,52780.2,15648.6,0.7943
70913.1,9282.6,71357.8,9597.1,0.7943
42873.5,11432.6,43195.2,11591.2,0.7942
36169.2,42519.8,36480.0,42615.6,0.7942
38088.3,23680.0,38502.4,23909.6,0.7942
79200.8,17296.8,79357.2,17523.1,0.7942
33003.1,20703.0,33280.0,20866.2,0.7941
52174.4,1834.4,52777.3,2226.4,0.7941
92482.1,7047.6,92684.4,7309.1,0.7941
35202.8,27437.5,35285.0,27520.0,0.7941
33575.3,18739.4,33914.7,19200.0,0.7940
21534.5,47709.5,21757.4,48000.0,0.7940
23891.2,40895.6,24306.5,41149.8,0.7940
91198.7,7364.8,91512.3,7652.7,0.7940
36793.4,24320.0,36970.0,24429.1,0.7939
31689.1,8766.0,32305.0,9124.9,0.7939
38553.9,9880.0,38717.0,10157.7,0.7939
71378.3,10325.3,71908.3,10499.3,0.7938
90243.1,11874.3,90880.0,12160.0,0.7938
50526.1,22257.3,50880.0,22400.0,0.7938
97400.8,13273.4,97903.5,13436.3,0.7938
23134.2,43884.0,23680.0,44153.0,0.7938
48365.9,14780.7,48906.4,15360.0,0.7937
107840.0,21771.8,108261.8,22226.1,0.7937
73981.6,11278.8,74231.6,11454.6,0.7936
34916.9,46692.1,35518.7,47040.0,0.7936
91449.7,14594.5,91826.6,14730.0,0.7936
37860.9,17983.3,38079.3,18236.2,0.7936
46918.1,19765.4,47040.0,19837.5,0.7935
17925.4,38709.3,18560.0,39039.1,0.7935
34567.4,51909.2,34667.5,52207.5,0.7935
107886.6,18644.8,108470.1,19170.4,0.7935
73088.0,8486.8,73600.0,8636.7,0.7934
18891.5,46865.0,19420.3,47039.0,0.7934
120999.5,38508.0,121600.0,39025.6,0.7933
37781.3,14200.2,38175.5,14677.1,0.7933
21363.4,32379.2,21736.3,32862.6,0.7932
101418.3,17283.6,101637.2,17500.8,0.7932
25920.9,33920.0,26422.6,34119.8,0.7932
89920.0,8843.7,90381.4,8988.8,0.7931
49678.2,12806.4,49899.7,13237.0,0.7931
22653.8,56509.6,22999.7,56623.9,0.7931
55045.6,11444.1,55298.8,11623.6,0.7931
57280.0,19520.0,57506.9,19671.3,0.7931
85020.1,8320.3,85392.5,8444.1,0.7931
20809.6,32338.8,21401.5,32940.2,0.7930
44221.2,13154.0,44474.9,13216.5,0.7930
35543.6,49951.4,36095.9,50542.4,0.7929
35206.4,39496.2,35832.4,39668.5,0.7929
52257.4,17680.6,52442.6,17724.5,0.7928
56966.7,11100.2,57144.0,11214.7,0.7928
35523.6,29578.2,35719.7,29760.0,0.7927
30081.6,54243.6,30219.5,54389.7,0.7925
118112.1,28823.4,118400.0,29108.8,0.7925
60732.7,22477.0,60896.1,22638.7,0.7925
66030.8,10240.0,66240.0,10456.0,0.7925
17601.3,33602.5,17800.4,33780.4,0.7925
35882.3,27715.1,36331.2,28157.3,0.7925
69451.8,9923.0,70080.0,10240.0,0.7924
58670.2,4061.7,58876.3,4232.5,0.7923
58729.9,22727.2,59200.0,22875.6,0.7923
45391.5,10084.0,45760.0,10240.0,0.7923
65439.4,9263.5,65599.8,9558.1,0.7923
52216.4,9290.5,52710.7,9691.4,0.7923
32451.8,12706.3,32604.9,12800.0,0.7922
56341.4,23458.8,56960.0,23971.3,0.7922
42826.1,22866.5,43200.0,23038.5,0.7922
103980.6,13444.3,104057.7,13615.2,0.7921
5580.5,63437.4,5756.5,63680.0,0.7921
30962.9,56995.7,31357.5,57600.0,0.7921
23680.0,32786.5,23989.6,32869.6,0.7920
21260.9,67520.0,21438.0,67831.3,0.7920
18506.3,35216.5,18871.1,35448.9,0.7920
76276.0,20050.2,76546.0,20157.8,0.7919
33280.0,58442.6,33566.1,58559.1,0.7919
31680.8,52710.4,31839.0,53030.8,0.7918
18880.0,38694.4,19500.2,38858.8,0.7917
29790.0,48798.2,29961.3,48950.7,0.7917
20900.1,48678.8,21116.5,48917.0,0.7916
53319.3,18712.3,53482.1,18918.9,0.7916
90881.9,14282.6,91520.0,14629.4,0.7916
104990.0,5120.0,105600.0,5422.9,0.7916
2190.0,66811.5,2239.4,66960.9,0.7916
23277.0,39688.4,23661.1,40189.9,0.7915
93971.7,12134.9,94080.0,12340.8,0.7915
71714.3,11879.9,72000.0,12050.4,0.7914
78947.1,16607.0,79157.5,16919.4,0.7914
104004.3,11541.9,104146.4,11833.7,0.7913
35317.0,42560.0,35490.0,42886.1,0.7912
36561.3,10467.4,36800.0,10583.4,0.7911
99386.2,12394.0,99598.5,12477.5,0.7910
34108.4,39057.8,34240.0,39095.8,0.7910
31965.3,9920.0,32155.4,10167.6,0.7910
40320.4,14108.1,40562.7,14465.3,0.7910
78371.0,18304.8,78672.9,18432.0,0.7909
106896.6,22663.9,107520.0,23035.2,0.7908
36557.1,19012.3,36800.0,19192.4,0.7907
4164.4,67366.6,4443.6,67520.0,0.7906
19855.5,36469.7,20391.8,36797.8,0.7906
26398.7,38548.2,26560.0,38885.0,0.7906
55431.5,4800.0,55997.1,5328.5,0.7905
44821.2,21351.5,45120.0,21467.5,0.7905
93713.0,13451.1,93760.0,13547.1,0.7905
52090.2,22170.1,52466.7,22308.2,0.7904
33620.5,39522.2,34240.0,39675.8,0.7904
26198.0,36800.0,26330.2,37054.6,0.7904
24058.0,38914.2,24640.0,39100.7,0.7904
25602.0,49364.7,25904.1,49920.0,0.7904
68160.0,20062.8,68362.3,20107.9,0.7903
75040.8,10711.0,75198.6,10856.4,0.7903
45593.3,12666.6,45758.2,12796.6,0.7903
37225.9,23050.7,37746.1,23651.3,0.7902
32000.0,53779.4,32557.8,54372.1,0.7902
57614.5,3119.2,58234.7,3520.0,0.7901
68484.1,16326.0,68868.2,16492.6,0.7901
37440.0,20775.4,38075.8,21120.0,0.7901
99200.0,15789.6,99661.0,15940.7,0.7901
34316.3,8493.8,34880.0,8927.8,0.7901
79040.0,21441.6,79229.5,21619.1,0.7900
36408.5,9148.7,36729.5,9245.0,0.7900
32332.2,43725.4,32636.0,43797.6,0.7900
38720.4,16179.2,38838.6,16429.5,0.7900
42882.3,23251.0,43197.2,23348.3,0.7900
33770.6,24388.0,33944.2,24455.4,0.7900
32963.3,15074.6,33118.8,15360.0,0.7899
58720.6,19956.4,58828.4,20160.0,0.7899
27916.8,40078.7,27999.4,40180.7,0.7899
103334.2,12375.8,103680.0,12443.2,0.7899
72742.7,12483.8,72880.0,12546.0,0.7897
51643.8,21653.0,51839.5,21899.4,0.7897
82471.5,9920.0,82538.2,10062.7,0.7897
56000.0,18405.0,56077.6,18555.0,0.7897
77440.7,21170.8,78080.0,21404.3,0.7896
118895.2,24635.7,119346.5,24952.6,0.7896
18885.8,42921.3,19233.1,43337.3,0.7895
73301.4,20555.5,73562.8,20924.0,0.7895
130566.9,31392.7,130927.6,31671.6,0.7895
39360.0,28541.5,39915.9,29104.2,0.7895
36160.0,26660.3,36722.6,26815.2,0.7895
75202.5,20896.3,75304.0,21181.4,0.7894
48660.9,10176.4,49131.5,10560.0,0.7893
26778.6,53646.9,26880.0,53760.0,0.7893
31524.1,46648.9,31592.7,46826.0,0.7893
92757.5,10870.5,93092.7,10959.5,0.7893
16441.0,39295.7,16640.0,39575.6,0.7892
115856.4,27200.0,116411.9,27702.4,0.7892
112169.1,21761.1,112320.0,21917.0,0.7891
57923.7,22712.6,58390.0,22906.3,0.7891
94597.6,8968.4,94777.0,9133.1,0.7891
119387.8,34471.0,119999.3,34880.0,0.7891
24482.4,30720.0,24640.0,30984.9,0.7891
91981.3,16184.0,92159.8,16313.9,0.7891
31691.5,46276.5,31823.6,46329.6,0.7890
25601.2,43903.7,25796.6,44055.1,0.7890
21912.9,39360.0,22040.9,39504.2,0.7890
43576.0,18909.0,43840.0,19029.0,0.7890
74571.9,12494.7,75178.4,12800.0,0.7888
38569.2,53120.0,38719.5,53441.1,0.7888
65057.1,18948.1,65600.0,19098.2,0.7888
45108.6,21681.5,45440.0,21760.0,0.7888
104640.0,15062.0,105141.8,15311.6,0.7887
72983.0,7371.3,73600.0,7792.2,0.7887
37292.4,35848.1,37417.3,36150.6,0.7887
123840.0,28720.1,123970.0,28800.0,0.7887
39364.3,10501.5,39680.0,10560.0,0.7886
28608.9,43885.4,29120.0,44047.3,0.7885
36004.8,26032.3,36160.0,26198.8,0.7885
35969.8,21185.4,36411.3,21334.1,0.7885
35870.0,15361.9,36160.0,15450.4,0.7885
37440.0,14623.1,37697.1,14713.3,0.7884
116565.9,25511.2,116721.2,25594.2,0.7884
34240.0,13363.2,34512.4,13436.7,0.7884
18240.0,35520.0,18479.7,35970.0,0.7884
33920.0,26293.9,34553.6,26560.0,0.7883
11203.8,66042.7,11401.3,66236.3,0.7883
23969.1,39043.0,24320.0,39111.3,0.7883
17778.6,67977.6,17917.2,68186.2,0.7882
18009.7,32496.4,18556.4,32951.5,0.7882
105283.4,8224.4,105514.2,8640.0,0.7882
894.8,67388.1,1280.0,67514.9,0.7881
125794.0,37441.3,126380.9,38007.4,0.7880
96640.0,15864.5,97175.1,16196.7,0.7880
42108.0,8330.3,42559.9,8486.7,0.7880
99520.0,14906.2,100115.4,15067.1,0.7880
17416.5,45619.6,17707.9,45755.3,0.7879
54080.0,21120.0,54241.7,21417.3,0.7879
73201.5,13647.8,73419.2,13757.2,0.7879
47734.2,9433.1,48000.0,9595.5,0.7879
86055.2,16283.2,86400.0,16371.2,0.7879
17284.1,61440.0,17518.0,61822.0,0.7878
45097.8,10130.6,45440.0,10240.0,0.7878
37760.0,20834.7,38361.8,20981.3,0.7878
33284.6,57056.7,33765.8,57215.4,0.7878
87672.4,9208.1,88000.0,9280.0,0.7875
49926.8,22791.7,50554.1,22938.5,0.7874
37884.6,50075.7,38080.0,50237.5,0.7873
26423.0,35670.0,26874.6,35838.7,0.7872
34554.6,21081.9,34880.0,21208.6,0.7871
98571.9,15042.6,98756.2,15082.6,0.7871
67147.1,22270.5,67520.0,22396.6,0.7871
84835.4,10560.0,85013.6,10874.9,0.7871
11208.3,67518.6,11840.0,67832.3,0.7870
96700.6,13090.6,96954.9,13205.7,0.7870
37241.7,24368.4,37436.6,24637.7,0.7869
72893.8,22127.0,73073.7,22293.4,0.7869
78720.0,14559.8,79317.5,14719.5,0.7868
102080.2,9539.3,102200.8,9598.0,0.7868
28162.5,36559.9,28294.2,36800.0,0.7868
27222.3,63392.1,27792.6,63951.7,0.7868
50899.5,22253.7,51506.5,22392.4,0.7867
32827.7,14682.6,32951.8,14719.3,0.7867
30080.0,38539.1,30686.6,38714.4,0.7866
96582.3,15400.1,96784.4,15521.9,0.7866
37760.0,25609.7,38103.3,25914.3,0.7866
35520.0,25765.9,35662.9,25906.1,0.7866
54458.4,2317.7,54610.8,2361.2,0.7865
70061.7,10713.0,70370.6,10876.8,0.7864
110140.1,24747.8,110700.6,24955.0,0.7864
28161.5,38599.8,28800.0,39020.1,0.7862
20836.3,43841.1,21120.0,43945.2,0.7862
62316.5,9130.3,62593.9,9280.0,0.7862
99562.3,4492.9,100141.9,5029.9,0.7862
26896.0,51693.2,27520.0,52075.6,0.7862
19846.7,61247.6,20043.9,61440.0,0.7862
31360.0,10076.3,31482.8,10425.5,0.7862
109882.8,17920.0,110079.2,18122.3,0.7861
28634.0,58913.3,29092.1,59520.0,0.7861
33792.1,18664.1,34240.0,18878.9,0.7861
69762.2,22294.4,70080.0,22437.4,0.7861
125762.7,32850.5,125921.8,32960.0,0.7860
91324.3,9499.8,91520.0,9642.8,0.7860
50382.9,6092.5,50560.0,6395.6,0.7860
86720.0,17280.1,87016.3,17412.5,0.7859
71944.9,10789.7,72119.8,11060.9,0.7859
5760.0,64642.1,5926.2,64864.3,0.7859
98564.0,18236.4,98705.2,18482.1,0.7858
40845.6,23642.4,40957.6,23970.3,0.7858
91522.8,10608.1,91695.5,10826.4,0.7858
29475.6,38721.5,29625.4,38766.8,0.7858
85765.8,12900.5,86400.0,13241.9,0.7857
28216.5,47007.8,28465.3,47103.8,0.7857
55066.2,2880.0,55603.1,3220.1,0.7856
16000.0,32503.9,16321.3,32960.0,0.7856
83842.2,20519.5,83996.8,20800.0,0.7856
26041.7,44251.6,26560.0,44690.8,0.7855
6901.4,64320.0,7038.0,64636.7,0.7854
55610.8,23407.4,56000.0,23471.7,0.7853
67012.9,10310.1,67200.0,10429.4,0.7853
71686.8,22340.6,72320.0,22712.2,0.7853
55177.5,23040.0,55262.2,23090.3,0.7852
100480.0,17602.0,100972.3,18048.4,0.7852
34880.0,9600.0,35048.5,9848.8,0.7851
59069.7,13357.9,59200.0,13674.3,0.7851
38095.3,17287.2,38717.9,17705.0,0.7851
32320.0,16640.3,32903.9,17118.4,0.7851
22731.4,59014.8,23358.4,59181.9,0.7850
105294.5,17602.6,105765.8,18020.1,0.7850
17923.5,59845.1,18313.5,60004.5,0.7849
80981.7,8000.0,81600.0,8439.3,0.7849
38519.0,30289.0,38637.3,30622.6,0.7849
72658.1,7360.0,73280.0,7665.7,0.7848
64391.1,18246.1,64487.9,18305.6,0.7848
33731.3,57061.9,34240.0,57209.2,0.7848
62489.9,9899.2,62720.0,10064.0,0.7848
50561.3,10881.9,50630.9,10966.1,0.7848
19520.4,28316.2,20084.5,28794.8,0.7847
18880.0,63365.2,19116.9,63576.8,0.7847
107869.1,17600.0,108433.1,18168.3,0.7847
62672.4,22538.1,63030.3,22603.9,0.7847
59125.1,6400.0,59198.1,6548.9,0.7847
79683.2,10634.0,79948.3,10974.0,0.7847
25895.4,37533.4,26240.0,37629.5,0.7847
76809.3,23343.6,77440.0,23680.0,0.7846
57280.0,6238.3,57615.6,6399.4,0.7846
19840.0,60174.3,19914.6,60334.7,0.7846
89447.9,8000.0,89552.3,8140.9,0.7845
71143.9,8643.2,71325.3,8686.9,0.7845
50120.0,7527.8,50368.1,7670.0,0.7845
100707.8,12500.4,100800.0,12538.5,0.7845
22727.2,28160.0,23360.0,28514.0,0.7845
32254.3,24312.9,32384.5,24512.6,0.7845
49584.6,21946.4,49920.0,22036.3,0.7845
24973.2,54532.4,25270.8,54946.3,0.7845
21501.9,45120.0,21874.3,45342.1,0.7845
56423.4,4345.0,56568.4,4439.2,0.7845
16815.0,41327.8,17179.6,41622.0,0.7844
99201.8,14522.9,99820.4,14710.3,0.7844
75520.0,11840.0,75849.0,12086.8,0.7844
105280.0,13786.3,105914.3,14192.7,0.7843
121775.1,25922.7,121919.0,26042.7,0.7843
23501.9,64151.0,23999.0,64316.7,0.7843
76484.8,14983.5,77120.0,15341.0,0.7842
51065.8,6316.6,51200.0,6361.9,0.7842
123840.0,30454.4,124206.2,31029.2,0.7841
98880.2,8400.0,99061.2,8640.0,0.7841
76804.0,13877.6,77005.5,14078.2,0.7841
35690.7,23027.4,35865.4,23360.0,0.7840
34577.3,56640.0,35189.9,57012.7,0.7840
47680.0,22569.8,48268.8,22712.0,0.7840
15948.0,62514.9,16000.0,62648.4,0.7840
32983.6,46436.2,33592.3,46984.4,0.7840
55680.6,18087.6,55860.0,18201.4,0.7840
46720.2,16339.5,46946.3,16782.1,0.7839
42240.0,20999.0,42366.9,21078.3,0.7839
70490.4,18787.4,70712.3,18985.4,0.7839
44815.5,22834.9,45440.0,23039.8,0.7838
34880.7,49934.8,35055.6,50188.0,0.7836
63375.8,14450.7,63896.2,14631.4,0.7836
97106.9,15538.9,97397.0,15680.0,0.7835
32358.9,58396.9,32945.9,58574.2,0.7835
24960.3,62732.7,25361.0,63078.4,0.7835
42880.0,10940.7,43494.6,11200.0,0.7835
23352.0,56709.0,23680.0,56905.4,0.7835
63680.0,18737.9,64307.6,19095.3,0.7835
40241.6,24674.9,40633.2,24958.7,0.7835
28308.9,38721.2,28480.0,38772.4,0.7834
69440.0,16322.5,70079.2,16729.2,0.7834
65280.0,6720.0,65446.9,6858.9,0.7834
32640.0,8766.0,33229.7,8955.1,0.7833
21857.9,49399.2,22400.0,49594.4,0.7833
31138.9,17325.6,31247.2,17488.1,0.7833
43140.8,21761.5,43520.0,21926.6,0.7832
59717.3,13779.6,59840.0,13821.6,0.7831
51692.3,21760.6,51773.8,21901.3,0.7830
12480.6,66560.0,12634.6,66784.4,0.7830
77023.1,17793.5,77382.5,18230.7,0.7829
66243.3,16116.3,66381.4,16320.0,0.7829
34565.3,9920.6,34811.7,10105.2,0.7829
97489.1,5888.8,97649.0,6146.5,0.7829
18454.1,64640.0,18644.4,64880.7,0.7829
22089.9,46431.7,22480.9,47034.9,0.7829
45440.2,16653.7,45677.0,16720.8,0.7827
51993.0,3577.6,52328.4,3648.3,0.7827
19486.4,44761.0,19604.2,45072.3,0.7827
87040.5,13333.9,87266.2,13440.0,0.7826
69294.8,8190.7,69436.2,8395.3,0.7826
76433.3,14861.2,76800.0,14947.6,0.7826
96960.0,15681.5,97128.0,15791.5,0.7826
22110.2,54410.9,22400.0,54490.4,0.7825
73312.6,9280.0,73920.0,9714.4,0.7825
66891.1,24802.2,67514.8,24955.4,0.7825
30720.0,59143.1,31162.7,59298.5,0.7825
104641.2,11927.4,104757.7,12259.3,0.7824
111362.9,25366.2,111990.2,25598.7,0.7824
38403.8,26892.7,38602.5,27336.4,0.7823
55545.7,22020.2,55847.4,22162.8,0.7823
86151.0,9230.7,86720.0,9368.0,0.7823
24930.7,38532.4,25200.0,38598.4,0.7822
16044.3,38082.2,16198.8,38127.0,0.7822
57280.6,23607.0,57368.6,23680.0,0.7822
37123.2,20708.1,37219.8,20800.0,0.7822
1280.5,67087.3,1469.1,67199.7,0.7821
22728.0,51735.6,23357.5,51972.5,0.7821
92823.8,16795.2,93440.0,17247.4,0.7821
119680.0,32664.3,120033.7,33270.0,0.7820
48004.5,10894.4,48212.8,11490.4,0.7820
89935.5,10925.4,90464.1,11493.4,0.7820
33130.2,8650.2,33280.0,8926.4,0.7819
72153.1,7792.2,72330.9,7845.9,0.7818
118234.7,24362.9,118400.0,24521.5,0.7818
56238.9,22022.6,56580.2,22152.3,0.7818
16000.0,38954.5,16471.8,39101.2,0.7817
128490.7,30183.3,128638.8,30289.6,0.7817
51522.0,10729.4,51914.4,11200.0,0.7817
55681.9,19520.0,55763.9,19666.2,0.7816
39040.0,20612.8,39505.4,20791.2,0.7816
21289.7,57600.0,21744.2,57839.4,0.7815
22635.5,56789.9,23029.4,57258.4,0.7815
97920.1,9824.9,98240.0,9914.1,0.7815
55321.9,16778.9,55399.7,17078.0,0.7814
97280.0,7526.7,97775.1,7673.9,0.7814
83789.0,20485.4,84141.1,20980.6,0.7813
17414.0,40628.8,17549.6,40960.0,0.7813
46080.0,20161.5,46449.4,20338.2,0.7813
73017.1,22402.5,73599.9,22556.3,0.7813
118895.5,24642.3,119040.0,24837.1,0.7813
85415.3,13199.8,85756.7,13389.3,0.7812
43707.2,22120.4,44055.4,22216.9,0.7812
50565.5,12800.0,50918.9,13185.9,0.7811
91868.6,13988.9,92160.0,14069.7,0.7811
38147.8,26343.2,38400.0,26433.1,0.7811
98092.0,15806.6,98240.0,15994.3,0.7811
29763.0,29452.6,29997.8,29860.2,0.7811
34758.2,50495.8,34857.5,50770.8,0.7810
23058.9,54382.3,23357.8,54718.9,0.7810
20886.4,47040.0,21120.0,47195.3,0.7810
101710.5,6919.2,102080.0,7032.6,0.7809
58560.0,17872.1,58686.6,17917.9,0.7809
32329.3,23360.0,32384.1,23520.8,0.7808
38899.3,8960.7,39039.4,9131.4,0.7808
35926.7,40350.6,36160.0,40507.1,0.7808
20811.7,39109.6,21107.6,39359.2,0.7808
32046.6,36160.0,32640.0,36546.3,0.7807
107520.0,17299.8,108106.7,17834.1,0.7806
93615.8,13120.0,93759.5,13327.1,0.7806
84973.5,9601.4,85428.2,9824.1,0.7806
79169.7,9852.4,79658.7,10233.1,0.7806
107556.0,15758.2,108115.9,16320.0,0.7805
59864.8,8223.1,60475.9,8629.1,0.7805
33922.0,20163.3,34373.7,20358.5,0.7805
5328.5,66272.9,5523.7,66358.3,0.7805
87042.0,10712.1,87181.4,10880.0,0.7804
21700.1,61800.3,22069.3,62389.1,0.7804
52487.5,9289.4,52694.4,9473.0,0.7804
31045.9,38816.3,31680.0,39007.8,0.7803
95696.9,14253.4,96301.4,14406.5,0.7803
96385.6,9718.1,96559.9,9858.4,0.7803
78085.1,13750.4,78463.6,14053.2,0.7802
36556.8,20309.2,36800.0,20506.7,0.7802
17920.0,38730.4,18510.4,38880.2,0.7802
50251.3,23064.9,50880.0,23280.1,0.7802
53380.0,22368.1,53760.0,22477.6,0.7802
61239.5,19995.3,61439.1,20100.5,0.7801
26470.3,33387.0,26579.8,33704.0,0.7801
90890.1,14470.4,91513.5,14614.8,0.7801
42894.1,18281.6,43241.8,18845.2,0.7801
86915.8,10560.0,87040.0,10932.3,0.7799
78084.4,14721.3,78461.2,14879.5,0.7799
98279.2,9938.6,98880.0,10208.2,0.7799
58709.6,11219.5,58847.6,11506.2,0.7799
6772.4,61509.3,7358.5,61658.0,0.7798
22085.3,39041.4,22303.0,39106.3,0.7797
38150.5,11858.2,38315.4,11896.0,0.7797
22088.4,46734.1,22501.0,47038.5,0.7796
100498.8,12163.8,100714.5,12296.7,0.7796
90207.7,10052.9,90552.6,10118.6,0.7796
105600.0,11345.6,105743.1,11520.0,0.7795
34808.0,23296.4,34880.0,23451.3,0.7795
34265.5,22578.4,34541.5,23004.5,0.7795
79362.2,18223.3,79467.1,18517.9,0.7794
33280.0,38499.9,33898.9,38720.0,0.7793
79434.5,9080.7,79621.7,9145.3,0.7793
53038.5,8243.6,53164.2,8551.8,0.7792
81147.3,8320.8,81280.0,8411.5,0.7792
86080.9,17659.4,86239.6,17868.8,0.7791
98747.4,16960.0,98879.3,17202.8,0.7791
80000.0,17921.9,80256.4,17989.5,0.7790
24777.6,34885.3,24960.0,35072.8,0.7790
20669.8,60809.0,21119.0,61262.7,0.7790
29923.6,39973.1,30071.4,40229.0,0.7790
52003.4,5489.3,52158.5,5760.0,0.7790
58715.6,19863.1,59183.9,20318.2,0.7790
94080.0,13894.6,94705.5,14076.1,0.7790
12542.6,65983.4,12773.4,66076.8,0.7788
116480.0,29328.2,117041.9,29755.0,0.7788
101836.4,16388.5,102077.3,16525.8,0.7788
105920.0,9656.7,106213.1,10240.0,0.7788
27994.7,51375.3,28160.0,51534.5,0.7788
107570.3,8965.2,107963.0,9168.9,0.7787
33634.3,60810.7,34227.0,61369.2,0.7787
31947.8,24902.7,32311.6,24960.0,0.7786
123842.3,38085.1,124161.1,38517.6,0.7786
85182.8,19221.9,85750.8,19717.4,0.7785
46963.3,20000.3,47037.0,20126.2,0.7785
74705.9,11523.5,74787.2,11650.4,0.7785
19867.9,36169.9,20386.5,36399.4,0.7785
113925.6,25715.8,114508.4,26240.0,0.7784
70730.7,7360.0,71360.0,7617.5,0.7783
47051.8,10084.2,47482.9,10233.5,0.7783
124018.5,36923.9,124159.9,37183.2,0.7783
34560.0,57981.0,35030.1,58160.6,0.7782
31239.5,16507.9,31347.6,16769.0,0.7782
81323.2,8000.0,81920.0,8528.8,0.7782
52800.0,18373.8,53072.2,18666.1,0.7781
18475.0,34933.1,18878.3,35117.2,0.7780
24799.4,31117.4,24903.7,31442.7,0.7779
27416.7,46675.5,27589.4,46715.5,0.7778
73353.0,18652.0,73480.5,18821.8,0.7778
51259.6,22010.5,51464.3,22053.7,0.7777
60285.3,11856.2,60465.7,12088.7,0.7777
95680.0,5558.7,96069.8,6080.0,0.7777
102002.8,11200.0,102292.5,11353.4,0.7776
27279.1,36007.4,27826.3,36357.7,0.7776
122293.9,28939.4,122782.8,29423.6,0.7775
77440.0,23226.6,77705.1,23360.0,0.7775
47041.3,13128.4,47295.4,13442.7,0.7773
35867.9,8321.5,36480.0,8497.6,0.7773
19521.0,33221.5,19798.1,33583.1,0.7773
34560.0,21069.9,35100.9,21218.5,0.7773
35616.2,11720.1,35838.6,11892.1,0.7772
57846.7,18998.6,58236.3,19088.6,0.7772
10902.4,67284.9,11513.3,67839.0,0.7772
35867.4,58603.2,36382.9,59184.7,0.7772
35889.7,22080.0,36003.4,22420.4,0.7771
37440.0,21519.1,37571.1,21697.8,0.7770
71046.8,12135.8,71537.6,12480.0,0.7770
31043.6,29804.6,31189.7,30026.7,0.7769
75914.9,15814.0,76480.0,15990.8,0.7769
32002.2,50560.0,32137.6,50883.1,0.7768
67840.0,19890.4,67988.6,20149.6,0.7768
47459.3,18650.9,47992.4,19200.0,0.7767
38450.0,11432.3,39039.8,11580.3,0.7767
49920.0,22515.6,50547.6,22690.4,0.7767
36800.0,8136.9,37440.0,8484.1,0.7767
30080.0,28885.0,30282.5,29120.0,0.7767
42242.6,16516.7,42482.3,16638.7,0.7766
31922.0,31890.7,32141.3,31999.9,0.7766
43532.4,8322.4,44160.0,8666.6,0.7766
34880.6,17365.3,35200.0,17463.4,0.7766
3840.0,64671.1,4115.5,65003.6,0.7766
33134.1,28173.7,33280.0,28493.9,0.7765
39360.0,17950.9,39469.8,18002.8,0.7765
35211.3,20770.0,35707.6,20948.6,0.7765
16737.0,68480.0,16916.8,68609.8,0.7765
23695.7,41532.8,24320.0,41920.0,0.7764
33651.7,51340.1,34240.0,51756.2,0.7764
100800.0,6490.2,101424.1,6666.8,0.7764
66896.5,15701.3,67520.0,16103.4,0.7764
84801.9,19762.7,84886.7,19840.0,0.7763
17464.7,36480.2,17918.7,36670.9,0.7763
59134.3,8531.5,59230.5,8640.0,0.7763
21122.2,60802.7,21185.6,60940.4,0.7763
47040.0,11298.6,47665.8,11651.5,0.7763
62720.0,22551.6,63349.1,22861.8,0.7762
19059.2,67120.9,19200.0,67411.2,0.7761
20214.0,69463.3,20473.4,69758.9,0.7761
76803.3,16471.4,77003.3,16639.9,0.7761
94407.1,14102.6,95040.0,14299.5,0.7759
18891.1,57387.1,19520.0,57543.6,0.7759
44150.2,22171.6,44480.0,22268.2,0.7758
72483.0,12956.4,72638.8,13119.9,0.7758
34463.8,40816.9,34613.3,40893.9,0.7757
52243.5,837.1,52480.0,955.9,0.7757
23993.4,46548.4,24320.0,46683.1,0.7756
23281.1,41637.9,23658.2,42084.7,0.7755
84487.1,9920.0,84687.0,10484.3,0.7755
8960.0,60191.6,9600.0,60557.9,0.7755
43520.0,8964.4,43801.7,9165.2,0.7754
94080.0,7783.0,94587.0,7929.4,0.7754
122240.0,36276.1,122544.7,36479.7,0.7754
58930.3,21992.2,59520.0,22141.1,0.7754
71648.4,8960.0,71834.8,9155.3,0.7754
32878.6,23487.4,33093.5,23679.6,0.7753
43897.4,8534.9,44152.2,8638.6,0.7752
45716.4,16000.0,45758.2,16142.5,0.7752
25930.5,59871.2,26268.3,60472.9,0.7752
64002.3,16803.9,64346.8,17273.2,0.7751
28480.0,43193.1,28717.7,43509.8,0.7751
34681.4,22140.5,34875.4,22376.6,0.7750
25286.1,58738.5,25609.5,59188.0,0.7750
62082.5,6805.3,62225.8,7040.0,0.7749
77802.9,14751.2,78386.6,14908.9,0.7749
22091.4,48323.0,22525.4,48600.0,0.7749
103823.8,19202.8,103993.3,19429.9,0.7749
32962.4,48000.6,33293.9,48579.4,0.7748
108921.0,19337.7,109116.5,19492.7,0.7748
47386.8,23157.8,47680.0,23234.9,0.7748
33319.8,60446.0,33512.4,60524.2,0.7747
46464.9,16170.3,46869.5,16638.3,0.7747
21489.1,49075.8,22050.4,49263.1,0.7746
58244.5,5568.7,58575.0,5818.1,0.7746
48649.7,13894.6,48997.6,14400.0,0.7745
33631.2,40860.8,33775.6,40913.4,0.7745
28480.0,54035.0,28740.5,54394.1,0.7744
64559.5,18232.2,64731.3,18361.9,0.7744
122242.7,28190.3,122368.5,28480.0,0.7744
84253.1,13442.9,84800.0,13679.6,0.7744
60062.9,9280.8,60471.4,9491.7,0.7744
86403.4,10569.7,86613.8,10855.1,0.7744
47045.9,14403.3,47544.4,14725.2,0.7743
81922.4,13760.0,82560.0,14057.2,0.7743
85137.7,7044.6,85760.0,7464.4,0.7742
76944.8,14635.3,77006.9,14720.2,0.7742
4166.2,67555.4,4792.3,67838.6,0.7741
66968.6,20178.7,67493.3,20690.5,0.7741
57534.2,7015.0,57644.8,7213.6,0.7739
89054.6,14195.1,89277.0,14400.0,0.7739
83530.9,19523.5,83919.5,19712.2,0.7739
334.7,64000.0,960.0,64474.7,0.7738
106944.3,20192.4,107431.0,20797.3,0.7737
17799.2,33641.2,18239.9,33821.8,0.7737
24702.3,33911.9,25280.0,34240.0,0.7736
102083.6,11520.0,102284.0,11828.9,0.7736
108328.1,22080.0,108480.0,22461.1,0.7736
39594.9,17175.9,39879.8,17270.8,0.7736
34560.0,41357.9,34877.5,41920.0,0.7736
18255.3,30881.7,18880.0,31030.1,0.7735
56000.0,17475.7,56276.4,17588.4,0.7735
37762.5,20800.0,37870.2,20958.1,0.7734
40304.9,8216.7,40609.4,8283.1,0.7734
128277.0,31046.4,128463.7,31222.6,0.7733
38722.4,34353.2,38917.8,34448.1,0.7733
76546.4,17126.3,76800.0,17278.4,0.7733
21332.5,42681.0,21744.8,43043.9,0.7732
56279.4,12915.7,56355.0,13019.5,0.7732
19840.0,30125.4,20197.0,30302.7,0.7731
54402.4,3840.0,54545.8,4129.4,0.7731
32645.4,46871.2,32729.4,47116.3,0.7731
31680.4,53568.0,32300.8,54060.7,0.7730
34022.3,40004.3,34237.2,40170.7,0.7730
63919.7,22389.1,64280.2,22460.6,0.7730
32371.0,17129.6,32582.4,17203.3,0.7729
106255.6,18776.1,106668.9,19199.3,0.7727
70888.8,15916.0,71035.4,16000.0,0.7726
2479.7,65607.4,2559.4,65772.9,0.7726
55059.2,22506.9,55680.0,22943.3,0.7725
114756.4,26006.6,114836.7,26102.9,0.7724
57616.1,7892.1,57801.5,8000.0,0.7724
16812.5,65924.4,16883.6,66047.9,0.7724
53376.9,21961.7,53760.0,22073.9,0.7724
99527.0,14528.6,100124.5,14700.9,0.7723
36010.3,26002.4,36443.6,26277.6,0.7722
4805.2,60800.4,4999.3,61119.0,0.7722
44468.9,8663.6,44800.0,8782.8,0.7722
106880.0,20480.0,107390.9,20885.3,0.7721
105028.8,13451.5,105137.2,13760.0,0.7721
25602.7,41035.9,25705.1,41217.9,0.7721
81791.6,21021.2,81918.9,21120.0,0.7720
30450.3,38568.6,31040.0,38707.0,0.7720
94349.6,14004.7,94720.0,14080.0,0.7720
40035.0,21654.5,40317.4,21827.0,0.7719
63040.0,20320.2,63160.9,20480.0,0.7719
40577.8,21764.1,40960.0,21843.9,0.7719
22712.6,38645.7,23040.0,38718.0,0.7718
68414.5,22423.4,68800.0,22521.5,0.7718
89920.0,8557.3,90481.4,8704.8,0.7718
17126.4,30100.5,17259.5,30283.6,0.7717
45900.1,12211.6,46080.0,12253.0,0.7717
96977.5,5120.0,97600.0,5502.8,0.7717
101440.0,10576.4,102051.5,10929.2,0.7717
34997.4,36849.4,35175.3,37120.0,0.7716
67844.2,22265.9,68067.2,22395.8,0.7716
97949.4,14735.4,98548.8,14907.3,0.7715
18240.0,27944.8,18864.4,28478.2,0.7715
16228.4,34830.3,16320.0,34968.6,0.7715
12164.4,63030.2,12800.0,63356.1,0.7714
98036.0,7013.9,98558.1,7168.6,0.7714
35840.0,38514.7,36445.7,38697.3,0.7714
53762.6,2458.5,53853.5,2550.9,0.7713
33260.5,54433.4,33329.9,54528.9,0.7713
104380.6,13862.4,104960.0,14077.0,0.7712
107202.5,18125.9,107267.7,18254.9,0.7712
25078.4,61445.1,25277.1,61656.9,0.7712
102761.7,12390.6,103040.0,12463.3,0.7712
19200.0,44800.0,19393.4,44943.9,0.7711
101120.0,7012.1,101587.1,7179.6,0.7711
61374.2,4390.9,61556.7,4480.0,0.7710
38080.9,56297.8,38720.0,56618.9,0.7710
48652.6,23854.1,49280.0,24296.5,0.7709
34560.0,19200.0,34790.2,19357.0,0.7708
40738.7,30084.7,40958.1,30461.0,0.7707
35311.8,54602.8,35423.8,54882.9,0.7707
32805.7,43656.1,33269.6,43833.3,0.7707
55482.5,12888.9,55675.6,13119.2,0.7707
45091.4,22280.3,45440.0,22374.0,0.7706
38498.4,17920.0,39029.6,18436.2,0.7704
52480.0,19200.0,52715.0,19353.2,0.7704
68163.2,16135.3,68800.0,16493.2,0.7703
86720.0,8953.6,87336.2,9114.2,0.7703
24005.6,64496.0,24639.1,64960.0,0.7702
30902.9,30599.6,31038.3,30720.0,0.7702
51202.9,15688.8,51474.4,16255.5,0.7702
43022.0,15297.2,43200.0,15430.0,0.7702
42823.4,10939.5,43188.6,11190.4,0.7702
66668.1,21135.7,66789.8,21349.5,0.7702
6417.7,60186.8,7040.0,60534.3,0.7702
97612.6,14720.0,98237.2,15114.4,0.7702
64140.3,15456.1,64216.9,15524.8,0.7701
92164.5,11523.2,92799.3,11823.5,0.7700
2245.8,63821.8,2597.3,64320.0,0.7700
32696.5,48325.2,33264.9,48580.6,0.7700
95042.0,9672.0,95197.6,9920.0,0.7699
74570.4,22052.4,75194.5,22235.5,0.7699
29961.3,43840.0,30078.2,44044.3,0.7698
54080.0,22550.0,54708.9,22901.0,0.7698
120026.4,37838.5,120638.7,38388.7,0.7698
38396.5,19520.0,38694.9,19666.6,0.7697
31680.0,45131.2,32105.3,45389.5,0.7697
79527.2,20035.1,79679.2,20157.9,0.7697
41602.9,8372.2,42029.5,8957.4,0.7697
31680.0,53600.9,32288.9,53756.3,0.7696
33744.9,48000.0,33915.5,48386.0,0.7696
69294.8,23042.7,69419.5,23141.5,0.7696
47680.0,22233.7,48300.3,22397.6,0.7696
30350.7,61327.3,30720.0,61436.6,0.7695
39249.7,42885.0,39452.9,43464.6,0.7695
27522.5,37769.3,27720.1,37970.0,0.7695
26723.3,57926.0,27193.4,58110.5,0.7695
20019.9,68958.4,20159.2,69106.5,0.7694
65768.2,17609.2,65824.8,17732.0,0.7693
104987.1,8046.7,105524.7,8640.0,0.7693
42180.0,16158.7,42237.0,16285.9,0.7693
16005.0,42392.1,16640.0,42553.4,0.7693
123200.0,29622.9,123457.0,29760.0,0.7692
37994.7,32321.6,38105.6,32612.7,0.7692
40328.3,15078.8,40516.7,15679.9,0.7691
29125.2,40329.6,29336.2,40775.0,0.7690
21301.3,43036.6,21745.3,43478.0,0.7690
41971.0,9606.3,42144.9,9909.1,0.7689
73409.5,17764.3,73600.0,17917.6,0.7689
62754.6,20800.6,63104.2,20893.7,0.7689
17758.0,40737.8,17920.0,40935.9,0.7689
99201.4,9648.9,99719.6,9964.7,0.7688
51008.6,826.5,51200.0,944.8,0.7688
64032.7,18578.3,64640.0,18880.0,0.7688
124484.4,31406.2,124653.0,31680.0,0.7688
97284.7,13248.2,97894.4,13741.3,0.7688
18240.9,34514.7,18354.5,34759.0,0.7688
36800.0,26730.4,37412.1,27112.3,0.7688
33977.3,29440.0,34192.0,29505.1,0.7688
24652.5,31677.8,24769.6,31792.0,0.7687
56976.9,22444.2,57280.0,22559.9,0.7687
27668.6,48218.4,27925.7,48320.0,0.7686
107935.9,9280.0,108480.0,9438.7,0.7685
37040.6,45783.1,37152.2,46080.0,0.7684
42258.7,10881.7,42370.9,11014.8,0.7683
74289.3,7692.6,74880.0,7841.4,0.7682
44665.5,19233.7,44795.8,19325.1,0.7682
37056.1,11525.1,37431.2,11646.4,0.7682
24960.0,61761.5,25355.8,62080.0,0.7682
35521.1,45452.1,35673.2,45726.4,0.7681
35161.4,28635.9,35520.0,29120.0,0.7681
4819.1,60160.0,5436.9,60519.9,0.7681
78149.7,17942.9,78283.3,18230.0,0.7680
26263.1,48543.4,26874.1,48949.7,0.7680
34169.3,40913.8,34235.6,41022.6,0.7680
52195.2,22124.2,52800.0,22280.4,0.7679
56968.7,22718.0,57416.9,22960.0,0.7679
100178.7,19612.5,100800.0,20098.1,0.7679
107626.0,21961.0,108160.0,22400.0,0.7679
17600.0,60069.8,17941.9,60160.0,0.7679
67060.2,6720.8,67198.0,6945.8,0.7679
32995.6,14401.6,33589.7,14612.5,0.7678
32649.0,20426.2,32791.4,20480.0,0.7677
99848.8,19536.8,100480.0,19840.0,0.7676
36480.4,21226.7,36963.9,21409.4,0.7676
56038.7,6728.1,56640.0,7227.7,0.7676
65920.0,15197.0,66261.3,15356.5,0.7676
104642.3,15810.7,104938.8,15997.0,0.7676
32960.4,52190.3,33120.8,52479.6,0.7675
20181.3,49600.0,20800.0,49950.8,0.7675
122761.8,29324.6,122879.4,29440.0,0.7675
98888.7,10140.5,99147.1,10240.0,0.7674
43851.6,22706.1,44480.0,23040.0,0.7674
84481.1,8202.2,84857.2,8629.1,0.7673
48961.4,22960.3,49054.9,23149.7,0.7673
32933.9,40529.0,32995.2,40640.0,0.7673
48000.0,9390.3,48433.2,9528.7,0.7672
100826.0,18243.4,100998.2,18447.1,0.7672
87294.2,8991.1,87680.0,9076.8,0.7672
68023.6,7744.5,68160.0,7802.1,0.7671
88640.0,15507.1,89201.9,15676.8,0.7671
118720.3,24428.4,118824.7,24566.0,0.7670
32140.0,57923.5,32320.0,58039.3,0.7669
126583.3,33353.1,127037.7,33920.0,0.7667
22614.4,64640.3,23017.0,64748.7,0.7667
96583.3,10039.8,96640.0,10222.1,0.7666
34882.7,25440.7,34954.7,25575.9,0.7666
122747.7,29265.4,123172.0,29438.1,0.7666
89281.5,13585.0,89428.4,13760.0,0.7666
107984.2,19521.0,108466.0,19903.0,0.7663
95040.0,10966.6,95655.5,11342.3,0.7663
30403.5,35938.9,30472.9,36045.8,0.7663
36394.5,35840.0,36737.1,36131.3,0.7662
21440.0,45763.9,21764.0,45840.2,0.7661
89285.4,12160.0,89807.7,12391.6,0.7661
54624.6,19173.5,54753.2,19271.4,0.7661
68160.0,20734.0,68475.0,20821.3,0.7659
90240.0,8489.3,90834.5,8631.4,0.7659
38931.1,25280.0,39039.3,25577.0,0.7658
103843.5,12808.3,103998.5,13043.7,0.7658
109691.9,17920.0,109760.0,18009.2,0.7658
49920.0,22926.0,50110.6,23035.0,0.7657
18721.4,65756.0,18880.0,65913.4,0.7656
23058.5,57305.6,23680.0,57727.0,0.7655
5440.0,67746.6,5693.5,67817.5,0.7655
38108.4,13589.8,38517.3,13960.4,0.7655
61846.3,16613.1,62080.0,16684.7,0.7654
26152.2,44863.9,26319.5,45120.0,0.7654
19421.6,61018.7,19654.3,61114.7,0.7654
5778.7,60161.3,6400.0,60493.7,0.7654
99520.0,5154.1,100105.5,5491.8,0.7654
19898.8,37806.9,20084.0,37970.8,0.7653
32629.7,57066.1,32863.9,57208.0,0.7653
122223.6,29443.8,122515.4,29586.8,0.7652
6729.8,60183.9,7360.0,60539.9,0.7652
72155.1,23125.8,72255.9,23190.9,0.7652
53449.8,9162.7,53758.1,9588.1,0.7651
102080.0,5228.4,102516.2,5385.7,0.7650
62540.5,16563.0,62719.6,16638.0,0.7650
48014.6,8960.0,48640.0,9225.4,0.7650
26406.9,35201.0,26560.0,35444.9,0.7649
36765.0,41029.3,36931.8,41280.0,0.7649
50888.9,20665.8,51057.7,20912.7,0.7649
102319.4,12481.1,102393.8,12592.2,0.7648
2712.4,66244.6,2847.3,66427.3,0.7647
56035.6,1920.0,56640.0,2343.4,0.7647
21440.5,38875.6,21630.2,39033.6,0.7647
50296.0,19245.5,50861.0,19823.3,0.7646
77760.0,22021.7,78110.0,22080.0,0.7646
48000.0,18616.6,48255.6,19166.5,0.7646
39680.0,31687.9,40013.4,32040.5,0.7645
73941.8,22156.1,74547.0,22324.8,0.7645
102250.3,10207.7,102718.0,10416.6,0.7645
99308.5,15481.5,99519.0,15610.8,0.7643
44028.9,15361.3,44160.0,15553.2,0.7643
50240.0,22760.6,50838.9,23117.2,0.7642
42248.4,10675.2,42560.0,10809.1,0.7641
77766.9,21230.7,78400.0,21463.7,0.7641
4181.2,65013.7,4476.1,65466.3,0.7641
52161.9,18435.2,52331.9,18720.7,0.7641
24668.9,44284.6,24960.0,44407.7,0.7641
18045.3,42645.0,18559.1,42875.2,0.7640
53040.4,13825.6,53115.3,14080.0,0.7640
27840.0,43935.0,28360.6,44094.3,0.7639
60564.4,7135.8,60797.0,7512.6,0.7638
98880.0,6696.9,99409.8,6856.4,0.7638
43700.9,20811.9,43840.0,21010.1,0.7637
31680.0,53408.0,32291.9,53713.9,0.7636
40976.6,21768.6,41597.6,21925.6,0.7634
41619.2,23143.5,42233.8,23680.0,0.7634
76496.4,23159.2,77119.5,23680.0,0.7634
24642.2,29905.6,25252.7,30075.6,0.7634
24216.1,49660.8,24317.2,49920.0,0.7634
25920.5,53772.8,26280.3,54065.2,0.7633
125445.8,30428.4,126078.1,30704.7,0.7633
37173.2,16965.3,37760.0,17177.8,0.7632
79627.0,8005.3,79998.1,8199.5,0.7632
86095.6,7040.0,86720.0,7464.6,0.7632
23465.5,39251.9,23714.2,39323.0,0.7631
25270.3,56963.9,25587.1,57438.7,0.7631
39113.1,26240.0,39231.5,26573.8,0.7631
48960.9,12800.0,49121.1,13123.6,0.7630
54080.0,3851.5,54388.0,4159.1,0.7630
88577.4,7525.9,88638.5,7676.7,0.7630
35541.3,28484.7,36115.1,28902.4,0.7629
36476.5,51840.0,36591.0,52143.9,0.7628
32616.8,20802.7,32960.0,20909.1,0.7628
50957.2,2163.3,51073.0,2240.0,0.7628
46495.4,21815.1,46770.9,21891.0,0.7627
93772.1,10830.9,94400.0,11154.4,0.7627
36070.7,21701.3,36265.3,21817.0,0.7625
38081.0,34664.3,38217.5,34875.3,0.7625
37254.6,22781.5,37714.0,23360.0,0.7625
96703.6,13451.1,96960.0,13523.7,0.7625
11961.6,66984.2,12160.0,67231.2,0.7624
24702.8,43808.0,24876.3,43840.0,0.7624
100160.0,7040.0,100747.9,7290.8,0.7624
92160.0,16856.0,92800.0,17273.9,0.7624
68530.5,7360.0,68793.8,7528.6,0.7623
25596.3,42767.3,25849.7,43200.0,0.7622
51200.0,22951.1,51702.6,23145.9,0.7622
45909.6,10391.9,45976.2,10503.1,0.7622
19210.6,48355.3,19652.9,48772.4,0.7621
53541.2,12430.1,53717.0,12470.9,0.7620
122566.2,36638.0,122769.3,36797.7,0.7620
101440.0,14497.4,102074.6,14719.7,0.7620
52365.9,1336.1,52534.3,1600.0,0.7620
40961.4,19543.8,41169.6,20154.1,0.7620
27324.0,34570.1,27840.0,34750.6,0.7620
50544.2,16745.7,50880.0,16874.9,0.7619
87572.5,17185.2,87679.0,17280.0,0.7619
26434.2,45286.9,26495.6,45454.6,0.7619
28483.3,34574.3,28747.2,34752.6,0.7619
8963.8,60480.0,9600.0,60867.8,0.7619
34215.7,11861.7,34548.0,12094.6,0.7618
82561.5,8320.0,83044.1,8825.4,0.7618
28877.6,33398.6,29004.3,33598.3,0.7618
86400.0,9222.5,86531.9,9277.1,0.7617
66424.7,10137.8,66560.0,10344.7,0.7615
91847.0,14276.1,92480.0,14426.2,0.7614
39680.0,31371.0,40138.6,31957.7,0.7614
52182.3,5760.0,52638.4,6000.2,0.7614
24640.0,63290.8,24878.0,63671.4,0.7613
93941.2,10097.1,93985.0,10239.0,0.7613
44160.0,14661.7,44441.6,14720.0,0.7613
35017.6,19093.6,35198.6,19387.3,0.7612
99216.7,5120.0,99840.0,5499.5,0.7612
59435.1,9928.3,59713.6,10093.9,0.7612
17179.6,67623.5,17280.0,67827.7,0.7611
35203.8,16965.1,35423.3,17127.2,0.7610
61128.8,9355.5,61621.4,9904.7,0.7610
87684.3,7757.1,87832.6,8000.0,0.7610
101467.8,11988.8,101760.0,12153.4,0.7609
93760.0,8792.7,94203.2,8954.9,0.7608
53324.4,1924.8,53440.0,2183.4,0.7608
119197.3,25920.0,119671.8,26354.0,0.7608
18819.9,28929.4,19176.2,29440.0,0.7607
60745.2,21978.8,61120.0,22075.8,0.7606
22009.2,45408.4,22345.0,45760.0,0.7606
58299.0,24134.2,58880.0,24314.5,0.7606
108007.8,12800.0,108158.6,13135.6,0.7606
37796.1,52550.2,38011.9,52776.3,0.7604
55451.3,20257.6,55536.2,20480.0,0.7604
52002.3,18371.2,52158.1,18724.6,0.7604
25200.8,32872.5,25426.9,32953.0,0.7604
18248.5,52365.9,18880.0,52773.7,0.7604
25727.5,39677.5,25912.7,39746.6,0.7604
125453.1,31206.5,125866.2,31669.0,0.7603
51402.1,3059.9,51549.0,3203.1,0.7603
97920.0,9922.6,98289.9,10139.4,0.7603
64640.8,7040.0,64710.8,7155.3,0.7602
68480.0,22105.7,69024.3,22263.0,0.7602
31365.6,38805.1,32000.0,39003.2,0.7602
105288.2,5952.2,105920.0,6139.1,0.7601
94724.1,11525.7,95040.0,11627.0,0.7601
38320.0,10099.9,38512.1,10240.0,0.7601
31682.5,51200.1,31846.4,51469.3,0.7601
34240.0,18934.6,34847.6,19361.0,0.7601
34624.2,14400.0,35199.7,14909.1,0.7601
34240.0,38560.5,34867.2,38945.4,0.7600
125974.7,32121.0,126397.6,32640.0,0.7599
29320.4,52164.2,29451.6,52479.3,0.7598
38464.1,46094.3,38833.0,46332.3,0.7597
17006.3,35202.5,17142.5,35303.9,0.7596
98254.2,19037.3,98880.0,19516.7,0.7596
24513.8,37120.0,24624.0,37385.9,0.7596
53372.7,23445.6,53760.0,23518.7,0.7595
7444.5,66656.1,7506.0,66780.5,0.7593
19520.0,38679.6,20021.7,38863.9,0.7593
20480.0,44265.4,21120.0,44693.7,0.7593
33282.0,41145.9,33446.7,41398.7,0.7593
66579.2,9604.2,66762.7,9812.5,0.7592
40960.0,18610.8,41219.4,19200.0,0.7592
21445.5,49892.7,21910.0,50240.0,0.7591
36712.7,15933.8,36776.6,16043.3,0.7591
31070.7,38568.2,31680.0,38711.4,0.7591
10241.8,61492.6,10429.4,61760.0,0.7591
69765.2,16087.8,70400.0,16430.7,0.7590
77355.1,14671.9,77756.9,14766.0,0.7590
47885.5,12485.8,48285.0,12764.2,0.7589
48722.9,10288.8,49209.0,10880.0,0.7589
99626.4,13762.0,99836.8,13941.2,0.7589
74489.3,12395.3,74663.4,12639.7,0.7589
58562.2,9010.0,58795.4,9173.5,0.7588
76947.1,16838.8,77048.2,17011.1,0.7588
28480.0,56003.5,28756.5,56344.0,0.7588
59840.5,13820.3,59988.4,13944.2,0.7588
35134.2,27522.7,35270.8,27685.5,0.7587
23040.0,28160.0,23680.0,28455.1,0.7587
68901.0,16705.7,69120.0,17280.0,0.7587
16457.4,68482.2,16677.0,68522.6,0.7586
40002.6,15688.0,40270.2,16047.6,0.7586
96960.4,12818.3,97149.6,13028.0,0.7585
80364.2,11418.3,80639.7,11840.0,0.7585
106561.2,7362.5,106870.6,7427.1,0.7584
33600.0,20169.5,34149.1,20333.7,0.7584
93441.1,15040.0,93596.2,15205.4,0.7584
95718.2,7441.4,96308.4,7630.4,0.7584
91122.8,9293.3,91218.8,9524.9,0.7584
58750.4,5760.0,58879.7,5862.9,0.7583
6573.0,66508.8,6720.0,66880.0,0.7582
81699.3,14322.6,81920.0,14398.4,0.7582
56121.7,16342.6,56317.6,16485.8,0.7582
9287.3,60166.3,9920.0,60578.6,0.7582
61773.9,4160.0,62400.0,4615.2,0.7581
39360.0,15795.5,39603.0,16319.6,0.7581
72320.0,8960.0,72660.6,9231.3,0.7581
44328.5,21284.6,44783.7,21430.1,0.7581
35922.5,11526.0,36465.4,11698.7,0.7580
37784.8,12806.8,37851.0,12973.1,0.7580
36860.9,38400.0,36936.9,38656.7,0.7580
45194.4,17601.2,45368.0,17762.3,0.7580
98225.1,14764.7,98560.0,14914.8,0.7580
91529.4,14486.1,92152.7,14698.8,0.7579
16905.9,59240.7,17279.5,59390.8,0.7579
42241.5,12160.0,42354.9,12372.4,0.7578
33449.6,51538.1,33598.0,51810.2,0.7578
56320.0,21860.5,56929.6,22070.9,0.7577
99338.0,11841.2,99585.8,11909.8,0.7575
99145.4,11496.4,99338.2,11582.4,0.7574
46403.3,12480.2,46594.6,12621.5,0.7574
114733.9,21440.3,114878.1,21684.3,0.7574
32140.3,22879.2,32456.9,22965.3,0.7574
27520.0,38571.7,28072.8,38716.8,0.7573
62506.2,22082.5,62720.0,22128.3,0.7573
46688.7,22779.4,47034.9,22844.9,0.7573
42120.3,19098.7,42240.0,19200.0,0.7573
28383.7,33282.9,28788.0,33369.5,0.7572
83153.7,9031.7,83513.5,9349.8,0.7572
72130.2,15669.5,72472.5,15732.3,0.7571
69772.7,22400.0,70400.0,22712.4,0.7571
35265.8,51080.8,35353.6,51145.7,0.7570
89540.5,19871.6,89614.6,19954.0,0.7569
18370.7,51557.2,18880.0,51941.0,0.7568
72042.0,15631.6,72640.0,15956.4,0.7568
35849.5,28123.2,36249.2,28472.3,0.7568
42266.0,18369.6,42880.0,18554.7,0.7568
104657.2,15166.4,104958.1,15287.6,0.7567
104071.1,13733.1,104145.2,13907.4,0.7567
85091.0,8103.3,85440.0,8319.7,0.7567
38356.7,31360.0,38474.7,31562.6,0.7567
21370.7,59337.6,21754.1,59516.9,0.7566
62007.5,9926.2,62388.2,10347.9,0.7566
66860.3,10093.6,67200.0,10194.6,0.7565
50532.4,13372.1,50876.6,13452.7,0.7565
33920.0,57073.4,34457.4,57247.9,0.7565
72324.3,10278.3,72567.0,10599.4,0.7564
68802.2,13754.3,69018.2,14069.4,0.7563
90700.1,16739.0,91193.2,16951.3,0.7563
45202.9,17302.7,45364.5,17600.0,0.7562
71928.6,22688.8,72318.1,22770.0,0.7562
1924.1,64713.0,2095.8,64960.0,0.7562
29518.1,60237.4,30080.0,60771.6,0.7562
101300.0,10274.7,101378.1,10560.0,0.7562
31841.4,53229.5,31997.0,53429.5,0.7561
39205.7,9495.6,39358.0,9635.9,0.7561
49532.7,22435.1,49911.3,22502.1,0.7561
39041.6,14140.0,39187.5,14398.1,0.7561
21204.7,53117.5,21388.2,53440.0,0.7561
33674.0,14139.4,33920.0,14228.9,0.7560
16006.3,30400.0,16320.0,30558.8,0.7560
32640.0,22558.0,33232.0,22715.2,0.7560
55360.3,22724.5,55975.1,22885.3,0.7560
29460.9,42306.4,30062.4,42542.9,0.7559
125348.7,30526.9,125760.0,30708.8,0.7559
58250.7,12315.9,58879.5,12660.1,0.7558
94447.2,10722.6,95040.0,10872.3,0.7558
18562.5,61120.0,19010.1,61335.3,0.7558
36802.8,24746.2,36977.5,24904.6,0.7558
66451.5,21950.4,66658.5,22076.4,0.7558
37767.4,19907.0,38058.6,20270.0,0.7557
35520.8,39493.6,35822.6,39674.3,0.7557
42392.8,14803.1,42575.1,15031.7,0.7556
28866.7,53590.5,29118.3,53753.1,0.7556
51842.1,21138.1,52000.9,21440.0,0.7556
94081.4,11211.9,94643.8,11352.1,0.7556
37409.8,38583.1,37760.0,38704.8,0.7556
53440.0,1950.2,53627.1,2169.3,0.7555
23778.3,46518.0,24319.5,46716.8,0.7555
34881.5,49611.4,35054.9,49781.4,0.7555
104320.0,13850.4,104789.9,14019.1,0.7555
63956.4,20189.8,64134.5,20480.0,0.7555
28955.2,46101.8,29064.7,46379.8,0.7554
58304.6,15442.1,58457.3,15680.0,0.7554
36482.1,45441.6,36563.6,45576.2,0.7553
60968.2,12890.6,61115.9,13087.2,0.7553
116800.0,28627.7,117058.3,28798.9,0.7553
55040.0,21914.0,55632.0,22076.8,0.7552
27790.5,63434.7,27839.1,63580.5,0.7552
97611.3,5127.8,98240.0,5462.1,0.7551
91853.8,6080.0,92480.0,6472.8,0.7551
63795.6,17532.8,63857.2,17600.0,0.7550
73920.0,15494.6,74380.5,15671.1,0.7549
31697.7,46146.4,31892.9,46400.0,0.7549
81655.2,11264.9,81793.6,11520.0,0.7549
36366.8,12485.6,36476.7,12721.0,0.7547
101120.0,6473.1,101625.5,6620.0,0.7547
34574.2,8000.0,35200.0,8298.1,0.7547
85440.0,9165.9,85964.6,9309.3,0.7546
58639.3,16961.2,58869.3,17151.1,0.7546
22400.0,64647.1,22806.1,64791.9,0.7546
51860.3,14255.9,52293.2,14687.1,0.7546
19623.4,38294.5,19837.0,38400.0,0.7545
73852.4,8032.2,74175.6,8293.7,0.7545
19983.6,44480.0,20425.8,45078.7,0.7545
121700.5,36800.0,122239.5,37391.6,0.7544
34613.8,49922.0,34684.0,50100.6,0.7544
96320.0,7364.9,96818.9,7539.8,0.7544
127606.7,36712.7,127990.8,36779.2,0.7543
27536.9,44250.0,28160.0,44408.9,0.7543
60987.9,11974.8,61092.8,12160.0,0.7543
27840.0,36167.3,28387.6,36356.5,0.7543
123596.0,38086.9,124142.3,38593.2,0.7543
21761.1,56966.4,21911.2,57280.0,0.7542
116190.6,22080.0,116800.0,22624.2,0.7541
118400.0,31379.2,119033.9,31680.0,0.7541
115579.2,22816.7,116160.0,23360.0,0.7541
49351.4,22144.6,49596.7,22217.6,0.7541
45766.3,20975.8,45996.0,21120.0,0.7541
107063.2,15055.8,107512.4,15658.2,0.7540
58270.5,21149.4,58490.1,21254.9,0.7540
69805.4,10888.0,70075.3,11179.6,0.7539
34009.5,9108.5,34542.2,9276.0,0.7538
29970.1,56640.0,30137.3,56739.3,0.7538
22400.0,33109.7,23016.7,33274.5,0.7538
26939.1,53120.4,27200.0,53410.1,0.7537
73963.0,14489.5,74237.8,14638.1,0.7537
104640.0,15082.0,105036.6,15162.4,0.7536
70739.4,11204.5,71180.9,11397.7,0.7536
120331.9,35877.0,120716.2,36157.5,0.7535
112976.6,26092.6,113600.0,26560.0,0.7535
121638.5,27844.0,122208.9,28160.0,0.7535
58650.4,9369.8,58731.2,9469.4,0.7535
24943.5,30916.2,25280.0,31029.2,0.7534
107204.8,20480.3,107411.8,20843.3,0.7534
106562.9,8966.2,106743.4,9274.3,0.7534
59200.7,22723.1,59814.2,22887.1,0.7534
62319.3,18645.9,62711.8,18892.5,0.7533
72554.2,15764.3,72952.8,15856.7,0.7533
63278.1,22148.3,63447.8,22268.8,0.7532
114648.7,25068.7,114877.5,25279.7,0.7532
68073.4,22250.3,68159.4,22400.0,0.7532
37076.1,44800.0,37120.0,44950.0,0.7531
58802.0,18981.0,59200.0,19060.3,0.7531
25839.8,56000.1,26240.0,56070.3,0.7531
113630.3,21470.4,114057.0,21750.3,0.7531
34242.7,48320.0,34427.8,48673.8,0.7531
39160.2,9920.0,39357.4,10148.8,0.7531
30204.9,58716.9,30692.2,58874.8,0.7530
39684.3,32467.9,40147.0,32634.5,0.7530
55366.4,11204.9,55992.1,11533.2,0.7530
47126.0,15687.7,47360.0,15973.2,0.7529
113305.7,20480.0,113920.0,20884.4,0.7529
123916.9,31038.3,124480.0,31357.1,0.7529
36162.8,10112.4,36367.6,10234.5,0.7528
44445.0,22200.0,44786.4,22284.3,0.7528
20482.3,42258.0,20923.1,42510.7,0.7528
125964.2,28160.2,126400.0,28393.9,0.7528
20502.8,50423.9,20781.8,50776.4,0.7527
39193.1,23689.1,39318.3,24000.0,0.7527
97507.6,11527.9,97586.0,11662.5,0.7527
90240.0,15046.9,90762.5,15205.5,0.7527
91417.0,11668.9,91840.0,11983.7,0.7527
28480.0,51108.9,28713.6,51178.9,0.7526
34255.3,8000.0,34880.0,8300.5,0.7526
80807.2,8351.7,80957.3,8663.6,0.7525
69785.4,22337.1,70387.3,22486.5,0.7525
52190.2,320.0,52800.0,757.0,0.7525
21141.0,37910.0,21626.6,38159.1,0.7524
58240.0,8541.0,58604.2,8765.1,0.7524
20425.3,69145.2,20551.6,69440.0,0.7523
78288.4,18880.5,78399.2,19161.0,0.7523
77727.7,14588.2,78080.0,14713.3,0.7522
50565.4,22803.1,51200.0,23132.0,0.7521
37491.2,28480.0,38080.0,29003.9,0.7519
93082.4,6415.0,93415.5,6645.4,0.7519
52880.1,13268.3,53120.0,13565.6,0.7518
35274.0,54334.6,35517.2,54455.4,0.7518
46179.2,10240.0,46720.0,10428.5,0.7518
62400.0,16258.6,62554.2,16299.1,0.7518
51847.6,2584.1,52008.3,2880.0,0.7518
31104.6,50294.4,31211.2,50451.9,0.7517
27520.0,51337.6,27874.4,51511.8,0.7517
103840.3,14618.8,104000.0,14760.8,0.7516
71363.2,9360.5,71435.2,9463.6,0.7516
53490.7,15113.3,53687.3,15210.5,0.7516
77051.5,17407.1,77117.8,17567.9,0.7516
78044.5,14535.4,78400.0,14661.4,0.7516
75841.2,11280.7,76113.6,11787.9,0.7515
4963.6,62109.1,5078.1,62397.1,0.7515
20750.5,59592.5,21120.0,59755.5,0.7515
53446.1,10568.8,54080.0,10793.3,0.7515
92494.8,8043.3,93119.4,8206.7,0.7515
68599.9,19987.9,68752.0,20157.7,0.7514
105122.7,17682.9,105344.4,17780.8,0.7514
102080.0,5444.5,102313.6,5584.7,0.7514
30436.7,47464.3,30952.4,48000.0,0.7512
33280.0,50290.4,33471.9,50560.0,0.7512
35528.1,44706.3,35883.8,45120.0,0.7512
42018.2,18468.1,42239.2,18560.0,0.7512
23432.1,30420.9,23680.0,30716.8,0.7512
94253.0,6746.0,94493.5,6908.5,0.7511
64071.4,17592.7,64240.7,17632.3,0.7511
19522.1,35933.1,19706.0,36160.0,0.7511
102009.2,8558.0,102079.6,8634.7,0.7510
88961.4,9004.4,89554.1,9145.8,0.7509
37451.8,18443.8,37793.5,18880.0,0.7508
80982.9,14333.9,81141.9,14387.6,0.7507
33600.0,36912.3,33760.5,37120.0,0.7507
58050.8,16330.4,58240.0,16469.9,0.7507
61440.0,8139.8,61769.2,8315.1,0.7506
18759.3,66813.6,18936.9,67107.1,0.7506
19201.9,56678.0,19547.5,57263.0,0.7506
122546.8,29443.1,122873.3,29864.3,0.7505
28163.1,58335.5,28525.0,58841.6,0.7505
37025.6,32000.0,37138.8,32189.0,0.7504
21560.9,66720.2,21759.8,66874.4,0.7504
44239.1,17422.9,44454.6,17892.5,0.7504
45760.0,22400.0,45934.8,22535.7,0.7504
39600.3,35284.1,39677.3,35385.1,0.7503
34880.0,26485.3,35219.8,26578.6,0.7503
49935.6,22215.3,50552.0,22395.2,0.7502
33280.0,38535.5,33918.6,38950.9,0.7502
112988.1,21620.7,113597.2,22080.0,0.7501
88960.0,8738.3,89440.5,8889.1,0.7501
33280.0,58452.9,33763.2,58637.9,0.7501
17600.0,27709.4,17829.2,27840.0,0.7501
10729.5,62152.4,10878.9,62400.0,0.7500
13464.6,65280.0,14080.0,65730.7,0.7500
93769.2,8993.7,93951.9,9253.9,0.7499
105601.9,11368.5,105768.6,11637.4,0.7499
80508.4,16960.0,80949.3,17577.8,0.7499
98043.5,14980.0,98206.5,15036.4,0.7498
16000.0,40410.6,16593.0,40639.9,0.7498
34709.0,42240.0,34880.0,42593.1,0.7498
14981.3,64000.0,15099.8,64403.0,0.7498
33478.0,22595.8,33600.0,22892.3,0.7497
48963.4,14203.7,49018.9,14319.1,0.7496
35842.4,20791.3,35936.4,20993.9,0.7496
69175.3,9600.0,69758.1,10150.8,0.7496
38085.4,13378.4,38400.0,13466.5,0.7495
38400.0,34560.0,38451.5,34650.0,0.7493
31552.2,25969.0,31669.0,26240.0,0.7493
23624.7,50036.5,23772.9,50383.3,0.7493
96788.2,7643.4,96950.2,7680.0,0.7492
62168.8,5235.1,62335.9,5440.0,0.7492
25096.3,33705.5,25165.3,33898.2,0.7492
3259.5,63893.2,3512.0,64302.1,0.7492
19530.2,59204.5,20010.7,59442.0,0.7491
35519.1,55139.7,35594.1,55360.0,0.7491
105604.7,16334.4,105833.7,16766.7,0.7490
60483.3,8000.0,60588.1,8247.1,0.7489
100263.9,10416.4,100615.3,10551.3,0.7489
663.1,64000.0,1280.0,64480.0,0.7489
23360.0,36482.8,23499.0,36571.2,0.7489
37359.9,47042.2,37528.8,47135.7,0.7488
30180.0,35602.1,30393.3,35857.3,0.7487
126083.0,33312.4,126270.5,33600.0,0.7485
35523.7,49111.4,35748.0,49280.0,0.7484
108160.0,18591.6,108502.8,19010.4,0.7483
49923.0,22762.9,50560.0,23093.2,0.7482
110406.9,21462.1,110840.6,22054.8,0.7482
28398.6,32364.0,28800.0,32509.0,0.7481
97920.0,7404.5,98463.5,7559.2,0.7480
35527.0,42928.9,35604.4,43123.2,0.7480
127725.9,35693.0,127990.4,35762.7,0.7480
62400.0,9920.0,62746.3,10152.4,0.7479
125909.0,36448.1,126130.1,36652.1,0.7477
29443.4,47203.8,29520.0,47380.5,0.7477
107729.6,13075.6,108015.2,13150.1,0.7477
71803.2,17298.4,72313.8,17861.1,0.7477
50894.3,19200.0,51334.3,19801.1,0.7476
124221.3,37139.4,124757.1,37570.7,0.7475
103042.2,7877.4,103195.5,8195.4,0.7475
103040.0,8640.4,103351.8,8866.8,0.7475
32802.4,45222.2,32955.2,45440.0,0.7472
81280.0,14047.1,81894.5,14201.4,0.7472
68480.0,21943.3,69059.8,22259.1,0.7472
104640.0,13877.6,105157.8,14079.7,0.7472
71360.0,22723.9,71727.4,22896.9,0.7472
34084.0,13782.7,34374.4,13867.9,0.7472
112338.0,20758.3,112939.3,21120.0,0.7472
123624.9,31040.9,123839.3,31191.1,0.7471
87369.7,14401.7,87964.1,14939.4,0.7471
45440.0,9600.0,46080.0,9993.6,0.7471
23040.0,48641.7,23102.1,48735.9,0.7470
35906.9,21495.9,36014.2,21814.2,0.7470
28007.2,60858.6,28159.9,61037.1,0.7470
42660.6,12450.7,42866.1,12598.8,0.7468
60812.7,3846.2,61440.0,4203.9,0.7468
17959.8,52395.2,18171.9,52437.6,0.7468
103371.6,14417.2,104000.0,14802.4,0.7468
48323.0,16162.0,48625.0,16640.0,0.7467
17284.8,68862.5,17467.0,69017.2,0.7467
37369.8,49600.5,37437.7,49701.9,0.7467
32888.9,49760.5,33234.0,50227.4,0.7467
33612.3,8000.0,34240.0,8297.9,0.7467
17602.8,33280.5,17793.5,33441.5,0.7467
72091.8,9420.4,72630.1,9879.9,0.7467
36797.3,52007.4,36887.5,52298.6,0.7467
13454.7,63451.2,14080.0,63988.9,0.7466
120895.4,35980.8,121241.4,36153.0,0.7466
30333.2,38826.7,30720.0,38973.0,0.7465
77507.7,18560.9,77706.6,18660.1,0.7465
51842.4,5916.0,52006.3,6075.4,0.7465
53125.6,22368.7,53760.0,22686.4,0.7465
123305.2,29924.4,123817.9,30382.8,0.7465
24327.2,49618.5,24499.5,49920.0,0.7464
28116.7,33280.5,28480.0,33397.6,0.7464
23835.0,57560.3,23980.8,57716.7,0.7464
19840.6,68167.6,19925.4,68254.7,0.7464
99117.3,6083.4,99520.0,6246.7,0.7463
53124.1,4922.2,53324.8,5118.3,0.7463
38238.1,31040.0,38374.5,31374.9,0.7463
66231.1,22442.7,66560.0,22599.8,0.7462
29120.1,44161.4,29296.9,44359.7,0.7462
27207.7,39443.8,27480.8,39670.4,0.7462
36492.9,8061.7,37120.0,8531.4,0.7461
14204.4,63487.7,14720.0,63646.1,0.7461
88965.4,12160.0,89600.0,12414.6,0.7461
30222.7,51704.1,30399.1,52031.4,0.7460
65123.1,18523.4,65232.7,18606.8,0.7460
38584.2,29760.0,38719.1,30094.4,0.7460
32510.5,55680.0,32623.0,55886.4,0.7460
83400.3,16456.3,83512.0,16787.4,0.7459
37768.5,21047.0,38339.0,21219.0,0.7459
30721.8,29336.8,30929.1,29435.7,0.7459
101243.8,14354.6,101398.4,14394.9,0.7459
33920.9,25555.4,34056.5,25776.7,0.7459
96640.0,17623.8,96996.1,17916.7,0.7459
31771.4,33078.6,31908.6,33221.6,0.7458
83955.9,20353.1,84160.0,20430.5,0.7458
84480.0,9722.1,84681.1,10240.0,0.7458
38781.1,37138.6,39088.7,37542.3,0.7457
39005.5,15446.7,39337.0,16000.0,0.7456
38746.0,19522.4,39040.0,19598.0,0.7456
55360.0,2560.7,55704.6,2732.3,0.7455
85760.9,15782.4,85923.7,16106.0,0.7453
15040.0,68487.5,15669.7,68789.6,0.7453
74563.8,22941.9,74878.9,23035.1,0.7453
62256.9,22082.1,62483.3,22131.8,0.7452
57920.0,16000.5,58109.9,16108.0,0.7452
62133.1,22729.5,62720.0,22876.6,0.7452
23022.4,58992.7,23360.0,59066.7,0.7452
36800.0,26761.8,37403.8,26910.1,0.7450
36491.1,11840.0,36647.1,11999.6,0.7449
31808.9,25647.2,31997.3,25876.5,0.7448
25301.4,29120.0,25920.0,29504.4,0.7448
25604.2,51835.3,25912.0,52147.1,0.7448
78924.6,10760.1,79038.8,10883.4,0.7447
90833.8,8684.4,91197.6,8798.9,0.7446
79397.7,11376.0,79677.3,11516.2,0.7445
99953.4,11840.6,100093.5,11890.6,0.7445
51727.3,22906.8,51840.0,23006.1,0.7445
30853.7,56326.3,31325.2,56796.0,0.7445
74881.8,19958.1,75248.8,20151.1,0.7445
94080.0,12105.4,94268.4,12299.0,0.7445
72001.3,22411.4,72640.0,22766.5,0.7444
63681.2,8969.3,63809.9,9288.8,0.7444
52164.6,8837.4,52545.8,9120.4,0.7444
7699.6,60481.7,8320.0,60652.4,0.7444
98893.1,9282.8,99085.1,9383.8,0.7444
28574.2,63040.0,29120.0,63558.4,0.7443
57283.3,18051.1,57529.8,18486.0,0.7442
81459.7,10497.8,81598.7,10690.5,0.7441
104815.9,11203.0,104959.9,11398.9,0.7440
55360.0,10049.9,55895.4,10240.0,0.7440
33612.3,46722.7,34169.2,47326.4,0.7439
35476.5,11203.6,35536.2,11345.9,0.7439
39800.1,42947.0,39995.5,43200.0,0.7439
31020.9,38259.6,31141.0,38308.7,0.7439
57228.0,16412.0,57586.3,16475.6,0.7439
46105.2,9920.9,46400.0,9988.2,0.7439
34497.3,41940.7,34610.8,42202.4,0.7438
52484.7,22109.2,52662.8,22265.5,0.7438
101763.0,6742.9,101984.7,6871.0,0.7438
18445.0,52164.8,18505.2,52320.1,0.7437
67846.3,16025.3,68478.0,16432.1,0.7437
19200.9,32320.0,19382.1,32589.2,0.7437
29452.2,60203.7,30059.7,60402.0,0.7437
86571.4,19709.6,86998.2,20041.5,0.7437
18349.4,45121.5,18860.8,45365.9,0.7436
75592.5,10944.9,75833.4,11130.8,0.7436
82082.5,9482.1,82240.0,9600.0,0.7436
37382.5,55996.8,37480.4,56320.0,0.7436
74694.7,17358.2,74819.6,17455.6,0.7436
59841.6,9887.3,60022.4,10097.2,0.7435
15928.7,42399.4,16320.0,42560.0,0.7435
58378.0,19952.2,58470.4,20160.0,0.7434
47899.8,18886.6,47974.6,18991.0,0.7434
65061.7,18700.3,65600.0,18881.7,0.7434
53761.3,19538.0,53976.7,19748.3,0.7434
93440.0,7903.1,93953.8,8053.0,0.7433
51079.7,21592.1,51258.6,21752.4,0.7433
73292.0,23160.8,73920.0,23345.5,0.7432
91526.1,11280.0,92160.0,11520.0,0.7432
17600.0,45979.1,18132.6,46169.5,0.7432
17523.2,30789.3,17601.4,31040.0,0.7431
25280.0,51401.5,25542.0,51520.0,0.7431
121371.8,28160.0,121920.0,28735.4,0.7431
29181.8,44480.0,29299.8,44798.9,0.7431
124481.2,31701.6,124773.5,32093.1,0.7431
107840.0,9603.1,108070.8,9671.0,0.7430
81803.6,14625.6,82227.4,15034.0,0.7430
60421.7,14080.0,60480.0,14203.8,0.7430
33454.6,41181.0,33741.6,41253.9,0.7430
74302.0,15672.2,74377.2,15882.1,0.7428
14265.6,62008.8,14477.2,62080.0,0.7428
47361.2,11617.9,47849.6,11829.3,0.7428
62927.1,18204.8,63039.7,18341.3,0.7428
32019.9,32769.6,32078.5,32955.8,0.7427
26784.6,36169.5,27175.7,36256.6,0.7426
46458.1,12031.0,46720.0,12160.0,0.7426
37356.5,38745.8,37749.1,38875.6,0.7426
22312.9,30820.4,22700.1,31031.8,0.7425
66968.8,23003.4,67124.1,23040.0,0.7425
94731.8,11044.9,95355.8,11194.5,0.7425
52815.5,10325.1,53429.2,10560.0,0.7424
21120.0,64663.8,21683.0,64848.9,0.7424
17722.5,46805.3,17920.0,46981.1,0.7424
110546.2,22581.7,110786.8,22675.4,0.7423
15046.8,63625.3,15163.8,63995.9,0.7423
119686.4,25127.2,120087.5,25275.1,0.7423
98882.2,10632.7,99151.3,10786.6,0.7423
60959.9,12035.3,61072.0,12250.9,0.7422
100800.0,12419.5,101006.8,12480.0,0.7422
20431.3,54902.8,20800.0,55026.9,0.7420
73897.4,7689.6,74240.0,7819.0,0.7420
35320.8,54806.6,35427.4,55040.0,0.7419
98918.7,18921.6,99490.2,19520.0,0.7419
88692.1,20331.0,89280.0,20758.7,0.7419
105421.2,9605.6,105912.8,10067.4,0.7419
54411.2,10851.3,55040.0,11190.7,0.7418
28601.1,33922.0,28819.8,33996.0,0.7418
31308.0,45681.2,31589.6,45827.0,0.7417
72365.1,15903.6,72915.4,16274.4,0.7416
46481.7,22408.8,47040.0,22563.4,0.7416
39701.7,46073.8,39794.5,46138.1,0.7416
42265.5,9996.4,42385.7,10240.0,0.7416
36160.0,21179.8,36325.6,21335.8,0.7415
64593.3,21958.5,64950.1,22106.5,0.7415
26710.5,32891.7,26880.0,32931.7,0.7414
58475.6,8283.5,58555.2,8402.3,0.7414
49285.3,21642.6,49370.1,21946.1,0.7414
105280.0,7366.0,105341.1,7469.0,0.7413
107140.0,10266.9,107200.0,10438.6,0.7413
69120.0,12801.1,69234.3,12905.0,0.7413
36680.9,33689.6,36795.6,33920.0,0.7412
122710.5,28458.7,123200.0,28799.5,0.7411
82788.8,13777.4,83198.1,13861.6,0.7411
10560.0,60804.7,11181.9,61103.3,0.7410
85985.3,12901.8,86400.0,13057.1,0.7410
24041.6,61245.7,24170.7,61303.6,0.7410
52420.6,3533.2,52603.9,3579.1,0.7409
45120.2,21337.7,45350.4,21438.2,0.7409
27722.6,40054.7,27837.0,40229.0,0.7409
125760.0,30531.7,126036.3,31017.3,0.7408
78081.0,15360.0,78266.4,15653.5,0.7408
31312.7,8554.5,31360.0,8691.4,0.7408
99847.5,14692.3,100480.0,14867.4,0.7406
33465.1,43844.4,33565.6,44101.5,0.7406
14765.9,62425.6,15360.0,62719.2,0.7406
34599.4,48387.3,34697.3,48640.0,0.7405
95360.5,13479.2,95597.2,13563.5,0.7405
5132.3,61440.0,5581.3,61872.2,0.7405
44292.5,17455.5,44402.8,17597.5,0.7404
91200.0,11841.8,91836.6,12203.3,0.7404
51537.8,22415.9,52003.6,22842.0,0.7402
21761.3,51633.1,21924.1,51832.5,0.7402
52943.8,9600.0,53120.0,9862.6,0.7402
35848.2,45442.1,36149.5,45718.9,0.7402
102400.0,5169.2,102867.6,5335.5,0.7402
41607.0,12816.3,41783.4,13369.2,0.7401
103050.5,21013.5,103680.0,21440.0,0.7401
119541.8,28023.8,119679.9,28156.0,0.7400
24548.6,53450.4,24957.9,53818.9,0.7400
67202.2,19521.9,67591.7,19628.8,0.7400
97553.4,7488.8,97920.0,7607.6,0.7400
109817.5,21948.6,110400.0,22381.1,0.7399
20162.1,35557.3,20317.5,35840.0,0.7398
13130.1,61120.0,13760.0,61458.6,0.7397
8963.6,60568.9,9031.4,60676.9,0.7397
109757.6,21727.0,110072.0,22045.1,0.7396
50565.1,22537.8,51200.0,22717.6,0.7396
97394.7,10591.1,97522.2,10880.0,0.7396
58086.8,22083.4,58423.5,22154.6,0.7395
52002.9,4160.0,52160.0,4527.1,0.7395
64731.4,16960.0,64890.0,17299.0,0.7395
96344.0,7290.1,96945.0,7476.6,0.7394
93447.6,6404.1,93760.0,6504.0,0.7394
16013.3,33762.4,16194.8,34011.1,0.7394
54244.4,10245.3,54387.8,10429.1,0.7393
17397.7,45605.2,17920.0,45810.5,0.7393
73926.7,21826.9,74560.0,22080.0,0.7393
26581.4,38737.2,26867.5,39039.7,0.7393
94091.3,14249.5,94720.0,14494.6,0.7392
70554.3,17149.9,70720.0,17285.4,0.7392
33707.7,23661.5,33916.6,23791.0,0.7391
30406.8,42225.4,30622.3,42468.1,0.7391
45783.9,18988.8,46381.2,19517.9,0.7390
31684.1,48082.4,31817.2,48385.2,0.7390
27223.9,61793.9,27675.2,62231.2,0.7389
32322.9,52552.4,32937.9,53087.0,0.7389
84161.9,20063.8,84296.7,20259.3,0.7389
39685.0,28450.1,39840.2,28778.2,0.7388
15684.9,28184.7,16095.3,28800.0,0.7387
125440.7,35202.8,125515.8,35335.0,0.7387
16000.0,39757.2,16358.5,40009.9,0.7387
71361.9,7872.9,71604.3,7988.5,0.7386
93120.1,8322.5,93670.3,8487.0,0.7386
58252.8,22338.7,58328.2,22397.4,0.7385
33739.7,46637.5,33919.4,46719.5,0.7385
107841.6,17412.9,108157.7,17597.0,0.7385
53578.3,20841.7,54072.5,21422.6,0.7385
16344.1,63044.4,16960.0,63221.2,0.7384
104942.6,14055.3,105162.8,14239.5,0.7384
41287.1,22786.0,41616.1,23040.0,0.7384
40005.8,16350.4,40314.3,16960.0,0.7384
31138.0,16949.2,31258.5,17177.1,0.7383
22405.1,64543.2,23020.8,64764.7,0.7383
97581.3,9949.8,97918.7,10237.3,0.7383
49921.7,6738.1,50119.0,7354.9,0.7382
98585.0,7276.8,99187.2,7411.6,0.7382
31767.1,52800.0,31833.8,52923.3,0.7382
19851.6,32770.8,20283.5,32960.0,0.7380
105754.9,15502.1,105968.7,15680.0,0.7380
74835.0,11376.0,74880.0,11519.3,0.7380
39360.0,11443.7,39564.6,11709.3,0.7380
129121.9,32961.9,129275.9,33073.1,0.7380
23580.0,29448.6,23680.0,29590.7,0.7379
21448.4,28838.7,21854.3,29031.1,0.7379
55380.1,4537.4,55994.7,5113.9,0.7379
65377.5,7040.0,65813.2,7280.7,0.7379
18560.0,36482.9,18930.6,36919.7,0.7379
67265.3,20653.6,67520.0,20765.9,0.7379
28043.9,51739.2,28148.0,51804.0,0.7378
45145.9,8384.8,45760.0,8885.5,0.7378
94090.3,12650.2,94707.3,13036.4,0.7377
32940.0,35840.0,33280.0,35975.1,0.7377
77090.7,20806.7,77440.0,20918.5,0.7376
51200.0,740.5,51457.4,819.8,0.7376
63684.7,21219.9,63845.3,21433.3,0.7376
52344.0,3203.8,52555.2,3273.0,0.7375
104960.0,22262.9,105584.9,22720.0,0.7375
37764.0,32640.0,37880.7,32959.9,0.7375
85120.0,17280.0,85339.8,17453.2,0.7375
122670.0,29776.2,123160.3,30128.5,0.7375
66533.8,22441.5,66880.0,22587.7,0.7374
26240.0,45562.7,26738.7,45734.4,0.7374
103243.9,16963.5,103360.0,17177.2,0.7373
19146.6,33924.4,19484.8,34372.6,0.7373
31708.6,57601.3,31875.8,57719.7,0.7373
23518.7,46720.0,23982.8,47226.2,0.7372
34457.3,11055.9,34560.0,11200.0,0.7372
10907.8,61760.0,11167.4,61963.5,0.7372
62405.9,9613.3,62846.9,10088.8,0.7371
33243.6,44802.1,33591.7,45004.0,0.7371
33208.3,54720.0,33368.8,54799.7,0.7371
63370.6,18939.6,63992.3,19096.2,0.7370
33920.0,47116.9,34040.7,47360.0,0.7370
35025.0,58561.9,35198.4,58604.8,0.7370
22908.4,55682.1,23345.8,55979.2,0.7368
97926.3,16541.1,98405.3,16945.1,0.7368
25280.0,62748.0,25344.3,62905.4,0.7368
56711.8,2880.0,57267.9,3311.7,0.7367
93440.0,9528.8,93655.9,9729.8,0.7367
98942.4,15800.3,99188.5,16320.0,0.7367
23858.0,31040.0,23977.9,31306.2,0.7366
32970.9,8000.0,33600.0,8324.0,0.7366
24320.0,38556.5,24656.8,38716.7,0.7365
23363.0,62413.9,23639.3,62886.7,0.7365
9920.0,62493.8,10525.8,62672.9,0.7365
79040.0,14317.3,79621.8,14464.5,0.7364
59910.8,8012.4,60106.1,8209.0,0.7364
60162.6,17409.7,60346.8,17507.6,0.7363
18005.2,67890.0,18144.9,68160.0,0.7362
38407.6,19232.8,38751.6,19665.4,0.7361
28297.4,54225.5,28780.2,54705.1,0.7361
18214.3,69033.7,18503.6,69179.1,0.7360
124172.0,29879.4,124476.3,30080.0,0.7360
18891.9,38888.6,19516.0,39034.0,0.7360
28301.1,50710.0,28444.2,50749.9,0.7359
84543.3,10295.2,84749.9,10880.0,0.7359
36688.1,41850.6,36969.0,41920.0,0.7359
71040.0,12800.0,71139.7,12891.2,0.7358
58888.7,17337.8,59046.8,17525.0,0.7357
43427.1,14188.8,43833.8,14720.0,0.7356
35201.1,10452.4,35258.7,10584.0,0.7356
30535.1,50892.7,30987.5,51509.7,0.7356
34880.0,58714.7,35005.2,58853.6,0.7355
48004.2,18614.9,48276.4,18880.0,0.7355
74967.9,11125.9,75194.9,11357.4,0.7355
94400.0,11114.0,95022.4,11451.4,0.7354
127687.9,30599.3,128136.1,31040.0,0.7354
45964.3,10243.8,46180.7,10429.8,0.7354
29903.6,40840.2,30035.7,41195.1,0.7353
31400.7,48081.0,31914.4,48640.0,0.7353
13540.8,65915.4,13635.0,66240.0,0.7352
34179.9,21125.0,34560.0,21320.7,0.7352
36448.5,50560.0,36570.0,50894.5,0.7351
31250.5,61036.8,31359.8,61117.2,0.7351
18883.2,67909.1,19033.3,68158.5,0.7351
38187.5,56712.7,38396.8,56960.0,0.7350
34883.8,13165.8,34999.3,13440.0,0.7350
34803.4,17830.2,35006.4,17902.2,0.7350
31040.0,41504.1,31561.6,41884.3,0.7349
16647.7,59855.6,17075.7,60467.2,0.7349
87587.9,13946.5,87875.2,14077.0,0.7349
59202.2,17920.0,59418.8,18215.0,0.7349
33103.5,38555.1,33600.0,38716.0,0.7349
71202.2,18052.1,71297.9,18200.3,0.7347
94115.1,11200.0,94720.0,11465.5,0.7347
19464.9,44358.8,19836.5,44708.4,0.7347
108007.6,11840.0,108160.0,12211.2,0.7347
6999.2,61520.7,7360.0,61592.4,0.7346
127684.0,34653.8,128170.8,35193.1,0.7346
60486.6,13077.9,60660.1,13397.8,0.7345
126938.4,29227.3,127350.7,29438.1,0.7345
26883.1,62824.4,27046.9,63040.0,0.7345
81208.3,20379.4,81600.0,20476.1,0.7345
49600.0,18305.8,49734.5,18707.9,0.7345
45202.9,19861.4,45760.0,20447.5,0.7344
92420.8,14224.9,92800.0,14354.1,0.7344
93148.4,8243.3,93760.0,8443.2,0.7343
28471.7,36537.2,28733.5,36603.6,0.7343
97113.3,11261.0,97600.0,11437.2,0.7343
13440.0,63466.2,14065.5,63677.4,0.7343
34669.4,49296.1,34873.0,49497.3,0.7342
99991.1,9749.7,100454.1,9912.5,0.7342
73943.1,15268.6,74560.0,15616.4,0.7342
58880.0,12696.3,59473.3,12877.4,0.7342
35525.6,35280.8,35709.4,35840.0,0.7341
105916.5,21120.6,106237.5,21366.0,0.7341
37134.8,50596.8,37188.6,50726.5,0.7340
49813.3,21120.0,49919.5,21347.2,0.7340
16963.7,30829.0,17170.1,31040.0,0.7339
36030.7,20810.2,36157.8,21006.6,0.7339
32640.0,20100.6,32979.4,20261.1,0.7339
101127.7,5480.1,101361.0,6080.0,0.7338
16663.3,66569.5,16960.0,66679.4,0.7338
121600.2,26142.5,121724.4,26238.8,0.7337
56000.0,22728.9,56614.2,22928.4,0.7337
58029.0,11520.0,58560.0,11880.4,0.7336
26247.5,58998.7,26699.8,59517.7,0.7336
118886.9,24646.5,119286.5,24814.2,0.7336
84325.6,11200.4,84403.7,11284.3,0.7336
25927.2,61762.3,26100.2,61880.6,0.7336
23990.5,40960.0,24317.8,41085.7,0.7335
34524.9,16068.1,34876.2,16221.6,0.7335
101131.9,8145.2,101750.3,8620.4,0.7334
68239.7,21906.5,68477.8,22076.8,0.7333
90718.2,9246.1,90880.0,9410.0,0.7333
73288.6,22241.7,73920.0,22392.9,0.7333
66240.0,15489.2,66844.6,15676.3,0.7333
35536.4,21134.7,35916.3,21281.4,0.7333
31482.0,28238.6,31680.0,28470.1,0.7332
115700.2,23372.1,115839.5,23566.1,0.7332
77024.7,17784.2,77305.8,17919.9,0.7332
87672.7,15599.4,87996.4,15746.5,0.7332
96326.4,10560.0,96960.0,10819.7,0.7331
59520.0,18765.9,60142.8,19109.7,0.7331
48960.8,10383.2,49202.4,10880.0,0.7331
19863.7,33300.4,20480.0,33507.3,0.7331
18880.5,33997.0,19057.7,34193.0,0.7331
19916.7,45553.9,20448.6,46041.7,0.7331
84945.9,13579.6,85260.8,13755.5,0.7330
58034.5,13120.0,58134.0,13442.8,0.7330
56000.6,15719.8,56100.5,16000.0,0.7330
122180.8,38083.5,122340.3,38266.6,0.7330
49926.6,9283.5,50557.0,9601.3,0.7330
54423.1,1280.0,55040.0,1649.4,0.7329
34566.0,28584.1,34775.4,28646.6,0.7329
35202.4,46128.5,35279.8,46304.6,0.7329
78724.1,12728.0,79158.0,13099.1,0.7329
29457.7,38599.1,30074.8,38742.3,0.7329
93773.2,8079.7,94400.0,8413.0,0.7328
36785.6,11382.2,37120.0,11520.0,0.7328
32642.7,38804.2,32731.6,38957.5,0.7328
42167.8,11211.0,42344.2,11310.6,0.7328
36141.7,47729.2,36459.6,48320.0,0.7327
20765.2,50560.0,21114.8,50662.2,0.7327
113997.6,20801.4,114560.0,21270.4,0.7327
22778.3,57602.1,23040.0,58154.4,0.7327
75536.6,7360.0,76160.0,7769.8,0.7327
32000.6,19715.9,32075.7,19834.2,0.7326
60424.8,23173.6,60479.7,23252.5,0.7326
19892.8,52480.0,20428.3,52694.5,0.7324
53694.4,5760.2,53760.0,5892.5,0.7324
27064.0,31040.0,27194.5,31362.2,0.7324
31253.0,38315.1,31360.0,38400.0,0.7323
71816.7,23162.9,71916.9,23231.3,0.7323
65107.9,15041.7,65280.0,15207.6,0.7323
15680.0,27863.4,16082.9,28480.0,0.7323
24003.4,35851.8,24364.8,36201.9,0.7322
59646.1,8046.5,59834.4,8306.5,0.7322
52480.8,22087.3,53051.6,22252.7,0.7321
91520.0,14515.6,92160.0,14850.9,0.7321
18783.8,42119.7,18880.0,42371.7,0.7320
71680.1,20486.1,71983.7,20849.9,0.7320
70401.0,10429.5,70653.7,10559.2,0.7320
106560.9,11581.7,106881.6,12160.0,0.7319
53117.0,18885.3,53435.9,19112.1,0.7319
51901.3,3419.1,51993.9,3496.7,0.7318
48006.7,10463.0,48288.0,10880.0,0.7318
75840.0,15149.7,76263.7,15307.8,0.7318
129094.7,34432.2,129280.0,34505.0,0.7317
93122.8,7980.0,93581.5,8120.0,0.7317
62720.0,14054.2,63344.5,14384.0,0.7317
31695.2,46414.0,31826.8,46476.0,0.7317
21783.1,53760.0,22202.4,54284.7,0.7316
107846.1,21524.8,108329.8,22077.9,0.7316
38443.8,57314.4,39026.1,57917.4,0.7315
99224.2,19318.0,99840.0,19825.5,0.7313
18760.5,39288.8,18880.0,39500.1,0.7313
81397.0,17921.9,81569.0,18190.5,0.7313
33536.9,52500.1,33909.2,53031.5,0.7313
73600.0,21171.3,73798.7,21440.0,0.7313
86422.2,12106.7,87022.2,12465.9,0.7312
21392.1,43648.9,21754.8,43946.9,0.7312
96643.7,15385.6,96804.6,15680.0,0.7312
32002.7,30750.0,32248.2,31051.3,0.7311
103061.7,4160.0,103680.0,4445.9,0.7311
63783.7,20190.7,63973.1,20234.6,0.7311
84494.7,15050.5,84770.1,15116.3,0.7311
50243.2,22779.7,50560.5,22931.2,0.7311
32397.8,48325.6,32960.0,48577.4,0.7310
32343.4,11082.1,32640.0,11194.6,0.7310
93801.3,9211.2,93966.3,9364.1,0.7309
55372.1,23375.9,56000.0,23680.0,0.7309
72640.0,15535.3,73275.0,15869.5,0.7309
35842.0,11735.6,35898.9,11840.0,0.7309
46720.0,22435.6,47297.2,22604.9,0.7308
61122.3,22646.9,61363.7,22720.0,0.7307
21629.5,30827.7,21810.6,31040.0,0.7307
42560.5,9183.7,42726.9,9268.8,0.7307
52297.5,1777.2,52523.6,1878.6,0.7307
16003.5,62737.3,16327.1,63064.0,0.7307
38166.3,32320.3,38285.2,32525.4,0.7307
40314.2,22403.3,40640.0,22713.3,0.7306
97005.4,10151.2,97600.0,10558.1,0.7306
31680.0,8960.0,32259.6,9131.3,0.7305
73162.5,15450.6,73582.0,15615.3,0.7305
18952.7,41601.9,19520.0,41774.2,0.7305
15052.3,62080.0,15680.0,62481.9,0.7305
49002.3,22119.5,49584.1,22675.0,0.7305
23378.3,56590.9,23970.6,56832.5,0.7304
78291.3,17153.6,78454.6,17379.2,0.7304
119235.2,24557.8,119358.3,24640.0,0.7304
55040.0,14537.0,55301.5,14598.4,0.7304
49009.6,10880.0,49600.0,11364.3,0.7303
30404.4,38538.7,30604.6,38688.4,0.7303
104184.2,11528.2,104318.3,11840.0,0.7303
26881.6,59283.9,27068.8,59520.0,0.7303
56000.4,4822.8,56120.2,5064.8,0.7303
92800.0,10050.3,93250.1,10218.9,0.7302
34568.3,57283.6,34740.6,57352.9,0.7302
54400.0,18083.0,55016.4,18237.1,0.7302
98240.0,7366.5,98735.8,7511.0,0.7300
25280.0,36535.8,25413.7,36800.0,0.7300
45947.5,10240.9,46080.0,10423.8,0.7300
241.4,66100.5,451.0,66235.9,0.7300
35590.7,26268.1,35840.0,26342.8,0.7299
62727.4,19588.9,63139.6,19888.3,0.7299
28163.1,45792.7,28245.3,46050.9,0.7298
25139.2,39534.3,25278.0,39678.5,0.7298
68162.7,23881.6,68623.2,24099.0,0.7297
43894.4,19520.9,44040.0,19603.1,0.7297
38570.6,18240.0,39021.1,18419.3,0.7296
57280.0,16325.2,57634.7,16503.8,0.7296
5198.8,67767.3,5540.3,67837.8,0.7295
20967.9,27852.7,21410.2,28453.0,0.7295
40730.9,24134.3,40960.0,24316.5,0.7295
94434.5,8003.2,95027.1,8195.7,0.7295
31680.0,41503.0,31999.1,41594.2,0.7294
35204.6,50289.6,35343.6,50460.4,0.7294
36165.2,10572.1,36447.9,10903.4,0.7294
104962.0,13861.0,105134.5,14052.9,0.7294
96695.9,13290.5,96868.1,13332.0,0.7293
73521.0,17335.0,73893.9,17400.7,0.7293
49607.7,22193.0,50240.0,22578.2,0.7293
72113.0,15856.3,72458.6,15973.8,0.7293
74842.7,11203.4,74986.7,11246.6,0.7293
52717.2,18576.6,52796.6,18710.4,0.7292
16737.8,32127.8,16840.7,32317.1,0.7291
36003.9,13442.6,36160.0,13581.9,0.7290
58919.8,22726.3,59520.0,22894.0,0.7289
124854.8,35561.7,125007.5,35736.1,0.7289
19202.0,34560.0,19763.0,34758.5,0.7288
102083.8,20642.1,102407.3,20798.8,0.7288
28005.7,29803.3,28155.9,30080.0,0.7288
96767.7,13393.6,96993.6,13434.5,0.7287
78113.2,20954.1,78720.0,21112.5,0.7287
81770.5,16796.1,81919.2,16960.0,0.7286
126171.0,38981.2,126720.0,39355.4,0.7286
36225.2,11520.0,36800.0,11681.8,0.7285
30083.8,35576.2,30536.8,36143.6,0.7285
124800.0,29120.0,124938.7,29277.4,0.7284
17006.7,59768.8,17280.0,59840.0,0.7284
21539.9,55040.6,21760.0,55104.4,0.7283
63057.1,21864.0,63680.0,22079.5,0.7283
71040.0,16004.6,71544.9,16176.1,0.7283
30783.9,58629.2,31360.0,58776.3,0.7283
35196.6,11520.6,35517.6,11745.9,0.7282
99200.0,9682.6,99804.7,9849.5,0.7282
34561.9,20966.1,34785.2,21065.5,0.7282
76805.7,14736.2,77440.0,15064.6,0.7281
108007.8,8960.0,108160.0,9327.0,0.7281
38882.1,30041.3,39037.5,30077.6,0.7281
35372.1,26562.4,35509.1,26827.2,0.7281
80226.9,15361.0,80320.0,15665.4,0.7281
32243.1,36283.8,32422.8,36466.2,0.7280
127439.6,29778.6,127680.0,29917.7,0.7280
53484.2,16435.5,54071.0,16816.1,0.7279
33603.7,29179.7,33819.6,29397.4,0.7279
18334.5,30401.9,18477.4,30452.4,0.7278
54095.4,22534.8,54509.7,22693.7,0.7278
75471.5,14745.5,75575.3,14813.8,0.7278
30005.5,31113.4,30233.1,31307.9,0.7278
57244.3,9854.0,57442.6,9917.7,0.7278
22416.6,29076.8,23040.0,29428.3,0.7278
60502.1,13180.5,61119.6,13643.0,0.7277
75508.7,13556.4,75826.5,13709.2,0.7277
43520.0,14223.3,44123.0,14706.4,0.7276
27616.8,33885.9,27840.0,34019.3,0.7276
79050.6,14498.1,79680.0,14642.9,0.7275
19520.0,27438.1,19700.6,27625.3,0.7274
23684.4,64112.9,24032.6,64412.8,0.7273
36176.7,48690.4,36296.1,49005.6,0.7273
67192.7,14404.8,67517.2,14676.7,0.7272
44853.7,11285.8,45113.8,11520.0,0.7272
30401.3,39178.3,31040.0,39509.2,0.7272
21452.5,44040.3,22080.0,44448.2,0.7272
115840.9,28382.0,116003.0,28759.0,0.7271
62407.2,23315.7,63040.0,23666.9,0.7270
23362.0,60950.6,23698.4,61434.1,0.7269
57498.6,18248.9,57733.8,18424.2,0.7269
32973.1,58910.7,33453.3,59090.8,0.7269
32042.6,36976.3,32320.0,37114.2,0.7267
63042.0,14534.1,63356.4,14857.7,0.7267
127414.7,32731.8,127979.7,32959.0,0.7267
62080.0,17283.1,62287.4,17327.8,0.7267
68854.8,17712.1,69228.6,18240.0,0.7266
51908.7,10616.3,51992.6,10716.8,0.7266
321.7,64973.4,460.9,65176.5,0.7266
24460.8,41532.9,24953.6,41920.0,0.7265
20439.2,33118.4,20771.2,33274.7,0.7265
34241.3,47040.0,34394.6,47424.1,0.7265
25280.0,40000.0,25772.4,40239.3,0.7265
34560.7,45948.5,34633.4,46077.5,0.7265
60480.0,13141.6,61054.5,13440.0,0.7264
35392.1,18502.5,35471.5,18560.0,0.7264
48323.6,16659.5,48576.5,17080.1,0.7263
68805.5,8557.5,69013.6,8960.0,0.7263
112211.6,21440.0,112320.0,21689.3,0.7263
41331.8,27874.9,41600.0,28160.0,0.7262
88577.8,8792.3,88957.4,8921.6,0.7262
77120.0,21490.7,77706.8,21664.6,0.7262
32325.9,57981.0,32960.0,58219.9,0.7261
71474.1,21416.3,71988.5,21690.4,0.7261
75678.8,17666.8,75837.1,17710.7,0.7261
107658.9,16777.3,107835.7,16924.0,0.7261
46136.9,15050.3,46706.3,15360.0,0.7260
1924.1,64000.0,2005.9,64252.4,0.7260
28338.4,45120.0,28425.7,45339.6,0.7260
60735.6,15465.5,61113.9,15677.3,0.7259
36323.2,21225.5,36478.4,21378.9,0.7258
28508.0,46632.3,29105.9,46798.6,0.7257
121297.2,26304.7,121772.4,26880.0,0.7256
43339.5,18959.2,43497.5,19064.3,0.7256
72325.3,15576.2,72960.0,15899.6,0.7256
17288.1,38851.2,17917.4,39091.7,0.7256
17670.5,38923.2,18233.6,39095.5,0.7256
46400.0,20956.8,46643.2,21120.0,0.7255
22267.5,61651.6,22399.3,61758.5,0.7254
55718.6,17923.6,56000.0,18094.7,0.7254
71952.7,22360.6,72320.0,22460.5,0.7254
14776.7,67101.3,15030.3,67199.0,0.7253
30814.2,47047.0,31360.0,47562.2,0.7253
31213.1,50295.2,31358.7,50545.5,0.7253
53639.1,5024.7,53759.9,5120.0,0.7252
9616.5,60160.0,10240.0,60484.7,0.7252
87086.8,13719.1,87350.5,13872.0,0.7251
40046.9,36197.9,40320.0,36348.1,0.7251
48003.3,11844.7,48522.8,12041.3,0.7251
18560.0,62801.9,18910.8,63037.3,0.7251
50886.2,22308.0,51520.0,22648.6,0.7251
111680.0,25348.6,112211.5,25595.8,0.7250
91201.6,14206.7,91840.0,14533.9,0.7248
38080.0,18259.0,38589.8,18560.0,0.7248
32110.4,41256.9,32241.7,41518.4,0.7247
64960.0,8643.1,65204.1,8714.8,0.7245
65491.0,21958.2,65712.5,22080.0,0.7244
84003.4,10275.1,84158.6,10459.1,0.7243
17600.0,45607.3,17962.4,45758.1,0.7243
104642.2,6172.5,104819.0,6345.5,0.7242
21570.8,57007.8,21918.2,57280.0,0.7242
97605.8,16338.3,98062.2,16764.9,0.7242
44163.2,14941.0,44363.7,15040.0,0.7240
103050.1,14145.6,103680.0,14523.4,0.7240
17609.0,68800.0,18187.0,69167.6,0.7240
62400.0,14052.7,62888.5,14224.2,0.7239
29875.7,39107.8,30393.1,39253.6,0.7238
22593.2,50157.0,22790.4,50236.7,0.7237
99714.9,11841.0,99840.0,11902.8,0.7237
19681.8,37820.0,19840.0,37955.8,0.7236
16515.4,65021.1,16718.5,65280.0,0.7236
16960.8,63102.4,17462.1,63360.0,0.7236
35201.2,38177.0,35369.9,38276.8,0.7236
31680.3,24233.3,31962.3,24640.0,0.7236
32346.9,14401.9,32960.0,14568.3,0.7236
18666.0,49749.3,18879.2,49913.7,0.7235
75857.2,7362.6,76480.0,7774.0,0.7235
30725.4,38516.0,31360.0,38719.0,0.7234
16376.5,41800.4,16640.0,41919.2,0.7232
69229.2,16380.6,69440.0,16538.2,0.7231
34145.1,41149.8,34556.3,41262.9,0.7230
35542.6,29451.6,35605.5,29604.5,0.7230
32320.0,21120.0,32929.2,21293.6,0.7230
64330.0,14683.0,64960.0,15040.0,0.7230
20830.6,55856.3,21405.7,56309.5,0.7230
21.2,64004.6,640.0,64548.5,0.7230
28572.0,50817.2,28709.7,50877.8,0.7229
26095.4,45845.5,26549.3,46400.0,0.7229
22438.7,51724.1,23040.0,52042.7,0.7228
45797.0,18901.2,46073.6,19059.4,0.7228
52824.5,640.0,53440.0,1033.3,0.7228
85465.6,21752.5,85541.6,21888.4,0.7228
50665.7,4490.5,51154.0,5008.9,0.7227
118755.5,31386.2,119007.1,31680.0,0.7227
32640.0,50900.7,33214.1,51099.3,0.7227
17920.0,28480.0,18083.1,28695.0,0.7227
31634.6,40842.8,31677.8,40960.0,0.7227
76480.0,19520.0,77062.0,19716.3,0.7227
34424.2,39323.0,34560.0,39357.7,0.7227
91796.0,11614.9,92160.0,11793.0,0.7226
51988.3,22520.5,52480.0,22869.0,0.7226
37824.3,24465.9,37968.4,24640.0,0.7225
68504.9,7363.8,69120.0,7591.7,0.7225
105920.9,6145.6,106003.1,6317.8,0.7224
34694.1,35854.6,35184.5,36301.5,0.7224
67840.1,17687.4,67988.9,17920.0,0.7224
99555.7,17323.1,100146.3,17895.0,0.7224
62407.7,9333.8,62949.6,9920.0,0.7223
74572.1,23042.4,75200.0,23352.9,0.7223
18880.5,63059.2,19358.6,63360.0,0.7223
56960.0,9832.3,57571.1,10193.8,0.7223
91214.0,16843.6,91840.0,17275.0,0.7223
23669.2,36423.1,23734.3,36630.7,0.7223
119040.4,30843.9,119155.2,31040.0,0.7223
59213.0,15169.0,59376.9,15359.8,0.7222
72384.7,7730.7,72631.9,7821.3,0.7222
71040.0,8085.3,71422.9,8319.4,0.7222
50290.8,9369.8,50878.7,9714.2,0.7222
33738.8,20174.5,33912.6,20336.3,0.7221
36532.5,55040.0,36653.7,55334.6,0.7221
41372.5,11649.3,41551.3,11840.0,0.7221
37046.9,44832.8,37367.3,45376.1,0.7220
17600.0,31608.9,17792.2,31682.1,0.7220
54203.7,17225.5,54399.4,17548.8,0.7220
80345.2,15124.2,80697.6,15680.0,0.7220
33280.0,56803.9,33649.2,56957.2,0.7219
59524.8,17424.4,59710.4,17600.0,0.7219
72966.0,13201.5,73447.3,13439.8,0.7219
19520.0,40649.0,19853.8,40862.3,0.7218
36800.0,26729.2,37168.8,26868.1,0.7218
20190.5,53590.7,20800.0,54072.9,0.7216
34240.0,20474.0,34846.9,20800.0,0.7216
70907.1,9304.2,71040.0,9547.0,0.7216
92164.6,14139.1,92800.0,14385.7,0.7215
71685.7,10657.6,71899.5,11003.5,0.7215
52160.9,15680.0,52359.2,15953.6,0.7215
21772.7,40770.0,22214.1,41084.7,0.7215
109843.7,17653.8,110400.0,18232.4,0.7215
124162.5,37851.0,124306.5,38080.0,0.7215
69126.8,23120.9,69239.6,23494.7,0.7214
54113.1,22022.4,54720.0,22178.3,0.7214
60527.7,3563.9,61120.0,4129.4,0.7214
35843.1,37182.2,35915.9,37330.5,0.7214
31583.7,57779.1,31997.1,57862.3,0.7213
32085.1,16648.2,32640.0,17084.6,0.7213
40036.8,14094.7,40585.8,14486.2,0.7213
30080.0,60369.7,30331.4,60798.3,0.7212
23918.9,43749.0,24297.3,43831.7,0.7211
124377.9,28970.3,124480.0,29176.9,0.7210
20480.0,64645.2,21028.5,64795.9,0.7210
85760.0,8938.9,86365.9,9091.9,0.7209
27840.2,58768.6,27913.1,58880.0,0.7209
122898.6,25991.9,123520.0,26557.5,0.7209
92800.0,14400.0,93440.0,14662.2,0.7208
61187.2,6230.1,61260.1,6330.6,0.7208
60574.7,17503.8,60653.4,17655.4,0.7207
47129.3,21916.3,47680.0,22075.1,0.7207
36805.1,32396.5,36918.0,32636.2,0.7206
44617.3,8654.6,45120.0,8842.9,0.7206
57508.4,15747.4,57600.0,15975.5,0.7206
61909.1,17430.6,62067.9,17761.3,0.7205
36179.5,49636.6,36485.5,50240.0,0.7205
32000.0,57923.1,32140.7,58029.5,0.7205
59411.5,5489.8,59520.0,5662.3,0.7204
31523.5,38319.9,31639.5,38415.2,0.7204
37447.0,33920.0,37638.9,34121.6,0.7203
58567.5,7006.7,59016.8,7360.0,0.7203
9924.7,61810.7,10121.3,62069.1,0.7202
100480.2,13762.3,100772.2,13825.6,0.7202
37926.3,51520.0,38079.8,51795.1,0.7202
31276.2,39680.0,31354.1,39834.7,0.7202
1280.8,64718.0,1591.1,65255.1,0.7202
96658.8,5121.5,97280.0,5455.7,0.7201
73600.0,21739.9,74114.1,21900.6,0.7200
80002.1,20160.9,80168.2,20256.2,0.7200
4161.8,64861.7,4301.8,65135.5,0.7200
26505.1,37440.0,26603.2,37738.1,0.7199
40965.5,19898.7,41130.1,20480.0,0.7199
19200.0,59737.4,19463.6,59837.0,0.7199
33643.5,55680.0,33811.5,56008.4,0.7198
34271.1,22592.1,34546.5,22720.0,0.7198
36526.6,29440.0,36679.2,29690.2,0.7198
89018.7,8677.9,89600.0,8834.1,0.7197
37120.0,47381.2,37525.9,47561.2,0.7197
27244.0,33018.2,27840.0,33441.2,0.7197
47449.5,19520.0,47678.4,19744.7,0.7196
108000.5,10378.8,108160.0,10759.0,0.7196
78725.6,14350.8,79360.0,14701.8,0.7196
21120.5,50937.2,21263.9,51196.3,0.7196
22919.1,35441.8,23023.0,35760.0,0.7195
79680.0,20169.8,80155.9,20316.7,0.7194
56000.4,5502.8,56150.7,5752.5,0.7193
40249.4,20920.4,40638.5,21099.4,0.7193
89941.3,14753.0,90558.7,14905.3,0.7193
26904.6,60859.0,27194.6,61123.2,0.7192
23066.6,54406.7,23680.0,54705.2,0.7192
78001.1,16467.4,78202.6,16628.0,0.7191
67058.0,18946.3,67200.0,19090.9,0.7191
56842.0,18880.0,56957.0,19119.9,0.7191
41296.5,26928.0,41897.4,27499.9,0.7190
71706.6,20172.4,72284.6,20653.8,0.7188
72013.6,23224.7,72640.0,23633.6,0.7188
52095.7,13365.1,52472.1,13758.5,0.7188
72642.2,16320.0,72830.3,16628.1,0.7187
75633.3,17674.7,75802.6,17716.4,0.7187
14080.0,68187.8,14718.5,68479.3,0.7187
13444.5,66661.4,13815.5,66938.2,0.7187
71645.7,22741.6,72000.0,22846.4,0.7187
93765.2,6080.0,94399.5,6515.9,0.7187
36182.2,56046.9,36608.0,56640.0,0.7187
29906.6,54403.3,29980.0,54530.7,0.7186
98240.0,15003.8,98411.8,15052.2,0.7185
62188.9,7490.7,62551.4,7667.3,0.7185
91204.8,14576.8,91840.0,14899.4,0.7185
105708.1,15680.1,105936.3,15870.2,0.7185
37461.4,8000.0,38080.0,8322.8,0.7185
64342.0,19795.3,64637.0,19927.4,0.7184
16650.1,43578.5,17041.5,44160.0,0.7184
100330.0,8647.5,100478.1,8839.9,0.7184
76803.2,18645.4,77003.6,18879.6,0.7183
93852.5,11229.3,94400.0,11520.0,0.7182
38402.8,9370.2,38601.6,9568.8,0.7182
111686.9,22400.0,112169.0,22986.3,0.7182
35520.0,50670.1,36067.9,50868.6,0.7182
37424.9,57326.5,37744.2,57776.6,0.7181
128215.0,35383.9,128628.7,35840.0,0.7180
29338.7,59083.3,29439.9,59200.0,0.7180
61293.8,21166.9,61389.8,21319.8,0.7179
59239.1,8320.9,59518.2,8483.0,0.7179
18560.0,43532.3,18743.7,43747.2,0.7178
65600.7,7783.1,65657.7,7953.1,0.7178
68745.2,20001.7,68800.0,20160.0,0.7178
32699.3,14363.3,33270.3,14555.7,0.7177
32824.4,41280.0,32959.4,41494.1,0.7177
53418.1,22711.2,53760.0,22854.8,0.7177
118406.0,30734.8,118790.9,31274.8,0.7177
18958.1,36554.7,19194.2,36956.6,0.7176
56328.7,11526.9,56638.2,11870.3,0.7176
89282.8,13041.8,89429.8,13225.9,0.7175
28807.6,50561.1,28876.6,50757.0,0.7175
35230.0,50881.2,35440.0,50931.1,0.7174
34717.1,20099.6,35200.0,20298.7,0.7173
26563.2,48579.1,26991.9,48739.3,0.7173
19997.5,65053.5,20160.0,65277.7,0.7173
29587.2,33448.8,30007.5,33590.3,0.7173
108105.3,16658.2,108459.0,16969.0,0.7172
60833.5,18711.0,61440.0,18877.2,0.7172
32991.7,49186.5,33278.7,49328.3,0.7172
81931.3,16640.0,82491.9,17046.3,0.7171
69459.5,7058.5,70080.0,7625.3,0.7171
76649.4,20530.1,76800.0,20800.0,0.7171
100814.7,4868.7,101340.1,5045.7,0.7171
84576.6,16702.0,84800.0,16761.8,0.7170
45760.0,8642.5,46375.4,9061.8,0.7170
66685.4,18560.6,66900.8,18604.2,0.7170
71203.7,19200.0,71360.0,19565.3,0.7169
87680.1,7363.2,87911.9,7406.1,0.7168
80999.3,14489.3,81582.4,15029.4,0.7168
37144.8,52160.0,37272.9,52406.9,0.7168
31683.1,40361.2,31826.3,40640.0,0.7168
65600.0,18716.9,66237.0,19074.2,0.7167
30511.8,50284.9,31015.4,50880.0,0.7167
100800.0,8004.0,100986.5,8075.3,0.7167
50251.1,22249.6,50880.0,22642.2,0.7167
30082.5,53774.1,30193.4,53982.9,0.7166
86370.3,7362.7,86599.4,7408.6,0.7165
85023.0,20804.5,85120.0,20989.8,0.7165
46400.0,23081.0,46545.9,23360.0,0.7164
53779.8,19524.0,53861.7,19621.7,0.7164
89080.3,20072.1,89274.5,20160.0,0.7164
38305.7,34560.0,38457.8,34643.8,0.7163
64826.0,19097.8,64958.7,19470.4,0.7163
84768.1,11840.0,84961.8,12169.5,0.7162
57602.2,13796.0,57939.5,14294.0,0.7162
102083.6,11840.0,102318.3,12275.1,0.7161
73733.6,12272.1,73960.2,12396.0,0.7160
53405.3,18523.7,53560.4,18560.0,0.7160
99551.9,4888.5,100138.7,5440.0,0.7159
29764.5,45778.4,29968.3,45818.9,0.7159
32469.2,54638.3,32598.2,54720.0,0.7159
57595.3,15681.5,57826.0,15805.0,0.7159
39040.0,15752.0,39617.9,16310.9,0.7157
37253.8,25003.0,37439.9,25280.0,0.7157
101444.8,8309.9,101866.2,8627.7,0.7157
35071.6,53780.5,35200.0,53818.3,0.7157
18406.9,62984.6,18666.0,63132.1,0.7156
31043.5,30400.0,31303.7,30815.0,0.7156
58746.5,9252.0,58880.0,9600.0,0.7156
80007.4,20804.1,80249.2,20870.6,0.7155
95695.8,14437.1,96315.0,14634.7,0.7155
41600.0,14812.9,41736.2,15040.0,0.7155
43386.9,18240.0,43514.5,18451.0,0.7154
31041.9,21440.0,31196.8,21854.9,0.7154
89621.4,8877.0,90236.0,9014.3,0.7154
25895.5,35713.4,26240.0,35778.1,0.7154
129610.8,32329.4,129923.8,32640.2,0.7153
34924.2,57565.8,35512.9,57915.1,0.7153
61440.0,6400.0,61832.6,6633.9,0.7153
69273.1,22780.6,69438.4,22988.9,0.7153
16970.9,47364.6,17600.0,47680.0,0.7153
45436.0,22004.4,45754.2,22169.6,0.7153
49246.5,9593.0,49370.7,9660.2,0.7152
94917.4,13977.8,95171.3,14080.0,0.7152
15680.0,61195.4,16012.5,61760.0,0.7152
52988.7,21962.8,53117.8,22063.3,0.7152
36134.2,23681.6,36480.0,23805.3,0.7151
50693.1,17963.2,50840.1,18212.2,0.7151
89282.7,15139.3,89917.8,15338.5,0.7151
92642.5,16601.4,92778.6,16640.0,0.7151
74955.1,22895.2,75193.8,23040.0,0.7150
5761.8,66339.9,5942.9,66558.5,0.7150
112071.6,21440.0,112631.8,21971.1,0.7149
99924.3,11483.6,100157.6,11560.1,0.7149
27048.3,56320.0,27199.3,56621.7,0.7149
28413.3,47680.0,28480.0,47837.5,0.7149
37793.9,46090.6,38157.5,46346.8,0.7149
46012.3,11209.6,46340.6,11384.5,0.7149
9920.0,60545.9,10536.6,60902.7,0.7149
17407.9,28800.0,17517.4,29137.1,0.7148
63101.7,21026.6,63316.8,21120.0,0.7148
127414.8,32433.5,127869.8,32633.9,0.7148
29444.7,51866.2,29728.1,52122.4,0.7148
24336.6,52160.0,24923.5,52378.0,0.7147
49265.1,19848.2,49570.5,20480.0,0.7146
28293.6,51848.9,28796.5,52044.5,0.7146
11525.7,66290.2,11671.1,66560.0,0.7145
44412.5,11733.4,44800.0,11794.5,0.7145
61410.4,21572.4,61755.1,21748.4,0.7145
52212.7,3194.6,52478.3,3261.0,0.7144
50560.0,5555.3,50877.7,5755.4,0.7144
28809.9,30087.0,29440.0,30459.7,0.7143
110316.1,20812.1,110710.4,21153.7,0.7143
50358.4,4499.6,50880.0,4876.1,0.7142
118097.2,31375.3,118720.0,31680.0,0.7142
72640.0,22761.4,72823.6,22807.0,0.7141
99446.3,9859.9,99840.0,9975.7,0.7140
29235.0,59057.7,29737.0,59419.4,0.7140
48320.0,17727.1,48528.9,18240.0,0.7140
12177.8,61931.2,12788.0,62394.0,0.7139
77120.3,14888.7,77660.1,15038.6,0.7139
96013.3,17395.1,96640.0,17811.3,0.7139
110160.5,21223.5,110720.0,21760.0,0.7138
100123.2,10419.3,100467.7,10568.3,0.7138
92480.0,8391.7,92898.1,8544.7,0.7138
95829.0,6720.4,96000.0,6994.5,0.7138
62100.7,4160.0,62718.0,4734.4,0.7137
60465.0,10321.5,60761.6,10479.7,0.7137
23736.4,44253.3,24320.0,44415.2,0.7137
67522.5,23728.1,67687.1,24000.0,0.7135
5507.1,63175.6,5751.9,63664.0,0.7135
102765.7,16453.5,103040.0,16581.4,0.7135
99860.1,4160.0,100474.9,4473.1,0.7135
74298.3,18108.4,74532.8,18237.4,0.7134
27872.0,52082.7,28020.9,52369.8,0.7134
30082.3,32323.9,30237.3,32598.6,0.7134
33920.0,49095.7,34081.4,49280.0,0.7134
26880.0,48000.0,27127.5,48452.5,0.7133
25921.2,35038.8,26103.1,35320.1,0.7133
48826.0,12047.1,49259.4,12480.0,0.7133
20827.1,30720.0,21440.0,31110.4,0.7133
76480.0,22869.0,76895.6,23038.5,0.7132
88000.0,9178.5,88307.5,9278.4,0.7131
27857.0,44236.4,28474.2,44392.8,0.7131
47713.9,9835.2,48320.0,9997.5,0.7131
15680.0,34900.2,16041.1,35516.0,0.7130
29122.2,43654.6,29320.3,44160.0,0.7130
22080.0,44854.5,22348.0,45368.6,0.7129
98105.7,13931.3,98301.2,13970.2,0.7129
91531.6,6080.0,92160.0,6469.3,0.7129
35846.8,51862.3,36289.6,52324.6,0.7129
48966.8,11526.4,49105.3,11840.0,0.7129
75527.3,20885.3,75840.0,20972.8,0.7129
69924.2,23524.9,70372.3,23679.5,0.7127
102642.4,12836.8,103023.2,12985.1,0.7127
25293.6,64449.2,25626.3,64960.0,0.7127
31278.6,36470.0,31662.1,36538.6,0.7127
41130.4,28664.3,41279.6,28797.9,0.7127
25298.7,60800.0,25775.5,61350.9,0.7126
33764.3,47650.1,33920.0,47680.0,0.7126
57879.7,18734.3,58240.0,18876.4,0.7126
28473.2,37760.0,28761.7,37916.4,0.7126
62524.1,17231.3,62710.5,17472.6,0.7126
105310.4,22499.4,105915.7,23039.6,0.7125
19846.2,33045.0,20458.3,33535.3,0.7125
32817.9,21436.8,32960.0,21561.3,0.7125
55680.0,9074.3,56020.5,9415.2,0.7125
111091.0,18880.0,111680.0,19397.5,0.7124
24373.3,51011.5,24544.2,51177.2,0.7124
109087.7,23963.5,109144.1,24026.3,0.7123
98273.2,12537.3,98426.9,12580.6,0.7122
89280.0,7364.4,89585.0,7718.2,0.7122
77771.3,20801.4,78400.0,21120.0,0.7120
61104.5,18812.0,61440.0,18906.3,0.7120
28734.1,52823.3,29118.6,53111.0,0.7120
126751.6,28480.0,127360.0,28871.4,0.7119
106714.3,7681.9,106987.4,7747.5,0.7119
92492.8,16853.3,93120.0,17265.7,0.7118
80659.2,20007.5,81247.4,20154.1,0.7118
75451.7,21453.9,75840.0,21542.0,0.7118
122574.2,39245.0,123200.0,39677.3,0.7117
35320.4,42880.0,35495.7,43255.5,0.7116
54111.4,16064.1,54367.5,16300.9,0.7116
116357.1,25565.4,116480.0,25767.4,0.7116
77785.5,7360.0,78400.0,7842.2,0.7115
43469.0,19532.4,43721.7,19801.3,0.7115
8330.8,66812.3,8960.0,67200.0,0.7115
82732.0,17294.8,82879.8,17525.0,0.7115
79360.0,14443.5,79861.3,14599.9,0.7114
105601.9,16448.9,105818.7,16639.0,0.7114
25920.0,38563.5,26417.4,38715.7,0.7114
17706.6,34572.5,18240.0,34755.5,0.7114
16389.0,36142.4,16488.5,36428.6,0.7113
76280.3,8120.1,76480.0,8218.2,0.7113
70080.0,22400.0,70703.1,22719.6,0.7112
82560.0,19844.4,82925.5,19998.0,0.7112
61520.3,14747.6,61760.0,15064.0,0.7112
75645.9,15164.7,76160.0,15348.6,0.7112
120747.3,37359.5,120959.5,37440.0,0.7111
38332.1,27401.8,38400.0,27520.0,0.7111
108856.4,16642.6,109119.1,17156.5,0.7111
100480.0,6452.2,101073.4,6744.5,0.7111
57928.0,22220.8,58084.3,22295.3,0.7111
102778.5,12341.8,103360.0,12625.7,0.7111
30537.5,58040.6,31007.6,58225.4,0.7111
25554.1,48842.7,25735.3,49162.2,0.7110
13761.2,66000.5,13886.6,66240.0,0.7110
73999.6,13315.9,74240.0,13439.8,0.7110
61142.7,3847.3,61760.0,4344.8,0.7110
20810.6,43640.5,21221.7,43968.4,0.7110
18894.8,35566.8,19520.0,35840.0,0.7110
51221.9,23786.9,51840.0,24166.4,0.7110
22400.4,30400.0,22745.0,30609.0,0.7109
19118.5,43980.4,19520.0,44150.9,0.7109
21767.1,36481.1,22111.1,36785.5,0.7109
92800.0,8041.2,93197.2,8188.0,0.7108
32768.9,31680.0,32955.7,32007.2,0.7107
36904.2,34565.6,37025.3,34721.0,0.7107
61443.1,13580.0,62080.0,13927.4,0.7107
73700.0,16411.3,74205.4,16937.0,0.7107
14720.0,62237.1,15001.4,62399.3,0.7107
69604.6,10242.4,70074.4,10555.3,0.7107
128000.0,29852.6,128253.6,30037.1,0.7106
42132.9,16618.9,42240.0,16939.9,0.7106
34483.9,8684.4,34560.0,8877.1,0.7106
122261.1,25641.4,122880.0,26201.7,0.7106
57332.4,12482.4,57530.4,12636.3,0.7106
28162.0,43910.0,28329.2,44046.9,0.7106
82149.9,13710.8,82560.0,13857.9,0.7105
29928.7,39092.2,30078.5,39219.0,0.7105
51224.4,23803.1,51835.2,23990.9,0.7105
39686.7,13441.5,39899.0,13983.1,0.7104
78993.7,7680.0,79360.0,7805.5,0.7102
35840.2,28485.8,36124.9,28870.9,0.7102
29760.0,33453.1,29979.9,33585.6,0.7101
37743.7,14220.7,38080.0,14400.0,0.7101
115531.0,22736.7,115888.1,23036.5,0.7100
65036.4,5760.0,65278.8,5946.5,0.7100
47730.2,9024.7,48320.0,9189.4,0.7100
31682.4,47056.0,31793.7,47358.1,0.7099
16430.1,39363.4,16910.1,39568.0,0.7098
54080.0,10677.2,54618.8,10856.1,0.7098
24291.7,49600.0,24360.4,49689.7,0.7098
99141.0,14532.4,99514.8,14627.1,0.7097
33525.8,20716.1,33920.0,20800.0,0.7096
107538.1,22230.5,108089.8,22720.0,0.7096
61702.4,10570.8,61973.9,10635.4,0.7096
27175.1,61751.9,27391.9,61887.0,0.7095
32640.0,45986.8,33132.5,46400.0,0.7095
30727.3,46099.1,31360.0,46400.0,0.7095
19561.1,50117.6,19924.4,50237.3,0.7095
60802.8,13174.1,60984.1,13440.0,0.7094
7942.1,66790.6,8216.0,66879.4,0.7092
36710.0,33574.4,36817.3,33809.3,0.7090
56380.1,19450.9,56495.1,19582.6,0.7090
14963.2,65600.0,15037.6,65884.2,0.7090
99059.0,10191.3,99134.1,10299.2,0.7090
117165.3,22720.0,117760.0,23203.5,0.7090
106882.3,17301.3,107102.2,17609.8,0.7090
123410.5,38475.6,123518.9,38720.0,0.7089
21783.6,28160.0,22400.0,28519.0,0.7089
19071.3,60805.1,19178.8,61009.7,0.7089
35704.1,14192.3,35802.7,14315.5,0.7088
84476.2,12603.9,84795.9,12992.0,0.7088
31047.0,57001.6,31181.2,57279.8,0.7088
32640.0,53277.2,32762.8,53416.3,0.7087
16650.7,46428.4,17047.2,47040.0,0.7087
16961.8,41330.7,17168.8,41586.6,0.7087
21125.5,59975.5,21356.0,60160.0,0.7086
53252.2,18704.4,53753.1,18878.8,0.7086
20356.0,50882.1,20787.4,51200.0,0.7086
49606.2,22725.5,50240.0,23055.8,0.7085
39041.6,30607.6,39251.1,30720.0,0.7085
86402.4,15149.7,86451.0,15263.4,0.7085
61760.0,18786.7,62157.4,18874.8,0.7084
52061.6,5948.8,52150.4,6217.3,0.7083
20482.3,28810.0,21086.8,29089.7,0.7083
72852.7,10653.1,73274.3,11166.4,0.7083
28161.9,63687.1,28507.2,64153.4,0.7083
68801.5,8997.0,68952.2,9280.0,0.7082
85655.2,16323.2,85759.9,16487.6,0.7081
36168.5,27520.0,36799.8,27931.1,0.7081
32960.0,25737.6,33281.5,25915.8,0.7081
68581.7,21763.3,68690.9,21844.4,0.7080
123358.7,37440.0,123513.2,37492.2,0.7080
66724.3,9843.9,66797.8,9947.0,0.7080
104423.9,6205.4,104960.0,6359.1,0.7079
16168.9,29977.3,16319.4,30080.0,0.7079
119710.1,34684.6,120318.3,35196.8,0.7078
72004.7,10260.1,72260.0,10691.3,0.7078
54720.0,22734.2,55342.0,22907.7,0.7078
21818.1,29133.6,22400.0,29712.2,0.7078
63231.1,6003.2,63358.9,6317.9,0.7077
18954.9,36555.1,19512.6,36968.8,0.7077
102720.4,10262.9,103225.0,10449.4,0.7076
28160.0,39360.0,28342.1,39674.9,0.7076
29931.2,51840.0,30079.6,51945.1,0.7076
103695.7,14404.1,104315.1,14592.3,0.7076
104903.1,9600.0,104960.0,9755.8,0.7076
56035.2,9067.9,56163.6,9274.5,0.7075
26979.2,31360.0,27095.0,31627.4,0.7074
28492.0,55693.1,28880.5,56192.1,0.7074
36185.7,56787.2,36559.8,57280.0,0.7073
56892.5,6648.5,57195.7,6717.0,0.7072
10256.6,62499.2,10880.0,63040.0,0.7071
78748.4,7364.9,79360.0,7879.8,0.7071
28319.0,60374.0,28440.1,60475.7,0.7071
26061.0,51895.7,26353.8,52463.5,0.7070
34260.8,10251.9,34463.9,10455.3,0.7069
21319.5,60800.6,21439.4,60937.3,0.7069
35608.3,53772.2,35788.8,53810.6,0.7068
35867.1,16718.2,36153.7,17129.1,0.7068
61352.2,11425.4,61583.3,11518.5,0.7068
42880.4,22982.3,43049.7,23116.8,0.7067
31041.0,32320.0,31142.0,32572.5,0.7066
37321.9,9976.3,37428.0,10236.5,0.7066
120963.5,25920.0,121143.0,26199.0,0.7065
16144.4,28480.0,16317.7,28786.3,0.7065
97760.1,7689.4,98207.1,7871.6,0.7065
83859.5,16923.9,84160.0,16992.7,0.7065
20791.4,61121.0,21115.5,61323.7,0.7064
58317.1,23915.9,58392.9,24006.7,0.7064
28806.4,51666.9,29187.0,52093.6,0.7063
102806.6,12505.4,103037.6,12619.6,0.7062
32381.5,47707.4,32568.4,48000.0,0.7061
71537.1,10001.8,71679.5,10216.0,0.7061
100824.8,14890.2,101118.9,15039.0,0.7061
28332.0,59888.2,28784.3,60075.0,0.7060
48406.9,13053.5,48917.8,13440.0,0.7060
33611.8,22505.8,33829.1,22988.3,0.7060
29696.7,50066.5,29802.7,50264.1,0.7060
24000.0,43958.5,24350.1,44136.6,0.7060
69361.8,17920.0,69756.4,18117.3,0.7059
50560.0,18560.5,50679.4,18708.4,0.7059
51228.4,0.0,51840.0,399.8,0.7059
35532.0,47423.7,35971.2,48000.0,0.7059
16653.3,44804.4,17112.2,45362.7,0.7059
96812.5,13291.4,96960.0,13327.8,0.7059
51027.8,713.3,51228.1,764.6,0.7059
24805.3,31360.0,24960.0,31653.2,0.7058
1153.4,66243.4,1280.0,66420.8,0.7058
39264.7,23102.4,39352.4,23360.0,0.7058
30861.5,36166.1,31359.3,36367.2,0.7058
71968.6,10790.6,72119.4,10878.9,0.7058
73113.7,8586.3,73280.0,8653.5,0.7056
96331.8,14528.8,96960.0,14690.6,0.7056
33166.7,23360.0,33280.0,23608.4,0.7056
66075.4,21155.4,66238.7,21354.0,0.7055
70754.4,20819.0,71345.4,21340.7,0.7055
107504.4,13219.5,107838.4,13374.5,0.7055
37571.9,24441.1,37824.3,24640.0,0.7054
94723.4,14011.8,95040.0,14079.5,0.7054
54720.0,22235.1,55103.1,22336.7,0.7054
39188.6,35641.9,39269.1,35736.9,0.7054
63840.8,10140.6,64000.0,10240.0,0.7053
37630.1,51523.6,37735.8,51760.5,0.7053
51525.6,7068.6,51735.8,7400.0,0.7052
58512.1,14080.4,58560.0,14258.9,0.7051
99016.1,15156.7,99215.8,15199.5,0.7051
24076.7,51717.3,24319.0,51810.3,0.7051
37442.8,34622.0,37665.0,34914.2,0.7050
38297.5,25786.6,38482.9,25831.4,0.7050
21124.3,52861.4,21205.2,52993.9,0.7050
30882.1,57796.2,31039.5,57949.7,0.7050
37205.6,27840.0,37757.2,28444.5,0.7049
97367.2,16320.0,97599.7,16520.6,0.7049
2240.0,63363.1,2465.2,63405.0,0.7049
51234.1,16762.8,51505.7,16871.8,0.7049
87041.2,13768.3,87233.8,13895.2,0.7049
74240.0,22140.4,74578.8,22319.6,0.7048
26331.0,53235.7,26687.3,53760.0,0.7047
16320.0,31116.9,16939.7,31478.5,0.7047
64322.2,22652.5,64792.4,22831.0,0.7046
39680.6,13337.2,39908.7,13464.7,0.7046
37530.1,50880.4,37595.6,51043.0,0.7045
105296.0,8647.3,105809.2,9253.6,0.7045
48337.5,22645.8,48953.9,22818.3,0.7045
73478.1,13032.1,73713.6,13120.0,0.7045
78400.0,14445.5,78950.2,14591.2,0.7045
101737.7,14519.2,102080.0,14594.8,0.7045
30108.3,39921.3,30547.8,40276.7,0.7044
32640.0,18107.7,32865.0,18240.0,0.7044
120030.4,34918.0,120637.4,35425.3,0.7044
30531.2,41486.8,31040.0,41651.3,0.7044
51447.8,18638.6,51838.0,18879.1,0.7043
57920.0,15515.2,58223.8,15680.0,0.7043
31040.0,41920.0,31640.7,42273.5,0.7043
31680.0,20104.0,32190.2,20301.7,0.7043
33548.2,26108.0,33864.6,26233.0,0.7042
105206.6,17822.2,105431.4,17918.1,0.7042
53128.4,1602.4,53303.7,1740.8,0.7041
19299.1,56407.0,19522.0,56638.6,0.7041
56363.6,3618.6,56950.2,4077.1,0.7041
37440.8,29810.7,37652.2,30080.0,0.7040
68667.7,21973.6,69015.7,22046.9,0.7040
13369.9,61456.5,13438.5,61626.2,0.7039
32000.5,57769.2,32095.6,57920.0,0.7039
31160.8,53125.3,31680.0,53550.0,0.7038
21120.0,34265.3,21364.3,34730.7,0.7038
28480.0,44231.5,29038.9,44386.5,0.7038
87682.6,10882.7,87862.8,11076.5,0.7038
42884.1,11426.3,43151.4,11520.0,0.7038
34591.5,27689.3,34873.8,27837.7,0.7038
35851.6,36891.7,36420.3,37440.0,0.7037
63040.0,18700.0,63631.9,18876.6,0.7037
21115.2,48962.0,21299.6,49003.8,0.7037
36800.0,8321.0,37410.9,8504.7,0.7037
22402.9,54967.6,22504.1,55132.8,0.7036
39048.3,14258.2,39680.0,14704.7,0.7036
24717.2,64711.6,24956.7,64953.6,0.7036
68441.2,8641.6,68758.7,8892.1,0.7035
101760.0,6256.1,101896.3,6396.4,0.7034
20500.9,32640.0,21120.0,32878.9,0.7033
31430.1,53125.4,31675.7,53291.0,0.7033
61440.0,17985.8,61763.8,18239.3,0.7033
20800.0,44483.2,21256.1,44646.8,0.7032
68178.5,10180.6,68756.0,10559.6,0.7032
77728.1,22630.1,77885.9,22719.8,0.7032
23368.9,54250.5,23790.1,54704.1,0.7031
26015.9,43270.7,26461.5,43422.6,0.7031
18873.5,47612.8,19155.2,47679.3,0.7030
47392.4,22540.5,47982.3,22687.0,0.7030
75840.3,19976.1,75927.0,20105.2,0.7030
114095.1,22075.8,114240.0,22121.1,0.7029
21763.8,44872.1,22295.3,45357.6,0.7029
59215.1,18714.8,59840.0,19102.4,0.7028
23884.1,42689.9,24315.0,42880.0,0.7028
22722.9,29106.8,23355.7,29433.4,0.7028
33624.8,53048.1,34238.1,53381.1,0.7028
57599.1,20819.0,57767.5,21014.7,0.7027
96965.7,7186.5,97366.2,7351.8,0.7027
46729.1,10220.2,47151.8,10546.3,0.7027
62179.0,18995.6,62400.0,19154.3,0.7027
26721.0,63049.9,26880.0,63280.4,0.7026
60482.2,22687.6,61092.4,22869.7,0.7026
37904.2,38407.3,38008.0,38601.1,0.7026
78142.6,15017.7,78360.9,15087.2,0.7025
99840.0,14909.3,100465.1,15081.5,0.7025
18883.5,34925.6,19145.8,35110.6,0.7025
67202.8,7360.0,67277.1,7461.5,0.7024
53126.2,16447.3,53273.3,16738.7,0.7024
66421.5,10142.4,66560.0,10240.0,0.7023
43908.7,17658.1,44076.6,17920.0,0.7023
98201.2,14567.4,98560.0,14712.7,0.7022
37761.7,10329.8,37839.5,10430.1,0.7021
52187.8,18076.9,52480.0,18238.7,0.7020
28163.1,31040.0,28362.2,31331.1,0.7019
27607.6,45456.2,27831.6,45527.3,0.7018
63514.5,16640.9,63680.0,16714.9,0.7017
25280.0,38554.0,25897.9,38718.8,0.7016
64269.8,7361.7,64346.8,7480.8,0.7015
60003.8,18693.3,60470.1,18876.9,0.7015
41926.3,20957.8,42531.8,21116.2,0.7014
17193.2,43651.7,17545.5,43836.4,0.7014
88989.7,15055.1,89588.7,15253.1,0.7014
33929.0,29417.7,34102.2,29476.4,0.7014
23360.3,58880.0,23831.0,59117.1,0.7014
67276.2,16003.5,67818.7,16169.3,0.7014
32228.2,16013.8,32320.0,16282.8,0.7013
120641.5,36973.7,120861.0,37120.0,0.7013
17913.4,64833.9,18210.1,64903.7,0.7013
53692.3,20800.1,54080.0,20874.2,0.7013
41601.2,13474.6,41769.7,13760.0,0.7013
124800.0,37441.3,124989.6,37630.6,0.7013
33754.6,24377.7,33925.0,24619.5,0.7012
69814.4,18949.8,69915.0,19133.2,0.7012
44282.6,22505.1,44472.2,22582.4,0.7011
24528.4,36914.8,24636.1,37117.6,0.7010
38090.5,41335.9,38720.0,41726.7,0.7010
30995.5,31680.4,31069.6,31782.1,0.7010
29599.3,33469.5,29760.0,33577.0,0.7009
37763.2,39360.0,37987.8,39739.3,0.7008
34449.7,20546.8,34811.5,20669.9,0.7008
28183.9,41526.7,28766.4,41920.0,0.7007
33600.0,23105.8,33942.9,23264.8,0.7007
76023.0,16635.0,76284.7,16730.5,0.7006
16999.7,59770.6,17574.3,60155.3,0.7005
58750.9,22966.7,58970.4,23040.0,0.7005
68883.5,17002.1,69202.2,17600.0,0.7004
55693.5,23380.6,56320.0,23680.0,0.7004
55327.9,2467.6,55645.4,2535.3,0.7004
27949.2,60160.8,28160.0,60393.3,0.7003
33976.7,56320.0,34560.0,56768.9,0.7002
78262.7,19344.7,78691.2,19518.5,0.7001
34265.7,49045.1,34413.3,49362.6,0.7001
33600.0,24653.0,33870.8,24818.4,0.7000
28489.7,42640.3,28953.7,43106.3,0.7000
33280.0,20800.3,33445.7,20904.8,0.7000
38340.0,30400.0,38460.0,30728.6,0.6999
77465.6,7370.2,78080.0,7833.7,0.6998
69760.6,16325.7,70126.2,16491.7,0.6998
22854.2,31204.2,23126.0,31356.0,0.6997
21087.0,56483.9,21415.3,56626.2,0.6996
58970.1,23040.3,59164.1,23094.3,0.6996
45846.0,12851.5,46384.1,13435.7,0.6995
18888.1,38697.1,19520.0,39040.0,0.6995
23072.7,33971.7,23435.4,34560.0,0.6995
95398.0,7853.2,96000.0,7995.0,0.6995
33833.2,41957.7,33925.9,42214.9,0.6994
48961.4,9158.0,49168.6,9256.0,0.6994
94720.5,15056.7,94886.6,15271.9,0.6994
31694.7,46342.6,31829.0,46399.2,0.6994
76756.8,9631.9,77106.7,10010.7,0.6993
39360.0,10583.2,39990.9,10876.9,0.6993
31720.7,13143.4,31832.8,13271.0,0.6993
95369.7,14231.8,96000.0,14577.1,0.6993
27842.6,48641.8,27994.2,48959.1,0.6992
34333.6,23115.9,34866.4,23271.2,0.6992
63364.4,6933.2,63590.7,7354.4,0.6991
33612.9,25127.8,34236.2,25598.2,0.6990
11975.4,66303.8,12147.9,66687.3,0.6990
95045.4,14400.0,95680.0,14718.0,0.6990
104640.0,5836.8,105162.5,5980.3,0.6990
68253.7,16158.6,68800.0,16311.8,0.6990
105609.4,13518.8,106240.0,13701.6,0.6989
22151.7,44687.0,22311.7,44748.6,0.6989
61455.4,13760.7,62079.3,13917.6,0.6989
50685.2,0.0,50879.6,104.6,0.6988
36374.5,10262.3,36479.3,10461.3,0.6987
35204.9,40024.2,35650.0,40312.9,0.6987
63936.0,16643.3,64056.2,16706.6,0.6986
23361.2,52880.7,23578.2,53120.0,0.6986
45343.7,11891.6,45754.5,12338.7,0.6986
24905.8,42614.0,24960.0,42795.9,0.6985
96320.0,7715.7,96815.5,7863.1,0.6985
15360.0,66057.7,15602.2,66560.0,0.6985
68891.5,20236.9,69344.3,20800.0,0.6985
101450.1,6206.2,101914.8,6393.4,0.6985
35840.0,14283.3,36356.0,14441.3,0.6985
82564.3,13640.3,82895.9,13793.1,0.6984
16427.9,63680.0,16640.0,63904.9,0.6983
21760.0,47735.6,21935.4,48000.0,0.6983
32640.0,20452.3,33272.0,20800.0,0.6982
100330.8,16335.4,100480.0,16640.0,0.6982
70086.2,10885.6,70469.3,11331.6,0.6982
107670.0,16000.0,108111.6,16522.2,0.6982
24037.7,38582.5,24315.2,38760.0,0.6981
121333.8,25280.0,121920.0,25680.1,0.6981
61114.6,20972.0,61440.0,21106.6,0.6980
18560.5,51720.6,18908.8,51915.9,0.6980
54892.6,10627.1,55324.0,10814.0,0.6980
89351.1,19413.3,89597.2,19520.0,0.6979
32237.0,24328.7,32640.0,24537.2,0.6979
37131.0,19217.0,37491.1,19773.5,0.6979
60165.3,11267.0,60357.9,11445.9,0.6979
100802.2,8354.6,101431.0,8703.0,0.6978
14565.8,62514.4,14690.1,62716.6,0.6978
37440.0,13441.4,37755.0,13510.9,0.6978
32084.5,57920.0,32640.0,58218.0,0.6977
42880.0,11200.1,43033.1,11305.2,0.6976
71040.0,21603.5,71489.5,21757.0,0.6976
25767.7,35542.4,25920.0,35626.2,0.6976
83384.3,16999.9,83517.3,17280.0,0.6975
88512.8,18890.4,88640.0,19027.7,0.6975
38454.8,12813.8,38534.6,12932.9,0.6973
20551.9,36480.0,21120.0,36863.2,0.6973
30081.4,52566.2,30231.3,52798.9,0.6973
103446.6,4482.8,103998.6,4632.2,0.6973
53171.7,640.0,53760.0,1178.4,0.6972
57889.8,19466.3,58239.3,19632.4,0.6972
26344.3,59200.0,26880.0,59687.8,0.6971
127372.6,31403.5,127872.2,32000.0,0.6971
59398.1,20990.2,59520.0,21035.7,0.6970
73702.8,13645.7,73920.0,13759.6,0.6970
74564.1,15137.0,75200.0,15496.8,0.6970
91200.0,14388.2,91838.8,14554.2,0.6970
43821.1,18488.3,43897.9,18559.1,0.6969
105995.6,20201.5,106551.5,20767.4,0.6969
93128.4,14317.1,93760.0,14654.1,0.6969
78286.5,17609.3,78399.2,17787.9,0.6969
58094.3,21914.3,58240.0,22076.9,0.6968
98683.2,16189.3,98770.8,16457.5,0.6968
34246.0,21120.0,34880.0,21413.6,0.6968
79089.3,21440.8,79352.2,21612.7,0.6967
129236.3,34949.4,129600.0,35520.0,0.6965
116898.9,22720.0,117440.0,23044.6,0.6965
38513.4,30400.0,38634.4,30572.3,0.6965
63960.5,20276.6,64113.7,20575.7,0.6964
114240.0,25753.0,114509.3,26240.0,0.6964
96960.0,7781.4,97142.8,8000.0,0.6964
49166.4,10111.8,49276.6,10325.7,0.6964
76088.2,8170.8,76201.6,8510.0,0.6963
58768.1,16731.6,58880.0,16960.0,0.6962
87910.2,13362.7,87999.4,13440.0,0.6962
24175.0,47244.2,24317.5,47472.2,0.6960
27526.1,44224.7,28160.0,44572.5,0.6960
99212.2,13203.2,99546.0,13322.2,0.6960
34240.0,28580.9,34393.4,28653.3,0.6960
28480.0,51054.5,28728.5,51151.4,0.6959
37440.2,27909.9,38045.2,28477.9,0.6959
107204.0,21611.1,107267.0,21744.5,0.6958
27523.1,38623.6,27742.2,38780.7,0.6958
83201.3,18560.0,83401.1,18748.6,0.6958
87787.0,17920.0,88257.6,18389.9,0.6957
68810.5,24209.3,69021.6,24266.7,0.6957
30178.6,45790.8,30282.1,46080.0,0.6956
95680.0,7819.4,96216.6,7969.2,0.6955
53440.0,22024.5,54032.6,22175.6,0.6955
20480.0,37292.6,21067.4,37451.0,0.6954
38760.6,20566.6,39040.0,20834.8,0.6954
70080.0,10115.0,70378.2,10560.0,0.6954
106151.3,16555.0,106549.4,16960.0,0.6954
56320.0,21931.9,56567.2,22080.0,0.6953
102720.4,9739.1,103070.8,9906.5,0.6952
59521.8,20806.4,59619.0,21018.0,0.6951
3022.0,63945.9,3227.4,63985.0,0.6951
37440.0,20311.7,37564.7,20546.3,0.6951
61764.8,22720.0,62400.0,23079.7,0.6951
18880.6,32440.5,19424.4,32622.1,0.6951
53059.7,22080.0,53433.4,22197.0,0.6950
90575.7,8320.0,90763.3,8396.3,0.6950
28443.3,59589.4,28519.7,59756.2,0.6950
34707.6,17668.7,34807.2,17991.0,0.6949
20804.6,50718.6,21251.7,51182.7,0.6949
34563.8,41285.3,34778.8,41704.1,0.6949
59840.2,20801.4,60030.6,20995.5,0.6949
82880.0,12373.4,83125.7,12480.0,0.6948
128679.2,29445.8,129280.0,30032.3,0.6948
51930.2,9920.0,52480.0,10260.0,0.6946
24020.8,58607.4,24640.0,58868.0,0.6946
51840.0,2945.8,51932.2,3200.0,0.6946
62254.2,18983.6,62621.0,19056.3,0.6946
20833.6,35849.3,21120.0,36131.1,0.6946
47133.9,9881.6,47289.8,9920.0,0.6945
120180.9,32629.8,120320.0,32677.6,0.6945
19874.1,35010.0,20404.0,35194.9,0.6945
68898.3,16962.3,69120.0,17342.5,0.6945
35840.6,56685.6,35987.3,56856.5,0.6945
48596.8,9284.3,48922.8,9382.4,0.6944
78765.9,19855.2,79353.9,20319.6,0.6944
96338.2,5120.0,96958.7,5497.3,0.6942
33342.3,22537.0,33484.7,22586.9,0.6942
69500.9,11845.4,69760.0,12027.8,0.6942
74739.6,9921.2,74880.0,10156.9,0.6941
31042.7,41532.2,31360.0,41593.0,0.6941
26834.0,34240.0,26959.2,34562.3,0.6940
87680.0,11909.3,88293.6,12250.0,0.6940
106248.3,16509.2,106707.1,16960.0,0.6940
23680.0,34245.2,23746.4,34416.8,0.6939
113601.7,20800.0,113920.0,21052.9,0.6939
55042.1,22019.1,55246.2,22164.1,0.6939
101752.1,9990.2,102080.0,10120.2,0.6939
27525.3,31680.0,27706.6,31776.7,0.6938
39758.4,44805.7,39998.5,45144.0,0.6938
73713.2,18568.6,73853.5,18699.8,0.6938
57600.0,23040.3,57857.6,23105.0,0.6937
81862.2,9767.8,82213.0,10091.3,0.6937
33920.5,11205.0,34333.2,11428.2,0.6937
101997.5,6349.5,102394.7,6451.5,0.6937
33294.8,8000.0,33920.0,8280.0,0.6937
16644.1,42386.0,17021.7,42553.9,0.6937
16640.9,38628.3,16833.2,38719.4,0.6937
19892.1,65724.4,20160.0,65917.1,0.6936
25929.3,38292.4,26240.0,38400.0,0.6936
119697.0,26090.2,120000.0,26240.0,0.6936
79423.0,17061.7,79615.8,17600.0,0.6936
81140.6,17836.1,81278.7,18162.2,0.6936
28800.9,38827.3,28897.0,38953.2,0.6935
113749.2,21482.8,113916.2,21723.7,0.6935
103696.0,17010.8,104017.1,17600.0,0.6934
42253.9,17739.1,42560.0,17800.7,0.6934
26240.2,30872.1,26313.3,31021.5,0.6933
58880.0,18744.1,59504.3,19111.9,0.6933
21761.3,35532.7,22151.2,35834.3,0.6933
89315.9,12047.0,89920.0,12359.7,0.6932
58586.1,2880.0,59200.0,3326.2,0.6932
34694.7,51012.0,34773.0,51186.3,0.6932
104450.3,15047.4,104639.8,15232.1,0.6932
22721.1,38654.1,22860.2,38738.6,0.6931
30794.0,41284.2,31040.0,41353.7,0.6931
15140.7,67840.0,15298.1,68091.4,0.6931
22080.6,41919.2,22196.2,42233.5,0.6930
35791.4,51055.3,35840.0,51142.3,0.6929
24635.1,38607.1,24960.0,38720.0,0.6929
87380.4,16107.2,87996.1,16318.7,0.6929
17750.3,59676.7,17919.0,59833.2,0.6928
33517.6,26243.6,33915.4,26426.6,0.6927
15696.3,68607.0,16320.0,69118.5,0.6927
39684.9,9344.4,40021.6,9556.4,0.6926
102687.5,19521.9,103040.0,19730.0,0.6926
24320.0,40477.8,24534.5,40773.2,0.6926
28853.1,38613.2,29436.1,39003.9,0.6925
33600.0,46631.7,33856.3,46695.3,0.6925
9940.6,62498.0,10560.0,62992.4,0.6925
83520.0,8811.0,84093.0,8956.5,0.6925
94738.6,13586.9,95040.8,13649.6,0.6924
28326.3,48065.4,28433.7,48373.6,0.6924
38139.2,57335.9,38710.0,57920.0,0.6923
60877.3,18818.8,61120.0,18909.2,0.6922
29760.9,55384.3,30049.9,55477.5,0.6922
121554.6,36778.5,121888.6,37118.8,0.6922
32645.1,36894.1,32874.8,37120.0,0.6922
52804.2,22358.0,53440.0,22682.4,0.6921
33920.0,39534.4,34428.3,39677.3,0.6921
122992.1,28800.0,123520.0,29291.6,0.6920
11863.2,61854.8,12479.5,62383.1,0.6919
74242.8,11967.7,74291.4,12075.3,0.6919
33670.8,10880.0,33920.0,10998.0,0.6919
48640.0,21377.7,48879.7,21440.0,0.6918
107279.8,17600.7,107840.0,17822.0,0.6918
90908.1,11387.4,91520.0,11772.8,0.6918
37777.7,28800.0,38400.0,29080.2,0.6917
83003.9,8630.7,83193.9,8759.6,0.6917
97728.4,10531.8,97867.3,10836.2,0.6917
32962.3,52718.2,33045.6,52845.7,0.6916
18322.6,51245.0,18804.2,51510.4,0.6916
68802.4,16351.2,68865.8,16502.4,0.6915
26881.7,37128.1,26945.9,37326.5,0.6913
86400.0,20800.0,86454.6,20947.7,0.6912
77844.9,16643.4,78080.0,16788.7,0.6912
37829.8,24541.9,37980.8,24719.3,0.6911
51529.8,11975.7,52008.8,12461.0,0.6910
69483.9,11840.0,70046.9,12062.5,0.6910
45120.0,21760.0,45747.2,22192.3,0.6909
103040.0,12811.6,103597.6,12979.6,0.6909
112000.0,22493.5,112182.9,22720.0,0.6909
70366.6,17920.0,70487.6,18123.1,0.6909
55392.6,23249.7,55568.1,23292.7,0.6908
37942.2,15138.7,38070.6,15433.6,0.6908
69760.0,21856.3,70285.7,22010.2,0.6908
106562.6,16649.4,106644.8,16907.6,0.6907
77480.6,14798.9,78080.0,14993.9,0.6906
100457.9,18240.0,100771.4,18432.0,0.6906
80024.0,17630.7,80358.8,17691.7,0.6904
26462.2,56644.9,26855.3,57032.8,0.6904
35990.3,19013.9,36242.3,19197.8,0.6904
27952.1,56373.2,28159.6,56640.0,0.6903
27536.4,53599.5,27848.3,54080.0,0.6903
126080.0,29188.7,126206.3,29383.7,0.6902
32292.6,47725.6,32605.2,48320.0,0.6901
32274.5,11840.0,32640.0,11962.4,0.6900
56321.3,6084.6,56372.5,6184.3,0.6900
127716.6,28866.5,128320.0,29431.3,0.6900
62312.3,23040.0,62395.7,23143.5,0.6900
18382.9,63209.5,18559.2,63342.1,0.6900
35958.7,58965.6,36156.0,59200.0,0.6900
94901.5,6554.1,94978.1,6715.2,0.6899
19200.0,36517.0,19824.9,36995.5,0.6899
46296.8,12245.3,46398.5,12546.2,0.6898
90276.7,11345.9,90880.0,11769.7,0.6898
72659.7,17666.3,73261.1,18195.2,0.6898
44160.0,21578.2,44706.7,21751.7,0.6898
34127.4,22081.8,34559.5,22243.9,0.6897
51089.8,3871.4,51199.6,4045.1,0.6896
87041.4,8017.2,87479.2,8295.4,0.6896
32323.5,15680.0,32508.8,16144.9,0.6896
60322.5,20163.0,60479.4,20328.3,0.6896
57603.1,7863.7,57815.5,8320.0,0.6895
24127.5,51428.8,24320.0,51520.0,0.6895
77128.0,9290.9,77295.5,9595.7,0.6895
16974.6,61803.3,17420.6,62233.0,0.6895
18164.1,66815.4,18342.8,66926.7,0.6894
31058.0,45558.6,31606.3,46069.4,0.6894
54998.6,14616.9,55150.3,14668.1,0.6894
40101.9,29113.2,40640.0,29440.0,0.6893
76108.8,7750.6,76249.6,7858.3,0.6892
37440.0,25019.8,37585.3,25280.0,0.6892
65936.7,9698.4,66240.0,9862.5,0.6892
35200.0,52684.9,35372.1,52800.0,0.6891
45440.0,10072.3,46065.2,10232.7,0.6890
27040.6,33954.9,27463.0,34560.0,0.6889
32644.5,51120.9,32872.8,51200.0,0.6889
17051.2,37760.0,17171.9,38076.5,0.6888
36480.2,22826.6,36569.3,22946.1,0.6888
50562.3,21112.6,50648.3,21378.1,0.6888
16719.0,40611.3,16828.4,40683.2,0.6888
69590.0,22590.8,69913.1,22663.5,0.6888
126721.4,32740.6,127218.9,33280.0,0.6887
35526.5,38537.2,36152.3,38679.1,0.6886
85461.1,7040.0,86080.0,7449.0,0.6886
19231.5,58883.3,19836.0,59478.3,0.6885
70743.0,7085.7,71360.0,7657.1,0.6885
69915.3,19723.6,70372.1,20153.1,0.6885
60451.0,9115.0,60521.6,9203.7,0.6885
35520.0,26888.4,35928.8,27052.6,0.6885
76345.1,8043.7,76785.7,8620.0,0.6884
63040.0,16322.2,63510.3,16486.5,0.6884
37773.5,23412.7,38370.7,23978.2,0.6883
42808.2,10198.0,43022.2,10287.4,0.6883
39714.8,43840.0,40320.0,44170.4,0.6883
55818.4,12800.0,55940.0,13066.4,0.6882
16655.3,64000.0,16960.0,64430.8,0.6882
119071.1,36890.5,119665.0,37440.0,0.6882
129316.9,29793.5,129920.0,30381.3,0.6881
59520.7,9741.4,59702.5,9917.3,0.6881
67200.4,16551.2,67307.2,16723.0,0.6881
22342.5,51840.0,22714.9,51904.8,0.6880
64836.7,18760.5,65006.8,18876.7,0.6880
49191.3,13025.1,49409.7,13066.0,0.6880
45734.2,16000.0,46073.1,16483.6,0.6878
62812.8,21494.6,63040.0,21760.0,0.6878
38400.0,8325.0,38999.4,8471.3,0.6878
57888.8,9560.7,58197.4,9625.4,0.6877
55177.3,20889.7,55355.4,21030.9,0.6877
68160.0,10113.3,68420.4,10240.0,0.6877
40423.6,20255.3,40639.3,20475.8,0.6876
21760.0,34263.6,22102.7,34553.7,0.6876
56558.8,22080.3,56890.0,22181.7,0.6876
24640.0,38914.4,25117.6,39061.3,0.6875
68464.6,19387.7,68640.0,19433.4,0.6874
45769.3,9098.1,46088.7,9600.0,0.6874
95187.2,10410.7,95357.7,10690.7,0.6874
22103.2,33280.0,22578.5,33559.8,0.6874
26783.0,38885.6,27200.0,39032.0,0.6874
56352.4,2240.0,56640.0,2373.3,0.6873
73188.7,11901.7,73300.1,12129.8,0.6873
69717.3,22596.7,70073.5,22666.6,0.6873
89541.4,8641.7,89920.0,8754.5,0.6872
99690.4,12361.2,99840.0,12475.1,0.6872
33471.9,39336.4,33646.2,39373.1,0.6872
37120.0,40013.5,37425.5,40528.0,0.6872
49693.1,11331.9,49750.8,11520.0,0.6871
31640.4,31378.6,31946.6,32000.0,0.6871
77053.9,15339.1,77391.2,15452.7,0.6871
34191.0,37440.0,34273.4,37584.3,0.6871
107240.1,11854.4,107520.0,12199.6,0.6871
32161.0,26103.7,32343.4,26236.0,0.6871
23048.1,55527.2,23494.0,55972.2,0.6870
38961.0,37679.3,39153.6,37759.7,0.6870
27262.5,32346.2,27332.5,32478.5,0.6870
32002.8,25218.6,32354.5,25600.0,0.6870
105922.1,15375.7,106157.6,15852.6,0.6869
37970.3,34178.7,38080.0,34254.2,0.6869
52807.8,20196.3,53102.9,20618.8,0.6868
12493.9,61120.0,13120.0,61477.6,0.6868
63381.8,6285.9,63804.7,6590.4,0.6868
98888.8,14638.6,99520.0,14818.4,0.6868
53761.6,2540.8,53846.8,2696.4,0.6868
19453.5,50965.5,19833.5,51185.1,0.6867
29766.3,35103.4,30007.9,35276.3,0.6867
122892.8,39370.0,123520.0,39673.2,0.6866
21621.8,58493.4,22062.4,58682.1,0.6866
87360.0,9225.0,87837.4,9364.2,0.6866
23040.1,43200.0,23224.1,43317.1,0.6866
20634.2,30203.7,20795.5,30393.4,0.6865
49350.0,22428.3,49916.9,22641.4,0.6863
52240.5,11843.3,52480.0,12112.8,0.6863
125149.2,27520.0,125760.0,27944.0,0.6862
40942.8,28392.7,41280.0,28545.6,0.6861
38133.1,29576.6,38400.0,29754.8,0.6860
17284.9,59699.7,17463.3,59840.0,0.6859
86450.9,8005.4,87032.8,8438.2,0.6858
18395.2,29262.3,18816.5,29760.0,0.6858
67139.9,17276.3,67198.8,17371.2,0.6858
20480.0,37120.0,21104.4,37453.3,0.6858
17313.3,27676.0,17848.0,27838.0,0.6858
41617.1,8966.0,41888.3,9260.7,0.6857
66632.4,23813.0,66761.0,23999.6,0.6857
6408.2,67164.2,7040.0,67506.2,0.6857
102400.0,6228.8,103018.8,6391.0,0.6856
18414.1,63360.6,18471.1,63488.8,0.6856
120321.2,33501.5,120496.6,33600.0,0.6856
37371.8,14613.6,37730.8,14955.9,0.6856
101291.3,18450.8,101435.8,18560.0,0.6855
87062.9,7040.0,87680.0,7468.9,0.6855
87700.2,12314.3,87988.1,12390.6,0.6853
20529.0,50893.7,21120.0,51190.3,0.6853
20946.4,48960.0,21118.4,49067.0,0.6853
72941.7,18242.2,73085.4,18329.3,0.6853
47547.0,10562.3,47676.3,10694.1,0.6852
29882.3,45771.7,30078.1,45815.1,0.6852
99524.1,12426.7,99578.0,12538.9,0.6852
98836.9,13134.9,98893.7,13313.3,0.6852
32798.7,47378.4,32964.1,47537.5,0.6852
25708.3,56438.4,25912.2,56517.2,0.6851
57874.7,8893.7,58227.7,9280.0,0.6851
120985.2,27846.5,121403.3,28171.0,0.6851
20990.3,28566.1,21118.4,28679.2,0.6850
119680.0,33606.4,120053.4,33924.3,0.6850
100166.3,14922.1,100793.3,15074.8,0.6850
63680.0,6081.5,63972.9,6149.2,0.6849
25942.7,31165.2,26552.5,31360.0,0.6849
18242.1,37760.0,18456.4,38017.9,0.6849
102163.5,10849.5,102300.9,10880.0,0.6848
47731.6,9400.0,48320.0,9674.8,0.6848
111847.2,21542.4,111998.4,21691.3,0.6848
64659.1,23469.0,65276.3,24000.0,0.6847
23417.6,63127.3,23576.5,63360.0,0.6847
104640.0,6411.4,105110.2,6614.4,0.6847
20376.9,31728.7,20755.5,32310.7,0.6847
113647.7,20514.5,114240.0,21095.1,0.6846
30666.7,27204.3,30900.1,27393.9,0.6846
39370.0,38757.4,40000.0,39018.9,0.6846
101545.7,9604.0,102073.3,9752.6,0.6845
19962.1,36885.8,20367.9,37089.9,0.6845
56113.1,22402.1,56343.0,22597.7,0.6845
19981.0,32006.3,20170.0,32046.4,0.6845
34240.0,38741.8,34837.7,38962.6,0.6845
85009.5,13556.2,85288.5,14080.0,0.6845
90517.2,8481.1,90880.0,8581.0,0.6845
85371.4,9165.4,85755.8,9262.5,0.6844
7040.0,66108.3,7170.7,66208.1,0.6843
73376.6,17751.3,73920.0,17916.6,0.6843
37443.3,53610.5,37556.1,53759.5,0.6843
37237.6,24692.4,37438.4,24960.0,0.6843
89935.4,14569.0,90237.7,14712.6,0.6842
119648.5,32478.5,119965.8,32562.8,0.6841
19984.6,44236.9,20462.7,44800.0,0.6841
67007.4,10091.9,67299.0,10153.7,0.6841
18393.5,42240.0,18558.4,42454.8,0.6841
18337.8,30112.2,18880.0,30387.7,0.6841
72641.7,12482.2,72833.7,12651.3,0.6840
32000.0,31881.6,32260.1,31999.9,0.6839
88310.6,9807.8,88640.0,9900.9,0.6838
57445.5,16000.0,57599.9,16121.9,0.6838
45779.2,23163.3,46398.8,23680.0,0.6838
68800.0,10571.3,69106.6,11047.2,0.6837
77786.0,19771.7,78080.0,19925.1,0.6837
81280.0,9015.1,81460.9,9218.8,0.6837
96963.8,15514.9,97406.2,15995.0,0.6836
94720.0,7614.1,95050.3,7791.7,0.6835
126422.2,33606.1,126979.1,34164.6,0.6835
82739.5,18755.0,83025.2,18877.2,0.6834
38006.4,8330.0,38390.0,8514.5,0.6834
30722.2,51302.7,30888.5,51520.0,0.6834
86087.2,14080.0,86719.3,14394.8,0.6834
4076.0,63195.7,4325.9,63637.4,0.6833
107611.7,14768.3,108160.0,15355.7,0.6833
109135.7,24331.7,109760.0,24640.0,0.6833
37187.7,26242.3,37760.0,26591.4,0.6832
87507.2,11785.2,87812.3,11902.6,0.6832
34831.0,40522.1,34878.4,40640.0,0.6831
53776.3,10628.2,54400.0,10936.5,0.6831
40657.4,20331.8,41147.4,20800.0,0.6830
32041.9,9105.5,32154.7,9343.1,0.6830
33541.5,52810.4,33916.6,52999.8,0.6830
44165.1,16822.8,44304.8,17152.1,0.6830
16647.9,25931.0,17274.9,26503.4,0.6829
21506.8,53355.8,21760.0,53445.8,0.6829
81894.1,9759.1,82191.5,9913.9,0.6828
34741.4,53778.9,34880.0,53827.6,0.6828
59793.4,5506.1,60013.0,5652.7,0.6827
37097.8,20961.5,37431.0,21132.7,0.6826
96684.2,13395.6,96903.0,13438.1,0.6826
82565.4,13628.2,83200.0,13973.6,0.6826
33066.8,42811.9,33256.1,42880.0,0.6826
102086.4,14403.0,102720.0,14701.2,0.6825
23116.1,33122.8,23680.0,33275.0,0.6824
5422.5,61823.0,5487.4,61948.2,0.6824
24736.8,54757.9,24957.9,55176.0,0.6824
32962.8,38552.9,33070.3,38719.6,0.6823
52696.2,19924.2,52881.6,20158.3,0.6823
25150.7,56136.9,25586.9,56640.0,0.6823
98560.0,9937.4,99191.3,10244.1,0.6823
33984.3,19207.4,34560.0,19361.4,0.6823
45121.1,15367.9,45279.9,15576.1,0.6822
54291.9,21175.6,54434.9,21440.0,0.6822
47040.0,12380.9,47364.1,12784.6,0.6821
109774.0,19202.2,110080.0,19459.0,0.6821
34173.2,37771.9,34279.9,37938.5,0.6821
71042.2,7873.1,71278.8,7982.2,0.6820
68191.8,17671.9,68351.3,17711.5,0.6820
43895.3,11953.1,44480.0,12158.4,0.6819
31519.4,26560.0,31620.0,26748.2,0.6819
91042.6,11434.9,91200.0,11520.0,0.6819
18560.0,42108.8,18631.1,42235.9,0.6819
59563.0,22938.6,59676.0,23034.3,0.6819
89615.6,11506.5,90240.0,11840.0,0.6819
53484.2,960.0,54080.0,1390.0,0.6819
102080.0,12480.0,102314.5,12544.2,0.6818
43520.0,15500.9,43800.1,16000.0,0.6817
43842.6,10146.4,43979.1,10235.0,0.6817
21394.7,36227.5,21750.4,36800.0,0.6817
5324.4,66414.8,5537.3,66495.9,0.6816
117940.2,30012.3,118073.5,30127.6,0.6816
62080.0,13820.7,62679.6,14080.0,0.6815
103040.0,14175.9,103444.2,14334.6,0.6815
77440.4,17345.5,77625.6,17598.4,0.6814
37196.5,45760.0,37290.1,46064.8,0.6814
33922.9,35627.9,34129.8,35820.8,0.6813
46940.8,19746.0,47154.7,19840.0,0.6813
122609.4,29470.8,123181.8,30058.3,0.6812
65129.2,15967.5,65258.6,16000.0,0.6812
32345.0,46268.1,32523.5,46400.0,0.6811
77860.0,10243.9,78079.6,10401.4,0.6811
50560.9,23040.0,51200.0,23290.7,0.6811
123495.2,30720.0,123838.6,31183.7,0.6811
83818.3,11520.1,84160.0,11636.8,0.6811
97948.9,12800.0,98020.2,12945.6,0.6810
71392.0,15781.8,71995.2,15939.3,0.6810
119721.7,24320.0,120320.0,24728.7,0.6810
96613.5,9814.7,96688.7,9946.4,0.6810
127362.2,34327.6,127469.4,34593.5,0.6809
44181.0,8371.9,44800.0,8791.5,0.6809
92809.3,14152.5,93438.3,14300.8,0.6808
128643.1,36160.0,128795.0,36305.0,0.6808
59942.4,23212.3,60031.1,23265.0,0.6808
13138.6,62701.4,13378.3,62780.4,0.6808
121600.2,26560.0,121756.7,26868.7,0.6807
50136.4,15684.0,50504.2,15902.6,0.6806
89114.2,16003.0,89424.7,16239.2,0.6806
40215.1,12222.1,40367.5,12477.3,0.6806
42635.8,14726.6,42761.1,14968.7,0.6806
108177.4,9831.0,108312.5,10027.1,0.6805
37440.1,17971.3,37615.3,18113.0,0.6805
39385.2,12938.8,39720.1,13107.6,0.6805
61046.0,21896.8,61440.0,21970.5,0.6805
36225.8,24331.9,36564.4,24957.2,0.6805
55040.0,12618.6,55302.9,12800.0,0.6804
47977.7,10646.3,48303.3,11200.0,0.6803
29926.9,44826.1,30094.3,45120.0,0.6802
36800.0,21268.6,37379.7,21433.5,0.6802
23397.3,45230.5,23993.4,45735.7,0.6802
22400.0,33154.2,22712.7,33258.3,0.6802
105967.8,6085.4,106560.0,6412.2,0.6801
49589.4,18614.8,49721.5,18879.2,0.6801
39514.6,35451.4,39606.1,35520.0,0.6801
61762.5,17458.4,61904.2,17681.0,0.6801
32660.7,11075.1,32917.9,11185.0,0.6800
22651.3,56320.0,22720.0,56459.8,0.6800
45440.0,9065.2,46071.8,9234.1,0.6800
103360.0,8322.4,103648.3,8721.7,0.6800
53844.2,1024.7,54400.0,1510.4,0.6798
42668.2,17745.5,42881.4,17791.8,0.6797
125120.4,33009.1,125698.3,33579.2,0.6797
88351.6,12242.2,88960.0,12526.5,0.6797
22080.2,43524.4,22243.1,43809.0,0.6797
92487.2,13120.1,92857.1,13393.8,0.6796
91840.0,8202.4,92322.1,8358.7,0.6796
75200.7,15070.2,75780.9,15238.1,0.6796
101482.7,9965.0,102072.7,10365.7,0.6796
93450.3,14003.9,93760.0,14079.7,0.6794
20801.9,55040.0,21313.9,55222.7,0.6793
33697.1,38069.3,33861.0,38328.0,0.6793
74571.9,7381.5,75200.0,7731.5,0.6793
71693.2,23267.3,72320.0,23660.5,0.6792
72808.6,10241.3,72960.0,10393.1,0.6791
29134.3,40960.0,29274.3,41305.9,0.6791
28184.0,51367.9,28785.7,51540.7,0.6791
119680.0,31191.7,119829.6,31356.5,0.6791
27840.0,46181.3,28185.6,46394.9,0.6791
56008.7,21499.9,56063.6,21673.4,0.6791
38082.6,28046.6,38426.1,28477.5,0.6791
17302.7,47105.5,17897.1,47263.8,0.6790
78400.8,11441.9,78622.7,11772.2,0.6790
27136.0,55469.7,27513.2,55639.2,0.6790
73387.1,8323.9,73897.6,8895.3,0.6790
94084.8,10168.2,94292.2,10337.3,0.6790
16463.1,30155.9,16960.0,30627.4,0.6789
4480.0,65656.1,4572.5,65788.1,0.6789
55681.8,21764.6,56113.7,21910.3,0.6788
16964.9,30193.7,17172.2,30576.9,0.6788
57107.8,18565.2,57600.0,18962.7,0.6788
84237.3,15348.9,84479.8,15515.3,0.6788
45760.0,20160.0,46386.0,20343.3,0.6787
25443.8,34888.9,25889.2,35411.6,0.6787
123880.1,26595.0,124480.0,27177.4,0.6787
127080.3,28487.1,127680.0,29070.3,0.6787
77916.1,8220.4,78078.1,8341.8,0.6787
98797.0,13598.9,98878.8,13745.0,0.6786
51853.2,23607.3,52480.0,23995.6,0.6785
47681.6,16958.0,47833.0,17252.1,0.6785
65378.2,16539.6,65598.5,16870.1,0.6785
106991.4,13250.4,107511.9,13760.0,0.6784
24651.6,61760.0,25253.9,62268.7,0.6784
30541.0,46721.7,30738.1,47006.9,0.6783
26293.9,65447.2,26867.8,65918.5,0.6783
90560.3,15047.5,90859.4,15226.6,0.6783
24000.0,35201.3,24412.3,35635.8,0.6782
43520.0,10240.0,43724.5,10466.1,0.6780
98568.0,14804.5,99199.2,15008.3,0.6780
100480.4,13955.2,100648.7,14203.1,0.6780
27860.9,63130.7,28465.8,63669.0,0.6780
50880.0,9600.0,51476.1,9888.4,0.6779
86721.8,18248.1,87053.6,18522.2,0.6779
112000.0,25264.0,112168.0,25570.3,0.6779
30459.5,30598.6,30627.5,30937.6,0.6779
45760.0,17280.0,45883.2,17441.7,0.6779
59319.7,14209.7,59520.0,14395.3,0.6779
24337.7,40524.1,24939.9,40960.0,0.6778
13802.1,65280.0,14400.0,65806.3,0.6778
42609.3,16101.8,42701.9,16311.9,0.6778
39040.0,28261.2,39645.4,28782.1,0.6778
55680.0,7258.2,56285.4,7680.0,0.6777
20160.0,40321.1,20672.0,40500.3,0.6776
55040.0,2560.0,55454.0,2784.6,0.6775
125945.6,32131.4,126369.0,32317.5,0.6775
100160.0,4918.3,100289.0,5182.3,0.6775
96960.0,14216.4,97530.6,14394.3,0.6775
18023.8,27740.5,18536.8,28153.6,0.6775
52473.8,1905.6,52719.0,1983.2,0.6775
54082.5,9600.0,54335.4,9771.2,0.6774
126741.2,34567.8,127360.0,35011.6,0.6774
78912.5,9204.9,79013.2,9288.3,0.6773
33681.9,60592.8,34240.0,61120.0,0.6773
57922.0,13371.7,57975.5,13469.5,0.6772
49916.7,7046.4,50094.1,7225.3,0.6772
27715.6,38602.9,28156.6,38757.5,0.6771
39360.0,9333.6,39981.5,9727.9,0.6770
33280.0,56002.3,33449.4,56045.2,0.6770
37127.4,8000.0,37760.0,8320.2,0.6769
28536.9,37342.2,28745.4,37424.6,0.6769
124800.0,39620.4,125143.9,39680.0,0.6769
21155.5,27869.9,21752.6,28469.8,0.6769
78082.9,16966.7,78281.3,17071.5,0.6769
71364.1,11200.0,71558.6,11368.8,0.6768
77760.0,20841.5,78200.4,20994.9,0.6768
46085.6,19520.0,46275.8,19986.2,0.6767
64000.9,12276.4,64209.6,12439.8,0.6767
74398.1,17133.3,74560.0,17277.0,0.6765
53154.9,22016.4,53760.0,22179.1,0.6765
17873.2,68427.4,17987.4,68744.6,0.6765
45303.0,11320.4,45760.0,11517.8,0.6764
52481.4,12172.8,52758.1,12421.7,0.6763
21850.3,58882.6,22011.0,58922.4,0.6763
58691.3,8000.1,58878.1,8140.7,0.6763
100149.0,14567.4,100480.0,14651.8,0.6762
33647.1,18897.1,34198.2,19463.7,0.6761
59840.0,15363.7,60097.3,15638.0,0.6760
63809.6,8963.1,64129.4,9027.6,0.6759
51543.2,727.0,52002.6,950.3,0.6759
22406.3,51866.9,23040.0,52160.0,0.6759
89291.2,14723.3,89920.0,15040.0,0.6759
68179.2,24756.0,68800.0,25185.5,0.6758
80048.8,14785.8,80190.7,14955.0,0.6758
54400.5,18780.5,54613.5,18910.0,0.6758
19093.0,40044.0,19517.3,40308.9,0.6757
111809.7,20925.6,111999.3,21119.2,0.6757
56640.0,5529.1,56993.4,5756.7,0.6757
36006.3,12912.4,36407.5,13255.0,0.6757
38400.2,24425.4,38838.6,24892.9,0.6757
80242.7,15107.8,80562.1,15680.0,0.6756
21869.6,31040.0,22079.9,31327.6,0.6756
34386.5,24543.2,34556.8,24640.0,0.6756
35520.0,41299.7,36090.9,41459.9,0.6754
39431.0,26939.8,39592.1,27098.1,0.6754
39680.7,14302.5,40016.9,14455.5,0.6754
87756.3,16001.6,88311.5,16186.0,0.6753
50456.1,17057.6,50560.0,17280.0,0.6753
18788.7,34288.4,19126.9,34535.9,0.6752
26240.3,39108.0,26349.0,39360.0,0.6752
77763.4,14540.2,78400.0,14896.8,0.6752
66880.0,15517.7,67223.1,15680.0,0.6751
80001.8,10560.6,80219.2,10667.0,0.6751
28569.6,60480.0,29102.8,60943.5,0.6751
29467.0,53835.1,29647.7,54080.0,0.6750
34891.5,50881.4,35114.9,50927.2,0.6750
62505.3,22100.7,62720.0,22186.3,0.6750
77466.7,15691.9,78067.4,16026.2,0.6749
74252.2,23061.2,74880.0,23360.0,0.6749
24864.1,43562.3,25080.2,43840.0,0.6749
125770.8,33360.0,126219.8,33920.0,0.6748
124481.3,29120.0,124581.1,29332.1,0.6748
40010.1,27840.0,40156.8,27946.3,0.6747
122610.7,29446.1,122878.3,29641.2,0.6747
32320.0,20473.9,32878.9,20631.1,0.6746
16326.5,27661.4,16960.0,27995.2,0.6746
70084.1,16037.9,70720.0,16320.0,0.6745
52997.1,15369.1,53420.0,15997.6,0.6744
52602.7,9600.0,52764.0,9748.3,0.6744
40369.9,22400.0,40960.0,22758.1,0.6743
34563.5,59892.5,34650.5,59969.9,0.6743
42561.0,17345.8,42670.9,17600.0,0.6743
33290.0,38727.1,33920.0,38978.6,0.6742
29349.3,54080.0,29478.8,54383.7,0.6742
98880.0,10500.7,99138.3,10560.0,0.6742
14106.4,65291.1,14719.1,65876.2,0.6742
86354.1,14423.4,86694.0,14495.0,0.6742
99824.6,12986.0,99927.7,13153.9,0.6741
26731.4,52002.5,27200.0,52154.4,0.6741
84480.0,9039.7,85027.4,9245.3,0.6740
92180.7,6128.5,92800.0,6484.3,0.6740
77848.9,23314.2,77998.5,23357.2,0.6740
60756.7,9283.4,61120.0,9684.5,0.6739
35468.4,52738.7,35822.7,52800.0,0.6739
28288.1,42240.3,28480.0,42387.1,0.6739
108496.2,9359.8,108884.2,9592.2,0.6739
7098.5,65292.8,7166.7,65416.4,0.6739
108876.9,16640.0,109434.2,17175.0,0.6739
122880.0,36800.0,123038.0,37045.3,0.6738
121638.3,25280.0,122240.0,25834.1,0.6738
32962.5,9082.9,33110.3,9271.0,0.6737
82622.8,11153.3,82792.2,11194.2,0.6736
120904.3,36812.3,121024.0,36957.4,0.6735
27428.7,35468.8,27560.3,35557.1,0.6734
29123.0,60998.0,29204.4,61075.3,0.6734
65722.1,21838.7,65917.6,22080.0,0.6734
35237.6,20762.8,35431.7,20800.0,0.6734
62925.0,21128.5,63096.9,21434.9,0.6733
34011.4,60503.8,34545.5,61116.5,0.6733
103696.5,7051.2,103819.1,7299.7,0.6733
33030.6,8640.0,33107.0,8794.9,0.6733
28480.0,33191.7,28817.7,33285.9,0.6732
123439.5,31961.3,123559.8,32218.2,0.6732
17906.1,63492.2,18240.0,63678.2,0.6732
38080.0,46126.5,38159.2,46321.8,0.6731
24775.1,35965.2,24880.9,36187.9,0.6729
66316.2,6080.0,66880.0,6641.5,0.6728
65942.1,24408.3,66560.0,24927.1,0.6728
78670.7,10130.8,78872.6,10238.4,0.6727
22307.8,57664.4,22700.2,58211.4,0.6727
66847.9,22441.8,67200.0,22587.5,0.6727
42008.4,14133.3,42149.7,14386.1,0.6726
43204.3,22871.7,43318.8,23008.8,0.6726
18888.0,49374.3,18984.2,49660.4,0.6726
23041.9,64439.6,23432.0,64629.9,0.6726
64976.3,7179.9,65315.4,7358.3,0.6726
35683.0,47388.3,35839.3,47525.9,0.6726
36019.6,25321.0,36160.0,25591.0,0.6725
73286.9,11224.7,73456.6,11520.0,0.6724
23280.7,32875.9,23412.3,33062.6,0.6724
32934.8,9898.5,33092.2,9920.0,0.6723
106579.8,22737.1,107200.0,23040.0,0.6723
59133.6,23147.2,59513.3,23269.0,0.6723
121288.5,38774.0,121909.6,39040.0,0.6723
41934.3,23373.7,42560.0,23680.0,0.6722
124169.3,28168.2,124578.6,28566.1,0.6722
41280.0,13879.7,41522.7,14400.0,0.6722
64960.0,9357.7,65033.4,9534.3,0.6721
43075.3,13669.4,43200.0,13760.0,0.6720
27946.5,42418.9,28194.5,42558.4,0.6720
17620.9,35526.4,18239.0,36030.4,0.6719
100175.8,4160.0,100800.0,4458.9,0.6719
104326.2,21572.0,104733.0,21757.4,0.6719
60503.3,3844.8,61117.8,4140.4,0.6718
16104.7,27840.0,16319.5,28077.4,0.6718
67332.2,10574.2,67840.0,11042.1,0.6718
20739.5,67101.7,20883.0,67197.4,0.6718
23317.5,63133.7,23358.9,63287.4,0.6718
32654.8,8000.0,33280.0,8334.4,0.6717
55360.0,4507.7,55983.4,4800.0,0.6717
73198.0,20331.9,73399.0,20480.0,0.6716
21763.5,59294.4,22159.5,59840.0,0.6716
22080.0,38666.3,22592.0,38814.4,0.6716
62089.9,23313.2,62720.0,23669.1,0.6715
38859.9,47366.2,38936.7,47461.5,0.6715
1298.0,64009.3,1920.0,64459.6,0.6714
34902.4,8000.0,35520.0,8329.3,0.6714
94403.3,14504.0,94587.3,14599.0,0.6714
110724.1,22500.4,110918.4,22695.4,0.6713
29092.0,46099.0,29214.0,46399.5,0.6712
21731.6,45845.7,22071.9,46400.0,0.6712
25701.0,33922.0,25919.0,34122.5,0.6712
74893.1,23016.1,75520.0,23329.3,0.6711
46742.6,23790.1,47358.6,24318.5,0.6710
37397.4,53701.8,37744.7,54080.0,0.6710
54720.0,18129.2,55329.0,18312.2,0.6709
24008.5,51676.6,24593.9,51836.5,0.6709
57125.9,18770.7,57598.3,18950.5,0.6707
43820.9,22135.3,44160.0,22231.9,0.6706
101764.3,4474.0,101965.5,4683.4,0.6706
20800.0,33802.6,21384.9,34163.6,0.6705
31360.0,24968.4,31987.5,25378.1,0.6705
96965.3,15863.6,97160.1,16162.9,0.6705
60046.8,6536.6,60160.0,6719.7,0.6704
72647.8,18775.2,73261.5,19200.0,0.6704
20800.0,45760.0,21309.6,45934.1,0.6704
97922.6,16643.4,98240.0,16933.0,0.6704
18884.5,44480.0,19479.2,44689.2,0.6704
84160.6,12803.0,84263.9,12926.4,0.6704
109871.8,21506.3,110393.3,22080.0,0.6704
89602.8,12764.3,89736.5,12962.4,0.6704
68541.2,20803.3,68700.3,20942.2,0.6703
38400.0,8651.1,38724.8,9112.6,0.6703
18892.7,57336.2,19520.0,57714.9,0.6702
38298.1,31680.0,38418.0,31867.4,0.6702
40640.0,21328.9,41261.5,21687.7,0.6702
78409.5,14407.9,79040.0,14720.0,0.6700
81780.2,16861.6,82021.2,17026.8,0.6699
320.0,67290.5,956.0,67520.0,0.6699
67854.5,24852.8,68480.0,25254.3,0.6699
116815.8,25440.9,117009.8,25600.0,0.6698
39360.0,27982.3,39703.6,28089.3,0.6697
34858.7,24325.3,35101.7,24586.3,0.6697
56762.2,7041.1,56960.0,7139.9,0.6697
70095.1,7390.2,70718.9,7605.3,0.6697
28954.8,59357.1,29440.0,59513.9,0.6697
68013.5,23821.3,68471.0,23998.5,0.6696
18589.1,26885.6,19197.2,27480.6,0.6696
92160.0,8169.4,92537.4,8309.1,0.6695
86496.2,7363.2,86720.0,7402.0,0.6694
54898.4,4929.3,54972.7,5260.0,0.6694
88835.1,11510.4,89090.9,11703.1,0.6694
30115.2,30082.5,30400.0,30151.1,0.6694
125873.1,30415.1,126058.0,30544.4,0.6693
17642.7,28220.3,18111.0,28729.8,0.6693
37930.0,23687.8,38080.0,23838.7,0.6692
62412.7,21881.9,63039.4,22118.2,0.6692
55052.5,23383.2,55680.0,23680.0,0.6691
30408.4,26240.0,30907.5,26815.3,0.6691
38720.0,23244.1,38888.0,23561.7,0.6690
17057.5,65600.0,17164.6,65781.8,0.6690
30737.6,45560.8,31037.6,46080.0,0.6690
22080.0,66231.1,22655.7,66555.7,0.6690
22169.9,40643.8,22329.2,40841.4,0.6690
33437.2,53887.3,33658.3,54400.0,0.6690
128643.5,33505.3,128867.6,33599.5,0.6690
64640.0,6720.0,64928.8,7149.6,0.6689
33856.1,51389.3,34240.0,51493.9,0.6688
29531.0,60614.9,29758.6,60793.1,0.6688
16788.1,63361.2,17274.3,63763.3,0.6687
28981.3,38728.4,29119.7,38958.6,0.6687
46871.0,11531.7,47360.0,11867.6,0.6686
64350.7,6731.0,64727.3,7179.4,0.6685
33633.6,55040.0,33805.7,55363.7,0.6685
62749.2,21086.4,62948.9,21120.0,0.6684
86279.1,7363.3,86500.6,7407.8,0.6683
21760.0,57361.2,22077.7,57607.7,0.6683
73778.6,14525.8,74002.3,14662.3,0.6683
49926.8,9032.3,50345.3,9589.7,0.6682
87562.8,12195.6,87680.0,12238.0,0.6681
83206.8,8412.1,83649.7,8623.6,0.6681
88663.0,9939.3,88885.6,10149.1,0.6680
75773.6,8303.6,75876.7,8571.1,0.6680
62508.2,17829.3,62720.0,17929.6,0.6679
18448.6,33330.3,18880.0,33642.5,0.6679
34563.8,11840.0,34961.2,12410.7,0.6679
18560.0,32579.8,18808.5,32640.0,0.6678
91520.0,8549.9,91991.9,8692.6,0.6678
48416.9,21660.6,48640.0,21753.0,0.6678
20192.9,33072.0,20787.7,33565.4,0.6676
99840.0,12393.1,100061.5,12472.0,0.6675
118733.6,32467.8,119360.0,32944.7,0.6675
126080.8,30948.8,126142.5,31107.9,0.6674
39204.6,23572.3,39298.6,23897.5,0.6673
118080.0,30712.4,118635.1,31040.0,0.6673
110400.0,24768.6,110733.5,24955.3,0.6673
79415.1,7909.8,79678.7,7976.5,0.6673
106564.7,20800.0,107102.2,21336.7,0.6672
45320.3,21378.4,45660.9,21535.8,0.6672
31680.7,43542.2,31896.9,44073.4,0.6672
33749.9,53443.3,33815.1,53525.8,0.6671
53942.8,2085.5,54080.0,2423.4,0.6671
21760.0,29760.0,21921.7,30082.6,0.6671
33465.0,48006.2,33600.0,48190.2,0.6670
31373.0,14297.9,31832.5,14499.6,0.6669
38033.2,22737.6,38399.0,23050.1,0.6669
72963.0,21493.1,73101.2,21694.7,0.6669
28480.4,38822.9,28909.0,38983.6,0.6669
31680.6,46785.0,31780.3,47040.0,0.6668
105437.3,12986.2,105598.5,13163.5,0.6668
35840.0,46309.2,36106.7,46598.9,0.6668
34271.6,51430.0,34558.2,51584.1,0.6667
59971.4,13768.4,60305.7,13895.1,0.6666
111041.3,22549.5,111241.5,22720.0,0.6666
24960.0,29948.5,25215.3,30077.9,0.6665
41158.1,27203.8,41597.5,27407.8,0.6665
34560.0,57682.9,35187.9,57953.8,0.6665
32110.9,16691.2,32318.0,16950.7,0.6665
34551.3,15367.6,34871.8,15910.9,0.6664
62720.0,15138.1,63052.1,15352.7,0.6663
24065.0,52830.8,24177.0,53120.0,0.6663
29686.1,44160.2,29759.8,44298.6,0.6663
37296.6,23040.0,37440.0,23389.2,0.6663
99361.6,6567.3,99822.9,6710.9,0.6663
87384.0,7363.0,87615.0,7408.1,0.6662
49569.4,15360.0,49688.6,15694.8,0.6662
23386.9,44839.6,23680.0,45120.0,0.6662
81105.2,21021.2,81181.2,21111.4,0.6662
58333.4,22632.3,58484.6,22719.5,0.6662
84807.8,10341.2,85025.8,10880.0,0.6661
106107.8,21120.0,106560.0,21499.2,0.6660
70081.7,20372.0,70276.2,20475.3,0.6660
71832.8,16873.6,72316.6,17280.0,0.6660
39684.7,28804.9,40031.9,29063.0,0.6660
38731.9,16333.6,39066.7,16788.9,0.6659
28268.2,62720.0,28800.0,63205.3,0.6659
15680.8,61482.0,16007.3,62080.0,0.6659
119040.3,31418.1,119546.1,31985.9,0.6659
73606.8,15565.4,73826.2,15744.5,0.6659
22724.4,64502.8,23108.1,64737.5,0.6658
35202.3,49730.4,35344.0,49920.0,0.6657
34551.0,46323.2,34875.3,46461.3,0.6657
92488.4,14183.9,93115.7,14331.3,0.6656
95686.4,9305.8,95753.3,9516.9,0.6655
29539.1,43227.4,29797.3,43306.2,0.6654
42938.1,21366.4,43134.6,21440.0,0.6654
65863.5,21305.5,66071.8,21439.4,0.6654
70887.9,20042.3,71038.6,20170.7,0.6653
41951.5,9430.5,42192.9,9912.9,0.6653
33449.3,10242.2,33760.2,10307.7,0.6653
88320.0,16002.0,88636.9,16209.5,0.6653
91848.0,14357.0,92479.1,14628.7,0.6652
28334.2,45671.5,28653.0,45759.0,0.6651
41091.8,20889.5,41426.8,21005.1,0.6650
102438.1,7512.6,103033.0,7680.0,0.6650
25280.0,29490.5,25909.8,29874.9,0.6650
39042.3,18880.0,39099.7,19013.9,0.6650
57282.7,21342.2,57469.4,21429.8,0.6650
24640.9,51400.0,25219.1,51554.8,0.6649
54885.7,20800.0,55039.6,20903.7,0.6648
20065.6,46123.8,20477.8,46674.3,0.6648
23507.9,60623.8,23993.2,61113.1,0.6647
8654.6,60160.0,9280.0,60506.4,0.6646
26880.8,55360.0,27035.6,55635.4,0.6645
21760.0,55536.4,22125.2,55727.4,0.6645
88963.3,14400.0,89042.4,14490.7,0.6645
34240.9,45170.4,34409.6,45440.0,0.6645
67864.3,21387.6,68057.9,21423.5,0.6644
108011.4,16072.3,108158.9,16235.3,0.6644
26560.1,64323.4,26684.4,64447.6,0.6642
105130.0,5579.4,105600.0,5721.5,0.6642
70400.0,9926.2,70520.1,10143.3,0.6642
34972.7,41603.3,35044.7,41784.6,0.6641
73607.8,21684.9,74240.0,21989.3,0.6641
34732.3,46310.8,34880.0,46400.0,0.6641
34603.5,56369.5,35186.9,56958.4,0.6641
88330.2,9067.8,88960.0,9406.2,0.6641
38352.7,21591.6,38720.0,21660.9,0.6640
58890.1,5680.0,59280.9,5924.9,0.6639
82898.6,21286.9,83520.0,21740.4,0.6639
51718.7,1146.8,51840.0,1223.7,0.6639
25649.6,37153.1,26240.0,37539.1,0.6639
53662.4,20103.7,53757.6,20414.0,0.6639
80027.3,7680.0,80640.0,8146.2,0.6639
33281.1,57432.6,33385.2,57586.5,0.6639
114564.5,26147.5,114711.8,26240.0,0.6639
90466.0,9563.3,90647.9,9600.0,0.6638
61760.0,22689.6,62343.0,22844.2,0.6637
22729.2,56514.5,23022.6,56741.2,0.6637
28339.4,44800.0,28480.0,45070.0,0.6637
18711.1,65743.6,18880.0,66063.6,0.6636
20480.0,33770.6,20807.8,34106.7,0.6636
25221.6,30241.0,25280.0,30400.0,0.6635
38305.7,47447.4,38417.6,47680.0,0.6635
35393.2,58241.3,35754.2,58447.3,0.6633
94757.5,13264.4,94843.0,13357.2,0.6633
25280.0,51840.0,25899.9,52287.5,0.6633
122896.7,27058.7,123493.3,27520.0,0.6632
92800.0,6723.5,93145.0,6889.3,0.6632
90702.7,12208.9,90880.0,12283.5,0.6632
31439.5,20645.8,32000.0,20798.9,0.6632
16342.4,26246.2,16959.0,26397.1,0.6631
17180.2,65175.5,17280.0,65379.5,0.6631
87351.4,13819.5,87676.9,13974.1,0.6631
16323.1,32135.2,16526.0,32320.0,0.6631
24335.9,29120.0,24960.0,29504.2,0.6630
72960.3,13639.8,73167.0,13757.0,0.6629
104432.0,16320.7,104640.0,16388.3,0.6628
35225.4,56378.1,35831.9,56931.6,0.6628
76161.0,22210.1,76327.5,22373.3,0.6628
47566.1,16640.0,47680.0,16901.8,0.6628
77450.2,14599.1,78080.0,14961.8,0.6628
38080.0,42912.3,38630.1,43492.8,0.6627
100512.0,7599.0,101119.4,7989.5,0.6627
36066.5,24580.8,36156.0,24807.2,0.6627
8538.5,60392.0,8740.9,60474.1,0.6627
61765.6,15422.5,62114.2,15631.6,0.6626
16640.7,37440.0,16795.2,37714.6,0.6626
33280.0,41281.5,33443.9,41398.4,0.6625
87040.0,10901.8,87362.9,11146.7,0.6625
97620.4,13458.2,97915.7,13781.8,0.6625
38504.0,30400.0,38627.2,30736.7,0.6625
40594.2,20963.9,40960.0,21114.9,0.6624
95044.3,8208.6,95147.1,8312.7,0.6624
40125.2,9417.9,40507.4,9598.5,0.6623
100482.4,12504.9,100717.6,12579.7,0.6623
67651.6,20175.9,67741.8,20477.0,0.6623
54845.5,12035.3,55040.0,12291.1,0.6622
61131.5,23345.0,61760.0,23680.0,0.6622
34886.1,38514.5,35520.0,38893.0,0.6621
58880.0,21056.7,59113.2,21202.1,0.6621
68919.4,16165.0,69120.0,16316.2,0.6620
89684.7,11642.6,89919.0,11789.1,0.6620
17151.2,36160.0,17277.3,36417.4,0.6620
65125.3,7170.2,65278.6,7475.2,0.6620
58447.4,12804.7,58559.6,12961.1,0.6619
35526.5,47103.5,35954.0,47680.0,0.6619
35057.5,16324.1,35200.0,16441.5,0.6618
80322.1,14103.4,80959.6,14381.6,0.6618
125760.0,33350.4,126219.3,33506.9,0.6618
105922.0,14000.8,105999.3,14107.0,0.6618
20681.1,32320.0,21102.3,32912.7,0.6618
97699.2,5518.5,98039.1,5594.8,0.6617
102751.8,12646.6,103360.0,12794.0,0.6617
64370.2,7377.0,64909.8,7973.6,0.6614
19524.1,55926.1,19874.6,56280.8,0.6614
83520.0,8606.1,84114.0,8754.4,0.6613
29120.0,55680.0,29339.1,56228.3,0.6613
31044.1,16000.0,31128.1,16265.4,0.6613
115232.0,28249.8,115830.8,28788.1,0.6612
76701.9,17074.1,76800.0,17149.3,0.6612
49291.6,22157.2,49920.0,22508.6,0.6612
46080.0,22105.7,46720.0,22483.2,0.6611
26240.0,34564.1,26605.8,34744.6,0.6611
125471.3,27526.6,126080.0,28082.2,0.6611
33294.0,26573.2,33770.3,27199.1,0.6611
35341.9,44480.0,35513.0,44819.7,0.6611
42182.8,16150.8,42415.6,16266.1,0.6610
77164.8,9125.6,77318.0,9280.0,0.6610
53071.9,3452.4,53413.1,3519.0,0.6610
42561.8,18561.3,42897.6,18794.3,0.6610
76682.2,17287.1,76800.0,17363.5,0.6610
82880.0,10826.7,82999.0,10865.6,0.6609
78767.0,20966.0,79360.0,21113.9,0.6609
90880.0,8652.6,91470.0,8800.0,0.6608
63691.9,17873.9,63855.9,17910.7,0.6608
43994.3,18700.9,44105.3,18846.4,0.6608
56320.0,3625.2,56651.0,3837.7,0.6607
69470.7,8991.9,69538.2,9102.8,0.6607
32263.8,58463.1,32640.0,58560.0,0.6607
114267.0,21120.0,114880.0,21502.3,0.6606
33973.2,49002.1,34077.5,49149.6,0.6606
75520.0,10259.5,76005.1,10720.6,0.6606
36620.9,11523.9,37120.0,11681.7,0.6605
57477.0,5120.0,57600.0,5251.6,0.6605
117684.9,24733.2,117758.0,24855.9,0.6605
104965.8,16714.4,105343.7,17235.9,0.6605
57290.3,14416.6,57623.6,14713.8,0.6605
63040.0,14129.6,63639.3,14546.6,0.6605
62080.0,9932.0,62624.8,10241.2,0.6605
88223.4,15251.7,88319.8,15360.0,0.6604
54080.0,2942.4,54359.0,3301.7,0.6604
61931.9,15041.9,62400.0,15264.9,0.6603
97280.0,10241.1,97805.7,10405.8,0.6603
38276.3,23043.7,38709.6,23226.4,0.6603
23684.3,61731.8,23921.7,62079.7,0.6602
20823.3,41212.6,21168.9,41578.7,0.6601
5122.2,65659.4,5371.0,65796.1,0.6601
101175.4,6845.3,101440.0,6964.8,0.6601
102625.4,6047.0,103012.1,6155.8,0.6600
36429.5,48960.0,36543.7,49346.7,0.6600
19200.0,35582.5,19830.9,35884.2,0.6600
17713.6,34889.6,18240.0,35092.9,0.6599
73315.2,13642.7,73600.0,13759.5,0.6599
44161.5,12858.1,44366.1,13081.1,0.6598
35521.0,25920.0,35667.3,26207.9,0.6598
25714.3,34567.9,26240.0,34774.1,0.6598
48219.5,23640.8,48320.0,23816.0,0.6598
56944.4,10093.2,57280.0,10168.0,0.6598
48331.9,10612.0,48602.9,11200.0,0.6598
105696.1,20169.4,105920.0,20339.5,0.6598
32715.8,56431.7,32792.9,56509.6,0.6597
97920.0,5126.5,98543.9,5466.7,0.6597
28583.8,51066.0,28723.6,51130.6,0.6597
107854.3,18242.1,108100.6,18347.3,0.6596
46546.6,20166.1,47024.8,20537.1,0.6596
28494.7,50113.2,28893.7,50377.4,0.6596
103482.6,5764.5,103982.5,6330.2,0.6596
32200.1,9042.8,32319.4,9280.0,0.6596
34490.1,24006.7,34695.1,24103.8,0.6595
42586.4,18266.8,43189.6,18708.1,0.6595
36992.8,35200.8,37118.8,35529.7,0.6595
25309.6,30969.9,25593.7,31032.9,0.6594
36884.9,54122.9,37256.5,54720.0,0.6594
35524.1,42313.2,35602.2,42560.0,0.6593
57037.4,2953.9,57274.9,3084.2,0.6593
69440.9,8640.0,69591.1,8813.7,0.6593
53452.5,2445.7,53853.5,2683.2,0.6592
33604.8,36337.7,33729.4,36526.9,0.6592
17411.1,45619.8,17599.7,45816.6,0.6591
43581.7,14722.2,43801.0,14770.5,0.6590
67520.0,23771.2,67867.0,23998.7,0.6589
29760.0,28871.6,30080.6,29440.0,0.6588
31447.0,20803.0,31680.0,20895.8,0.6588
35814.2,51642.4,35954.3,51679.7,0.6588
36809.3,38441.2,37440.0,38921.7,0.6588
65357.3,21417.5,65578.8,21539.7,0.6588
7381.5,66884.7,8000.0,67200.0,0.6587
65324.6,21713.3,65524.3,21755.9,0.6587
22684.5,34240.0,22791.6,34537.7,0.6587
29122.9,51863.5,29314.0,52129.0,0.6587
80003.9,19200.0,80322.1,19441.0,0.6587
39209.0,12944.2,39359.9,13119.9,0.6587
36826.8,32961.4,36933.4,33207.2,0.6586
88640.0,9066.1,89233.2,9208.2,0.6585
40960.0,22838.2,41576.2,23037.5,0.6585
61387.1,22084.1,61745.5,22151.6,0.6584
124504.5,36803.1,124994.4,37341.5,0.6584
74012.7,9296.9,74239.4,9376.2,0.6584
111706.3,20335.1,112309.9,20800.0,0.6583
26310.2,60810.1,26560.0,61116.3,0.6582
105618.5,5120.0,106240.0,5427.3,0.6582
25088.4,33969.4,25411.8,34065.6,0.6581
54371.8,10420.8,54718.7,10557.4,0.6581
58401.1,15690.2,58698.2,15776.7,0.6580
3233.4,64854.8,3391.8,64960.7,0.6580
23096.8,52882.7,23437.2,53086.1,0.6580
114569.6,26914.4,114972.8,27520.0,0.6580
56304.2,12596.4,56560.8,12672.3,0.6580
53681.9,22371.1,54080.0,22475.6,0.6579
13447.1,61811.2,14080.0,62177.8,0.6579
20172.7,28532.7,20748.5,28707.5,0.6578
35032.5,42418.2,35166.2,42458.2,0.6578
39169.9,14720.0,39646.8,15255.0,0.6578
28018.3,59028.6,28158.9,59131.1,0.6577
26082.8,61120.0,26240.0,61277.2,0.6577
104640.0,14094.4,104953.4,14410.3,0.6577
26418.1,49307.4,26806.3,49855.9,0.6577
36199.4,49325.4,36461.8,49920.0,0.6576
39955.2,31466.5,39998.1,31620.6,0.6574
50459.8,10693.9,50632.4,10877.9,0.6574
114582.0,22405.6,114874.3,22593.5,0.6574
22839.6,51681.1,23347.2,51835.9,0.6574
37716.0,24216.7,37820.7,24407.6,0.6574
77861.6,17636.6,78052.3,17836.8,0.6573
67548.2,6720.0,68160.0,7210.9,0.6573
31397.7,20133.2,31988.9,20288.7,0.6573
17602.6,39364.3,17743.8,39705.1,0.6573
42240.0,12570.8,42425.8,12800.0,0.6572
31758.4,12801.5,32085.8,12882.4,0.6572
33029.9,8396.8,33139.7,8640.0,0.6572
62765.8,4480.0,63360.0,5016.5,0.6572
25458.2,33924.7,25599.4,34204.4,0.6571
99056.1,5814.6,99199.5,5946.2,0.6571
93760.0,13692.9,94382.5,14080.0,0.6570
20325.5,54499.8,20478.9,54643.5,0.6570
20888.2,41286.7,21120.0,41683.1,0.6570
56960.0,18929.4,57560.5,19112.3,0.6569
29187.1,38588.0,29760.0,38752.1,0.6569
18560.0,38923.4,19147.2,39083.2,0.6569
16960.0,33359.6,17160.0,33545.4,0.6569
121993.3,36319.7,122229.3,36479.6,0.6568
27358.8,39352.1,27495.9,39398.2,0.6568
105263.6,5586.7,105600.0,5679.3,0.6567
39685.8,20736.0,40000.0,20845.1,0.6566
123476.4,34472.0,123579.6,34557.7,0.6566
31131.5,37820.1,31356.2,37934.0,0.6566
38376.2,32166.6,38717.9,32320.0,0.6565
40230.9,11363.5,40320.0,11520.0,0.6565
100485.8,5129.1,100575.0,5306.4,0.6565
28405.1,47686.2,28797.3,47902.4,0.6564
64326.2,21884.8,64960.0,22078.4,0.6564
32296.4,12299.6,32640.0,12425.8,0.6563
125479.6,30476.0,126033.8,31027.7,0.6562
32320.5,25920.0,32565.5,26087.7,0.6562
37519.7,50262.4,37583.9,50437.8,0.6562
75242.8,13569.6,75520.0,13749.2,0.6561
45832.9,17001.9,46395.1,17591.2,0.6561
19985.4,65600.0,20159.2,65670.4,0.6561
34058.0,20188.9,34239.0,20383.4,0.6560
47708.4,21106.8,48000.0,21434.0,0.6560
37709.3,34560.0,37865.0,34862.9,0.6559
75160.8,22882.2,75520.0,23025.1,0.6559
106865.0,16645.8,107199.3,16959.1,0.6558
93120.0,11524.1,93475.0,11679.2,0.6558
34884.6,49800.2,35056.3,50004.5,0.6558
69444.9,17407.4,69902.7,17600.0,0.6557
45950.7,10810.5,46080.0,10851.9,0.6556
48915.5,16065.2,48960.0,16207.0,0.6556
21444.2,32640.0,21940.1,32838.9,0.6556
36162.0,16093.9,36607.7,16258.0,0.6556
66917.3,22436.0,67520.0,22586.8,0.6556
30026.6,40842.8,30129.6,41133.5,0.6555
10394.8,61120.4,10722.3,61199.3,0.6554
87850.4,10732.7,87997.0,10877.9,0.6554
36160.0,12930.6,36410.7,13105.0,0.6554
68826.1,7040.0,69440.0,7560.7,0.6554
19201.4,65620.4,19356.5,65924.1,0.6553
31041.6,33632.6,31166.4,33708.3,0.6553
37632.9,47651.3,37754.4,47964.1,0.6553
34880.0,50247.9,35069.8,50448.5,0.6552
49891.7,6080.8,50036.1,6162.5,0.6552
64960.0,22720.0,65585.1,23060.7,0.6551
48616.7,21852.1,48922.7,21924.6,0.6551
71681.6,15767.8,72150.1,15928.1,0.6551
35863.4,27847.0,36301.8,28320.3,0.6551
24960.7,58333.6,25543.9,58543.8,0.6550
61512.1,11338.9,61756.2,11519.1,0.6549
14400.0,64410.6,14912.1,64936.1,0.6549
98188.4,12545.6,98360.8,12585.7,0.6549
124800.0,29373.9,125075.6,29754.6,0.6549
69991.5,17301.0,70382.8,17600.0,0.6549
51520.4,19846.9,51880.8,20239.5,0.6548
36461.3,19205.2,36792.0,19639.1,0.6548
17920.0,65618.5,18249.9,65913.1,0.6548
39124.7,46508.3,39662.8,47040.0,0.6548
41920.0,21571.7,42450.0,21737.4,0.6547
127572.5,36373.5,127680.0,36480.0,0.6547
37761.0,33600.5,37866.7,33732.8,0.6547
21440.0,46916.9,21742.8,47360.0,0.6547
77657.0,15276.6,77760.0,15359.8,0.6546
124873.6,32682.4,125417.9,33271.9,0.6546
50241.5,20651.5,50387.8,20875.5,0.6546
39387.9,41980.2,39990.5,42548.0,0.6546
17611.9,62609.7,18066.5,63039.2,0.6545
19488.5,61833.3,19826.7,62180.0,0.6545
37015.3,38111.1,37118.7,38400.0,0.6545
50144.9,16019.4,50560.0,16344.3,0.6544
32097.4,8386.8,32320.0,8695.7,0.6544
72496.5,9979.6,72822.8,10560.0,0.6544
64001.5,15492.6,64202.3,15673.3,0.6543
42158.0,16001.4,42238.7,16104.7,0.6543
68901.8,19561.5,69304.8,20160.0,0.6543
33309.1,56221.7,33498.7,56320.0,0.6542
36477.8,51520.0,36583.7,51814.1,0.6542
62663.0,18971.6,63037.8,19055.4,0.6542
64103.6,18590.9,64320.0,18660.2,0.6542
11520.0,61791.9,12155.7,62080.0,0.6540
43520.0,16000.0,43837.8,16159.1,0.6540
116569.9,28169.4,116799.2,28400.3,0.6540
18758.0,34009.3,18880.0,34200.4,0.6539
126110.5,38533.5,126400.0,38717.9,0.6539
31683.4,51851.4,31995.0,52411.1,0.6539
66260.3,8956.3,66520.4,9227.3,0.6539
41603.0,15462.2,41779.1,15680.0,0.6538
21496.0,28161.6,22080.0,28470.0,0.6538
31680.0,48056.8,31917.3,48640.0,0.6538
96685.8,13094.8,96863.8,13148.7,0.6537
41459.6,10912.0,41580.9,11161.3,0.6536
18618.3,40903.5,18788.8,41106.4,0.6535
5645.1,66560.0,6065.1,66775.3,0.6535
50713.6,19108.2,50890.1,19199.9,0.6535
48640.0,15603.7,48753.2,15680.0,0.6535
60183.3,3520.0,60800.0,3994.8,0.6534
35349.8,44160.0,35510.3,44550.3,0.6533
37246.3,49658.4,37438.7,50240.0,0.6533
57689.4,11520.6,57848.5,11616.0,0.6533
40416.3,23048.7,40959.5,23243.6,0.6533
90648.2,19658.4,90878.8,19835.9,0.6533
93764.7,10861.4,94246.9,11003.5,0.6532
37120.0,20952.9,37737.4,21116.7,0.6532
20800.0,52480.9,21012.0,52529.0,0.6531
103076.7,12644.2,103680.0,12792.1,0.6531
106545.0,9921.6,106600.2,10041.2,0.6531
106885.6,16722.3,107242.9,17280.0,0.6530
68246.9,20063.2,68452.8,20103.1,0.6530
53147.8,14231.0,53505.6,14704.6,0.6530
55829.5,12581.2,55935.3,12800.0,0.6529
62167.4,16586.6,62716.8,16731.4,0.6529
18408.5,51780.1,18873.5,51934.7,0.6529
100144.5,13764.2,100470.8,13832.1,0.6529
27520.0,38842.0,27876.5,39011.8,0.6529
36815.6,22746.0,37011.0,22789.6,0.6528
80963.4,17129.4,81600.0,17467.8,0.6528
50643.8,9447.2,51200.0,9597.9,0.6528
32059.2,20680.0,32320.0,20799.9,0.6527
66880.0,24280.7,67038.8,24426.0,0.6526
111693.2,20236.4,111912.5,20470.8,0.6526
108828.3,24161.7,109440.0,24631.3,0.6525
98607.5,5440.0,99200.0,5805.2,0.6525
19200.0,54722.8,19450.0,54788.4,0.6525
48525.3,17756.7,48639.5,17919.7,0.6524
52847.9,7177.6,53120.0,7358.7,0.6524
65926.2,10025.1,66097.3,10217.3,0.6524
63040.0,19613.3,63147.0,19837.2,0.6523
42684.0,20055.1,42914.2,20158.8,0.6522
54755.6,9686.8,55183.9,9998.5,0.6521
35204.8,54341.4,35413.8,54457.2,0.6521
27209.3,57698.4,27520.0,57920.0,0.6521
63063.8,15464.9,63332.4,15611.4,0.6520
110105.5,24767.4,110718.1,25207.9,0.6519
74324.0,15826.9,74394.7,15993.2,0.6519
63683.8,6240.6,63804.5,6561.7,0.6519
85130.6,12480.0,85329.7,12984.8,0.6518
33280.9,39710.5,33672.6,39999.1,0.6518
31817.0,52018.2,31981.8,52158.2,0.6518
24000.0,44266.8,24360.1,44436.1,0.6518
100167.2,14687.0,100800.0,14871.2,0.6518
36795.0,25169.5,37010.6,25256.8,0.6518
91924.5,9922.9,92480.0,10080.7,0.6517
105778.3,13069.3,105920.0,13250.2,0.6516
33669.6,17076.5,34236.4,17268.4,0.6516
34240.0,43855.6,34589.8,44138.4,0.6516
22677.6,65175.0,22719.1,65280.0,0.6516
67346.4,21722.2,67400.3,21833.5,0.6515
25866.1,34888.3,25919.2,35045.5,0.6515
56716.6,20029.5,56949.2,20153.0,0.6515
119683.3,32050.5,119938.5,32362.4,0.6514
61440.0,16864.4,61651.8,16960.0,0.6514
3208.3,66969.2,3788.9,67514.1,0.6513
61763.1,5443.0,61910.5,5751.4,0.6513
41704.1,21288.5,42230.6,21432.7,0.6513
47420.1,10560.0,47676.8,10777.8,0.6512
64320.0,16234.2,64473.7,16275.7,0.6511
22180.2,33134.6,22716.3,33270.4,0.6511
40504.9,31350.4,40639.4,31680.0,0.6511
38405.7,17234.4,38823.8,17599.3,0.6511
8014.7,60231.6,8637.9,60715.8,0.6510
71689.8,7382.4,72320.0,7624.1,0.6510
73316.6,20702.9,73567.6,20799.1,0.6509
31800.9,50575.3,31992.9,50737.6,0.6509
34880.9,10730.5,35254.7,10954.1,0.6508
83842.5,16426.9,84172.8,16636.3,0.6508
87204.1,20804.1,87360.0,21007.3,0.6508
27278.6,43888.6,27840.0,44074.0,0.6507
42562.1,17450.2,42670.7,17687.5,0.6507
77009.0,17153.6,77431.6,17600.0,0.6507
37128.5,38546.1,37760.0,38897.8,0.6507
103762.0,17777.9,104316.0,18240.0,0.6507
19520.0,27948.1,19942.7,28148.0,0.6506
44800.0,9495.3,45340.3,9920.0,0.6505
19715.4,38689.5,20127.1,38848.9,0.6505
66245.6,22260.6,66880.0,22598.5,0.6505
111295.4,19668.6,111360.0,19822.7,0.6505
116817.1,30372.1,117440.0,30711.1,0.6505
113765.2,25802.7,113919.4,25917.3,0.6504
33463.3,39005.6,33600.0,39046.3,0.6503
23363.2,39689.4,23990.1,40153.5,0.6502
100818.1,4160.0,101438.7,4539.2,0.6502
70429.8,20834.7,71040.0,21120.0,0.6501
29282.2,35835.0,29614.2,35992.5,0.6499
25404.0,52296.5,25882.3,52728.1,0.6499
65719.1,21953.8,65992.2,22097.2,0.6499
31684.9,43093.4,31893.4,43499.9,0.6499
43201.4,10024.0,43491.7,10085.4,0.6498
30887.0,56014.1,31094.9,56223.0,0.6497
41955.4,12160.0,42357.4,12397.5,0.6497
116804.2,29760.0,116998.5,30074.7,0.6497
83214.0,8701.7,83840.0,8952.5,0.6496
8963.3,61311.0,9438.5,61754.9,0.6495
25934.1,66082.2,26553.5,66560.0,0.6495
91207.5,14470.1,91840.0,14745.8,0.6495
101127.7,14836.2,101755.6,15134.6,0.6495
32323.6,52245.0,32407.9,52349.2,0.6494
108179.9,17129.6,108270.0,17228.6,0.6494
120643.7,25707.7,121226.7,26240.0,0.6494
71054.7,7373.5,71680.0,7596.8,0.6494
62926.6,20046.2,63034.2,20159.2,0.6493
87683.5,9198.2,88096.8,9339.9,0.6492
25281.7,34240.0,25435.2,34314.9,0.6492
45440.0,22679.5,45596.1,22888.0,0.6492
66634.8,21490.6,66793.5,21668.2,0.6491
57280.0,18559.7,57836.6,18879.1,0.6491
73797.3,16431.4,74239.8,16640.0,0.6491
34279.4,37127.1,34380.5,37356.6,0.6490
35520.0,14331.9,35765.6,14400.0,0.6490
38205.3,16320.0,38400.0,16560.1,0.6490
43224.0,17029.6,43832.5,17555.2,0.6489
17618.4,47063.9,18149.8,47255.7,0.6489
94514.4,13736.0,94795.4,13904.8,0.6488
15680.8,60856.1,16006.7,61440.0,0.6488
23731.2,31395.8,24320.0,31866.1,0.6488
93455.3,16848.6,94080.0,17264.0,0.6487
37400.2,44160.0,37574.6,44707.4,0.6487
21232.5,41048.6,21672.3,41595.6,0.6487
125472.6,33600.0,126069.6,34041.8,0.6487
35078.9,48371.8,35198.9,48546.3,0.6487
31051.0,58345.4,31166.2,58436.9,0.6486
31207.1,23360.0,31295.4,23635.3,0.6486
71521.3,17875.9,71678.6,18056.8,0.6485
71680.0,22369.5,72265.3,22518.7,0.6485
80755.9,19707.7,81137.7,19837.9,0.6485
31096.7,49720.3,31204.2,49920.0,0.6484
48000.0,22612.2,48564.0,22772.5,0.6484
33863.0,26229.0,34212.4,26316.7,0.6484
12809.5,63222.0,13440.0,63680.0,0.6484
34561.3,47375.9,34724.6,47612.1,0.6483
66251.5,18698.4,66744.5,19160.1,0.6483
73284.3,22080.2,73413.2,22197.3,0.6483
99334.5,13646.7,99588.8,13758.9,0.6482
29805.7,47097.7,29974.9,47365.2,0.6482
25108.4,50809.1,25431.4,51158.1,0.6482
52480.0,22599.7,53120.0,22880.9,0.6481
60305.5,19982.2,60774.5,20479.1,0.6481
58250.1,22947.7,58450.5,23049.1,0.6480
100350.1,8967.6,100480.0,9157.2,0.6480
99424.2,10204.6,99609.8,10380.4,0.6479
78467.7,18560.0,79039.3,19002.0,0.6479
31923.5,55736.0,32046.2,56000.0,0.6479
40960.0,19258.7,41178.6,19840.0,0.6478
37882.9,51355.5,38080.0,51516.2,0.6478
108004.8,11200.0,108159.3,11568.1,0.6478
27755.2,30560.7,27826.4,30692.6,0.6477
56357.9,1926.9,56960.0,2462.2,0.6477
38404.9,29567.3,38565.3,29904.2,0.6477
55712.3,1609.2,56320.0,2163.1,0.6477
61764.2,13321.5,61985.0,13437.3,0.6476
79106.3,15112.4,79338.4,15680.0,0.6476
97600.1,8725.5,97696.9,8960.0,0.6476
67167.5,16708.3,67303.7,16850.2,0.6476
88000.0,9920.0,88171.8,9988.1,0.6476
33873.3,56655.9,34012.5,56855.9,0.6476
31682.3,47388.6,31796.2,47616.3,0.6476
57626.6,21195.5,57854.2,21234.9,0.6476
42568.9,20030.2,42915.4,20479.0,0.6475
11147.8,60680.0,11199.8,60800.0,0.6474
37443.2,51896.3,37521.3,52159.1,0.6473
58408.0,18204.5,58560.0,18557.3,0.6473
121544.3,28480.0,121920.0,28894.7,0.6473
115863.2,22080.0,116480.0,22439.6,0.6472
57372.7,19522.4,57525.9,19561.2,0.6472
94407.8,12803.8,94856.6,12997.2,0.6472
97921.3,13923.9,98094.9,14139.0,0.6472
23360.0,37029.1,23561.7,37324.7,0.6471
68184.9,14722.1,68480.0,14887.1,0.6471
36811.4,33054.7,36920.2,33280.0,0.6470
92773.7,14753.5,92944.4,14790.0,0.6470
69146.0,7082.5,69760.0,7598.6,0.6469
78446.8,13389.9,78698.2,13616.4,0.6469
35375.8,49339.8,35517.3,49463.0,0.6469
23604.9,33138.4,23995.6,33229.4,0.6469
25938.3,37850.9,26240.0,37920.6,0.6469
40402.8,23074.4,40640.0,23314.7,0.6468
23040.0,43008.2,23133.0,43200.0,0.6468
29765.3,56430.4,30134.6,56511.5,0.6467
71040.0,20812.9,71444.4,21308.8,0.6467
960.0,67340.6,1583.4,67516.5,0.6465
40986.5,22835.3,41600.0,23350.5,0.6465
34049.0,46891.9,34236.5,47168.8,0.6465
32141.5,21018.4,32318.4,21255.9,0.6465
96406.5,8007.6,96640.0,8086.2,0.6464
55680.0,21728.2,56261.2,22077.7,0.6464
31961.4,21818.2,32101.5,22080.0,0.6463
49923.0,7081.6,50166.1,7405.2,0.6462
98785.3,9539.1,99037.5,9600.0,0.6462
11318.9,67145.0,11411.6,67364.5,0.6462
45044.3,15806.9,45317.1,15995.2,0.6462
20160.0,57076.7,20328.7,57211.0,0.6462
105280.0,22337.7,105533.4,22400.0,0.6462
125121.5,36485.9,125285.3,36735.8,0.6461
63692.1,23258.9,64320.0,23661.4,0.6461
38720.0,21521.1,39262.7,21685.6,0.6461
67684.5,10191.7,67828.6,10240.0,0.6461
26240.0,45966.6,26650.4,46400.0,0.6460
27196.8,35825.1,27286.9,36145.4,0.6459
93739.2,7843.9,94080.0,7997.6,0.6459
84671.3,11206.2,84904.8,11833.7,0.6459
18240.0,45504.7,18362.6,45760.0,0.6459
26242.1,36384.2,26373.6,36680.9,0.6458
98459.3,13607.1,98638.4,13733.4,0.6458
31438.0,48964.3,31679.0,49093.7,0.6458
16654.9,28587.6,17214.9,28739.4,0.6458
34464.0,41118.8,34784.3,41599.9,0.6457
121920.1,30525.3,122034.5,30720.0,0.6457
101120.0,8483.9,101420.5,8681.2,0.6457
24646.2,40721.3,24849.9,41161.2,0.6457
55041.2,2298.7,55245.3,2548.1,0.6456
71369.4,22377.6,72000.0,22700.1,0.6456
81922.6,10616.0,82110.0,10850.1,0.6455
86401.8,18235.2,86504.9,18470.5,0.6455
19221.0,28480.0,19840.0,28813.8,0.6455
31873.1,13151.4,32273.4,13437.9,0.6454
35220.0,38531.9,35833.3,38706.5,0.6454
120320.0,37900.6,120613.2,38080.0,0.6454
33617.7,28538.1,33918.9,28624.2,0.6454
33582.3,49626.8,33920.0,49724.0,0.6453
77383.2,14662.0,77760.0,14720.0,0.6453
36725.7,33482.3,36829.0,33751.1,0.6453
29397.4,33930.0,29440.0,34091.7,0.6452
39691.5,19520.0,39789.3,19792.1,0.6452
65581.7,19520.0,65705.9,19699.9,0.6452
51841.0,4640.4,52002.6,4800.0,0.6451
15680.0,28554.1,16010.8,29120.0,0.6449
27840.0,37123.9,28194.5,37260.4,0.6449
87042.3,20336.0,87428.9,20800.0,0.6449
62926.9,17026.2,63040.0,17061.2,0.6449
31663.9,50302.6,31949.2,50459.4,0.6448
46085.3,17977.1,46182.4,18240.0,0.6448
33621.5,20801.0,34240.0,20962.6,0.6448
28723.4,46208.5,28847.3,46503.1,0.6447
32789.2,46904.2,32957.3,47245.9,0.6447
86080.0,13004.0,86604.1,13191.0,0.6447
90762.9,9616.6,91013.8,9896.4,0.6447
27241.8,57667.1,27840.0,57919.6,0.6447
43520.0,12160.0,43884.0,12757.8,0.6446
31386.5,44941.4,31463.0,45112.1,0.6446
33457.2,38391.9,33600.0,38447.1,0.6446
88059.7,9592.0,88640.0,9920.0,0.6445
40086.6,27336.1,40227.2,27513.7,0.6445
35965.6,13265.6,36480.0,13574.5,0.6444
49621.0,22468.8,50240.0,22679.4,0.6443
50586.3,8429.4,50909.1,8960.0,0.6443
32961.1,60232.6,33130.6,60432.2,0.6443
92480.0,11520.0,93117.4,11773.3,0.6442
32653.0,24327.6,32958.5,24623.1,0.6442
100182.4,15108.2,100662.0,15452.7,0.6441
121377.4,26056.6,121598.8,26233.9,0.6440
56004.4,22014.6,56202.2,22175.5,0.6440
103818.0,19845.5,104320.0,20208.2,0.6440
56018.4,11522.1,56640.0,11831.2,0.6440
24961.6,35532.4,25205.5,35603.3,0.6439
39922.8,13928.4,39994.8,14043.3,0.6438
37120.0,39816.0,37215.8,40000.0,0.6438
84766.8,12037.0,85023.6,12480.0,0.6438
26251.9,60361.8,26880.0,60797.9,0.6437
17000.9,44880.9,17107.0,45099.7,0.6437
48320.0,11409.0,48627.8,11815.3,0.6437
88022.6,7040.0,88640.0,7473.4,0.6437
35013.9,26652.8,35343.8,26778.2,0.6436
123228.0,28346.5,123826.9,28800.0,0.6436
24328.4,63058.6,24640.0,63553.1,0.6435
32960.0,47375.1,33264.6,47999.6,0.6434
26970.4,64087.7,27517.2,64640.0,0.6434
31021.3,45149.9,31093.1,45280.9,0.6434
71386.7,22688.1,72000.0,22859.9,0.6434
87366.4,17300.4,87569.1,17740.5,0.6433
24799.8,43863.7,25256.3,44115.6,0.6432
49920.0,16658.5,50087.3,16837.1,0.6432
87181.1,21259.4,87358.6,21439.2,0.6432
47705.2,17891.2,47812.7,18213.7,0.6432
34565.2,48153.3,34750.5,48341.8,0.6431
85922.8,21532.8,86080.0,21710.4,0.6431
21760.0,65435.4,21993.3,65588.7,0.6431
986.3,64000.0,1600.0,64482.4,0.6430
123840.5,37766.7,124319.4,38306.9,0.6430
978.3,65292.1,1428.6,65723.0,0.6429
25905.9,48642.8,25964.7,48742.4,0.6429
46411.9,8642.9,47040.0,8984.9,0.6428
59546.9,3212.0,60160.0,3735.6,0.6428
107841.9,22088.1,108154.6,22622.3,0.6427
78080.3,16640.0,78188.6,16731.6,0.6427
56988.3,8504.8,57446.2,8960.0,0.6427
113041.4,20482.9,113600.0,20802.2,0.6427
81603.1,12481.0,81779.0,12793.9,0.6427
58893.9,21853.2,59520.0,22078.4,0.6427
50824.0,23002.6,51200.0,23087.0,0.6426
43520.0,12487.6,43849.1,12782.0,0.6426
34025.7,15407.5,34459.4,15901.1,0.6426
40003.7,25371.7,40338.9,25920.0,0.6426
19520.1,55189.4,19877.0,55544.4,0.6426
100664.9,13962.0,100922.5,14076.6,0.6426
105602.2,19604.7,105795.1,19840.0,0.6425
67202.8,19605.5,67592.0,19861.8,0.6425
44804.0,13443.8,45176.9,13756.1,0.6425
35913.3,58554.4,36090.6,58863.0,0.6425
32433.5,8683.6,32501.5,8809.2,0.6424
96004.0,14292.5,96640.0,14677.9,0.6423
94402.6,9755.4,94883.9,9919.3,0.6423
16318.0,67520.0,16486.2,67634.5,0.6422
56469.9,7643.2,56617.8,7680.0,0.6422
87360.9,13274.3,87500.6,13440.0,0.6421
15958.2,26242.6,16320.0,26407.6,0.6420
36417.6,46080.0,36490.0,46228.8,0.6420
65449.1,19498.7,65600.0,19537.5,0.6420
15996.1,29760.4,16184.9,29857.8,0.6420
43849.8,17600.0,44010.6,17664.7,0.6419
35336.5,15179.5,35444.5,15424.7,0.6419
93138.4,16848.7,93760.0,17254.9,0.6418
126758.7,38175.2,127360.0,38720.0,0.6418
66632.2,17704.5,66873.6,17832.6,0.6417
88641.4,15205.8,89268.0,15357.3,0.6417
128323.3,33976.9,128515.4,34171.5,0.6417
30263.9,53440.0,30389.0,53717.5,0.6417
40643.5,16365.1,40945.0,16960.0,0.6417
31348.3,14293.2,31680.0,14397.1,0.6416
79843.0,16911.5,80082.0,17032.3,0.6415
89921.5,15360.0,90221.2,15761.1,0.6414
32529.7,41428.2,32636.2,41600.0,0.6414
58274.4,9560.4,58374.5,9702.6,0.6414
59292.6,10887.3,59594.1,11172.0,0.6413
29132.7,30080.0,29760.0,30476.4,0.6413
114900.3,22401.3,115499.0,22759.2,0.6413
66071.9,21265.6,66206.8,21428.9,0.6413
38730.9,9647.7,38798.0,9753.7,0.6412
72858.9,12507.6,72961.4,12569.6,0.6410
48982.4,24365.5,49600.0,24640.0,0.6410
100488.0,14858.6,101108.5,15093.8,0.6410
84598.5,10628.4,84791.6,11200.0,0.6410
16000.0,26242.4,16569.8,26424.2,0.6409
38127.5,51892.8,38701.6,52480.0,0.6409
35280.3,13130.0,35581.8,13252.1,0.6408
124212.9,27770.5,124466.3,27945.3,0.6408
68490.1,24741.5,69120.0,24913.9,0.6407
47680.0,21965.9,48308.1,22350.2,0.6407
53596.4,10932.6,53760.0,11138.0,0.6407
52173.5,17668.2,52343.5,17725.6,0.6406
35158.7,54463.1,35305.2,54610.4,0.6406
36480.2,19229.2,37120.0,19662.0,0.6405
36084.9,17920.0,36159.5,18177.1,0.6405
13769.9,61906.0,14392.2,62365.6,0.6405
31867.9,51204.0,32000.0,51434.6,0.6405
105028.8,6164.0,105279.9,6296.3,0.6405
106906.7,9601.9,107122.3,9672.2,0.6403
35827.2,21771.6,35889.2,21956.4,0.6403
50751.6,13824.8,51198.9,14392.0,0.6403
84160.0,20387.2,84279.1,20471.5,0.6403
103337.7,19520.0,103680.0,19955.0,0.6402
124810.4,29624.8,124874.7,29785.7,0.6402
79024.0,15943.3,79084.0,16099.6,0.6401
66080.2,15261.5,66240.0,15393.5,0.6400
33667.8,40001.1,33920.0,40071.8,0.6400
63475.4,12800.6,63544.6,12908.5,0.6400
71145.0,20562.6,71667.5,21120.0,0.6400
67533.0,23731.9,67860.8,24204.1,0.6399
126845.5,38474.6,127035.2,38720.0,0.6399
44819.7,22801.0,45440.0,23247.9,0.6398
62054.1,6463.6,62213.1,6685.1,0.6398
40316.0,21319.0,40640.0,21440.0,0.6397
78445.5,17280.5,78633.3,17635.9,0.6397
47360.0,12922.5,47593.1,13107.1,0.6396
102327.2,16254.9,102400.0,16313.5,0.6395
88320.0,12374.6,88928.1,12548.1,0.6395
42880.0,18233.1,43233.8,18547.8,0.6394
19947.0,69677.9,20149.2,69760.0,0.6394
112726.1,20916.7,113280.0,21391.7,0.6394
52480.8,19683.9,52800.0,20160.0,0.6393
32002.7,31874.0,32146.4,32025.3,0.6393
65743.4,21424.5,65915.0,21635.9,0.6393
32006.9,20448.3,32222.0,20621.3,0.6393
51641.0,9944.9,51840.0,10201.0,0.6393
27216.4,48621.6,27821.1,48957.2,0.6392
17400.8,29440.0,17514.5,29763.3,0.6392
32320.0,58564.7,32581.6,58633.6,0.6391
42424.0,17349.6,42556.9,17572.0,0.6390
89154.2,20083.6,89263.7,20165.9,0.6389
65920.0,18718.7,66560.0,19027.3,0.6389
32877.8,28578.1,33070.0,28762.6,0.6389
27632.9,58560.0,27839.3,58839.1,0.6388
123527.2,28495.9,123949.5,29077.0,0.6387
72004.0,8970.3,72561.4,9325.6,0.6387
26645.6,45537.4,27181.7,45749.1,0.6387
99861.9,6498.6,100476.0,6669.1,0.6387
45110.4,18684.3,45241.2,19006.6,0.6387
111768.9,22571.2,111988.0,22717.5,0.6386
53831.6,3547.9,54080.0,3863.7,0.6386
58566.4,9940.3,58802.3,10134.3,0.6386
107871.6,21186.6,108382.3,21753.9,0.6385
101772.6,20641.7,102400.0,21050.5,0.6385
58114.3,19793.0,58240.0,19835.3,0.6385
34691.0,29020.9,34853.3,29214.1,0.6385
102178.9,11864.1,102296.3,11921.0,0.6384
67560.9,18973.4,67902.7,19200.0,0.6384
24969.6,58560.0,25565.2,58745.5,0.6384
102917.9,10609.8,103040.0,10753.2,0.6383
92480.6,6400.0,93090.8,6943.5,0.6383
97003.1,5758.9,97268.8,5828.8,0.6383
34883.5,45123.1,35195.8,45401.9,0.6383
10887.0,61538.1,11199.7,61986.8,0.6383
20323.2,66880.0,20478.7,67101.9,0.6383
55145.4,8640.0,55355.1,9007.0,0.6383
80325.4,8002.0,80778.5,8201.6,0.6382
28648.4,59200.6,28800.0,59388.4,0.6382
34544.0,12163.5,34880.0,12460.3,0.6382
77145.8,7407.7,77760.0,7832.1,0.6382
68502.8,7064.0,69120.0,7592.5,0.6382
22577.5,49923.0,22703.1,49973.6,0.6382
44062.4,13985.8,44317.0,14080.0,0.6381
33280.0,41437.6,33507.1,41589.2,0.6381
85120.0,12282.5,85325.5,12800.0,0.6381
36053.0,22722.7,36326.7,22862.7,0.6381
30493.1,48380.0,31029.8,48960.0,0.6380
33609.3,11205.1,34192.6,11429.9,0.6380
115254.7,21450.1,115840.0,22022.0,0.6380
47051.3,24018.0,47675.9,24320.0,0.6380
104339.1,4160.0,104960.0,4468.2,0.6380
120960.0,25763.3,121225.0,26240.0,0.6380
34880.0,37776.0,35037.9,37818.5,0.6380
103531.6,19845.9,103997.9,20071.2,0.6379
20857.9,34560.0,21120.0,34764.0,0.6379
56960.0,13218.3,57079.0,13440.0,0.6379
33922.9,58547.7,34277.7,58804.6,0.6379
44800.0,21341.2,45311.0,21510.2,0.6379
57615.9,16357.7,57920.0,16489.1,0.6379
58319.5,21490.3,58418.6,21703.4,0.6378
66560.0,21017.4,66816.4,21138.8,0.6378
25650.5,43200.0,25773.2,43558.2,0.6378
74240.0,21596.8,74854.6,21755.9,0.6378
22806.9,51225.3,23021.5,51503.8,0.6376
104000.8,4499.4,104127.9,4742.1,0.6375
107005.5,6720.0,107195.6,7043.8,0.6373
20317.5,29715.4,20394.3,29871.8,0.6373
33945.8,23040.0,34148.5,23100.5,0.6373
15364.3,62080.0,16000.0,62444.5,0.6373
32026.5,10687.3,32094.7,10783.2,0.6371
89531.2,17369.2,89645.3,17600.0,0.6371
115869.7,29209.4,116465.8,29760.0,0.6370
67520.0,8676.7,67757.8,8960.0,0.6369
59521.6,18455.2,59749.5,18529.0,0.6369
61537.2,19361.7,61691.3,19515.2,0.6369
93688.5,8851.7,93921.7,8951.0,0.6368
38835.1,14149.3,39189.8,14301.7,0.6368
3520.0,67115.7,3908.8,67519.6,0.6367
28035.7,32267.5,28160.0,32589.1,0.6367
66899.6,24799.7,67520.0,25244.8,0.6367
75851.3,22936.9,76480.0,23350.7,0.6366
94314.2,16839.6,94713.0,16939.6,0.6366
29786.8,39141.8,30400.0,39419.5,0.6365
108296.7,9326.8,108792.8,9851.0,0.6365
36616.4,39694.1,37120.0,40297.0,0.6365
79307.4,14472.3,79680.0,14587.5,0.6365
6382.9,61272.8,6700.1,61433.5,0.6365
86424.6,9609.7,86884.5,9757.7,0.6364
45771.5,15715.2,45988.2,15874.1,0.6364
34244.9,45011.9,34668.8,45440.0,0.6364
106881.6,9402.9,107110.2,9598.0,0.6364
54772.5,1280.0,55360.0,1763.2,0.6364
104642.4,8339.3,104826.5,8605.5,0.6363
51565.8,18240.0,51620.0,18398.4,0.6363
16030.1,25920.0,16640.0,26465.9,0.6362
55040.0,18241.1,55295.7,18310.6,0.6362
51207.2,22743.6,51682.3,23022.9,0.6361
32149.3,21440.9,32317.3,21650.6,0.6361
54388.2,16644.7,54720.0,16713.5,0.6360
2446.4,64475.2,2820.7,64637.3,0.6360
33713.3,52804.9,34240.0,52995.6,0.6360
20162.7,53222.3,20604.3,53404.9,0.6359
17288.8,47369.7,17920.0,47680.0,0.6358
77083.8,14080.8,77439.5,14225.8,0.6358
100480.0,15336.9,100655.1,15439.4,0.6358
75563.5,11366.9,75840.0,11520.0,0.6357
29240.0,46401.9,29389.0,46703.8,0.6357
19832.8,47307.3,20141.2,47651.6,0.6356
72961.0,15713.1,73105.2,15834.4,0.6355
108166.5,17655.4,108491.1,18198.8,0.6354
52058.2,6082.1,52145.0,6198.2,0.6353
37122.3,8293.7,37664.2,8457.4,0.6353
93095.3,6467.6,93290.3,6653.8,0.6353
54086.1,14798.4,54691.0,14980.4,0.6353
50392.9,6400.0,50560.0,6625.9,0.6351
115209.9,27922.2,115626.5,28480.0,0.6351
45765.8,18252.3,46018.4,18660.7,0.6350
54130.9,22739.0,54720.0,22905.8,0.6350
30781.6,58422.0,31040.0,58501.6,0.6350
86721.6,21597.5,87040.0,21754.8,0.6350
71621.4,21570.2,71989.0,21631.2,0.6350
19991.4,53120.0,20159.9,53369.1,0.6350
122568.9,39057.4,123200.0,39360.0,0.6349
119362.4,26678.5,119503.7,26895.2,0.6349
106970.3,20009.1,107190.0,20159.9,0.6348
102685.7,14403.6,103038.3,14558.4,0.6348
50193.6,22225.8,50560.0,22297.0,0.6347
96998.5,8677.0,97279.5,8811.9,0.6346
35117.3,40419.8,35283.3,40640.0,0.6346
20003.1,40322.1,20480.0,40521.2,0.6346
31402.6,48375.2,31991.9,48960.0,0.6346
77121.6,22560.7,77366.2,22624.3,0.6345
33804.2,13829.3,33920.0,13873.0,0.6345
53120.0,2539.6,53751.5,2874.6,0.6345
33590.9,39368.9,33920.0,39467.9,0.6344
23040.0,34612.5,23537.7,35200.0,0.6343
94091.7,16808.7,94720.0,17215.1,0.6343
75806.3,21380.1,76160.0,21473.5,0.6343
38780.6,39719.6,39360.0,40296.2,0.6342
24007.7,54080.0,24163.4,54335.1,0.6342
81288.6,19688.7,81896.7,19834.6,0.6342
26709.7,42675.3,26878.2,42848.1,0.6341
48348.8,21623.4,48960.0,21940.0,0.6341
36199.6,45249.2,36587.2,45760.0,0.6340
65600.0,15063.5,65954.7,15352.6,0.6340
61749.5,8816.9,62080.0,8955.5,0.6340
124800.5,28544.9,124853.2,28639.8,0.6339
38400.0,20902.5,38857.8,21053.8,0.6339
44172.8,22737.2,44800.0,23040.0,0.6339
26489.9,66404.3,26880.0,66511.7,0.6339
34521.2,9287.6,34880.0,9467.0,0.6337
16130.3,37876.2,16427.7,38077.7,0.6337
15685.8,33684.8,16007.4,34240.0,0.6336
2888.2,66999.4,3517.5,67194.9,0.6336
34454.0,11048.8,34840.3,11198.9,0.6336
79843.1,16490.7,80011.9,16529.7,0.6336
101120.0,12800.0,101204.6,13075.3,0.6335
47498.4,19293.5,47673.5,19517.0,0.6335
26835.9,32061.0,26980.6,32320.0,0.6335
72320.0,21849.8,72651.7,21972.2,0.6334
37533.0,32030.4,37692.2,32083.6,0.6333
18880.0,43200.0,19225.2,43318.9,0.6332
68870.9,23089.7,69253.3,23665.4,0.6332
20480.0,28583.1,20940.8,28758.7,0.6332
39680.8,24540.8,39962.5,24960.0,0.6332
32220.7,49775.7,32436.2,49918.3,0.6331
58116.7,17606.0,58559.8,17819.1,0.6330
115847.1,23265.1,116069.9,23360.0,0.6330
57002.3,9336.1,57226.2,9397.9,0.6330
39956.9,23360.0,40104.0,23437.5,0.6330
65508.3,21796.6,65749.9,21865.9,0.6330
16000.0,31680.0,16267.8,31744.0,0.6330
63249.5,17942.6,63675.1,18548.1,0.6329
128641.8,30241.9,128717.6,30384.9,0.6329
16333.3,42352.2,16960.0,42722.4,0.6329
114610.2,21120.0,115200.0,21666.5,0.6327
109990.1,19588.9,110093.9,19812.7,0.6326
31691.3,14255.0,32320.0,14586.2,0.6326
72000.0,7685.4,72116.1,7808.9,0.6325
77778.0,13596.6,78081.0,13757.7,0.6324
34240.7,44160.4,34321.4,44258.5,0.6324
32961.3,10597.8,33129.7,10850.9,0.6324
36502.1,11520.0,37120.0,11869.4,0.6323
82569.0,13610.6,83177.9,13753.3,0.6323
72805.6,9920.0,73213.7,10500.3,0.6323
23681.6,58811.8,24000.0,58875.8,0.6322
78153.8,22050.5,78339.6,22080.0,0.6322
24257.6,38913.1,24640.0,39020.7,0.6321
69123.0,7723.9,69713.6,8194.7,0.6321
34746.8,47360.0,34880.0,47618.6,0.6321
35092.9,23451.0,35239.1,23485.3,0.6320
23378.1,33090.2,24000.0,33259.6,0.6320
52421.7,17996.3,52570.3,18044.9,0.6320
99486.1,8151.9,99818.8,8277.7,0.6319
28212.4,59951.9,28311.7,60160.0,0.6319
35523.3,47729.3,35985.6,48320.0,0.6318
31624.1,26562.9,31778.3,26741.6,0.6318
38749.0,41920.0,39360.0,42475.5,0.6318
28542.6,48682.6,28727.8,48960.0,0.6317
104965.3,11200.0,105132.2,11439.6,0.6317
100391.9,6644.7,100793.0,6743.2,0.6317
110420.1,24928.3,111037.6,25280.0,0.6316
52162.9,15415.0,52335.0,15680.0,0.6316
31042.4,25920.0,31182.3,26166.9,0.6315
105297.4,5120.0,105920.0,5420.0,0.6315
42240.0,22444.2,42541.1,22631.8,0.6315
104063.0,9399.3,104316.8,9569.1,0.6314
31091.9,30414.7,31315.8,30636.4,0.6314
35432.6,26241.4,35505.5,26336.0,0.6314
100991.5,18469.6,101231.2,18560.0,0.6313
59520.8,14400.2,59631.9,14686.4,0.6313
28148.3,62120.0,28480.0,62720.0,0.6312
65660.8,18658.6,66240.0,18843.7,0.6311
20802.5,54737.3,21154.2,55040.0,0.6311
34657.6,35840.0,34874.0,36127.7,0.6311
118747.9,23680.0,119360.0,24140.5,0.6311
57824.9,13809.9,57919.7,14080.0,0.6310
34604.4,49434.4,34874.2,49600.0,0.6310
37763.6,32320.0,37938.3,32684.6,0.6310
64320.0,23330.1,64949.6,23679.6,0.6310
49284.6,10765.1,49617.7,11200.0,0.6309
35194.0,36602.5,35342.4,36783.9,0.6308
19525.6,37120.0,19917.2,37396.8,0.6308
16323.4,30380.4,16889.6,30597.3,0.6308
57611.3,24216.0,58240.0,24629.1,0.6308
35525.8,24000.0,35849.7,24468.9,0.6307
92031.5,13984.0,92279.1,14074.2,0.6307
59200.0,9920.0,59323.3,10081.9,0.6307
66203.8,7694.6,66560.0,8042.4,0.6306
27067.5,37228.4,27197.2,37439.7,0.6305
72643.6,10010.5,72803.9,10324.9,0.6305
102400.0,6040.4,103021.1,6370.3,0.6305
39186.8,46727.3,39258.3,46836.7,0.6304
75554.1,20838.5,76151.7,20986.5,0.6304
60816.3,17284.9,60944.3,17559.1,0.6303
30592.3,27773.7,30697.9,27856.4,0.6303
24966.3,34880.0,25228.4,35028.8,0.6302
20546.2,37885.9,20800.0,38013.7,0.6301
102400.0,16594.1,103013.7,16948.7,0.6301
102400.0,6057.6,102987.9,6198.5,0.6301
70106.6,7052.9,70720.0,7640.9,0.6300
19520.0,67704.0,19753.0,67832.1,0.6298
17929.8,33632.9,18459.0,33841.9,0.6298
120036.4,35520.0,120631.7,36003.6,0.6298
41280.0,8457.1,41424.9,8640.0,0.6298
53119.4,3773.2,53440.0,3899.4,0.6296
21440.3,50152.9,21645.0,50474.8,0.6296
45767.6,19237.0,46319.2,19829.3,0.6295
124576.6,31040.0,124796.7,31287.0,0.6295
121974.1,28241.2,122501.3,28799.3,0.6295
33939.4,24324.3,34210.0,24663.6,0.6294
26089.0,35200.2,26378.9,35317.0,0.6294
93440.0,8909.2,93657.4,9001.0,0.6294
99889.8,17920.0,100160.0,18163.2,0.6293
96640.0,7226.4,97022.6,7446.4,0.6292
88519.4,17445.9,88652.1,17600.0,0.6292
39688.6,12160.0,39808.5,12315.1,0.6292
59166.2,18720.0,59517.5,18893.1,0.6291
68374.5,17242.5,68480.0,17326.6,0.6291
67205.5,22261.9,67840.0,22589.0,0.6291
35203.9,9518.0,35434.6,9763.7,0.6291
19893.6,34409.6,20215.8,34826.3,0.6290
121776.7,37120.4,121920.0,37284.4,0.6290
22085.9,31042.2,22455.0,31336.9,0.6289
98950.0,13547.1,99162.0,13669.9,0.6289
24717.8,38529.6,25280.0,38712.3,0.6289
32494.9,31680.8,32624.3,31874.4,0.6289
88485.9,18244.9,88640.0,18486.9,0.6288
85122.2,20119.2,85330.9,20265.7,0.6288
103391.1,21202.6,103987.4,21760.0,0.6287
62164.5,17284.5,62385.7,17331.3,0.6287
19520.0,43610.2,20097.3,43768.7,0.6287
50998.5,17567.7,51191.1,17600.0,0.6286
39710.7,17600.0,39994.6,18215.9,0.6286
92440.2,14074.0,92800.0,14187.5,0.6285
101133.3,14365.3,101267.3,14400.0,0.6285
75931.3,13774.1,76157.6,13942.8,0.6285
34245.0,45906.1,34740.2,46400.0,0.6284
101440.0,15041.4,101827.9,15219.9,0.6284
72000.0,11667.4,72179.5,11771.3,0.6284
91256.8,11081.7,91417.8,11269.7,0.6283
25280.0,41481.1,25598.6,41597.7,0.6283
80641.6,13440.0,80823.6,13667.8,0.6283
65837.8,16000.1,66229.1,16495.0,0.6283
34373.3,20730.0,34559.7,20886.8,0.6283
17835.0,44672.6,18007.4,44797.0,0.6282
96320.0,17552.7,96933.5,17920.0,0.6282
90880.0,11786.5,91394.8,11931.3,0.6282
52803.4,23392.8,53440.0,23590.8,0.6282
34560.7,24000.4,34765.5,24107.6,0.6282
59448.4,21984.3,59837.1,22080.0,0.6281
16766.3,61950.0,16955.8,62076.2,0.6280
30800.7,39400.7,31360.0,39549.2,0.6280
57219.2,9284.1,57278.6,9403.7,0.6279
31417.1,8962.7,32000.0,9341.1,0.6279
50614.4,23846.5,50880.0,23994.2,0.6278
62109.7,8723.8,62720.0,8949.7,0.6278
34137.5,15040.0,34459.7,15234.5,0.6278
40797.6,26908.3,41257.3,27200.0,0.6277
2560.0,63363.2,2751.0,63407.3,0.6277
1611.8,64015.3,2014.3,64408.9,0.6277
72413.1,15330.4,72638.5,15483.8,0.6277
110285.6,20495.1,110687.8,21105.6,0.6276
46964.1,19918.0,47354.0,20107.1,0.6276
37869.2,20836.1,38079.1,20964.7,0.6275
47473.1,10241.6,47999.5,10701.4,0.6275
53447.6,22724.3,54055.3,22884.1,0.6274
26889.2,52562.9,27194.0,53120.0,0.6274
33602.5,10480.4,33807.7,10607.3,0.6274
19003.1,55903.9,19200.0,56064.5,0.6273
53120.0,2245.4,53758.6,2601.0,0.6273
34411.3,20802.9,34783.9,20887.6,0.6273
11942.0,66560.3,12101.9,66657.8,0.6272
64009.6,23276.3,64640.0,23660.8,0.6272
30325.8,41687.5,30399.7,41920.0,0.6271
37823.8,33933.9,37948.9,34240.0,0.6271
124056.4,30102.9,124160.0,30264.2,0.6270
94006.2,14011.1,94400.0,14090.2,0.6270
19906.7,38006.1,20086.9,38137.0,0.6270
48977.1,12871.7,49279.8,13438.7,0.6269
16686.1,39827.4,16906.8,39960.8,0.6268
128633.3,32792.4,128960.0,32898.2,0.6268
21219.1,41473.2,21440.0,41920.0,0.6268
32793.2,47050.5,32952.9,47158.2,0.6268
36419.6,37761.2,36478.4,37853.5,0.6267
88298.2,7588.9,88365.0,7680.0,0.6267
19659.3,60211.4,19838.7,60286.6,0.6267
100880.7,18560.4,101119.1,18821.9,0.6266
5440.0,66880.0,5766.3,67049.9,0.6265
12517.5,64960.0,13120.0,65471.1,0.6265
29228.1,46728.9,29341.0,47073.6,0.6265
89523.7,17600.0,89600.0,17698.8,0.6264
56320.0,13130.1,56598.2,13238.6,0.6264
75284.6,21927.7,75840.0,22071.6,0.6264
27034.5,47707.7,27200.0,47879.8,0.6263
80868.7,11520.0,81180.9,11737.8,0.6263
36868.4,25174.0,37111.6,25269.2,0.6262
46080.0,18753.0,46277.6,19200.0,0.6262
34889.9,50560.0,35520.0,50923.8,0.6261
69747.0,15362.1,70077.8,15504.1,0.6261
36170.6,56320.0,36562.2,56859.2,0.6261
55304.4,16628.6,55672.3,16697.5,0.6260
17293.4,65519.8,17465.6,65600.0,0.6260
40640.5,21921.5,40982.4,22400.0,0.6260
42915.2,16609.1,43515.3,16960.0,0.6260
96641.2,7659.7,97135.3,7820.5,0.6259
32323.2,18565.2,32514.6,18856.9,0.6259
30192.4,41680.7,30313.2,41942.0,0.6258
119701.5,35888.3,120296.0,36470.7,0.6257
32363.8,14087.7,32428.7,14208.2,0.6257
20212.9,44079.7,20800.0,44460.8,0.6257
32646.4,24001.3,32843.3,24279.5,0.6256
18880.0,66562.7,18948.7,66680.6,0.6256
55491.8,17845.7,55695.9,18060.2,0.6256
40970.6,21444.2,41376.2,21604.3,0.6255
37796.0,37513.1,38050.9,37704.2,0.6254
33974.6,29138.2,34141.2,29336.1,0.6254
33958.3,24468.7,34197.0,24639.3,0.6252
20806.0,32027.0,20941.2,32067.3,0.6252
58855.1,18817.6,59194.6,18883.2,0.6250
15040.0,62484.0,15501.9,62716.6,0.6250
33148.5,23101.8,33598.0,23252.3,0.6250
19807.9,33034.1,20136.1,33561.4,0.6249
18411.3,63040.0,18560.0,63125.5,0.6249
20099.0,68164.4,20158.7,68256.6,0.6249
35520.0,14331.2,35770.3,14466.3,0.6249
93766.3,9755.4,94009.9,9916.9,0.6248
37763.6,42690.8,37870.8,42976.8,0.6247
16740.1,42072.7,17279.7,42240.0,0.6246
84819.0,21881.1,85440.0,22346.3,0.6245
108317.1,9600.0,108480.0,9805.4,0.6245
24121.3,51417.0,24640.0,51627.6,0.6245
83060.3,10240.5,83200.0,10360.4,0.6245
111377.2,25307.2,112000.0,25789.3,0.6245
79044.4,20131.2,79680.0,20476.8,0.6245
57992.8,7040.0,58233.2,7191.6,0.6244
84481.0,7453.9,84611.5,7680.0,0.6244
30544.4,37806.6,30709.6,38076.9,0.6244
92818.0,11105.3,93120.0,11241.9,0.6243
75440.1,15255.8,75525.9,15426.0,0.6243
119360.0,25682.1,119703.5,26240.0,0.6242
18599.3,58883.0,19195.0,59483.6,0.6242
65406.1,13764.5,65886.2,13979.5,0.6242
47351.4,21915.1,47535.7,21984.8,0.6242
107539.9,22935.7,108160.0,23360.0,0.6242
94343.7,15196.7,94419.1,15268.5,0.6242
101280.4,17154.1,101439.9,17380.9,0.6240
40042.3,14785.3,40344.5,15340.4,0.6240
56705.9,17304.2,56822.4,17589.0,0.6240
52801.6,14500.7,53057.4,14707.3,0.6240
36406.0,20872.2,36799.2,21022.8,0.6240
97359.2,12459.2,97527.0,12501.9,0.6239
79054.5,20329.1,79668.7,20474.7,0.6239
101444.2,17333.3,101619.5,17600.0,0.6238
123867.6,39524.4,124470.9,39675.1,0.6237
50335.6,9334.9,50560.0,9475.2,0.6237
52623.2,13630.0,52834.2,13757.6,0.6237
76162.7,15115.7,76263.2,15288.2,0.6237
29932.3,41992.6,30080.0,42030.0,0.6236
37474.9,7707.5,38072.9,8302.6,0.6236
105923.4,7099.0,106024.7,7360.0,0.6235
127452.4,31303.0,127868.4,31678.2,0.6235
60442.5,14742.6,60749.6,15354.7,0.6235
44591.5,9469.9,45120.0,9919.8,0.6235
47976.1,22979.1,48268.3,23037.6,0.6234
17920.1,35203.4,18545.3,35370.5,0.6234
80963.9,10655.2,81135.8,10876.7,0.6233
93133.9,6080.0,93760.0,6465.7,0.6233
88678.0,9407.1,88805.4,9600.0,0.6233
34882.5,26064.0,35076.7,26240.0,0.6233
33735.2,37984.2,33882.0,38080.0,0.6232
19944.6,63753.9,20155.6,63999.3,0.6232
37440.2,24000.0,37606.8,24134.3,0.6232
70420.6,7114.6,71040.0,7639.1,0.6232
60843.5,17956.0,61042.8,18110.8,0.6231
47084.5,18978.9,47670.4,19513.3,0.6231
107175.2,11337.5,107520.0,11517.2,0.6231
36134.6,43200.0,36274.3,43398.9,0.6230
47655.3,22566.7,48000.0,22694.8,0.6229
42987.1,10814.0,43200.0,10854.9,0.6229
54732.4,22730.3,55353.4,23112.3,0.6229
61914.9,9922.7,62080.0,10096.7,0.6229
34883.1,21488.9,35283.4,21755.4,0.6228
52278.3,19204.2,52774.8,19381.2,0.6228
87360.3,8042.7,87875.5,8271.8,0.6228
82461.9,13367.5,82560.0,13739.3,0.6228
17973.6,26897.9,18560.0,27460.4,0.6227
28844.6,33928.7,29170.3,34560.0,0.6227
23628.5,40002.0,23996.7,40088.1,0.6227
34629.8,48002.3,34875.8,48160.0,0.6227
15680.0,36874.2,16006.6,37440.0,0.6226
76326.0,21143.2,76387.4,21282.1,0.6226
15680.7,38149.1,16005.1,38720.0,0.6226
37625.6,29440.0,37760.0,29497.6,0.6226
32320.7,60927.6,32395.0,61063.2,0.6226
32079.1,56001.6,32217.6,56098.4,0.6226
38087.2,36223.7,38285.4,36800.0,0.6225
29445.8,59088.9,29693.9,59200.0,0.6224
35521.9,52161.7,35704.8,52338.8,0.6224
115543.4,22821.8,116147.2,22990.3,0.6223
83669.4,16960.8,83837.3,17166.3,0.6223
33678.7,42257.7,33792.0,42374.3,0.6222
74899.2,20482.7,75202.9,20650.4,0.6222
85943.4,7834.6,86080.0,7966.7,0.6222
57159.6,14427.1,57316.0,14611.0,0.6222
40328.7,29167.3,40960.0,29440.0,0.6220
64320.0,9097.5,64449.8,9280.0,0.6220
34311.1,20495.5,34817.7,20671.6,0.6220
52415.2,2560.0,52478.4,2723.7,0.6220
88208.8,10451.5,88307.2,10696.3,0.6219
94400.0,14400.0,95034.4,14654.9,0.6219
18563.1,47257.9,18687.7,47551.2,0.6219
38387.8,24772.4,38594.9,24862.3,0.6219
100480.0,6400.0,101046.8,6557.3,0.6218
29211.4,63384.1,29760.0,63989.9,0.6218
39523.5,21134.5,39592.3,21309.3,0.6217
30781.3,45575.5,31200.8,45754.4,0.6216
37440.0,34887.7,37599.6,35156.2,0.6216
128050.4,29120.0,128640.0,29682.2,0.6216
107005.4,7040.0,107196.8,7350.4,0.6216
23546.6,40225.5,23680.0,40269.2,0.6216
85760.0,19520.0,85916.7,19792.4,0.6215
50763.1,1270.4,50880.0,1600.0,0.6215
37440.0,27632.7,37781.3,27839.7,0.6215
48610.9,22646.0,48960.0,22718.5,0.6215
29980.0,30923.1,30254.0,31040.0,0.6215
72598.3,12485.0,72880.8,12550.8,0.6213
55072.2,4802.1,55360.0,5241.7,0.6213
18577.3,67269.1,18880.0,67401.2,0.6213
21760.0,28920.9,22167.7,29109.6,0.6213
59534.7,23379.3,60160.0,23680.0,0.6213
44804.1,21344.6,45023.0,21428.1,0.6212
91201.6,8000.4,91343.8,8205.9,0.6212
72642.9,15189.5,72859.7,15360.0,0.6211
78472.5,13394.7,78627.5,13436.3,0.6211
96000.0,7752.6,96574.3,7897.5,0.6211
20912.1,48658.0,21418.5,49069.5,0.6210
24323.8,56391.9,24556.9,56639.6,0.6210
101440.5,14328.0,101636.3,14393.8,0.6210
14858.3,68160.0,14987.7,68261.7,0.6209
125761.2,32848.8,125883.0,33067.5,0.6209
76800.0,21595.2,77317.4,21756.2,0.6209
56125.3,20242.0,56277.3,20529.7,0.6208
101760.0,14469.3,102400.0,14720.0,0.6207
119400.9,36209.4,119987.9,36796.0,0.6207
5766.6,60810.8,6240.2,61377.6,0.6207
108482.7,18471.1,108609.2,18719.4,0.6207
115844.1,22848.6,116119.1,23019.3,0.6207
82242.1,13630.6,82880.0,14075.2,0.6207
105230.1,5799.8,105600.0,5889.3,0.6206
31552.8,54294.4,31679.9,54400.0,0.6206
36481.2,21736.1,36721.9,21813.8,0.6206
88594.1,16478.1,88733.3,16639.4,0.6206
84480.0,16157.2,84685.6,16310.8,0.6206
57920.0,6809.8,58394.4,7040.0,0.6206
20485.5,53007.9,20823.0,53435.9,0.6205
87656.2,11964.6,88000.0,12067.6,0.6205
31874.8,13444.8,32147.4,13537.9,0.6204
100164.2,5803.4,100461.4,6079.0,0.6204
123596.4,29456.5,124153.4,30055.6,0.6203
37782.3,8000.0,38400.0,8308.8,0.6203
45545.1,11235.6,46080.0,11396.6,0.6203
23040.0,62211.4,23583.8,62391.7,0.6203
32970.1,47372.6,33213.9,47571.5,0.6201
63680.0,18928.8,64234.4,19116.7,0.6201
87337.1,9899.9,87680.0,10082.4,0.6201
19202.2,33122.1,19693.2,33277.2,0.6201
45440.0,11838.3,46053.4,12158.0,0.6200
21440.0,41931.6,21746.5,42358.9,0.6200
128703.6,29762.0,128960.0,29964.0,0.6199
20281.7,66568.6,20780.5,67133.6,0.6199
41189.1,28876.9,41279.9,29120.0,0.6198
83846.5,21387.0,83973.5,21440.0,0.6197
32007.3,24906.2,32320.0,25053.8,0.6197
36173.9,38753.7,36800.0,38948.1,0.6197
83200.0,20483.7,83621.5,20788.6,0.6196
11200.6,66240.0,11365.0,66557.2,0.6195
39040.0,27112.5,39163.2,27197.1,0.6195
41504.9,27565.5,41599.3,27840.0,0.6195
18610.3,63040.0,18879.4,63223.9,0.6194
30732.4,46110.1,31034.8,46470.0,0.6194
35161.8,50561.3,35520.0,50662.2,0.6194
31450.6,20660.7,31677.3,20800.0,0.6193
18881.3,46208.9,19252.7,46395.0,0.6193
78365.1,15068.8,78455.7,15360.0,0.6192
53326.9,19041.8,53720.2,19121.1,0.6192
86507.5,18645.6,86806.9,18856.1,0.6192
82880.0,13678.6,83468.8,13898.2,0.6192
95680.0,14720.0,95809.0,14812.9,0.6191
20800.0,34882.2,21428.2,35200.0,0.6191
117542.2,23731.1,117758.8,23926.9,0.6191
22913.6,46504.0,23094.3,46689.6,0.6189
13766.0,63571.0,14400.0,64000.0,0.6189
39750.1,27323.4,39877.2,27516.8,0.6189
43520.0,18240.0,43640.1,18389.4,0.6188
124898.8,35965.7,125440.0,36480.0,0.6188
29859.3,33671.8,30078.9,33895.7,0.6188
58529.0,21240.4,58849.7,21380.9,0.6187
19061.2,53452.4,19145.4,53713.0,0.6187
98842.6,7933.6,99197.5,8276.6,0.6186
70400.0,22438.7,71040.0,22720.0,0.6185
34560.0,38520.5,35200.0,38973.4,0.6185
34240.0,56372.6,34806.4,56909.6,0.6185
26024.9,58147.2,26560.0,58306.9,0.6184
88840.2,11524.9,88959.0,11706.0,0.6184
50811.6,5217.2,50881.7,5370.5,0.6183
18248.6,62769.2,18722.2,63039.0,0.6183
18830.7,38446.8,18880.0,38599.5,0.6183
90027.5,12484.5,90094.1,12683.8,0.6183
71547.4,19840.0,71978.2,20275.7,0.6183
36160.0,17930.7,36481.7,18193.8,0.6182
16987.5,58897.1,17600.0,59475.8,0.6182
95713.4,11264.4,96038.6,11840.0,0.6181
72960.6,15529.0,73071.8,15669.1,0.6180
56640.9,9882.1,56752.6,10240.0,0.6179
74647.3,13027.6,74878.6,13119.8,0.6178
46721.1,16256.9,46903.6,16640.0,0.6178
58560.0,22206.6,58742.3,22267.6,0.6178
59936.9,16751.8,60093.6,16788.4,0.6177
20565.8,65592.4,21118.1,65919.4,0.6177
48914.5,15806.4,48959.7,15993.7,0.6176
83247.2,13493.1,83840.0,13808.6,0.6176
7041.0,66464.4,7196.7,66560.0,0.6176
20557.9,64320.8,20703.4,64451.0,0.6176
52506.6,16651.4,53114.6,16797.6,0.6176
36607.1,20014.0,36800.0,20184.2,0.6176
27225.0,51243.1,27447.9,51283.2,0.6176
54720.2,9685.0,54912.1,9912.5,0.6174
48214.5,15369.7,48320.0,15695.4,0.6174
72227.6,7808.5,72392.5,7845.6,0.6174
128004.8,34773.2,128139.3,35137.4,0.6173
30361.4,50560.0,30463.8,50837.5,0.6173
18908.8,28166.8,19520.0,28714.5,0.6172
98103.7,13927.0,98346.4,14057.1,0.6172
108166.3,10385.1,108800.0,10553.5,0.6171
34934.0,19293.2,35087.6,19520.0,0.6171
84896.9,11011.1,85173.1,11520.0,0.6170
11803.7,67200.9,11971.0,67272.0,0.6170
123357.1,29214.8,123840.0,29735.7,0.6168
51865.7,14408.9,52160.0,14715.9,0.6168
19942.3,37665.6,20122.0,37707.2,0.6168
48237.7,15680.0,48583.8,16180.5,0.6168
58042.3,24034.0,58228.1,24108.8,0.6167
104961.9,16683.6,105385.8,16960.0,0.6167
16323.0,41796.2,16699.5,41987.2,0.6167
58676.9,21062.1,58880.0,21198.3,0.6167
83023.2,17025.7,83199.7,17070.3,0.6167
3842.7,61760.0,4001.5,62135.4,0.6166
15004.4,61502.4,15328.5,62080.0,0.6165
110769.6,18560.0,111360.0,19109.2,0.6165
54542.3,11287.3,54720.0,11489.6,0.6163
61941.0,7573.9,62055.2,7680.0,0.6162
64997.7,22214.9,65594.9,22522.8,0.6162
51513.0,18880.0,51840.0,19014.3,0.6162
17510.1,32439.8,17704.5,32960.0,0.6160
31591.2,43214.9,31859.5,43675.0,0.6160
66242.0,8362.0,66378.9,8573.2,0.6160
18241.5,42662.4,18845.1,42852.5,0.6160
55368.8,6482.5,55839.7,7040.0,0.6159
24960.0,33189.1,25547.0,33366.4,0.6159
39864.5,24389.3,39943.8,24652.6,0.6159
62436.8,8008.1,62797.7,8312.2,0.6158
48264.2,17002.3,48477.6,17577.4,0.6158
99614.6,5945.2,100140.8,6148.1,0.6158
51374.1,4687.9,51514.6,4793.3,0.6158
15680.0,34000.6,16010.3,34560.0,0.6158
28803.1,42263.4,28940.0,42553.9,0.6157
29621.4,56338.0,29760.0,56377.2,0.6157
45365.4,11963.7,45438.0,12107.2,0.6157
32960.0,20487.8,33585.1,20827.7,0.6157
100160.6,9361.1,100293.7,9529.3,0.6157
30994.3,49721.0,31097.5,49920.0,0.6157
40971.5,26980.0,41600.0,27406.2,0.6156
4160.0,63685.4,4433.0,63880.5,0.6156
46463.1,10785.5,46720.0,10880.0,0.6155
24641.9,45498.5,24962.9,46080.0,0.6155
28934.1,49920.0,29079.6,50144.1,0.6154
36645.3,21236.8,36799.6,21390.8,0.6154
62963.1,5122.1,63036.3,5212.7,0.6154
20724.7,41922.8,20791.8,41984.1,0.6154
31691.5,46619.6,31833.6,46672.4,0.6154
105624.9,22747.8,106236.4,23218.0,0.6153
23619.9,51539.7,23975.6,51839.0,0.6153
64224.5,16243.7,64416.6,16280.3,0.6153
32601.0,16456.6,32960.0,16631.2,0.6152
26560.0,38543.1,27189.2,38717.8,0.6152
20148.3,49115.8,20473.1,49225.5,0.6152
64965.4,7167.0,65317.3,7600.3,0.6152
61122.8,20601.5,61298.3,20771.6,0.6152
111616.8,25444.0,111998.1,25593.7,0.6151
38768.8,16895.1,39033.0,17235.3,0.6151
50564.5,15456.2,50867.0,16000.0,0.6150
64741.3,15177.4,64837.9,15360.0,0.6150
62098.9,14913.9,62711.2,15360.0,0.6150
70248.3,20395.7,70559.9,20475.6,0.6150
56643.0,20079.3,56876.3,20157.3,0.6149
30903.2,30567.4,31232.1,30719.3,0.6149
25251.5,30082.3,25600.0,30343.9,0.6148
19203.4,34373.0,19726.1,34763.4,0.6148
57299.3,24154.3,57920.0,24615.3,0.6148
71273.5,10498.0,71481.1,10669.1,0.6147
61442.8,22686.0,61875.1,22847.2,0.6147
34581.4,46452.9,35200.0,46720.0,0.6146
36537.6,37685.0,36721.5,37898.0,0.6146
19974.0,41601.6,20146.3,41641.9,0.6146
128323.2,36353.7,128528.3,36480.0,0.6145
109277.3,19052.7,109439.6,19199.0,0.6144
91201.6,11754.5,91357.8,12063.0,0.6144
31504.6,19851.1,31678.1,19999.8,0.6143
68423.6,22720.0,68794.5,22953.1,0.6142
26681.9,64321.6,26875.7,64474.5,0.6142
47048.3,21899.0,47680.0,22269.6,0.6142
63515.0,8970.0,63817.4,9269.1,0.6140
46659.2,23165.0,46718.0,23240.7,0.6140
141.6,66880.0,211.6,66997.0,0.6139
48170.6,23957.0,48320.0,24320.0,0.6139
23774.5,60205.3,24296.7,60800.0,0.6138
25148.3,56417.1,25279.8,56640.0,0.6137
69656.2,8964.8,70049.9,9275.8,0.6137
52141.4,20827.6,52472.9,21276.8,0.6137
106999.1,8321.5,107197.6,8409.1,0.6137
48001.7,22024.6,48332.4,22080.0,0.6136
48000.0,22007.2,48606.1,22400.0,0.6136
40099.9,20573.9,40319.3,20800.0,0.6136
17195.6,30590.2,17279.8,30762.4,0.6136
111376.4,22722.2,111764.2,22989.9,0.6136
23906.0,36157.0,23997.4,36471.9,0.6135
82837.4,19045.6,83200.0,19198.0,0.6135
21120.0,33092.7,21430.2,33277.8,0.6134
56664.0,2240.0,57280.0,2597.8,0.6133
102080.0,14071.8,102188.6,14164.2,0.6132
98473.5,16691.0,98558.9,16782.4,0.6132
124514.8,26946.9,125120.0,27517.9,0.6131
25068.0,30187.0,25146.8,30399.5,0.6131
66095.3,20800.0,66232.3,21030.7,0.6130
33701.2,15680.0,33917.3,15934.9,0.6130
31161.5,55685.6,31360.0,55831.5,0.6129
119385.3,37239.2,119965.2,37760.0,0.6129
101060.6,9544.8,101163.7,9698.2,0.6128
69444.4,22207.0,69913.4,22393.8,0.6128
84274.6,17806.2,84576.1,17918.4,0.6128
76491.1,14978.9,77120.0,15136.6,0.6127
31000.5,56856.1,31185.2,56958.5,0.6126
126400.0,30308.3,126542.7,30400.0,0.6126
59625.0,10891.6,59772.3,10947.1,0.6125
73057.8,16331.9,73582.9,16941.0,0.6124
91246.8,12160.0,91508.0,12286.1,0.6124
105920.0,22871.6,106477.0,23035.9,0.6124
112320.1,23685.0,112437.0,23872.0,0.6123
72332.9,16575.4,72773.4,16959.1,0.6122
56855.9,10942.7,56956.9,11293.5,0.6122
35204.1,46700.2,35417.9,46869.2,0.6121
25280.0,41925.9,25542.3,42209.3,0.6120
34571.7,22744.4,35027.3,23040.7,0.6120
106275.7,6092.1,106880.0,6530.1,0.6120
34934.0,21126.5,35520.0,21323.8,0.6120
35201.7,10052.0,35274.7,10240.0,0.6120
20876.3,66721.8,20931.3,66814.6,0.6119
74351.5,9609.8,74538.1,9827.5,0.6119
15716.7,59869.4,16310.8,60465.9,0.6119
68954.3,19033.3,69082.6,19197.6,0.6119
34240.0,10753.1,34353.9,10875.1,0.6119
37887.5,50240.0,38080.0,50527.6,0.6118
38721.3,35621.2,39051.3,35825.8,0.6118
113931.3,26591.7,114560.0,26880.0,0.6117
130274.4,30400.0,130880.0,30930.3,0.6117
73603.4,22179.5,74240.0,22556.3,0.6117
32081.6,24642.4,32320.0,24716.7,0.6116
21773.6,59278.4,22400.0,59474.6,0.6116
66888.7,22270.9,67520.0,22567.3,0.6115
123499.6,29264.2,123787.3,29439.5,0.6115
55040.0,17283.2,55268.4,17874.0,0.6115
87523.1,13986.3,87680.0,14080.0,0.6115
21780.4,33280.0,22085.9,33542.1,0.6114
27845.9,54080.1,28001.5,54658.2,0.6114
51200.7,2561.2,51307.6,2666.8,0.6113
69441.5,9348.0,69513.0,9493.3,0.6111
34884.6,47748.3,35029.6,47942.4,0.6111
24960.3,32853.4,25457.2,33238.5,0.6110
74654.7,8007.9,74880.0,8196.4,0.6110
59764.9,21916.6,60158.1,21991.4,0.6110
17138.3,36480.0,17263.3,36820.6,0.6110
101124.0,8211.2,101250.5,8320.0,0.6110
51998.3,7758.9,52160.0,8000.0,0.6109
638.0,64640.0,960.0,64787.0,0.6109
15680.0,62082.2,16008.3,62407.3,0.6109
66183.4,21947.0,66449.3,22077.4,0.6107
65602.1,8109.1,65811.5,8320.0,0.6107
85067.4,7575.5,85133.9,7675.6,0.6107
86413.5,16058.7,86588.2,16225.8,0.6106
34592.3,27274.9,35191.4,27840.0,0.6105
61019.8,11390.9,61120.0,11520.0,0.6105
32446.5,12697.7,32629.6,12932.7,0.6104
13189.8,62107.8,13270.2,62234.6,0.6104
26568.2,43932.9,27005.0,44099.4,0.6103
123535.4,39493.4,124160.0,39674.4,0.6103
89271.4,12499.0,89600.0,12596.6,0.6102
28158.3,33174.5,28480.0,33257.4,0.6102
112320.0,25715.9,112657.2,25912.6,0.6102
105254.3,6080.0,105600.0,6205.1,0.6102
99921.3,13241.3,100160.0,13313.4,0.6101
97280.0,14647.3,97904.3,14828.8,0.6101
65600.0,7040.4,65780.4,7236.6,0.6101
83417.5,15741.5,83807.2,15919.7,0.6100
36756.6,39437.8,36799.5,39609.2,0.6100
98567.3,10500.6,98865.8,10560.0,0.6100
45764.5,21736.3,46400.0,22080.0,0.6100
94720.9,10434.4,94902.7,10558.1,0.6099
48654.9,22403.2,49280.0,22573.3,0.6098
81771.7,15366.0,81920.0,15412.6,0.6098
0.0,65929.3,272.2,66267.0,0.6098
37834.9,25143.0,37984.9,25255.0,0.6098
55382.1,1600.0,56000.0,2051.6,0.6098
27520.0,61760.0,27858.8,62057.1,0.6097
32799.9,53975.9,32959.6,54179.2,0.6096
43214.5,15434.4,43789.5,16000.0,0.6096
3853.9,64658.8,4255.3,65129.5,0.6096
32930.3,42225.4,33058.4,42545.9,0.6095
27524.0,50616.9,27615.4,50869.9,0.6095
86994.0,13927.2,87166.0,14088.5,0.6095
85839.4,13799.9,85962.1,14076.5,0.6093
119701.4,24070.2,120317.6,24635.7,0.6092
74642.7,13049.8,74880.0,13166.8,0.6092
30499.5,32200.8,30744.2,32318.0,0.6092
102720.0,19201.5,103244.3,19712.5,0.6091
80640.0,20248.0,81270.3,20410.2,0.6091
34212.6,57716.3,34560.0,57860.2,0.6091
62080.0,5772.8,62440.6,6017.7,0.6091
40807.3,26918.0,40958.6,27200.0,0.6090
88970.7,12486.1,89600.0,12816.2,0.6090
42899.6,9125.3,43166.2,9243.2,0.6089
125883.0,30391.2,126045.3,30720.0,0.6088
117771.6,31372.5,118400.0,31680.0,0.6088
125760.0,32325.8,126025.5,32665.3,0.6088
79819.4,19845.4,79995.6,20106.6,0.6087
39104.1,16320.0,39498.4,16703.9,0.6085
123238.7,26240.0,123840.0,26770.8,0.6085
22095.5,55875.6,22400.0,55997.4,0.6085
35517.7,53778.1,35696.0,53815.5,0.6084
34461.4,57709.3,34630.0,57856.9,0.6084
7524.2,61519.7,7680.0,61557.6,0.6084
33137.9,8320.0,33279.4,8621.0,0.6084
36160.0,38499.4,36766.2,38827.8,0.6082
63316.1,20901.6,63358.7,21066.6,0.6082
89188.4,18576.8,89588.0,18989.9,0.6082
13876.9,66333.7,14400.0,66557.0,0.6081
65962.3,8640.0,66240.0,9100.5,0.6081
32775.4,12689.8,33178.8,13112.3,0.6081
52507.1,21446.4,52798.7,21742.7,0.6080
20472.8,36189.6,20800.0,36473.2,0.6080
34995.2,19082.2,35429.4,19501.0,0.6080
29764.4,52644.4,29954.3,52798.2,0.6079
69918.1,19200.8,70078.9,19272.5,0.6079
22941.5,36800.0,23040.0,37089.5,0.6079
53436.6,3200.0,53760.0,3349.0,0.6078
31319.4,61253.6,31680.0,61350.8,0.6078
110660.3,22558.0,110883.1,22670.7,0.6077
72235.1,11755.1,72320.0,11840.0,0.6077
22547.8,51643.9,22605.3,51747.0,0.6077
99764.5,15965.0,100114.9,16077.0,0.6077
82243.3,15680.3,82310.5,15880.7,0.6075
66567.9,22307.0,67200.0,22589.6,0.6075
39042.8,35589.6,39172.7,35726.0,0.6075
94551.9,13350.8,94719.5,13525.0,0.6075
32730.0,38740.1,32960.0,38950.6,0.6075
98757.7,16962.3,99200.0,17368.9,0.6075
120600.4,25640.2,120949.4,25723.4,0.6074
39067.6,33974.7,39674.3,34558.9,0.6074
127690.4,33309.3,128180.1,33759.2,0.6074
80351.8,7699.5,80960.0,8243.5,0.6074
52742.4,17635.0,52931.8,17673.2,0.6074
18423.8,42953.8,18873.9,43341.2,0.6073
43842.0,12162.4,44029.7,12425.2,0.6072
29760.9,51526.6,30108.2,51984.1,0.6072
28800.0,55714.8,28930.0,55989.5,0.6072
5836.9,64000.0,6073.0,64538.7,0.6072
75936.5,10882.3,76066.4,10947.7,0.6071
104679.6,20483.3,104960.0,20641.7,0.6071
102528.5,19200.0,103040.0,19676.9,0.6070
18822.4,65211.9,19087.9,65278.6,0.6069
56143.3,17757.5,56197.0,17917.1,0.6069
34240.0,15682.1,34354.4,15795.9,0.6069
40000.0,21283.4,40599.4,21439.2,0.6069
68805.4,11442.8,69099.9,11840.0,0.6069
9297.3,62165.0,9914.0,62711.1,0.6068
124498.8,39565.3,125120.0,39962.6,0.6067
114272.1,26701.3,114856.9,27200.0,0.6066
47077.1,12919.6,47647.7,13284.2,0.6065
100800.0,6887.0,101372.4,7035.7,0.6065
47062.7,8640.0,47678.9,9090.9,0.6065
111520.9,21856.7,111741.0,22031.1,0.6064
43005.3,18560.0,43194.0,18794.8,0.6064
16032.3,28864.5,16433.8,29028.0,0.6064
76481.4,10159.6,76656.7,10537.0,0.6064
35051.6,40869.0,35236.2,40960.0,0.6064
99692.8,16494.9,99838.3,16634.9,0.6063
109477.5,17305.1,110072.4,17900.3,0.6063
31459.9,50311.6,31680.0,50443.8,0.6063
35374.4,58617.1,35518.1,58800.5,0.6062
32115.8,17304.0,32620.7,17817.9,0.6062
33325.2,45125.3,33781.5,45435.5,0.6061
16002.4,67539.4,16310.8,67857.0,0.6061
23520.5,49600.0,23651.7,49914.4,0.6061
54720.0,5966.3,54938.3,6078.5,0.6060
81280.0,14085.4,81602.5,14239.7,0.6060
101999.9,6160.8,102393.5,6266.8,0.6060
57642.2,2272.1,58240.0,2855.0,0.6060
34751.7,58240.0,34958.6,58384.2,0.6060
12532.7,63189.8,13120.0,63668.6,0.6058
121114.6,28399.9,121279.3,28573.8,0.6058
58301.3,10893.7,58852.4,11462.4,0.6057
28497.9,37474.5,28652.2,37514.9,0.6057
3203.9,66932.3,3715.7,67195.5,0.6057
51204.3,1404.5,51536.8,1897.7,0.6057
36875.6,32692.9,36984.6,32960.0,0.6057
69120.0,21166.4,69436.5,21760.0,0.6057
102462.5,3877.6,103040.0,4471.8,0.6057
14400.0,63495.0,14957.2,63671.4,0.6056
29394.3,36785.6,29439.0,36977.3,0.6056
49423.6,12024.6,49627.6,12231.7,0.6056
20095.7,55468.6,20204.2,55680.0,0.6056
124843.7,27200.0,125440.0,27703.3,0.6056
124482.5,36925.4,124804.0,37430.4,0.6056
35826.8,24645.9,36061.5,25150.9,0.6055
99442.2,10562.8,99603.5,10743.6,0.6055
50880.2,9978.5,51001.9,10109.7,0.6055
75528.3,17682.9,75704.5,17723.5,0.6055
78733.8,18888.5,79267.6,19390.7,0.6054
19640.1,30408.4,20136.0,30701.0,0.6054
32000.0,23583.1,32155.2,23673.4,0.6054
15366.5,63491.8,15565.2,63837.5,0.6054
80457.5,10562.7,80535.7,10702.1,0.6053
17708.9,40410.5,18100.9,40633.8,0.6053
98570.2,9632.0,99200.0,9920.0,0.6051
37075.8,37762.6,37242.1,37997.6,0.6051
22414.0,60160.0,22709.2,60635.1,0.6051
124165.7,38090.0,124454.9,38500.9,0.6051
28807.7,53124.4,29104.0,53322.5,0.6050
37205.9,9620.7,37438.7,9910.1,0.6050
21871.6,28957.0,22320.2,29113.0,0.6050
59220.8,18725.9,59815.8,18880.1,0.6050
51506.0,1903.3,51840.0,1976.1,0.6050
35622.8,49331.9,35840.0,49460.3,0.6049
65920.0,9122.5,66234.0,9280.0,0.6049
98575.2,6784.9,99200.0,7039.0,0.6049
108184.1,9063.2,108800.0,9565.4,0.6049
35437.4,20785.4,35837.1,20856.1,0.6048
28523.4,45923.6,28753.9,46077.8,0.6048
92800.0,12800.0,92981.8,13054.0,0.6047
58648.6,4933.5,58835.0,5113.7,0.6047
73640.5,21961.3,74240.0,22117.7,0.6047
58560.0,11842.2,58772.3,11885.4,0.6047
53442.2,21440.0,53609.9,21606.7,0.6046
35191.2,11351.6,35515.7,11803.8,0.6046
60824.7,12175.4,61117.8,12502.0,0.6046
109776.3,24664.2,110399.6,24960.0,0.6045
48320.0,15796.8,48552.1,16320.0,0.6045
70120.1,21831.8,70713.4,21969.9,0.6044
39084.9,25600.0,39176.6,25900.6,0.6044
84487.8,9299.2,84843.2,9600.0,0.6043
51416.0,11889.1,51819.4,12438.0,0.6042
26866.3,52523.6,27197.2,52788.8,0.6042
125601.7,35533.0,125759.7,35714.3,0.6042
64000.0,8012.8,64244.9,8313.7,0.6042
32640.0,49221.0,32927.9,49600.0,0.6041
44208.2,20961.7,44787.3,21119.0,0.6041
112686.5,19911.5,113280.0,20471.5,0.6041
40534.1,17183.6,40632.8,17496.4,0.6041
57600.0,8464.6,57841.0,8768.1,0.6041
75521.9,19351.8,75737.7,19515.3,0.6040
18880.0,30117.8,19161.6,30337.0,0.6040
68805.6,8584.7,69000.1,8737.8,0.6039
2012.5,63486.8,2229.2,63628.6,0.6039
11200.0,65045.7,11537.4,65600.0,0.6039
85818.2,11027.1,86076.9,11199.0,0.6038
39071.3,37762.4,39356.1,37963.4,0.6038
30970.8,38405.0,31125.1,38521.1,0.6037
32373.9,41280.0,32476.1,41378.6,0.6034
80963.7,14745.7,81406.7,15185.3,0.6034
80547.4,14225.2,80952.7,14337.4,0.6033
37160.0,21938.3,37301.1,22078.9,0.6033
65221.0,8393.1,65378.4,8634.0,0.6032
103410.8,14087.8,103984.4,14235.0,0.6031
36960.4,54404.1,37281.1,55031.5,0.6030
122565.5,26601.5,123006.9,27195.4,0.6030
79073.7,7360.0,79680.0,7898.3,0.6030
7718.5,61510.8,8320.0,62037.0,0.6030
21120.0,37101.3,21691.2,37260.4,0.6029
7040.0,66330.3,7256.2,66410.3,0.6029
39885.1,18885.3,39991.1,19228.2,0.6028
58720.3,21238.6,58851.6,21302.1,0.6027
99522.9,15939.2,100137.4,16310.8,0.6027
78724.8,17608.7,78907.5,17919.8,0.6026
53440.0,2466.2,53646.7,2546.9,0.6026
32643.7,52230.8,32818.7,52377.4,0.6025
25280.0,36553.5,25478.5,37043.8,0.6025
32013.5,55403.5,32504.7,55841.6,0.6025
23680.0,33110.4,24297.4,33272.1,0.6025
107187.4,17602.6,107519.5,17873.5,0.6023
98890.4,10240.0,99137.4,10475.8,0.6023
75209.6,21451.2,75838.7,21590.7,0.6023
30082.8,48861.1,30152.9,49171.7,0.6023
36800.0,23066.8,37004.9,23115.6,0.6023
102012.3,8052.8,102162.4,8302.9,0.6022
47888.0,10562.7,47995.2,10720.7,0.6022
97600.0,7464.9,98086.8,7615.6,0.6021
59289.8,10751.1,59519.0,10879.3,0.6020
110445.1,18242.0,111040.0,18836.1,0.6019
122681.3,28481.8,123189.6,29090.4,0.6019
76800.0,21345.7,77412.8,21521.1,0.6019
35200.0,53779.6,35352.3,53815.0,0.6019
55133.1,14213.0,55273.8,14271.4,0.6018
120020.6,24320.0,120640.0,24858.0,0.6018
18914.5,35898.8,19516.7,36292.0,0.6018
106732.1,7575.1,106878.3,7753.4,0.6018
31040.0,52811.9,31184.1,53013.4,0.6017
35520.8,20797.5,35996.8,20961.7,0.6017
53916.5,6189.0,54394.5,6387.8,0.6017
34263.7,46175.8,34868.8,46710.7,0.6016
65896.5,18938.0,66240.0,19014.6,0.6016
48640.0,22109.4,49270.4,22439.5,0.6015
122004.8,26313.2,122552.9,26560.0,0.6015
25993.6,33281.9,26223.4,33320.7,0.6015
110744.0,25054.5,111360.0,25550.7,0.6015
18630.0,43201.7,18880.0,43326.6,0.6015
28527.7,49603.4,28675.1,49646.9,0.6014
27756.9,34522.3,27909.8,34560.0,0.6013
70212.7,22343.1,70437.4,22400.0,0.6013
52488.2,23040.0,53120.0,23278.9,0.6012
43521.4,9283.0,43874.1,9350.4,0.6012
4054.3,64441.2,4159.1,64697.7,0.6012
87367.9,15794.2,87597.0,16000.0,0.6011
33721.8,42563.5,34240.0,42719.9,0.6011
56105.5,19522.2,56278.7,19655.9,0.6010
70725.4,22775.9,71040.0,22851.6,0.6010
32253.4,24325.1,32320.0,24453.8,0.6010
116502.8,22400.0,117120.0,22796.5,0.6010
62471.2,18665.5,63040.0,18896.5,0.6010
23132.9,35846.5,23606.7,36084.3,0.6009
33062.0,60730.5,33126.3,60835.2,0.6009
31534.6,49755.6,31680.0,49917.4,0.6009
108626.6,18530.8,108784.2,18705.7,0.6007
35856.8,41294.5,36173.8,41909.6,0.6006
74483.5,21226.0,74685.5,21399.2,0.6006
40320.2,27279.9,40563.3,27835.7,0.6005
1926.6,64120.6,2004.0,64416.9,0.6005
101440.0,7040.9,101955.8,7216.4,0.6004
24000.9,60590.4,24128.4,60800.0,0.6004
27840.9,30264.0,28004.5,30367.9,0.6004
33285.2,17280.0,33600.0,17416.8,0.6004
19225.4,27932.5,19833.9,28442.5,0.6004
68771.8,9600.8,69119.5,10009.7,0.6004
42242.7,9190.3,42559.7,9600.0,0.6003
109763.8,22203.2,109931.2,22400.0,0.6003
36942.3,22507.0,37139.2,22553.7,0.6003
54750.7,15047.0,55040.0,15330.3,0.6003
123378.5,36800.0,123520.0,36997.2,0.6002
103681.6,17619.4,103844.7,17819.4,0.6001
56331.8,18430.0,56840.5,18826.2,0.6001
42837.5,21632.6,43200.0,21745.8,0.6001
39057.6,23684.6,39329.4,24306.2,0.6001
125632.8,28824.1,125760.0,29120.0,0.6001
74735.1,9765.2,75200.0,10223.4,0.6000
42606.0,15658.5,42675.7,15870.5,0.5998
77608.1,20871.4,78080.0,21023.7,0.5998
33244.4,20707.3,33600.0,20799.3,0.5998
84859.7,7671.0,84952.9,7764.2,0.5998
87603.7,8961.4,88000.0,9059.0,0.5998
32792.7,47199.3,32957.1,47593.9,0.5997
56677.0,6080.0,57167.6,6320.0,0.5997
66461.8,10807.7,66646.6,10872.4,0.5997
64378.5,8341.1,64640.0,8717.5,0.5996
16660.5,68904.1,17280.0,69389.5,0.5995
38400.0,46933.4,38516.7,47038.3,0.5994
111955.2,23602.6,112044.6,23722.3,0.5993
50242.4,13286.4,50592.8,13436.1,0.5993
77442.2,19731.7,77508.2,19840.0,0.5993
79746.3,17673.4,80000.0,17747.5,0.5993
118080.0,30436.8,118694.7,30720.0,0.5992
35520.0,54103.9,36140.7,54400.0,0.5991
6796.7,62780.0,7326.5,63360.0,0.5991
71460.5,15806.1,71678.9,15930.9,0.5991
14404.1,63045.2,14477.8,63175.8,0.5991
107021.5,13331.1,107200.0,13440.0,0.5989
89929.8,14733.5,90560.0,15087.9,0.5989
54743.5,5132.2,55136.2,5449.9,0.5988
73935.2,10043.6,74375.2,10550.3,0.5988
73282.4,10432.4,73559.1,10833.3,0.5988
29677.1,44078.2,30068.4,44468.6,0.5988
98246.6,6988.3,98638.3,7148.6,0.5986
31243.9,17342.5,31360.0,17515.1,0.5986
50647.0,18877.3,50804.1,18920.1,0.5986
69336.0,13445.6,69572.0,13578.8,0.5984
19690.5,39041.4,19840.0,39102.6,0.5984
73903.9,18979.2,74239.1,19184.7,0.5984
20002.6,58030.6,20159.7,58237.5,0.5983
50823.8,22305.7,51200.0,22429.5,0.5983
51531.1,18724.1,51992.2,19093.3,0.5982
117214.9,29595.8,117440.0,29755.6,0.5982
92411.6,12480.0,92794.4,13084.5,0.5981
25280.9,34526.7,25453.8,34598.3,0.5980
71701.2,18240.4,72016.1,18416.4,0.5978
31011.9,31513.1,31081.7,31819.4,0.5978
16895.9,64961.4,17050.5,65043.8,0.5978
29183.7,43582.9,29306.2,43840.0,0.5977
59436.9,18038.7,59692.1,18188.0,0.5976
29973.2,43650.0,30097.5,43840.0,0.5976
1940.7,63040.0,2560.0,63435.9,0.5975
12811.9,61126.1,13440.0,61450.8,0.5974
110408.3,21200.2,110846.7,21760.0,0.5974
20240.7,68915.5,20451.8,69117.6,0.5974
37120.2,20740.0,37329.3,20800.0,0.5974
123200.0,27848.3,123526.6,28167.1,0.5973
66202.6,17648.9,66507.5,17725.1,0.5973
125259.8,39654.4,125462.8,39680.0,0.5973
45524.2,17282.0,45895.9,17483.8,0.5973
53837.8,16965.7,54080.0,17301.0,0.5973
126080.0,34279.5,126594.8,34878.5,0.5972
33281.5,46736.2,33629.8,46917.2,0.5972
102126.9,4501.8,102697.4,5025.5,0.5972
98453.8,7360.4,98865.0,7442.0,0.5972
16960.4,45440.0,17034.5,45600.0,0.5972
109629.8,19207.3,109759.1,19488.3,0.5971
85811.7,11678.1,86386.8,11836.3,0.5971
68100.7,8965.6,68467.8,9180.2,0.5970
32000.9,14205.8,32585.9,14400.0,0.5970
32323.4,40517.0,32640.0,40639.3,0.5969
115036.1,25113.5,115197.4,25195.6,0.5967
8675.5,66240.0,9280.0,66799.8,0.5967
106459.9,6401.1,106867.8,6739.9,0.5967
72960.0,18191.2,73308.7,18560.0,0.5967
105949.1,13764.2,106560.0,13930.9,0.5966
19534.6,67521.0,19771.2,67584.0,0.5966
119072.4,36559.2,119665.1,37120.0,0.5966
28229.6,38605.2,28789.8,38770.2,0.5966
19779.6,45866.8,20160.0,46400.0,0.5965
37832.4,24815.4,37994.7,24953.4,0.5965
56988.6,2240.0,57600.0,2724.6,0.5965
33903.9,57715.6,34236.0,57859.7,0.5965
113003.4,20160.0,113600.0,20696.8,0.5965
45704.6,10102.8,46065.8,10180.9,0.5965
113721.7,22087.6,114228.6,22537.6,0.5965
42564.8,21377.1,43200.0,21734.7,0.5964
51201.0,12800.0,51340.4,12954.5,0.5964
100493.4,11854.0,100726.9,12308.9,0.5964
76164.0,21444.5,76800.0,21726.2,0.5964
100160.0,14720.0,100796.2,15075.3,0.5963
60748.0,21894.0,61120.0,21971.2,0.5963
75068.6,11019.5,75258.7,11115.2,0.5963
93453.8,6092.2,94080.0,6510.9,0.5962
19522.2,29855.5,19916.5,30056.8,0.5961
15682.7,35304.3,16008.1,35839.1,0.5961
97301.0,18326.7,97920.0,18741.5,0.5961
15680.0,31046.6,16109.1,31627.8,0.5960
35108.0,13176.5,35219.0,13379.0,0.5960
105925.5,18895.2,106103.1,19200.0,0.5960
19522.7,64186.9,19903.2,64429.0,0.5960
30676.0,45166.5,30915.8,45310.5,0.5959
26588.1,35683.0,27197.1,35835.7,0.5959
25284.7,58317.7,25494.9,58559.1,0.5959
20488.7,54779.0,21120.0,55040.0,0.5958
50214.6,24179.6,50560.0,24315.1,0.5958
95419.9,13121.1,95516.7,13196.7,0.5958
77500.2,17282.1,77689.5,17330.6,0.5958
51730.2,22963.3,52003.2,23132.1,0.5957
129932.1,30153.4,130556.9,30720.0,0.5957
50090.6,14084.2,50155.4,14228.7,0.5957
18627.4,59522.4,18759.0,59709.2,0.5956
60322.2,14535.2,60478.8,14720.0,0.5955
47375.7,24165.5,48000.0,24621.8,0.5955
89292.5,8969.7,89602.0,9231.3,0.5955
34566.5,39343.3,35000.3,39493.8,0.5955
19401.2,52480.0,19525.7,52763.5,0.5953
27237.5,29608.3,27310.8,29757.7,0.5953
21198.1,28617.3,21255.7,28720.6,0.5953
129295.2,32209.0,129616.2,32320.4,0.5952
19520.2,61026.5,19669.3,61117.7,0.5952
89926.4,12170.4,90560.0,12444.1,0.5952
19520.0,38883.5,20026.9,39038.3,0.5952
33314.2,56084.6,33501.5,56223.3,0.5952
4800.0,62478.5,4947.9,62720.0,0.5951
73671.5,13003.4,74240.0,13440.0,0.5950
21728.1,62083.3,22080.0,62331.5,0.5950
51985.2,18565.1,52307.6,18749.0,0.5949
34240.0,24004.9,34467.8,24077.0,0.5948
101836.5,13669.6,102080.0,13781.9,0.5947
28801.4,52818.5,29110.4,53350.7,0.5947
80345.2,15136.4,80492.7,15488.5,0.5947
77409.1,18475.1,77735.6,18880.0,0.5947
99964.7,11885.3,100054.7,11980.6,0.5947
36986.7,38400.0,37068.2,38665.6,0.5946
37929.0,36805.1,38080.0,37083.7,0.5945
28620.7,34935.2,28770.0,35100.6,0.5945
53238.6,17956.4,53360.8,18240.0,0.5944
35205.0,36965.5,35367.2,37112.4,0.5944
33284.0,17229.9,33639.4,17600.0,0.5944
15685.0,30428.3,16032.6,31040.0,0.5943
28297.7,42295.2,28792.5,42777.6,0.5943
79061.3,14477.6,79680.0,14841.7,0.5943
35381.0,50316.4,35519.4,50466.0,0.5942
24651.8,53440.0,25262.0,53826.1,0.5942
17982.6,27200.0,18560.0,27432.9,0.5942
33283.9,24732.7,33474.0,24956.5,0.5942
27530.7,60820.8,27931.2,61175.7,0.5942
35200.0,23274.6,35354.0,23312.0,0.5941
90560.8,13503.0,90738.3,13760.0,0.5941
38431.6,41920.0,39040.0,42462.9,0.5940
24320.0,31045.0,24611.7,31267.5,0.5940
16320.3,41255.2,16669.4,41411.9,0.5939
116841.9,22409.5,117440.0,22972.7,0.5939
43634.5,11911.3,43832.6,12042.3,0.5939
90880.0,8391.5,91382.9,8545.4,0.5939
32665.8,42631.0,32960.0,42997.5,0.5938
59859.5,23384.4,60480.0,23680.0,0.5937
77619.8,11624.6,77760.0,11840.0,0.5937
64002.6,6604.7,64356.3,6921.4,0.5936
94720.2,14745.1,94849.8,14811.9,0.5936
35377.6,52544.0,35515.3,52596.5,0.5936
36038.6,42515.7,36340.6,42631.6,0.5936
61198.2,11348.7,61436.4,11517.7,0.5936
18987.3,56000.0,19200.0,56068.9,0.5936
41697.0,26240.0,41916.6,26613.3,0.5935
99520.0,14681.7,100142.8,15004.8,0.5935
80926.6,17345.1,81269.7,17703.5,0.5935
76800.0,14950.6,77394.5,15111.5,0.5935
53907.8,1864.2,54299.1,2240.0,0.5933
52487.3,21203.2,52950.0,21440.0,0.5933
102090.2,16508.6,102720.0,16960.0,0.5931
16929.3,39078.7,17001.5,39216.6,0.5930
77301.1,18451.2,77437.6,18559.0,0.5930
58676.9,21010.6,58880.0,21120.0,0.5930
51200.4,10225.4,51347.9,10555.6,0.5929
98880.0,14097.5,99100.2,14240.7,0.5927
33089.8,39722.4,33580.2,40310.9,0.5927
86250.0,16538.7,86399.3,16634.8,0.5926
52427.9,22553.1,52799.1,22691.3,0.5926
37908.4,17143.1,38356.4,17594.7,0.5925
45056.3,19865.2,45433.4,20066.8,0.5925
91368.8,10575.6,91675.0,10894.5,0.5924
43775.6,21763.8,44154.2,21963.1,0.5923
56491.1,16189.7,56617.1,16236.7,0.5923
27522.9,63040.0,27681.4,63192.2,0.5923
70413.8,20068.9,70474.7,20223.1,0.5923
20714.5,45548.8,21117.9,45940.9,0.5923
57878.6,22298.3,58072.9,22558.4,0.5922
94898.2,11979.2,95040.0,12288.4,0.5922
77326.0,18240.0,77440.0,18359.0,0.5921
38832.5,13015.3,39038.7,13117.6,0.5921
18243.6,32535.7,18850.6,32944.7,0.5920
34583.7,53053.5,34880.0,53120.0,0.5920
130997.6,32001.2,131101.5,32115.8,0.5920
80963.0,11846.3,81124.6,11967.6,0.5919
122274.6,25920.0,122880.0,26216.5,0.5919
17434.4,46402.0,17662.1,46443.0,0.5919
126115.1,27914.8,126720.0,28475.9,0.5918
36800.0,19212.8,37435.3,19609.9,0.5918
34440.8,47683.2,34660.9,47847.5,0.5917
56642.7,11363.2,56751.0,11546.8,0.5917
120640.0,35254.5,120980.9,35520.0,0.5916
51202.5,15158.6,51416.6,15680.0,0.5916
24320.0,46523.0,24670.7,46687.1,0.5915
35130.2,10637.5,35313.5,10733.3,0.5915
19201.9,54440.9,19609.1,54800.5,0.5915
102720.0,9282.8,103043.9,9371.6,0.5913
92984.0,16005.1,93120.0,16249.8,0.5913
32320.0,13668.9,32424.3,13975.4,0.5913
35850.0,16037.1,36468.9,16304.0,0.5912
46048.4,10117.2,46400.0,10240.0,0.5912
50886.8,13374.5,51044.1,13518.3,0.5912
19523.5,33600.0,19707.4,34080.4,0.5912
24072.8,35195.8,24364.0,35258.7,0.5911
36794.2,11785.1,37120.0,11840.0,0.5911
34240.4,39322.9,34420.0,39358.5,0.5910
44328.2,19272.1,44435.0,19470.5,0.5909
33304.1,21373.0,33598.4,21441.7,0.5909
26560.0,59200.0,27038.1,59707.9,0.5908
51233.1,18992.6,51520.0,19069.7,0.5908
65282.1,17289.9,65447.0,17596.2,0.5906
104456.7,6435.1,104960.0,6593.4,0.5906
98282.8,6856.0,98880.0,7038.5,0.5906
4886.4,61440.0,5438.1,61995.1,0.5905
53493.0,3606.8,53732.2,3671.3,0.5904
34013.3,49942.8,34240.0,50015.6,0.5903
61442.9,21838.6,62072.2,22123.8,0.5903
88326.4,12645.3,88752.4,12793.8,0.5903
61084.8,20632.1,61140.9,20736.4,0.5901
69124.2,9292.2,69415.5,9600.0,0.5901
55684.2,19200.0,55833.3,19491.5,0.5901
26183.6,55891.6,26239.6,56000.0,0.5901
23558.4,32790.4,23855.1,32864.2,0.5901
36160.0,42560.9,36373.9,42606.5,0.5901
22440.2,27904.0,23030.2,28474.0,0.5899
16320.9,29960.6,16570.1,30164.3,0.5899
86910.5,13582.1,87154.6,13728.9,0.5899
18323.7,44495.8,18880.0,44711.6,0.5898
27520.0,31370.8,27667.7,31636.7,0.5898
32001.0,53241.7,32174.5,53429.3,0.5898
56320.3,22728.8,56872.2,22911.2,0.5898
110505.8,22519.9,110716.3,22686.8,0.5897
36301.9,43078.3,36480.0,43430.2,0.5897
9360.0,61761.0,9502.4,61859.9,0.5897
68067.0,22425.7,68160.0,22596.6,0.5897
106240.0,12810.5,106646.3,13012.9,0.5897
40519.8,17019.0,40952.1,17600.0,0.5897
32320.0,53444.0,32637.7,53513.3,0.5897
74891.9,21761.1,75520.0,21948.2,0.5896
81299.6,13844.4,81904.7,14008.9,0.5896
121589.6,28018.4,121920.0,28158.3,0.5895
27036.5,62621.2,27200.0,62717.7,0.5895
111706.4,25529.4,112320.0,25920.0,0.5895
45190.3,19600.7,45760.0,20160.0,0.5894
60880.3,11641.2,61113.5,11840.0,0.5894
20165.3,48471.6,20392.8,48708.3,0.5894
63367.7,18700.6,64000.0,19088.0,0.5893
76402.2,21246.2,76796.5,21333.5,0.5893
26660.6,55040.0,27010.2,55334.6,0.5893
15680.0,34650.9,16017.1,35200.0,0.5893
52583.3,3831.6,52800.0,3901.3,0.5893
116160.0,23073.6,116645.8,23671.6,0.5892
124172.0,31680.0,124743.4,32116.0,0.5892
120492.7,26561.6,120955.9,27181.4,0.5892
24646.4,39275.0,25129.3,39672.9,0.5892
45440.0,12814.8,45747.4,13122.8,0.5892
90032.1,7363.3,90240.0,7407.4,0.5891
41134.6,29120.0,41278.0,29315.5,0.5890
72394.0,16008.9,72914.0,16474.9,0.5890
38202.0,9826.3,38398.8,9920.0,0.5890
19549.8,26922.4,20150.9,27481.2,0.5889
16000.0,32220.8,16177.4,32331.3,0.5888
20840.8,57637.1,21228.0,58240.0,0.5887
87360.1,7777.1,87469.4,8000.0,0.5887
69144.1,16168.2,69756.1,16315.6,0.5887
31680.0,20433.0,32304.2,20757.1,0.5886
39311.0,27226.8,39449.8,27286.4,0.5886
32700.8,21125.2,33279.1,21276.4,0.5886
89420.1,17789.4,89596.3,18015.7,0.5884
25412.4,58992.1,25881.5,59518.5,0.5884
23370.6,61252.9,23650.3,61760.0,0.5883
54377.2,18038.5,54714.3,18331.4,0.5883
126720.1,30187.3,126988.2,30613.3,0.5882
31041.0,38372.1,31680.0,38698.1,0.5882
17915.5,38648.2,18205.3,38720.0,0.5882
15681.4,29451.0,16080.1,30060.6,0.5882
84954.6,17816.1,85120.0,17916.7,0.5882
14407.7,68346.6,15040.0,68788.2,0.5881
47366.8,12908.9,47625.0,13333.7,0.5881
34426.1,57074.8,34737.8,57179.5,0.5881
42060.3,16971.8,42240.0,17126.1,0.5881
72968.9,14721.7,73413.4,15022.6,0.5880
26882.7,60602.9,27520.0,60843.6,0.5879
30400.0,56004.4,30462.6,56160.9,0.5879
29052.1,52164.7,29170.9,52480.0,0.5878
88273.7,9624.1,88640.0,9710.7,0.5878
38221.9,26543.1,38427.1,26727.4,0.5877
20800.0,60229.6,20977.1,60407.3,0.5877
17921.2,44657.7,18295.1,45120.0,0.5877
37380.5,35395.5,37500.8,35624.9,0.5877
32370.0,53682.5,32640.0,53744.8,0.5876
18499.7,59844.4,18880.0,59949.8,0.5875
31672.3,28284.3,32000.0,28473.0,0.5873
104051.6,19840.0,104632.2,20406.7,0.5873
30450.4,56641.6,30524.2,56761.8,0.5872
27729.3,46674.5,27901.7,46717.8,0.5872
25921.2,32536.3,26119.4,32623.5,0.5872
81935.2,20487.8,82307.7,20869.1,0.5871
58596.8,18741.2,59200.0,19079.4,0.5871
75846.4,8524.8,76100.4,8640.0,0.5871
65772.0,6375.1,65918.9,6576.4,0.5870
19217.1,28949.5,19840.0,29115.4,0.5870
92205.5,12178.6,92367.5,12217.3,0.5870
46646.0,22929.5,46717.5,23005.5,0.5870
31761.9,50885.5,32250.1,51449.6,0.5870
1205.8,66117.5,1278.4,66181.9,0.5869
92494.9,6080.0,93119.2,6522.8,0.5868
51840.0,21440.0,51992.0,21537.1,0.5868
101763.8,16714.6,101910.9,16960.0,0.5868
88678.3,8057.8,89242.0,8309.7,0.5867
43843.5,20860.0,44047.0,21030.4,0.5867
35840.0,58451.7,35973.0,58654.4,0.5866
51840.4,14831.4,51998.5,15122.2,0.5866
84480.1,18935.4,84762.4,19520.0,0.5866
123840.0,29197.0,124430.9,29760.0,0.5866
32717.5,25729.8,33271.2,26132.9,0.5865
77120.0,21485.5,77747.7,21864.2,0.5865
99954.9,11903.5,100151.5,11989.7,0.5864
27843.1,57013.3,28159.8,57279.5,0.5864
24614.1,33253.2,24960.0,33341.0,0.5864
103096.2,12270.5,103680.0,12616.3,0.5864
73293.4,23121.1,73920.0,23491.0,0.5864
39815.9,24001.6,39955.9,24174.5,0.5864
3253.8,62431.4,3791.5,62992.2,0.5863
28293.6,54400.0,28478.8,54658.9,0.5863
31146.5,39068.3,31546.0,39140.0,0.5863
22273.8,49021.3,22706.7,49177.4,0.5862
104642.0,13913.1,104853.8,14110.2,0.5862
128333.8,29186.8,128952.0,29760.0,0.5862
116171.2,23366.3,116645.8,23822.9,0.5862
74576.9,14407.6,75065.0,14638.7,0.5862
24694.2,34367.3,25280.0,34691.7,0.5860
86836.3,10249.6,87038.3,10314.8,0.5860
55379.6,11528.4,55564.3,11762.3,0.5858
35522.6,42560.0,35606.9,42807.8,0.5858
20698.0,68995.0,21111.2,69427.4,0.5858
30083.5,34252.8,30158.8,34352.8,0.5858
55708.2,22697.9,56320.0,22914.3,0.5858
60343.5,18240.0,60480.0,18488.5,0.5857
52800.7,12480.0,52891.1,12588.2,0.5856
100163.9,10884.4,100467.2,10970.0,0.5856
22745.4,42897.8,23039.1,43316.8,0.5856
124180.2,39544.0,124800.0,39952.3,0.5856
44161.5,20555.3,44233.0,20665.9,0.5855
6638.0,65288.0,6770.2,65493.2,0.5855
65454.6,19495.8,65600.0,19520.0,0.5855
61120.0,22085.2,61431.8,22148.4,0.5854
28908.9,37760.0,29092.0,38066.2,0.5854
95360.8,7443.2,95559.5,7517.7,0.5854
77016.0,18817.3,77119.5,19131.8,0.5853
97757.0,15428.3,97920.0,15587.5,0.5853
105602.1,8738.9,105802.7,9280.0,0.5853
70105.0,20906.1,70719.9,21421.4,0.5852
27204.5,44257.3,27803.4,44413.5,0.5852
15374.8,65385.1,15799.0,65917.1,0.5850
66560.3,7363.0,66698.4,7556.9,0.5850
63668.9,16320.9,64000.0,16427.0,0.5850
52001.6,3578.0,52160.0,3764.4,0.5850
24000.0,40478.0,24612.6,40809.5,0.5849
106535.6,9601.8,106820.4,9701.4,0.5848
37883.2,49920.0,38079.3,50219.8,0.5848
100516.3,17280.0,101082.0,17808.2,0.5847
97622.1,5503.3,98037.2,5661.7,0.5846
88000.0,8874.4,88388.7,9033.5,0.5845
29465.6,59039.3,29986.9,59193.1,0.5845
54932.3,14807.1,55038.3,14937.6,0.5844
35916.1,51527.7,36049.7,51577.8,0.5844
58340.6,12791.0,58495.6,12827.4,0.5844
30720.0,52160.0,31341.7,52418.2,0.5842
35520.0,20775.3,35693.1,20800.0,0.5841
24723.7,37582.8,24817.3,37749.5,0.5840
71046.0,22137.6,71142.2,22174.5,0.5840
20182.9,39407.9,20800.0,39720.8,0.5840
103052.4,6969.3,103153.4,7246.0,0.5839
40624.0,16692.9,40956.6,17280.0,0.5839
67277.7,6720.0,67840.0,7173.7,0.5839
20185.1,44257.9,20800.0,44719.3,0.5839
39302.1,13768.7,39543.0,13904.5,0.5839
58056.1,14124.3,58168.0,14501.0,0.5838
27840.0,46667.7,28020.7,46705.1,0.5838
37163.2,15364.0,37227.3,15476.2,0.5837
91550.0,8183.6,92160.0,8398.9,0.5837
126811.6,38433.6,127335.0,39040.0,0.5837
85440.0,21393.2,85803.5,21683.7,0.5835
101529.4,6195.7,101756.0,6373.9,0.5834
93444.8,14307.3,94080.0,14633.6,0.5834
60883.5,9355.5,61427.1,9900.2,0.5833
130056.3,30836.5,130239.3,31121.1,0.5833
49820.6,10623.5,49944.8,10880.0,0.5833
100909.4,12649.1,101115.8,12971.5,0.5833
12166.1,61920.3,12468.8,62077.4,0.5833
28713.4,45646.8,28798.7,45755.0,0.5832
33408.0,21058.7,33600.0,21120.0,0.5832
21123.1,60182.1,21491.6,60689.2,0.5832
30095.7,61274.8,30720.0,61747.7,0.5830
53761.8,14795.5,53896.9,15035.9,0.5830
126085.2,34885.8,126407.1,35217.9,0.5829
40130.5,13576.8,40311.9,14080.0,0.5829
21294.4,51530.5,21434.2,51830.7,0.5828
88047.9,20236.8,88624.3,20800.0,0.5828
64960.0,21717.2,65594.9,22080.0,0.5828
20804.0,53865.2,21141.0,54400.0,0.5828
26691.6,38080.0,26814.9,38159.8,0.5827
99278.2,15094.1,99817.4,15461.5,0.5826
60438.1,13760.0,60612.0,14052.4,0.5825
80043.9,18211.7,80227.5,18240.0,0.5825
22080.0,30806.2,22697.1,31269.4,0.5825
51204.8,22308.9,51424.3,22444.1,0.5825
70080.0,22337.1,70317.4,22400.0,0.5825
126730.1,28230.9,127355.9,28800.0,0.5825
83965.2,12160.0,84155.2,12448.2,0.5825
74834.7,11358.6,74905.2,11489.7,0.5825
11520.0,60800.2,11838.8,61135.7,0.5825
81153.8,16379.9,81576.3,16572.8,0.5824
29440.0,59200.0,29761.9,59380.5,0.5824
81284.1,13449.0,81432.8,13693.7,0.5824
63040.0,7364.7,63320.4,7637.6,0.5824
8330.9,61913.4,8960.0,62384.8,0.5823
92489.3,14204.5,93120.0,14552.2,0.5822
116803.5,30154.0,116998.6,30400.0,0.5822
28940.1,49976.3,29092.2,50240.0,0.5822
81829.5,19520.8,82235.3,19712.0,0.5821
51449.0,3496.9,51824.6,3648.8,0.5821
115555.3,27387.3,115840.0,27518.1,0.5821
74883.8,19952.3,75404.2,20480.0,0.5821
25282.5,54709.2,25346.5,54820.8,0.5820
43200.0,11304.6,43753.3,11513.8,0.5820
65076.3,18942.1,65423.5,19043.1,0.5820
23083.7,57165.2,23277.7,57390.2,0.5819
39961.8,27984.1,40308.7,28155.2,0.5819
105603.3,17600.0,105730.1,17973.3,0.5819
57280.0,22722.2,57780.9,22891.2,0.5819
51840.0,11023.2,51999.7,11200.0,0.5818
31289.5,52735.2,31416.0,52880.7,0.5818
36669.3,22186.9,36884.0,22228.1,0.5817
36215.3,45505.3,36624.3,46078.7,0.5817
44013.3,12161.7,44155.7,12347.9,0.5816
35159.4,42565.1,35284.4,42865.9,0.5815
73602.6,23144.2,74080.6,23319.2,0.5814
60480.0,18778.6,60818.1,19088.1,0.5814
20353.4,56960.0,20588.8,57100.5,0.5814
36782.8,17585.1,36872.2,17837.6,0.5813
18092.4,60480.0,18239.8,60733.8,0.5813
94117.8,6567.5,94560.8,6734.3,0.5813
2275.2,63856.8,2441.6,63995.8,0.5813
102737.1,4160.8,103360.0,4441.5,0.5813
29505.3,42235.4,29695.7,42276.6,0.5812
34881.8,24129.7,35121.3,24295.1,0.5812
106881.8,16960.0,107209.3,17395.3,0.5812
41280.0,13526.3,41495.3,14080.0,0.5812
35920.8,16325.2,36084.2,16491.7,0.5812
24090.1,53090.9,24224.5,53424.1,0.5811
33670.5,25136.7,33913.8,25280.0,0.5811
74560.0,21780.5,75154.5,22009.6,0.5811
21656.6,66409.2,22078.4,66555.7,0.5811
69671.2,11244.0,70071.9,11519.6,0.5811
46445.9,16800.6,46708.1,17020.2,0.5811
45440.0,10241.4,45744.8,10316.5,0.5810
46720.0,8960.0,47284.4,9150.4,0.5809
112049.4,19520.0,112640.0,20112.5,0.5809
40651.3,9602.2,40939.7,10179.3,0.5809
88068.6,8804.4,88633.5,8956.1,0.5809
32138.6,29592.2,32412.8,29757.9,0.5809
65653.8,17614.1,65709.1,17740.3,0.5808
123204.1,30260.3,123447.9,30400.0,0.5808
72764.6,9546.3,72960.0,9855.3,0.5807
14294.9,67039.6,14678.1,67356.7,0.5805
35200.0,57633.6,35771.6,57920.0,0.5805
26182.2,56008.9,26549.6,56279.2,0.5805
30232.5,33287.5,30696.0,33436.9,0.5805
37332.8,29941.8,37581.2,30247.2,0.5804
121295.8,25037.0,121913.8,25594.7,0.5803
68177.2,7634.6,68374.7,7677.2,0.5803
57189.3,12800.0,57348.8,13097.5,0.5802
36267.6,8101.9,36480.0,8273.3,0.5802
46737.3,11202.5,47118.5,11369.7,0.5802
26385.0,50408.2,26556.2,50650.4,0.5801
12163.0,67203.3,12307.6,67298.2,0.5800
59850.6,18947.8,60428.5,19106.6,0.5800
40560.3,11520.0,40736.6,11873.4,0.5800
98502.6,6919.0,98880.0,7040.0,0.5800
21917.2,57856.5,22209.6,58142.8,0.5799
11832.6,65624.5,11927.3,65920.0,0.5799
35052.1,43253.0,35185.0,43483.3,0.5799
23412.6,32768.3,23470.2,32888.9,0.5799
34430.4,41952.5,34560.0,42214.9,0.5799
89325.2,8000.0,89454.0,8186.4,0.5798
71773.7,18572.7,71856.1,18673.5,0.5798
27153.4,44270.6,27520.0,44364.8,0.5798
16643.3,68826.4,17280.0,69116.4,0.5798
46109.6,8363.7,46720.0,8927.3,0.5798
95113.0,15540.2,95266.0,15624.6,0.5797
12864.7,64992.4,13440.0,65577.2,0.5797
96087.4,13943.6,96198.4,14079.0,0.5796
50880.0,22732.7,51509.7,23018.8,0.5795
35694.6,45767.7,35840.0,45806.3,0.5795
11005.5,62446.5,11195.1,62720.0,0.5795
34104.9,38001.7,34180.9,38282.1,0.5795
26820.3,32891.2,27002.7,32931.2,0.5794
25915.6,59100.6,26240.0,59200.0,0.5794
35223.9,40772.2,35413.9,40960.0,0.5793
124160.0,29208.5,124454.4,29760.0,0.5793
39044.4,42925.3,39452.8,43520.0,0.5792
74677.0,9559.6,75191.4,9916.9,0.5792
90880.0,6401.1,91042.7,6762.8,0.5792
87016.9,13448.2,87269.8,13514.9,0.5791
51397.4,13212.8,51468.5,13378.9,0.5791
54004.0,8863.5,54396.7,9280.0,0.5791
35531.7,38745.4,36158.8,38940.4,0.5790
127041.6,32823.4,127180.3,33197.1,0.5790
33290.4,39006.8,33485.5,39049.9,0.5790
34829.9,40560.9,34920.7,40652.1,0.5789
5153.8,59879.0,5755.5,60472.7,0.5789
10917.2,59879.4,11508.6,60478.0,0.5789
18942.3,61760.0,19200.0,61926.3,0.5789
53547.4,13327.0,54080.0,13484.3,0.5788
10241.0,62522.2,10594.6,62709.3,0.5788
21123.0,65600.4,21197.9,65696.2,0.5788
36486.5,31774.2,36746.0,31900.8,0.5787
19520.0,35583.9,19828.9,35835.5,0.5786
28121.2,53849.0,28480.0,54080.0,0.5785
76572.3,16003.4,76751.7,16076.0,0.5785
23364.8,51751.9,23560.7,51840.0,0.5784
15904.0,65782.0,16316.1,66234.8,0.5783
58130.5,17600.0,58240.0,17832.3,0.5783
71994.2,13287.2,72316.7,13439.2,0.5783
93760.0,9891.0,94358.0,10049.0,0.5783
24403.6,52006.4,24640.0,52156.7,0.5783
2481.4,66996.8,2880.0,67065.6,0.5782
64905.9,17015.1,65280.0,17600.0,0.5782
23364.2,57289.9,23727.8,57685.3,0.5782
31996.6,58485.9,32320.0,58591.4,0.5781
31233.6,21769.6,31303.1,21954.3,0.5781
22754.3,39360.0,22866.5,39661.8,0.5780
28743.4,36577.9,28800.0,36791.7,0.5780
121920.8,36874.8,122110.3,37120.0,0.5780
36410.7,58560.0,36480.0,58741.5,0.5779
87485.0,11998.3,87853.0,12101.3,0.5777
67527.7,16015.5,67976.9,16198.9,0.5777
35001.4,39499.8,35198.8,39681.7,0.5777
102172.8,15191.7,102496.9,15258.5,0.5777
67334.2,7723.6,67520.0,8023.6,0.5777
50584.6,23324.5,50874.1,23447.1,0.5776
78645.2,13881.2,79030.3,14003.4,0.5776
79788.3,18259.1,79943.9,18296.2,0.5775
32002.9,38369.2,32640.0,38684.9,0.5774
35260.9,20801.9,35520.0,20954.3,0.5774
31468.3,48660.2,31675.0,48810.5,0.5774
40961.2,20869.6,41136.7,20987.0,0.5774
77124.0,16004.5,77550.2,16513.6,0.5774
36541.6,55680.0,36660.1,55993.8,0.5774
39449.1,46539.4,39674.3,46719.5,0.5773
128739.5,35520.0,128953.9,35960.2,0.5773
35411.7,49648.1,35599.6,49763.0,0.5773
107397.8,14408.4,107840.0,15032.1,0.5772
23108.9,60180.6,23641.0,60775.3,0.5771
93441.5,8210.3,93792.4,8406.4,0.5771
70725.7,17760.2,71042.6,18233.7,0.5771
78450.0,15696.7,79028.0,16302.1,0.5771
25618.0,53191.1,25982.4,53566.1,0.5771
12184.2,61492.2,12800.0,61720.5,0.5771
60357.4,10078.5,60623.8,10239.9,0.5771
87684.4,9158.7,88320.0,9459.8,0.5770
28510.4,49290.4,28885.0,49478.4,0.5770
43263.2,22835.1,43840.0,23360.0,0.5769
101353.2,6797.9,101760.0,6940.0,0.5769
67520.0,22259.7,68140.0,22604.9,0.5769
90893.1,11841.9,91365.0,12104.6,0.5769
89936.3,14561.1,90560.0,14713.0,0.5769
84800.7,13385.2,84917.5,13598.9,0.5769
59070.3,15215.0,59200.0,15527.3,0.5769
63229.0,6084.2,63521.5,6387.1,0.5767
33280.0,37011.8,33446.1,37113.4,0.5767
102444.6,6571.2,103040.0,6714.8,0.5767
32033.5,11665.2,32320.0,11829.3,0.5767
98433.8,5701.3,98687.0,5770.1,0.5766
111631.4,19521.3,111990.9,19726.1,0.5766
33926.1,50180.2,34040.9,50495.3,0.5766
106240.7,8160.8,106310.3,8312.5,0.5765
21440.0,52197.8,22053.5,52520.5,0.5765
44997.6,21441.1,45212.1,21492.7,0.5765
97284.0,16046.6,97617.4,16513.1,0.5765
52487.0,22724.2,52932.0,22886.2,0.5765
13591.8,63360.4,13760.0,63433.6,0.5765
101926.6,19110.1,102078.9,19199.6,0.5764
40076.7,15360.0,40283.2,15598.3,0.5764
36791.5,24841.9,36992.5,24990.5,0.5764
21460.5,43842.8,21681.3,43912.5,0.5763
69183.3,24402.2,69760.0,24951.5,0.5762
89210.8,13122.6,89279.3,13234.7,0.5762
99533.8,19482.0,100160.0,19840.0,0.5761
86400.8,8000.8,86521.1,8137.3,0.5761
46400.0,19323.8,46512.7,19520.0,0.5761
30403.6,40028.5,30602.4,40288.4,0.5761
63502.6,17421.6,63677.1,17598.0,0.5760
57635.1,16328.6,58229.9,16507.4,0.5760
63041.5,5082.9,63158.7,5233.8,0.5760
26746.0,37462.2,26892.6,37760.0,0.5760
83200.9,17068.0,83360.6,17280.0,0.5760
41472.8,20542.8,41679.5,20798.6,0.5760
102077.7,15203.6,102395.6,15267.0,0.5758
36671.6,23065.2,36800.0,23110.6,0.5758
127314.5,36217.8,127360.0,36375.1,0.5758
2174.3,66241.0,2278.9,66315.0,0.5756
18880.0,47362.6,19139.7,47427.6,0.5756
32001.3,50319.3,32131.7,50671.2,0.5756
42930.7,9951.8,43515.8,10511.8,0.5756
71369.9,19529.2,71715.4,19919.5,0.5756
75203.4,9223.1,75350.3,9461.1,0.5755
38080.0,20860.9,38710.8,21274.6,0.5755
121380.8,28504.6,121600.0,28819.1,0.5755
44161.7,10264.4,44612.9,10449.9,0.5755
34546.7,56005.8,34652.5,56178.5,0.5755
40328.8,14759.6,40538.1,15358.4,0.5755
62889.5,20459.7,63021.4,20797.3,0.5755
32640.0,13963.2,32840.6,14000.9,0.5755
73096.5,15427.3,73598.5,15804.1,0.5754
43988.4,15362.2,44438.1,15524.2,0.5753
19994.6,35487.0,20159.2,35520.0,0.5752
55364.0,6735.5,55835.7,7157.6,0.5752
31838.9,31827.0,31948.2,31905.5,0.5752
58637.8,11844.7,58839.9,11891.9,0.5751
26888.9,51183.0,27520.0,51520.0,0.5751
36480.0,44533.3,36638.2,44843.1,0.5750
16339.1,60160.0,16960.0,60464.2,0.5750
85760.9,7362.3,86360.2,7592.8,0.5750
50562.6,18308.6,50759.2,18436.6,0.5749
118409.4,30447.8,118827.8,31040.0,0.5749
40053.5,22804.7,40156.0,23040.0,0.5749
80269.7,11404.8,80316.5,11520.0,0.5749
35958.8,10089.7,36383.6,10238.7,0.5749
113117.9,23611.1,113195.4,23712.5,0.5749
45732.3,21767.2,46080.0,21952.6,0.5749
32303.6,21031.9,32640.0,21115.2,0.5748
101748.8,10240.0,102050.8,10309.5,0.5746
25563.1,36877.2,25662.7,37216.3,0.5746
35174.2,44512.7,35355.5,44550.4,0.5746
30156.1,37876.6,30250.5,38179.2,0.5746
21080.7,49603.4,21349.9,49663.6,0.5746
62443.8,10577.5,62720.0,10766.3,0.5745
33453.9,20713.6,33597.1,20903.8,0.5745
101120.7,16122.4,101440.4,16640.0,0.5744
103393.1,14229.7,103994.1,14705.3,0.5744
83579.8,11491.6,84160.0,11646.9,0.5744
60930.5,17817.3,61100.3,17856.4,0.5744
105321.4,19894.5,105913.0,20443.9,0.5743
24192.4,39723.9,24629.2,40107.1,0.5743
63049.7,14102.1,63472.8,14396.9,0.5743
12911.8,62491.6,13114.2,62758.5,0.5743
32653.2,17332.4,33147.6,17724.5,0.5743
79190.9,16000.0,79360.0,16314.3,0.5743
37245.5,22412.3,37466.8,22663.1,0.5742
69763.8,9978.0,70291.8,10560.0,0.5742
54916.1,17616.2,55040.0,17675.9,0.5742
33886.8,20540.0,34240.0,20665.5,0.5742
33155.8,43874.4,33549.7,44458.0,0.5741
106987.4,13781.2,107499.6,14395.8,0.5741
79357.6,16727.3,79650.1,17280.0,0.5740
64888.2,16785.2,65225.2,17280.0,0.5740
62720.0,7683.5,63134.6,8075.4,0.5739
64467.1,7041.5,64731.0,7172.5,0.5739
35540.6,43609.5,35619.0,43760.5,0.5739
20162.0,52480.0,20393.5,52639.1,0.5739
30785.3,24046.7,31340.2,24635.7,0.5738
17928.4,58888.5,18545.3,59473.5,0.5738
75847.9,15942.7,75939.1,16000.0,0.5737
57600.0,3202.9,57760.2,3275.6,0.5736
23353.3,56732.1,23662.1,57181.1,0.5735
100269.3,11171.1,100445.0,11200.0,0.5735
38843.7,47106.3,39345.0,47680.0,0.5734
112667.8,20160.0,113280.0,20556.4,0.5734
61188.3,7681.2,61437.3,7947.6,0.5733
40000.3,9610.2,40111.9,9816.8,0.5733
51844.1,7398.2,51999.6,7680.0,0.5733
35460.2,10768.8,35549.4,11054.8,0.5732
63246.8,18243.8,63358.7,18565.0,0.5732
35635.6,44924.1,36124.2,45437.7,0.5732
75383.1,20111.7,75494.7,20258.0,0.5732
86144.5,16321.3,86331.6,16373.6,0.5731
34817.9,41545.1,34929.1,41790.7,0.5731
55040.0,18441.8,55291.6,18528.5,0.5731
22174.3,29441.7,22720.0,29645.5,0.5730
74971.4,11114.6,75102.3,11200.0,0.5730
1047.8,64960.0,1277.5,65118.7,0.5729
68340.4,21012.9,68391.9,21165.7,0.5729
28160.0,44246.6,28768.8,44409.9,0.5728
60804.7,18115.6,61001.3,18224.5,0.5728
27847.7,51200.0,28480.0,51539.1,0.5728
26560.0,51355.9,27185.1,51518.0,0.5728
40217.6,12920.5,40320.0,13120.0,0.5728
23360.9,61123.6,23574.8,61585.2,0.5727
35230.7,27203.4,35329.4,27346.2,0.5727
61250.3,9976.4,61760.0,10449.2,0.5727
34560.0,14319.5,35174.8,14566.6,0.5727
78642.8,21120.0,79040.0,21238.9,0.5727
20067.7,53183.0,20471.5,53692.6,0.5727
103386.7,3942.7,104000.0,4466.8,0.5727
32415.0,23914.6,32639.8,23996.5,0.5726
33600.0,57727.3,33728.2,57872.0,0.5725
19631.8,58880.0,20123.4,59446.2,0.5724
54084.3,23041.7,54254.4,23146.1,0.5724
56982.7,16351.4,57594.3,16512.0,0.5724
106048.8,16213.7,106533.5,16640.0,0.5723
27135.4,66395.1,27520.0,66523.2,0.5723
30720.0,25006.4,31212.5,25586.3,0.5723
29120.0,59635.4,29473.1,59834.3,0.5722
38117.8,15155.7,38638.0,15680.0,0.5721
37883.8,50560.0,38079.7,50848.0,0.5721
36490.4,23360.6,37120.0,23680.0,0.5721
77971.9,10618.9,78096.5,10668.8,0.5721
2352.2,63363.4,2583.5,63405.6,0.5720
72964.1,9920.0,73430.8,10521.4,0.5719
36163.4,26068.9,36490.7,26234.4,0.5719
49328.1,24361.3,49909.0,24518.2,0.5718
56640.0,22720.0,57224.9,22989.8,0.5717
54404.0,4310.5,54600.9,4800.0,0.5716
42584.9,15817.7,43161.4,16320.0,0.5716
54086.3,6173.1,54414.2,6490.9,0.5716
25709.1,54814.8,25920.0,55040.0,0.5716
24979.5,57321.4,25175.2,57916.7,0.5715
74880.0,15360.0,75500.6,15670.2,0.5714
93410.4,16892.6,93760.0,16960.0,0.5713
72527.5,15393.0,72886.6,15454.6,0.5712
23370.0,58240.0,23986.9,58439.8,0.5711
52004.3,15370.1,52160.0,15633.2,0.5711
12991.9,65723.2,13431.8,65952.9,0.5711
45613.8,12518.0,46066.9,12945.2,0.5711
31208.3,31360.2,31359.5,31453.8,0.5710
59527.4,6819.9,59840.0,7037.7,0.5710
19563.1,34670.7,19951.8,34866.6,0.5709
52160.0,22513.2,52800.0,22854.4,0.5709
34731.8,25576.6,34948.9,25750.8,0.5708
16227.2,38939.6,16637.0,39012.6,0.5708
18242.7,35596.5,18459.7,35840.0,0.5708
24363.7,44248.4,24449.7,44478.8,0.5707
80961.1,20487.2,81564.1,20922.8,0.5707
17600.0,33075.2,17812.8,33279.3,0.5706
42565.0,22080.0,42812.8,22245.2,0.5706
121600.0,38812.6,122170.7,39033.7,0.5705
39427.1,25280.8,39680.0,25345.1,0.5705
63043.9,22673.9,63378.1,22854.5,0.5704
130880.7,31785.2,131494.9,32000.0,0.5704
30400.0,29295.5,30583.2,29434.9,0.5704
41858.3,11006.6,41984.5,11200.0,0.5704
76480.0,21191.4,77093.5,21336.7,0.5704
42252.7,17375.8,42673.4,17676.0,0.5703
7297.2,61525.2,7680.0,61592.6,0.5703
80972.8,17123.0,81591.6,17274.1,0.5703
22503.6,52967.8,22920.4,53113.8,0.5703
108974.5,17243.5,109115.2,17593.2,0.5702
117484.0,22797.7,118080.0,23345.4,0.5701
78450.3,12161.8,78614.3,12211.1,0.5700
17415.7,67201.6,17893.8,67423.0,0.5700
89619.9,17648.5,89812.4,17920.0,0.5699
34240.0,26338.3,34809.5,26494.3,0.5699
86407.1,20848.0,86967.0,21313.9,0.5698
91520.0,14336.1,92143.3,14494.0,0.5698
100482.9,16003.2,100695.8,16123.4,0.5698
106240.0,13762.0,106818.7,14000.8,0.5696
28251.5,50563.0,28415.7,50634.2,0.5696
129489.8,30720.0,129599.4,30833.1,0.5696
69785.3,7055.3,70400.0,7632.7,0.5696
70823.2,19630.4,71360.0,20160.0,0.5696
72671.5,19889.5,73273.9,20458.4,0.5695
82276.0,8331.8,82880.0,8827.3,0.5695
79368.3,9408.2,79531.6,9590.7,0.5695
18560.0,45125.0,19095.3,45307.6,0.5695
36648.0,37770.7,36709.9,37882.7,0.5694
52653.8,11710.9,52762.5,11815.9,0.5694
38614.7,23456.8,38678.4,23549.3,0.5694
77125.2,21286.2,77513.6,21437.1,0.5694
34102.1,14924.6,34238.6,15033.5,0.5694
38504.1,19200.0,39040.0,19414.3,0.5694
7431.6,61515.7,7629.1,61556.0,0.5693
103684.2,21204.2,103862.6,21528.4,0.5693
84501.1,7043.0,85120.0,7438.3,0.5692
75564.6,16996.3,76149.3,17580.5,0.5692
35279.8,40570.2,35518.8,40727.7,0.5691
38888.0,25600.0,39036.8,25985.5,0.5691
21847.8,53111.1,22400.0,53422.3,0.5691
79193.9,8471.5,79358.5,8550.3,0.5690
129133.1,31690.0,129278.7,31914.7,0.5690
54081.0,21681.9,54287.7,21924.6,0.5690
51668.6,14830.9,51998.0,15290.7,0.5690
23742.3,58724.5,24320.0,58875.3,0.5690
17136.4,37243.2,17527.5,37753.3,0.5689
30890.2,48281.5,31040.0,48405.7,0.5688
26296.9,32742.5,26376.7,32872.9,0.5688
38082.4,11200.9,38178.8,11324.9,0.5688
108188.6,23896.8,108800.0,24315.5,0.5688
63720.0,18639.3,64320.0,18880.0,0.5688
84706.3,9633.8,84932.8,10239.5,0.5687
17979.0,37634.7,18487.5,38036.4,0.5686
87833.0,9922.6,88130.3,9991.1,0.5686
37212.1,13161.8,37327.2,13440.0,0.5685
28812.7,59520.0,29440.0,59964.2,0.5685
59521.1,11200.0,59654.4,11406.2,0.5685
103680.0,8960.0,103856.8,9217.8,0.5684
34164.3,17755.2,34363.1,17871.1,0.5683
46225.3,19129.2,46377.8,19494.7,0.5683
31953.7,49408.5,32000.0,49585.2,0.5682
129049.5,31994.7,129600.0,32320.0,0.5682
23043.5,62401.0,23272.5,62568.8,0.5682
43274.2,12230.6,43840.0,12791.6,0.5681
105288.9,22387.7,105751.5,22720.0,0.5681
62082.3,21875.8,62574.5,22076.1,0.5680
53789.1,18921.4,54400.0,19153.0,0.5680
30826.6,48606.9,31039.1,48708.0,0.5680
42698.3,12862.6,42812.0,12933.8,0.5679
41954.4,18380.8,42560.0,18774.0,0.5679
53048.5,1316.0,53130.7,1600.0,0.5679
87378.5,7087.1,88000.0,7425.7,0.5679
75541.7,7771.0,75673.7,7859.8,0.5678
102189.4,5195.1,102720.0,5358.6,0.5678
22720.8,37761.5,22882.9,38087.8,0.5677
34602.2,43201.0,34712.4,43238.3,0.5677
27651.7,54078.6,27837.8,54317.7,0.5677
44530.4,11387.2,44597.5,11487.1,0.5677
66445.7,22112.8,66560.6,22156.6,0.5676
31487.3,50891.4,31677.7,51035.6,0.5676
79042.6,8962.0,79111.3,9086.9,0.5676
24963.2,58753.8,25028.5,58880.0,0.5676
75594.9,15981.5,75767.7,16134.6,0.5676
74643.1,9154.3,74880.0,9272.1,0.5676
25294.8,61133.7,25698.7,61550.5,0.5674
56372.3,15566.5,56633.3,15705.7,0.5674
56960.7,6080.0,57142.4,6313.4,0.5673
68825.8,11852.9,69343.2,12309.1,0.5672
101489.4,12966.9,102038.8,13116.6,0.5672
98611.6,6757.3,99200.0,6901.8,0.5672
87634.4,12187.0,87793.2,12230.2,0.5672
33544.7,12802.1,33684.8,13026.8,0.5671
40980.0,11615.4,41095.8,11839.4,0.5671
38955.3,27520.0,39085.2,27797.9,0.5671
23858.9,42042.5,23925.7,42134.4,0.5671
77048.7,17994.3,77118.0,18185.3,0.5670
52808.2,16642.8,53124.9,16817.2,0.5670
75586.7,15974.8,75762.4,16320.0,0.5668
21760.0,52738.1,21927.1,52919.1,0.5668
96310.9,5829.4,96640.0,6024.4,0.5668
20480.0,55040.0,21116.0,55287.6,0.5667
49735.5,11520.0,49904.7,12138.6,0.5666
111361.1,19576.8,111454.8,19665.9,0.5665
129909.2,34017.3,130237.3,34560.0,0.5665
79454.7,20508.3,80000.0,20682.9,0.5665
33669.5,59704.9,33911.9,60104.0,0.5665
31771.2,15712.8,31959.1,16000.0,0.5664
94018.9,7815.3,94399.9,7931.4,0.5664
34954.1,23643.4,35200.0,23877.8,0.5664
100730.1,13865.4,100866.9,13907.7,0.5664
30083.4,47040.0,30154.3,47188.7,0.5664
29745.2,57339.4,30017.5,57405.4,0.5663
52883.1,22371.6,53073.5,22400.0,0.5663
99142.3,14688.8,99520.0,14822.6,0.5662
64641.5,18914.6,64741.0,19075.4,0.5661
100460.4,10883.6,100800.0,10963.0,0.5661
37239.7,21442.0,37434.0,21714.5,0.5661
49601.9,9280.0,49779.7,9414.2,0.5660
36324.4,10560.0,36424.5,10845.1,0.5660
31123.7,15053.5,31213.5,15353.5,0.5660
94401.6,10969.0,94568.2,11161.1,0.5660
49503.2,16422.6,49872.3,16613.1,0.5660
16960.8,38720.0,17197.4,39127.8,0.5659
91596.6,6720.5,92152.4,6899.9,0.5659
69458.6,7360.0,70080.0,7581.3,0.5659
75395.0,11535.0,75829.8,12091.2,0.5659
20480.4,58884.1,20819.6,59186.2,0.5658
65274.9,19473.6,65413.9,19830.5,0.5657
19339.2,42566.5,19831.1,42709.8,0.5657
87695.2,19520.1,87774.3,19628.4,0.5657
114387.2,26176.9,114660.4,26239.2,0.5656
39069.3,32419.9,39680.0,32905.4,0.5656
37131.3,31999.8,37760.0,32320.0,0.5655
28628.8,32757.7,28794.0,32803.6,0.5654
123541.3,38430.3,124004.3,39038.0,0.5654
58560.0,21909.2,59135.6,22079.9,0.5654
99845.2,16326.2,100047.2,16575.6,0.5654
104344.0,21782.2,104960.0,22275.3,0.5653
15360.0,64819.7,15418.9,64960.0,0.5653
29148.5,34282.9,29477.7,34880.0,0.5653
36556.9,18629.1,36703.7,18929.4,0.5653
75343.7,17650.3,75520.0,17779.3,0.5653
50572.5,22731.0,50880.0,22856.8,0.5652
54404.7,7153.8,54603.7,7360.0,0.5652
30727.9,46127.6,31040.0,46206.0,0.5652
100497.1,19709.6,101109.7,20160.0,0.5652
77569.2,10560.0,77755.3,10813.8,0.5651
34803.1,40959.6,34880.0,41199.1,0.5651
96124.5,8824.7,96537.6,9020.7,0.5651
50981.8,8824.3,51200.0,8957.4,0.5651
54082.5,18744.5,54684.9,18917.6,0.5650
16088.1,28093.8,16631.3,28263.2,0.5650
63451.5,6648.0,63658.1,6720.0,0.5650
34889.2,14062.0,35344.0,14400.0,0.5650
58560.0,18974.7,59097.9,19127.9,0.5649
61219.0,23040.0,61340.9,23077.8,0.5649
40000.0,11520.0,40182.6,11611.9,0.5649
57283.0,18068.2,57443.2,18240.0,0.5649
45120.0,20833.4,45272.9,21120.0,0.5648
22082.0,33115.2,22684.4,33548.8,0.5648
27741.7,58888.2,27839.4,59138.0,0.5648
46554.4,13913.8,46720.0,14078.4,0.5648
65352.8,16533.5,65708.4,16960.0,0.5647
59072.3,15453.5,59199.6,15680.0,0.5647
18880.0,46576.1,19182.7,46751.9,0.5647
68298.9,18677.7,68448.6,18794.0,0.5647
48834.8,10890.8,49278.3,11234.4,0.5647
24000.0,40468.4,24579.5,40638.7,0.5647
36178.5,23547.3,36800.0,23873.3,0.5645
122967.9,27660.4,123191.6,27840.0,0.5645
84619.7,13762.3,84702.0,13826.7,0.5644
65104.7,18525.3,65245.3,18560.0,0.5642
118166.9,26244.6,118380.0,26436.4,0.5642
54796.7,5271.4,55040.0,5428.9,0.5641
16680.8,36193.7,16938.9,36707.9,0.5640
54311.7,22081.5,54720.0,22172.0,0.5640
92484.6,14400.0,93120.0,14689.8,0.5640
59301.8,19841.5,59402.9,19921.1,0.5640
33585.1,14372.8,33920.0,14519.3,0.5639
41129.1,9280.0,41280.0,9604.5,0.5638
38748.4,42241.2,39360.0,42416.9,0.5638
27928.1,52637.4,28480.0,53094.5,0.5638
52003.0,10678.4,52480.0,10880.0,0.5638
50182.7,16487.9,50554.0,16573.5,0.5637
79618.2,14954.7,79824.5,14994.5,0.5637
83858.6,21600.9,84480.0,22060.7,0.5637
118779.0,28921.2,118949.9,29120.0,0.5636
66627.9,23240.7,66880.0,23360.0,0.5636
28634.4,37746.3,28796.1,37791.6,0.5636
114277.0,20880.2,114880.0,21425.1,0.5635
69444.6,7770.2,69653.6,7951.2,0.5635
101601.7,8960.0,101760.0,9031.2,0.5634
126798.4,33008.0,127250.8,33280.0,0.5634
47978.8,19225.5,48124.0,19444.4,0.5634
40320.9,23369.3,40429.0,23542.4,0.5632
88960.0,9031.2,89346.2,9172.2,0.5632
20493.8,39782.3,21075.5,39954.3,0.5632
22481.0,39362.6,22694.8,39403.8,0.5632
39593.3,46023.6,39751.3,46066.4,0.5632
79586.4,12028.9,79680.0,12104.4,0.5631
18912.9,58894.2,19517.5,59479.4,0.5630
56837.2,7360.0,56960.0,7433.4,0.5630
38098.6,10335.4,38720.0,10658.8,0.5630
42572.1,21401.0,43196.6,21562.5,0.5629
105961.4,6766.7,106271.1,7014.7,0.5629
99477.0,6802.9,99838.6,6909.1,0.5629
57750.4,6738.9,58230.5,7238.5,0.5629
109471.3,22099.4,110062.2,22590.1,0.5628
125138.3,39651.7,125760.0,39994.7,0.5628
27226.0,64014.0,27826.8,64512.0,0.5628
26884.4,44855.7,27414.5,45276.8,0.5628
18925.0,65282.2,19140.6,65332.6,0.5627
19406.3,29565.2,19840.0,29750.4,0.5627
29907.3,34789.2,30048.4,34960.2,0.5627
31680.0,20452.0,32270.3,20604.0,0.5627
127381.9,28800.0,128000.0,29227.5,0.5626
26855.0,35390.2,26974.1,35677.7,0.5626
125121.7,39643.8,125318.3,39680.0,0.5626
28913.3,49285.9,29079.5,49599.1,0.5626
99998.1,4668.3,100156.9,4791.3,0.5625
30761.8,41145.7,30834.6,41334.2,0.5625
30261.8,54082.7,30371.8,54201.1,0.5624
21235.5,66052.2,21752.1,66228.6,0.5623
55830.0,11984.7,55958.8,12028.0,0.5623
68665.2,24197.2,68997.0,24264.4,0.5621
31668.6,56967.1,31993.6,57402.8,0.5621
74231.0,15834.6,74558.3,16320.0,0.5621
110278.2,21192.6,110720.0,21440.0,0.5620
21634.0,31683.4,22070.6,31890.7,0.5620
30970.5,40838.8,31063.5,41054.6,0.5620
119360.0,31371.9,119701.1,31611.3,0.5620
19429.9,67576.9,19684.6,67641.1,0.5619
54404.2,15784.0,54584.9,16000.0,0.5619
41286.6,23077.0,41905.0,23360.0,0.5618
91145.1,14666.4,91520.0,14807.0,0.5617
96320.9,6720.0,96872.7,7027.7,0.5616
72713.3,12430.1,72871.5,12575.7,0.5616
11557.2,64642.5,12160.0,65234.4,0.5616
54953.8,2137.1,55040.0,2288.8,0.5616
51029.2,12804.0,51200.0,13011.3,0.5616
122562.2,28947.0,122745.4,29261.6,0.5615
35890.9,21925.4,36003.5,22281.9,0.5615
53019.8,12890.7,53097.6,13235.7,0.5614
24967.4,36804.0,25280.0,37052.3,0.5614
32965.5,43660.4,33405.1,43837.1,0.5613
120320.0,25471.0,120657.5,25595.6,0.5613
55681.0,20163.6,56042.9,20320.3,0.5611
54433.4,22194.2,55040.0,22369.0,0.5611
118373.8,23680.0,118720.0,23959.3,0.5609
45776.5,16320.0,46080.0,16475.2,0.5609
34227.2,29617.6,34560.0,29758.7,0.5609
25363.2,29915.6,25908.6,30398.3,0.5609
32809.7,52481.5,32885.9,52591.9,0.5609
65926.8,16325.1,66371.6,16479.6,0.5609
33256.0,46511.4,33600.0,46628.5,0.5607
34796.8,45667.0,35164.1,45736.3,0.5607
32960.0,11213.7,33117.1,11404.4,0.5607
21638.9,38669.4,22079.9,38828.1,0.5606
29218.5,46109.5,29341.1,46400.0,0.5606
74880.0,21527.5,75443.0,21690.6,0.5605
78667.6,14588.7,79040.0,14711.7,0.5605
124161.2,28481.4,124297.9,28578.4,0.5605
80000.2,10067.2,80241.6,10238.9,0.5604
79123.1,14685.4,79680.0,14855.6,0.5603
19216.2,46721.3,19390.9,47016.0,0.5603
77023.1,17308.6,77431.4,17758.7,0.5603
22400.0,30840.8,22714.4,31193.5,0.5603
38258.5,32640.0,38400.0,33018.3,0.5603
32140.2,11649.2,32639.2,11980.0,0.5603
6938.8,64641.3,7040.0,64915.7,0.5602
34608.2,42467.3,34674.6,42560.0,0.5602
81413.7,18320.3,81598.9,18560.0,0.5602
34790.9,39530.3,34880.0,39707.1,0.5602
44202.1,19085.8,44262.0,19236.1,0.5602
54108.7,997.1,54720.0,1566.3,0.5601
75904.7,15680.0,76480.0,15942.2,0.5601
6400.0,66957.3,7023.3,67200.0,0.5601
43157.4,18921.9,43200.0,19090.0,0.5601
19228.4,26933.7,19834.2,27478.3,0.5600
69445.7,16640.1,69669.9,16677.7,0.5599
25291.0,39733.8,25761.5,40211.5,0.5599
34647.1,47821.0,34873.4,48000.0,0.5598
49354.5,22153.6,49702.7,22240.2,0.5597
85760.0,10044.6,86056.6,10173.0,0.5597
30722.2,32698.7,31007.9,32960.0,0.5597
30139.1,40320.0,30295.3,40572.1,0.5596
82900.1,8648.0,83519.2,8954.6,0.5596
116349.5,25603.5,116688.5,25857.8,0.5595
22104.4,47176.5,22575.8,47680.0,0.5595
80204.8,13542.2,80299.8,13588.2,0.5594
42197.8,23404.6,42560.0,23553.7,0.5594
77279.1,10432.3,77431.1,10560.0,0.5594
108422.5,19846.5,108626.6,20054.6,0.5594
17942.0,69477.3,18560.0,69975.2,0.5594
41639.3,12826.1,41794.2,13119.7,0.5593
19427.7,29007.4,19807.2,29097.4,0.5593
18010.0,50465.3,18173.3,50560.0,0.5592
37151.2,7722.8,37753.8,8302.7,0.5591
32838.7,11991.0,33110.1,12155.8,0.5591
122487.4,39181.9,122880.0,39251.8,0.5591
36978.1,32215.9,37080.1,32465.5,0.5591
19200.0,69350.0,19334.3,69444.4,0.5591
28160.0,35875.4,28407.4,36012.6,0.5590
32951.8,42438.2,33094.2,42757.5,0.5589
61683.6,21899.1,62080.0,21971.0,0.5589
44402.1,21894.8,44767.8,22039.2,0.5589
30400.6,32172.2,30783.2,32451.5,0.5589
88012.9,12480.0,88640.0,12822.6,0.5588
18649.6,49738.8,19091.0,50132.5,0.5588
24961.5,55040.0,25303.0,55472.4,0.5588
84978.4,13201.7,85119.7,13537.8,0.5587
28327.0,47252.7,28477.9,47547.0,0.5586
32017.7,8000.0,32640.0,8302.9,0.5585
38120.8,8734.7,38695.2,8952.4,0.5585
107854.6,15102.5,108446.7,15680.0,0.5585
25163.3,51738.8,25280.0,51840.0,0.5583
62728.9,20490.1,63167.9,20908.9,0.5583
58560.0,14723.8,58777.7,14789.7,0.5583
33610.3,48673.9,34233.7,48954.5,0.5582
76800.0,14982.1,77140.0,15139.1,0.5582
30352.2,52203.5,30481.4,52480.0,0.5582
36160.0,21703.2,36267.2,21759.2,0.5582
49902.4,22835.7,50240.0,22913.2,0.5581
11913.1,65588.4,12160.0,65732.6,0.5581
31042.5,57291.5,31485.0,57874.2,0.5580
81280.0,16380.8,81493.2,16558.7,0.5580
105244.2,13644.5,105600.0,13757.7,0.5580
47006.6,13745.5,47350.2,14079.4,0.5580
50523.8,7040.0,50841.5,7189.4,0.5580
93495.6,11010.3,94080.0,11195.7,0.5579
61978.8,23166.7,62089.6,23238.7,0.5578
20488.6,33075.4,21113.8,33534.0,0.5578
59840.0,18758.3,60456.0,19105.0,0.5577
104306.4,18928.7,104571.3,19069.7,0.5577
79774.8,7688.8,80320.0,8134.9,0.5576
15680.9,33328.5,16014.2,33920.0,0.5576
976.4,67341.8,1600.0,67825.1,0.5576
46723.9,14739.3,47028.8,15153.0,0.5576
91520.0,6560.0,92129.4,6714.0,0.5576
23332.8,48018.5,23463.4,48310.8,0.5576
121620.5,38985.4,122240.0,39360.0,0.5575
26620.3,36171.3,26978.4,36250.7,0.5575
65553.6,21498.3,65703.3,21677.9,0.5575
50902.1,23892.7,51520.0,24316.0,0.5574
98576.6,10395.7,98872.0,10464.9,0.5574
100510.1,3904.5,101118.8,4469.8,0.5573
18881.7,65499.3,19037.8,65592.8,0.5572
30587.4,47712.7,31030.8,48317.6,0.5571
98880.0,6885.6,99467.2,7035.8,0.5571
59945.8,18986.7,60150.0,19028.6,0.5570
58240.0,16333.2,58799.8,16513.7,0.5570
54400.0,21973.9,55029.8,22182.4,0.5570
24721.6,34109.2,25280.0,34357.1,0.5569
11202.3,65920.0,11415.9,66172.8,0.5569
36767.0,52166.3,37083.6,52797.2,0.5568
66453.1,8657.9,66618.9,8693.6,0.5568
52162.6,8343.6,52292.2,8624.3,0.5567
13841.7,67933.6,14207.7,68025.5,0.5567
36521.5,42565.3,36635.4,42809.0,0.5566
20160.0,49392.1,20723.5,49590.7,0.5566
122240.0,36287.6,122564.8,36717.3,0.5566
15680.0,60240.7,16005.1,60800.0,0.5565
56826.2,7363.9,57137.5,7444.8,0.5564
85442.0,7442.4,85505.4,7558.2,0.5563
22721.6,38720.0,23158.4,39113.7,0.5563
131104.9,30794.2,131699.0,31357.1,0.5563
37120.0,16066.1,37616.0,16231.6,0.5563
90576.4,14741.4,91187.6,14921.6,0.5563
60804.0,22720.0,61440.0,23075.8,0.5562
31693.1,61138.7,32320.0,61440.0,0.5562
87389.1,11761.4,88000.0,12116.7,0.5562
17676.7,65600.0,18240.0,65792.2,0.5561
86722.7,20848.3,86986.0,21268.4,0.5561
31856.8,29232.7,32000.0,29440.0,0.5561
35553.7,7721.1,36152.5,8316.3,0.5561
50386.1,14224.7,50452.1,14346.2,0.5560
23687.1,55054.6,24030.5,55359.9,0.5560
47044.7,23685.0,47314.4,23998.8,0.5560
72000.0,22280.6,72640.0,22635.9,0.5560
110401.7,22510.1,110604.2,22697.3,0.5559
33931.8,47726.9,34186.5,47850.5,0.5559
111807.2,21252.5,111999.3,21440.0,0.5559
17767.4,33956.4,17920.0,34183.8,0.5559
100804.2,7568.0,101411.9,7992.7,0.5559
87910.4,13364.2,88121.2,13440.0,0.5557
53363.4,22946.0,53438.4,23050.6,0.5557
96093.5,17355.3,96278.5,17399.5,0.5556
31040.0,57287.3,31227.3,57582.3,0.5556
29663.7,47914.2,29755.9,48013.3,0.5556
130451.5,32332.1,130871.6,32768.2,0.5556
24960.3,39934.9,25177.0,40000.0,0.5556
111116.8,22581.2,111357.8,22718.4,0.5556
81094.5,13947.6,81446.5,14076.8,0.5556
35846.0,50662.2,36024.8,50940.6,0.5555
24701.3,36488.7,24960.0,36824.2,0.5554
90942.4,13919.3,91198.3,14024.2,0.5554
32081.9,49286.3,32315.2,49540.7,0.5554
53763.5,20881.8,54191.9,21440.0,0.5553
63739.6,14584.9,64316.8,14829.0,0.5553
112672.8,21472.0,113280.0,22048.5,0.5553
24646.9,47369.4,24871.6,47849.0,0.5553
38082.5,23403.5,38256.7,23680.0,0.5553
40097.1,27336.7,40312.5,27646.1,0.5553
32958.4,38781.9,33276.5,38947.5,0.5552
3521.6,64694.8,3661.7,64904.6,0.5552
91523.2,11097.5,91730.4,11197.2,0.5551
34496.0,28378.6,34558.3,28480.0,0.5551
81433.9,18882.5,81787.0,18961.6,0.5550
25809.5,50629.9,26082.8,51200.0,0.5550
66575.9,24707.2,67200.0,25123.5,0.5549
61140.0,5440.0,61439.7,5673.1,0.5549
72018.8,7360.0,72640.0,7634.7,0.5548
72751.6,21306.0,72960.0,21569.8,0.5548
125780.7,27840.0,126400.0,28278.2,0.5548
69081.1,12160.5,69353.0,12319.9,0.5547
19200.0,35906.9,19775.1,36269.4,0.5546
19200.0,38683.0,19824.4,38855.3,0.5544
37771.6,26803.0,38391.1,27053.5,0.5544
63697.1,14720.0,64320.0,15033.5,0.5544
55365.3,19026.5,55571.1,19096.8,0.5542
28007.4,29513.2,28158.5,29760.0,0.5542
89280.0,8668.1,89620.6,8828.9,0.5542
42560.0,21058.0,42890.3,21120.0,0.5540
111696.1,20515.0,112260.5,21112.2,0.5540
32342.5,8000.0,32960.0,8319.1,0.5539
2564.9,64018.8,2935.5,64416.7,0.5539
22741.7,42257.1,23040.0,42873.9,0.5539
32325.6,38804.3,32726.8,39007.6,0.5538
38296.2,30720.0,38411.8,30995.7,0.5538
32653.7,52803.2,32921.6,53051.9,0.5538
107840.0,12303.8,107889.1,12460.3,0.5538
62400.0,22725.8,62925.8,22876.3,0.5538
69147.6,13444.0,69440.0,13564.1,0.5537
40490.7,19878.8,40639.4,20160.0,0.5537
101453.0,14841.3,101757.7,15004.5,0.5537
5536.3,62854.3,6048.5,63360.0,0.5537
34701.5,52721.1,35199.3,53120.0,0.5536
11267.6,64640.0,11840.0,65222.3,0.5536
26708.3,55166.4,27055.0,55657.6,0.5535
22756.1,40640.0,22865.3,40907.2,0.5534
35200.0,14327.7,35437.3,14519.1,0.5534
83262.0,9758.3,83520.0,9914.1,0.5534
119074.5,23730.5,119680.0,24301.1,0.5533
36160.0,53231.3,36436.3,53760.0,0.5532
77440.0,14082.5,77621.7,14168.4,0.5532
57280.0,22488.0,57920.0,22720.0,0.5532
88365.7,15008.8,88960.0,15341.1,0.5531
43654.7,9976.3,43724.3,10240.0,0.5531
31040.0,35895.8,31644.6,36450.9,0.5530
99531.7,14700.2,100149.9,14852.6,0.5530
106563.7,17786.1,106911.3,18036.3,0.5530
44794.8,10195.7,45119.0,10268.7,0.5530
37927.6,32640.0,38041.6,32991.7,0.5530
63682.3,19237.2,63746.1,19337.0,0.5530
38080.5,33007.5,38141.3,33188.5,0.5529
18240.3,40642.5,18431.3,40853.3,0.5529
37404.0,32040.2,37746.7,32191.9,0.5529
25708.0,32218.4,25889.2,32261.6,0.5528
103365.1,11522.5,103478.7,11822.2,0.5528
71372.9,7360.6,72000.0,7615.6,0.5528
23978.9,62405.9,24303.3,62676.6,0.5528
101122.8,6827.5,101626.4,6979.1,0.5527
77458.3,18306.7,77692.0,18659.2,0.5527
20892.3,63833.0,21440.0,64312.8,0.5526
19200.0,38885.1,19801.6,39038.6,0.5526
19669.8,63873.2,19796.6,63996.8,0.5526
100801.0,16089.9,101002.4,16188.3,0.5525
21559.8,52800.0,21760.0,53030.1,0.5523
56874.1,11122.1,56965.6,11379.1,0.5523
44186.0,14662.8,44326.0,14718.8,0.5522
105280.0,5543.9,105895.7,5890.9,0.5520
75051.8,11720.8,75195.5,11833.0,0.5520
126400.0,30467.8,126453.0,30618.2,0.5520
56426.7,3843.7,56640.0,3972.2,0.5520
96960.0,14229.6,97161.6,14342.6,0.5519
21750.4,53440.0,22075.4,53734.4,0.5519
40215.8,24099.7,40279.0,24263.4,0.5519
16000.0,62854.6,16583.8,63036.3,0.5519
18880.0,59673.1,19489.5,59834.7,0.5518
40505.8,21129.3,40640.0,21166.5,0.5517
21441.9,59324.2,22044.2,59840.0,0.5517
27206.4,31040.0,27388.9,31351.0,0.5517
18612.9,55408.0,19160.5,55997.8,0.5516
22405.8,55680.0,22727.1,56013.4,0.5516
88851.8,8751.1,89280.0,8900.9,0.5516
79909.0,18235.7,80085.4,18275.3,0.5516
75597.6,13773.6,75840.0,13952.9,0.5514
40382.7,24640.0,40960.0,25176.4,0.5514
20606.2,47936.8,20708.0,47999.6,0.5514
35974.3,19717.2,36156.4,19945.9,0.5513
103056.9,5123.8,103383.4,5445.2,0.5513
64000.0,18719.4,64627.2,19100.4,0.5512
36245.4,9721.4,36434.3,9762.3,0.5511
99648.4,10880.8,99840.0,10982.6,0.5511
59627.8,10781.9,59739.7,10879.8,0.5511
69009.0,21760.0,69089.7,22067.8,0.5510
37462.5,12489.5,37782.4,12711.6,0.5510
39062.4,28805.1,39423.2,29265.8,0.5510
100736.7,14722.3,101102.2,14845.8,0.5510
120679.3,24688.7,121280.0,25245.1,0.5510
19355.0,30379.0,19839.0,30711.6,0.5510
36163.3,30237.6,36464.2,30720.0,0.5509
50246.2,21120.0,50442.9,21285.8,0.5509
123964.9,31429.1,124470.6,31995.4,0.5509
40988.8,11285.5,41110.7,11520.0,0.5508
98891.6,5130.1,99520.0,5468.7,0.5507
36821.1,40000.0,36941.3,40316.4,0.5507
19251.9,28800.0,19391.3,28839.7,0.5507
19216.5,48053.8,19528.4,48376.0,0.5507
55060.8,1609.5,55680.0,1916.4,0.5507
93445.9,14166.2,94080.0,14478.4,0.5506
9921.3,61995.5,10172.5,62251.0,0.5506
94080.0,10775.1,94703.6,11093.2,0.5505
128954.5,31012.4,129274.9,31357.8,0.5505
23137.7,51336.8,23360.0,51512.3,0.5505
88157.8,13858.1,88443.3,14036.0,0.5505
106422.6,22305.5,106558.9,22400.0,0.5505
18268.8,26905.4,18878.6,27478.9,0.5504
25992.0,58187.2,26240.0,58259.5,0.5504
104324.2,12740.5,104412.2,13073.1,0.5504
38729.3,35639.3,39038.4,35716.6,0.5503
66993.1,9179.4,67199.0,9275.2,0.5503
34625.6,11846.7,34877.7,12033.8,0.5503
57193.7,10674.7,57322.4,10866.9,0.5502
83857.9,7040.0,84480.0,7479.0,0.5502
35080.3,54610.0,35199.6,54720.0,0.5502
83214.2,21406.0,83840.0,21752.2,0.5501
66008.7,21952.6,66171.9,22096.6,0.5501
34565.7,20733.8,34783.3,20893.9,0.5501
32320.0,21790.1,32617.5,22100.3,0.5500
81921.2,16853.9,82015.4,17036.4,0.5500
61184.6,4739.1,61383.9,4779.0,0.5500
36803.0,20716.2,37440.0,21120.0,0.5499
83364.3,16308.7,83519.7,16380.1,0.5497
59210.1,21194.1,59348.0,21487.8,0.5497
96000.0,12560.1,96277.5,13120.0,0.5497
90033.1,15680.0,90216.7,15740.1,0.5496
21230.0,41600.2,21431.2,42095.6,0.5496
32034.4,61046.3,32314.1,61120.0,0.5496
48960.0,22101.0,49265.7,22332.1,0.5495
33426.9,37096.6,33573.9,37146.7,0.5495
51525.3,11876.8,51994.3,12160.0,0.5495
97187.6,13763.3,97343.6,13817.5,0.5495
58283.0,20800.0,58473.0,21110.0,0.5494
33920.0,21063.1,34179.8,21120.0,0.5494
28160.0,52806.0,28480.1,53116.3,0.5494
22723.6,64328.1,22790.6,64445.0,0.5494
39329.2,32127.7,39410.6,32257.9,0.5494
29485.3,37120.0,29648.8,37459.3,0.5493
88168.8,20824.1,88320.0,21120.0,0.5492
104982.1,20238.6,105578.4,20800.0,0.5492
87100.1,13881.8,87359.7,14038.7,0.5492
61865.7,5771.2,62000.4,6046.3,0.5492
36309.1,43206.8,36563.1,43390.5,0.5491
17365.6,60715.6,17594.8,60954.2,0.5490
11415.3,66677.9,11579.8,66819.9,0.5489
35437.6,9280.0,35501.7,9416.1,0.5489
20335.0,57955.4,20797.8,58178.5,0.5489
105284.9,6296.7,105590.5,6473.4,0.5488
33760.4,13834.0,33919.6,13972.5,0.5488
37044.1,46080.0,37145.8,46357.2,0.5488
34055.8,53401.0,34235.1,53750.0,0.5487
24002.0,38894.5,24344.4,39098.0,0.5486
73699.2,11916.7,74221.0,12478.7,0.5486
74102.3,9855.2,74529.9,10231.6,0.5486
72118.3,15685.2,72318.7,15813.2,0.5485
51679.2,1149.6,51913.3,1217.7,0.5485
75877.8,21286.6,76480.0,21435.1,0.5482
57415.7,5571.5,57600.0,5701.4,0.5482
107843.5,17479.1,108296.3,17920.0,0.5482
44246.6,17600.0,44418.2,17863.4,0.5481
107844.2,16051.8,108070.2,16617.6,0.5481
110082.5,18704.8,110559.2,19193.4,0.5481
31217.3,50908.3,31360.0,51067.6,0.5481
65718.2,6083.0,65919.7,6253.1,0.5480
39383.4,11006.9,39521.9,11199.8,0.5480
109200.8,16962.7,109760.0,17544.7,0.5480
124259.3,32000.0,124476.0,32256.8,0.5480
66946.6,6400.0,67520.0,6911.4,0.5480
12911.2,62372.8,13440.0,62711.2,0.5479
70153.1,9638.7,70372.9,9710.8,0.5479
127500.0,36160.7,127680.0,36312.1,0.5479
33114.9,57052.7,33600.0,57213.4,0.5478
36480.0,51521.0,36583.7,51654.2,0.5478
37588.0,56796.2,37760.0,56956.0,0.5477
48960.0,22411.3,49303.0,22581.1,0.5477
35124.8,53779.5,35305.6,53819.4,0.5476
111722.3,19520.0,112320.0,19905.9,0.5476
54507.9,20104.9,54647.9,20152.2,0.5476
53782.2,9923.8,54156.3,10352.0,0.5476
99840.0,9753.4,100066.0,9875.1,0.5476
45761.0,19840.0,46276.3,20363.8,0.5475
29307.5,36650.6,29422.2,36746.0,0.5473
16087.8,68166.5,16640.0,68527.5,0.5473
36804.5,15054.0,37067.3,15351.5,0.5473
33600.0,13811.7,33698.3,14080.0,0.5473
100288.6,7597.3,100799.6,7996.5,0.5472
24643.0,30680.3,24778.3,31012.6,0.5472
108233.3,15701.0,108778.8,16312.4,0.5472
76800.8,14761.4,77401.1,14900.7,0.5472
21132.8,37120.4,21440.0,37269.1,0.5471
124723.4,37482.3,124927.7,37686.7,0.5470
70628.9,15985.7,71034.7,16067.8,0.5470
31224.1,26674.7,31409.4,26716.2,0.5469
101850.0,14744.5,102399.4,14962.3,0.5469
81751.4,16795.0,81920.0,16832.5,0.5469
61542.0,4168.4,61757.6,4403.5,0.5469
25602.6,29956.8,25977.5,30393.9,0.5469
129642.3,30083.1,130240.0,30595.8,0.5469
71360.0,15950.7,71837.2,16121.8,0.5469
4480.0,65133.2,4779.8,65277.2,0.5468
86952.3,9240.6,87357.8,9342.7,0.5466
31360.0,46400.0,31484.4,46737.7,0.5465
28166.0,64629.3,28305.2,64755.5,0.5464
38112.2,21091.1,38711.7,21303.3,0.5463
31239.4,16516.4,31349.7,16633.3,0.5461
107841.5,19939.0,107932.4,20160.0,0.5460
30725.2,28802.9,30843.9,29002.6,0.5460
35650.5,38028.7,35785.2,38075.6,0.5460
28483.2,56658.7,28677.1,57168.8,0.5459
67053.4,11095.2,67293.3,11302.4,0.5459
3200.0,65133.5,3494.4,65591.0,0.5458
80320.0,20480.0,80942.9,20850.0,0.5458
65600.0,6727.1,66107.6,7169.4,0.5458
37144.3,28835.5,37760.0,29327.7,0.5458
54582.5,16477.1,54897.9,16561.9,0.5458
17629.8,58901.8,18240.0,59470.7,0.5458
77366.8,15088.6,77440.0,15137.4,0.5457
51120.0,6840.6,51508.2,7327.8,0.5457
12160.0,61453.6,12661.3,61635.2,0.5456
52558.7,3712.1,53120.0,3979.5,0.5456
101760.3,6892.1,102215.9,7039.1,0.5456
84558.6,16970.5,84626.6,17081.2,0.5455
77225.2,18828.4,77307.5,18916.8,0.5455
51999.0,10359.8,52122.5,10559.9,0.5455
124502.3,30080.0,125120.0,30521.9,0.5455
36161.1,27268.3,36358.8,27520.0,0.5454
65920.0,14873.5,66147.0,15038.3,0.5454
50375.1,13648.4,50864.5,14080.0,0.5454
51842.1,15043.9,51985.0,15247.5,0.5453
27084.5,38573.3,27520.0,38714.8,0.5453
26135.8,51761.5,26240.0,51829.2,0.5452
37360.7,8779.9,37433.9,8893.8,0.5452
60213.1,21344.0,60378.5,21413.1,0.5452
67955.1,23360.0,68044.4,23616.0,0.5451
85488.3,22015.1,85759.9,22080.0,0.5451
31480.8,53609.5,31608.8,53760.0,0.5450
86842.7,10156.7,87002.7,10481.3,0.5449
60979.5,8879.3,61120.0,9081.0,0.5449
125126.6,32001.5,125501.5,32416.8,0.5449
10962.9,62114.3,11517.9,62716.7,0.5448
35797.2,35916.5,35838.8,36039.4,0.5448
110189.0,22547.0,110399.3,22661.0,0.5447
34605.3,42943.7,34677.4,43135.3,0.5447
64331.9,18923.7,64730.0,19000.2,0.5447
70225.5,9147.3,70328.3,9239.2,0.5447
29370.2,38594.8,29760.0,38704.3,0.5446
37441.1,44480.0,37589.5,44819.3,0.5446
46179.8,8643.7,46717.6,8940.1,0.5445
24098.4,59754.8,24327.6,59840.0,0.5445
39360.0,19335.7,39501.6,19519.2,0.5445
72009.2,10560.0,72260.0,10683.6,0.5445
38885.4,15781.4,39035.4,16129.3,0.5445
21765.5,38662.5,22400.0,39024.3,0.5444
57578.6,13303.2,57732.9,13435.6,0.5444
17154.7,45170.6,17279.8,45465.8,0.5444
15979.4,28162.6,16320.0,28245.1,0.5444
74095.8,9528.3,74240.0,9570.3,0.5444
76483.1,15767.9,76790.1,15895.4,0.5443
71058.9,7116.6,71680.0,7653.0,0.5443
2020.6,63363.4,2240.0,63404.6,0.5443
119555.5,26880.0,119996.4,27112.6,0.5442
32025.9,11227.7,32318.4,11533.1,0.5442
49283.1,21760.0,49365.9,21994.5,0.5442
43840.7,18880.0,44080.6,19080.4,0.5441
106318.8,7611.7,106546.8,7807.5,0.5441
71702.5,21703.6,72079.2,21760.0,0.5441
35204.1,49384.4,35376.2,49596.0,0.5441
18261.8,64198.5,18439.7,64437.1,0.5441
41675.4,11223.5,41885.6,11757.2,0.5440
39078.6,8333.9,39680.0,8541.6,0.5440
14418.3,61120.0,15040.0,61473.1,0.5439
106697.8,17285.2,106878.6,17440.7,0.5439
53461.1,3453.7,53760.0,3520.0,0.5439
61496.3,14749.7,62071.7,15170.9,0.5439
19520.0,63541.3,19811.5,63998.4,0.5439
31128.2,50580.9,31360.0,50736.2,0.5438
122019.4,27525.9,122553.7,27939.5,0.5438
93760.0,9877.3,94374.9,10240.0,0.5438
53590.1,20707.7,54080.0,21108.0,0.5438
78418.8,21127.4,79031.8,21276.9,0.5437
19520.0,29120.0,20140.3,29487.4,0.5437
38174.3,16065.1,38713.9,16618.5,0.5437
89600.0,14856.7,90227.9,15036.2,0.5437
63550.7,17863.7,63680.0,17919.8,0.5437
38291.6,46104.6,38398.1,46293.9,0.5437
20945.9,59936.9,21417.3,60480.0,0.5437
96259.1,14281.3,96640.0,14393.2,0.5436
50606.2,22247.8,51194.0,22397.5,0.5436
58003.6,5277.8,58560.0,5438.1,0.5436
58466.1,22166.2,58697.8,22274.8,0.5435
14400.0,62191.9,14724.3,62470.5,0.5435
33281.2,43593.3,33388.5,43821.0,0.5435
106244.3,19402.8,106412.6,19597.6,0.5435
27448.5,36800.0,27520.0,36924.4,0.5434
75153.6,12806.2,75348.0,12986.7,0.5434
64640.0,10079.2,65243.9,10560.0,0.5433
70081.9,22347.8,70646.2,22523.3,0.5433
39077.0,26560.0,39197.4,26854.0,0.5433
107540.6,19903.6,108017.5,20443.0,0.5432
18126.8,40321.3,18240.0,40572.0,0.5432
22788.7,42241.5,22864.2,42357.2,0.5431
109443.2,21209.3,109631.6,21373.3,0.5431
41282.5,21227.6,41382.3,21406.5,0.5431
18293.8,27952.1,18880.0,28151.7,0.5431
44493.9,11669.1,45114.2,11839.8,0.5430
40432.2,36174.8,40930.2,36795.1,0.5430
38623.3,27640.9,38720.0,27840.0,0.5429
25922.6,50880.0,26091.9,51229.8,0.5427
26564.8,36863.5,26707.4,37119.0,0.5427
31051.8,40236.9,31512.5,40407.7,0.5427
84813.1,12493.3,85100.3,12914.9,0.5427
2655.2,66563.3,2863.1,66630.3,0.5426
32320.0,50068.1,32672.6,50554.4,0.5426
50384.3,12643.2,50880.0,13106.9,0.5426
13927.0,65601.8,14400.0,65803.4,0.5426
50674.0,16307.6,50878.1,16531.7,0.5425
31195.4,23689.8,31260.8,23871.0,0.5425
5212.8,62402.8,5440.0,62770.3,0.5425
23043.7,33063.3,23155.6,33366.2,0.5425
52096.2,1600.0,52158.5,1790.2,0.5424
63729.9,18400.2,64000.0,18544.9,0.5424
27201.5,56640.0,27389.2,56947.3,0.5424
76480.2,12555.9,76550.9,12722.4,0.5424
47025.0,12980.6,47360.0,13110.8,0.5423
35125.7,48640.4,35517.0,48755.8,0.5423
80000.0,18219.6,80187.1,18261.0,0.5422
23390.6,34854.3,23996.5,35004.0,0.5422
23618.5,32295.0,24000.0,32390.2,0.5422
125872.2,37764.6,126357.5,37968.7,0.5421
55703.3,17280.0,55938.1,17853.4,0.5421
77163.0,18658.4,77236.7,18800.9,0.5421
102400.0,10244.5,103000.2,10438.6,0.5421
36935.5,47680.6,37045.5,47992.4,0.5420
66870.4,19520.3,66981.0,19805.9,0.5420
31426.8,9414.0,31680.0,9539.6,0.5420
35842.8,48320.0,36006.7,48663.9,0.5419
18240.6,49981.7,18405.6,50104.9,0.5418
34811.7,41056.4,34880.0,41259.7,0.5418
55363.4,6472.5,55721.1,6720.0,0.5418
18602.5,45428.8,19035.2,45738.9,0.5418
12160.0,62400.0,12649.9,62968.4,0.5417
24000.0,31498.1,24601.3,31869.9,0.5417
32320.0,36173.1,32866.5,36504.0,0.5416
31698.0,48689.7,32122.9,49280.0,0.5415
33762.0,43595.2,33913.7,43632.8,0.5415
42026.3,21886.0,42235.6,22014.5,0.5415
112353.9,19842.6,112960.0,20304.9,0.5414
32868.9,57732.1,33278.0,57803.1,0.5414
27648.9,37120.0,27840.0,37240.1,0.5414
31139.9,17516.2,31355.2,17703.5,0.5413
93120.0,14127.5,93760.0,14487.3,0.5413
45787.3,8336.8,46400.0,8898.1,0.5412
86593.2,7363.2,86824.1,7405.4,0.5412
61474.3,3883.7,62080.0,4459.6,0.5411
31782.7,50298.3,32038.2,50457.0,0.5411
46562.1,10560.4,46744.9,10801.4,0.5409
40530.9,8862.5,40606.1,9045.0,0.5408
3849.1,64426.9,4311.3,64960.0,0.5408
15680.0,34326.8,16006.4,34880.0,0.5408
21940.3,59841.3,22368.1,60138.6,0.5407
72770.3,10880.3,72960.0,10987.1,0.5407
39491.6,22401.0,39563.0,22534.2,0.5407
104961.0,21934.3,105119.2,22077.5,0.5407
40036.5,16000.0,40379.8,16629.3,0.5406
56263.2,3840.4,56424.4,3921.9,0.5406
28007.7,33887.5,28160.0,34011.9,0.5404
33633.2,55701.3,33817.5,56320.0,0.5403
1283.2,66305.6,1463.7,66560.0,0.5403
43843.3,13899.4,43991.8,14080.0,0.5403
40341.8,14565.8,40569.3,15040.0,0.5402
117762.7,30394.7,118012.1,30720.0,0.5401
55419.5,5094.7,55997.2,5440.0,0.5400
27647.6,63688.2,27837.8,63807.8,0.5400
125502.4,30720.2,125757.6,31075.9,0.5400
4823.7,67825.6,5440.0,68130.2,0.5400
101151.2,3883.1,101757.2,4466.6,0.5400
99594.7,17605.9,99839.8,17820.6,0.5399
114894.0,27633.9,115475.1,28160.0,0.5399
16494.8,39680.0,16616.1,39975.4,0.5398
112023.9,25647.4,112640.0,26086.1,0.5398
20497.1,37860.6,21038.4,38015.2,0.5398
28219.7,56964.4,28480.0,57265.4,0.5397
37132.6,37440.0,37304.6,37759.9,0.5397
101121.8,16733.5,101299.9,16960.0,0.5397
113923.0,26015.8,114512.0,26240.0,0.5396
80364.3,20103.6,80955.5,20307.6,0.5395
51998.7,3123.5,52218.3,3200.0,0.5395
127700.7,29448.7,127880.3,29631.3,0.5395
21401.5,48508.2,21440.0,48640.0,0.5395
76015.6,13572.5,76225.3,13758.8,0.5394
49367.0,21908.7,49600.0,22010.6,0.5394
31693.5,28319.2,32215.0,28477.7,0.5394
79683.0,21129.3,80061.3,21360.3,0.5394
34195.4,39359.6,34560.0,39464.2,0.5393
83275.2,8712.0,83606.5,8781.3,0.5393
79937.7,21847.3,80320.0,21915.8,0.5392
35527.0,48054.1,36065.7,48640.0,0.5392
18888.8,26942.6,19510.5,27473.9,0.5391
121954.8,25600.0,122560.0,25988.9,0.5391
92306.6,14741.8,92793.2,15023.5,0.5391
102160.0,19158.9,102400.0,19323.5,0.5391
45760.0,10069.9,46364.3,10240.0,0.5391
31430.8,37069.0,31680.0,37191.8,0.5390
53502.6,1438.2,53676.7,1479.0,0.5389
67942.1,8322.9,68156.1,8453.4,0.5389
38381.5,29760.0,38554.4,30102.9,0.5389
6728.8,66089.0,7347.3,66431.5,0.5388
66578.1,6149.2,67189.9,6708.6,0.5387
35701.4,47699.6,35833.9,47844.6,0.5387
27981.4,33881.6,28143.3,33918.3,0.5387
37804.8,8387.9,37889.8,8640.0,0.5386
125130.1,27274.2,125755.2,27840.0,0.5385
50922.5,17571.2,51119.0,17600.0,0.5385
55371.2,8640.0,55964.9,9099.4,0.5385
109761.4,18297.3,110159.5,18696.9,0.5385
33285.4,22720.0,33482.0,22949.4,0.5385
55108.1,15843.8,55179.5,16135.1,0.5385
129685.6,34637.0,130240.0,35200.0,0.5384
126400.0,33923.0,126856.4,34234.3,0.5382
47680.2,10881.2,47836.0,11197.5,0.5381
103642.7,10657.0,103704.8,10827.8,0.5381
32963.9,18306.7,33354.7,18754.0,0.5381
30400.0,43208.2,30639.0,43515.0,0.5381
39370.9,28279.1,39852.2,28800.0,0.5380
96754.4,16003.8,97272.1,16271.7,0.5379
68953.8,19025.6,69081.9,19389.7,0.5378
70252.2,12191.9,70398.9,12321.9,0.5378
82036.4,12773.7,82172.4,12968.5,0.5377
23684.1,49361.4,23857.1,49636.1,0.5376
90452.9,10118.6,90675.9,10236.4,0.5376
119680.4,26243.4,120043.7,26682.6,0.5376
19520.0,67065.1,19567.7,67182.2,0.5376
37781.8,20009.7,38056.2,20160.0,0.5375
36166.2,17604.9,36488.8,18204.8,0.5375
24320.0,57094.8,24551.1,57597.9,0.5374
41600.9,18565.2,41662.7,18671.1,0.5373
25280.0,37442.7,25524.8,37505.0,0.5373
17103.5,47395.0,17280.0,47433.1,0.5372
47999.8,22721.6,48268.4,22782.6,0.5372
30703.9,58108.1,31040.0,58222.5,0.5372
23681.5,39680.0,23997.7,40130.8,0.5372
70081.9,9717.9,70358.4,10228.0,0.5372
30137.7,46080.0,30288.8,46445.0,0.5371
10241.5,60619.9,10649.0,60957.2,0.5371
19800.3,33280.7,20157.6,33551.8,0.5371
2240.0,66951.2,2871.9,67154.3,0.5371
35304.7,46720.4,35411.5,46790.1,0.5370
22527.1,54273.9,23013.2,54427.5,0.5370
25394.3,45121.3,25598.3,45564.3,0.5369
35200.0,16059.2,35327.9,16231.2,0.5369
25602.4,51316.0,25709.5,51568.8,0.5368
32591.3,20490.2,32946.0,20634.0,0.5365
1380.0,67200.0,1474.2,67398.2,0.5365
61529.0,19523.7,61924.9,19798.5,0.5364
33146.5,57280.0,33280.0,57577.4,0.5364
94754.5,10877.5,95360.0,11191.6,0.5364
23041.8,45122.2,23162.3,45431.3,0.5364
53051.7,16960.0,53162.9,17240.2,0.5363
6611.3,62530.9,6720.0,62720.0,0.5362
44934.4,20963.8,45118.7,21117.6,0.5362
35387.8,35631.2,35563.2,35839.9,0.5362
14080.0,63662.6,14659.5,63984.0,0.5362
95877.7,10197.5,96000.0,10508.2,0.5362
75998.9,7984.4,76160.0,8023.9,0.5362
33916.4,58052.5,34240.0,58155.7,0.5362
34579.8,58764.3,35025.9,58983.6,0.5361
1531.0,66758.6,1791.0,66880.0,0.5361
128728.3,32765.9,129280.0,32952.7,0.5361
30809.9,46826.6,31039.7,47039.9,0.5361
41603.9,18348.7,41687.1,18462.6,0.5361
11552.7,59912.6,12151.2,60471.9,0.5360
43161.6,15149.0,43505.6,15680.0,0.5360
68576.1,19397.2,68736.2,19439.1,0.5360
40640.0,21600.8,41253.7,21801.1,0.5360
36588.7,12324.5,37120.0,12479.1,0.5359
100598.1,15050.2,101112.1,15283.8,0.5359
27849.4,51359.5,28149.5,51507.2,0.5359
21760.2,45887.6,22246.1,46072.6,0.5358
23532.3,62198.8,23595.0,62369.4,0.5358
18240.0,66563.6,18661.3,66716.5,0.5358
32644.7,47626.0,33249.5,48000.0,0.5358
79225.7,20394.2,79360.0,20480.0,0.5357
98893.9,12268.8,99062.1,12480.0,0.5357
85536.9,10984.4,85755.6,11200.0,0.5357
51195.7,23681.0,51334.7,23720.7,0.5356
27818.5,65288.4,27897.1,65381.9,0.5356
103683.7,5222.3,103885.0,5760.0,0.5356
34020.1,43051.2,34216.1,43088.4,0.5356
19713.7,56295.9,19783.8,56476.6,0.5355
112345.8,25814.3,112960.0,26240.0,0.5355
42240.0,21350.0,42573.3,21513.8,0.5355
102990.0,6424.6,103040.0,6480.6,0.5354
26848.1,35296.1,26968.2,35520.0,0.5354
99515.0,6554.0,99840.0,6653.4,0.5354
102627.1,15040.0,103023.8,15230.1,0.5354
37552.1,19520.0,37947.5,19861.1,0.5354
33557.5,14803.7,33910.7,15219.9,0.5354
109529.1,22125.3,109753.6,22359.9,0.5353
40232.0,21894.4,40640.0,22064.1,0.5353
11201.9,61449.0,11301.9,61745.8,0.5352
41304.6,8398.1,41920.0,8640.0,0.5352
54337.2,14803.0,54682.4,14873.3,0.5351
72351.4,8648.2,72960.0,8960.0,0.5351
49403.8,22408.4,49600.0,22606.7,0.5351
31457.6,48396.4,31666.0,48501.0,0.5351
32389.7,51119.0,32664.8,51200.0,0.5351
40238.2,32136.4,40317.0,32411.6,0.5350
31165.3,10291.1,31314.7,10597.7,0.5350
37202.7,55705.5,37440.0,56020.6,0.5350
58708.3,6136.0,59143.8,6393.8,0.5349
36859.7,35446.3,37120.0,35822.2,0.5349
18602.2,49920.3,19090.1,50111.5,0.5348
37429.2,57601.6,37686.8,57757.7,0.5348
36839.4,19894.2,36954.6,20161.7,0.5348
13381.0,63487.3,13760.0,63635.1,0.5348
34240.0,10756.4,34363.8,11006.5,0.5348
36251.1,24369.2,36464.8,24640.0,0.5347
12824.7,61760.3,13440.0,61947.1,0.5347
23036.9,45440.0,23360.0,45665.6,0.5347
95580.6,13442.3,95798.5,13517.9,0.5346
72649.3,23181.4,73280.0,23530.2,0.5345
85565.9,16640.0,85698.1,16967.9,0.5344
33277.9,58560.0,33571.4,58627.7,0.5344
32016.4,29275.6,32207.1,29389.7,0.5343
61226.8,11428.9,61466.1,11518.8,0.5343
36102.3,8487.1,36448.8,8633.8,0.5343
36482.9,49701.7,36694.2,50240.0,0.5342
35788.1,12930.0,36160.0,13096.7,0.5342
8661.2,61847.6,9280.0,62348.9,0.5342
104210.4,19188.9,104381.0,19337.6,0.5342
36160.0,18880.0,36420.6,18984.0,0.5341
28881.6,52482.6,29021.5,52517.9,0.5341
35563.5,54033.5,35734.5,54077.6,0.5341
463.0,65023.5,932.7,65537.6,0.5341
67218.1,24844.1,67840.0,25265.2,0.5340
35845.4,49716.6,35954.9,49999.7,0.5340
35145.1,39714.9,35520.0,39782.5,0.5339
89793.9,13669.8,90238.2,13818.0,0.5339
74184.5,8735.9,74322.3,8840.7,0.5338
122371.8,27852.5,122880.0,28464.2,0.5338
18398.5,29287.6,18560.0,29440.0,0.5336
99601.5,11402.8,99707.6,11762.1,0.5336
57169.0,11006.2,57280.0,11200.0,0.5336
36063.9,8590.5,36419.7,8940.9,0.5335
28185.7,40320.0,28420.0,40549.0,0.5335
121966.1,27335.8,122548.0,27840.0,0.5333
88327.8,15176.2,88875.8,15355.8,0.5333
26960.4,49280.0,27074.4,49530.0,0.5333
37624.4,21017.5,38076.8,21240.6,0.5332
37125.3,27513.4,37451.3,27832.5,0.5332
54080.6,10088.8,54164.2,10240.0,0.5331
77440.6,21760.8,77599.5,21857.4,0.5331
31440.1,9361.9,32000.0,9532.2,0.5330
46015.8,15384.4,46212.5,15553.6,0.5330
90134.4,7893.8,90240.0,8055.8,0.5330
105940.5,19019.8,106552.6,19516.7,0.5330
38177.2,21761.3,38377.4,21811.7,0.5330
39364.8,24381.7,39474.8,24638.8,0.5329
46401.6,20564.6,46449.1,20734.8,0.5329
37760.0,20819.3,38375.5,21120.0,0.5328
23089.4,60893.4,23496.3,61439.4,0.5328
105600.0,13502.3,106235.1,13956.5,0.5328
35520.0,42132.9,35594.1,42281.6,0.5328
72947.9,18231.1,73181.1,18303.9,0.5327
23682.7,56686.9,23887.1,57197.9,0.5327
36888.2,34041.6,37114.9,34160.1,0.5327
30400.9,59189.2,30528.2,59386.3,0.5327
104673.6,19529.5,104958.9,19737.0,0.5327
48853.7,22968.6,48960.0,23115.5,0.5326
33070.5,48057.4,33215.3,48220.0,0.5326
26148.6,37398.2,26540.5,37516.8,0.5325
95523.4,6404.3,95603.7,6561.5,0.5325
30305.6,59204.4,30538.0,59357.2,0.5325
97300.2,5120.0,97920.0,5456.3,0.5323
37864.0,32960.0,37976.1,33232.0,0.5323
35218.7,39141.7,35840.0,39455.4,0.5323
44801.7,20537.2,44974.8,20749.2,0.5322
51202.9,1371.3,51345.6,1600.0,0.5322
85980.3,9706.3,86377.0,9801.8,0.5322
44832.7,20919.3,45411.9,21429.7,0.5322
38636.1,34880.0,39035.8,35106.9,0.5321
71098.7,8320.0,71360.0,8489.0,0.5320
103680.0,7361.8,103875.4,7432.3,0.5319
30745.0,36172.6,30859.0,36289.8,0.5319
68407.5,22662.9,68716.6,22733.6,0.5319
78945.0,20800.0,79358.1,20906.1,0.5319
53623.2,20890.7,53759.5,21116.5,0.5319
20674.6,46607.0,21104.2,47040.0,0.5318
72228.3,16200.1,72333.9,16487.7,0.5318
40114.5,35221.5,40613.1,35835.3,0.5317
41920.6,19333.7,42041.6,19520.0,0.5317
57280.0,8083.9,57623.0,8634.7,0.5317
87476.1,7363.3,87680.0,7405.5,0.5315
95040.0,14364.0,95678.7,14526.8,0.5315
100009.8,5171.9,100156.0,5298.4,0.5315
30720.0,26240.0,30881.9,26568.6,0.5315
59226.9,11525.0,59680.4,11715.4,0.5315
125126.1,30139.9,125287.1,30457.3,0.5315
75573.8,12574.4,76140.9,13120.0,0.5314
67200.0,6424.5,67802.9,7017.9,0.5313
29030.0,41328.0,29272.1,41920.0,0.5313
64644.4,22653.3,64898.2,22720.0,0.5313
26582.0,65628.1,27200.0,66123.3,0.5312
106565.6,10138.1,106807.5,10464.9,0.5312
57766.1,6820.2,57917.7,7040.0,0.5312
36158.3,48042.1,36432.4,48640.0,0.5311
70106.6,22598.2,70400.0,22673.3,0.5311
57280.3,18822.0,57446.0,18932.7,0.5311
84927.8,11201.7,85093.6,11328.5,0.5311
22722.5,36480.0,22830.0,36808.9,0.5311
44262.5,16597.4,44404.1,16877.3,0.5310
116510.0,22155.6,117120.0,22720.0,0.5309
42772.0,9303.7,42850.1,9395.9,0.5309
106248.2,16960.0,106457.4,17289.7,0.5308
24965.2,64878.5,25310.8,65264.2,0.5307
63045.8,18280.3,63130.0,18560.0,0.5306
66562.7,23823.9,66775.7,24136.8,0.5306
53626.5,2012.1,53760.0,2178.8,0.5306
35520.0,19017.2,35799.1,19200.0,0.5306
58255.5,10000.6,58560.0,10111.3,0.5305
26562.5,65553.1,26630.9,65661.8,0.5304
49284.9,22469.8,49920.0,22838.3,0.5304
77610.2,22804.4,77760.0,22985.8,0.5303
63680.0,22634.2,64301.0,22846.3,0.5303
48993.8,17791.9,49280.0,17913.6,0.5303
58661.4,3840.0,58859.1,4011.8,0.5302
15680.0,41657.2,16003.4,42240.0,0.5302
60923.7,22627.5,61139.3,22714.3,0.5301
16078.8,33345.7,16640.0,33496.0,0.5301
125687.9,38100.3,126066.8,38435.4,0.5301
38579.7,36395.8,38712.1,36480.0,0.5301
20801.7,38108.4,20962.4,38497.6,0.5301
108069.3,20164.7,108171.4,20276.1,0.5301
48001.3,21696.5,48227.0,21814.9,0.5300
69552.2,7649.1,69696.8,7680.0,0.5300
60481.8,16363.9,60582.1,16532.7,0.5300
84827.0,7040.0,85440.0,7446.0,0.5300
94086.5,13955.8,94720.0,14273.7,0.5300
126104.6,36475.2,126400.0,36603.3,0.5300
37050.8,20800.0,37440.0,20879.3,0.5300
45393.0,14484.1,45466.9,14589.1,0.5300
104858.2,19263.4,105037.4,19440.5,0.5299
19577.0,29873.7,20154.6,30052.2,0.5299
38109.2,41937.8,38720.0,42471.5,0.5298
23843.2,42696.1,24301.9,43161.8,0.5298
19626.1,32782.1,20140.2,33249.5,0.5297
17929.0,61468.7,18127.8,61689.4,0.5297
60160.0,17224.0,60359.1,17408.2,0.5297
32765.3,60192.8,32960.0,60479.4,0.5297
22172.2,50019.2,22334.8,50061.9,0.5296
12805.5,63012.4,13230.7,63359.5,0.5296
34669.2,24113.1,34880.0,24235.7,0.5296
41605.8,11913.8,41797.3,12480.0,0.5294
18999.4,56960.0,19192.3,57088.6,0.5294
56640.0,21894.4,57099.7,22061.7,0.5294
12122.5,67711.7,12480.0,67836.6,0.5294
16640.0,63533.5,16814.9,63676.8,0.5294
61760.6,17770.4,62018.4,17886.1,0.5294
130572.9,30471.0,131191.1,31040.0,0.5293
6379.3,61254.9,6676.4,61577.9,0.5293
98424.2,8960.0,98560.0,9247.8,0.5292
11200.0,66560.0,11320.6,66805.9,0.5292
93180.0,10560.0,93755.6,10949.9,0.5292
63252.0,16216.7,63655.2,16494.2,0.5292
110853.4,21031.2,111034.9,21120.0,0.5292
78371.5,20688.3,78720.0,20766.4,0.5292
46473.9,14342.4,46569.6,14400.0,0.5291
14080.0,63461.0,14546.7,63663.3,0.5291
53941.0,18664.2,54400.0,18856.0,0.5290
27347.7,65703.1,27440.2,65908.2,0.5290
116627.1,23041.8,116795.4,23153.6,0.5290
38113.3,47672.4,38720.0,48000.0,0.5290
29761.9,35828.1,29909.8,36016.6,0.5290
81073.3,19847.4,81600.0,20021.6,0.5289
63910.8,23188.3,64030.7,23244.3,0.5288
32229.1,54654.8,32317.2,54736.4,0.5287
16960.0,64640.1,17090.6,64902.8,0.5287
74803.0,22447.7,74875.0,22576.7,0.5287
25920.0,37863.9,26238.6,38079.4,0.5287
72587.5,22348.5,72953.5,22455.1,0.5287
62080.0,13787.6,62684.8,13954.0,0.5287
28244.7,55825.1,28780.3,56281.8,0.5286
90895.4,16702.4,91520.0,17130.1,0.5285
50799.8,22549.3,51196.0,22629.9,0.5284
50348.7,23687.7,50560.0,23753.4,0.5284
20567.2,28605.1,21120.0,28795.3,0.5284
53120.0,22370.3,53298.1,22410.0,0.5283
70129.1,13760.0,70400.0,13928.9,0.5283
22766.2,55055.6,23036.1,55487.3,0.5283
57027.3,19851.5,57115.1,20110.1,0.5283
36403.2,37992.9,36503.6,38076.3,0.5281
39324.3,32510.0,39680.0,32631.5,0.5281
30871.7,37670.3,31039.9,37760.0,0.5280
24248.4,33603.7,24381.6,33778.7,0.5278
34881.5,47392.7,35060.9,47600.5,0.5278
39944.0,18560.0,40065.3,18939.1,0.5278
104827.3,6102.5,104958.6,6311.9,0.5275
115949.3,23040.0,116473.9,23641.2,0.5275
54725.4,23074.0,54811.3,23172.7,0.5274
31538.2,31626.4,31678.2,31860.2,0.5274
87114.3,9730.0,87360.0,9789.0,0.5274
62629.5,21898.2,63037.7,21977.6,0.5273
69820.8,8385.2,70400.0,8832.4,0.5273
65059.0,8960.0,65180.6,9037.9,0.5273
100768.5,9884.0,101120.0,9992.1,0.5273
4485.6,61789.6,4777.2,62096.5,0.5272
100160.0,14499.2,100753.9,14706.9,0.5272
49200.1,13324.7,49355.2,13369.5,0.5272
68160.2,16094.7,68642.5,16303.0,0.5271
38235.5,32000.0,38353.3,32172.6,0.5271
24185.9,47089.5,24631.6,47616.3,0.5271
38530.6,52948.1,38719.0,53115.8,0.5270
23361.7,40809.5,23579.8,41110.5,0.5269
117442.4,23370.7,117569.8,23543.7,0.5269
87510.5,13808.9,87725.3,13967.7,0.5269
84868.5,10746.6,85041.9,11028.8,0.5269
17600.5,60053.7,17941.8,60303.9,0.5268
31507.4,45507.2,31571.5,45621.8,0.5267
35063.4,43780.8,35173.9,43925.9,0.5266
23040.0,53443.8,23536.0,53622.0,0.5265
102082.1,10030.5,102293.1,10141.6,0.5265
33279.4,46483.8,33544.8,46550.3,0.5265
67545.9,20643.7,67837.1,20762.3,0.5264
23379.1,39108.3,23732.7,39209.7,0.5263
62005.8,8200.6,62239.1,8355.5,0.5263
24826.7,42757.8,25097.6,43200.0,0.5262
69120.0,19331.1,69321.8,19520.0,0.5262
116355.2,27922.7,116466.3,28160.0,0.5262
33033.4,8115.1,33280.0,8286.3,0.5261
27522.8,48794.1,27748.4,48959.0,0.5261
33627.7,39330.3,33802.6,39360.0,0.5260
60167.7,8240.0,60421.1,8320.0,0.5260
92371.5,16839.4,92480.0,16960.0,0.5260
42640.2,16042.2,43200.0,16627.0,0.5260
111272.9,22569.4,111494.8,22715.8,0.5259
59342.3,13919.8,59632.9,14027.0,0.5259
98561.6,13260.2,98807.4,13345.4,0.5258
18887.3,63905.1,19063.3,64000.0,0.5258
21760.0,40641.8,21871.0,40689.6,0.5258
73155.9,9605.2,73216.8,9754.4,0.5257
118100.0,23119.5,118718.8,23669.3,0.5257
21768.6,42701.0,22247.3,43003.3,0.5256
79257.8,20355.5,79658.2,20463.9,0.5256
35200.0,25287.5,35538.4,25536.5,0.5256
73925.4,21651.2,74560.0,21980.0,0.5256
29944.1,32320.0,30080.0,32685.3,0.5256
17742.5,64785.7,18211.0,64959.1,0.5255
65921.1,18659.4,66560.0,18880.0,0.5255
33583.8,21062.6,33906.6,21185.7,0.5254
16001.4,29955.2,16153.5,30183.8,0.5253
38468.4,52571.8,39040.0,53112.3,0.5252
72135.2,13251.0,72640.0,13436.2,0.5252
54721.2,20160.0,54873.8,20385.3,0.5252
114896.2,21197.5,115517.9,21760.0,0.5252
12805.0,65689.6,13287.0,65936.8,0.5252
15680.0,39115.4,16005.6,39680.0,0.5251
81887.0,21199.7,82240.0,21270.6,0.5250
83520.0,21270.8,83781.5,21440.0,0.5250
27650.3,62895.2,28160.0,63358.9,0.5250
35308.1,41811.1,35519.3,41896.3,0.5250
67876.1,6761.1,68480.0,7337.0,0.5250
14445.1,62763.7,14934.2,63342.0,0.5249
63681.2,17399.2,63794.7,17620.4,0.5249
28160.0,55362.7,28345.6,55835.4,0.5249
25920.0,50610.9,26147.1,51200.0,0.5249
24109.0,42675.2,24631.9,43163.8,0.5249
21018.2,49281.6,21432.0,49698.3,0.5248
18795.2,41340.5,19194.3,41727.4,0.5248
50907.3,14085.8,51479.7,14554.8,0.5247
78410.6,18562.0,78765.5,18816.9,0.5247
6139.8,66369.9,6331.1,66560.0,0.5247
76480.0,15040.0,77120.0,15211.7,0.5246
39276.1,31508.6,39497.0,31589.8,0.5246
56777.8,6914.0,56871.0,7145.4,0.5245
13067.3,62315.9,13266.2,62399.9,0.5245
39379.2,34295.3,39989.6,34880.0,0.5244
81280.0,17281.7,81603.5,17446.8,0.5244
108037.7,15681.3,108160.0,15878.0,0.5244
52424.9,21958.4,52800.0,22080.0,0.5243
30502.4,48119.5,31028.8,48640.0,0.5243
34642.6,15170.4,34799.2,15545.1,0.5243
35200.0,26664.8,35366.9,26799.8,0.5243
38414.5,17421.6,38840.0,17631.4,0.5243
18594.6,31360.0,18785.3,31430.2,0.5243
20165.8,36560.2,20385.4,36798.6,0.5243
33759.6,43738.9,33872.5,43797.1,0.5242
60819.5,22080.5,61120.0,22144.4,0.5242
36481.5,43416.2,36707.4,43509.1,0.5241
49163.7,13440.5,49280.0,13560.4,0.5240
127179.2,35421.2,127661.6,35835.0,0.5240
50492.5,9947.2,50874.4,10488.2,0.5240
100330.0,8484.8,100478.5,8690.0,0.5240
61442.4,19847.4,61570.3,20095.7,0.5240
101139.2,20285.2,101724.8,20800.0,0.5239
32720.1,21420.9,33280.0,21570.0,0.5239
33692.4,50560.7,34068.1,51180.6,0.5239
57115.2,18881.8,57443.4,18944.7,0.5239
34240.0,52483.2,34608.4,52823.5,0.5238
78403.7,17412.0,78593.1,17600.0,0.5238
32966.6,58706.7,33530.8,59110.2,0.5238
25946.2,37398.6,26131.1,37440.0,0.5238
20533.9,52100.0,21120.0,52304.8,0.5238
36984.6,20703.7,37119.4,20800.0,0.5237
87402.7,18568.0,87680.0,18865.6,0.5237
31724.4,37156.5,31999.1,37339.0,0.5237
89568.1,20257.9,89920.0,20370.2,0.5236
23689.8,31683.0,24000.0,31751.2,0.5236
36858.1,42181.3,36993.6,42240.0,0.5235
58264.6,18432.0,58422.5,18478.5,0.5235
56640.0,16960.0,56795.4,17355.3,0.5235
66984.9,18684.7,67330.2,18816.1,0.5234
80651.8,7774.9,81277.3,8309.6,0.5234
92800.0,14355.0,93335.2,14524.4,0.5233
123840.0,29440.0,124421.5,29877.1,0.5233
38081.3,45793.4,38140.4,45998.8,0.5233
27691.9,60400.4,27840.0,60480.0,0.5233
37018.8,44169.4,37320.3,44794.7,0.5232
86069.8,9282.2,86400.0,9352.1,0.5232
64694.7,15732.8,64898.2,16320.0,0.5231
59522.3,12719.0,59758.4,12800.0,0.5231
23692.5,41519.6,23993.0,41916.9,0.5231
31781.2,36914.2,32000.0,37090.0,0.5230
76539.7,17129.5,76711.7,17166.2,0.5230
18709.9,49280.0,18848.0,49668.1,0.5230
20811.0,50207.9,21440.0,50553.9,0.5230
16653.9,28865.1,17026.2,29269.4,0.5230
101396.3,8960.0,101439.1,9085.2,0.5230
26307.5,38727.5,26559.9,39112.3,0.5229
13768.5,68171.4,14400.0,68480.0,0.5229
30103.0,58672.4,30717.9,59115.8,0.5229
56000.0,1669.2,56616.8,2240.0,0.5229
35204.7,39304.8,35840.0,39616.8,0.5229
68865.0,18251.9,69192.8,18712.2,0.5228
28558.5,50564.3,28704.6,50639.4,0.5228
55417.1,21735.3,56000.0,22080.0,0.5227
97496.8,12950.1,97600.0,13120.0,0.5227
33997.8,14081.6,34560.0,14262.0,0.5226
69795.6,22401.4,70080.0,22471.8,0.5225
52805.3,16652.1,52996.1,16740.3,0.5225
20413.3,31043.0,20800.0,31168.8,0.5225
108819.3,16392.0,109431.9,16960.0,0.5225
110133.1,17958.2,110720.0,18536.3,0.5225
51777.0,16652.6,51994.2,16721.3,0.5225
53849.9,7380.4,54076.5,7811.4,0.5224
22108.9,27915.3,22719.9,28471.5,0.5223
27520.0,36167.0,27912.9,36366.6,0.5223
64991.9,23781.2,65595.3,24312.6,0.5223
35675.0,50674.0,35839.6,50859.5,0.5223
86720.0,7687.3,87203.2,8140.8,0.5222
27842.2,35171.9,28062.8,35425.7,0.5221
15997.9,40973.0,16319.4,41173.7,0.5221
33925.8,46150.5,34002.1,46238.5,0.5220
32355.9,50882.5,32433.2,50988.6,0.5220
111090.3,19928.2,111669.4,20450.7,0.5220
77369.0,20487.6,77759.4,20588.4,0.5218
77517.4,15307.4,77760.0,15419.8,0.5218
88000.0,10977.0,88609.0,11382.1,0.5218
28170.5,54742.0,28674.7,55040.0,0.5217
16968.9,47395.5,17182.7,47435.1,0.5217
60508.2,10254.2,61103.5,10752.1,0.5217
53086.5,2880.7,53214.5,2982.4,0.5217
31244.3,36942.8,31359.9,37096.9,0.5216
108007.0,11594.6,108158.2,11840.0,0.5216
52224.1,17655.5,52390.6,17725.9,0.5215
31680.0,20677.3,32261.1,20938.6,0.5215
107200.1,11373.6,107366.4,11574.8,0.5213
32387.3,46727.1,32524.2,46862.2,0.5213
51678.7,21662.4,51839.7,21759.1,0.5212
53351.0,4138.8,53631.7,4201.3,0.5211
35257.7,7723.0,35840.0,8298.3,0.5211
58098.0,13399.5,58240.0,13524.4,0.5211
121930.3,25352.5,122552.3,25920.0,0.5211
61837.4,11358.5,62074.6,11519.3,0.5211
63360.7,15061.8,63458.4,15285.5,0.5210
38109.7,31369.7,38439.1,32000.0,0.5209
6720.0,65294.3,6769.7,65423.7,0.5208
62475.1,9603.1,62713.4,9673.4,0.5208
14098.4,61120.0,14720.0,61438.7,0.5208
53107.0,2243.0,53436.6,2375.6,0.5206
36162.8,9433.8,36361.6,9599.6,0.5205
76706.8,15042.4,77117.0,15129.0,0.5205
66255.2,24582.8,66877.1,24960.0,0.5204
47297.1,13686.6,47358.0,13760.0,0.5203
34246.2,43585.6,34575.3,43810.9,0.5203
26154.1,54155.3,26243.4,54289.2,0.5203
37318.8,20756.6,37440.0,20800.0,0.5203
15386.1,68587.7,16000.0,69040.4,0.5202
69053.1,18278.8,69177.3,18560.0,0.5202
33282.5,11586.0,33458.1,12160.0,0.5201
102750.1,3883.5,103358.9,4468.6,0.5201
27524.0,38589.9,28160.0,38992.6,0.5201
18343.8,51270.5,18556.6,51520.0,0.5201
53141.3,12162.3,53203.3,12261.3,0.5200
32960.0,50560.0,33162.9,51154.1,0.5200
18246.5,38098.4,18562.6,38377.4,0.5200
17827.4,64028.3,18231.5,64446.1,0.5200
13147.0,65280.0,13760.0,65632.1,0.5199
96645.1,14203.0,97280.0,14367.7,0.5198
129281.4,30744.7,129422.8,30902.1,0.5198
18563.5,34933.7,19141.1,35129.0,0.5197
37883.1,50880.0,38079.6,51182.8,0.5196
94475.3,7042.5,95040.0,7225.2,0.5196
74240.0,21814.5,74880.0,22052.4,0.5196
55682.3,22080.0,55860.6,22176.9,0.5193
63469.5,5556.3,63680.0,5760.0,0.5193
52014.9,965.0,52156.6,1265.9,0.5192
34621.2,41921.1,34886.0,41987.1,0.5192
49292.0,23135.1,49682.0,23337.4,0.5192
24774.3,52901.6,24960.0,53120.0,0.5191
21120.7,33820.3,21365.2,34219.7,0.5191
28844.0,63101.0,29440.0,63673.6,0.5191
30724.2,13854.8,31186.7,14400.0,0.5191
53218.5,16964.2,53424.6,17440.8,0.5190
49412.0,18302.4,49537.4,18360.1,0.5190
38331.1,11775.2,38519.9,12109.1,0.5189
76480.0,8136.6,76591.8,8231.1,0.5189
36488.8,55701.9,36658.3,56318.7,0.5189
71493.8,17034.6,71677.0,17270.2,0.5189
16640.5,67520.0,16729.9,67724.1,0.5189
67200.0,19077.3,67438.3,19173.2,0.5188
34910.7,14012.8,35200.0,14076.0,0.5188
42059.1,19584.9,42237.7,19840.0,0.5188
45944.0,14729.8,46077.6,14956.5,0.5188
104013.8,4160.0,104640.0,4432.8,0.5188
50880.0,9509.5,51254.2,9666.8,0.5187
33104.1,40003.5,33511.8,40543.8,0.5187
96328.7,11193.0,96960.0,11520.0,0.5185
39235.8,18749.7,39359.1,19092.8,0.5185
24002.4,63993.3,24149.6,64275.7,0.5184
17276.0,33921.3,17429.0,34260.2,0.5184
54889.8,4954.9,54956.9,5118.2,0.5183
62973.3,18786.0,63359.5,18876.6,0.5183
51459.2,23815.9,51840.0,23912.7,0.5182
5441.5,60977.4,5760.0,61116.2,0.5182
113280.0,20233.2,113895.9,20800.0,0.5182
108520.3,16053.2,109114.1,16640.0,0.5182
33873.2,20803.9,34230.7,20927.9,0.5181
75520.0,11311.8,76034.2,11513.8,0.5179
119420.3,26240.0,119985.9,26727.6,0.5178
18768.5,39360.0,19183.9,39661.2,0.5177
32254.8,31756.3,32426.4,32006.2,0.5177
31337.3,55040.0,31403.2,55176.4,0.5176
28346.8,47258.4,28578.9,47360.0,0.5176
99201.5,18772.8,99388.9,19200.0,0.5176
30996.9,41757.1,31360.0,41914.4,0.5175
59134.2,6080.0,59200.0,6209.3,0.5175
41879.6,20583.9,42236.7,20792.7,0.5175
11228.2,59920.1,11840.0,60466.7,0.5173
31680.0,42325.8,32139.2,42557.0,0.5172
23735.5,29440.0,24320.0,29710.8,0.5172
33275.8,29568.1,33599.1,29738.6,0.5171
75364.7,8010.1,75520.0,8248.6,0.5171
66954.3,7680.0,67184.6,7821.1,0.5171
73895.1,12984.1,74062.5,13154.1,0.5170
7081.5,64700.7,7677.3,65274.8,0.5170
35355.5,48537.8,35417.2,48694.1,0.5169
37861.2,49750.0,38078.3,49915.4,0.5169
7448.3,65657.0,7998.6,66238.6,0.5169
21100.0,43523.9,21173.4,43619.7,0.5169
37653.6,40322.9,37847.3,40370.4,0.5169
90730.0,19200.0,90880.0,19538.5,0.5169
31518.3,8320.0,31680.0,8551.1,0.5168
16646.1,47357.4,17280.0,47673.2,0.5167
50856.6,10254.2,51151.6,10869.1,0.5166
27596.7,65332.6,28137.6,65911.6,0.5165
35201.9,50339.9,35407.7,50451.4,0.5165
28480.0,52823.0,28977.9,52991.2,0.5165
44419.4,22772.6,44800.0,22841.4,0.5164
101038.0,14611.5,101436.3,14710.9,0.5164
33021.0,40322.2,33462.1,40493.6,0.5164
39066.5,19309.5,39503.4,19514.9,0.5164
50566.8,4496.7,50896.4,5010.1,0.5163
107524.6,19560.7,107691.4,19840.0,0.5163
39040.0,42957.2,39167.3,43200.0,0.5163
25593.0,32321.8,25920.0,32386.7,0.5163
60480.0,9520.9,60602.0,9600.0,0.5163
69863.8,20068.9,69982.8,20353.4,0.5162
94995.9,8888.4,95039.5,9053.4,0.5160
94725.1,13982.2,95360.0,14315.8,0.5159
16755.5,42047.4,16959.4,42234.1,0.5158
59112.9,13918.1,59292.3,13971.1,0.5158
18700.5,35593.5,18779.6,35702.5,0.5157
54400.0,14784.8,55010.8,15011.4,0.5157
57468.3,21917.1,57803.4,22076.4,0.5157
48650.0,11365.3,48886.8,11834.5,0.5157
15680.0,40079.9,16002.1,40640.0,0.5156
5564.8,67811.3,5778.7,67840.0,0.5156
59840.0,12160.0,60086.1,12376.4,0.5156
7040.0,60180.8,7657.3,60485.8,0.5155
83764.1,9920.2,83838.7,10070.9,0.5154
28328.9,43905.5,28480.0,44079.8,0.5154
74304.9,16596.5,74587.5,16712.3,0.5154
103194.0,12666.8,103545.8,12763.6,0.5153
656.9,67325.9,1280.0,67760.7,0.5153
22740.2,37763.6,23097.3,38270.9,0.5152
35248.4,56654.2,35838.1,56908.1,0.5151
33141.1,43204.5,33271.9,43478.5,0.5151
38812.7,9641.5,39012.9,9687.6,0.5151
21614.9,57818.2,21760.0,57911.8,0.5150
104002.8,19934.9,104163.0,20159.8,0.5150
108480.0,20535.3,108605.9,20788.2,0.5150
60163.8,13012.9,60780.3,13422.0,0.5150
16647.8,26240.0,17274.2,26425.4,0.5148
122594.4,27847.1,123184.6,28426.9,0.5148
35201.0,58811.9,35637.9,58994.6,0.5148
78737.3,20744.3,79360.0,21115.0,0.5148
35521.1,57709.4,35812.5,57920.0,0.5148
34266.6,20733.2,34560.0,20800.0,0.5148
83840.6,17527.1,84027.2,17711.5,0.5147
39702.0,34626.2,40312.9,35200.0,0.5147
34280.4,59202.1,34880.0,59444.1,0.5147
76245.8,19534.0,76799.3,19725.1,0.5147
48910.4,23910.2,49280.0,24055.1,0.5147
107083.9,9717.7,107199.5,9983.1,0.5146
18883.9,64004.1,19363.7,64174.2,0.5145
19340.9,34946.2,19395.2,35109.7,0.5145
54920.5,8329.4,55308.7,8641.6,0.5145
30934.7,48707.8,31108.8,48821.7,0.5145
89951.8,12803.1,90056.2,13075.6,0.5145
88000.0,15838.0,88513.8,15995.7,0.5145
39092.0,24695.0,39490.3,25280.0,0.5144
67012.0,24044.4,67520.0,24625.4,0.5144
46446.9,16143.1,46708.5,16320.0,0.5143
5298.7,60963.9,5753.5,61438.4,0.5143
16668.3,58893.0,17280.0,59482.3,0.5142
88960.0,13875.0,89600.0,14076.9,0.5142
53123.3,22081.5,53301.6,22200.6,0.5142
102726.1,20844.3,103345.7,21120.0,0.5142
18956.5,59203.1,19518.5,59468.7,0.5142
72321.7,8701.4,72704.1,9220.8,0.5141
26252.4,66281.8,26880.0,66722.1,0.5141
77723.7,23408.5,78080.0,23557.1,0.5141
17775.9,68173.4,17918.8,68224.2,0.5141
66709.3,18403.8,66896.6,18444.9,0.5141
61190.4,11672.9,61434.5,11839.5,0.5141
62086.7,5166.5,62344.8,5503.6,0.5140
5335.5,65745.2,5511.1,66048.6,0.5140
65601.4,16941.5,65708.3,17223.2,0.5140
34560.0,27078.2,35173.7,27520.0,0.5140
53123.3,11703.1,53207.6,12015.9,0.5139
79684.2,13198.0,79859.3,13437.5,0.5139
107864.5,23719.9,108480.0,24160.2,0.5139
44516.7,13163.0,45107.0,13755.2,0.5136
25280.9,64709.0,25417.0,64949.4,0.5136
80478.7,10637.7,80937.3,11200.0,0.5136
46403.5,15736.9,46754.7,16320.0,0.5135
54400.2,5450.0,54675.6,5845.4,0.5134
95221.1,17054.6,95305.0,17265.5,0.5134
112225.8,21278.7,112640.0,21438.6,0.5134
35520.0,52730.2,35695.0,52775.2,0.5134
49557.0,19200.0,49600.0,19306.5,0.5134
125760.0,35219.4,126081.5,35826.6,0.5134
116482.6,27917.6,116569.4,28160.0,0.5133
5849.7,64043.5,6006.8,64320.0,0.5133
52488.0,12480.0,52875.1,13067.9,0.5133
24244.4,31701.4,24591.9,31774.9,0.5133
43950.3,13499.6,44160.0,13664.1,0.5133
20186.7,39153.2,20800.0,39345.9,0.5132
31730.5,10941.2,31944.5,11002.2,0.5131
38170.7,31360.0,38296.8,31612.3,0.5130
16023.0,66645.6,16640.0,67158.8,0.5130
67183.1,19731.6,67520.0,19820.3,0.5129
46996.8,15175.8,47065.1,15277.4,0.5128
88320.0,10892.8,88939.4,11299.1,0.5128
20010.0,38449.5,20160.0,38602.2,0.5128
57936.0,24186.7,58560.0,24608.1,0.5127
30012.4,54249.6,30180.7,54300.5,0.5127
45440.0,9348.7,46076.8,9779.2,0.5126
32352.8,46402.8,32524.5,46509.6,0.5126
4841.1,59880.5,5433.1,60476.0,0.5126
23549.3,35472.9,23701.9,35632.3,0.5125
29945.9,56323.1,30167.4,56369.3,0.5123
115200.0,27630.6,115535.6,28160.0,0.5122
33613.0,50215.4,33708.1,50485.5,0.5122
110782.1,22534.6,111039.9,22648.0,0.5122
53760.0,19013.9,54221.5,19165.1,0.5122
38465.8,17699.8,38942.4,18240.0,0.5122
36670.8,22014.3,36800.0,22068.9,0.5121
34126.6,27940.4,34247.8,28056.4,0.5121
5452.0,59885.6,6057.8,60470.5,0.5120
88640.3,9748.7,88900.4,10240.0,0.5120
99200.0,13960.4,99323.0,14014.5,0.5119
40343.2,29195.0,40951.3,29760.0,0.5118
53391.9,2560.0,53754.1,2688.9,0.5118
67935.5,21387.3,68132.9,21427.3,0.5118
104966.7,18695.2,105276.5,18831.6,0.5118
71360.0,20498.0,71834.0,20982.9,0.5118
43233.1,13135.5,43425.1,13175.3,0.5117
91370.0,8595.9,91513.7,8640.0,0.5116
31965.8,20106.0,32320.0,20184.4,0.5116
50399.8,3228.0,50850.2,3700.8,0.5115
33280.0,41654.7,33621.5,41726.3,0.5114
98262.9,10387.4,98475.3,10557.8,0.5114
108592.8,21254.5,109120.0,21434.0,0.5114
32793.7,44943.1,32949.2,45119.0,0.5114
16320.0,38740.5,16948.6,39040.0,0.5114
72013.1,15877.7,72293.1,16002.1,0.5114
89846.2,11609.9,90215.0,11761.1,0.5113
36481.4,43384.0,36689.1,43840.0,0.5113
24290.3,32650.7,24397.8,32960.0,0.5112
39265.9,11816.6,39380.7,12017.2,0.5111
96641.0,11851.3,96832.5,12053.5,0.5111
39187.4,11390.8,39360.0,11518.4,0.5110
106610.3,13468.0,106768.9,13641.1,0.5109
81174.8,15364.0,81594.8,15551.4,0.5109
31786.6,53440.5,32000.0,53527.9,0.5109
26908.7,66284.5,27520.0,66747.2,0.5108
32627.9,48007.1,32952.2,48602.9,0.5107
26493.5,58017.9,26877.3,58169.4,0.5107
38080.0,42561.0,38236.9,42673.6,0.5107
57780.5,12278.2,58240.0,12465.6,0.5107
41600.4,12161.9,41737.1,12372.1,0.5106
18957.4,29769.3,19333.4,29929.3,0.5106
98808.7,15048.4,99194.9,15426.9,0.5105
119292.4,24880.8,119680.0,24964.9,0.5105
30740.6,34220.2,31360.0,34560.0,0.5105
80996.2,14455.9,81280.0,14525.9,0.5105
54402.3,19284.2,54512.5,19520.0,0.5105
19635.3,57353.4,20055.2,57920.0,0.5105
31393.6,26969.3,31502.3,27200.0,0.5104
35207.3,46984.1,35840.0,47360.0,0.5104
29760.0,55526.2,30016.2,55620.3,0.5104
84799.7,12228.0,85092.7,12800.0,0.5103
118559.9,26752.9,119026.9,27193.5,0.5103
32731.7,46515.8,32950.1,46713.1,0.5103
123862.0,39505.4,124480.0,39905.3,0.5103
65922.2,6736.8,66189.0,7000.7,0.5102
81283.4,20026.8,81864.8,20189.3,0.5102
72385.1,15469.6,72640.0,15589.7,0.5102
104691.6,17626.0,105280.0,18165.6,0.5102
66415.7,6720.0,66555.6,6871.1,0.5102
35520.1,14549.3,35629.7,14720.0,0.5102
36924.1,21766.2,37126.5,21831.6,0.5102
31911.3,57627.5,32298.7,57697.8,0.5102
98560.0,14440.5,99163.1,14720.0,0.5101
70741.3,22774.6,71360.0,22979.7,0.5100
32006.7,51992.3,32075.4,52156.1,0.5100
72099.8,15412.7,72640.0,15753.5,0.5100
99948.2,4251.6,100160.0,4459.3,0.5099
99649.8,10560.5,99798.1,10736.2,0.5099
104669.5,20236.0,105280.0,20758.6,0.5099
37006.4,58442.5,37120.0,58556.4,0.5097
26688.5,55366.5,26863.9,55621.2,0.5097
41891.0,21894.3,42239.4,22060.6,0.5097
13289.5,66765.5,13440.0,66869.2,0.5097
37440.4,36807.6,37726.7,37280.6,0.5096
84570.6,13943.4,84638.5,14020.3,0.5096
20160.0,46083.8,20779.7,46390.5,0.5095
95368.6,8005.0,95606.2,8233.2,0.5095
16111.5,40714.6,16632.9,40893.4,0.5095
24320.0,40960.0,24857.6,41204.0,0.5095
72102.3,15657.8,72640.0,15805.1,0.5095
43853.2,8320.0,44480.0,8687.0,0.5095
30860.9,57288.5,31353.4,57753.9,0.5094
84544.1,14595.0,84637.5,14722.5,0.5094
34880.0,41604.4,34971.0,41787.7,0.5094
119757.3,30973.8,119950.8,31040.0,0.5093
59840.0,12940.7,60465.8,13283.5,0.5093
24320.0,47874.1,24617.2,48320.0,0.5093
33600.0,56936.8,33784.9,57235.2,0.5092
24644.9,51862.4,25018.3,52310.0,0.5092
66256.1,14501.6,66751.4,14917.3,0.5092
23546.9,61944.2,23680.0,62187.4,0.5092
103075.9,12461.2,103680.0,12789.6,0.5092
20480.0,64165.3,21043.0,64319.7,0.5091
39817.3,35843.3,39998.8,36078.2,0.5091
36164.7,43416.9,36644.5,43840.0,0.5091
36058.0,12522.1,36160.0,12753.9,0.5091
35204.6,16366.2,35385.7,16634.4,0.5090
62265.8,8964.1,62409.4,9116.0,0.5089
61776.0,23330.6,62400.0,23663.5,0.5089
69789.1,16797.3,70077.4,16957.9,0.5089
32991.3,41782.5,33279.3,41999.9,0.5089
108291.7,16000.0,108800.0,16417.9,0.5089
73280.0,15391.2,73896.0,15773.9,0.5088
26567.9,54400.0,26885.1,54907.5,0.5088
52806.8,16442.1,53010.0,16507.3,0.5088
121603.3,26962.7,121918.4,27414.1,0.5087
19577.3,69191.1,20160.0,69546.4,0.5086
120000.0,37778.8,120491.5,38080.0,0.5086
117815.5,24002.2,118080.0,24181.7,0.5086
81717.7,10535.9,81905.2,10573.4,0.5086
77459.4,21224.4,77759.6,21400.0,0.5086
56864.7,7835.1,56960.0,7984.6,0.5085
3040.0,66490.4,3200.0,66721.5,0.5085
84494.4,21802.2,85120.0,22205.1,0.5085
80415.6,12484.6,80960.0,12947.8,0.5085
20336.7,41292.5,20800.0,41585.7,0.5084
39041.8,17357.2,39465.3,17634.7,0.5084
103361.9,18387.0,103553.1,18559.6,0.5082
44702.0,15119.1,44920.2,15355.6,0.5082
45468.6,22413.9,45813.2,22665.1,0.5081
39360.0,12474.4,39708.5,12782.0,0.5081
84611.0,20980.8,84752.1,21054.0,0.5080
19520.7,50568.0,19888.7,50778.6,0.5080
56501.6,9543.7,56618.1,9600.0,0.5080
61709.3,21989.3,62080.0,22111.7,0.5079
32320.0,58885.0,32881.3,59039.0,0.5079
115521.5,28346.0,116012.4,28778.7,0.5078
27845.8,34092.4,28034.0,34281.1,0.5078
57481.0,13613.8,57600.0,13660.3,0.5078
111411.1,22400.0,111991.3,22980.0,0.5078
81280.0,18334.6,81885.9,18872.8,0.5078
18354.8,68630.2,18780.4,69120.0,0.5078
125765.9,33611.2,126141.3,33953.4,0.5078
63533.1,5970.2,63809.9,6400.0,0.5077
99851.2,17600.0,100381.9,18127.8,0.5076
57899.8,5391.6,58240.0,5478.3,0.5076
27800.4,45476.2,28160.0,45698.3,0.5076
79865.9,8000.0,80000.0,8053.5,0.5076
21418.2,54401.3,21735.0,54479.1,0.5075
61456.3,23341.1,62080.0,23661.8,0.5075
47393.8,13249.7,47921.6,13742.2,0.5075
23361.4,36891.3,23415.5,37034.0,0.5075
28213.6,35454.9,28534.2,35520.0,0.5075
62080.3,10444.8,62229.6,10576.8,0.5074
25149.6,42567.5,25280.0,42864.2,0.5073
34240.5,49805.8,34412.0,49890.2,0.5073
99610.7,12089.0,99701.9,12160.0,0.5073
7042.0,66562.8,7195.2,66883.9,0.5071
6824.2,62122.3,7348.2,62715.3,0.5071
12173.8,61120.0,12800.0,61425.7,0.5070
51129.5,445.2,51198.8,583.7,0.5070
34814.9,54106.2,35008.5,54376.4,0.5070
37151.4,20032.2,37440.0,20154.6,0.5069
40432.0,13760.0,40550.1,14010.1,0.5069
52804.2,12382.9,52889.9,12472.4,0.5069
25674.3,42309.4,25915.3,42880.0,0.5067
21165.6,49107.1,21760.0,49274.1,0.5065
36627.3,10561.5,36800.0,10600.8,0.5065
58240.0,21126.1,58880.0,21440.0,0.5065
33602.6,12283.4,33690.0,12540.4,0.5064
39834.2,43200.0,39999.1,43542.5,0.5063
91863.9,8457.9,92467.6,8604.9,0.5063
47360.0,23719.7,47506.6,24000.0,0.5063
36591.1,43521.5,36728.1,43597.6,0.5063
23360.0,60268.6,23500.6,60480.0,0.5063
70359.4,15670.9,70679.2,15734.3,0.5063
16109.8,62846.4,16318.9,63029.1,0.5063
102763.7,6508.7,103360.0,6656.3,0.5062
24768.4,43438.1,24867.2,43520.0,0.5062
32640.0,20466.7,33254.6,20631.6,0.5062
36786.2,24491.4,36973.2,24569.8,0.5061
30845.9,46554.7,31026.0,46830.7,0.5061
87041.9,13543.8,87204.3,13742.2,0.5060
86851.5,10308.5,87291.1,10880.0,0.5060
23135.0,43869.4,23225.5,43988.2,0.5059
9933.3,60800.0,10560.0,61168.1,0.5059
73291.1,15356.4,73920.0,15559.6,0.5059
30086.9,28509.7,30351.5,28839.9,0.5058
96643.1,9657.7,96828.1,9785.2,0.5058
29545.8,58328.5,30049.3,58880.0,0.5057
19520.9,46509.4,19618.9,46715.5,0.5057
72166.4,22301.5,72516.7,22400.0,0.5057
51224.3,12800.0,51513.6,13287.1,0.5057
31391.0,55050.4,31997.5,55636.7,0.5057
96456.2,14789.6,96636.0,15014.1,0.5057
31700.7,12167.5,32128.7,12424.9,0.5056
124800.0,30870.6,125367.3,31348.7,0.5056
108525.7,16320.0,109120.0,16755.1,0.5056
8611.4,60363.2,8736.5,60461.2,0.5056
76502.3,7360.0,77120.0,7799.8,0.5055
65882.5,21330.2,66071.7,21524.1,0.5055
40179.5,12241.9,40319.8,12452.0,0.5054
33580.8,38407.5,33917.0,38714.0,0.5054
53440.0,22373.7,54071.7,22677.9,0.5054
69140.4,14565.2,69436.5,14717.7,0.5054
51993.8,23040.0,52477.4,23348.4,0.5054
74270.6,14427.7,74554.1,14581.6,0.5054
16961.7,45384.5,17033.0,45542.7,0.5053
85760.0,16381.4,85833.0,16640.0,0.5052
88252.3,18732.9,88460.4,18879.9,0.5052
63375.1,23265.0,64000.0,23666.0,0.5052
60054.0,6083.4,60132.1,6186.5,0.5051
21121.2,29861.6,21519.5,30075.6,0.5050
23225.9,31347.0,23358.7,31680.0,0.5050
107206.0,20191.3,107360.7,20480.0,0.5050
28011.2,40897.8,28075.1,41010.1,0.5050
28500.0,30091.2,29120.0,30448.8,0.5050
52016.7,15207.2,52475.4,15675.9,0.5050
16770.8,26623.7,16957.4,26880.0,0.5049
57900.9,11064.5,58003.9,11297.4,0.5048
127539.9,33853.3,127672.0,33920.0,0.5048
22400.0,59211.2,22830.6,59422.6,0.5048
75305.1,14140.8,75479.9,14290.2,0.5048
89886.3,11761.4,90211.3,11835.7,0.5048
47680.0,24189.4,48312.3,24610.0,0.5048
19559.6,34884.1,19839.3,35208.6,0.5048
14400.0,64458.0,14926.2,64625.8,0.5048
41603.9,8724.3,41903.5,9265.4,0.5047
4965.4,67203.5,5119.0,67470.2,0.5047
77383.2,15212.8,77568.3,15280.4,0.5046
21890.8,49445.9,22080.0,49596.5,0.5046
63040.0,17601.9,63185.4,17721.8,0.5046
31707.5,53860.9,32187.0,54400.0,0.5046
58004.3,9992.5,58544.7,10142.6,0.5045
23329.7,40640.0,23655.4,41110.5,0.5045
31528.9,40033.6,31932.0,40636.8,0.5045
93913.7,6856.1,93993.7,6971.4,0.5045
123942.9,37362.0,124150.3,37669.5,0.5044
19840.0,63376.8,20448.4,63680.0,0.5044
50457.0,8914.9,50560.0,9058.8,0.5044
34210.0,46724.8,34315.2,46912.9,0.5043
120982.5,26063.6,121600.0,26560.0,0.5042
1927.1,65290.8,2240.9,65688.6,0.5042
25854.5,45554.1,25956.6,45642.5,0.5042
34804.7,58561.3,34987.8,58613.8,0.5042
54407.3,21896.8,55039.3,22075.9,0.5042
36675.4,45120.0,36754.4,45366.3,0.5042
120106.2,37012.9,120319.3,37281.6,0.5042
21120.8,40521.5,21279.6,40711.6,0.5041
63505.3,19802.3,63673.2,19840.0,0.5041
12697.3,66130.2,12787.0,66240.0,0.5041
121016.1,24960.0,121600.0,25492.5,0.5041
81603.0,19896.4,82162.2,20062.1,0.5040
102468.9,5190.5,102720.0,5291.2,0.5040
36030.7,21858.5,36160.0,22021.5,0.5039
126100.2,38434.7,126393.0,38817.4,0.5038
38167.9,24576.5,38335.2,24640.0,0.5037
19200.0,38277.9,19381.5,38400.0,0.5037
21516.6,34249.2,22047.4,34559.3,0.5037
70442.4,7428.1,70718.0,7578.9,0.5036
40747.9,23772.4,41277.1,24320.0,0.5036
102788.2,8647.8,103214.3,8974.2,0.5036
25787.3,64815.4,25858.9,64952.3,0.5036
81280.0,18560.0,81905.9,18970.0,0.5036
31840.8,14050.3,32000.0,14087.5,0.5035
88747.1,14081.5,88829.4,14249.0,0.5035
41280.2,8408.6,41586.1,8960.0,0.5035
100804.3,15040.0,101409.5,15246.2,0.5034
18585.9,54086.3,19196.0,54580.4,0.5033
50900.9,23361.5,51520.0,23531.0,0.5032
105283.2,17374.0,105732.9,17920.0,0.5032
61309.4,22659.3,61541.0,22720.0,0.5032
19919.9,35487.8,20080.3,35520.0,0.5032
27842.8,35607.2,27979.4,35796.6,0.5032
59043.8,8156.9,59200.0,8319.9,0.5032
24902.8,34116.1,25280.0,34230.7,0.5032
64327.6,17790.1,64550.5,17851.7,0.5032
60585.4,9285.8,60764.7,9496.5,0.5031
34757.7,48324.4,34966.2,48442.4,0.5031
35205.8,18894.0,35405.1,19489.6,0.5030
31210.6,53195.8,31359.9,53440.0,0.5029
61594.0,8642.5,62078.6,9136.2,0.5028
69001.5,13177.0,69217.2,13288.9,0.5028
41917.3,21571.1,42240.0,21669.5,0.5027
55040.0,14550.8,55304.3,14716.1,0.5027
82196.4,9371.8,82334.5,9515.0,0.5027
34523.8,54724.8,34724.7,54885.4,0.5027
32143.9,29629.5,32499.6,30080.0,0.5027
76800.0,21825.0,77025.3,21942.3,0.5027
61450.7,17943.6,61706.7,18008.4,0.5027
82161.6,15602.0,82298.8,15873.6,0.5027
16420.4,26436.5,16632.5,26560.0,0.5027
74244.4,12654.1,74421.3,12799.1,0.5026
33920.2,58986.4,34035.7,59140.1,0.5026
36017.4,51910.8,36160.0,52160.0,0.5026
36922.3,41601.4,37119.8,41796.1,0.5025
99418.3,19397.4,99815.3,19511.7,0.5025
55015.0,20508.0,55208.1,20619.9,0.5025
50013.5,19723.8,50236.2,20087.7,0.5025
29120.5,33685.3,29393.4,34240.0,0.5024
24699.1,57045.2,24937.5,57600.0,0.5024
38121.8,56000.0,38720.0,56240.9,0.5024
25228.0,38529.8,25577.7,38599.6,0.5024
34998.9,51843.3,35194.7,51991.4,0.5023
51206.3,11322.2,51626.0,11822.8,0.5023
105284.1,19961.7,105471.8,20141.7,0.5023
36807.0,52508.2,37084.8,53120.0,0.5022
71628.2,21116.0,71678.2,21302.0,0.5022
84937.2,19082.9,85109.3,19169.9,0.5022
91232.6,14572.3,91840.0,14713.3,0.5021
86719.1,13126.7,87040.0,13191.0,0.5020
28514.6,42633.0,28952.3,42874.9,0.5019
100176.5,10767.1,100731.1,11026.9,0.5019
37440.0,55370.9,37764.3,55632.5,0.5018
83847.8,20800.0,84076.7,20966.4,0.5018
58580.1,4827.9,58867.0,5182.2,0.5018
125667.9,37038.0,125915.2,37120.0,0.5018
114987.3,21440.0,115520.0,21972.1,0.5018
24215.2,54106.1,24638.8,54321.9,0.5017
11856.3,67682.6,12480.0,68144.7,0.5016
37880.9,51200.0,38077.1,51457.5,0.5016
58242.1,10762.5,58439.1,10878.1,0.5015
66560.0,13285.3,66775.6,13432.9,0.5015
34882.6,48014.2,35017.8,48250.7,0.5015
34621.4,49729.7,34707.2,49920.0,0.5014
59842.2,8236.1,60063.5,8320.0,0.5014
28897.1,48000.0,29055.9,48313.5,0.5014
2576.9,62080.0,3199.8,62521.7,0.5014
28964.6,32381.6,29261.6,32956.1,0.5013
30723.6,41602.7,30937.6,41649.9,0.5013
75581.6,8640.0,75840.0,8808.5,0.5013
22400.0,39680.0,22621.6,39747.7,0.5013
809.2,66142.4,959.2,66234.8,0.5012
22586.6,50889.2,22719.4,51069.2,0.5012
71834.5,9291.3,72140.2,9472.2,0.5012
34813.8,41553.7,34880.0,41713.0,0.5012
57187.1,13924.8,57279.0,14049.5,0.5012
49726.9,15360.0,49901.5,15935.8,0.5012
97932.0,18617.9,98396.3,19200.0,0.5012
126446.0,28163.7,127040.0,28704.0,0.5011
16655.4,59230.6,17109.8,59840.0,0.5011
69665.9,22780.7,70079.0,22855.9,0.5011
22080.0,65600.0,22576.9,65987.9,0.5011
25237.1,37410.4,25408.3,37440.0,0.5010
24005.9,56643.8,24319.5,56837.0,0.5010
9283.9,60461.3,9920.0,60695.2,0.5009
114595.5,27299.0,115189.6,27838.2,0.5009
22087.9,66438.3,22720.0,66880.0,0.5009
68087.3,17461.5,68314.0,17570.4,0.5009
21085.7,67520.0,21158.4,67633.4,0.5009
19714.7,51685.5,20149.4,52106.6,0.5008
16103.6,36831.3,16320.0,36953.1,0.5008
19520.0,41327.6,19877.1,41561.2,0.5008
19359.0,30405.4,19518.2,30703.7,0.5008
36101.9,40688.8,36160.0,40785.5,0.5008
18244.0,38721.1,18836.3,38876.3,0.5007
26715.3,42324.3,27101.7,42555.3,0.5007
110807.6,21508.2,111359.1,22079.2,0.5007
45811.8,21090.7,45878.9,21169.1,0.5006
94404.0,13913.7,95020.6,14079.5,0.5006
89600.0,8960.8,89833.6,9029.5,0.5006
107566.0,12160.0,107679.3,12401.7,0.5005
98506.4,14605.7,98880.0,14712.7,0.5005
9601.6,62248.1,10013.6,62398.0,0.5005
122291.8,27674.4,122880.0,28160.0,0.5004
65007.2,9293.7,65275.4,9768.6,0.5004
99354.9,12408.6,99520.0,12480.0,0.5004
70417.6,17757.9,70914.1,17920.0,0.5004
53579.7,16167.4,53859.8,16240.7,0.5004
30188.4,57308.6,30298.3,57600.0,0.5003
27595.1,54084.8,27992.4,54526.1,0.5003
28040.5,51178.3,28480.0,51326.5,0.5003
25050.7,63977.4,25280.0,64164.4,0.5002
107912.3,15360.0,108480.0,15876.3,0.5002
30627.9,52168.2,30720.0,52496.0,0.5001
58562.0,11241.5,58867.8,11832.3,0.5001
21934.2,40640.0,22080.0,40687.3,0.5001
47635.9,24214.5,48000.0,24306.5,0.5000
58560.0,21983.9,59129.5,22140.4,0.5000
17282.9,63188.8,17676.8,63355.3,0.5000
24338.3,51678.5,24960.0,52050.0,0.5000
35203.3,47300.4,35398.5,47464.0,0.4999
98561.3,11205.2,98801.3,11308.3,0.4999
40430.5,11200.0,40552.2,11490.3,0.4999
72642.7,15134.3,72862.7,15487.1,0.4999
55314.7,23414.6,55680.0,23483.5,0.4999
68378.5,10355.0,68778.2,10872.9,0.4998
76734.0,21177.6,77116.8,21252.0,0.4998
100885.9,11482.4,101004.5,11520.0,0.4998
58212.9,8081.5,58509.8,8357.3,0.4997
35200.9,29222.9,35511.2,29760.0,0.4997
98929.6,16013.3,99520.0,16308.2,0.4996
66707.7,20744.7,66836.9,20799.5,0.4995
116138.8,26244.7,116209.0,26379.3,0.4995
53120.0,3778.9,53346.1,3840.0,0.4995
46540.1,14218.5,47040.0,14393.6,0.4995
2896.7,62080.0,3520.0,62457.2,0.4995
35014.5,9909.4,35197.4,10110.5,0.4994
61440.0,22720.3,62060.0,22884.8,0.4994
26896.7,47206.8,27203.1,47325.7,0.4994
23683.0,64321.8,23899.2,64392.7,0.4994
35705.2,11429.5,35837.8,11759.1,0.4994
28165.1,33002.5,28800.0,33317.4,0.4993
93760.0,9732.9,94322.8,9896.9,0.4993
25615.4,33225.0,25920.0,33326.9,0.4993
57284.0,21157.3,57463.3,21299.5,0.4992
127683.4,35911.9,127836.5,35955.6,0.4991
27112.9,60713.1,27517.2,60813.3,0.4990
99738.0,12384.2,100004.3,12478.8,0.4990
44161.3,8565.3,44381.0,8640.0,0.4990
88652.9,13353.6,88898.8,13524.1,0.4990
27520.0,33281.4,27899.1,33412.0,0.4989
48432.2,18243.3,48635.4,18433.0,0.4989
28311.5,62155.4,28787.5,62720.0,0.4988
28480.0,47251.9,28888.3,47426.0,0.4987
38363.7,44283.5,38710.6,44478.5,0.4987
50676.0,21990.1,50859.3,22034.0,0.4987
104960.6,16320.0,105070.5,16502.3,0.4987
15844.1,66576.1,16320.0,67032.0,0.4986
76802.0,22913.2,77137.9,23360.0,0.4986
37549.9,19296.7,37756.9,19598.9,0.4986
18620.9,44383.3,19200.0,44723.4,0.4986
16002.5,26889.2,16347.7,27343.4,0.4985
77120.0,7976.0,77283.8,8142.9,0.4985
17283.6,59853.1,17556.7,60146.5,0.4985
32594.6,38563.2,32960.0,38629.2,0.4984
14354.5,63531.5,14696.1,63627.2,0.4984
15003.8,61824.7,15331.4,62400.0,0.4984
49112.0,23615.3,49418.9,23680.0,0.4984
15990.4,31512.4,16320.0,31591.2,0.4984
35353.0,17600.4,35666.5,17837.8,0.4983
49990.2,24067.6,50122.8,24133.8,0.4983
59208.2,8000.0,59541.0,8509.2,0.4982
53123.2,14226.1,53535.7,14395.3,0.4982
71185.4,7686.5,71358.7,7824.4,0.4982
84003.4,18457.1,84160.0,18556.2,0.4982
70565.2,8568.2,70720.0,8871.6,0.4982
64640.0,18522.3,64741.4,18560.0,0.4982
57016.3,5130.4,57279.9,5461.1,0.4982
21760.0,44166.5,22291.5,44617.7,0.4981
35201.2,45459.2,35697.0,45735.7,0.4981
55360.0,1945.9,55530.6,2122.4,0.4981
61295.9,11840.0,61439.4,12035.4,0.4981
27532.2,35649.8,28160.0,36014.8,0.4981
38253.8,30413.1,38617.3,31040.0,0.4981
72145.9,12704.1,72320.0,12800.0,0.4981
76628.8,21893.5,76757.3,21963.0,0.4981
37025.2,48320.0,37113.8,48637.3,0.4980
57238.3,14164.9,57432.9,14208.8,0.4980
33671.4,15479.0,33916.4,15944.3,0.4980
120728.3,25377.4,120955.8,25553.7,0.4980
34624.1,35562.2,35200.0,36130.0,0.4979
18240.6,68317.5,18419.1,68459.1,0.4979
22913.1,35200.0,23022.8,35448.5,0.4978
113625.5,21940.4,114231.8,22400.0,0.4978
29529.9,32000.0,29611.7,32104.9,0.4977
37543.5,55402.0,37724.8,55593.2,0.4977
79040.0,12801.5,79152.0,12932.2,0.4976
103681.4,8446.5,103863.3,8636.2,0.4975
100529.0,12881.8,100647.5,13120.0,0.4975
56690.2,5781.5,56958.0,6073.0,0.4974
72960.0,17738.7,73276.5,18181.9,0.4974
55434.7,14736.7,55697.5,14810.4,0.4974
37196.8,36365.5,37335.6,36475.4,0.4974
26880.0,44251.3,27466.5,44423.3,0.4973
33915.5,14263.6,33996.0,14367.2,0.4972
126618.4,37845.8,127015.9,38400.0,0.4972
35566.5,23673.9,36160.0,23996.2,0.4971
99613.9,11833.4,99723.4,12149.9,0.4970
33756.8,18638.8,34092.0,19200.0,0.4970
31523.9,32320.4,31589.9,32445.9,0.4970
58408.5,15608.3,58716.0,15671.8,0.4970
88200.6,7363.1,88430.4,7409.6,0.4970
963.6,65600.0,1159.2,65904.1,0.4970
75604.8,19345.4,75835.6,19497.5,0.4969
116800.0,28020.3,117086.6,28344.7,0.4969
82525.2,16460.1,82869.6,16943.9,0.4968
85448.6,9688.4,85771.0,9853.9,0.4968
75426.5,16646.1,75796.8,16848.6,0.4967
28264.0,62452.6,28783.0,63040.0,0.4967
19585.2,45655.9,19664.0,45768.3,0.4967
21761.3,33084.5,21976.0,33280.0,0.4966
9608.5,60500.2,10074.2,60810.0,0.4966
13142.2,67937.3,13728.7,68160.0,0.4965
77149.9,10885.6,77255.1,11175.3,0.4965
51841.1,2242.8,51908.4,2419.7,0.4965
37440.0,25280.0,37550.8,25476.0,0.4965
34248.8,16640.0,34507.8,17014.1,0.4965
100382.7,9943.3,100479.8,10068.4,0.4964
88141.1,13206.2,88316.9,13440.0,0.4964
28935.9,39059.5,29418.1,39659.8,0.4963
28692.1,31081.9,28799.1,31207.5,0.4963
35482.6,38170.6,35636.0,38276.3,0.4963
28160.0,44221.1,28779.2,44565.7,0.4962
34051.1,17603.8,34240.0,17653.4,0.4961
20166.6,46409.0,20737.3,46659.9,0.4961
22327.2,64697.7,22716.2,64789.9,0.4960
78173.7,8398.2,78319.1,8447.1,0.4959
104641.8,21486.6,104724.8,21724.7,0.4959
34882.1,49332.4,35045.8,49515.5,0.4959
85696.7,22179.7,86080.0,22325.6,0.4959
34675.5,13778.9,34877.9,13847.7,0.4958
22872.7,45887.2,23299.4,46378.1,0.4958
33979.8,24052.8,34236.2,24640.0,0.4957
55453.2,20481.1,55528.4,20603.1,0.4957
29666.2,55375.6,29760.0,55621.2,0.4957
130917.9,30726.1,131520.0,31264.4,0.4957
31684.7,22165.6,31881.3,22694.6,0.4957
73052.6,15628.8,73600.0,15789.1,0.4956
85519.0,16683.2,86066.4,17280.0,0.4955
20181.4,38691.8,20800.0,38844.0,0.4955
67154.3,19531.9,67515.8,19754.3,0.4955
120341.4,38102.1,120960.0,38553.6,0.4955
20808.8,64640.0,21440.0,64831.1,0.4954
42140.2,16644.0,42240.0,16805.4,0.4954
45772.2,16000.0,46400.0,16344.0,0.4954
104640.0,18573.2,104851.5,18829.0,0.4953
33600.0,15046.1,33959.4,15200.3,0.4953
70089.0,15363.4,70395.4,15504.9,0.4952
74177.8,23106.4,74560.0,23229.7,0.4952
124840.1,32689.8,125116.7,33185.3,0.4952
87813.6,7362.4,88000.0,7413.8,0.4951
74284.3,16643.0,74560.0,16725.6,0.4950
32000.0,9383.5,32625.5,9832.6,0.4950
49180.7,16972.9,49280.0,17280.0,0.4950
33605.0,43093.5,34217.3,43451.4,0.4950
81284.4,17684.4,81596.6,18238.9,0.4949
54175.5,20800.4,54275.1,20868.0,0.4949
33943.6,13809.0,34240.0,13945.9,0.4949
76181.1,7360.0,76800.0,7787.0,0.4949
26415.4,48332.6,26560.0,48605.9,0.4949
28800.1,44233.4,29000.4,44359.6,0.4949
37858.6,26531.6,38032.5,26560.0,0.4949
51554.9,2.3,52160.0,511.3,0.4949
83520.0,16964.3,83576.1,17076.5,0.4949
79360.0,19527.0,79645.1,19957.6,0.4948
35523.1,53120.0,35596.2,53259.5,0.4947
126127.0,34097.1,126671.9,34560.0,0.4947
46080.0,23388.1,46692.0,23680.0,0.4946
69121.9,16178.0,69249.3,16320.0,0.4946
34580.7,14145.3,35200.0,14400.0,0.4946
66085.7,21019.0,66318.0,21146.8,0.4946
77491.7,14606.3,78080.0,14748.1,0.4945
17650.9,69469.5,18240.0,69988.8,0.4944
23685.1,38098.4,23847.6,38267.3,0.4944
34880.0,21807.0,35251.8,22079.5,0.4944
16476.9,32318.1,16765.2,32634.9,0.4943
104223.1,17156.9,104628.7,17581.9,0.4943
32411.0,18092.9,32925.3,18239.1,0.4943
68286.5,19842.3,68503.9,19880.0,0.4943
55685.0,4842.6,56031.7,5440.0,0.4943
110723.3,19891.0,111093.6,20427.7,0.4943
98100.8,8640.0,98240.0,8969.2,0.4942
93440.0,10465.7,93643.1,10511.7,0.4942
101388.6,8217.6,101756.5,8320.0,0.4942
99014.9,10391.9,99135.0,10509.9,0.4942
33347.7,46478.4,33498.4,46542.3,0.4942
5120.0,64282.8,5235.9,64337.7,0.4941
61597.9,7048.1,61759.1,7216.5,0.4941
32300.3,14357.1,32640.0,14461.5,0.4940
53075.0,22723.3,53440.0,22874.3,0.4940
26882.4,40121.9,27199.2,40633.4,0.4939
58917.2,2917.8,59520.0,3445.7,0.4939
44480.0,11840.0,44801.9,12244.6,0.4939
49878.3,22241.7,50240.0,22398.6,0.4938
6737.7,60413.2,6982.8,60480.0,0.4938
49447.3,17272.2,49600.0,17591.9,0.4938
63442.3,4800.0,64000.0,5323.2,0.4937
59545.8,8323.8,59821.9,8522.1,0.4937
84160.0,14935.8,84391.9,15102.5,0.4937
33600.0,27530.0,33917.8,27708.9,0.4936
124516.9,29910.5,125119.0,30388.0,0.4936
63055.8,23283.2,63680.0,23661.2,0.4935
32156.6,27018.5,32640.0,27197.9,0.4935
35585.6,37174.2,36160.0,37746.6,0.4934
37044.9,44497.3,37288.7,44903.4,0.4934
87139.7,15848.9,87618.1,15994.6,0.4933
66569.9,15627.2,66880.0,15777.0,0.4933
57186.4,15567.0,57524.7,15671.5,0.4931
90562.8,11764.1,90771.3,11839.1,0.4931
19711.4,44302.1,20160.0,44471.1,0.4930
41608.6,21768.7,42240.0,22139.6,0.4930
70907.0,11527.6,71203.3,11639.2,0.4930
17614.4,38080.0,18207.2,38390.1,0.4930
48338.6,23844.6,48960.0,24282.7,0.4929
34667.0,46116.1,34783.5,46191.2,0.4929
22427.8,51684.4,22502.8,51756.4,0.4928
72320.0,15198.8,72882.7,15496.1,0.4928
104324.4,12993.1,104482.9,13078.1,0.4928
33029.9,54582.2,33094.6,54751.3,0.4928
89639.5,11831.0,90240.0,12160.0,0.4928
60160.0,13768.1,60314.7,13813.9,0.4928
59992.8,18163.4,60159.7,18240.0,0.4927
53180.2,14400.0,53274.2,14723.9,0.4927
20176.6,40000.0,20480.0,40119.3,0.4927
45560.2,10882.5,45759.2,10919.7,0.4927
37121.7,55079.3,37382.8,55680.0,0.4926
100379.1,9959.5,100633.9,10074.1,0.4926
74034.7,18446.2,74546.3,18872.2,0.4926
122079.4,26077.1,122235.7,26202.7,0.4926
40087.3,27252.4,40577.4,27840.0,0.4926
4507.6,60236.4,5095.1,60800.0,0.4925
78651.0,21647.0,78719.1,21745.0,0.4924
30621.6,55065.1,31013.7,55675.7,0.4924
42240.0,21931.0,42787.0,22089.6,0.4924
87459.9,10575.2,87675.0,10831.8,0.4924
94409.5,14294.0,95040.0,14488.3,0.4924
30101.0,48320.0,30469.5,48878.2,0.4924
30400.0,58628.3,31020.9,58780.6,0.4923
87194.5,11520.3,87649.0,11707.9,0.4923
99161.5,9683.3,99520.0,9781.8,0.4923
66560.0,18627.5,67185.6,18880.0,0.4923
88320.9,20222.4,88610.3,20480.0,0.4922
24356.9,47366.8,24845.6,47972.8,0.4922
131154.1,32080.8,131699.0,32640.0,0.4922
25709.0,65602.6,25906.3,65644.3,0.4921
75840.0,10720.0,76309.9,10879.6,0.4921
52001.4,16000.6,52159.9,16197.2,0.4921
93760.0,11612.2,94380.2,11960.8,0.4921
121455.8,28206.1,121665.3,28347.7,0.4921
55048.5,23048.4,55120.6,23158.8,0.4920
89258.2,7401.2,89549.5,7510.2,0.4920
121280.0,38504.9,121551.8,38716.2,0.4920
34140.1,41023.2,34552.9,41279.7,0.4920
37760.0,26479.1,37948.3,26523.2,0.4920
23043.1,43717.5,23145.2,43908.8,0.4919
13919.9,63427.3,14355.0,63586.3,0.4919
62956.3,17183.5,63124.7,17223.2,0.4918
96361.6,14338.6,96957.2,14499.8,0.4918
19520.0,39743.1,19871.4,39948.4,0.4918
47360.0,21664.4,47536.0,21764.0,0.4918
63043.3,15692.1,63338.7,16089.1,0.4918
34803.0,57708.9,35178.5,57856.4,0.4917
43238.7,8031.4,43840.0,8613.9,0.4917
22291.7,44253.9,22400.0,44416.4,0.4917
25333.5,32960.3,25920.0,33250.8,0.4916
19204.1,57325.4,19840.0,57590.4,0.4916
67000.0,13482.0,67188.6,13645.9,0.4916
53420.6,20800.0,53602.3,21116.2,0.4916
128367.7,34576.5,128949.1,35059.8,0.4916
36427.6,48640.0,36535.7,49049.0,0.4916
75200.0,14172.0,75440.8,14300.5,0.4916
32212.4,47680.0,32319.9,47960.9,0.4916
35327.5,23211.6,35515.1,23516.3,0.4913
1615.3,63040.0,2240.0,63451.7,0.4913
19288.5,50240.0,19663.2,50407.1,0.4913
23683.7,34104.0,23836.9,34240.0,0.4913
71683.2,10335.5,71918.1,10486.5,0.4913
51501.4,4547.6,51838.6,4901.0,0.4913
27523.5,63375.9,27601.0,63482.8,0.4912
20772.9,31681.5,21120.0,31747.6,0.4912
103200.0,16862.4,103359.3,16960.0,0.4912
79685.6,19842.3,79831.7,20160.0,0.4912
40204.4,21866.7,40580.5,22400.0,0.4911
104626.0,17825.7,104853.8,17919.7,0.4911
37443.3,41336.8,37582.2,41600.0,0.4910
114409.2,25253.3,114479.0,25359.1,0.4910
27203.8,49283.7,27283.1,49438.2,0.4910
81921.9,18708.4,82367.3,18914.4,0.4910
72964.8,17433.4,73081.6,17753.6,0.4909
29985.8,56002.7,30155.6,56041.3,0.4909
78518.2,18382.5,79023.1,18880.0,0.4909
69607.6,9292.8,69741.2,9414.0,0.4908
48576.5,23129.1,48646.4,23263.3,0.4908
96643.6,13940.7,96831.8,14200.7,0.4908
34950.8,20770.2,35520.0,20929.7,0.4907
47537.4,21592.6,47996.9,21760.0,0.4907
76480.0,8096.0,76596.1,8308.0,0.4907
21275.3,59353.7,21755.6,59819.2,0.4907
97810.6,7436.9,98240.0,7576.3,0.4907
47684.0,19585.8,47842.3,19935.0,0.4906
57923.1,19802.4,58083.0,19838.1,0.4906
55680.0,11324.7,56273.5,11498.2,0.4906
24492.1,30610.6,24799.3,31004.7,0.4906
59840.0,18988.8,60046.8,19064.8,0.4905
72320.0,15758.9,72944.1,16091.4,0.4904
87360.0,19224.3,87758.0,19506.9,0.4904
15680.0,35928.7,16004.7,36480.0,0.4903
59263.0,23439.5,59840.0,24000.0,0.4903
18240.0,41281.5,18453.7,41333.5,0.4903
54538.8,11793.2,54678.5,11833.3,0.4903
41693.3,8379.6,41909.2,8419.5,0.4903
39787.0,14400.0,39999.1,14465.8,0.4902
104000.0,5328.3,104122.2,5439.0,0.4901
65036.6,14880.6,65275.6,15039.3,0.4901
19215.1,59200.0,19840.0,59484.2,0.4900
19652.0,46751.3,20149.8,47181.9,0.4898
81924.1,11524.0,82539.7,11996.0,0.4898
115200.2,27383.7,115428.7,27520.0,0.4897
25860.8,32218.3,26076.4,32260.9,0.4897
101793.3,16364.4,102400.0,16640.0,0.4897
63360.0,9281.3,63544.6,9433.2,0.4896
122880.0,29450.0,123404.4,29967.8,0.4896
27459.8,60644.7,27840.0,60746.3,0.4896
59520.0,12714.5,59842.1,12876.4,0.4896
90560.0,8455.0,91022.8,8604.9,0.4895
23362.9,34321.9,23523.3,34880.0,0.4894
78174.8,18791.0,78390.7,18880.0,0.4893
25383.1,44919.8,25628.1,45440.0,0.4893
34563.5,45762.0,34875.3,46008.2,0.4892
53762.1,22017.6,54338.5,22176.4,0.4892
25974.0,51520.0,26216.6,51754.8,0.4892
50486.8,24111.2,50880.0,24187.8,0.4892
62094.2,13980.6,62708.8,14182.6,0.4892
32240.6,20800.5,32638.9,20893.3,0.4891
30440.4,32652.4,30989.4,33093.6,0.4891
17280.0,66986.2,17868.7,67185.8,0.4890
102877.6,12384.0,103196.6,12464.6,0.4889
72640.0,16745.5,72946.0,17280.0,0.4889
101473.5,3886.5,102075.6,4471.9,0.4887
54720.0,21865.6,55294.4,22080.0,0.4887
43200.0,9442.4,43327.2,9639.9,0.4886
57942.4,20695.9,58234.3,20771.8,0.4886
32352.7,50618.8,32452.5,50797.1,0.4886
79548.0,17927.9,79792.3,18359.0,0.4886
50451.7,7518.0,50523.9,7620.6,0.4884
45440.0,8640.0,46080.0,8891.2,0.4884
65920.0,22804.1,66466.9,22975.1,0.4883
77130.1,14080.0,77526.9,14411.2,0.4883
102489.7,7560.5,102716.3,7679.1,0.4882
21058.1,64748.0,21440.0,64831.5,0.4881
54837.7,12611.5,55040.0,12932.5,0.4880
35840.0,59206.0,36480.0,59515.6,0.4880
33701.5,16640.4,34234.9,17056.1,0.4880
52788.3,2574.6,53111.2,3117.7,0.4879
52800.0,22370.1,52969.3,22400.0,0.4879
70540.9,19037.7,70668.9,19090.7,0.4879
85799.0,18240.0,85922.4,18545.8,0.4879
89301.2,20022.1,89920.0,20420.7,0.4878
19569.4,31383.6,19737.4,31559.5,0.4878
19625.7,46470.5,19838.3,46720.0,0.4877
22720.3,58870.6,22858.9,58999.7,0.4877
42255.8,23383.5,42880.0,23680.0,0.4877
123943.8,31122.0,124153.4,31274.9,0.4876
33920.0,44183.2,34153.1,44561.0,0.4875
96744.5,11152.9,96936.3,11458.5,0.4874
28163.5,36800.0,28511.4,37237.1,0.4873
59069.8,14726.8,59200.0,14964.3,0.4873
80000.0,20504.5,80629.5,20734.5,0.4873
52800.0,10132.1,53179.0,10558.7,0.4873
99323.7,12427.6,99466.2,12480.0,0.4872
21511.9,62860.0,21760.0,63138.7,0.4872
67201.6,20662.7,67273.2,20976.0,0.4872
18891.4,47040.7,19080.2,47094.0,0.4870
18599.5,56073.4,19084.4,56640.0,0.4870
24128.0,62872.4,24318.7,63119.3,0.4870
14921.7,63076.3,15079.0,63283.7,0.4870
49208.6,9601.1,49417.5,9645.7,0.4869
50225.3,23303.9,50527.2,23423.9,0.4869
52171.0,5521.1,52481.3,6008.7,0.4869
40086.6,17372.2,40229.3,17723.2,0.4868
85140.0,13518.2,85491.8,14080.0,0.4868
81251.6,11033.0,81400.9,11269.0,0.4867
20695.1,55680.8,21025.5,55744.5,0.4867
99260.5,17280.0,99838.8,17748.5,0.4866
36811.8,53142.7,37011.7,53757.6,0.4866
35202.6,30081.5,35282.1,30196.4,0.4866
39325.7,28315.0,39680.0,28422.3,0.4866
36335.3,30083.2,36480.0,30122.4,0.4865
36174.9,8032.6,36800.0,8497.9,0.4865
31130.8,48965.4,31360.0,49102.7,0.4865
22211.4,60160.5,22399.1,60356.3,0.4865
127413.9,35200.0,127985.7,35712.5,0.4865
52662.9,4712.6,52800.0,4800.0,0.4865
81509.9,14029.2,81880.4,14109.4,0.4863
34564.8,55420.3,34643.7,55680.0,0.4863
53533.0,15928.3,53694.4,15975.6,0.4863
102400.0,10039.0,102954.0,10218.1,0.4862
79397.1,7402.8,80000.0,7971.6,0.4861
82559.4,14637.6,82880.0,14708.0,0.4861
33064.3,38552.7,33276.2,38711.8,0.4860
100717.6,14646.3,101083.4,14718.7,0.4860
21297.7,39040.0,21440.0,39093.1,0.4860
56409.1,19203.7,56709.8,19269.7,0.4859
32131.1,44165.5,32245.0,44389.3,0.4858
23070.3,34304.5,23515.4,34880.0,0.4858
123843.5,28927.9,124051.8,29114.8,0.4858
16307.4,68214.6,16630.3,68307.2,0.4857
33666.6,21463.6,33737.5,21760.0,0.4855
31578.8,53140.6,31818.6,53271.5,0.4855
47040.0,9921.1,47209.2,9971.3,0.4855
50881.2,640.8,51027.6,808.2,0.4855
38810.3,41070.6,39360.0,41600.0,0.4855
37806.9,36181.5,38090.6,36500.0,0.4854
31360.0,24825.9,31745.7,25275.9,0.4854
106881.2,21120.7,106946.0,21251.8,0.4854
11476.4,67565.2,11840.0,67716.3,0.4854
82896.7,21150.7,83517.1,21437.5,0.4853
95667.4,13441.2,95890.5,13507.0,0.4853
61132.9,18747.3,61737.5,18913.4,0.4853
12189.6,62120.1,12783.4,62707.8,0.4853
2560.7,63680.0,2896.7,64016.9,0.4853
54736.5,23393.7,55360.0,23680.0,0.4852
33626.7,26183.4,34238.1,26512.1,0.4852
23361.6,35211.2,23617.8,35538.4,0.4851
15100.5,64645.0,15354.7,64902.4,0.4851
93769.6,9696.9,94400.0,10024.3,0.4851
12834.5,66241.4,13115.9,66334.2,0.4850
80973.3,9423.7,81379.4,9913.1,0.4850
32008.2,29236.1,32462.0,29760.0,0.4850
114240.0,26054.1,114568.2,26558.6,0.4849
40739.1,30229.9,40957.1,30398.3,0.4849
40770.1,20390.3,40939.7,20430.9,0.4849
100103.5,15187.4,100301.1,15228.7,0.4848
18880.0,55686.9,19291.3,56178.9,0.4848
78484.8,7680.0,79040.0,7900.7,0.4848
39110.8,8204.4,39355.7,8289.1,0.4848
20480.1,57600.0,20685.7,57778.7,0.4847
76974.0,15364.9,77120.0,15521.7,0.4847
52915.6,20766.9,53075.0,20800.0,0.4847
53761.5,14116.1,53904.7,14400.0,0.4847
24001.7,52297.5,24061.2,52475.2,0.4847
60480.0,14491.3,60763.0,15040.0,0.4847
56320.0,17372.7,56622.7,17568.1,0.4846
105866.2,15125.4,105919.1,15314.9,0.4846
58270.6,14726.0,58451.8,14762.9,0.4846
66555.9,11147.6,66811.1,11314.2,0.4845
46466.7,10917.9,46720.0,11514.9,0.4844
77786.9,12484.7,78078.0,12694.0,0.4844
18619.9,49934.6,18880.0,50247.0,0.4844
67216.0,11360.3,67453.6,11518.7,0.4843
78911.5,19206.9,79073.1,19379.5,0.4843
30446.0,44208.2,30713.1,44649.9,0.4842
36197.0,56419.3,36321.0,56800.6,0.4841
33155.6,44170.5,33417.8,44454.6,0.4840
16574.9,68933.0,16960.0,69077.5,0.4840
5820.9,64020.8,6295.3,64514.8,0.4839
31423.9,9201.0,32000.0,9539.7,0.4839
22211.9,63069.2,22354.2,63360.0,0.4839
34882.8,15360.0,35294.1,15804.1,0.4838
36653.5,22906.4,36848.0,22951.3,0.4838
79360.0,9920.0,79801.3,10143.6,0.4838
56337.1,18560.0,56861.1,18955.4,0.4838
34256.1,53059.2,34880.0,53440.0,0.4837
67505.8,11654.6,67765.6,11834.0,0.4837
32778.6,12944.4,33126.1,13118.4,0.4837
73375.4,19025.8,73469.6,19199.9,0.4837
127441.4,32746.8,127680.0,32954.5,0.4837
35520.0,50240.0,36048.0,50644.9,0.4836
99340.2,8946.5,99834.9,9245.2,0.4836
7680.0,61494.3,8271.0,61668.8,0.4835
42577.8,11520.0,42908.3,11831.2,0.4835
37796.6,20282.8,37852.8,20446.8,0.4834
67534.1,24873.6,68160.0,25255.6,0.4833
25601.5,33069.9,26240.0,33351.2,0.4832
25600.0,29521.0,26205.3,30048.4,0.4832
57638.4,7361.0,57712.7,7475.7,0.4832
72642.5,16640.0,72750.7,16900.7,0.4831
103709.2,6733.5,104000.0,7046.1,0.4831
35205.7,15054.2,35442.9,15478.5,0.4830
103361.5,10710.6,103466.6,10904.3,0.4830
126080.0,34634.8,126475.1,35187.6,0.4830
87602.7,18567.8,87753.5,18747.6,0.4830
104960.0,6085.7,105312.2,6310.4,0.4829
4666.9,66242.3,4800.0,66478.6,0.4829
24000.0,48589.1,24181.0,48671.2,0.4828
61305.4,21330.4,61386.8,21506.6,0.4828
116306.2,27573.3,116480.0,27840.0,0.4827
62225.3,7493.9,62396.9,7657.9,0.4827
74560.0,17098.5,74799.7,17280.0,0.4826
58734.5,11590.5,58825.2,11723.0,0.4825
68482.0,19235.3,68628.6,19300.0,0.4825
30400.0,58825.0,30748.3,58913.1,0.4824
33905.3,52705.2,34099.9,52799.8,0.4824
106393.2,14156.1,106555.5,14294.3,0.4824
30720.0,41479.9,31217.4,41642.9,0.4824
42426.0,17171.9,42532.4,17254.4,0.4823
83536.5,7057.3,84160.0,7444.6,0.4822
36480.0,20865.6,37069.5,21042.9,0.4822
17608.5,52340.4,18240.0,52781.6,0.4821
101760.0,6302.6,102347.7,6502.0,0.4820
35372.8,36903.3,35537.8,37120.0,0.4820
74933.7,15995.1,75197.0,16060.3,0.4819
105923.5,5890.6,105999.3,6033.2,0.4819
30942.0,50317.4,31101.4,50446.7,0.4819
32648.4,49077.1,32700.8,49237.9,0.4819
34242.1,25272.8,34457.7,25559.0,0.4818
56961.7,23757.2,57321.5,24320.0,0.4817
30466.6,48710.2,31015.0,49280.0,0.4817
39098.0,24971.3,39436.7,25595.7,0.4817
54419.2,13374.2,54720.0,13440.0,0.4817
96538.7,11956.5,96640.0,12012.1,0.4817
29434.3,57333.0,29546.3,57586.6,0.4817
38080.0,28800.0,38469.6,29020.8,0.4816
106243.1,20106.4,106409.0,20386.1,0.4815
27218.0,62720.0,27694.3,63213.7,0.4815
40050.7,16354.9,40152.6,16640.0,0.4815
32640.2,56040.8,32708.6,56150.4,0.4814
43520.0,21158.8,44039.9,21311.5,0.4814
72456.8,8195.4,72771.0,8317.2,0.4813
97122.6,10895.5,97583.8,11071.8,0.4813
79680.0,20480.0,80320.0,20785.9,0.4813
48000.0,22240.1,48605.0,22398.6,0.4813
28480.0,42882.8,28933.2,43092.9,0.4812
104180.2,9077.0,104628.0,9584.3,0.4812
48976.5,8960.0,49600.0,9357.0,0.4812
50553.2,22247.7,50880.0,22325.0,0.4812
4803.9,67073.2,4903.9,67193.1,0.4811
102523.3,7173.8,102736.4,7347.3,0.4811
48663.4,9121.3,48954.0,9211.3,0.4811
29899.8,57994.1,30076.3,58144.1,0.4811
26340.1,30651.2,26549.0,30736.6,0.4811
29766.1,52807.6,29944.6,53106.5,0.4810
79084.4,15413.9,79360.0,16000.0,0.4810
100648.7,16054.8,100884.4,16155.7,0.4810
6617.6,61760.0,7029.8,62359.2,0.4810
38124.7,20573.4,38399.5,20639.4,0.4810
51902.8,11648.9,51996.7,11757.7,0.4810
95513.3,15109.1,95676.5,15359.5,0.4809
58286.0,20228.1,58511.1,20379.2,0.4809
60847.5,18014.5,60991.1,18079.0,0.4809
17082.4,37440.0,17194.1,37698.8,0.4809
70071.2,22354.5,70397.8,22504.4,0.4809
95680.0,17351.9,96145.1,17505.5,0.4809
72334.6,23213.7,72960.0,23632.8,0.4809
39360.6,43109.4,39465.4,43413.8,0.4808
23211.2,38893.1,23359.1,39022.7,0.4808
47360.0,10071.1,47529.9,10323.0,0.4807
113289.4,26264.3,113920.0,26644.7,0.4807
43200.0,21144.0,43640.0,21332.0,0.4807
93601.5,11683.9,93759.4,11807.3,0.4806
77231.6,7914.6,77439.1,8000.0,0.4806
37124.4,26787.3,37557.2,26947.4,0.4805
57204.8,2560.9,57600.0,2768.6,0.4804
42240.0,22080.0,42389.2,22251.4,0.4804
1938.0,67008.0,2560.0,67454.5,0.4803
44268.8,10883.1,44480.0,11162.7,0.4803
32000.0,38772.3,32622.4,39037.6,0.4803
53017.1,15704.3,53434.9,16079.2,0.4802
103818.6,9368.9,103994.7,9600.0,0.4801
104668.3,3918.4,105280.0,4471.0,0.4801
15680.0,40414.5,16000.0,40960.0,0.4801
53202.2,16606.9,53760.0,16960.0,0.4800
24339.9,40000.0,24640.0,40112.9,0.4799
68158.4,17712.2,68305.1,17756.8,0.4799
47886.9,21978.1,48165.8,22061.0,0.4799
68824.9,18750.8,69197.2,18964.9,0.4799
60050.1,12972.6,60468.7,13113.8,0.4799
105639.0,18813.3,105917.1,18981.9,0.4799
31394.0,53586.2,31995.9,54065.6,0.4798
40118.0,14733.0,40356.0,15004.3,0.4798
12705.9,63100.2,12909.6,63214.2,0.4797
77760.0,14777.7,78148.3,14976.9,0.4797
25924.1,64661.8,26105.8,64893.9,0.4796
12758.8,67891.0,13120.0,68035.8,0.4796
63360.0,18926.2,64000.0,19278.8,0.4796
781.1,65607.6,960.0,65794.8,0.4796
54080.6,11107.9,54272.6,11200.0,0.4795
24732.8,60800.0,24807.6,60913.7,0.4795
96320.0,9026.6,96542.1,9135.8,0.4794
72004.1,22939.8,72224.8,23047.6,0.4794
34386.2,35758.5,34609.9,35840.0,0.4793
48960.0,23901.9,49294.9,23996.6,0.4793
18880.0,45568.6,19085.3,45743.8,0.4793
75019.3,14264.5,75220.5,14360.5,0.4792
19085.8,56960.0,19516.3,57293.6,0.4792
27706.5,65144.5,27839.9,65448.7,0.4792
32325.7,32159.4,32636.0,32320.0,0.4792
74195.7,19883.5,74498.6,20055.8,0.4791
34622.1,15363.7,35175.5,15863.1,0.4790
16640.0,65941.6,16767.0,66004.3,0.4790
67525.5,16955.9,67690.4,17067.9,0.4790
32979.1,38749.2,33600.0,38951.1,0.4790
94430.3,6080.0,95037.9,6508.1,0.4789
5120.5,60543.4,5254.7,60800.0,0.4789
98240.0,15791.2,98808.7,16320.0,0.4789
65600.1,15689.6,65722.8,15861.2,0.4788
86169.6,9633.1,86717.0,9792.8,0.4787
32615.5,30720.0,32681.6,30867.9,0.4786
62100.3,17397.7,62400.0,17594.2,0.4786
28320.3,56786.6,28779.9,56958.7,0.4785
57602.0,12164.3,57968.7,12354.5,0.4785
32370.1,32224.1,32604.8,32320.0,0.4785
33935.3,12599.8,34228.6,13120.0,0.4785
130489.0,33026.2,130873.9,33600.0,0.4784
27155.0,33920.0,27200.0,34062.7,0.4784
77776.9,21060.7,78389.4,21225.8,0.4784
32122.0,24784.9,32302.3,24829.1,0.4784
51613.2,6300.4,51840.0,6720.0,0.4783
62073.9,7058.8,62329.8,7216.4,0.4782
26241.8,45286.9,26302.4,45434.8,0.4782
78085.3,7469.6,78720.0,7909.4,0.4782
28500.2,62788.1,29114.3,63354.7,0.4782
18240.0,41436.4,18587.7,41821.7,0.4782
62023.2,17672.9,62099.0,17887.7,0.4781
40216.3,13120.0,40320.0,13293.6,0.4781
44937.1,18405.4,45117.8,18552.8,0.4780
88698.3,18461.9,88955.7,18555.0,0.4780
34799.4,17498.6,35187.9,17661.3,0.4779
29622.3,36266.1,29752.1,36429.8,0.4779
98560.0,6895.9,99174.2,7077.1,0.4779
13912.1,65819.2,14008.6,65907.2,0.4779
71084.5,15847.3,71680.0,16152.7,0.4779
61760.0,11305.0,62007.1,11520.0,0.4779
76910.2,14080.0,77440.0,14399.6,0.4779
30198.0,46403.8,30282.8,46676.8,0.4778
36850.2,32870.9,36952.1,33111.1,0.4778
46745.9,21857.5,47355.3,22070.2,0.4778
24961.8,59979.2,25097.8,60175.1,0.4778
40334.2,22145.6,40925.9,22718.0,0.4777
44821.3,11560.3,45436.8,11937.5,0.4777
104641.8,7526.6,104840.6,7852.4,0.4776
36536.7,26917.0,37120.0,27077.1,0.4776
31768.4,56445.7,31920.1,56583.3,0.4776
36676.1,45440.0,36792.3,45746.5,0.4776
25510.6,32789.2,25586.8,33055.2,0.4776
53121.6,2567.1,53440.0,2680.1,0.4775
29793.2,53800.2,29886.3,53979.8,0.4775
98928.7,12923.7,99520.0,13401.4,0.4775
89920.9,12622.4,89990.8,12789.7,0.4775
16260.2,68180.2,16333.1,68306.9,0.4774
48013.4,9645.1,48421.5,9881.3,0.4774
15680.0,37521.3,16006.6,38080.0,0.4773
40322.8,21522.5,40960.0,21807.0,0.4772
18321.8,51527.2,18880.0,51741.2,0.4772
26964.1,45240.2,27040.4,45387.1,0.4772
58321.5,22158.8,58560.0,22271.3,0.4772
61896.9,9696.2,62397.8,10236.6,0.4772
23553.7,36000.0,23864.3,36063.0,0.4772
23943.2,38195.7,24000.0,38366.4,0.4771
23688.1,47680.0,23861.6,47959.1,0.4771
52174.5,23544.6,52800.0,23955.9,0.4771
120490.9,24960.0,120639.3,25068.4,0.4770
23041.8,43093.7,23184.4,43318.7,0.4769
24561.1,39376.2,24957.8,39673.5,0.4769
37386.0,53830.7,37437.8,53995.0,0.4767
25814.3,32551.6,26057.6,32634.6,0.4766
15374.2,68160.0,15675.8,68278.0,0.4766
25604.5,59216.0,25838.0,59584.9,0.4765
89931.8,14910.8,90560.0,15118.6,0.4764
51522.5,19838.7,51639.2,20059.2,0.4764
34250.2,42880.0,34611.2,43458.9,0.4764
30806.5,46477.3,31351.4,47040.0,0.4764
32337.3,45795.1,32895.8,46397.8,0.4764
47041.9,21642.0,47246.6,21733.1,0.4764
41921.9,23172.9,42183.5,23358.1,0.4763
107520.0,10727.4,107633.5,10876.3,0.4763
38940.2,26880.0,39023.0,27113.8,0.4763
30414.6,61351.2,31040.0,61739.7,0.4763
21765.3,34560.0,22116.0,34835.5,0.4762
29783.4,42288.4,30062.2,42583.2,0.4762
89921.6,18087.7,90004.3,18359.0,0.4761
34881.2,36161.6,35190.8,36266.0,0.4761
52762.1,2966.7,53108.6,3520.0,0.4761
46456.0,15896.5,46713.7,16010.3,0.4760
79950.2,18227.6,80153.4,18265.4,0.4760
77609.0,11604.5,78058.9,12145.4,0.4760
83593.1,18240.0,83834.4,18433.8,0.4758
70430.3,20870.7,71029.2,21436.6,0.4758
95819.5,12777.3,95926.3,13009.8,0.4758
25280.0,47988.8,25888.9,48313.5,0.4756
97511.9,11332.2,97898.3,11402.8,0.4756
82187.1,9345.9,82239.6,9521.6,0.4756
75215.0,22997.7,75840.0,23341.7,0.4756
14080.0,63480.2,14675.2,63804.7,0.4755
107630.1,18906.3,107840.0,19043.4,0.4754
52166.3,4755.9,52563.2,5120.0,0.4754
101440.0,10585.0,101989.3,10745.8,0.4754
74383.2,11840.0,74552.5,12071.9,0.4754
66399.2,21238.8,66531.2,21315.2,0.4754
91028.0,12934.8,91187.8,13113.7,0.4753
32764.4,12491.6,32813.3,12628.7,0.4753
49939.2,23040.0,50560.0,23246.3,0.4753
105453.8,20164.1,105599.9,20369.7,0.4752
103989.8,11534.1,104299.2,12066.3,0.4752
86080.0,9655.1,86513.4,9831.0,0.4752
62114.8,20656.5,62380.3,20916.7,0.4752
94402.7,10756.6,94846.2,10903.8,0.4751
31806.6,54547.1,31932.8,54633.2,0.4751
52480.0,1634.6,52585.6,1749.8,0.4751
46905.1,14083.8,47135.2,14237.0,0.4750
38900.0,28800.0,39039.9,29120.7,0.4750
56257.9,22165.1,56587.6,22293.4,0.4750
74317.0,20090.7,74869.7,20262.3,0.4749
34084.1,60232.7,34173.5,60310.9,0.4749
102720.0,10075.8,103349.8,10438.5,0.4749
126370.9,37642.6,126716.0,38080.0,0.4748
33921.9,18675.5,34097.0,19200.0,0.4748
31285.8,50611.5,31484.8,50726.9,0.4748
31399.4,53126.7,32000.0,53544.6,0.4747
35521.9,54095.1,35678.2,54400.0,0.4747
35300.2,51546.0,35484.9,51586.8,0.4746
34721.8,43434.3,34904.6,43520.0,0.4746
7204.3,65014.4,7667.7,65600.0,0.4746
1280.0,66467.4,1589.3,66862.9,0.4745
116162.6,27206.1,116398.1,27668.8,0.4745
25629.7,30852.1,25689.4,30933.7,0.4745
90577.0,9251.0,91070.5,9401.1,0.4745
44248.1,17883.8,44409.9,18210.8,0.4745
16654.2,44216.3,17121.4,44800.0,0.4745
105346.1,9325.8,105828.1,9917.1,0.4744
59202.7,22700.1,59538.1,22871.3,0.4744
124819.6,39603.0,125440.0,39985.5,0.4743
83840.4,15008.5,84015.9,15162.7,0.4743
31040.0,46095.0,31654.0,46397.8,0.4743
77790.6,8450.4,77944.1,8498.0,0.4743
10258.6,60160.0,10880.0,60454.1,0.4743
80937.5,11443.2,81274.0,11519.6,0.4742
83426.6,19481.8,83793.3,19574.8,0.4742
61126.8,11520.0,61730.8,12072.3,0.4741
33292.5,54993.9,33482.5,55099.4,0.4741
52480.0,5120.0,52664.7,5195.8,0.4741
87360.0,8823.7,87937.7,9090.5,0.4741
26376.7,36480.0,26518.7,36758.3,0.4741
90121.1,7902.5,90484.3,7994.9,0.4740
106822.9,13440.0,106880.0,13608.9,0.4740
74131.8,20320.5,74497.5,20476.1,0.4740
25755.6,47040.0,25904.6,47361.7,0.4740
26572.7,37440.0,26879.8,38031.2,0.4740
100800.0,9866.8,101291.6,10013.0,0.4739
68228.6,22004.0,68546.7,22078.7,0.4739
87703.5,7040.0,88320.0,7470.9,0.4739
105600.0,13581.6,105938.1,13754.2,0.4738
41290.5,16015.0,41574.9,16366.8,0.4737
88965.1,15123.6,89410.7,15346.1,0.4737
29760.0,50783.3,29940.6,51107.4,0.4737
105282.5,17374.2,105600.0,17595.6,0.4735
1614.0,63771.8,2037.3,64320.0,0.4733
50595.7,1280.0,50921.2,1818.3,0.4733
102400.0,20750.6,102640.9,20800.0,0.4732
24545.0,38146.1,24635.2,38400.0,0.4732
30812.9,46818.8,31360.0,47353.4,0.4732
30183.6,45905.3,30279.9,46203.5,0.4730
5520.4,67730.6,5760.0,67794.2,0.4730
91621.8,7360.0,91824.0,7861.6,0.4730
45498.2,8757.8,45752.6,8868.7,0.4730
97047.6,13273.3,97600.0,13436.2,0.4730
35201.9,52949.9,35385.7,53112.2,0.4729
87040.0,12800.0,87365.5,12972.9,0.4729
92800.0,11129.4,93429.0,11454.0,0.4729
67158.3,16551.8,67311.7,16640.0,0.4728
28227.8,59950.8,28306.7,60078.4,0.4728
23509.2,38884.5,24000.0,39062.6,0.4728
99446.2,9923.5,99840.0,9993.7,0.4728
51840.0,4959.2,51918.9,5108.2,0.4728
46892.3,22846.4,47072.0,22885.3,0.4727
87033.5,14104.7,87354.9,14276.1,0.4726
103052.4,10168.2,103360.0,10229.4,0.4726
122138.6,37440.0,122501.4,37664.5,0.4725
27351.5,61429.1,27435.9,61535.1,0.4725
22485.1,59036.9,23040.0,59353.0,0.4725
15680.0,41339.8,16007.2,41920.0,0.4725
50489.4,8431.1,50880.0,8634.2,0.4725
26463.1,39489.3,26560.0,39680.0,0.4725
31379.1,33421.4,31557.3,33568.2,0.4724
53581.8,2851.2,53760.0,2990.3,0.4724
50408.6,12161.9,50560.0,12337.7,0.4724
34888.7,54318.2,35132.0,54454.6,0.4724
48673.1,18901.0,48956.7,19171.4,0.4724
31464.2,44160.0,31535.3,44278.9,0.4723
73600.0,15367.7,74002.2,15533.0,0.4721
125457.2,39694.5,126080.0,40000.0,0.4721
36628.9,43878.3,36708.0,44160.0,0.4721
83229.3,7040.0,83840.0,7456.4,0.4721
37120.4,20761.1,37760.0,21079.5,0.4721
13451.3,68105.4,14080.0,68471.6,0.4719
106569.4,13987.2,106744.9,14066.9,0.4718
87238.5,10193.1,87358.0,10349.0,0.4718
53376.8,3446.9,53760.0,3570.8,0.4717
58881.3,7126.8,58984.1,7352.6,0.4717
29497.3,46099.2,29593.9,46376.0,0.4716
59905.1,17985.0,60074.0,18030.6,0.4715
25382.6,45514.2,25591.5,46080.0,0.4715
17118.1,36800.0,17235.5,37117.8,0.4714
29120.0,45780.4,29354.1,46047.8,0.4711
46120.5,22090.8,46720.0,22283.8,0.4711
32963.4,46080.1,33062.1,46185.4,0.4711
19342.8,60162.9,19491.0,60202.5,0.4710
43313.2,10174.1,43486.9,10289.3,0.4710
18647.7,41360.5,19200.0,41590.8,0.4710
59167.3,16793.9,59456.5,16855.1,0.4710
20026.3,40320.0,20160.0,40534.0,0.4710
34881.2,45774.9,35092.3,46080.0,0.4709
75772.0,16084.3,75973.5,16216.7,0.4709
35324.9,43215.3,35492.4,43459.8,0.4709
43400.9,21134.7,43839.0,21317.9,0.4709
24640.0,51718.6,25111.3,51902.6,0.4709
31363.8,38362.5,32000.0,38687.4,0.4708
75032.9,14154.5,75199.5,14355.0,0.4708
31127.9,43555.5,31657.8,44151.6,0.4708
28308.4,46543.6,28594.9,46716.6,0.4708
39806.5,46400.0,39998.8,46702.7,0.4707
20058.7,33603.3,20286.2,33640.5,0.4707
33791.3,39330.4,33920.0,39360.0,0.4707
3949.0,66463.8,4160.0,66548.6,0.4707
121283.5,27875.3,121418.7,28112.0,0.4706
58275.1,2614.0,58880.0,3174.1,0.4705
53447.4,21871.7,54080.0,22080.0,0.4705
98722.6,16656.7,99182.9,17273.2,0.4705
88971.7,13665.2,89198.0,13848.7,0.4705
128986.4,29760.0,129600.0,30201.6,0.4704
85120.0,12014.9,85336.4,12480.0,0.4704
84546.7,19840.0,84800.0,19960.5,0.4704
54877.3,21456.0,54987.8,21500.9,0.4704
77779.5,16390.1,77973.1,16640.0,0.4704
58240.4,9965.3,58831.2,10155.6,0.4704
1600.8,66882.9,1804.5,67018.3,0.4703
79735.2,19204.2,79879.6,19518.1,0.4703
34657.7,57704.8,34879.2,57858.5,0.4703
65282.5,18690.0,65718.1,18879.6,0.4702
19580.8,52292.1,19827.0,52790.9,0.4702
24539.6,44480.0,24640.0,44671.7,0.4702
54917.6,12009.9,55040.0,12046.8,0.4702
96130.4,9766.6,96294.6,9881.7,0.4701
96977.5,18282.0,97596.0,18560.0,0.4701
36179.3,59355.4,36800.0,59519.4,0.4701
31740.5,56249.5,31905.0,56441.6,0.4700
128946.4,35369.0,129238.0,35520.0,0.4700
29443.4,47851.9,29528.6,48069.3,0.4699
16644.8,35652.0,17061.2,35827.7,0.4699
76480.3,16352.3,76792.3,16640.0,0.4699
37441.9,21994.8,37721.2,22182.3,0.4699
30812.3,47996.0,31029.2,48107.2,0.4698
43844.3,19914.1,44364.5,20461.4,0.4698
33924.3,25178.5,34078.4,25396.1,0.4697
56307.2,12432.9,56469.1,12479.6,0.4697
5743.9,60866.7,5866.4,61002.0,0.4697
28893.4,38632.9,29120.0,38720.0,0.4696
68480.0,19081.2,68619.8,19195.7,0.4696
18123.6,39310.5,18240.0,39354.8,0.4696
70606.4,12935.9,70679.9,13080.4,0.4696
88237.3,13638.6,88456.2,13805.4,0.4696
12480.0,62080.7,12888.3,62283.6,0.4695
40966.4,27490.5,41048.4,27581.2,0.4695
30494.5,48320.0,30705.6,48940.4,0.4695
33324.4,22187.4,33514.6,22226.8,0.4694
32592.2,13160.7,32684.2,13440.0,0.4694
113453.4,21039.6,113600.0,21194.3,0.4694
28645.5,38232.3,28800.0,38277.9,0.4694
24623.3,44444.5,24956.9,44720.9,0.4693
18243.8,27673.4,18453.6,27839.8,0.4693
81284.8,14815.2,81418.7,15091.3,0.4693
44851.4,11625.6,45117.3,11783.5,0.4692
50347.1,4630.6,50876.6,4800.0,0.4692
127682.5,36165.6,127862.8,36371.2,0.4692
29826.5,42091.0,30080.0,42221.5,0.4692
39217.0,42560.0,39360.0,42865.0,0.4692
79301.5,15204.4,79650.6,15269.4,0.4691
107552.7,15252.3,107664.4,15549.8,0.4691
86506.2,11308.1,86720.0,11447.6,0.4690
67880.3,17455.4,68156.2,17602.0,0.4690
33860.9,8415.7,34138.5,8489.8,0.4690
38949.3,40960.7,39040.0,41213.3,0.4690
54609.7,12535.9,54720.0,12572.6,0.4690
23061.7,38895.7,23360.0,38993.9,0.4689
5283.0,60597.0,5435.5,60775.5,0.4689
21121.0,28609.2,21314.2,28800.0,0.4689
121297.0,26880.0,121479.0,26982.7,0.4689
19520.2,55190.7,19864.4,55355.0,0.4689
69935.6,21839.2,70400.0,21980.4,0.4688
86694.6,16587.4,86781.7,16675.9,0.4688
42590.2,8035.6,43200.0,8539.5,0.4688
33526.5,12264.7,33600.0,12550.8,0.4688
94996.4,13126.6,95040.0,13235.7,0.4688
77442.0,20773.7,77752.9,20852.1,0.4686
59200.0,16589.3,59348.4,16684.4,0.4686
57921.3,21912.1,58097.8,22075.9,0.4685
38410.5,29773.6,38721.8,30400.0,0.4685
85801.5,12872.3,85964.4,12917.1,0.4685
97517.4,12074.5,97731.9,12111.7,0.4685
25600.0,52184.4,25784.5,52480.0,0.4685
38721.3,29120.0,38863.8,29476.0,0.4684
31561.7,29741.4,31814.7,29862.6,0.4683
60277.7,10887.0,60479.9,11134.1,0.4683
25286.0,64436.8,25607.7,64634.4,0.4683
33988.5,54105.6,34560.0,54400.0,0.4682
114562.1,26928.9,114921.4,27199.8,0.4682
8968.6,61904.1,9584.0,62400.0,0.4682
88218.3,15263.0,88436.4,15360.0,0.4682
29717.1,43618.0,30004.3,43725.0,0.4682
59225.1,9072.8,59519.1,9278.8,0.4682
60852.3,23329.1,61046.6,23360.0,0.4681
22600.9,50062.4,22781.9,50239.0,0.4681
24404.3,44265.9,24960.0,44431.4,0.4681
76174.3,13710.6,76476.3,13874.3,0.4681
86729.6,11052.5,86810.3,11222.3,0.4681
88510.9,10252.7,88640.0,10303.2,0.4680
46245.5,20673.4,46720.0,21120.0,0.4679
52004.1,17280.0,52160.0,17355.4,0.4679
58401.2,21957.8,58879.7,22146.3,0.4679
96640.0,14186.9,97280.0,14534.3,0.4679
37244.1,29164.8,37303.5,29278.0,0.4678
63973.8,18661.4,64127.3,18719.2,0.4677
50956.0,15680.0,51502.9,16270.9,0.4677
16745.4,34560.0,16940.0,34828.4,0.4676
51654.0,19336.9,51838.7,19500.5,0.4676
38763.8,37645.5,38964.6,37754.7,0.4676
54734.6,2347.4,54934.1,2385.7,0.4675
15623.9,63032.3,15703.4,63298.9,0.4675
36223.8,24640.0,36468.0,25037.9,0.4675
85680.3,22159.7,86080.0,22228.2,0.4675
73384.7,8966.6,73600.0,9217.2,0.4674
3547.3,61120.0,4160.0,61462.4,0.4674
18880.0,40034.0,19058.9,40153.8,0.4674
32810.1,59535.9,32936.3,59666.6,0.4673
62975.2,21860.4,63357.2,22119.3,0.4673
31360.0,36170.1,31958.9,36391.1,0.4673
62400.0,13834.9,62939.4,14069.9,0.4673
32000.0,42560.0,32141.4,42764.5,0.4672
40573.0,30802.8,40933.9,31360.0,0.4672
33920.0,18304.0,34157.5,18496.2,0.4671
24186.7,48022.8,24320.0,48228.1,0.4670
332.7,67344.5,960.0,67755.7,0.4670
52278.2,1695.1,52479.1,1893.4,0.4669
85690.4,10024.7,86066.5,10335.5,0.4668
32323.7,30080.0,32473.0,30314.2,0.4668
84800.0,7773.1,84871.6,8085.1,0.4668
38720.0,9368.1,38920.3,9438.5,0.4668
64152.7,6454.7,64319.7,6607.7,0.4668
37602.5,9985.5,37699.6,10236.8,0.4667
36357.1,59202.6,36518.7,59394.1,0.4667
92757.8,9920.0,93003.1,9986.7,0.4666
73281.4,13246.1,73608.6,13436.1,0.4666
23360.0,34835.7,23890.6,35200.0,0.4666
65930.9,16151.7,66369.6,16490.7,0.4666
20160.8,58898.0,20388.3,59284.2,0.4665
33647.7,57920.0,34240.0,58193.8,0.4665
107879.1,20834.5,108341.7,21440.0,0.4664
57906.8,10010.0,58133.8,10048.2,0.4664
116805.3,23174.1,117093.1,23352.9,0.4663
20480.0,39407.4,21097.0,39697.5,0.4663
52268.4,17235.0,52550.6,17402.1,0.4662
93441.8,6584.5,93622.2,6767.8,0.4662
63108.7,12506.4,63356.1,12712.7,0.4662
63832.0,13312.4,63998.1,13510.7,0.4662
30904.7,37890.0,31018.3,38108.0,0.4662
57282.4,17234.1,57615.5,17596.6,0.4661
57294.6,24069.0,57908.9,24315.2,0.4661
31686.4,15346.5,32011.6,15680.0,0.4661
76220.0,10240.0,76765.6,10801.2,0.4661
34127.4,57580.4,34313.9,57627.3,0.4661
17604.4,27736.6,17820.5,28045.2,0.4660
107004.2,7193.5,107200.0,7357.5,0.4659
104001.5,9088.3,104141.4,9268.6,0.4659
16000.0,42231.8,16633.0,42537.2,0.4659
63987.9,17651.7,64320.0,17791.1,0.4659
5130.6,60160.0,5760.0,60455.2,0.4659
70080.0,16610.8,70672.3,16951.2,0.4659
3664.5,64711.7,3771.8,64884.3,0.4658
20330.1,40567.0,20789.6,40960.0,0.4658
42560.0,21598.8,43175.4,21757.4,0.4658
33608.1,47683.0,33749.7,47817.3,0.4658
35200.0,51184.7,35826.0,51487.5,0.4658
104724.9,9602.1,104834.3,9643.5,0.4658
20480.3,56644.5,20778.1,56938.9,0.4658
37593.9,54813.0,37754.7,55040.0,0.4658
32774.5,15464.5,32844.0,15567.8,0.4657
71360.7,10510.9,71488.9,10721.4,0.4657
36513.4,53648.0,36622.7,53977.2,0.4655
14112.0,63788.6,14706.7,64320.0,0.4654
28803.1,50447.6,28887.8,50769.2,0.4654
33921.9,20804.2,34362.6,20963.9,0.4654
64186.5,21247.8,64315.1,21499.5,0.4654
34568.5,38732.9,35042.6,38989.0,0.4654
3790.8,66562.4,3981.9,66704.7,0.4654
25280.0,58345.3,25757.5,58559.5,0.4653
98829.3,10505.6,99149.8,10597.9,0.4653
88520.2,10802.2,88713.2,10880.0,0.4652
39360.0,14544.4,39953.3,15018.9,0.4652
69995.4,13615.3,70216.1,13756.7,0.4651
40734.2,30402.9,40958.5,30733.8,0.4651
121034.3,26560.0,121600.0,26996.7,0.4651
86400.0,8969.8,86960.9,9110.6,0.4651
36800.0,11520.0,37431.8,11682.1,0.4651
74897.6,12858.4,75429.3,13431.6,0.4650
57920.0,18727.3,58517.5,18877.9,0.4650
100832.5,17115.7,101021.0,17281.3,0.4650
119735.8,30972.2,119982.9,31266.2,0.4650
30400.0,39360.0,31015.0,39523.0,0.4650
24642.5,46717.3,24956.2,47035.6,0.4649
37762.2,23165.6,37969.5,23360.0,0.4648
20461.3,37027.6,20800.0,37214.5,0.4648
65876.2,22093.6,66240.0,22255.1,0.4647
46347.0,15009.5,46411.0,15108.9,0.4647
55688.5,5306.7,56040.1,5760.0,0.4647
81601.2,9250.9,81774.2,9412.0,0.4646
25851.9,34880.0,26101.1,35319.1,0.4646
123693.5,27902.8,124158.0,28477.7,0.4646
103712.8,21344.9,104320.0,21757.9,0.4646
45441.9,19885.4,45641.9,20043.8,0.4646
130002.6,32323.0,130188.8,32391.3,0.4646
31680.0,16586.1,32065.7,16956.4,0.4645
75225.5,22862.4,75833.6,23036.9,0.4645
63360.8,18664.1,63811.5,18823.5,0.4645
28480.0,34947.1,28612.7,34986.5,0.4645
65601.2,16664.8,65735.9,16947.3,0.4644
75206.0,9567.3,75680.0,9920.0,0.4644
16001.7,33277.0,16357.2,33526.6,0.4644
70400.0,8960.0,70520.9,9118.0,0.4643
40677.6,23040.0,41280.0,23470.7,0.4643
43207.3,9383.9,43554.2,9746.1,0.4643
86720.0,8698.7,87081.2,8863.6,0.4643
16640.0,42118.3,16761.5,42254.5,0.4642
22970.9,42113.7,23045.4,42420.0,0.4641
17718.0,39272.0,17884.0,39311.3,0.4641
66794.6,11360.7,67018.4,11508.3,0.4641
56516.7,17708.1,56627.8,17920.0,0.4641
78084.6,21170.3,78720.0,21366.6,0.4639
108160.3,21287.5,108387.8,21744.6,0.4638
102107.2,3924.2,102720.0,4467.3,0.4638
31921.7,37451.4,32096.9,37489.9,0.4637
53688.7,21952.2,54074.0,22074.1,0.4637
19002.0,50946.1,19390.2,51520.0,0.4637
58243.7,22339.9,58316.4,22462.3,0.4637
28027.8,58560.0,28479.9,58805.7,0.4637
25686.7,61780.8,25946.3,61984.7,0.4637
53684.6,16354.5,53854.5,16394.4,0.4636
30720.2,29935.0,30888.4,30069.4,0.4636
97609.0,14549.6,98235.3,14861.4,0.4636
102400.0,16243.7,102648.0,16320.0,0.4636
41776.7,17599.9,41918.8,17885.7,0.4636
115222.8,27390.0,115835.5,27840.0,0.4636
81920.0,13738.9,82507.1,13886.6,0.4635
59212.5,16233.4,59520.0,16315.2,0.4635
26563.7,30648.9,26646.8,30748.4,0.4635
29123.7,49930.9,29433.3,50374.8,0.4634
23428.1,56320.0,23579.8,56527.6,0.4634
32637.9,14108.6,32810.9,14147.4,0.4634
37935.8,54398.1,38079.3,54557.0,0.4634
32002.0,51927.9,32105.5,52150.5,0.4633
30744.4,15706.2,31164.4,16320.0,0.4633
104387.5,17669.1,104636.6,17839.9,0.4633
91845.3,11162.5,92480.0,11497.8,0.4633
28276.3,42774.4,28784.8,43148.3,0.4633
34109.1,26007.6,34240.0,26060.5,0.4632
97149.6,5441.9,97355.2,5489.1,0.4632
18241.0,40173.1,18560.0,40316.2,0.4632
54400.0,1029.5,55009.0,1600.0,0.4631
32113.2,59204.6,32310.1,59407.2,0.4631
58891.0,17529.7,59076.2,17600.0,0.4630
91900.8,12616.6,92459.0,13120.0,0.4630
109139.9,18314.9,109197.7,18480.0,0.4630
25224.4,51963.6,25600.0,52160.0,0.4629
61951.7,19212.5,62031.4,19331.5,0.4629
103680.0,19571.9,104278.2,20133.9,0.4629
45440.0,19917.3,46038.8,20424.3,0.4628
61394.7,18586.5,61754.3,18678.5,0.4628
101997.7,5257.6,102371.1,5350.6,0.4628
70080.9,11200.0,70250.2,11484.6,0.4628
28800.0,50240.0,28891.5,50362.3,0.4627
42244.0,9532.8,42534.0,9719.2,0.4627
64404.6,16566.4,64750.9,16637.4,0.4627
103403.3,19840.0,103680.0,19958.2,0.4627
7711.1,65960.2,8320.0,66527.8,0.4626
27710.6,63042.7,27840.0,63187.0,0.4625
52249.1,3522.2,52448.6,3562.1,0.4624
24335.5,29878.7,24949.7,30078.1,0.4623
124800.0,32675.6,125428.2,32960.0,0.4622
101875.2,13443.1,102078.2,13479.7,0.4622
36160.0,23358.9,36690.3,23511.7,0.4622
22465.1,54269.2,23040.0,54672.0,0.4622
3843.0,61440.0,4001.6,61778.8,0.4620
36574.5,22345.4,36765.8,22390.3,0.4620
35650.5,58567.4,36143.8,59009.2,0.4620
55040.0,14954.6,55341.1,15359.8,0.4620
57267.2,10090.8,57597.2,10160.5,0.4619
23878.6,36595.2,24293.5,37116.9,0.4619
52160.6,10580.8,52482.0,11012.8,0.4619
95685.0,11303.2,95841.1,11520.0,0.4619
54400.0,11578.6,54559.5,11827.5,0.4619
28998.3,42635.1,29390.7,43200.0,0.4619
60824.1,17600.0,60892.8,17719.9,0.4619
26690.6,62846.7,27169.5,63353.9,0.4619
24330.8,29519.7,24864.1,30080.0,0.4617
34881.4,48310.6,35033.2,48453.3,0.4617
33604.8,47049.3,34038.6,47515.1,0.4617
38675.9,19553.3,38733.0,19691.2,0.4617
104320.0,17258.8,104942.4,17600.0,0.4616
32000.0,19685.8,32157.4,19977.2,0.4616
57484.1,9930.3,57600.0,9969.5,0.4615
35522.0,49231.3,36015.3,49599.9,0.4615
2174.0,67077.8,2560.0,67230.8,0.4615
58380.6,4088.6,58540.8,4154.0,0.4614
62731.5,23320.1,63360.0,23666.0,0.4613
36346.1,39680.0,36502.8,39990.6,0.4612
38087.1,32640.0,38212.9,32969.9,0.4612
17150.9,44423.8,17276.3,44763.2,0.4611
20539.1,50560.0,20756.3,50782.8,0.4611
24962.8,51754.6,25158.8,51862.5,0.4610
20559.6,60697.4,20800.0,61083.7,0.4610
51703.7,10880.0,51900.2,10951.1,0.4609
39043.0,34452.0,39115.7,34552.9,0.4609
38400.0,42976.7,38550.2,43200.0,0.4609
31674.4,27520.0,31999.5,27667.6,0.4608
27808.3,57987.7,28160.0,58556.9,0.4608
47488.3,18318.0,47680.0,18469.9,0.4607
42880.0,21659.9,43475.9,21943.5,0.4607
48640.9,17308.7,48735.7,17501.0,0.4607
54720.0,4684.5,54918.9,4904.8,0.4607
81934.0,18370.6,82333.3,18559.9,0.4607
72154.1,16766.8,72318.3,16949.4,0.4607
101760.0,14778.5,102271.2,15011.9,0.4607
21563.4,62874.2,22072.9,63036.7,0.4606
109602.0,18882.4,109760.0,19071.8,0.4606
16324.7,60810.2,16644.3,61199.2,0.4606
32544.2,50123.2,32717.3,50240.0,0.4605
45287.4,11158.2,45440.0,11291.1,0.4605
94742.3,6080.0,95360.0,6424.6,0.4605
96009.9,5120.0,96640.0,5460.6,0.4604
31206.9,40779.8,31360.0,41127.4,0.4604
81787.9,16785.7,81982.3,16823.7,0.4604
32806.7,45440.0,32957.1,45667.0,0.4603
44652.3,8547.3,44882.3,8640.0,0.4603
90047.6,17334.1,90502.0,17920.0,0.4603
16960.0,42103.6,17300.7,42340.9,0.4603
28161.6,35649.3,28406.4,36007.4,0.4603
104320.0,14094.4,104928.2,14482.5,0.4601
31981.0,12453.8,32057.8,12675.5,0.4599
110423.0,19863.7,111037.8,20160.0,0.4599
112135.6,21276.9,112619.0,21760.0,0.4599
65947.8,22064.3,66560.0,22395.8,0.4599
86406.3,7815.0,86613.1,7985.1,0.4597
37438.2,20772.4,37759.4,20922.5,0.4596
122900.6,27611.4,123502.7,28159.0,0.4596
29120.0,46408.8,29353.5,47040.0,0.4596
81613.3,18754.6,82189.6,18924.1,0.4595
4800.7,64742.3,4932.9,64957.7,0.4594
63360.0,22666.7,63689.4,22839.1,0.4594
50884.1,14789.3,51346.5,15343.2,0.4594
21443.6,46694.5,21754.0,47040.0,0.4593
22400.0,37120.0,22626.3,37246.8,0.4593
62148.9,17737.2,62371.5,17782.6,0.4593
30736.4,45760.0,31360.0,46093.9,0.4592
41384.0,21243.6,41588.5,21393.0,0.4592
37441.8,30080.0,37520.5,30227.7,0.4591
34584.1,49007.9,35200.0,49280.0,0.4591
94720.2,11234.5,95357.0,11619.0,0.4590
33915.7,54357.3,34240.0,54456.4,0.4590
106621.0,20571.0,107194.2,21118.0,0.4589
58278.9,7846.5,58554.3,7982.3,0.4589
126904.0,30720.0,127040.0,30767.1,0.4589
95050.6,17318.5,95680.0,17687.9,0.4589
76162.1,8000.1,76329.6,8137.3,0.4589
13199.7,62407.5,13760.0,62564.4,0.4589
47792.9,9920.0,48299.5,10208.4,0.4588
6080.1,62086.9,6446.9,62406.6,0.4588
32981.3,54720.8,33275.9,55013.4,0.4588
59215.3,14408.2,59639.4,14781.2,0.4587
34881.9,36641.9,35100.1,36798.6,0.4587
39701.7,7756.4,40320.0,8320.0,0.4587
27470.3,48491.2,27520.0,48640.0,0.4586
57727.0,18322.4,57895.0,18426.5,0.4586
58608.1,9605.9,58799.1,9942.3,0.4586
35728.6,46080.0,35839.0,46374.7,0.4586
84956.5,11324.9,85197.9,11838.5,0.4585
40680.5,22739.3,41280.0,23200.4,0.4585
89385.0,17096.5,89591.5,17600.0,0.4584
53265.5,20492.3,53599.3,20985.0,0.4584
36160.0,17060.2,36664.7,17214.3,0.4584
51533.6,21123.4,51999.6,21565.0,0.4584
7694.6,61523.5,7882.2,61566.3,0.4584
97366.0,13800.4,97547.4,13917.7,0.4584
31046.3,17984.7,31514.0,18560.0,0.4584
45284.8,21691.6,45589.4,21760.0,0.4583
35200.0,11326.4,35681.1,11510.7,0.4583
29763.7,38588.5,29964.8,38742.1,0.4582
13128.7,63420.0,13760.0,63680.0,0.4582
75390.1,13535.0,75652.8,13686.3,0.4581
93152.9,10566.4,93595.7,10721.8,0.4581
34543.7,57075.9,34880.0,57157.9,0.4581
104864.4,8031.0,105265.9,8634.3,0.4581
121776.6,35995.5,121910.6,36144.8,0.4580
57946.3,5760.0,58229.2,5987.6,0.4579
40200.7,38083.3,40262.6,38183.8,0.4579
31043.5,33284.6,31191.4,33363.9,0.4579
34557.0,27745.4,34876.7,27867.4,0.4579
85770.8,17964.2,86170.5,18560.0,0.4579
98560.0,13762.0,98749.2,13904.9,0.4579
75838.7,13812.0,76066.5,13936.2,0.4579
96963.2,16836.0,97140.2,17072.8,0.4577
26387.0,43653.5,26444.4,43769.5,0.4576
53024.7,14449.5,53380.6,15040.0,0.4576
28733.4,46400.8,28848.4,46504.4,0.4576
45697.5,10821.2,46057.8,10878.3,0.4575
34617.6,24874.9,34870.8,24960.0,0.4575
76170.8,23060.5,76800.0,23360.0,0.4575
28480.0,34547.6,28634.3,34589.2,0.4574
36572.4,22665.5,36691.2,22707.0,0.4573
19037.9,56320.3,19199.4,56431.4,0.4572
87861.1,10857.8,88143.8,10986.0,0.4572
32477.2,27074.9,32858.1,27513.5,0.4571
21269.6,66082.4,21440.0,66240.0,0.4571
42517.5,9606.4,42844.1,9681.7,0.4570
63042.6,6586.8,63198.6,6931.0,0.4570
127438.7,34696.2,128000.0,35200.0,0.4570
16000.0,67954.2,16105.7,68105.0,0.4570
20480.0,59587.6,21063.1,59758.6,0.4569
41643.3,25994.9,42233.5,26560.0,0.4568
27203.7,48965.2,27533.6,49266.3,0.4567
28800.9,58630.5,28950.7,58828.7,0.4567
33600.0,8305.0,33715.3,8418.0,0.4567
15730.8,62757.4,16311.6,63040.0,0.4567
85675.1,17395.7,85798.6,17597.2,0.4566
93830.4,7360.0,94035.6,7411.8,0.4566
30803.6,24322.1,31342.8,24823.1,0.4565
52322.1,12803.7,52783.6,13170.1,0.4565
58481.0,21921.4,58870.9,22066.3,0.4564
46831.9,9721.5,46973.2,9765.4,0.4564
35236.2,37189.2,35837.8,37754.8,0.4564
49980.8,22464.2,50258.1,22528.3,0.4563
36249.2,43841.3,36772.4,44307.4,0.4563
17292.5,58901.6,17903.0,59470.3,0.4562
62400.0,9354.7,62923.8,9584.6,0.4562
86734.5,16648.4,87173.8,16969.0,0.4562
105457.9,7537.6,105600.0,7735.4,0.4562
28940.2,47680.0,29047.2,47953.2,0.4561
35061.4,54430.0,35199.4,54560.2,0.4561
76221.3,20820.9,76796.7,21120.0,0.4561
54099.3,13120.9,54720.0,13460.2,0.4560
32199.9,17274.5,32408.9,17593.5,0.4560
25280.0,33245.3,25625.8,33337.8,0.4560
78731.9,13844.5,79355.9,14037.4,0.4559
32531.7,56130.1,32622.7,56187.4,0.4559
62400.0,7540.5,62582.6,7679.0,0.4559
76084.8,21305.7,76480.0,21403.6,0.4559
78763.6,21769.6,79034.9,22277.5,0.4559
48324.3,19937.9,48485.2,20157.2,0.4558
54379.7,20160.2,54720.0,20279.4,0.4558
23838.9,30770.8,23995.3,31040.0,0.4558
30720.0,25358.0,31031.8,25920.0,0.4557
46403.2,9286.2,46655.1,9442.0,0.4557
101124.0,18384.0,101265.1,18560.0,0.4557
105550.0,16399.7,105847.6,16960.0,0.4556
53931.9,12612.5,54080.0,12798.6,0.4555
54904.3,14053.5,55040.0,14104.5,0.4554
111429.3,22622.9,111679.3,22720.0,0.4554
34888.7,16651.3,35205.2,17052.3,0.4553
57455.8,6723.2,57567.0,6831.0,0.4553
76828.4,22247.2,77109.3,22720.0,0.4553
38808.6,16640.0,39040.0,16783.3,0.4553
43520.0,9409.1,43754.3,9538.7,0.4553
79000.3,9344.7,79040.0,9481.2,0.4553
57603.3,4196.9,57694.4,4316.8,0.4553
125168.2,35524.0,125754.4,35989.3,0.4551
74615.4,14292.4,74875.6,14416.2,0.4551
83556.5,13423.9,84160.0,13760.0,0.4551
40004.3,38219.2,40320.0,38720.0,0.4551
72960.0,14459.5,73376.5,15021.7,0.4550
31216.4,20800.0,31288.3,20953.7,0.4550
22977.9,43251.3,23067.7,43520.0,0.4550
30320.8,34880.0,30459.1,35086.4,0.4549
32960.0,47723.4,33258.4,48320.0,0.4549
60244.2,5919.5,60477.6,6400.0,0.4549
31829.9,12770.6,31977.5,12800.0,0.4548
121648.5,26940.0,122228.6,27505.8,0.4548
34972.8,49290.0,35197.6,49411.8,0.4548
69440.0,9669.8,69918.9,10240.0,0.4548
33698.7,13162.1,33803.1,13432.6,0.4547
84803.8,12160.0,85003.2,12385.8,0.4547
35325.0,27926.5,35446.0,27987.0,0.4547
23388.2,45440.0,24000.0,45655.6,0.4547
24962.9,34362.6,25391.8,34523.5,0.4547
100007.8,14542.7,100159.3,14646.4,0.4546
119548.4,30409.4,119760.2,30534.6,0.4546
101305.3,14347.9,101440.0,14393.4,0.4546
100599.0,11202.8,100800.0,11241.0,0.4546
35564.3,29123.9,35744.2,29424.6,0.4545
35052.1,12684.4,35200.0,12832.7,0.4545
33601.7,35846.2,33934.1,36144.6,0.4545
45760.0,18560.0,45936.4,18635.6,0.4544
18922.9,61458.0,19195.3,61934.7,0.4544
118584.0,28375.7,118713.5,28480.0,0.4544
25034.2,53130.0,25489.2,53741.1,0.4544
16887.0,60483.9,17235.1,60784.5,0.4544
110720.4,22118.1,110832.4,22252.8,0.4544
123536.0,39470.9,124160.0,39836.2,0.4543
80320.0,12167.3,80597.9,12493.7,0.4543
97280.9,15680.0,97360.9,15769.8,0.4543
25920.0,38909.5,26186.0,39036.7,0.4542
71077.7,23442.0,71680.0,23961.1,0.4541
34882.6,15174.6,35388.6,15680.0,0.4540
111360.5,22581.9,111559.5,22718.0,0.4540
96963.6,7360.9,97169.5,7401.4,0.4539
120471.7,24963.8,120955.6,25137.7,0.4539
18321.2,47404.1,18748.1,48000.0,0.4539
34387.9,43586.2,34538.9,43628.3,0.4539
38014.8,33922.4,38398.6,34202.1,0.4539
37124.2,28906.4,37440.0,28977.8,0.4538
39248.9,21810.4,39634.4,22400.0,0.4538
24648.3,48381.2,24956.2,48648.7,0.4537
103682.7,7912.0,104084.1,8059.0,0.4537
86117.8,21168.3,86400.0,21414.6,0.4537
32048.3,9601.3,32320.0,9830.2,0.4537
11954.7,67018.7,12310.2,67195.4,0.4537
25456.9,44800.0,25596.2,45146.7,0.4536
41280.0,21118.6,41829.9,21436.5,0.4536
41005.2,25280.0,41600.0,25838.3,0.4536
77850.3,23190.9,78070.0,23268.6,0.4535
74245.4,15434.1,74726.4,15624.2,0.4535
104417.4,19526.0,104632.2,19651.8,0.4535
73305.0,19113.1,73920.0,19432.6,0.4534
98935.7,16960.0,99520.0,17509.3,0.4534
49604.5,15520.3,49926.7,16000.0,0.4534
69190.1,11896.2,69311.2,12006.0,0.4534
69268.9,22197.5,69440.0,22547.4,0.4534
92634.4,9921.1,92734.1,10104.8,0.4533
22726.8,33129.2,23122.1,33353.8,0.4533
14865.5,66251.2,15345.3,66406.7,0.4533
89925.0,8059.7,90101.2,8141.8,0.4532
73625.5,7360.0,74240.0,7704.0,0.4530
36012.8,47040.0,36159.1,47316.5,0.4530
75216.0,17633.4,75840.0,17920.0,0.4530
17280.9,65280.0,17354.3,65389.7,0.4530
107003.4,13760.0,107195.6,14068.8,0.4530
100491.1,14526.9,101075.6,14720.0,0.4529
32323.3,39712.8,32398.8,39835.4,0.4529
105416.5,18885.3,105597.0,19064.5,0.4529
58241.8,18746.6,58880.0,19125.2,0.4529
17920.9,65176.2,18106.1,65276.1,0.4529
105327.3,17649.0,105598.0,17790.7,0.4529
69442.8,8525.6,69614.5,8639.1,0.4529
25858.2,32004.4,26112.8,32074.4,0.4528
20121.0,50086.8,20454.1,50560.0,0.4528
38124.8,34247.0,38400.0,34352.5,0.4527
75774.3,13837.4,75975.4,13952.9,0.4527
78954.3,17578.4,79171.6,17616.6,0.4526
25833.3,42241.9,25955.1,42497.3,0.4526
41676.1,22768.9,41744.9,22907.7,0.4526
31741.8,39280.3,31860.0,39375.3,0.4525
57859.2,24000.8,58041.4,24086.5,0.4525
73711.9,9282.3,73918.3,9323.2,0.4525
27840.0,39369.1,28445.6,39688.3,0.4525
105867.5,20682.8,105919.4,20797.7,0.4523
129274.6,34623.8,129456.7,34667.3,0.4523
20817.7,33094.3,21436.8,33561.3,0.4523
111060.3,21167.2,111678.8,21440.0,0.4523
32122.2,16505.5,32629.1,16952.9,0.4523
32152.6,55482.4,32320.0,55655.9,0.4523
33786.3,35689.6,34027.3,35834.3,0.4522
46365.6,22361.1,46720.0,22425.6,0.4522
125163.2,35200.2,125268.2,35400.4,0.4522
59706.3,10486.2,59826.6,10662.6,0.4520
123064.2,28320.0,123518.3,28478.1,0.4520
39587.0,8219.9,39826.2,8301.0,0.4519
40326.9,10560.0,40463.5,10849.7,0.4519
42919.6,23146.8,43520.0,23673.3,0.4518
38400.0,40532.9,38523.2,40640.0,0.4517
15680.0,30783.6,16037.8,31360.0,0.4517
88681.4,18337.2,88948.5,18726.1,0.4516
78323.0,17603.3,78399.2,17677.9,0.4516
102823.8,6547.7,103038.9,6717.4,0.4516
38622.2,27840.0,38719.6,28150.7,0.4515
124928.9,31681.1,125120.0,31956.3,0.4515
35536.8,26566.5,36150.1,26715.7,0.4514
35526.0,56438.8,35955.0,56917.8,0.4514
105928.3,9993.5,106323.9,10552.5,0.4513
28167.1,35918.3,28366.4,36354.0,0.4513
74563.9,15730.4,74893.1,15991.8,0.4512
20006.1,29609.2,20160.0,29760.0,0.4512
64264.9,20530.0,64357.3,20662.8,0.4512
36651.7,31880.7,36883.2,32077.9,0.4510
30753.7,24646.1,31351.3,25202.7,0.4510
111374.2,18970.3,111991.8,19520.0,0.4510
51331.8,9832.4,51819.9,10026.9,0.4509
125191.4,39649.9,125378.3,39680.0,0.4509
78644.9,20796.1,79039.1,21069.5,0.4509
84379.3,20160.0,84492.3,20239.7,0.4508
56678.5,8971.4,56929.5,9389.3,0.4508
36182.3,55422.3,36526.5,56000.0,0.4507
64328.0,19364.6,64516.6,19658.7,0.4507
28250.0,46991.6,28408.3,47038.6,0.4507
35395.6,40038.8,35638.7,40230.7,0.4506
31204.0,14286.6,31359.1,14398.0,0.4506
35901.1,21653.6,36008.0,21964.2,0.4506
19812.1,54400.0,20135.7,55008.2,0.4506
33280.0,57705.7,33847.8,57902.0,0.4505
72946.3,13257.9,73217.5,13437.6,0.4505
34418.0,47270.9,34557.5,47501.4,0.4505
23680.0,60810.9,24018.8,61273.5,0.4504
59592.7,14720.0,59665.5,14840.9,0.4504
99000.4,11834.3,99161.3,11910.7,0.4504
104105.5,17284.3,104629.6,17799.0,0.4503
88324.4,15687.0,88936.5,16148.0,0.4503
20484.5,38687.0,21120.0,39029.0,0.4502
119683.3,24951.6,119848.5,25278.5,0.4501
32641.2,45762.2,32806.1,46037.0,0.4501
128048.0,29440.0,128640.0,29648.3,0.4501
76495.6,21376.2,77120.0,21688.1,0.4501
89603.4,11940.7,89777.2,12018.3,0.4501
33646.8,53761.5,33796.5,53870.1,0.4500
19840.0,69175.4,20448.7,69440.0,0.4499
31212.4,41120.4,31359.3,41223.0,0.4498
38803.4,9921.2,39030.5,9965.9,0.4498
33601.4,49088.7,33812.6,49277.5,0.4498
21457.8,49291.3,21708.8,49596.8,0.4497
17768.8,65593.8,17918.0,65878.2,0.4496
74894.6,9168.5,75322.0,9599.0,0.4496
24678.5,33163.6,25280.0,33374.0,0.4496
64000.3,22624.2,64176.6,22717.4,0.4496
62954.4,10733.4,63175.3,10877.1,0.4496
124482.5,32003.5,124556.2,32119.3,0.4495
57283.8,3042.2,57697.0,3193.8,0.4495
27901.9,50273.9,28237.2,50870.5,0.4495
25602.2,35710.1,25753.1,35834.3,0.4494
21336.5,39042.0,21549.9,39088.7,0.4494
46487.5,14400.0,47025.4,14879.1,0.4494
27841.8,42604.7,27975.7,42880.0,0.4494
1739.7,64973.2,2208.7,65514.5,0.4493
107687.0,21121.5,107839.4,21268.8,0.4493
101021.3,12480.6,101166.3,12528.8,0.4492
109882.8,21764.3,110380.8,22220.0,0.4492
77049.0,17377.2,77233.1,17582.7,0.4491
31687.9,52481.0,31876.3,52533.6,0.4490
22722.3,40000.0,22901.3,40319.0,0.4490
38119.0,18574.1,38686.3,18999.5,0.4490
29637.4,56145.2,29968.2,56258.1,0.4490
59324.1,14079.4,59520.0,14192.8,0.4489
59564.1,23054.7,59760.4,23204.1,0.4488
41600.7,15809.8,41760.9,16000.0,0.4488
17602.4,67201.8,17879.1,67567.7,0.4488
67629.4,17506.5,67842.4,17546.4,0.4487
34592.7,42240.0,34681.8,42461.7,0.4487
64637.0,8981.4,64925.6,9214.5,0.4487
26564.3,55759.9,26820.5,55912.1,0.4487
23040.3,62097.5,23228.3,62282.0,0.4486
56013.1,22683.4,56168.4,22720.0,0.4486
52160.0,23090.5,52769.3,23261.3,0.4486
56322.8,12215.3,56536.9,12324.7,0.4486
60647.0,4814.9,60834.9,5002.0,0.4485
16644.4,44549.1,17068.9,45120.0,0.4485
36166.4,13213.5,36572.1,13438.9,0.4485
93841.9,9283.5,93974.8,9339.8,0.4485
98436.2,16728.7,98560.0,16960.0,0.4484
49972.1,8000.0,50110.6,8369.6,0.4484
82051.4,16641.4,82240.0,16766.5,0.4484
26881.1,35718.1,27215.5,35826.1,0.4484
102080.0,6308.2,102591.3,6454.7,0.4484
55990.3,16000.0,56081.9,16256.1,0.4483
81600.0,13968.5,82186.5,14143.5,0.4483
94081.7,14105.7,94720.0,14427.2,0.4482
71443.4,11520.0,71680.0,11684.0,0.4482
27352.3,64033.4,27520.0,64159.9,0.4482
34242.4,16073.6,34432.7,16318.1,0.4482
60168.4,21737.5,60800.0,22066.4,0.4481
33282.3,21038.7,33920.0,21338.3,0.4480
78982.2,14351.6,79360.0,14461.0,0.4480
81692.3,16079.4,81754.0,16265.8,0.4480
38932.1,28291.2,39329.6,28800.0,0.4480
74810.4,14156.0,75028.7,14254.6,0.4479
75761.0,8375.1,75842.1,8640.0,0.4479
87542.5,7460.5,87676.7,7608.1,0.4479
81600.0,12339.1,81927.0,12785.2,0.4479
65930.1,5838.9,66549.8,6400.0,0.4479
129281.6,31082.8,129592.3,31336.4,0.4479
97640.8,12448.8,97807.9,12480.0,0.4478
56989.6,18887.8,57178.7,18935.0,0.4478
61930.8,7084.9,62065.1,7360.0,0.4477
106570.5,19587.8,107138.8,20160.0,0.4477
31381.2,9854.4,31467.2,10088.5,0.4477
36296.9,54720.2,36375.8,54862.5,0.4477
45450.3,23059.2,46080.0,23360.0,0.4477
16965.0,32000.0,17108.1,32305.3,0.4476
36756.0,39867.8,36798.0,40000.0,0.4476
90268.7,7040.0,90880.0,7460.7,0.4476
65600.0,16000.0,65712.8,16186.8,0.4476
99814.1,10884.0,100160.0,10985.8,0.4476
36063.9,11893.1,36326.4,11989.9,0.4476
4007.6,61971.0,4471.3,62384.8,0.4475
39041.4,24960.0,39130.0,25209.8,0.4474
36792.2,16092.5,37117.3,16640.0,0.4474
3552.6,65764.4,3992.0,65919.9,0.4473
54487.9,11044.7,55037.4,11194.6,0.4473
70494.9,17749.8,70720.0,17975.2,0.4472
27599.4,37120.5,28160.0,37275.2,0.4471
30720.0,53124.6,31245.0,53547.6,0.4471
85775.4,11069.7,86220.5,11520.0,0.4471
27860.3,51204.8,27916.8,51304.7,0.4471
51850.8,58.3,52470.8,626.4,0.4471
56960.1,23420.0,57284.6,24000.0,0.4470
72960.0,15684.3,73427.8,15844.3,0.4470
21478.4,38683.7,21680.8,38720.0,0.4470
32149.2,29760.0,32487.8,30324.3,0.4469
99864.8,15040.8,100480.0,15297.8,0.4469
30385.9,35627.2,30640.6,35749.6,0.4467
38101.4,13344.4,38466.9,13760.0,0.4466
59772.0,18804.7,60160.0,18926.9,0.4466
48508.7,22044.2,48637.9,22080.0,0.4466
29127.2,40640.0,29273.7,40983.1,0.4465
77518.2,15670.0,77754.2,15811.4,0.4465
20288.5,28740.3,20796.8,29089.6,0.4464
42427.3,21350.7,42582.6,21440.0,0.4464
24640.0,32640.0,24717.4,32822.7,0.4463
54415.3,23400.4,55040.0,23680.0,0.4463
44268.1,19272.7,44790.7,19826.8,0.4463
38080.0,8320.0,38720.0,8592.8,0.4463
23994.7,50044.7,24074.1,50165.8,0.4462
77927.5,12369.4,78334.2,12448.1,0.4462
84800.0,8777.8,85227.3,8960.0,0.4461
76160.0,10651.6,76379.1,11185.6,0.4460
19000.2,35937.9,19513.8,36150.6,0.4460
38131.5,57680.9,38720.0,58240.0,0.4460
28160.0,35237.1,28306.0,35292.8,0.4460
68862.0,15077.7,69120.0,15291.4,0.4460
46400.0,15424.6,46717.6,16000.0,0.4460
86021.5,15042.2,86400.0,15116.9,0.4459
96341.3,5828.8,96914.2,5986.7,0.4459
125762.5,31193.7,125877.8,31528.3,0.4459
24020.9,31916.7,24319.7,32044.5,0.4458
69383.5,22873.0,69760.0,22972.3,0.4457
57924.7,23381.7,58237.5,23686.3,0.4456
53440.0,4429.2,53625.1,4609.7,0.4456
56380.0,5323.2,56640.0,5439.5,0.4456
42240.1,12541.8,42309.9,12697.5,0.4455
104320.0,9094.9,104586.4,9275.8,0.4455
19053.6,32642.5,19200.0,32679.8,0.4454
87040.0,8956.6,87622.9,9110.2,0.4454
42124.0,9020.9,42238.3,9232.7,0.4454
71221.1,21587.0,71680.0,21759.3,0.4454
97280.0,6557.8,97740.9,6715.0,0.4453
16640.0,59591.8,17166.3,60160.0,0.4453
23849.8,35200.0,23996.1,35514.2,0.4452
122274.5,36910.5,122870.1,37436.2,0.4452
14403.3,68212.9,14856.9,68479.2,0.4452
92193.2,10248.7,92350.1,10439.3,0.4452
59846.4,22084.8,60200.8,22149.0,0.4451
56927.5,16000.0,57002.7,16143.8,0.4451
73041.2,19359.3,73273.9,19518.9,0.4451
75093.7,15999.6,75494.4,16316.2,0.4451
34859.0,48640.0,35200.0,48765.3,0.4450
36514.4,54080.0,36634.5,54398.9,0.4449
20721.2,54132.9,21053.1,54400.0,0.4449
38080.0,37892.4,38591.4,38400.0,0.4449
4480.0,61120.0,5056.9,61426.1,0.4447
102325.0,13522.3,102398.3,13605.6,0.4446
73954.3,7687.4,74552.2,7833.1,0.4446
35204.3,54720.0,35431.8,55339.7,0.4446
58962.3,14574.2,59095.0,14760.0,0.4445
26752.7,51877.2,27200.0,52203.3,0.4444
32675.5,18240.0,32957.6,18553.0,0.4444
21410.9,61266.1,21491.1,61373.0,0.4444
100327.2,8000.8,100479.8,8164.1,0.4443
107361.5,17500.6,107520.0,17597.5,0.4443
75928.4,17039.2,76248.6,17191.1,0.4443
50240.0,702.0,50553.0,1280.0,0.4442
84632.3,15290.6,84762.1,15329.6,0.4441
21201.7,63608.7,21723.3,64000.0,0.4441
48977.3,9288.1,49475.6,9507.9,0.4440
59520.9,12079.5,59779.7,12397.0,0.4440
51686.3,15041.4,51840.0,15212.8,0.4439
5216.7,66839.2,5305.7,66880.0,0.4439
85535.0,7363.1,85760.0,7407.7,0.4439
125545.6,39258.1,125755.3,39360.0,0.4439
26134.2,51757.9,26346.5,51840.0,0.4438
55833.8,12800.8,55939.7,12925.1,0.4438
2092.3,64014.2,2553.1,64463.6,0.4437
28427.9,50240.0,28800.0,50367.3,0.4437
99522.9,9701.0,99901.9,9848.7,0.4437
52480.0,10090.6,52969.6,10235.8,0.4436
90245.1,14826.0,90880.0,15192.3,0.4435
31040.0,14720.0,31166.0,15046.4,0.4435
55682.2,14415.6,55860.8,14720.0,0.4435
125126.1,28810.4,125393.2,29096.8,0.4433
36565.9,28886.3,36800.0,28952.0,0.4432
55364.8,18560.0,55424.0,18693.9,0.4432
2435.5,65449.5,2599.8,65807.6,0.4432
92160.0,9235.7,92348.4,9362.7,0.4432
47364.6,10821.3,47515.7,11135.6,0.4430
119183.2,24849.6,119680.0,25234.6,0.4430
28987.3,43219.6,29331.8,43834.0,0.4430
47087.0,12915.7,47624.6,13103.5,0.4429
34657.8,54047.8,34859.3,54080.0,0.4429
95360.0,13562.3,95501.8,13602.2,0.4429
68366.9,23911.1,68610.4,24000.0,0.4428
103434.4,19520.0,104000.0,20066.8,0.4428
99612.4,13594.4,99786.4,13631.6,0.4427
31529.5,46400.0,31690.6,46662.5,0.4426
41468.0,11209.3,41561.2,11524.6,0.4426
125366.8,29922.3,125743.4,30079.6,0.4426
16417.6,29272.8,16829.1,29760.0,0.4426
23703.4,46526.5,24320.0,46990.1,0.4426
59100.5,7360.0,59520.0,7616.8,0.4426
24339.7,44267.2,24722.1,44469.0,0.4426
64013.0,21894.4,64637.5,22080.0,0.4426
34627.9,25077.4,34874.5,25264.0,0.4425
19872.4,26923.0,20480.0,27468.8,0.4425
4161.7,62093.8,4620.6,62502.0,0.4425
81379.5,8640.0,81530.8,8714.9,0.4424
57770.4,5120.0,57842.5,5228.0,0.4424
122870.3,28459.5,123200.0,28612.1,0.4424
98560.0,18371.7,99043.9,18560.0,0.4424
71726.0,19028.0,72113.1,19195.5,0.4423
104396.8,14592.6,104491.5,14893.7,0.4423
28906.8,38772.9,29440.0,38977.9,0.4421
36896.3,32643.1,37000.5,32850.0,0.4421
118720.0,23437.0,119326.7,24000.0,0.4420
18726.9,67843.2,18880.0,68133.5,0.4420
77538.9,20119.0,78070.7,20480.0,0.4420
8322.7,60566.6,8533.4,60644.0,0.4419
5614.4,63418.1,6059.5,63982.2,0.4419
36216.5,51217.4,36558.8,51840.0,0.4418
67569.3,19072.9,67838.9,19198.1,0.4418
102560.6,19323.8,102718.8,19508.9,0.4418
20480.0,30744.7,21091.6,31125.6,0.4418
91607.7,11321.2,91836.1,11395.2,0.4418
104834.0,12803.3,104958.7,12986.1,0.4418
34243.6,24077.3,34457.2,24224.0,0.4417
67858.5,8251.0,68244.9,8447.1,0.4416
36935.6,16691.2,37432.4,16976.4,0.4416
19528.1,30841.8,19999.2,31033.3,0.4416
16697.7,64491.9,16960.0,64637.0,0.4415
45760.0,10622.3,45913.1,10739.5,0.4415
64959.5,18945.4,65280.0,19056.3,0.4415
36725.4,39040.0,36795.7,39163.9,0.4414
21775.3,66358.1,22400.0,66873.7,0.4414
77100.4,13914.1,77440.0,14076.9,0.4414
123200.0,39059.4,123805.8,39360.0,0.4414
121927.9,38784.0,122456.6,39040.0,0.4413
26240.0,62082.0,26584.2,62244.2,0.4413
68242.2,22232.8,68480.0,22393.9,0.4413
86300.3,12126.8,86508.7,12160.0,0.4412
89920.4,17180.8,90052.1,17278.1,0.4412
32320.6,11012.3,32898.3,11200.0,0.4411
31432.1,8790.7,31680.0,8958.1,0.4410
37056.9,40320.0,37239.3,40483.3,0.4410
42378.3,21016.1,42876.1,21187.6,0.4410
55364.2,15410.5,55585.5,15624.4,0.4409
25608.8,65936.2,26231.5,66240.0,0.4409
36499.9,40322.4,36558.6,40436.2,0.4409
86081.3,9225.4,86414.0,9337.2,0.4408
72546.8,11046.4,72617.3,11200.0,0.4408
36160.0,20840.9,36704.3,21007.5,0.4408
73259.9,18560.0,73600.0,18626.1,0.4407
55515.3,15805.8,55931.2,16320.0,0.4407
96080.7,10620.0,96640.0,10778.9,0.4407
22206.8,60800.0,22720.0,61226.5,0.4406
19840.6,31481.4,20097.1,31773.3,0.4405
21716.9,40640.0,21791.9,40872.1,0.4405
36169.4,48687.2,36449.5,49280.0,0.4405
84115.9,7368.9,84406.0,7991.4,0.4405
45440.0,20160.0,46060.3,20389.7,0.4405
29132.3,33978.4,29414.4,34560.0,0.4405
66882.5,19239.3,66988.8,19520.0,0.4404
27085.4,56322.2,27345.2,56807.4,0.4404
102720.0,12829.8,103284.9,12993.0,0.4403
60667.7,11659.1,60798.6,11829.2,0.4402
4545.9,60550.8,5091.2,61120.0,0.4402
40989.7,7767.7,41600.0,8289.1,0.4401
104286.7,11881.0,104625.6,12216.5,0.4401
64787.1,16360.5,64958.1,16627.6,0.4401
56677.0,15057.8,57086.4,15680.0,0.4401
20227.8,47202.8,20404.1,47241.3,0.4400
76163.3,10889.6,76360.2,11179.2,0.4400
38806.6,39125.9,39360.0,39677.0,0.4400
26048.6,63116.4,26232.4,63360.0,0.4400
123214.1,39444.8,123840.0,39829.3,0.4400
61901.7,13627.6,62077.7,13759.9,0.4399
45918.8,16133.5,46163.6,16280.1,0.4399
38153.9,16644.6,38400.0,16718.9,0.4399
69438.4,9920.0,69758.1,10356.1,0.4398
26907.0,41185.6,27190.1,41592.6,0.4398
49399.5,12162.5,49629.8,12225.4,0.4398
76161.8,21757.4,76725.1,21918.4,0.4398
62090.9,8708.4,62511.0,9102.5,0.4398
13301.3,62136.3,13390.3,62276.8,0.4398
27923.9,60128.8,28436.0,60469.2,0.4398
81954.4,20619.5,82015.6,20820.3,0.4397
75520.5,16640.9,75704.5,16844.9,0.4396
22091.8,52480.0,22720.0,52814.9,0.4396
34880.0,22720.0,35007.6,23016.7,0.4396
58683.9,4494.7,58818.0,4550.9,0.4396
54805.3,21708.2,54982.0,21810.7,0.4396
85120.0,9661.5,85690.3,9831.9,0.4395
110570.2,20441.0,110720.0,20549.9,0.4395
51841.2,23040.0,51998.6,23129.6,0.4395
50617.8,14091.5,50880.0,14370.4,0.4395
59867.3,3322.0,60480.0,3836.1,0.4395
5034.6,66847.7,5440.0,67017.2,0.4395
90883.7,9600.0,91018.2,9883.2,0.4395
63051.2,18693.3,63680.0,19111.0,0.4395
78323.5,17541.7,78397.5,17600.0,0.4394
95299.1,16000.0,95357.0,16140.7,0.4394
57220.5,17300.5,57588.2,17887.3,0.4394
116801.9,29440.0,116990.3,29999.8,0.4394
20629.5,60320.9,21094.8,60640.0,0.4394
39042.8,26880.0,39149.7,27062.0,0.4394
40640.0,10240.7,40738.8,10377.3,0.4394
51526.8,12641.4,51811.2,12800.0,0.4393
102727.3,14182.6,103354.3,14394.4,0.4392
122587.8,25932.0,123200.0,26374.1,0.4392
87064.3,11220.6,87669.2,11530.3,0.4392
42833.9,11986.9,43117.1,12178.1,0.4392
26245.5,59014.2,26572.5,59194.6,0.4392
85760.0,10390.4,86018.6,10560.0,0.4392
87536.7,18106.9,87677.4,18284.1,0.4391
38219.1,24960.7,38348.3,25034.0,0.4390
29136.2,31729.0,29423.2,32320.0,0.4390
81739.5,16364.2,81802.5,16478.0,0.4390
40150.7,35547.0,40617.7,36160.0,0.4389
27633.7,57920.0,27840.0,58146.7,0.4389
21440.0,44207.1,22080.0,44645.2,0.4389
17906.1,69273.1,17969.8,69476.0,0.4388
106880.0,7517.3,107003.6,7727.1,0.4388
25321.8,45831.2,25600.0,46400.0,0.4388
24127.8,54720.0,24288.4,54993.5,0.4387
64819.8,11866.0,64960.0,11999.1,0.4387
3214.8,62084.4,3840.0,62427.1,0.4387
105092.5,17647.8,105280.0,17778.3,0.4386
59842.6,17270.2,59952.3,17548.9,0.4386
49160.2,11447.7,49280.0,11587.0,0.4386
19846.0,43022.9,20053.5,43480.5,0.4386
49647.5,17280.0,49789.0,17613.2,0.4385
34240.0,18863.4,34837.9,19185.7,0.4384
34792.2,37152.7,34932.6,37311.3,0.4384
53760.0,21749.7,54374.5,22076.7,0.4383
27292.0,30606.6,27520.0,30719.3,0.4383
32960.0,39487.4,33462.6,39678.2,0.4383
22720.0,48793.4,23018.4,48911.7,0.4382
59902.5,17609.1,60160.0,17726.7,0.4382
3107.8,67038.5,3516.0,67106.0,0.4382
61760.0,16320.0,62286.1,16494.9,0.4382
8640.0,66899.0,9266.4,67200.0,0.4381
27236.0,41051.2,27734.1,41280.0,0.4381
128001.0,32415.6,128123.3,32639.9,0.4381
53489.4,6745.1,54055.8,7185.6,0.4380
30739.8,16706.3,31215.2,17280.0,0.4379
108480.0,9349.1,109033.6,9829.1,0.4379
42880.0,21984.7,43405.2,22140.3,0.4379
55361.3,14815.7,55682.7,15360.0,0.4379
46406.0,21851.7,47040.0,22213.3,0.4379
75204.6,9750.2,75650.8,10229.0,0.4378
43840.0,21185.3,44292.7,21344.9,0.4378
62418.2,15742.5,63040.0,16172.0,0.4377
36946.1,22104.3,37121.6,22156.5,0.4376
40242.0,12480.0,40317.8,12768.8,0.4376
32966.9,19230.3,33542.2,19670.0,0.4375
49411.5,22730.1,49598.0,22911.5,0.4375
83520.0,8586.7,84142.2,8957.8,0.4375
18741.1,62826.5,18875.8,63040.0,0.4373
118155.1,30770.4,118709.8,31344.9,0.4372
43520.9,21491.6,44015.8,21664.3,0.4372
106327.7,19382.1,106449.5,19469.4,0.4372
40977.2,28426.7,41055.3,28564.9,0.4372
1293.4,67340.0,1920.0,67769.2,0.4371
30047.3,60093.9,30225.2,60244.9,0.4371
105077.4,8648.5,105567.4,9261.2,0.4371
38129.0,15783.9,38397.4,16320.0,0.4371
31368.4,43746.1,31588.7,43839.4,0.4371
92166.0,14376.8,92798.7,14589.7,0.4370
80264.8,17928.0,80510.0,18246.4,0.4370
87318.0,7765.6,87413.9,8041.0,0.4370
40187.6,12831.2,40611.3,13434.9,0.4369
31416.3,24377.4,31667.2,24720.2,0.4369
5144.1,67822.5,5760.0,68124.4,0.4369
38400.0,44278.1,38953.6,44460.9,0.4369
21253.6,67840.0,21440.0,68148.0,0.4368
85128.1,16408.7,85212.9,16695.3,0.4368
32960.2,52786.1,33179.6,53079.0,0.4367
60864.4,18712.2,61120.0,18874.5,0.4367
122779.1,26560.0,122879.9,26674.7,0.4367
16096.8,27844.2,16640.0,28035.6,0.4367
28004.6,51935.5,28159.8,52083.2,0.4365
63914.2,10723.0,64136.2,10859.8,0.4365
60609.3,22897.0,60802.9,22934.0,0.4365
128616.8,33570.1,128829.9,33668.2,0.4364
43841.5,18453.4,43892.6,18605.5,0.4364
38400.0,10562.1,38768.5,10832.5,0.4364
73280.1,10560.0,73545.1,10767.4,0.4364
74560.0,7684.9,74913.0,7838.6,0.4363
23883.1,53120.0,23999.7,53420.8,0.4363
72644.2,15905.6,72865.7,16149.4,0.4363
54754.7,12801.8,55357.3,12974.9,0.4362
50246.0,9213.5,50328.3,9442.7,0.4361
56568.5,7045.9,56765.6,7257.1,0.4361
36522.7,20290.2,37120.0,20452.0,0.4361
28341.3,50827.0,28500.2,50875.8,0.4361
28112.9,47040.0,28189.5,47194.0,0.4360
97439.8,16274.1,97918.7,16631.3,0.4360
123297.9,30400.0,123840.0,30947.3,0.4360
17616.5,49687.3,18034.9,50240.0,0.4360
66932.1,16756.4,67126.5,17049.7,0.4360
26565.0,66240.1,26880.0,66387.4,0.4359
24012.1,29760.0,24640.0,30099.6,0.4358
75530.1,10617.6,76101.6,11170.7,0.4358
85384.6,8960.1,85760.0,9043.5,0.4358
97808.3,12350.9,97917.5,12476.6,0.4358
90910.4,6080.0,91520.0,6464.0,0.4357
39390.2,31386.5,39963.5,31994.7,0.4357
33229.8,22203.8,33279.1,22404.3,0.4356
36482.5,33849.9,36650.0,33994.9,0.4356
90413.9,16684.1,90560.0,16853.1,0.4355
47511.6,18563.0,47680.0,18601.5,0.4355
37587.9,47684.8,38080.0,47868.0,0.4354
41320.8,8390.3,41920.0,8960.0,0.4354
107637.7,15040.0,108160.0,15326.8,0.4353
87041.5,8968.6,87275.5,9097.6,0.4353
17923.9,30762.3,18403.5,31062.2,0.4352
108162.2,23799.2,108517.0,23997.0,0.4352
56200.3,2160.1,56443.8,2240.0,0.4352
27564.0,42440.2,27837.5,42862.5,0.4350
8964.4,66288.0,9571.8,66856.1,0.4350
8016.4,66863.4,8640.0,67196.9,0.4350
34240.3,9113.3,34682.6,9399.5,0.4349
30408.5,35844.4,30720.0,35922.4,0.4349
28555.5,33612.2,28679.6,33667.9,0.4349
31145.8,61254.9,31680.0,61428.9,0.4347
38737.6,9642.4,38824.8,9920.0,0.4347
121676.8,27200.0,122240.0,27563.1,0.4347
22592.0,56799.7,23033.3,56958.4,0.4347
116794.2,27762.0,116935.5,27833.7,0.4347
19844.7,47328.8,20005.1,47583.0,0.4346
111680.0,24640.0,111770.7,24885.8,0.4346
43995.0,9388.3,44480.0,9910.7,0.4346
82560.0,11535.3,83065.6,11894.1,0.4345
76484.6,20488.9,76571.6,20782.8,0.4345
64436.3,22607.6,64960.0,22819.4,0.4345
33251.5,20704.0,33439.6,20754.1,0.4344
54410.7,23040.0,54549.5,23103.7,0.4344
93444.1,14595.3,93619.4,14635.4,0.4343
78490.3,22552.1,78709.4,23007.3,0.4343
125953.8,34240.3,126075.7,34350.8,0.4343
37443.2,47690.6,37508.8,47810.8,0.4343
31682.3,8715.2,31906.7,8878.9,0.4342
99335.8,13760.0,99585.9,13869.3,0.4342
21484.2,66331.8,21561.2,66560.0,0.4342
36480.0,24960.0,36551.6,25233.3,0.4341
31041.3,51528.5,31231.3,51773.5,0.4341
61029.2,11682.2,61259.0,11826.1,0.4341
32803.2,45665.8,32960.8,45760.0,0.4341
87177.9,11331.6,87671.5,11765.3,0.4340
121718.7,27913.7,121915.7,28072.4,0.4340
42241.4,8961.0,42320.7,9111.0,0.4339
95652.5,17366.5,95993.5,17441.5,0.4339
25320.5,58743.7,25512.3,58880.0,0.4339
51886.7,19830.3,51999.4,20117.1,0.4339
22080.1,65520.8,22298.8,65600.0,0.4338
46408.4,22038.0,47040.0,22305.8,0.4338
51164.5,6874.7,51500.1,7038.3,0.4338
25429.8,45760.0,25597.0,46102.2,0.4337
40024.5,21646.5,40640.0,21823.5,0.4337
100023.4,12400.6,100265.0,12480.0,0.4337
32112.2,8640.0,32180.6,8798.2,0.4337
72027.4,7087.4,72640.0,7663.6,0.4337
33023.6,29584.6,33279.1,30080.0,0.4337
77310.3,10991.0,77440.0,11066.7,0.4335
77125.0,17922.5,77302.5,18223.2,0.4335
93774.3,7600.9,94400.0,7968.2,0.4335
20466.8,58629.5,20789.1,59195.7,0.4334
33310.1,55631.4,33491.5,55749.9,0.4334
36480.0,20657.8,37104.9,21050.0,0.4333
38902.9,10732.1,39020.6,10903.2,0.4332
25754.3,35940.6,26232.8,36159.4,0.4332
51883.5,20800.0,51971.9,21094.0,0.4332
47360.1,13120.0,47532.2,13317.1,0.4332
58216.3,13989.9,58432.8,14031.4,0.4331
41960.9,12170.6,42240.0,12332.0,0.4331
19652.0,46919.6,19834.2,47216.9,0.4330
28204.4,50240.0,28480.0,50375.4,0.4330
55360.4,7057.2,55638.2,7481.2,0.4329
32645.9,45502.9,32971.7,46080.0,0.4328
72270.4,22249.7,72640.0,22399.2,0.4327
64960.0,19285.4,65134.7,19840.0,0.4327
74240.0,9499.2,74570.0,9598.9,0.4327
5445.9,62457.2,5792.4,62950.5,0.4327
100160.0,4800.0,100271.4,5090.3,0.4327
78250.4,8613.9,78400.0,8665.2,0.4327
99213.1,9922.2,99820.7,10089.5,0.4327
68899.5,20507.7,69331.6,21118.9,0.4327
77760.0,15219.3,78058.1,15645.4,0.4326
23366.7,27953.6,23987.9,28459.3,0.4326
66970.0,14082.3,67198.4,14229.2,0.4325
23680.0,54206.3,24224.1,54600.7,0.4325
85120.7,18582.6,85205.5,18736.7,0.4324
35605.1,21939.3,35895.8,22077.8,0.4324
122240.0,37125.2,122704.9,37536.0,0.4324
46330.4,16076.4,46498.7,16242.9,0.4324
98944.8,10251.5,99139.3,10369.7,0.4324
69496.3,17611.8,69765.2,17929.3,0.4324
29157.4,41624.9,29287.7,41918.7,0.4323
62437.4,9554.1,62716.3,9682.0,0.4323
56960.0,7334.8,57201.1,7629.0,0.4322
131009.2,32323.2,131104.5,32410.6,0.4322
46493.2,11202.6,46790.7,11456.0,0.4322
100497.7,4480.0,101120.0,4631.6,0.4322
80908.1,21525.7,81280.0,21592.4,0.4322
85783.0,9188.1,86396.3,9354.8,0.4322
28298.9,47103.8,28449.0,47151.3,0.4321
74839.5,11200.0,74962.9,11371.4,0.4321
24942.8,30365.9,25046.7,30400.0,0.4321
34712.2,29620.2,34879.4,29713.6,0.4320
12480.0,62108.5,12800.1,62716.8,0.4320
37966.5,15706.4,38071.9,15904.5,0.4319
32640.0,14653.6,32962.4,15040.0,0.4319
21440.0,55778.5,21608.1,56000.0,0.4319
85439.2,13064.6,85760.0,13200.9,0.4319
55682.6,20033.9,56006.4,20345.3,0.4318
64000.2,8953.3,64099.7,9044.1,0.4317
16393.9,38658.9,16635.0,38720.0,0.4317
20483.7,42747.8,20727.6,42877.6,0.4316
88038.1,12169.8,88228.4,12210.5,0.4316
38183.4,55757.2,38399.8,56000.0,0.4316
50440.6,10891.8,50844.1,11407.1,0.4316
84877.8,9351.0,84943.9,9524.4,0.4316
26251.6,57280.0,26626.3,57849.3,0.4316
66952.5,11353.9,67194.7,11519.5,0.4315
89921.7,7360.0,90021.2,7510.0,0.4315
24143.3,43522.3,24406.0,43585.7,0.4315
32007.3,55682.9,32509.3,55844.3,0.4315
24735.9,34111.7,24958.2,34360.6,0.4314
36486.1,43552.5,36663.6,44160.0,0.4314
96320.0,13467.8,96440.1,13760.0,0.4314
34609.4,16320.0,34908.2,16455.7,0.4313
124271.5,30400.0,124800.0,30910.2,0.4313
101122.3,18062.6,101299.2,18240.0,0.4312
50663.1,22101.1,50783.5,22147.0,0.4312
40960.0,18338.5,41206.3,18880.0,0.4311
37329.6,8640.0,37592.1,9208.8,0.4311
17154.5,40005.1,17294.3,40266.4,0.4311
37181.4,36480.0,37299.3,36616.5,0.4311
49926.3,3606.5,50293.1,4160.0,0.4310
26560.1,43251.1,26974.9,43498.8,0.4310
32789.9,56447.9,32858.8,56640.0,0.4310
32408.5,51586.8,32640.0,51700.0,0.4309
41946.9,18519.2,42077.1,18560.0,0.4309
100160.0,13491.8,100497.2,13855.9,0.4308
70722.3,8452.1,71084.3,8952.4,0.4308
34488.7,20740.3,34860.5,20800.0,0.4308
49271.0,22081.9,49352.4,22386.2,0.4308
100937.9,4808.7,101437.4,5020.8,0.4307
92269.3,8011.9,92800.0,8279.9,0.4306
34240.3,57302.1,34344.5,57509.6,0.4305
33973.5,41289.5,34248.8,41678.3,0.4305
106045.2,13032.8,106226.7,13120.0,0.4305
87152.1,13689.7,87353.4,13760.0,0.4305
34455.1,39746.3,34556.9,40000.0,0.4304
32553.8,50351.6,32638.7,50573.6,0.4304
34569.8,15084.9,34875.3,15680.0,0.4304
60979.5,16289.1,61120.0,16320.0,0.4304
31868.2,52480.0,32000.0,52647.0,0.4304
38405.1,37571.8,38781.7,37755.1,0.4303
43055.0,13123.4,43199.2,13322.1,0.4303
111680.0,24320.0,111785.4,24491.2,0.4302
67753.1,11999.8,67978.0,12146.1,0.4302
20879.3,41601.3,21091.5,41653.4,0.4302
25281.9,48209.1,25519.7,48317.7,0.4302
20483.2,50179.9,20792.3,50560.0,0.4302
47360.0,14080.0,47591.1,14297.6,0.4301
18881.2,39763.6,19240.8,39925.7,0.4301
16963.6,68169.9,17271.4,68441.5,0.4301
53607.3,3778.4,53760.0,3820.6,0.4301
62885.5,10237.7,63040.0,10560.0,0.4301
91424.8,14400.3,91837.7,14509.6,0.4301
62838.1,17377.1,62998.5,17427.8,0.4300
55929.7,17460.4,56111.0,17820.9,0.4300
125795.6,34880.0,126381.4,35359.1,0.4299
27384.0,35916.6,27716.9,36016.2,0.4299
35524.2,49341.0,35997.8,49920.0,0.4298
17969.1,44815.1,18236.4,45440.0,0.4298
101067.5,16144.3,101118.2,16254.6,0.4298
55217.9,5136.0,55660.6,5699.3,0.4298
23680.5,40787.3,23784.7,40957.8,0.4298
76197.3,14924.2,76341.1,15036.1,0.4297
76482.3,20035.0,76535.8,20178.4,0.4297
93780.0,13898.9,94394.7,14077.3,0.4296
61804.6,9542.4,62400.0,9920.0,0.4296
90513.5,11282.5,90572.4,11407.4,0.4296
53131.8,3202.9,53760.0,3578.3,0.4295
16000.0,31127.5,16312.6,31401.4,0.4295
32515.5,54720.0,32737.9,55301.3,0.4295
39774.8,38662.2,39944.9,38717.7,0.4295
120024.5,37016.6,120306.6,37440.0,0.4294
45286.3,12962.0,45440.0,13115.4,0.4294
90240.7,11200.5,90375.6,11313.6,0.4294
80960.0,17340.4,81542.6,17678.3,0.4292
124169.0,27824.5,124659.4,28160.0,0.4292
24022.9,64741.0,24630.9,65254.7,0.4292
51111.2,7879.9,51499.5,8194.9,0.4292
88000.0,20254.2,88386.9,20478.7,0.4292
123525.4,30720.0,124110.6,31151.9,0.4292
19840.0,64341.7,20419.6,64640.0,0.4292
40321.6,25714.2,40427.9,25920.0,0.4291
17215.2,67520.0,17280.0,67626.5,0.4289
129061.4,32960.0,129585.4,33510.1,0.4289
13473.1,67232.1,13858.5,67715.3,0.4289
30972.0,31689.7,31047.9,32000.0,0.4288
59882.7,20705.5,60480.0,21120.0,0.4287
84943.7,11283.7,85116.6,11518.0,0.4286
64323.2,9401.3,64491.2,9600.0,0.4286
84340.7,21148.7,84478.3,21239.2,0.4286
36807.9,38706.7,37440.0,38903.4,0.4286
100161.1,10278.7,100638.6,10426.9,0.4286
89725.2,10929.4,90231.6,11487.3,0.4285
16261.1,31681.3,16596.5,31762.1,0.4285
77767.2,7680.0,78393.0,8060.6,0.4285
80000.0,14092.8,80614.3,14400.0,0.4284
54402.6,21000.8,54475.0,21300.8,0.4284
21775.2,42099.7,22212.4,42387.2,0.4284
32794.2,48017.1,32958.0,48236.9,0.4284
112228.7,24875.2,112320.0,24987.0,0.4284
61567.7,18568.8,62062.9,18873.8,0.4284
15680.0,36574.4,16004.3,37120.0,0.4283
31759.5,9340.2,31999.7,9875.9,0.4283
59221.7,10375.4,59498.8,10558.9,0.4282
125095.9,31050.3,125327.1,31221.1,0.4280
53842.6,20284.3,54029.0,20354.5,0.4280
72728.5,20608.8,72951.9,20698.1,0.4280
61855.1,8678.2,62400.0,8960.0,0.4280
30616.2,50880.0,30720.0,51165.3,0.4280
53921.0,2604.4,54077.0,2880.0,0.4280
55425.1,15684.3,55901.6,15882.3,0.4279
34217.9,53300.9,34560.0,53435.5,0.4279
103371.6,17280.0,103952.9,17776.8,0.4279
23684.4,33186.5,24320.0,33375.8,0.4279
18368.3,46865.3,18474.2,47151.8,0.4279
56963.6,16401.0,57129.5,16640.0,0.4277
16960.0,67201.8,17542.7,67373.7,0.4277
19558.4,30108.0,20154.1,30312.2,0.4276
37440.2,36480.0,37623.9,36817.6,0.4276
20493.1,44480.0,21120.0,44673.4,0.4274
32744.8,58880.0,33280.0,59072.9,0.4274
9288.6,60490.4,9917.0,60868.4,0.4273
79467.6,17336.5,79660.9,17920.0,0.4273
112356.7,22720.0,112603.6,22893.8,0.4273
39040.0,35844.7,39173.0,35982.9,0.4273
49273.7,22094.4,49342.1,22221.6,0.4273
66651.9,11143.9,66874.6,11406.7,0.4272
72363.8,18114.3,72949.6,18547.9,0.4271
35200.0,14652.5,35324.5,14881.0,0.4271
75202.1,9328.1,75265.6,9457.9,0.4270
93717.2,12480.0,93759.1,12569.1,0.4270
7040.0,60950.7,7172.0,61056.5,0.4270
31320.5,14401.7,31680.0,14483.7,0.4270
38400.0,22790.6,38932.8,23019.1,0.4270
39683.9,21897.0,39872.6,22077.7,0.4269
82253.2,19295.1,82726.2,19519.5,0.4269
59293.0,13792.9,59445.1,13836.7,0.4268
31040.0,14769.0,31309.2,15360.0,0.4268
49606.0,18880.0,49780.6,19430.9,0.4268
33446.9,54133.8,33814.1,54720.0,0.4268
35679.2,57156.5,35840.0,57277.3,0.4267
35203.7,38774.5,35840.0,38980.0,0.4267
16081.8,34371.3,16232.2,34480.2,0.4267
23360.0,64320.8,23833.8,64497.2,0.4267
55683.8,11340.3,56316.9,11669.2,0.4266
47060.7,9877.0,47360.0,9945.1,0.4266
34573.3,54049.4,34749.9,54080.0,0.4265
46218.3,13157.0,46391.2,13366.4,0.4265
29895.9,43047.6,30385.0,43271.6,0.4265
95634.5,10901.7,95982.5,11258.0,0.4265
84804.1,16645.7,84991.5,16718.7,0.4265
68160.0,16321.9,68701.3,16476.0,0.4265
59841.5,10697.2,59922.3,11015.1,0.4265
51557.7,15052.2,51654.2,15186.1,0.4264
51210.5,17713.9,51482.3,17920.0,0.4264
50919.1,12265.3,51376.8,12800.0,0.4263
128641.3,34069.4,128807.9,34240.0,0.4263
16005.6,30728.2,16562.3,30897.2,0.4262
33935.5,8000.0,34560.0,8281.6,0.4262
34880.0,56413.2,35371.3,56640.0,0.4262
36309.0,41695.4,36472.6,41793.1,0.4261
54116.9,2330.2,54326.8,2460.9,0.4261
81194.3,14097.1,81592.0,14178.5,0.4261
21149.7,28162.4,21760.0,28450.1,0.4261
54921.5,17280.0,55040.0,17589.7,0.4260
96960.5,12103.1,97024.5,12292.7,0.4260
78735.4,20803.9,79357.6,20963.9,0.4260
22713.7,43256.6,22940.5,43828.0,0.4260
31364.5,46037.2,31471.6,46360.1,0.4260
16000.0,27626.5,16496.3,27779.8,0.4259
10890.2,66623.3,11302.6,67200.0,0.4259
53440.0,680.8,54047.8,1267.0,0.4259
52168.0,16629.6,52800.0,16955.1,0.4259
5461.5,67775.0,6080.0,68107.8,0.4258
65288.8,8355.8,65781.2,8937.0,0.4258
26714.2,35726.9,27035.5,35841.1,0.4257
74900.2,12677.8,75352.1,13112.6,0.4257
33638.4,55360.0,33806.9,55678.1,0.4256
64186.5,19806.0,64509.3,19936.8,0.4256
4482.3,62113.5,4814.0,62381.6,0.4255
98054.8,15762.1,98541.6,15949.1,0.4255
74881.2,17391.0,75338.8,17597.8,0.4255
58131.2,18054.0,58558.6,18221.9,0.4255
19967.0,67200.6,20155.4,67472.2,0.4254
32650.4,27730.6,33033.6,27977.3,0.4253
26566.3,32801.8,26731.7,32917.8,0.4253
87471.3,10674.6,87675.0,10875.2,0.4253
83522.8,20516.3,83670.5,20800.0,0.4253
96960.0,5886.3,97466.6,6071.0,0.4253
122612.0,29227.3,123200.0,29699.8,0.4252
118403.8,30752.8,118598.6,31040.0,0.4251
54080.0,10322.7,54189.1,10501.0,0.4250
27852.1,35840.8,28415.7,36020.4,0.4249
16320.0,38762.1,16801.6,38911.6,0.4249
101454.8,12180.4,102080.0,12557.6,0.4249
21166.3,52034.0,21760.0,52477.7,0.4248
66560.0,21121.6,66802.9,21294.9,0.4248
94088.0,13705.4,94720.0,14053.6,0.4247
38905.8,28542.1,39336.8,29119.2,0.4247
77133.5,23372.4,77760.0,23680.0,0.4247
46811.1,19249.1,47348.0,19833.8,0.4247
106376.9,7417.4,106491.9,7625.0,0.4246
20161.1,37671.1,20331.7,37992.3,0.4246
16962.2,65124.8,17077.6,65333.7,0.4246
39761.3,46527.6,39999.9,46713.7,0.4246
124103.5,30231.7,124159.9,30410.0,0.4245
55680.0,18973.3,56316.7,19282.8,0.4245
24514.5,38400.0,24601.9,38508.1,0.4245
18455.3,42963.5,18633.4,43200.0,0.4243
19716.8,62080.0,20099.1,62294.8,0.4243
74243.1,17288.9,74395.1,17560.6,0.4243
40532.0,17333.1,40950.3,17920.0,0.4243
101775.8,18709.7,102378.7,19200.0,0.4242
102400.0,11917.1,102573.2,12160.0,0.4242
63651.3,16960.0,64000.0,17287.0,0.4241
105635.0,19872.8,106239.2,20431.0,0.4241
94453.7,10872.2,95040.0,11197.8,0.4241
19105.0,69286.7,19501.1,69436.8,0.4240
61294.0,7014.9,61440.0,7336.8,0.4240
11840.0,65742.9,11906.3,65920.0,0.4240
50880.0,15118.7,51068.0,15680.0,0.4240
38092.4,41380.8,38685.0,41542.3,0.4239
41295.3,8027.0,41920.0,8309.1,0.4239
79134.1,18241.8,79292.7,18568.0,0.4239
80015.5,14088.6,80340.5,14484.6,0.4238
9933.1,60160.0,10560.0,60440.8,0.4238
112122.4,19840.0,112640.0,20189.0,0.4237
35525.2,46988.3,35852.7,47360.0,0.4236
31070.2,15360.0,31489.8,15965.8,0.4236
104173.7,5272.2,104320.0,5333.7,0.4236
61608.2,16962.9,61758.3,17182.3,0.4235
36315.8,55043.1,36380.2,55176.7,0.4235
65700.8,14773.8,65914.4,14994.3,0.4235
44214.6,13868.7,44474.8,14051.0,0.4235
87362.7,9716.0,87594.6,9774.0,0.4235
1923.6,63746.2,2006.1,64045.4,0.4234
18888.1,69688.2,19520.0,69990.0,0.4234
104320.0,14417.3,104581.2,14744.0,0.4234
85440.0,11505.1,85760.0,11606.3,0.4232
23347.8,49601.9,23491.8,49893.1,0.4232
20021.4,53206.5,20469.7,53431.0,0.4232
38875.9,19841.4,39040.0,19953.8,0.4231
32175.2,23360.0,32308.9,23470.9,0.4231
18642.4,42962.6,19200.0,43139.0,0.4231
62343.9,22082.7,62552.2,22127.7,0.4231
31698.5,43840.0,31902.3,44154.3,0.4231
109628.2,18567.1,110073.9,18880.8,0.4230
36401.3,15507.7,36798.6,15766.5,0.4230
95365.0,9584.7,95599.8,9920.0,0.4229
75842.4,11305.0,76072.4,11496.6,0.4229
80529.3,17282.7,80891.2,17914.7,0.4229
32352.5,50894.9,32921.1,51404.4,0.4229
33519.4,12260.0,33661.9,12480.0,0.4229
60935.8,5771.2,61295.3,6021.8,0.4228
65324.3,24067.8,65919.1,24589.0,0.4227
107532.5,12983.3,108032.2,13358.6,0.4227
88640.0,7363.0,88830.3,7407.0,0.4227
35024.9,23450.5,35189.8,23485.9,0.4227
15482.8,67878.4,15585.7,68160.0,0.4226
27208.2,56640.0,27430.7,57202.5,0.4226
58303.3,14348.5,58451.6,14502.0,0.4226
63427.7,19840.0,63680.0,19951.2,0.4225
84395.2,9291.1,84788.4,9499.6,0.4225
56041.0,22643.4,56382.6,22720.0,0.4225
24320.0,30258.6,24546.0,30720.0,0.4224
102654.6,19424.4,102862.7,19518.3,0.4224
105831.4,18035.9,105919.7,18240.0,0.4224
38080.0,27208.6,38404.1,27278.8,0.4223
36808.4,46646.3,36993.6,46718.5,0.4223
43840.0,21773.3,44374.6,21982.1,0.4222
53498.6,2248.8,53760.0,2391.5,0.4221
63685.8,14376.1,64003.3,14444.1,0.4221
16453.6,32788.1,16601.2,33061.1,0.4220
110404.9,21831.7,110575.3,22035.7,0.4220
111843.4,21605.8,111997.0,21756.4,0.4220
32098.5,10832.2,32360.0,11010.6,0.4220
16962.8,26247.1,17516.2,26404.4,0.4219
19256.6,46155.7,19743.1,46386.0,0.4219
99231.8,8487.8,99677.5,8640.0,0.4218
31613.8,50926.5,31812.0,51048.8,0.4218
15464.0,65049.5,15672.1,65600.0,0.4218
31099.3,34261.7,31355.9,34445.5,0.4218
107635.5,22876.4,107955.4,23032.9,0.4218
86852.5,10244.3,87036.5,10562.7,0.4218
30691.3,47734.8,30826.1,47913.7,0.4216
50295.4,5760.0,50555.9,5937.7,0.4216
72008.2,8802.3,72539.9,8958.8,0.4215
33107.6,14127.0,33279.7,14340.2,0.4214
77125.0,18979.7,77585.3,19195.5,0.4214
27532.6,51698.0,27808.4,52152.5,0.4214
24961.1,64187.8,25177.4,64319.8,0.4214
12304.5,61881.6,12448.6,61971.4,0.4213
77120.0,19523.9,77454.1,19842.5,0.4213
109760.9,24254.7,110090.1,24640.0,0.4213
19687.8,53156.6,19823.9,53440.0,0.4213
24137.5,57038.6,24314.5,57600.0,0.4212
34560.0,29590.6,34873.4,29664.5,0.4212
32000.6,42293.7,32128.4,42560.0,0.4212
84166.9,8147.8,84473.5,8588.1,0.4212
32961.9,48001.2,33218.7,48188.2,0.4212
20099.5,47364.7,20475.9,47531.9,0.4212
58814.6,3107.4,59028.0,3199.5,0.4212
38400.0,18337.3,38684.5,18820.0,0.4211
103316.3,15861.8,103585.7,15997.2,0.4211
64553.2,10731.7,64774.5,10877.4,0.4211
103706.9,3955.4,104320.0,4460.7,0.4211
33948.8,53198.0,34239.5,53302.3,0.4210
64963.8,10581.6,65162.0,10877.1,0.4210
31680.0,12521.7,31736.6,12687.0,0.4210
25404.2,52488.2,25868.0,52695.1,0.4210
44002.7,8551.6,44240.2,8651.0,0.4209
52374.8,1280.0,52480.0,1514.6,0.4209
61400.0,21084.6,61724.8,21146.8,0.4209
15972.0,31682.8,16176.4,31730.0,0.4208
91843.6,14101.7,92480.0,14422.4,0.4208
98289.6,12433.8,98443.5,12476.0,0.4208
36163.1,9600.6,36371.8,9647.1,0.4208
74456.8,11202.6,74588.7,11500.5,0.4207
57929.5,6788.7,58307.5,7216.7,0.4207
41281.7,20887.5,41424.4,21031.4,0.4207
98560.0,5120.0,99184.8,5490.7,0.4207
63445.8,22646.9,63680.0,22718.5,0.4207
39040.0,21540.8,39389.2,21700.4,0.4206
98222.2,13621.8,98558.6,13728.5,0.4206
96800.2,16002.8,96960.0,16165.8,0.4206
75676.6,13858.8,75903.8,13957.8,0.4205
28245.5,50500.0,28349.4,50556.6,0.4204
64342.0,5135.0,64958.0,5701.6,0.4204
34908.4,14112.2,35200.0,14201.0,0.4203
36733.2,34133.5,36936.5,34214.3,0.4203
35210.0,35640.1,35646.4,36156.2,0.4202
32640.0,9345.7,33060.9,9509.7,0.4202
61239.4,10240.0,61759.5,10464.0,0.4202
36480.0,8320.0,37106.6,8489.1,0.4201
64000.0,14561.5,64601.4,14714.5,0.4200
27211.8,61596.2,27837.7,62063.1,0.4200
31813.1,57036.0,31952.2,57185.9,0.4199
55695.3,17095.2,55984.3,17600.0,0.4199
45767.8,22086.7,46078.4,22246.8,0.4198
51376.9,22080.0,51520.0,22179.5,0.4197
38858.4,56320.0,39035.0,56642.0,0.4197
35023.1,27153.6,35196.7,27351.1,0.4197
33720.5,18074.4,33895.9,18231.6,0.4196
21500.5,58240.0,21842.0,58351.2,0.4196
70669.2,22459.3,71040.0,22531.2,0.4196
46080.0,21764.4,46693.8,22036.5,0.4196
104676.2,19130.0,104926.6,19254.5,0.4196
52480.5,15703.9,52801.5,16070.4,0.4195
22733.2,35537.4,23058.6,36159.9,0.4194
60420.6,22499.6,60477.9,22656.4,0.4194
53774.5,23403.6,54400.0,23680.0,0.4193
38579.6,47439.9,39038.2,48000.0,0.4193
17280.0,69392.6,17916.3,69747.5,0.4192
31290.2,19200.0,31359.0,19314.6,0.4192
73890.1,16099.9,74240.0,16640.0,0.4192
95361.6,6876.3,95545.3,7036.8,0.4192
86080.0,20705.5,86214.3,20800.0,0.4191
70094.0,18249.7,70373.7,18444.9,0.4191
127415.6,30116.9,127680.0,30400.0,0.4191
40471.8,10560.0,40588.6,10935.8,0.4190
34749.4,37440.0,34880.0,37552.4,0.4189
23057.4,58252.7,23458.6,58550.6,0.4189
31930.2,27840.0,32096.8,28106.2,0.4189
70313.8,13613.6,70534.9,13757.8,0.4187
27200.0,51179.8,27758.6,51355.5,0.4186
38720.0,32154.1,39300.6,32627.5,0.4186
55065.7,9254.4,55264.5,9458.9,0.4186
82575.8,21183.0,83200.0,21606.0,0.4186
19928.9,31069.6,19979.7,31161.8,0.4185
75430.6,14955.7,75650.9,15040.0,0.4184
110772.6,21255.8,111360.0,21752.4,0.4184
24329.9,48449.8,24954.7,48853.8,0.4184
78789.6,20739.9,79360.0,20909.2,0.4184
3025.9,62610.7,3236.2,62647.1,0.4184
40455.1,37760.0,40639.1,38086.8,0.4184
58560.0,12363.1,58913.2,12514.8,0.4183
24746.4,34883.5,25241.5,35071.1,0.4183
38516.5,52847.8,38999.9,53440.0,0.4183
36167.4,44517.5,36500.6,45118.9,0.4183
62147.4,7543.9,62205.5,7646.1,0.4182
32709.8,55041.6,32774.2,55191.9,0.4182
32646.3,47922.8,32790.6,48108.8,0.4182
70726.5,22428.3,71360.0,22714.6,0.4182
53174.0,15362.5,53300.5,15605.2,0.4181
102875.2,16776.1,103086.8,16887.2,0.4181
120320.0,24405.6,120931.9,24960.0,0.4181
43383.2,8736.7,43520.0,9107.2,0.4180
92665.8,14760.7,92800.0,14806.3,0.4179
98109.9,5531.3,98508.4,5706.3,0.4179
31733.2,49690.3,31999.8,49862.6,0.4179
59520.0,9093.7,59771.7,9280.0,0.4178
43694.1,21161.5,43840.0,21318.9,0.4178
74314.3,20160.0,74867.5,20544.0,0.4178
96968.9,5894.3,97228.5,6074.8,0.4177
20235.1,34329.0,20796.0,34790.3,0.4177
43748.0,9404.4,43839.1,9600.0,0.4176
79854.8,17889.0,80000.0,17920.0,0.4176
110158.4,18240.0,110400.0,18431.8,0.4175
38329.7,40640.0,38397.9,40742.9,0.4175
34605.4,43423.6,34694.3,43520.0,0.4175
95006.1,13532.8,95360.0,13598.6,0.4174
38147.6,17603.6,38400.0,17874.6,0.4174
32640.0,8961.8,33200.9,9123.8,0.4174
116312.7,22404.2,116478.5,22621.5,0.4173
27117.7,32640.3,27231.0,32847.5,0.4173
51970.4,22345.3,52475.1,22695.4,0.4173
33709.5,50240.0,33916.5,50495.4,0.4172
34252.0,57064.1,34760.8,57214.3,0.4172
39094.9,38809.2,39680.0,39174.7,0.4172
14681.1,63360.0,14757.0,63482.6,0.4172
15073.2,67124.9,15200.8,67200.0,0.4171
28581.8,38847.8,28908.1,38932.4,0.4171
17744.9,40746.1,17955.6,40788.9,0.4171
18888.5,27200.0,19520.0,27456.7,0.4171
88009.9,15779.1,88625.0,16247.0,0.4171
19035.9,36800.4,19520.0,36989.4,0.4171
29761.1,56334.3,30122.3,56521.8,0.4171
19931.6,34560.0,20160.0,34800.6,0.4170
23417.6,61458.2,23680.0,61747.5,0.4170
17727.6,37312.0,17917.5,37437.6,0.4170
92868.5,11523.6,93427.9,11696.6,0.4169
54009.1,10676.4,54373.0,10759.0,0.4169
52051.9,2409.9,52419.2,2739.0,0.4169
54401.6,2240.0,54583.9,2412.0,0.4168
26569.9,41482.6,26946.3,41920.0,0.4168
36481.9,49280.0,36670.3,49845.0,0.4168
33688.7,24573.9,33893.8,24683.2,0.4167
56419.2,12948.9,56550.5,13012.2,0.4167
40334.5,21892.3,40960.0,22326.1,0.4167
49723.9,21706.4,49875.0,21757.7,0.4167
47041.4,14720.0,47208.2,14981.3,0.4167
36222.5,52384.0,36333.5,52707.5,0.4167
31680.0,24320.3,31887.3,24828.6,0.4167
59202.9,21893.9,59804.4,22080.0,0.4166
36536.9,57602.2,36721.6,57814.4,0.4166
69120.0,20835.4,69359.5,21437.8,0.4166
99842.5,16786.6,100062.7,16960.0,0.4166
109129.9,16709.6,109728.6,17279.0,0.4165
100469.5,13256.3,100797.1,13439.1,0.4165
63731.2,22590.4,63999.4,22719.2,0.4165
54096.2,8865.1,54632.1,9266.4,0.4164
17920.0,51200.0,18001.1,51356.8,0.4164
32003.5,53760.1,32194.3,54020.9,0.4164
36279.0,54402.6,36377.8,54610.8,0.4163
31367.3,30210.7,31422.7,30396.7,0.4163
84321.5,8722.7,84478.8,9006.4,0.4163
95366.5,8630.7,95903.3,8960.0,0.4162
100651.5,5760.0,101094.5,6036.5,0.4162
18242.7,63680.0,18434.4,63811.9,0.4161
54734.5,15040.0,55305.7,15357.6,0.4161
31150.4,14080.0,31293.4,14233.4,0.4160
35205.1,57639.3,35406.4,57828.3,0.4160
48640.0,14793.6,48904.2,15360.0,0.4159
64421.2,7354.9,64784.6,7668.8,0.4158
38548.0,46098.3,38717.2,46325.5,0.4158
19134.8,33329.2,19505.9,33851.4,0.4157
74145.5,12780.1,74236.5,12868.7,0.4157
102156.8,10033.9,102720.0,10417.8,0.4156
12486.8,66097.9,12795.6,66232.6,0.4156
100569.0,17295.8,100792.5,17497.0,0.4156
77030.2,7682.1,77439.1,7758.0,0.4156
38024.0,13124.1,38118.2,13344.6,0.4156
33600.0,20713.8,34179.7,20890.4,0.4155
74604.9,20175.5,75192.5,20674.2,0.4155
60523.5,22897.4,60718.0,22933.8,0.4154
87604.3,7363.1,87830.4,7404.9,0.4154
23425.2,44480.0,23671.0,44601.3,0.4153
103361.2,18597.8,103551.3,18788.0,0.4153
20173.3,69688.4,20800.0,69990.0,0.4152
17602.2,68179.2,17897.2,68721.4,0.4152
3454.9,65826.2,3516.6,65966.1,0.4152
9604.2,61161.2,10046.4,61331.3,0.4151
89915.6,10358.7,90140.3,10560.0,0.4150
28485.3,44480.0,28902.6,45050.7,0.4150
20480.0,53514.8,20804.5,54061.1,0.4150
34158.4,40810.7,34332.0,40851.5,0.4149
51692.4,19111.0,51888.8,19166.5,0.4149
65154.6,9606.5,65351.9,9741.7,0.4148
123866.7,28160.0,124466.0,28660.3,0.4148
50970.7,960.0,51099.2,1089.5,0.4148
79675.5,18857.0,79977.4,19190.8,0.4148
31596.0,34412.1,31812.8,34557.6,0.4147
21124.8,33280.0,21609.1,33523.5,0.4147
31946.1,60719.1,32000.0,60800.0,0.4146
85780.7,18257.3,86174.0,18879.7,0.4146
35007.1,54350.0,35210.4,54454.8,0.4146
36160.0,20828.6,36385.1,21003.4,0.4145
24000.0,35107.2,24049.9,35258.1,0.4145
40002.4,8394.1,40320.8,8559.7,0.4144
37678.8,55121.4,37798.3,55470.6,0.4144
44480.0,12696.7,44700.6,12800.0,0.4144
20161.0,36880.2,20408.2,37353.8,0.4144
30503.5,51551.5,31009.9,52157.8,0.4144
34563.8,55040.0,34637.1,55285.4,0.4144
32001.6,27522.1,32359.5,27928.9,0.4143
32320.0,11225.3,32937.8,11520.0,0.4143
22803.0,65050.4,23035.8,65600.0,0.4143
29554.5,60480.0,29755.1,60731.3,0.4142
31017.4,31498.2,31091.9,31680.0,0.4142
41920.0,21155.1,42524.1,21440.0,0.4141
94722.5,8769.9,95050.1,8958.2,0.4141
30292.1,58384.6,30400.0,58638.4,0.4140
102731.7,14529.9,103360.0,14939.3,0.4140
97280.7,14456.4,97920.0,14849.3,0.4140
35520.0,49085.9,36046.2,49280.0,0.4139
92712.5,13137.3,92861.7,13398.1,0.4139
53085.6,2835.0,53355.6,2974.4,0.4138
40964.5,11939.6,41111.2,12157.3,0.4138
85029.8,11840.0,85199.4,12186.2,0.4137
50571.6,14457.3,51165.3,15028.7,0.4137
34240.0,13762.9,34428.5,13934.1,0.4137
80960.8,11200.0,81149.6,11328.7,0.4136
106880.0,20548.1,107237.6,21114.2,0.4136
69805.1,11207.6,70238.0,11419.7,0.4136
26255.1,55821.7,26754.0,56293.1,0.4136
34032.4,37390.9,34170.4,37440.8,0.4136
71700.7,18989.2,72000.0,19500.0,0.4135
34560.4,47680.0,34678.0,47841.7,0.4134
108803.9,9601.9,109004.7,9745.0,0.4134
89921.4,13121.5,90019.4,13264.6,0.4133
130027.8,30869.5,130463.1,31354.3,0.4133
45651.5,21701.1,45999.0,21760.0,0.4133
37121.6,42316.9,37449.8,42864.7,0.4132
57600.0,18037.7,57899.2,18435.7,0.4132
81712.0,16157.0,81770.5,16320.0,0.4131
30400.4,25673.1,30990.3,26240.0,0.4131
48322.6,10685.7,48480.6,11024.5,0.4131
40482.8,36534.1,40901.3,37120.0,0.4131
35207.4,50568.2,35840.0,50889.5,0.4131
75272.3,14012.0,75510.0,14153.5,0.4131
48419.9,11397.6,48620.4,11518.3,0.4131
47783.2,14760.2,48304.8,15356.3,0.4130
122880.8,36592.5,122990.5,36800.0,0.4130
47659.6,21690.7,48000.0,21753.4,0.4130
91929.1,16794.3,92153.6,16956.8,0.4130
54080.0,18880.7,54266.0,18932.0,0.4130
101810.6,19066.8,102074.4,19195.9,0.4130
126402.1,30315.1,126528.3,30471.5,0.4129
31680.6,24976.1,32032.2,25280.0,0.4129
67910.1,11998.6,68154.0,12158.5,0.4128
36419.4,37844.1,36495.7,37986.2,0.4127
61190.7,7419.1,61760.0,7974.5,0.4127
55040.0,14781.3,55327.6,14843.5,0.4126
16642.4,68759.7,16837.2,69080.4,0.4126
70632.7,13603.2,70855.8,13741.8,0.4125
86962.5,16004.0,87344.6,16178.1,0.4125
31703.6,8000.0,32318.5,8414.0,0.4125
37136.4,50040.9,37590.4,50554.0,0.4125
20812.4,50950.3,21136.4,51520.0,0.4125
35243.4,47385.7,35520.0,47530.6,0.4124
34061.4,15683.1,34238.6,15857.3,0.4124
34567.1,22589.6,34842.9,22720.0,0.4124
33590.1,48737.8,33920.0,48948.3,0.4123
60307.0,20802.8,60480.0,21084.2,0.4123
20524.3,43207.7,20800.0,43519.1,0.4122
126720.0,35559.8,127181.5,35846.1,0.4122
45120.0,10882.1,45320.4,10922.2,0.4121
25450.6,38123.3,25551.9,38400.0,0.4121
22756.6,59670.1,23215.8,60131.3,0.4120
72353.1,16325.2,72804.1,16886.7,0.4120
75694.0,18622.6,75839.7,18757.1,0.4120
72003.9,13353.3,72249.1,13506.9,0.4119
81608.9,8082.3,82240.0,8591.1,0.4119
94080.0,10985.9,94572.7,11185.2,0.4117
34560.0,18102.5,34775.2,18240.0,0.4117
36161.6,22400.0,36514.7,22966.1,0.4117
20199.5,60481.1,20612.0,60661.0,0.4116
100801.8,16640.0,101284.9,17212.2,0.4116
119360.0,32003.5,119867.2,32318.4,0.4116
26561.9,32320.0,26628.9,32488.9,0.4116
33325.4,42561.7,33600.0,42759.9,0.4116
32122.2,28825.0,32263.0,28882.2,0.4116
30517.9,45443.5,30797.2,45516.7,0.4115
46720.0,21836.1,47344.5,22265.8,0.4115
58803.7,21926.8,59184.7,22071.0,0.4115
78249.7,10772.3,78346.1,10859.7,0.4114
7308.7,61527.2,7680.0,61674.8,0.4114
63477.1,15776.7,63680.0,15965.8,0.4114
30756.5,28802.0,30854.4,28911.7,0.4114
22121.8,58398.4,22400.0,58674.8,0.4113
28109.7,62400.0,28473.5,63011.1,0.4113
65921.4,18141.2,66239.0,18242.3,0.4113
34671.0,54357.2,34871.4,54456.9,0.4113
62720.0,21866.9,63282.0,22077.9,0.4112
122560.9,29125.5,122710.3,29366.0,0.4112
107527.6,17606.2,108050.2,17982.6,0.4112
54080.0,13443.1,54309.1,13530.8,0.4112
64000.0,23315.4,64163.5,23358.2,0.4110
74257.7,23105.9,74444.9,23147.1,0.4110
92548.6,9422.0,93120.0,9598.5,0.4110
85041.5,13776.6,85309.9,14061.4,0.4110
25145.7,30601.9,25280.0,30720.0,0.4110
49025.8,23361.5,49099.4,23453.8,0.4110
123526.4,26335.3,124156.9,26880.0,0.4109
35040.0,40841.7,35235.5,41122.9,0.4109
33750.3,48103.1,33947.0,48317.7,0.4109
71040.0,15040.0,71381.5,15402.1,0.4109
8005.4,66560.0,8104.3,66654.6,0.4109
64819.0,19894.4,65113.1,20159.9,0.4108
76254.4,15098.6,76476.4,15251.4,0.4108
19522.1,42932.3,19831.4,43062.3,0.4108
80141.9,18195.5,80325.8,18236.9,0.4107
4188.7,65281.8,4477.9,65469.8,0.4107
21184.9,29464.8,21564.1,29749.3,0.4107
38346.3,30080.0,38510.2,30447.9,0.4107
28160.0,38835.5,28751.8,39178.9,0.4106
96915.0,9620.8,97087.8,9739.8,0.4106
26807.7,32576.8,26879.1,32891.5,0.4106
3001.0,62900.8,3198.3,63167.4,0.4106
17049.6,62533.6,17280.0,62718.0,0.4105
32977.0,24000.0,33291.8,24374.6,0.4105
54126.9,4661.7,54298.7,4797.3,0.4105
33938.7,29068.2,34240.0,29143.0,0.4105
31681.6,53120.7,31822.1,53299.9,0.4104
64640.0,10151.7,64760.4,10240.0,0.4104
96682.5,18002.7,97280.0,18480.2,0.4104
116513.3,30170.7,117102.1,30720.0,0.4104
36097.8,59390.3,36480.0,59514.4,0.4104
49619.9,24285.1,50240.0,24610.5,0.4104
39340.7,32514.7,39676.9,32576.1,0.4103
87615.6,15688.0,87984.4,15792.2,0.4103
53992.9,1753.6,54055.2,1912.5,0.4102
94429.6,11520.0,94718.8,11678.3,0.4101
54149.5,13352.4,54400.0,13431.4,0.4101
57600.8,18579.3,57718.9,18792.7,0.4101
14720.0,68399.9,15063.6,68475.3,0.4101
34543.8,11327.6,34880.0,11453.5,0.4099
130658.8,32640.0,130785.5,32752.2,0.4099
98959.3,16192.9,99159.9,16374.2,0.4099
104961.1,7984.2,105430.6,8319.0,0.4099
40004.6,34955.2,40608.4,35517.2,0.4099
98240.0,14750.4,98836.7,14943.0,0.4098
104334.3,21616.8,104800.8,22080.0,0.4098
33037.3,39361.1,33280.0,39479.9,0.4098
56963.7,15362.2,57045.2,15492.4,0.4098
82883.4,19710.8,83123.5,19911.4,0.4097
86884.0,10392.8,87119.3,10559.0,0.4097
67846.3,23042.0,68152.1,23400.5,0.4096
120016.9,26652.8,120515.7,27182.3,0.4096
8344.4,61447.0,8640.0,61629.2,0.4095
95155.0,10301.6,95360.0,10560.0,0.4095
38401.3,28236.8,38528.8,28480.0,0.4095
123576.8,30491.5,124160.0,31040.0,0.4094
58902.5,23756.5,59520.0,24318.1,0.4094
110739.5,22742.0,111040.0,22823.9,0.4094
65984.7,8964.8,66177.1,9068.8,0.4093
66092.9,11602.9,66239.4,11728.9,0.4093
25922.6,39873.5,26148.0,40257.4,0.4092
30400.0,41600.0,30680.6,41664.0,0.4092
3271.7,63746.3,3822.8,64320.0,0.4091
19685.6,69242.2,20160.0,69437.4,0.4091
51222.7,8957.3,51408.2,9273.8,0.4090
60096.3,18565.4,60276.6,18619.7,0.4090
31680.0,53216.0,32255.2,53543.6,0.4090
110725.8,21653.4,110846.0,21924.7,0.4090
38195.0,25070.6,38339.9,25231.4,0.4090
34536.7,55704.3,34861.7,56316.5,0.4089
17346.7,47395.4,17557.6,47434.1,0.4089
34737.0,57569.5,34952.7,57600.0,0.4088
68804.3,14146.9,69049.4,14354.2,0.4088
27649.0,33646.1,27835.1,33833.9,0.4088
67200.0,7691.5,67283.5,7826.1,0.4088
16001.7,30745.2,16320.0,30904.9,0.4088
28480.0,54403.6,28762.1,54740.0,0.4087
22484.2,60481.0,22720.0,60608.6,0.4087
62775.4,10283.1,63358.7,10560.0,0.4087
29444.7,29214.0,30035.1,29760.0,0.4086
30238.9,35920.0,30447.9,36080.2,0.4086
84572.1,10563.3,84766.3,10720.8,0.4086
72938.0,20747.6,73039.9,21063.1,0.4086
18580.5,36900.0,18943.8,37115.8,0.4086
34439.0,39538.4,34608.4,39686.4,0.4085
36161.4,42788.6,36223.5,42877.6,0.4085
37359.3,51896.1,37525.4,52160.0,0.4085
82587.7,11844.4,82880.0,11909.8,0.4085
68945.9,18756.8,69118.4,18979.7,0.4085
82240.0,18297.3,82358.6,18521.9,0.4085
73525.6,13608.7,73713.5,13754.9,0.4085
43449.3,9114.6,43825.1,9381.1,0.4085
103529.6,4498.2,103680.0,4628.4,0.4084
68495.6,24728.7,69120.0,25102.9,0.4083
82255.6,21097.7,82880.0,21440.0,0.4083
64913.6,15360.0,65027.5,15687.9,0.4083
85268.5,7363.4,85440.0,7409.2,0.4083
90577.2,6526.3,91050.4,7040.0,0.4081
27342.5,66071.1,27515.9,66343.9,0.4081
79845.3,18243.5,80043.2,18282.8,0.4080
22725.4,29171.4,23052.2,29760.0,0.4080
60480.0,18801.8,60820.9,18879.1,0.4080
66632.0,11358.8,66874.6,11519.3,0.4079
34880.0,26612.5,35026.8,26764.2,0.4078
6721.9,60481.9,7190.2,60687.3,0.4078
56644.7,22020.4,56856.6,22158.4,0.4078
27520.0,46674.8,27630.1,46713.7,0.4078
2661.6,66630.8,2714.6,66784.4,0.4078
47041.0,13121.8,47558.2,13301.3,0.4077
75179.0,19542.6,75499.8,19712.8,0.4077
20449.5,37120.0,20800.0,37245.1,0.4077
60160.0,18522.5,60287.1,18559.3,0.4077
58807.1,21923.2,59200.0,21997.8,0.4076
122256.1,39154.7,122880.0,39544.6,0.4076
122190.3,36262.8,122391.0,36424.1,0.4075
39647.9,42283.7,39992.1,42880.0,0.4075
31175.9,31302.3,31360.0,31636.8,0.4075
88124.2,7363.3,88320.0,7406.9,0.4075
37220.0,26893.4,37757.1,27132.4,0.4075
95679.5,11840.0,95995.8,12428.5,0.4075
81965.3,8322.3,82560.0,8705.5,0.4075
33935.2,51678.8,34560.0,52112.9,0.4074
24806.4,60258.9,24871.1,60364.0,0.4074
129295.6,35301.6,129898.7,35836.6,0.4074
27234.8,38630.5,27806.8,38781.7,0.4074
33365.2,49601.9,33575.4,49890.0,0.4073
76865.1,16409.9,77022.1,16591.0,0.4073
34700.3,8970.9,35190.7,9451.6,0.4072
34539.9,55782.1,34682.3,56000.0,0.4072
41231.8,18891.4,41278.2,19062.7,0.4072
127245.4,32687.0,127378.8,32758.7,0.4072
54902.4,7054.1,55275.9,7419.8,0.4071
58059.4,4620.0,58409.3,4800.0,0.4071
27021.5,62080.0,27196.5,62301.6,0.4071
15680.0,30148.0,16009.0,30720.0,0.4071
88329.4,10560.0,88461.9,10782.8,0.4070
77145.4,20290.8,77280.0,20334.2,0.4070
59595.1,22633.0,59840.0,22720.0,0.4069
70722.9,8807.0,70881.5,9106.7,0.4069
63040.1,20481.3,63159.3,20817.0,0.4068
35653.8,34725.8,35885.8,34878.1,0.4068
40015.8,38472.3,40622.8,39032.3,0.4068
55681.0,12862.5,55952.9,13118.0,0.4068
20480.5,56961.2,20594.4,57104.3,0.4068
129201.6,34941.5,129583.5,35200.0,0.4066
92823.4,6095.1,93440.0,6423.8,0.4066
60049.9,16330.1,60159.9,16459.3,0.4066
57360.3,2243.9,57920.0,2831.4,0.4066
27141.6,30781.0,27241.5,31040.0,0.4066
38207.1,32960.0,38394.7,33249.5,0.4065
25600.0,53797.2,26113.7,54342.3,0.4065
34259.0,27575.5,34716.8,28155.0,0.4065
92320.2,9120.7,92756.2,9277.5,0.4064
62233.0,6232.2,62395.5,6393.0,0.4064
51236.5,9800.3,51520.0,9939.5,0.4064
22485.0,59017.1,23036.6,59196.6,0.4063
107216.6,15040.0,107677.8,15620.2,0.4063
100240.0,18070.6,100473.4,18238.2,0.4063
30954.8,34718.7,31175.8,34871.7,0.4063
98883.5,17083.2,99043.5,17280.0,0.4063
64071.3,10718.0,64315.2,10878.8,0.4063
112345.9,21764.6,112958.8,22075.4,0.4062
93079.9,11840.0,93440.0,11967.1,0.4062
54023.2,4821.0,54128.8,4910.6,0.4061
128760.2,32775.0,129107.2,32884.9,0.4061
72333.1,15586.9,72958.0,15738.0,0.4061
43158.2,10949.6,43511.3,11520.0,0.4060
33782.2,42562.7,33920.0,42742.2,0.4058
17254.1,40344.9,17565.1,40956.9,0.4058
20237.3,64166.7,20800.0,64318.1,0.4058
48824.8,23043.8,49052.9,23113.0,0.4058
63325.4,7056.3,63632.3,7469.1,0.4057
90240.0,8779.9,90672.3,8920.4,0.4056
31364.4,53125.3,31553.6,53292.3,0.4056
84994.5,11591.0,85266.4,12160.0,0.4056
21760.9,59328.3,22109.5,59510.8,0.4056
31468.7,44193.9,31534.9,44393.0,0.4055
76480.0,21697.1,76938.7,21858.9,0.4055
57778.0,10792.4,57919.5,11032.0,0.4054
26564.8,30405.1,26893.2,30614.2,0.4054
111399.5,24647.2,111751.1,24959.4,0.4054
77886.7,11016.2,78049.8,11366.3,0.4053
16339.1,32004.6,16436.4,32110.4,0.4053
83520.2,14177.0,83642.7,14400.0,0.4052
58941.9,22541.4,59116.1,22716.9,0.4051
34952.9,43459.2,35008.3,43616.0,0.4051
52931.1,9310.9,53113.2,9914.9,0.4051
70788.0,17280.1,71163.5,17351.1,0.4051
27442.5,38620.7,27825.4,38718.0,0.4051
18372.6,42069.5,18697.5,42514.9,0.4051
48960.0,12480.8,49030.8,12575.7,0.4050
37834.2,24960.0,37989.9,25324.9,0.4050
50326.5,22498.6,50880.0,22705.0,0.4050
95892.5,11520.4,96030.4,11711.2,0.4050
82807.8,13627.7,83196.3,13727.1,0.4050
62836.2,22542.0,63005.1,22591.8,0.4049
107592.2,17338.0,107840.0,17523.0,0.4049
33924.7,54403.3,34291.0,54475.4,0.4049
32928.1,15683.3,33192.3,15744.3,0.4049
73611.1,23109.9,74240.0,23470.3,0.4048
20003.4,49419.9,20467.3,49895.5,0.4048
110126.1,21468.9,110706.8,22068.8,0.4048
75390.9,13933.2,75588.7,14077.1,0.4048
36230.8,27542.1,36467.3,27722.2,0.4047
16492.3,31361.1,16821.0,31450.6,0.4047
69596.0,23680.0,69760.0,23846.1,0.4047
31177.9,53593.4,31663.2,54072.5,0.4046
32960.0,18337.7,33385.1,18560.0,0.4046
36164.5,34021.2,36333.8,34240.0,0.4046
54322.1,23428.6,54720.0,23503.0,0.4046
52883.8,13249.0,53428.8,13747.3,0.4046
33608.9,48332.3,33786.1,48373.0,0.4046
27396.3,38084.7,27506.4,38256.6,0.4046
38515.7,54800.3,39040.0,55360.0,0.4045
28357.9,63040.1,28479.8,63152.9,0.4044
58945.8,3200.0,59520.0,3559.5,0.4044
90890.8,14464.5,91520.0,14822.5,0.4043
20160.0,52753.4,20485.6,53113.4,0.4043
51522.5,5446.3,51591.8,5527.6,0.4042
22543.7,62720.0,23021.0,63126.9,0.4042
36480.0,49035.2,36699.4,49600.0,0.4042
58826.5,8464.5,58879.5,8613.2,0.4042
20480.0,63432.2,21005.4,63971.2,0.4041
31437.2,8894.4,31678.6,8957.8,0.4041
92489.8,8335.2,93120.0,8638.4,0.4040
34886.6,22080.0,35293.2,22682.0,0.4040
23056.3,52885.2,23511.6,53353.0,0.4039
40961.9,17372.1,41284.7,17920.0,0.4038
31684.3,38373.9,32320.0,38720.0,0.4037
66085.9,21445.1,66178.5,21509.5,0.4037
74794.9,13932.9,75013.5,14076.7,0.4036
27480.0,44482.0,27840.0,44546.4,0.4034
17620.4,50327.6,18036.5,50880.0,0.4034
16165.2,42134.5,16320.0,42240.0,0.4034
7363.8,60165.7,8000.0,60474.3,0.4033
31067.4,17319.3,31680.0,17600.0,0.4033
34522.5,54782.2,34626.4,55040.0,0.4033
56324.3,9600.0,56516.4,9906.7,0.4032
130196.6,32002.8,130482.6,32062.3,0.4031
88325.3,15693.5,88642.6,16014.7,0.4031
57629.5,22981.1,57920.0,23092.8,0.4031
18888.2,68177.0,19158.7,68613.4,0.4031
111680.0,21507.0,112090.8,22053.2,0.4031
107226.4,14158.8,107836.2,14720.0,0.4031
37761.9,40077.5,37960.3,40311.7,0.4030
103041.6,20883.0,103408.2,21116.0,0.4030
3467.5,65296.2,3577.5,65477.2,0.4030
63717.7,10396.1,64000.0,10530.5,0.4030
28893.1,38432.5,28948.3,38566.6,0.4029
56236.1,20672.9,56619.5,21113.6,0.4029
75201.7,20204.4,75456.3,20489.4,0.4029
29209.4,60293.8,29439.2,60477.9,0.4028
26141.5,44864.6,26436.3,45245.6,0.4028
91812.9,11394.2,92160.0,11491.3,0.4027
50673.3,7506.5,51186.7,8000.0,0.4027
61051.9,23375.7,61440.0,23461.5,0.4027
100805.2,16392.3,101350.2,16960.0,0.4027
88098.9,17280.0,88221.5,17328.6,0.4026
63693.6,8977.7,64076.4,9403.6,0.4025
34561.0,19840.0,34710.6,19995.9,0.4025
33282.2,14330.0,33533.1,14699.7,0.4025
58098.1,7773.8,58238.2,8000.0,0.4025
68450.0,23394.4,68609.8,23431.6,0.4025
25888.1,34473.5,26079.8,34511.9,0.4025
33983.6,47364.7,34228.4,47510.5,0.4024
72510.6,8336.9,72579.7,8501.6,0.4024
31911.2,61173.0,32315.0,61241.6,0.4022
19857.8,68585.3,20050.2,68787.5,0.4022
18029.8,36062.7,18481.1,36474.6,0.4022
35520.8,35204.3,35772.5,35646.4,0.4021
51131.8,1970.0,51200.0,2240.0,0.4020
20178.0,53190.2,20800.0,53595.0,0.4020
76802.7,16511.9,76979.3,16811.5,0.4020
105828.7,19278.1,106042.7,19452.4,0.4020
76175.5,16089.2,76309.0,16136.2,0.4020
16459.5,39116.4,16886.0,39261.9,0.4020
20184.4,49604.7,20478.4,50029.6,0.4019
36484.7,40321.6,36841.3,40588.7,0.4019
17421.6,28161.6,17526.8,28221.6,0.4019
28872.3,34572.2,29176.2,35200.0,0.4019
32902.9,42143.2,32981.5,42272.7,0.4018
63988.2,16562.8,64320.0,16625.7,0.4018
21145.7,66718.5,21432.1,67172.6,0.4018
18560.0,63842.4,18963.0,63997.5,0.4018
68987.5,12943.4,69176.2,13157.8,0.4018
64960.1,21122.2,65056.8,21306.2,0.4017
25920.0,37360.7,26498.6,37668.3,0.4016
101678.3,14800.0,102080.0,14885.6,0.4016
35521.4,19811.6,35793.1,20160.0,0.4015
39685.1,14572.9,39914.0,15020.7,0.4015
101122.3,13805.2,101259.8,14080.0,0.4015
34636.5,13827.1,34879.6,13933.9,0.4014
70126.9,18751.2,70400.0,18891.6,0.4014
16014.6,42360.7,16640.0,42725.4,0.4014
75112.8,13920.5,75334.2,14062.0,0.4014
33191.4,14362.9,33573.8,14476.9,0.4013
35521.1,11364.6,35698.9,11518.7,0.4013
65286.4,22089.9,65757.5,22236.2,0.4013
97629.4,18587.3,98240.0,18998.8,0.4013
32005.6,39412.4,32320.0,39480.3,0.4012
36978.9,24828.3,37120.0,24922.7,0.4012
110818.4,24751.4,111049.4,24960.0,0.4012
74960.3,17395.3,75299.1,17471.0,0.4012
58959.8,9280.0,59106.1,9541.2,0.4012
40963.9,12911.4,41136.5,13114.4,0.4011
100011.9,12519.7,100160.0,12626.4,0.4011
36112.2,23278.4,36480.0,23353.0,0.4010
22140.3,28480.0,22400.0,28546.9,0.4010
64322.1,10291.5,64569.1,10519.4,0.4009
53387.1,2761.5,53678.8,2823.3,0.4009
18259.7,51235.0,18333.8,51433.1,0.4009
70846.6,17287.9,71355.8,17440.5,0.4008
105037.6,6720.0,105175.1,6808.2,0.4008
29622.7,56435.5,29760.0,56506.2,0.4008
19533.3,36590.5,20157.4,36781.4,0.4008
83843.7,14892.0,83923.3,15025.5,0.4008
8022.0,60160.0,8640.0,60477.5,0.4007
22290.3,49049.8,22400.0,49207.3,0.4007
94404.8,10141.5,94651.3,10239.4,0.4007
94087.6,12488.5,94646.9,12792.5,0.4007
37491.0,35317.2,37843.3,35840.0,0.4006
122885.0,34718.4,123029.2,34880.0,0.4006
25423.2,44284.3,25600.0,44416.2,0.4006
70181.7,7680.0,70358.6,7725.2,0.4006
35301.5,54089.7,35515.9,54390.3,0.4005
128000.0,35200.0,128067.8,35340.6,0.4005
88678.0,18560.0,88938.7,18739.5,0.4004
93767.9,11678.3,94046.7,11775.8,0.4004
93120.0,9978.8,93541.0,10234.6,0.4004
3221.3,62723.0,3406.4,62913.3,0.4003
38152.7,24720.6,38351.5,24960.0,0.4003
125440.0,34768.7,125577.3,34880.0,0.4003
84018.8,16668.3,84097.5,16805.7,0.4002
83264.2,17280.0,83420.1,17513.2,0.4002
117045.5,30401.9,117440.0,30509.0,0.4002
98465.1,8071.4,98688.3,8196.2,0.4002
72629.9,20592.6,72944.1,21120.0,0.4002
21440.0,55758.4,21669.0,56212.4,0.4001
74381.8,15383.5,74864.7,15632.3,0.4001
100975.9,19006.0,101120.0,19258.8,0.4000
25604.2,44278.6,25790.5,44361.8,0.4000
14400.0,63784.8,14696.7,64320.0,0.4000
37132.8,15496.3,37710.5,15673.6,0.4000
37120.0,18864.0,37224.1,19181.7,0.3999
76160.1,7683.1,76392.2,7723.1,0.3998
59231.2,13791.9,59378.3,13832.2,0.3998
18240.2,64642.3,18365.2,64743.1,0.3998
105601.1,16118.7,105832.6,16640.0,0.3998
33782.3,50880.0,33916.3,51161.3,0.3997
36174.4,14284.8,36624.0,14720.0,0.3997
24960.0,46790.2,25034.6,47039.9,0.3996
75842.6,10586.0,76023.1,10880.0,0.3996
5572.8,62247.3,6076.5,62701.7,0.3996
94314.4,13440.9,94490.9,13479.9,0.3995
41218.3,18813.8,41279.0,18988.3,0.3995
61551.8,20196.8,61760.0,20359.7,0.3995
32879.0,33451.9,33091.6,33596.7,0.3995
22080.9,41052.6,22254.8,41600.0,0.3995
123200.0,27083.0,123514.5,27520.0,0.3994
31360.0,17920.0,31496.7,18251.3,0.3994
77123.4,14695.5,77732.5,14839.2,0.3993
34110.1,29367.5,34307.9,29439.9,0.3993
52646.0,22370.6,52848.6,22400.0,0.3993
46471.1,17600.7,46548.4,17739.0,0.3993
26883.1,35200.0,26969.0,35469.0,0.3993
70815.1,10172.4,70920.7,10321.3,0.3992
13761.4,62794.8,13968.2,63040.0,0.3992
33475.1,43523.0,33899.1,44128.8,0.3992
28160.8,43895.4,28592.6,44116.0,0.3991
24750.5,50698.5,24871.0,50872.9,0.3991
25927.9,34910.7,26103.9,35199.9,0.3991
20800.0,32216.1,21074.9,32320.0,0.3990
31156.5,57611.0,31360.0,57814.6,0.3990
52480.0,2034.9,53041.3,2238.5,0.3989
17600.0,68759.0,17869.7,68841.8,0.3988
17764.3,59669.9,17920.0,60013.5,0.3988
18301.3,68880.0,18868.0,69413.7,0.3988
40125.6,38202.9,40633.5,38720.0,0.3988
62081.1,14115.8,62153.6,14215.4,0.3987
29125.2,59311.9,29473.4,59839.7,0.3987
32715.4,60888.4,32889.4,60984.9,0.3987
75921.4,15680.0,76160.0,15791.4,0.3987
52804.7,4160.0,52997.7,4342.9,0.3987
37117.4,34999.3,37432.2,35520.0,0.3987
21440.0,44480.0,22026.1,44636.4,0.3986
100818.3,8538.2,101285.0,8710.5,0.3986
127409.6,32435.5,127680.0,32707.1,0.3985
21737.6,52160.0,22080.0,52309.2,0.3984
18560.0,33117.9,18749.4,33200.9,0.3983
79048.1,20709.2,79360.0,20793.7,0.3983
30630.3,29467.2,30745.5,29760.0,0.3983
61766.7,13771.6,62202.5,13979.7,0.3982
15055.6,68327.1,15255.3,68480.0,0.3982
101127.1,17643.9,101333.5,17931.0,0.3982
77120.0,23120.9,77505.2,23357.6,0.3982
32075.4,13440.0,32320.0,13694.3,0.3982
89280.5,11536.4,89437.4,11705.7,0.3981
25280.0,37343.3,25742.9,37534.6,0.3981
45562.0,17558.2,45756.7,17920.0,0.3981
102218.2,6793.2,102720.0,6969.3,0.3981
52581.3,20893.3,52796.4,21107.1,0.3981
73921.8,16640.0,74132.2,16826.4,0.3980
79026.6,14342.3,79360.0,14400.0,0.3980
25347.5,37404.7,25451.3,37440.0,0.3979
32949.7,47835.5,33208.0,47998.9,0.3979
66174.5,21174.4,66336.8,21339.4,0.3979
94150.8,8976.6,94223.7,9111.4,0.3978
1414.7,65784.6,1920.0,66240.0,0.3978
89284.1,19804.4,89432.3,19920.9,0.3978
31908.0,61018.8,32164.0,61120.0,0.3978
37358.0,30849.1,37427.0,30949.9,0.3978
79399.1,16983.6,79655.9,17366.0,0.3978
46406.0,23448.3,46882.0,23996.6,0.3977
33222.2,21061.7,33582.4,21120.0,0.3976
76162.7,19385.4,76369.0,19519.7,0.3976
28757.2,41925.2,28919.6,42121.5,0.3976
56961.6,8678.1,57569.9,9137.8,0.3976
87836.4,21020.0,88000.0,21120.0,0.3974
28751.1,50943.5,28800.0,51135.9,0.3973
19345.0,67840.0,19517.1,68095.3,0.3972
28167.0,33879.3,28280.3,33920.0,0.3971
42086.1,12948.3,42240.0,13052.3,0.3971
26240.0,36160.0,26413.6,36339.5,0.3971
35840.9,47368.1,35987.2,47490.1,0.3971
66273.9,22282.2,66880.0,22433.4,0.3970
27958.1,32841.1,28013.7,32943.2,0.3970
49939.2,24222.3,50560.0,24615.3,0.3970
63826.4,20910.9,64164.0,20985.0,0.3970
37647.9,34154.0,37760.0,34240.0,0.3970
25831.1,33280.6,26237.6,33354.6,0.3969
103389.1,5156.8,103666.9,5440.0,0.3969
100480.0,14083.3,100662.2,14122.0,0.3968
71062.6,19174.7,71182.5,19477.7,0.3968
35843.3,45120.0,36166.9,45733.9,0.3968
31360.0,22728.0,31633.6,23194.9,0.3968
63680.0,4811.3,64293.4,5375.8,0.3968
28440.2,50661.0,28569.2,50726.9,0.3967
36435.2,58560.0,36617.0,58879.9,0.3967
31184.5,52734.4,31356.0,52880.8,0.3967
50319.9,4931.6,50391.8,5028.3,0.3967
72274.5,11187.7,72319.8,11387.2,0.3967
31387.6,33799.1,31459.5,33951.2,0.3966
21627.4,62276.0,21760.0,62501.4,0.3966
36857.0,39048.6,37217.3,39677.0,0.3965
74275.2,15161.4,74880.0,15593.8,0.3965
26438.1,49321.1,26822.2,49595.9,0.3965
28800.0,57280.0,28935.8,57388.9,0.3965
67074.6,23011.2,67345.3,23097.9,0.3964
32824.8,57060.7,33098.4,57196.9,0.3963
69912.4,19200.0,70079.5,19491.8,0.3963
16652.3,42630.3,17025.2,43200.0,0.3962
29760.1,31478.8,30344.1,31679.2,0.3962
25306.9,65617.5,25920.0,66111.3,0.3960
61120.0,7162.4,61268.6,7313.5,0.3960
78000.3,12800.0,78293.6,13027.5,0.3959
33566.5,39329.4,33732.4,39360.0,0.3958
122006.1,26563.9,122238.4,26757.6,0.3958
49622.0,11201.3,49920.0,11793.9,0.3956
40852.4,23680.6,40960.0,23811.0,0.3956
52892.3,9000.8,53092.7,9597.7,0.3955
71683.4,12753.2,72042.4,12997.4,0.3955
78531.0,12718.3,79036.9,13073.2,0.3955
56679.4,15378.4,57108.5,15998.6,0.3954
46738.0,8640.0,47360.0,9042.9,0.3954
49610.2,16406.6,49850.0,16825.7,0.3954
125423.8,32853.5,125758.8,32960.0,0.3954
36207.4,34021.3,36474.8,34171.4,0.3953
58560.0,16870.2,58871.9,17168.7,0.3953
7680.0,66875.5,8304.2,67200.0,0.3953
32000.0,37125.6,32165.8,37371.0,0.3953
84746.7,21883.1,85120.0,22040.7,0.3952
32801.9,44802.9,32949.9,45027.6,0.3952
19447.2,45440.0,19762.6,45579.0,0.3952
61516.4,16326.2,62029.9,16498.9,0.3952
34306.2,51865.3,34558.4,52019.6,0.3952
26508.3,40650.7,26642.2,40900.0,0.3950
18372.8,45128.8,18560.0,45362.0,0.3950
27545.2,44967.9,27737.0,45063.5,0.3950
25825.3,52262.9,25998.1,52480.0,0.3949
91114.4,8388.6,91519.6,8473.3,0.3949
28194.3,43269.4,28475.4,43697.5,0.3948
7090.6,65667.1,7355.4,65818.5,0.3948
94728.3,14400.0,95360.0,14691.8,0.3948
96640.0,9214.9,96925.2,9276.8,0.3947
66455.9,23148.3,66605.5,23318.5,0.3947
40350.9,21679.2,40960.0,22021.7,0.3946
105323.3,20800.0,105600.0,21005.4,0.3946
36896.6,48348.4,36975.7,48640.0,0.3945
78404.2,9920.0,78553.1,9970.8,0.3945
38368.1,34242.8,38716.8,34405.0,0.3945
56730.7,11846.1,57280.0,12057.7,0.3945
25920.0,38596.2,26142.7,38715.6,0.3945
64645.7,20160.5,64785.7,20396.4,0.3945
54098.2,6200.7,54720.0,6400.0,0.3945
97283.6,9772.7,97345.5,9877.4,0.3944
30706.0,39245.1,31040.0,39338.1,0.3944
98050.2,17600.0,98350.9,17856.5,0.3944
64505.5,8331.6,64960.0,8711.6,0.3944
88210.9,9132.9,88640.0,9271.8,0.3943
69772.3,24148.6,70400.0,24622.1,0.3943
100161.5,9920.0,100276.4,10017.4,0.3943
114560.0,25000.5,114646.4,25264.9,0.3942
102400.0,5195.2,102598.6,5366.3,0.3942
51690.9,14930.0,51837.7,15036.3,0.3942
34560.0,20735.0,35140.4,20894.3,0.3941
18575.0,55748.9,19053.5,56320.0,0.3941
78461.9,14629.0,79031.9,14782.9,0.3940
32596.6,44711.6,32767.3,44889.7,0.3940
65738.6,21175.1,65876.4,21333.7,0.3940
23376.8,64772.8,24000.0,65263.5,0.3940
32765.9,15117.3,33256.8,15680.0,0.3939
32339.8,27063.7,32630.8,27198.1,0.3939
72223.3,10902.3,72499.5,11151.8,0.3939
60486.6,22720.0,61120.0,23042.3,0.3938
40216.5,16362.2,40320.0,16699.9,0.3938
15680.0,31436.7,16005.1,32000.0,0.3937
58121.8,21214.9,58292.6,21373.6,0.3937
40486.8,20803.6,40646.4,20851.9,0.3937
106559.0,12480.0,106730.0,12788.6,0.3936
53132.6,2956.7,53760.0,3322.2,0.3936
6080.0,63682.1,6382.4,64132.7,0.3936
82242.1,12861.8,82380.0,13115.9,0.3935
2570.7,66958.7,3200.0,67345.9,0.3935
52157.0,16670.6,52480.0,16767.2,0.3934
36197.3,23046.5,36390.3,23089.9,0.3934
23296.9,43018.6,23360.0,43200.0,0.3934
58242.4,16617.8,58427.2,16684.9,0.3933
49920.0,6195.0,50102.8,6720.0,0.3933
19112.3,40018.4,19200.0,40310.4,0.3932
28265.9,58560.0,28800.0,59093.0,0.3932
30720.0,15076.9,31294.9,15675.8,0.3930
113933.1,21123.2,114027.4,21240.6,0.3930
21760.0,66072.3,22121.2,66237.9,0.3929
55680.0,8385.0,56311.8,8820.4,0.3929
127047.4,38164.6,127656.8,38705.4,0.3929
75107.4,21993.6,75519.0,22147.1,0.3928
22997.2,32960.0,23039.7,33099.2,0.3928
2664.9,63470.3,2737.1,63578.8,0.3928
50883.1,3296.7,51194.2,3820.2,0.3927
29902.7,40960.0,30040.1,41305.0,0.3927
25260.6,31040.0,25600.0,31184.7,0.3927
88004.2,10644.6,88144.3,10880.0,0.3927
123545.8,30481.2,124145.1,30720.0,0.3927
72000.0,17330.4,72560.4,17884.6,0.3926
44491.5,22762.3,45120.0,23040.0,0.3926
17690.6,43840.0,18131.4,44433.0,0.3924
31680.0,8323.6,32227.4,8474.4,0.3924
32961.3,46006.2,33100.4,46400.0,0.3924
95360.0,10971.4,95663.0,11129.5,0.3923
50494.9,15080.7,50573.5,15220.7,0.3922
32236.6,33132.4,32454.0,33278.1,0.3922
52484.4,7616.2,52667.5,7779.7,0.3921
52498.9,23463.6,53120.0,23923.7,0.3920
60825.7,18079.4,60951.9,18127.7,0.3920
69136.0,7360.0,69760.0,7567.4,0.3920
40021.9,8000.0,40640.0,8233.9,0.3920
93150.0,7748.2,93760.0,8104.7,0.3920
54219.9,14409.5,54283.7,14526.3,0.3919
55151.8,14626.4,55324.7,14672.4,0.3919
61292.2,8993.9,61352.6,9115.5,0.3919
17815.7,41026.5,17974.1,41280.0,0.3918
38114.0,38002.9,38187.7,38177.1,0.3918
23958.9,52480.0,24000.0,52615.2,0.3918
64146.9,14523.9,64316.5,14677.2,0.3917
35928.1,19520.0,36158.4,19727.5,0.3917
68731.6,8995.0,69031.4,9400.5,0.3917
68380.5,8387.8,68760.1,8472.7,0.3917
75534.3,22961.2,76160.0,23326.1,0.3916
36111.9,21882.0,36469.6,21953.0,0.3916
70400.0,20409.3,70713.3,20475.2,0.3916
15680.0,39444.7,16004.5,40000.0,0.3916
76161.9,9461.8,76490.5,9906.0,0.3916
56672.0,23700.5,57279.8,24190.6,0.3915
40149.3,36683.5,40317.9,36797.8,0.3915
31525.0,58569.4,32000.0,58764.4,0.3915
23778.0,59520.0,24309.0,60053.7,0.3915
19208.1,67546.7,19675.9,68098.2,0.3914
80869.4,14158.4,81267.1,14282.7,0.3914
62411.5,4232.5,63026.8,4800.0,0.3914
42146.8,21601.7,42560.0,21754.6,0.3914
34885.5,38731.4,35453.5,38982.6,0.3913
16960.0,42120.0,17294.7,42240.0,0.3913
31684.8,16007.1,32039.8,16432.6,0.3913
62318.3,21896.2,62720.0,21972.9,0.3913
59454.5,21122.9,59642.4,21162.7,0.3912
26101.8,63684.3,26240.0,63884.4,0.3912
26062.6,44283.4,26560.0,44445.4,0.3911
45999.2,15912.2,46213.9,16024.4,0.3911
131060.2,31614.6,131144.8,31680.0,0.3909
24642.0,61289.6,24833.7,61440.0,0.3909
24057.0,33051.1,24244.0,33088.2,0.3908
28731.2,63361.6,29116.5,63589.2,0.3908
64962.9,17920.9,65139.3,18163.9,0.3908
45306.7,10562.3,45440.0,10622.5,0.3907
60930.7,17756.1,61062.9,17804.0,0.3906
86400.4,9229.7,86789.8,9370.3,0.3906
22895.2,64000.0,23336.0,64173.1,0.3906
34240.0,51702.4,34582.7,52158.3,0.3905
61440.0,16000.0,61961.2,16154.8,0.3905
31362.5,10912.5,31462.6,11200.0,0.3905
39068.4,9600.0,39360.0,9664.9,0.3904
127494.9,34055.5,127989.1,34560.0,0.3903
76801.5,16640.0,76942.6,16788.1,0.3903
47399.1,22215.2,47986.3,22391.7,0.3902
26258.1,44251.7,26879.0,44414.4,0.3902
29440.6,47360.0,29534.2,47610.6,0.3902
53407.5,22536.3,53760.0,22687.2,0.3901
37761.4,39696.8,38020.7,39996.7,0.3900
96980.9,16014.5,97379.4,16303.5,0.3900
50727.8,17363.3,51056.4,17444.1,0.3900
52454.9,16657.1,52800.0,16770.5,0.3900
13122.3,65826.5,13321.5,65915.0,0.3898
32961.2,56031.7,33039.5,56135.8,0.3898
84800.0,11520.0,84901.8,11587.1,0.3898
28160.0,33286.5,28673.7,33429.9,0.3898
88320.0,11200.0,88554.8,11333.9,0.3898
112000.0,20496.8,112330.9,20917.1,0.3897
44762.0,10774.2,45042.0,10947.0,0.3896
33357.7,29911.6,33593.3,30079.2,0.3895
34578.5,48640.0,34793.1,48766.6,0.3895
53466.4,16640.0,54077.9,16858.9,0.3895
94540.3,13396.2,94658.2,13440.0,0.3894
32000.3,38559.6,32640.0,38940.5,0.3894
26305.7,29886.3,26880.0,30061.5,0.3894
75840.0,21831.3,76351.7,22012.3,0.3894
43082.3,10819.4,43283.4,10860.1,0.3893
20803.7,36227.3,21280.2,36800.0,0.3893
46930.1,18533.5,47025.3,18610.4,0.3892
103956.3,12178.1,104017.8,12265.1,0.3892
62199.5,16586.0,62481.6,16640.0,0.3892
31456.0,9183.1,32000.0,9342.2,0.3891
88353.0,14416.6,88623.8,14652.9,0.3891
32422.0,23645.2,32583.2,23703.0,0.3890
119531.5,27452.9,119600.6,27568.4,0.3889
106162.0,20176.3,106405.7,20335.4,0.3889
58363.2,6190.8,58599.0,6685.7,0.3889
78963.2,8963.0,79040.0,9256.5,0.3889
76120.3,14066.6,76345.1,14133.3,0.3888
44482.7,18130.5,44581.2,18309.8,0.3888
78440.8,19312.1,78584.7,19397.3,0.3888
96642.7,17071.9,96726.4,17337.0,0.3888
32878.3,32171.0,33094.5,32317.5,0.3888
77123.8,15795.3,77642.7,16310.0,0.3888
82465.3,13856.5,82863.1,13931.7,0.3887
21153.5,48634.9,21466.8,48947.4,0.3887
34449.4,11327.1,34715.4,11457.3,0.3887
16575.1,37299.8,16809.3,37751.0,0.3886
36185.3,51532.4,36555.5,52160.0,0.3885
31171.6,31040.0,31240.3,31228.9,0.3884
54641.5,9001.7,55032.1,9278.9,0.3884
85413.5,15680.0,85535.8,15802.2,0.3884
35022.6,57704.1,35152.2,57750.0,0.3883
31291.7,53619.9,31356.8,53760.0,0.3881
77661.7,20079.0,77871.3,20160.0,0.3881
124209.7,26899.0,124800.0,27371.6,0.3880
30817.0,35882.0,31360.0,36402.7,0.3879
5.4,64644.8,128.4,64788.7,0.3878
27547.3,30726.9,28148.2,30878.1,0.3878
85443.8,17049.2,85616.2,17221.1,0.3878
13679.3,67293.1,13875.8,67512.1,0.3877
32301.6,20679.5,32640.0,20793.4,0.3877
11842.1,61306.5,12004.6,61422.1,0.3876
102312.4,10515.6,102436.8,10632.9,0.3876
32013.7,43610.3,32108.6,43895.0,0.3876
100800.0,5760.0,100876.3,5910.3,0.3876
83475.9,21472.4,83837.7,21623.4,0.3876
129050.9,32666.4,129269.7,32838.3,0.3875
61440.0,13496.4,61936.9,13758.0,0.3875
62403.2,12229.3,63008.0,12749.5,0.3875
38083.6,11029.9,38162.7,11137.7,0.3875
41835.8,12740.6,41921.6,12798.9,0.3875
76561.0,13972.8,76798.2,14149.6,0.3875
29475.7,38399.8,30080.0,38720.0,0.3875
67046.8,10577.0,67195.4,10735.1,0.3875
80094.2,18203.6,80278.2,18245.0,0.3874
60115.6,23399.1,60480.0,23549.4,0.3874
97951.7,12804.5,98024.6,13120.0,0.3874
16320.0,29954.2,16535.8,30080.0,0.3874
81190.7,17142.5,81597.4,17223.2,0.3874
18621.4,54421.8,19076.1,55035.4,0.3873
34738.5,50575.8,34857.8,50878.5,0.3873
44516.3,17011.8,45106.0,17587.8,0.3872
65280.4,9478.1,65406.1,9791.0,0.3872
99294.6,9264.0,99840.0,9448.4,0.3872
19467.4,54823.3,19566.4,55032.5,0.3871
21760.0,38656.9,22277.8,38825.0,0.3871
28160.0,32345.6,28333.1,32577.9,0.3870
48640.0,23652.4,49275.0,24000.0,0.3869
22400.0,55567.2,22720.7,55832.6,0.3869
37465.2,19308.1,37945.4,19840.0,0.3869
23328.0,31040.0,23473.9,31369.3,0.3869
9951.4,59895.8,10559.0,60467.5,0.3868
19522.1,67636.1,19771.3,67749.3,0.3868
86621.1,15692.8,87029.1,15935.5,0.3867
49905.2,23047.6,50240.0,23196.5,0.3867
105720.8,20806.8,106238.2,21257.6,0.3866
47746.2,19113.2,47989.8,19198.8,0.3866
92942.0,9063.6,93085.8,9159.5,0.3866
33920.0,25195.1,34168.0,25280.0,0.3866
74472.5,16793.7,74615.4,16840.5,0.3865
34040.6,21471.4,34441.5,21723.2,0.3864
13072.8,67972.5,13440.0,68113.4,0.3864
21882.7,44046.6,22260.6,44149.8,0.3864
32000.3,22136.5,32250.8,22667.8,0.3864
26992.4,37440.6,27161.7,37753.4,0.3862
96732.5,13120.5,96959.5,13157.9,0.3862
30263.6,51842.3,30400.0,52087.2,0.3862
76373.6,8344.1,76568.7,8559.0,0.3860
73134.0,15810.0,73279.9,15909.9,0.3860
37442.3,32779.4,37640.2,32960.0,0.3860
65613.0,24362.5,66240.0,24640.0,0.3859
8332.4,61368.6,8713.8,61662.4,0.3859
24324.1,46521.1,24638.3,47038.5,0.3859
60482.2,8991.2,60551.0,9137.5,0.3858
54665.0,23426.6,55040.0,23490.8,0.3857
19840.0,69709.2,20438.3,69990.0,0.3857
53783.0,19840.5,53970.8,20140.8,0.3857
116224.1,23083.9,116473.5,23270.9,0.3857
31404.8,52721.1,31672.0,52893.0,0.3857
35204.8,35840.2,35535.3,36149.6,0.3857
34579.6,49347.9,35073.2,49920.0,0.3856
19520.0,40066.2,20106.6,40296.6,0.3855
60351.3,6945.0,60480.0,7333.3,0.3855
64964.6,14852.2,65166.3,15102.1,0.3855
73606.3,18402.9,73835.0,18466.9,0.3855
59512.3,3967.3,59784.3,4156.9,0.3854
99696.0,5760.0,99837.8,5925.1,0.3854
104017.7,21608.8,104640.0,22060.4,0.3853
41291.5,7750.7,41914.4,8297.5,0.3853
26313.6,38720.0,26864.4,39082.7,0.3853
24000.0,58664.5,24536.8,58810.1,0.3853
26229.4,43526.6,26377.2,43639.9,0.3853
35697.1,40329.3,35840.0,40541.8,0.3852
102317.8,12612.0,102400.0,12799.7,0.3852
23360.9,63568.9,23525.7,63749.4,0.3851
119547.9,30201.2,119827.6,30531.1,0.3851
75528.3,22800.3,76160.0,23040.0,0.3850
85934.9,18240.9,86011.4,18352.5,0.3850
124485.0,31680.0,124665.3,31953.2,0.3850
32328.2,50292.4,32703.6,50872.7,0.3849
21922.0,42240.0,22207.7,42422.2,0.3849
123805.1,31138.0,124156.8,31640.7,0.3849
24365.1,44513.5,24450.3,44692.0,0.3849
34821.6,43174.4,34877.6,43261.7,0.3849
17916.1,40668.0,18240.0,40922.7,0.3849
35854.1,57698.8,36227.7,57912.6,0.3847
75530.0,13808.5,75769.5,13933.0,0.3847
84078.1,9371.8,84467.1,9588.2,0.3846
126110.6,36525.7,126720.0,36998.5,0.3846
29828.6,43094.0,30400.0,43516.5,0.3845
65092.6,6411.8,65280.0,6608.2,0.3845
56001.8,17601.5,56113.7,17788.9,0.3845
31686.8,38758.1,32320.0,39040.0,0.3845
61310.3,21248.6,61382.0,21440.0,0.3845
47081.2,13696.3,47668.2,14075.6,0.3844
97920.0,18648.0,98388.1,18876.7,0.3844
86954.3,13777.7,87132.8,13910.6,0.3843
11304.5,61679.7,11830.5,62076.9,0.3842
38869.4,12498.5,39035.7,12644.5,0.3841
53085.8,2461.2,53426.7,2527.3,0.3841
106560.0,13760.4,106924.5,13940.9,0.3840
45694.1,20735.3,45928.3,20798.3,0.3840
107221.8,8006.2,107826.4,8580.3,0.3840
23585.7,43442.3,23679.1,43633.7,0.3839
47040.9,10240.0,47238.3,10319.7,0.3839
35524.3,40495.3,35616.2,40721.9,0.3839
73604.7,18401.8,73824.4,18560.0,0.3838
34120.2,28182.4,34379.8,28321.3,0.3838
122445.2,36884.7,122560.0,37024.4,0.3837
26918.4,52886.9,27222.5,53434.8,0.3837
112169.6,22780.5,112317.4,22962.0,0.3836
128716.4,36232.9,129280.0,36800.0,0.3836
97225.5,13192.9,97280.0,13352.8,0.3835
33837.1,33452.4,34052.0,33596.8,0.3835
98883.3,14653.0,99520.0,15012.9,0.3835
31363.9,38053.8,31493.2,38387.2,0.3835
26737.9,31360.6,26843.7,31642.3,0.3835
33703.9,45761.2,33917.9,45986.9,0.3835
35055.6,23274.6,35254.1,23309.2,0.3835
78430.5,7423.6,79040.0,7888.1,0.3835
61123.5,11646.2,61299.1,11840.0,0.3835
82146.5,15610.4,82238.4,15896.7,0.3834
38407.3,21104.5,38713.5,21289.4,0.3834
25701.5,59652.1,26167.6,60160.0,0.3834
35841.9,46740.4,36124.6,47081.0,0.3834
85778.3,12154.2,86394.1,12480.0,0.3834
91314.8,6419.0,91831.5,6944.6,0.3833
31513.1,52831.4,31769.7,52970.6,0.3833
92801.4,14956.7,92950.1,15291.1,0.3833
50560.0,3853.3,50724.2,4080.1,0.3832
83529.1,14400.7,83723.9,14570.5,0.3831
31201.4,24882.4,31358.0,25053.5,0.3831
28005.9,38720.4,28160.0,38768.6,0.3831
57922.4,6729.6,58126.3,7049.7,0.3831
47109.6,13726.0,47351.0,13960.1,0.3830
27958.6,47041.4,28061.8,47165.2,0.3830
33310.8,40689.0,33673.8,40775.9,0.3830
21605.3,38720.0,22080.0,39038.9,0.3830
94081.4,16433.2,94277.6,16640.0,0.3829
52577.0,22365.2,52781.9,22400.0,0.3828
48320.0,17280.0,48468.0,17544.0,0.3828
104854.7,13120.0,104960.0,13338.3,0.3828
16652.9,45532.3,17071.6,46080.0,0.3827
73840.8,20488.1,73984.3,20627.3,0.3827
69440.0,9663.5,70028.4,9918.3,0.3827
32585.1,8320.0,32960.0,8444.6,0.3827
23363.1,54117.3,23718.8,54397.5,0.3827
19410.7,29544.0,19520.0,29728.0,0.3827
50560.0,9606.1,51085.4,9766.6,0.3826
49602.8,15691.4,49958.0,16173.5,0.3826
22416.7,41600.9,22589.5,41656.0,0.3826
34027.0,24057.9,34237.4,24296.4,0.3826
55089.2,11728.3,55196.4,11859.5,0.3826
39860.3,16737.8,39956.4,16960.0,0.3826
105703.2,18382.7,105916.5,18555.5,0.3825
61412.7,16284.8,61760.0,16347.9,0.3825
63558.7,12847.2,63678.6,13038.0,0.3824
84800.0,21821.0,85335.8,22080.0,0.3824
33303.2,55921.5,33418.3,56040.6,0.3823
35205.3,9604.5,35673.2,9809.7,0.3823
103622.9,6412.7,104000.0,7028.9,0.3823
42329.6,14194.7,42551.8,14396.4,0.3823
47360.8,15066.4,47551.3,15254.9,0.3823
110720.0,19888.6,111118.1,20160.0,0.3822
29993.0,48794.8,30152.5,48959.7,0.3821
53250.9,18543.9,53365.5,18866.6,0.3821
63404.0,14518.2,64000.0,14679.0,0.3821
101150.1,17646.2,101353.9,17791.8,0.3821
54781.4,18977.8,55360.0,19138.4,0.3820
67728.3,23360.0,67839.3,23530.2,0.3820
27376.7,33820.5,27520.0,33920.0,0.3819
56322.2,19904.1,56468.7,20160.0,0.3819
37760.0,26538.2,37975.0,26593.8,0.3818
25072.5,29516.6,25600.0,29729.9,0.3818
29127.9,48837.4,29414.4,49280.0,0.3817
86417.4,7042.8,87040.0,7424.2,0.3817
56668.5,8158.5,57280.0,8316.2,0.3817
64000.0,16549.0,64561.5,16693.2,0.3816
99519.8,15042.4,99840.0,15102.6,0.3815
31126.1,45791.2,31346.4,45920.2,0.3814
38720.0,29440.5,38952.2,29766.0,0.3814
7680.9,66584.9,7848.8,66761.5,0.3813
77643.6,21426.6,77760.0,21595.7,0.3813
17356.7,38809.0,17600.0,38894.2,0.3813
31731.2,58916.0,32210.9,59085.7,0.3813
102080.0,12160.0,102332.0,12275.7,0.3812
28263.0,41961.2,28476.7,42433.7,0.3812
78402.1,16322.0,78627.8,16393.5,0.3812
35518.5,21136.8,35840.0,21214.5,0.3811
36858.1,53762.5,37103.4,54181.3,0.3811
20234.1,63176.5,20655.2,63357.0,0.3811
34244.0,29880.3,34396.5,30080.0,0.3811
5587.6,62042.8,5738.6,62080.0,0.3810
94643.3,9733.0,95024.2,9887.3,0.3810
24004.4,33086.5,24640.0,33279.2,0.3810
60860.2,20165.8,61117.3,20377.0,0.3810
33715.3,47650.9,33863.2,47680.0,0.3810
70720.0,20872.4,71072.6,21437.1,0.3809
51534.3,12836.7,51997.5,13320.5,0.3809
62083.1,18653.1,62460.8,18868.3,0.3808
21528.6,36192.1,22025.5,36790.7,0.3808
34689.4,18417.4,34777.0,18732.4,0.3808
29829.5,43634.0,29992.0,43718.7,0.3808
39067.6,35202.4,39314.2,35287.3,0.3807
17099.9,37120.0,17218.9,37258.3,0.3807
17931.3,34567.8,18366.2,34751.0,0.3807
104833.7,13790.2,104959.5,13904.2,0.3806
69830.5,14554.7,70074.6,14719.9,0.3806
33851.1,39331.4,34025.6,39360.0,0.3806
53269.6,9374.8,53434.9,9600.0,0.3806
18331.5,49774.1,18556.6,49914.2,0.3805
40960.0,16731.7,41303.0,17280.0,0.3805
121935.6,39090.8,122560.0,39486.9,0.3805
18132.4,50399.3,18225.9,50465.4,0.3804
117120.0,22483.3,117730.6,23040.0,0.3804
27049.8,65789.7,27200.0,66023.3,0.3804
101449.0,14819.9,102064.9,15000.2,0.3803
71593.7,13614.7,71812.9,13756.5,0.3803
35138.1,54318.5,35345.8,54438.7,0.3803
30563.6,57600.0,30642.4,57902.1,0.3803
21443.5,52485.1,21762.6,53080.4,0.3803
62896.4,17387.6,63040.0,17429.7,0.3803
38416.5,20526.6,39001.1,20703.7,0.3802
88601.9,9093.5,88960.0,9191.6,0.3802
32858.8,38697.1,32992.2,38735.2,0.3802
63595.2,14404.2,63983.2,14485.0,0.3802
102259.5,17703.2,102400.0,17850.2,0.3802
89605.8,20227.0,90211.5,20385.5,0.3801
35596.4,54318.6,35838.1,54448.8,0.3801
54080.2,20883.9,54200.2,21115.3,0.3801
49066.4,17098.2,49166.7,17256.5,0.3801
112320.0,19608.3,112929.4,20160.0,0.3800
6425.0,59953.8,7040.0,60465.5,0.3800
47600.6,13322.5,47670.6,13468.2,0.3799
20471.2,30400.0,20800.0,30680.6,0.3799
63698.1,20499.2,63867.2,20728.9,0.3798
52480.9,17116.8,52577.0,17356.6,0.3798
54094.7,1280.4,54720.0,1625.9,0.3798
16032.3,59889.5,16635.5,60470.2,0.3798
39821.4,19520.0,39916.5,19837.5,0.3798
24504.5,52882.7,24950.3,53440.0,0.3798
85120.0,9130.3,85620.8,9284.2,0.3797
35411.1,17101.2,35834.4,17599.0,0.3797
109440.4,20207.7,109927.6,20776.2,0.3797
46081.2,17282.7,46276.0,17443.6,0.3797
23680.0,61938.6,24040.4,62395.9,0.3796
30720.4,10329.5,31075.8,10880.0,0.3796
53680.8,1280.0,53757.4,1388.7,0.3796
87925.5,18560.0,88209.5,18845.6,0.3796
121230.2,28197.9,121597.1,28585.9,0.3795
30080.0,28249.7,30378.1,28800.0,0.3795
57948.1,2560.0,58560.0,2955.5,0.3795
108007.6,12160.0,108160.0,12515.7,0.3795
75437.6,17283.9,75510.8,17396.3,0.3794
113279.7,22100.9,113597.9,22435.1,0.3793
12491.4,67481.9,13111.2,67835.2,0.3793
57522.1,22532.4,57901.8,22645.7,0.3793
34665.9,21482.4,34838.7,21523.5,0.3792
45414.1,20876.2,45524.6,21004.3,0.3792
111846.1,22282.4,111997.9,22395.4,0.3791
54083.9,2560.0,54423.0,2870.7,0.3791
29811.2,31901.1,30080.0,32000.0,0.3791
25708.5,56363.3,25939.4,56517.6,0.3791
119362.7,31668.2,119576.5,31909.9,0.3790
26880.0,45763.2,27458.9,45966.6,0.3790
19259.6,27943.9,19840.0,28104.7,0.3789
31212.0,48662.0,31360.0,48808.6,0.3789
26379.6,38720.4,26560.0,38850.2,0.3789
22722.6,39100.5,22801.1,39355.9,0.3789
30082.3,30848.9,30251.1,31054.8,0.3789
58563.0,8762.2,58854.6,8954.8,0.3788
108483.1,21849.0,108666.5,22400.0,0.3788
20800.0,38665.0,21274.7,38826.5,0.3788
32476.7,45177.2,32928.2,45760.0,0.3787
86400.0,10356.1,86696.9,10880.0,0.3787
23821.1,42200.5,24318.7,42560.0,0.3787
19041.2,66290.1,19197.4,66503.4,0.3786
120330.6,25920.0,120640.0,26053.7,0.3786
35904.4,10450.8,36160.0,10871.7,0.3785
23041.8,63040.0,23200.4,63323.3,0.3785
28993.4,33379.9,29125.2,33761.5,0.3785
102861.4,17923.8,103036.1,18060.2,0.3785
26246.4,51747.5,26427.6,51840.0,0.3783
121994.2,26264.7,122546.7,26769.0,0.3783
23222.0,39423.5,23360.0,39680.0,0.3783
14720.4,64960.0,14823.5,65121.7,0.3783
72186.7,17955.3,72294.8,18345.6,0.3782
18905.9,35954.4,19199.8,36363.6,0.3781
72627.9,18407.3,72903.9,18560.0,0.3781
24555.0,49134.3,24687.6,49182.1,0.3780
112374.8,24830.8,112521.0,24960.0,0.3780
27202.0,60528.1,27840.0,60812.0,0.3780
9675.1,60606.3,10240.0,60797.7,0.3780
65360.2,10929.7,65593.3,11171.5,0.3779
100328.9,16004.8,100583.3,16100.7,0.3778
31758.6,50498.3,31988.8,50618.5,0.3778
36119.1,34572.6,36160.0,34704.2,0.3777
92260.8,12165.7,92459.9,12204.7,0.3777
99191.9,16125.9,99442.1,16209.0,0.3777
127529.0,29581.8,127679.8,29729.3,0.3777
73941.4,7361.4,74560.0,7699.2,0.3777
23684.4,44817.3,23970.7,45165.2,0.3776
54940.2,11605.2,55040.0,11798.5,0.3776
64734.0,16650.9,64879.7,16960.0,0.3776
29494.4,39300.2,29760.0,39474.0,0.3776
36962.5,10500.6,37120.0,10866.9,0.3776
31072.9,48086.0,31679.7,48640.0,0.3775
61946.8,8601.6,62080.0,8639.2,0.3775
91140.7,14444.1,91520.0,14586.2,0.3775
71793.8,17600.0,72320.0,17859.5,0.3774
26560.3,34401.4,26620.0,34560.0,0.3774
74089.3,13120.0,74240.0,13275.9,0.3774
68900.9,21129.8,69357.9,21757.9,0.3774
54036.4,9322.9,54398.6,9596.3,0.3774
67109.8,20160.0,67241.8,20480.0,0.3774
35200.0,15680.0,35323.7,15826.0,0.3773
60339.0,13241.5,60453.0,13360.6,0.3773
52602.3,18344.3,53074.1,18690.9,0.3772
11920.4,67376.3,12153.1,67516.8,0.3772
41600.0,20559.1,41754.5,20754.0,0.3772
32962.9,39725.2,33144.8,40000.0,0.3772
65165.0,17255.6,65291.6,17600.0,0.3772
63234.8,21963.1,63467.3,22106.1,0.3772
33750.9,59840.0,34091.2,60235.1,0.3771
48320.0,22080.1,48901.3,22274.7,0.3771
54720.0,10997.9,55317.3,11273.6,0.3770
39569.0,21141.8,39996.0,21467.0,0.3770
38080.9,35520.0,38158.2,35650.4,0.3770
73939.1,10884.4,74115.4,11066.5,0.3769
39186.8,36430.0,39360.0,36533.4,0.3769
26561.7,62080.0,26750.2,62343.9,0.3768
62877.7,12729.8,63112.3,12841.5,0.3768
19887.8,66659.8,20057.9,66874.6,0.3768
23523.4,29587.2,23679.9,29813.6,0.3768
72640.0,16000.0,72930.3,16465.5,0.3767
93280.8,10959.7,93531.4,11070.0,0.3767
19543.1,57668.6,20096.7,58240.0,0.3767
32032.4,26566.7,32320.0,26660.0,0.3767
36480.0,21216.8,36650.4,21401.9,0.3767
86720.0,18677.8,86867.5,18923.4,0.3767
64004.0,14500.0,64277.4,14607.1,0.3767
86138.8,18902.2,86249.9,19196.5,0.3766
20160.6,55044.8,20426.3,55422.7,0.3766
37442.5,53123.4,37605.2,53338.3,0.3765
78400.0,20641.3,78947.5,20791.5,0.3765
91973.9,9185.7,92160.0,9265.6,0.3763
41280.0,21780.5,41895.8,21956.5,0.3763
17600.1,42560.0,17690.5,42765.9,0.3763
28529.1,60777.0,28800.0,60850.5,0.3763
67963.1,17022.0,68104.5,17134.4,0.3763
24642.3,62256.4,24974.3,62720.0,0.3761
53304.3,1798.1,53749.7,2166.2,0.3760
32640.0,37964.4,32773.0,38180.2,0.3760
36484.4,8735.3,36701.2,8955.5,0.3760
37020.6,13688.5,37118.0,14026.5,0.3759
36109.2,18031.6,36455.6,18159.8,0.3759
28324.4,55680.6,28543.6,55905.5,0.3759
29126.9,47080.9,29390.6,47671.3,0.3758
28189.4,30094.4,28800.0,30558.1,0.3758
22970.5,41563.8,23086.0,41905.0,0.3758
31690.2,40646.2,31845.7,40946.8,0.3758
58881.4,7859.0,59189.6,8000.0,0.3758
80620.2,21247.7,80769.8,21284.4,0.3758
23710.8,52168.9,23970.8,52614.2,0.3758
19990.7,52870.7,20155.2,53120.0,0.3757
63684.4,19806.0,63867.1,19941.0,0.3757
96072.7,8960.0,96299.0,9030.6,0.3757
31347.8,48693.8,31503.7,48812.7,0.3756
19840.2,67871.8,20001.6,68131.4,0.3755
102080.6,4800.0,102204.0,5078.2,0.3755
43786.6,21759.9,43839.7,21932.8,0.3755
27890.5,32975.6,28464.4,33311.3,0.3754
68093.4,7629.6,68450.4,7740.4,0.3754
51200.0,2456.5,51480.7,2880.0,0.3754
57833.6,19801.3,57920.0,19838.8,0.3753
72320.0,15778.7,72933.3,15928.9,0.3753
113542.6,26334.0,113920.0,26487.5,0.3753
17812.5,32323.1,18170.1,32401.8,0.3753
32879.7,33772.2,33091.5,33916.7,0.3752
50460.8,10650.3,50847.2,10879.1,0.3752
34567.4,25318.6,34955.1,25764.0,0.3752
59962.5,8704.5,60160.0,8879.2,0.3752
36480.0,41986.2,36552.4,42240.0,0.3752
27570.9,65683.0,28160.0,66239.4,0.3752
82718.5,9188.8,83191.8,9557.4,0.3751
31824.2,28802.6,31996.2,28987.6,0.3751
22033.7,55112.2,22094.6,55267.4,0.3751
24640.0,49608.4,24861.2,49721.0,0.3750
120644.7,25620.3,120988.0,25920.0,0.3750
72351.5,20160.0,72952.9,20480.8,0.3750
15680.0,32087.9,16006.2,32640.0,0.3750
108498.9,24032.1,109120.0,24455.9,0.3750
71914.0,13600.8,72134.5,13740.5,0.3750
59686.4,10465.7,59797.0,10842.0,0.3750
30299.3,42084.0,30391.6,42165.3,0.3750
36012.7,37857.2,36078.6,37998.1,0.3749
95047.2,13590.2,95658.7,14039.0,0.3749
18608.7,53798.7,19188.8,54393.2,0.3749
83495.2,9759.8,83813.0,10240.0,0.3749
113920.0,20564.3,114532.0,21120.0,0.3749
36095.4,14722.6,36345.2,14790.5,0.3749
22852.6,62080.0,23039.1,62332.2,0.3748
49924.7,13280.5,50151.7,13437.1,0.3748
108857.0,9633.1,109394.8,10240.0,0.3748
123553.9,26560.0,124160.0,26990.1,0.3747
24645.9,29504.5,24997.8,29676.5,0.3747
50386.5,6087.1,50692.1,6308.4,0.3746
74240.0,17708.8,74397.3,17920.0,0.3746
125760.1,35521.7,126094.9,35820.6,0.3745
37120.0,42882.1,37607.1,43057.1,0.3745
21444.6,52013.0,22080.0,52353.4,0.3744
56495.3,14281.0,56668.4,14372.5,0.3744
68304.7,7638.5,68463.4,7680.0,0.3744
18880.0,39360.0,19520.0,39641.0,0.3743
16320.0,66706.7,16931.4,67183.4,0.3743
80220.3,14508.5,80473.8,15040.0,0.3743
57601.4,7671.6,58039.3,8000.0,0.3743
75451.6,16446.3,75639.1,16640.0,0.3743
19548.1,57990.4,20095.0,58560.0,0.3743
48640.0,22405.6,49264.2,22785.5,0.3742
36136.0,38754.6,36480.0,38888.0,0.3742
31784.9,9406.4,32319.8,9798.8,0.3742
106561.6,15040.0,106631.3,15116.0,0.3741
71798.3,18750.6,71936.6,18792.4,0.3741
38741.5,7769.3,39360.0,8320.0,0.3741
66501.9,21641.7,66645.8,21681.2,0.3741
120055.9,37120.0,120477.0,37384.6,0.3740
25721.1,32866.3,25920.0,32947.0,0.3740
104503.0,16044.2,104639.3,16393.0,0.3740
4164.4,61713.4,4775.8,62073.2,0.3739
28767.3,51695.4,29120.0,51762.1,0.3739
76136.4,21797.6,76473.4,21951.9,0.3739
28177.4,40028.4,28402.6,40512.2,0.3739
32962.5,15126.5,33033.3,15306.5,0.3738
34160.4,30894.3,34367.0,31036.8,0.3738
6403.6,65326.2,6462.0,65479.0,0.3738
20865.7,31681.3,21261.4,31757.3,0.3738
30816.0,48051.6,31032.8,48215.4,0.3737
25368.7,61276.9,25595.1,61437.9,0.3737
18014.9,64861.8,18547.0,65043.1,0.3737
33346.2,38001.8,33495.7,38043.1,0.3737
12236.1,67438.9,12364.9,67518.5,0.3736
32069.0,49280.0,32640.0,49694.9,0.3736
126569.5,37258.3,126719.2,37440.0,0.3736
72986.3,16349.2,73323.4,16951.8,0.3735
130612.7,33048.3,131200.0,33591.5,0.3735
66473.9,11361.0,66697.5,11509.3,0.3734
36662.4,21256.1,37119.2,21420.8,0.3734
27594.5,35718.8,27840.0,35840.0,0.3734
128034.1,31785.4,128560.6,32280.7,0.3733
61440.0,6084.8,61601.9,6311.4,0.3732
69137.8,8003.7,69530.3,8159.6,0.3732
55680.0,16322.3,56311.9,16640.0,0.3731
124847.6,32978.4,125117.4,33273.9,0.3731
99841.7,5442.6,100183.5,5684.8,0.3731
80742.0,12321.4,81119.8,12479.2,0.3730
24389.3,49141.1,24516.2,49196.0,0.3729
87142.3,14153.7,87361.1,14259.5,0.3729
9305.6,59946.3,9920.0,60471.7,0.3729
48983.0,13135.7,49277.2,13410.6,0.3728
58215.3,6999.1,58516.4,7172.5,0.3728
58729.8,5702.3,59014.6,5848.2,0.3728
804.2,67011.5,1280.0,67200.0,0.3728
27922.0,55044.8,28155.8,55349.0,0.3727
46205.9,14639.5,46386.4,14720.0,0.3727
19079.7,40658.8,19518.9,40900.3,0.3726
77812.7,18438.9,78076.9,18719.3,0.3726
72694.9,15525.5,73280.0,15676.1,0.3726
69733.3,7371.5,70080.0,7673.3,0.3725
83529.1,8960.3,83843.8,9028.0,0.3725
30262.3,54451.6,30397.8,54720.0,0.3725
33196.9,33452.9,33411.3,33596.6,0.3725
31877.6,48726.2,32007.6,48957.7,0.3725
87360.0,16280.1,87696.6,16568.5,0.3724
33059.4,41639.8,33600.0,41782.8,0.3724
68621.4,9397.0,68762.2,9526.9,0.3724
39065.3,7761.8,39680.0,8320.0,0.3724
31276.3,34731.9,31492.2,34877.4,0.3723
28160.0,59324.3,28339.1,59520.0,0.3723
90833.8,14352.9,91200.0,14475.9,0.3722
19095.4,40983.0,19519.5,41245.8,0.3722
68887.0,17965.7,69211.0,18560.0,0.3722
49888.5,6415.0,50057.1,6624.0,0.3721
51558.7,2882.8,51707.2,3080.6,0.3720
52669.7,22725.3,53119.2,22880.9,0.3720
20803.1,58647.4,20909.3,58880.0,0.3720
41654.7,11830.5,41829.6,12152.9,0.3720
36183.9,43520.0,36665.5,44142.0,0.3720
113297.9,21777.1,113920.0,22080.0,0.3720
58143.6,13477.7,58236.1,13760.0,0.3718
37120.5,19012.8,37251.2,19200.0,0.3718
31710.1,30108.0,31985.0,30673.6,0.3718
58240.3,11520.0,58693.8,11878.7,0.3717
34739.0,23414.0,34880.0,23645.3,0.3717
35521.2,34661.3,35868.0,35199.4,0.3716
38404.9,14272.6,38827.1,14427.6,0.3716
24960.0,51520.0,25147.7,51571.7,0.3716
125726.1,33803.4,126024.6,33917.7,0.3716
25658.2,30124.2,26234.5,30666.7,0.3715
37853.7,51244.7,38381.6,51833.8,0.3715
64982.7,19924.4,65188.4,20480.0,0.3714
45199.2,12543.3,45743.0,13120.0,0.3714
35974.3,13440.0,36480.0,13769.6,0.3713
53760.0,22726.1,54328.4,22888.1,0.3713
27520.4,48776.9,27776.2,49172.8,0.3712
22722.3,33429.6,22838.8,33712.4,0.3712
123840.6,28800.0,123962.3,28917.0,0.3712
111550.1,24400.4,111680.0,24640.0,0.3711
51844.7,12001.3,52003.8,12355.5,0.3711
48353.0,15049.8,48890.8,15391.5,0.3710
129127.2,33305.8,129279.7,33469.8,0.3710
21329.6,59521.0,21735.2,59899.0,0.3708
38525.4,9247.5,38672.4,9286.0,0.3708
105609.0,9018.1,105931.9,9600.0,0.3708
65600.0,22088.0,65860.9,22256.6,0.3708
63112.7,23331.8,63323.7,23360.0,0.3708
37734.4,26562.1,37930.8,26604.1,0.3708
59200.0,8001.9,59538.0,8198.4,0.3707
106017.8,19350.6,106238.6,19518.5,0.3707
88084.9,11053.2,88422.0,11128.2,0.3707
58515.1,16378.3,58878.3,16475.4,0.3707
128578.0,33501.8,128774.9,33600.0,0.3706
38020.8,28231.3,38398.7,28311.0,0.3706
33516.9,33452.9,33731.3,33596.6,0.3705
57283.0,5296.0,57565.8,5366.5,0.3705
84800.0,7360.0,85304.9,7567.7,0.3705
24882.8,33247.6,25280.0,33333.8,0.3705
32672.7,22541.3,32990.9,22977.2,0.3704
32963.0,11839.4,33106.9,12160.0,0.3704
103040.0,10291.4,103211.2,10495.0,0.3703
25847.6,33210.9,26240.0,33321.4,0.3703
38422.7,7767.0,39040.0,8320.0,0.3702
120005.6,26667.1,120324.5,26873.9,0.3702
24003.4,60800.0,24171.8,60992.1,0.3702
30082.4,47372.9,30163.5,47600.4,0.3702
19520.0,36507.7,19851.0,36948.8,0.3701
111849.6,22372.5,111996.7,22499.0,0.3701
77001.0,7685.3,77120.0,7844.9,0.3701
37601.6,37815.7,37866.1,37894.5,0.3700
82349.4,20739.2,82478.3,20780.5,0.3700
92102.0,6400.0,92158.9,6530.3,0.3699
32538.8,14257.7,32741.2,14300.1,0.3698
88812.8,7363.1,89034.2,7409.3,0.3698
26008.8,31680.0,26228.4,31879.1,0.3698
35092.1,51994.7,35250.3,52141.7,0.3698
74564.8,14332.1,74699.4,14573.6,0.3697
116249.0,23464.3,116480.0,23638.3,0.3697
35181.0,38859.7,35520.0,38943.2,0.3697
107351.0,15091.5,107519.6,15201.7,0.3696
47764.3,22936.0,47969.0,22978.7,0.3696
33851.1,8339.5,34202.9,8513.7,0.3695
31040.0,57004.2,31223.3,57600.0,0.3695
76480.0,7681.2,76690.1,7734.2,0.3695
110201.6,19569.2,110456.1,19778.6,0.3695
64678.3,10408.4,64951.5,10559.5,0.3695
33861.0,44160.0,33917.0,44329.6,0.3695
94720.0,14324.7,95358.8,14512.0,0.3694
28249.6,51061.9,28513.8,51157.6,0.3694
39532.8,17922.4,39592.9,18067.2,0.3694
31728.2,48659.6,31890.7,48798.9,0.3694
35840.0,48077.4,36043.5,48640.0,0.3694
32002.8,30825.4,32236.8,31276.4,0.3694
38080.0,25073.1,38315.5,25600.0,0.3694
32554.4,36333.9,32765.1,36465.1,0.3693
69120.0,8942.9,69281.9,9136.2,0.3693
85440.7,18112.3,85655.8,18236.4,0.3693
39208.6,35846.2,39360.0,35973.3,0.3693
85443.5,19524.6,85702.1,19958.3,0.3692
24160.4,57280.0,24319.1,57655.0,0.3692
58567.3,12352.4,59149.5,12744.2,0.3692
34529.7,55192.2,34637.0,55539.1,0.3692
67953.5,19364.8,68122.3,19520.0,0.3692
110400.0,20800.0,110917.1,21194.4,0.3691
67493.2,20905.0,67838.0,21110.2,0.3691
17280.3,65989.8,17490.8,66240.0,0.3691
94080.0,10796.3,94625.7,10946.0,0.3691
115960.7,23690.2,116480.0,24122.2,0.3691
35204.2,49125.9,35452.2,49290.5,0.3690
108618.0,10048.8,108799.0,10236.8,0.3690
31998.1,38404.4,32320.0,38462.1,0.3690
69121.5,11872.3,69324.9,12363.4,0.3689
32320.9,55681.1,32505.7,55834.7,0.3689
72068.3,16726.0,72640.0,17249.4,0.3689
27856.7,63375.1,28466.0,63868.1,0.3689
32010.3,18563.3,32561.0,19114.8,0.3688
6535.9,62493.3,6599.6,62676.0,0.3688
16960.5,60244.3,17283.2,60798.6,0.3688
91605.8,12575.1,91752.2,12707.3,0.3688
54092.7,18767.9,54720.0,19130.8,0.3687
22767.0,63363.5,23067.0,63716.2,0.3687
63781.6,23323.5,63985.6,23360.0,0.3687
98825.1,10253.8,99086.0,10354.9,0.3686
35311.3,22970.3,35542.5,23040.0,0.3686
18422.5,43530.8,18878.9,43743.5,0.3686
20230.5,68160.0,20480.0,68300.6,0.3686
120001.5,30218.6,120196.3,30400.0,0.3685
46834.1,18438.1,47359.7,18880.0,0.3685
83538.2,21528.4,84160.0,21918.2,0.3684
25280.0,55368.4,25708.7,55584.0,0.3684
30725.8,59842.1,30942.0,59980.8,0.3684
30956.0,35051.7,31171.6,35197.2,0.3684
75264.0,13921.6,75516.0,14078.8,0.3684
14458.9,62181.7,15012.6,62498.1,0.3684
90256.2,17062.8,90880.0,17571.6,0.3684
83638.8,8640.5,83840.0,8743.0,0.3683
99802.2,6762.6,100149.0,6860.2,0.3683
30636.8,55360.0,31014.7,55899.7,0.3682
94278.2,10135.0,94400.0,10321.2,0.3682
9280.0,61453.5,9691.7,61642.5,0.3682
90589.2,18658.0,91195.4,19199.6,0.3682
57883.6,8961.7,57958.2,9112.4,0.3682
25152.3,51742.3,25600.0,52136.5,0.3681
76110.2,21521.7,76473.4,21708.4,0.3681
119040.0,31368.4,119634.4,31680.0,0.3680
69446.1,16347.7,69930.3,16533.0,0.3680
35473.3,23041.8,35699.6,23084.5,0.3679
49605.2,21911.8,49779.5,22029.3,0.3679
102424.8,18582.6,102720.0,18759.3,0.3679
51203.8,21125.8,51393.3,21422.4,0.3679
60297.7,20160.0,60777.6,20667.4,0.3679
51038.9,12485.4,51200.0,12799.2,0.3679
32320.0,55041.3,32503.3,55236.7,0.3679
37440.0,36195.0,37650.0,36798.8,0.3678
119594.2,32632.1,119963.8,32695.7,0.3678
92257.6,10519.3,92800.0,10855.5,0.3678
116160.0,27528.3,116527.0,27854.7,0.3678
34053.4,46815.5,34535.5,47360.0,0.3678
95333.3,11448.2,95663.1,11517.8,0.3678
20160.7,64492.8,20730.5,64701.2,0.3677
26880.0,43284.5,27221.9,43494.6,0.3677
105936.4,22841.9,106560.0,23227.3,0.3677
54092.1,23395.1,54720.0,23765.2,0.3677
73602.4,23041.4,73691.1,23133.6,0.3676
34243.1,56670.4,34432.6,56861.3,0.3676
101728.4,12160.0,102080.0,12284.6,0.3676
32627.8,49293.7,32887.8,49438.3,0.3675
18613.9,69469.4,19200.0,69978.5,0.3675
17920.0,33316.2,18494.2,33557.0,0.3674
96790.7,11520.0,96946.5,11845.3,0.3674
112647.3,25946.7,113272.1,26240.0,0.3674
70154.5,14242.4,70394.1,14398.9,0.3674
89310.0,12074.4,89910.0,12220.8,0.3673
78925.7,17154.3,79039.6,17278.0,0.3673
71706.7,7100.3,72320.0,7657.7,0.3672
24963.6,57218.9,25075.8,57546.1,0.3671
31061.7,9610.5,31288.6,10109.5,0.3671
18562.5,29760.0,18801.2,29921.6,0.3671
54793.9,11374.5,55017.9,11517.9,0.3671
68561.9,12580.6,68789.0,12800.0,0.3671
19845.3,28480.0,20139.8,28895.1,0.3670
30408.1,25986.2,30907.5,26560.0,0.3670
31571.2,45766.9,31677.3,45897.0,0.3670
108495.0,16331.3,108800.0,16615.8,0.3670
35455.9,26564.0,35840.0,26678.8,0.3670
58240.0,24193.8,58618.6,24314.0,0.3670
34083.6,39321.3,34240.0,39357.3,0.3670
67238.5,7702.4,67570.5,8148.8,0.3669
33500.4,10140.8,33754.0,10297.2,0.3669
30728.0,34309.8,31016.2,34430.4,0.3669
76494.4,22879.2,77120.0,23360.0,0.3668
39360.0,18241.0,39513.8,18477.5,0.3668
51008.6,14768.8,51153.9,14816.4,0.3667
27822.2,57391.3,28160.0,57600.0,0.3667
35200.0,20530.5,35779.6,20930.9,0.3666
13459.9,62080.0,14080.0,62271.1,0.3666
39744.5,19194.9,39836.7,19520.0,0.3666
7040.0,67173.2,7672.6,67488.3,0.3666
99914.1,7769.7,100480.0,8207.9,0.3665
62924.9,22550.5,63184.0,22616.3,0.3665
126165.4,35520.0,126260.7,35642.3,0.3665
100844.7,18009.0,101433.3,18553.0,0.3664
19141.0,67534.7,19196.8,67648.8,0.3664
59527.1,23407.1,59840.0,23477.1,0.3664
34240.9,27840.0,34438.7,28102.0,0.3663
10563.3,61120.0,11168.8,61328.0,0.3663
74640.6,17924.3,74880.0,18143.6,0.3662
86080.0,7362.5,86309.2,7410.4,0.3662
95360.0,17319.5,96000.0,17681.0,0.3662
53127.6,14404.3,53385.4,14861.5,0.3662
124219.1,32320.0,124476.9,32381.0,0.3662
100033.5,7671.7,100159.9,7996.2,0.3662
67840.0,18658.5,68065.7,18879.7,0.3661
45307.8,11067.2,45747.4,11274.8,0.3661
56640.0,6620.5,57256.5,7040.0,0.3661
39042.3,15680.1,39244.5,16005.2,0.3661
98278.7,9626.4,98419.0,9890.9,0.3661
67603.1,11703.1,67830.3,11838.2,0.3661
79447.3,17280.0,79573.5,17584.9,0.3660
88705.8,19233.8,88953.1,19431.8,0.3659
20480.0,64447.8,21087.1,64793.5,0.3659
99484.4,14919.3,99840.0,15062.2,0.3659
13131.5,67999.3,13760.0,68480.0,0.3658
18620.8,43200.0,19200.0,43357.5,0.3658
122240.3,33877.0,122345.9,34128.1,0.3658
89623.5,9055.0,89985.8,9213.4,0.3657
25167.9,35200.9,25279.9,35436.7,0.3656
69573.1,11692.1,69760.0,11837.2,0.3655
61122.3,21155.6,61298.8,21309.9,0.3655
81542.0,12354.7,81911.3,12477.0,0.3655
44800.0,21878.9,45254.8,22079.1,0.3655
32441.1,55873.3,32521.2,56134.6,0.3655
17920.0,31136.0,18138.1,31514.6,0.3654
35203.9,56411.1,35678.8,56640.0,0.3653
15057.6,66150.0,15631.4,66363.7,0.3653
40282.6,21640.5,40640.0,21760.0,0.3653
33967.2,52265.6,34547.0,52796.7,0.3652
35054.8,55040.6,35119.3,55172.4,0.3652
19628.8,58603.1,20128.4,59195.8,0.3651
89280.0,14971.8,89877.7,15151.6,0.3651
34883.1,49442.8,35056.2,49600.0,0.3650
84467.7,8775.5,84800.0,8843.9,0.3650
124675.7,32640.0,124800.0,32817.7,0.3650
33662.1,11857.3,33920.0,11936.1,0.3649
20842.1,34560.0,21387.3,34785.5,0.3648
27057.1,37225.1,27471.7,37433.0,0.3647
40562.1,11250.3,40747.4,11840.0,0.3647
59336.0,14722.1,59515.9,14773.7,0.3647
67546.7,22786.8,68141.8,23356.6,0.3646
104960.0,17388.6,105418.3,17550.7,0.3646
31848.3,13760.0,32000.0,13884.6,0.3646
49570.1,22506.9,49920.0,22637.4,0.3646
42560.0,17752.4,42784.8,17815.9,0.3645
79360.0,20247.0,79968.1,20424.6,0.3645
77120.0,17820.9,77545.6,17995.2,0.3644
30966.4,38566.9,31360.0,38667.8,0.3644
69025.6,9603.9,69433.9,9839.0,0.3644
26000.9,35895.8,26240.0,35992.8,0.3644
16828.1,32322.2,17111.5,32639.3,0.3644
50327.2,14729.6,50560.0,15037.1,0.3643
64555.0,20988.1,64608.0,21083.3,0.3643
13760.0,67845.5,13891.5,67933.8,0.3642
69440.0,16609.9,69621.9,16681.3,0.3642
64962.5,15489.1,65042.7,15680.0,0.3642
56296.7,15692.5,56510.1,15730.0,0.3642
71391.1,14738.2,71998.9,15249.9,0.3641
69995.7,14576.7,70213.2,14714.7,0.3641
28803.8,61330.4,28880.2,61403.5,0.3641
34393.7,47042.1,34567.8,47140.2,0.3640
76725.2,20853.4,77088.9,20945.5,0.3640
5616.7,65292.3,5759.3,65567.7,0.3640
120971.3,37645.7,121133.4,37912.0,0.3640
46568.2,16365.2,46718.6,16640.0,0.3640
50342.4,5485.0,50869.8,5879.0,0.3639
61036.0,16598.1,61440.0,16960.0,0.3639
86156.0,13501.9,86708.0,13755.1,0.3638
91257.4,11460.2,91840.0,11615.2,0.3638
61375.8,21990.4,61760.0,22112.2,0.3638
61910.6,7181.9,62029.5,7464.2,0.3638
97706.7,8896.6,97908.0,9280.0,0.3638
66123.7,12697.5,66338.4,12813.4,0.3638
69970.7,21128.5,70398.5,21542.9,0.3637
97529.0,18405.5,97920.0,18517.5,0.3637
12374.7,67270.8,12629.0,67429.7,0.3636
36801.4,33280.0,36891.7,33447.7,0.3636
51381.5,19869.5,51520.0,20114.8,0.3635
43840.0,16412.0,44200.0,16960.0,0.3634
31613.6,61191.9,32000.0,61289.4,0.3634
18587.7,52570.9,19039.9,53120.0,0.3632
15680.4,66591.0,15861.2,66708.1,0.3631
4804.7,60607.7,4999.0,60797.5,0.3631
100008.3,14176.0,100214.0,14221.3,0.3631
73452.8,21996.7,73629.8,22080.0,0.3631
26815.6,32320.0,26926.8,32644.8,0.3631
4005.8,62089.9,4480.0,62573.6,0.3630
107520.0,13304.9,108153.4,13740.9,0.3629
60160.8,18983.3,60394.2,19056.8,0.3629
28480.0,52166.3,29064.4,52726.3,0.3629
6081.1,63681.7,6178.4,63838.0,0.3628
35004.4,54613.0,35071.1,54720.0,0.3628
123502.8,28811.5,123827.4,28965.3,0.3628
44836.1,19865.0,44936.6,20127.9,0.3628
108162.2,20181.7,108254.9,20480.0,0.3627
32969.1,12164.7,33251.6,12496.2,0.3627
40204.1,22080.0,40628.4,22666.3,0.3627
52482.5,2240.0,52706.4,2791.0,0.3627
78132.4,20415.6,78397.1,20575.4,0.3626
53464.3,1814.0,53839.6,1919.9,0.3626
60584.1,5642.5,60824.6,5760.0,0.3626
30224.2,50823.1,30373.5,51139.0,0.3625
31362.5,34374.6,31530.2,34560.0,0.3625
125553.8,39072.8,125663.9,39153.7,0.3625
52191.7,8414.3,52649.9,8960.0,0.3624
33510.2,39526.5,33877.2,39626.3,0.3624
71121.4,22445.4,71376.5,22514.7,0.3624
33609.0,47881.3,33749.0,47997.9,0.3624
56960.0,18799.0,57140.0,18880.0,0.3624
87040.0,11356.9,87525.9,11519.5,0.3624
34428.9,54401.7,34560.0,54466.9,0.3623
63060.9,4589.7,63673.7,5099.1,0.3623
18594.9,59776.6,19190.6,59942.9,0.3623
35646.5,43408.4,35834.6,43730.7,0.3622
63360.0,7736.4,63563.0,8000.0,0.3622
54720.9,16248.0,54901.5,16365.7,0.3622
121631.2,30088.6,121912.6,30423.4,0.3621
27520.0,37251.2,27647.1,37331.6,0.3621
130348.2,32133.7,130875.5,32640.0,0.3621
34243.3,15802.6,34438.7,16320.0,0.3621
40741.8,27204.8,40960.0,27371.6,0.3621
15680.0,26329.7,16005.3,26880.0,0.3620
97284.3,13433.5,97720.1,13758.2,0.3620
45761.0,12381.8,46001.3,12800.0,0.3620
57604.9,18985.4,57799.7,19117.9,0.3620
71216.5,21731.4,71360.0,21760.0,0.3619
34561.8,47125.0,34715.9,47360.0,0.3619
31076.4,30513.1,31271.9,30630.7,0.3619
63674.3,22129.3,63977.3,22211.6,0.3619
31511.1,8679.0,31913.1,8879.8,0.3618
36175.6,55080.3,36448.3,55680.0,0.3618
39595.4,16037.8,39736.8,16320.0,0.3618
28336.1,33601.4,28480.0,33650.8,0.3618
49431.0,17607.8,49571.0,17803.2,0.3618
89230.6,11535.1,89279.4,11680.5,0.3618
50018.6,17507.1,50541.9,17904.9,0.3617
78265.8,19352.0,78400.0,19519.3,0.3617
104322.4,11548.8,104437.0,11830.1,0.3616
53979.6,17892.8,54080.0,18127.8,0.3616
113681.1,24006.5,113895.6,24139.5,0.3616
55668.6,5587.2,55971.3,6080.0,0.3616
47360.2,14218.7,47577.8,14397.3,0.3615
11843.4,67200.0,11926.0,67275.0,0.3615
65805.7,16960.0,65920.0,17152.5,0.3615
15989.8,38783.4,16273.5,38873.3,0.3615
19301.6,69402.5,19520.0,69482.9,0.3615
63395.0,17908.9,63667.3,17971.9,0.3614
67826.3,21545.2,67969.7,21623.7,0.3614
57611.5,16863.6,57861.5,17271.6,0.3613
111040.0,18653.2,111652.6,19200.0,0.3613
81281.1,10942.3,81433.2,11198.4,0.3613
44800.0,14052.9,45047.2,14390.3,0.3613
58490.9,16615.0,58715.7,16680.9,0.3612
57547.3,4415.8,57732.0,4480.0,0.3611
33280.0,20462.9,33885.0,20800.0,0.3609
98191.0,13499.1,98357.6,13540.4,0.3609
22723.1,49348.1,22798.4,49541.9,0.3609
38009.5,26722.5,38244.4,26878.7,0.3609
62415.7,5423.7,62597.2,5680.9,0.3608
29691.1,52898.6,29999.1,53440.0,0.3607
14103.2,68264.2,14720.0,68743.6,0.3607
127360.0,35520.0,127777.5,35806.8,0.3607
101003.7,10560.6,101143.1,10680.3,0.3606
85123.5,8287.7,85358.0,8434.7,0.3606
33116.7,24619.0,33320.2,24716.6,0.3605
123200.0,28220.1,123674.2,28480.0,0.3605
37765.2,37832.3,38015.5,38078.7,0.3604
62317.3,10047.4,62501.9,10180.5,0.3604
42560.0,21120.7,42766.9,21170.7,0.3604
65026.0,20064.1,65196.0,20347.3,0.3603
129202.6,35530.6,129276.7,35639.0,0.3603
22720.0,47867.3,22937.8,48114.9,0.3602
8961.3,61827.2,9401.1,62075.2,0.3601
28875.7,31360.0,29120.0,31613.6,0.3600
65871.9,21160.6,65989.2,21213.0,0.3600
32640.5,41605.4,32801.7,41842.2,0.3600
98341.4,13930.2,98517.0,13980.8,0.3599
96502.8,15427.6,96899.3,15678.5,0.3598
28482.5,58698.7,28841.1,59190.0,0.3598
31681.1,57923.6,32000.0,57998.7,0.3598
104960.9,7695.9,105126.8,7979.4,0.3598
41974.1,14019.2,42108.6,14077.6,0.3598
76321.0,15779.2,76785.6,16247.4,0.3597
31952.5,50892.6,32114.7,51059.5,0.3597
53147.7,10560.0,53760.0,10919.6,0.3597
56247.4,14841.8,56409.5,14879.0,0.3596
33421.3,59523.5,33790.1,59686.0,0.3596
73981.5,19965.2,74235.8,20113.0,0.3596
53097.4,23098.7,53440.0,23161.7,0.3595
27299.8,48822.5,27693.2,48892.2,0.3595
73953.8,20800.0,74226.0,21082.2,0.3594
24640.0,44285.7,25193.5,44443.2,0.3594
29121.6,39680.0,29271.7,39961.2,0.3594
33465.4,16643.1,33766.5,16806.4,0.3594
64640.0,14709.1,65057.4,15035.4,0.3594
53124.5,13760.0,53286.7,14083.2,0.3594
86720.0,9240.5,86885.3,9280.0,0.3594
82880.0,17102.7,83390.2,17275.7,0.3593
84312.4,15758.1,84629.7,16000.0,0.3593
31025.7,41282.5,31249.1,41325.6,0.3593
80177.6,8949.1,80320.0,9020.1,0.3593
74882.4,18394.8,75077.7,18559.2,0.3592
78080.2,15160.6,78207.2,15353.6,0.3592
19688.8,63179.3,20055.1,63356.3,0.3591
32787.5,47040.0,33250.9,47631.0,0.3591
19269.6,63583.4,19509.2,63673.5,0.3591
32245.7,51587.4,32427.5,51691.3,0.3591
61166.3,16606.6,61440.0,16770.5,0.3590
31224.7,14401.4,31360.0,14451.1,0.3590
10593.7,59957.4,11199.1,60462.4,0.3590
125630.9,33495.1,125759.4,33600.0,0.3590
19392.9,44852.1,19614.5,45323.3,0.3589
42908.6,8000.0,43520.0,8560.9,0.3588
35636.8,54098.3,35837.4,54249.3,0.3587
32100.7,43222.3,32319.6,43405.9,0.3586
89600.8,18612.9,89816.3,18824.0,0.3586
73806.7,18475.2,73928.9,18553.5,0.3586
35486.3,47698.1,35601.7,47837.2,0.3586
14404.5,66145.5,14691.3,66235.5,0.3586
48320.0,22302.2,48949.8,22528.3,0.3586
49560.9,19003.8,49600.0,19164.3,0.3585
40357.5,20312.7,40960.0,20777.7,0.3585
33837.6,34093.8,34050.5,34236.7,0.3585
66154.3,11371.2,66373.2,11516.5,0.3585
57280.0,22654.7,57346.0,22741.7,0.3583
32000.0,14288.5,32597.9,14479.3,0.3583
17942.9,62841.0,18560.0,63040.0,0.3583
35607.3,50332.2,35834.2,50449.7,0.3582
40393.4,11840.0,40518.7,12165.5,0.3582
13237.0,66891.7,13370.2,67001.4,0.3582
14489.3,63041.3,14581.5,63271.2,0.3582
122880.0,27840.0,123459.2,28283.1,0.3582
47683.8,10189.4,48010.3,10560.0,0.3581
4584.4,64323.3,5106.5,64687.3,0.3581
28900.4,38080.0,29118.6,38603.0,0.3581
11849.6,64736.0,12470.6,65280.0,0.3580
34099.2,37760.1,34215.2,37977.3,0.3580
55851.6,20925.2,55998.8,21120.0,0.3580
18871.4,59807.0,19200.0,59907.8,0.3579
36831.1,14400.0,37440.0,14775.0,0.3579
36800.0,12322.8,37317.9,12475.6,0.3579
31362.0,36000.2,31540.2,36159.1,0.3579
16980.9,69234.4,17593.7,69760.0,0.3579
20483.3,39773.1,21104.4,40112.5,0.3579
32964.0,20480.0,33242.6,20638.7,0.3578
101089.4,15040.0,101377.8,15190.4,0.3578
39261.2,30724.9,39359.4,30900.5,0.3577
38329.7,10882.1,38560.0,10923.1,0.3577
30071.6,53120.0,30195.2,53459.4,0.3577
32320.0,43106.7,32709.7,43515.6,0.3577
35087.8,54599.2,35310.7,54718.2,0.3577
106881.5,12225.3,107009.5,12480.0,0.3577
14352.5,68343.6,14720.0,68480.8,0.3576
50880.7,10251.3,51367.7,10555.6,0.3576
32320.6,56492.6,32418.0,56663.1,0.3575
16642.2,43934.2,16998.5,44480.0,0.3575
53281.0,6944.8,53437.3,7145.3,0.3575
35828.3,24375.7,36117.2,24960.0,0.3575
104410.0,17745.2,104634.2,17845.6,0.3574
119789.6,25872.1,120320.0,26240.0,0.3574
105318.6,9280.0,105600.0,9827.6,0.3573
21123.9,34293.2,21324.5,34560.0,0.3573
91655.0,14008.2,91916.7,14079.0,0.3573
71911.4,14996.7,72143.7,15123.8,0.3573
32526.0,30387.7,32640.0,30716.4,0.3573
33706.1,50185.6,33771.7,50331.5,0.3572
55312.4,21662.2,55409.1,21942.4,0.3572
97453.6,8960.0,97600.0,9306.2,0.3571
93985.5,7622.5,94188.1,7680.0,0.3571
33837.1,33773.5,34051.6,33916.7,0.3571
19904.2,38523.9,20160.0,38592.8,0.3570
51366.6,4802.5,51457.6,4911.5,0.3570
3554.2,63093.2,3831.6,63558.3,0.3570
60779.2,8525.6,61002.2,8638.9,0.3570
38401.1,33759.1,38597.3,33918.7,0.3569
102927.3,17752.1,103120.7,17918.4,0.3569
64154.5,13124.0,64320.0,13259.7,0.3568
113095.5,21938.1,113278.1,22077.6,0.3568
18502.8,34619.8,18880.0,34868.5,0.3568
20481.9,29760.0,20615.8,29842.5,0.3568
57355.3,15809.4,57564.2,15847.5,0.3568
46852.1,18630.3,47040.0,18866.8,0.3568
103547.0,9812.6,103678.3,10085.1,0.3567
94646.3,14504.3,95040.0,14654.1,0.3567
94739.3,8877.9,95040.0,8948.3,0.3566
60556.6,7363.1,60797.0,7744.8,0.3565
82492.0,16104.9,82570.4,16210.1,0.3564
74159.3,21671.6,74559.7,21762.4,0.3563
128672.8,33289.7,129270.6,33758.5,0.3562
20336.1,30729.3,20800.0,31040.0,0.3562
19080.5,66560.0,19198.3,66719.2,0.3561
23076.8,64880.1,23680.0,65267.2,0.3561
101466.2,20624.1,102080.0,21023.4,0.3561
103849.0,4484.3,103999.2,4672.8,0.3560
24396.9,49258.6,24571.1,49280.0,0.3560
35841.7,25600.0,36073.2,26047.6,0.3559
89748.1,17921.2,89873.7,18039.6,0.3558
119562.9,26392.0,119769.6,26557.9,0.3558
90578.6,11599.6,91196.7,11840.0,0.3558
26560.0,53953.2,26777.0,54400.0,0.3557
34073.2,54111.6,34236.5,54270.7,0.3557
35399.0,58240.7,35517.5,58382.7,0.3555
61443.3,18026.8,61760.0,18131.3,0.3554
35554.5,44293.5,35630.4,44401.9,0.3553
16053.7,66891.9,16626.4,67288.6,0.3553
36238.7,45763.8,36480.0,46115.2,0.3553
34726.3,56416.6,35200.0,56640.0,0.3553
35624.9,42519.7,35839.3,42643.9,0.3553
50739.2,22246.4,50878.2,22339.9,0.3552
16640.6,42985.7,17007.6,43520.0,0.3552
121922.0,27352.8,122116.3,27520.0,0.3552
65600.4,11997.8,65811.2,12157.5,0.3551
33910.1,40643.6,34240.0,40717.9,0.3550
59203.8,9318.7,59407.8,9679.0,0.3550
41605.8,21146.7,41795.0,21261.9,0.3549
38843.4,15764.4,39359.8,16298.0,0.3549
28480.1,46985.4,28632.2,47036.3,0.3549
60013.8,21565.9,60084.0,21688.6,0.3549
53543.3,14401.6,53689.5,14438.4,0.3548
91928.3,13488.4,92160.0,13628.5,0.3548
52496.9,321.1,53117.6,870.5,0.3548
22745.2,54725.4,23360.0,54891.2,0.3548
23704.0,33280.0,24315.9,33509.0,0.3547
73680.3,13930.5,73911.8,14077.2,0.3547
66301.8,13760.0,66873.1,14148.0,0.3547
106560.3,16571.7,106713.9,16640.0,0.3547
71100.9,19844.7,71360.0,20063.5,0.3547
100509.3,17081.5,101104.1,17600.0,0.3547
84986.8,13588.5,85119.8,13881.7,0.3547
56981.1,9694.1,57195.0,9737.0,0.3546
64065.0,14748.3,64637.6,14925.9,0.3546
36162.3,32796.1,36333.6,32959.3,0.3545
97280.0,10242.8,97590.0,10566.6,0.3544
63488.4,18676.1,63679.4,18854.2,0.3544
58640.2,7274.7,58872.1,7360.0,0.3544
19886.2,38252.8,20089.3,38399.1,0.3544
96672.1,7680.0,97106.4,8085.8,0.3544
80569.1,15111.0,80960.0,15359.5,0.3544
70722.2,11011.6,70929.5,11190.9,0.3544
21117.9,52673.0,21271.7,52718.3,0.3544
31401.6,57760.8,32000.0,58055.3,0.3543
75204.2,13879.9,75360.8,14080.0,0.3543
104642.8,19282.0,104815.8,19518.7,0.3543
105280.0,5553.3,105864.9,5719.6,0.3543
15680.0,38779.4,16009.3,39360.0,0.3543
36801.7,39040.0,36894.2,39203.6,0.3542
38524.8,57600.0,38599.6,57749.1,0.3542
30400.0,42060.1,30538.0,42235.8,0.3542
33060.2,13489.9,33131.2,13760.0,0.3541
113476.7,21760.0,113600.0,21826.9,0.3541
20160.0,64175.4,20734.6,64640.0,0.3541
103694.2,12642.2,104065.3,13113.2,0.3541
18016.9,37765.2,18235.0,37975.9,0.3540
101614.0,6952.7,101760.0,7181.2,0.3540
40701.4,14400.0,40800.1,14616.4,0.3539
102023.3,14063.9,102205.1,14386.5,0.3539
31771.6,31592.6,31882.9,31680.0,0.3539
6723.8,61506.3,7205.3,62080.0,0.3538
49274.6,9219.4,49593.5,9359.3,0.3538
32640.0,58080.8,33216.0,58236.1,0.3538
47696.5,9494.8,48320.0,9812.8,0.3538
46385.2,9795.8,46616.1,9920.0,0.3538
56495.5,23052.7,56640.0,23144.3,0.3537
91885.9,12877.8,92466.1,13430.1,0.3537
48234.3,15680.0,48591.4,15876.4,0.3537
32000.0,14246.0,32341.4,14400.0,0.3537
66913.2,7019.5,67196.5,7153.1,0.3536
35522.7,49533.6,35716.5,49661.6,0.3536
75843.4,16014.9,75990.2,16352.3,0.3536
81638.3,10820.3,81920.0,10880.0,0.3536
45026.6,21673.2,45436.0,21840.1,0.3535
37184.0,34347.5,37423.5,34880.0,0.3535
26243.2,52223.5,26404.4,52480.0,0.3535
97600.0,6401.3,98107.9,6555.2,0.3535
63046.0,12524.6,63192.6,12774.2,0.3534
89786.7,7419.3,89957.6,7622.0,0.3534
43520.0,19056.8,43617.8,19191.5,0.3534
124527.4,27607.3,124795.7,27836.9,0.3534
35249.6,22218.5,35346.2,22524.5,0.3534
46237.9,22775.0,46335.4,22815.9,0.3534
56636.9,16804.6,56788.1,17212.6,0.3534
61592.6,22582.7,61648.2,22708.0,0.3533
36395.0,32171.2,36613.7,32318.4,0.3533
648.3,66076.9,994.6,66560.0,0.3532
61576.4,16283.1,61743.7,16320.0,0.3531
76450.3,21012.6,76800.0,21082.5,0.3531
31798.4,44285.2,31893.7,44527.8,0.3531
28481.4,41920.6,28691.1,42244.5,0.3530
36002.4,56114.5,36160.0,56320.0,0.3530
28941.9,60804.9,28994.7,60915.1,0.3530
110271.2,23402.7,110377.3,23680.0,0.3530
76777.8,14088.7,77118.3,14248.6,0.3530
35857.8,8000.0,36480.0,8320.1,0.3530
42899.4,10810.6,43200.0,10874.7,0.3530
37301.0,35201.9,37370.6,35301.9,0.3530
80000.0,14402.4,80344.0,14480.0,0.3530
29833.6,49600.0,30006.7,49920.0,0.3529
32320.0,10244.1,32725.9,10410.3,0.3529
40882.6,18704.2,41164.2,18879.0,0.3529
63658.6,18680.1,64000.0,18745.1,0.3529
34560.4,24968.8,34889.8,25275.0,0.3528
128621.2,33635.0,128811.5,33751.5,0.3528
18564.8,63283.6,18797.1,63360.0,0.3528
105920.0,13499.0,106285.3,13663.0,0.3528
101681.5,16666.3,101758.4,16960.0,0.3528
18907.5,42874.8,19461.7,43197.8,0.3528
13705.5,62481.9,14069.4,62768.1,0.3527
28251.8,50986.6,28364.6,51039.2,0.3526
37617.0,57480.0,37671.9,57638.0,0.3526
51106.6,22006.0,51277.7,22047.1,0.3526
36047.5,17289.2,36461.0,17672.7,0.3525
78801.9,22487.3,79360.0,23040.0,0.3525
38645.8,31071.9,38879.8,31645.7,0.3525
97945.5,12353.7,98064.9,12655.9,0.3524
70491.7,18884.2,70667.9,18977.1,0.3524
35319.8,54947.4,35429.9,55040.0,0.3524
37076.5,40841.7,37370.6,40952.4,0.3523
30734.9,12874.2,31112.6,13440.0,0.3523
20655.2,67840.0,21073.1,68375.1,0.3522
51846.7,19394.8,51997.6,19497.2,0.3522
126023.5,39753.9,126400.0,39845.0,0.3522
67845.5,17260.5,67985.6,17516.1,0.3521
23166.5,41530.5,23675.1,41920.0,0.3521
88424.7,19381.1,88953.4,19840.0,0.3521
34894.0,51422.8,35508.5,51806.3,0.3520
18880.5,39302.6,19102.5,39424.6,0.3520
77111.5,13885.7,77440.0,14000.4,0.3520
124757.3,28006.3,124799.5,28139.9,0.3520
26191.8,52483.4,26471.9,52947.5,0.3520
20481.9,27843.0,20800.9,28263.7,0.3518
73485.2,13934.2,73705.4,14076.0,0.3518
62720.0,18240.0,62913.7,18340.3,0.3518
19236.1,28931.2,19518.3,29113.0,0.3517
50299.9,19520.0,50551.1,19720.2,0.3517
27200.9,39697.4,27518.7,40025.7,0.3517
75532.4,17603.0,76160.0,17920.0,0.3517
31325.4,21440.8,31399.2,21562.8,0.3516
28517.6,34933.4,28590.3,35200.0,0.3515
15709.6,67109.8,16066.4,67496.3,0.3515
124887.8,37674.9,125023.6,37901.9,0.3515
122294.1,39171.7,122880.0,39349.9,0.3515
127472.7,29760.0,128000.0,30082.7,0.3515
33045.9,58408.0,33279.5,58558.3,0.3515
50566.1,8002.8,50742.3,8140.3,0.3514
110333.1,21908.8,110553.5,22023.3,0.3514
29905.6,29797.9,29981.8,30058.2,0.3514
31685.4,37693.4,31823.6,37964.3,0.3513
33796.5,57714.7,33948.4,57754.5,0.3513
96323.9,14311.1,96671.0,14468.0,0.3513
78313.7,8613.3,78483.6,8664.3,0.3513
14400.0,65037.0,14767.8,65600.0,0.3513
80722.0,11203.0,80919.6,11362.2,0.3512
90010.6,7866.9,90125.7,7997.3,0.3512
26268.6,29120.0,26880.0,29450.0,0.3512
98244.5,14433.3,98832.3,14582.0,0.3512
78584.3,15681.6,78720.0,15851.0,0.3512
32005.3,60767.1,32182.7,60835.8,0.3512
111395.2,21504.1,111994.6,22066.1,0.3512
17617.5,50014.0,18029.2,50560.0,0.3511
99844.0,16471.5,100058.1,16639.6,0.3511
97303.6,14720.0,97920.0,14898.3,0.3511
75203.5,15289.3,75425.4,15360.0,0.3511
36846.5,14312.7,37417.7,14484.1,0.3511
25619.1,49767.0,25942.6,50240.0,0.3510
19944.4,56198.4,20151.0,56512.8,0.3510
15680.0,29234.9,16002.5,29760.0,0.3510
35129.5,39700.1,35511.8,39936.1,0.3509
32678.8,23561.4,33280.0,23766.9,0.3509
107898.1,12853.5,108143.3,13130.4,0.3509
39683.2,24783.6,39986.8,25266.8,0.3508
109440.9,20809.8,109751.5,21130.7,0.3507
80320.0,8968.4,80459.5,9073.9,0.3506
45670.7,19744.9,45906.4,19839.1,0.3506
119397.8,37447.2,119999.4,37890.6,0.3506
31700.6,36160.8,32317.8,36494.4,0.3505
59231.8,3200.0,59840.0,3583.8,0.3505
105124.5,13765.3,105596.7,14259.6,0.3505
56000.0,10286.1,56126.0,10560.0,0.3505
87040.0,7680.0,87219.9,8003.7,0.3504
23638.8,62402.0,23998.2,62707.8,0.3504
4160.0,66244.5,4282.8,66294.9,0.3504
19221.0,28911.9,19515.0,29440.0,0.3503
52953.9,22371.2,53144.1,22400.0,0.3503
95452.8,13443.6,95680.0,13555.6,0.3503
24660.8,65345.1,25271.3,65600.0,0.3503
34053.0,26595.0,34237.8,26785.2,0.3503
43200.0,18359.6,43280.3,18560.0,0.3502
102712.0,14580.8,103040.0,14718.1,0.3502
62132.8,12190.1,62720.0,12639.3,0.3500
74172.5,18560.5,74239.4,18700.6,0.3500
43521.6,9815.3,43730.5,9910.5,0.3500
91520.0,12161.3,91672.0,12249.9,0.3500
16597.1,36898.3,16800.2,37440.0,0.3500
78498.5,22777.9,78710.3,22985.6,0.3499
127041.8,29511.5,127286.5,29899.8,0.3499
105280.2,11243.7,105488.7,11403.3,0.3499
49640.6,21402.0,49795.7,21438.4,0.3499
52428.7,2457.2,52480.0,2560.0,0.3499
117761.0,24777.5,117851.8,25024.3,0.3499
68403.8,20063.7,68579.2,20106.8,0.3498
94745.0,17364.7,95360.0,17600.0,0.3497
119077.5,33697.7,119665.9,34240.0,0.3496
22400.0,37120.7,22612.9,37182.4,0.3496
66514.0,24672.3,66876.2,24824.5,0.3496
62924.8,23338.9,63119.8,23360.0,0.3496
19679.3,59677.2,20024.7,59755.1,0.3496
70347.1,21818.1,70720.0,21947.1,0.3496
20884.6,29120.0,21440.0,29300.4,0.3495
39040.8,35836.8,39171.5,36138.8,0.3495
69289.2,13333.5,69436.7,13440.0,0.3495
15842.1,66589.5,15999.2,66873.3,0.3495
66723.4,23246.6,66880.0,23402.2,0.3495
36450.6,50242.8,36563.9,50466.5,0.3494
52892.2,20345.8,53083.9,20645.7,0.3494
105600.0,19086.1,105818.4,19231.7,0.3493
15680.0,38487.5,16003.3,39040.0,0.3493
33922.3,33413.9,34094.2,33600.0,0.3493
21760.0,39043.1,21981.6,39110.1,0.3492
18256.1,27200.0,18880.0,27401.9,0.3492
31045.8,8352.3,31176.2,8708.2,0.3492
70720.0,20058.0,70860.4,20237.8,0.3492
32006.6,13177.6,32324.2,13476.0,0.3492
88156.1,13292.7,88441.3,13428.2,0.3492
89351.7,19040.6,89530.1,19200.0,0.3491
38000.5,19842.2,38157.5,19882.0,0.3491
6838.1,63040.0,7345.7,63562.7,0.3491
19498.9,67597.7,19784.3,67656.9,0.3491
75283.8,14204.2,75419.5,14305.0,0.3490
50390.0,19520.0,50880.0,19988.5,0.3489
98759.6,16475.7,99200.0,16960.0,0.3489
104341.5,14734.0,104634.8,15222.2,0.3489
5512.5,63680.0,5718.9,64247.0,0.3489
17704.3,39685.2,17916.8,39845.7,0.3488
70097.1,16979.3,70507.2,17505.2,0.3488
92480.0,7878.0,93100.9,8191.8,0.3487
25291.8,61255.0,25723.3,61760.0,0.3487
20163.9,63921.1,20303.4,64143.4,0.3485
86412.8,8320.2,86612.9,8361.3,0.3485
124480.0,29824.3,124977.6,30080.0,0.3485
60428.9,21981.7,60800.0,22078.0,0.3485
24321.8,43450.1,24421.0,43580.8,0.3484
71737.8,13211.1,71993.1,13434.7,0.3484
33722.2,24541.5,33897.8,24643.3,0.3484
35200.0,44498.8,35327.5,44617.3,0.3484
34884.1,49523.4,35055.1,49715.8,0.3484
103432.1,7828.5,103974.2,7997.9,0.3483
88323.7,13049.4,88539.7,13120.0,0.3483
103087.8,9920.0,103148.8,10044.9,0.3482
108160.0,15439.7,108772.2,16000.0,0.3482
33351.1,24061.1,33600.0,24236.9,0.3482
85113.5,18290.0,85437.0,18437.6,0.3482
59753.4,18754.4,59932.0,18790.6,0.3481
20511.4,26968.3,21120.0,27476.8,0.3481
33611.4,61335.6,34240.0,61758.6,0.3481
80130.7,18390.4,80322.9,18455.9,0.3481
24427.1,43938.7,24954.6,44109.7,0.3481
106324.3,11843.6,106487.7,12010.5,0.3480
29449.7,46559.1,29513.8,46730.3,0.3480
47867.9,23709.1,48007.3,23771.0,0.3479
22824.2,61962.7,23339.4,62400.0,0.3479
65041.8,18756.1,65600.0,19107.4,0.3479
38411.6,9603.0,38590.2,9646.7,0.3479
28950.5,38537.4,29440.0,38776.7,0.3478
106241.5,10560.0,106326.7,10791.0,0.3478
80995.7,10791.1,81595.0,10939.1,0.3478
80971.7,15046.2,81350.5,15553.3,0.3478
24000.0,37405.2,24558.8,37565.1,0.3477
47102.0,14527.8,47358.9,14685.7,0.3477
24905.7,61669.7,24959.0,61825.0,0.3477
79948.7,21145.9,79998.0,21247.9,0.3477
18588.4,57360.8,19197.5,57600.0,0.3477
75863.4,8001.1,76480.0,8162.7,0.3477
58258.1,24138.5,58880.0,24547.8,0.3476
68890.3,22400.0,69010.3,22457.2,0.3476
16045.9,38743.5,16640.0,39087.3,0.3476
57436.0,8960.7,57756.9,9079.1,0.3475
50175.5,17692.7,50369.1,17727.6,0.3475
39683.5,13316.1,39898.7,13620.8,0.3475
38497.7,28800.0,38655.4,29112.4,0.3475
18159.0,32658.8,18559.2,32964.6,0.3475
30100.8,27541.1,30496.3,28158.5,0.3475
99962.6,11767.2,100142.5,11905.5,0.3475
31955.1,61203.3,32320.0,61344.3,0.3474
4065.7,65280.8,4147.7,65374.2,0.3474
56461.0,15218.2,56601.2,15256.8,0.3474
100873.7,6902.7,101433.0,7186.9,0.3474
37440.0,42611.7,37476.2,42764.3,0.3472
48643.0,23842.9,49269.6,24000.0,0.3472
31313.1,49711.0,31430.7,49920.0,0.3472
33050.2,24972.6,33591.7,25371.8,0.3471
43520.0,13744.0,43635.8,13948.8,0.3471
16273.1,34240.6,16640.0,34465.7,0.3470
32780.1,56148.9,32857.9,56460.2,0.3470
30171.9,27260.5,30645.6,27833.7,0.3470
66912.5,10918.5,67502.9,11199.9,0.3470
39282.1,38851.9,39680.0,38917.6,0.3469
45440.0,9922.4,45719.6,9986.6,0.3469
34883.6,30532.4,35038.0,30720.0,0.3469
57602.7,6470.6,57679.9,6600.3,0.3469
30175.6,37450.8,30707.1,38002.8,0.3468
99213.5,15799.0,99583.2,15860.6,0.3468
121113.7,25616.8,121277.7,25770.8,0.3468
26560.0,56776.5,26987.4,56955.6,0.3468
44160.0,15284.3,44474.5,15487.1,0.3468
106936.9,13530.7,107520.0,14080.0,0.3468
99520.0,5469.2,100065.6,5779.3,0.3467
31182.6,58107.4,31532.7,58213.6,0.3467
70720.0,17782.7,71030.5,17920.0,0.3467
36376.9,22722.3,36491.2,22829.5,0.3466
29859.3,56562.2,30080.0,56744.2,0.3466
48000.1,21495.0,48264.1,21760.0,0.3465
81928.6,8096.0,82550.0,8640.0,0.3465
123848.6,37497.7,124400.8,38070.5,0.3464
72234.2,13600.4,72457.4,13743.8,0.3464
59524.9,12692.7,59828.2,13099.3,0.3464
81722.7,8901.1,82042.8,8960.0,0.3464
28802.5,41476.7,28913.0,41788.3,0.3464
42240.0,8322.2,42714.1,8492.5,0.3464
33923.6,23619.7,34358.1,23791.0,0.3464
82076.3,19427.1,82240.0,19520.0,0.3463
82880.0,13765.1,83232.8,13934.6,0.3463
13760.0,61848.3,13934.8,61923.3,0.3463
62598.5,14100.6,63038.6,14328.3,0.3462
29449.8,29843.8,29864.9,30400.0,0.3462
64673.4,15167.0,65047.3,15680.0,0.3462
16653.5,45860.4,17078.4,46400.0,0.3462
46905.5,17298.3,46985.6,17459.6,0.3462
74880.0,22464.1,75425.4,22620.7,0.3461
42005.8,20960.7,42239.2,21120.0,0.3461
44413.3,10240.7,44800.0,10354.2,0.3461
19865.0,55044.1,20160.0,55411.8,0.3460
49176.1,16778.3,49454.0,16958.0,0.3460
108523.1,9803.4,108740.2,9930.2,0.3460
76333.5,18619.5,76480.0,18759.2,0.3460
46956.7,10533.1,47344.7,10880.0,0.3460
34325.1,46772.7,34524.9,46913.1,0.3460
20549.6,35520.4,20616.3,35616.6,0.3460
81884.5,19840.0,82240.0,19952.1,0.3459
32000.0,45183.9,32120.6,45440.0,0.3459
98679.2,16321.5,98764.7,16439.4,0.3458
6730.0,67186.5,7360.0,67520.0,0.3458
35520.0,36486.8,35756.9,36630.8,0.3458
16337.8,30624.2,16438.4,30783.0,0.3457
30108.9,29771.2,30588.7,30227.8,0.3457
36075.9,34076.6,36303.4,34240.0,0.3457
106563.3,11213.6,106670.3,11520.0,0.3456
84627.2,7363.0,84848.8,7411.6,0.3455
19840.0,29856.8,20188.2,30057.6,0.3455
55963.3,23409.7,56320.0,23557.5,0.3455
18240.8,35840.0,18430.4,35956.8,0.3455
72323.7,18621.3,72814.8,19199.8,0.3455
16935.9,31100.6,17040.7,31360.0,0.3455
21761.7,38103.5,22100.4,38532.5,0.3454
21217.8,67277.4,21753.6,67840.0,0.3454
76476.5,14037.0,76710.9,14131.0,0.3454
43201.4,14155.3,43367.4,14340.0,0.3454
101454.4,6733.7,102080.0,7040.0,0.3453
77426.7,7960.8,77726.2,8104.0,0.3453
34966.2,56641.5,35520.0,56874.7,0.3452
37246.0,39680.3,37439.4,39784.5,0.3452
51200.0,3963.4,51445.1,4480.0,0.3452
31585.3,47096.1,31661.5,47246.8,0.3452
34375.4,46560.1,34553.8,46716.1,0.3451
3852.6,66793.8,4018.9,67079.4,0.3451
76480.0,20788.7,77103.5,21109.3,0.3451
74957.6,14089.2,75200.0,14261.4,0.3451
36162.6,32134.4,36326.2,32319.8,0.3450
37440.0,26853.8,37829.9,26950.9,0.3450
30720.0,25710.7,30963.7,26240.0,0.3450
43832.4,16341.5,44108.4,16501.7,0.3448
19850.0,62733.9,20172.2,63122.9,0.3448
52807.5,2597.7,53104.2,2880.0,0.3448
33269.5,47228.9,33426.9,47424.1,0.3448
16000.0,39360.7,16194.6,39411.1,0.3448
31131.7,50594.0,31248.7,50733.3,0.3448
34565.4,56380.3,34982.1,56640.0,0.3447
15857.9,63696.3,15940.5,64000.0,0.3446
30661.6,32069.4,30787.4,32275.3,0.3446
123224.0,30720.0,123520.0,30963.3,0.3445
20487.1,49300.6,21120.0,49600.0,0.3445
104803.5,15172.4,105063.0,15287.2,0.3445
19728.1,60067.9,19806.1,60142.0,0.3445
104032.8,3897.8,104635.9,4469.4,0.3444
57965.8,11211.1,58554.5,11801.5,0.3444
90444.9,17067.0,90505.8,17187.5,0.3444
51620.1,22296.9,51806.8,22495.0,0.3443
36490.5,58585.7,36771.9,59199.3,0.3443
18917.7,27804.8,19520.0,28156.8,0.3443
110091.8,18884.1,110400.0,19207.5,0.3442
56287.9,21120.0,56387.7,21441.6,0.3442
54504.6,16263.5,55040.0,16585.5,0.3442
94262.9,9639.7,94543.9,9792.0,0.3442
84802.6,10169.9,84946.0,10556.0,0.3441
23412.4,60160.9,23540.2,60310.3,0.3441
32390.9,33120.6,32634.2,33279.5,0.3441
2899.8,66984.6,3520.0,67450.4,0.3441
56289.6,19892.8,56640.0,19997.2,0.3439
25602.9,58938.5,25741.7,59200.0,0.3439
27522.4,41668.8,27715.9,41920.0,0.3439
72344.3,7162.6,72960.0,7666.3,0.3439
71375.4,23382.2,72000.0,23680.0,0.3439
51995.9,18281.6,52173.9,18320.0,0.3439
26633.5,63808.1,26880.0,64000.0,0.3438
71251.2,18340.7,71673.5,18516.0,0.3438
97470.6,12499.7,97595.0,12800.0,0.3438
71319.1,15805.4,71679.9,15979.5,0.3438
39361.0,9920.0,39511.1,10138.9,0.3437
60003.5,4883.8,60079.0,4993.2,0.3437
98573.8,19125.3,99200.0,19520.0,0.3436
64320.0,23307.0,64533.4,23351.2,0.3436
51487.8,3482.5,51629.6,3520.0,0.3436
34562.6,53270.9,34764.9,53440.0,0.3436
33693.6,37130.3,33916.7,37350.4,0.3436
127430.5,34880.0,127993.3,35395.5,0.3436
24017.6,56471.7,24640.0,56840.6,0.3436
10888.9,65693.2,11472.1,66240.0,0.3435
86460.2,16655.9,87031.2,17077.8,0.3435
38421.0,29445.4,38767.8,30077.0,0.3435
19747.8,65280.0,19875.3,65607.0,0.3435
120640.0,38141.2,120978.3,38400.0,0.3435
31680.0,51725.0,32004.6,52160.0,0.3434
76983.8,8000.0,77440.0,8503.8,0.3434
17920.0,35840.1,18503.5,35996.2,0.3434
98777.9,16678.4,98880.0,16960.0,0.3433
36679.9,41849.2,36776.4,42167.0,0.3433
69128.5,7749.1,69661.8,7901.2,0.3433
37798.7,33280.0,37905.3,33587.7,0.3433
49558.3,21655.6,49622.0,21748.5,0.3432
55051.9,6216.3,55473.9,6400.0,0.3432
118555.8,26560.0,118633.6,26670.7,0.3432
81722.8,16219.5,81782.5,16397.5,0.3431
99522.8,16824.1,100119.4,17273.6,0.3431
54644.0,10560.0,54841.2,10609.5,0.3431
18881.8,54720.0,19057.0,55025.0,0.3430
26920.8,55680.0,27134.8,56249.0,0.3430
37910.4,53124.0,38080.0,53254.8,0.3430
46315.4,15734.2,46520.4,15847.8,0.3430
45121.3,11451.0,45496.0,11840.0,0.3429
72554.8,13601.5,72776.5,13741.4,0.3429
21760.0,44480.0,22311.8,44631.6,0.3429
44441.2,22786.3,44800.0,22931.0,0.3428
107589.6,16001.6,107840.0,16277.3,0.3428
15680.0,36269.9,16003.1,36800.0,0.3428
128960.0,29528.0,129574.2,30080.0,0.3427
119039.0,25932.4,119359.4,26228.1,0.3427
36541.4,55539.4,36666.7,55861.0,0.3427
80640.0,20025.4,81280.0,20425.9,0.3427
73650.0,12163.7,74224.3,12532.2,0.3426
77442.4,21464.8,77651.4,21653.0,0.3426
21196.9,52257.3,21697.8,52476.9,0.3426
35270.2,39349.6,35674.4,39431.9,0.3426
3850.9,66964.8,4225.3,67200.0,0.3426
73098.1,16762.1,73558.8,17280.0,0.3426
7709.6,59923.0,8320.0,60480.0,0.3425
39361.6,32419.4,39711.7,32634.4,0.3425
87280.2,14104.5,87487.8,14229.4,0.3424
130832.0,32404.5,131186.0,32960.0,0.3424
34277.9,36167.8,34560.0,36457.8,0.3424
32246.0,52558.0,32302.9,52718.2,0.3424
47681.6,11622.0,47809.6,11840.0,0.3423
75925.1,19413.6,76156.4,19520.0,0.3422
27138.0,63489.7,27198.8,63643.5,0.3422
100921.0,10880.0,101223.1,10946.1,0.3422
32379.7,25700.1,32960.0,25919.8,0.3422
75145.1,21507.3,75520.0,21592.0,0.3422
77778.4,20809.8,78399.0,20955.0,0.3422
34450.0,49600.5,34560.0,49773.2,0.3421
64130.0,22499.0,64632.4,22720.0,0.3421
39014.2,9920.0,39161.4,10178.0,0.3421
33601.7,35682.6,33920.0,35801.9,0.3421
108008.6,13120.0,108160.0,13454.0,0.3420
22082.2,53065.5,22237.9,53150.4,0.3419
30516.9,45371.9,30720.0,45525.5,0.3419
53305.5,22371.7,53440.0,22400.0,0.3419
118083.1,26433.4,118156.5,26722.3,0.3419
36814.6,30180.6,37124.8,30706.0,0.3418
94401.0,15040.7,94749.8,15254.9,0.3418
31208.3,50309.6,31461.3,50462.3,0.3418
31397.5,38080.0,31467.0,38186.6,0.3418
34947.2,44160.0,35072.3,44428.3,0.3418
18880.0,52390.6,19000.7,52742.8,0.3417
52005.7,17089.5,52160.0,17346.9,0.3417
52485.2,7227.6,52693.2,7557.9,0.3416
23576.3,42572.2,23782.5,42853.0,0.3415
89929.6,15040.0,90549.4,15396.0,0.3415
11450.3,66412.1,11666.7,66609.2,0.3415
73475.6,18560.7,73706.6,18630.3,0.3414
62826.1,15689.7,63312.6,16227.2,0.3414
32878.5,34092.4,33091.7,34236.7,0.3414
100163.5,17071.5,100328.7,17280.0,0.3414
55127.6,8742.5,55675.1,8956.4,0.3414
63737.6,9281.9,64009.0,9396.6,0.3414
55016.0,8960.0,55356.8,9102.9,0.3413
95367.8,7880.7,95833.3,8097.5,0.3413
14110.0,65600.0,14720.0,65842.1,0.3413
58247.2,22721.2,58598.5,22880.2,0.3413
110123.2,19577.6,110663.0,20137.0,0.3413
105421.5,6948.8,105874.6,7116.1,0.3413
16000.0,40640.0,16099.2,40747.7,0.3412
38832.5,11159.6,39112.0,11285.7,0.3412
72961.3,11840.0,73133.4,12093.4,0.3412
57773.9,15055.7,57972.3,15095.9,0.3412
61294.5,11689.6,61504.0,11836.5,0.3412
63745.3,16828.5,64000.0,16956.6,0.3411
88341.2,7040.0,88960.0,7463.5,0.3410
20916.0,59525.2,21440.0,59736.5,0.3409
49239.3,24388.0,49600.0,24538.8,0.3409
31531.8,48694.9,31732.5,48811.1,0.3409
3849.0,62413.0,4173.1,62807.9,0.3408
86400.0,12746.4,86970.9,12898.1,0.3408
28801.2,56961.9,28954.1,57198.0,0.3408
57460.1,19232.4,57599.2,19330.4,0.3408
73000.0,13216.9,73280.0,13367.0,0.3407
82585.7,7779.8,83037.0,8320.0,0.3407
80000.0,14609.4,80271.1,14712.0,0.3407
55367.4,13092.8,55985.9,13440.0,0.3406
70226.4,20146.0,70399.6,20282.9,0.3406
57280.0,11924.6,57850.0,12119.9,0.3405
29900.9,35168.0,30024.8,35248.9,0.3405
46386.2,22400.0,46720.0,22522.3,0.3405
22904.7,63066.7,23038.4,63360.0,0.3404
33163.8,23151.7,33279.0,23502.9,0.3404
3299.1,65178.8,3520.0,65280.0,0.3404
32696.1,13121.0,33003.3,13215.8,0.3404
68655.5,16978.2,68782.1,17222.3,0.3404
28488.6,32965.0,28831.7,33151.9,0.3404
99450.7,14168.6,99769.7,14236.3,0.3403
34822.1,21130.0,35194.7,21339.1,0.3403
16788.7,33920.0,16960.0,34279.4,0.3403
79680.0,21159.2,79823.7,21330.0,0.3403
28556.9,50915.2,28712.3,51006.3,0.3403
50274.5,24122.6,50880.0,24310.9,0.3402
19560.2,59840.0,19840.0,59953.4,0.3402
123223.0,28504.4,123840.0,29059.3,0.3402
18883.7,33693.3,19066.1,33880.7,0.3402
38087.1,8663.6,38400.0,8736.8,0.3402
95680.0,5890.1,96002.3,6400.0,0.3401
51376.0,4680.3,51462.9,4980.1,0.3401
71805.2,17393.4,72310.8,17600.0,0.3401
52010.8,1953.2,52224.6,1999.2,0.3401
85490.6,16328.2,85914.4,16960.0,0.3400
22401.6,63040.6,22538.3,63236.3,0.3400
80003.8,17858.5,80257.3,17920.0,0.3400
125120.9,32645.3,125409.8,32959.3,0.3400
57286.5,5056.7,57596.0,5120.0,0.3400
88692.3,12531.1,89280.0,12863.5,0.3399
74881.7,18075.7,75078.2,18239.3,0.3399
26884.1,62085.8,26964.5,62195.3,0.3398
76808.4,16320.0,77235.4,16839.8,0.3398
34241.1,47995.9,34484.1,48149.6,0.3398
64448.1,22082.4,64640.0,22119.7,0.3398
46368.7,14410.6,46502.7,14636.1,0.3397
91520.0,8255.5,91977.2,8417.5,0.3397
32223.1,56400.1,32320.0,56570.1,0.3397
83903.5,11163.9,84480.0,11498.4,0.3397
62848.3,18934.6,63356.2,19107.5,0.3397
57695.6,2560.0,58240.0,2852.9,0.3397
65289.6,18691.7,65920.0,19082.5,0.3396
101116.8,16185.8,101440.0,16320.0,0.3396
63015.9,16361.4,63328.8,16438.4,0.3396
18671.4,59202.8,19193.3,59465.5,0.3395
33600.0,58044.0,34168.5,58222.6,0.3395
28739.2,46001.2,28990.4,46075.1,0.3395
32732.9,24922.5,32901.3,24960.0,0.3395
43853.0,11795.5,44160.0,11909.8,0.3394
36883.9,15521.9,37440.0,15678.3,0.3394
34885.7,47070.7,35128.5,47220.4,0.3394
57227.6,9444.5,57313.0,9738.3,0.3394
15680.0,28916.7,16005.3,29440.0,0.3394
76314.9,8110.2,76595.5,8300.4,0.3393
90616.7,16726.8,91200.0,17259.6,0.3393
67996.4,22082.2,68160.0,22128.2,0.3393
56961.7,2766.3,57124.3,3018.1,0.3393
104017.8,4561.0,104290.4,4918.9,0.3392
75467.9,13868.4,75660.6,13977.7,0.3392
56000.0,17081.9,56598.8,17568.2,0.3392
55735.2,17280.0,56313.1,17655.1,0.3391
126642.0,36744.5,126843.0,36899.2,0.3391
32804.5,45120.6,32951.2,45225.7,0.3390
30994.3,61014.4,31144.1,61055.6,0.3389
5637.7,65648.3,5760.0,65825.2,0.3389
101760.0,12203.6,102369.6,12574.3,0.3389
104018.7,17965.2,104636.2,18240.0,0.3389
93120.0,8282.6,93265.7,8320.0,0.3388
21763.0,55236.0,22080.0,55391.9,0.3388
27146.8,33746.5,27200.0,33920.0,0.3388
64968.6,22468.8,65600.0,22859.5,0.3387
27200.0,32005.8,27448.5,32313.8,0.3387
37122.7,32454.7,37289.0,32640.0,0.3387
94080.0,7051.6,94503.5,7350.8,0.3387
92334.4,8432.2,92480.0,8744.8,0.3386
21633.6,33727.2,22080.0,33915.9,0.3386
37266.2,8651.6,37559.9,8778.2,0.3386
121806.6,25904.1,122066.1,26070.2,0.3385
64492.4,12357.5,64637.6,12477.1,0.3385
100727.3,10555.9,100809.7,10762.5,0.3385
38763.6,36881.5,39360.0,37389.1,0.3384
36057.9,59208.8,36132.5,59374.9,0.3384
101607.7,8226.4,101760.0,8320.0,0.3384
59653.4,11211.5,59763.3,11318.3,0.3383
102409.6,14604.2,103040.0,14951.4,0.3383
41939.8,12892.4,42465.3,13440.0,0.3382
79684.0,16002.9,79883.5,16204.1,0.3382
30080.0,40084.5,30308.5,40605.4,0.3382
91906.8,9778.5,92477.5,10097.2,0.3382
34097.7,27415.4,34239.5,27576.9,0.3381
26069.3,56844.9,26232.8,56947.6,0.3381
51998.0,17236.2,52217.9,17328.4,0.3381
70403.4,13565.6,70570.7,13759.4,0.3381
38689.9,39102.1,39031.4,39680.0,0.3381
28480.0,51702.8,28606.2,51840.0,0.3380
107217.7,22756.8,107840.0,23173.0,0.3380
65367.5,18907.6,65920.0,19290.9,0.3379
79799.9,15170.8,79961.0,15209.2,0.3379
36482.0,32773.5,36680.3,32958.8,0.3379
81655.7,16000.8,81727.4,16091.7,0.3379
126239.0,36710.6,126398.0,36800.0,0.3379
27116.9,63676.4,27284.1,63978.4,0.3378
28948.4,56002.1,29282.0,56304.5,0.3378
52160.0,22722.1,52722.0,22878.9,0.3377
67643.0,19261.6,67896.2,19377.9,0.3377
81931.3,20853.0,82231.5,21109.1,0.3377
35151.2,51453.0,35520.0,51622.9,0.3377
34643.5,47909.3,34872.8,48075.0,0.3377
34286.8,22544.4,34875.3,23020.8,0.3377
20803.1,39870.5,21110.1,40106.8,0.3377
48960.0,10629.9,49287.5,10880.0,0.3376
88783.8,20462.6,88960.0,20625.5,0.3376
43169.7,16009.1,43519.2,16479.3,0.3376
62605.1,9367.3,62719.5,9540.0,0.3376
109121.6,21125.5,109466.9,21416.9,0.3376
49394.5,17945.7,49727.2,18560.0,0.3375
72030.2,18378.3,72312.5,18677.5,0.3375
18241.1,66130.8,18392.6,66240.0,0.3375
23360.0,43802.1,23576.5,43867.6,0.3375
35683.6,52166.0,35840.0,52337.1,0.3375
37375.9,20978.8,37744.2,21069.2,0.3374
123232.7,26564.7,123840.0,26825.1,0.3374
34982.8,46772.0,35200.0,46958.2,0.3374
16316.6,65600.0,16602.8,66098.0,0.3374
67954.1,18877.8,68453.4,19041.3,0.3373
40652.1,8000.0,41280.0,8210.7,0.3373
44349.3,15814.1,44509.2,16063.6,0.3373
62639.6,10733.8,62855.1,10876.1,0.3373
52508.1,3947.7,52622.5,4150.0,0.3372
15630.5,68204.7,15923.3,68270.0,0.3372
104314.0,10896.3,104632.7,11346.8,0.3371
57907.8,12801.1,57972.5,12913.4,0.3370
117441.4,29684.5,117554.4,29925.9,0.3370
100480.0,4879.9,100916.1,5064.8,0.3370
38722.8,34061.6,38883.1,34460.4,0.3370
90327.1,7362.8,90559.7,7407.7,0.3369
37356.3,32492.1,37571.9,32637.9,0.3368
40025.5,7792.6,40640.0,8307.9,0.3368
46384.5,15500.9,46651.0,15678.9,0.3368
47985.2,22254.0,48320.0,22399.6,0.3368
50509.1,9600.0,50870.8,9860.5,0.3367
33800.0,53739.0,33918.8,53840.0,0.3366
34495.3,18090.1,34670.4,18131.6,0.3366
28567.3,34209.8,28689.4,34240.0,0.3366
106948.7,20804.4,107182.5,20982.7,0.3366
101760.0,6720.0,102312.3,6882.7,0.3366
31414.4,37363.1,31607.6,37399.8,0.3366
17920.0,36944.1,18172.2,37120.0,0.3366
69013.0,22720.0,69117.6,22960.5,0.3365
29764.0,44821.9,29929.1,45120.0,0.3365
56364.5,21711.3,56515.3,21760.0,0.3364
51200.9,19523.6,51313.7,19810.4,0.3364
34318.1,53361.7,34554.5,53488.5,0.3364
98626.9,14476.6,99200.0,14630.0,0.3364
50161.6,22839.3,50551.1,22937.3,0.3363
68248.4,21921.8,68479.5,21994.6,0.3363
69863.1,8328.7,70080.0,8545.0,0.3362
35466.0,11679.5,35629.6,11813.2,0.3362
68978.5,19840.0,69085.8,20150.1,0.3362
35200.0,21127.2,35557.6,21318.2,0.3362
33985.5,35624.2,34240.0,35804.8,0.3362
35607.0,42240.0,35840.0,42304.2,0.3361
32640.0,44494.2,32962.5,45117.4,0.3361
32602.9,45120.0,32779.3,45477.6,0.3360
45760.9,11841.6,46174.1,12035.8,0.3360
60321.3,17934.3,60509.3,18240.0,0.3360
61424.3,11583.8,61699.2,11712.8,0.3360
42582.4,13353.9,42878.2,13436.4,0.3360
53044.8,16000.0,53146.7,16308.5,0.3360
69451.6,17109.4,69753.3,17600.0,0.3360
31437.8,51368.1,31676.1,51511.4,0.3359
3502.9,64563.9,3829.3,64922.4,0.3359
75521.7,9348.4,75851.9,9918.4,0.3358
46118.9,9636.1,46297.1,9678.8,0.3358
99878.6,8759.5,100044.7,9006.5,0.3358
21238.8,69719.2,21435.0,69990.0,0.3357
19109.6,48945.4,19520.0,49280.0,0.3357
31383.0,27437.1,31673.1,27677.9,0.3356
17538.5,66573.8,17899.6,66852.3,0.3356
43388.2,8753.4,43503.5,8960.0,0.3356
57923.2,19996.4,58062.0,20194.5,0.3356
108480.0,9029.8,109087.7,9580.5,0.3356
79707.5,19017.7,79966.2,19520.0,0.3355
58278.1,13510.6,58473.1,13756.3,0.3355
30193.2,35793.6,30390.4,35925.8,0.3355
23040.0,31680.0,23220.9,32175.3,0.3355
95533.1,13529.5,95656.6,13568.9,0.3355
23040.0,54986.2,23325.0,55360.0,0.3354
52160.0,9990.6,52792.1,10240.0,0.3354
54224.3,16767.6,54363.7,17059.8,0.3354
70245.2,19289.3,70389.6,19444.5,0.3353
26572.0,46124.4,27147.0,46561.9,0.3353
23404.4,37045.2,23567.2,37120.0,0.3353
83282.1,9433.8,83840.0,9595.0,0.3353
35755.6,31210.7,35973.0,31358.0,0.3352
42242.1,21591.1,42556.0,21869.1,0.3352
27520.0,37612.0,27733.3,37707.3,0.3351
52801.7,22374.6,53440.0,22521.7,0.3351
38433.8,36188.7,38574.3,36348.3,0.3351
101123.9,4164.4,101445.5,4521.7,0.3351
38760.1,35982.0,38941.7,36160.0,0.3350
35317.0,55468.6,35443.1,55680.0,0.3350
124721.5,36596.2,125120.0,36800.0,0.3350
18599.8,35686.4,18880.0,35832.1,0.3350
79107.3,18563.0,79186.3,18801.5,0.3349
28312.4,44480.0,28767.7,45049.3,0.3349
65774.5,11284.0,65919.7,11413.5,0.3349
64323.7,10687.8,64488.9,10879.6,0.3348
36757.1,39375.4,36800.0,39543.5,0.3348
65183.0,15965.2,65387.1,16008.5,0.3348
36889.3,37452.4,37236.1,38080.0,0.3347
23923.1,53440.0,24047.1,53734.8,0.3347
106895.9,16322.1,107200.0,16542.0,0.3347
35692.9,54306.0,35945.3,54443.2,0.3346
81920.0,14720.0,82192.4,15041.3,0.3346
52800.0,22722.2,53372.0,22885.0,0.3346
44512.1,14223.1,44788.5,14400.0,0.3345
36828.0,29555.1,37160.7,29997.1,0.3345
25080.1,56161.6,25280.0,56320.0,0.3345
63164.5,21937.9,63680.0,22117.3,0.3345
15680.0,41051.7,16000.9,41600.0,0.3344
83787.4,18561.1,84160.0,18682.6,0.3344
48640.0,15050.2,48827.0,15503.0,0.3344
31272.1,33994.6,31507.2,34148.4,0.3344
55887.4,12161.0,55999.0,12332.8,0.3344
30721.9,61245.6,30883.4,61440.0,0.3344
40660.8,7801.1,41280.0,8270.7,0.3343
92111.6,11350.3,92478.6,11434.9,0.3343
64340.8,13195.5,64640.0,13339.7,0.3343
97632.7,10561.6,97875.0,11092.6,0.3342
57600.0,12067.2,58217.5,12431.3,0.3342
57142.2,9932.1,57280.0,9973.3,0.3342
100268.4,12208.5,100395.7,12465.3,0.3342
21760.0,29440.0,22373.1,29743.4,0.3341
32147.4,21029.9,32485.7,21113.4,0.3341
70806.5,17638.5,70936.7,17727.5,0.3340
35017.0,27986.2,35197.4,28157.0,0.3340
51103.3,17092.6,51200.0,17280.0,0.3340
30721.4,37681.7,30875.6,37805.3,0.3340
36436.1,49920.0,36562.7,50329.5,0.3340
37209.2,36800.0,37417.2,37377.5,0.3339
105761.0,15360.0,105920.0,15728.4,0.3339
72181.2,13330.9,72318.4,13440.0,0.3339
32661.2,36513.1,32992.6,36572.2,0.3339
57244.9,21635.0,57395.9,21671.2,0.3338
52016.6,14227.5,52217.4,14400.0,0.3338
32971.2,9356.6,33294.3,9590.2,0.3338
3783.8,63173.3,3883.5,63485.5,0.3338
127702.5,37542.7,128320.0,38047.8,0.3338
25032.5,56641.5,25111.2,56769.5,0.3337
21830.3,65191.9,22153.3,65272.7,0.3337
63318.8,19605.5,63395.9,19903.6,0.3336
70403.6,22598.5,70630.7,22692.9,0.3336
58240.0,16693.5,58852.5,16954.5,0.3336
100161.5,17432.9,100361.6,17600.0,0.3335
46486.8,11534.6,46720.0,11874.2,0.3335
31748.4,54799.5,32305.4,55360.0,0.3335
85120.8,14090.9,85353.0,14497.1,0.3334
86309.2,8000.0,86720.0,8408.9,0.3334
72894.5,19593.0,73090.4,19703.7,0.3334
30503.3,52159.3,31040.0,52417.7,0.3334
105924.7,12201.0,106277.3,12499.6,0.3334
31005.6,30806.5,31065.8,30911.2,0.3333
123840.0,38224.7,124116.8,38720.0,0.3333
90001.0,10052.7,90560.0,10225.2,0.3333
87266.1,12690.2,87675.6,12796.3,0.3332
29120.0,46737.7,29345.0,47167.4,0.3332
63994.1,7360.2,64300.2,7670.8,0.3331
49611.2,17920.0,49744.7,18267.0,0.3331
57206.2,15376.3,57280.0,15680.0,0.3331
59288.7,20337.6,59520.0,20476.5,0.3331
33917.2,31742.6,34154.0,31867.1,0.3331
39682.4,11427.5,39899.6,11520.0,0.3330
78150.7,19846.9,78694.7,20157.5,0.3330
101125.7,9791.9,101372.5,9861.3,0.3330
55074.3,3585.2,55356.1,3953.4,0.3330
58509.3,22720.3,58873.2,22883.2,0.3330
35200.0,51437.4,35826.6,51788.7,0.3330
20480.0,63168.5,20626.0,63359.6,0.3330
61120.0,16808.0,61661.3,16958.9,0.3330
31040.0,32321.4,31161.2,32418.0,0.3330
91520.7,14727.5,91964.7,14897.0,0.3329
33153.1,41623.4,33279.3,41764.7,0.3329
28996.5,50419.5,29116.4,50763.2,0.3328
43230.0,16007.3,43454.8,16279.1,0.3328
57280.0,18596.9,57766.7,18747.3,0.3328
104151.1,13594.3,104275.7,13887.5,0.3328
59606.6,18705.2,60160.0,18938.8,0.3328
112276.3,21798.7,112640.0,21941.5,0.3328
70081.2,16320.7,70243.4,16415.3,0.3327
101441.1,16768.5,101579.5,16958.0,0.3327
64320.0,18679.6,64905.0,18880.0,0.3327
28851.5,33024.6,29116.4,33184.3,0.3327
32671.7,53520.4,33014.2,53615.0,0.3327
76247.7,13779.7,76478.8,13961.4,0.3327
31436.2,42679.0,31571.2,42782.1,0.3327
49639.5,23301.1,49917.2,23360.0,0.3326
52162.2,6247.2,52495.0,6720.0,0.3326
104870.4,8344.9,105280.0,8955.9,0.3326
15680.0,27276.3,16005.9,27840.0,0.3326
27840.3,60482.0,28152.8,60693.6,0.3325
43538.4,8507.1,44160.0,8674.0,0.3325
39132.8,22081.0,39277.6,22135.4,0.3325
125126.5,37852.5,125542.0,38344.9,0.3325
71402.1,12505.6,71741.8,12746.9,0.3324
57884.8,9477.4,58192.7,9624.4,0.3324
36036.7,42240.0,36160.0,42315.0,0.3324
17923.7,27499.6,18312.9,27821.1,0.3324
52008.4,16717.3,52159.2,16952.7,0.3323
64235.5,10733.1,64454.2,10875.9,0.3323
31635.0,27521.2,31986.0,28035.2,0.3323
35054.8,15942.7,35200.0,15993.6,0.3323
89381.9,10147.4,89575.0,10255.7,0.3322
41931.7,10253.5,42263.0,10608.9,0.3321
107201.9,18424.0,107512.7,18880.0,0.3321
32916.4,22592.6,32979.9,22742.1,0.3321
18915.8,38512.2,19198.7,38613.4,0.3321
124071.8,30080.0,124480.0,30499.8,0.3320
20163.2,55380.0,20388.3,56000.0,0.3320
52162.3,22358.6,52450.0,22503.2,0.3320
37276.7,40527.9,37440.0,40637.1,0.3319
78318.1,8611.1,78476.9,8640.0,0.3319
25231.7,51840.0,25595.1,52287.0,0.3319
49474.8,13527.3,49870.5,14074.1,0.3319
54401.1,4572.9,54604.7,4856.8,0.3319
93200.7,7816.5,93440.0,7918.3,0.3319
21319.5,48634.6,21458.4,48904.3,0.3318
19200.0,39289.0,19453.1,39487.3,0.3318
17363.4,32324.1,17483.2,32535.7,0.3318
30153.1,38329.0,30400.0,38396.2,0.3317
27522.5,63496.4,27727.6,63676.9,0.3317
34456.3,43200.0,34581.8,43446.1,0.3317
26240.1,57342.7,26422.0,57600.0,0.3317
58973.1,3200.0,59196.2,3422.4,0.3317
32836.9,55360.0,33140.4,55512.6,0.3317
104005.5,21126.2,104169.6,21434.5,0.3317
81280.0,19840.0,81910.8,20171.4,0.3316
82882.0,12813.7,83100.2,12998.3,0.3316
15709.0,25975.6,16320.0,26479.0,0.3316
68147.9,11942.6,68399.3,12145.2,0.3315
128250.3,35520.0,128320.0,35807.6,0.3315
80555.4,14103.6,80953.7,14179.3,0.3315
104816.2,4480.0,104960.0,4778.2,0.3314
64693.0,16348.9,65043.9,16635.8,0.3314
34928.5,36497.0,35125.8,36708.1,0.3314
32965.1,12493.8,33177.9,12920.4,0.3313
62532.3,17170.9,62700.1,17280.0,0.3313
35861.7,24966.1,36070.5,25129.7,0.3313
26370.8,38544.0,26863.9,38965.2,0.3312
94171.7,10818.2,94386.7,10859.4,0.3312
19527.6,27928.5,19937.6,28480.0,0.3312
36813.8,15372.0,37240.1,15773.4,0.3312
72534.8,10240.0,72639.3,10407.6,0.3311
72492.5,17016.1,72639.7,17165.0,0.3311
35863.8,38734.5,36474.6,38951.5,0.3311
67738.1,10202.2,67840.0,10240.0,0.3311
34240.0,57644.0,34718.0,57903.1,0.3310
46652.2,22103.0,47030.8,22171.6,0.3310
97368.5,14012.8,97528.6,14054.0,0.3310
68162.8,11619.6,68303.2,11840.0,0.3310
35687.4,14043.5,35839.3,14378.1,0.3310
32164.5,43087.6,32319.9,43225.1,0.3309
48320.0,22289.6,48534.7,22399.0,0.3309
37760.0,24667.2,37992.1,25219.3,0.3309
60482.8,16775.4,60700.4,17280.0,0.3309
85449.7,13558.4,85686.1,14080.0,0.3308
20360.3,65614.7,20479.0,65920.0,0.3308
50139.5,20256.8,50234.5,20351.6,0.3308
48531.9,22404.1,48958.9,22557.2,0.3308
103415.7,17030.2,103985.3,17572.9,0.3308
75601.1,14976.2,76160.0,15335.0,0.3308
87680.0,13120.0,87781.9,13211.2,0.3308
62886.1,17881.5,63058.6,17918.0,0.3307
47134.7,12492.9,47357.5,12616.0,0.3307
70954.1,13615.0,71172.5,13756.4,0.3307
21229.0,57349.6,21429.7,57900.2,0.3307
102721.7,18703.5,102927.6,18879.5,0.3306
34563.1,25340.1,34734.8,25600.0,0.3306
103039.0,6694.8,103324.3,6836.8,0.3306
39648.5,21039.2,40000.0,21120.0,0.3306
55512.7,9280.0,55679.7,9499.7,0.3306
32958.9,28810.5,33276.7,29195.3,0.3306
117808.4,23046.4,118400.0,23581.2,0.3305
63373.5,22720.0,64000.0,23007.5,0.3305
107973.7,12236.3,108421.6,12800.0,0.3305
11869.1,62496.0,12479.3,63040.0,0.3305
34880.0,15952.8,35058.9,15996.5,0.3304
69563.6,19143.7,69852.2,19200.0,0.3304
31859.3,26288.9,32000.0,26560.0,0.3304
32447.8,18240.0,32633.1,18311.2,0.3303
98273.6,12585.7,98439.2,12637.3,0.3303
16092.6,65600.0,16312.1,65931.9,0.3303
58831.5,22220.6,59043.3,22271.0,0.3303
64530.5,12336.4,64742.1,12474.9,0.3303
29760.4,37956.7,30008.2,38036.3,0.3303
25449.6,47360.0,25600.0,47672.2,0.3302
22465.2,62048.4,22720.0,62207.2,0.3302
22223.9,59222.1,22720.0,59443.1,0.3302
36165.9,23363.9,36472.2,23487.3,0.3301
15997.4,26692.5,16314.6,27200.0,0.3301
17616.8,51291.1,18032.2,51840.0,0.3301
49924.2,4800.0,50095.8,5317.9,0.3300
72424.6,20487.7,72522.6,20785.2,0.3300
62402.8,4778.6,62452.5,4865.3,0.3300
35203.3,35334.5,35364.9,35520.0,0.3300
23681.5,38887.1,23769.6,39038.1,0.3299
31309.7,39053.3,31680.0,39135.4,0.3299
100960.8,16124.8,101117.4,16239.4,0.3299
24320.0,36657.9,24499.9,36798.2,0.3299
40332.0,12496.8,40652.2,13120.0,0.3298
34967.7,19855.3,35195.0,20004.5,0.3298
96066.5,13242.2,96320.0,13758.4,0.3298
34955.8,54621.2,35199.8,54819.8,0.3297
29503.1,41976.2,29636.5,42020.1,0.3297
61341.9,4480.0,61498.9,4603.4,0.3296
54421.0,9936.2,55024.5,10474.8,0.3296
35437.5,30891.7,35653.1,31038.3,0.3296
50765.3,12480.0,50879.3,12688.7,0.3295
35412.4,49551.6,35547.3,49662.4,0.3295
18576.1,37450.1,19118.6,37625.8,0.3295
106240.0,8342.2,106497.7,8739.2,0.3295
37440.8,53768.5,37955.7,54228.2,0.3295
25872.4,63024.5,25927.2,63178.0,0.3295
33162.4,55680.0,33218.0,55830.0,0.3294
20169.4,39164.0,20480.0,39326.2,0.3294
68480.0,24149.7,69069.0,24640.0,0.3294
20480.0,47254.2,20623.1,47481.3,0.3294
30807.6,50623.1,31034.9,50729.3,0.3293
36213.2,42972.2,36262.9,43096.5,0.3293
26249.3,36382.9,26367.5,36480.0,0.3291
7518.6,65920.0,7988.9,66480.8,0.3291
94726.4,11201.5,95100.1,11425.1,0.3291
28169.4,53440.0,28532.5,53727.0,0.3290
30555.2,50308.8,31038.2,50460.4,0.3290
82687.2,11231.9,83177.5,11658.1,0.3290
53140.0,16437.4,53405.0,16723.3,0.3289
74264.0,7379.3,74880.0,7723.7,0.3289
86638.2,11450.2,87016.2,11518.7,0.3288
26560.0,49610.3,26780.5,49915.0,0.3288
58243.8,9280.0,58419.7,9444.9,0.3288
84801.7,18498.6,85215.0,18667.8,0.3288
73923.7,14486.4,74119.5,14649.0,0.3288
20492.5,52988.5,20710.8,53120.0,0.3288
111117.9,22407.7,111675.2,22892.0,0.3287
39378.1,7865.8,40000.0,8320.0,0.3287
74560.0,21810.6,75192.5,22191.2,0.3287
55790.6,16359.1,55941.1,16414.8,0.3287
21120.0,44250.6,21258.0,44462.8,0.3286
25587.3,58562.2,25650.8,58678.6,0.3286
86184.4,12807.5,86720.0,12970.5,0.3285
47665.9,13538.1,47737.0,13649.0,0.3285
40322.4,20927.7,40820.7,21116.0,0.3285
86080.5,11846.7,86313.4,11954.5,0.3284
86925.7,13363.7,87220.5,13440.0,0.3284
31742.3,57772.4,32105.2,57859.1,0.3284
43179.6,21481.6,43520.0,21626.2,0.3284
63680.0,5985.3,63935.9,6077.4,0.3283
83200.0,19505.1,83377.6,19769.6,0.3283
19200.0,43962.3,19760.8,44156.7,0.3283
16558.2,33339.2,16960.0,33515.5,0.3283
79680.0,20640.1,80281.7,20794.1,0.3282
51840.9,8000.0,52002.5,8175.9,0.3282
82915.7,11631.2,83520.0,11840.0,0.3282
106129.3,14446.5,106308.4,14720.0,0.3281
49366.4,22143.8,49600.0,22351.4,0.3281
66310.0,11364.3,66555.6,11518.0,0.3281
31680.0,58401.9,32134.5,58558.7,0.3280
124202.0,29790.5,124800.0,30080.0,0.3279
18035.6,41600.0,18240.0,41856.7,0.3279
21764.7,62127.2,21975.9,62366.3,0.3278
26197.0,47680.0,26387.4,47731.4,0.3278
32785.4,51082.4,32960.0,51119.7,0.3278
120000.0,25280.0,120120.3,25382.4,0.3278
23194.8,33106.1,23425.0,33218.0,0.3278
60803.9,3931.8,61003.1,4104.2,0.3277
39042.7,30618.8,39251.2,30821.5,0.3277
22080.0,38639.9,22687.1,39040.0,0.3276
31849.6,17398.8,31995.1,17583.5,0.3276
125474.1,30487.5,125760.0,31040.0,0.3276
57769.1,11201.5,57911.7,11354.0,0.3275
16686.7,36191.4,16949.9,36453.4,0.3275
105161.7,13647.3,105590.1,14063.0,0.3274
35202.2,50561.2,35381.0,50678.8,0.3274
24026.0,31874.9,24320.0,32000.0,0.3273
18060.4,32049.6,18240.0,32317.8,0.3273
105508.8,5761.2,105920.0,5847.5,0.3273
12168.0,67743.7,12800.0,68159.5,0.3272
52567.8,23467.6,53120.0,23624.6,0.3272
76168.4,21251.1,76800.0,21612.6,0.3272
54850.8,17186.7,55043.5,17228.7,0.3272
35595.4,30878.3,35834.3,31039.6,0.3271
42181.8,21763.0,42560.0,21844.7,0.3271
58131.1,9600.0,58222.0,9902.3,0.3271
104783.7,17645.8,105005.5,17763.4,0.3270
27520.0,50217.9,27819.1,50560.0,0.3269
88329.8,15360.0,88960.0,15726.2,0.3269
28113.1,61449.2,28156.9,61610.0,0.3269
20371.7,32501.8,20792.5,32950.2,0.3269
13120.0,63166.6,13609.1,63358.0,0.3269
1610.2,65846.2,2028.7,66240.0,0.3268
43491.6,20656.3,43550.5,20775.2,0.3268
47774.9,13844.4,48320.0,14400.0,0.3268
125718.3,31889.7,125758.9,32000.0,0.3267
17317.5,27676.5,17600.0,28004.7,0.3266
39128.5,29122.7,39360.0,29197.8,0.3266
100753.8,16925.1,100934.6,17028.9,0.3266
17547.4,47398.9,17920.0,47549.3,0.3265
17920.0,30135.9,18255.7,30392.5,0.3265
33129.6,58560.0,33280.0,58643.7,0.3265
58887.3,13466.3,59007.1,13760.0,0.3265
39413.9,9311.2,39607.8,9360.1,0.3265
32969.5,47049.8,33221.2,47222.7,0.3264
40725.9,16116.7,40860.7,16320.0,0.3264
44634.5,15360.0,44799.6,15428.1,0.3264
29581.5,51841.5,29716.2,52117.2,0.3264
30831.0,48693.8,31037.7,48805.4,0.3264
61686.4,11348.5,61887.6,11466.8,0.3263
14731.3,62720.0,14796.9,62843.2,0.3263
92807.6,10074.0,93120.0,10188.4,0.3263
25922.4,44370.2,26073.8,44473.4,0.3263
24928.0,42240.0,25263.5,42640.5,0.3263
18772.6,44800.0,19063.5,44928.4,0.3263
98245.6,14588.8,98880.0,14959.7,0.3262
35118.6,30569.2,35333.5,30718.4,0.3261
67831.6,11746.7,68099.8,11903.8,0.3261
2261.7,66992.1,2880.0,67513.7,0.3261
33423.7,23529.9,33606.3,23566.6,0.3260
35520.0,38563.5,36143.8,38899.1,0.3260
33102.6,53276.5,33595.9,53440.0,0.3260
60475.2,15539.8,60770.4,16000.0,0.3260
60793.7,11968.2,61106.5,12472.2,0.3260
49013.6,16119.1,49278.1,16640.0,0.3260
69894.6,19840.0,70356.2,20343.7,0.3260
35582.4,52857.4,36146.3,53440.0,0.3259
53973.2,19903.6,54190.0,20154.1,0.3259
58880.0,12603.9,59467.4,12800.0,0.3259
66452.3,12218.0,66647.1,12329.9,0.3259
54560.5,12281.5,54711.3,12480.0,0.3259
2687.4,66018.2,3190.3,66560.0,0.3258
30241.0,39098.3,30390.2,39138.9,0.3258
2637.9,64961.5,2852.9,65000.0,0.3258
102323.5,4517.7,102485.2,4707.0,0.3258
70475.4,15048.0,70720.0,15206.1,0.3258
78400.0,19491.2,78840.7,19840.0,0.3258
33197.3,30247.8,33414.1,30397.7,0.3258
36168.3,14423.7,36690.4,14822.2,0.3257
127255.1,35270.7,127360.0,35520.0,0.3257
23361.4,28503.9,23661.3,28873.4,0.3256
67646.7,18407.2,67766.8,18450.1,0.3255
2744.5,65943.1,2877.8,66224.4,0.3255
39360.0,13514.0,39558.0,13760.0,0.3255
32321.3,16462.8,32471.9,16640.0,0.3255
54495.8,21138.6,54663.4,21207.0,0.3255
24408.6,64157.7,24483.3,64331.8,0.3254
18241.0,45394.2,18332.4,45689.1,0.3254
45747.7,20169.2,46025.1,20291.8,0.3254
102537.8,9434.6,102681.7,9493.4,0.3253
84800.0,11549.7,84971.4,12160.0,0.3253
56464.7,11597.0,56957.2,11990.7,0.3253
63360.0,21865.8,63985.6,22078.4,0.3253
85638.4,18257.8,85701.6,18423.7,0.3252
18891.4,42647.3,19200.0,42777.6,0.3252
76289.8,16352.6,76799.5,16781.4,0.3252
30529.0,52863.0,31007.8,53440.0,0.3251
20229.8,27931.4,20480.0,28031.6,0.3251
39532.8,36368.7,39680.0,36477.5,0.3251
128791.4,34788.4,128960.0,34880.0,0.3250
71290.3,16001.1,71670.9,16115.7,0.3250
89567.8,10144.3,89739.6,10314.9,0.3250
35605.0,49856.5,35800.4,49958.0,0.3250
72359.0,18352.1,72640.0,18560.0,0.3249
33191.1,22400.0,33285.9,22593.1,0.3249
56344.7,2243.5,56943.7,2442.9,0.3249
85573.3,10346.4,86054.0,10878.3,0.3249
31457.3,48569.0,31679.0,48704.9,0.3248
105280.0,8696.4,105545.9,9273.9,0.3248
67364.6,9021.0,67787.5,9600.0,0.3247
18387.8,46513.1,18880.0,46697.5,0.3247
73305.7,7360.0,73920.0,7687.1,0.3247
33601.3,32799.1,33797.8,32959.6,0.3247
62081.6,15779.1,62200.4,15974.2,0.3246
87680.0,10353.4,87788.6,10560.0,0.3246
22580.7,49795.9,22739.2,50017.2,0.3246
56163.2,2611.6,56640.0,2878.3,0.3246
78080.5,10240.0,78179.5,10388.0,0.3245
26815.9,62598.8,26879.2,62718.9,0.3245
30928.0,26612.3,31190.1,26678.8,0.3245
33586.3,28980.9,33920.0,29063.2,0.3244
116889.5,28039.5,117083.9,28159.7,0.3244
86468.6,8320.0,86720.0,8389.9,0.3243
126722.6,30634.6,127034.5,30860.9,0.3243
129920.0,34316.3,130496.6,34861.5,0.3243
28206.0,34449.6,28444.8,34515.8,0.3242
49313.3,9217.6,49561.0,9280.0,0.3242
54726.5,10240.0,54923.3,10451.7,0.3242
125888.3,34482.2,126395.7,34880.0,0.3242
86082.2,16250.9,86326.3,16320.0,0.3241
102470.6,7360.5,102715.9,7434.5,0.3241
89600.0,17601.8,89708.7,17738.8,0.3241
32320.0,60877.1,32447.5,61059.1,0.3241
91444.7,6732.2,91840.0,6929.3,0.3240
67651.0,22080.0,67802.1,22118.3,0.3240
16793.5,33600.0,16960.0,34194.5,0.3240
71244.3,18887.9,71399.0,18928.9,0.3240
67875.5,22762.0,68043.7,22802.3,0.3240
70256.1,18761.9,70396.3,18879.4,0.3240
39984.9,24640.0,40123.8,24732.4,0.3240
15680.0,39787.1,16002.1,40320.0,0.3240
6748.2,59927.8,7360.0,60430.0,0.3240
36864.7,24289.9,37043.8,24320.0,0.3239
70001.3,16253.8,70400.0,16355.5,0.3239
19520.0,48500.9,19698.4,48695.5,0.3238
72964.7,9297.6,73197.4,9432.4,0.3238
17688.7,43578.2,18079.0,44160.0,0.3238
36437.3,49282.4,36545.9,49668.1,0.3237
7863.1,60873.5,8003.2,60921.1,0.3237
6722.7,61842.8,7283.2,62394.1,0.3237
73823.4,12239.0,74007.2,12364.8,0.3237
36407.3,54499.3,36656.8,55040.0,0.3237
33932.9,10746.2,34353.2,10977.1,0.3237
104000.0,8322.6,104123.3,8434.7,0.3237
34141.7,46890.0,34383.7,47013.3,0.3236
16000.0,41280.0,16527.8,41460.3,0.3236
34173.1,45914.4,34238.6,46001.8,0.3235
36652.3,30423.4,36794.1,30720.0,0.3235
19974.3,47765.8,20470.2,48153.5,0.3235
55682.3,21120.0,55866.0,21374.5,0.3234
97281.0,12081.0,97644.4,12287.8,0.3234
73126.9,22720.9,73280.0,22762.9,0.3233
66988.4,7685.6,67298.0,7873.5,0.3233
78463.6,13856.3,78987.9,14027.8,0.3233
65546.4,6562.2,65914.0,7040.0,0.3233
88013.7,18268.4,88493.8,18718.7,0.3233
27205.2,61123.9,27596.2,61306.7,0.3233
24716.4,34525.4,25258.5,34685.1,0.3233
78406.7,10041.1,78677.4,10105.9,0.3233
68977.4,21504.0,69423.5,22080.0,0.3232
76480.0,9291.6,76745.5,9590.4,0.3231
54751.9,2308.1,55210.5,2540.8,0.3231
30145.5,43840.0,30247.5,44113.1,0.3231
77765.6,16450.3,78265.2,16633.8,0.3230
63448.8,12496.5,63676.1,12689.3,0.3229
41460.0,21496.8,41766.9,21630.8,0.3229
123528.2,38797.0,123839.8,39349.9,0.3229
99341.5,6057.8,99519.2,6204.3,0.3229
80023.5,21767.1,80640.0,22080.0,0.3229
56986.6,2006.0,57600.0,2560.0,0.3228
74124.3,14442.3,74334.0,14595.6,0.3228
49731.7,11234.5,50112.2,11840.0,0.3228
61139.1,16002.7,61751.1,16161.0,0.3228
73358.9,13522.8,73592.4,13644.8,0.3228
33273.6,60060.9,33474.9,60160.0,0.3227
45733.7,18884.2,46067.7,19200.0,0.3227
47145.5,18969.4,47225.1,19066.8,0.3227
126615.2,36802.5,126824.1,36912.3,0.3227
30080.0,48797.3,30152.0,48960.0,0.3226
31040.3,16640.0,31130.8,16834.8,0.3225
62147.5,11365.1,62395.6,11518.1,0.3225
51521.4,13120.0,52001.5,13692.2,0.3225
122907.6,28324.9,123520.0,28781.9,0.3225
63812.5,14040.6,63955.5,14079.3,0.3225
116161.1,27202.7,116370.5,27396.2,0.3225
55140.4,20106.5,55339.6,20144.2,0.3224
34586.2,52190.0,34666.9,52480.0,0.3224
4023.2,62650.7,4125.9,62720.0,0.3224
50880.0,13826.6,51446.3,14400.0,0.3223
122269.7,26968.9,122875.6,27479.3,0.3223
21938.3,45121.6,22372.1,45325.9,0.3222
23680.0,56124.9,24032.2,56314.9,0.3221
122789.6,28810.1,123193.5,29094.4,0.3221
63595.0,10721.2,63818.0,10871.9,0.3221
42180.4,23397.9,42560.0,23475.5,0.3220
72960.9,22297.9,73144.7,22533.3,0.3218
64479.3,16853.8,64640.0,17037.0,0.3218
40005.8,16672.4,40327.0,17280.0,0.3218
61858.9,20989.7,62127.6,21115.7,0.3218
102102.9,20718.3,102720.0,21102.2,0.3217
88559.9,11555.3,88872.2,11685.8,0.3217
53122.1,10292.3,53378.6,10544.9,0.3216
64728.1,16729.2,64920.1,17280.0,0.3216
21442.4,51865.8,21757.3,52159.7,0.3216
38776.3,32108.4,38948.6,32204.0,0.3215
65980.7,11583.1,66230.4,11706.9,0.3215
31597.2,34732.7,31811.1,34877.0,0.3215
22937.8,39890.1,23041.9,40262.7,0.3215
79759.0,17920.0,80138.0,18007.3,0.3215
65280.0,17619.3,65559.5,17824.7,0.3214
79680.0,9602.1,80055.2,9869.2,0.3214
40085.3,27523.4,40308.6,27592.6,0.3214
38910.9,17340.5,39217.9,17920.0,0.3214
35392.8,49632.7,35520.0,49773.0,0.3214
29421.3,39292.1,29759.3,39629.7,0.3213
102947.6,13333.8,103006.2,13479.0,0.3212
13760.0,62082.2,14268.6,62252.1,0.3212
16641.3,46805.9,17005.8,47360.0,0.3211
36364.8,23211.0,36540.7,23258.2,0.3211
67538.7,20579.3,67896.0,20781.7,0.3211
40004.5,29956.1,40149.2,30332.1,0.3211
29857.2,58323.1,29986.6,58359.9,0.3211
20163.8,44480.0,20407.4,44967.4,0.3210
50581.1,15683.8,50871.7,16056.1,0.3210
53579.1,19031.6,53946.5,19098.1,0.3210
3298.4,66561.6,3689.4,66645.6,0.3209
58291.4,19737.1,58466.5,19774.4,0.3209
84480.2,7729.7,84822.3,7987.2,0.3209
103084.7,10109.6,103680.0,10511.3,0.3209
84443.3,7946.4,84696.5,8241.8,0.3209
15680.0,40729.6,16000.0,41280.0,0.3208
26240.2,62815.8,26558.0,63352.2,0.3207
29106.1,60800.0,29186.2,61050.1,0.3206
48000.0,22081.2,48615.5,22243.7,0.3205
62377.6,8337.6,62693.6,8470.6,0.3205
57280.2,8467.1,57363.2,8636.2,0.3205
19255.9,39360.0,19840.0,39635.1,0.3205
24056.5,34422.4,24267.8,34559.8,0.3205
98560.9,13433.0,98720.8,13557.5,0.3204
5331.3,62720.8,5756.3,62938.9,0.3204
72710.8,13598.0,72955.3,13759.3,0.3204
36685.8,20880.0,36800.0,20923.2,0.3203
107842.0,13393.7,108004.9,13437.2,0.3203
70934.7,16760.8,71071.7,17064.2,0.3203
62176.1,12311.3,62393.1,12479.7,0.3203
36404.1,15680.4,36662.0,15748.5,0.3203
87249.6,11840.0,87453.8,11993.7,0.3201
34242.2,27396.1,34405.7,27520.0,0.3201
73016.6,13622.8,73276.7,13756.0,0.3201
56000.0,7154.8,56332.0,7680.0,0.3200
57314.6,11240.5,57615.7,11515.6,0.3200
29789.7,57542.8,29926.6,57598.6,0.3200
50880.0,19677.6,51191.8,20160.0,0.3199
41120.9,15055.4,41368.6,15248.8,0.3199
30249.3,32001.6,30398.6,32214.7,0.3199
21762.8,44892.2,22266.4,45117.0,0.3199
65926.4,16141.8,66240.0,16317.4,0.3199
24320.0,45814.4,24543.5,46143.4,0.3198
47695.1,21565.8,48304.9,21827.3,0.3198
19554.4,56325.8,19966.4,56634.7,0.3198
33197.4,33773.1,33410.9,33916.6,0.3198
30424.6,34264.5,31040.0,34559.2,0.3198
68835.9,19017.4,69192.5,19520.0,0.3198
35200.0,18744.2,35451.3,19200.0,0.3197
100733.6,16994.7,100917.4,17131.8,0.3197
79593.2,14410.4,79992.1,14531.3,0.3197
36147.2,37029.7,36371.3,37172.1,0.3196
87331.9,14006.5,87674.7,14122.9,0.3196
79059.4,8455.1,79219.3,8507.1,0.3195
45601.4,11073.2,45760.0,11199.2,0.3195
17172.7,31048.2,17302.1,31218.1,0.3195
30446.9,44057.9,30711.4,44476.7,0.3195
127360.0,28571.2,127973.2,29116.3,0.3195
59327.1,11064.1,59541.1,11166.9,0.3195
102962.6,12837.0,103352.5,12947.8,0.3194
65771.6,13511.9,65999.6,13624.9,0.3194
70468.3,13600.5,70715.1,13759.4,0.3194
56998.2,24031.9,57600.0,24491.2,0.3194
80116.9,18776.4,80309.9,18815.0,0.3194
69552.6,21542.8,70080.0,21693.4,0.3194
33996.3,24655.3,34215.3,24815.2,0.3194
33517.4,33773.1,33730.9,33916.6,0.3194
16986.8,25951.1,17600.0,26457.8,0.3193
85789.9,8944.8,86400.0,9280.0,0.3193
34524.0,50575.4,34872.3,50799.7,0.3192
38723.4,12160.0,38800.3,12413.0,0.3192
89461.6,18551.3,89600.0,18649.7,0.3191
25444.2,46400.0,25600.0,46700.9,0.3191
40910.3,26192.3,41131.5,26355.5,0.3191
79044.3,16683.2,79175.4,16960.0,0.3190
87461.3,12405.7,87755.7,12473.0,0.3190
115585.0,25838.7,115840.0,25920.0,0.3190
19089.2,69119.0,19480.3,69434.3,0.3190
104963.7,17697.6,105130.1,17920.0,0.3189
89035.7,14912.1,89280.0,15038.6,0.3189
58307.1,6890.9,58880.0,7326.7,0.3189
15040.0,65926.9,15335.4,66112.9,0.3189
42623.9,21991.7,43198.2,22140.8,0.3189
33366.5,25399.7,33565.5,25600.0,0.3188
52540.0,3796.7,53120.0,4153.0,0.3188
87295.8,13893.7,87490.5,14010.8,0.3188
60951.1,11680.6,61169.9,11818.8,0.3186
56119.1,9923.3,56320.0,9961.3,0.3186
25406.7,52480.0,25599.8,52674.9,0.3186
52482.4,4251.0,52617.1,4480.0,0.3186
94123.4,9601.9,94720.0,9920.0,0.3186
40298.7,11224.3,40420.0,11520.0,0.3186
78327.0,16896.4,78550.6,17145.1,0.3186
29774.7,41702.0,30372.5,41920.0,0.3186
67523.6,11962.7,67693.1,12159.6,0.3186
18840.8,67520.0,18980.6,67566.0,0.3185
21443.3,63804.9,21772.8,64320.0,0.3185
41619.8,26727.1,42240.0,27189.9,0.3184
86730.1,7362.1,86950.8,7415.4,0.3184
30098.0,35857.0,30485.3,36220.8,0.3184
32395.9,19547.7,32937.1,19815.5,0.3184
117120.0,29686.6,117539.0,30070.1,0.3182
39040.0,8960.0,39151.8,9181.5,0.3182
5773.1,67670.9,6400.0,68057.6,0.3181
94237.0,10039.1,94282.3,10182.3,0.3181
31239.1,22197.4,31310.5,22392.3,0.3181
85569.8,17303.5,86064.3,17919.0,0.3181
17431.0,34240.0,17595.5,34549.5,0.3181
94723.0,12800.0,94854.3,13080.7,0.3180
35141.6,55367.7,35205.8,55530.8,0.3180
116328.3,26940.4,116476.9,27200.0,0.3180
35696.1,11206.3,35756.9,11295.3,0.3180
17920.0,40151.4,18045.8,40300.3,0.3180
24323.6,45259.5,24516.0,45722.3,0.3179
35523.1,45440.8,35588.2,45553.1,0.3179
84457.0,8000.0,84675.8,8161.8,0.3179
28164.0,35840.0,28383.6,36165.8,0.3179
87680.0,7473.6,87833.2,7700.1,0.3179
34015.6,54775.1,34499.3,55360.0,0.3179
60834.6,16000.0,61384.2,16160.2,0.3179
55041.4,10686.2,55669.6,10879.3,0.3179
75854.0,22268.7,76153.7,22400.0,0.3178
57471.5,21918.1,57598.3,22170.7,0.3178
28538.7,49788.6,28707.9,49884.0,0.3178
97958.6,11870.3,98560.0,12213.4,0.3177
75504.8,12707.2,75726.0,12800.0,0.3177
100182.0,6471.7,100726.0,6624.2,0.3177
35335.0,55546.2,35445.5,55823.8,0.3177
67840.0,7680.0,67981.7,7757.6,0.3175
106740.3,15489.2,106880.0,15678.7,0.3175
37238.7,36160.0,37357.0,36359.0,0.3175
104025.5,13123.4,104307.5,13437.7,0.3175
104463.2,11215.8,104803.2,11705.6,0.3175
63040.0,21493.9,63111.8,21747.7,0.3175
60160.0,22655.9,60406.9,22720.0,0.3174
35190.6,54094.1,35334.2,54400.0,0.3174
101120.0,12699.1,101234.8,13041.0,0.3174
71165.2,16786.6,71358.5,16960.0,0.3174
33602.2,16344.6,33675.2,16470.4,0.3174
84481.6,15875.3,84633.8,16000.0,0.3173
58563.1,10883.9,58858.3,11429.7,0.3173
21440.9,53513.4,21524.7,53746.5,0.3173
19493.2,38302.5,19739.4,38400.0,0.3173
19587.0,65897.5,19717.9,66218.3,0.3172
63044.8,14933.7,63224.1,15034.4,0.3172
74240.0,20624.0,74433.2,20814.6,0.3172
79113.5,9440.7,79302.6,9597.2,0.3171
63680.0,21891.7,64290.4,22080.0,0.3171
53760.0,11040.1,54311.9,11197.9,0.3171
35840.0,43426.3,36110.4,43520.0,0.3171
107976.3,12848.2,108433.2,13440.0,0.3170
33516.8,29926.9,33732.9,30077.6,0.3170
63274.6,10722.9,63495.0,10868.5,0.3169
29760.0,44161.6,30051.1,44396.2,0.3169
32561.6,33133.5,32769.0,33277.1,0.3169
57098.5,5975.3,57241.6,6079.1,0.3168
72119.8,16732.3,72640.0,16959.2,0.3168
38105.0,13347.4,38714.9,13500.5,0.3167
40618.6,26897.2,40954.6,27417.5,0.3166
82591.4,8080.0,83037.4,8640.0,0.3166
27200.0,33000.3,27693.5,33162.3,0.3166
18597.5,57075.2,19177.3,57600.0,0.3166
56640.0,11614.6,57023.5,11834.6,0.3165
52744.2,23458.3,53120.0,23559.1,0.3165
31715.2,48570.7,31992.3,48723.6,0.3165
29442.7,41676.5,29599.3,41909.2,0.3165
37141.8,27132.4,37440.0,27251.3,0.3165
42883.7,10150.8,43198.2,10240.0,0.3165
90472.7,13163.5,90631.3,13378.7,0.3164
125762.1,36503.4,125840.0,36620.4,0.3164
16660.8,26761.8,17020.5,27200.0,0.3164
26564.7,44285.2,26880.0,44377.1,0.3164
105445.0,14848.0,105877.2,15299.5,0.3163
64814.8,19878.6,64958.8,20142.4,0.3163
31144.7,21473.9,31514.6,22080.0,0.3163
94552.1,9166.1,94720.0,9432.6,0.3163
20063.6,64531.6,20156.0,64621.8,0.3163
56482.6,4809.3,56786.4,5122.8,0.3163
58326.2,16208.7,58559.7,16322.3,0.3162
103360.0,6453.6,103684.1,6550.4,0.3162
16324.1,33343.6,16760.8,33506.0,0.3161
33838.3,30896.4,34047.9,31036.4,0.3161
72391.9,13598.1,72634.3,13759.8,0.3161
105122.8,11843.6,105278.6,11995.7,0.3161
50172.1,24032.0,50312.4,24082.5,0.3159
88969.2,15367.5,89417.0,15563.2,0.3158
58287.9,19735.6,58435.5,19838.5,0.3158
93933.6,14505.3,94080.0,14617.8,0.3158
127508.9,30449.3,127633.6,30487.9,0.3157
14403.6,63678.4,14583.6,64000.0,0.3157
86936.9,10663.3,87333.3,11190.8,0.3157
104961.6,7467.9,105086.8,7680.0,0.3157
69273.7,22769.9,69750.2,22990.2,0.3157
51525.2,1854.6,52000.3,2240.0,0.3157
61317.0,8640.0,61439.9,8742.5,0.3157
14413.9,62080.3,14600.2,62142.8,0.3156
36161.6,30559.2,36476.9,31040.0,0.3156
44800.0,22081.5,44946.6,22187.3,0.3156
85937.5,17356.3,86078.4,17553.7,0.3156
68342.3,15562.9,68560.5,15678.6,0.3155
54881.5,17247.5,55102.2,17280.0,0.3155
62495.6,22082.3,62817.7,22157.3,0.3154
78527.0,16531.1,78716.1,16636.2,0.3153
59704.5,22689.9,59864.2,22720.0,0.3153
99296.5,9280.0,99520.0,9401.5,0.3153
48981.0,12507.0,49446.2,13120.0,0.3153
86918.5,13448.5,87180.3,13526.4,0.3153
61030.5,11387.0,61259.2,11518.0,0.3152
32642.4,11623.9,32821.7,12160.0,0.3152
127447.3,29038.8,127676.9,29120.0,0.3151
27334.2,64015.8,27516.0,64305.6,0.3151
32017.7,46400.1,32192.8,46447.2,0.3151
25614.7,60801.1,25730.7,60917.0,0.3151
45494.3,10712.7,45764.8,10775.7,0.3150
91525.5,9924.0,91698.8,10115.6,0.3150
81600.0,15075.2,82217.5,15360.0,0.3150
67845.9,19526.6,68117.7,19867.4,0.3150
30667.5,39388.3,31040.0,39507.3,0.3150
79366.5,14465.2,80000.0,14790.3,0.3150
99005.4,8002.1,99191.4,8041.7,0.3150
64035.1,16422.4,64631.8,16696.8,0.3149
61769.2,15795.3,62212.2,15996.3,0.3149
32992.1,35561.5,33595.3,36093.1,0.3149
121632.6,28489.3,122125.3,29003.2,0.3149
94136.2,11583.7,94716.6,11857.8,0.3148
41600.7,23089.0,42001.5,23359.4,0.3148
19994.8,61442.4,20120.4,61634.7,0.3148
35522.3,41101.7,35668.1,41280.0,0.3147
70185.0,17604.0,70390.1,17695.2,0.3147
49324.2,19520.0,49464.7,19846.5,0.3146
91050.0,13468.4,91199.2,13599.6,0.3146
29761.3,56201.6,29987.3,56265.3,0.3146
47685.0,11398.8,47889.0,11807.4,0.3146
28802.1,41782.6,28924.2,42109.8,0.3146
34271.0,27359.0,34875.3,27840.0,0.3146
33764.2,29487.7,33918.9,29625.8,0.3145
89519.4,12809.5,89598.5,12961.2,0.3145
32437.1,39396.6,32630.3,39449.1,0.3145
49517.9,16643.2,49686.8,16731.2,0.3145
7392.6,65600.7,8000.0,65913.0,0.3144
24000.9,34240.0,24230.5,34399.2,0.3144
60649.9,10932.1,60799.9,11084.8,0.3143
67515.8,14147.0,67763.5,14270.6,0.3143
32554.3,32478.9,32773.8,32621.7,0.3143
128321.8,33085.8,128481.3,33280.0,0.3142
105781.7,15363.0,106002.6,15474.7,0.3142
26150.7,45253.6,26301.2,45440.0,0.3142
30522.4,59205.5,31029.7,59353.9,0.3142
30452.1,35578.3,31040.0,36120.9,0.3142
40487.4,37440.0,40640.0,37801.6,0.3142
44371.5,11757.5,44480.0,11840.0,0.3142
39968.6,34887.6,40308.0,35510.0,0.3141
60009.0,8405.5,60160.0,8640.0,0.3140
127757.0,37622.5,127999.6,37757.8,0.3140
49920.0,7449.5,50115.2,8000.0,0.3140
94053.7,10843.5,94245.8,10880.0,0.3140
60588.6,8096.6,60776.0,8229.0,0.3139
38746.8,30494.9,39322.5,30992.1,0.3138
94039.4,11797.7,94400.0,11866.2,0.3138
18265.6,43840.0,18669.3,44116.8,0.3138
22721.3,52948.8,22877.4,53117.4,0.3138
68160.6,17643.9,68338.7,17809.1,0.3138
59044.7,22203.8,59202.4,22254.2,0.3138
73986.7,12625.1,74551.4,13120.0,0.3138
41435.3,15680.0,41591.6,15974.7,0.3137
9247.9,60440.6,9586.7,60523.9,0.3137
64706.4,18042.2,64960.0,18560.0,0.3136
67291.4,23680.9,67517.2,24097.7,0.3136
34921.9,39307.7,35520.0,39665.4,0.3136
16000.8,34880.3,16111.1,35031.3,0.3136
43904.6,22146.5,44292.7,22246.2,0.3136
31785.2,51042.0,31985.7,51199.0,0.3136
56158.1,22235.2,56352.5,22334.1,0.3136
44503.4,16790.2,45114.7,17280.0,0.3135
58103.2,3279.2,58548.3,3798.7,0.3135
30338.4,42392.4,30694.8,42875.2,0.3135
41077.3,9664.6,41276.3,9919.9,0.3135
24385.1,42334.9,24812.4,42532.0,0.3134
22738.0,36800.0,22835.2,37011.9,0.3133
34882.0,46315.8,34990.9,46400.0,0.3133
21835.7,62490.5,22378.0,63040.0,0.3133
31109.7,34716.1,31353.7,34880.0,0.3133
29988.0,30080.0,30080.0,30134.9,0.3133
60352.7,18179.6,60513.4,18436.7,0.3133
65003.7,20169.2,65199.6,20475.3,0.3132
52013.0,20544.8,52157.9,20791.1,0.3132
86740.6,9224.1,87040.0,9280.0,0.3131
84517.4,8016.7,84758.2,8245.3,0.3131
53854.2,21777.5,54076.3,21917.3,0.3131
26699.1,35725.9,26880.0,35846.3,0.3131
83247.1,8096.5,83726.1,8254.6,0.3130
113993.2,22311.7,114235.8,22400.0,0.3130
20811.6,33111.8,21120.5,33277.0,0.3130
60160.0,19298.3,60408.1,19418.2,0.3130
26761.9,39239.0,27197.2,39444.5,0.3130
50049.5,16997.5,50132.6,17280.0,0.3129
33839.7,31531.4,34050.6,31677.3,0.3129
122889.8,39082.5,123520.0,39360.0,0.3128
93392.3,16897.4,93760.0,17016.6,0.3127
15680.0,32702.0,16019.6,33280.0,0.3127
78312.6,12978.0,78712.8,13077.3,0.3127
73788.1,12162.3,73920.0,12226.1,0.3127
34288.3,43582.8,34574.8,43688.7,0.3127
56320.0,23406.4,56934.1,23680.0,0.3127
102308.3,12800.0,102400.6,12916.2,0.3127
30782.6,48434.7,31360.0,48960.0,0.3126
54761.4,12800.0,54841.8,12971.4,0.3126
98562.6,8339.5,98664.4,8494.0,0.3126
41343.0,17367.5,41460.6,17599.2,0.3126
19189.0,68378.9,19363.5,68476.2,0.3125
58640.1,6219.9,58732.1,6400.0,0.3125
61449.8,17784.2,61696.3,17850.6,0.3125
53451.6,14381.8,53624.1,14720.0,0.3125
69792.7,12096.1,70400.0,12480.0,0.3125
88918.1,17187.1,89073.3,17231.8,0.3125
28173.7,56407.0,28504.7,56636.8,0.3124
64198.4,23314.5,64386.0,23358.4,0.3124
33460.5,47914.6,33600.0,47953.1,0.3124
62193.4,4480.0,62720.0,4756.6,0.3124
32739.9,49288.0,32960.0,49429.2,0.3124
79040.5,13198.7,79253.2,13398.7,0.3123
100920.8,18560.8,101432.7,18751.7,0.3123
61440.0,9955.9,61967.2,10509.7,0.3123
97844.4,6080.0,97888.2,6196.9,0.3123
116160.0,28160.0,116552.7,28377.1,0.3122
3841.6,65758.1,3978.6,65920.0,0.3122
41475.9,14912.7,41577.2,15187.1,0.3122
73680.4,18561.9,73880.4,18599.9,0.3122
52493.0,22365.4,52698.7,22400.0,0.3122
52162.0,1576.1,52225.2,1767.4,0.3122
35506.2,58257.0,35828.6,58638.1,0.3121
31915.8,34410.5,32127.8,34556.8,0.3121
90240.6,13764.0,90420.2,13970.4,0.3121
32391.1,32790.8,32634.5,32959.9,0.3120
51784.7,8658.7,51899.4,8814.8,0.3120
24960.0,50628.5,25073.5,50880.0,0.3120
33231.6,18845.3,33520.9,19198.0,0.3120
72000.0,8361.2,72442.0,8640.0,0.3120
53761.6,16633.7,54094.3,16725.7,0.3120
51200.0,22534.7,51720.7,22718.2,0.3120
20545.8,40566.7,21120.0,40941.1,0.3119
22523.1,57957.3,22716.8,58229.8,0.3119
23081.0,29210.9,23680.0,29387.7,0.3119
33924.0,57281.7,34046.8,57430.7,0.3118
87040.0,9280.0,87599.9,9552.5,0.3118
30715.3,50604.5,30972.7,50740.3,0.3118
40109.7,36285.8,40314.6,36480.0,0.3118
31690.7,53603.8,31856.1,53760.0,0.3118
125723.0,39726.2,126079.7,39877.1,0.3117
21772.2,57600.0,22166.4,57870.3,0.3117
66246.7,20811.1,66308.5,20927.4,0.3117
31043.0,21807.2,31207.4,22080.0,0.3117
32797.7,47560.4,32972.0,47724.4,0.3116
35840.0,51260.4,36160.5,51840.0,0.3116
20800.0,37311.9,21074.6,37434.2,0.3115
27635.5,41856.2,27840.0,42149.8,0.3115
36835.6,29760.0,37120.0,29973.3,0.3115
33459.2,41174.4,33600.0,41257.7,0.3115
11534.1,65829.8,11743.1,65920.0,0.3115
46228.8,12164.9,46282.0,12291.8,0.3115
49600.0,15057.8,49895.6,15678.5,0.3115
94664.3,10544.5,94706.1,10683.5,0.3114
60457.2,18880.0,60795.8,19208.6,0.3113
34886.9,46463.2,35318.9,47040.0,0.3113
99187.6,15801.8,99520.0,15900.6,0.3113
36670.1,22986.1,36870.7,23034.4,0.3112
106952.2,7440.3,107477.6,8000.0,0.3112
82258.0,15066.1,82880.0,15526.1,0.3112
91524.6,14146.7,92160.0,14479.7,0.3112
115551.5,28808.3,116157.4,29254.3,0.3111
111040.3,22017.8,111095.2,22115.9,0.3111
85918.0,7823.6,86077.3,8109.0,0.3110
32084.4,49288.2,32319.5,49354.3,0.3110
110882.3,21769.1,111040.0,22074.2,0.3110
108163.3,19338.1,108374.4,19519.8,0.3110
124959.2,31680.0,125431.8,32253.3,0.3110
58560.1,3527.0,58680.8,3736.6,0.3110
73282.3,19996.8,73482.4,20160.0,0.3110
125138.5,36878.2,125675.8,37356.7,0.3110
45921.9,15901.0,46143.4,16009.3,0.3109
35856.0,9250.3,36462.9,9571.6,0.3109
37766.2,44587.2,37975.1,45120.0,0.3109
31047.8,19856.6,31186.5,20160.0,0.3109
54080.0,12854.4,54336.1,13120.0,0.3109
49293.1,21440.0,49395.1,21728.0,0.3109
24965.9,37656.0,25050.8,37809.6,0.3109
28825.9,56487.8,28907.0,56631.3,0.3108
35627.8,39307.4,36158.3,39680.0,0.3108
28486.3,55526.7,28916.1,56000.0,0.3108
19356.1,69690.1,19520.0,69760.0,0.3108
23782.8,37951.5,23993.5,38179.9,0.3107
74715.3,10148.5,74879.7,10240.0,0.3107
34561.6,32157.7,34738.7,32320.0,0.3106
106880.0,13816.6,107008.7,13932.8,0.3106
86437.0,21508.5,86704.9,21681.7,0.3106
49622.5,4826.7,50021.5,5440.0,0.3106
47024.6,15292.8,47092.8,15421.9,0.3106
24640.5,61588.2,24780.5,61760.0,0.3105
34449.7,30895.2,34666.3,31037.2,0.3105
33615.9,50572.5,33914.5,51181.9,0.3105
28162.3,38816.3,28681.8,39031.0,0.3104
26240.0,35705.5,26423.2,35776.6,0.3104
16961.1,68480.0,17066.9,68675.0,0.3104
50884.9,14588.6,51273.7,15040.0,0.3104
78605.3,11336.0,78671.4,11520.0,0.3104
20276.1,35521.9,20459.2,35568.3,0.3104
31681.9,34391.8,31855.3,34559.6,0.3104
46080.0,16000.0,46706.9,16293.3,0.3103
87152.4,13766.6,87350.7,13855.7,0.3103
32175.2,58470.1,32320.0,58560.0,0.3103
47280.8,8865.4,47500.6,8960.0,0.3103
53362.8,12800.0,53440.0,13045.2,0.3103
15680.0,60537.1,16006.6,61120.0,0.3102
51597.7,1719.3,51783.9,1800.2,0.3102
77766.2,10561.6,77963.2,10744.2,0.3102
124548.5,30561.2,124796.2,30719.8,0.3102
111780.0,21770.0,111997.3,21970.4,0.3102
102401.7,4527.6,102490.6,4759.4,0.3101
36480.0,23561.5,36649.4,23790.0,0.3101
32658.7,40714.1,32862.7,40754.6,0.3101
50011.0,21442.7,50191.9,21489.8,0.3101
51997.0,11200.0,52157.2,11496.4,0.3101
117377.3,25004.7,117440.0,25118.9,0.3101
24960.4,42088.4,25296.5,42558.9,0.3100
27840.0,36536.4,28390.3,36800.0,0.3100
27756.9,33191.8,28156.3,33287.4,0.3100
53791.6,18660.1,54328.1,18977.3,0.3100
19231.1,48925.1,19717.0,49088.7,0.3099
33920.0,21121.9,34462.0,21313.3,0.3099
64000.0,16242.6,64181.6,16284.0,0.3099
63680.0,22123.1,64297.8,22559.0,0.3099
108163.5,17651.4,108485.0,17920.0,0.3098
46098.2,22402.2,46326.4,22442.3,0.3098
29448.6,29531.8,29995.2,30074.7,0.3098
12160.9,67424.4,12382.5,67519.6,0.3098
74269.7,12920.0,74873.8,13411.0,0.3097
47630.2,8962.9,47999.1,9156.7,0.3097
69522.5,14396.7,69759.7,14622.5,0.3097
81307.4,11521.8,81444.3,11599.0,0.3097
38441.7,30806.4,38565.1,31154.3,0.3097
94408.5,9617.5,95040.0,9918.8,0.3096
23364.3,31534.4,23572.5,32000.0,0.3096
36620.5,39847.0,36685.2,39999.9,0.3095
100214.0,13266.3,100480.0,13356.1,0.3095
31758.1,51112.7,31998.9,51248.6,0.3095
98925.3,19234.3,99520.0,19685.0,0.3095
22574.2,43841.1,22762.5,43881.4,0.3095
121981.3,36258.9,122552.7,36737.5,0.3094
88002.5,17923.4,88230.0,18386.0,0.3094
4509.6,59929.7,5116.3,60480.0,0.3094
31956.3,55685.0,31998.3,55834.3,0.3093
124535.6,30805.5,125117.6,31340.1,0.3092
5554.8,66346.7,6046.9,66821.2,0.3092
26810.0,45120.0,27200.0,45211.7,0.3092
104126.2,16365.2,104640.0,16841.6,0.3091
20803.3,51250.5,21143.3,51741.3,0.3091
27521.2,61545.0,27678.9,61760.0,0.3090
28014.0,47136.8,28457.2,47360.0,0.3090
71040.0,8000.0,71150.2,8160.0,0.3090
86128.3,14081.2,86400.0,14408.9,0.3090
74559.9,9094.9,74872.3,9600.0,0.3090
58483.9,9089.0,58787.8,9167.8,0.3090
30081.9,27866.2,30396.0,28480.0,0.3090
29143.7,50644.6,29449.6,51200.0,0.3089
33486.9,19575.5,33599.2,19718.3,0.3088
39432.6,8133.6,39677.8,8302.0,0.3088
35883.4,10010.6,35965.5,10172.0,0.3088
93440.0,6479.1,94053.5,6722.1,0.3087
27840.0,38612.0,28436.4,38771.6,0.3086
34649.2,49032.8,35183.3,49587.5,0.3086
14733.2,68418.6,15360.0,68795.8,0.3086
36077.7,33773.5,36288.0,33916.7,0.3086
64707.1,10720.7,64955.5,10879.2,0.3086
23831.5,35164.1,24309.9,35520.0,0.3086
21121.1,60482.1,21380.9,60846.5,0.3086
100788.1,16464.3,101109.1,16638.6,0.3085
93767.3,15735.9,93941.7,15868.6,0.3085
28199.3,47190.7,28441.4,47260.0,0.3085
18572.4,27200.0,19200.0,27449.9,0.3084
52368.0,17674.4,52510.9,17718.2,0.3084
78850.8,15365.4,79015.4,15612.8,0.3083
30724.9,38573.9,31360.0,38946.2,0.3083
46053.7,19227.1,46368.0,19387.6,0.3083
38474.7,17715.2,38918.6,17879.1,0.3083
28480.1,44428.9,28925.9,44800.0,0.3083
4377.2,61443.6,4450.6,61524.4,0.3083
34631.2,52545.1,34969.0,52664.1,0.3082
86087.5,15043.7,86446.9,15332.1,0.3082
32091.5,43687.3,32320.0,43817.8,0.3082
79220.3,7680.0,79676.7,7889.4,0.3082
35278.4,49114.8,35516.8,49278.6,0.3082
29121.2,46720.0,29205.4,46887.3,0.3082
2632.0,62766.7,3169.4,63355.7,0.3082
8320.0,66561.0,8494.5,66611.8,0.3081
73280.0,10894.2,73655.0,11171.6,0.3080
23748.5,31619.4,24320.0,31834.9,0.3080
54087.1,22722.9,54710.5,23103.6,0.3080
39821.8,29798.1,40209.1,30400.0,0.3080
25616.9,56199.9,26160.7,56358.7,0.3079
19543.5,53466.1,19795.9,53901.4,0.3079
19842.9,48489.0,19952.3,48728.8,0.3077
45507.2,21761.2,45754.6,21931.0,0.3076
85440.0,14729.6,85694.2,15354.8,0.3076
99153.1,19353.3,99515.3,19518.5,0.3076
70082.0,18010.8,70197.4,18204.2,0.3076
34182.0,43592.0,34371.7,43630.2,0.3075
119360.0,36495.4,119669.1,37118.5,0.3075
63040.0,13375.9,63238.8,13614.2,0.3075
17666.1,42240.0,17783.7,42498.8,0.3075
55040.0,2281.8,55611.9,2560.0,0.3074
1612.8,63461.5,2028.4,64000.0,0.3074
94285.2,13410.2,94400.0,13473.5,0.3074
50563.0,6620.2,50839.4,6906.9,0.3073
32238.6,33774.7,32447.4,33916.8,0.3073
11697.0,66700.2,11750.9,66868.5,0.3073
104449.7,13887.2,104943.4,14400.0,0.3073
63183.4,19203.3,63250.7,19321.1,0.3073
24438.4,49314.6,24631.4,49352.2,0.3073
63040.0,7139.6,63273.3,7644.9,0.3073
37159.3,27603.1,37760.0,27840.0,0.3073
86400.0,7360.0,86652.4,7441.9,0.3072
73272.4,14464.3,73536.4,14592.3,0.3072
32000.0,28277.0,32191.8,28477.1,0.3072
91529.1,6919.3,91732.6,7188.3,0.3071
33197.7,34093.2,33410.7,34236.6,0.3071
33517.7,34093.2,33730.7,34236.6,0.3071
61820.9,16322.5,62080.0,16471.4,0.3070
13468.2,61910.6,14068.5,62400.0,0.3070
21444.5,66991.1,22007.6,67504.5,0.3070
63135.2,22659.9,63352.9,22720.0,0.3070
6393.3,60499.8,6720.0,60629.2,0.3070
87940.3,10729.9,88158.6,10878.5,0.3070
104320.0,18075.1,104804.2,18540.7,0.3070
23636.9,62939.7,23831.3,63072.1,0.3069
70787.5,13602.7,71034.4,13758.8,0.3069
45144.4,21917.4,45752.5,22079.0,0.3069
33604.1,40401.9,33790.1,40586.5,0.3069
40057.4,11140.9,40153.8,11457.4,0.3068
20870.9,28862.0,21435.4,29285.4,0.3068
74881.1,12523.2,75178.1,12800.0,0.3068
49335.6,18577.8,49733.7,19200.0,0.3068
34726.3,54616.4,34879.9,54977.1,0.3068
50561.7,6501.2,50699.2,6720.0,0.3068
107638.5,12568.2,107838.5,12800.0,0.3067
36467.4,13122.1,36578.4,13254.2,0.3067
32865.1,8147.0,33089.8,8275.4,0.3067
64495.6,11240.8,64640.0,11382.9,0.3067
31414.2,51643.0,31952.0,52155.8,0.3067
38225.0,40569.1,38400.0,40640.0,0.3067
8000.0,66006.9,8606.0,66560.0,0.3066
17458.6,26941.8,17815.2,27520.0,0.3066
36476.5,17951.7,36552.9,18240.0,0.3066
91840.7,13563.4,91966.2,13654.8,0.3065
100175.8,17810.4,100365.4,17942.3,0.3065
89746.4,8587.1,90240.0,8726.2,0.3064
28668.4,52250.6,28742.8,52382.4,0.3063
43319.8,19200.0,43374.0,19307.5,0.3063
5.4,64997.5,292.5,65273.2,0.3063
86374.6,10714.6,86624.7,10880.0,0.3063
76037.4,19520.0,76160.0,19675.2,0.3063
103987.4,14090.5,104300.2,14253.3,0.3062
34240.0,36163.3,34333.0,36279.2,0.3062
38313.8,33771.6,38532.8,33917.4,0.3062
120398.0,26442.2,120939.7,26873.5,0.3061
99353.0,9028.5,99520.0,9186.6,0.3061
106880.9,14127.8,107163.2,14708.1,0.3061
32493.8,36014.4,32708.1,36156.3,0.3061
76231.2,10880.2,76305.3,10994.8,0.3061
32000.0,60800.9,32192.1,60842.1,0.3060
59717.6,12755.6,59840.7,12800.0,0.3060
74950.4,13922.5,75193.9,14078.6,0.3060
104229.0,17255.5,104319.0,17466.6,0.3059
26642.2,43867.3,27200.0,44094.5,0.3059
37443.3,32447.1,37603.4,32640.0,0.3058
97967.8,18904.7,98560.0,19361.7,0.3057
21440.8,49059.8,21826.8,49600.0,0.3057
31603.1,46788.5,31768.2,47096.7,0.3057
33601.2,31839.6,33801.6,31999.7,0.3056
49141.6,21120.0,49461.2,21719.4,0.3055
31747.7,34402.0,31995.1,34559.0,0.3055
34752.5,44288.4,34880.0,44480.0,0.3055
34241.6,46291.3,34441.5,46423.3,0.3054
17567.9,60160.0,17905.2,60321.6,0.3054
87374.9,12807.8,88000.0,13191.4,0.3054
34561.6,30560.6,34737.0,30720.0,0.3054
36846.8,23557.7,37120.0,23692.9,0.3053
34620.2,47362.1,34716.1,47450.8,0.3053
104963.2,18756.7,105125.7,18959.7,0.3053
98264.8,5127.0,98880.0,5479.0,0.3053
23369.7,48992.4,23768.2,49600.0,0.3053
36080.1,8104.7,36299.6,8307.6,0.3053
35442.2,32811.7,35645.8,32957.2,0.3053
39681.9,14724.0,39977.1,14970.2,0.3052
33280.0,22539.9,33867.4,22719.3,0.3052
32125.1,36616.5,32317.0,36792.2,0.3052
37789.1,21380.1,38176.5,21543.6,0.3051
100252.2,9344.7,100800.0,9600.0,0.3051
22214.8,60800.0,22397.0,61112.9,0.3051
40851.0,27521.6,40911.4,27636.9,0.3051
24973.4,38490.2,25600.0,38796.6,0.3050
76514.8,14083.2,76798.7,14151.4,0.3049
26286.8,53120.0,26565.0,53562.5,0.3049
59574.1,23403.0,59738.7,23445.3,0.3048
93933.0,13983.1,94080.0,14080.0,0.3048
26975.6,55701.6,27116.8,55787.9,0.3048
33120.9,24047.1,33323.1,24195.5,0.3048
57729.4,9906.7,57917.9,9944.0,0.3048
39360.0,8322.6,39941.5,8534.5,0.3048
93035.2,14528.4,93434.4,14650.2,0.3047
20480.0,67879.6,20714.6,68033.3,0.3047
22428.8,53120.0,22720.0,53474.4,0.3047
35646.9,9492.4,35785.4,9597.8,0.3047
72675.9,14457.9,73279.2,15022.6,0.3047
33578.5,24802.0,33838.5,24957.7,0.3046
123200.0,36099.5,123359.8,36219.6,0.3046
77183.2,22749.0,77760.0,23040.0,0.3046
3719.7,63954.3,3840.0,64180.7,0.3045
17618.9,63436.1,18221.3,63669.1,0.3045
61761.1,5298.8,62034.1,5732.8,0.3044
37440.0,14400.5,37678.3,14464.0,0.3044
2823.5,67001.8,3200.0,67068.6,0.3044
78869.1,21471.0,78926.3,21559.9,0.3043
34880.0,38168.2,35000.6,38291.8,0.3043
78266.9,16362.5,78400.0,16640.0,0.3042
63108.1,10720.4,63355.2,10879.2,0.3042
35808.5,45762.8,35977.2,45800.8,0.3042
53225.3,1823.1,53334.1,1941.0,0.3042
24960.0,52563.3,25029.3,52733.4,0.3041
53979.3,18457.3,54200.5,18496.5,0.3041
68262.6,22445.8,68506.4,22560.8,0.3041
94344.4,11750.4,94714.7,11827.0,0.3040
49163.5,13325.2,49356.7,13436.9,0.3040
86081.2,7396.1,86300.3,7636.5,0.3040
40961.7,20994.1,41097.0,21183.6,0.3040
27370.3,63405.0,27519.9,63625.9,0.3040
55496.8,17273.7,55656.7,17316.2,0.3039
67537.1,15921.3,68153.2,16305.1,0.3038
56583.9,21120.0,56638.5,21279.2,0.3038
21440.1,56964.0,21613.3,57155.9,0.3037
11488.3,61665.5,11620.2,61709.5,0.3037
59637.6,19460.5,59799.5,19514.9,0.3037
40011.9,21167.9,40640.0,21496.0,0.3037
66242.0,8000.0,66317.8,8103.3,0.3037
31106.1,14287.6,31280.6,14395.7,0.3037
50493.8,22013.8,50871.5,22100.3,0.3037
69763.7,21129.8,69905.7,21369.1,0.3036
76163.0,13763.8,76363.8,13951.1,0.3036
88321.4,15315.0,88639.7,15457.4,0.3035
23239.2,42560.0,23360.0,42850.2,0.3035
30568.2,49692.5,31032.6,50019.0,0.3035
85120.0,13131.1,85409.0,13438.4,0.3034
96000.0,12070.0,96160.1,12358.3,0.3034
28160.9,52598.2,28317.8,52799.1,0.3034
28406.6,61247.6,28798.1,61415.9,0.3034
28401.3,41417.9,28798.8,41593.9,0.3033
27842.6,58880.0,28016.6,59180.1,0.3033
18880.0,52391.2,19009.4,52480.0,0.3033
35757.4,34092.2,35969.4,34237.0,0.3032
48785.8,9135.1,48960.0,9234.5,0.3032
117440.0,29913.6,117739.6,30380.6,0.3032
35203.1,30850.7,35359.5,31040.0,0.3032
53456.0,11461.1,54040.6,11619.4,0.3031
35522.9,31168.0,35684.5,31359.8,0.3031
98766.6,9551.7,98880.0,9600.0,0.3031
75871.9,20826.5,76480.0,21216.8,0.3031
97085.7,14282.2,97461.4,14392.2,0.3031
44452.7,20307.5,44723.8,20399.2,0.3031
66483.2,22275.0,66880.0,22400.0,0.3031
101220.0,5253.0,101735.9,5597.9,0.3030
23492.8,36486.7,23646.9,36527.4,0.3029
28165.0,35765.3,28421.9,35838.5,0.3028
55042.4,21944.5,55252.8,22076.4,0.3028
19443.3,37800.1,19658.1,37966.3,0.3028
45767.8,18394.3,46083.6,18560.0,0.3028
33697.8,14400.0,34234.2,14795.2,0.3028
35530.6,37172.3,35721.7,37390.7,0.3027
65542.0,12212.1,65737.1,12327.7,0.3027
44480.0,14400.0,44677.0,14571.4,0.3026
79979.5,18441.6,80162.4,18487.4,0.3025
15680.0,37842.3,16003.7,38400.0,0.3025
22408.7,62493.8,22562.9,62579.8,0.3024
22720.1,50880.0,22934.4,51030.7,0.3024
31276.7,36012.7,31493.0,36157.0,0.3024
66253.9,10240.9,66880.0,10609.2,0.3024
61832.1,12008.4,62077.7,12155.8,0.3023
62400.0,19928.6,62704.5,20039.6,0.3023
73457.6,22080.0,73640.7,22151.4,0.3023
98560.0,13766.0,98871.5,14222.0,0.3023
39142.7,35401.3,39323.3,35444.7,0.3022
24979.9,32214.7,25280.0,32280.3,0.3022
96000.0,10883.4,96572.1,11057.8,0.3022
34054.7,53445.7,34237.8,53583.7,0.3022
90713.0,19358.8,90879.7,19520.0,0.3022
76667.9,17993.4,76867.1,18105.6,0.3021
35522.3,34380.2,35690.3,34560.0,0.3021
61760.0,22080.3,62023.0,22143.0,0.3021
19976.6,38441.7,20136.2,38481.4,0.3020
97600.0,11523.7,97866.2,11733.1,0.3020
24198.5,53775.8,24320.0,54080.0,0.3020
20800.0,42705.1,21123.4,42953.8,0.3020
104527.7,20300.3,104713.8,20478.2,0.3019
26300.8,46538.4,26792.2,47033.1,0.3019
89941.0,7042.8,90560.0,7456.1,0.3019
84645.3,14453.6,84787.5,14716.1,0.3019
52001.2,8960.0,52160.0,9197.1,0.3019
91226.4,11845.8,91819.9,11995.1,0.3019
28318.0,53575.1,28768.3,54065.3,0.3018
37004.6,48640.8,37080.1,48773.6,0.3018
35049.2,21120.0,35200.0,21175.2,0.3018
35229.6,46401.5,35636.5,46665.6,0.3018
31424.2,60311.8,31680.0,60477.8,0.3017
76084.8,16233.7,76442.6,16315.1,0.3017
77813.7,16962.6,78080.0,17175.8,0.3016
60986.3,11840.0,61120.0,12187.8,0.3016
69934.8,15112.4,70156.1,15225.7,0.3015
96684.9,12905.8,96958.3,13090.0,0.3015
24193.7,56475.2,24575.9,56640.0,0.3015
40335.2,11560.6,40781.1,12160.0,0.3015
74597.7,12563.0,74750.5,12875.0,0.3015
76800.0,17993.3,77096.5,18560.0,0.3014
87292.9,10560.0,87355.5,10685.0,0.3014
91536.1,16901.9,92160.0,17274.1,0.3014
72869.1,13625.1,73094.8,13757.7,0.3014
62934.8,16896.7,63006.3,16960.0,0.3013
80082.4,8418.8,80320.0,8483.1,0.3013
28027.6,58560.0,28160.0,58775.3,0.3013
38080.0,24446.9,38332.7,24636.0,0.3013
34109.9,51910.0,34308.2,52022.1,0.3013
74882.7,16119.5,75032.4,16320.0,0.3012
34535.8,57286.8,34728.5,57482.4,0.3012
18591.0,56741.2,19151.6,57280.0,0.3012
68433.7,22081.7,68800.0,22225.4,0.3012
64701.7,17628.4,65193.6,18212.7,0.3012
63451.0,22120.1,63605.9,22377.6,0.3012
48939.6,19224.2,49280.0,19517.3,0.3012
18819.9,51595.9,18993.6,51643.3,0.3012
16116.7,61084.9,16257.9,61128.9,0.3012
49377.6,20172.1,49445.2,20335.8,0.3012
124602.5,28666.6,124799.1,28998.3,0.3011
96661.3,12585.5,96845.7,12622.9,0.3011
53443.0,3085.0,53839.9,3350.6,0.3011
125578.3,33409.7,126080.0,33596.9,0.3010
56641.9,23504.1,56974.5,23993.7,0.3010
31754.2,48467.3,31887.1,48613.4,0.3010
37372.2,14315.3,37756.9,14474.6,0.3010
89299.0,8488.6,89920.0,8800.6,0.3010
50832.2,21995.1,51014.4,22036.7,0.3009
40660.1,30499.4,41254.6,31034.9,0.3009
74545.2,13558.0,74880.0,13626.2,0.3009
17094.2,37120.0,17221.4,37415.5,0.3009
87600.5,10664.3,87825.3,10820.2,0.3008
52536.1,18560.0,52800.0,18988.4,0.3008
106843.1,9988.8,106997.3,10179.1,0.3008
12460.1,61563.0,12799.6,61741.8,0.3008
17295.0,35625.7,17600.0,36159.5,0.3007
33835.3,8962.6,34035.4,9000.0,0.3007
126633.6,33196.9,127040.0,33600.0,0.3006
49930.8,22220.0,50560.0,22615.8,0.3006
74092.5,19257.6,74239.6,19402.3,0.3006
24475.5,35900.0,24922.2,36480.0,0.3006
46124.8,20694.5,46397.5,20799.7,0.3006
34241.2,30560.3,34440.4,30719.3,0.3005
118438.2,23374.5,119040.0,23896.4,0.3005
32688.6,9986.5,32852.8,10240.0,0.3004
73671.8,14040.5,73910.8,14157.5,0.3004
48563.6,23863.1,48960.0,23955.4,0.3003
31680.0,24000.0,31889.6,24145.0,0.3003
89355.5,10393.1,89920.0,10842.3,0.3003
29790.5,48640.0,29965.9,48770.5,0.3002
70460.8,15043.6,70720.0,15113.4,0.3002
28480.7,30922.4,28800.0,31034.7,0.3002
34432.9,54403.8,34696.5,54470.7,0.3002
4702.5,63362.2,4876.2,63401.2,0.3002
37212.3,21478.1,37569.3,21751.3,0.3001
24899.9,60980.4,24965.3,61087.0,0.3001
23371.7,38723.1,23680.0,38822.5,0.3001
85614.2,19521.2,85755.8,19617.6,0.3001
57500.9,10195.3,57621.7,10452.3,0.3001
58052.9,10005.9,58237.7,10112.4,0.3001
16640.0,30155.9,17118.5,30395.8,0.3001
66406.4,11122.5,66639.0,11304.7,0.2999
34240.6,30878.3,34441.1,31039.0,0.2999
83520.0,16416.0,84127.1,16720.2,0.2999
29798.4,58918.2,30080.0,59191.8,0.2998
34271.1,25366.3,34860.2,25600.0,0.2998
10243.6,60800.0,10670.5,60981.7,0.2998
20800.0,58149.2,20932.4,58464.9,0.2998
99202.7,11200.0,99395.8,11397.5,0.2998
39064.5,44522.2,39359.7,44835.7,0.2998
57786.3,22005.6,57918.9,22164.9,0.2998
99547.6,4160.0,100160.0,4535.7,0.2997
55216.1,1971.2,55418.3,2072.3,0.2997
9602.7,61527.1,9687.0,61639.5,0.2997
56453.6,18881.3,56630.5,18922.2,0.2996
96491.1,6474.3,96602.0,6765.2,0.2996
126744.9,29136.9,127040.0,29288.7,0.2996
20862.3,47044.9,21304.1,47209.5,0.2996
27984.4,39809.4,28147.1,39859.6,0.2995
31376.0,29557.4,31507.5,29852.3,0.2995
64720.3,18242.5,64958.0,18698.9,0.2995
13125.6,61440.0,13339.4,61607.8,0.2995
8000.0,61797.3,8625.5,62080.0,0.2994
55998.2,6266.8,56320.0,6393.3,0.2994
53099.4,3236.7,53440.0,3333.2,0.2994
49726.6,12160.0,49876.1,12428.3,0.2994
56001.7,17921.2,56104.1,18054.3,0.2994
43947.7,20903.8,44157.7,21109.8,0.2993
32000.6,19477.9,32119.6,19674.0,0.2993
92834.2,8640.0,92966.6,8887.8,0.2993
85455.0,22112.0,86080.0,22400.0,0.2992
69921.1,9738.3,70399.0,9915.4,0.2992
50286.0,5628.1,50424.5,5758.3,0.2992
37779.3,26539.3,37982.6,26560.0,0.2991
74563.3,13131.0,74727.3,13382.1,0.2991
35656.8,50156.2,35839.6,50240.0,0.2991
67939.7,9110.3,68141.7,9259.0,0.2991
106404.2,19316.9,106558.8,19436.2,0.2991
28499.9,52161.9,28608.7,52280.0,0.2991
21157.8,63772.4,21747.8,64320.0,0.2990
74025.8,13046.7,74234.6,13189.1,0.2990
25251.3,32226.9,25423.0,32269.6,0.2990
21771.5,41120.2,22003.6,41275.1,0.2988
98880.0,13959.8,99140.9,14079.4,0.2987
125515.5,33413.6,126080.0,33920.0,0.2987
62312.9,18145.3,62473.9,18182.4,0.2987
39614.8,21254.4,39991.1,21437.0,0.2987
32656.9,61045.6,33280.0,61411.9,0.2987
19840.0,29018.2,20115.6,29119.2,0.2986
98763.0,15770.8,98873.5,16000.0,0.2986
28916.4,47070.7,29037.7,47360.0,0.2986
126453.5,33758.1,126720.0,33920.0,0.2986
19672.2,33600.0,19758.1,33702.8,0.2986
68800.9,22793.7,69021.2,22937.2,0.2986
105996.1,13122.3,106179.1,13162.3,0.2985
30565.1,47682.9,30718.6,47881.3,0.2985
55418.2,19862.9,55680.0,20157.3,0.2985
27521.9,51845.7,27753.7,52307.0,0.2984
32647.0,37085.0,32960.0,37155.5,0.2984
123892.1,28481.4,124288.7,28672.0,0.2984
31173.7,25100.7,31360.0,25275.9,0.2984
97774.1,13763.7,97920.0,13835.8,0.2983
85760.0,19540.4,86215.1,19956.8,0.2982
34583.3,45575.9,35101.7,46080.0,0.2982
58494.4,13095.5,58544.1,13273.0,0.2982
101784.6,3965.5,102400.0,4464.5,0.2981
62040.9,9280.0,62139.5,9372.0,0.2981
19200.0,31685.0,19461.4,32096.0,0.2980
18560.0,42670.2,18851.3,42864.8,0.2980
11200.0,60804.0,11812.8,61124.7,0.2980
17613.2,38729.6,18240.0,39040.0,0.2979
17610.2,67890.6,17928.0,68480.0,0.2979
36237.0,26240.0,36800.0,26427.7,0.2979
31277.7,35052.8,31490.7,35196.9,0.2978
31597.7,35052.8,31810.7,35196.9,0.2978
31886.6,34733.9,32096.8,34876.8,0.2978
78168.0,18723.5,78395.3,18911.8,0.2978
70379.9,16016.2,70717.1,16333.5,0.2978
70725.6,10563.3,70869.0,10665.8,0.2978
3117.0,62596.7,3198.2,62660.6,0.2978
34572.2,11226.7,35198.2,11485.2,0.2977
26880.0,30490.4,27433.4,30709.4,0.2977
51372.8,18351.5,51519.5,18573.9,0.2977
17147.6,33290.6,17273.5,33445.6,0.2976
15731.7,42371.1,16320.0,42878.1,0.2976
73600.6,13910.6,73812.4,14080.0,0.2975
88322.0,10240.0,88411.1,10505.9,0.2975
88677.4,13907.2,89276.2,14076.9,0.2975
54741.5,12971.6,54865.4,13026.0,0.2975
87057.7,13787.8,87680.0,14242.3,0.2975
27523.3,48641.4,27714.5,48728.1,0.2975
20509.0,28595.4,20800.0,28729.6,0.2975
99030.8,10560.0,99147.3,10643.0,0.2974
17501.4,32712.1,17600.0,33049.8,0.2974
86720.0,12202.8,87061.6,12432.8,0.2974
16813.0,63440.8,16957.9,63680.0,0.2974
58240.0,18012.6,58766.3,18484.4,0.2974
73193.9,14474.0,73406.5,14583.9,0.2974
22012.7,52280.2,22197.9,52480.0,0.2974
40164.4,30730.0,40273.3,31040.0,0.2973
30972.0,61016.1,31152.2,61120.0,0.2973
51134.9,1863.4,51512.2,2165.0,0.2973
11520.0,65696.4,11797.7,66226.6,0.2973
38202.8,16856.3,38400.0,16959.3,0.2973
32977.8,26802.2,33275.9,26880.0,0.2973
129715.6,30403.2,130240.0,30586.4,0.2973
29694.0,49920.9,29801.7,50184.9,0.2972
83848.4,10961.1,84035.7,11200.0,0.2972
34682.6,25081.4,34920.1,25199.9,0.2971
33839.5,30579.3,34046.5,30717.6,0.2970
26267.1,41448.9,26824.3,41599.4,0.2970
119361.2,32705.3,119563.1,32960.0,0.2970
65009.5,14904.1,65586.8,15333.6,0.2970
37772.6,57702.9,38400.0,58219.1,0.2970
30232.9,29408.3,30417.7,29688.4,0.2969
49913.7,6949.9,50083.7,7056.5,0.2969
32641.4,16667.8,32831.5,16989.0,0.2969
40657.8,19962.4,41125.4,20436.8,0.2969
31047.9,55683.0,31611.4,56176.8,0.2969
63436.0,19810.3,63588.7,19932.0,0.2968
31917.4,36012.0,32128.1,36156.5,0.2968
73641.1,22540.0,73920.0,22710.7,0.2968
31869.3,35054.1,32085.8,35196.9,0.2967
62504.4,17623.4,62870.3,17920.0,0.2967
86420.9,11037.1,86692.5,11200.0,0.2966
87225.6,10183.1,87341.1,10237.9,0.2966
5333.4,61155.2,5439.6,61420.8,0.2966
88214.0,10561.5,88307.3,10690.0,0.2966
68383.4,17222.4,68587.4,17328.6,0.2965
72001.3,17430.8,72212.6,17600.0,0.2964
37239.0,22400.0,37562.1,22961.6,0.2964
16320.0,25952.4,16937.1,26429.6,0.2964
25356.1,29606.6,25908.4,30080.0,0.2964
11535.3,67604.4,12160.0,67995.6,0.2964
35840.0,11730.1,36095.0,12152.6,0.2964
32960.0,16250.4,33090.2,16414.5,0.2964
30353.4,35322.9,30398.9,35520.9,0.2961
112322.7,21532.1,112526.8,21760.0,0.2961
97639.3,5437.9,97749.5,5653.8,0.2961
20412.9,34856.8,20786.2,35200.0,0.2961
34882.3,23360.0,34956.6,23649.1,0.2961
25874.3,30645.4,25918.5,30808.9,0.2960
123008.6,37198.9,123152.2,37306.4,0.2960
18880.0,67200.0,19003.6,67352.6,0.2960
62791.2,10719.2,63035.4,10878.5,0.2960
53120.0,22370.7,53240.4,22400.0,0.2960
73146.2,9600.0,73359.0,9782.8,0.2960
11900.2,60506.0,12324.5,61120.0,0.2959
127183.8,33600.0,127676.7,33772.1,0.2959
109838.4,24162.8,110188.5,24320.0,0.2959
45562.4,19749.1,45801.0,19840.0,0.2959
35520.0,48320.0,36041.3,48764.9,0.2958
34898.6,33020.4,35134.1,33147.7,0.2958
37012.4,32020.6,37110.3,32302.7,0.2958
65165.8,10630.2,65368.9,10873.6,0.2958
26163.3,32247.6,26358.6,32304.4,0.2957
19200.0,63174.0,19476.0,63680.0,0.2957
54835.4,12343.6,55040.0,12641.8,0.2957
58258.8,3523.8,58688.2,3717.4,0.2957
19298.4,67202.2,19506.6,67341.0,0.2957
22405.5,33920.3,22593.0,34040.1,0.2956
53223.9,16990.4,53311.9,17280.0,0.2956
84309.3,16162.9,84796.4,16316.6,0.2956
19689.8,27701.6,19840.0,27813.5,0.2956
32030.4,59939.7,32627.5,60480.0,0.2955
16261.6,26244.5,16640.0,26412.5,0.2955
36478.4,52160.0,36600.8,52550.1,0.2955
18392.6,65871.4,18537.1,65916.0,0.2954
38210.7,56685.4,38691.6,57278.1,0.2954
76012.9,17960.7,76160.0,18140.7,0.2954
56851.2,21956.6,57199.3,22080.0,0.2954
92480.0,10667.1,92825.9,10787.4,0.2954
44524.6,18637.9,45096.9,19200.0,0.2954
46064.2,18977.3,46223.9,19228.1,0.2954
124610.8,29908.0,125092.9,30080.0,0.2954
61123.0,13730.7,61195.0,13859.8,0.2954
104360.9,6408.0,104636.1,6767.1,0.2953
21760.4,37765.0,21936.6,37957.2,0.2953
49294.2,24338.8,49920.0,24640.0,0.2953
87460.0,13861.9,87695.5,13976.0,0.2952
68407.9,24799.9,68800.0,24906.5,0.2952
18579.1,69511.5,19200.0,69760.0,0.2952
65697.2,9817.7,65873.8,9924.8,0.2952
92800.0,11280.6,93436.2,11520.0,0.2951
31915.7,33773.2,32131.0,33916.7,0.2951
72071.0,13598.5,72314.9,13759.7,0.2951
127042.9,31888.1,127105.2,32019.6,0.2951
34813.7,41280.0,34927.0,41519.9,0.2951
34931.7,46676.6,35189.4,46789.9,0.2951
125492.4,34956.9,126080.0,35520.0,0.2951
27844.5,60243.1,28195.0,60682.5,0.2950
33279.0,38129.7,33388.3,38327.5,0.2950
109221.2,19202.1,109415.5,19407.8,0.2950
92684.0,13918.1,93115.1,14079.5,0.2950
33301.8,29278.5,33600.0,29341.2,0.2950
112172.2,21271.5,112320.0,21602.0,0.2950
49290.0,22721.4,49918.4,23090.4,0.2950
5120.0,64906.1,5566.0,65082.1,0.2949
45841.6,20142.8,46074.9,20277.0,0.2948
66937.9,11081.7,67199.0,11281.4,0.2948
21293.7,54817.8,21438.1,54897.7,0.2948
12342.3,65920.5,12474.3,66072.9,0.2948
17921.5,44671.8,18000.1,44790.3,0.2947
79715.4,17633.1,80320.0,17920.0,0.2946
32320.0,36975.1,32563.9,37120.0,0.2946
47625.8,23807.9,47765.0,23902.7,0.2946
37193.8,32483.5,37435.3,32638.5,0.2946
40837.3,19345.9,41118.3,19518.9,0.2946
74375.1,11220.5,74585.9,11836.4,0.2945
19523.3,38212.2,19663.9,38400.0,0.2945
78321.3,15052.0,78397.2,15172.6,0.2945
37120.0,10880.2,37332.7,10932.9,0.2945
34885.5,52660.3,35406.7,53105.9,0.2944
76443.7,21745.5,76784.5,21892.9,0.2944
34725.5,33289.9,34875.4,33420.5,0.2944
65003.5,5479.5,65600.0,6010.6,0.2944
30653.0,61018.9,30845.9,61119.8,0.2943
68428.8,20801.9,68488.3,20917.4,0.2943
66828.3,13297.1,67009.7,13432.4,0.2942
16320.0,64663.1,16816.4,65280.0,0.2942
31773.1,21443.0,32320.0,21595.9,0.2941
93848.1,10829.1,94400.0,10978.6,0.2941
50551.0,1045.9,50626.6,1146.5,0.2941
54878.0,21491.8,55031.8,21550.4,0.2941
98785.0,9667.1,99200.0,9766.9,0.2941
76008.9,13811.9,76241.4,13932.4,0.2940
31413.1,14554.1,31524.7,14694.2,0.2940
111040.0,20507.5,111297.5,20699.1,0.2939
65470.3,15704.1,65727.9,15848.8,0.2939
62720.0,17823.4,62907.6,17901.3,0.2939
43520.7,16688.7,43581.4,16853.6,0.2939
32379.6,50891.8,32640.0,51227.3,0.2939
51997.1,22723.7,52338.8,22845.1,0.2939
18249.5,69454.0,18880.0,69952.8,0.2938
105952.2,5527.5,106507.9,6078.7,0.2937
64673.8,5440.0,65280.0,5872.3,0.2937
30325.3,48714.0,30445.5,48960.0,0.2937
30593.8,49733.5,30747.0,49920.0,0.2937
82472.6,9386.3,82808.0,9920.0,0.2937
51124.9,22263.0,51512.3,22329.2,0.2937
32474.0,37579.2,32594.7,37632.6,0.2936
33565.8,40845.5,33730.4,40913.4,0.2936
27633.0,53896.9,28043.3,54400.0,0.2936
46723.8,14504.8,46865.3,14720.0,0.2936
38720.4,43520.0,38790.1,43613.3,0.2935
93568.9,14014.7,93899.5,14080.0,0.2935
54040.2,23433.1,54400.0,23564.0,0.2935
5122.4,63702.4,5417.1,63910.9,0.2935
29760.0,42269.3,30309.9,42434.9,0.2935
30288.3,37121.1,30422.0,37197.4,0.2935
39809.4,32414.1,40318.4,32633.3,0.2934
66560.7,12923.9,66757.3,13075.8,0.2934
26564.1,54090.8,26791.4,54536.2,0.2934
15536.5,67548.5,15987.6,68004.2,0.2933
50258.8,9381.3,50878.2,9546.2,0.2933
83133.7,9281.9,83483.2,9354.1,0.2933
46891.1,17286.5,46988.6,17598.1,0.2933
19214.9,30202.1,19389.6,30400.0,0.2932
52024.5,13090.6,52157.9,13305.3,0.2932
6083.3,65281.4,6211.4,65483.2,0.2932
17379.2,26560.0,17587.6,27142.8,0.2932
75204.4,14009.4,75410.6,14196.5,0.2932
31307.3,56960.0,31378.2,57144.5,0.2932
11441.3,67325.0,11520.0,67484.8,0.2931
55766.3,8046.8,55987.2,8588.6,0.2931
117765.5,29677.2,117942.6,29760.0,0.2931
90806.1,14534.1,91200.0,14658.9,0.2931
15370.2,66240.0,15591.0,66775.9,0.2931
24320.8,42880.0,24735.2,43186.3,0.2931
32394.6,10707.7,32624.5,10873.6,0.2931
26880.0,30014.4,27056.4,30104.7,0.2931
126208.2,33110.0,126400.0,33276.4,0.2931
20544.6,51903.5,21120.0,52282.7,0.2930
104245.4,19195.4,104459.5,19299.1,0.2930
34073.8,46083.5,34244.4,46216.1,0.2930
53206.6,10474.4,53310.4,10575.5,0.2930
103600.6,16979.4,103821.5,17161.3,0.2929
42560.0,20711.6,43023.1,20928.2,0.2929
24001.5,51448.4,24639.3,51840.0,0.2929
22662.6,65655.1,23019.8,66240.0,0.2929
33533.2,14827.6,33908.5,15029.1,0.2928
21866.6,31044.0,22400.0,31363.1,0.2928
31090.3,38407.1,31274.1,38447.8,0.2928
71048.1,22414.8,71506.7,22699.5,0.2928
54403.4,15036.2,54481.0,15125.0,0.2928
39153.6,16330.3,39357.3,16654.9,0.2927
99575.8,12786.9,99722.2,12825.8,0.2927
93767.6,12343.1,94038.0,12800.0,0.2926
35461.0,11608.9,35633.6,11753.1,0.2926
33233.5,38560.2,33589.7,38625.7,0.2924
87041.9,17393.1,87109.6,17577.2,0.2924
34479.2,32494.8,34689.2,32636.1,0.2924
35462.5,36917.6,35520.0,37017.4,0.2924
49920.4,3916.7,50094.5,4160.0,0.2923
57315.7,12381.4,57484.0,12656.5,0.2923
26312.1,57919.6,26560.0,58046.5,0.2922
50882.1,17099.7,51088.8,17275.2,0.2922
18574.0,38683.5,19198.3,38861.4,0.2922
35494.6,51569.8,35820.2,51684.0,0.2921
95775.6,15294.6,96000.0,15386.7,0.2921
38400.0,37310.0,38489.5,37513.7,0.2921
31506.6,49604.2,31679.0,49676.6,0.2921
53764.4,8008.6,54155.3,8356.2,0.2921
38655.7,39680.0,39040.0,40293.7,0.2921
18189.9,63814.8,18240.0,63966.7,0.2921
86815.2,10704.3,86900.3,10880.0,0.2920
113642.8,22229.8,113914.8,22395.4,0.2920
30720.0,59571.1,30986.2,60020.8,0.2920
35522.1,35520.0,35687.7,35868.9,0.2920
33106.1,11744.4,33544.6,12160.0,0.2920
65992.2,12325.2,66236.6,12476.8,0.2920
37136.9,21269.3,37490.0,21747.0,0.2920
19490.4,39040.7,19702.5,39087.0,0.2920
20492.1,66062.0,20910.5,66560.0,0.2920
22720.0,39705.3,22969.7,40320.0,0.2919
67978.6,21811.4,68480.0,22065.1,0.2919
78423.0,15833.3,78720.0,15999.7,0.2919
109459.5,24321.2,110080.0,24640.0,0.2919
34162.3,11036.2,34303.4,11200.0,0.2918
35492.4,47766.8,35605.5,47936.6,0.2918
80219.7,8962.0,80449.4,9031.0,0.2918
125849.0,36250.3,126051.7,36296.5,0.2918
125760.0,27614.8,126373.2,28155.9,0.2917
54400.0,9113.0,54963.2,9540.2,0.2917
53966.4,8982.0,54368.1,9412.9,0.2917
27840.0,60926.5,27963.6,61120.0,0.2917
33514.7,20173.3,33916.4,20350.5,0.2916
110405.6,21767.6,110816.3,22055.3,0.2916
107047.9,16893.2,107236.6,17024.5,0.2916
19360.5,64725.7,19520.0,65043.5,0.2916
70110.6,21619.2,70400.0,21699.1,0.2916
37780.5,39052.6,38077.2,39650.6,0.2916
70752.4,18684.7,70893.3,18756.3,0.2916
18563.2,54221.4,19058.2,54720.0,0.2916
28142.1,30402.2,28480.0,30483.3,0.2915
101478.2,19200.0,101631.4,19241.8,0.2915
51521.0,19231.6,51815.1,19385.7,0.2915
111845.0,21471.2,111998.0,21628.2,0.2915
83973.7,15736.2,84072.9,16000.0,0.2915
36202.7,7776.0,36790.0,8299.3,0.2915
54724.1,10013.2,54933.0,10502.3,0.2914
32989.6,48153.1,33263.7,48318.3,0.2914
29993.0,55619.4,30094.4,55674.0,0.2913
17219.3,66397.6,17330.4,66559.8,0.2913
90591.5,6080.0,91200.0,6424.1,0.2913
1607.2,64653.1,1922.9,64953.8,0.2913
38415.8,57280.0,39040.0,57607.3,0.2913
44241.9,17438.2,44705.8,17875.9,0.2912
59205.8,12610.5,59430.3,12740.5,0.2912
36183.1,31421.6,36747.1,31987.9,0.2912
128059.4,31765.3,128541.0,31995.8,0.2911
32962.5,56336.8,33012.7,56448.2,0.2911
32547.4,51116.4,32776.5,51200.0,0.2911
20498.5,44315.1,21120.0,44476.3,0.2911
34880.0,35967.4,35128.5,36160.0,0.2910
73039.7,19439.9,73275.0,19564.5,0.2910
36383.4,22542.0,36499.6,22720.0,0.2910
17920.0,48960.0,18007.5,49186.0,0.2910
78080.0,8836.2,78465.7,9280.0,0.2910
17920.0,49280.0,18008.9,49479.9,0.2909
58630.0,9965.1,59140.1,10525.1,0.2908
81922.3,9922.8,82160.0,10065.2,0.2907
37112.0,28800.0,37193.0,28909.8,0.2907
83522.8,12725.4,83727.6,13100.3,0.2907
118400.2,30446.8,118810.6,30715.4,0.2907
92006.6,16801.4,92152.6,16914.1,0.2907
32320.0,53673.6,32442.9,53747.9,0.2906
108511.6,10025.9,109002.8,10560.0,0.2906
33292.3,61338.8,33920.0,61755.6,0.2906
18551.5,36593.1,18833.0,37120.0,0.2906
105359.1,11993.4,105484.9,12240.6,0.2906
65360.3,7027.6,65600.0,7298.3,0.2906
20291.5,64695.1,20480.0,64957.1,0.2906
16610.4,39040.6,16960.0,39122.4,0.2905
63750.2,10715.1,63994.8,10879.6,0.2905
93936.5,14700.6,94047.1,14820.7,0.2904
35856.1,59368.1,36480.0,59823.1,0.2904
51546.4,582.6,51825.2,949.3,0.2903
83903.9,10483.5,84074.5,10668.0,0.2903
28414.9,34049.9,28532.4,34237.8,0.2903
55455.9,16041.5,55928.0,16391.5,0.2903
20482.9,53205.7,20803.5,53760.0,0.2902
79529.8,13968.7,79598.0,14049.2,0.2902
36813.6,28845.1,37407.2,29315.6,0.2902
33519.7,30893.8,33731.5,31037.5,0.2902
40021.3,21649.9,40247.7,21752.8,0.2902
27201.6,44867.3,27465.3,45440.0,0.2902
34242.7,16968.7,34446.5,17197.7,0.2901
94318.2,15040.5,94470.0,15132.1,0.2901
54404.4,13168.1,54539.5,13224.6,0.2901
19739.0,64747.7,19792.7,64845.0,0.2901
74568.9,22954.8,74709.8,23040.0,0.2901
22096.0,50019.8,22338.2,50220.7,0.2901
23041.8,38647.0,23194.1,38974.1,0.2900
88000.6,11007.8,88371.4,11173.0,0.2900
22738.1,37189.9,23080.4,37760.0,0.2900
89603.5,14084.5,89745.3,14290.4,0.2900
69498.1,11614.4,70044.2,12082.2,0.2900
25638.1,37801.5,26225.6,38174.5,0.2900
106435.9,12161.6,106588.2,12272.8,0.2899
33196.9,31536.0,33409.2,31676.9,0.2899
5903.3,67309.6,6400.0,67840.0,0.2899
125680.1,34254.6,125757.7,34364.4,0.2898
31360.9,31379.1,31419.2,31549.0,0.2898
74563.7,17358.0,74728.1,17600.0,0.2898
36710.7,20670.8,37097.1,20795.0,0.2898
27374.8,41939.0,27827.9,42490.7,0.2898
125120.6,31681.2,125705.3,32190.6,0.2898
50350.6,13721.2,50560.0,14074.8,0.2897
84483.5,8702.0,84984.2,8960.0,0.2897
29760.0,29257.9,30026.5,29760.0,0.2897
74154.3,14287.3,74368.7,14392.1,0.2897
39041.4,32200.1,39402.0,32638.7,0.2896
75856.8,22735.6,76480.0,23040.0,0.2895
5248.2,62858.4,5432.8,63360.0,0.2895
36178.9,23510.6,36800.0,23674.7,0.2894
57401.0,14720.0,57584.5,14813.1,0.2894
21366.5,36987.3,21579.1,37025.9,0.2894
57610.0,15498.3,58240.0,15820.5,0.2893
39039.1,24320.0,39206.6,24693.5,0.2893
53778.7,16344.2,54397.6,16576.8,0.2893
35180.0,46403.7,35519.0,46598.0,0.2893
5159.7,62084.0,5439.4,62667.1,0.2893
47680.3,19293.9,47797.3,19515.0,0.2893
34560.0,41600.0,34891.9,41987.1,0.2893
36490.1,57261.2,36841.5,57596.3,0.2893
32590.7,56449.8,32719.0,56532.9,0.2893
29124.7,38410.3,29192.1,38597.6,0.2892
19648.2,67896.5,19728.5,68095.4,0.2892
34915.4,39049.2,35056.9,39259.3,0.2892
28757.9,35544.7,28800.0,35697.0,0.2892
3871.3,66888.6,3979.4,67072.5,0.2892
60481.2,6039.6,60576.8,6286.8,0.2892
126720.1,35541.6,126892.7,35820.2,0.2892
37121.1,32798.5,37323.1,32959.4,0.2892
55049.2,12481.3,55436.7,12558.2,0.2892
73620.9,22218.9,73919.1,22393.9,0.2892
128393.4,34968.6,128565.0,35013.8,0.2891
34145.4,41019.1,34560.0,41102.6,0.2891
30234.0,35842.2,30396.9,36109.7,0.2891
43661.6,18574.4,44118.9,19087.5,0.2891
25462.9,61157.0,25638.1,61353.0,0.2891
21528.8,51806.5,22080.0,52158.6,0.2890
40640.0,29526.3,41191.9,30069.2,0.2890
17940.9,38744.4,18240.0,38868.4,0.2890
18059.8,31794.1,18560.0,31988.0,0.2890
19076.0,52205.9,19195.0,52445.1,0.2890
18907.5,59840.0,19250.4,60274.7,0.2890
16021.8,68749.0,16639.3,69118.4,0.2890
36194.8,48981.2,36702.8,49600.0,0.2890
74613.5,17702.4,75200.0,18220.4,0.2890
34924.1,57282.7,35253.0,57450.0,0.2889
99601.5,13763.5,100017.9,13934.5,0.2889
73133.3,14648.3,73398.0,14782.9,0.2889
95591.1,11260.4,95679.3,11357.4,0.2889
29931.8,56563.3,30152.1,56601.6,0.2888
31035.8,41728.3,31349.9,42240.0,0.2888
59222.7,10882.2,59518.2,11421.9,0.2888
82240.0,20852.1,82860.6,21120.0,0.2887
20875.1,61492.7,21120.0,61839.7,0.2887
103762.0,9960.0,104204.4,10539.0,0.2886
101440.5,19284.6,101544.0,19520.0,0.2886
82635.5,11104.7,82786.0,11198.5,0.2885
65937.3,19201.8,66144.6,19243.7,0.2885
28334.8,44671.6,28409.8,44961.6,0.2885
122867.5,27252.3,123191.2,27394.3,0.2884
28801.5,45868.4,28988.9,46017.0,0.2884
110862.2,21768.2,111360.0,22108.2,0.2884
33450.4,24645.4,33600.0,24775.5,0.2883
32728.0,27038.6,32960.0,27198.9,0.2882
51983.1,16612.0,52480.0,16771.2,0.2882
29223.9,51520.0,29419.0,51800.7,0.2882
31076.8,11599.8,31258.5,11652.9,0.2882
32214.7,10756.7,32319.7,10880.0,0.2881
88000.0,8964.1,88328.7,9035.3,0.2881
22725.3,62410.1,23040.0,62692.1,0.2881
18560.0,52395.1,18776.6,52436.9,0.2881
76015.7,18619.9,76159.5,18762.4,0.2881
74013.7,12832.9,74559.5,13358.0,0.2881
51716.6,15362.3,51895.5,15512.6,0.2880
74879.4,14139.8,75101.5,14250.1,0.2880
31665.3,28601.3,31805.2,28650.0,0.2879
20427.3,59639.9,20800.0,59777.4,0.2879
38417.4,55734.3,39007.0,56314.5,0.2879
68336.2,19394.1,68477.3,19513.1,0.2879
36552.8,32159.1,36793.8,32319.1,0.2879
34652.7,37910.6,34847.5,38031.1,0.2879
107200.0,19374.9,107715.9,19840.0,0.2878
35783.0,25823.3,35840.0,25920.0,0.2878
33948.4,41077.8,34240.0,41152.0,0.2878
66519.1,12978.5,66696.3,13112.2,0.2878
38800.1,10177.3,39025.8,10414.2,0.2878
44465.3,16969.7,44555.8,17197.7,0.2878
54775.8,13127.1,55040.0,13234.1,0.2878
33691.3,43842.7,33918.1,44087.8,0.2878
76202.9,21245.7,76800.0,21404.0,0.2878
11494.4,61607.9,11616.0,61712.0,0.2877
85448.3,20145.6,85598.0,20217.2,0.2876
53066.9,22368.1,53440.0,22487.9,0.2876
30720.0,50883.2,30885.2,51104.2,0.2876
2391.6,66599.9,2557.2,66880.0,0.2876
51200.0,10882.6,51263.1,10975.7,0.2876
38400.0,13760.0,38502.2,14074.2,0.2875
70840.6,10746.0,71018.9,10940.6,0.2875
104097.6,17602.8,104320.0,17698.0,0.2875
31749.8,14401.0,32303.1,14578.6,0.2875
119988.7,25472.1,120319.9,25895.5,0.2875
23844.7,42241.7,23973.5,42286.8,0.2875
35937.7,10910.9,36160.0,11230.2,0.2875
89600.0,20215.0,90240.0,20595.6,0.2874
110242.3,21457.8,110400.0,21624.2,0.2874
125478.0,28260.2,126014.2,28596.7,0.2874
65005.0,20480.0,65211.0,20738.5,0.2874
24965.9,36034.2,25271.8,36449.7,0.2874
46837.2,20091.1,47040.0,20160.0,0.2874
25870.1,40994.1,26207.1,41600.0,0.2874
6802.7,64880.7,6882.5,64960.0,0.2874
117440.0,29590.7,117632.9,29760.0,0.2874
34975.7,49199.0,35197.7,49353.6,0.2874
32525.2,53466.9,32722.5,53511.3,0.2874
56645.9,6743.8,56906.6,7026.9,0.2873
17622.1,47768.0,18021.8,48320.0,0.2873
16353.9,38909.7,16947.2,39082.1,0.2873
29243.8,52480.0,29312.0,52632.7,0.2873
59200.0,4802.4,59376.0,4966.5,0.2873
6275.8,65721.3,6509.0,65835.8,0.2872
75973.5,14277.1,76160.0,14463.4,0.2872
101451.8,6359.9,102080.0,6537.5,0.2872
76481.5,18721.7,76678.2,18879.6,0.2872
78720.0,7680.0,79303.8,7836.1,0.2871
97363.5,8640.0,97656.0,8761.9,0.2871
36191.6,50276.6,36467.0,50880.0,0.2871
104506.0,8000.0,104638.0,8281.8,0.2870
106918.2,10560.0,107131.5,10631.9,0.2870
26399.7,64392.1,26558.1,64584.2,0.2870
67202.4,18706.3,67301.3,18800.2,0.2870
104891.4,17768.6,105100.5,17917.9,0.2869
33922.3,33734.5,34094.1,33920.0,0.2869
54400.0,3028.6,54636.2,3509.1,0.2869
61707.0,5761.2,61868.0,5987.9,0.2868
110734.7,19528.1,111198.8,19732.6,0.2868
26200.8,48595.6,26560.0,48933.8,0.2868
37322.2,28482.7,37440.0,28668.2,0.2867
62400.0,20668.4,62516.2,20798.2,0.2867
44167.9,11856.3,44499.0,12231.8,0.2867
17286.9,62463.3,17488.4,62720.0,0.2867
6752.5,61491.2,7360.0,61847.1,0.2866
53120.0,18881.9,53702.7,19214.7,0.2866
34885.2,48408.0,35085.3,48532.4,0.2866
21290.2,65927.1,21436.6,66240.0,0.2866
70260.4,15387.5,70440.2,15516.1,0.2865
61850.5,14003.8,61938.0,14077.0,0.2865
26880.1,30425.9,27015.0,30626.6,0.2865
37122.6,33733.5,37290.6,33920.0,0.2864
94720.0,12534.4,94957.0,12920.6,0.2864
88137.2,15345.4,88640.0,15679.0,0.2864
39048.3,18240.0,39510.1,18576.3,0.2864
63779.1,12815.0,63995.0,13016.2,0.2863
51998.9,17497.0,52160.0,17588.3,0.2863
100477.5,11832.3,100664.2,11895.7,0.2863
58441.7,9837.8,58560.0,9920.0,0.2863
104738.5,12227.3,105044.6,12800.0,0.2862
78641.5,14419.4,79040.0,14534.0,0.2862
64138.3,9496.5,64319.5,9581.7,0.2862
31458.6,50780.3,31672.7,50915.3,0.2862
102650.5,5133.2,103030.4,5437.8,0.2861
127090.2,30409.1,127247.8,30641.9,0.2861
27690.9,47115.7,27907.4,47284.3,0.2861
127987.5,32008.0,128317.0,32190.7,0.2861
55671.5,16325.7,55832.1,16418.9,0.2860
83407.1,10244.0,83780.0,10399.0,0.2860
62232.1,19741.2,62481.3,19878.3,0.2860
38400.0,35603.5,39027.6,35840.0,0.2860
36242.1,42242.3,36455.3,42287.6,0.2859
67128.3,24836.9,67520.0,24933.8,0.2859
33921.9,43213.0,34231.0,43432.7,0.2859
123200.0,39456.7,123794.2,39625.2,0.2859
125700.5,39187.5,126079.6,39358.8,0.2859
68414.2,23906.6,68779.1,23997.0,0.2858
82783.7,12359.6,83177.5,12622.2,0.2858
22438.2,36481.1,22561.4,36671.5,0.2858
35524.0,49663.5,36026.3,50237.2,0.2858
74564.8,8247.4,74760.8,8583.6,0.2858
36548.4,31805.6,36786.3,31999.5,0.2858
29598.4,47745.3,29825.9,47933.8,0.2857
91840.0,11400.5,92480.0,11770.3,0.2857
77440.9,9073.3,77594.4,9280.0,0.2857
16032.6,64647.0,16320.0,64950.9,0.2857
31616.1,36484.0,32000.0,36553.5,0.2857
90880.0,15486.4,91040.4,15680.0,0.2857
66528.5,21125.8,66661.7,21172.0,0.2857
22080.9,57847.1,22208.1,58064.1,0.2857
22850.2,49509.4,23058.9,49555.9,0.2857
37356.7,33136.0,37570.5,33277.2,0.2856
73593.9,8641.1,73909.8,8896.3,0.2856
30812.5,48382.0,31039.8,48527.7,0.2856
17273.9,40640.0,17390.3,40904.1,0.2855
23337.6,40960.0,23680.0,41083.7,0.2855
51520.0,12615.0,51840.4,13109.6,0.2855
16650.2,40077.6,16921.5,40307.9,0.2855
32643.7,30080.0,32829.5,30231.2,0.2854
89304.6,20287.5,89920.0,20777.5,0.2854
77407.7,23408.4,77760.0,23556.7,0.2854
69916.4,14153.8,70152.2,14331.3,0.2854
33839.1,29929.6,34050.2,30077.0,0.2854
27787.4,38262.5,27839.3,38378.9,0.2854
61031.7,11821.0,61269.8,11951.8,0.2853
33519.0,31534.5,33729.3,31676.9,0.2853
39340.3,35849.5,39646.4,35914.4,0.2853
30082.2,52404.6,30228.4,52657.6,0.2853
98423.0,16678.2,98684.0,16960.0,0.2853
66247.7,12876.7,66469.2,12982.3,0.2853
41601.7,21275.3,41819.3,21430.0,0.2853
40395.9,9600.0,40636.7,10170.5,0.2852
92821.8,12832.8,93262.6,13429.3,0.2852
55106.8,8672.0,55680.0,9110.1,0.2852
15782.8,36184.5,16297.9,36789.0,0.2852
27966.2,45186.1,28063.4,45465.5,0.2852
33924.5,40821.5,34025.9,41000.9,0.2852
28431.6,37148.2,28679.0,37285.2,0.2852
62064.4,18331.7,62400.0,18420.0,0.2852
78402.7,15362.6,78475.7,15464.5,0.2851
121626.8,36648.0,122223.3,37120.0,0.2851
76275.1,16450.4,76797.7,16640.0,0.2851
100890.9,10260.8,101120.0,10393.1,0.2851
49168.7,16980.1,49404.9,17244.6,0.2851
125768.2,35657.8,126036.3,35832.0,0.2851
76008.1,7683.0,76240.0,7722.5,0.2851
46928.0,12907.5,46998.7,13019.7,0.2850
109561.3,17600.0,109760.0,17844.9,0.2850
75899.0,21379.0,76160.0,21440.0,0.2850
26316.5,46724.1,26721.6,47149.3,0.2850
105600.0,18821.1,106145.5,19200.0,0.2850
104605.5,13001.6,104910.3,13102.7,0.2849
61299.8,17999.6,61427.0,18057.2,0.2849
106295.9,8641.8,106555.2,8854.5,0.2849
50582.4,24020.0,51200.0,24320.0,0.2848
24872.7,30830.7,25023.9,30989.3,0.2847
130593.0,30720.0,131200.0,31157.8,0.2847
25282.8,55341.8,25422.9,55674.3,0.2846
100474.6,17486.4,100724.1,17598.0,0.2846
109372.6,22422.5,109749.8,22650.7,0.2846
33934.0,47852.0,34127.4,47960.5,0.2846
24425.6,47472.3,24639.7,47680.0,0.2845
23369.9,28801.4,23586.3,28869.7,0.2845
2035.5,65433.1,2489.1,65887.3,0.2845
54950.5,2165.0,55171.3,2301.1,0.2845
47487.5,16492.0,47680.0,16764.8,0.2845
107206.4,12864.0,107454.6,13034.0,0.2845
30404.4,39200.5,30720.0,39307.7,0.2844
19523.6,42501.0,19876.2,42692.2,0.2844
103055.1,16890.8,103680.0,17280.0,0.2844
31953.3,39680.9,32320.0,40048.0,0.2844
64000.0,15520.7,64629.8,15675.7,0.2844
79740.4,19256.6,79980.6,19840.0,0.2844
79295.3,18238.0,79440.9,18474.1,0.2844
31360.0,57581.9,31930.8,57918.8,0.2843
69329.3,18135.8,69750.7,18553.0,0.2843
38724.4,20161.7,38910.1,20214.8,0.2843
19841.0,40053.6,20046.2,40273.4,0.2843
36668.8,14514.3,36800.0,14786.7,0.2843
32358.6,10729.6,32630.9,11035.1,0.2843
104977.1,16989.4,105278.7,17052.6,0.2842
40459.6,13120.0,40620.5,13440.2,0.2841
90032.8,17335.7,90237.0,17600.0,0.2841
58770.6,21122.3,59133.4,21200.1,0.2840
12163.3,66880.9,12395.6,66951.3,0.2840
102082.3,19111.5,102221.2,19292.3,0.2840
21286.0,44058.4,21750.0,44468.8,0.2840
31365.1,46777.0,31782.2,47034.0,0.2839
70182.0,19843.1,70344.9,19877.6,0.2839
40667.2,22519.4,41242.4,23040.0,0.2839
51094.1,2120.1,51514.3,2555.9,0.2839
38601.0,12755.0,38776.1,12795.8,0.2839
35050.2,21491.2,35200.0,21530.8,0.2838
22439.4,62652.5,22546.7,62776.8,0.2838
85905.0,7836.3,86233.9,8086.7,0.2838
69556.1,8344.8,69886.5,8427.2,0.2838
62080.0,16279.5,62400.3,16461.3,0.2838
50197.4,12166.4,50551.4,12630.8,0.2838
21389.9,66737.4,21443.3,66868.1,0.2837
24006.2,36601.1,24433.8,36994.6,0.2837
104641.7,21774.8,104801.4,22080.0,0.2837
35118.3,31853.6,35329.2,31997.2,0.2837
31360.5,27200.0,31457.0,27356.0,0.2836
116106.4,23074.2,116296.3,23211.9,0.2836
2714.4,63102.3,3043.8,63670.9,0.2836
60801.8,7915.8,60938.8,8141.0,0.2836
15690.3,26915.7,16040.0,27518.3,0.2836
25989.6,58560.8,26240.0,58875.9,0.2835
13352.2,62722.8,13730.1,62921.5,0.2835
96963.9,14497.1,97600.0,14717.8,0.2834
95069.7,6080.0,95680.0,6411.7,0.2834
65596.7,13486.1,65844.2,13612.9,0.2833
128038.7,37236.3,128640.0,37742.6,0.2833
35155.5,42427.4,35278.6,42560.0,0.2833
97695.2,11810.9,97870.8,11840.0,0.2833
105521.7,19107.1,105746.0,19200.0,0.2833
46308.3,12187.8,46715.2,12473.4,0.2832
81280.0,10787.2,81781.5,10938.4,0.2832
106284.1,11569.7,106526.8,12160.0,0.2832
40796.9,14829.5,40959.3,15039.9,0.2832
58266.4,7043.9,58557.1,7215.8,0.2832
30222.0,29681.3,30351.2,29759.5,0.2831
5935.1,67284.3,6079.1,67438.6,0.2831
22080.0,31476.9,22575.9,31974.8,0.2831
86271.5,10570.7,86400.0,10623.1,0.2831
56640.0,3627.9,56939.6,4092.4,0.2830
40334.2,37856.2,40935.9,38379.5,0.2830
78724.2,16429.9,79070.7,16633.5,0.2830
71040.0,22253.5,71242.3,22354.1,0.2829
51578.9,12177.2,51840.0,12486.7,0.2829
39446.4,13454.8,39930.8,13746.0,0.2829
89617.3,15051.4,90232.6,15240.4,0.2829
27905.1,62422.7,28138.7,62715.7,0.2829
36873.0,22425.7,37065.0,22470.8,0.2829
59851.9,21850.5,60480.0,22080.0,0.2828
18182.4,65372.8,18382.0,65446.9,0.2828
25590.1,63696.8,25820.2,63865.0,0.2828
63996.0,17474.1,64069.5,17600.0,0.2828
23381.3,64800.3,23989.1,64952.7,0.2828
54720.0,2560.0,55050.9,2798.4,0.2828
36006.7,36954.7,36160.0,37120.0,0.2828
88660.7,13440.4,88798.1,13535.6,0.2827
78868.0,21489.2,79038.5,21619.8,0.2827
29446.4,38592.1,30080.0,38983.2,0.2827
28163.7,58308.9,28458.1,58557.0,0.2827
3520.0,62542.9,3757.5,63040.0,0.2827
35520.0,45823.8,35618.7,46080.0,0.2827
89696.7,9510.0,90229.5,9867.6,0.2826
62038.3,11013.9,62215.3,11200.0,0.2826
17533.9,42613.5,17912.3,43200.0,0.2826
35626.6,42943.6,35839.3,43200.0,0.2826
53131.9,23402.2,53760.0,23801.4,0.2825
22402.1,62434.1,22643.5,62584.0,0.2825
37154.0,27200.8,37445.1,27267.6,0.2825
35027.5,55040.0,35076.6,55177.0,0.2825
100804.4,17183.4,100987.0,17363.0,0.2825
37129.9,38688.2,37564.8,38879.5,0.2825
23727.6,44551.8,24319.3,44710.6,0.2824
28800.2,36148.7,28953.9,36471.2,0.2823
11520.0,67149.2,11709.4,67520.0,0.2823
75844.8,21305.8,76480.0,21654.8,0.2823
38115.8,28068.0,38373.4,28160.0,0.2822
26041.3,36800.0,26201.8,36873.5,0.2822
29121.7,43840.0,29282.5,44424.3,0.2821
35205.9,52939.3,35665.2,53432.3,0.2819
45440.0,21760.1,46038.6,21931.3,0.2819
20480.0,49051.7,20717.7,49117.0,0.2819
110110.8,20336.9,110400.0,20794.7,0.2819
26220.6,40111.5,26376.4,40456.8,0.2819
32104.5,52179.4,32316.7,52378.7,0.2819
57283.4,12856.7,57566.7,13132.6,0.2819
36218.0,31726.9,36799.9,32171.6,0.2818
99840.0,16110.5,100076.2,16640.0,0.2818
97321.8,8035.8,97740.4,8320.0,0.2818
104007.5,19696.5,104317.9,19840.0,0.2818
91207.3,7290.3,91324.7,7607.4,0.2817
30817.3,20201.8,31240.2,20797.5,0.2817
29120.0,45761.2,29192.6,45933.6,0.2817
34567.4,53040.6,34774.1,53186.8,0.2816
89950.3,20170.9,90559.5,20664.0,0.2816
62232.4,15756.6,62717.6,16189.7,0.2816
72050.8,19943.4,72640.0,20480.0,0.2815
59840.0,11938.4,60092.1,12386.6,0.2815
58551.6,7830.7,58801.2,7995.5,0.2815
35843.5,12160.0,35975.9,12346.2,0.2815
44480.0,15253.1,44638.0,15356.3,0.2815
67212.7,7136.3,67412.5,7346.1,0.2815
85447.8,16071.6,85811.9,16640.0,0.2814
59994.2,13769.1,60156.8,13895.7,0.2814
19557.6,58308.0,20084.3,58880.0,0.2814
75200.0,14080.0,75780.1,14528.1,0.2814
34241.5,32156.1,34421.5,32320.0,0.2813
28805.9,35840.0,28863.6,36011.7,0.2813
123074.0,29616.4,123507.0,30056.4,0.2813
66030.8,7422.0,66234.8,7491.1,0.2813
72932.9,12600.3,73067.3,12788.1,0.2812
116024.3,22625.2,116160.0,22756.3,0.2812
78843.8,9509.7,79038.4,9600.0,0.2812
22434.4,48857.7,22827.3,48951.6,0.2812
77161.3,23394.9,77350.8,23433.4,0.2812
24642.2,39897.6,25174.4,40132.4,0.2812
19267.6,55040.0,19478.6,55102.5,0.2812
121639.5,26984.1,121912.1,27200.0,0.2812
17762.1,33947.4,18205.6,34144.1,0.2812
36501.0,24000.0,36774.9,24339.5,0.2812
24009.7,42213.1,24640.0,42560.0,0.2811
78079.5,22652.1,78384.8,22920.5,0.2811
78878.9,11003.2,79040.0,11200.0,0.2811
18327.1,40960.0,18519.5,41083.3,0.2811
33297.2,39344.3,33920.0,39676.3,0.2811
34613.6,49937.9,34878.3,50220.5,0.2810
105920.0,17394.5,106168.5,17600.0,0.2810
99232.3,7786.5,99840.0,7970.2,0.2809
58037.7,16640.0,58346.9,16729.8,0.2809
73950.8,18978.7,74509.2,19167.7,0.2809
5122.5,62519.6,5245.1,62797.4,0.2808
17488.7,33147.2,17612.3,33470.1,0.2808
33657.3,39940.9,33920.0,40050.4,0.2808
20217.5,44097.7,20787.3,44256.2,0.2807
100903.4,17008.9,101045.1,17159.6,0.2807
83205.9,20203.5,83604.5,20799.7,0.2807
40381.9,24517.3,40960.0,24960.0,0.2807
36497.0,53120.0,36631.8,53449.7,0.2807
79123.9,18773.3,79201.2,18870.6,0.2806
34254.0,14830.2,34460.3,15040.0,0.2806
37440.0,35200.0,37547.9,35394.4,0.2806
40135.4,13120.7,40565.2,13660.4,0.2806
32804.6,23680.3,33033.4,23750.9,0.2805
69428.6,21905.4,69760.0,22005.3,0.2805
51842.3,21347.2,51999.2,21539.2,0.2805
37828.7,24155.0,38044.0,24218.7,0.2805
47685.1,19319.3,47870.2,19840.0,0.2804
35321.2,54968.2,35432.1,55305.3,0.2804
69800.3,15040.0,70400.0,15559.8,0.2804
20164.1,46790.4,20602.9,47080.9,0.2804
53332.9,22371.6,53525.2,22400.0,0.2803
54080.0,10678.1,54699.1,11033.0,0.2803
104015.3,14098.8,104640.0,14528.4,0.2803
34242.6,20007.2,34559.9,20069.9,0.2802
49280.0,9282.0,49655.6,9375.5,0.2802
27469.9,43204.0,27840.0,43660.6,0.2801
50189.3,18891.7,50332.7,18952.1,0.2801
42738.7,17727.4,42880.0,17777.7,0.2801
126746.8,36095.2,126955.1,36160.0,0.2801
69760.0,11840.0,70017.4,12063.0,0.2800
68341.7,8352.5,68756.1,8638.9,0.2800
45120.0,14725.0,45404.4,15126.8,0.2800
53761.5,5743.6,54017.0,6034.5,0.2800
21719.5,65443.6,21998.9,65510.4,0.2800
50884.3,11299.9,51254.7,11519.8,0.2800
67920.5,11729.5,68155.0,11963.4,0.2799
65519.2,13491.6,65728.7,13611.9,0.2799
72322.1,17748.4,72512.7,17920.0,0.2799
46777.8,10143.9,47360.0,10318.4,0.2798
30733.0,16418.0,31153.9,16960.0,0.2798
109827.2,19204.9,110051.2,19272.3,0.2797
85785.2,11509.9,86400.0,11839.7,0.2796
110403.3,22109.4,110581.3,22400.0,0.2796
66019.1,12527.9,66232.3,12646.3,0.2796
19845.9,44481.6,20046.8,44558.8,0.2796
33775.4,39719.4,34238.9,39875.7,0.2796
33166.8,30896.2,33383.6,31036.7,0.2794
80906.5,9658.7,81068.9,9920.0,0.2794
35201.3,33440.3,35401.3,33599.6,0.2794
32123.7,42497.2,32253.1,42534.5,0.2793
25601.7,51358.1,26064.6,51518.1,0.2793
87102.1,14400.0,87360.0,14959.1,0.2793
21922.0,28986.3,22079.9,29141.3,0.2793
36145.4,17602.6,36425.4,17667.5,0.2793
36160.0,21870.1,36464.5,22400.0,0.2792
111680.0,20800.0,112201.0,21188.1,0.2792
104003.9,5858.8,104484.1,6396.3,0.2792
57224.7,15980.6,57414.8,16128.1,0.2792
33109.2,56120.2,33281.6,56320.0,0.2792
27638.4,41653.0,28135.0,42195.0,0.2792
106746.1,10608.4,106907.3,10813.4,0.2791
123438.5,39362.6,123641.6,39403.1,0.2791
63684.3,10688.0,63836.3,10879.0,0.2791
20273.5,56072.5,20724.4,56640.0,0.2791
51119.9,22842.4,51268.5,22946.8,0.2791
84174.0,9920.0,84343.5,10200.4,0.2791
20065.8,59523.4,20278.8,59563.1,0.2791
121016.8,26319.0,121600.0,26848.3,0.2791
49766.6,11520.0,49913.6,11779.9,0.2790
89106.2,14631.9,89280.0,14915.3,0.2790
16960.0,67840.0,17069.4,67983.4,0.2790
63044.5,22492.3,63176.5,22593.7,0.2790
49711.4,7074.9,50180.1,7680.0,0.2790
63196.2,8013.0,63353.9,8320.0,0.2789
38841.7,25672.3,39036.3,26240.0,0.2789
31918.4,35694.8,32132.2,35836.6,0.2788
33280.0,20706.2,33895.7,20873.8,0.2788
59441.0,13120.0,59637.3,13189.9,0.2788
21417.9,66107.2,21760.0,66225.1,0.2787
101157.5,20495.6,101760.0,20927.7,0.2787
44228.2,21812.3,44800.0,22029.1,0.2787
11953.8,66448.1,12119.7,66657.3,0.2787
36180.5,35022.3,36332.6,35260.1,0.2786
3638.3,61524.2,4096.8,62080.0,0.2786
98091.5,12544.7,98201.9,12641.4,0.2786
107500.8,13284.3,107838.8,13438.9,0.2786
21747.9,41286.2,22079.2,41607.8,0.2786
42567.3,21402.7,42880.0,21559.6,0.2786
28267.8,41937.8,28648.9,42489.6,0.2786
38027.4,32017.6,38308.9,32640.0,0.2785
34478.6,34412.7,34692.0,34556.4,0.2785
8989.7,66982.7,9600.0,67507.7,0.2785
32340.8,27702.6,32670.4,28116.8,0.2785
34925.5,28823.2,35008.4,29034.4,0.2785
32968.9,10359.8,33057.0,10504.4,0.2784
29760.0,41994.4,29891.9,42036.1,0.2784
21610.8,61213.3,21675.9,61314.8,0.2784
104075.9,19030.8,104314.6,19200.0,0.2784
100725.0,6566.3,101120.0,6668.4,0.2784
45141.9,16960.0,45317.8,17251.9,0.2783
110248.1,19388.5,110400.0,19498.4,0.2783
27392.9,48915.0,27520.0,48956.0,0.2782
70558.6,8065.8,71039.9,8466.7,0.2781
46421.6,14518.0,46717.6,15040.0,0.2781
81294.1,19692.3,81920.0,20050.0,0.2781
46080.8,19840.0,46266.6,20360.1,0.2780
71977.2,8726.0,72317.1,9250.3,0.2780
68913.9,17280.0,69200.8,17893.5,0.2780
29452.3,49311.8,29877.3,49920.0,0.2780
86905.2,13594.7,87040.0,13749.9,0.2779
47300.8,10930.3,47493.4,11067.0,0.2779
73131.6,16960.5,73280.0,17140.0,0.2779
105446.2,18947.8,105683.9,19065.4,0.2779
58566.6,14722.9,58763.0,14760.2,0.2779
7044.8,66537.4,7311.2,66864.1,0.2779
115520.0,21534.7,116131.9,22075.2,0.2779
76741.4,20092.1,76946.7,20160.0,0.2779
63470.7,12588.1,63672.5,12725.9,0.2779
32804.1,37259.4,32960.0,37379.7,0.2779
91571.5,11117.5,91754.2,11283.9,0.2778
22974.8,40961.5,23040.0,41081.0,0.2778
84803.4,7360.0,85019.5,7547.1,0.2778
18633.3,53215.7,19129.3,53760.0,0.2778
82844.4,19689.8,83154.9,19839.7,0.2777
18105.0,69376.9,18410.4,69440.0,0.2777
2129.7,63363.2,2358.7,63406.8,0.2776
57172.5,21910.6,57279.7,22167.0,0.2776
124275.7,30460.1,124475.2,30720.0,0.2776
94080.1,13766.3,94209.8,13901.2,0.2776
64328.6,22720.0,64960.0,23003.0,0.2776
50244.5,5107.1,50574.5,5433.9,0.2776
48320.0,22031.9,48953.8,22391.3,0.2775
50577.1,4950.6,50979.2,5440.0,0.2775
31374.7,24065.5,31685.6,24640.0,0.2775
60160.0,9284.2,60386.7,9470.9,0.2775
82681.1,9349.4,82789.9,9692.0,0.2774
99984.6,4295.3,100213.3,4437.1,0.2774
124577.2,31040.0,125120.0,31402.1,0.2774
130240.0,30872.1,130356.7,31125.5,0.2772
4067.7,66948.0,4158.5,67200.0,0.2772
12007.2,67424.1,12155.5,67520.0,0.2771
70484.1,13335.2,70716.5,13543.0,0.2771
69701.5,20003.0,69835.2,20065.3,0.2770
25287.2,56923.2,25745.0,57280.0,0.2770
76237.3,20830.2,76453.5,20892.1,0.2770
106012.3,11203.3,106240.0,11633.5,0.2769
31926.8,30865.4,32106.7,31027.5,0.2769
28912.1,32064.5,29254.2,32640.0,0.2769
88516.6,17280.0,88635.0,17558.5,0.2769
20571.3,41929.2,20726.4,42240.0,0.2769
46763.5,22174.6,47066.1,22333.4,0.2769
31042.2,34695.6,31214.0,34880.0,0.2768
50729.9,2597.9,50866.1,2880.0,0.2768
29752.0,46580.7,30020.2,46651.8,0.2768
17872.6,42221.6,17980.3,42502.5,0.2768
105944.1,20016.9,106236.0,20160.0,0.2768
86792.8,13579.2,87344.6,14053.1,0.2768
20803.8,52678.1,21118.4,52909.9,0.2768
62151.8,11038.8,62394.8,11199.1,0.2767
29446.6,41974.8,29680.0,42175.6,0.2766
111361.9,20624.4,111537.5,20800.0,0.2766
29588.5,47730.7,29759.0,47831.9,0.2766
35048.4,50564.1,35198.7,50661.7,0.2766
104496.5,9714.3,104699.5,9920.0,0.2766
64697.1,18002.0,65180.5,18560.0,0.2765
19840.9,56320.0,19990.1,56616.8,0.2765
30898.1,29418.6,31105.9,29494.3,0.2765
16321.3,62863.3,16679.5,63040.0,0.2765
24965.5,63373.2,25289.4,63680.4,0.2764
56698.1,13469.6,56971.4,13814.7,0.2764
36787.3,33187.0,36887.9,33409.1,0.2764
35266.6,11840.0,35520.0,12136.7,0.2763
59538.4,22727.9,60160.0,22915.1,0.2763
59520.3,9608.9,59716.6,9776.7,0.2763
24818.4,46080.2,24904.0,46319.2,0.2763
58240.0,16960.0,58312.6,17113.2,0.2763
71026.8,17746.1,71357.0,17917.4,0.2762
71398.5,19333.9,71750.8,19838.9,0.2762
30732.1,50537.4,30979.7,50640.3,0.2762
100972.4,16851.2,101117.6,17005.2,0.2762
55679.4,2521.6,55997.2,2592.2,0.2761
20682.8,47367.7,21091.0,47529.3,0.2761
26016.6,60204.8,26543.7,60611.3,0.2761
46907.5,18560.0,47040.0,18615.9,0.2761
34564.2,29875.9,34722.4,30079.8,0.2761
14676.8,63370.8,14720.0,63521.1,0.2761
7345.6,65338.5,7663.8,65920.0,0.2761
25295.7,65350.2,25761.5,65920.0,0.2760
115606.4,21760.0,116160.0,22316.0,0.2760
78016.2,17081.6,78348.0,17559.0,0.2760
88592.9,14427.0,88903.1,14560.7,0.2760
23107.0,41630.8,23355.5,41945.9,0.2759
78709.6,16008.3,79034.2,16075.7,0.2759
67546.8,24801.2,68153.9,24959.4,0.2759
64323.7,5837.3,64749.6,6079.1,0.2759
30447.0,35521.8,30714.5,35664.2,0.2758
77442.1,16014.6,77642.8,16170.0,0.2758
68160.8,19382.1,68277.4,19520.0,0.2757
103637.0,14720.0,103911.9,14787.5,0.2756
36157.2,10874.9,36328.1,10912.8,0.2756
70083.1,18680.4,70251.6,19023.7,0.2756
37559.7,29120.0,38074.3,29475.4,0.2756
76429.1,16000.8,76580.1,16077.7,0.2756
111278.7,21178.6,111474.2,21346.5,0.2756
31223.5,28810.8,31674.2,29142.6,0.2756
19776.7,30851.5,20156.2,30954.4,0.2756
32664.7,55729.5,32727.4,55880.8,0.2756
88064.4,16960.0,88631.0,17252.1,0.2755
102531.8,7362.4,102733.0,7406.1,0.2755
40651.8,19635.1,41161.1,20160.0,0.2755
69811.7,13579.0,70075.9,13753.8,0.2755
30720.0,48973.5,30911.7,49111.6,0.2754
58256.3,20688.8,58462.3,20727.7,0.2754
94982.0,17372.9,95360.0,17494.4,0.2754
63997.4,10340.9,64260.3,10493.6,0.2753
85944.1,17600.0,86017.3,17760.6,0.2753
33170.9,23185.1,33351.8,23360.0,0.2753
62083.3,9695.2,62226.3,9920.0,0.2753
124394.9,30253.7,124613.4,30399.3,0.2753
29488.7,42730.3,29760.0,43178.3,0.2752
24649.1,30309.3,24744.1,30398.8,0.2751
35441.1,33133.6,35648.8,33276.8,0.2751
73302.1,14400.0,73920.0,14809.7,0.2751
81199.4,10241.2,81354.0,10352.1,0.2751
987.4,66065.7,1477.5,66560.0,0.2750
51907.3,11441.9,51992.9,11587.3,0.2750
99521.1,19351.6,99870.0,19520.0,0.2750
26604.0,54590.1,26877.6,55040.0,0.2749
100531.7,15042.7,100800.0,15105.7,0.2749
67945.8,8085.4,68093.9,8128.4,0.2749
78394.1,20176.0,78719.8,20379.2,0.2749
33970.5,17145.2,34233.3,17226.8,0.2749
25199.0,44802.0,25381.7,44848.6,0.2748
38474.0,32797.3,38716.6,32958.4,0.2748
32469.4,45793.1,32619.3,45831.8,0.2748
32895.1,50241.0,33032.8,50390.8,0.2747
26940.1,61513.2,27503.6,62059.6,0.2747
37443.5,33093.6,37602.4,33280.0,0.2747
55041.5,2170.0,55165.1,2350.8,0.2747
20168.6,68160.0,20579.1,68594.3,0.2747
17291.5,38933.8,17600.0,39034.3,0.2747
65920.0,17943.3,66532.6,18240.0,0.2747
62084.1,10021.0,62282.1,10240.0,0.2746
26885.1,53605.6,27171.9,53877.5,0.2746
33958.2,46615.9,34240.0,46701.7,0.2745
105726.1,15799.1,105887.0,15999.3,0.2745
46960.9,8869.4,47181.4,8960.0,0.2745
91520.0,8641.4,91787.0,8704.7,0.2745
22720.0,45570.1,22806.3,45798.8,0.2744
100821.6,19923.5,101440.0,20316.3,0.2744
65281.5,6404.4,65470.0,6623.0,0.2743
22458.9,46238.1,22754.7,46373.5,0.2743
33007.2,40380.4,33600.0,40700.9,0.2742
31760.3,21440.0,32000.0,21709.0,0.2742
96575.0,11550.7,96769.3,11707.4,0.2742
61232.9,15362.2,61367.0,15399.4,0.2741
34159.7,32494.1,34371.0,32636.7,0.2741
89329.2,13388.0,89463.8,13437.6,0.2741
55923.1,17600.0,56114.0,17957.4,0.2740
62766.0,18714.8,63360.0,18880.0,0.2740
30746.5,55830.7,31040.0,55999.8,0.2740
32436.7,27217.4,32708.9,27633.4,0.2740
29600.5,56571.7,29816.5,56611.4,0.2740
77184.1,23260.9,77440.0,23355.6,0.2740
100750.5,4480.0,101120.0,4573.9,0.2739
66093.9,12551.9,66308.8,12662.4,0.2739
11433.9,66570.7,11571.5,66727.1,0.2739
68920.9,19903.0,69326.8,20480.0,0.2739
79742.6,21834.9,80320.0,22078.4,0.2739
39365.3,10510.2,39680.0,10631.7,0.2739
32497.5,23047.1,32952.4,23222.0,0.2739
42929.3,20353.6,42997.2,20433.6,0.2738
69695.6,16801.8,70071.9,17280.0,0.2738
72711.4,20004.8,72957.4,20158.5,0.2738
120548.3,36853.7,120639.5,37120.0,0.2738
60612.3,8788.9,60797.2,8959.2,0.2737
26089.2,43642.4,26232.2,43783.6,0.2737
122560.0,25692.6,123169.9,26239.0,0.2737
38009.3,12535.7,38107.0,12794.8,0.2737
23680.5,63105.7,23753.2,63236.8,0.2736
31509.0,41603.5,31918.4,41778.9,0.2736
40352.7,35932.1,40957.7,36475.5,0.2736
111755.9,22169.9,111923.4,22307.7,0.2735
64969.1,22080.0,65600.0,22386.4,0.2735
76606.5,11360.0,76689.3,11487.6,0.2735
24329.9,59879.5,24734.0,60461.5,0.2734
48341.4,16486.5,48616.4,16960.0,0.2734
34752.7,30896.2,34969.0,31036.6,0.2734
7618.6,66929.0,7988.0,67075.5,0.2734
70427.7,23794.7,71040.0,24303.9,0.2734
114880.0,22188.6,115199.2,22693.0,0.2734
117338.9,29931.0,117744.0,30080.0,0.2734
74245.2,8000.0,74727.3,8501.2,0.2733
33921.3,52487.2,34350.9,52966.2,0.2733
121950.0,26368.0,122384.1,26880.0,0.2733
55680.0,19656.0,55753.4,19839.0,0.2733
18242.5,50911.4,18695.9,51140.6,0.2733
20480.3,60482.4,20619.1,60586.6,0.2732
26064.9,37726.5,26182.3,37760.0,0.2732
18882.2,32710.4,19048.6,32960.0,0.2732
21120.0,31682.4,21334.6,31725.5,0.2731
24000.0,60488.2,24270.0,60967.3,0.2731
44899.4,13391.8,45120.0,13617.1,0.2730
42499.6,23412.9,42880.0,23480.7,0.2730
34886.7,13330.3,35342.5,13723.2,0.2730
73871.3,15158.6,74240.0,15360.0,0.2729
102720.0,6234.1,102989.7,6332.8,0.2729
68345.1,18663.2,68562.6,18801.2,0.2729
50562.7,9912.5,50880.0,10237.0,0.2727
37291.8,20335.8,37438.3,20556.9,0.2727
33351.3,30238.8,33594.2,30399.5,0.2727
30597.6,50649.0,31016.8,51200.0,0.2727
37120.0,34407.4,37221.1,34619.7,0.2726
97807.8,17427.1,98202.0,17597.5,0.2726
18882.4,28809.9,18964.2,29083.0,0.2726
33301.8,55414.5,33483.8,55570.9,0.2726
39729.1,30721.0,39822.8,30882.0,0.2726
34880.0,17600.1,35035.9,17660.0,0.2725
36172.3,40652.0,36474.7,41164.8,0.2725
102800.2,5453.0,103040.0,5768.1,0.2725
33989.4,53440.0,34556.1,53798.6,0.2725
37202.8,34579.1,37359.0,34757.1,0.2725
108800.0,21440.0,109084.8,21702.2,0.2725
32410.4,49353.7,32635.9,49493.7,0.2724
51520.0,23043.1,51724.8,23084.6,0.2724
104896.9,18815.1,105104.7,18962.7,0.2724
54401.2,6816.4,54539.0,7061.2,0.2724
93798.5,14313.9,94400.0,14459.9,0.2724
69800.5,18893.2,70185.1,19325.4,0.2723
106339.8,17964.4,106558.6,18240.0,0.2723
64011.7,6733.5,64315.4,7023.5,0.2723
25536.9,52325.9,25598.9,52450.5,0.2722
79396.7,7680.4,80000.0,8012.0,0.2722
33600.3,52541.4,33748.1,52800.0,0.2722
43338.0,17734.9,43519.2,17893.2,0.2721
100086.3,6081.7,100282.9,6121.8,0.2721
59248.5,9920.0,59768.1,10374.0,0.2721
46789.4,17633.6,47354.0,18234.3,0.2721
81920.0,13920.2,82521.2,14081.5,0.2721
67233.3,14131.4,67840.0,14643.1,0.2720
29610.2,40555.4,29760.0,40591.3,0.2720
33177.1,18886.3,33536.6,19504.5,0.2719
24008.5,36161.1,24123.1,36280.6,0.2719
30869.3,37903.8,31315.9,38382.8,0.2719
68013.7,8640.0,68472.7,9216.1,0.2718
70149.0,13603.4,70395.3,13758.8,0.2718
48424.1,14888.4,48640.0,15036.0,0.2718
81554.6,19600.8,81918.6,19837.8,0.2718
37780.8,12495.3,38209.0,13113.5,0.2718
59165.8,8812.9,59366.0,8958.5,0.2718
124845.7,36268.9,125120.0,36480.0,0.2717
39093.9,9602.2,39306.5,9641.3,0.2717
44974.1,14491.8,45116.1,14727.2,0.2717
76481.7,18393.5,76678.3,18559.3,0.2716
61549.3,11840.0,62067.5,12265.2,0.2716
71824.7,16963.5,72315.7,17511.6,0.2716
107842.8,8379.1,108004.2,8639.2,0.2716
18880.0,59530.6,19497.8,59884.8,0.2716
111818.1,21365.4,111998.5,21505.4,0.2715
51962.0,21911.6,52480.0,22301.2,0.2714
59740.0,18372.8,59808.4,18461.8,0.2714
20072.1,48144.5,20174.7,48212.6,0.2713
38084.5,40474.8,38240.9,40513.1,0.2713
73113.1,19435.7,73325.4,19549.9,0.2713
28395.2,33640.3,28481.5,33831.5,0.2713
41332.5,25603.8,41920.0,26093.1,0.2713
75844.6,9415.2,76281.3,9599.0,0.2713
71040.0,20260.2,71516.7,20777.2,0.2712
35840.0,39043.2,36019.2,39081.8,0.2712
32448.1,53120.0,32561.6,53386.6,0.2711
32236.6,44161.8,32324.8,44208.1,0.2711
31525.6,36801.5,31680.0,36849.4,0.2711
89638.1,9282.1,89829.4,9326.0,0.2710
88240.5,12437.1,88635.3,12555.6,0.2710
43005.0,12480.0,43517.5,12886.2,0.2710
40471.7,20161.9,40640.0,20373.1,0.2710
51545.9,575.7,51692.4,640.0,0.2709
39209.9,23680.3,39291.1,23868.2,0.2709
100170.0,13509.8,100480.0,13639.9,0.2709
60480.0,16968.3,60748.9,17344.1,0.2709
57460.2,10657.7,57588.3,10880.0,0.2709
104320.3,9280.0,104587.5,9767.6,0.2709
32000.0,58709.0,32147.4,58863.6,0.2709
78080.0,20784.2,78703.3,21120.0,0.2708
5939.4,64325.2,6072.9,64567.1,0.2708
97737.1,15805.7,98235.3,16233.3,0.2708
35200.7,58866.1,35537.4,58952.9,0.2708
61824.0,12161.4,62080.0,12301.3,0.2708
68790.9,13181.7,69054.3,13309.6,0.2708
35001.4,14154.3,35200.0,14192.6,0.2707
39398.7,43565.0,40000.0,43953.4,0.2707
34797.1,31535.6,35009.8,31677.5,0.2707
32644.8,46481.4,32814.0,46713.5,0.2706
39549.4,44858.2,39677.9,45106.4,0.2706
53448.1,20800.0,53597.9,20944.8,0.2706
35200.0,37765.3,35495.6,38113.8,0.2706
99524.6,16492.0,100116.1,16960.0,0.2706
19159.9,49453.5,19200.0,49611.6,0.2705
87213.9,13919.4,87441.2,14030.0,0.2705
35381.2,47602.4,35518.7,47742.7,0.2705
96960.0,14566.8,97284.4,14718.3,0.2705
24986.9,54722.1,25245.0,55008.5,0.2704
66613.5,9201.6,66879.1,9278.0,0.2704
84275.8,8320.0,84627.7,8596.8,0.2704
27752.5,58962.1,27816.9,59135.3,0.2704
19520.0,60160.0,19693.8,60336.0,0.2704
100257.7,18148.3,100484.4,18239.8,0.2703
115099.8,21762.6,115520.0,21998.5,0.2703
120564.0,25981.2,120767.7,26138.2,0.2702
109440.0,17060.9,110050.6,17590.2,0.2702
111845.2,22323.5,111997.2,22442.5,0.2701
33077.3,59384.2,33328.6,59518.0,0.2701
56487.4,10639.9,56607.4,10896.8,0.2701
34880.0,40800.5,35012.3,41052.7,0.2701
73964.3,23108.7,74555.1,23265.1,0.2701
38664.3,27520.6,38766.2,27825.8,0.2700
58240.0,14870.0,58820.3,15036.4,0.2700
61132.3,21877.3,61758.3,22070.7,0.2700
30262.0,50345.6,30353.8,50651.1,0.2700
56150.2,4174.9,56319.3,4349.7,0.2700
27551.6,28894.0,28159.6,29440.0,0.2700
32320.0,38554.3,32915.7,38971.2,0.2700
35841.4,32154.8,36019.2,32319.7,0.2700
20801.8,29868.9,21011.9,30071.0,0.2700
36810.7,23563.4,37440.0,23945.1,0.2700
76165.8,19984.2,76482.1,20480.0,0.2699
35612.9,34884.1,35823.4,34955.1,0.2699
52160.0,22116.8,52782.9,22474.6,0.2699
90240.0,7685.6,90831.9,8083.6,0.2699
39101.5,13766.1,39551.2,13928.3,0.2699
26880.8,55701.4,27129.5,55995.0,0.2699
54723.7,18241.3,55040.0,18320.6,0.2698
78790.3,15937.6,79034.9,16060.7,0.2698
102287.0,5224.2,102482.3,5368.0,0.2698
75374.2,17962.0,75519.9,18102.5,0.2697
79360.0,21142.1,79703.3,21521.0,0.2697
35286.0,37893.2,35517.8,37979.5,0.2697
112960.0,20734.7,113074.8,20849.8,0.2697
31095.1,27005.0,31340.3,27071.4,0.2697
101440.9,18014.5,101653.4,18240.0,0.2696
32320.0,51585.0,32553.0,51697.7,0.2696
34796.7,29919.9,35016.3,30075.7,0.2696
34591.2,60001.7,35200.0,60468.2,0.2696
52836.2,10560.0,52940.8,10665.7,0.2695
3603.8,65924.5,3840.0,66159.6,0.2695
42391.3,21122.0,42671.0,21185.0,0.2695
72004.6,22341.2,72320.0,22400.0,0.2695
38722.6,48079.8,39294.4,48623.2,0.2695
63737.9,6720.7,64000.0,7000.7,0.2695
25600.0,44269.8,25815.3,44418.0,0.2695
26568.5,54188.2,26870.5,54720.0,0.2695
35201.4,40492.7,35416.8,40665.1,0.2694
84952.8,16395.4,85110.6,16599.3,0.2694
38101.1,7789.5,38720.0,8316.2,0.2694
47041.9,11304.0,47455.1,11520.0,0.2694
126080.0,32248.0,126633.4,32640.0,0.2694
119069.4,34061.0,119657.0,34560.0,0.2694
62757.1,22720.0,63360.0,23124.0,0.2694
38625.1,26413.3,38973.3,26877.8,0.2694
74883.3,13886.1,75051.2,14080.0,0.2693
5289.7,67761.1,5440.0,67836.9,0.2693
47212.2,15500.7,47359.2,15755.8,0.2693
82093.1,18365.1,82236.7,18556.9,0.2693
16960.0,66923.5,17265.7,67189.7,0.2693
77459.3,20192.0,78072.3,20645.8,0.2693
33280.4,36483.2,33502.3,36604.7,0.2692
53238.9,4701.5,53414.7,4800.0,0.2690
32960.0,27205.9,33204.4,27500.8,0.2690
35493.1,28197.5,35568.0,28346.8,0.2690
47377.0,22529.2,48000.0,22920.2,0.2689
82251.6,8894.9,82491.1,9153.9,0.2689
28006.7,33883.0,28293.0,34015.5,0.2689
73475.3,19139.6,73738.7,19200.0,0.2688
104323.1,14013.4,104486.4,14205.4,0.2688
25967.8,45192.0,26136.3,45440.0,0.2688
32321.8,32797.1,32491.5,32958.9,0.2688
109844.1,18322.3,110076.6,18501.5,0.2688
74707.9,14247.2,74866.9,14398.4,0.2688
19522.4,41312.3,19656.9,41594.1,0.2687
19532.2,53120.0,19664.1,53410.8,0.2687
35200.0,10158.0,35394.5,10327.5,0.2687
81289.7,13880.5,81600.0,14020.4,0.2687
110531.9,22336.4,110718.4,22529.6,0.2686
122241.8,27350.9,122427.7,27520.0,0.2686
21451.7,64207.2,21928.8,64636.0,0.2686
35116.1,31530.5,35331.8,31676.8,0.2686
95040.0,11200.0,95680.0,11583.3,0.2686
95107.8,13602.3,95360.0,13759.3,0.2685
62882.0,17186.7,63040.0,17222.4,0.2685
59520.2,16273.4,59613.3,16483.9,0.2685
101760.5,16640.0,101902.4,16747.8,0.2685
6724.1,60822.0,6899.2,61092.1,0.2685
32264.8,37224.4,32381.7,37341.2,0.2685
79314.3,18689.1,79464.0,18725.0,0.2685
37121.2,33120.3,37323.8,33279.6,0.2684
23717.7,27944.9,24317.6,28468.8,0.2684
37440.0,39360.1,37751.6,39447.1,0.2684
32395.1,36323.7,32632.9,36474.6,0.2684
9384.7,60427.7,9523.4,60480.0,0.2684
71850.3,7684.6,72123.3,7798.0,0.2683
57920.0,19795.2,58251.9,20160.0,0.2683
46450.4,15684.1,46694.9,15752.8,0.2683
35007.4,21483.7,35197.2,21720.5,0.2683
77852.0,22114.7,78366.3,22566.2,0.2682
37444.8,28207.3,37756.9,28796.0,0.2682
34895.5,20519.1,35520.0,20910.9,0.2681
73841.8,23139.9,74240.0,23214.6,0.2681
35510.0,38403.3,35674.5,38438.5,0.2681
58025.1,19788.7,58173.7,19837.5,0.2680
31166.5,13505.5,31372.3,13550.3,0.2680
30481.7,46082.1,31040.0,46396.7,0.2680
27413.5,62730.0,27817.0,63243.6,0.2679
19520.0,38672.5,19754.0,38855.5,0.2679
31432.8,50699.4,31676.1,50879.7,0.2679
17280.0,60848.9,17500.4,61091.7,0.2678
75911.2,20011.8,76147.5,20158.1,0.2678
111680.0,22058.7,111841.9,22095.0,0.2678
86911.4,13380.4,87040.0,13436.7,0.2678
21638.6,60164.7,21760.0,60259.3,0.2677
68578.9,19975.4,68754.2,20313.6,0.2677
81756.3,13775.1,82240.0,13919.3,0.2677
31414.5,51912.9,31488.9,52110.9,0.2677
28805.5,50799.9,28897.1,51101.2,0.2677
51131.4,22722.6,51520.0,22802.4,0.2677
32577.4,53123.0,32774.4,53166.6,0.2676
30731.5,10652.2,31084.0,11200.0,0.2676
57816.7,9903.9,58024.4,9946.4,0.2675
39700.3,16072.1,39881.9,16320.0,0.2675
27369.7,46675.5,27520.0,46712.8,0.2674
123261.1,30193.1,123840.0,30711.2,0.2674
45120.0,10098.9,45742.7,10281.3,0.2674
101931.1,17613.8,102079.9,17775.8,0.2673
54734.6,16541.1,55336.2,16751.5,0.2673
27048.6,61794.1,27200.0,62017.9,0.2673
122881.2,29892.9,123125.8,30080.0,0.2673
31374.3,61186.0,32000.0,61555.5,0.2673
106100.2,19427.6,106344.1,19520.0,0.2673
34798.8,34411.5,35010.3,34556.4,0.2673
27336.4,62721.8,27479.3,62857.2,0.2672
97600.0,14681.9,98066.6,14844.3,0.2672
64934.7,13444.8,65280.0,13665.5,0.2672
39410.0,34560.0,40000.0,34865.5,0.2671
55693.8,21717.2,55871.9,21758.2,0.2671
124273.8,28255.8,124547.5,28423.1,0.2671
39361.2,31775.3,39487.0,31969.6,0.2671
73048.3,8000.0,73433.9,8205.7,0.2671
35276.1,30557.4,35514.8,30719.0,0.2671
57398.5,14361.3,57625.2,14506.5,0.2670
68801.9,7362.3,69298.1,7525.1,0.2670
85290.6,7432.0,85440.0,7612.8,0.2670
23686.1,32058.8,23999.4,32139.3,0.2670
16278.8,68852.6,16637.0,68991.7,0.2669
16619.0,66468.6,16696.9,66605.8,0.2669
34158.4,29927.8,34369.9,30077.9,0.2668
111596.6,22475.7,111807.0,22583.9,0.2668
96842.4,11853.5,96995.2,12068.2,0.2668
60288.8,3847.1,60800.0,4009.8,0.2667
23597.4,34125.4,23679.2,34411.6,0.2667
32073.9,33437.3,32312.4,33599.9,0.2667
29443.7,56641.2,29531.9,56785.1,0.2667
61437.5,11460.1,61705.8,11581.4,0.2666
45249.1,21764.9,45438.4,21885.8,0.2666
7380.2,61510.7,7993.3,61665.7,0.2666
62314.4,11052.9,62533.6,11196.1,0.2666
96691.3,13579.6,96903.0,13622.2,0.2665
36876.6,37810.3,37027.2,38080.0,0.2665
34562.2,46415.4,34765.2,46577.1,0.2665
37900.5,52821.8,38400.0,53385.2,0.2665
63040.0,23337.1,63188.2,23360.0,0.2664
49902.1,22760.9,50236.1,22908.2,0.2664
95690.5,17328.7,96320.0,17690.7,0.2664
35285.8,56421.8,35591.7,56493.1,0.2664
37762.5,38422.0,38015.7,38701.1,0.2663
81444.6,11336.3,81597.5,11513.8,0.2663
3537.0,67230.9,4160.0,67678.3,0.2663
87505.7,17855.4,87725.3,17920.0,0.2662
49679.1,12528.4,49889.2,13120.0,0.2662
73128.1,12801.6,73236.9,12949.1,0.2662
38966.4,24661.0,39150.4,25280.0,0.2662
70731.3,23041.8,70910.1,23157.0,0.2662
91200.0,8572.4,91772.9,8739.4,0.2662
102981.2,12372.6,103360.0,12453.7,0.2662
31201.4,24970.1,31672.9,25357.8,0.2662
32002.0,37848.9,32180.1,38078.3,0.2662
37391.4,32037.0,37737.1,32103.7,0.2661
73922.4,14261.4,74127.9,14410.0,0.2661
90268.9,14449.0,90880.0,14659.3,0.2661
106135.5,14455.3,106240.0,14612.4,0.2661
53507.1,15019.4,53668.0,15125.6,0.2660
33990.7,20720.8,34206.1,20764.7,0.2660
33121.8,35829.7,33356.4,35998.4,0.2660
109285.7,20626.1,109739.2,21120.0,0.2660
88188.8,8213.0,88490.7,8291.4,0.2659
46400.0,9775.8,47016.8,10181.1,0.2659
24535.0,37581.6,24612.9,37760.0,0.2659
31680.2,24423.0,31901.7,24640.0,0.2659
25997.1,56640.0,26120.2,56779.6,0.2659
22401.3,43211.8,22524.4,43395.7,0.2658
35522.1,50560.6,35680.1,50663.7,0.2658
39737.9,42674.1,40320.0,43196.0,0.2658
50933.6,11225.6,51436.8,11805.8,0.2658
17200.0,33645.0,17437.3,34240.0,0.2658
54185.2,10300.9,54707.3,10560.0,0.2658
12058.7,67422.7,12297.1,67519.5,0.2657
71683.5,13569.4,71844.3,13760.0,0.2657
64383.3,10724.5,64637.6,10878.3,0.2657
35118.6,33771.3,35330.8,33917.0,0.2657
58142.3,10391.6,58278.2,10441.9,0.2657
60519.7,6478.6,60800.0,6602.4,0.2656
16320.0,68116.1,16671.0,68480.0,0.2656
21769.5,31522.5,22324.6,31989.5,0.2656
106568.5,21120.0,106991.9,21339.1,0.2655
16322.1,37335.0,16817.0,37760.0,0.2655
52466.8,16027.6,52605.6,16226.7,0.2655
73952.4,18823.3,74114.3,18913.7,0.2655
125475.4,31872.5,125634.9,31998.8,0.2655
11227.7,61856.9,11840.0,62400.0,0.2655
11849.5,59933.4,12462.6,60480.0,0.2654
50260.2,24127.8,50880.0,24496.4,0.2654
53529.9,18664.2,53760.0,18822.5,0.2654
97954.3,12166.0,98560.0,12388.5,0.2653
38763.5,14132.6,39360.0,14400.0,0.2653
55314.2,7378.0,55674.8,7842.6,0.2653
24960.0,35636.3,25200.2,35707.9,0.2653
77718.9,11854.4,78055.0,12387.6,0.2653
18306.0,28700.0,18560.0,28785.4,0.2653
39605.7,22218.7,39779.9,22403.5,0.2653
22795.1,52337.7,22964.6,52377.6,0.2652
103360.0,7309.5,103828.3,7475.9,0.2652
31380.0,45093.7,31983.9,45398.4,0.2651
20805.8,30292.7,21267.4,30596.8,0.2651
119694.2,25280.4,120000.0,25411.2,0.2651
54926.7,1763.8,55038.9,1870.5,0.2650
29187.5,44800.0,29302.5,45129.1,0.2650
35756.2,31534.1,35971.7,31677.1,0.2650
19021.4,53120.0,19199.0,53232.1,0.2650
52244.3,9446.7,52480.0,9623.8,0.2649
70296.1,22372.8,70585.3,22440.1,0.2649
48339.9,8705.1,48960.0,9080.2,0.2649
107520.0,13395.6,107729.7,13433.6,0.2648
60483.4,14098.0,60662.7,14718.9,0.2648
20800.0,47731.2,21296.3,48000.0,0.2648
39541.6,11201.5,39680.0,11238.6,0.2648
99520.0,6753.4,100103.2,6912.3,0.2648
74415.1,10533.7,74543.2,10782.1,0.2647
20866.8,58880.0,21008.3,59110.6,0.2647
28062.2,55344.9,28382.6,55672.4,0.2647
75753.1,20967.8,76160.0,21120.0,0.2647
28258.7,43234.4,28745.6,43508.3,0.2647
32415.2,60225.0,32640.0,60450.2,0.2647
62596.9,21079.6,62742.5,21232.8,0.2647
102080.0,6402.2,102324.2,6468.1,0.2646
38823.3,20924.4,39040.0,21087.1,0.2646
20971.5,37279.7,21049.6,37534.9,0.2645
34540.4,49948.2,34834.7,50455.4,0.2645
102761.8,17979.9,103031.7,18137.6,0.2645
57489.9,16274.5,57600.0,16315.4,0.2645
20802.5,65115.7,21136.1,65600.0,0.2645
16940.3,68160.0,17256.4,68738.7,0.2645
107520.6,11281.1,107688.0,11533.8,0.2645
27962.6,29201.9,28452.8,29760.0,0.2644
39385.0,11000.5,39660.6,11193.7,0.2644
30509.9,54332.1,30584.1,54638.7,0.2644
38133.1,14596.5,38400.0,15038.3,0.2644
40067.1,10681.5,40192.3,10976.2,0.2644
56187.8,18364.0,56320.0,18721.5,0.2643
19520.0,38500.8,20140.4,38719.6,0.2643
25721.7,51352.4,25919.8,51517.0,0.2642
25920.0,33280.0,26526.4,33489.1,0.2642
25138.4,32872.0,25435.9,33034.0,0.2642
24650.9,29120.0,25280.0,29485.5,0.2642
29802.0,48714.8,30156.5,49231.9,0.2641
71961.3,23135.8,72077.4,23205.5,0.2641
67784.0,7698.0,68149.9,8178.9,0.2641
101122.8,18160.6,101314.6,18336.2,0.2640
18560.0,51249.2,18785.0,51520.0,0.2640
51367.9,19204.2,51520.0,19366.3,0.2640
36800.0,23349.8,37394.1,23680.0,0.2640
106068.7,19429.7,106237.1,19520.0,0.2640
35848.4,57958.3,36259.5,58443.3,0.2639
72642.2,20795.0,72709.9,20880.4,0.2639
31268.3,43528.2,31431.6,43636.8,0.2639
49106.1,13830.8,49289.6,14080.0,0.2638
53944.8,6193.3,54080.0,6386.1,0.2638
61500.0,7046.8,61807.7,7233.9,0.2638
61442.0,11674.9,61630.1,11839.4,0.2638
61119.3,11589.5,61353.4,11707.4,0.2638
26168.8,47379.5,26553.3,47755.9,0.2637
35430.8,41208.8,35662.2,41280.0,0.2637
29179.0,31379.7,29516.8,31992.8,0.2637
35201.5,18791.7,35337.0,19023.2,0.2637
75523.7,15050.1,75737.0,15210.3,0.2637
96961.3,7682.1,97144.1,7756.1,0.2637
109122.5,20714.0,109205.9,20948.1,0.2637
105992.0,13536.2,106315.9,13618.1,0.2636
18968.5,49708.2,19515.7,49900.7,0.2636
31917.3,34091.6,32130.4,34237.8,0.2636
35675.6,19791.0,35823.6,20160.0,0.2636
21501.8,38685.6,21651.0,38809.2,0.2636
102027.5,12366.1,102306.0,12536.4,0.2636
34561.8,33121.1,34741.0,33280.0,0.2635
18610.7,39485.1,18681.8,39589.0,0.2635
93778.6,16844.2,94400.0,17231.5,0.2635
33280.0,58769.4,33455.5,58874.6,0.2635
63728.1,10440.1,63999.3,10598.3,0.2634
101776.8,16380.2,102394.4,16886.8,0.2634
74330.4,9248.7,74496.2,9280.0,0.2634
102400.0,9289.8,102870.4,9442.5,0.2634
29569.7,50359.8,29701.2,50417.4,0.2634
31682.3,36997.9,31893.0,37132.0,0.2634
73139.8,14167.8,73279.9,14289.0,0.2633
56960.0,15693.0,57160.0,16000.0,0.2631
10907.2,65385.2,11506.9,65920.0,0.2631
28168.8,55040.0,28518.8,55326.6,0.2631
30362.7,50689.7,30460.0,51000.1,0.2631
100156.6,12215.4,100265.5,12433.0,0.2630
32959.1,31426.4,33202.1,31546.6,0.2630
33920.0,39340.0,34522.9,39680.0,0.2630
18436.5,31364.0,18623.9,31413.2,0.2630
36419.7,39171.8,36488.2,39360.0,0.2630
32006.5,8785.7,32217.2,8824.4,0.2630
73920.0,15112.5,74529.2,15360.0,0.2630
75623.5,14976.7,76156.9,15137.1,0.2629
34106.4,57577.8,34240.0,57631.7,0.2629
1187.9,66133.0,1558.2,66559.7,0.2629
44873.3,14505.9,45418.8,15037.2,0.2629
51360.3,16868.1,51469.3,17096.6,0.2629
35824.0,24960.0,36122.0,25340.6,0.2628
30590.4,49920.0,30715.7,50073.1,0.2628
76880.2,13052.3,77375.7,13440.0,0.2627
60360.5,10316.5,60602.5,10487.0,0.2627
33009.7,49971.0,33191.2,50068.2,0.2627
37453.9,26848.2,38076.3,27000.3,0.2626
88960.0,12800.0,89181.7,12867.2,0.2626
40704.5,20587.7,40960.0,20795.6,0.2626
5325.4,66410.8,5440.0,66490.4,0.2626
72624.6,18599.7,72933.1,18757.0,0.2626
34036.4,46891.2,34276.9,47020.4,0.2626
81779.2,10757.0,81920.0,10876.1,0.2626
27530.2,30523.6,27775.9,30657.9,0.2626
73486.0,20011.5,73687.7,20157.1,0.2626
124324.8,27919.2,124542.9,28042.1,0.2624
34130.7,32813.2,34339.5,32957.1,0.2624
18124.2,41035.0,18524.2,41345.0,0.2624
38563.4,9194.9,38650.8,9260.1,0.2624
34592.2,26422.6,35194.1,26763.3,0.2624
38313.6,47979.9,38474.1,48320.0,0.2623
28351.3,50652.7,28480.0,50706.1,0.2623
107984.9,10391.3,108428.2,10880.0,0.2623
106251.5,22786.7,106880.0,23154.7,0.2623
49604.6,14456.8,49770.8,15040.0,0.2622
60007.0,4802.7,60160.0,4837.6,0.2622
63678.8,12546.3,63915.2,12670.2,0.2622
38465.5,33763.2,38716.8,33919.1,0.2622
89463.2,19805.8,89920.0,20160.0,0.2622
64794.5,5993.7,64936.4,6080.0,0.2622
65284.4,8028.9,65461.9,8319.3,0.2621
35717.4,45778.1,36108.2,46091.3,0.2621
53952.2,18039.3,54329.8,18307.1,0.2621
49828.3,20817.0,49909.8,21056.1,0.2621
51863.6,13767.8,52004.9,13973.9,0.2621
26286.8,49921.5,26560.0,50232.1,0.2621
29412.7,31363.2,29523.7,31675.8,0.2620
106890.6,16781.4,107275.4,16954.4,0.2620
48377.7,13138.5,48882.4,13601.4,0.2620
77389.0,15209.8,77440.0,15291.6,0.2620
22172.4,33391.8,22398.9,33573.0,0.2619
19850.4,32764.5,20337.9,33280.0,0.2619
16960.0,27098.8,17180.7,27199.0,0.2619
78485.2,10601.1,78711.9,10702.4,0.2619
8036.6,66240.0,8640.0,66619.4,0.2618
62448.9,7474.4,63029.8,7994.5,0.2618
20164.5,39863.8,20480.0,40138.4,0.2618
123840.0,29529.2,124178.8,30080.0,0.2618
74261.3,19619.4,74880.0,20050.9,0.2618
121684.1,32233.0,121912.9,32427.7,0.2618
23981.0,35703.8,24117.9,35835.8,0.2618
21120.0,56006.5,21677.0,56209.4,0.2617
41600.0,12162.0,41785.7,12738.7,0.2617
26896.9,35895.0,27011.8,35992.1,0.2617
79697.2,10244.9,80008.6,10536.7,0.2617
33443.1,32813.4,33653.0,32956.6,0.2617
31271.7,29991.7,31355.3,30080.0,0.2616
30153.2,55506.1,30245.3,55821.8,0.2616
45677.7,19954.1,45894.7,20092.3,0.2616
37611.0,17306.7,37760.0,17426.7,0.2616
27520.0,60480.0,28136.6,60745.4,0.2616
31920.3,38559.8,32320.0,38639.3,0.2615
31927.5,35604.6,32122.9,35725.2,0.2615
31684.1,38551.7,32320.0,38898.9,0.2615
32559.2,35372.6,32770.8,35516.7,0.2615
35640.9,43425.0,35837.9,43520.0,0.2615
33604.2,38487.1,34240.0,38838.0,0.2613
35235.1,47213.3,35838.9,47680.0,0.2613
105921.6,20814.0,106446.9,21362.0,0.2613
4420.6,67701.1,4800.0,67845.5,0.2613
6083.0,60587.0,6400.6,61120.0,0.2613
34870.3,24444.5,35093.0,24640.0,0.2612
77440.0,10520.5,77540.3,10558.9,0.2612
82242.0,12814.4,82536.3,13261.0,0.2612
106516.6,19630.1,106712.0,19769.6,0.2611
26302.3,33388.4,26610.7,33920.0,0.2611
33922.2,34055.5,34092.5,34240.0,0.2610
76817.4,8320.0,77405.4,8497.0,0.2610
76802.7,18244.3,77089.6,18760.1,0.2610
72960.0,15541.3,73193.8,15673.8,0.2610
74389.4,12548.3,74560.0,12691.4,0.2609
128726.0,35353.5,129272.7,35840.0,0.2609
34244.1,52558.7,34387.8,52800.0,0.2609
45546.6,19075.1,46080.0,19520.0,0.2609
74562.3,13892.3,74764.8,14078.9,0.2608
44182.4,12843.9,44480.0,12919.7,0.2608
46152.7,15904.6,46395.9,16031.5,0.2608
31376.1,51321.2,31968.9,51838.6,0.2608
24325.7,48394.1,24933.5,48624.9,0.2607
56016.0,7492.0,56555.4,8000.0,0.2607
64898.1,13190.7,65092.9,13304.5,0.2607
10.1,66943.5,104.2,67050.8,0.2607
12480.0,62721.6,12602.1,62853.3,0.2606
69625.9,19811.4,69815.6,19840.0,0.2606
24792.8,35150.1,24916.2,35391.0,0.2606
24321.8,61534.5,24814.2,62070.1,0.2606
61784.4,16657.2,62052.8,16944.0,0.2605
74885.0,14920.7,75513.4,15315.5,0.2605
68905.8,17604.4,69116.9,17941.7,0.2605
64322.7,14569.6,64670.2,14720.0,0.2605
19903.9,28458.3,20442.9,28606.7,0.2605
18201.5,38740.3,18553.7,38843.7,0.2605
29760.0,38598.3,30384.8,38966.4,0.2605
85120.0,13102.3,85726.0,13436.0,0.2605
93550.2,9963.5,93713.4,10151.9,0.2604
74887.5,9939.7,75520.0,10297.0,0.2604
38080.0,26887.2,38663.8,27051.9,0.2604
24772.2,64328.8,25238.6,64621.5,0.2604
30239.8,58769.3,30400.0,58871.6,0.2604
25839.7,65036.6,26004.8,65286.8,0.2604
57651.0,15992.8,57895.2,16094.2,0.2603
87519.9,10910.9,87798.2,11044.7,0.2603
20731.7,49086.9,20918.5,49129.0,0.2603
61698.6,18360.0,61797.1,18560.0,0.2603
105422.1,9601.3,105598.0,9861.7,0.2603
72651.6,9194.2,72788.1,9280.0,0.2603
100091.6,17678.9,100290.8,17803.1,0.2603
22949.7,41548.2,23039.9,41863.1,0.2603
85793.3,9218.0,86160.7,9280.0,0.2602
59841.8,14498.0,59979.9,14720.0,0.2602
94724.1,16732.7,95127.1,16960.0,0.2602
32878.3,33135.2,33091.2,33276.9,0.2602
34880.0,53640.2,35156.9,53760.0,0.2602
35123.7,33332.7,35322.9,33445.6,0.2601
23361.0,40406.6,23492.7,40626.1,0.2601
22098.7,56740.5,22400.0,56958.2,0.2601
24320.0,37441.6,24459.6,37537.8,0.2601
33653.4,36255.8,34220.2,36800.0,0.2601
105921.2,9378.5,106024.2,9600.0,0.2600
34242.1,35037.8,34414.8,35199.7,0.2600
6595.1,60898.8,6659.9,61051.5,0.2600
263.8,67381.5,640.0,67515.0,0.2599
62447.5,15507.2,62720.0,15675.8,0.2599
38311.5,13122.9,38515.9,13162.3,0.2599
20800.2,57053.3,20934.6,57280.0,0.2599
69390.0,14473.2,69662.1,14667.3,0.2599
101678.2,12409.7,101856.2,12446.0,0.2599
66427.8,21682.8,66586.8,21721.1,0.2598
75210.2,21659.0,75835.7,21847.5,0.2598
31221.1,37687.6,31357.8,37802.1,0.2597
58881.8,16324.2,59071.4,16466.9,0.2597
40323.1,16716.3,40459.1,16882.2,0.2597
35848.4,43872.4,36185.7,44297.6,0.2597
39432.9,43841.9,39680.0,43953.4,0.2596
31282.4,24642.6,31345.0,24789.4,0.2596
65600.0,9920.0,65945.0,10316.8,0.2596
75254.8,10839.4,75480.8,10924.5,0.2596
58240.0,8999.8,58849.7,9260.2,0.2596
71361.4,13578.7,71565.8,13758.1,0.2595
20163.3,48198.2,20381.4,48319.4,0.2595
18282.6,51244.4,18555.8,51784.4,0.2595
56503.3,2664.1,56952.7,2977.5,0.2594
79443.8,9606.5,79989.0,9880.0,0.2594
64324.5,19768.0,64795.1,20123.0,0.2594
71363.2,9631.5,71530.4,9890.2,0.2593
73104.0,13641.8,73334.3,13755.3,0.2593
62720.0,15546.2,62992.0,15680.0,0.2593
130124.9,33637.7,130551.8,34240.0,0.2592
67278.8,21120.4,67458.2,21207.5,0.2592
30400.0,28556.7,30532.2,28695.1,0.2592
34562.1,35037.3,34735.1,35199.3,0.2592
89920.0,19862.7,90133.1,20109.9,0.2592
86437.7,8671.0,87040.0,8854.3,0.2592
71040.0,13175.0,71282.5,13411.3,0.2592
23040.0,50827.4,23094.6,51031.1,0.2592
49267.6,17281.5,49364.0,17398.5,0.2591
75521.8,9357.8,75717.6,9626.7,0.2591
37767.7,38844.4,38025.0,39147.1,0.2591
58560.6,15591.8,58711.7,15806.1,0.2591
30331.9,48960.0,30455.9,49248.0,0.2590
37508.8,44600.8,37979.3,45120.0,0.2590
57920.0,4954.4,58040.8,5120.0,0.2590
38465.5,33443.6,38716.1,33598.7,0.2590
104632.7,18259.6,104932.1,18426.0,0.2589
83801.7,21580.3,84158.1,21736.6,0.2589
109411.1,20183.3,109560.9,20220.8,0.2589
60485.1,22209.3,60879.9,22652.1,0.2588
17921.9,49600.0,18005.2,49842.3,0.2588
31487.5,27031.3,31641.4,27282.7,0.2588
33601.6,51840.0,33736.0,52044.1,0.2588
48210.3,10240.0,48430.5,10477.1,0.2588
54902.4,22233.5,55093.9,22339.2,0.2588
63527.5,5120.0,63678.7,5210.4,0.2587
37295.0,56728.1,37419.2,56954.5,0.2587
26806.8,33949.5,27196.2,34560.0,0.2587
55514.3,12801.8,55664.2,12853.1,0.2587
82733.8,13279.2,82935.0,13317.0,0.2586
8229.7,60735.3,8353.7,60837.1,0.2585
17600.0,31102.3,18112.8,31516.5,0.2585
16973.0,27077.9,17161.5,27307.0,0.2585
125223.2,29699.0,125345.3,29878.5,0.2585
85762.5,13487.1,86071.1,13553.4,0.2585
64690.2,17715.5,64944.8,18240.0,0.2585
34338.1,8647.9,34827.3,9117.8,0.2585
50242.9,20914.1,50444.3,21120.0,0.2584
17338.1,36173.7,17666.6,36660.1,0.2583
26245.7,53836.7,26739.4,54080.0,0.2583
31684.3,58242.0,31876.0,58285.8,0.2583
32066.6,36005.6,32315.9,36157.7,0.2583
36492.8,46619.1,36969.1,46953.4,0.2583
21865.7,55831.4,22077.4,55997.7,0.2583
43687.7,13195.7,43837.0,13428.2,0.2583
23040.0,29139.8,23639.5,29472.9,0.2583
17317.1,25947.1,17916.9,26459.1,0.2583
36480.4,43520.0,36604.6,43901.0,0.2583
106240.0,8121.7,106474.8,8640.0,0.2582
77440.0,19035.1,78016.7,19198.9,0.2582
63379.2,23331.2,63581.7,23360.0,0.2582
60676.8,19368.2,60753.5,19568.2,0.2581
64326.4,21120.0,64784.3,21686.7,0.2581
126720.7,33600.0,127039.6,34008.6,0.2581
37760.0,27855.6,37955.0,28160.0,0.2581
35117.7,33131.8,35329.2,33276.9,0.2581
26488.9,38720.0,26849.8,38845.6,0.2580
94401.6,16752.4,94969.4,16960.0,0.2580
122818.2,27260.5,123010.2,27386.5,0.2580
31605.2,46770.5,31680.0,47040.0,0.2579
54400.9,5272.5,54731.1,5749.1,0.2579
43997.2,13988.1,44155.3,14186.8,0.2579
78106.3,23179.6,78720.0,23646.8,0.2578
68160.7,10036.2,68258.0,10200.8,0.2578
15681.5,32414.2,16068.2,32955.5,0.2578
59202.3,7304.3,59391.7,7537.6,0.2578
52484.1,5660.0,52615.9,5966.3,0.2577
75200.0,16656.8,75421.8,16952.5,0.2577
24760.4,60339.7,24959.2,60473.0,0.2577
80566.9,20482.6,80960.0,20550.4,0.2577
36081.7,33451.5,36287.2,33596.9,0.2576
59903.0,6237.8,60457.2,6720.0,0.2576
23991.6,40651.8,24320.0,40748.0,0.2576
40356.5,11851.2,40714.2,12480.0,0.2576
68163.3,12603.9,68330.2,12800.0,0.2576
50886.4,18518.7,51196.7,18880.0,0.2575
83953.7,20035.0,84295.3,20262.4,0.2575
92161.7,11327.8,92500.3,11496.0,0.2575
36481.8,32453.5,36682.5,32638.6,0.2574
32961.2,30558.7,33157.9,30719.4,0.2574
97336.5,10895.4,97868.1,11073.5,0.2574
128480.3,31889.7,128640.0,31934.3,0.2574
44182.5,9006.7,44355.8,9280.0,0.2573
103680.7,8346.1,103744.0,8506.4,0.2573
37238.8,55686.4,37422.6,56301.9,0.2573
103896.9,12783.7,104034.5,12829.7,0.2573
101402.6,14637.8,101756.3,14775.8,0.2573
65916.6,13507.1,66159.1,13628.5,0.2573
36737.2,22584.9,37088.8,22649.3,0.2573
27014.4,31040.0,27332.0,31602.9,0.2572
34999.3,26563.4,35378.7,26634.0,0.2572
18566.3,34607.5,19115.2,34811.6,0.2572
19533.0,64640.0,19636.9,64683.7,0.2571
61442.1,18439.0,61515.0,18560.0,0.2571
125296.3,38085.2,125440.0,38287.6,0.2571
44988.2,17938.3,45118.1,18141.3,0.2571
87833.3,9775.7,87897.7,9869.8,0.2570
37121.4,8960.0,37201.6,9175.8,0.2570
78291.6,20522.8,78398.8,20702.5,0.2570
74091.6,13937.2,74237.4,14073.3,0.2570
33920.0,36929.9,34044.5,37073.9,0.2569
31415.7,48640.0,31991.5,49178.1,0.2569
23788.6,60231.7,23989.8,60800.0,0.2569
32962.0,32155.9,33137.2,32319.4,0.2568
38889.5,32328.3,39035.3,32469.8,0.2568
21680.6,59742.7,21901.6,59839.6,0.2568
25294.9,60586.1,25805.7,61120.0,0.2568
43622.9,19201.0,43742.5,19306.1,0.2568
33683.5,51797.7,33911.6,51916.7,0.2568
31234.5,22400.0,31331.1,22655.4,0.2568
64761.2,19200.0,64954.3,19668.9,0.2567
22401.5,47040.0,22563.4,47340.3,0.2567
89435.7,13123.5,89595.3,13173.5,0.2567
16880.7,69004.0,17270.6,69130.2,0.2567
74745.3,16010.1,75048.1,16481.8,0.2567
86678.2,12854.7,87036.8,13031.2,0.2567
106015.6,10880.0,106193.3,11188.3,0.2566
56336.5,15103.8,56477.1,15360.0,0.2566
96903.5,13285.4,97029.3,13325.4,0.2566
23682.6,63137.3,23769.8,63397.3,0.2566
32321.8,29963.2,32483.8,30255.4,0.2566
16077.8,36803.6,16640.0,36950.7,0.2565
48001.5,24146.4,48624.9,24631.2,0.2565
50532.0,7744.1,50853.5,8119.9,0.2565
42529.6,23421.0,42879.7,23573.9,0.2565
80314.5,14283.6,80640.0,14391.5,0.2565
65280.0,15868.7,65546.6,15938.2,0.2565
104000.0,20161.1,104216.8,20203.5,0.2564
86084.1,11670.6,86374.2,11858.1,0.2564
37078.5,38400.0,37183.5,38675.0,0.2563
26018.5,37121.3,26207.2,37166.5,0.2563
34478.8,30250.4,34689.9,30396.8,0.2563
124156.0,28383.8,124416.8,28508.9,0.2563
34826.5,39057.4,34969.0,39100.6,0.2562
73300.0,10438.2,73551.0,10557.1,0.2562
97258.0,9663.9,97600.0,9777.0,0.2562
27030.5,62651.2,27199.9,62764.8,0.2562
28801.2,59523.7,29083.6,59873.5,0.2561
37341.4,32052.0,37552.5,32189.4,0.2561
20898.9,48161.9,21061.7,48196.9,0.2561
78331.3,14485.0,78720.0,14593.0,0.2561
73528.9,22412.6,73897.1,22487.3,0.2560
65768.2,22809.3,66239.2,22974.6,0.2560
36244.0,17736.9,36474.6,17898.7,0.2559
124991.5,36535.4,125222.2,36707.9,0.2559
19521.9,49588.1,19850.7,49894.9,0.2559
35050.4,48547.6,35202.5,48640.0,0.2559
37338.3,35621.6,37458.9,35904.9,0.2559
32482.8,50578.5,32719.2,50746.4,0.2559
76671.5,20554.5,76873.1,20751.7,0.2558
27045.0,34022.5,27200.0,34353.0,0.2558
64617.1,8749.3,64923.2,9250.2,0.2558
66640.1,13814.4,66878.2,14007.7,0.2558
32707.8,32476.9,32954.6,32639.6,0.2557
75910.6,13643.7,76156.4,13827.4,0.2557
38564.4,33439.9,38803.4,33599.9,0.2557
17959.2,37233.0,18489.0,37552.4,0.2557
22771.9,38814.9,23040.0,38932.7,0.2557
78836.3,18880.0,79036.8,19104.5,0.2557
124589.6,28635.8,124992.6,29102.6,0.2556
41289.6,17639.1,41483.6,18180.5,0.2556
29122.8,40064.2,29343.6,40640.0,0.2556
30726.8,39208.5,31360.0,39553.3,0.2556
34957.6,9086.7,35200.0,9168.1,0.2555
36671.7,38395.8,36800.0,38490.0,0.2555
90666.3,18959.0,90876.4,19200.0,0.2555
31700.9,28609.7,31872.7,28649.5,0.2555
33946.3,12902.2,34243.4,13440.0,0.2555
37005.4,37769.7,37252.3,38399.2,0.2555
17617.1,50655.4,18030.0,51200.0,0.2555
36800.0,51251.2,36992.0,51840.0,0.2555
18175.6,46131.9,18493.7,46523.7,0.2554
31534.5,42244.7,31673.2,42478.7,0.2554
28160.8,65123.5,28800.0,65570.6,0.2554
32477.7,50882.7,32637.7,50957.7,0.2554
53120.1,2880.0,53307.8,2985.3,0.2554
30783.5,18954.3,31294.7,19520.0,0.2554
34799.6,33454.2,35009.5,33597.1,0.2554
8977.1,60389.2,9171.0,60480.0,0.2554
76666.9,8068.4,76782.6,8320.0,0.2553
82881.0,18644.8,83180.8,18877.2,0.2553
124972.8,35817.5,125118.2,36013.2,0.2553
34798.3,10571.8,34880.0,10617.0,0.2553
101666.7,13159.7,101760.0,13373.0,0.2552
53120.0,10401.3,53655.3,10556.9,0.2552
54720.0,15719.7,54961.1,16000.0,0.2551
31456.3,53219.4,31593.9,53419.1,0.2551
34427.1,57071.1,34556.8,57194.8,0.2551
87321.2,12710.0,87680.0,12859.6,0.2551
25422.3,41901.6,25505.5,42086.3,0.2551
55095.8,20242.2,55269.1,20450.6,0.2549
98375.1,15046.2,98559.6,15178.1,0.2549
35520.0,18560.0,35746.1,18622.7,0.2549
17888.4,27386.6,17956.9,27582.3,0.2549
68457.3,12557.0,68706.2,12742.8,0.2548
97772.7,16641.8,97919.8,16777.0,0.2548
34733.7,49702.9,35129.6,50240.0,0.2548
99156.4,11790.3,99332.9,11927.7,0.2548
74643.9,18256.8,74878.1,18444.4,0.2547
40723.9,10880.0,40789.1,11072.5,0.2547
66439.7,18130.9,66560.0,18239.8,0.2547
40232.1,14099.9,40388.4,14284.3,0.2546
38507.7,48002.6,38579.6,48132.0,0.2546
118720.0,31741.5,119016.8,32320.0,0.2546
124084.4,31434.2,124289.7,31543.7,0.2545
30470.0,44541.6,30708.8,45120.0,0.2545
42244.3,21440.0,42560.0,21525.1,0.2545
49920.0,6081.7,50045.1,6414.0,0.2545
78648.0,20047.9,78872.6,20124.7,0.2545
31060.4,8000.0,31680.0,8331.2,0.2544
29678.1,43559.8,29836.1,43773.0,0.2544
12884.6,66489.7,13089.1,66560.0,0.2544
65539.7,18057.0,65598.1,18146.7,0.2544
91200.7,8800.7,91496.2,9014.5,0.2544
30720.0,58717.0,31071.4,58872.8,0.2544
31594.8,36012.8,31810.5,36156.4,0.2543
31426.8,34722.4,31675.4,34879.0,0.2543
26175.2,43236.2,26554.0,43510.3,0.2543
96410.4,11659.8,96640.0,11840.0,0.2543
23759.7,30170.0,24106.9,30720.0,0.2543
67840.0,16387.3,67964.1,16645.5,0.2543
29440.4,45846.2,29587.4,46080.0,0.2543
84569.9,17287.6,84798.0,17484.2,0.2543
32013.2,17288.4,32153.5,17422.1,0.2543
34589.1,53046.9,34686.7,53118.2,0.2542
26808.4,32393.3,26880.0,32720.8,0.2542
32322.4,16000.0,32523.1,16127.8,0.2542
34240.3,33758.4,34440.9,33919.2,0.2541
35202.1,47081.5,35392.5,47293.3,0.2541
101164.1,6444.7,101760.0,6586.7,0.2541
70083.4,13569.4,70250.7,13760.0,0.2541
17920.0,60055.4,17992.2,60319.4,0.2541
59484.6,3520.0,59636.9,3757.2,0.2541
91568.8,8508.6,92160.0,8666.1,0.2541
34517.1,48003.9,34656.8,48050.6,0.2541
18263.2,30116.3,18559.0,30387.2,0.2540
59364.4,6035.0,59532.9,6074.6,0.2540
104455.9,20168.5,104960.0,20617.8,0.2540
89633.4,7040.0,90240.0,7405.3,0.2540
30724.6,51645.6,30853.4,51840.0,0.2540
79045.2,8903.1,79146.4,9203.8,0.2540
47920.6,22598.5,48316.3,22748.8,0.2539
22080.9,45505.4,22386.9,45838.0,0.2539
60899.4,9600.0,61440.0,9966.1,0.2539
36397.7,33132.2,36609.7,33277.2,0.2539
57240.0,15979.3,57600.0,16125.5,0.2539
33920.0,39159.2,34558.6,39491.7,0.2539
101346.6,14721.9,101753.2,14802.7,0.2539
31108.3,50510.3,31358.8,50637.9,0.2539
49920.8,16263.1,50026.4,16454.9,0.2538
23362.5,62188.7,23436.8,62330.1,0.2537
125763.7,28480.2,125955.9,28602.5,0.2537
18575.4,53540.1,19050.0,54080.0,0.2537
68040.7,21384.5,68260.3,21424.9,0.2537
54080.0,18661.1,54564.0,18828.6,0.2537
90882.4,13868.3,91086.0,14057.6,0.2536
24864.6,54662.1,24959.3,54769.3,0.2536
100348.6,6228.8,100565.1,6388.0,0.2536
31680.0,60762.4,31819.4,60836.5,0.2536
83883.6,14947.0,84468.5,15106.2,0.2536
33025.6,33444.4,33275.8,33598.5,0.2535
59672.8,23041.8,59749.3,23157.4,0.2535
98190.9,9679.1,98240.0,9852.3,0.2535
69878.4,14180.3,70075.7,14493.9,0.2535
19841.6,39360.0,20059.7,39438.3,0.2534
47043.9,14327.1,47262.6,14440.2,0.2534
122170.0,39122.7,122560.0,39202.0,0.2534
31680.0,39383.7,32292.0,39680.0,0.2534
63166.1,7727.8,63352.2,8320.0,0.2533
107072.8,21442.0,107214.8,21493.2,0.2533
36328.5,52802.0,36411.0,52921.4,0.2533
49949.6,18273.1,50201.3,18848.7,0.2533
34478.8,33455.1,34691.2,33597.0,0.2533
30616.3,29962.9,30797.2,30080.0,0.2533
34240.0,41806.7,34400.6,41886.1,0.2533
65377.1,21032.6,65719.6,21119.9,0.2533
33165.0,23360.0,33278.6,23471.4,0.2533
126923.0,29154.6,127040.0,29526.5,0.2533
12800.0,67507.9,13296.5,67840.0,0.2533
30467.8,46198.3,30738.5,46720.0,0.2533
43544.7,11926.7,44159.4,12160.0,0.2532
57603.0,3524.8,57970.9,3876.9,0.2532
75302.6,14083.7,75444.2,14151.2,0.2532
68729.2,20489.5,68800.0,20800.0,0.2532
34920.5,47388.5,35197.5,47536.8,0.2532
6993.1,66727.3,7172.4,66914.7,0.2532
91531.3,6741.4,92160.0,7125.3,0.2532
43219.0,16923.9,43803.0,17280.0,0.2531
38964.7,17205.5,39352.1,17600.0,0.2531
32274.5,46400.0,32318.5,46523.8,0.2531
17013.0,46720.0,17078.6,46872.3,0.2531
43863.0,8109.7,44480.0,8566.8,0.2531
24640.0,47058.2,24971.1,47631.9,0.2531
107961.6,12553.3,108434.1,13120.0,0.2531
60221.0,5136.5,60480.0,5438.2,0.2531
22306.0,57708.8,22696.1,57916.3,0.2531
24969.9,32891.1,25236.8,32960.0,0.2530
78720.0,10244.5,78840.2,10467.8,0.2530
31465.5,59528.1,31728.7,59839.8,0.2530
125121.4,31836.6,125318.0,32000.0,0.2530
24317.5,30340.1,24640.0,30419.7,0.2530
25920.9,48567.3,26006.0,48830.0,0.2529
104960.7,17655.7,105300.0,18198.0,0.2529
81166.7,9942.3,81574.0,10407.9,0.2529
32001.6,35676.3,32198.0,35839.6,0.2529
36563.8,22006.9,36823.7,22077.4,0.2529
15680.0,27657.3,16044.3,28160.0,0.2529
35640.0,43200.0,35753.9,43360.4,0.2529
79687.6,7450.6,80306.8,8000.0,0.2529
83202.2,9920.0,83302.1,10085.5,0.2528
29120.0,46093.7,29347.3,46720.0,0.2528
83877.3,19465.6,84160.0,19610.8,0.2528
67941.0,9087.6,68146.1,9406.0,0.2528
37440.1,41280.9,37597.1,41433.4,0.2528
19842.6,42881.8,20067.4,42935.5,0.2527
43214.2,14672.2,43511.8,15037.4,0.2527
76480.4,10155.5,76674.8,10240.0,0.2527
107871.3,20477.5,108298.0,20800.0,0.2525
17187.8,29463.1,17280.0,29760.0,0.2525
45856.4,21696.8,46080.0,21760.0,0.2525
32002.4,20679.3,32202.2,20800.0,0.2525
92160.0,9281.8,92403.4,9352.9,0.2525
76320.1,20480.0,76480.0,20733.5,0.2525
19509.0,57395.5,19717.7,57433.7,0.2524
5037.4,60772.6,5120.0,60905.7,0.2524
113600.0,26280.8,114225.8,26639.9,0.2523
55992.1,16370.6,56194.9,16411.8,0.2523
87040.0,12735.7,87638.4,12933.7,0.2523
64731.8,11457.6,64956.0,11579.3,0.2523
35201.7,27526.9,35268.4,27664.2,0.2523
30720.6,12651.5,31097.2,13120.0,0.2523
31681.7,34714.1,31857.1,34879.7,0.2523
67891.4,14402.6,68469.8,14826.0,0.2522
105322.8,19305.5,105378.8,19462.6,0.2522
62899.2,10270.5,62959.9,10374.8,0.2522
50561.6,15433.1,51104.1,15680.0,0.2522
98560.0,9281.1,98791.0,9410.7,0.2522
122240.0,38055.2,122369.8,38275.2,0.2522
35203.0,29476.9,35355.1,29760.0,0.2522
32641.8,46132.2,32811.8,46337.4,0.2522
34630.7,52892.2,35200.0,53440.0,0.2522
35434.0,39346.4,35836.6,39434.8,0.2521
33576.6,21457.6,33629.6,21632.7,0.2521
26262.4,48576.7,26453.5,48631.1,0.2521
34306.0,35669.4,34553.8,35840.0,0.2521
95210.3,14030.4,95358.6,14155.3,0.2520
34955.9,46497.7,35200.0,46651.8,0.2520
12123.5,65553.9,12467.7,65686.0,0.2520
122567.1,36803.9,122983.0,37306.6,0.2520
99844.1,17700.2,100008.8,17920.0,0.2520
57158.8,22082.8,57489.2,22163.8,0.2520
28480.3,41605.1,28660.1,41804.0,0.2519
50880.2,5953.0,51066.8,6247.3,0.2519
104000.0,17807.8,104176.7,17920.0,0.2519
87680.0,9303.1,88232.8,9473.6,0.2519
86080.0,8963.5,86668.8,9111.1,0.2519
69448.4,19356.1,69743.3,19680.0,0.2519
36943.1,16733.2,37118.9,16956.2,0.2519
44963.9,13341.6,45119.4,13440.0,0.2518
14108.4,64168.1,14693.2,64640.0,0.2518
60167.7,8207.4,60603.5,8628.4,0.2518
48054.1,18940.7,48220.2,19084.7,0.2518
33837.2,35371.0,34049.5,35516.9,0.2518
71363.1,16419.7,71809.5,16619.9,0.2518
11790.4,61442.3,12141.2,61514.2,0.2517
96686.6,11928.6,96814.1,12013.6,0.2516
33855.6,29852.5,34045.3,29955.5,0.2516
107982.5,10964.9,108430.3,11520.0,0.2516
41287.2,22877.6,41645.6,23360.0,0.2516
76332.7,18918.1,76479.8,19066.5,0.2516
79680.0,15314.8,79833.4,15353.2,0.2515
26891.4,44209.9,27337.8,44800.0,0.2515
36176.6,58011.0,36756.9,58560.0,0.2514
59520.0,17730.3,59707.7,17906.3,0.2513
99840.0,6536.6,100263.1,6690.4,0.2513
26831.8,34074.1,26878.9,34240.0,0.2513
26588.5,33091.2,27066.1,33265.2,0.2512
10891.0,66943.0,11317.5,67520.0,0.2512
113600.0,23510.3,113736.0,23674.2,0.2511
7807.9,60311.3,7999.7,60455.5,0.2511
27521.8,36800.0,27575.0,36914.1,0.2511
34441.3,21475.5,34560.0,21684.1,0.2511
100321.2,16344.8,100548.1,16541.8,0.2511
30721.7,9691.5,31064.3,10240.0,0.2510
36508.2,43087.1,36678.5,43180.0,0.2509
20366.1,46782.9,20480.0,46841.8,0.2509
33840.2,30252.5,34051.6,30396.5,0.2509
34476.7,31534.3,34692.1,31676.3,0.2509
21678.3,61812.5,22069.7,62080.0,0.2509
33634.2,19200.0,34239.0,19408.0,0.2509
31386.4,12800.0,31469.1,12935.4,0.2508
58665.5,3125.5,58901.8,3200.0,0.2508
37440.0,36518.0,37721.8,37120.0,0.2508
27524.4,48743.5,27976.3,48956.1,0.2508
21385.3,53951.6,21521.6,54070.9,0.2507
87680.0,11906.5,88233.3,12065.6,0.2507
71364.4,15040.0,71810.4,15363.5,0.2507
80262.5,17859.6,80320.0,18037.3,0.2507
123353.4,39362.2,123520.0,39402.4,0.2507
85598.6,16961.1,85724.2,17084.4,0.2507
46497.8,15443.5,46675.1,15568.9,0.2507
14661.5,63199.4,14719.0,63332.3,0.2506
91531.1,14178.0,92101.6,14341.4,0.2506
81531.7,15324.4,81920.0,15439.0,0.2506
26733.8,42357.5,26878.0,42547.2,0.2506
73814.8,10586.9,74209.3,11026.3,0.2506
29279.2,54795.4,29354.2,55040.0,0.2506
44276.7,8642.5,44800.0,8813.2,0.2505
36215.3,58250.8,36458.9,58521.2,0.2505
26568.1,63058.8,26969.6,63675.2,0.2505
114801.8,24250.4,115013.3,24319.4,0.2504
22413.6,47502.9,22615.2,47961.6,0.2504
7564.4,60743.9,7696.8,60946.0,0.2504
18881.8,34601.1,19119.3,34803.6,0.2504
93501.1,13761.0,94080.0,14080.0,0.2503
125473.2,28294.4,125667.8,28479.6,0.2503
85626.2,12637.9,85841.3,12800.0,0.2503
1608.8,67268.5,2225.8,67785.1,0.2502
23752.8,47040.0,24000.0,47402.4,0.2502
35584.1,16046.5,36148.6,16224.9,0.2502
62089.2,13938.3,62536.1,14124.3,0.2502
37874.0,13760.7,38064.3,13962.1,0.2502
16640.7,43310.6,17001.8,43840.0,0.2502
15680.0,29846.5,16001.9,30400.0,0.2502
88609.2,13982.3,88818.3,14078.3,0.2502
68854.7,13771.3,69006.0,13951.2,0.2502
73931.9,16121.1,74119.5,16320.0,0.2501
48511.2,11591.4,48792.0,11840.0,0.2501
92651.6,6720.0,92800.0,7003.2,0.2501
74888.7,17393.5,75366.4,17916.9,0.2501
102308.6,4561.6,102397.5,4664.7,0.2500
130046.2,34003.8,130553.5,34560.0,0.2500
