x1,y1,x2,y2,score
3520.7,21549.4,3622.4,21601.9,0.9791
1115.7,10284.9,1243.3,10386.1,0.9661
20160.5,6406.8,20795.6,6720.0,0.9600
5296.0,4053.1,5755.2,4475.7,0.9556
3520.0,9280.5,3638.4,9521.8,0.9542
10037.3,2176.3,10535.6,2560.0,0.9540
3520.0,4154.8,4157.2,4478.1,0.9540
20056.6,1920.0,20160.0,2006.6,0.9538
4038.2,2561.9,4461.2,2880.0,0.9536
4624.7,31572.3,5112.9,32000.0,0.9534
2055.7,11773.1,2557.4,12152.1,0.9530
32075.0,3397.8,32637.0,3835.6,0.9529
31426.2,5959.0,31996.1,6388.5,0.9518
12226.9,8248.9,12795.5,8640.0,0.9516
1663.6,31683.0,1770.4,31996.1,0.9514
2882.1,14082.2,3392.8,14546.6,0.9513
1874.2,12890.7,2240.0,13120.0,0.9513
5912.0,24306.7,6393.1,24637.6,0.9512
4085.4,22638.0,4480.0,23040.0,0.9510
33937.0,2540.2,34558.0,2880.0,0.9504
4960.7,9600.0,5438.5,10032.6,0.9496
34395.1,4760.6,34876.0,5119.4,0.9496
3151.9,6029.8,3520.0,6400.0,0.9494
28483.7,8331.6,29116.9,8676.6,0.9493
2910.0,13042.6,3399.9,13440.0,0.9493
26728.8,9233.7,26880.0,9280.0,0.9492
1327.3,12663.9,1903.4,13120.0,0.9491
16144.5,4785.6,16634.7,5120.0,0.9490
28390.8,8282.7,28798.7,8640.0,0.9490
20860.2,3762.7,21437.4,4159.1,0.9487
10889.1,4826.8,11503.0,5211.1,0.9487
6742.6,8938.5,7357.5,9280.0,0.9487
19524.8,2080.4,20159.9,2558.0,0.9483
5541.3,4525.2,6075.2,4800.0,0.9478
9060.1,3851.7,9591.8,4175.9,0.9477
699.4,34315.6,1275.5,34880.0,0.9476
640.9,11165.5,1275.6,11520.0,0.9472
3644.5,12713.2,4156.2,13120.0,0.9464
2819.0,23449.4,2928.0,23678.9,0.9462
2111.0,1175.1,2234.1,1279.5,0.9462
5856.1,12686.7,6398.4,13115.8,0.9461
1641.6,32000.0,1771.4,32218.8,0.9460
17660.9,4691.8,18236.3,5120.0,0.9459
14164.0,4672.9,14714.6,5118.9,0.9458
22734.3,3683.2,23360.0,4158.5,0.9456
4484.2,30993.6,4908.7,31359.6,0.9456
3029.6,13762.8,3512.0,14195.6,0.9455
21609.6,9902.0,21759.2,10239.8,0.9455
6213.8,13700.5,6713.1,14080.0,0.9454
4532.5,33314.4,4798.6,33600.0,0.9454
28855.1,1098.1,29432.0,1596.0,0.9452
13559.2,4682.5,14079.3,5118.9,0.9452
11400.6,13013.5,11520.0,13120.0,0.9450
37772.8,6400.0,38397.4,6769.7,0.9449
4352.7,21548.6,4479.3,21759.7,0.9448
30102.1,3143.7,30717.0,3520.0,0.9447
21572.8,9917.8,22069.0,10239.4,0.9445
17664.6,828.0,18235.8,1280.0,0.9445
339.8,1906.3,955.5,2240.0,0.9445
17601.7,9965.8,18237.0,10240.0,0.9444
2.6,25415.1,539.4,25920.0,0.9442
21570.4,511.7,22080.0,959.8,0.9440
27622.3,5389.9,28152.4,5755.5,0.9437
4612.2,6958.4,5114.0,7360.0,0.9437
21955.9,9934.3,22398.1,10240.0,0.9434
11636.3,6922.7,12156.1,7360.0,0.9432
5204.3,9920.0,5438.5,10169.1,0.9432
33280.5,9954.9,33916.9,10240.0,0.9431
10985.7,4381.8,11494.7,4800.0,0.9430
26675.6,2128.2,27192.6,2560.0,0.9430
37502.9,8500.3,38074.2,8958.6,0.9428
5761.7,15950.5,6114.5,16317.0,0.9426
14212.2,8212.3,14400.0,8640.0,0.9426
3693.3,25046.8,3820.5,25279.0,0.9424
29827.5,4172.9,30396.0,4694.7,0.9423
17343.2,4050.3,17920.0,4475.6,0.9423
9317.9,5443.4,9600.0,5826.9,0.9423
10939.5,4042.1,11514.0,4477.8,0.9423
1541.6,14095.0,1916.9,14400.0,0.9422
4915.8,24874.0,5120.0,25280.0,0.9421
4937.1,36074.1,5437.5,36480.0,0.9420
12310.7,7723.9,12798.1,8000.0,0.9420
6084.2,13301.3,6270.0,13758.4,0.9419
3831.4,17292.6,4157.4,17600.0,0.9418
6165.8,8640.0,6716.9,9090.4,0.9415
36811.2,2174.4,37440.0,2560.0,0.9415
3886.7,29682.9,4015.4,30078.1,0.9413
2649.1,31029.0,2777.1,31359.4,0.9413
1136.1,28270.9,1279.6,28478.5,0.9412
23903.1,8088.7,24320.0,8463.1,0.9412
5812.4,970.7,5917.3,1279.7,0.9412
2812.5,26781.3,2879.9,26879.7,0.9408
10947.6,4072.3,11200.0,4480.0,0.9407
14456.2,6530.5,15036.5,7034.9,0.9407
1421.1,5011.9,1911.7,5434.8,0.9406
15116.0,638.4,15675.1,960.0,0.9406
1608.5,30401.0,1758.2,30821.9,0.9404
23683.2,9946.9,24317.0,10240.0,0.9403
31371.5,7374.5,31995.4,7736.1,0.9402
35848.2,2224.8,36480.0,2560.0,0.9401
11689.9,2893.8,12145.9,3215.4,0.9400
31693.0,3532.3,32315.7,3941.9,0.9400
10703.3,6938.6,11181.8,7360.0,0.9400
5905.6,3339.4,6016.9,3677.0,0.9399
9109.3,3416.7,9593.6,3840.0,0.9399
36481.4,7597.0,37118.6,8000.0,0.9398
2343.2,1821.0,2877.7,2235.9,0.9398
3842.3,29082.5,3968.3,29439.3,0.9395
34240.0,162.3,34748.7,635.6,0.9394
30400.0,6084.1,30811.4,6477.2,0.9394
15046.9,6978.7,15676.5,7359.1,0.9394
20484.1,6289.8,20988.7,6720.0,0.9394
5442.7,15939.3,6076.7,16318.4,0.9391
16323.9,1170.0,16959.4,1600.0,0.9388
2680.9,25494.4,3196.3,25920.0,0.9385
15125.9,1810.2,15680.0,2240.0,0.9384
3652.9,8231.6,4156.8,8640.0,0.9383
7150.1,23922.7,7677.4,24320.0,0.9381
5528.5,878.4,5681.8,960.0,0.9377
2766.2,6081.4,2876.4,6290.3,0.9377
3269.1,23446.7,3399.4,23680.0,0.9376
9644.4,2446.3,10236.7,2874.2,0.9375
3655.2,24212.7,4136.7,24639.8,0.9374
536.9,26582.0,639.9,26880.0,0.9374
36569.9,8532.1,37115.2,8960.0,0.9373
10894.1,894.4,11518.7,1279.7,0.9371
10011.1,2880.0,10555.0,3370.0,0.9371
18081.6,220.3,18239.8,435.3,0.9368
16081.3,1602.7,16638.5,2049.4,0.9368
3907.3,29093.9,3967.3,29440.0,0.9367
37310.2,2384.3,37757.8,2880.0,0.9366
14836.0,4365.6,15353.5,4792.3,0.9365
4523.6,5640.7,5117.6,6073.7,0.9364
6546.5,2429.9,7037.6,2880.0,0.9364
3570.3,5699.5,3836.6,6080.0,0.9363
6263.6,24379.6,6688.2,24943.3,0.9362
8121.1,5015.5,8625.9,5440.0,0.9362
3201.3,6721.1,3675.0,7107.3,0.9361
16199.8,320.0,16640.0,772.4,0.9359
4004.0,25725.8,4082.8,25919.2,0.9359
25920.0,10935.9,26556.2,11200.0,0.9358
23362.3,9935.6,23997.3,10240.0,0.9358
854.4,12378.1,1280.0,12800.0,0.9358
10623.1,7469.9,11176.6,7993.9,0.9357
30134.0,6779.4,30715.6,7360.0,0.9356
1986.2,12888.6,2555.8,13431.0,0.9356
792.4,4087.2,1276.0,4480.0,0.9355
15887.7,336.7,16000.0,639.8,0.9355
35239.4,3062.5,35838.1,3517.3,0.9355
11664.2,3434.3,12141.3,3839.4,0.9354
72.4,31606.5,636.0,32000.0,0.9354
960.0,15403.5,1076.4,15680.0,0.9354
37773.2,3070.8,38397.1,3518.1,0.9352
5281.3,29319.5,5440.0,29753.4,0.9352
28920.7,6594.6,29437.9,7038.9,0.9351
1694.0,1.4,1783.1,167.8,0.9351
2508.9,8895.8,2618.1,9154.3,0.9350
27579.5,7020.1,27683.4,7359.1,0.9349
3748.9,13706.6,4153.9,14080.0,0.9348
35612.1,3446.3,36157.2,3840.0,0.9348
29166.0,4173.6,29755.3,4566.5,0.9347
4855.8,10564.1,4981.7,10880.0,0.9346
1461.5,1244.1,1905.7,1600.0,0.9345
1332.9,34315.6,1915.2,34880.0,0.9343
107.0,34350.2,633.4,34880.0,0.9342
1611.2,30828.9,1746.1,31039.3,0.9339
2.1,29752.8,233.0,30077.1,0.9339
2767.8,9165.3,2876.8,9462.0,0.9339
20482.9,7368.0,20986.4,7679.6,0.9338
5920.4,939.9,6026.6,1279.4,0.9337
2442.4,10560.0,2560.0,10964.8,0.9336
5736.5,3254.3,5908.4,3490.8,0.9335
21246.2,1198.3,21440.0,1600.0,0.9333
2562.5,13122.2,2662.1,13453.9,0.9333
17493.1,5449.9,17600.0,5754.4,0.9332
5935.4,663.0,6024.3,960.0,0.9330
4213.3,20667.1,4795.5,21119.4,0.9330
2652.4,8960.0,2756.2,9160.1,0.9330
5209.2,16375.0,5760.0,16960.0,0.9328
6759.3,11937.3,7038.9,12159.8,0.9326
2996.1,24538.6,3505.0,24959.6,0.9326
22116.5,5019.8,22713.0,5439.0,0.9325
2027.4,31038.1,2551.0,31360.0,0.9325
4907.7,6739.9,5437.8,7102.9,0.9325
5487.5,5932.2,6074.3,6395.6,0.9325
31080.1,9811.9,31675.1,10240.0,0.9325
3721.1,11526.5,4155.9,11829.7,0.9324
338.3,9504.2,496.3,9920.0,0.9323
18595.1,10127.4,19195.4,10559.4,0.9323
333.7,20817.1,955.3,21120.0,0.9321
1406.9,30414.2,1525.6,30718.5,0.9316
31790.4,1865.6,32318.1,2240.0,0.9316
34821.8,9207.1,35197.0,9600.0,0.9316
35625.9,3840.0,35839.6,3992.3,0.9315
9051.1,3753.0,9280.0,4160.0,0.9314
2928.3,14613.0,3515.2,15040.0,0.9314
4800.0,1853.5,5313.1,2239.4,0.9314
32654.3,8499.6,33280.0,8885.4,0.9314
1938.8,7361.3,2555.3,7777.2,0.9312
2072.9,31279.7,2153.9,31679.6,0.9311
35895.5,967.3,36478.5,1409.6,0.9310
26659.0,1139.5,27196.9,1597.1,0.9310
22403.8,9936.0,23037.2,10240.0,0.9310
21469.3,4626.3,22079.6,5118.4,0.9309
4393.1,29597.0,4491.8,30076.9,0.9307
29818.0,7575.1,30394.9,8000.0,0.9307
2561.6,29041.7,2702.7,29438.1,0.9307
2920.8,33844.9,3515.9,34237.4,0.9306
5807.8,11421.0,5931.1,11838.8,0.9306
1308.3,14396.7,1598.2,14719.0,0.9305
4639.7,593.1,4840.5,956.9,0.9305
6401.7,3246.8,6485.1,3520.0,0.9305
14881.6,1286.3,15347.1,1731.8,0.9304
2883.9,24321.7,2966.8,24512.2,0.9304
11700.7,4035.8,12158.5,4479.8,0.9304
3317.3,19520.0,3456.0,19655.5,0.9304
24833.4,8330.0,24960.0,8783.7,0.9304
6626.0,6413.3,6708.4,6719.7,0.9302
3697.7,25287.8,3815.2,25542.7,0.9302
5903.4,1950.9,6007.2,2332.2,0.9301
2766.3,6392.3,2856.3,6720.0,0.9301
4386.7,27840.0,4480.0,28363.3,0.9301
16325.4,1491.4,16960.0,1920.0,0.9300
365.7,28075.4,945.0,28480.0,0.9300
3097.6,27285.7,3200.0,27519.9,0.9298
25059.6,3204.8,25595.1,3586.2,0.9297
24975.8,9802.4,25596.5,10236.7,0.9297
4958.4,6770.5,5120.0,7040.0,0.9296
4058.2,3200.0,4156.1,3475.8,0.9296
17048.4,18.5,17596.1,439.8,0.9295
2643.7,9164.6,2750.8,9383.3,0.9295
11931.2,7263.0,12159.0,7680.0,0.9294
3228.1,31021.6,3306.4,31358.1,0.9293
3078.2,13382.4,3518.1,13760.0,0.9292
321.9,23658.2,619.7,23752.2,0.9292
2800.8,29151.5,2926.0,29440.0,0.9291
2838.7,24004.4,2938.9,24333.3,0.9289
30734.1,9824.8,31357.3,10240.0,0.9288
3965.4,24206.0,4160.0,24640.0,0.9288
38145.7,1921.1,38655.2,2181.4,0.9286
19112.7,5188.3,19182.9,5437.7,0.9285
3275.0,3295.0,3840.0,3837.5,0.9283
3612.6,12800.4,3839.2,13120.0,0.9283
11966.3,14935.7,12474.1,15360.0,0.9282
2425.8,25920.2,2553.1,26143.8,0.9282
7040.0,13136.9,7661.9,13408.2,0.9278
1152.4,32232.3,1222.6,32640.0,0.9277
3377.0,28762.4,3520.0,28800.0,0.9276
3864.9,30966.3,3955.6,31360.0,0.9275
24536.3,4404.0,24640.0,4800.0,0.9275
15.8,3126.3,118.1,3520.0,0.9273
10474.8,2246.1,10876.9,2557.1,0.9272
1209.1,27682.8,1332.5,27838.5,0.9272
29201.3,3118.6,29754.9,3520.0,0.9271
1298.8,32406.6,1454.4,32640.0,0.9269
7167.6,3591.7,7667.3,4160.0,0.9268
61.9,11113.8,635.8,11520.0,0.9267
35042.4,20043.0,35517.1,20477.9,0.9267
6018.4,3286.2,6132.5,3647.8,0.9267
33930.5,9921.4,34558.4,10240.0,0.9267
10056.2,1926.5,10557.8,2286.6,0.9267
17005.4,6442.7,17600.0,6720.0,0.9267
8671.3,3749.2,8959.0,4160.0,0.9266
1142.7,3331.5,1280.0,3639.9,0.9265
24963.1,6983.3,25108.5,7360.0,0.9262
27587.2,527.5,28154.0,960.0,0.9262
10056.6,13123.3,10239.6,13358.6,0.9261
17817.8,5436.0,17919.6,5759.8,0.9261
22082.2,3841.4,22719.5,4160.0,0.9260
5830.8,3520.0,6024.3,3671.5,0.9260
2017.9,23707.0,2555.5,24000.0,0.9260
17829.1,262.2,18235.7,640.0,0.9259
24871.2,8218.5,24996.5,8640.0,0.9259
4666.1,6555.3,5119.3,7030.8,0.9256
11639.6,4363.3,12155.7,4800.0,0.9256
14721.4,6415.8,15358.3,6720.0,0.9256
2027.9,30605.7,2154.8,31038.4,0.9254
17017.5,639.6,17600.0,960.0,0.9252
3678.5,23485.4,3827.3,23679.8,0.9251
27614.0,6632.3,28159.7,7040.0,0.9251
30293.3,8003.3,30400.0,8483.5,0.9250
7834.2,872.2,8311.6,1278.9,0.9250
753.7,34560.5,1275.7,35033.2,0.9249
3840.0,2219.0,4221.3,2560.0,0.9249
5868.2,13303.1,6079.1,13437.9,0.9248
20801.8,9960.3,21437.5,10240.0,0.9247
21288.6,1191.1,21754.7,1600.0,0.9247
13443.9,5998.3,13540.6,6399.6,0.9245
3903.2,10485.6,4022.0,10879.0,0.9244
11864.0,9484.8,12478.7,9920.0,0.9243
1447.1,7430.3,1599.4,7679.7,0.9241
16200.5,5762.4,16320.0,6395.6,0.9240
1724.5,19520.0,1920.0,19682.9,0.9240
7360.0,1920.0,7757.7,2554.6,0.9240
4512.8,9923.3,5120.0,10308.7,0.9240
3060.0,22750.6,3144.6,23040.0,0.9239
5130.2,1530.2,5239.5,1916.2,0.9238
2954.2,13034.1,3200.0,13440.0,0.9238
14421.2,6942.9,15037.4,7357.6,0.9237
6129.7,2426.3,6248.0,2560.0,0.9237
1173.6,14676.7,1280.0,15039.4,0.9237
36622.2,4203.1,36799.1,4323.8,0.9236
1920.0,28160.8,2552.7,28475.1,0.9235
35841.6,3410.7,36477.4,3833.1,0.9235
3672.2,8221.1,3840.0,8638.5,0.9235
538.0,10181.8,640.0,10557.6,0.9235
1443.0,27275.8,1600.0,27411.0,0.9233
2707.7,30443.2,2823.5,30571.5,0.9232
2644.3,9162.3,2751.2,9600.0,0.9232
29762.3,9903.4,30397.7,10239.5,0.9232
16403.4,4514.6,16522.7,4629.4,0.9231
32667.8,7684.7,32960.0,8081.6,0.9231
2768.1,9162.4,2877.8,9278.5,0.9231
2767.6,8960.0,2879.5,9162.2,0.9229
5240.4,1550.1,5348.7,1913.9,0.9228
9363.7,6732.4,9915.2,7360.0,0.9227
5192.3,9600.0,5440.0,9852.9,0.9227
4668.2,2986.7,4856.4,3200.0,0.9226
4028.5,6793.1,4146.1,7035.5,0.9226
9628.5,3200.0,10232.4,3618.9,0.9223
3614.8,34436.1,4156.3,34880.0,0.9223
7196.4,12346.0,7360.0,12479.1,0.9223
34416.9,4850.3,34559.7,5166.3,0.9222
36363.0,4804.0,36480.0,5152.4,0.9219
32984.5,9840.8,33596.8,10240.0,0.9218
7791.0,1330.7,8310.3,1920.0,0.9218
5910.2,3327.7,6018.4,3518.6,0.9218
12565.7,6279.2,13118.1,6716.4,0.9217
24000.0,9940.3,24637.5,10240.0,0.9217
3090.4,1228.0,3515.5,1600.0,0.9216
2655.5,19520.5,2791.7,19653.3,0.9216
2317.0,2917.2,2864.8,3200.0,0.9215
9703.0,6738.9,10235.3,7317.0,0.9215
6485.0,3241.9,6666.5,3462.6,0.9215
525.5,25656.0,638.8,25919.4,0.9214
321.9,29750.6,529.5,30078.3,0.9214
2976.9,24643.2,3199.8,24883.6,0.9213
5775.3,6538.2,6399.3,7037.2,0.9213
5267.9,18647.1,5730.0,19200.0,0.9211
1522.1,20215.7,1598.7,20303.3,0.9210
18069.9,3524.3,18557.3,3963.8,0.9209
229.2,29744.3,322.2,30079.0,0.9209
13481.0,9939.2,14078.0,10240.0,0.9208
29445.0,9917.0,30077.1,10240.0,0.9208
4034.1,27343.1,4123.7,27837.0,0.9206
9142.9,10794.5,9279.7,10879.7,0.9205
516.9,24960.8,596.5,25310.9,0.9204
36237.6,2883.0,36795.9,3273.9,0.9203
6071.3,2010.0,6133.3,2239.6,0.9202
9024.0,6925.2,9596.3,7355.8,0.9201
1936.0,27840.0,2071.6,28059.0,0.9199
1928.7,1562.2,2040.1,1905.1,0.9198
33424.4,3535.3,33915.4,3881.5,0.9198
27727.1,2564.5,28160.0,3074.1,0.9198
644.9,14728.0,1117.7,15230.6,0.9197
960.5,8184.5,1243.7,8320.0,0.9196
5476.2,25521.1,6080.0,25920.0,0.9196
4392.2,20389.0,4477.9,20795.5,0.9195
15362.9,4856.0,15508.1,5115.3,0.9194
22722.4,9933.8,23357.3,10240.0,0.9194
4160.0,568.9,4651.1,900.5,0.9192
18657.0,1254.7,19197.0,1600.0,0.9192
30217.9,9803.0,30400.0,9848.0,0.9190
5858.4,1400.2,5958.8,1598.9,0.9189
29999.6,1023.1,30078.8,1279.3,0.9189
7682.6,1600.0,7779.1,2134.1,0.9188
27425.4,5383.4,27520.0,5760.0,0.9187
29452.1,6956.7,30080.0,7360.0,0.9187
33962.1,8257.1,34559.9,8638.6,0.9186
6237.3,23877.8,6688.9,24317.6,0.9186
611.3,25283.8,701.6,25653.8,0.9186
6239.2,8402.2,6720.0,8640.0,0.9184
30403.4,9899.6,31038.5,10240.0,0.9184
11314.7,7177.7,11837.4,7678.5,0.9181
7837.0,6696.1,8317.0,7040.0,0.9180
16657.6,1175.7,17277.8,1596.4,0.9180
23768.3,1178.7,24315.1,1600.0,0.9180
21561.5,9548.5,21760.0,9585.1,0.9180
10361.6,7685.0,10876.2,8040.1,0.9179
17283.1,9965.1,17916.9,10240.0,0.9178
2978.4,22750.0,3057.5,23039.3,0.9178
24946.5,7620.3,25070.9,8000.0,0.9177
29859.5,4487.9,30400.0,4757.3,0.9177
2893.4,18240.0,3509.4,18732.7,0.9175
450.5,14950.9,945.2,15360.0,0.9175
682.5,12914.1,1277.8,13440.0,0.9174
36375.4,1009.0,36800.0,1404.5,0.9173
5785.1,20803.7,6385.7,21120.0,0.9172
16390.9,5444.5,16956.6,5888.6,0.9172
3204.2,11512.3,3339.5,11836.3,0.9170
9735.9,13440.1,9919.4,13607.4,0.9170
14232.2,5481.9,14393.0,5760.0,0.9170
33437.9,5343.0,33599.8,5758.0,0.9169
36585.9,6400.0,37117.6,6875.9,0.9169
3071.0,23774.7,3162.3,23999.3,0.9169
3200.3,32200.0,3383.9,32418.4,0.9168
5026.3,57.2,5120.0,515.1,0.9168
35845.5,25202.0,36477.1,25600.0,0.9167
25703.4,9925.4,26237.1,10427.1,0.9167
34562.2,7938.8,35200.0,8320.0,0.9166
28882.7,3126.0,29435.2,3520.0,0.9165
773.7,32237.1,889.1,32640.0,0.9165
1600.0,19845.7,2016.7,20183.8,0.9165
14725.3,5991.2,14857.6,6396.7,0.9164
13441.8,8144.7,13534.5,8631.3,0.9164
36592.3,4484.9,37120.0,4737.0,0.9162
6734.5,8928.3,7040.0,9280.0,0.9160
20162.8,7358.8,20799.4,7680.0,0.9157
4051.2,28163.4,4135.3,28601.8,0.9157
31844.3,1788.5,31948.5,1883.2,0.9156
13452.8,10557.3,14078.8,10880.0,0.9155
2012.2,23560.7,2239.7,23680.0,0.9154
481.8,2882.3,546.5,3148.6,0.9154
13764.1,5052.1,14395.7,5440.0,0.9153
10740.1,4694.9,10880.0,5118.2,0.9152
19084.2,8213.5,19200.0,8638.7,0.9151
28804.1,8331.2,29435.6,8640.0,0.9150
32327.1,9665.6,32959.4,9919.6,0.9150
3681.6,2535.7,4153.1,2880.0,0.9149
5654.5,12506.3,5760.0,12799.1,0.9149
29507.3,3.5,29760.0,207.7,0.9149
18704.3,320.0,18878.0,885.9,0.9149
5278.9,5560.7,5440.0,6069.3,0.9147
0.0,19879.6,77.6,20123.5,0.9147
27593.2,7125.3,27684.9,7680.0,0.9146
4529.5,16320.0,5111.4,16828.8,0.9146
15587.1,7530.4,15680.0,7995.7,0.9145
21793.9,1920.0,22384.1,2345.3,0.9142
2377.4,13479.5,2559.6,13760.0,0.9141
1209.8,14638.1,1305.8,15040.0,0.9141
458.8,5761.7,955.5,6236.7,0.9141
4005.0,25930.1,4090.3,26275.3,0.9140
12484.3,10245.7,13117.2,10560.0,0.9138
2983.5,9971.9,3200.0,10165.9,0.9137
3604.3,662.3,3688.0,1129.7,0.9137
32325.4,1280.0,32953.9,1677.6,0.9136
4044.5,11333.8,4262.0,11520.0,0.9136
346.6,2883.4,440.4,3358.2,0.9136
2907.7,31690.5,3012.5,32212.9,0.9135
3382.2,32201.9,3520.0,32334.4,0.9135
4679.6,2959.3,4799.7,3394.0,0.9134
25285.5,9654.3,25920.0,9920.0,0.9133
11898.0,2560.8,12477.3,3011.4,0.9131
1141.5,24501.5,1241.0,24952.7,0.9130
25280.0,226.2,25917.2,640.0,0.9130
15399.1,8963.1,15680.0,9105.3,0.9130
735.6,5441.6,1279.2,5777.9,0.9125
3073.7,26788.2,3200.0,26880.0,0.9124
3707.5,8964.1,3778.4,9384.5,0.9124
21358.6,5825.6,21469.0,6078.8,0.9123
2578.8,1862.0,3196.5,2232.8,0.9123
979.6,11736.4,1595.2,12160.0,0.9122
16731.4,5899.0,17270.8,6399.7,0.9122
30796.9,8960.0,31356.6,9160.9,0.9121
6419.3,5747.8,6582.7,6078.9,0.9121
1882.9,30621.3,2013.6,31033.5,0.9120
29760.4,5314.8,30381.6,5760.0,0.9120
1964.7,14028.7,2556.1,14400.0,0.9119
3033.5,9166.7,3141.6,9464.3,0.9118
20069.9,4327.0,20159.7,4790.0,0.9116
8015.0,9018.1,8640.0,9280.0,0.9116
1667.6,24566.4,2233.9,24957.9,0.9114
18945.8,7612.7,19030.2,7999.4,0.9112
17920.9,9945.7,18557.5,10240.0,0.9112
4160.0,11334.4,4263.6,11520.0,0.9112
4510.8,19866.0,4610.8,20210.3,0.9109
4045.7,2566.5,4159.9,3013.7,0.9109
3522.8,8717.3,3652.7,8959.9,0.9108
1389.9,23888.8,1499.2,24320.0,0.9107
4478.2,26240.0,4800.0,26873.0,0.9107
3920.6,35042.0,4476.2,35519.4,0.9106
8389.1,2765.9,8960.0,3198.1,0.9106
761.3,31751.2,848.1,32000.0,0.9106
1935.3,2176.4,2061.0,2559.5,0.9104
11948.2,16885.1,12476.5,17280.0,0.9103
3522.4,17600.0,3624.0,18083.9,0.9100
33023.2,6153.1,33593.6,6720.0,0.9100
28543.1,5315.0,29118.9,5760.0,0.9098
25079.8,4390.2,25593.6,4800.0,0.9097
398.2,11070.3,956.7,11520.0,0.9096
4380.1,1358.3,4479.9,1600.0,0.9096
15547.3,7697.9,16000.0,8306.7,0.9095
10710.7,4849.0,11196.5,5284.6,0.9095
30085.2,9902.2,30717.9,10239.7,0.9094
10243.7,8382.4,10874.4,8637.0,0.9092
4234.1,11520.0,4496.6,11560.3,0.9092
19525.2,10569.4,20157.0,10880.0,0.9089
35610.7,1809.9,36160.0,2240.0,0.9089
4104.0,31040.0,4184.1,31328.4,0.9089
19520.0,3850.5,19633.0,4156.5,0.9088
8095.7,17166.7,8636.8,17600.0,0.9086
1188.0,19520.4,1279.5,19644.4,0.9086
27205.8,10903.5,27837.1,11200.0,0.9085
4021.1,26560.0,4102.8,27029.0,0.9085
1802.5,5442.6,1919.8,5853.5,0.9085
5264.6,32112.3,5440.0,32319.2,0.9083
5651.6,3245.1,5734.6,3589.4,0.9083
3317.7,1613.9,3840.0,1878.7,0.9083
1281.2,146.3,1371.4,384.6,0.9082
2736.4,24018.2,2807.4,24336.5,0.9082
4840.1,20032.3,5438.0,20480.0,0.9081
27679.5,7360.0,28152.7,8000.0,0.9080
15026.0,5760.0,15161.2,6178.3,0.9079
5539.9,5066.4,5759.7,5281.1,0.9078
31684.4,4524.1,32317.6,4841.5,0.9077
26368.3,2157.7,26874.5,2560.0,0.9077
4088.0,30097.0,4167.9,30589.7,0.9077
1920.0,19521.5,2248.0,19620.9,0.9076
732.7,23475.7,816.5,23678.0,0.9076
4805.9,13153.1,5435.9,13440.0,0.9075
7413.8,19374.9,7680.0,19519.9,0.9075
11963.4,22313.5,12471.4,22719.6,0.9074
513.6,25282.1,594.9,25417.2,0.9073
693.7,25730.6,805.2,25937.7,0.9073
11948.7,14292.8,12476.5,14720.0,0.9072
4459.4,11841.6,4800.0,11990.8,0.9071
8278.0,3690.2,8617.6,4160.0,0.9070
31389.9,3411.8,31996.4,3840.0,0.9070
3854.1,960.0,3996.2,1247.9,0.9069
4420.6,17167.1,4794.4,17599.6,0.9067
4005.6,26283.4,4093.0,26560.0,0.9067
22207.2,9851.0,22400.0,9899.1,0.9067
1213.1,20858.5,1279.4,21119.4,0.9066
4351.1,5110.5,4480.0,5437.6,0.9066
2827.2,21868.7,2948.8,22078.9,0.9066
30723.0,3859.0,31354.8,4192.5,0.9065
18112.5,2560.0,18239.5,3070.4,0.9064
2561.6,21946.7,2825.7,22079.5,0.9064
19447.7,2850.0,19518.7,3198.5,0.9064
33299.5,513.9,33917.6,959.9,0.9063
4881.8,5976.9,5438.5,6400.0,0.9062
17280.0,7408.3,17459.2,7680.0,0.9061
4100.3,30722.7,4182.9,31076.7,0.9060
3922.7,30347.9,3981.3,30720.0,0.9060
30842.8,5614.0,31356.8,6080.0,0.9060
28167.5,3117.8,28796.2,3520.0,0.9059
4883.6,21579.2,5116.8,21759.5,0.9059
1280.0,8585.8,1405.1,8958.3,0.9059
2345.3,23551.6,2560.0,23680.0,0.9058
12289.1,6673.9,12791.4,7040.0,0.9058
21784.6,6591.9,22397.8,7040.0,0.9057
4223.5,22425.7,4307.5,22646.2,0.9057
2257.2,24520.8,2877.8,24956.7,0.9057
5898.9,11350.2,6393.7,11840.0,0.9056
4486.0,6516.8,4574.8,7028.5,0.9055
32461.9,5652.0,32953.9,6078.3,0.9053
24086.9,33856.4,24637.7,34240.0,0.9053
11318.4,3741.6,11836.6,4160.0,0.9053
26985.1,7583.5,27200.0,7680.0,0.9053
17649.5,1.0,18235.2,231.5,0.9053
5123.0,3305.1,5259.1,3519.7,0.9053
37998.0,5776.3,38079.8,6040.1,0.9053
3034.5,24174.0,3161.4,24254.5,0.9052
4485.3,10624.5,4603.1,10880.0,0.9050
23536.9,4653.5,23679.6,4862.7,0.9050
2817.0,22312.0,2936.1,22509.7,0.9050
30087.7,7696.1,30717.0,8025.1,0.9049
35200.6,23976.3,35837.1,24320.0,0.9047
14173.1,7228.2,14713.7,7678.8,0.9047
2883.4,24001.6,2974.3,24370.7,0.9047
27280.4,2913.1,27835.0,3405.2,0.9047
963.4,31681.5,1196.2,31806.1,0.9047
2700.6,22016.1,2830.0,22400.0,0.9047
14610.5,3843.3,15038.8,4286.0,0.9045
19399.9,3763.3,19520.0,4160.0,0.9045
8960.0,13476.6,9082.7,13828.2,0.9043
28907.4,36382.3,29438.1,36799.7,0.9043
28863.9,5563.1,29439.6,6078.1,0.9041
20356.7,4271.0,20469.7,4480.0,0.9041
2614.5,3390.7,2715.3,3708.6,0.9041
20334.0,3857.2,20435.1,4160.0,0.9040
10379.5,12351.6,10559.6,12796.2,0.9040
4380.7,18971.7,4479.6,19519.2,0.9040
3039.9,8960.0,3173.3,9170.4,0.9039
29442.9,8510.1,30080.0,8929.8,0.9038
4069.0,29125.2,4155.0,29513.8,0.9035
32876.0,7164.2,33280.0,7676.7,0.9035
32773.2,5751.3,33280.0,6080.0,0.9035
24158.2,7574.9,24638.6,7995.2,0.9035
1986.1,26329.4,2556.1,26560.0,0.9035
19114.8,5279.4,19183.7,5529.2,0.9035
6819.5,9053.6,7353.6,9598.7,0.9034
5285.2,1968.1,5382.8,2240.0,0.9034
10254.3,5377.4,10880.0,5760.0,0.9033
14935.0,5760.6,15029.0,6167.7,0.9033
27703.3,7909.6,28149.6,8319.9,0.9033
3163.5,24173.3,3268.1,24251.6,0.9032
2122.2,35522.4,2240.0,36021.7,0.9031
960.0,20873.3,1111.0,21120.0,0.9031
9603.5,320.0,9766.9,683.2,0.9031
6720.0,7361.3,6839.2,7765.3,0.9030
7301.3,9796.0,7671.5,10240.0,0.9030
4053.7,28480.7,4134.2,28566.9,0.9029
3281.7,24006.5,3390.5,24326.9,0.9029
321.2,10240.0,485.3,10746.2,0.9026
1394.3,24018.1,1505.6,24628.6,0.9026
13446.4,6098.1,13536.5,6576.5,0.9025
1074.8,12698.5,1596.7,13120.0,0.9025
154.3,10812.4,637.4,11200.0,0.9025
5230.3,5637.3,5758.0,6079.0,0.9023
20019.8,3307.3,20159.7,3520.0,0.9021
9730.6,5230.3,10236.3,5759.9,0.9020
4481.2,2877.2,4662.4,3199.1,0.9020
575.5,21763.0,663.1,21986.6,0.9019
16650.5,3755.6,16756.3,4160.0,0.9019
5208.3,21986.0,5328.1,22400.0,0.9019
321.5,25404.1,445.7,25600.0,0.9018
13122.8,9801.2,13759.6,10238.9,0.9017
10581.5,1602.6,11200.0,1922.8,0.9017
1471.6,28160.0,1554.2,28349.4,0.9017
9604.2,7925.7,10081.3,8320.0,0.9016
22082.3,9934.0,22717.5,10240.0,0.9016
14228.9,5481.0,14307.9,5760.0,0.9016
640.3,34240.6,908.6,34439.7,0.9015
19849.9,3124.3,19969.2,3520.0,0.9014
9029.2,16862.3,9597.3,17280.0,0.9013
37835.1,4279.2,38077.7,4479.0,0.9012
9925.6,1304.0,10560.0,1600.0,0.9012
2240.0,12900.0,2682.8,13440.0,0.9012
19840.0,1280.4,20032.8,1406.9,0.9011
12483.9,9476.5,13120.0,9917.5,0.9010
3341.6,24331.5,3519.5,24639.7,0.9010
568.5,3200.0,702.4,3625.0,0.9008
18302.0,5152.9,18719.3,5440.0,0.9007
2083.4,31891.0,2176.3,32317.7,0.9007
4386.7,5430.3,4480.0,5741.7,0.9007
13434.7,10619.6,13758.8,10880.0,0.9006
10566.4,7680.9,11188.0,7959.6,0.9006
135.0,20761.9,628.3,21120.0,0.9005
6450.2,13080.9,7037.6,13440.0,0.9004
26588.4,9506.7,27197.0,9920.0,0.9003
2431.9,2923.2,2560.0,3199.0,0.9002
2846.7,22570.8,2914.3,23036.8,0.9001
332.1,6329.6,960.0,6720.0,0.9001
4372.5,6496.8,4480.0,6753.8,0.9000
24821.7,8174.6,24960.0,8638.9,0.9000
5954.1,1291.2,6032.4,1794.3,0.9000
1246.6,31015.9,1356.1,31358.9,0.8999
784.3,27200.1,852.7,27661.4,0.8999
27637.6,5527.4,28153.5,6080.0,0.8998
31789.8,8028.5,32320.0,8320.0,0.8998
33352.5,22670.6,33919.3,23040.0,0.8998
10950.1,3520.0,11514.5,3984.2,0.8996
1.5,8000.0,219.9,8126.4,0.8995
18960.3,10435.5,19516.4,10880.0,0.8995
16797.3,7732.1,16898.4,8158.7,0.8994
474.8,4466.7,629.4,4794.9,0.8993
33013.4,22594.0,33594.8,23040.0,0.8993
30080.5,9152.0,30719.6,9595.0,0.8993
2623.8,24833.9,3198.9,25278.8,0.8993
10002.4,3690.0,10558.0,4160.0,0.8991
4067.9,29297.9,4155.2,29759.1,0.8991
8960.0,1316.6,9295.2,1447.9,0.8990
10361.6,8018.1,10876.1,8320.0,0.8990
32106.1,677.3,32318.2,960.0,0.8988
4395.4,27527.6,4480.0,28016.3,0.8986
3235.1,31467.3,3322.6,32000.0,0.8986
13224.3,5248.5,13760.0,5758.3,0.8985
31441.6,4574.1,31997.5,4936.2,0.8985
4084.6,29816.7,4166.7,30394.8,0.8984
10472.3,245.0,10880.0,640.0,0.8984
1280.0,29696.5,1415.8,29844.7,0.8983
27303.5,3685.8,27832.4,4160.0,0.8982
28004.6,967.3,28478.8,1368.7,0.8981
15365.8,2404.7,15996.2,2870.6,0.8981
5674.3,30394.9,5759.6,30719.2,0.8979
17809.4,4406.0,17920.0,4799.8,0.8979
2116.0,35840.0,2240.0,36343.1,0.8978
28255.7,5772.5,28795.3,6210.3,0.8976
4412.8,27200.0,4480.0,27769.9,0.8975
1135.8,26880.0,1280.0,26966.3,0.8975
26880.0,6754.7,27519.2,7040.0,0.8974
8797.5,12383.5,8959.7,12791.5,0.8973
380.3,8435.0,955.8,8956.0,0.8973
6012.8,2748.7,6119.2,2878.1,0.8973
17035.5,2194.3,17167.3,2453.4,0.8972
1394.5,25920.0,1517.1,25995.2,0.8972
12328.6,1235.6,12480.0,1599.1,0.8970
3214.1,5120.0,3838.5,5575.6,0.8969
19520.0,2860.0,19639.9,3200.0,0.8969
8723.5,10109.2,8819.1,10240.0,0.8967
17766.1,5034.2,18235.3,5440.0,0.8967
1119.7,15040.4,1280.0,15173.1,0.8966
5120.0,13214.2,5574.9,13760.0,0.8964
3258.7,22566.8,3366.5,22720.0,0.8964
1280.0,29011.5,1811.3,29440.0,0.8963
16024.9,1318.1,16633.9,1600.0,0.8963
4004.1,33160.0,4477.4,33600.0,0.8963
21761.1,7363.1,21843.8,7485.9,0.8963
10663.4,797.6,11195.9,1272.8,0.8962
34880.0,8034.5,35517.0,8399.5,0.8962
30785.1,6093.4,31356.9,6647.8,0.8961
36984.0,1655.2,37440.0,2235.6,0.8960
3527.9,25247.1,3609.3,25465.0,0.8960
13531.4,7161.0,14077.6,7674.6,0.8960
5597.5,11520.0,5760.0,12149.5,0.8957
4800.0,6156.1,4896.8,6400.0,0.8956
2766.7,32204.4,3191.0,32635.6,0.8956
38096.7,6274.1,38651.3,6720.0,0.8955
23578.7,6249.2,23680.0,6592.7,0.8953
789.2,29036.7,1269.3,29440.0,0.8953
35218.1,8986.7,35837.9,9279.9,0.8952
131.6,5129.1,197.9,5460.2,0.8950
960.0,10560.0,1597.4,10965.0,0.8950
3662.6,23499.3,4156.8,24000.0,0.8949
6120.3,33202.5,6720.0,33600.0,0.8949
6844.5,9285.8,7040.0,9581.3,0.8949
2121.0,34887.9,2240.0,35207.6,0.8947
1993.6,23920.6,2068.9,24319.8,0.8946
2921.9,29039.1,3183.1,29440.0,0.8944
4558.4,16046.8,5117.2,16640.0,0.8943
4090.2,21163.2,4159.6,21436.8,0.8943
4618.4,6157.9,4800.0,6400.0,0.8942
32855.3,5704.2,32960.0,6080.0,0.8942
10308.8,16168.4,10877.8,16639.7,0.8942
2241.5,19876.4,2303.7,20200.0,0.8941
4102.1,13760.1,4480.0,14294.9,0.8941
25600.0,9451.8,25679.6,9598.3,0.8941
13282.4,2822.4,13437.4,2879.2,0.8939
2091.5,35421.0,2553.8,35839.3,0.8938
3520.0,8740.6,3649.1,9280.0,0.8938
702.4,15372.6,960.0,15719.9,0.8937
16761.8,5564.0,17277.2,6079.3,0.8937
4905.8,10241.7,5119.6,10455.4,0.8937
19074.1,5649.7,19200.0,6074.4,0.8936
4011.0,26247.8,4098.2,26777.1,0.8935
5952.7,12624.0,6080.0,13116.5,0.8934
4699.4,6700.0,4800.0,7038.8,0.8933
13925.2,6925.8,14394.0,7358.1,0.8932
33306.2,1.5,33917.1,456.8,0.8931
38232.4,4056.7,38653.0,4480.0,0.8930
7296.6,2068.0,7360.0,2559.0,0.8930
4058.4,28483.3,4137.7,28913.4,0.8930
29122.5,9488.4,29758.0,9905.6,0.8929
357.1,2785.7,438.9,3200.0,0.8928
28089.4,8004.2,28480.0,8367.6,0.8928
34757.2,256.4,34880.0,619.0,0.8927
33925.7,177.7,34559.1,640.0,0.8927
11914.3,21015.6,12465.5,21440.0,0.8927
10474.2,13121.0,10767.3,13212.9,0.8925
4800.0,29673.9,5439.4,30080.0,0.8925
5280.4,32218.3,5440.0,32635.9,0.8925
4389.5,27717.9,4480.0,28160.0,0.8924
5207.7,521.8,5412.3,639.7,0.8924
11358.7,2150.9,11834.1,2560.0,0.8922
25335.7,10758.7,25916.2,11199.9,0.8921
23096.1,36504.7,23674.5,36864.0,0.8919
5466.7,6300.7,6080.0,6716.2,0.8919
4800.6,21692.4,4886.2,22080.0,0.8918
25198.1,7046.2,25278.8,7250.7,0.8916
14181.6,2397.5,14714.5,2879.2,0.8916
1810.7,25710.2,1919.0,25827.8,0.8915
19729.5,3206.9,19840.0,3705.2,0.8915
4386.5,28946.6,4480.0,29440.0,0.8915
4024.1,26774.9,4106.4,27196.5,0.8915
482.1,2624.3,545.1,3192.3,0.8914
3874.8,29258.9,3968.6,29753.9,0.8912
26027.0,36076.6,26556.2,36480.0,0.8912
33715.7,26085.2,34234.4,26558.8,0.8912
27606.4,7720.5,27685.7,8317.8,0.8912
4385.0,960.0,4480.0,1368.8,0.8912
13760.2,381.2,14018.2,638.9,0.8911
2260.5,2162.3,2877.7,2560.0,0.8910
10564.5,5440.0,10889.8,5961.0,0.8909
11520.0,5160.5,11649.9,5545.9,0.8909
2321.9,9602.9,2557.6,9909.0,0.8904
15145.3,1145.2,15677.3,1562.3,0.8904
1780.5,12013.6,2239.9,12477.3,0.8904
3202.0,13067.6,3400.5,13434.8,0.8903
415.5,7202.0,956.4,7675.1,0.8903
3615.6,960.0,3689.3,1327.6,0.8903
21668.0,6475.1,21723.9,6719.4,0.8903
321.6,7593.3,384.8,8000.0,0.8903
3552.1,16960.0,4157.3,17380.9,0.8903
1369.1,20800.3,1582.9,21368.5,0.8901
12542.9,967.3,13116.9,1585.6,0.8901
2747.3,25920.0,2880.0,26326.5,0.8901
13815.2,635.7,14395.5,959.9,0.8901
6456.4,3449.6,6719.6,3840.0,0.8900
4172.3,4786.6,4800.0,5108.0,0.8900
11242.2,6629.6,11840.0,7040.0,0.8899
4744.0,4.4,4871.1,316.6,0.8899
4192.3,28557.5,4258.2,29120.0,0.8899
21211.5,1600.0,21755.0,2101.8,0.8897
13441.6,9600.7,14078.5,9734.2,0.8896
3426.3,14080.0,3520.0,14614.3,0.8896
3263.2,22937.4,3393.5,23360.0,0.8896
321.3,33797.8,957.7,34240.0,0.8893
7875.3,6400.0,8320.0,6842.2,0.8893
36884.4,5130.2,36953.0,5501.1,0.8893
20800.0,4485.4,20919.6,4797.7,0.8892
4076.5,29528.0,4157.3,30080.0,0.8892
32650.0,4490.9,33276.9,4793.5,0.8892
3841.0,9581.9,4119.7,9715.9,0.8891
6324.2,960.5,6446.1,1192.6,0.8891
18240.0,9600.0,18878.6,9736.8,0.8891
736.4,10562.8,955.2,11020.2,0.8891
25600.0,10848.8,26236.7,11200.0,0.8890
24961.6,10502.7,25596.1,10880.0,0.8890
2882.8,23683.4,2972.9,24191.5,0.8890
777.5,32642.4,886.1,32914.6,0.8890
1703.7,14058.4,2236.0,14389.1,0.8889
2562.1,10564.6,2959.9,10979.2,0.8889
27680.0,7023.0,27752.4,7359.5,0.8888
1462.8,27432.2,1600.0,27837.9,0.8888
2563.1,21995.4,2710.8,22399.6,0.8887
37553.6,1491.5,37759.8,1911.6,0.8886
3172.4,29111.0,3257.5,29437.2,0.8886
3101.9,20971.3,3199.5,21390.9,0.8886
7547.2,5126.8,7985.1,5495.0,0.8886
13810.9,10483.8,14397.6,10880.0,0.8884
3777.8,5475.5,3840.0,5718.3,0.8884
31680.3,9037.0,32318.6,9280.0,0.8882
2077.7,31521.8,2141.0,31996.6,0.8881
2799.8,22603.3,2880.0,23040.0,0.8881
2827.7,23044.2,2943.2,23283.7,0.8881
3167.5,31098.1,3230.8,31680.0,0.8881
28802.1,29065.9,29437.5,29440.0,0.8880
2615.0,12977.4,2880.0,13118.5,0.8878
37321.6,2425.1,37440.0,2877.1,0.8878
8713.2,9280.0,9278.5,9781.9,0.8876
9697.5,7043.0,9920.0,7293.8,0.8874
32894.7,7365.1,32959.6,7707.9,0.8874
7363.7,646.9,7819.3,1084.3,0.8874
18381.1,6408.1,18560.0,6720.0,0.8873
6969.0,7466.0,7040.0,7948.0,0.8872
315.0,24962.0,574.7,25279.3,0.8872
16410.5,8302.1,16472.8,8640.0,0.8872
37768.7,8587.0,38396.6,8960.0,0.8871
29760.5,9600.0,30400.0,9879.5,0.8868
3742.6,19520.0,3840.0,19652.0,0.8864
29810.0,2729.7,30396.2,3180.8,0.8862
1281.1,2876.0,1531.1,3196.0,0.8859
37772.1,2069.8,38398.1,2557.9,0.8857
17764.2,8019.0,17830.1,8319.6,0.8857
1943.8,2243.5,2069.2,2775.2,0.8856
2906.0,24519.0,3198.9,24640.0,0.8856
21843.8,641.5,22397.7,1028.4,0.8855
2240.0,5080.5,2574.7,5440.0,0.8853
13918.4,147.1,14398.9,640.0,0.8853
24579.7,8001.3,24640.0,8319.4,0.8851
21663.7,5761.2,21759.7,5858.1,0.8849
2626.7,12551.9,3197.9,12959.3,0.8849
1257.3,12366.6,1600.0,12799.7,0.8848
5509.1,12460.8,6076.4,12799.4,0.8848
19761.3,1685.4,19840.0,1919.2,0.8847
4386.9,1337.4,4479.6,1869.5,0.8847
5815.1,4980.4,6396.8,5440.0,0.8845
5870.9,46.4,5998.4,319.8,0.8845
27871.9,4.6,28479.3,346.6,0.8843
19618.8,7630.7,19837.5,8000.0,0.8843
962.9,33930.2,1600.0,34236.8,0.8840
5926.2,15939.0,6079.1,16000.0,0.8839
3164.0,23880.5,3251.8,24175.3,0.8839
3776.0,29695.5,3885.5,30080.0,0.8839
4064.7,28808.5,4158.5,29280.7,0.8838
2.1,2142.7,95.7,2559.8,0.8837
11953.9,15262.5,12471.0,15678.9,0.8836
1726.1,33005.2,2236.7,33153.8,0.8835
7131.3,3895.6,7648.6,4480.0,0.8835
19296.2,7893.8,19436.6,8311.3,0.8833
2041.4,829.7,2120.8,1032.7,0.8833
24666.6,10240.0,25276.0,10763.9,0.8833
16322.2,4324.6,16408.6,4607.0,0.8833
32727.7,1208.7,33280.0,1600.0,0.8831
15237.2,608.2,15360.0,959.5,0.8831
5447.3,3742.5,6079.2,4159.2,0.8830
27439.9,5661.5,27520.0,6080.0,0.8830
38016.2,8683.0,38654.4,8959.6,0.8829
1198.9,31612.7,1270.9,31999.8,0.8827
720.7,16230.4,959.8,16640.0,0.8827
6449.1,775.6,6592.1,960.0,0.8826
5448.8,7216.5,6078.6,7678.1,0.8824
3681.4,8022.9,4156.1,8336.6,0.8823
22081.4,7907.4,22146.8,8291.6,0.8822
27938.9,1920.3,28476.0,2446.3,0.8820
5512.1,23147.1,6075.9,23680.0,0.8819
18669.3,3854.1,19198.4,4260.3,0.8819
0.0,2880.5,104.2,3145.4,0.8819
29882.4,32840.8,30397.8,33280.0,0.8818
4165.1,5674.0,4798.4,6077.4,0.8817
3214.8,25047.9,3482.6,25278.2,0.8815
23690.1,31939.1,24316.4,32320.0,0.8814
35520.0,8317.5,36160.0,8640.0,0.8814
37602.9,5664.1,38075.7,6080.0,0.8813
7573.8,4545.4,8000.0,5120.0,0.8812
1624.9,10930.1,1918.4,11198.3,0.8812
1602.1,27399.9,1732.7,27667.7,0.8811
815.2,32322.7,893.8,32868.0,0.8811
30810.9,7680.0,31359.8,7916.0,0.8811
6732.6,2782.4,7224.8,3198.1,0.8811
29150.9,9946.7,29757.7,10240.0,0.8810
1366.4,13614.7,1918.4,13924.8,0.8810
38172.9,6077.6,38656.0,6400.0,0.8809
340.9,25031.7,426.4,25341.3,0.8808
1468.5,27825.8,1614.9,28159.4,0.8807
410.5,8174.7,637.4,8279.2,0.8805
2440.1,23113.2,2559.3,23360.0,0.8805
4046.1,27840.0,4126.0,28364.1,0.8803
7362.7,6790.3,7456.0,7354.6,0.8803
2260.6,12481.0,2560.0,12927.1,0.8802
3231.2,31349.2,3319.1,31679.1,0.8802
3682.6,6634.0,3774.2,7032.7,0.8800
22445.9,6506.7,22620.7,6717.7,0.8799
3840.4,22602.0,3982.4,22690.0,0.8798
32330.7,3700.5,32957.9,4038.3,0.8797
4386.7,1600.0,4478.8,1903.0,0.8797
23226.3,7094.8,23666.6,7360.0,0.8797
27259.1,3840.0,27829.1,4355.8,0.8796
17600.0,9600.0,18236.1,9710.0,0.8796
37897.5,4583.3,38026.2,4746.3,0.8795
31681.5,373.4,32320.0,718.4,0.8795
30780.8,26571.6,31356.8,26949.7,0.8794
2936.6,30107.9,3519.4,30432.5,0.8794
36604.6,1204.3,37110.4,1600.0,0.8793
5504.8,36346.1,6076.3,36799.3,0.8792
1182.8,23939.3,1280.0,24314.2,0.8792
19202.0,10548.5,19838.3,10880.0,0.8789
20556.5,7360.8,20800.0,7944.0,0.8788
16683.1,5479.0,17280.0,5760.0,0.8788
9600.7,10158.8,9722.2,10240.0,0.8787
34911.2,869.7,35516.1,1280.0,0.8787
37770.5,17495.0,38397.4,17919.8,0.8786
3110.4,19201.1,3281.0,19412.7,0.8786
3145.0,9194.5,3223.9,9452.5,0.8786
14081.1,6351.2,14137.3,6720.0,0.8786
9642.3,13163.5,9920.0,13607.4,0.8786
4079.2,25540.9,4159.7,25920.0,0.8785
36169.0,8641.5,36800.0,8959.6,0.8783
3345.8,14402.3,3519.8,14580.8,0.8783
6121.6,3221.3,6486.3,3354.8,0.8782
8433.8,1363.1,8639.5,1912.6,0.8780
37443.8,1976.9,38077.2,2240.0,0.8779
37325.9,831.1,37759.2,1279.3,0.8779
16961.3,9304.9,17123.2,9497.6,0.8779
23548.1,320.0,24000.0,830.3,0.8776
4446.5,29948.8,4534.9,30398.6,0.8776
34597.4,23263.9,35197.1,23680.0,0.8775
3841.3,0.0,3945.8,286.1,0.8775
1282.7,20371.1,1482.8,20469.6,0.8775
8786.9,13301.3,9275.7,13759.5,0.8775
9445.6,12482.2,9599.2,12718.6,0.8773
24435.4,4125.3,24944.4,4478.4,0.8773
15422.3,4319.1,15999.3,4797.4,0.8772
2560.0,8714.0,2874.7,8833.1,0.8772
1924.3,5770.8,2555.2,6080.0,0.8772
10596.4,23550.5,11195.4,23998.7,0.8770
10292.3,9814.8,10877.4,10239.5,0.8770
17745.4,6726.8,18240.0,7352.7,0.8768
2885.6,32204.2,3388.5,32640.0,0.8767
13344.8,8132.3,13453.1,8640.0,0.8767
16380.3,8322.4,16476.6,8793.5,0.8766
6487.3,15186.2,6720.0,15359.7,0.8766
4011.1,19200.0,4084.9,19408.5,0.8765
36450.5,1631.9,36509.0,1809.5,0.8765
25684.2,9481.7,25919.0,9573.6,0.8764
5189.9,12190.5,5757.3,12476.4,0.8763
36480.0,7279.2,37116.6,7680.0,0.8762
32320.0,219.1,32960.0,640.0,0.8762
12430.8,1920.8,12800.0,2394.7,0.8759
10881.6,5112.2,11516.6,5440.0,0.8759
31040.0,1282.6,31232.9,1460.4,0.8758
266.5,9298.5,366.6,9828.4,0.8758
3843.8,30371.3,3910.7,30718.4,0.8758
2240.0,23578.3,2346.5,23656.0,0.8757
7546.2,19140.2,7646.3,19378.8,0.8755
5851.0,2987.9,6021.8,3198.4,0.8754
5444.1,13130.4,5561.0,13740.2,0.8753
962.5,7045.7,1600.0,7408.8,0.8751
16210.5,5518.3,16320.0,5759.5,0.8751
9469.1,14599.4,9599.9,14719.4,0.8751
960.0,960.0,1089.7,1187.3,0.8750
31131.9,28256.3,31676.8,28800.0,0.8750
11520.0,1697.9,11841.4,1910.3,0.8749
436.6,25280.0,538.5,25417.7,0.8749
15972.0,9949.2,16318.5,10240.0,0.8749
14109.5,179.4,14718.7,638.4,0.8748
2090.1,14041.5,2240.0,14080.0,0.8748
30727.2,3168.8,31356.1,3520.0,0.8748
3886.1,10718.3,4024.8,11196.0,0.8748
495.1,647.5,885.9,960.0,0.8748
2127.9,36052.1,2239.3,36474.7,0.8747
4887.6,21550.5,5119.1,22054.5,0.8747
38302.0,567.3,38400.0,829.4,0.8747
341.4,30391.1,416.8,30720.0,0.8746
420.2,10087.0,499.5,10191.4,0.8746
30404.6,585.8,31039.4,960.0,0.8746
764.6,32010.9,834.0,32419.3,0.8746
23683.5,5018.6,24318.4,5440.0,0.8744
856.6,940.6,960.0,1256.1,0.8743
34259.6,3202.3,34879.0,3688.3,0.8742
223.0,6820.1,312.1,7356.9,0.8741
10355.3,3282.2,10868.7,3840.0,0.8740
1676.7,35200.0,2236.4,35683.8,0.8740
27669.8,6221.5,27764.9,6720.0,0.8738
36490.8,6161.1,36628.6,6715.9,0.8738
4029.4,27090.5,4109.6,27516.9,0.8737
1202.6,255.6,1371.2,548.3,0.8737
10635.5,6957.0,10879.4,7359.9,0.8733
741.2,27140.4,854.2,27518.8,0.8733
13647.7,4840.1,13759.6,5284.4,0.8732
2883.6,21760.0,3198.3,21913.3,0.8732
16444.4,6163.7,16957.0,6720.0,0.8731
9694.6,1833.1,10236.3,2240.0,0.8730
4482.0,10975.6,4616.5,11199.8,0.8730
8851.4,1608.1,9276.4,2041.2,0.8728
14877.1,4617.6,15356.3,5120.0,0.8726
13340.9,8971.3,13415.1,9457.9,0.8726
20627.3,8567.3,21118.4,8959.9,0.8725
10645.3,14882.3,11196.7,15360.0,0.8724
2824.9,22401.4,2935.4,22595.4,0.8723
33819.0,5206.0,34240.0,5760.0,0.8721
3875.8,32017.2,3967.6,32504.7,0.8718
35201.9,1601.1,35836.4,1910.7,0.8715
5860.8,1371.6,5957.6,1764.6,0.8715
30113.6,8002.6,30300.3,8474.1,0.8715
14403.2,10275.8,15038.6,10560.0,0.8714
30100.1,5221.4,30715.2,5760.0,0.8714
7040.0,6447.3,7513.3,6827.9,0.8713
4411.3,18769.3,4480.0,19197.0,0.8713
4477.0,20389.7,4538.2,20798.8,0.8711
3520.0,30904.4,3820.0,31018.7,0.8711
10549.9,9676.6,10877.8,9919.4,0.8709
1816.2,25827.2,1920.0,26047.7,0.8709
16604.5,3360.2,16668.0,3822.7,0.8706
3414.6,4165.8,3519.4,4643.8,0.8705
34575.0,8158.0,35199.5,8594.2,0.8705
134.8,28077.7,634.9,28480.0,0.8705
1473.1,28001.5,1556.4,28460.8,0.8703
21857.5,1496.7,22396.2,1920.0,0.8703
1223.4,12480.0,1600.0,13062.6,0.8702
8322.4,13906.1,8476.9,14396.6,0.8701
29121.9,6838.2,29755.9,7358.2,0.8699
2701.8,21163.4,2880.0,21439.9,0.8699
5310.1,876.1,5440.0,1268.2,0.8698
3296.4,14833.3,3835.4,15360.0,0.8698
34986.4,4160.3,35200.0,4327.9,0.8698
19630.4,7885.0,19826.4,8031.8,0.8698
11090.6,5440.0,11520.0,6018.7,0.8698
36538.7,554.6,37120.0,960.0,0.8697
31040.0,3847.2,31675.9,4124.7,0.8697
7484.9,9205.2,7973.9,9599.1,0.8696
6043.2,0.0,6121.4,297.2,0.8696
19160.2,4167.5,19239.7,4579.6,0.8696
2240.0,6082.4,2355.7,6246.8,0.8695
36546.2,3842.2,36799.7,4145.6,0.8694
10336.6,7680.0,10558.1,7988.5,0.8694
2880.6,11747.2,3302.7,12160.0,0.8694
20542.3,8513.9,20645.9,8847.6,0.8693
4160.2,15046.1,4487.0,15618.8,0.8693
6299.7,8466.9,6399.6,8960.0,0.8693
2348.9,29989.9,2878.0,30400.0,0.8693
4703.0,2544.2,4777.7,2879.8,0.8692
223.7,6721.1,286.8,7125.3,0.8692
11651.3,5322.2,12151.5,5760.0,0.8692
4377.8,28705.7,4479.5,29120.0,0.8691
2240.0,27201.2,2343.0,27425.8,0.8691
7364.7,6082.3,7487.1,6695.5,0.8691
21.8,4022.5,223.2,4476.0,0.8691
961.0,34764.7,1589.1,35191.3,0.8691
9920.4,3843.2,10069.9,4061.1,0.8689
22510.6,0.0,23039.6,413.9,0.8686
21845.9,34403.8,22396.4,34880.0,0.8683
27714.8,9605.6,27771.0,9937.8,0.8682
9922.9,8104.1,10062.2,8319.1,0.8682
27686.8,7067.6,28157.5,7680.0,0.8681
4482.3,24228.1,4570.9,24639.8,0.8680
6951.3,962.8,7038.6,1366.6,0.8678
5209.4,964.5,5756.3,1262.3,0.8678
37044.6,1601.2,37120.0,2031.5,0.8677
27520.0,9424.1,27690.3,9915.0,0.8677
11250.4,1612.1,11836.3,2127.1,0.8677
30784.6,9291.0,31351.7,9782.6,0.8676
4886.9,9603.2,5118.9,9934.3,0.8676
11606.2,3553.9,12133.4,4026.8,0.8676
11952.5,25790.0,12467.0,26238.8,0.8675
8092.1,2726.0,8638.8,3194.5,0.8675
17057.7,7407.0,17473.3,7680.0,0.8674
6546.8,1223.7,6720.0,1280.0,0.8673
2581.9,24000.9,2673.8,24089.9,0.8673
9300.9,5695.0,9917.8,6080.0,0.8673
3545.9,15360.0,4154.5,15815.7,0.8673
36242.2,759.3,36798.4,1278.7,0.8672
22805.7,7667.7,23039.4,7730.4,0.8672
5864.4,21645.8,5954.9,22071.9,0.8672
5219.9,898.5,5323.7,1235.1,0.8670
36352.3,6096.5,36480.0,6490.5,0.8670
1948.5,2759.8,2086.9,3199.1,0.8669
14114.6,4165.6,14717.3,4611.6,0.8669
5836.2,20029.4,6397.3,20480.0,0.8666
29014.6,6226.7,29120.0,6596.6,0.8664
3341.3,34091.0,3838.7,34560.0,0.8664
1338.4,35103.5,1909.8,35520.0,0.8662
3970.4,22372.8,4108.3,22672.0,0.8661
28310.3,10240.7,28479.1,10427.9,0.8661
515.5,25111.5,598.8,25417.9,0.8660
27248.1,2240.0,27838.6,2795.3,0.8660
964.9,10398.2,1437.2,10878.8,0.8659
2069.7,27773.9,2240.0,28160.0,0.8658
7680.0,1280.0,7793.9,1781.6,0.8657
6217.1,8960.0,6717.6,9594.3,0.8655
2556.2,25920.5,2680.6,26152.4,0.8655
8244.6,1958.0,8320.0,2556.6,0.8653
24786.1,9695.3,25279.4,10237.3,0.8651
1144.6,258.3,1280.0,596.6,0.8651
2240.0,6156.1,2572.2,6243.1,0.8651
35338.9,7293.8,35827.6,7680.0,0.8648
23487.4,8001.6,23679.0,8516.9,0.8647
835.2,32643.0,890.2,32913.9,0.8645
14720.5,9600.0,15094.2,9718.0,0.8645
3222.0,6628.2,3516.9,7040.0,0.8645
1005.0,3413.7,1140.3,3664.8,0.8643
8694.0,1532.0,9273.9,1918.9,0.8643
377.4,11677.7,955.8,12157.7,0.8641
2240.0,9202.2,2366.6,9448.4,0.8641
7807.0,15534.7,8299.6,15995.6,0.8641
7363.2,13764.1,7529.4,14017.0,0.8640
1602.3,30314.1,1695.2,30718.7,0.8640
2967.9,23770.1,3070.5,23998.5,0.8640
7877.0,1280.0,8000.0,1918.7,0.8637
5445.4,10774.5,5729.1,10878.6,0.8637
528.1,23041.0,638.4,23360.0,0.8636
2.9,2627.5,93.8,3148.3,0.8636
1215.4,27845.5,1341.2,28166.2,0.8636
867.1,778.7,1049.6,933.9,0.8635
878.1,33281.7,1279.1,33412.7,0.8634
1668.4,23680.3,1920.0,24095.9,0.8633
18369.8,8209.6,18847.5,8635.8,0.8632
22083.6,7292.2,22151.8,7538.2,0.8631
32644.7,8208.5,33115.1,8638.2,0.8630
6112.3,10880.0,6184.6,11418.2,0.8629
704.9,21120.0,960.0,21760.0,0.8626
13354.3,8640.0,13440.0,9167.4,0.8626
18880.9,7041.6,18990.2,7118.9,0.8625
4906.5,20706.2,5435.4,21120.0,0.8625
36400.0,3.0,36800.0,499.4,0.8623
4800.0,11200.4,4890.1,11367.4,0.8622
5120.0,30272.6,5589.8,30719.5,0.8621
1001.2,15754.8,1279.7,15999.5,0.8621
7259.1,2608.7,7359.9,3196.4,0.8620
300.3,8000.7,382.2,8391.0,0.8620
3617.2,29040.2,3713.3,29120.0,0.8619
10739.6,12052.5,10880.0,12159.9,0.8619
1140.7,31753.1,1200.4,31999.6,0.8619
2707.9,3387.4,2879.0,3519.6,0.8617
1622.9,25829.1,1852.9,26240.0,0.8617
2581.2,5606.2,3196.0,6063.2,0.8617
2039.6,1157.9,2119.0,1374.5,0.8616
32004.4,8996.2,32640.0,9280.0,0.8615
18173.9,6937.6,18553.5,7360.0,0.8615
3924.7,12946.6,4464.7,13435.5,0.8615
3156.3,9920.3,3232.0,10019.3,0.8614
15490.3,4801.0,15679.4,5206.3,0.8614
3922.9,30721.7,3989.8,31108.6,0.8612
4348.9,19200.8,4479.9,19786.4,0.8612
1175.5,30916.9,1265.6,31040.0,0.8612
23143.5,225.6,23674.1,639.1,0.8611
6570.0,33280.3,6720.0,33376.0,0.8610
3935.9,26483.0,3992.1,26880.0,0.8609
3467.8,22509.8,3835.6,22701.0,0.8609
396.6,12656.6,956.3,13119.5,0.8605
4383.1,29122.3,4480.0,29724.5,0.8603
18562.3,4801.2,18663.3,4903.3,0.8603
35244.3,3306.5,35840.0,3840.0,0.8601
1710.2,8769.1,1762.7,9191.1,0.8600
2153.0,30924.2,2240.0,31039.4,0.8599
5519.4,33177.2,6075.5,33600.0,0.8598
2130.7,35425.2,2240.0,35840.0,0.8597
19727.8,3056.0,19839.9,3519.9,0.8597
9621.4,16202.6,10235.3,16640.0,0.8596
6841.5,2768.2,6937.6,3199.7,0.8594
1966.6,23691.1,2055.7,23997.9,0.8594
8072.6,6597.0,8637.4,7028.2,0.8594
36895.8,3180.6,37438.3,3519.5,0.8593
18560.0,6411.5,18664.6,6856.6,0.8592
1338.1,25546.8,1471.8,25600.0,0.8592
21487.5,3737.2,22077.1,4157.8,0.8592
22742.6,32231.3,23357.4,32640.0,0.8591
6018.0,2885.4,6128.0,3205.9,0.8591
998.2,35403.9,1598.5,35840.0,0.8590
2680.2,25847.8,2788.2,26144.8,0.8590
353.0,30333.2,959.9,30714.7,0.8589
1920.0,22066.6,2267.5,22386.2,0.8588
38031.3,20696.0,38655.2,21120.0,0.8587
9699.6,9384.4,9870.0,9452.8,0.8585
20318.3,769.8,20792.7,1280.0,0.8585
5268.3,9556.7,5760.0,9918.8,0.8583
35840.0,7671.5,36476.4,8000.0,0.8582
29516.0,29305.6,30078.8,29759.4,0.8582
407.6,8002.5,486.6,8144.5,0.8582
16161.6,5607.8,16636.8,6077.9,0.8581
2233.8,24018.7,2349.3,24368.1,0.8581
1349.0,31603.5,1444.6,31994.9,0.8581
12175.9,2090.5,12796.2,2560.0,0.8579
6723.8,2459.6,6948.2,2879.3,0.8579
6082.7,13440.0,6236.3,13891.1,0.8579
4061.3,28612.6,4141.6,29113.8,0.8579
23781.0,3073.4,24313.5,3520.0,0.8578
35301.1,27682.2,35839.5,28160.0,0.8578
9022.0,15898.7,9598.3,16320.0,0.8577
3660.1,17920.0,3840.0,18472.5,0.8577
6739.8,558.4,6965.5,960.0,0.8576
11915.4,24210.0,12465.0,24640.0,0.8575
35882.8,19695.6,36476.7,20157.1,0.8575
1600.0,27840.1,1710.2,28024.7,0.8574
32377.7,552.0,32958.1,960.0,0.8573
8988.8,16234.8,9596.9,16640.0,0.8571
9382.0,15911.1,9916.8,16320.0,0.8571
963.1,5451.7,1107.4,5781.8,0.8570
1095.3,27840.0,1211.9,28133.9,0.8570
9128.9,14641.7,9224.7,14720.0,0.8569
9434.3,2514.4,9914.7,2880.0,0.8569
31069.6,2724.5,31671.3,3199.4,0.8568
2241.6,29028.0,2788.2,29440.0,0.8568
33338.1,7201.6,33915.4,7672.2,0.8568
5818.2,20808.0,6386.1,21439.9,0.8567
320.0,5993.2,461.7,6078.4,0.8567
2241.2,14086.4,2877.7,14399.8,0.8567
641.6,31072.5,1276.7,31360.0,0.8566
20129.5,7360.0,20480.0,7900.7,0.8566
7277.2,2249.3,7360.0,2799.6,0.8565
15111.1,10124.6,15674.6,10560.0,0.8565
3607.8,30602.8,3749.1,30894.6,0.8565
20259.9,6080.0,20328.2,6469.8,0.8564
35520.0,7854.4,36157.1,8278.2,0.8564
2045.4,23707.9,2239.1,23986.8,0.8562
640.9,33600.6,781.3,33728.7,0.8562
28600.2,6229.3,29120.0,6720.0,0.8560
37446.8,4985.5,38076.3,5272.3,0.8559
1439.3,8428.2,1598.6,8485.0,0.8559
16469.8,6400.0,16957.5,6871.3,0.8557
30441.5,3893.0,31033.0,4257.2,0.8556
5288.1,15541.3,5440.0,15998.9,0.8555
1280.3,13760.0,1514.8,13958.1,0.8555
1606.4,33813.7,2237.0,34237.2,0.8555
500.8,662.6,640.0,960.0,0.8553
13769.5,8616.4,14400.0,8960.0,0.8552
30129.2,1230.4,30720.0,1598.0,0.8552
3856.2,25001.4,4112.7,25280.0,0.8551
2978.6,22863.5,3064.7,23353.1,0.8551
3492.0,23687.7,3588.9,24031.3,0.8551
6173.7,20374.8,6716.5,20798.5,0.8550
4126.0,11200.0,4222.8,11331.3,0.8550
4487.2,4480.0,5114.7,4747.0,0.8550
35577.9,8885.9,36155.9,9280.0,0.8550
27677.1,5122.4,28159.5,5421.8,0.8550
303.5,8115.8,379.9,8638.6,0.8549
4117.3,31680.4,4185.1,32081.0,0.8548
681.0,24842.4,763.3,24974.0,0.8547
3971.1,28277.7,4026.8,28799.5,0.8547
0.0,25746.9,537.2,26239.7,0.8544
37360.7,5378.5,37437.9,5682.9,0.8543
36817.0,23850.0,37437.8,24317.3,0.8542
4254.9,22438.1,4330.6,22646.6,0.8542
9031.5,5890.5,9586.9,6400.0,0.8542
6973.7,332.9,7040.0,808.5,0.8542
36213.9,7889.1,36796.2,8319.8,0.8539
2679.2,23930.9,2806.7,24320.0,0.8539
408.6,8024.7,639.0,8138.7,0.8536
2240.0,30080.2,2569.9,30188.8,0.8534
4481.5,593.6,4634.4,959.8,0.8534
6501.6,14403.8,6719.5,14840.4,0.8531
846.2,961.2,1177.8,1236.9,0.8529
413.0,8028.1,956.7,8142.7,0.8528
24648.8,9602.7,25278.0,9916.5,0.8527
240.6,7925.9,358.1,8320.0,0.8527
21797.3,4839.0,22399.0,5120.0,0.8527
4769.6,19012.2,4865.9,19520.0,0.8526
13760.0,640.0,14012.3,729.8,0.8526
10064.1,7777.9,10555.1,8316.9,0.8523
20387.2,2575.0,20800.0,2883.9,0.8522
23045.2,9934.5,23678.0,10240.0,0.8519
4827.0,17265.2,5440.0,17600.0,0.8519
16969.7,8000.0,17102.4,8371.2,0.8518
34606.7,9523.2,34880.0,9920.0,0.8517
2321.0,23916.0,2468.6,24320.0,0.8514
4488.9,6234.3,4565.9,6712.7,0.8514
9925.1,1062.7,10558.9,1301.2,0.8513
36182.4,6981.7,36800.0,7360.0,0.8512
24704.0,1469.1,25274.7,1920.0,0.8511
20261.3,5103.8,20797.7,5439.9,0.8509
3887.1,10880.8,4029.4,11336.2,0.8508
29764.3,3161.2,30396.9,3520.0,0.8508
4374.3,28169.1,4480.0,28632.8,0.8507
752.6,8648.8,1274.1,8953.4,0.8506
14021.1,293.1,14080.0,640.0,0.8506
3142.3,22761.4,3231.0,23040.0,0.8505
1600.0,26240.8,1774.9,26789.0,0.8504
6899.5,7923.7,7039.0,8215.7,0.8503
1465.1,1285.7,1913.2,1893.9,0.8503
14628.2,4388.9,14719.0,4795.6,0.8503
2832.2,23598.2,2940.9,23998.6,0.8500
0.0,441.3,67.6,960.0,0.8500
9736.6,711.1,9913.9,960.0,0.8500
14790.0,755.1,15355.3,1275.7,0.8499
36663.7,4541.2,36800.0,4790.5,0.8497
100.5,23018.2,629.3,23360.0,0.8497
1335.4,34562.4,1600.0,34919.2,0.8495
16841.8,3488.7,17274.8,3750.1,0.8494
18543.0,1600.9,18878.6,2134.8,0.8494
2881.9,9920.9,2975.7,10131.9,0.8494
1160.3,32640.2,1276.5,32887.8,0.8493
3419.1,24005.9,3480.3,24324.4,0.8493
4090.8,30315.0,4170.7,30719.9,0.8492
15128.8,6161.4,15358.9,6399.7,0.8492
25215.0,7626.7,25280.0,7921.1,0.8492
6021.0,2884.6,6076.4,3220.6,0.8491
1705.6,31304.6,1759.6,31680.0,0.8490
19732.0,2905.0,19840.0,3320.0,0.8488
4035.9,32401.6,4160.0,32960.0,0.8488
4374.4,28484.7,4468.9,28993.8,0.8488
19840.3,7035.5,20478.8,7360.0,0.8487
1122.4,34240.3,1279.9,34545.3,0.8487
29824.1,1281.8,29976.8,1426.4,0.8487
28844.5,6724.7,29440.0,7164.9,0.8487
3200.0,30909.7,3441.6,31017.8,0.8487
2466.9,27233.9,2560.0,27520.0,0.8486
4913.2,10101.1,5437.8,10558.3,0.8485
4989.2,32969.0,5439.4,33280.0,0.8485
4425.2,2241.3,4532.5,2444.7,0.8485
3264.7,23360.0,3390.9,23442.2,0.8485
18447.1,8321.8,18560.0,8764.1,0.8484
29441.5,9280.0,30077.7,9673.0,0.8483
11114.6,11980.3,11199.6,12102.2,0.8483
7181.2,12336.3,7360.0,12786.1,0.8482
16966.1,9936.4,17598.2,10240.0,0.8481
34367.8,2079.1,34862.0,2502.4,0.8480
4029.0,10880.0,4118.3,11181.9,0.8480
5952.5,1271.1,6017.5,1600.0,0.8479
115.4,4705.8,201.7,5119.0,0.8478
28168.1,9645.5,28800.0,9920.0,0.8476
27931.9,32265.6,28478.9,32640.0,0.8476
34980.6,9141.6,35514.7,9600.0,0.8474
28509.1,3138.0,29116.7,3520.0,0.8474
3799.7,5969.0,3859.1,6394.4,0.8474
32068.2,4985.2,32633.9,5434.3,0.8474
1601.8,12695.1,1916.7,13120.0,0.8473
10007.5,17765.3,10553.9,18240.0,0.8472
2961.7,23365.4,3068.5,23751.1,0.8470
2716.7,29134.8,2782.7,29607.6,0.8470
12709.0,5764.3,13120.0,6256.7,0.8469
3899.3,10279.5,4480.0,10560.0,0.8468
5022.0,27723.8,5120.0,28152.4,0.8468
28196.2,4663.9,28800.0,5120.0,0.8468
3314.1,13289.2,3827.9,13757.5,0.8467
23927.5,7049.1,24314.7,7443.4,0.8467
38016.0,292.7,38652.1,638.6,0.8465
28922.8,2097.9,29439.7,2558.4,0.8464
7584.3,5940.5,7680.0,6397.9,0.8464
24711.1,5385.2,24793.3,5751.9,0.8463
2900.9,18561.3,3200.0,18666.0,0.8462
1658.4,32650.4,1756.8,33015.6,0.8462
565.6,3200.1,640.0,3702.6,0.8462
7832.5,6098.5,8319.0,6399.7,0.8459
2743.1,23630.5,2806.2,23999.7,0.8458
496.4,31084.4,956.0,31360.0,0.8458
15068.6,6720.0,15679.2,6966.1,0.8457
18351.0,8224.7,18439.4,8640.0,0.8457
11949.0,22613.2,12468.2,23040.0,0.8457
15464.1,2560.0,15679.4,3024.0,0.8456
334.3,12620.0,640.0,12800.0,0.8456
2714.1,31029.5,2786.7,31358.8,0.8456
5174.5,16653.9,5754.7,17277.9,0.8455
34240.0,8714.4,34876.9,9040.1,0.8455
28813.7,9601.5,29439.1,9779.2,0.8455
24506.0,6936.2,24583.0,7239.4,0.8455
8961.0,13576.7,9060.4,14076.2,0.8454
5536.9,1832.5,5759.6,1920.0,0.8454
1094.5,34121.7,1597.7,34560.0,0.8453
10275.2,3520.3,10867.8,3952.0,0.8449
15681.5,324.1,15853.7,667.7,0.8449
6736.2,13971.7,7357.5,14397.9,0.8448
2097.4,33714.4,2554.1,34239.4,0.8448
9178.1,12160.8,9280.0,12381.1,0.8448
3924.0,30168.5,3989.0,30398.6,0.8448
3520.0,8252.0,3696.1,8476.9,0.8448
21581.2,8280.2,22079.1,8412.6,0.8447
21559.5,262.0,22075.5,640.0,0.8447
27612.5,4160.0,28154.4,4622.4,0.8446
1600.0,32335.2,1706.9,32664.5,0.8446
3873.7,31599.0,4005.3,31999.9,0.8444
26906.3,1285.8,27505.5,1600.0,0.8443
28306.8,32534.5,28797.9,32960.0,0.8442
0.0,73.5,133.9,637.1,0.8442
8773.4,2095.1,9277.4,2558.4,0.8442
1092.1,26331.5,1247.5,26636.9,0.8440
10435.5,4162.4,10792.1,4675.1,0.8439
32851.9,532.4,33275.8,958.5,0.8439
256.7,8960.0,319.5,9387.7,0.8438
7784.0,16845.7,8319.7,17280.0,0.8437
5329.0,19039.1,5440.0,19520.0,0.8437
5957.2,1600.0,6021.2,1887.3,0.8436
7470.7,6818.5,7989.2,7358.7,0.8434
32432.7,32215.0,32956.1,32640.0,0.8434
3789.3,22400.0,3840.0,22544.7,0.8433
11946.3,13323.7,12476.9,13760.0,0.8431
5619.4,22362.4,5871.8,22400.0,0.8431
5206.1,35840.0,5439.1,36311.3,0.8431
3361.7,23433.0,3465.0,23678.5,0.8430
6720.0,1819.7,7304.5,2240.0,0.8429
23709.3,800.7,24316.6,1276.8,0.8429
4487.5,18173.6,4799.7,18560.0,0.8427
3967.1,27994.5,4023.9,28478.1,0.8426
14464.3,7041.0,14720.0,7365.4,0.8425
19732.4,3526.3,19840.0,4025.5,0.8425
30721.6,8324.4,30868.8,8445.4,0.8425
7682.7,1989.5,7743.9,2553.8,0.8423
6092.8,3889.6,6712.3,4158.1,0.8423
5102.6,4483.8,5440.0,5045.7,0.8421
31439.0,3522.6,31998.1,4049.8,0.8419
36613.4,4160.0,37116.7,4316.9,0.8418
22465.9,1540.6,22720.0,1920.0,0.8418
8110.8,16551.5,8634.8,16959.5,0.8417
2131.7,28413.7,2555.2,28679.7,0.8417
4801.1,2930.7,4859.1,3308.8,0.8416
1718.4,32221.8,1777.1,32463.7,0.8416
3840.2,8961.9,4091.3,9035.5,0.8414
29230.9,5347.0,29750.6,5760.0,0.8413
3205.0,8480.2,3679.0,8586.0,0.8413
4505.6,25920.0,4800.0,26559.4,0.8412
3523.5,712.2,3688.2,959.3,0.8411
16325.3,8301.2,16474.9,8640.0,0.8411
19629.0,3704.9,19702.4,4156.4,0.8411
33706.5,7652.0,34240.0,7997.2,0.8411
28254.4,34479.4,28796.4,34880.0,0.8410
2240.0,25921.2,2297.6,26150.0,0.8410
641.8,7118.1,838.6,7358.5,0.8409
8960.9,13440.6,9058.3,13533.6,0.8408
453.2,25422.2,599.6,25657.8,0.8408
32762.1,4348.5,33278.1,4692.4,0.8407
3709.9,24223.0,3837.3,24640.0,0.8407
11955.5,15589.8,12471.3,16000.0,0.8406
1605.4,36376.5,2218.6,36864.0,0.8406
5760.0,13445.7,6239.5,13783.2,0.8406
24347.5,4398.7,24684.0,4799.1,0.8406
34087.5,7079.4,34240.0,7360.0,0.8405
29228.7,35099.3,29759.1,35520.0,0.8405
15431.8,25933.6,15996.6,26230.4,0.8403
269.2,6183.4,350.3,6720.0,0.8403
5122.2,3840.7,5261.8,4024.0,0.8402
979.4,29024.0,1596.1,29440.0,0.8402
6600.5,1497.9,7036.4,1919.9,0.8401
1764.9,31624.9,1856.5,31679.5,0.8401
10424.6,14444.6,10559.3,14770.7,0.8401
7852.8,1601.3,8000.0,2138.1,0.8399
19026.1,9920.0,19505.1,10412.3,0.8399
2980.4,25657.3,3512.8,26240.0,0.8398
17774.9,3933.8,17863.9,4159.8,0.8397
23794.4,3859.4,23999.6,4052.5,0.8395
3841.0,22507.7,3973.0,22683.2,0.8394
34578.9,25522.1,35196.7,25920.0,0.8394
33285.2,4123.5,33920.0,4479.6,0.8393
27660.1,8643.8,28160.0,9114.6,0.8393
38022.4,6719.6,38656.0,7040.0,0.8391
5616.6,13023.6,5723.9,13439.3,0.8391
13785.9,1600.0,14392.4,2077.6,0.8390
2776.4,23448.3,2879.6,23679.2,0.8389
19965.5,565.3,20074.1,957.2,0.8388
2070.6,2191.8,2239.1,2556.9,0.8387
35948.8,6459.8,36159.8,7039.6,0.8387
21985.1,5618.4,22079.9,6073.6,0.8387
10299.0,5443.5,10873.7,6068.2,0.8386
2561.1,25726.9,2729.9,25889.8,0.8380
27691.1,9602.3,28159.8,10128.3,0.8379
15953.2,1034.6,16317.2,1368.1,0.8377
17796.2,5211.5,18240.0,5470.7,0.8377
15029.0,7360.4,15360.0,7938.1,0.8377
19696.4,5442.9,20160.0,5955.1,0.8374
2377.3,21935.1,2560.0,22077.7,0.8374
37472.1,6259.7,38073.6,6716.1,0.8373
641.3,15388.6,1115.4,15680.0,0.8373
641.6,28069.4,985.0,28476.9,0.8373
28181.4,6080.0,28797.7,6475.7,0.8373
22434.5,7854.4,23039.5,8294.8,0.8372
21142.4,8176.2,21759.5,8603.8,0.8372
28555.3,1625.6,29117.3,2101.4,0.8369
32000.0,8272.3,32637.5,8640.0,0.8368
28454.0,1920.0,28797.8,2546.4,0.8368
36820.9,26199.2,37438.1,26560.0,0.8367
9661.9,16518.9,10236.2,16960.0,0.8367
36805.0,8391.1,37438.8,8640.0,0.8365
28238.2,7232.2,28797.8,7676.4,0.8365
2818.2,31361.5,2877.8,31815.7,0.8365
7045.0,9104.9,7536.8,9599.1,0.8363
3743.2,31578.4,3810.0,32000.0,0.8361
2560.0,10881.7,2891.5,10975.2,0.8361
4160.0,6720.0,4578.6,7195.3,0.8361
1929.4,27730.2,2076.9,28151.9,0.8360
18790.7,2108.9,19199.3,2560.0,0.8359
2028.1,22446.2,2105.8,22661.2,0.8359
1281.4,25747.6,1371.0,26237.3,0.8358
7210.9,2881.8,7674.9,3369.7,0.8357
720.8,13441.9,959.1,13654.4,0.8356
11589.8,31894.1,12158.5,32320.0,0.8355
6483.4,776.5,6594.1,1097.3,0.8355
2560.0,31215.9,2655.1,31675.3,0.8355
28419.1,8323.3,28480.0,8775.0,0.8352
4228.2,16645.4,4795.7,17181.5,0.8352
11520.8,2172.8,12159.2,2560.0,0.8351
25069.3,9021.8,25239.8,9114.8,0.8351
26880.8,9503.7,26958.1,9575.5,0.8350
20987.0,7357.2,21120.0,7679.5,0.8350
1945.4,28824.8,2558.1,29120.0,0.8350
4075.1,25244.9,4198.3,25594.2,0.8349
35949.3,3748.0,36475.5,4156.5,0.8346
27546.5,4802.1,28158.3,5264.0,0.8345
8984.0,1466.5,9596.6,1916.6,0.8345
7302.5,1762.7,7360.0,2231.0,0.8343
3187.6,30440.1,3307.7,30567.1,0.8342
3076.7,2269.4,3200.0,2747.8,0.8341
28923.3,486.0,29436.8,941.7,0.8341
641.6,1.4,991.9,112.2,0.8341
3451.5,6281.0,3520.0,6717.6,0.8340
2240.8,26111.9,2468.6,26212.6,0.8340
2790.5,22883.7,2916.6,23310.0,0.8340
5359.1,9920.0,5758.6,10361.6,0.8337
6822.5,2884.5,6911.4,3369.4,0.8337
10123.0,8002.6,10560.0,8449.8,0.8334
22693.5,7033.2,22954.0,7079.0,0.8334
17185.9,5761.8,17600.0,6034.9,0.8332
24829.0,6401.5,24960.0,6528.8,0.8332
3973.6,32580.3,4037.9,32960.0,0.8331
10229.6,8826.9,10560.0,8957.8,0.8331
85.6,26093.6,633.8,26548.4,0.8328
1696.0,31070.7,1752.2,31360.0,0.8328
35006.0,1408.4,35513.3,1912.3,0.8326
4168.2,30661.3,4510.6,31040.0,0.8326
11946.4,14631.4,12478.6,15040.0,0.8326
32339.2,3840.4,32956.5,4006.1,0.8325
664.8,9287.1,773.1,9621.4,0.8325
19187.9,5120.0,19520.0,5516.8,0.8324
32022.5,3234.9,32638.4,3516.8,0.8320
3349.9,3878.7,3518.0,4006.3,0.8319
3857.9,30720.9,3937.6,31085.3,0.8319
24469.7,323.5,24640.0,833.6,0.8319
5392.8,36162.3,5760.0,36618.1,0.8319
29482.3,5061.1,30036.4,5440.0,0.8319
6919.5,1287.6,7017.6,1887.0,0.8318
35845.1,497.2,36478.1,958.9,0.8316
27663.0,5396.8,27839.8,5760.0,0.8316
7982.8,2.5,8320.0,420.5,0.8313
7755.0,6761.0,8310.4,7360.0,0.8313
1400.8,25810.4,1518.7,26234.7,0.8312
3520.0,19254.8,3705.2,19423.0,0.8311
1185.5,22721.6,1279.2,22910.7,0.8311
1040.6,522.9,1593.0,948.8,0.8310
18076.3,2240.7,18557.7,2509.8,0.8309
359.6,13675.8,960.0,14076.7,0.8308
32320.0,9171.3,32958.3,9600.0,0.8307
14253.9,7459.8,14712.4,8000.0,0.8306
15055.0,6449.7,15677.2,6720.0,0.8305
3501.1,24223.8,3838.3,24319.4,0.8305
3980.3,11204.5,4160.0,11496.9,0.8305
1921.6,23900.8,2068.7,24319.1,0.8304
12809.1,5014.5,13439.2,5436.9,0.8304
7233.3,2961.4,7360.0,3520.0,0.8302
13408.8,5204.4,13471.2,5438.9,0.8302
4164.2,23876.9,4580.4,24320.0,0.8301
5448.1,1280.0,5756.4,1429.7,0.8301
5332.4,7044.1,5753.3,7491.7,0.8301
3918.5,6799.8,4024.4,6967.9,0.8301
35090.7,6505.7,35199.6,6680.9,0.8300
4501.5,10621.7,4601.8,10743.5,0.8298
11202.1,6375.1,11270.5,6719.1,0.8298
35576.1,1500.4,36155.9,1920.0,0.8297
7178.0,3270.0,7667.3,3840.0,0.8295
27921.3,32774.0,28472.9,33276.6,0.8295
2769.6,21440.0,2990.2,21496.6,0.8295
8013.9,2409.2,8635.7,2880.0,0.8294
16000.0,7363.0,16459.3,7945.5,0.8294
34569.5,1540.2,35200.0,1920.0,0.8292
1920.0,34939.0,2109.9,34983.7,0.8291
9710.5,17191.9,10233.7,17600.0,0.8291
10240.0,5642.1,10366.3,6078.6,0.8289
25843.2,4800.0,26239.0,5256.8,0.8288
7412.4,23584.9,8000.0,24000.0,0.8287
713.4,13347.7,1275.7,13760.0,0.8285
3165.1,31362.3,3229.3,31762.9,0.8284
2083.4,13125.2,2557.9,13500.9,0.8284
1404.8,24653.2,1514.3,25097.3,0.8283
19840.1,2578.2,19934.9,2880.0,0.8281
5465.2,23360.8,6080.0,23778.1,0.8280
16721.9,568.2,17277.6,960.0,0.8278
785.5,6697.6,1274.2,7040.0,0.8275
16327.0,1933.9,16854.2,2222.2,0.8275
2240.0,23632.5,2347.4,23705.7,0.8273
3308.3,25467.4,3838.4,25917.7,0.8273
1920.3,24215.2,2364.3,24640.0,0.8273
15887.2,4681.8,16223.6,5120.0,0.8272
23933.3,6852.3,23999.3,7265.2,0.8271
960.0,23783.2,1024.6,23998.3,0.8271
32327.9,3397.1,32956.7,3815.5,0.8269
34815.9,4237.3,34880.0,4479.3,0.8268
14827.0,4051.8,15358.0,4479.2,0.8268
7435.7,22943.8,8000.0,23360.0,0.8267
3063.2,23275.5,3146.2,23676.5,0.8267
27618.0,7492.6,27677.2,7998.1,0.8265
31862.4,960.0,32316.2,1193.4,0.8265
35284.5,6720.0,35512.4,7271.3,0.8265
27523.3,5360.7,27655.0,5760.0,0.8264
1521.4,22721.8,1920.0,23229.6,0.8264
10240.2,12800.4,10355.2,12885.2,0.8263
37441.0,4278.1,37541.6,4433.0,0.8263
14652.3,3851.1,14720.0,4266.0,0.8262
21208.9,1602.5,21439.2,2072.6,0.8262
7045.0,13372.3,7676.7,13760.0,0.8260
5348.7,2239.3,5439.1,2560.0,0.8258
34242.0,8000.0,34875.3,8305.2,0.8256
16789.4,7779.7,16898.1,7999.0,0.8256
0.0,27929.8,136.3,27972.8,0.8256
17817.2,7040.0,17918.9,7348.9,0.8254
6107.2,8907.0,6719.2,9280.0,0.8254
254.2,9164.5,325.1,9596.7,0.8252
25053.6,4954.4,25225.4,5120.0,0.8251
3543.2,9954.3,3643.2,10081.3,0.8250
1720.3,5440.0,2232.7,5962.8,0.8249
5440.0,1863.2,5553.6,2240.0,0.8248
23737.4,6723.5,24306.9,7128.2,0.8246
3347.2,4169.5,3835.0,4626.9,0.8245
1.8,7273.9,225.9,7680.0,0.8245
4356.2,28263.4,4767.4,28800.0,0.8245
5010.5,11842.3,5118.2,12053.5,0.8244
2562.1,24350.5,2696.9,24553.3,0.8243
14497.7,4481.7,15039.4,4770.6,0.8243
27673.3,6422.1,27802.7,6817.8,0.8242
27651.3,6404.3,28154.0,6866.3,0.8241
14174.1,6524.6,14715.6,7036.1,0.8240
37763.7,662.4,38400.0,1007.1,0.8239
26565.5,4969.2,27200.0,5440.0,0.8239
1211.6,20746.2,1596.6,21120.0,0.8239
1412.9,29697.3,1550.1,30005.8,0.8239
34565.2,3866.6,35198.9,4184.2,0.8238
37440.8,6588.3,38077.0,7037.3,0.8238
1242.9,649.5,1543.7,936.1,0.8237
20918.9,1055.3,21432.1,1600.0,0.8237
261.1,9602.7,325.2,9843.7,0.8237
27368.0,5483.0,27651.2,6080.0,0.8232
62.6,31189.7,638.9,31680.0,0.8230
22720.0,4375.8,23354.1,4780.9,0.8229
21918.5,7297.0,22075.2,7503.2,0.8229
21896.4,5440.0,22400.0,5995.9,0.8227
16375.0,8182.8,16474.4,8305.3,0.8227
32785.5,7685.1,33278.2,8192.8,0.8227
38028.2,7361.1,38651.2,7954.2,0.8224
10388.6,7272.4,10876.2,7680.0,0.8223
5120.0,320.0,5216.0,529.8,0.8220
4218.9,34880.0,4480.0,35348.8,0.8220
2077.8,26330.5,2240.0,26559.1,0.8219
10012.8,12066.5,10557.3,12480.0,0.8213
25622.8,248.6,26240.0,640.0,0.8213
5477.8,32960.0,5760.0,33402.2,0.8212
3676.3,17601.7,4150.7,18124.7,0.8211
19270.3,36167.5,19836.1,36527.4,0.8211
440.4,5596.0,957.4,6077.9,0.8209
17832.4,7731.3,17919.5,8155.5,0.8209
1027.0,19200.9,1599.0,19347.1,0.8209
1439.2,31627.5,1513.5,31996.8,0.8207
13343.9,8851.2,13433.2,9280.0,0.8207
417.6,16776.4,639.7,17280.0,0.8205
31041.1,7385.7,31676.6,7752.9,0.8205
2057.8,32605.2,2553.3,32883.0,0.8203
0.9,25309.1,136.0,25600.0,0.8202
1280.7,11574.3,1919.9,11840.0,0.8202
2842.3,31028.0,2976.9,31358.6,0.8201
5274.9,16322.7,5440.0,16959.4,0.8200
35090.1,1600.2,35520.0,2047.8,0.8200
26879.2,324.3,27197.0,843.4,0.8199
5122.1,17313.7,5760.0,17600.0,0.8199
1447.2,6008.2,1920.0,6376.5,0.8195
27878.5,6352.3,28476.1,6720.0,0.8195
15156.8,5645.2,15680.0,5992.0,0.8194
19951.1,9279.8,20160.0,9433.3,0.8194
5.3,12183.5,640.0,12480.0,0.8192
34122.7,5764.1,34240.0,6099.4,0.8191
3866.4,3731.1,4476.8,4160.0,0.8191
11959.4,13991.6,12476.7,14400.0,0.8190
20850.9,8165.9,21440.0,8538.8,0.8189
3682.4,23530.2,3791.8,24000.0,0.8185
3844.7,28807.2,3966.2,29114.2,0.8185
27694.2,8322.2,27840.0,8696.1,0.8184
20518.8,1844.3,21120.0,2240.0,0.8183
8321.5,13442.5,8422.7,13617.0,0.8182
22748.1,3987.3,23356.1,4475.6,0.8181
16169.9,326.2,16320.0,753.7,0.8181
9050.9,16516.6,9599.2,16959.6,0.8180
35694.7,5287.1,36156.3,5758.5,0.8178
35201.7,7360.1,35353.7,7675.6,0.8178
14167.2,8202.2,14717.0,8640.0,0.8177
1693.0,26160.6,1809.6,26559.1,0.8177
35578.4,23886.1,36155.9,24317.9,0.8177
16190.2,6327.1,16267.3,6720.0,0.8177
6952.0,512.4,7040.0,960.0,0.8175
3150.1,23273.1,3239.9,23679.3,0.8175
36480.0,2697.6,37118.5,3065.5,0.8173
38192.0,1712.1,38656.0,2233.1,0.8172
2649.7,31201.9,2729.8,31677.7,0.8172
9655.3,22641.2,10232.0,23038.1,0.8172
20105.0,1600.0,20480.0,2077.1,0.8170
4800.0,6476.0,4895.0,6622.4,0.8170
1935.3,20488.7,2555.8,20749.0,0.8170
20299.9,962.3,20798.6,1480.9,0.8170
32076.1,1639.2,32640.0,1920.0,0.8170
34245.9,8292.8,34876.6,8637.5,0.8169
23366.7,5123.5,24000.0,5498.1,0.8169
3729.3,1578.9,4144.0,1662.6,0.8168
18903.0,643.2,19520.0,1086.8,0.8168
320.0,7849.3,382.2,8317.5,0.8168
6854.8,7919.4,7359.0,8198.3,0.8167
33391.9,8057.5,33915.8,8335.3,0.8167
4741.0,19212.8,4824.6,19697.1,0.8166
4354.6,28483.0,4790.6,29120.0,0.8165
1708.6,32459.3,1920.0,32564.1,0.8164
17177.5,2172.9,17280.0,2554.3,0.8164
33968.1,5040.8,34557.8,5440.0,0.8163
3999.0,24432.1,4074.2,24960.0,0.8163
8673.9,4215.0,8865.6,4800.0,0.8162
36530.7,1635.7,36637.9,1787.0,0.8161
16167.9,3093.3,16636.3,3520.0,0.8159
36181.7,26915.3,36796.8,27304.1,0.8159
2245.6,319.3,2880.0,640.0,0.8159
1667.0,8693.6,1756.1,8960.0,0.8157
2560.2,5103.3,2696.3,5437.9,0.8157
4568.2,2193.5,4760.8,2434.1,0.8156
10699.9,16871.3,11197.6,17280.0,0.8155
18399.6,9878.8,18560.0,9929.5,0.8155
36213.6,25956.7,36794.0,26356.6,0.8155
17783.7,3733.7,17879.1,3935.5,0.8154
2787.5,1132.0,2872.7,1380.8,0.8153
1603.7,13120.0,1735.8,13603.7,0.8152
35722.4,7002.0,36157.5,7360.0,0.8152
27522.0,5120.0,27741.5,5380.3,0.8150
2139.1,31042.1,2235.1,31358.9,0.8150
37124.0,6955.5,37757.2,7360.0,0.8148
28484.7,7377.8,29119.6,7818.6,0.8148
20581.2,7832.7,21118.4,8319.0,0.8148
2706.5,26882.7,2836.9,27063.0,0.8147
2030.8,19852.1,2217.8,20196.0,0.8144
640.6,27690.1,858.3,27839.3,0.8144
4775.6,22644.0,5117.6,23040.0,0.8143
3721.6,30117.4,3840.0,30410.2,0.8143
19587.9,3524.0,19712.6,3941.7,0.8142
2008.9,1851.3,2240.0,1889.2,0.8140
473.6,7053.8,886.9,7473.6,0.8138
1242.9,25547.1,1473.0,25670.1,0.8138
34880.8,6439.3,34965.0,6720.0,0.8137
4554.5,18141.2,5112.1,18560.0,0.8136
24993.5,137.1,25600.0,640.0,0.8136
4869.6,10695.0,4989.4,11200.0,0.8135
241.7,8245.2,297.1,8640.0,0.8134
11723.2,5128.8,11839.7,5539.4,0.8134
5766.8,3690.5,6398.0,4005.3,0.8133
5769.4,7304.7,6397.5,7680.0,0.8133
7360.0,2287.6,7736.9,2880.0,0.8132
6523.2,13440.0,7036.5,13903.9,0.8132
3516.3,7528.2,3836.7,7997.7,0.8131
12756.6,6081.5,13120.0,6510.2,0.8131
26717.7,31462.9,27200.0,32000.0,0.8130
13279.2,8679.8,13760.0,8958.0,0.8130
24000.0,5766.3,24087.2,6101.3,0.8129
11278.8,23576.7,11837.3,24000.0,0.8128
30082.0,2888.4,30719.3,3200.0,0.8127
6088.1,608.4,6303.3,957.3,0.8125
34835.6,4139.8,35194.8,4480.0,0.8123
8392.5,17532.2,8953.1,17920.0,0.8123
5120.0,2994.1,5222.7,3311.0,0.8123
3719.5,9922.3,3840.0,10199.7,0.8122
15040.0,4480.8,15669.8,4763.8,0.8122
680.8,30080.2,972.2,30238.1,0.8122
37763.4,6630.1,38398.0,7040.0,0.8122
79.2,14154.9,640.0,14720.0,0.8120
26240.0,9547.0,26404.7,9600.0,0.8120
13588.8,6636.3,13668.3,7040.0,0.8118
4253.5,35623.7,4797.6,36160.0,0.8117
31691.6,8208.5,32316.9,8640.0,0.8117
35009.6,4977.4,35520.0,5440.0,0.8116
2880.7,10062.9,2993.3,10130.2,0.8116
25165.3,6433.0,25279.1,6748.2,0.8116
20210.4,458.3,20788.5,956.5,0.8113
2240.0,8558.1,2349.0,8636.7,0.8111
30419.6,1920.7,31040.0,2124.0,0.8111
17838.9,341.8,17920.0,640.0,0.8110
22084.6,3394.8,22718.0,3834.9,0.8108
24324.8,6094.2,24725.3,6720.0,0.8107
28562.5,33325.5,29116.7,33728.1,0.8106
4800.0,18880.0,5216.4,19417.2,0.8105
19913.4,10486.1,20474.8,10880.0,0.8103
33935.3,8784.5,34560.0,9275.2,0.8103
2815.1,14082.5,3200.0,14399.3,0.8103
3281.8,5944.7,3838.1,6400.0,0.8103
415.4,8222.2,584.1,8638.2,0.8103
12442.0,6080.4,12798.9,6593.0,0.8102
14720.0,6080.0,15038.2,6525.9,0.8100
5983.0,11108.9,6080.0,11520.0,0.8100
19028.9,7554.0,19182.7,8000.0,0.8100
35916.4,24783.1,36480.0,25280.0,0.8099
5415.7,10939.2,5757.3,11200.0,0.8099
28485.1,1600.0,28800.0,2137.9,0.8099
37779.9,204.1,38395.9,611.0,0.8096
17015.8,7037.0,17596.3,7360.0,0.8096
4187.0,31455.6,4289.4,32000.0,0.8094
30484.7,32669.7,31034.5,33044.9,0.8094
802.6,35164.3,960.0,35233.5,0.8093
3520.0,20800.0,4088.8,21400.1,0.8093
788.8,27388.9,860.7,27695.6,0.8091
9920.0,14286.8,10040.7,14399.0,0.8090
1119.8,29696.3,1279.2,29759.9,0.8088
36162.5,7727.8,36799.4,8092.3,0.8086
21410.6,9163.3,21760.0,9491.5,0.8085
323.0,3521.8,549.2,3731.4,0.8084
2464.8,24962.9,2877.8,25297.1,0.8082
3576.8,30603.6,3692.1,30899.3,0.8081
32000.0,8648.2,32638.6,9031.2,0.8079
10680.1,10408.1,11194.9,10880.0,0.8079
30718.1,2045.3,31039.9,2553.4,0.8079
320.0,15098.8,442.5,15499.6,0.8079
35215.3,7755.9,35839.2,8000.0,0.8078
6425.4,33408.9,7035.7,33920.0,0.8078
36182.6,5733.6,36800.0,6070.0,0.8078
10669.7,23270.4,11197.2,23680.0,0.8077
37145.6,2043.5,37757.1,2423.1,0.8076
30670.9,7879.5,30812.1,8319.5,0.8075
3630.9,29140.1,3840.0,29440.0,0.8074
5928.8,24382.7,6080.0,24955.4,0.8073
38312.4,4485.3,38399.0,4693.2,0.8073
18880.0,9516.9,19517.7,9920.0,0.8072
25383.9,6920.5,25917.0,7348.3,0.8072
1909.0,1034.5,2109.9,1155.6,0.8071
30447.6,3132.2,31036.9,3520.0,0.8071
4735.4,19324.9,4796.9,19831.5,0.8071
27203.1,9471.5,27721.1,9916.7,0.8070
6080.2,3289.4,6134.8,3569.5,0.8068
4480.0,1301.9,4580.6,1815.0,0.8067
5151.9,16962.1,5755.4,17414.2,0.8066
19650.9,1558.2,19835.4,1681.0,0.8065
13986.1,9612.0,14398.7,9730.5,0.8065
30471.8,30607.1,31036.0,31040.0,0.8064
366.9,2242.7,445.0,2710.2,0.8061
1593.9,4089.3,1919.4,4479.1,0.8058
712.4,22185.7,799.2,22719.3,0.8058
27966.6,5238.1,28478.1,5760.0,0.8056
5711.5,1441.3,5774.0,1600.0,0.8054
16534.1,2865.2,16948.5,3200.0,0.8053
25826.6,6110.0,25920.0,6400.0,0.8051
963.0,253.3,1149.9,640.0,0.8049
3104.4,31018.8,3197.1,31360.0,0.8048
9633.4,22984.3,10238.4,23360.0,0.8047
19003.8,5617.6,19520.0,6072.7,0.8046
3021.4,19840.9,3200.0,19914.6,0.8046
1884.7,30502.7,2010.6,30719.5,0.8046
5400.1,10880.0,5747.0,11431.5,0.8045
11948.1,28383.8,12473.3,28799.3,0.8044
7755.3,4911.2,8318.7,5440.0,0.8043
37484.8,22313.4,38075.2,22720.0,0.8043
25721.7,7641.1,25822.3,8000.0,0.8043
2240.6,28820.5,2478.7,29120.0,0.8043
4574.5,25283.5,4792.8,25885.3,0.8042
4483.2,25047.6,4568.7,25594.0,0.8041
3623.5,27525.5,3840.0,28006.1,0.8041
3530.6,29207.5,3630.0,29395.5,0.8038
5863.9,10883.8,5992.8,11425.0,0.8038
29303.1,8464.0,29758.0,8929.7,0.8038
29459.9,3164.4,30077.5,3520.0,0.8037
27710.6,8791.0,27774.1,9280.0,0.8035
8325.9,7862.5,8677.2,8316.8,0.8034
3485.1,3238.0,3840.0,3520.0,0.8034
8320.0,13452.4,8443.8,13945.6,0.8033
1557.9,21216.1,1643.1,21532.1,0.8033
37665.3,4625.9,37756.7,4794.8,0.8033
32746.9,1511.5,33278.4,1920.0,0.8031
25938.4,165.4,26559.1,630.1,0.8031
5986.4,1897.5,6080.0,2240.0,0.8030
8020.2,12973.5,8500.2,13440.0,0.8029
649.4,30426.9,1254.2,30720.0,0.8028
19038.6,4800.8,19520.0,5116.9,0.8028
16579.5,4548.8,16639.2,4798.0,0.8027
163.6,20233.9,640.0,20480.0,0.8026
10599.8,16247.9,11199.0,16640.0,0.8026
21116.5,8174.1,21438.8,8320.0,0.8025
1379.2,25442.6,1918.5,25920.0,0.8023
14173.5,2025.0,14717.4,2560.0,0.8023
4234.4,6504.3,4348.9,6759.5,0.8023
7066.8,23613.7,7677.1,24000.0,0.8021
3264.3,22866.2,3399.9,23039.8,0.8021
9921.7,5764.1,10383.9,6267.3,0.8021
8709.0,11034.4,9277.0,11519.5,0.8019
6018.3,1300.8,6078.5,1775.4,0.8017
13789.6,1834.0,14397.4,2240.0,0.8017
11528.4,3856.8,12101.8,4143.8,0.8015
10939.2,1200.0,11513.5,1600.0,0.8015
13127.6,529.1,13759.3,959.9,0.8014
2023.4,30956.1,2159.3,31360.0,0.8014
290.0,6411.3,346.3,6879.1,0.8014
7473.0,6158.3,7993.6,6720.0,0.8013
4301.4,16641.9,4480.0,17121.0,0.8013
26240.0,8181.5,26363.0,8531.9,0.8013
26135.0,7440.3,26240.0,7679.8,0.8012
3424.0,21550.5,3650.7,21651.3,0.8011
27968.3,5846.4,28476.2,6398.0,0.8009
31409.5,9798.6,31995.8,10240.0,0.8008
3088.6,10563.4,3506.6,10871.6,0.8008
62.9,33771.5,623.3,34239.3,0.8004
2561.5,8909.9,2647.7,9156.4,0.8004
10340.0,24164.5,10874.8,24639.8,0.8003
6401.9,20281.1,6539.9,20480.0,0.8003
20916.1,4432.2,21116.7,4799.4,0.8002
20161.0,9076.0,20242.5,9228.6,0.8002
1596.6,22272.7,1919.9,22365.5,0.8000
19295.0,8002.0,19438.0,8173.1,0.7999
7104.2,27061.7,7675.6,27520.0,0.7999
1281.7,29760.0,1503.1,29845.0,0.7998
11340.6,7363.3,11520.0,7794.2,0.7997
0.0,5376.3,96.3,5745.0,0.7997
3752.7,8263.9,3840.0,8319.7,0.7996
11074.8,13495.9,11200.0,13759.6,0.7995
25970.0,31056.0,26556.0,31427.0,0.7994
5007.6,3776.1,5119.5,4145.4,0.7991
641.2,22293.9,713.4,22717.5,0.7990
1922.0,13193.4,2052.2,13477.9,0.7989
25787.7,9149.3,25920.0,9201.0,0.7989
29166.1,8030.0,29758.0,8465.9,0.7988
28860.5,9502.2,29439.5,9904.1,0.7988
11938.8,19125.3,12471.3,19520.0,0.7987
4379.9,35212.8,4800.0,35524.4,0.7984
8772.0,13773.2,8959.7,14048.9,0.7984
300.0,287.6,391.7,627.9,0.7983
4201.6,16960.0,4795.9,17196.7,0.7982
34668.1,30605.3,35196.7,31040.0,0.7980
3523.8,32320.0,4010.6,32809.9,0.7979
2506.9,21150.4,2880.0,21638.6,0.7979
10560.0,11723.8,10692.0,11839.3,0.7979
1026.1,28258.4,1595.8,28787.2,0.7979
32966.8,4301.5,33595.6,4664.1,0.7978
9358.5,25433.9,9916.5,25920.0,0.7977
13122.1,3166.5,13397.2,3519.4,0.7977
6123.1,17382.1,6716.9,17916.1,0.7974
14943.1,5463.9,15039.8,5760.0,0.7973
6099.2,6617.1,6662.5,7040.0,0.7973
19520.0,9251.0,19627.4,9436.8,0.7969
322.5,25438.0,445.1,25917.4,0.7966
5442.5,2248.9,5542.9,2570.6,0.7964
2394.9,19528.3,2495.2,20118.9,0.7963
12481.7,9218.4,13119.6,9593.2,0.7962
19225.4,9600.0,19840.0,9757.0,0.7962
29871.3,25580.1,30399.0,25920.0,0.7961
21479.0,8962.8,22077.2,9074.5,0.7961
4480.0,8220.3,4848.7,8317.0,0.7961
16.4,32005.4,348.2,32466.6,0.7960
4581.4,30080.0,5115.6,30518.1,0.7960
7543.7,5120.0,7679.5,5730.2,0.7959
5192.7,35728.9,5758.5,36160.0,0.7958
11944.4,30935.7,12472.7,31359.3,0.7957
11882.1,9925.3,12160.0,10370.6,0.7955
26916.5,33222.1,27516.6,33600.0,0.7954
22191.1,5760.1,22359.1,5958.3,0.7952
25920.0,8732.9,26122.5,8772.9,0.7952
1061.7,7801.7,1280.0,7845.5,0.7951
30723.9,4624.4,31359.8,5116.7,0.7951
805.0,31783.4,872.0,32000.0,0.7951
32984.8,3569.6,33596.9,3907.9,0.7948
8431.8,15550.8,8956.1,16000.0,0.7945
10611.7,7125.5,11183.0,7680.0,0.7945
17935.6,1590.7,18558.6,1920.0,0.7945
30405.2,33567.8,31037.1,33920.0,0.7943
34295.9,30030.5,34876.8,30400.0,0.7942
2529.1,27897.3,2870.2,28160.0,0.7942
38280.4,3451.2,38399.6,3829.0,0.7936
9373.6,13120.2,9600.0,13331.2,0.7936
2091.0,26880.0,2239.6,27064.9,0.7936
6720.0,4056.8,6856.7,4475.1,0.7934
7702.4,12160.0,8315.1,12583.4,0.7934
22400.0,5440.0,22464.5,5723.6,0.7933
795.9,31774.4,874.4,32151.5,0.7932
3108.5,29689.5,3200.0,29760.0,0.7930
1695.9,32699.3,1920.0,32746.3,0.7930
2645.7,31049.5,2728.3,31472.2,0.7929
3302.8,31020.8,3480.9,31360.0,0.7929
14729.2,10191.0,15358.9,10560.0,0.7929
5259.3,3337.3,5373.2,3678.1,0.7929
27536.9,5505.5,27650.1,6080.0,0.7928
3270.1,23384.2,3369.8,23823.2,0.7926
1525.7,20474.1,1599.9,20796.5,0.7925
151.0,22363.6,372.2,22399.7,0.7924
5375.5,6403.7,5760.0,6722.2,0.7924
1005.8,8348.0,1594.8,8640.0,0.7922
2965.4,27841.5,3513.3,28264.6,0.7921
38017.0,3259.0,38656.0,3576.4,0.7919
32995.5,8000.7,33600.0,8208.0,0.7919
3354.1,29440.6,3520.0,29688.6,0.7918
0.0,27704.7,114.7,27838.8,0.7917
28165.6,6374.6,28798.2,6720.0,0.7914
6738.8,640.0,7040.0,1188.8,0.7914
2815.1,23360.1,2930.5,23455.5,0.7913
15112.0,2882.9,15358.9,3372.2,0.7913
19520.0,8001.1,19584.0,8160.4,0.7913
30430.2,30409.3,31036.2,30756.0,0.7912
25704.1,33709.9,26235.5,34239.8,0.7911
10265.0,1377.6,10877.8,1600.0,0.7910
1315.4,29761.9,1920.0,30211.1,0.7908
2722.5,22548.5,2779.4,22805.2,0.7906
37495.0,6951.1,38079.3,7358.4,0.7903
7680.0,2916.2,8118.8,3520.0,0.7901
1427.4,32855.7,1600.0,32959.4,0.7900
4806.3,7059.5,5429.7,7498.7,0.7900
11531.5,7682.0,12115.0,8029.2,0.7899
10243.2,3771.1,10781.3,4160.0,0.7898
29398.8,6185.6,29514.7,6555.3,0.7898
4441.0,29762.8,4505.7,30276.4,0.7897
31665.3,1921.4,32000.0,2539.9,0.7897
35545.9,2675.7,36157.9,3196.8,0.7897
4105.7,31129.2,4188.5,31679.7,0.7889
4498.6,30638.3,4619.2,31039.0,0.7887
38176.6,1920.0,38399.2,2131.1,0.7886
6295.3,14712.4,6397.2,15039.0,0.7885
17037.9,2344.9,17166.5,2879.2,0.7884
16579.3,3794.2,16638.3,4160.0,0.7884
3413.3,12800.0,3519.8,13277.1,0.7883
4009.4,33600.0,4160.0,34202.1,0.7883
20192.3,7384.0,20250.7,7679.9,0.7879
8728.5,17175.2,9277.2,17598.8,0.7879
38107.1,21014.5,38651.7,21440.0,0.7879
29998.8,960.4,30400.0,1408.6,0.7879
8640.5,16564.8,9272.8,16960.0,0.7875
7045.2,6097.6,7501.3,6719.8,0.7874
5126.4,17547.9,5758.1,17920.0,0.7874
8383.4,32867.3,8958.7,33280.0,0.7873
15057.5,1605.2,15680.0,2062.6,0.7873
13138.5,9920.0,13440.0,10443.5,0.7872
16376.6,2616.9,16638.4,2873.5,0.7872
27618.2,7364.0,27679.8,7784.3,0.7870
17759.4,8022.2,17920.0,8547.4,0.7869
3549.9,7137.2,3840.0,7680.0,0.7869
18657.1,6344.1,18867.2,6720.0,0.7869
3200.0,28330.6,3425.4,28367.8,0.7868
1776.2,4077.0,1918.0,4476.1,0.7867
17280.0,8358.7,17517.3,8507.9,0.7867
642.1,23040.0,773.1,23479.3,0.7867
318.7,6082.8,640.0,6608.7,0.7863
1719.9,34238.1,2240.0,34560.0,0.7863
6722.4,4485.4,6823.1,4977.2,0.7861
23457.7,6590.9,24000.0,7040.0,0.7861
7902.9,7363.3,8315.8,7779.9,0.7860
1097.7,15186.1,1279.9,15359.1,0.7859
1059.2,28186.3,1136.3,28466.8,0.7859
2721.4,25922.6,3200.0,26428.0,0.7858
4576.6,3065.1,4671.5,3518.0,0.7857
2721.4,21440.8,3200.0,21885.8,0.7856
25353.9,34892.5,25914.1,35267.1,0.7856
20160.0,6651.5,20797.5,7040.0,0.7855
6566.8,3202.9,6972.0,3743.1,0.7854
27660.3,5786.4,27787.9,6396.8,0.7853
640.1,32386.9,776.0,32960.0,0.7853
31042.3,3218.0,31674.9,3520.0,0.7853
2758.3,6623.7,2875.8,7028.0,0.7850
8661.8,2562.6,9276.0,2868.5,0.7849
872.7,757.0,960.0,934.5,0.7849
25313.4,3201.9,25914.6,3598.1,0.7849
26889.7,9600.0,27518.3,9813.9,0.7847
10883.5,8960.7,11128.0,9031.3,0.7846
11900.3,23520.9,12467.6,24000.0,0.7846
13806.1,1998.1,14397.8,2559.3,0.7843
2880.0,22081.4,2950.5,22295.4,0.7841
24484.8,6080.0,24640.0,6719.3,0.7841
27315.8,34840.4,27838.1,35200.0,0.7840
8415.5,23261.9,8956.3,23680.0,0.7836
1843.7,11911.8,1920.0,12348.8,0.7836
9375.4,6080.0,9872.3,6607.0,0.7836
31119.4,6095.9,31678.0,6397.9,0.7835
5120.0,8322.7,5755.2,8451.3,0.7834
2880.8,22402.0,2938.4,22682.3,0.7834
11297.3,29022.9,11836.6,29440.0,0.7833
16992.3,7695.4,17128.2,8174.9,0.7832
6218.3,18401.8,6720.0,18879.2,0.7832
4348.3,19521.5,4479.0,19992.7,0.7831
26944.9,2568.0,27517.7,3121.2,0.7831
4379.6,19427.9,4479.9,19840.0,0.7830
3912.6,12675.0,4160.0,12798.7,0.7828
15448.1,758.5,15997.6,1271.3,0.7827
27225.5,3200.0,27835.3,3423.9,0.7827
4721.1,21727.3,4791.3,22080.0,0.7825
3521.2,21604.3,3638.6,21653.9,0.7825
6400.0,19070.9,7035.7,19501.9,0.7824
23615.3,4582.7,24000.0,5120.0,0.7821
1747.3,326.2,1919.7,699.0,0.7819
3021.2,19542.1,3149.9,19653.7,0.7816
17285.3,5125.5,17811.9,5445.1,0.7814
30086.5,4801.5,30719.2,5016.7,0.7814
7810.4,12004.0,8312.0,12480.0,0.7813
7417.1,7360.0,7680.0,8000.0,0.7813
16978.6,8341.9,17254.0,8640.0,0.7812
2506.3,1585.6,2570.9,1889.2,0.7811
27434.9,8640.6,27520.0,8853.2,0.7811
21766.2,3470.5,22398.7,3840.0,0.7811
9990.5,27440.0,10559.4,27840.0,0.7810
14455.7,3652.7,15037.8,4154.2,0.7810
37844.1,20540.3,38391.2,21120.0,0.7809
11533.5,3095.1,11838.8,3520.0,0.7808
327.8,32641.5,588.5,33042.8,0.7808
33600.0,9982.3,34238.5,10240.0,0.7808
15135.8,2786.6,15675.0,3198.8,0.7808
5441.0,8320.2,5752.0,8449.6,0.7807
14184.9,7094.7,14399.5,7519.9,0.7807
1398.8,24323.4,1531.0,24771.0,0.7807
7777.0,22309.0,8316.8,22717.9,0.7805
1103.8,10440.3,1279.3,10559.9,0.7804
321.3,671.6,505.6,1018.4,0.7803
6330.7,24961.6,6399.7,25277.4,0.7802
5441.1,30362.4,5542.1,30718.7,0.7800
479.6,16320.0,640.0,16960.0,0.7799
9280.0,326.2,9771.7,901.4,0.7799
615.6,8681.3,960.0,9280.0,0.7799
18560.0,5153.8,18822.5,5440.0,0.7798
5193.1,31522.6,5440.0,31995.8,0.7797
3841.5,6427.2,4142.4,6674.6,0.7795
10013.4,22300.9,10557.1,22719.3,0.7795
24756.9,7.6,25278.4,430.4,0.7794
404.4,22424.8,616.9,22720.0,0.7794
3842.3,32320.0,3980.6,32795.9,0.7792
1047.8,544.2,1279.3,848.1,0.7791
4505.8,12527.5,5118.9,12800.0,0.7791
15468.1,4804.1,15994.5,5216.8,0.7790
2527.7,5098.4,2866.2,5440.0,0.7790
4929.9,30366.8,5420.2,30720.0,0.7789
3275.5,33111.0,3833.6,33598.6,0.7789
28315.3,10179.9,28798.7,10560.0,0.7785
35236.0,173.4,35838.5,635.2,0.7785
24103.2,47.3,24638.6,640.0,0.7784
1296.7,26241.0,1362.8,26335.4,0.7784
3257.3,17280.0,3834.1,17765.0,0.7783
9046.8,22625.2,9594.3,23038.8,0.7782
6080.0,10324.3,6567.0,10880.0,0.7782
4615.1,6411.9,4800.0,6472.8,0.7782
30608.5,2560.9,31040.0,3128.1,0.7781
22155.1,7535.6,22263.8,7643.7,0.7779
11435.6,5440.9,11814.9,5541.1,0.7778
38120.7,4800.0,38348.5,4943.3,0.7778
3075.2,24002.7,3161.6,24172.3,0.7777
20518.6,2880.6,21116.1,2988.7,0.7777
4337.6,27266.8,4798.7,27839.9,0.7774
20485.8,7365.5,21051.8,7959.3,0.7774
4071.7,13344.8,4480.0,13749.3,0.7773
35200.0,7042.6,35339.7,7658.2,0.7772
36815.8,5931.1,37435.0,6400.0,0.7771
18560.0,355.1,18698.2,960.0,0.7771
20800.0,254.3,21264.3,640.0,0.7769
28902.5,10143.0,29434.7,10560.0,0.7768
471.8,5700.0,562.9,6068.4,0.7765
13397.2,6857.9,13507.5,7359.1,0.7765
8089.0,510.0,8227.2,912.6,0.7765
10881.3,1600.0,11253.6,1868.8,0.7760
20471.2,5768.5,20798.8,6080.0,0.7758
3971.4,21164.5,4090.8,21440.0,0.7757
29446.9,253.3,30078.4,640.0,0.7757
8641.2,11840.2,8744.3,11948.6,0.7756
2725.5,25926.8,2788.8,26329.1,0.7754
27569.0,1280.0,27840.0,1765.1,0.7754
22776.5,32846.8,23356.8,33280.0,0.7754
36510.3,5442.5,36692.2,5669.8,0.7752
31853.7,5440.9,32318.3,5822.2,0.7751
28553.1,33483.8,29117.6,33920.0,0.7751
30080.0,8884.8,30720.0,9280.0,0.7750
1920.0,10606.7,2120.8,10856.9,0.7750
3869.0,15585.7,4477.2,16000.0,0.7749
5120.0,1920.0,5244.5,2429.6,0.7749
3405.4,648.2,3690.4,960.0,0.7746
3521.0,11773.9,4157.2,12160.0,0.7746
9415.0,6712.7,9912.9,7040.0,0.7744
1280.0,25734.1,1359.7,25919.2,0.7744
20077.8,9099.3,20244.1,9226.8,0.7744
12801.3,10260.9,13437.3,10684.3,0.7744
4357.6,5416.1,4800.0,5748.8,0.7743
24410.7,466.2,24959.7,960.0,0.7741
321.4,25921.1,580.6,26328.6,0.7741
1920.0,35520.0,2050.2,36150.4,0.7740
37131.8,0.6,37760.0,202.3,0.7739
4099.7,30900.7,4159.5,31329.7,0.7737
26240.0,7360.0,26648.9,7581.9,0.7736
2880.6,1845.4,3298.7,2240.0,0.7735
11622.3,16239.9,12156.2,16640.0,0.7735
21127.2,9496.5,21758.7,9706.5,0.7735
2062.8,35430.5,2139.8,35836.6,0.7735
24779.4,6080.9,24960.0,6611.5,0.7733
26655.0,822.9,27199.3,1277.2,0.7732
657.5,23588.7,1113.2,24000.0,0.7732
479.9,7046.2,640.0,7459.4,0.7730
5885.8,10656.0,5959.4,11200.0,0.7727
1284.1,20970.3,1366.2,21435.6,0.7725
10564.4,12805.8,10876.8,13051.1,0.7725
1685.6,26565.2,1816.4,27048.5,0.7724
2983.3,9847.2,3199.2,9918.6,0.7723
19200.6,3520.0,19387.3,3692.4,0.7723
23683.1,4863.7,24320.0,5120.0,0.7723
4390.5,19422.5,4708.9,19840.0,0.7723
19960.9,4579.8,20473.4,5117.6,0.7722
21342.5,5931.8,21440.0,6393.9,0.7722
6451.9,1600.5,6665.9,1695.7,0.7721
2911.7,9164.4,3017.9,9471.7,0.7721
1701.2,26244.6,1811.7,26804.0,0.7717
2644.7,11948.9,3200.0,12180.6,0.7715
22081.2,8321.8,22483.9,8417.0,0.7715
4863.7,30785.4,5430.7,31360.0,0.7712
9080.9,23873.6,9591.3,24319.7,0.7710
21194.9,36404.2,21756.3,36799.4,0.7708
1621.4,2797.2,2204.4,3200.0,0.7706
21851.2,1665.7,22391.2,2240.0,0.7705
8422.3,13411.5,8570.7,13660.1,0.7704
16789.6,8001.5,16869.8,8160.3,0.7704
1810.8,5232.6,1919.3,5756.7,0.7701
8368.5,12324.9,8950.4,12798.9,0.7701
10984.5,3232.2,11516.8,3840.0,0.7700
25298.2,1172.3,25916.1,1598.8,0.7700
3205.0,8339.6,3681.8,8585.6,0.7699
2299.6,25920.0,2423.9,26112.7,0.7699
4160.0,24025.9,4573.2,24640.0,0.7699
27759.3,7760.7,27840.0,8314.6,0.7698
6805.5,16351.1,7358.3,16640.0,0.7696
12554.3,6510.5,13119.9,7037.3,0.7696
11980.5,22916.8,12474.1,23360.0,0.7695
4044.4,33031.2,4160.0,33596.6,0.7694
5440.0,960.1,5688.4,1289.4,0.7694
9368.1,16243.4,9913.9,16640.0,0.7693
640.0,22401.2,797.1,22904.1,0.7693
14104.7,467.7,14716.9,958.4,0.7692
1399.9,24640.5,1510.2,24849.9,0.7692
37174.5,475.1,37440.0,954.8,0.7690
2036.5,1569.9,2171.5,1896.6,0.7688
35200.0,8000.0,35838.9,8327.6,0.7687
433.9,799.2,506.0,1265.2,0.7686
10.8,30318.1,354.8,30720.0,0.7685
16000.7,8003.8,16485.3,8561.3,0.7685
4853.1,18155.3,5434.2,18560.0,0.7685
7719.9,17842.1,8319.3,18240.0,0.7684
17802.9,7584.3,18232.2,8000.0,0.7684
8432.6,4852.5,8957.5,5440.0,0.7684
27890.9,10600.4,28477.9,10880.0,0.7681
28582.2,2385.4,29117.1,2879.4,0.7681
11843.2,3843.3,12092.5,4134.6,0.7681
3932.8,34378.1,4159.4,34868.3,0.7680
9131.9,12481.7,9280.0,12640.0,0.7679
388.4,31085.2,489.3,31360.0,0.7676
21198.3,34055.6,21757.7,34560.0,0.7675
6094.5,3355.3,6396.8,3521.1,0.7673
22620.3,5384.1,23037.2,5509.8,0.7670
8730.8,16200.0,9278.5,16640.0,0.7670
9909.4,603.7,10240.0,920.5,0.7670
31168.1,215.6,31671.9,639.0,0.7670
35223.3,26430.3,35833.5,26877.8,0.7669
4137.1,11465.4,4479.1,11558.0,0.7669
10926.8,28724.3,11520.0,29120.0,0.7667
13762.0,8960.2,13961.9,9111.9,0.7665
6024.9,956.8,6089.8,1237.0,0.7664
320.0,1011.7,445.3,1280.0,0.7664
27907.4,9706.8,28476.3,10235.5,0.7659
2345.6,2243.8,2557.7,2557.4,0.7657
27524.6,7593.1,27598.2,7999.6,0.7654
24466.6,4139.8,24639.8,4478.9,0.7654
5770.0,715.7,5923.8,958.8,0.7653
5591.1,22168.6,5759.5,22400.0,0.7652
8190.7,4484.2,8639.9,5004.4,0.7652
31211.2,5790.1,31679.3,6400.0,0.7650
17997.5,191.9,18556.1,632.3,0.7649
4579.7,24961.4,4673.7,25454.7,0.7648
15931.7,2245.2,16320.0,2735.7,0.7645
34518.7,5120.0,34826.1,5178.7,0.7644
2357.6,8918.4,2499.7,9048.5,0.7643
403.7,10152.3,513.9,10559.9,0.7642
6082.5,20282.5,6146.1,20787.0,0.7642
15417.7,2685.0,15996.9,3200.0,0.7640
1011.6,18244.0,1596.4,18822.0,0.7639
10322.1,29991.0,10878.0,30400.0,0.7639
27922.4,457.7,28477.1,959.3,0.7639
17602.1,6108.7,17861.5,6399.2,0.7635
15722.4,6264.9,15801.5,6711.6,0.7634
4431.2,13441.6,4800.0,13843.3,0.7633
32779.1,28412.8,33277.3,28800.0,0.7632
9304.4,1593.6,9919.5,1918.8,0.7632
19866.8,8491.4,20140.7,8524.4,0.7630
6401.7,25014.8,6460.3,25138.1,0.7630
38246.0,4249.4,38400.0,4480.0,0.7629
1542.1,20359.2,1919.6,20466.9,0.7629
29984.6,1151.8,30079.1,1497.8,0.7627
19520.0,7035.9,19721.2,7090.3,0.7625
6803.1,14502.7,7350.4,15040.0,0.7624
26088.8,8596.9,26240.0,8640.0,0.7624
8793.4,9948.4,9275.3,10240.0,0.7621
16745.7,2269.0,16873.3,2560.0,0.7621
20065.7,8618.6,20194.2,8855.4,0.7620
8960.5,13760.1,9048.1,13907.1,0.7620
861.1,27421.8,1274.0,27520.0,0.7617
640.0,26350.4,716.9,26557.7,0.7617
1402.4,24536.0,1528.7,24956.9,0.7611
8092.0,14555.2,8636.9,15040.0,0.7611
1281.6,22404.9,1918.8,22719.0,0.7607
5250.7,3281.7,5370.7,3519.1,0.7606
9287.9,2879.3,9920.0,3198.5,0.7605
26560.0,6742.0,27198.6,7072.1,0.7604
2250.6,20880.5,2877.1,21342.3,0.7604
28266.3,1365.4,28799.9,1920.0,0.7603
38230.2,5510.8,38656.0,5760.0,0.7603
562.7,29739.2,688.4,30080.0,0.7601
27340.8,1514.3,27840.0,1920.0,0.7600
5346.6,16014.4,5440.0,16577.8,0.7600
29802.4,1166.8,29971.4,1326.1,0.7599
8722.2,16847.9,9276.5,17277.9,0.7598
354.7,31194.6,957.1,31679.6,0.7596
32669.9,25766.2,33278.1,26240.0,0.7595
3064.8,23360.5,3148.1,23469.9,0.7594
357.1,12578.5,958.3,12903.1,0.7594
7360.0,6400.0,7493.2,6941.7,0.7593
3305.0,29699.3,3819.0,30080.0,0.7593
4110.5,31461.9,4188.7,31678.1,0.7593
30636.5,6530.3,30719.9,6716.7,0.7591
3284.8,19200.0,3515.5,19412.1,0.7590
5367.5,3370.6,5726.6,3539.1,0.7588
27849.5,8000.0,28160.0,8605.4,0.7587
13470.2,6551.6,13531.3,7040.0,0.7585
2330.1,32398.1,2558.5,32533.3,0.7581
31781.6,35727.4,32316.4,36160.0,0.7578
9411.9,1752.3,9920.0,2236.4,0.7577
5382.0,6747.2,5760.0,7358.8,0.7576
21129.1,9600.0,21757.3,9725.9,0.7575
9280.0,236.5,9778.6,639.3,0.7574
2043.2,35790.0,2107.2,36160.0,0.7574
4947.1,28160.0,5120.0,28781.4,0.7574
25637.9,9084.1,26237.4,9228.7,0.7572
10244.9,1642.5,10876.0,2028.1,0.7572
829.7,33839.5,1279.8,34237.4,0.7570
13989.4,8322.2,14398.4,8950.9,0.7570
25060.9,8961.6,25280.0,9019.9,0.7568
5262.3,3520.4,5378.5,3673.7,0.7566
5612.6,30447.9,5672.4,30576.1,0.7566
18794.5,6170.0,18855.0,6361.0,0.7566
8234.2,4053.2,8640.0,4480.0,0.7565
14179.6,3429.1,14720.0,3840.0,0.7561
25643.1,9281.3,25920.0,9425.4,0.7559
8763.4,33840.1,9277.3,34240.0,0.7559
2092.5,30920.7,2547.1,31039.9,0.7559
16985.4,7773.7,17135.2,7998.6,0.7559
7680.0,140.1,7792.2,640.0,0.7558
2241.6,27427.9,2366.6,27518.5,0.7557
19189.9,4204.7,19517.4,4478.4,0.7556
3200.2,30667.5,3433.6,30904.7,0.7556
3850.0,23479.9,4032.1,23680.0,0.7556
29120.0,2833.5,29756.4,3200.0,0.7554
28502.9,30739.5,29117.5,31079.9,0.7553
7114.0,4871.7,7571.2,5440.0,0.7553
20802.2,3311.9,20905.0,3517.7,0.7552
282.9,1868.8,640.0,2239.9,0.7552
1286.2,30859.1,1353.7,31039.3,0.7550
1280.0,11761.0,1578.9,12159.6,0.7549
12487.1,9281.9,13114.8,9413.3,0.7549
1507.3,23710.6,1599.6,24094.8,0.7549
13443.7,5687.7,13564.7,6079.8,0.7546
17796.9,7926.3,17919.1,8320.0,0.7545
546.4,23938.5,638.4,24320.0,0.7544
4800.0,24650.4,4938.1,25232.3,0.7544
13736.2,8198.9,14079.4,8637.7,0.7543
4164.5,10283.0,4797.9,10560.0,0.7542
10870.3,8125.8,11200.0,8640.0,0.7542
7090.4,4485.1,7593.7,4999.4,0.7541
8849.3,14081.7,8960.0,14242.5,0.7539
8344.8,1391.2,8959.3,1920.0,0.7538
6593.5,25138.4,7037.5,25600.0,0.7538
3924.0,30405.1,4095.2,30873.7,0.7537
5777.2,4094.7,6397.7,4480.0,0.7533
3661.0,1185.6,3832.7,1600.0,0.7532
20203.0,1920.0,20796.0,2365.1,0.7532
3555.4,24648.6,4159.1,25087.0,0.7530
34347.7,9810.1,34874.9,10240.0,0.7529
19840.9,9000.4,19978.0,9050.2,0.7527
808.1,31884.1,877.2,32316.9,0.7526
3840.0,9321.4,3924.9,9522.3,0.7526
1162.4,152.3,1369.6,262.9,0.7525
690.3,25718.0,927.3,25919.4,0.7525
23519.3,2560.0,23998.4,3057.0,0.7525
27714.3,8960.0,27797.9,9437.7,0.7522
694.0,29337.2,808.4,29546.5,0.7522
5172.9,29131.6,5440.0,29471.0,0.7522
10593.3,9285.0,11198.4,9730.1,0.7520
37443.9,3711.2,38076.3,4155.0,0.7518
34914.9,4519.4,35520.0,4800.0,0.7518
10638.9,21305.5,11192.4,21759.1,0.7517
11950.5,24865.9,12468.2,25280.0,0.7516
24064.1,9401.2,24320.0,9588.9,0.7516
27648.8,9190.8,27704.3,9597.3,0.7516
16150.2,3840.0,16282.3,4480.0,0.7516
8903.3,4809.8,9280.0,5257.1,0.7515
37550.8,1482.7,38080.0,1918.8,0.7514
28640.7,1393.6,29120.0,1917.6,0.7513
505.7,962.4,639.8,1166.8,0.7511
11294.5,19089.4,11832.0,19517.6,0.7510
15834.1,6844.4,16314.3,7356.1,0.7510
5530.2,36439.9,5760.0,36864.0,0.7510
21764.2,4510.1,22400.0,4800.0,0.7507
19423.2,647.7,19520.0,1026.0,0.7505
33314.5,3201.5,33914.9,3647.8,0.7505
2977.5,21874.1,3032.2,22079.5,0.7503
322.2,24322.7,521.0,24629.7,0.7502
3238.9,20725.8,3838.0,21120.0,0.7502
20802.5,7362.8,20994.7,7905.6,0.7501
402.4,20160.0,672.6,20191.8,0.7500
23774.4,34622.5,24313.2,35200.0,0.7500
3520.0,26747.9,3733.0,26781.6,0.7499
19025.2,5120.0,19519.0,5217.2,0.7497
32972.8,31296.5,33597.1,31678.6,0.7495
6601.4,7581.6,6720.0,7997.4,0.7495
8321.4,12800.0,8519.7,13233.1,0.7494
31463.9,30909.9,31997.9,31360.0,0.7494
11302.3,26763.7,11835.6,27199.8,0.7494
1020.0,2881.3,1577.9,3230.2,0.7493
24725.5,34281.9,25275.9,34730.4,0.7492
27957.3,29653.3,28478.0,30080.0,0.7492
960.0,1574.5,1598.3,1854.6,0.7490
7361.6,8502.1,7618.0,8640.0,0.7490
8414.7,28348.1,8956.0,28800.0,0.7489
16153.9,6956.5,16638.3,7357.8,0.7488
15.1,35756.6,638.1,36160.0,0.7488
29852.4,5507.8,30396.7,6080.0,0.7488
22788.4,5120.0,23355.2,5306.2,0.7487
29036.7,2244.8,29440.0,2860.3,0.7487
16340.0,9994.3,16958.8,10240.0,0.7482
1612.0,20725.2,2239.2,21115.6,0.7482
31128.7,30875.3,31677.2,31358.2,0.7481
3480.4,23474.9,3584.0,24000.0,0.7479
8392.1,10386.0,8955.3,10880.0,0.7479
2009.1,26880.0,2090.1,27089.2,0.7478
14117.7,4437.8,14720.0,4800.0,0.7477
3861.3,7355.2,4479.1,7680.0,0.7477
1626.8,10972.8,2236.5,11428.2,0.7477
2560.0,6398.6,2763.5,6568.1,0.7477
18638.9,1930.1,18880.0,2384.8,0.7477
23554.1,8322.5,23678.9,8574.1,0.7476
5843.6,11108.2,5980.8,11518.8,0.7476
37466.1,20397.3,38077.6,20800.0,0.7475
690.5,34561.3,958.8,34964.0,0.7474
11527.3,287.4,12160.0,640.0,0.7474
7647.4,3567.7,7993.7,4159.6,0.7473
6420.9,20423.2,7037.1,20800.0,0.7472
1051.3,24370.2,1187.6,24483.7,0.7472
19864.5,7381.4,20065.7,7680.0,0.7471
2891.5,28331.1,3200.0,28479.4,0.7471
27581.5,1506.5,28159.8,1920.0,0.7466
26880.0,6402.7,27504.9,6769.7,0.7465
15485.2,188.7,15992.2,635.2,0.7464
32640.3,5678.7,32861.9,6078.6,0.7464
9944.8,28409.3,10557.5,28800.0,0.7464
2880.0,12161.0,3300.5,12323.2,0.7464
21440.0,5001.0,22077.2,5440.0,0.7461
10881.9,3841.5,10976.4,4012.9,0.7459
11989.3,24488.2,12470.9,24959.0,0.7458
8964.4,882.7,9285.4,1271.3,0.7458
19636.8,2829.2,19735.6,3200.0,0.7458
9120.5,3520.0,9280.0,4043.1,0.7456
4170.2,22742.5,4800.0,23306.0,0.7456
8762.0,11840.8,8960.0,12306.1,0.7454
1054.7,11371.5,1600.0,11839.9,0.7454
5544.7,2256.6,5637.5,2558.3,0.7453
7040.0,2380.1,7244.0,2878.2,0.7453
24007.0,4065.5,24635.4,4480.0,0.7451
9714.4,17779.7,10235.3,18239.8,0.7450
145.9,15136.1,633.5,15680.0,0.7450
32064.8,541.0,32640.0,958.3,0.7449
6097.7,19840.0,6715.1,20256.5,0.7449
1280.0,27847.0,1344.5,28166.5,0.7448
5029.1,2645.7,5116.9,2995.3,0.7448
3610.9,26773.6,3721.5,26880.0,0.7447
11221.1,9508.5,11837.4,9920.0,0.7447
8016.7,16833.6,8638.0,17279.3,0.7444
9233.8,1163.4,9598.3,1600.0,0.7443
2240.4,2784.9,2365.2,3198.7,0.7441
16834.9,3521.4,16959.9,3765.6,0.7440
23765.3,4336.4,24311.2,4791.2,0.7440
11603.8,28039.3,12154.7,28479.1,0.7440
1519.2,25463.0,1600.0,25600.0,0.7440
31123.3,33721.5,31675.0,34240.0,0.7440
5123.8,2240.0,5241.9,2703.1,0.7439
35241.6,31259.1,35838.5,31678.1,0.7439
5760.0,13332.8,5820.6,13754.8,0.7436
26574.9,0.0,27198.5,492.3,0.7435
3290.0,30431.1,3520.0,30562.4,0.7435
6579.9,2079.9,7027.6,2557.4,0.7435
7154.0,12596.3,7675.4,13120.0,0.7434
26881.1,5061.9,27520.0,5439.5,0.7434
28727.1,8943.2,28840.7,9280.0,0.7429
24840.8,7734.1,24952.8,8212.2,0.7428
2880.6,3461.9,2986.8,3542.0,0.7427
6400.0,1818.2,6568.7,1888.6,0.7426
33050.3,24440.1,33595.6,24960.0,0.7425
27355.3,5348.8,27701.7,5758.2,0.7424
7684.0,16575.1,8317.1,16960.0,0.7424
2794.1,23128.0,2878.8,23351.9,0.7423
5219.1,321.9,5366.8,510.0,0.7420
2880.0,12297.7,3167.6,12800.0,0.7420
5760.0,2287.3,5894.8,2456.7,0.7419
4286.1,5357.7,4361.6,5749.5,0.7419
5277.0,10885.6,5421.2,11050.4,0.7418
36861.3,5440.0,37358.0,5660.6,0.7417
6109.9,29664.0,6715.9,30080.0,0.7417
11621.4,5760.0,11840.0,6289.3,0.7416
807.6,30946.8,913.8,31078.3,0.7415
5193.3,6227.1,5756.0,6615.8,0.7414
1029.5,28740.8,1180.7,28884.4,0.7412
337.8,9600.1,390.9,9744.5,0.7412
5469.6,10242.4,5751.3,10737.4,0.7410
14700.5,2276.7,15039.6,2599.9,0.7409
7040.0,8953.5,7400.8,9280.0,0.7407
25037.7,33339.5,25596.0,33740.5,0.7403
28859.2,35432.5,29437.5,35840.0,0.7401
127.9,32.1,226.4,437.6,0.7401
12754.7,2245.0,13120.0,2707.5,0.7398
32968.7,8907.9,33599.2,9280.0,0.7396
6141.0,29367.4,6713.8,29760.0,0.7396
4990.7,1280.0,5103.6,1545.9,0.7395
23222.3,34501.7,23675.7,34880.0,0.7395
35560.2,27851.7,36157.2,28210.5,0.7393
4574.2,14192.5,5109.4,14718.4,0.7392
32412.9,32008.1,32955.6,32412.8,0.7391
11946.8,16146.4,12474.2,16640.0,0.7390
23042.6,8002.5,23484.5,8298.3,0.7390
28812.9,234.2,29436.6,640.0,0.7389
3200.9,24543.0,3355.2,24959.8,0.7388
8065.0,18143.1,8634.7,18560.0,0.7386
336.2,34779.7,958.3,35168.9,0.7385
32998.7,5884.8,33596.8,6396.5,0.7383
14173.6,10407.5,14714.5,10878.6,0.7381
8328.7,2241.3,8957.7,2724.1,0.7381
2724.3,22650.5,2779.0,23026.5,0.7379
11275.5,25182.0,11836.3,25600.0,0.7379
38239.6,4170.9,38400.0,4695.0,0.7378
19501.3,8491.2,19560.0,8921.4,0.7377
2973.1,31494.4,3033.2,32000.0,0.7376
7120.0,12369.3,7676.9,12602.4,0.7376
4185.3,13685.6,4796.1,14080.0,0.7373
5471.3,19649.8,6078.3,20152.7,0.7373
6402.6,12486.1,6869.2,12905.4,0.7373
4486.5,962.0,4566.4,1161.7,0.7372
3532.9,3709.4,4158.5,4150.5,0.7372
11548.7,14595.9,12159.1,15038.3,0.7371
23944.2,8320.0,24320.0,8447.6,0.7371
701.3,21448.2,1277.7,21694.6,0.7369
32426.1,4384.5,32960.0,4737.8,0.7368
14068.8,6465.7,14400.0,6719.0,0.7368
9963.8,13647.9,10504.7,14080.0,0.7367
9282.3,2561.6,9447.7,2812.8,0.7366
4639.2,10789.6,4800.0,11199.4,0.7366
11002.2,14239.6,11512.6,14719.2,0.7365
2302.8,1332.7,2556.7,1553.5,0.7365
16035.9,4995.2,16640.0,5437.3,0.7365
4741.3,3.8,4799.2,209.1,0.7364
70.0,4800.0,199.9,5348.6,0.7364
9178.1,5136.1,9600.0,5583.2,0.7364
36872.2,5722.6,37439.0,6080.0,0.7362
13202.9,9466.5,13760.0,9919.4,0.7361
247.1,8413.1,306.9,8950.6,0.7360
18962.6,6404.9,19219.1,6711.3,0.7359
7772.3,390.3,7827.8,960.0,0.7357
18140.7,5786.0,18560.0,6205.9,0.7357
24979.2,9920.0,25280.0,10383.0,0.7355
8323.0,5887.3,8553.2,6166.7,0.7354
6446.7,3922.1,6720.0,4480.0,0.7353
14171.7,1286.8,14720.0,1749.8,0.7353
12084.3,1491.5,12480.0,1920.0,0.7351
9398.4,9166.4,9917.0,9420.2,0.7351
23513.2,2570.4,23679.7,2989.7,0.7350
32002.9,3200.0,32137.6,3539.0,0.7349
7683.2,960.0,7829.9,1466.8,0.7349
2328.0,9600.0,2878.0,9940.7,0.7348
17697.4,1920.0,18240.0,2388.4,0.7347
30453.5,8438.5,30714.8,8543.6,0.7344
31150.5,2887.6,31680.0,3311.3,0.7343
4708.0,6476.6,4896.8,6624.8,0.7338
11303.2,26489.0,11835.7,26880.0,0.7336
13377.6,7083.7,13439.8,7359.2,0.7336
2895.4,29699.3,3517.3,30080.0,0.7335
4806.4,25477.0,4916.9,25914.0,0.7335
32999.9,4806.8,33597.1,5202.4,0.7334
8098.7,17494.4,8637.1,17920.0,0.7332
35902.7,6486.8,36414.3,7040.0,0.7332
7680.0,368.2,7773.4,960.0,0.7332
4728.7,19520.0,4797.6,19699.6,0.7330
17286.1,32.2,17758.4,433.4,0.7329
2880.0,21861.0,2950.6,22213.9,0.7328
11899.8,25515.1,12470.4,25920.0,0.7328
33544.2,1832.2,33920.0,2240.0,0.7325
3866.4,31364.3,3959.1,31900.6,0.7325
124.1,5968.1,251.7,6397.9,0.7325
3428.5,13987.3,3519.5,14400.0,0.7323
9670.0,15835.9,10239.1,16320.0,0.7322
869.7,2153.6,926.4,2551.5,0.7320
5786.0,13294.1,6076.7,13760.0,0.7319
7819.2,7680.0,7999.7,8149.2,0.7319
28258.8,7963.7,28480.0,8000.0,0.7319
9668.4,30018.0,10237.2,30400.0,0.7315
8392.8,17790.5,8951.6,18238.6,0.7315
4942.6,31040.0,5120.0,31641.6,0.7314
28500.2,28166.9,29117.2,28487.2,0.7312
10676.2,28711.6,11193.9,29119.8,0.7312
2560.0,28394.3,2660.9,28797.7,0.7311
29484.3,35685.5,30076.9,36160.0,0.7311
34883.6,4563.7,35018.8,5120.0,0.7309
4800.1,24960.3,4953.2,25456.3,0.7309
30167.2,34608.4,30714.1,35046.2,0.7309
4899.6,33136.2,5120.0,33280.0,0.7307
30403.4,6493.5,30489.4,6810.3,0.7305
11617.4,25150.8,12156.7,25598.2,0.7303
19212.3,3846.1,19399.4,4159.0,0.7303
29440.1,1521.3,30077.3,1920.0,0.7302
6403.0,6446.3,6557.4,7040.0,0.7302
3522.2,29043.8,3629.9,29234.2,0.7302
4375.2,27520.0,4793.8,28145.7,0.7302
3488.9,23469.1,3586.3,23678.9,0.7301
397.7,8015.4,959.2,8425.7,0.7298
25.2,23803.1,96.0,24320.0,0.7296
2645.3,12971.2,2974.6,13439.1,0.7295
14418.4,514.1,15039.9,949.2,0.7294
21872.1,6401.0,22080.0,6509.2,0.7291
5144.6,32103.7,5259.5,32308.3,0.7291
16655.9,9994.5,17279.4,10239.1,0.7291
1321.1,5145.3,1920.0,5536.9,0.7289
322.0,26311.4,766.4,26588.9,0.7289
8640.0,13440.2,8720.9,13579.2,0.7287
4892.7,13455.1,5438.9,13775.4,0.7286
26874.3,7681.0,27200.0,7790.6,0.7285
30778.1,5847.1,31353.0,6399.0,0.7283
28009.2,1756.8,28465.8,2240.0,0.7283
799.6,21685.8,959.6,22080.0,0.7282
11602.0,5671.0,11840.0,6080.0,0.7281
10965.4,24213.7,11518.7,24638.7,0.7278
8321.2,13122.9,8480.7,13504.1,0.7278
31249.1,1342.1,31360.0,1599.7,0.7278
33178.6,8002.2,33280.0,8290.3,0.7277
18906.2,1246.4,19517.2,1600.0,0.7277
10386.5,33201.1,10880.0,33600.0,0.7277
10569.2,8360.7,11200.0,8695.0,0.7275
22589.1,6327.3,23040.0,6502.3,0.7274
961.7,33148.7,1183.3,33223.2,0.7272
368.3,6803.5,492.0,7355.9,0.7271
18328.9,7041.9,18875.1,7536.1,0.7270
22535.4,2241.1,23040.0,2739.2,0.7269
4641.1,9616.5,4800.0,9920.0,0.7266
22406.4,4058.0,23037.5,4480.0,0.7265
35904.9,8829.2,36473.4,9280.0,0.7264
31119.3,2391.6,31668.8,2880.0,0.7264
2681.1,18241.7,3195.4,18687.1,0.7262
2880.7,22207.2,2937.2,22516.4,0.7262
24960.0,933.0,25600.0,1278.4,0.7261
5593.5,30306.4,6075.1,30719.0,0.7261
2478.9,6721.1,2558.2,6965.3,0.7260
7528.9,6080.0,7680.0,6671.8,0.7259
3521.0,24048.6,3599.7,24182.3,0.7259
7422.5,23254.0,8000.0,23680.0,0.7254
18361.5,6506.2,18662.4,6720.0,0.7253
514.0,24121.9,640.0,24636.9,0.7253
11368.0,12647.2,11834.7,13120.0,0.7252
4053.5,2891.7,4159.1,3203.5,0.7249
15960.0,3841.3,16294.1,4449.4,0.7247
6400.8,2011.2,6672.2,2267.1,0.7247
16088.1,5527.2,16318.7,6080.0,0.7247
4487.5,15040.0,4800.0,15607.9,0.7247
960.0,33600.0,1165.5,33635.8,0.7247
8124.5,15823.9,8638.3,16319.0,0.7239
15365.3,3847.5,15805.5,4176.7,0.7239
38021.2,3752.3,38654.2,4160.0,0.7238
11032.7,12085.0,11198.8,12160.0,0.7234
459.3,2360.3,639.1,2880.0,0.7233
18124.6,3523.2,18240.0,4007.1,0.7233
38126.9,714.3,38653.3,958.2,0.7232
359.2,2250.9,640.0,2559.9,0.7232
1903.3,27065.2,2239.2,27200.0,0.7231
2936.0,30912.1,3200.0,31020.9,0.7231
4565.3,34561.3,4800.0,35082.6,0.7229
10312.1,669.5,10877.9,960.0,0.7227
3149.4,23041.2,3234.1,23144.5,0.7225
5956.9,20733.1,6079.6,21119.7,0.7223
24698.7,7365.4,25070.0,7805.0,0.7221
1237.9,23976.3,1310.8,24320.0,0.7219
2241.1,6752.4,2455.6,6908.9,0.7218
19745.6,4800.0,19812.3,4990.6,0.7217
3427.9,553.4,3520.0,960.0,0.7215
26894.2,30622.0,27518.8,31038.5,0.7213
166.2,19613.3,623.9,19840.0,0.7212
28505.9,32204.4,29116.2,32640.0,0.7212
7928.3,7306.5,7999.2,7680.0,0.7211
7528.4,6400.0,7680.0,7018.8,0.7211
2843.2,21959.5,2946.8,22399.2,0.7208
1970.9,30511.6,2160.6,30718.8,0.7208
28481.3,320.4,28647.6,502.6,0.7204
4965.7,24783.7,5430.0,25280.0,0.7204
183.3,21500.3,535.9,21760.0,0.7203
25069.4,7632.7,25276.2,7927.9,0.7203
0.0,20160.0,193.9,20193.7,0.7201
11297.7,23888.8,11838.5,24320.0,0.7200
11951.3,16517.3,12472.8,16958.4,0.7198
6019.9,1600.0,6074.0,1890.8,0.7196
33601.2,3800.5,34238.3,4154.5,0.7196
9028.1,17527.7,9597.0,17920.0,0.7196
3762.7,1281.7,3835.2,1653.7,0.7195
4585.3,24326.4,4793.4,24785.7,0.7195
22654.5,8640.4,22720.0,8720.1,0.7193
8120.0,7569.9,8635.9,8000.0,0.7191
8332.6,5760.0,8955.4,6189.5,0.7189
22400.0,3597.6,23038.5,3840.0,0.7189
12472.4,10128.7,12797.8,10560.0,0.7189
10599.6,12493.5,10798.7,12685.7,0.7186
36244.3,27200.0,36795.2,27694.7,0.7185
3720.1,26505.1,3840.0,26880.0,0.7184
14205.7,6400.0,14399.6,7033.2,0.7178
38206.2,6117.1,38399.9,6400.0,0.7176
20814.3,8862.6,21437.1,9180.6,0.7174
26742.0,36393.1,27198.4,36863.7,0.7173
22109.5,35381.6,22718.9,35839.8,0.7168
32780.6,5453.6,33279.8,5929.1,0.7166
34883.9,8323.1,35518.4,8695.5,0.7166
17967.2,7266.5,18557.8,7680.0,0.7163
14622.0,4999.1,15039.1,5439.6,0.7161
0.0,2564.4,79.7,2914.1,0.7160
13464.5,6453.3,13524.5,6805.7,0.7159
5761.6,320.0,6024.2,493.0,0.7156
1396.1,2749.3,1901.6,3196.3,0.7156
2651.0,31681.9,2863.2,32221.9,0.7152
21793.0,33315.7,22391.5,33692.8,0.7151
10277.5,31587.8,10874.2,32000.0,0.7151
22294.6,4160.0,22399.4,4641.8,0.7150
33312.9,9282.9,33912.3,9738.7,0.7149
4800.0,24009.7,4937.1,24483.5,0.7148
23454.7,8005.5,23554.6,8353.5,0.7148
963.8,6400.0,1600.0,6705.8,0.7147
6159.2,7049.2,6400.0,7664.9,0.7147
15680.0,3697.3,16182.8,4159.9,0.7147
36402.0,6490.2,36480.0,6718.0,0.7147
2987.6,10880.8,3520.0,11297.0,0.7146
16688.8,6719.0,17273.5,7038.3,0.7146
8007.5,7921.9,8640.0,8320.0,0.7145
18647.1,6909.8,19196.3,7360.0,0.7145
11652.1,4483.0,12160.0,4987.5,0.7144
18546.3,1380.0,18864.8,1920.0,0.7144
2737.8,23440.5,2793.0,23678.4,0.7141
16377.2,8033.5,16473.9,8306.0,0.7141
7450.7,6404.1,7967.5,7011.0,0.7141
11252.7,5036.6,11518.9,5440.0,0.7141
4186.8,30620.8,4267.3,31040.0,0.7140
320.0,9343.8,392.7,9864.6,0.7140
525.9,31021.2,612.6,31079.9,0.7140
26240.0,8182.0,26360.6,8318.6,0.7140
4872.6,18321.3,5431.0,18880.0,0.7139
2073.4,4522.7,2240.0,4983.8,0.7138
9915.8,1280.7,10208.6,1350.4,0.7138
17282.7,5999.2,17906.1,6400.0,0.7137
37141.1,3860.0,37760.0,4190.6,0.7134
481.7,29734.9,585.1,30080.0,0.7134
29760.0,9280.0,30397.6,9612.0,0.7133
6647.1,20151.5,6720.0,20479.6,0.7132
17410.0,2915.0,17920.0,3195.3,0.7132
24838.0,6155.1,24960.0,6399.7,0.7132
3960.5,32147.6,4026.6,32640.0,0.7131
8423.4,5544.8,8955.5,6076.8,0.7130
9369.0,15238.8,9918.4,15680.0,0.7130
405.1,7680.9,484.4,7770.2,0.7128
4493.5,36067.1,5116.1,36480.0,0.7126
27286.3,35361.5,27835.0,35840.0,0.7126
8876.9,13442.9,8959.9,13805.2,0.7126
2861.4,8714.6,3198.2,8853.3,0.7124
3395.4,22570.6,3451.3,22793.4,0.7122
8086.0,5294.2,8319.3,5754.9,0.7120
4058.9,28800.8,4140.3,28904.4,0.7120
35620.8,21878.6,36154.5,22400.0,0.7119
5440.1,22603.4,6070.4,23040.0,0.7118
1603.0,34326.4,1952.9,34880.0,0.7116
5138.8,21859.4,5642.1,22399.0,0.7115
1978.7,29131.0,2080.9,29439.9,0.7115
321.5,3212.5,544.9,3721.5,0.7114
19870.9,8152.8,20005.9,8419.1,0.7113
1671.3,1980.7,2186.2,2499.5,0.7112
7051.0,9646.4,7678.3,9920.0,0.7112
31713.5,7607.0,32319.5,8000.0,0.7112
20595.1,9355.7,20800.0,9533.2,0.7108
35008.3,7043.6,35199.9,7589.4,0.7107
37502.4,20187.7,38069.4,20598.4,0.7106
17041.3,2566.0,17159.7,2933.8,0.7105
4481.0,6720.0,4583.3,7191.4,0.7103
17.4,26510.7,638.4,26880.0,0.7103
6016.6,3331.2,6079.3,3651.6,0.7102
24375.5,1376.5,24954.8,1600.0,0.7101
3779.4,6784.4,3849.3,7035.8,0.7101
14881.9,4667.8,15039.9,5119.8,0.7101
10560.0,4843.3,10633.2,5111.7,0.7100
17043.3,1926.7,17279.9,2389.1,0.7099
3520.0,1198.3,3716.0,1599.7,0.7096
221.8,9874.4,306.4,10239.3,0.7096
18008.5,6725.3,18557.0,7225.5,0.7094
16640.0,9543.1,16879.0,9609.2,0.7090
2808.7,22526.2,2900.1,22719.1,0.7090
4903.3,3778.6,5422.8,4152.9,0.7089
29781.6,25929.6,30397.4,26341.3,0.7088
37224.2,6327.6,37755.0,6720.0,0.7088
28409.6,7040.0,28800.0,7533.8,0.7087
34920.5,26128.1,35513.5,26560.0,0.7086
2027.2,25685.5,2240.0,25920.0,0.7085
3290.8,618.5,3510.8,953.5,0.7084
2818.0,31460.1,2912.5,31996.8,0.7084
30658.6,7931.0,30719.5,8320.0,0.7081
0.9,20189.6,182.5,20290.9,0.7081
1605.0,27200.0,1941.8,27752.9,0.7080
1960.5,2886.0,2081.2,3359.7,0.7080
20178.0,384.1,20480.0,960.0,0.7079
7367.8,8960.0,7998.5,9038.2,0.7079
3522.7,29744.0,3769.1,30080.0,0.7079
11955.1,13618.4,12480.0,14080.0,0.7079
4209.6,30080.0,4478.8,30696.6,0.7077
36752.9,6720.0,37116.2,6800.2,0.7074
640.0,26764.0,799.6,27198.1,0.7073
5211.9,883.3,5436.5,960.0,0.7072
741.8,6080.0,959.6,6355.2,0.7070
4623.7,34659.6,5115.0,35200.0,0.7068
36286.7,2892.1,36480.0,3433.4,0.7068
17924.6,5452.2,18062.0,5760.0,0.7067
20161.1,8570.2,20282.3,8618.2,0.7067
2294.8,7042.7,2878.0,7431.1,0.7066
11310.1,2245.9,11839.2,2809.2,0.7063
18714.7,56.9,18880.0,640.0,0.7063
356.5,6416.7,518.5,6923.1,0.7062
834.7,18880.0,1276.8,19093.7,0.7060
31757.2,3996.2,32319.6,4456.1,0.7060
5590.0,22358.2,5760.0,22400.0,0.7059
2346.8,8479.4,2556.1,8638.0,0.7059
9706.6,7405.2,10226.4,7680.0,0.7058
35900.3,26578.6,36473.9,27001.5,0.7056
4893.1,16646.7,5003.6,17167.3,0.7055
3537.4,30428.2,3776.0,30556.8,0.7054
374.2,7042.3,500.8,7502.7,0.7053
27588.2,6945.5,28159.2,7360.0,0.7053
33695.5,29888.9,34235.8,30399.0,0.7052
8610.7,12969.8,8697.3,13440.0,0.7051
38016.0,6082.9,38129.1,6235.3,0.7049
11900.8,2181.6,12479.1,2558.9,0.7049
33920.0,8402.5,34556.7,8735.7,0.7048
34712.2,5380.7,35200.0,5754.3,0.7047
35374.3,6118.8,35812.2,6415.1,0.7046
2827.2,30443.1,2925.6,30569.5,0.7045
31365.5,2896.4,31845.9,3358.7,0.7043
3028.7,9922.0,3174.1,10019.3,0.7043
1602.1,25920.0,1748.6,26408.7,0.7043
1787.8,4691.6,1919.9,5118.3,0.7043
24382.6,5654.8,24704.1,6080.0,0.7043
30104.3,6092.0,30711.1,6493.3,0.7042
30164.4,7044.4,30400.0,7408.2,0.7042
24823.1,8182.3,24879.8,8639.2,0.7042
3201.7,18242.9,3580.8,18651.9,0.7040
11594.4,13913.3,12154.7,14399.3,0.7040
1297.7,26023.3,1380.2,26335.7,0.7039
11956.3,15862.5,12472.8,16317.3,0.7039
2678.9,25920.8,2790.4,26057.2,0.7039
26959.0,30416.6,27515.1,30852.8,0.7038
5441.2,13443.8,5532.9,13746.0,0.7038
24096.2,2881.6,24631.4,3326.2,0.7038
15364.6,7516.9,15460.2,7996.1,0.7037
33931.4,2781.0,34556.4,3200.0,0.7037
16965.4,9920.0,17600.0,10034.3,0.7035
1170.3,24642.7,1256.5,24950.6,0.7031
3147.0,22878.3,3233.5,23354.4,0.7030
31619.6,560.6,31674.0,950.9,0.7029
11986.1,13052.7,12480.0,13440.0,0.7029
9102.4,4894.4,9597.2,5439.3,0.7028
38136.2,986.3,38656.0,1331.7,0.7028
36489.1,8359.7,37119.3,8640.0,0.7027
5758.5,16964.0,6080.0,17354.3,0.7024
15547.9,7684.3,15680.0,8247.3,0.7022
33728.5,29616.9,34239.1,30075.6,0.7022
27600.6,10773.6,28155.5,11200.0,0.7022
7846.0,23181.4,8320.0,23676.8,0.7020
15360.0,8641.6,15998.1,9023.2,0.7020
31329.8,711.8,31679.4,1064.9,0.7019
37109.8,6585.5,37439.1,7039.4,0.7019
13896.8,712.0,14080.0,1280.0,0.7019
26131.7,4802.0,26560.0,5251.7,0.7019
35886.9,27433.2,36477.1,27840.0,0.7018
7743.9,24550.1,8320.0,24960.0,0.7018
21243.8,1280.9,21753.2,1786.6,0.7018
5257.9,32643.2,5440.0,33077.5,0.7017
960.0,33280.0,1598.4,33400.5,0.7017
31680.0,9524.9,32320.0,9918.4,0.7017
3235.5,31681.7,3317.2,31901.4,0.7017
16972.6,4160.0,17598.7,4669.7,0.7015
2780.0,28551.8,2878.7,28719.3,0.7012
10350.7,34126.6,10873.1,34560.0,0.7010
5164.9,32107.8,5400.7,32143.6,0.7010
13121.3,4808.3,13476.7,5351.3,0.7009
3270.7,26084.1,3829.0,26559.8,0.7008
10121.7,11840.2,10240.0,11935.4,0.7007
370.9,8245.2,957.7,8640.0,0.7004
8069.5,16227.6,8638.0,16639.5,0.7004
4498.5,4073.2,5117.8,4476.3,0.7002
26661.2,8819.7,27198.2,8913.3,0.7001
7553.6,18980.1,7639.4,19123.0,0.6998
19840.0,3019.4,20148.1,3200.0,0.6994
5382.7,1921.4,5551.4,2098.7,0.6994
19196.2,6334.9,19518.6,6621.8,0.6993
33923.6,6495.0,34256.2,6720.0,0.6993
12358.2,9280.0,12799.6,9387.1,0.6993
37760.0,5120.1,38055.4,5250.0,0.6990
8640.6,11299.0,8773.4,11411.0,0.6989
1095.4,29694.1,1280.0,30073.3,0.6988
10399.7,30619.8,10875.2,31039.0,0.6988
2648.8,13337.9,2854.9,13745.9,0.6988
1771.2,21860.5,2064.1,21971.8,0.6987
19582.4,3292.0,19701.1,3838.4,0.6983
10711.5,9830.2,10878.0,9920.0,0.6983
320.0,23756.0,503.3,24000.0,0.6979
5314.9,15900.5,5757.1,16320.0,0.6979
22724.4,4800.6,23358.0,5042.9,0.6978
640.5,20865.6,1280.0,21120.0,0.6978
13442.0,3520.0,13739.9,4143.9,0.6977
27721.1,6089.3,27840.0,6530.4,0.6976
37452.8,3066.5,38077.1,3513.6,0.6975
33688.5,7362.7,34239.8,7785.3,0.6975
9215.9,11871.7,9312.9,12157.2,0.6974
9084.2,10606.5,9599.5,10677.2,0.6973
20849.3,3840.1,21120.0,4480.0,0.6973
6720.0,8642.4,7357.5,8752.0,0.6972
36818.8,6784.5,37440.0,7040.0,0.6970
9931.0,5036.6,10554.3,5440.0,0.6969
13356.9,8526.6,13439.1,8954.7,0.6969
10629.5,27676.5,11196.9,28160.0,0.6968
17601.1,3756.2,17781.4,4157.8,0.6966
4674.6,28896.9,5117.3,29440.0,0.6966
11900.6,27750.3,12469.5,28159.6,0.6966
3968.1,28480.4,4024.8,28689.4,0.6965
3626.7,24320.0,4105.0,24869.1,0.6964
22597.4,5760.0,23022.5,5935.1,0.6963
7693.9,3209.3,8318.3,3520.0,0.6963
2880.0,24989.6,3172.5,25280.0,0.6962
851.9,8023.3,1276.5,8141.1,0.6961
0.0,16001.2,496.4,16578.7,0.6961
23539.5,6081.0,23621.5,6231.7,0.6959
1563.1,30887.5,1701.4,31358.5,0.6958
17284.0,3842.8,17666.6,4018.6,0.6957
11304.3,27734.3,11837.6,28160.0,0.6956
1511.3,641.0,1824.5,773.3,0.6956
34026.1,5442.5,34240.0,6050.5,0.6955
25632.7,31953.4,26235.2,32319.9,0.6955
8320.1,16880.7,8956.5,17280.0,0.6953
23455.6,5774.9,23656.9,6107.2,0.6952
23769.7,31709.5,24314.9,32128.7,0.6951
556.4,964.9,960.0,1249.5,0.6950
3520.0,27288.1,3588.0,27840.0,0.6949
10981.5,2407.2,11518.4,2880.0,0.6949
38510.1,5767.9,38637.1,6071.2,0.6948
3436.1,1876.1,3840.0,2240.0,0.6945
3621.4,27214.2,3839.2,27518.5,0.6944
7790.7,1030.4,7998.2,1600.0,0.6941
668.0,13626.4,1276.9,14077.8,0.6941
11301.7,7362.8,11836.2,7825.0,0.6939
9600.9,8902.6,9807.6,8960.0,0.6938
591.5,32640.0,775.9,33029.6,0.6938
18923.8,7682.2,19032.9,8169.7,0.6937
33044.2,30844.6,33594.7,31358.0,0.6936
5175.0,33194.4,5757.6,33600.0,0.6934
1228.6,13120.2,1600.0,13753.0,0.6932
414.3,2563.9,543.5,3164.9,0.6931
6644.3,6614.0,7027.5,7040.0,0.6930
7414.2,7684.2,7680.0,8171.4,0.6929
9699.0,20040.5,10233.3,20480.0,0.6929
21760.0,9600.0,22398.5,9723.5,0.6927
5125.1,3374.6,5248.5,3746.8,0.6926
2340.6,33242.0,2560.0,33280.0,0.6926
3840.0,25670.5,4003.7,26240.0,0.6925
27569.1,5994.8,27662.2,6400.0,0.6925
88.7,18242.1,635.4,18732.1,0.6925
12122.0,4104.1,12480.0,4479.7,0.6925
2911.5,31681.0,2970.1,31783.9,0.6925
263.0,3840.4,633.7,3958.3,0.6924
21762.5,7493.6,21859.8,7680.0,0.6924
18316.9,8018.2,18406.5,8618.5,0.6923
22419.8,6679.6,23040.0,7040.0,0.6922
36527.9,6800.0,36799.9,7039.0,0.6921
6448.3,962.8,6591.8,1290.5,0.6920
531.1,25801.5,655.1,25958.6,0.6920
37352.7,2624.1,37440.0,3092.3,0.6919
8448.8,12555.1,8957.2,13118.8,0.6919
2177.7,25178.1,2560.0,25600.0,0.6918
6041.4,22770.0,6400.0,23037.3,0.6918
27850.3,6961.0,28476.4,7360.0,0.6917
6873.8,12480.3,7039.0,13010.1,0.6916
10635.2,15264.8,11197.0,15680.0,0.6916
12242.6,5762.8,12480.0,6276.0,0.6913
10848.1,4400.6,11200.0,4800.0,0.6913
35039.1,5221.3,35517.0,5760.0,0.6913
9411.3,8893.4,9600.0,8960.0,0.6913
12629.4,3744.4,13112.9,4160.0,0.6912
27681.0,7040.3,27840.0,7563.8,0.6907
11916.6,26150.5,12464.5,26560.0,0.6907
13125.3,1321.7,13758.0,1600.0,0.6906
27710.9,9422.8,27785.5,9919.1,0.6905
11906.6,18471.4,12473.0,18880.0,0.6905
5763.0,15043.0,6209.0,15505.0,0.6904
33280.0,7876.4,33917.8,8316.2,0.6903
15360.3,1921.3,15453.6,2039.3,0.6902
2328.3,35200.0,2559.1,35479.7,0.6902
14083.2,5765.4,14165.6,6099.2,0.6900
13123.5,1920.0,13438.3,2485.9,0.6899
3185.4,12801.9,3394.2,13068.7,0.6896
8065.9,23924.9,8638.1,24320.0,0.6896
6720.3,18880.7,6949.9,18978.4,0.6895
646.3,34181.6,1151.1,34553.8,0.6894
19693.1,6296.3,19837.5,6641.5,0.6892
4160.0,21760.7,4711.3,22179.7,0.6888
5535.3,33472.7,6075.7,33917.7,0.6887
28288.9,7681.3,28479.1,7938.4,0.6885
1530.8,30721.0,1609.9,30817.6,0.6884
25382.4,6468.2,25913.7,6779.9,0.6883
23642.6,4481.1,24000.0,4872.4,0.6883
2171.3,23893.3,2499.6,24319.1,0.6882
12782.6,7916.3,13113.6,8320.0,0.6881
23431.2,35725.0,23995.6,36158.5,0.6880
20977.1,1280.0,21430.2,1714.9,0.6880
3699.5,9924.3,4160.0,10209.7,0.6879
29497.1,29055.5,30080.0,29440.0,0.6878
10714.7,4585.7,11195.9,5120.0,0.6878
3645.5,33212.4,3758.3,33600.0,0.6877
10025.6,14869.6,10556.7,15360.0,0.6877
5824.6,15271.4,6318.4,15680.0,0.6876
9690.8,14556.2,10233.9,15040.0,0.6874
19891.3,3446.9,19978.4,3840.0,0.6874
29209.1,2034.1,29759.1,2554.9,0.6873
6720.6,19106.3,6939.7,19519.8,0.6871
21299.6,6095.6,21440.0,6712.5,0.6869
36579.8,5665.5,37112.7,6079.9,0.6868
2240.0,3904.0,2875.3,4160.0,0.6867
323.9,19842.2,578.7,19943.5,0.6865
10564.5,1002.0,11074.7,1279.7,0.6864
17920.0,6647.7,18373.2,7040.0,0.6863
19293.9,4007.1,19519.3,4436.6,0.6862
15362.8,4090.8,15835.7,4480.0,0.6862
1280.0,31377.3,1770.5,31606.5,0.6862
18946.1,1920.0,19516.0,2090.2,0.6860
17073.0,6031.5,17594.7,6395.3,0.6860
2809.8,26786.6,3050.4,26880.0,0.6860
15100.0,9651.8,15677.6,9966.7,0.6858
36468.8,240.8,36799.8,640.0,0.6858
601.6,22400.0,959.0,22950.2,0.6858
1493.4,29442.6,1908.7,30072.8,0.6857
960.0,14009.3,1223.7,14400.0,0.6857
5458.8,34801.8,6079.0,35200.0,0.6857
14242.2,9977.6,14400.0,10021.8,0.6856
23957.8,5605.1,24088.9,6072.1,0.6855
29440.8,2469.5,30080.0,2873.2,0.6854
7118.6,4179.9,7617.5,4641.2,0.6853
17473.0,2618.7,17600.0,2676.7,0.6851
0.0,24156.1,100.7,24634.2,0.6850
14798.8,8323.2,15038.9,8782.1,0.6849
1411.4,6080.3,1920.0,6618.7,0.6849
35551.7,4160.0,35840.0,4750.8,0.6848
1297.2,30550.5,1353.0,30832.5,0.6845
11290.1,2633.3,11834.0,3200.0,0.6845
4257.6,1.7,4328.5,125.5,0.6844
30609.0,6404.0,31040.0,6837.4,0.6844
15110.3,9689.7,15359.8,9844.3,0.6844
939.5,30720.5,983.4,30863.6,0.6843
27644.3,8902.1,27705.0,9280.0,0.6843
15688.5,3349.7,15999.1,3761.8,0.6842
26326.5,31393.4,26875.1,31817.5,0.6841
34240.1,5801.3,34880.0,6186.3,0.6840
1919.9,24321.3,2240.0,24696.7,0.6840
25920.0,972.1,26555.8,1280.0,0.6840
20160.0,7613.2,20673.7,8000.0,0.6840
20241.4,6966.1,20800.0,7358.5,0.6839
465.7,6591.3,953.8,7040.0,0.6838
792.5,14409.0,1261.3,14882.6,0.6838
13441.7,6966.0,13503.7,7360.0,0.6837
34523.4,1515.6,34873.2,1920.0,0.6837
1920.0,11204.6,1995.4,11616.5,0.6836
6077.5,21766.4,6399.8,22143.1,0.6836
12197.2,7245.0,12799.9,7680.0,0.6835
361.1,2568.5,454.5,2913.4,0.6835
18001.2,1101.7,18558.8,1596.3,0.6835
3840.0,24321.4,4076.5,24903.5,0.6835
2560.6,26635.2,2809.3,26880.0,0.6834
18782.3,7200.7,18880.0,7534.4,0.6834
21512.8,9495.5,22080.0,9699.0,0.6832
3203.5,618.7,3438.8,952.4,0.6831
250.5,8642.6,313.5,8936.5,0.6831
19132.2,88.0,19200.0,623.8,0.6830
30467.9,1181.8,31034.5,1586.6,0.6828
9383.8,26425.6,9916.5,26879.5,0.6828
3868.4,31252.7,3956.3,31676.6,0.6826
3264.5,5699.0,3826.7,6080.0,0.6824
320.0,25680.8,533.8,26240.0,0.6822
24386.4,35213.8,24951.5,35601.9,0.6822
21846.2,643.3,22078.7,1018.5,0.6820
34254.4,21446.3,34878.8,21760.0,0.6820
9337.6,17488.6,9918.1,17920.0,0.6819
104.0,15360.5,638.8,15761.3,0.6817
2655.9,31430.0,2772.2,32000.0,0.6814
809.5,2416.7,1277.8,2875.1,0.6814
16154.9,7680.0,16614.8,8211.0,0.6813
640.0,20480.0,874.6,20516.8,0.6812
24321.0,4480.0,24675.6,5114.1,0.6811
12386.5,1389.2,12479.9,1918.5,0.6810
9750.6,29349.9,10240.0,29760.0,0.6808
7461.9,17129.3,7994.7,17598.2,0.6806
2880.0,21248.6,3005.9,21440.0,0.6806
21517.0,1867.8,22074.1,2240.0,0.6806
9015.1,31607.8,9597.9,32000.0,0.6805
17682.9,3216.6,17915.2,3459.5,0.6805
19810.5,4202.8,19878.8,4473.1,0.6804
11972.5,27402.6,12475.6,27840.0,0.6803
0.7,7817.5,200.4,8000.0,0.6802
29981.9,1167.1,30394.3,1600.0,0.6802
9677.3,7042.6,10239.1,7302.5,0.6801
4703.0,6219.0,4894.1,6400.0,0.6798
1662.5,32211.7,1723.9,32465.4,0.6797
17574.4,3525.2,17634.7,3766.1,0.6795
11202.5,4171.9,11536.1,4486.5,0.6795
4803.7,22654.5,5438.0,23037.9,0.6793
26477.7,5991.4,26880.0,6079.6,0.6792
9853.9,12937.7,9920.0,13426.9,0.6792
7783.7,23905.1,8312.3,24320.0,0.6791
16715.8,4483.5,16959.8,4840.5,0.6790
916.2,30937.7,1002.9,31074.0,0.6790
3224.5,12380.9,3838.5,12796.5,0.6790
35255.6,28039.9,35835.4,28480.0,0.6790
32883.5,5292.9,33280.0,5756.9,0.6788
28160.0,964.1,28596.8,1279.9,0.6787
26991.5,7584.5,27198.4,7805.7,0.6785
16977.1,7771.1,17091.6,8320.0,0.6784
3851.1,6817.0,3933.2,6963.5,0.6782
4537.6,35465.2,4800.0,35840.0,0.6781
23442.6,7688.7,23553.0,8176.0,0.6780
9370.2,21652.9,9914.3,22080.0,0.6780
2.8,3840.6,289.3,4017.5,0.6779
1976.1,5196.4,2552.0,5440.0,0.6778
6281.1,24652.8,6703.3,24930.1,0.6778
3202.7,11189.8,3613.4,11519.7,0.6777
640.0,1862.1,1002.9,2240.0,0.6776
37446.7,18239.1,38076.0,18560.0,0.6776
34588.3,8556.3,35198.8,8960.0,0.6775
10248.6,2428.9,10871.1,2880.0,0.6775
37444.7,4341.1,37823.9,4477.4,0.6774
316.4,8640.0,387.4,8922.5,0.6772
30724.9,8861.4,31357.6,9001.4,0.6772
16978.4,2802.1,17474.2,3200.0,0.6771
5144.3,8269.4,5758.1,8636.8,0.6769
321.2,30081.5,405.2,30274.2,0.6769
27649.3,5688.6,27780.0,6080.0,0.6768
8100.1,14249.0,8629.9,14720.0,0.6768
17929.6,3023.1,18560.0,3461.8,0.6767
6008.0,1824.0,6400.0,1897.3,0.6767
5341.6,26896.1,5760.0,27200.0,0.6767
369.0,12611.1,639.9,13082.0,0.6761
3752.5,19556.2,3882.2,19652.3,0.6760
26641.2,5120.0,27197.5,5621.7,0.6759
35202.3,6722.7,35321.6,7211.2,0.6758
6399.4,9930.0,6720.0,10556.8,0.6758
5443.1,3367.7,5648.3,3519.1,0.6756
2074.5,31363.3,2169.2,31862.3,0.6754
17922.9,2240.8,18094.1,2317.1,0.6754
4522.7,1283.1,4797.4,1599.2,0.6753
7375.8,23931.4,7998.8,24318.5,0.6753
1922.9,18495.0,2556.8,18880.0,0.6752
15372.4,2099.6,15996.1,2560.0,0.6751
309.7,7282.1,378.1,7678.8,0.6748
4026.9,10521.8,4105.8,10880.0,0.6748
3520.0,5706.7,3638.3,6080.0,0.6747
21999.1,271.4,22080.0,501.4,0.6745
4160.0,9546.8,4383.8,9584.8,0.6744
6720.6,3735.9,6821.7,3839.2,0.6743
5614.2,30432.4,5674.4,30717.7,0.6742
18560.0,3327.6,19065.0,3837.8,0.6741
10241.2,1799.4,10481.4,1920.0,0.6740
27887.8,6085.5,28480.0,6463.6,0.6740
3301.5,11745.5,3520.0,12159.7,0.6739
7088.1,5124.7,7574.1,5629.0,0.6734
10240.0,9280.0,10880.0,9665.3,0.6731
10314.8,5763.5,10560.0,6400.0,0.6728
24960.0,8348.4,25021.0,8743.5,0.6725
36809.1,21440.0,37436.8,21852.1,0.6725
14080.0,5120.4,14719.8,5449.3,0.6724
10968.8,21311.7,11517.3,21759.7,0.6722
1920.0,28972.4,2005.2,29112.2,0.6722
688.7,6357.2,1278.8,6719.9,0.6722
20803.7,7360.5,20944.7,7677.1,0.6721
4198.7,29563.9,4485.6,30080.0,0.6721
4027.3,27200.0,4108.2,27381.0,0.6720
7299.3,1920.3,7359.9,2099.0,0.6717
18568.2,3214.0,19200.0,3520.0,0.6715
6815.1,27775.7,7354.6,28160.0,0.6713
19595.6,3753.1,20157.1,4159.7,0.6713
3600.2,1878.0,4159.7,2120.5,0.6710
37564.9,960.0,38080.0,1359.1,0.6708
7050.6,916.4,7158.1,1280.0,0.6708
28228.9,9686.3,28792.6,10238.4,0.6707
4580.1,24000.0,4799.8,24638.2,0.6706
30445.3,5015.3,31040.0,5440.0,0.6705
8214.1,2240.0,8527.2,2447.5,0.6703
3907.2,36460.1,4479.9,36864.0,0.6701
27840.0,9281.2,28479.2,9408.0,0.6700
7442.2,29673.3,7997.9,30080.0,0.6699
3522.5,24255.5,3680.2,24637.5,0.6698
9287.4,1275.0,9916.1,1600.0,0.6698
6323.0,2615.8,6394.3,2739.1,0.6695
29855.1,35409.7,30396.2,35840.0,0.6694
1920.0,19409.5,2249.3,19619.4,0.6693
4500.9,9626.5,4596.9,9876.5,0.6692
27925.5,33953.1,28474.7,34384.6,0.6692
36800.0,7360.0,37432.0,7650.3,0.6691
6720.0,8675.9,7359.5,8916.8,0.6689
2562.2,650.1,3199.7,959.7,0.6689
4570.2,25359.9,4670.5,25918.8,0.6689
22060.0,4078.2,22399.8,4468.8,0.6687
9066.0,20311.2,9599.0,20800.0,0.6686
21537.7,35694.0,22073.3,36159.0,0.6685
3520.0,21440.1,3647.3,21509.7,0.6685
1581.6,2176.8,1905.6,2560.0,0.6685
2995.8,18025.3,3514.6,18560.0,0.6684
9046.8,2245.5,9596.4,2560.0,0.6683
35128.3,27520.1,35520.0,28011.7,0.6683
2018.6,32995.2,2558.8,33119.6,0.6683
27977.9,7187.0,28159.4,7642.6,0.6681
21193.2,36198.1,21755.4,36585.2,0.6680
9690.8,30639.1,10238.9,31040.0,0.6680
24652.4,9285.7,25278.0,9698.8,0.6679
12238.0,604.1,12793.5,960.0,0.6677
11630.5,24516.6,12156.1,24959.8,0.6674
320.0,8920.7,444.3,9280.0,0.6674
8278.7,3840.5,8636.1,4336.9,0.6673
3061.3,22969.9,3150.7,23358.2,0.6672
21571.9,5262.8,22080.0,5754.0,0.6672
16200.2,1084.7,16640.0,1594.9,0.6668
1603.4,35679.0,2043.9,36158.3,0.6667
12500.0,4480.0,13115.6,4841.0,0.6665
28864.8,35228.9,29439.1,35623.5,0.6664
6236.9,23868.4,6400.0,24314.8,0.6664
5016.3,320.0,5119.0,555.0,0.6664
19619.4,8182.7,19681.0,8374.4,0.6664
367.2,20480.0,955.7,20579.4,0.6663
15089.6,2561.6,15360.0,3110.7,0.6663
3435.0,31008.2,3830.0,31360.0,0.6661
33925.3,8665.7,34560.0,8960.0,0.6657
34403.4,6628.7,34879.9,7039.3,0.6656
36356.7,4800.8,36607.4,5125.4,0.6655
30882.2,8151.3,31357.1,8639.9,0.6655
34966.9,31424.7,35518.6,31829.4,0.6652
871.2,27412.5,959.3,27766.1,0.6652
9328.0,33517.3,9916.3,33920.0,0.6652
3023.8,1018.6,3197.5,1125.5,0.6651
452.2,2566.7,544.8,2950.6,0.6649
28800.9,9280.6,29439.4,9484.3,0.6648
9307.2,3126.6,9918.4,3520.0,0.6647
32107.5,3202.0,32319.4,3386.8,0.6646
10628.9,34159.0,11200.0,34560.0,0.6644
3611.0,18133.7,4153.0,18559.7,0.6643
10683.0,1113.8,11186.1,1600.0,0.6642
541.7,2502.2,639.1,2880.0,0.6640
1.3,12249.1,166.3,12480.0,0.6638
438.5,30990.2,524.4,31080.4,0.6636
21859.7,36014.5,22394.4,36480.0,0.6636
18310.5,1281.6,18870.1,1738.0,0.6633
6817.2,21294.6,7354.1,21759.8,0.6630
15902.4,1617.9,16000.0,2236.8,0.6626
1267.6,8187.0,1597.6,8319.5,0.6624
11596.2,26781.5,12160.0,27200.0,0.6622
2782.8,27521.0,2880.0,27884.5,0.6621
24737.0,36239.9,25278.1,36606.0,0.6620
1758.8,8881.7,1919.3,9171.2,0.6620
5369.1,14653.1,5736.7,15040.0,0.6618
33023.3,25537.8,33593.9,25920.0,0.6618
4879.1,16747.8,4966.2,17279.3,0.6616
7269.2,2561.4,7358.7,2908.5,0.6615
274.8,3215.7,636.4,3519.7,0.6615
4588.0,35401.9,5115.3,35840.0,0.6613
19024.0,6222.9,19200.0,6380.0,0.6610
34048.5,1920.0,34239.1,2076.5,0.6610
3521.6,8074.7,3726.9,8320.0,0.6610
11476.3,6088.3,11840.0,6588.8,0.6610
6418.4,8640.0,7040.0,8717.1,0.6609
689.3,36463.3,1279.0,36864.0,0.6608
28856.6,30588.4,29435.8,31040.0,0.6608
21730.5,7294.5,21844.2,7489.7,0.6607
6445.8,768.4,6569.8,1214.7,0.6606
3296.5,1896.6,3478.0,2228.4,0.6605
4742.0,29160.0,4799.5,29509.3,0.6603
7366.4,13136.4,7579.6,13398.0,0.6603
12285.1,3432.3,12796.6,3840.0,0.6602
1266.2,28642.4,1333.2,28771.7,0.6602
19732.0,5440.0,19839.8,5933.9,0.6602
38062.0,17695.4,38649.7,18240.0,0.6602
9413.9,7227.9,9915.0,7679.1,0.6601
1921.7,22067.2,2264.3,22193.3,0.6601
35292.4,8580.1,35840.0,8958.6,0.6601
10616.1,26463.1,11200.0,26880.0,0.6599
38389.6,4460.4,38477.6,4798.9,0.6599
960.0,9813.8,1036.1,10007.7,0.6597
10301.8,27115.2,10876.9,27520.0,0.6597
2205.7,21608.0,2554.5,21947.9,0.6597
18560.4,3590.9,19070.2,3779.1,0.6595
2423.7,25009.5,2560.0,25280.0,0.6595
29507.8,25376.6,30075.8,25920.0,0.6594
4442.4,8641.4,4799.8,9253.6,0.6592
34046.1,2491.2,34239.3,2880.0,0.6592
11028.8,12591.8,11161.8,12693.1,0.6590
32976.8,7681.2,33600.0,8138.6,0.6588
8739.9,12343.3,9267.7,12797.0,0.6588
7806.9,2311.3,7940.1,2880.0,0.6585
4800.0,10880.0,4873.4,11354.8,0.6581
3350.1,20762.5,3609.8,20800.0,0.6581
3619.1,31011.7,3778.7,31360.0,0.6581
3906.1,31103.8,4000.8,31359.4,0.6580
8116.3,2936.6,8631.8,3520.0,0.6579
122.5,13440.0,635.3,13966.8,0.6579
1280.0,31040.3,1357.2,31280.4,0.6578
6658.6,3113.8,6861.9,3520.0,0.6577
33953.3,31842.0,34556.1,32319.7,0.6576
4165.6,2813.6,4668.9,3200.0,0.6574
11604.4,3433.1,11838.5,3840.0,0.6572
962.0,27637.7,1207.8,28144.7,0.6570
16449.2,6119.0,16640.0,6717.6,0.6569
16641.1,7362.0,16904.7,7493.6,0.6568
24965.4,6248.0,25598.0,6706.7,0.6567
4800.4,6411.9,4896.0,6473.4,0.6565
3756.4,2562.1,3840.0,2816.8,0.6563
31680.1,7360.0,32319.4,7621.4,0.6563
17281.9,1925.1,17401.4,2336.4,0.6562
37762.8,7024.1,38396.3,7360.0,0.6561
5121.3,8641.7,5468.1,8733.0,0.6560
27214.3,2841.5,27836.1,3200.0,0.6560
7441.7,7043.1,7995.1,7672.9,0.6557
18577.5,6268.6,18799.3,6720.0,0.6557
25600.2,6720.0,26237.1,6940.5,0.6554
4482.1,769.0,4571.2,1206.2,0.6552
19693.6,6049.9,20158.1,6400.0,0.6550
13574.7,5811.9,13760.0,6400.0,0.6549
8873.0,4354.4,9279.2,4800.0,0.6549
33370.5,328.3,33915.2,771.2,0.6548
4492.4,11888.0,5119.5,12157.6,0.6548
6601.5,10880.0,6720.0,11464.7,0.6547
7275.2,22842.6,7680.0,23360.0,0.6546
26918.3,35114.9,27517.6,35520.0,0.6546
2367.1,27237.1,2467.8,27520.0,0.6544
7680.0,1170.1,7786.3,1600.0,0.6543
37121.6,8384.4,37760.0,8634.4,0.6542
10627.9,23680.0,11198.4,24171.3,0.6541
7051.9,11948.3,7155.1,12480.0,0.6541
2225.9,30670.0,2558.5,30908.6,0.6541
18376.8,6405.5,18846.8,6853.6,0.6541
5078.5,36399.4,5440.0,36800.0,0.6540
37066.7,1510.7,37215.7,1919.2,0.6539
6365.4,4831.2,6719.5,5440.0,0.6538
6147.5,36400.3,6718.5,36800.0,0.6538
10651.5,24854.4,11194.0,25280.0,0.6536
1630.9,30196.8,1689.4,30547.0,0.6534
14736.1,9768.0,15357.2,10236.4,0.6534
9043.3,17837.3,9599.3,18240.0,0.6533
24752.5,35798.2,25273.9,36160.0,0.6533
22769.3,1248.3,23358.3,1599.9,0.6532
1852.1,12800.0,2240.0,13351.1,0.6530
1252.2,26331.1,1598.3,26559.1,0.6529
6167.8,22119.0,6715.8,22400.0,0.6529
23439.6,7362.8,23986.3,7781.2,0.6529
14764.3,3200.0,15039.8,3687.5,0.6528
17924.5,2481.7,18092.8,2558.5,0.6527
1548.8,7360.0,1920.0,7796.9,0.6527
1565.7,30861.0,1616.8,31040.0,0.6525
24320.6,4076.8,24501.2,4158.5,0.6524
7409.2,7473.5,7879.1,7999.3,0.6521
19572.4,6633.7,19837.7,6839.9,0.6521
12635.9,4163.8,13107.1,4664.8,0.6520
35535.9,219.5,36156.3,637.2,0.6520
11312.1,28409.5,11832.3,28800.0,0.6519
16559.0,2573.3,16699.9,2880.0,0.6517
2110.4,32640.2,2238.4,32720.5,0.6515
31094.6,8001.1,31679.7,8468.6,0.6515
35273.2,1765.1,35835.2,2238.0,0.6512
36480.0,3734.4,37116.6,4157.5,0.6510
10412.7,3095.7,10874.4,3520.0,0.6508
2292.4,35408.6,2877.0,35840.0,0.6504
16280.9,6589.8,16634.5,7035.6,0.6503
25617.0,7680.0,25823.2,7960.9,0.6502
4804.2,16006.4,5154.8,16490.6,0.6501
806.4,12107.5,959.4,12429.7,0.6500
4212.0,2753.3,4317.1,3199.7,0.6500
11245.2,29365.3,11837.0,29760.0,0.6500
5288.6,3150.5,5439.2,3200.0,0.6498
348.5,23360.0,468.7,23655.1,0.6497
4266.2,33480.1,4797.8,33920.0,0.6497
20042.2,7681.3,20105.6,7893.6,0.6497
3845.2,23683.2,4297.4,24034.6,0.6496
21452.2,4162.2,22078.8,4412.6,0.6493
9641.9,4374.0,10230.3,4797.1,0.6491
9522.3,13483.3,9600.0,13601.1,0.6489
17054.4,8331.9,17548.9,8507.4,0.6487
25007.0,1596.2,25597.1,1919.0,0.6487
2240.0,5469.2,2880.0,5758.5,0.6487
36903.8,23232.6,37433.5,23679.2,0.6487
17046.8,4491.1,17597.3,4824.9,0.6487
5178.4,21122.7,5754.8,21698.7,0.6483
35534.2,7630.9,36157.4,8000.0,0.6481
320.0,26596.5,837.9,27193.1,0.6479
11900.4,5675.4,12034.7,6079.3,0.6478
970.7,29688.2,1544.0,30072.3,0.6478
34566.5,3200.0,35198.1,3687.3,0.6476
18881.4,2562.4,19283.3,3018.3,0.6475
644.0,32115.0,762.4,32297.3,0.6473
11618.2,21349.7,12158.9,21760.0,0.6468
6720.0,5458.7,6820.3,6004.6,0.6468
2042.3,8189.7,2240.0,8237.8,0.6466
11613.5,30623.3,12155.8,31040.0,0.6465
19275.3,964.7,19840.0,1253.7,0.6462
3202.1,11840.0,3294.0,12289.2,0.6462
29807.4,33291.8,30397.7,33651.5,0.6461
3153.6,12332.3,3520.0,12800.0,0.6461
10669.9,15537.1,11198.0,16000.0,0.6461
4897.6,5957.5,5120.0,6400.0,0.6460
5817.0,17455.5,6396.3,17919.3,0.6460
1921.4,13440.5,1987.7,13567.0,0.6459
24796.2,4966.8,24857.9,5244.5,0.6458
7360.0,1600.7,7797.4,2138.2,0.6458
4572.7,12808.7,4799.8,13360.2,0.6458
1949.1,2560.0,2067.8,2764.0,0.6457
7682.4,8961.1,8318.7,9063.6,0.6456
28497.1,4480.0,29118.6,4910.8,0.6456
3288.5,28329.9,3523.4,28366.1,0.6455
11933.7,17126.8,12473.2,17598.6,0.6452
35238.5,8331.9,35838.3,8690.8,0.6451
7360.0,1320.7,7812.2,1920.0,0.6449
321.6,19679.6,568.3,19840.0,0.6449
15877.4,7.9,15999.8,341.6,0.6448
2258.8,33242.1,2485.0,33279.2,0.6448
24693.7,36410.2,25277.1,36800.0,0.6447
13120.6,8939.7,13299.7,9278.6,0.6446
705.3,3141.1,1258.9,3423.9,0.6445
12505.7,5501.5,12800.0,6079.2,0.6444
9481.8,9158.5,9599.9,9416.2,0.6443
9176.4,11201.0,9279.8,11293.7,0.6443
10308.9,27433.2,10877.6,27840.0,0.6443
5125.4,1293.6,5237.9,1815.8,0.6442
4482.0,23164.5,4587.7,23679.8,0.6440
19945.4,2881.5,20116.4,3006.3,0.6436
20169.1,2454.5,20800.0,2880.0,0.6435
11954.5,17481.6,12474.1,17920.0,0.6434
18666.4,3645.6,19198.1,4160.0,0.6432
338.0,27701.4,406.0,27915.7,0.6432
10011.2,5187.4,10560.0,5760.0,0.6431
33614.1,26476.3,34240.0,26880.0,0.6426
4661.4,30079.1,4800.0,30399.2,0.6426
15680.0,1456.9,16124.3,1919.7,0.6423
4206.1,33600.3,4478.3,34110.3,0.6422
21455.9,6661.4,22074.2,7040.0,0.6418
27629.2,32222.5,28160.0,32640.0,0.6417
2579.2,21660.6,2723.6,21756.4,0.6415
4829.3,27755.8,4932.1,28160.0,0.6415
1387.9,25674.2,1525.7,25915.6,0.6415
8354.0,26158.9,8956.2,26560.0,0.6413
19262.2,7325.2,19840.0,7676.1,0.6408
3469.8,22558.9,3520.0,22700.0,0.6404
32006.2,1335.5,32223.1,1536.4,0.6404
26240.0,10989.9,26877.7,11193.8,0.6403
32642.6,30736.9,33276.6,31109.1,0.6403
36166.3,26193.4,36797.6,26560.0,0.6403
30738.8,4549.2,31359.7,4800.0,0.6402
36166.2,7360.8,36800.0,7570.9,0.6402
34070.9,29911.5,34557.9,30400.0,0.6398
26009.1,33920.0,26548.7,34358.3,0.6398
16305.7,4482.4,16399.6,4881.2,0.6398
13306.3,4088.2,13439.9,4480.0,0.6397
1280.0,34091.8,1821.0,34559.8,0.6392
2075.1,33109.7,2239.0,33176.7,0.6391
1443.9,31040.0,1546.6,31402.4,0.6389
30872.0,6755.8,31039.5,6813.6,0.6389
8640.0,13141.1,8705.0,13572.5,0.6388
35028.6,25240.2,35515.0,25600.0,0.6388
1981.1,23765.6,2041.1,24320.0,0.6388
11947.6,23234.2,12470.0,23679.8,0.6386
11667.0,30310.5,12157.5,30720.0,0.6386
11106.1,13120.4,11519.0,13248.6,0.6382
699.8,8746.9,955.6,8959.2,0.6381
23064.4,4005.2,23680.0,4478.9,0.6379
35786.8,6082.2,36160.0,6526.5,0.6379
10663.5,3908.2,11198.3,4479.1,0.6378
1991.6,29440.0,2553.4,29909.0,0.6376
22083.0,8804.2,22696.1,9052.0,0.6375
2329.1,9050.9,2496.8,9197.5,0.6371
4199.4,8570.0,4480.0,8676.0,0.6371
27618.0,7680.7,27678.2,7888.8,0.6366
1924.2,20737.4,2557.4,21120.0,0.6366
24320.7,5848.9,24722.2,6400.0,0.6366
5140.0,3530.7,5758.5,3840.0,0.6365
20325.0,3249.6,20428.7,3510.5,0.6362
25280.0,9861.6,25915.8,10240.0,0.6361
26355.2,7680.0,26558.8,8186.4,0.6361
9051.0,27110.5,9593.4,27520.0,0.6358
5531.6,6584.9,6075.8,7040.0,0.6357
5764.1,25502.3,6193.1,25920.0,0.6354
17925.1,9600.7,18557.0,9705.0,0.6353
9415.7,15562.4,9914.7,16000.0,0.6351
13875.9,2347.3,14397.5,2877.2,0.6350
5113.6,4445.4,5203.0,4799.0,0.6350
2588.5,34516.5,3198.6,34880.0,0.6348
36800.0,1613.4,36895.2,2229.0,0.6347
10560.1,13931.9,10739.0,14079.8,0.6345
5615.8,30409.7,5760.0,31027.5,0.6343
2065.8,31043.2,2127.4,31676.7,0.6342
26144.1,7993.8,26238.7,8320.0,0.6341
8739.8,27110.5,9277.9,27520.0,0.6341
11311.3,29939.7,11834.9,30398.8,0.6338
12682.6,4066.6,13108.8,4480.0,0.6336
11987.7,18690.7,12475.8,19200.0,0.6336
8686.5,14546.3,8951.3,14718.1,0.6335
5447.6,16965.2,5832.8,17429.0,0.6335
6083.1,24367.6,6439.5,24640.0,0.6334
6720.0,3988.4,7124.5,4478.7,0.6333
11718.3,11396.2,11840.0,11519.7,0.6332
12898.5,1634.3,13438.7,2240.0,0.6332
8442.2,7408.1,8957.7,7993.6,0.6331
960.0,31757.2,1134.1,31805.4,0.6330
29772.4,26166.3,30398.6,26560.0,0.6327
1920.0,12221.8,2201.9,12792.8,0.6327
22559.7,18.8,22719.5,354.2,0.6327
5124.3,16674.3,5232.4,17270.1,0.6326
4263.9,21492.6,4792.9,21760.0,0.6326
6349.7,79.7,6420.6,363.7,0.6326
10985.4,29336.6,11514.7,29758.8,0.6326
25065.9,7655.1,25138.3,7944.2,0.6325
10309.0,15923.8,10871.2,16320.0,0.6323
2890.6,8902.9,3037.4,9169.1,0.6323
5269.1,29440.0,5760.0,29926.6,0.6323
24415.9,2880.0,24954.2,3337.6,0.6321
5440.4,1835.4,5543.7,1920.0,0.6321
18241.9,9290.8,18876.4,9647.4,0.6318
5936.2,24642.2,6079.5,24924.6,0.6317
3611.9,26784.6,3722.9,27043.4,0.6317
10749.0,11074.9,10880.0,11199.1,0.6316
20187.5,10350.7,20480.0,10559.1,0.6315
33600.0,7040.0,34210.9,7390.7,0.6315
9803.2,12855.4,9920.0,13249.4,0.6315
2560.0,23690.9,2670.9,24087.6,0.6313
15280.4,3418.5,15676.2,3840.0,0.6312
7360.5,326.6,7804.0,960.0,0.6312
31772.9,9771.7,32314.8,10238.4,0.6304
27840.0,8937.8,28479.0,9261.3,0.6303
3061.1,2560.0,3199.7,2753.8,0.6301
31647.3,5103.0,32000.0,5438.6,0.6299
9373.3,35745.4,9913.4,36160.0,0.6297
5760.0,14848.2,6214.6,15360.0,0.6297
27441.7,7722.6,27506.2,8000.0,0.6296
5220.1,16645.7,5438.5,17280.0,0.6294
5618.6,11522.4,5903.4,12062.8,0.6293
8960.8,10566.2,9201.0,10878.9,0.6292
3276.7,24001.8,3377.7,24072.4,0.6291
237.6,7686.2,331.7,8057.9,0.6290
23559.4,7681.5,23680.0,8162.8,0.6289
18657.4,4480.8,18879.1,4924.7,0.6288
27520.0,5819.8,27656.0,6399.0,0.6285
19046.4,3520.0,19415.1,3670.8,0.6282
3970.5,32728.1,4070.8,33280.0,0.6281
3520.4,21120.0,4139.8,21538.5,0.6281
12241.4,9675.9,12796.1,10240.0,0.6280
33280.0,8696.8,33917.4,8982.4,0.6280
25460.3,9920.0,25918.1,10536.2,0.6279
36806.0,2576.1,37322.2,2872.6,0.6277
28822.1,1280.0,29433.4,1735.8,0.6277
11624.0,23208.4,12158.2,23680.0,0.6276
4906.8,15360.0,5440.0,15870.7,0.6275
11995.3,21442.6,12473.8,21893.7,0.6275
9809.0,12683.1,10226.4,13109.5,0.6274
3303.8,11520.6,3834.8,12152.6,0.6271
1602.4,28866.2,1748.7,29439.4,0.6266
31093.2,33451.3,31674.8,33918.0,0.6266
9694.7,16822.3,10240.0,17277.9,0.6266
3472.4,19467.6,3703.9,19560.1,0.6265
4076.6,21761.8,4480.0,22241.3,0.6264
6086.3,8545.9,6210.7,8959.2,0.6263
22141.5,34249.5,22718.9,34592.6,0.6262
1339.5,27848.2,1402.3,28159.4,0.6262
33938.4,28502.6,34557.2,28846.8,0.6262
10672.6,10710.9,11195.9,11200.0,0.6262
691.0,25306.3,792.8,25599.5,0.6258
5122.6,5999.2,5757.7,6400.0,0.6257
9230.6,1846.0,9598.1,2240.0,0.6257
4544.6,24010.2,5117.6,24494.2,0.6257
30400.0,5575.0,30875.1,6080.0,0.6257
30828.6,6818.0,31040.0,6930.6,0.6256
9971.3,16544.0,10557.1,16960.0,0.6256
34066.3,26142.0,34556.1,26560.0,0.6255
37904.6,1414.4,38400.0,1812.2,0.6255
18649.7,3281.7,18878.5,3519.0,0.6255
11912.5,25137.3,12461.9,25598.6,0.6253
10904.7,29681.6,11516.9,30080.0,0.6252
7138.6,28697.3,7676.3,29120.0,0.6250
16677.6,96.8,17270.2,510.0,0.6249
320.0,26880.0,833.1,27359.2,0.6245
12575.9,8167.2,13120.0,8640.0,0.6243
33609.7,3531.6,34235.1,3803.7,0.6243
21653.5,6464.3,21760.0,6847.3,0.6243
1376.8,33280.0,1600.0,33310.6,0.6240
7296.3,9920.0,7680.0,10450.0,0.6239
747.6,19008.4,1275.5,19488.5,0.6238
6723.9,14673.1,6784.0,15040.0,0.6238
8692.9,27757.3,9275.3,28160.0,0.6237
4482.0,10148.4,5118.7,10556.2,0.6236
574.9,14080.4,953.3,14238.5,0.6233
37796.9,7214.8,38400.0,7539.1,0.6232
28659.4,1600.2,29118.3,1822.8,0.6231
33933.9,4500.8,34279.8,4710.2,0.6228
17176.9,2241.2,17287.4,2435.2,0.6227
1310.5,9721.4,1572.3,9919.7,0.6225
37558.7,2323.9,38077.2,2746.9,0.6224
14340.9,3206.2,14720.0,3591.0,0.6222
1368.4,3669.6,1909.4,4155.5,0.6221
12334.7,1289.4,12788.0,1600.0,0.6221
640.1,20549.5,1278.6,20777.8,0.6221
33924.2,3978.3,34560.0,4309.6,0.6219
10704.1,17798.0,11200.0,18238.1,0.6219
5440.0,14308.8,5546.5,14720.0,0.6217
9280.0,5017.2,9665.3,5440.0,0.6217
2112.4,36046.8,2555.9,36480.0,0.6216
3843.9,21120.0,4048.2,21529.0,0.6216
33687.1,21832.8,34234.2,22187.7,0.6214
31834.1,8150.7,31999.5,8620.3,0.6214
30822.5,5127.6,31358.8,5617.7,0.6213
34626.4,7741.6,34879.8,7923.5,0.6212
33337.5,965.6,33917.5,1459.3,0.6210
5268.7,14931.7,5759.0,15360.0,0.6210
195.9,7960.8,289.3,8320.0,0.6210
3142.2,4160.6,3520.0,4658.3,0.6206
32320.0,8960.0,32959.2,9186.5,0.6202
10974.0,1924.4,11516.8,2450.5,0.6202
640.0,31823.3,756.9,32320.0,0.6201
2641.4,30918.2,2880.0,31025.4,0.6200
1759.2,10566.1,2140.8,10857.4,0.6198
6042.6,2416.6,6117.7,2623.8,0.6198
20315.0,10183.7,20795.1,10559.6,0.6197
423.1,20749.7,640.0,20800.0,0.6196
8120.3,29039.7,8638.5,29440.0,0.6194
5835.7,9923.2,6080.0,10436.5,0.6193
2561.6,8206.1,3196.7,8560.5,0.6193
33986.7,5225.6,34551.0,5754.0,0.6189
9024.6,17202.7,9596.1,17599.7,0.6187
28480.0,9618.4,29117.8,9918.2,0.6186
17702.1,6260.6,18233.6,6719.3,0.6184
27430.5,7040.0,27520.0,7580.4,0.6184
1280.0,25602.0,1469.8,25674.0,0.6183
31726.2,33805.9,32315.2,34240.0,0.6183
15057.1,8542.0,15677.2,8960.0,0.6182
3982.2,30180.0,4093.3,30716.6,0.6182
114.8,24336.7,634.0,24645.7,0.6181
14434.8,7255.4,15039.0,7680.0,0.6180
7748.0,22638.1,8318.0,23040.0,0.6178
1618.0,5792.4,1919.9,6078.1,0.6177
1748.7,23897.3,1919.6,24319.4,0.6175
12811.8,5949.6,13434.0,6393.9,0.6174
2252.9,21974.4,2798.9,22398.9,0.6171
25920.6,9280.0,26560.0,9447.4,0.6170
30786.8,640.0,31356.8,1133.8,0.6170
1474.0,8762.5,1600.0,8959.2,0.6169
16891.7,5762.0,17280.0,6227.5,0.6167
2976.8,31282.4,3099.4,31680.0,0.6167
183.3,26885.2,638.3,27346.2,0.6166
35337.7,2162.7,35837.3,2559.1,0.6165
2105.0,13484.3,2239.9,13759.9,0.6163
23364.2,3930.1,24000.0,4157.3,0.6163
31363.3,5757.8,31847.3,6077.7,0.6163
31366.3,9221.6,32000.0,9600.0,0.6163
32000.8,8640.0,32639.9,8786.1,0.6162
3936.7,26716.9,3995.9,27200.0,0.6162
21452.6,9601.0,22080.0,9759.8,0.6157
109.3,16327.2,639.0,16847.0,0.6156
22437.8,4969.0,23037.8,5439.6,0.6156
20432.1,3246.8,20492.9,3514.5,0.6155
19878.3,5548.2,20475.3,5931.4,0.6155
4606.5,27348.2,5115.0,27836.5,0.6155
34244.9,2882.3,34877.8,3092.5,0.6154
10964.5,15922.6,11517.3,16320.0,0.6153
3044.9,27401.5,3200.0,27836.3,0.6151
0.1,25924.7,634.9,26307.4,0.6150
19544.8,5146.4,20157.3,5583.8,0.6150
5479.9,36078.5,6077.3,36480.0,0.6150
6653.1,15026.5,6719.6,15359.4,0.6149
727.4,13271.5,959.3,13740.7,0.6149
4583.9,24699.1,4798.2,24958.6,0.6148
15037.5,2240.0,15360.0,2621.3,0.6147
2983.7,34120.7,3520.0,34560.0,0.6146
23526.5,4800.4,23678.7,4875.5,0.6146
18562.2,332.8,18686.1,637.5,0.6144
17821.0,2240.0,18225.3,2318.0,0.6142
27565.0,2509.7,28160.0,2880.0,0.6142
36724.7,20983.4,37117.5,21439.2,0.6141
2240.7,6667.7,2350.6,6720.0,0.6140
9922.4,6727.3,10315.8,7286.6,0.6138
5886.5,14090.0,6400.0,14640.2,0.6138
4220.4,16557.0,4317.4,16960.0,0.6138
8762.1,7681.1,8960.0,7830.0,0.6135
4405.9,29365.5,4478.6,29760.0,0.6135
32215.7,6143.5,32636.7,6400.0,0.6134
11866.5,6405.1,12480.0,6786.3,0.6132
3841.5,32321.8,3961.7,32499.8,0.6131
17052.2,7390.5,17279.6,7844.4,0.6130
3413.7,23548.3,3475.8,24000.0,0.6128
31706.5,5684.4,32317.4,6078.9,0.6124
37820.4,3285.4,38394.8,3836.3,0.6121
2080.8,31680.0,2148.3,32228.7,0.6118
31980.3,6083.1,32316.4,6432.0,0.6117
4260.1,36040.9,4797.2,36478.5,0.6116
6010.2,10134.3,6080.0,10559.8,0.6115
26276.2,36391.2,26878.0,36797.7,0.6114
4110.4,31403.5,4189.7,31836.4,0.6114
1288.0,22400.0,1600.0,22915.5,0.6114
26004.6,36320.5,26555.5,36800.0,0.6111
2240.6,1038.4,2444.9,1211.4,0.6109
21441.2,6853.2,21691.4,7040.0,0.6107
24429.1,7266.9,24956.4,7680.0,0.6106
17824.5,6598.3,17920.0,7039.0,0.6106
16964.6,6617.9,17510.0,7039.3,0.6106
34637.9,22872.1,35195.9,23357.5,0.6104
1282.0,20484.4,1362.9,20723.0,0.6102
34255.5,30730.5,34875.4,31040.3,0.6102
22014.4,962.7,22400.0,1462.3,0.6101
4529.1,18796.3,5109.6,19200.0,0.6099
3990.6,34424.5,4473.9,34880.0,0.6099
217.9,13219.6,635.8,13757.6,0.6097
19547.5,4165.8,19838.5,4583.1,0.6095
12965.3,6403.2,13433.9,6764.9,0.6095
656.9,3780.5,1280.0,4153.2,0.6094
4093.1,22720.0,4480.0,23323.3,0.6094
8794.0,33181.0,9278.7,33600.0,0.6093
2240.1,25819.0,2569.7,25920.0,0.6092
9969.7,11867.6,10556.6,12160.0,0.6091
6153.8,30947.4,6718.3,31360.0,0.6090
5979.1,11524.9,6080.0,12141.9,0.6088
19840.8,9147.3,20095.2,9249.4,0.6085
16060.7,4080.4,16154.4,4479.5,0.6085
1465.6,30400.0,1607.5,30798.3,0.6085
53.7,23650.0,636.4,23998.1,0.6085
3700.0,9390.0,3918.5,9555.9,0.6084
5121.1,3520.0,5250.0,3704.1,0.6083
8361.9,22003.4,8959.0,22400.0,0.6080
3842.7,3219.8,4061.2,3461.0,0.6080
2560.0,23542.2,2698.7,23699.0,0.6080
19030.4,4755.8,19120.2,5114.5,0.6079
24758.8,6313.3,24873.0,6719.2,0.6079
27694.0,7365.1,27840.0,7932.1,0.6077
32046.0,32328.0,32630.2,32712.1,0.6076
14725.1,9254.2,15360.0,9600.0,0.6076
1922.5,841.9,2043.4,1037.0,0.6075
21849.4,8844.2,22399.6,9114.7,0.6070
37240.4,6082.9,37349.1,6313.1,0.6070
91.6,2560.0,368.8,2831.0,0.6067
5.7,11846.0,445.6,12148.9,0.6066
17012.0,4810.1,17279.5,5116.2,0.6066
26828.1,9847.3,27187.9,10240.0,0.6066
4379.3,6753.3,4491.0,6997.9,0.6064
32134.5,36387.7,32637.6,36800.0,0.6063
1284.2,31495.8,1599.3,31607.0,0.6063
14493.3,2731.0,15037.5,3200.0,0.6063
960.2,27840.3,1068.5,27882.0,0.6061
10029.0,18098.9,10557.1,18559.9,0.6060
19530.6,9671.9,20157.8,9919.8,0.6056
10880.0,11384.2,11013.4,11518.9,0.6056
9603.4,75.8,9786.7,640.0,0.6055
22717.4,7376.0,23040.0,7599.5,0.6055
36456.4,7040.4,36798.8,7492.6,0.6053
640.0,1979.1,934.3,2538.3,0.6050
248.5,30080.1,358.5,30288.6,0.6049
34418.0,7082.9,34560.0,7359.3,0.6049
1692.2,26755.7,1818.5,27190.1,0.6047
4627.6,9287.3,4800.0,9613.1,0.6046
21324.4,5210.7,21757.4,5755.4,0.6046
2117.0,19857.0,2303.8,20191.8,0.6046
6295.7,11843.1,6719.5,12281.9,0.6044
2667.7,25122.9,3200.0,25598.3,0.6043
3623.7,33148.5,3840.0,33600.0,0.6042
12805.2,6284.9,13427.5,6720.0,0.6041
1007.7,28650.0,1279.1,28774.3,0.6041
29260.6,28727.7,29756.4,29120.0,0.6040
14612.0,681.8,15039.4,960.0,0.6039
7914.4,5765.7,8000.0,6268.9,0.6038
6338.9,2424.2,6427.7,2560.0,0.6036
25964.3,5545.3,26036.5,5649.8,0.6035
8345.2,34791.6,8956.7,35200.0,0.6035
9395.9,17786.3,9916.6,18238.5,0.6035
16349.6,9626.0,16960.0,9922.1,0.6034
10686.9,4407.2,10880.0,4799.8,0.6034
1633.4,213.7,1744.6,422.2,0.6034
19501.2,8643.7,19558.9,8849.3,0.6032
19825.8,3745.7,20160.0,4049.4,0.6032
6619.9,2240.0,6720.0,2639.4,0.6031
1805.0,29094.0,1901.2,29436.8,0.6031
7122.7,24877.9,7675.7,25280.0,0.6030
1621.2,320.0,2237.1,708.7,0.6030
35000.8,640.0,35199.5,1235.3,0.6028
640.4,3377.1,698.0,3598.6,0.6028
10338.8,21671.4,10876.4,22080.0,0.6027
27429.0,6937.1,27519.5,7341.5,0.6026
35403.9,6122.1,35519.4,6497.9,0.6026
70.5,8735.1,244.9,9280.0,0.6023
8543.7,13441.1,8735.7,13577.2,0.6022
35200.0,4161.3,35537.5,4246.6,0.6022
11232.9,1107.8,11520.0,1598.1,0.6022
1920.1,36160.0,2091.1,36651.5,0.6021
21836.7,325.2,22386.2,574.9,0.6020
322.0,7383.7,383.9,7847.7,0.6018
5795.8,33836.8,6397.3,34240.0,0.6018
27219.7,966.9,27832.6,1362.0,0.6016
6729.7,14212.6,7262.2,14720.0,0.6016
59.6,13760.1,640.0,13967.0,0.6016
28805.5,6454.5,29440.0,6718.1,0.6015
8480.8,6960.2,8948.8,7360.0,0.6015
1390.9,24098.0,1907.2,24640.0,0.6015
5048.8,32002.7,5119.1,32464.0,0.6015
0.3,3286.0,122.1,3840.0,0.6014
14731.3,6207.5,15035.7,6399.0,0.6011
4162.0,7351.7,4798.0,7680.0,0.6007
25615.9,934.6,26236.4,1280.0,0.6007
9126.3,3578.7,9279.5,3840.0,0.6005
320.2,1183.6,393.3,1590.5,0.6003
3928.8,15720.8,4477.5,16320.0,0.6002
4493.7,1758.0,4795.8,1899.3,0.6001
34760.1,240.0,35198.4,617.2,0.6001
1605.6,4047.7,2240.0,4480.0,0.5997
20207.6,138.1,20800.0,638.9,0.5996
466.5,31083.9,605.2,31360.0,0.5994
348.8,8471.7,640.0,8950.2,0.5993
32000.5,1617.1,32283.0,1895.3,0.5993
319.2,29751.2,412.3,30070.1,0.5992
36253.8,20050.6,36799.8,20480.0,0.5990
36567.9,26057.5,37116.3,26559.8,0.5989
640.0,19843.3,1018.5,19946.0,0.5989
29251.2,8000.0,29439.5,8538.2,0.5987
25717.8,6031.3,26224.3,6400.0,0.5986
19753.3,5761.2,19839.3,5952.2,0.5985
19254.7,9451.9,19837.8,9825.1,0.5985
6463.0,15209.2,7029.4,15680.0,0.5985
9026.9,18451.0,9594.0,18880.0,0.5984
34648.5,21254.7,35197.2,21759.8,0.5983
4220.3,3710.1,4798.0,4018.6,0.5983
10427.5,1601.0,10778.8,1708.5,0.5981
31680.0,1611.6,31832.2,2210.6,0.5980
2560.5,23078.4,2678.2,23449.3,0.5980
4480.0,20669.5,4785.4,20800.0,0.5980
18560.7,8163.9,19086.2,8634.8,0.5978
1058.4,25602.4,1280.0,25674.2,0.5976
26974.5,3215.4,27504.0,3559.1,0.5976
3012.0,30492.2,3101.2,30566.5,0.5975
23798.7,31454.9,24320.0,32000.0,0.5974
27200.0,10572.1,27839.4,10917.3,0.5973
10972.3,27109.2,11513.4,27520.0,0.5969
7360.0,16863.9,7995.4,17280.0,0.5969
4384.3,26603.8,4796.7,27200.0,0.5969
3938.1,1890.1,4477.6,2068.6,0.5969
33660.7,30195.4,34236.0,30720.0,0.5968
1781.1,1870.7,2235.5,2231.7,0.5967
11531.7,4722.4,11663.8,5120.0,0.5966
5194.7,20927.9,5752.0,21440.0,0.5966
16828.1,7047.2,16959.8,7386.6,0.5963
4656.5,8359.9,4800.0,8449.6,0.5960
35862.6,2710.6,36477.8,3196.2,0.5960
15398.1,1844.9,15989.7,2238.1,0.5958
23126.5,35994.6,23673.4,36480.0,0.5957
5867.6,17281.2,6397.2,17392.7,0.5957
9423.8,4282.1,9890.9,4799.3,0.5955
35450.1,7255.7,35520.0,7680.0,0.5954
5587.3,19986.2,6080.0,20474.3,0.5954
19557.5,7115.3,20155.4,7360.0,0.5951
9662.7,26722.0,10237.4,27199.2,0.5951
6854.4,33283.3,7039.7,33763.1,0.5949
11916.8,20665.8,12469.1,21120.0,0.5948
33298.7,4803.4,33920.0,5120.0,0.5948
22122.5,4081.7,22720.0,4480.0,0.5946
4564.3,23690.4,4657.6,24114.1,0.5944
18758.9,7363.2,18880.0,7559.5,0.5943
5220.6,9771.9,5755.3,10237.2,0.5940
10632.5,34477.6,11196.0,34880.0,0.5940
18883.2,3119.9,19056.5,3520.0,0.5939
23736.0,0.0,24315.2,441.5,0.5935
8057.2,10113.2,8634.4,10560.0,0.5934
11541.1,643.6,12157.9,1157.8,0.5933
10030.4,28060.6,10555.5,28478.3,0.5933
4803.1,23533.1,4938.3,23994.8,0.5933
34991.0,4515.4,35200.0,5120.0,0.5929
3874.9,31944.8,4003.7,32319.2,0.5929
6413.6,13899.4,7034.9,14398.7,0.5928
28630.8,30554.4,29114.5,31040.0,0.5928
2352.2,36405.5,2878.1,36864.0,0.5926
1276.0,10197.8,1350.6,10438.9,0.5926
12696.9,8000.8,12796.8,8113.0,0.5925
29121.5,8320.0,29566.0,8588.8,0.5925
2880.0,13929.7,3070.8,14148.8,0.5922
5171.9,34795.8,5759.2,35199.3,0.5921
4572.4,24681.8,4800.0,25278.2,0.5921
1206.8,2077.1,1275.2,2389.8,0.5919
30.3,34562.5,637.7,34994.7,0.5919
1992.0,26560.3,2543.9,27037.1,0.5918
3463.7,30602.7,3561.3,30844.5,0.5917
22509.6,8960.0,23036.7,9049.5,0.5917
4480.0,30954.7,4555.2,31360.0,0.5917
5826.2,11202.8,5925.7,11687.6,0.5916
5120.0,30400.0,5593.5,30947.6,0.5915
4684.1,31784.5,4800.0,32320.0,0.5915
16002.4,6615.9,16197.2,7040.0,0.5914
518.9,13120.0,638.6,13334.7,0.5912
36480.7,4301.8,36536.5,4425.2,0.5912
18243.0,9986.6,18877.5,10238.7,0.5908
23720.0,34894.3,24315.5,35212.1,0.5907
21022.3,2.5,21120.0,320.0,0.5907
10941.5,17534.3,11518.7,17920.0,0.5905
6799.5,34487.0,7354.3,34880.0,0.5905
17541.8,8764.8,17664.3,8944.5,0.5905
15573.7,4728.7,15679.6,5120.0,0.5904
22295.9,5263.7,22466.0,5759.1,0.5903
26706.4,31291.5,27197.3,31680.0,0.5903
11939.5,32520.6,12474.4,32959.1,0.5898
27210.2,30907.0,27836.8,31359.0,0.5896
796.4,6402.9,1280.0,6944.0,0.5894
5126.1,16557.4,5265.6,16958.5,0.5894
19691.7,9149.0,19839.6,9256.1,0.5891
13589.9,6726.4,13683.1,7176.4,0.5891
1853.7,898.0,1919.0,1277.8,0.5889
33100.5,28949.3,33593.3,29436.6,0.5889
30404.2,4845.0,31037.1,5120.0,0.5889
11280.6,907.9,11392.7,960.0,0.5888
340.3,20480.0,578.5,20511.4,0.5888
16001.3,321.6,16212.7,834.3,0.5888
2968.4,25292.2,3514.5,25740.0,0.5888
24960.6,9213.2,25208.2,9279.5,0.5888
5440.0,1.9,5855.2,166.9,0.5887
3255.7,5.9,3833.7,591.4,0.5886
18328.2,4801.6,18665.0,4904.7,0.5883
9953.5,30004.4,10552.2,30400.0,0.5882
2918.1,19842.5,3466.2,19919.3,0.5880
11200.0,13346.6,11349.0,13477.8,0.5880
7681.6,3526.8,7876.4,3985.4,0.5877
25712.3,7363.2,25846.6,7646.4,0.5876
3532.7,4800.0,4160.0,5131.5,0.5876
7031.1,1531.4,7110.0,1717.2,0.5875
8999.8,8670.5,9280.0,8814.7,0.5875
1.0,7367.1,226.2,7903.8,0.5872
29781.9,35870.3,30396.2,36268.8,0.5871
34321.1,6081.1,34560.0,6201.9,0.5870
11632.4,26112.9,12152.2,26560.0,0.5869
14429.9,7528.3,15032.9,7998.9,0.5867
38363.8,4483.8,38498.8,5009.1,0.5867
11274.2,13993.1,11838.0,14400.0,0.5864
3200.7,26786.2,3498.8,26880.0,0.5863
14728.1,5636.7,15078.6,6080.0,0.5859
8333.9,6504.9,8952.8,6720.0,0.5859
7298.2,20152.8,7680.0,20479.7,0.5859
10321.5,26739.6,10873.0,27200.0,0.5858
36141.3,6484.3,36480.0,6718.8,0.5857
19537.4,2377.6,19955.2,2880.0,0.5856
32745.1,23204.8,33273.7,23680.0,0.5856
2161.1,2785.2,2551.4,3200.0,0.5851
13634.3,8473.5,14080.0,8960.0,0.5851
17836.4,5446.6,17920.0,6027.5,0.5851
12553.0,8923.9,12760.2,8959.8,0.5851
2655.6,29890.1,3195.4,30400.0,0.5849
6278.6,8006.7,6720.0,8345.8,0.5848
19748.3,1280.2,20132.1,1416.1,0.5847
8351.9,16535.9,8956.8,16960.0,0.5846
3137.4,13611.6,3200.0,14080.0,0.5844
1198.2,6287.8,1600.0,6575.3,0.5843
17664.6,8640.6,17742.4,8740.9,0.5842
28807.6,6159.0,29433.9,6400.0,0.5840
5157.1,21671.4,5752.8,22080.0,0.5837
20537.4,8511.5,20645.6,8639.5,0.5836
2817.3,26882.0,2879.2,27061.5,0.5834
4800.0,30415.2,4927.5,30711.2,0.5832
25965.2,35742.9,26557.0,36160.0,0.5832
15276.6,9138.7,15680.0,9279.4,0.5832
33847.8,8800.0,34240.0,9274.1,0.5832
28487.1,9280.8,29119.3,9492.4,0.5832
1613.6,3526.9,2238.5,3944.9,0.5832
37122.6,2330.4,37305.7,2880.0,0.5832
34585.7,8646.2,35195.3,9266.7,0.5832
31516.5,2253.9,32000.0,2880.0,0.5831
6349.8,208.6,6400.0,362.6,0.5831
0.0,20800.0,194.9,21349.7,0.5829
1529.0,30397.9,1599.5,30720.0,0.5827
6998.0,18986.2,7360.0,19519.6,0.5826
11306.9,18755.9,11836.2,19198.6,0.5825
11243.0,14312.9,11836.4,14720.0,0.5825
37595.7,5054.3,37760.0,5120.0,0.5825
34968.2,22128.6,35507.5,22545.4,0.5824
4021.9,26880.9,4104.3,26974.0,0.5824
2682.0,4758.3,3199.1,5011.6,0.5823
15153.1,5760.0,15680.0,5878.2,0.5822
4169.3,7930.9,4797.2,8302.7,0.5821
29760.0,8648.9,30400.0,8957.5,0.5821
9082.2,2561.1,9279.4,2824.2,0.5816
35513.9,2401.1,35840.0,2880.0,0.5810
17269.6,9293.4,17371.3,9520.8,0.5810
16195.7,6080.5,16268.6,6632.8,0.5810
5303.1,18931.3,5753.1,19520.0,0.5809
4820.7,12784.3,5435.1,13120.0,0.5808
321.9,32967.1,957.1,33280.0,0.5806
32681.3,8670.8,33279.3,8973.3,0.5805
10940.9,28058.2,11520.0,28480.0,0.5804
3873.8,5668.7,4475.9,6080.0,0.5804
2617.3,3315.6,2714.0,3519.0,0.5802
35883.8,2429.7,36477.6,2879.5,0.5802
95.4,2166.8,386.3,2560.0,0.5802
7510.1,5339.8,7962.4,5760.0,0.5801
28300.3,32838.7,28790.8,33276.2,0.5801
8839.7,4170.0,9176.3,4616.2,0.5799
2976.4,32428.9,3515.4,32957.0,0.5799
11600.7,25528.1,12156.7,25917.8,0.5798
3681.7,23681.7,3767.0,23893.5,0.5798
25920.0,7360.0,26101.1,7785.8,0.5798
26560.2,7862.1,26703.3,7913.4,0.5797
7708.3,9921.7,8320.0,10239.5,0.5796
4804.0,9231.1,5438.2,9600.0,0.5794
11200.7,4481.9,11496.3,4939.7,0.5792
21296.4,5861.4,21468.8,6399.4,0.5790
19189.9,2243.9,19506.6,2693.7,0.5789
37770.4,2560.0,38394.6,2788.0,0.5789
20804.3,342.7,21437.8,750.2,0.5788
8733.7,10244.0,9276.8,10561.6,0.5787
36764.8,4724.5,36877.7,5107.3,0.5786
17760.1,6615.3,18233.5,7040.0,0.5786
1836.5,1280.0,2240.0,1586.1,0.5785
13443.6,8960.9,14059.1,9107.0,0.5785
8139.5,7840.7,8319.4,8219.1,0.5784
4160.8,10457.7,4244.3,10611.3,0.5784
8960.0,4624.3,9341.9,5120.0,0.5784
12794.4,5417.4,13119.8,5760.0,0.5784
5760.0,11565.8,5889.2,12160.0,0.5784
2909.3,1521.2,3520.0,1920.0,0.5783
4412.6,1308.4,4535.4,1909.6,0.5782
1.2,966.6,84.8,1144.5,0.5782
20179.8,9600.0,20452.7,9637.4,0.5776
3927.6,31048.1,3999.8,31562.2,0.5775
3200.0,14089.5,3397.0,14577.9,0.5774
36166.4,3404.4,36800.0,3834.0,0.5773
802.9,32895.9,1163.5,32960.0,0.5772
10560.1,12988.0,10694.3,13118.9,0.5772
10645.5,14579.4,11200.0,15040.0,0.5771
2201.5,12234.4,2558.3,12800.0,0.5771
4480.0,6075.5,4608.1,6400.0,0.5768
0.1,5376.1,110.0,5439.5,0.5767
37196.2,22527.0,37751.1,23040.0,0.5767
29860.1,1721.5,30396.6,2228.8,0.5766
641.1,24640.0,1148.5,25278.7,0.5765
3297.6,28480.0,3520.0,28511.1,0.5764
1963.0,27866.0,2559.9,28159.3,0.5764
35240.3,6506.2,35511.9,7040.0,0.5764
9675.4,27098.4,10233.2,27520.0,0.5764
11599.0,18433.1,12155.7,18879.3,0.5763
17920.0,3341.7,18033.4,3518.1,0.5762
7040.0,7364.6,7455.8,7910.3,0.5760
35092.7,5584.1,35516.1,6077.9,0.5760
16192.2,6436.9,16273.4,7040.0,0.5759
4437.9,18254.3,4792.2,18880.0,0.5758
18685.3,8198.1,18762.4,8626.4,0.5757
16644.2,335.2,17275.3,597.9,0.5756
9928.7,425.1,10554.0,707.6,0.5755
3915.8,14301.2,4480.0,14720.0,0.5755
18654.7,1781.4,19197.1,2238.6,0.5755
22451.9,35089.9,23040.0,35520.0,0.5751
8345.5,17187.0,8958.2,17600.0,0.5751
6093.7,10786.8,6195.3,11200.0,0.5749
3978.5,10298.5,4251.6,10614.1,0.5747
28483.1,5701.9,28730.5,6080.0,0.5745
28250.3,36042.9,28796.4,36477.5,0.5743
1696.3,27064.2,1919.7,27199.3,0.5743
2240.0,10292.7,2332.8,10416.3,0.5741
3906.1,11203.5,4040.4,11369.6,0.5738
884.9,10880.2,1280.0,10986.3,0.5738
11948.2,26440.5,12470.9,26878.5,0.5737
20803.8,3657.7,21439.4,3840.0,0.5737
24643.3,8321.0,24850.5,8908.8,0.5737
6801.0,31602.6,7357.7,32000.0,0.5737
8897.5,13522.4,8959.5,13759.3,0.5737
11583.6,26476.9,12157.3,26880.0,0.5735
8030.1,23277.3,8637.2,23680.0,0.5731
8960.0,12362.4,9092.4,12794.5,0.5731
2680.6,4077.6,3200.0,4478.7,0.5729
34560.0,6443.2,34966.5,6720.0,0.5729
38229.4,1096.7,38400.0,1500.5,0.5729
17281.5,9212.2,17557.1,9280.0,0.5727
32322.2,8236.1,32639.8,8624.6,0.5726
10883.3,9905.2,11518.1,10240.0,0.5725
8365.7,8640.3,8956.8,8768.2,0.5722
22050.4,5762.2,22150.4,6084.0,0.5720
26379.1,6080.5,26490.9,6148.2,0.5720
29013.6,7632.3,29119.0,7994.3,0.5719
1280.0,8189.2,1480.4,8226.1,0.5717
36238.3,6021.4,36796.3,6400.0,0.5715
9951.0,154.3,10240.0,616.5,0.5715
22157.0,36249.6,22718.2,36798.0,0.5715
12809.8,1614.0,13437.6,1920.0,0.5713
30721.2,28186.2,31349.5,28585.8,0.5711
31387.7,36044.6,31998.9,36480.0,0.5709
2651.9,20007.1,3198.3,20304.0,0.5707
10240.0,9243.3,10414.4,9280.0,0.5706
4567.5,962.1,4796.7,1154.2,0.5703
36845.0,7040.2,37439.2,7288.3,0.5703
28186.6,7967.4,28792.4,8320.0,0.5702
10645.3,31273.0,11200.0,31680.0,0.5700
196.5,24640.0,640.0,24745.9,0.5697
7360.0,11842.7,7845.6,12282.8,0.5697
6014.8,1981.6,6135.2,2357.3,0.5697
7774.0,32245.6,8313.3,32640.0,0.5694
4828.1,22725.5,5435.7,23331.0,0.5694
3417.0,10886.9,3520.0,11198.2,0.5693
1383.3,23888.3,1497.0,23999.7,0.5692
49.2,32849.5,636.5,33279.9,0.5690
3462.0,7551.5,3520.0,7827.7,0.5689
3520.0,20732.3,3743.5,20770.4,0.5686
22427.8,317.5,23038.2,640.0,0.5686
29533.3,399.3,30077.2,958.2,0.5684
3072.1,13519.8,3511.4,14080.0,0.5683
1086.8,26728.1,1279.5,26944.5,0.5682
3170.8,29038.7,3520.0,29435.9,0.5681
3815.9,10882.0,3887.6,11181.1,0.5680
20405.6,3645.4,20480.0,3840.0,0.5679
4627.5,11204.0,4798.9,11481.1,0.5676
31677.0,505.8,31997.3,953.6,0.5672
2241.1,21441.9,2290.3,21541.8,0.5672
34296.7,30879.3,34876.5,31360.0,0.5671
10037.3,7104.4,10233.1,7676.4,0.5671
8399.4,24861.8,8959.5,25280.0,0.5670
32686.2,3046.2,33276.0,3519.0,0.5669
6123.7,23046.3,6400.0,23554.7,0.5667
21485.7,5147.2,22075.9,5553.9,0.5666
36853.4,21775.5,37436.9,22179.0,0.5666
11947.3,18084.2,12472.7,18558.6,0.5661
29550.9,7686.6,30069.9,8126.0,0.5661
8555.4,15041.3,8960.0,15516.7,0.5660
5854.5,1600.0,5961.0,1820.9,0.5658
31073.6,892.2,31680.0,1280.0,0.5658
3840.0,32961.1,3977.4,33427.8,0.5657
11941.8,20376.1,12472.2,20800.0,0.5655
6234.1,15683.6,6717.9,16136.5,0.5655
30974.7,4961.5,31360.0,5440.0,0.5653
7035.1,960.0,7357.2,1588.5,0.5652
2657.3,23060.4,2719.7,23454.4,0.5652
405.9,7579.6,489.7,7783.8,0.5650
4481.7,2216.1,4570.8,2444.0,0.5647
15682.0,5794.8,15762.2,6006.7,0.5643
234.6,5441.9,624.0,5949.3,0.5643
5238.1,22405.2,5760.0,22943.5,0.5640
10945.5,5344.9,11515.5,5760.0,0.5638
32970.2,36088.3,33595.9,36480.0,0.5638
2152.6,36224.0,2240.0,36751.0,0.5636
1505.8,23861.8,1600.0,24317.2,0.5634
25615.1,9220.0,25920.0,9280.0,0.5631
3200.0,9280.0,3407.7,9847.3,0.5629
17282.3,5467.2,17495.6,5760.0,0.5629
5812.3,28713.6,6396.6,29120.0,0.5629
6499.4,30019.3,7033.4,30400.0,0.5629
2303.7,34935.7,2560.0,35200.0,0.5627
30039.9,4976.1,30400.0,5440.0,0.5626
5787.0,33133.8,6397.8,33599.4,0.5624
6468.3,27127.1,7035.2,27520.0,0.5621
4148.0,24647.0,4257.6,25270.8,0.5620
16978.6,3709.8,17172.1,4150.7,0.5620
2971.1,29052.4,3199.1,29119.1,0.5619
6337.5,11640.2,6399.4,11837.4,0.5617
36868.0,5016.7,36943.6,5435.4,0.5615
19841.9,1916.5,19909.5,2224.1,0.5615
9969.5,27119.4,10556.4,27520.0,0.5614
12493.1,9712.7,13116.1,10225.5,0.5613
33309.9,1280.0,33600.0,1877.0,0.5612
463.9,27693.4,636.8,27918.9,0.5608
3875.3,31713.9,3967.6,32144.9,0.5607
30136.8,31697.6,30716.0,32075.0,0.5607
1400.9,26240.6,1521.6,26339.4,0.5606
7376.8,12480.2,7982.6,12575.4,0.5605
5833.4,6260.3,6400.0,6720.0,0.5603
33070.9,447.6,33594.5,958.8,0.5603
3522.3,29441.1,3785.8,29690.0,0.5603
12160.0,322.8,12797.2,658.2,0.5600
14936.1,1135.1,15040.0,1599.0,0.5599
2894.7,3526.8,3517.6,3947.4,0.5598
15118.5,4848.1,15644.3,5120.0,0.5597
4329.1,13120.0,4771.3,13712.6,0.5597
2480.5,28823.5,2560.0,29017.2,0.5596
7360.0,19522.0,7454.0,19838.5,0.5596
10967.7,33169.2,11507.4,33600.0,0.5596
2162.7,31042.0,2237.8,31589.3,0.5595
26008.7,32357.5,26554.6,32811.9,0.5594
1068.1,3078.6,1267.7,3333.5,0.5593
11253.3,14925.0,11838.0,15360.0,0.5592
32402.4,23572.5,32956.8,24000.0,0.5591
4616.4,23541.4,4954.8,23998.0,0.5590
24091.0,4903.3,24638.0,5440.0,0.5588
2564.0,31360.0,2662.0,31970.5,0.5586
6080.0,23574.9,6174.7,23998.3,0.5586
1138.6,24469.0,1189.8,24640.0,0.5586
36887.4,5521.8,37119.2,5672.0,0.5585
3932.9,27038.5,4007.1,27517.6,0.5583
8668.2,13014.3,9280.0,13432.7,0.5582
15778.2,6863.0,15999.8,7038.1,0.5582
7443.1,26456.5,7995.3,26879.7,0.5582
9600.0,2240.0,10122.8,2494.6,0.5581
2557.3,4160.0,2879.5,4702.2,0.5580
640.0,29712.8,701.7,29987.7,0.5578
1443.1,13452.4,1599.7,13945.2,0.5578
6979.3,7272.4,7040.0,7680.0,0.5577
2004.2,26622.6,2088.5,27027.0,0.5576
3097.3,29444.8,3517.4,29702.9,0.5573
9615.7,3842.8,9918.4,4039.0,0.5573
430.0,20268.8,953.4,20515.0,0.5572
2602.0,13120.0,2880.0,13637.1,0.5571
14082.1,9230.9,14718.7,9451.4,0.5568
32239.6,960.0,32628.9,1578.5,0.5568
9921.4,3016.5,10091.4,3200.0,0.5567
2725.0,26064.2,2784.9,26240.0,0.5566
37139.6,640.0,37440.0,1262.0,0.5566
35917.8,4097.4,36478.3,4480.0,0.5565
3934.1,27320.9,4007.8,27838.0,0.5564
11851.9,7574.9,12473.9,8000.0,0.5563
7147.6,33516.2,7672.6,33920.0,0.5563
37175.5,8412.6,37756.7,8960.0,0.5558
12800.0,2158.3,13438.5,2560.0,0.5555
7045.7,1699.2,7158.2,2238.4,0.5555
4160.0,27200.0,4388.9,27840.0,0.5554
3263.9,23040.0,3327.0,23125.3,0.5553
30014.5,5186.9,30079.4,5438.6,0.5552
13608.5,3117.1,13759.9,3365.4,0.5551
5252.6,16111.7,5755.4,16640.0,0.5547
19203.7,5664.9,19333.0,6073.9,0.5546
10258.8,7512.5,10560.0,7995.5,0.5546
20008.4,3509.7,20189.7,3835.2,0.5544
7751.5,35429.0,8315.2,35840.0,0.5543
646.3,23779.9,1062.9,24320.0,0.5540
14562.9,2240.0,14719.2,2419.3,0.5539
4505.9,4160.0,4800.0,4762.0,0.5536
2238.4,30481.2,2349.1,30717.3,0.5536
10016.5,13762.6,10239.3,14127.2,0.5533
9920.0,2.6,10554.8,118.9,0.5529
4276.5,20800.1,4480.0,21289.3,0.5527
4527.8,10880.0,4956.2,11402.8,0.5526
93.1,23831.3,605.5,24319.3,0.5526
30084.8,7902.8,30235.5,8320.0,0.5526
6538.6,25428.2,7037.2,25920.0,0.5523
32287.1,5202.6,32640.0,5723.9,0.5522
9020.9,11866.0,9318.8,12159.4,0.5519
23040.4,7881.0,23359.8,7999.8,0.5519
1440.4,7361.9,1822.5,7673.7,0.5518
29180.6,7045.5,29439.7,7397.7,0.5512
35026.2,6731.2,35200.0,7352.3,0.5508
7448.0,24483.1,8000.0,24959.1,0.5508
4482.3,3342.5,4565.8,3688.6,0.5507
6591.4,1226.3,6746.8,1331.7,0.5507
10561.2,13663.5,10692.4,13760.0,0.5505
11918.3,23905.3,12468.7,24320.0,0.5505
9631.1,8961.3,10236.5,9090.6,0.5504
19600.1,35528.0,20153.9,35981.4,0.5502
27837.6,9280.5,28160.0,9392.4,0.5502
31242.4,1280.0,31677.3,1485.7,0.5498
4082.6,1600.0,4464.7,1895.5,0.5497
3422.5,31024.1,3514.2,31359.4,0.5496
18240.0,507.3,18660.5,960.0,0.5494
6401.2,23063.1,6559.0,23359.6,0.5493
32020.1,29652.9,32636.9,30080.0,0.5493
2663.9,32001.1,2797.5,32215.8,0.5492
34637.3,27303.4,35197.0,27839.2,0.5491
5232.8,32182.9,5760.0,32640.0,0.5491
4404.1,27520.0,4476.2,27742.6,0.5490
111.5,15100.4,443.6,15358.9,0.5490
4485.1,23040.0,4800.0,23680.0,0.5489
1078.7,3337.7,1301.3,3520.0,0.5489
33633.7,29452.0,34238.3,29801.9,0.5487
4042.9,27686.8,4125.7,28153.9,0.5487
31384.7,4013.6,31999.4,4473.4,0.5486
22626.4,6400.0,23036.0,6552.1,0.5486
19639.6,8960.0,20158.0,9050.3,0.5484
1154.0,30587.0,1232.0,30868.4,0.5482
35290.7,20367.8,35837.0,20800.0,0.5481
2068.3,2371.6,2177.8,2670.3,0.5481
5160.3,12480.1,5752.5,12666.8,0.5480
11279.1,1641.1,11520.0,2240.0,0.5478
34695.6,7163.5,34879.4,7467.5,0.5478
3242.5,31689.4,3326.8,32202.3,0.5477
10880.0,13761.1,11010.8,13913.9,0.5476
1959.4,29761.8,2239.1,29911.1,0.5476
14082.6,9978.9,14720.0,10240.0,0.5475
9519.5,13672.5,9920.0,14080.0,0.5475
408.9,28356.2,952.5,28800.0,0.5474
30794.3,25315.6,31358.0,25743.8,0.5474
8782.5,12857.3,8959.0,12952.1,0.5471
23680.0,9601.1,24316.6,9810.1,0.5470
16506.3,8170.8,16889.3,8291.8,0.5468
18182.1,6465.6,18238.5,6838.5,0.5468
3259.5,320.0,3839.0,631.7,0.5464
28213.0,4239.8,28795.9,4800.0,0.5463
24405.4,10074.3,24955.8,10557.8,0.5463
643.0,28481.0,1058.6,28976.6,0.5462
26958.5,1920.0,27504.1,2404.2,0.5461
5122.3,5783.5,5276.5,6051.2,0.5460
322.7,22558.6,866.2,23040.0,0.5460
3471.3,23259.9,3840.0,23360.0,0.5459
8320.7,14222.3,8513.7,14720.0,0.5459
6172.3,9324.7,6719.1,9920.0,0.5458
19327.9,5577.3,19407.1,5660.7,0.5455
821.8,26311.4,960.0,26880.0,0.5455
321.6,20597.4,960.0,20798.1,0.5455
13166.2,3111.5,13758.1,3520.0,0.5453
9602.8,8903.7,10238.0,9279.2,0.5451
17040.3,7531.9,17582.5,8000.0,0.5451
5124.3,13210.6,5591.8,13439.4,0.5449
1694.5,4383.2,2226.6,4799.1,0.5449
12324.7,9243.6,12557.7,9280.0,0.5448
11293.6,16797.6,11834.8,17278.1,0.5446
8000.0,16327.9,8121.9,16464.7,0.5442
14080.0,9977.3,14243.3,10021.5,0.5440
29785.7,6304.5,30400.0,6720.0,0.5439
2020.5,34567.7,2560.0,34914.6,0.5438
6300.9,3.8,6716.8,166.4,0.5434
35911.5,6772.3,36160.0,7360.0,0.5433
33000.1,30672.0,33600.0,31039.9,0.5430
6638.9,5762.4,7033.5,6357.7,0.5430
7043.8,12480.0,7678.9,12582.0,0.5427
4899.3,25280.0,5120.0,25916.5,0.5426
37132.6,7366.6,37756.0,7678.5,0.5425
901.1,6080.0,1280.0,6549.1,0.5424
4163.2,18710.0,4311.4,19185.1,0.5423
8398.5,22941.9,8954.9,23360.0,0.5423
26953.8,7753.9,27200.0,7792.7,0.5423
4005.7,21124.8,4477.9,21540.2,0.5423
4160.0,6968.5,4570.3,7194.2,0.5421
4495.1,19136.7,4736.2,19520.0,0.5418
3857.9,30179.1,3923.8,30602.6,0.5417
28587.1,718.0,28800.0,1280.0,0.5417
1922.4,5785.5,2081.0,6172.9,0.5417
1464.9,10028.0,1612.7,10127.0,0.5415
642.1,7360.1,1280.0,7630.5,0.5414
2241.3,32541.1,2442.7,32639.9,0.5413
3200.0,11956.4,3271.8,12478.3,0.5412
9147.8,14951.1,9279.2,15039.6,0.5411
11757.1,2245.9,12160.0,2758.7,0.5410
24883.9,5314.8,25280.0,5756.9,0.5410
37495.8,7188.6,38080.0,7671.5,0.5409
31045.0,5447.2,31384.8,5603.5,0.5407
35518.1,8338.4,35826.4,8640.0,0.5407
11574.2,29047.2,12159.8,29440.0,0.5407
11934.2,21658.3,12469.7,22079.1,0.5407
698.6,2259.8,1276.7,2589.4,0.5406
9920.0,7433.2,10072.6,7574.2,0.5406
20251.5,34470.4,20793.9,34879.6,0.5405
634.7,3144.7,700.8,3245.5,0.5405
32642.7,3445.9,33275.5,3822.8,0.5405
2975.1,21788.3,3038.2,22242.4,0.5404
30166.6,29851.7,30717.2,30397.2,0.5404
33010.8,5122.1,33278.1,5253.0,0.5404
25927.1,4.4,26557.6,402.8,0.5404
31365.0,9280.8,32000.0,9392.2,0.5402
34451.4,6647.8,34560.0,7040.0,0.5399
16083.9,8863.7,16640.0,9275.0,0.5397
963.2,21599.9,1421.7,22067.4,0.5397
7193.8,16475.0,7680.0,16958.6,0.5397
29440.0,9621.8,30078.7,9915.1,0.5396
5900.7,4611.8,6068.4,5115.4,0.5395
15565.7,4486.9,15995.2,4943.7,0.5394
32084.3,28285.3,32633.2,28800.0,0.5394
29188.6,6112.9,29758.2,6400.0,0.5394
5047.9,15108.9,5440.0,15680.0,0.5392
8731.2,99.2,8958.7,489.1,0.5392
25021.7,34737.4,25596.7,35200.0,0.5391
27693.3,8079.9,27811.7,8639.8,0.5390
18176.7,847.5,18554.8,1279.3,0.5390
5859.8,25903.3,6398.3,26240.0,0.5389
25420.7,10275.2,25916.3,10699.9,0.5388
5533.6,12037.3,6079.0,12475.8,0.5388
6080.1,25601.8,6179.0,25774.1,0.5388
2561.4,1600.7,2911.2,1737.2,0.5387
4267.9,6062.0,4480.0,6391.4,0.5386
10880.0,621.5,11249.9,959.6,0.5386
7209.1,3201.1,7359.7,3767.5,0.5386
18950.4,5275.8,19092.2,5427.3,0.5386
23893.4,7896.4,24320.0,8320.0,0.5384
5760.5,15561.3,6397.5,16000.0,0.5383
11282.5,5137.7,11713.9,5548.9,0.5382
3109.0,19220.5,3199.8,19412.4,0.5382
2161.0,2880.3,2284.9,3371.6,0.5381
7485.9,21910.3,7995.7,22397.8,0.5380
6198.3,665.5,6304.7,956.2,0.5378
4805.5,11768.0,5163.8,12054.4,0.5377
26075.8,8320.2,26239.9,8582.1,0.5376
33104.7,27200.0,33600.0,27719.2,0.5375
5887.0,11625.4,6400.0,12160.0,0.5373
24000.0,9562.5,24232.5,9600.0,0.5371
10953.9,15291.3,11519.4,15680.0,0.5369
24066.6,4317.3,24636.0,4795.4,0.5369
24970.3,5302.7,25598.8,5756.9,0.5369
21125.5,7630.1,21759.6,8000.0,0.5367
32428.3,28321.8,32953.2,28796.5,0.5367
8641.6,10111.5,8692.5,10240.0,0.5361
27323.2,4160.1,27832.0,4555.7,0.5361
9658.2,32241.5,10240.0,32640.0,0.5359
3577.8,29123.1,3991.3,29453.8,0.5357
31680.0,3204.3,32019.0,3341.4,0.5357
4603.8,10762.9,4663.7,10966.9,0.5357
3271.5,23680.3,3418.3,24059.4,0.5355
4442.0,1304.6,4570.8,1600.0,0.5355
9046.4,20680.1,9596.5,21117.1,0.5353
27853.0,32647.3,28474.6,32939.3,0.5349
28806.3,4800.0,29435.8,5150.1,0.5346
9075.3,12343.0,9280.0,12661.3,0.5346
2258.5,33477.6,2879.6,33920.0,0.5345
5497.2,32640.0,6075.2,33103.8,0.5344
10000.4,33197.4,10560.0,33600.0,0.5343
5863.7,29281.8,6399.4,29760.0,0.5340
11312.2,27370.2,11839.3,27840.0,0.5339
21624.0,8472.4,21757.1,8960.0,0.5334
6402.7,10454.2,6522.4,10858.0,0.5331
25920.3,8640.0,26115.7,8774.7,0.5329
12164.6,3601.3,12371.0,4160.0,0.5327
13862.1,1360.5,14386.6,1920.0,0.5327
19012.7,4452.1,19517.8,4783.3,0.5323
3520.9,8254.1,3705.8,8319.8,0.5322
35842.5,2053.5,35989.4,2559.8,0.5321
20874.7,3779.8,21120.0,4160.0,0.5317
30860.1,33860.9,31356.9,34240.0,0.5316
4490.7,6720.0,4571.2,6986.5,0.5314
5851.8,36361.7,6394.8,36800.0,0.5314
26184.4,5954.1,26238.8,6080.0,0.5311
1280.0,5440.9,1729.0,5959.6,0.5306
25676.9,33952.2,26237.1,34356.3,0.5305
27708.9,9199.1,27814.7,9597.3,0.5305
13548.1,9560.0,13760.0,9600.0,0.5305
35573.7,2105.8,36152.8,2560.0,0.5304
31060.8,31050.5,31677.2,31456.5,0.5302
33284.2,7684.4,33919.9,8153.8,0.5302
4073.7,26579.9,4480.0,27200.0,0.5301
9319.0,16872.7,9915.7,17280.0,0.5300
2090.6,35840.0,2559.1,36331.8,0.5299
11863.8,11530.6,12160.0,11878.8,0.5299
19638.7,9137.6,20152.8,9251.8,0.5299
16465.0,6400.0,16639.7,6736.6,0.5297
35630.1,2491.1,36155.8,2880.0,0.5295
640.0,2254.3,715.3,2674.3,0.5295
17175.1,1600.0,17599.2,1719.1,0.5295
1665.8,1616.3,1899.3,1967.4,0.5294
5531.6,30081.9,5759.7,30443.9,0.5292
1079.0,8429.0,1280.0,8494.0,0.5291
4635.4,21541.7,4795.2,21758.8,0.5289
4215.2,29760.0,4441.0,30296.9,0.5288
8960.0,2246.2,9471.9,2752.2,0.5286
30871.4,6810.6,31040.0,6850.0,0.5286
27851.4,9375.7,28478.7,9638.8,0.5283
4553.1,18564.6,5110.0,18996.2,0.5282
5412.4,31230.8,5758.8,31679.4,0.5278
3910.9,31363.2,3998.8,31913.5,0.5278
36480.0,6430.3,36619.0,6841.4,0.5277
11161.1,9600.0,11520.0,10086.5,0.5276
7040.0,1718.5,7106.1,1919.6,0.5276
13129.0,5997.1,13424.2,6400.0,0.5276
696.1,29136.9,827.0,29366.7,0.5275
3493.0,18456.0,3838.5,18880.0,0.5274
11508.8,6720.1,11840.0,7188.0,0.5273
32725.1,25361.3,33277.5,25918.5,0.5273
22563.0,5124.2,23037.0,5509.4,0.5272
7589.5,4607.3,7680.0,5109.8,0.5271
1280.0,26560.0,1448.7,26616.2,0.5271
9854.4,12992.9,9917.2,13250.2,0.5270
9146.3,12673.7,9280.0,12800.0,0.5270
11200.0,4809.5,11520.9,5240.1,0.5267
11313.6,7738.6,11840.0,8076.1,0.5264
5050.3,35522.7,5440.0,36113.6,0.5264
8963.0,8500.3,9600.0,8865.2,0.5264
3597.4,22073.0,3834.9,22397.5,0.5263
32640.0,4247.1,33280.0,4480.0,0.5263
25287.0,7922.3,25916.0,8320.0,0.5261
1699.7,11169.5,1919.8,11520.0,0.5260
3211.4,32645.6,3838.6,32960.0,0.5259
11520.0,11741.1,11652.9,11840.0,0.5259
9898.5,13511.8,10240.0,13758.7,0.5257
2.0,24640.2,491.3,24729.1,0.5256
10355.1,15593.0,10877.0,16000.0,0.5255
34646.0,27033.1,35195.7,27518.7,0.5252
2339.7,26881.5,2559.6,27130.1,0.5252
3240.7,8240.3,3520.0,8318.6,0.5251
14517.8,2064.9,14719.2,2427.7,0.5251
4552.2,31040.0,4800.0,31671.0,0.5250
7044.7,1296.2,7181.3,1715.4,0.5250
30807.5,28616.6,31354.2,29120.0,0.5250
28535.8,36387.6,29118.8,36798.4,0.5249
1670.3,6943.9,2232.3,7360.0,0.5249
9920.0,12163.8,10047.0,12633.1,0.5246
11221.0,228.6,11834.9,637.0,0.5245
4803.2,24600.1,4945.7,24957.1,0.5241
4723.5,8591.5,5118.2,8960.0,0.5241
31193.3,8223.1,31674.5,8640.0,0.5239
37808.0,18551.0,38400.0,18880.0,0.5238
31041.7,6401.1,31337.5,6635.8,0.5236
4516.5,11201.5,4614.7,11325.6,0.5231
8727.3,21665.2,9278.1,22079.0,0.5231
30723.4,28415.8,31358.5,28800.0,0.5230
5631.8,9920.6,5759.8,10018.4,0.5229
32337.8,8345.0,32960.0,8767.0,0.5228
14174.1,5462.0,14396.0,5990.7,0.5227
34947.7,26392.0,35512.8,26878.7,0.5227
21440.0,4490.5,21524.1,4940.0,0.5225
36497.8,7680.0,37120.0,7875.7,0.5224
32641.9,3840.0,33279.8,4267.0,0.5223
3657.9,33920.0,3839.7,34339.9,0.5222
16.0,29766.2,327.9,30269.2,0.5221
21440.3,5444.5,21570.7,5952.3,0.5217
11661.1,385.8,11840.0,958.3,0.5217
26880.0,10569.1,27517.9,10948.5,0.5215
1920.0,35844.9,2048.6,36315.4,0.5214
9342.3,10383.2,9421.3,10518.7,0.5212
18653.3,36306.9,19196.4,36800.0,0.5211
18385.6,4800.0,18560.0,4901.7,0.5210
2280.1,36085.7,2879.2,36480.0,0.5210
2385.7,34754.7,2878.8,35200.0,0.5209
35444.8,2622.9,35840.0,3200.0,0.5208
2560.0,29440.4,2721.9,29757.6,0.5206
1600.0,3856.4,1960.2,4157.0,0.5205
1077.5,25295.7,1198.4,25599.9,0.5205
1388.9,21767.8,1595.8,22092.2,0.5203
6374.1,13222.1,6718.9,13440.0,0.5202
4801.6,12533.1,5438.2,12837.6,0.5202
26881.5,10960.6,27517.8,11200.0,0.5201
17481.2,9920.0,17917.1,10021.5,0.5199
9579.9,2113.1,9919.2,2462.8,0.5199
16321.9,7278.8,16382.0,7680.0,0.5199
9379.2,27757.9,9914.0,28159.5,0.5198
11609.5,14936.3,12158.4,15360.0,0.5196
24725.4,32970.9,25277.7,33378.5,0.5195
10560.0,4379.8,11057.9,4799.4,0.5195
3083.9,27209.4,3502.0,27520.0,0.5193
2074.7,31680.0,2134.6,31847.7,0.5191
3644.6,21441.9,3837.3,21575.2,0.5188
7900.8,2564.0,8320.0,3020.1,0.5188
21459.7,6081.4,22075.1,6414.0,0.5187
20579.2,4569.2,21114.1,5119.2,0.5186
2964.1,4159.5,3199.4,4454.9,0.5186
2058.5,28938.1,2559.8,29439.6,0.5182
11055.6,5854.1,11503.7,6400.0,0.5182
7449.4,33821.6,7990.9,34239.7,0.5180
357.9,6721.0,500.7,7045.5,0.5179
7360.7,8640.3,7594.4,8790.7,0.5178
7361.5,26817.5,7997.5,27200.0,0.5177
8022.6,1730.6,8320.0,2240.0,0.5177
38056.3,7695.4,38652.3,8167.2,0.5177
27923.8,33168.4,28476.3,33600.0,0.5176
35334.5,19846.3,35835.7,20204.6,0.5176
4998.4,36227.4,5431.1,36647.1,0.5174
9920.0,6443.1,10051.2,6720.0,0.5172
1316.9,12561.5,1916.6,12800.0,0.5171
11301.4,31865.6,11837.4,32320.0,0.5170
21793.8,3775.6,22394.7,4160.0,0.5168
2722.7,33101.6,2880.0,33177.8,0.5168
26561.0,9600.0,26658.7,9659.9,0.5164
37375.7,6084.6,37760.0,6606.8,0.5164
6954.9,7683.0,7039.4,7924.1,0.5163
2406.7,32236.6,2559.3,32320.0,0.5161
4599.4,1921.3,5120.0,2189.8,0.5161
29813.3,29437.2,30399.2,29760.0,0.5160
4539.1,5120.8,4800.0,5255.4,0.5160
21482.6,3097.3,22076.0,3520.0,0.5160
10666.3,30293.5,11197.4,30720.0,0.5159
20575.7,8893.1,21120.0,9106.2,0.5158
25923.7,8002.2,26062.2,8162.1,0.5155
5430.9,22724.1,5757.3,22947.7,0.5155
30166.2,27241.2,30715.2,27669.1,0.5155
9134.9,20031.3,9597.9,20478.2,0.5154
2105.7,34771.2,2557.2,35200.0,0.5152
23701.4,2882.6,23998.1,3199.2,0.5152
5475.7,29890.4,5691.4,30078.5,0.5152
8420.1,31930.4,8957.8,32320.0,0.5151
1280.0,320.0,1373.8,477.8,0.5150
4924.7,27304.7,5434.6,27840.0,0.5150
3735.9,8157.4,4156.2,8311.9,0.5149
24320.9,9139.2,24525.1,9297.8,0.5148
13394.9,7375.3,13760.0,8000.0,0.5146
15087.1,8232.2,15678.9,8640.0,0.5146
1600.0,7706.6,2240.0,8055.2,0.5145
24640.8,8240.2,24830.4,8636.5,0.5145
13125.3,7089.7,13419.1,7680.0,0.5144
6825.7,1713.7,7032.8,2239.6,0.5144
15040.8,7044.0,15359.6,7462.2,0.5143
3178.0,20091.5,3520.0,20202.4,0.5142
4572.4,2241.7,4685.2,2429.5,0.5142
1696.5,24037.4,2240.0,24640.0,0.5141
24987.3,33575.0,25599.4,33920.0,0.5140
6209.4,32856.6,6717.5,33280.0,0.5138
13456.9,7682.1,13759.8,8226.7,0.5138
9280.0,3112.9,9437.4,3198.4,0.5138
11633.2,14302.7,12156.9,14720.0,0.5137
34880.5,3950.2,35516.5,4321.4,0.5137
9700.3,25131.6,10234.8,25599.8,0.5137
10328.4,22301.4,10873.2,22720.0,0.5136
9095.6,6080.0,9596.7,6633.0,0.5134
5899.9,11091.5,6383.4,11520.0,0.5133
10300.9,11526.9,10559.3,11656.1,0.5133
7441.1,31592.1,7994.3,32000.0,0.5131
16213.9,7040.0,16320.0,7603.2,0.5130
7479.2,9280.0,7680.0,9706.7,0.5129
35213.3,26809.2,35836.9,27200.0,0.5125
24960.0,9023.5,25097.5,9122.0,0.5125
7714.0,32565.7,8317.4,32960.0,0.5125
6744.6,7411.2,6834.0,7678.8,0.5125
31623.4,640.0,31673.8,789.0,0.5123
30132.1,33521.7,30718.0,33919.2,0.5123
24411.5,35875.3,24954.1,36324.5,0.5123
320.0,15504.7,807.0,15998.0,0.5122
3286.8,26788.2,3383.7,26880.0,0.5122
29508.5,6597.5,30070.8,7038.5,0.5120
27131.3,9526.6,27518.7,9918.8,0.5120
34984.1,25687.7,35510.8,26240.0,0.5119
4800.0,32640.8,5438.7,33065.2,0.5118
26936.7,30880.1,27516.9,31360.0,0.5116
2243.9,1643.6,2507.9,1877.0,0.5116
18560.0,6508.7,18658.7,6720.0,0.5116
26560.0,1558.0,27198.9,1918.7,0.5113
35640.5,7680.0,36155.7,7864.9,0.5111
5200.0,31527.9,5757.6,32000.0,0.5111
36480.0,7040.0,37117.8,7437.3,0.5111
23371.8,1319.5,23995.6,1600.0,0.5111
33336.5,5134.8,33920.0,5607.8,0.5107
11520.0,13671.8,11637.2,13760.0,0.5106
18524.3,7540.6,18669.4,7993.9,0.5105
3812.9,10561.4,3894.1,11188.0,0.5103
9704.7,22280.1,10235.0,22720.0,0.5098
7654.6,23040.3,8000.0,23548.9,0.5098
4570.7,8798.2,5115.5,9280.0,0.5095
1836.8,2887.7,2125.2,3359.4,0.5095
32651.4,30945.9,33277.1,31360.0,0.5094
13760.0,6246.8,14175.8,6720.0,0.5094
10980.1,24792.0,11516.7,25279.7,0.5093
22400.7,9600.0,23040.0,9907.5,0.5092
11382.6,7495.2,11520.0,7996.3,0.5091
15401.6,7113.9,15996.4,7680.0,0.5087
2241.1,23705.5,2722.4,24000.0,0.5087
18845.4,6096.5,18939.9,6359.9,0.5087
19847.7,898.6,20480.0,1280.0,0.5085
26370.1,8302.2,26473.3,8553.3,0.5085
25687.0,35662.6,26234.1,36158.1,0.5084
1921.1,12871.6,2557.8,13119.4,0.5084
13120.0,4368.6,13535.2,4800.0,0.5083
2766.2,809.7,2856.5,1020.7,0.5080
3605.3,2140.8,3839.9,2560.0,0.5079
124.9,22413.9,516.0,22720.0,0.5077
27861.8,3422.9,28475.9,3840.0,0.5077
4389.9,17317.2,4800.0,17920.0,0.5076
4848.2,30759.2,5117.8,31360.0,0.5076
2667.3,10063.3,2880.0,10131.0,0.5074
17921.1,6251.5,18356.3,6720.0,0.5072
2885.5,31485.3,2986.5,32000.0,0.5069
5850.4,28383.1,6397.3,28799.0,0.5068
352.0,6720.0,640.0,7340.6,0.5066
16034.7,5123.7,16319.9,5535.7,0.5066
7317.8,1038.0,7680.0,1600.0,0.5066
346.5,5418.3,490.0,5757.3,0.5066
1659.4,11425.5,2240.0,11840.0,0.5065
29695.1,5292.1,30080.0,5756.9,0.5063
9374.7,23847.4,9911.3,24320.0,0.5063
31519.6,6607.4,31680.0,7036.1,0.5063
14615.8,2482.2,15040.0,2880.0,0.5063
25697.1,3201.3,26237.0,3699.9,0.5061
10019.8,22560.6,10553.0,23039.9,0.5061
18087.3,3342.7,18160.3,3518.1,0.5061
1600.0,26560.0,1760.8,27082.8,0.5060
35662.0,964.4,36160.0,1573.0,0.5059
2240.0,3396.4,2565.6,3519.2,0.5059
11938.5,17818.7,12473.8,18240.0,0.5058
3274.4,6400.0,3836.4,6909.2,0.5057
5195.3,14304.0,5726.2,14720.0,0.5057
16165.8,4165.3,16280.2,4340.6,0.5055
9062.1,32146.4,9594.2,32640.0,0.5054
4176.5,2443.5,4418.5,2478.6,0.5051
4181.8,1239.2,4248.3,1555.6,0.5050
34610.1,7555.0,35196.4,7998.9,0.5049
26241.5,8000.7,26337.1,8179.8,0.5049
13802.6,1074.4,14392.8,1599.0,0.5049
1468.1,27931.9,1551.8,28159.3,0.5048
30400.0,6362.8,30487.1,6720.0,0.5047
15040.0,2137.7,15678.6,2560.0,0.5047
17309.0,1671.3,17917.8,2115.5,0.5046
5131.3,4480.0,5759.7,4890.1,0.5043
13492.2,6865.6,13598.4,7360.0,0.5043
7186.8,36455.8,7675.3,36864.0,0.5040
14139.4,3710.3,14718.0,4158.8,0.5040
6212.3,460.8,6400.0,563.6,0.5039
161.9,24704.7,640.0,24960.0,0.5037
1290.0,7645.4,1920.0,8000.0,0.5036
4217.2,36402.9,4798.8,36800.0,0.5035
38035.3,6400.0,38650.0,6614.5,0.5032
3559.5,7046.7,4152.1,7360.0,0.5031
1754.4,10560.0,1919.6,10854.3,0.5031
26354.0,6439.3,26877.3,6718.8,0.5030
8094.8,34713.0,8636.3,35199.4,0.5030
20898.1,6609.7,21439.0,6997.1,0.5028
27391.4,7899.9,27611.0,8319.5,0.5027
31680.0,8744.3,32316.1,9085.0,0.5027
38260.2,386.8,38400.0,832.0,0.5027
3250.8,13717.1,3838.0,14080.0,0.5026
34850.9,2279.7,35200.0,2560.0,0.5025
38022.4,6911.1,38656.0,7360.0,0.5025
1465.5,23362.0,1595.5,23491.8,0.5025
4959.3,27840.0,5120.0,28358.1,0.5025
3926.7,33524.4,4160.0,33920.0,0.5024
8458.0,11437.3,8959.2,11840.0,0.5023
32690.2,1741.0,33274.1,2236.6,0.5023
29447.2,31309.5,30077.3,31680.0,0.5023
37260.1,9.9,37755.0,537.2,0.5022
2596.5,9362.4,3055.0,9745.8,0.5022
9696.7,25804.2,10234.4,26239.1,0.5021
10564.4,7051.7,10879.1,7558.9,0.5019
14148.6,8675.1,14715.4,8985.2,0.5017
30172.8,35949.8,30715.1,36479.9,0.5015
9422.4,24174.9,9909.6,24639.2,0.5013
2096.7,0.0,2459.2,257.4,0.5013
320.0,2.9,380.0,341.9,0.5011
33929.7,3520.0,34539.7,3725.7,0.5009
9602.6,988.7,10236.1,1344.3,0.5007
18240.0,6400.0,18375.0,6717.4,0.5006
10631.0,19766.6,11194.4,20160.0,0.5005
33678.8,2637.8,34234.4,3200.0,0.5004
8835.6,1606.1,8960.0,2057.4,0.5004
16321.9,4579.3,16401.1,4798.7,0.5003
1281.0,11108.0,1659.2,11317.2,0.5003
23551.4,7915.1,23678.2,8320.0,0.5002
2322.4,6078.8,2560.0,6150.1,0.5001
34306.1,28962.2,34875.1,29440.0,0.5000
19411.1,3493.1,19520.0,3831.1,0.5000
14047.4,3155.4,14400.0,3515.6,0.5000
3543.5,4018.0,3839.4,4338.0,0.4999
31360.0,8540.8,32000.0,8919.6,0.4999
6080.5,6153.1,6364.4,6298.1,0.4997
16869.1,2278.4,16943.7,2560.0,0.4996
32339.9,1640.6,32955.8,1920.0,0.4995
36171.4,7374.6,36798.8,7814.0,0.4994
6023.6,3520.0,6079.4,3653.8,0.4993
4803.7,21957.6,4868.9,22397.1,0.4990
5029.6,19729.5,5120.0,20156.5,0.4987
4086.0,20806.7,4219.6,21177.4,0.4986
10324.3,28703.6,10875.5,29120.0,0.4985
960.0,24010.2,1028.5,24414.7,0.4982
11446.0,7600.3,11840.0,8000.0,0.4981
11276.5,21935.8,11836.4,22400.0,0.4980
17429.1,1925.6,17600.0,2194.8,0.4980
35545.1,22414.1,36157.8,22818.3,0.4980
2003.1,34560.0,2239.3,34955.9,0.4978
6722.9,23183.6,6825.7,23360.0,0.4978
2849.7,29694.4,3200.0,30080.0,0.4977
24664.8,506.9,25278.4,958.7,0.4977
27899.3,35439.6,28478.9,35840.0,0.4976
30.0,6080.0,259.4,6630.5,0.4970
2389.0,28774.9,2876.3,29038.9,0.4968
28536.0,30907.1,29117.4,31360.0,0.4966
8071.3,23581.0,8637.2,24000.0,0.4965
320.0,28801.6,659.5,28922.8,0.4965
10240.0,13658.9,10364.7,13760.0,0.4962
11309.6,24231.0,11836.7,24640.0,0.4960
2028.6,23113.2,2177.0,23360.0,0.4958
36162.8,2552.7,36796.6,2878.2,0.4958
5852.4,24379.3,6394.3,24960.0,0.4957
11932.7,32858.0,12475.9,33280.0,0.4956
33381.8,27388.9,33916.4,27840.0,0.4955
12547.5,7369.4,13104.0,7878.9,0.4952
10024.8,32161.8,10557.9,32638.6,0.4952
2894.5,33487.2,3516.8,33908.5,0.4951
30171.8,1715.1,30717.5,2236.3,0.4950
15780.0,320.0,16300.9,838.5,0.4950
9060.0,22270.6,9595.9,22720.0,0.4949
1570.7,21123.8,1920.0,21498.4,0.4947
18612.7,7662.1,18865.4,7994.5,0.4946
6082.3,23363.2,6489.5,23578.1,0.4941
3105.5,13440.0,3199.6,13913.9,0.4937
35536.6,19711.6,36158.0,20159.8,0.4937
10600.7,2058.2,11192.4,2551.8,0.4936
7766.5,24836.4,8315.6,25280.0,0.4936
18903.3,8848.0,19519.0,9264.8,0.4936
0.8,5133.2,89.7,5331.1,0.4934
9600.0,2604.6,9815.6,2665.2,0.4933
4565.9,25601.5,4652.2,25899.6,0.4932
13760.4,4482.3,14177.0,5051.2,0.4931
5760.1,3200.7,5980.6,3250.2,0.4930
1521.3,13122.1,1812.4,13423.5,0.4929
9600.0,8665.5,10239.1,8954.1,0.4928
11586.5,16859.6,12154.3,17280.0,0.4927
13715.1,3262.6,14075.6,3839.5,0.4925
24257.4,6724.8,24632.6,6941.1,0.4924
11276.5,8963.1,11519.7,9060.6,0.4923
38241.7,2131.9,38649.7,2560.0,0.4920
29441.2,1287.6,29804.5,1629.8,0.4918
17924.9,7548.6,18092.9,7999.5,0.4917
3522.0,21032.7,3587.1,21440.0,0.4917
9095.5,22939.0,9597.6,23360.0,0.4917
678.8,22153.3,958.7,22720.0,0.4917
19522.9,8167.9,19684.2,8374.0,0.4916
31447.7,24445.4,31991.8,24960.0,0.4914
5218.7,6632.4,5725.5,7040.0,0.4912
2251.3,8350.7,2878.3,8640.0,0.4912
8960.0,8303.7,9600.0,8628.8,0.4911
27920.1,3751.6,28475.2,4160.0,0.4908
2.8,3524.7,96.2,3830.4,0.4908
642.6,16390.8,762.7,16639.1,0.4906
14085.0,7894.8,14716.9,8320.0,0.4906
11662.1,980.2,12159.3,1473.2,0.4906
9106.1,10957.8,9280.0,11046.2,0.4905
21589.8,5440.0,22079.7,5901.2,0.4903
2269.2,30622.3,2560.0,30720.0,0.4903
27.4,31083.3,449.8,31360.0,0.4903
27857.9,35848.7,28469.8,36238.8,0.4903
33014.2,6865.6,33596.8,7352.7,0.4900
7578.5,8322.5,7998.5,8420.5,0.4896
6869.3,33280.3,7359.7,33738.0,0.4895
22161.6,34966.4,22719.4,35519.7,0.4894
2880.0,23680.2,2943.0,23928.0,0.4894
34818.3,2000.4,35198.7,2547.9,0.4893
23561.8,5749.2,23996.3,6079.9,0.4893
16136.6,1315.4,16320.0,1917.1,0.4893
13120.0,6496.5,13572.0,7040.0,0.4891
8962.8,29032.0,9599.9,29440.0,0.4890
15808.7,6419.6,15989.9,6664.4,0.4889
11231.9,882.5,11834.6,1280.0,0.4888
615.8,30082.7,717.4,30273.7,0.4887
5892.4,26238.5,6395.1,26560.0,0.4887
1996.1,11103.5,2552.6,11520.0,0.4887
37143.8,26864.0,37758.5,27200.0,0.4886
11304.6,18429.4,11836.6,18880.0,0.4886
30093.4,4160.0,30716.2,4397.1,0.4885
28196.8,31366.2,28797.1,31773.9,0.4883
3007.4,9852.7,3197.9,10018.7,0.4881
4571.4,23797.3,4664.8,24318.2,0.4880
935.7,6856.9,1270.8,7357.1,0.4879
8000.0,15601.7,8243.0,16000.0,0.4878
4640.6,13121.2,4818.1,13316.5,0.4878
33955.2,28670.8,34553.7,29120.0,0.4877
6845.2,14609.1,6958.1,15040.0,0.4876
1600.1,27204.8,1771.7,27647.0,0.4873
1651.5,21836.6,1821.1,21971.2,0.4871
14400.0,9945.5,15036.4,10240.0,0.4870
4791.5,9284.4,5119.8,9915.8,0.4870
2021.9,8699.2,2083.9,8927.0,0.4870
1946.9,3355.8,2238.4,3792.4,0.4869
1529.7,30619.2,1608.3,30822.0,0.4869
35810.1,7040.0,36156.4,7554.6,0.4867
11437.5,1921.0,11838.9,2157.7,0.4867
23053.3,2560.0,23673.8,2887.7,0.4867
15754.3,5799.1,15995.3,6038.5,0.4866
3869.4,7544.6,4467.2,7997.5,0.4866
36895.7,5440.0,36955.6,5541.5,0.4866
1076.7,25601.6,1547.2,25674.9,0.4866
856.6,27131.5,960.0,27512.2,0.4865
30698.9,1604.7,31040.0,1917.0,0.4864
12785.1,7681.1,13120.0,8156.6,0.4862
1307.3,22636.3,1919.4,23040.0,0.4861
5961.1,3703.6,6080.0,3862.8,0.4860
3572.8,9056.2,3636.1,9531.2,0.4857
11960.9,908.7,12475.4,1280.0,0.4857
5190.8,4482.1,5439.8,4800.0,0.4856
4179.5,28186.4,4342.5,28800.0,0.4855
8002.5,15918.2,8131.3,16315.1,0.4854
19520.0,960.0,20156.6,1209.9,0.4852
20175.1,3425.9,20254.3,3838.7,0.4851
15909.7,4742.4,16000.0,5120.0,0.4850
741.2,26020.2,797.4,26351.0,0.4849
23614.9,7219.1,23677.3,7678.8,0.4848
34888.0,4160.2,35518.1,4269.8,0.4848
286.5,4483.2,472.8,4763.5,0.4847
31360.5,1439.6,32000.0,1918.0,0.4847
10969.9,31897.3,11515.1,32320.0,0.4846
6464.2,15361.3,7031.0,15885.6,0.4845
1287.4,20472.2,1736.3,20799.0,0.4843
590.1,32760.8,713.6,32808.1,0.4840
36809.3,3841.7,37119.4,4189.9,0.4840
12509.4,1615.0,13119.5,2040.2,0.4840
1708.3,32523.1,1920.0,32564.8,0.4838
18349.9,9065.6,18560.0,9170.2,0.4835
15363.0,6317.5,15807.8,6720.0,0.4835
3840.0,8274.1,4070.5,8320.0,0.4834
36814.3,4805.4,36920.8,5240.7,0.4833
34240.0,1162.9,34877.2,1596.6,0.4833
26886.7,7593.3,26992.5,7792.9,0.4832
32768.6,427.5,32959.4,766.9,0.4831
37123.3,2562.2,37320.5,2944.3,0.4830
24698.0,5977.0,24778.8,6398.5,0.4828
1182.9,24320.0,1278.9,24925.5,0.4828
4423.0,2175.3,4479.3,2443.6,0.4827
5274.6,36080.0,5756.5,36480.0,0.4826
1406.1,3915.2,1599.8,3976.9,0.4823
11304.8,20386.7,11830.7,20799.0,0.4823
24322.1,7041.8,24583.7,7244.9,0.4821
6096.4,8366.0,6209.9,8634.9,0.4820
3946.0,14810.6,4470.8,15360.0,0.4819
368.4,19205.9,957.3,19491.2,0.4818
6.0,23367.7,587.5,23656.0,0.4817
1600.0,27959.5,1701.3,28480.0,0.4817
1046.9,8951.1,1591.0,9279.7,0.4815
22554.2,8960.0,22720.0,9050.3,0.4814
204.0,11033.8,360.2,11199.2,0.4812
14080.9,5574.4,14229.3,5760.0,0.4810
30786.4,35680.2,31354.6,36159.3,0.4809
6932.9,5539.8,7037.3,6077.6,0.4808
640.0,12301.0,882.1,12800.0,0.4807
7773.0,34788.3,8318.0,35200.0,0.4805
0.0,21922.0,640.0,22267.1,0.4805
4165.4,28917.2,4273.2,29436.7,0.4804
1999.2,26283.9,2080.7,26558.8,0.4804
10015.3,11493.0,10559.3,11840.0,0.4804
10325.3,10560.0,10560.0,10717.7,0.4803
4607.2,10764.6,4676.3,11198.6,0.4802
15830.3,3291.0,16305.9,3840.0,0.4801
10357.4,14566.2,10875.9,15040.0,0.4800
9687.1,26169.6,10232.8,26560.0,0.4797
1611.9,21483.6,2239.7,21787.5,0.4797
18300.8,6777.4,18873.2,7209.3,0.4794
6814.7,33809.2,7360.0,34240.0,0.4794
6497.8,21678.6,7038.3,22080.0,0.4793
29017.4,6608.5,29119.8,7031.4,0.4791
36572.2,1939.3,37119.3,2339.8,0.4790
2634.3,18880.8,3200.0,19088.5,0.4788
20480.0,6796.1,21120.0,7021.9,0.4787
28900.5,26697.4,29435.3,27200.0,0.4786
33041.2,32990.7,33595.8,33400.6,0.4783
25636.7,9223.6,25920.0,9350.0,0.4783
7953.0,3209.1,8317.7,3828.8,0.4780
26880.0,7552.1,26992.4,7679.4,0.4780
11202.3,11841.4,11324.3,12026.6,0.4779
7191.6,12480.2,7358.9,12698.5,0.4779
960.0,34402.9,1337.7,34878.7,0.4778
9719.2,13632.9,10240.0,14079.4,0.4778
7664.6,6794.0,7998.6,7038.4,0.4775
3645.6,10747.2,3812.7,11197.9,0.4772
25935.4,10880.0,26560.0,11005.5,0.4771
1495.0,13760.3,1599.2,13939.8,0.4770
4800.0,15772.2,5196.7,16320.0,0.4769
320.0,31040.0,524.8,31082.9,0.4767
205.0,15087.2,441.9,15503.0,0.4767
38090.4,2800.0,38654.3,3198.9,0.4767
3842.2,22346.8,3969.6,22506.2,0.4764
9488.7,4161.0,9851.3,4234.0,0.4764
19239.5,3257.2,19293.8,3401.0,0.4763
5343.7,2245.1,5580.7,2569.0,0.4763
22723.2,32529.6,23356.5,32958.7,0.4762
27659.5,6081.4,27782.3,6342.3,0.4757
8102.5,33187.3,8636.9,33600.0,0.4755
21483.4,842.1,22073.2,1280.0,0.4754
10623.8,16515.0,11198.9,16960.0,0.4752
24008.4,6402.0,24400.0,6549.5,0.4752
6257.8,13595.1,6400.0,13758.7,0.4752
3735.5,1282.5,3840.0,1888.1,0.4751
24721.5,6085.2,25274.9,6607.9,0.4749
5115.7,5867.2,5440.0,6169.6,0.4749
7727.0,33503.9,8320.0,33920.0,0.4748
33386.6,26089.9,33913.7,26560.0,0.4748
6997.6,1190.3,7260.1,1599.9,0.4747
19688.0,5762.0,20155.6,5976.3,0.4747
10028.1,20701.1,10555.0,21119.0,0.4746
17309.4,8504.8,17444.5,8622.3,0.4746
14165.6,3844.5,14399.9,4283.4,0.4745
193.8,9212.9,252.4,9599.2,0.4745
5353.7,14800.4,5440.0,15359.8,0.4744
24675.1,3422.1,25273.8,3839.9,0.4742
23117.7,7109.4,23358.5,7360.0,0.4741
3900.2,23048.6,4135.4,23094.7,0.4739
10962.1,29994.7,11518.5,30400.0,0.4739
4800.0,18565.7,5294.4,19165.4,0.4738
1280.5,9940.8,1563.1,10051.7,0.4737
8780.8,14401.7,8923.4,14504.9,0.4736
20160.0,3842.3,20270.1,4180.2,0.4736
18977.5,36233.8,19512.6,36592.8,0.4735
22449.0,325.2,23031.0,957.6,0.4734
5559.2,1925.3,5760.0,2237.8,0.4734
13363.2,8001.9,13438.9,8461.8,0.4733
31691.1,31660.8,32312.3,32000.0,0.4732
10240.0,8163.8,10664.9,8638.6,0.4732
11283.8,1058.0,11840.0,1596.3,0.4731
36243.3,20976.3,36789.4,21440.0,0.4729
26585.0,6437.6,27198.2,6720.0,0.4727
4148.1,11725.3,4478.5,11840.0,0.4726
9982.4,33835.5,10554.5,34240.0,0.4725
6439.6,8422.8,7039.3,8623.1,0.4723
331.7,26580.1,812.3,26880.0,0.4723
4737.6,2536.2,5120.0,2880.0,0.4722
20582.8,965.7,21100.8,1511.5,0.4719
4024.7,3718.7,4159.6,3819.5,0.4719
35865.1,7832.5,36479.2,8254.2,0.4718
9400.3,5989.4,9853.7,6399.7,0.4718
11579.8,24253.5,12160.0,24640.0,0.4718
8737.5,34120.6,9274.7,34560.0,0.4713
3.1,16850.5,286.8,17268.5,0.4712
1156.8,30721.8,1231.8,30865.4,0.4711
19536.1,650.9,19930.4,949.8,0.4710
3252.5,12021.8,3836.6,12447.3,0.4709
28599.5,9702.6,29118.6,10227.5,0.4707
34642.0,792.1,34879.6,1280.0,0.4705
10664.3,25502.3,11197.0,25920.0,0.4704
1037.6,28733.4,1181.4,28799.9,0.4703
5440.0,29760.8,5680.1,29921.9,0.4701
11054.7,16263.8,11200.0,16320.0,0.4700
17090.5,2880.9,17279.8,3392.6,0.4696
8313.5,6722.8,8639.3,7028.4,0.4696
6080.0,8648.1,6208.7,9141.2,0.4696
6720.0,23681.6,6787.0,23863.5,0.4696
960.0,25240.4,1073.3,25599.9,0.4696
37198.0,22267.7,37753.0,22717.8,0.4696
13472.0,1530.8,14080.0,1920.0,0.4695
18275.5,7441.7,18558.7,8000.0,0.4694
27200.0,5122.6,27633.6,5582.5,0.4693
11902.5,20064.7,12474.6,20480.0,0.4691
20969.8,7364.2,21120.0,7957.5,0.4688
19817.4,9671.5,20160.0,10240.0,0.4688
1280.0,33280.4,1905.1,33413.1,0.4686
4724.7,27099.5,5120.0,27519.4,0.4684
35914.2,320.0,36160.0,959.3,0.4684
18880.0,3750.6,19217.1,4160.0,0.4682
8347.4,3175.6,8957.0,3520.0,0.4682
2880.0,26791.2,3030.0,27063.8,0.4680
8961.1,642.6,9195.3,851.3,0.4678
8430.7,13030.9,8951.1,13440.0,0.4676
7360.1,9284.9,7521.7,9691.2,0.4675
36178.0,5929.3,36480.0,6398.2,0.4674
36802.0,7680.3,37440.0,7883.6,0.4674
7841.3,6154.2,8317.3,6720.0,0.4674
19065.6,4187.7,19163.5,4636.0,0.4673
6592.8,10563.6,6720.0,11015.3,0.4673
1184.8,33130.0,1279.4,33217.6,0.4673
1425.5,31609.3,1533.5,31679.8,0.4672
12065.2,3855.8,12442.3,4240.5,0.4671
36800.7,3520.0,37437.7,3721.7,0.4670
1288.0,26560.0,1793.0,26846.7,0.4669
4480.0,7322.5,4713.8,7360.0,0.4667
2880.0,23050.9,2951.5,23284.4,0.4666
2588.6,4396.1,3200.0,4750.6,0.4665
16534.6,2686.9,16639.7,3179.2,0.4665
1927.0,4034.9,2556.8,4479.0,0.4665
2749.5,27840.9,2879.7,27918.7,0.4665
6741.7,28390.6,7358.8,28800.0,0.4663
9699.9,25464.2,10235.7,25919.8,0.4663
1143.3,24641.0,1193.5,24847.8,0.4661
18343.8,5162.1,18557.4,5430.4,0.4661
0.4,23364.5,228.6,23652.3,0.4661
14972.6,1920.9,15360.0,2533.9,0.4661
1280.0,25921.1,1368.7,26123.3,0.4660
3663.7,29469.6,3806.2,29641.9,0.4660
6336.1,8205.4,6400.0,8635.2,0.4660
10842.5,23892.2,11200.0,24320.0,0.4658
6812.9,29611.8,7357.1,30078.4,0.4658
3203.0,10886.0,3602.3,11414.4,0.4658
3935.9,29931.2,3995.1,30395.7,0.4657
8059.3,33509.2,8640.0,33919.5,0.4657
7778.4,34142.5,8314.9,34560.0,0.4655
357.6,9941.1,951.9,10240.0,0.4652
34335.8,23925.4,34559.4,24320.0,0.4651
30190.2,7194.2,30718.5,7680.0,0.4650
8640.0,6509.9,8999.3,6903.8,0.4649
449.1,4164.5,954.9,4621.9,0.4646
6935.8,1187.3,7024.2,1598.8,0.4646
26892.2,31957.6,27518.2,32320.0,0.4646
7366.6,1030.3,7835.3,1280.0,0.4644
26537.0,8641.2,26660.9,8773.7,0.4644
2338.9,12480.0,2880.0,12979.1,0.4643
19811.5,3295.7,19978.4,3840.0,0.4643
27522.4,9316.0,27659.0,9727.9,0.4641
28812.1,30411.2,29433.3,30793.5,0.4640
2815.8,23441.9,2928.9,23900.3,0.4640
1940.5,24531.0,2558.3,24955.7,0.4638
2629.5,35424.2,3198.2,35840.0,0.4635
33091.7,7933.4,33600.0,8312.3,0.4634
3452.9,793.3,3602.3,1280.0,0.4632
32399.2,30147.8,32955.3,30537.5,0.4631
6569.6,543.3,6692.6,602.9,0.4631
8846.7,550.0,8960.0,640.0,0.4630
10880.0,7063.3,11288.2,7540.2,0.4629
1098.5,8491.3,1280.0,8530.5,0.4629
8322.5,10134.1,8674.9,10560.0,0.4628
11703.7,5925.8,12135.8,6400.0,0.4628
10881.6,11363.8,10946.8,11501.0,0.4626
34969.7,9006.9,35517.6,9280.0,0.4625
9819.5,11520.1,9920.0,11627.5,0.4625
14401.1,2560.2,14482.1,2651.2,0.4625
4160.0,23710.8,4278.2,24026.7,0.4621
2240.0,28199.1,2828.5,28479.7,0.4621
35538.8,4989.8,36158.1,5436.6,0.4621
8459.3,21323.1,8959.8,21759.7,0.4620
31727.6,6292.9,32316.0,6720.0,0.4618
2880.0,11968.9,3309.7,12328.1,0.4616
10194.7,6720.0,10560.0,7360.0,0.4615
11525.8,1984.7,12158.2,2240.0,0.4614
12538.3,5440.0,13120.0,5908.2,0.4609
3011.5,1124.3,3198.8,1279.2,0.4607
2114.4,36227.1,2560.0,36800.0,0.4606
9374.8,24551.0,9914.1,24960.0,0.4606
5622.6,2987.9,5766.7,3136.0,0.4603
9304.2,10637.4,9918.4,10753.6,0.4602
4158.8,19520.0,4479.3,20058.0,0.4601
3356.2,33311.5,3519.8,33716.3,0.4601
15395.7,26186.0,15996.0,26560.0,0.4601
0.0,28088.9,104.5,28404.1,0.4600
4999.6,24408.3,5440.0,24960.0,0.4599
5442.1,21948.9,5544.2,22393.7,0.4599
1283.3,32651.7,1535.1,32697.6,0.4598
1022.7,322.2,1600.0,718.7,0.4598
35201.6,23641.6,35836.1,24000.0,0.4597
8640.0,13777.1,9136.7,14284.4,0.4597
3593.9,33762.9,3840.0,34240.0,0.4596
37120.0,1462.4,37594.7,1918.5,0.4596
10966.9,32860.8,11517.3,33280.0,0.4595
6345.1,2743.1,6427.2,2878.5,0.4595
7742.2,25205.1,8316.4,25600.0,0.4595
11674.0,12542.2,11839.1,12885.7,0.4591
9150.6,11091.5,9280.0,11200.0,0.4591
9921.8,12527.6,9992.8,12771.6,0.4588
21241.3,7633.1,21438.6,7788.5,0.4586
1080.4,23949.7,1149.8,24065.3,0.4585
26545.3,8828.3,26880.0,8941.1,0.4584
2258.8,18858.8,2880.0,19094.0,0.4581
35275.2,22589.8,35836.1,23040.0,0.4581
14471.2,2154.7,15035.5,2557.6,0.4580
32378.6,27929.8,32947.3,28480.0,0.4580
6080.0,22695.4,6196.9,23039.4,0.4578
7362.4,7251.0,7428.8,7680.0,0.4578
22720.0,9002.0,22904.4,9045.9,0.4578
14280.5,6270.2,14400.0,6399.1,0.4577
22720.6,6510.9,22896.4,6618.5,0.4576
7680.0,2241.0,7740.0,2428.4,0.4575
26904.1,32971.9,27517.0,33336.0,0.4574
27202.0,7351.6,27293.7,7570.4,0.4574
8002.4,2981.1,8137.3,3362.1,0.4573
2637.0,13129.0,3196.2,13557.9,0.4569
12273.1,3614.1,12792.6,4160.0,0.4569
15130.7,4232.7,15679.0,4780.1,0.4568
7040.0,12484.9,7160.0,12830.1,0.4564
2880.0,32817.9,3032.8,33075.9,0.4562
13592.1,6720.0,13760.0,7357.2,0.4560
932.7,22730.4,1031.5,23179.1,0.4559
23684.2,7692.8,23879.6,7943.0,0.4559
6720.9,8551.9,7359.3,8838.6,0.4558
77.8,11527.3,640.0,11999.3,0.4558
2937.2,20493.6,3520.0,20713.8,0.4558
641.8,22612.0,807.9,23040.0,0.4558
18276.0,8960.0,18879.3,9150.3,0.4557
1174.1,35393.6,1280.0,35482.3,0.4555
11958.3,2317.3,12475.9,2880.0,0.4555
13404.5,2880.0,13760.0,3480.6,0.4554
626.9,8960.0,960.0,9593.7,0.4553
1316.1,6941.0,1917.5,7355.0,0.4552
23752.5,6558.5,23998.6,6719.0,0.4551
13441.9,5771.7,13561.1,6286.5,0.4550
6477.6,13133.2,7037.1,13752.3,0.4549
33972.7,1821.8,34558.6,2240.0,0.4546
9351.5,33823.1,9916.7,34240.0,0.4546
8662.5,8640.0,8930.2,8671.5,0.4545
4681.9,29122.9,5113.4,29615.5,0.4542
21119.2,8170.0,21439.6,8467.2,0.4540
9015.8,18116.2,9599.0,18560.0,0.4540
27530.5,35398.8,28157.5,35837.4,0.4539
11297.0,30957.0,11836.7,31360.0,0.4538
33601.4,8000.7,34038.4,8124.1,0.4537
19150.4,4288.9,19520.0,4691.9,0.4536
5546.6,21298.4,5957.5,21759.4,0.4535
37991.0,5261.9,38079.9,5556.0,0.4529
8799.8,24168.7,9276.1,24640.0,0.4528
10561.4,3525.9,10869.7,3995.8,0.4527
4690.2,23376.5,4799.9,23990.3,0.4527
7279.1,1601.4,7360.0,2026.1,0.4527
14740.8,0.1,15040.0,496.3,0.4527
17541.4,8734.8,17599.3,8939.0,0.4526
6023.8,22720.0,6400.0,23357.6,0.4526
14164.1,5763.4,14388.0,6126.1,0.4526
3455.7,9044.6,3519.7,9598.6,0.4525
838.1,29624.7,1280.0,30079.6,0.4524
668.8,5760.6,1273.1,6221.1,0.4523
1280.0,23932.4,1388.3,24000.0,0.4523
18916.0,7896.2,19481.3,8320.0,0.4523
37760.0,4263.6,38262.2,4544.1,0.4521
38332.2,1621.5,38656.0,2036.9,0.4521
2321.8,21121.6,2872.4,21331.9,0.4520
20849.3,9374.0,21432.9,9650.4,0.4520
11610.2,20074.7,12155.7,20480.0,0.4514
11432.7,7016.6,11840.0,7360.0,0.4514
2995.5,27270.7,3520.0,27840.0,0.4513
23685.9,35215.8,24314.6,35520.0,0.4512
26319.0,3957.3,26874.7,4475.3,0.4512
22428.9,9600.1,23040.0,9736.1,0.4511
32640.4,8985.8,33279.1,9280.0,0.4510
4805.7,26568.4,5437.6,27016.6,0.4510
28807.4,5149.2,29438.8,5440.0,0.4508
1787.6,32232.3,1868.4,32282.7,0.4508
19408.7,8465.3,19517.5,8921.3,0.4504
14473.2,8001.8,15033.8,8461.7,0.4501
37209.0,22846.0,37754.4,23360.0,0.4501
3602.7,10442.2,4031.3,10878.9,0.4500
3564.5,27248.8,3840.0,27840.0,0.4500
17925.2,8960.0,18559.2,9064.3,0.4496
29812.9,26443.0,30396.3,26879.0,0.4494
1959.2,1825.6,2560.0,2227.3,0.4493
4293.2,1147.5,4390.4,1365.0,0.4492
8426.6,21023.5,8955.3,21440.0,0.4492
35521.8,7307.1,35640.1,7680.0,0.4492
35291.9,26070.6,35837.7,26552.4,0.4490
8749.2,26791.4,9271.9,27200.0,0.4490
10343.2,19761.0,10874.2,20160.0,0.4489
1551.8,18812.2,1920.0,19197.6,0.4488
33026.5,24836.3,33595.0,25280.0,0.4487
30352.5,832.6,30720.0,1270.1,0.4485
15041.2,9280.0,15680.0,9431.0,0.4484
15682.8,6115.6,15804.7,6686.8,0.4483
592.1,24965.5,685.6,25278.8,0.4482
5120.0,16067.2,5223.4,16640.0,0.4481
26658.3,3765.7,27199.1,4157.8,0.4480
4640.9,30081.4,4800.0,30693.2,0.4480
15133.0,6160.9,15249.6,6426.0,0.4479
3629.1,3089.8,4066.9,3272.8,0.4478
8511.6,10118.0,8595.5,10247.7,0.4478
8960.5,970.3,9056.2,1045.3,0.4475
3200.0,17980.4,3628.2,18560.0,0.4475
693.7,9602.5,1277.3,9809.9,0.4475
23501.1,5432.6,23678.7,5757.7,0.4475
852.3,1486.4,1280.0,1920.0,0.4475
18240.0,2593.7,18559.0,2791.0,0.4475
10376.4,35652.6,10877.7,36160.0,0.4474
11246.9,32865.8,11837.3,33280.0,0.4473
17687.2,3909.2,17858.5,4159.9,0.4473
23214.5,3025.6,23680.0,3515.6,0.4473
3840.0,30401.3,3921.2,30921.6,0.4472
37440.0,1173.8,38077.0,1600.0,0.4470
33366.8,5882.4,33916.0,6393.8,0.4470
2241.6,25601.2,2594.3,25684.8,0.4469
17860.4,6023.3,17919.9,6400.0,0.4469
26240.0,9009.7,26878.8,9226.0,0.4467
4820.4,28480.6,4872.4,28595.7,0.4467
310.0,8441.2,391.9,8949.8,0.4466
2050.5,31576.9,2544.8,32000.0,0.4465
29185.7,29261.9,29757.9,29760.0,0.4465
24001.2,9514.3,24120.9,9563.2,0.4464
33054.9,25763.0,33596.2,26240.0,0.4463
36862.7,5162.4,37440.0,5614.3,0.4463
27531.2,8046.4,27687.0,8640.0,0.4462
9430.4,26120.6,9920.0,26560.0,0.4462
3522.0,28330.9,3772.8,28502.2,0.4460
7568.2,4800.0,7680.0,5378.9,0.4458
9804.4,5442.2,10240.0,6049.5,0.4458
23170.6,962.3,23360.0,1502.8,0.4458
27903.8,2240.0,28472.1,2449.8,0.4457
8960.0,3644.8,9029.5,3834.5,0.4457
6251.7,2247.4,6416.5,2420.6,0.4456
30720.9,9152.9,31357.6,9410.9,0.4455
11213.7,9347.4,11839.8,9559.6,0.4452
2880.0,7100.1,3340.3,7356.6,0.4451
38131.3,17516.7,38654.6,17920.0,0.4451
37121.0,5440.0,37411.3,5639.3,0.4450
16003.6,5805.8,16201.9,6400.0,0.4450
31135.0,8335.5,31678.3,8836.1,0.4450
1280.0,10884.6,1645.4,11045.1,0.4450
439.9,15133.6,534.1,15472.4,0.4448
10242.5,32245.9,10869.8,32640.0,0.4446
27525.7,33562.8,28156.4,33920.0,0.4445
27607.8,29603.4,28156.5,30080.0,0.4444
37130.1,4480.0,37757.8,4621.0,0.4444
7143.1,26484.1,7675.8,26880.0,0.4443
4226.3,25154.5,4326.5,25596.5,0.4441
33280.0,5773.7,33917.5,6080.0,0.4440
3027.9,26882.2,3200.0,27058.2,0.4438
16392.1,3349.7,16455.4,3838.9,0.4437
5033.5,999.7,5119.6,1279.9,0.4437
9964.4,12286.9,10022.8,12470.0,0.4435
325.7,3846.4,956.4,4258.7,0.4435
35231.3,7035.2,35835.3,7360.0,0.4432
4160.0,1920.6,4797.9,2129.6,0.4431
5107.0,8429.5,5437.9,8639.3,0.4430
32321.3,3953.7,32957.5,4270.1,0.4428
6489.2,34135.6,7038.3,34560.0,0.4427
9032.3,11439.5,9592.7,11840.0,0.4426
11294.1,21048.4,11838.3,21440.0,0.4425
2880.0,23447.5,2945.0,23678.5,0.4425
18240.0,8243.8,18359.5,8639.2,0.4424
10401.7,28378.3,10872.7,28800.0,0.4424
6085.0,23716.1,6247.8,24320.0,0.4422
6386.1,6297.0,6707.4,6717.0,0.4422
11265.2,15265.5,11833.2,15680.0,0.4422
29200.4,32352.1,29756.4,32892.7,0.4420
1660.8,30331.1,1894.4,30720.0,0.4419
33300.8,6951.2,33918.9,7360.0,0.4419
2789.5,25848.6,2880.0,26238.1,0.4417
638.9,20883.7,960.0,21440.0,0.4416
3821.5,10504.2,3912.7,10880.0,0.4414
11521.0,7222.7,11637.3,7360.0,0.4409
24136.6,8888.9,24277.0,8934.6,0.4408
13120.0,10283.0,13525.1,10880.0,0.4408
26932.4,33472.1,27516.8,33920.0,0.4408
9778.4,3773.5,10073.1,4055.3,0.4404
4594.2,9608.4,5100.8,9920.0,0.4404
1749.4,7133.2,2231.0,7424.7,0.4402
4220.2,20396.5,4475.2,20800.0,0.4402
5115.4,16962.7,5439.4,17343.0,0.4401
11974.2,20167.2,12476.7,20640.3,0.4401
10692.2,15900.9,11197.2,16320.0,0.4400
5157.0,34502.6,5759.0,34880.0,0.4400
960.0,20750.2,1187.9,20800.0,0.4400
19818.8,4816.2,20152.6,5148.3,0.4394
20573.2,34998.7,21115.8,35518.7,0.4394
2415.7,9897.1,2559.8,10058.1,0.4391
6161.5,28030.0,6716.0,28480.0,0.4391
8673.2,32884.6,9277.3,33280.0,0.4388
10968.0,35101.7,11516.2,35520.0,0.4387
10001.5,21650.4,10556.8,22080.0,0.4386
28318.3,1600.0,28794.2,1832.5,0.4386
15981.1,5602.8,16088.4,6080.0,0.4384
1375.3,26190.9,1520.8,26239.5,0.4381
10743.6,5120.0,11198.2,5285.3,0.4379
12175.3,10.6,12480.0,365.9,0.4376
32979.5,33211.1,33594.7,33599.0,0.4374
1016.7,21760.0,1591.9,22285.5,0.4373
640.0,15041.1,1089.9,15305.5,0.4373
6424.3,18240.0,6719.9,18847.1,0.4373
17777.6,5546.4,18237.7,6080.0,0.4372
11991.3,11841.4,12160.0,12004.3,0.4372
27609.1,33680.7,28153.8,34240.0,0.4372
29617.7,6405.4,29760.0,6947.3,0.4370
25373.4,30450.7,25918.2,30835.1,0.4370
22402.1,7364.5,22507.6,7523.8,0.4366
4100.1,26880.0,4476.4,27520.0,0.4364
320.0,16003.9,520.9,16575.4,0.4364
38045.9,5120.0,38399.7,5205.6,0.4363
12048.1,11844.0,12480.0,12199.1,0.4362
9920.0,6080.0,10354.2,6640.8,0.4359
691.6,20094.6,1277.2,20322.8,0.4359
5057.9,31932.3,5139.5,32319.7,0.4358
6846.3,24419.0,7353.2,24960.0,0.4358
21371.8,2757.6,21760.0,3199.7,0.4357
23360.0,9600.0,23998.5,9886.0,0.4356
2459.3,6433.4,2668.1,6720.0,0.4356
4324.7,16363.8,4480.0,16960.0,0.4356
6401.1,24416.5,6671.4,24637.2,0.4355
27856.7,5654.5,28476.6,6080.0,0.4354
8715.9,17778.9,9268.8,18240.0,0.4353
960.0,8427.9,1378.0,8509.3,0.4352
28545.2,10162.9,29118.9,10560.0,0.4352
862.1,12361.6,960.0,12799.0,0.4351
3661.8,10881.3,3840.0,11413.3,0.4350
6761.5,36084.6,7349.1,36480.0,0.4349
16158.7,3322.9,16317.8,3840.0,0.4348
8732.4,6722.4,8960.0,7103.0,0.4345
4921.7,36161.6,5119.0,36519.6,0.4340
20615.1,5762.5,20716.3,5935.3,0.4340
6274.7,13772.5,6400.0,14044.8,0.4339
3200.1,26789.1,3318.5,26880.0,0.4338
13767.8,9971.8,14399.2,10239.4,0.4338
28112.6,5121.2,28467.8,5237.7,0.4336
11292.9,20639.0,11838.4,21118.3,0.4335
6405.1,4484.3,6853.4,4905.4,0.4335
3354.9,32334.5,3518.4,32415.2,0.4332
32551.9,3830.2,32639.1,3927.7,0.4330
4892.7,31166.8,5437.5,31676.7,0.4329
25600.0,7041.1,25966.0,7153.5,0.4326
16729.0,4036.2,17280.0,4480.0,0.4326
36181.4,8444.4,36797.6,8806.4,0.4324
34606.3,1766.3,35198.5,2235.4,0.4324
3687.0,3206.6,3958.3,3259.1,0.4320
20515.6,9352.0,20800.0,9652.0,0.4320
23647.7,9600.0,24000.0,9719.5,0.4317
7680.0,3203.6,8178.7,3819.3,0.4315
7360.2,19399.1,7507.2,19519.8,0.4315
10963.4,19750.0,11519.1,20160.0,0.4314
28887.9,4177.3,29433.8,4657.1,0.4314
35847.5,6826.3,36468.4,7360.0,0.4313
20566.2,8962.3,21116.2,9057.1,0.4312
35520.0,5923.9,35637.7,6055.1,0.4307
5458.6,9194.7,6080.0,9600.0,0.4306
3262.5,11890.0,3829.2,12160.0,0.4306
6168.6,23567.2,6394.3,23819.6,0.4306
10266.9,8963.6,10880.0,9178.1,0.4305
37184.2,1611.2,37586.7,1828.3,0.4303
17921.9,8000.0,18065.8,8177.0,0.4302
20138.2,7938.4,20480.0,8319.0,0.4301
7060.4,5450.6,7549.2,5893.6,0.4298
19853.2,9920.0,20476.1,10443.6,0.4298
19353.3,2893.2,19520.0,3436.8,0.4297
1041.3,12804.6,1595.0,13333.9,0.4295
33030.3,9504.3,33594.6,9919.2,0.4295
4563.0,23680.0,4797.4,24303.7,0.4293
1922.9,21869.5,2062.3,22004.4,0.4292
7142.3,20501.5,7678.7,20800.0,0.4291
22403.6,7040.3,23037.7,7218.8,0.4291
33366.7,25674.5,33915.3,26240.0,0.4290
36480.0,4486.9,36674.2,4724.5,0.4288
19858.8,2112.2,20159.7,2238.1,0.4287
6782.4,1305.5,6978.6,1600.0,0.4285
739.8,16322.6,959.1,16832.8,0.4285
1259.1,24642.0,1320.3,24914.4,0.4285
7835.3,18133.1,8314.7,18560.0,0.4283
35326.9,6969.8,35479.4,7360.0,0.4283
18097.4,9925.3,18560.0,10043.3,0.4282
27980.5,1923.1,28160.0,2418.0,0.4279
26881.6,9135.9,26963.0,9210.5,0.4278
11263.7,18100.1,11827.1,18560.0,0.4278
33489.5,9920.0,33919.2,10039.5,0.4277
18958.8,9817.9,19513.4,10240.0,0.4277
1610.6,30721.2,1687.5,30825.6,0.4277
1371.0,379.1,1600.0,561.5,0.4276
36567.6,25638.6,37114.5,26090.5,0.4276
9047.5,31890.1,9598.8,32320.0,0.4270
16978.0,1693.8,17595.3,1920.0,0.4269
31271.0,2144.4,31358.7,2240.0,0.4265
35543.0,4720.6,36152.0,5120.0,0.4264
21764.9,9424.5,22397.8,9641.5,0.4264
6249.1,2891.0,6400.0,3005.9,0.4263
8723.6,29360.2,9274.6,29760.0,0.4263
1603.5,10963.9,2234.1,11199.0,0.4262
11495.0,1280.9,11831.1,1536.3,0.4262
19062.6,4908.0,19130.2,5187.1,0.4261
13518.4,3145.1,14053.9,3520.0,0.4261
6436.5,15142.0,6720.0,15549.3,0.4261
4339.5,26982.4,4798.9,27516.8,0.4260
32725.8,5953.5,33275.4,6399.7,0.4256
3364.0,12511.9,3520.0,13055.5,0.4256
10275.3,31258.4,10875.6,31680.0,0.4255
4647.6,8960.0,5120.0,9572.8,0.4254
26881.2,5005.6,27195.4,5120.0,0.4254
30081.9,6393.0,30496.5,6720.0,0.4254
960.7,19841.2,1285.6,19939.4,0.4253
4114.2,1001.3,4240.0,1239.5,0.4251
8000.0,12783.5,8096.6,13081.7,0.4249
2240.9,22658.9,2714.0,22731.6,0.4248
3840.8,13718.0,4477.6,14080.0,0.4246
27371.8,9562.8,27520.0,9600.0,0.4245
6402.4,12704.1,6859.8,13120.0,0.4245
24080.1,34045.7,24636.0,34560.0,0.4245
1922.1,6361.2,2069.0,6719.0,0.4244
1136.6,23776.0,1279.8,23999.2,0.4243
4162.8,9048.4,4515.0,9144.2,0.4242
4030.2,32046.3,4160.0,32640.0,0.4241
1122.9,25558.7,1242.0,25674.9,0.4237
33686.2,24000.4,34223.1,24525.5,0.4235
19842.4,653.0,19957.2,942.9,0.4233
4625.6,11589.8,5118.8,11839.9,0.4232
36233.4,25130.5,36794.9,25596.0,0.4231
4850.9,34428.2,5433.9,34880.0,0.4231
26629.3,34251.0,27197.0,34654.1,0.4231
18564.1,960.0,19200.0,1199.0,0.4230
26931.4,31625.9,27516.8,31999.9,0.4230
7760.5,4719.9,8320.0,5120.0,0.4227
9066.6,7360.2,9279.2,7636.3,0.4226
4480.0,15627.1,4553.6,15999.6,0.4225
19790.6,8492.3,20029.8,8527.3,0.4225
1600.0,23505.7,1736.0,23992.7,0.4225
1920.0,21112.2,2557.0,21440.0,0.4224
8513.7,14936.6,8640.0,15348.0,0.4224
993.7,25679.2,1280.0,25919.8,0.4222
21120.0,9957.3,21642.0,10240.0,0.4221
33280.0,5440.0,33920.0,5945.4,0.4218
4162.6,8640.0,4800.0,8717.9,0.4218
4646.0,31680.8,5120.0,32246.7,0.4217
1600.0,26017.5,1690.6,26560.0,0.4217
7360.0,2560.0,7721.7,3106.6,0.4216
6421.5,3023.7,6628.3,3132.3,0.4214
22302.3,3543.0,22720.0,4089.5,0.4214
8253.7,4133.8,8319.8,4480.0,0.4213
11037.2,8960.7,11200.0,9036.4,0.4213
16007.0,4407.2,16170.8,4800.0,0.4210
18353.7,6072.7,18877.4,6392.6,0.4208
27317.5,31731.4,27839.7,32141.8,0.4208
17283.2,6597.9,17423.4,7035.1,0.4208
29244.3,33954.8,29760.0,34408.1,0.4208
11065.5,5760.4,11199.6,5996.2,0.4207
8469.6,13960.3,8951.3,14397.0,0.4207
12522.0,5930.4,13117.8,6400.0,0.4206
10660.9,24550.5,11200.0,24960.0,0.4206
9920.4,8806.7,10262.5,8941.1,0.4202
4304.7,19533.2,4764.9,20158.4,0.4201
8308.6,2241.3,8639.6,2688.6,0.4200
6803.7,14721.2,7040.0,15327.0,0.4200
1241.4,34302.3,1600.0,34876.7,0.4199
27693.5,2202.0,28157.9,2560.0,0.4198
4503.8,17168.1,5110.3,17600.0,0.4198
2280.5,34890.7,2559.7,35507.7,0.4196
2781.6,30201.6,2880.0,30442.2,0.4194
727.3,23040.0,958.5,23486.7,0.4194
10302.0,30894.7,10878.2,31360.0,0.4193
5888.6,11200.0,6080.0,11782.4,0.4193
9688.4,5175.5,9920.0,5754.2,0.4193
3822.1,24037.9,3985.3,24176.1,0.4192
15729.3,5706.3,15927.0,5760.0,0.4189
11325.0,13274.5,11834.8,13760.0,0.4189
25113.4,7037.2,25276.0,7251.1,0.4186
10881.9,9281.1,11518.9,9406.0,0.4183
37441.8,5803.0,37555.6,6033.5,0.4181
31766.8,35891.0,32315.7,36312.7,0.4180
13987.8,7360.0,14400.0,7993.0,0.4180
29820.0,33494.3,30393.9,33920.0,0.4179
384.7,7.9,639.4,504.0,0.4179
7121.2,16272.3,7678.4,16640.0,0.4178
11053.8,5446.4,11200.0,6074.4,0.4177
11245.2,10456.1,11836.9,10878.8,0.4176
6080.0,24969.3,6277.0,25501.4,0.4176
7753.7,35747.0,8320.0,36160.0,0.4176
5766.9,16447.4,6078.9,16638.6,0.4175
6489.9,17830.6,7025.5,18240.0,0.4174
18240.0,9531.8,18879.7,9689.0,0.4174
18741.5,8537.0,19193.0,8957.8,0.4174
16320.0,962.8,16855.0,1383.2,0.4174
27432.5,7362.3,27518.7,7586.6,0.4173
3625.7,12849.1,3840.0,13374.8,0.4172
12187.2,5980.2,12480.0,6400.0,0.4172
5760.1,14726.9,6190.5,15114.0,0.4171
23184.0,32546.6,23680.0,32960.0,0.4170
486.6,5385.7,620.0,5706.9,0.4168
3521.4,27271.0,3582.8,27520.0,0.4168
4246.8,12651.4,4800.0,13118.1,0.4167
16484.9,2262.0,16640.0,2324.4,0.4165
20821.0,6790.7,21439.2,7040.0,0.4164
8710.7,21045.7,9275.5,21440.0,0.4164
18914.1,5661.7,19284.0,6072.4,0.4163
20138.8,646.0,20480.0,1081.8,0.4161
3756.8,826.8,4156.8,1142.7,0.4159
9768.5,12098.3,9919.9,12480.0,0.4159
776.9,18560.0,1278.5,18963.5,0.4157
4481.5,7414.8,4846.3,7680.0,0.4154
14857.4,4804.7,15360.0,5260.8,0.4153
1282.8,6804.2,1920.0,7040.0,0.4153
6080.0,12704.3,6425.8,12800.0,0.4146
21386.2,3200.0,21760.0,3448.9,0.4144
23680.8,5772.4,23760.5,5940.7,0.4143
35190.9,320.0,35520.0,785.4,0.4143
260.4,20801.8,640.0,21330.4,0.4143
30480.9,7548.3,31037.5,8000.0,0.4141
1182.0,24001.6,1248.4,24446.8,0.4140
9707.1,21314.4,10236.9,21760.0,0.4137
124.5,29273.3,316.1,29369.6,0.4137
20482.3,7605.2,20629.9,7993.4,0.4136
320.8,26560.5,540.3,26880.0,0.4136
2240.0,27135.0,2571.5,27237.1,0.4136
9040.2,13440.4,9193.6,13522.3,0.4135
10795.7,10750.9,10879.9,10880.0,0.4135
2028.7,1695.1,2542.1,1853.2,0.4133
3002.0,33084.1,3265.1,33148.6,0.4133
1601.5,35840.0,2047.6,36359.8,0.4133
3969.7,24320.0,4096.2,24831.8,0.4131
11428.8,12800.8,11520.0,12897.9,0.4130
9288.7,10853.6,9467.6,10971.1,0.4130
1938.6,2764.6,2286.4,3198.3,0.4128
1614.7,30830.3,1694.5,31148.9,0.4128
34574.5,2565.7,35200.0,3023.4,0.4127
24058.6,1145.3,24632.9,1600.0,0.4126
9751.8,33508.8,10233.3,33920.0,0.4126
5444.7,13000.8,5720.6,13440.0,0.4124
3200.6,27267.7,3443.7,27520.0,0.4121
32082.1,23493.3,32627.0,24000.0,0.4120
13865.7,6080.0,14398.9,6255.2,0.4119
332.2,30720.5,375.0,30864.4,0.4119
9975.9,31928.7,10557.2,32320.0,0.4118
37789.5,0.0,38027.5,39.9,0.4117
18578.3,3564.6,19172.7,3931.2,0.4117
7042.8,23945.9,7182.5,24320.0,0.4117
37353.1,5930.1,37440.0,6222.8,0.4116
29440.0,651.7,30078.7,1071.2,0.4113
34966.7,21347.7,35198.8,21760.0,0.4112
1607.1,9782.5,2239.1,10023.7,0.4111
7418.9,29350.2,8000.0,29760.0,0.4111
13368.3,2363.4,13760.0,2880.0,0.4111
17112.9,6959.4,17188.5,7360.0,0.4110
1887.9,5447.8,2240.0,5788.9,0.4110
2329.3,9777.9,2878.6,10062.5,0.4110
7151.1,28077.6,7677.9,28480.0,0.4109
2560.2,21125.6,2726.2,21333.1,0.4109
14735.1,1611.8,15040.0,1931.7,0.4107
7366.4,110.8,7679.7,640.0,0.4107
27949.8,6720.0,28479.0,7201.6,0.4106
19878.2,644.5,20098.6,952.1,0.4104
25920.0,7709.8,26079.6,8165.2,0.4104
6749.1,1191.2,7050.8,1594.7,0.4102
10343.7,23549.8,10874.0,24000.0,0.4102
10249.2,5857.3,10867.3,6400.0,0.4100
23360.5,3729.2,23614.7,3840.0,0.4099
28306.5,9554.3,28479.9,9600.0,0.4099
8875.2,11937.7,9279.3,12480.0,0.4099
9377.0,29023.8,9917.6,29440.0,0.4099
4632.5,32328.4,5109.4,32813.8,0.4098
640.8,33149.3,897.3,33265.9,0.4095
2273.5,27137.2,2509.6,27200.0,0.4095
2.3,32546.8,204.7,32960.0,0.4095
16000.0,2388.0,16087.1,2879.4,0.4094
5014.9,5342.4,5120.0,5628.4,0.4094
34828.8,7251.8,35199.8,7679.0,0.4091
11980.5,5340.3,12160.0,5759.8,0.4089
31781.2,3840.0,32319.2,3980.2,0.4087
30400.9,8645.1,31039.8,9037.8,0.4087
10658.3,8960.0,10880.0,9004.9,0.4086
35757.5,5760.4,36156.2,6219.1,0.4086
26017.5,13.9,26240.0,249.2,0.4085
10917.6,31303.9,11509.2,31680.0,0.4084
4663.6,6725.4,4800.0,7221.7,0.4084
10880.4,13258.1,11223.4,13401.1,0.4082
21761.6,4161.9,22383.9,4427.5,0.4080
6024.0,3521.6,6132.5,3649.7,0.4080
3480.6,19408.4,3703.1,19520.0,0.4080
3544.3,142.9,4160.0,638.1,0.4079
18243.2,6080.0,18349.7,6334.6,0.4078
12611.2,1386.7,13120.0,1920.0,0.4078
14103.0,9243.5,14374.2,9280.0,0.4077
5120.0,1219.9,5233.7,1597.6,0.4076
29420.0,6554.5,29482.1,6879.0,0.4076
37577.0,2749.0,38080.0,3194.7,0.4075
2655.2,1027.0,2855.9,1141.7,0.4075
19296.3,5.0,19837.8,563.4,0.4073
17791.5,3523.1,18225.4,3846.7,0.4072
1994.9,641.5,2556.9,804.9,0.4070
13106.9,963.1,13438.8,1468.1,0.4070
3149.6,23068.0,3234.9,23514.7,0.4068
23480.2,34278.8,24000.0,34717.2,0.4068
28302.8,5854.7,28479.6,6389.3,0.4067
18115.1,2492.4,18218.0,2880.0,0.4066
26646.5,7046.2,26849.5,7263.2,0.4065
3202.5,9920.0,3477.6,10155.3,0.4065
5013.6,16550.1,5119.5,16958.2,0.4065
3998.6,33722.3,4068.3,34240.0,0.4064
6777.5,34806.4,7358.6,35200.0,0.4063
14197.1,776.1,14720.0,1278.8,0.4062
2241.6,22400.0,2712.6,22521.0,0.4062
1115.9,32655.8,1593.1,32950.5,0.4061
16160.7,4800.0,16319.5,5370.8,0.4058
8448.5,15683.5,8640.0,15960.4,0.4057
6616.0,6632.7,6709.1,7039.2,0.4057
34015.1,29603.9,34556.6,30080.0,0.4054
8407.1,27423.3,8956.6,27840.0,0.4054
1534.8,31603.9,1675.8,31998.3,0.4053
2261.8,33003.5,2878.2,33085.6,0.4053
6369.7,6086.7,6716.6,6331.5,0.4052
11305.7,19419.8,11837.6,19840.0,0.4052
3840.0,23360.5,4124.4,23464.8,0.4051
25885.2,6224.4,25984.8,6599.1,0.4049
2939.3,8607.9,3520.0,8960.0,0.4049
1780.2,9451.1,1913.1,9655.1,0.4049
3037.0,6050.5,3099.8,6226.9,0.4047
29846.8,25696.8,30394.9,26236.2,0.4046
31446.2,35608.6,31997.3,36157.8,0.4046
195.1,7734.6,272.8,8009.9,0.4044
26477.2,8326.8,26878.5,8491.0,0.4044
533.6,35160.3,720.9,35199.7,0.4042
17323.5,2240.5,17599.8,2441.9,0.4040
3256.5,33201.0,3414.4,33280.0,0.4039
32320.0,8640.0,32959.4,8855.5,0.4039
29538.8,7366.5,30078.0,7867.5,0.4038
5012.3,1574.4,5118.9,1858.5,0.4036
2807.9,31272.0,2873.6,31679.9,0.4035
10654.3,32551.3,11196.7,32960.0,0.4035
5120.0,8259.1,5347.6,8320.0,0.4034
7084.3,11525.4,7360.0,12021.5,0.4032
29781.8,6652.1,30400.0,7040.0,0.4032
2560.0,2241.2,2732.5,2720.8,0.4032
6426.4,2454.8,6609.3,2545.4,0.4029
7201.7,22568.6,7680.0,23039.6,0.4028
20300.1,2901.9,20431.2,3296.5,0.4028
1600.0,31040.0,1704.1,31439.6,0.4027
17602.9,2678.4,17728.9,2836.4,0.4027
10638.6,31891.1,11197.7,32319.9,0.4025
16364.0,809.0,16957.4,1277.4,0.4025
17860.4,5771.0,17919.1,6242.4,0.4024
1518.2,1880.3,1638.0,2232.0,0.4024
1565.2,20902.5,1693.0,21405.0,0.4024
8676.2,22963.7,9276.3,23360.0,0.4023
12803.0,5710.2,13435.9,6080.0,0.4023
37392.2,3748.4,37760.0,4160.0,0.4022
30722.5,6009.1,30794.4,6400.0,0.4021
27200.7,6326.7,27490.7,6717.2,0.4020
25920.0,7156.5,26094.6,7461.8,0.4020
34611.1,25920.0,35197.9,26389.5,0.4020
873.3,29635.3,960.0,30075.4,0.4018
3137.8,24973.8,3498.2,25441.7,0.4016
21524.5,4417.8,22078.8,4709.0,0.4016
31680.0,9600.0,32318.3,9775.9,0.4013
4844.1,23472.7,5421.3,24000.0,0.4013
688.1,14202.4,1276.3,14720.0,0.4012
17696.5,8905.4,18240.0,9221.6,0.4011
13830.4,3524.9,14399.4,4042.5,0.4011
10243.1,3200.5,10434.2,3351.8,0.4010
9695.7,11745.9,10234.5,12156.7,0.4010
42.1,24962.3,624.4,25280.0,0.4010
17902.9,3890.7,17967.5,4150.9,0.4009
12579.6,3533.7,13120.0,3840.0,0.4008
17469.9,8396.7,17567.5,8637.9,0.4007
5792.2,712.8,5901.3,757.6,0.4007
26749.4,7700.4,26805.4,7991.5,0.4005
20800.0,8496.3,20950.3,8629.5,0.4003
4288.4,13029.9,4725.7,13439.4,0.4001
6828.6,23569.5,7357.9,24000.0,0.4000
4378.0,18514.0,4480.0,18880.0,0.4000
15040.0,7429.0,15576.5,8000.0,0.3999
3762.1,32003.6,3821.2,32193.6,0.3999
6345.8,32960.2,6720.0,33397.5,0.3998
19021.3,1604.0,19520.0,2107.8,0.3997
1981.1,6229.9,2233.8,6400.0,0.3997
11557.3,20702.3,12160.0,21120.0,0.3997
9056.0,35745.1,9595.8,36160.0,0.3997
107.0,31893.4,640.0,32320.0,0.3997
15101.6,8320.0,15360.0,8752.5,0.3996
576.6,27129.7,638.3,27520.0,0.3996
4618.1,21129.0,4799.6,21491.9,0.3996
12480.0,640.6,12808.7,819.3,0.3995
26883.6,2242.6,27257.7,2749.4,0.3994
35285.8,24082.6,35837.3,24638.9,0.3991
11902.4,29362.6,12474.8,29760.0,0.3990
1501.1,1288.6,1599.6,1681.4,0.3990
5190.7,23534.1,5756.7,24000.0,0.3989
5440.0,16322.1,5792.8,16807.1,0.3988
30453.6,33931.9,31036.9,34308.4,0.3986
6721.1,23360.7,6824.7,23464.4,0.3986
24766.8,7921.6,24876.3,8318.9,0.3985
1068.3,9744.9,1229.9,10105.2,0.3984
36639.8,1654.2,36800.0,1836.9,0.3983
8423.7,4518.9,8906.9,5120.0,0.3983
2064.1,36162.4,2131.7,36489.2,0.3981
3263.8,7150.5,3518.0,7676.9,0.3979
30410.0,9605.2,31040.0,9906.0,0.3979
35202.0,5760.0,35463.0,6143.5,0.3978
34061.6,6401.7,34202.7,6502.8,0.3978
35638.5,4800.9,35840.0,5416.2,0.3976
10395.2,12948.5,10555.2,13039.5,0.3975
1152.2,32413.0,1252.0,32639.3,0.3975
10338.8,20332.3,10875.1,20798.1,0.3975
2820.1,31018.4,3170.9,31358.7,0.3974
27681.1,7178.4,27735.3,7677.6,0.3970
3256.7,31276.2,3814.6,31680.0,0.3970
20273.7,320.1,20800.0,730.2,0.3970
26817.6,4999.0,27198.8,5188.1,0.3970
5056.3,21350.7,5128.0,21601.1,0.3969
28886.8,31212.9,29436.3,31680.0,0.3969
7121.4,30626.5,7672.6,31040.0,0.3967
24096.6,5768.7,24318.9,6049.0,0.3966
3100.6,30482.7,3193.5,30564.8,0.3965
31058.9,5029.7,31680.0,5439.4,0.3965
22091.5,5444.7,22481.9,5881.9,0.3964
8647.1,930.8,9278.5,1280.0,0.3963
2727.5,30787.2,2880.0,30915.9,0.3963
9282.9,0.0,9918.9,213.4,0.3962
24481.0,5420.2,24640.0,5759.2,0.3961
22190.9,1523.6,22713.4,1920.0,0.3959
32141.5,31759.1,32640.0,32320.0,0.3958
36253.8,24778.4,36796.7,25275.2,0.3958
5858.2,11865.9,6398.3,12480.0,0.3957
17787.6,3734.0,17920.0,3839.2,0.3957
28649.6,1023.9,29115.5,1596.1,0.3957
7361.0,3842.3,7655.6,4346.4,0.3954
2241.4,6575.3,2332.0,6669.7,0.3954
17600.0,4375.0,17816.3,4800.0,0.3954
3969.5,22400.3,4060.2,22513.2,0.3948
24734.7,30922.4,25276.0,31360.0,0.3948
12085.7,640.0,12160.0,1201.3,0.3948
2718.5,5056.0,2879.8,5120.0,0.3948
2240.0,29120.5,2714.7,29636.3,0.3948
5299.1,4041.1,5439.4,4474.7,0.3947
17087.7,738.2,17279.7,960.0,0.3947
19571.7,1643.3,19633.0,1884.6,0.3946
4771.7,23040.0,5120.0,23550.8,0.3946
4448.2,15651.3,4800.0,15999.5,0.3945
2070.9,7099.7,2238.0,7264.7,0.3940
12163.7,0.0,12794.7,393.7,0.3938
5441.5,6622.4,5684.3,7039.0,0.3937
22870.7,5635.0,23040.0,5760.0,0.3935
25359.4,31744.1,25916.2,32099.4,0.3935
7780.4,9022.0,8318.9,9276.8,0.3934
13440.6,7680.4,13940.8,8072.3,0.3933
10896.1,29032.8,11518.8,29440.0,0.3933
15362.1,6918.8,15999.7,7356.9,0.3932
29328.6,9920.0,29758.0,10062.7,0.3932
3561.2,22581.3,3982.5,22693.6,0.3932
28800.7,7926.8,28939.8,7998.7,0.3931
9693.2,23907.6,10237.1,24320.0,0.3931
9518.6,12378.8,9599.8,12479.9,0.3930
2745.1,19167.8,2833.3,19253.6,0.3930
467.7,12226.4,640.0,12427.8,0.3930
320.0,8322.3,381.9,8554.9,0.3929
10359.7,7366.8,10880.0,7997.2,0.3927
25920.0,9059.0,26558.8,9340.8,0.3927
4801.8,3522.5,5054.5,3681.4,0.3927
5762.1,13158.3,5858.6,13503.7,0.3924
6197.0,10142.5,6398.8,10560.0,0.3923
8.6,23767.0,93.0,23999.9,0.3919
10676.3,4480.0,10879.8,5051.8,0.3916
28057.8,5440.5,28477.7,5822.1,0.3916
654.4,6107.4,1279.8,6400.0,0.3912
3114.1,26604.4,3200.0,26755.5,0.3911
1605.6,30400.5,1689.5,30606.0,0.3910
5168.4,24640.0,5751.3,25231.2,0.3909
19840.0,6720.5,20197.8,6858.0,0.3909
2560.0,13497.8,2638.8,13760.0,0.3907
30491.9,9784.8,30732.3,9853.4,0.3905
33628.7,27787.8,34238.8,28160.0,0.3904
960.0,779.6,1055.8,941.6,0.3902
3972.0,28624.6,4041.1,29115.9,0.3902
2257.0,33822.6,2875.1,34240.0,0.3902
5634.9,2283.5,5760.0,2437.0,0.3901
31745.2,29370.0,32316.8,29760.0,0.3896
17307.7,3841.5,17916.5,4244.4,0.3896
6236.8,23571.0,6399.6,23680.0,0.3894
18667.1,4210.6,18879.7,4799.3,0.3893
4332.4,14199.3,4800.0,14716.4,0.3893
19439.7,3504.5,19575.5,3837.8,0.3893
260.1,4979.9,353.0,5436.0,0.3892
320.1,23893.8,512.5,24320.0,0.3892
35845.4,4489.3,36477.3,4790.8,0.3891
4860.0,21990.0,5114.7,22392.5,0.3888
11625.7,19380.6,12154.9,19840.0,0.3887
5488.4,34150.3,6078.0,34560.0,0.3885
31682.3,9294.3,32319.1,9645.8,0.3885
8394.8,30962.9,8960.0,31360.0,0.3883
1611.5,2882.8,1919.4,3348.2,0.3883
1922.0,11408.0,2559.4,11838.0,0.3881
2547.2,24092.5,2610.5,24319.0,0.3881
1836.1,34256.4,2240.0,34880.0,0.3880
5606.7,20616.8,6073.0,21118.8,0.3879
9002.1,32548.3,9596.9,32960.0,0.3876
24366.6,0.0,24957.2,490.8,0.3875
12291.5,10242.6,12478.5,10681.4,0.3874
15233.3,6172.7,15360.0,6418.2,0.3873
6724.8,1363.5,6917.3,1920.0,0.3873
22733.7,6302.6,23346.4,6548.8,0.3873
2624.0,22080.0,2831.3,22493.3,0.3872
18913.9,1280.9,19200.0,1705.9,0.3872
0.1,11117.7,192.5,11520.0,0.3872
3461.8,25600.0,3840.0,26218.7,0.3871
2220.3,8703.6,2560.0,8827.7,0.3871
28482.9,2565.8,29115.0,3053.4,0.3869
11310.2,16552.1,11838.3,16960.0,0.3869
1340.0,4677.5,1911.7,5119.7,0.3868
20612.1,3654.2,20800.0,3717.6,0.3868
27213.6,364.1,27840.0,637.9,0.3867
33335.1,962.4,33600.0,1576.3,0.3866
27894.2,34142.9,28478.2,34559.2,0.3865
15042.1,7040.0,15167.5,7111.2,0.3864
8641.9,13121.5,8713.2,13362.8,0.3863
20652.3,7684.0,20799.8,7953.0,0.3863
25284.5,1600.4,25737.6,1919.0,0.3862
6661.7,24772.8,7040.0,25276.3,0.3861
1880.3,1159.0,2041.6,1454.8,0.3861
4990.5,28702.3,5431.8,29120.0,0.3860
8063.2,21985.6,8635.5,22400.0,0.3859
11200.0,3069.2,11830.9,3520.0,0.3859
33295.4,8240.0,33919.8,8558.0,0.3858
3554.1,1694.2,3839.9,1874.9,0.3858
961.3,32893.0,1288.5,32969.3,0.3857
5968.0,7420.8,6400.0,8000.0,0.3855
31392.7,28703.9,31995.1,29120.0,0.3854
3840.0,26145.6,3911.1,26560.0,0.3851
376.3,32425.8,584.6,32640.0,0.3851
26895.2,7078.5,27010.8,7291.1,0.3850
7770.2,7043.1,8312.1,7566.1,0.3849
31360.0,4480.0,31997.4,4645.9,0.3849
19238.6,4083.2,19401.9,4476.2,0.3848
0.0,4485.0,456.2,5027.4,0.3848
713.2,2184.5,949.7,2559.2,0.3847
1280.6,10566.5,1618.3,10934.4,0.3847
3862.5,27194.1,3933.5,27519.8,0.3846
21906.2,7929.9,22079.9,8062.7,0.3846
10059.9,34466.6,10560.0,34880.0,0.3846
119.6,10240.0,506.5,10746.7,0.3845
11522.9,4320.7,11748.5,4480.0,0.3843
641.2,30282.4,754.3,30340.3,0.3842
35350.9,7103.7,35519.2,7678.1,0.3840
24000.0,9600.0,24638.1,9716.7,0.3838
4573.8,647.5,4636.3,1139.4,0.3837
10667.0,32226.2,11195.0,32639.0,0.3837
1347.5,35385.9,1917.7,35839.6,0.3837
6590.9,1697.8,6666.6,1797.7,0.3836
2415.6,10414.8,2857.9,10880.0,0.3836
30411.3,9187.8,31040.0,9597.8,0.3836
3520.5,9745.4,3703.7,9918.6,0.3835
5301.0,16223.5,5440.0,16639.0,0.3834
1600.3,11560.7,1992.8,11937.5,0.3833
10493.4,4279.8,10880.0,4800.0,0.3832
23068.4,6575.1,23680.0,7032.2,0.3832
16000.0,4872.1,16103.7,5440.0,0.3831
887.2,29768.1,1280.0,30251.9,0.3830
24130.8,31594.5,24634.2,32000.0,0.3830
14678.5,2921.9,15040.0,3518.7,0.3829
31710.4,29131.5,32317.1,29538.3,0.3829
10611.2,18489.2,11192.0,18880.0,0.3827
4482.3,18568.8,4577.1,18923.8,0.3826
1463.2,27840.0,1697.4,28030.1,0.3826
4811.6,25280.1,5424.4,25761.8,0.3826
32964.0,5763.6,33595.7,5895.2,0.3819
16000.0,3840.0,16131.3,4469.6,0.3819
36929.1,5936.5,37119.4,6393.0,0.3819
2880.7,1325.1,3005.7,1381.8,0.3819
641.0,32112.6,762.6,32187.5,0.3817
2914.3,34459.1,3516.7,34880.0,0.3815
4493.4,5342.3,5117.9,5760.0,0.3815
14726.0,7216.3,15357.6,7647.3,0.3815
1147.0,32025.2,1207.5,32233.6,0.3814
13883.4,6720.0,14079.9,7244.9,0.3814
3200.0,8229.0,3360.0,8332.7,0.3812
10963.9,25516.2,11512.9,25920.0,0.3811
3411.8,30732.5,3832.1,30900.3,0.3810
33600.0,4157.7,34238.7,4403.4,0.3810
2813.9,5310.8,2880.0,5760.0,0.3809
2241.1,26886.9,2683.4,27128.3,0.3809
25608.2,7166.7,26131.5,7360.0,0.3807
10342.3,15255.5,10878.3,15680.0,0.3807
15987.0,6302.9,16281.1,6720.0,0.3807
2357.7,34241.0,2873.8,34722.6,0.3807
10970.4,34163.0,11520.0,34560.0,0.3807
91.4,27720.0,178.9,27838.6,0.3807
6814.0,20654.7,7358.8,21116.8,0.3806
5873.9,24640.8,6397.2,25020.0,0.3805
2609.9,7129.4,3199.3,7549.9,0.3804
9922.3,3201.8,10322.0,3612.5,0.3803
11275.6,14563.8,11838.1,15040.0,0.3803
2561.5,4025.1,2661.6,4475.3,0.3800
30401.0,320.0,31040.0,780.5,0.3800
3108.9,29690.1,3296.1,29760.0,0.3799
16651.9,2445.7,16908.8,2880.0,0.3798
8221.2,4201.3,8319.9,4795.0,0.3797
16939.5,9601.8,17279.7,9670.3,0.3796
10278.8,29024.8,10876.2,29440.0,0.3794
13959.1,5669.3,14080.0,6066.7,0.3793
32560.1,5243.0,32725.8,5440.0,0.3793
1573.4,19201.5,1917.7,19288.2,0.3792
23372.3,3947.5,23999.4,4441.5,0.3792
35611.2,22206.7,36156.2,22720.0,0.3791
7706.3,7040.0,7998.6,7568.5,0.3789
18269.2,2945.2,18879.1,3503.1,0.3788
11560.7,29364.4,12158.8,29760.0,0.3788
5760.0,12507.4,6394.4,12799.3,0.3788
29477.3,6082.8,30075.8,6372.9,0.3787
2923.1,35109.0,3520.0,35520.0,0.3785
1932.9,8640.0,2343.3,8703.2,0.3785
4908.4,20487.7,4993.4,20758.1,0.3785
24421.7,298.1,24956.7,639.6,0.3784
3066.4,2477.5,3512.8,2880.0,0.3784
29529.2,33066.2,30075.1,33600.0,0.3783
7681.4,12480.0,7950.2,12565.1,0.3782
9741.5,34481.2,10240.0,34880.0,0.3782
1771.8,31423.7,1855.0,31478.7,0.3781
1172.4,30937.6,1268.6,30997.8,0.3780
4807.4,16700.1,4958.0,17280.0,0.3780
9387.0,20990.1,9916.1,21440.0,0.3779
9369.3,7686.2,9917.6,8214.9,0.3779
28829.7,5325.2,29310.2,5760.0,0.3778
4507.8,14724.8,4800.0,15306.3,0.3777
1611.7,9627.9,2240.0,9889.6,0.3777
34322.7,21444.9,34877.7,22070.5,0.3776
17697.1,8034.1,18234.2,8640.0,0.3775
9266.4,14228.8,9598.4,14398.2,0.3774
7338.0,1067.0,7451.5,1595.6,0.3774
3842.3,32523.1,3936.7,32953.6,0.3773
9982.4,30271.6,10556.1,30719.7,0.3770
34900.4,27723.0,35515.1,28158.6,0.3770
17769.3,8321.2,17919.4,8667.9,0.3767
36378.9,4160.0,36480.0,4242.3,0.3763
15561.2,1600.7,16000.0,1843.7,0.3763
20608.1,1739.9,20859.7,1821.1,0.3763
33745.4,21684.4,34235.1,22080.0,0.3763
751.4,23360.9,811.9,23474.0,0.3762
1016.8,30002.0,1600.0,30399.7,0.3762
5716.2,8731.4,6080.0,9280.0,0.3761
14352.5,5678.3,14682.2,5888.4,0.3761
26314.1,35797.8,26874.4,36160.0,0.3759
960.3,9350.2,1052.0,9448.7,0.3759
5780.8,20604.7,6078.9,20799.3,0.3758
7143.2,4530.0,7360.0,5120.0,0.3757
3200.0,28763.8,3378.4,28800.0,0.3757
10240.0,1314.8,10589.2,1589.7,0.3756
4786.5,10563.6,4896.7,10750.8,0.3755
1909.4,11840.6,2233.1,12023.8,0.3753
12370.8,1469.4,12797.3,1920.0,0.3753
28263.8,33773.2,28793.6,34240.0,0.3753
34240.0,4338.5,34499.5,4797.1,0.3753
9682.5,31543.3,10237.6,32000.0,0.3752
33603.2,4191.7,34239.1,4628.1,0.3752
10241.9,2247.9,10570.0,2651.9,0.3752
960.0,1801.8,1357.2,2077.4,0.3749
24960.0,6772.4,25402.8,7028.4,0.3748
1848.3,30721.7,1920.0,30997.9,0.3747
30400.5,8437.8,30473.2,8638.9,0.3747
4480.0,18330.5,4608.0,18880.0,0.3746
1920.0,13637.0,2028.7,13758.3,0.3746
19455.8,2551.0,19560.9,2870.2,0.3745
10205.1,14158.7,10286.8,14399.6,0.3745
1646.6,18560.9,1920.0,18814.0,0.3743
11046.6,13444.2,11520.0,13760.0,0.3742
25058.2,33135.3,25596.3,33600.0,0.3740
16024.5,7680.0,16317.7,8320.0,0.3739
10986.6,30570.2,11510.4,31040.0,0.3738
1869.1,5620.9,2240.0,6078.1,0.3738
8438.4,1676.9,8639.4,2231.4,0.3737
1457.3,13001.7,1906.1,13437.1,0.3736
5532.1,4931.2,6080.0,5400.1,0.3736
11841.5,11858.7,11968.6,12057.3,0.3736
21321.4,4659.5,21749.8,5119.2,0.3736
399.2,325.9,955.7,788.0,0.3736
13940.7,3988.8,14397.8,4479.9,0.3735
19232.2,4957.7,19828.3,5322.1,0.3734
9049.3,25508.4,9593.7,25919.4,0.3733
3879.1,32000.9,3947.1,32310.0,0.3733
17280.0,7604.4,17531.2,8000.0,0.3732
10479.7,1600.9,10560.0,1691.9,0.3732
1800.6,27527.4,1920.0,28063.8,0.3731
3696.7,17483.3,4154.3,17920.0,0.3731
1563.1,6723.0,1918.5,7360.0,0.3731
18615.1,652.0,19197.7,1119.1,0.3729
11980.0,12482.4,12159.9,12639.6,0.3729
8082.8,8626.2,8633.1,8958.2,0.3728
891.9,30720.8,940.1,30866.3,0.3724
24081.9,7272.8,24637.2,7412.0,0.3724
22262.8,6569.5,22340.5,6718.6,0.3723
8955.6,324.3,9279.2,554.7,0.3723
4817.9,13010.8,5120.0,13440.0,0.3723
20106.1,2538.6,20480.0,2875.9,0.3722
33661.4,36476.9,34237.2,36864.0,0.3720
33765.8,6403.1,33919.9,6564.6,0.3720
20664.1,722.2,20798.6,786.9,0.3718
18240.0,4480.0,18430.4,4514.8,0.3718
36243.9,26774.3,36796.9,27199.5,0.3717
11248.9,28056.1,11834.8,28480.0,0.3715
1764.0,13181.0,2080.4,13489.0,0.3709
26178.9,320.0,26560.0,779.7,0.3708
10990.2,17148.8,11514.4,17600.0,0.3708
26880.0,5247.4,27003.3,5758.4,0.3707
25280.0,537.7,25918.7,960.0,0.3707
640.0,19207.1,1232.1,19509.0,0.3706
13460.3,6923.5,14079.3,7360.0,0.3706
27578.7,9984.4,28154.4,10553.2,0.3705
19201.1,5653.3,19342.1,5759.0,0.3703
31680.0,4800.0,32317.0,5082.3,0.3703
16771.0,3291.0,16955.5,3804.8,0.3700
3061.4,23292.1,3148.7,23360.0,0.3699
640.1,24000.0,1092.8,24640.0,0.3699
2881.8,30723.8,2977.2,30904.9,0.3698
6249.4,4166.1,6701.7,4674.9,0.3694
11842.2,9281.0,12158.2,9422.0,0.3694
19532.5,9600.0,20160.0,9685.3,0.3694
14252.1,6401.4,14718.0,6575.5,0.3693
4663.2,6720.0,5117.3,7234.8,0.3693
24641.2,7226.3,25091.0,7680.0,0.3691
12006.0,10365.5,12160.0,10469.2,0.3691
9976.1,27737.5,10560.0,28160.0,0.3691
35292.8,22000.1,35833.9,22400.0,0.3690
4374.0,28374.9,4461.8,28800.0,0.3689
27201.5,2568.3,27598.4,3029.0,0.3689
5092.1,9287.1,5440.0,9790.7,0.3689
11293.2,35421.6,11839.0,35840.0,0.3689
32000.4,3840.0,32398.4,3934.4,0.3689
33288.6,4412.4,33919.4,4800.0,0.3688
10560.0,12481.1,10690.4,12950.1,0.3687
34242.0,2560.4,34707.2,2836.6,0.3685
1517.0,10885.5,1643.9,11076.5,0.3684
6019.4,340.1,6399.0,461.3,0.3684
1921.1,31516.3,2020.1,31995.2,0.3683
9698.5,11371.3,9866.3,11454.5,0.3683
5210.3,209.8,5753.6,630.8,0.3682
4650.9,14176.8,5120.0,14398.1,0.3682
4809.7,13760.0,5438.2,14226.0,0.3681
6956.1,18933.2,6999.1,19118.9,0.3681
34560.8,8712.2,34947.4,9020.7,0.3681
10658.8,11840.0,11194.8,12314.4,0.3679
407.4,7623.7,954.9,8000.0,0.3679
22232.7,4237.5,22720.0,4798.2,0.3678
3520.8,20478.4,4157.7,20800.0,0.3678
32477.1,7632.6,32639.8,7995.1,0.3677
33923.3,4160.2,34559.9,4319.8,0.3674
36362.1,4161.1,36785.6,4315.9,0.3673
2348.0,24008.2,2430.6,24543.2,0.3673
387.9,22359.5,614.7,22400.0,0.3672
10313.0,5481.1,10560.0,6080.0,0.3672
19202.0,6720.3,19840.0,7021.1,0.3672
5309.9,15043.1,5439.6,15532.5,0.3671
2743.2,23681.3,2849.8,24199.7,0.3671
5106.3,5194.2,5440.0,5759.1,0.3671
1184.5,4811.0,1594.9,5115.7,0.3670
4830.6,12010.5,5440.0,12421.5,0.3669
466.4,12800.0,640.0,13391.2,0.3669
13531.4,5526.9,13757.0,5758.5,0.3669
9309.9,16527.0,9914.6,16960.0,0.3667
34325.9,25397.9,34876.7,25920.0,0.3665
2241.8,12898.5,2594.7,13120.0,0.3663
1402.6,24960.7,1519.8,25226.8,0.3662
9696.3,27400.0,10235.5,27838.1,0.3662
560.6,32647.1,952.3,33127.9,0.3662
32023.1,32527.9,32636.2,32960.0,0.3661
18974.3,35718.1,19513.4,36159.9,0.3660
3262.3,22722.0,3395.8,22874.2,0.3658
14169.3,4817.2,14399.8,5094.4,0.3657
13760.0,9558.4,13911.9,9600.0,0.3654
331.6,10600.0,607.7,10749.6,0.3653
6535.2,2322.7,6609.7,2452.7,0.3653
22081.6,8712.6,22445.9,8960.0,0.3653
174.8,20079.2,640.0,20192.0,0.3652
11201.6,14083.3,11321.1,14360.9,0.3652
10930.5,35448.9,11520.0,35840.0,0.3651
3649.0,10551.8,3840.0,10877.6,0.3650
221.5,5219.2,640.0,5758.3,0.3648
17829.4,1280.0,18239.2,1579.2,0.3648
37622.7,23087.0,38078.6,23360.0,0.3647
7682.2,1810.4,7751.1,2240.0,0.3646
34564.2,5483.0,34725.3,5760.0,0.3646
33411.7,7383.4,33600.0,7619.9,0.3645
32001.5,29451.5,32636.0,29848.5,0.3645
10022.7,21044.4,10559.1,21440.0,0.3643
23360.0,7016.5,23997.2,7360.0,0.3643
3654.7,14532.1,3839.3,14699.8,0.3642
25602.1,9605.3,26237.0,9920.0,0.3640
10560.7,11520.8,10773.5,11631.7,0.3640
10574.7,1957.7,10879.3,2240.0,0.3639
4859.8,35201.6,5119.2,35665.5,0.3639
1400.4,26144.2,1521.2,26333.9,0.3639
3684.4,17606.5,3840.0,18237.0,0.3639
5202.0,36466.3,5751.0,36864.0,0.3638
30720.0,9600.0,31359.7,9892.0,0.3637
8789.9,4263.4,8960.0,4799.9,0.3636
4869.6,24003.1,5120.0,24424.4,0.3636
1896.0,11025.2,2240.0,11520.0,0.3634
10319.2,29326.6,10875.2,29757.4,0.3633
7712.8,17163.4,8316.6,17600.0,0.3633
960.0,15042.0,1051.9,15185.3,0.3633
21836.8,8301.0,22396.1,8415.8,0.3633
3900.5,29444.4,4028.9,29994.6,0.3632
16440.7,2566.2,16912.8,3014.3,0.3631
26241.5,1725.7,26366.4,1919.6,0.3630
27205.9,35155.5,27840.0,35520.0,0.3629
34006.4,20821.2,34557.0,21280.6,0.3629
8633.4,2560.5,8959.6,3175.4,0.3628
8960.0,13121.1,9327.5,13430.0,0.3624
11694.6,4944.5,12156.0,5437.3,0.3624
5216.7,4671.5,5760.0,5119.2,0.3623
17617.0,1920.0,17914.2,2198.6,0.3623
18722.9,4800.0,18880.0,5279.5,0.3621
2880.0,33883.8,3127.3,33920.0,0.3618
2405.5,30619.6,2605.7,30895.7,0.3617
7442.4,19200.0,7677.1,19378.3,0.3615
34198.2,5761.5,34542.7,6206.7,0.3615
28421.3,369.1,28800.0,960.0,0.3615
21390.5,2960.2,21760.0,3509.3,0.3614
2045.2,9408.4,2111.5,9660.5,0.3613
17388.9,9876.0,17553.3,9930.9,0.3613
38106.2,3844.4,38400.0,4159.9,0.3612
5175.8,18439.8,5746.4,18880.0,0.3612
17804.0,6412.3,17914.9,6915.0,0.3611
6909.9,19107.2,7023.5,19519.4,0.3611
20163.7,2881.5,20480.0,2985.6,0.3610
36855.4,24178.1,37435.5,24640.0,0.3610
25826.3,6143.4,25882.9,6451.5,0.3609
9000.2,33197.4,9598.8,33600.0,0.3609
36383.6,1057.0,36479.6,1279.5,0.3608
4721.6,962.3,5094.5,1037.5,0.3608
21206.1,33682.7,21754.9,34240.0,0.3605
34240.0,3950.6,34879.3,4157.3,0.3605
439.7,14782.8,640.0,15360.0,0.3605
954.3,4715.2,1240.9,5119.5,0.3604
4800.0,23163.8,4923.3,23679.7,0.3601
26312.4,1121.9,26880.0,1595.2,0.3599
443.2,26944.2,946.1,27520.0,0.3598
11611.0,27380.9,12154.6,27840.0,0.3597
36023.8,6083.9,36160.0,6632.5,0.3595
13933.4,5773.6,14079.6,6213.0,0.3593
5120.8,16960.4,5199.4,17171.8,0.3591
2322.8,27738.8,2559.7,27818.0,0.3589
18662.4,35967.8,19195.6,36479.0,0.3588
1281.4,28481.4,1677.2,28623.3,0.3588
3200.9,29188.6,3326.9,29459.3,0.3587
17258.2,7462.6,17597.9,7679.2,0.3587
5153.5,6421.2,5440.0,6590.1,0.3586
1511.7,10880.0,1599.5,11030.1,0.3586
10963.5,35743.0,11514.3,36160.0,0.3586
16733.4,2348.6,16877.9,2880.0,0.3586
5076.2,8322.0,5440.0,8389.5,0.3585
7746.3,33823.0,8317.4,34240.0,0.3585
732.8,33602.0,1273.3,33712.1,0.3583
37810.5,20448.8,38397.6,20800.0,0.3580
30746.8,6402.1,31358.7,6641.0,0.3578
18752.1,643.3,18880.0,1191.7,0.3578
26561.8,10949.0,27200.0,11198.6,0.3577
24939.9,687.8,25278.1,959.5,0.3575
4481.2,1600.0,4584.4,1804.6,0.3575
351.4,4161.8,640.0,4362.2,0.3575
3337.5,30498.0,3520.0,30559.8,0.3573
8000.0,8961.9,8380.8,9076.6,0.3571
1281.7,13446.0,1768.4,13945.9,0.3571
27523.4,8961.0,27650.2,9395.1,0.3571
27943.1,1285.4,28476.9,1741.0,0.3571
16374.6,9920.0,16640.0,9949.7,0.3570
37801.6,7346.8,38400.0,7679.7,0.3569
4162.0,11607.1,4799.8,11814.7,0.3569
63.7,27204.8,188.8,27703.6,0.3568
11240.2,25842.2,11837.2,26240.0,0.3568
5328.0,29355.2,5440.0,29440.0,0.3566
26635.8,34563.5,27198.0,35043.7,0.3565
10036.8,24823.2,10556.2,25280.0,0.3565
4806.1,8655.3,5439.4,8960.0,0.3563
2515.3,27243.8,2863.7,27520.0,0.3563
2011.2,22666.0,2238.1,22831.3,0.3563
30772.3,7062.8,31356.8,7360.0,0.3562
1552.8,4160.0,1920.0,4789.7,0.3562
322.2,1165.8,854.6,1600.0,0.3561
29850.0,35152.3,30394.1,35520.0,0.3561
8551.2,15040.0,8640.0,15459.7,0.3560
20615.9,5638.4,20791.2,5992.9,0.3560
13120.4,328.6,13252.8,418.1,0.3559
961.0,24320.7,1038.0,24408.8,0.3558
764.4,32000.1,823.4,32156.3,0.3557
2166.3,31962.8,2240.0,32319.3,0.3557
19928.6,9714.3,20472.5,10238.9,0.3557
428.8,29273.0,599.1,29440.0,0.3556
21932.2,7500.1,22079.4,7678.4,0.3555
15050.8,2484.0,15676.4,2880.0,0.3555
8699.1,30589.8,9274.0,31039.5,0.3554
4480.0,3110.6,4579.8,3520.0,0.3554
13054.7,755.5,13426.5,1277.5,0.3554
4000.9,954.2,4120.2,1243.3,0.3553
25049.2,34459.2,25600.0,34880.0,0.3550
33013.6,8274.0,33600.0,8634.1,0.3549
38249.5,335.9,38656.0,768.7,0.3548
30116.1,31943.7,30718.0,32320.0,0.3547
18240.7,1934.5,18747.8,2275.9,0.3547
11963.8,1764.7,12467.1,2226.0,0.3546
797.1,30943.6,960.0,31039.7,0.3545
4547.0,23503.0,4619.3,23998.2,0.3545
108.2,14550.4,639.8,15040.0,0.3543
2085.9,26560.0,2240.0,27053.5,0.3540
3522.3,14847.5,3755.3,15040.0,0.3538
6579.2,9946.4,7035.3,10560.0,0.3537
9998.3,15598.4,10560.0,16000.0,0.3537
22212.7,5092.8,22400.0,5440.0,0.3533
37854.0,17929.9,38078.9,18364.4,0.3531
7363.1,5813.2,7521.2,6400.0,0.3531
10240.0,13139.3,10317.7,13431.0,0.3530
7828.4,1954.9,7999.0,2558.2,0.3530
2880.0,3273.5,3061.0,3318.1,0.3528
32320.0,962.3,32956.8,1279.0,0.3528
6820.9,21926.5,7350.1,22400.0,0.3528
30164.5,3911.7,30713.3,4382.3,0.3527
10018.4,8176.4,10558.7,8631.1,0.3527
4454.7,22071.8,4781.8,22400.0,0.3527
4277.2,20974.9,4438.0,21429.5,0.3526
19937.1,9246.3,20308.5,9434.6,0.3524
966.7,29760.0,1539.9,29873.3,0.3524
15360.0,5124.4,15998.1,5433.3,0.3522
2241.4,23040.0,2716.6,23193.1,0.3521
34057.8,5686.8,34554.9,6080.0,0.3519
1600.0,20524.7,1674.3,20800.0,0.3518
10560.0,3841.9,10724.5,4108.1,0.3516
21760.7,8321.4,22008.9,8415.4,0.3515
4659.9,3211.8,4810.5,3535.3,0.3514
4576.5,3208.6,4760.5,3646.7,0.3514
35520.6,1600.7,35898.1,1876.8,0.3513
2855.8,3272.2,3200.0,3382.6,0.3513
2241.0,4071.7,2521.2,4293.7,0.3512
6721.0,13804.7,6834.1,13890.4,0.3511
14812.4,1110.2,15039.0,1600.0,0.3510
11340.0,5137.8,11519.4,5521.9,0.3509
2708.7,27469.4,2880.0,27838.5,0.3508
16520.3,8162.8,16639.7,8317.7,0.3507
4304.6,1358.4,4378.6,1598.8,0.3505
34841.7,4243.0,34969.5,4800.0,0.3503
20918.3,7930.4,21049.5,8320.0,0.3503
35842.1,19206.1,36476.8,19633.1,0.3502
26241.2,9280.0,26876.9,9434.6,0.3501
3581.3,32339.2,3718.4,32550.1,0.3500
18880.0,5533.1,19220.5,5743.5,0.3496
7436.4,15514.3,7994.7,15997.3,0.3495
4257.2,8640.0,4480.0,8679.0,0.3494
444.5,8851.8,632.5,9279.6,0.3493
34671.4,7043.1,35200.0,7560.0,0.3493
15373.4,6189.1,15680.0,6399.5,0.3493
35604.1,24097.1,36156.9,24640.0,0.3493
26949.1,497.8,27519.3,958.4,0.3490
11295.8,21332.8,11834.4,21760.0,0.3489
30085.8,9606.7,30716.7,9863.2,0.3488
3520.0,30589.5,3777.4,30720.0,0.3488
4168.0,25000.0,4581.6,25600.0,0.3488
32403.0,4496.2,32954.3,4901.1,0.3487
32960.0,5851.9,33596.8,6080.0,0.3485
7040.9,18464.7,7200.5,18560.0,0.3485
20131.5,8388.3,20479.4,8497.7,0.3484
7989.0,12806.6,8277.8,13194.9,0.3481
31057.9,32970.4,31677.9,33385.3,0.3479
1045.9,35718.8,1597.8,36159.7,0.3479
7128.4,26064.1,7676.9,26558.8,0.3479
4546.0,27200.0,4800.0,27599.6,0.3478
17330.5,8001.2,17550.1,8209.9,0.3478
3841.4,24042.6,4235.0,24169.6,0.3478
29999.9,1028.4,30311.4,1279.3,0.3478
10953.5,26145.8,11513.6,26560.0,0.3478
644.5,31083.0,798.7,31359.9,0.3477
3155.2,20160.0,3412.5,20200.6,0.3477
1331.6,27201.7,1914.1,27494.2,0.3477
12962.3,6839.8,13440.0,7357.8,0.3477
3522.3,36401.4,4156.0,36800.0,0.3474
3744.2,19090.1,3824.7,19297.3,0.3474
1138.0,31482.1,1280.0,31608.1,0.3473
20187.2,7323.9,20480.0,7679.7,0.3473
2827.7,21925.4,2880.0,22093.5,0.3472
10096.7,1850.5,10240.0,1920.0,0.3471
1709.8,8960.0,1777.8,9169.8,0.3470
24715.8,6016.2,24843.6,6400.0,0.3470
5446.1,30688.7,5586.2,31039.8,0.3470
5457.0,6081.0,6071.3,6290.3,0.3469
35520.0,3747.0,35664.3,4157.4,0.3469
18754.6,3962.1,19197.9,4480.0,0.3467
21150.8,8826.9,21759.6,9117.1,0.3467
4131.0,8320.4,4480.0,8432.0,0.3466
1280.0,23362.4,1350.5,23578.2,0.3465
19299.0,7405.3,19516.4,7678.3,0.3462
323.9,22413.7,815.7,22719.6,0.3461
4642.6,32002.8,5119.5,32614.9,0.3460
4578.0,36381.3,5117.4,36864.0,0.3458
33605.1,4987.5,34237.3,5428.1,0.3457
1699.9,32640.0,1920.0,32701.4,0.3457
11279.8,15532.0,11831.0,15999.5,0.3457
27709.4,8643.0,27768.1,9017.2,0.3456
5166.7,35429.5,5754.1,35839.9,0.3456
19484.1,641.9,19557.4,864.0,0.3456
11092.9,12454.3,11197.5,12537.5,0.3456
1936.0,23361.1,2558.3,23508.5,0.3454
32630.1,3200.6,32712.3,3379.5,0.3454
6116.5,9601.7,6400.0,10233.4,0.3453
8473.7,8641.3,8639.5,8746.7,0.3453
9327.7,26787.9,9920.0,27200.0,0.3451
2583.4,26880.9,2680.0,27016.7,0.3450
6723.6,2941.5,6911.9,3362.4,0.3449
20152.5,7684.3,20480.0,8216.6,0.3449
20388.8,4694.0,20480.0,4951.9,0.3447
23688.3,3984.7,24318.7,4477.5,0.3447
28255.3,31099.3,28796.3,31676.5,0.3446
7784.5,15187.2,8305.2,15677.8,0.3446
12160.0,9280.0,12400.5,9320.2,0.3445
3520.0,33223.4,3654.5,33600.0,0.3445
33281.1,8001.9,33918.8,8207.1,0.3444
19620.9,9566.1,19840.0,9600.0,0.3443
2643.0,1619.6,3187.2,1901.2,0.3443
1.0,29333.2,318.0,29563.0,0.3441
6943.0,3728.0,7056.8,3968.8,0.3441
21440.0,3288.5,21540.6,3840.0,0.3441
8960.8,1434.8,9312.1,1576.3,0.3436
26766.0,6583.1,26878.0,6702.4,0.3435
960.2,321.2,1145.6,496.6,0.3435
20822.1,3680.6,21118.6,3840.0,0.3435
2978.3,22083.9,3098.4,22313.6,0.3434
2240.0,3520.0,2490.8,3555.3,0.3434
0.0,29722.2,223.5,29760.0,0.3433
4379.4,30402.9,4480.0,30684.2,0.3432
3520.0,28764.3,3757.6,28899.5,0.3432
16323.2,9601.2,16491.0,9788.1,0.3431
37122.1,5992.5,37352.2,6398.3,0.3431
12519.7,1022.7,12800.0,1597.6,0.3430
9440.2,13593.2,9599.7,13898.6,0.3430
32967.5,22400.0,33596.9,22705.1,0.3430
20869.6,9583.1,21117.4,9919.9,0.3430
20809.9,739.1,21120.0,1280.0,0.3429
19257.9,4136.4,19651.2,4480.0,0.3428
671.5,30612.6,740.5,30877.7,0.3426
9685.9,30927.3,10238.0,31358.9,0.3425
8403.8,23861.6,8958.5,24320.0,0.3425
4162.3,729.2,4450.9,1275.6,0.3424
11526.6,10575.8,12157.9,10880.0,0.3424
1721.8,10329.7,2150.5,10560.0,0.3422
33694.8,25546.5,34234.4,25920.0,0.3421
24824.3,8322.9,24911.0,8630.2,0.3421
12109.3,758.4,12480.0,911.4,0.3421
13244.3,4583.3,13683.1,5116.9,0.3420
2877.3,28480.1,3200.0,28571.3,0.3418
36160.0,6075.7,36246.4,6397.3,0.3418
2310.6,4057.3,2626.0,4479.6,0.3417
13972.0,0.0,14079.0,285.6,0.3416
2880.0,6720.6,3230.8,7072.8,0.3416
31449.1,23913.5,31995.4,24319.1,0.3416
21482.5,36041.6,22075.2,36480.0,0.3416
6335.1,15580.4,6720.0,16000.0,0.3415
314.1,9932.3,419.0,10378.9,0.3415
30728.1,1600.0,31359.7,2021.3,0.3415
30787.0,964.1,31357.8,1525.2,0.3414
3226.5,19740.6,3473.0,19840.0,0.3414
11945.0,26754.8,12469.2,27200.0,0.3411
34880.6,6081.2,34968.1,6218.1,0.3409
27841.1,8535.4,28475.5,8957.2,0.3409
37399.2,2916.0,37760.0,3520.0,0.3409
1046.4,5960.9,1284.1,6007.7,0.3407
8962.1,13783.4,9119.9,14233.8,0.3407
36181.8,6509.0,36415.9,7040.0,0.3407
37345.8,2712.3,37760.0,3195.9,0.3407
8.1,31788.7,119.1,32320.0,0.3407
11955.1,27108.6,12470.6,27520.0,0.3406
7683.4,8640.0,8131.1,8797.6,0.3406
2741.1,23680.0,2969.7,24227.6,0.3405
5127.7,35200.0,5755.0,35626.7,0.3405
10240.4,11728.1,10576.5,12068.3,0.3404
29762.1,5118.7,30007.1,5431.5,0.3404
3320.4,24329.4,3697.6,24640.0,0.3402
6411.7,6330.7,6478.7,6398.7,0.3398
13542.3,9559.5,13759.4,9686.5,0.3398
7040.0,2560.4,7211.4,3195.7,0.3397
1283.3,12173.3,1461.5,12466.7,0.3397
10660.7,27112.2,11197.7,27520.0,0.3396
5052.6,16902.3,5120.0,17280.0,0.3396
4908.4,28160.7,5119.8,28428.1,0.3395
9941.9,29362.9,10556.3,29760.0,0.3395
21762.9,8498.7,21852.5,8838.5,0.3394
4802.9,17592.6,5026.0,17918.7,0.3392
17924.3,8223.2,18058.4,8639.2,0.3391
3873.0,31681.7,3952.6,31926.6,0.3390
6780.8,2795.4,6922.7,3196.0,0.3389
1949.1,2560.0,2238.5,3034.5,0.3389
17600.0,5447.0,17836.6,5760.0,0.3389
33924.5,1555.9,34556.6,1920.0,0.3388
2881.6,11841.6,3309.1,12030.5,0.3388
32002.7,5371.1,32302.1,5750.5,0.3388
640.0,12480.0,926.6,12986.7,0.3388
2011.4,989.2,2551.4,1268.7,0.3386
3201.9,9032.1,3404.1,9600.0,0.3386
9280.0,10770.8,9422.4,10880.0,0.3385
1906.5,4160.9,2240.0,4323.2,0.3385
37442.1,4608.8,37547.2,4799.4,0.3383
3089.2,11514.2,3376.4,11839.2,0.3382
0.0,646.2,133.1,1134.6,0.3382
9698.2,19435.3,10237.5,19840.0,0.3382
11307.4,17463.8,11833.7,17920.0,0.3382
5728.5,13790.4,6078.7,14080.0,0.3382
3200.0,11520.0,3361.1,12054.2,0.3381
329.4,9600.0,640.0,10117.1,0.3379
18548.9,2240.0,18880.0,2843.5,0.3379
8982.2,4087.5,9595.0,4480.0,0.3379
33283.2,9601.8,33919.0,9995.4,0.3378
2819.6,31468.6,2878.5,31678.7,0.3378
26324.2,33652.8,26876.1,34047.5,0.3377
1098.1,9923.6,1230.7,10100.5,0.3376
8002.8,3520.0,8615.8,3979.9,0.3376
9318.6,8961.5,9599.7,9059.5,0.3375
9938.8,15926.4,10559.9,16320.0,0.3374
36490.7,26484.1,37117.5,26880.0,0.3374
11983.7,19366.5,12478.5,19836.2,0.3374
1920.0,30529.9,2011.0,30676.4,0.3372
8641.7,17190.4,8972.5,17598.8,0.3370
7625.6,4160.0,8000.0,4800.0,0.3369
29819.7,323.0,30400.0,813.8,0.3369
13806.3,10258.2,14077.9,10540.3,0.3368
35219.9,27509.2,35835.4,27840.0,0.3367
7151.1,20985.2,7680.0,21437.7,0.3365
30101.6,34896.6,30720.0,35200.0,0.3365
3024.6,6050.0,3193.8,6228.1,0.3363
3606.4,32644.0,4067.6,33182.9,0.3363
5127.5,3821.8,5758.7,4160.0,0.3363
33623.9,4654.4,34227.8,5114.1,0.3363
11522.0,580.4,11588.6,957.9,0.3361
21139.0,8506.6,21759.8,8956.9,0.3361
6011.1,1184.6,6400.0,1269.9,0.3360
36160.0,6097.8,36284.4,6628.9,0.3358
7836.1,16537.6,7999.9,16639.1,0.3357
8729.0,24563.0,9273.8,24960.0,0.3354
2347.4,26580.5,2839.2,26880.0,0.3353
2000.2,26503.0,2080.9,26559.2,0.3353
23430.3,5590.1,23680.0,6080.0,0.3352
11608.1,31272.4,12158.0,31680.0,0.3351
29170.7,453.2,29757.9,889.9,0.3351
884.1,24968.3,1280.0,25319.4,0.3351
2573.4,4982.5,3198.5,5313.8,0.3349
10907.0,20740.6,11515.4,21120.0,0.3347
36570.6,26695.6,37117.4,27200.0,0.3347
32050.0,7077.2,32638.8,7528.2,0.3346
27539.9,9926.3,28158.9,10195.2,0.3345
16053.1,1756.4,16639.1,2238.3,0.3342
2944.1,26786.2,3505.9,27056.2,0.3342
24000.0,35160.3,24637.3,35520.0,0.3340
20169.2,2708.1,20480.0,3194.3,0.3340
9408.0,10366.4,9543.7,10464.2,0.3339
1250.1,20746.0,1339.1,21120.0,0.3338
4228.8,32960.0,4795.7,33433.5,0.3337
960.0,34185.5,1104.5,34560.0,0.3336
320.0,4163.6,466.2,4698.3,0.3336
9838.2,12800.0,9920.0,12936.2,0.3335
18947.0,7437.5,19017.2,7835.6,0.3333
3842.8,2880.5,4174.2,3193.7,0.3331
25319.1,4689.7,25913.0,5120.0,0.3331
9389.1,25797.1,9912.8,26238.8,0.3331
38027.6,21137.0,38653.1,21565.2,0.3330
1513.3,22646.3,1600.0,23034.9,0.3328
34263.5,28772.2,34878.5,29120.0,0.3327
36541.2,822.2,37118.1,1280.0,0.3327
5768.4,21300.2,5898.6,21758.7,0.3327
34880.3,5761.2,34956.6,5854.9,0.3327
110.8,15744.2,614.9,16320.0,0.3326
10398.9,3336.9,10560.0,3840.0,0.3326
27525.6,32655.6,28156.5,32960.0,0.3325
396.9,23011.5,610.7,23360.0,0.3325
5773.5,2690.9,6004.5,2879.8,0.3325
16964.8,5252.3,17305.4,5760.0,0.3324
3862.4,26724.6,3937.9,27200.0,0.3324
35095.8,5546.6,35200.0,6076.8,0.3324
19840.0,6721.6,20002.7,6837.2,0.3323
529.3,25873.6,639.5,25919.5,0.3321
5584.8,30722.0,5759.8,31113.8,0.3319
5793.0,34139.8,6395.7,34560.0,0.3319
5069.6,4051.2,5440.0,4480.0,0.3319
32972.3,31634.1,33596.3,32000.0,0.3317
8786.4,11310.8,9279.5,11840.0,0.3316
31933.4,36054.7,32319.8,36480.0,0.3316
1352.9,25078.8,1600.0,25600.0,0.3316
11901.8,30600.1,12467.1,31039.9,0.3315
17571.0,962.6,17920.0,1458.0,0.3315
4220.4,6757.9,4357.1,7036.1,0.3315
7418.0,7680.7,7982.2,8131.9,0.3314
4090.2,26560.0,4153.1,27026.9,0.3314
12289.4,1648.0,12800.0,2240.0,0.3314
29777.3,4847.4,30400.0,5120.0,0.3314
6486.1,20928.7,7035.3,21438.6,0.3313
16007.9,9071.4,16638.6,9292.2,0.3311
35840.4,5991.4,36293.7,6400.0,0.3310
19068.0,1517.7,19200.0,1920.0,0.3310
9158.1,10104.2,9280.0,10240.0,0.3310
5120.0,29326.8,5247.8,29754.0,0.3309
1948.8,12483.8,2204.0,12838.2,0.3306
21085.9,2561.3,21439.8,3038.6,0.3306
11800.7,2571.4,12158.7,3077.6,0.3304
3926.3,12216.5,4473.7,12480.0,0.3304
33274.0,9280.0,33599.2,9762.4,0.3303
5021.6,31907.5,5119.6,32318.3,0.3303
8320.0,13250.0,8432.2,13747.7,0.3301
6693.9,32322.7,7039.9,32838.2,0.3300
22811.6,33034.0,23356.4,33599.6,0.3300
548.4,22969.8,786.1,23360.0,0.3299
11840.0,7364.9,12297.5,7693.1,0.3298
3520.0,31361.8,3810.9,31896.3,0.3297
16321.2,3913.3,16378.4,4160.0,0.3295
2254.3,11313.7,2877.3,11520.0,0.3295
23771.1,2699.6,24316.5,3198.0,0.3294
26334.3,10123.2,26878.4,10558.3,0.3294
17786.1,8325.5,18202.8,8743.8,0.3294
17962.7,8890.1,18239.5,8958.3,0.3294
13761.5,3147.2,13927.8,3514.4,0.3293
2240.1,4175.4,2554.2,4640.1,0.3290
1600.0,20944.3,1681.7,21119.7,0.3289
3906.8,1304.8,3963.5,1510.3,0.3289
30998.1,2527.8,31358.4,2878.2,0.3288
1920.9,13762.0,2380.9,13923.6,0.3288
28510.7,8778.6,29118.0,8960.0,0.3287
20078.3,5762.6,20479.3,6234.4,0.3285
1180.3,6592.6,1279.4,7037.4,0.3283
6491.2,6388.1,7037.9,6719.6,0.3283
4533.0,1601.1,4584.0,1719.5,0.3281
11611.0,642.6,11839.9,973.3,0.3280
7787.7,24171.5,8310.4,24640.0,0.3279
36489.8,3522.2,37120.0,3761.0,0.3279
18406.0,8000.0,18559.8,8472.4,0.3279
15469.6,8960.0,15650.6,9013.9,0.3279
1350.5,23156.1,1430.4,23469.3,0.3276
2740.7,25022.5,2880.0,25600.0,0.3276
1823.6,11407.3,1919.9,11838.2,0.3275
37376.8,5389.5,37522.6,5760.0,0.3275
3137.6,5042.9,3520.0,5440.0,0.3274
8413.3,29040.0,8955.8,29440.0,0.3273
1602.3,759.8,1753.5,959.8,0.3272
4733.9,29441.1,5120.0,30035.4,0.3272
19520.0,5699.2,19584.9,5974.0,0.3270
5834.5,9059.9,6396.9,9599.1,0.3270
21766.5,4435.8,22399.7,4674.5,0.3269
7684.2,13122.2,8252.6,13440.0,0.3269
24667.0,675.4,25276.4,1275.8,0.3269
11300.6,23255.1,11835.1,23678.9,0.3269
6146.6,29911.4,6717.5,30400.0,0.3268
11636.8,19076.2,12154.4,19520.0,0.3267
15983.0,5663.3,16202.2,6078.2,0.3265
31456.7,6751.3,31994.6,7160.4,0.3265
9990.7,29669.5,10560.0,30080.0,0.3264
33372.9,31233.0,33920.0,31676.5,0.3264
9646.8,10104.1,10236.6,10552.2,0.3264
6199.1,18152.6,6720.0,18559.0,0.3263
29120.0,4800.0,29757.8,5113.5,0.3259
27830.9,9194.6,28160.0,9279.9,0.3258
14900.8,1856.3,15360.0,2240.0,0.3257
4245.8,34759.2,4795.3,35200.0,0.3256
6863.3,12585.0,7360.0,13120.0,0.3256
34486.2,7046.6,34877.5,7667.8,0.3255
2242.9,1857.5,2602.5,2239.8,0.3253
3840.0,16643.3,4302.4,17200.3,0.3252
28162.4,7161.6,28389.8,7678.0,0.3250
11300.5,33834.9,11836.5,34240.0,0.3248
21238.1,823.2,21755.8,1280.0,0.3248
8018.8,3812.3,8320.0,4160.0,0.3247
35059.6,6082.8,35198.2,6438.7,0.3247
3994.5,30060.2,4088.2,30398.4,0.3246
27847.3,10240.0,28478.7,10665.4,0.3245
1152.7,12694.3,1280.0,13120.0,0.3244
21960.6,51.7,22398.7,640.0,0.3244
34043.0,9198.2,34548.8,9599.3,0.3243
22654.8,5655.5,22766.5,5757.6,0.3243
3913.3,6351.1,4104.3,6400.0,0.3242
38016.0,960.3,38650.2,1069.0,0.3242
7360.3,9689.1,7483.1,9739.9,0.3242
8697.6,3845.5,9276.7,4359.6,0.3242
3840.0,23261.2,3951.5,23455.5,0.3240
3114.5,5120.0,3520.0,5750.2,0.3240
9389.1,27099.9,9913.9,27520.0,0.3239
25311.7,6720.0,25920.0,6866.3,0.3238
3841.2,1600.0,4101.3,1697.5,0.3236
27201.7,10880.0,27838.5,11029.5,0.3236
18823.3,8962.7,19200.0,9063.8,0.3236
11945.6,31604.7,12473.7,32000.0,0.3235
412.7,30084.1,721.7,30279.3,0.3234
8058.5,29992.2,8637.0,30400.0,0.3234
10741.0,10888.1,10877.8,11028.4,0.3232
4161.2,14750.4,4537.7,15357.7,0.3232
38099.0,19967.7,38650.4,20478.0,0.3230
26885.5,9280.0,27518.1,9405.9,0.3229
2604.1,7364.1,3197.9,7525.7,0.3226
32486.0,5767.0,32640.0,6054.5,0.3225
1281.4,35428.5,1462.7,35518.4,0.3225
2372.2,12800.0,2880.0,12951.4,0.3224
1610.8,4825.2,2240.0,5307.8,0.3224
27200.1,5093.1,27548.1,5269.8,0.3223
6646.3,25090.3,6720.0,25280.0,0.3221
8136.0,30288.5,8637.0,30719.0,0.3219
34711.3,5440.0,34876.5,6016.6,0.3217
15733.8,6206.0,15800.9,6400.0,0.3216
9718.6,21687.0,10228.0,22080.0,0.3215
1604.6,6366.4,2239.1,6720.0,0.3215
2786.2,23280.8,2880.0,23460.0,0.3215
3299.2,35744.6,3840.0,36160.0,0.3214
8640.4,13622.0,9109.0,14065.3,0.3214
29853.8,32513.5,30393.2,32960.0,0.3213
7040.0,15220.5,7104.2,15457.4,0.3213
9644.5,6443.5,10071.6,6719.0,0.3211
9987.1,20346.2,10553.5,20797.5,0.3210
7043.4,17753.4,7524.9,18240.0,0.3210
5394.8,18177.9,5760.0,18560.0,0.3210
7895.1,4671.0,7999.8,5117.3,0.3210
7452.4,25820.3,7992.9,26240.0,0.3210
18144.7,4354.5,18540.9,4516.0,0.3209
6422.1,28695.7,7033.5,29120.0,0.3208
11945.8,30294.8,12470.3,30719.0,0.3207
2391.6,1609.3,2505.2,1801.9,0.3206
6804.2,11415.5,7040.0,11839.2,0.3206
10006.9,25512.0,10552.1,25920.0,0.3206
10240.0,11481.2,10393.7,11520.0,0.3205
22790.9,146.6,23348.6,639.5,0.3203
24962.5,7403.8,25063.8,7863.2,0.3203
32325.8,8496.8,32960.0,8943.7,0.3201
8187.0,1853.3,8640.0,2238.4,0.3200
6400.9,1444.8,6689.5,1576.7,0.3200
11124.2,31040.0,11520.0,31496.9,0.3198
36696.2,750.6,36800.0,957.7,0.3197
26131.5,7366.7,26239.7,7935.2,0.3197
5275.7,13894.6,5760.0,14400.0,0.3197
34656.0,9601.1,35194.2,10080.1,0.3196
17819.2,1921.0,18239.4,2092.5,0.3195
9920.0,23910.9,10066.9,23998.6,0.3195
1601.8,7387.8,1723.8,7639.2,0.3192
6131.8,1893.0,6718.5,2055.8,0.3191
32641.8,4524.6,32722.5,4895.5,0.3191
17922.8,4160.6,18375.2,4325.8,0.3189
5564.9,12494.6,5760.0,12987.4,0.3189
4480.0,7919.7,4708.8,7976.0,0.3188
19840.7,6839.4,20171.3,6970.0,0.3187
10008.6,15265.0,10558.4,15680.0,0.3187
11520.7,640.0,11582.2,834.4,0.3186
29807.2,13.5,30394.2,351.7,0.3186
6602.5,24216.2,7035.2,24640.0,0.3185
10880.7,7367.0,11189.1,7812.3,0.3184
2073.1,26216.5,2212.0,26327.4,0.3184
2398.7,1879.6,2559.3,2238.3,0.3183
9705.3,28311.0,10227.3,28796.9,0.3182
9029.3,27436.0,9598.9,27840.0,0.3182
13868.8,5445.5,14400.0,5895.0,0.3181
23071.8,8984.7,23679.9,9132.4,0.3181
11382.4,9112.3,11518.2,9202.7,0.3180
1928.6,29760.0,2558.1,29905.4,0.3179
3434.1,30665.6,3476.3,30847.3,0.3178
37442.6,2256.6,37598.6,2549.7,0.3176
30753.0,35119.1,31357.0,35520.0,0.3174
7057.5,3792.6,7167.8,4156.6,0.3172
18555.5,6788.9,18878.1,7039.7,0.3172
22735.1,9556.1,23040.0,9892.2,0.3171
7629.6,3842.5,8000.0,4425.1,0.3171
5697.8,509.6,6035.1,660.2,0.3170
5766.2,20802.6,6079.8,21403.9,0.3170
1281.9,10173.6,1477.9,10557.5,0.3169
2007.2,24031.4,2102.0,24317.8,0.3168
7157.0,21636.0,7679.1,22079.6,0.3167
30696.6,7067.6,31040.0,7358.3,0.3165
23741.3,8971.3,24006.8,9017.3,0.3165
8010.5,841.1,8639.1,957.6,0.3165
11983.4,19840.0,12477.1,20312.2,0.3163
19487.4,327.3,19562.9,809.7,0.3163
27696.3,8408.2,27772.3,8957.6,0.3161
11562.1,3105.2,12152.6,3520.0,0.3161
28521.0,27520.1,29117.6,27819.9,0.3159
7757.6,35122.0,8316.9,35520.0,0.3158
1858.1,29115.3,1961.4,29434.4,0.3157
3982.5,29272.8,4040.8,29755.7,0.3157
3840.0,26972.3,3930.1,27199.6,0.3156
1603.2,11307.6,1775.1,11518.9,0.3156
37762.3,2262.0,38339.3,2707.2,0.3156
1043.6,8565.7,1502.5,8959.8,0.3155
30515.1,34662.3,31040.0,35200.0,0.3154
5762.6,5927.8,6178.0,6394.6,0.3154
7746.2,31293.7,8318.1,31680.0,0.3151
486.4,6720.0,639.4,6983.6,0.3151
9958.1,1719.6,10240.0,1853.7,0.3151
22510.3,33133.5,23033.4,33600.0,0.3151
35608.0,26714.9,36158.5,27200.0,0.3151
9319.4,13307.5,9600.0,13753.5,0.3150
6884.9,884.3,7206.2,1280.0,0.3150
21440.0,7619.0,21628.8,8000.0,0.3149
18587.1,6499.1,18989.0,6716.6,0.3149
238.2,30311.3,423.9,30719.4,0.3148
11521.2,11079.7,11632.3,11200.0,0.3146
590.8,32640.4,774.8,32805.8,0.3145
33371.8,36288.9,33916.5,36864.0,0.3144
5443.2,22080.0,5595.8,22627.0,0.3144
3059.4,22932.2,3143.5,23039.2,0.3143
24274.7,7593.5,24616.3,7680.0,0.3143
19560.9,0.0,20157.7,180.9,0.3143
11912.2,28068.6,12458.3,28480.0,0.3142
32.2,14146.0,638.3,14400.0,0.3140
4255.1,17186.1,4479.1,17600.0,0.3140
7121.5,33137.8,7675.8,33599.5,0.3140
2579.6,7101.5,3197.2,7358.1,0.3140
15718.0,3351.6,15999.1,3518.3,0.3140
3829.1,25388.7,4160.0,25599.6,0.3139
15360.0,7841.3,15427.5,8313.8,0.3139
5588.4,26792.1,6071.3,27200.0,0.3139
26880.0,9340.2,26952.2,9488.4,0.3137
10023.0,32494.6,10556.2,32959.7,0.3136
672.8,30720.0,728.3,30881.2,0.3136
27619.8,8001.4,27685.5,8305.5,0.3136
640.0,8009.7,881.3,8138.8,0.3135
6568.2,5259.1,6720.0,5760.0,0.3134
4541.6,513.8,4798.9,640.0,0.3134
7682.5,8062.5,7846.7,8295.4,0.3134
6133.0,33512.0,6717.0,33920.0,0.3134
36543.2,6846.4,37117.0,7356.6,0.3133
11604.3,31560.5,12156.3,32000.0,0.3133
4948.5,17280.0,5440.0,17882.3,0.3132
23046.3,3437.6,23674.7,3835.3,0.3131
567.4,35842.4,960.0,36326.1,0.3131
32020.6,2890.7,32320.0,3391.1,0.3130
26292.2,29450.0,26870.7,29855.7,0.3130
36236.2,26313.9,36798.1,26880.0,0.3129
34936.1,6699.0,35200.0,7040.0,0.3129
28724.3,229.3,29120.0,640.0,0.3128
1068.2,6813.7,1598.2,7040.0,0.3128
2912.7,2815.8,2978.9,3020.6,0.3128
930.5,22008.7,998.9,22175.4,0.3126
38162.3,4.9,38653.5,151.1,0.3126
4083.9,21765.4,4159.9,22263.3,0.3126
20181.3,8007.4,20800.0,8320.0,0.3124
501.9,27694.8,639.4,27839.2,0.3124
16967.8,8320.0,17153.6,8741.7,0.3123
23205.1,35700.9,23678.3,36159.9,0.3123
27081.3,2.4,27507.9,404.8,0.3123
14932.1,6080.7,15030.3,6162.2,0.3122
1932.2,33690.1,2560.0,33920.0,0.3119
13200.7,1810.9,13748.9,2240.0,0.3118
29443.2,2779.2,30077.7,3200.0,0.3117
3842.6,2628.3,3985.0,2880.0,0.3112
2240.0,23360.0,2339.6,23504.9,0.3107
19840.0,4368.3,20074.9,4800.0,0.3107
8093.8,25139.3,8637.1,25599.6,0.3107
8960.9,5975.5,9154.4,6080.0,0.3107
14906.2,972.3,15356.5,1428.1,0.3106
11846.7,29073.0,12432.0,29440.0,0.3106
28891.1,27694.5,29431.3,28159.2,0.3106
21493.6,3406.7,21759.7,3839.6,0.3106
9106.0,28581.9,9594.3,29118.1,0.3105
15894.7,400.1,16020.9,960.0,0.3105
34313.8,20712.3,34880.0,21120.0,0.3105
32234.8,961.4,32320.0,1530.4,0.3104
8783.5,19978.8,9275.1,20480.0,0.3103
3489.7,1917.2,3689.9,2152.0,0.3102
37434.3,6595.4,37760.0,7040.0,0.3101
10975.8,19038.4,11517.3,19518.6,0.3101
1410.6,25517.8,1599.6,25920.0,0.3101
11475.5,3258.5,11840.0,3839.0,0.3100
8383.3,24220.8,8957.8,24640.0,0.3100
10135.1,14080.9,10240.0,14211.5,0.3100
985.2,30720.0,1031.0,30865.3,0.3100
26062.4,3521.1,26560.0,4046.4,0.3100
3968.3,28505.5,4032.5,28914.6,0.3098
15891.8,3522.0,16315.6,4009.5,0.3097
35199.9,446.3,35518.0,638.7,0.3095
4939.0,16406.5,5046.4,16960.0,0.3094
3627.2,17834.9,4151.1,18240.0,0.3094
38296.4,4334.5,38378.9,4773.6,0.3093
14404.6,9600.0,15038.1,9834.5,0.3093
35097.6,1423.9,35200.0,1909.0,0.3092
6227.6,28602.7,6720.0,29118.5,0.3092
9931.3,3842.5,10557.7,4315.8,0.3091
26604.5,34421.8,27200.0,34878.6,0.3091
22925.9,8338.5,23357.1,8642.6,0.3090
1280.0,540.6,1419.0,638.5,0.3090
30205.4,7738.9,30720.0,8320.0,0.3088
960.2,7358.7,1453.5,7656.0,0.3088
28481.3,5062.7,29117.5,5440.0,0.3087
11571.8,33816.9,12156.1,34240.0,0.3087
22602.8,4800.0,22719.9,5366.8,0.3086
5652.1,15363.9,6059.6,15915.8,0.3084
11904.6,33202.9,12475.1,33600.0,0.3082
25940.4,9644.8,26560.0,9920.0,0.3082
1920.4,35840.7,2043.2,36062.9,0.3082
1.5,8164.5,199.6,8275.9,0.3081
7771.2,34455.2,8319.7,34878.9,0.3081
8433.9,10108.3,8917.2,10427.2,0.3081
3453.6,13123.9,3840.0,13626.3,0.3081
10098.9,13763.4,10550.6,14206.2,0.3080
15040.0,9600.0,15110.3,9960.7,0.3080
21775.0,33502.2,22396.8,33920.0,0.3079
29445.9,8960.0,30076.8,9149.1,0.3078
26880.0,9226.3,26951.2,9353.9,0.3077
23601.1,9443.0,23998.4,9580.7,0.3077
4800.0,10362.8,4957.4,10878.2,0.3077
29163.2,1601.9,29753.0,2176.8,0.3074
641.5,2953.1,706.1,3246.5,0.3073
8006.3,12803.8,8080.4,12983.9,0.3072
9823.6,8001.3,9920.0,8096.8,0.3071
1523.4,4825.2,1600.0,5285.6,0.3071
4297.6,20545.0,4479.4,21120.0,0.3071
215.9,6410.8,300.5,6884.0,0.3071
15040.6,7708.2,15549.5,8011.4,0.3070
1961.3,5445.9,2560.0,5853.9,0.3070
2503.0,8976.4,2560.0,9195.7,0.3069
16375.3,4645.5,16949.5,5120.0,0.3069
18140.4,8212.2,18200.7,8638.4,0.3068
8741.2,35434.8,9273.0,35840.0,0.3068
2394.1,19604.2,2473.8,19839.6,0.3068
2987.7,565.1,3520.0,960.0,0.3068
5120.6,7040.4,5195.9,7133.2,0.3067
8921.9,11528.0,9269.1,11977.2,0.3066
13040.8,7376.0,13440.0,8000.0,0.3065
5875.6,3677.1,6399.9,3838.0,0.3063
31000.5,1373.4,31358.6,1757.7,0.3063
960.0,2151.2,1206.2,2554.2,0.3063
3520.0,29764.0,3967.2,30398.1,0.3063
0.0,327.0,134.2,723.4,0.3063
14751.8,6921.7,15359.0,7356.5,0.3061
11840.0,165.5,12246.0,640.0,0.3061
5090.0,4820.2,5440.0,5416.8,0.3061
2011.9,31182.5,2120.1,31680.0,0.3060
22815.8,8077.3,23359.6,8293.8,0.3060
0.0,8410.3,230.5,8462.4,0.3059
318.4,32286.7,382.8,32634.8,0.3057
10675.1,17174.2,11195.5,17600.0,0.3054
4809.7,4672.3,5440.0,5120.0,0.3053
23418.8,6598.7,23680.0,6720.0,0.3051
2428.6,2574.5,2875.6,2880.0,0.3050
5867.1,35407.7,6395.5,35840.0,0.3050
16641.4,2574.6,16710.2,2696.7,0.3050
11907.6,9818.6,12476.8,10240.0,0.3046
327.5,6080.0,489.6,6551.6,0.3046
34880.0,4039.6,35002.4,4478.7,0.3044
4536.1,20725.3,5119.3,21120.0,0.3044
6264.4,8640.0,6399.5,9004.0,0.3044
5443.2,32141.9,5787.7,32320.0,0.3044
11260.4,2342.8,11517.3,2880.0,0.3042
27201.8,5838.7,27392.2,6235.2,0.3042
7829.1,22400.3,8320.0,22904.2,0.3041
4386.5,20488.1,4477.0,21003.3,0.3041
5276.0,10938.1,5420.3,11128.6,0.3038
8041.2,28405.3,8632.6,28800.0,0.3037
10240.0,26560.2,10354.1,26615.9,0.3037
1384.4,190.0,1520.0,342.3,0.3037
0.0,22980.4,207.1,23040.0,0.3036
18938.8,7937.0,19032.2,8320.0,0.3035
10641.5,29662.4,11200.0,30079.6,0.3035
6718.6,11888.3,7040.0,12434.0,0.3035
28187.1,5109.8,28798.0,5440.0,0.3034
4160.0,24604.4,4258.4,24960.0,0.3034
5213.8,7.3,5388.6,523.8,0.3032
7794.6,7040.1,7974.8,7133.1,0.3031
29534.4,2456.6,29614.4,2873.5,0.3030
3545.8,2884.2,4157.1,3107.3,0.3029
28824.9,9061.2,28925.5,9283.8,0.3029
2005.8,22961.2,2239.6,23091.5,0.3027
3926.9,30493.0,3985.8,31040.0,0.3026
184.0,20192.6,388.9,20288.8,0.3025
7389.7,32853.7,7995.5,33280.0,0.3024
6840.6,209.1,7348.7,640.0,0.3024
2249.2,11914.8,2875.9,12160.0,0.3023
10561.2,9822.4,11196.5,10240.0,0.3022
22470.0,6401.0,22718.6,6493.9,0.3022
5053.3,20481.3,5440.0,20932.3,0.3022
3842.8,12669.1,4479.0,12970.4,0.3020
1806.7,32640.0,2238.4,32916.1,0.3020
21100.4,9600.7,21440.0,9693.5,0.3017
1952.5,23554.5,2369.1,23708.8,0.3017
22737.3,6721.1,23356.6,7088.8,0.3016
2881.2,26882.8,2994.6,27060.8,0.3015
667.7,35514.5,1280.0,35839.6,0.3015
10096.5,11145.4,10239.2,11200.0,0.3014
500.1,3224.0,711.9,3519.2,0.3014
3415.7,3529.9,3520.0,3854.7,0.3010
23522.8,6062.9,23998.1,6254.6,0.3010
13447.6,7107.5,13576.2,7680.0,0.3010
963.5,9280.6,1103.4,9457.4,0.3008
36580.7,25237.6,37115.8,25600.0,0.3007
10028.3,22003.8,10555.6,22400.0,0.3007
19705.9,3414.9,19840.0,3840.0,0.3007
6431.3,28399.0,7037.3,28800.0,0.3007
29234.9,6299.0,29757.3,6720.0,0.3007
1920.0,9803.9,2255.7,9919.1,0.3006
1055.2,13760.0,1599.8,13951.2,0.3006
7555.7,5760.0,7680.0,6278.8,0.3005
4480.0,19118.4,4599.9,19518.5,0.3005
11830.7,320.0,12160.0,889.7,0.3004
10970.8,30949.8,11518.7,31359.2,0.3003
26635.5,6197.6,27200.0,6374.2,0.3003
27541.5,31004.4,28160.0,31360.0,0.3002
26381.1,34027.1,26877.2,34555.0,0.3002
22649.4,5317.4,22720.0,5622.2,0.3001
34240.5,757.9,34664.9,1277.3,0.3001
12832.6,337.5,13437.2,639.2,0.2998
10634.7,28075.8,11199.6,28480.0,0.2998
10658.0,9281.6,10878.8,9683.5,0.2997
36821.5,6844.1,37120.0,7038.1,0.2996
4504.2,26261.7,4589.4,26748.5,0.2995
17361.1,6499.2,17567.4,7034.1,0.2995
641.6,20398.4,907.5,20520.8,0.2994
5370.6,15950.9,5440.0,16320.0,0.2994
9971.9,16880.1,10558.3,17280.0,0.2993
1281.1,30720.5,1352.4,30831.7,0.2993
4235.3,18493.3,4629.4,18880.0,0.2992
4655.0,10761.2,4798.7,10962.7,0.2991
11240.0,26150.0,11836.7,26560.0,0.2991
7518.3,5442.4,7680.0,6055.1,0.2990
31466.1,33191.1,31997.2,33600.0,0.2989
24644.0,4807.5,24785.5,5119.5,0.2988
2991.2,21103.3,3519.5,21422.8,0.2988
19602.0,9844.4,19840.0,10240.0,0.2987
22080.0,1600.0,22518.6,2056.3,0.2987
1398.3,25793.3,1878.7,26237.3,0.2986
7042.6,217.8,7132.3,631.8,0.2986
16218.6,8468.3,16640.0,8954.7,0.2986
35622.3,27400.0,36156.3,27840.0,0.2986
5741.7,30082.8,6080.0,30545.1,0.2986
28915.1,34959.8,29440.0,35520.0,0.2985
9920.6,12802.9,10554.0,13177.6,0.2985
5148.4,9695.0,5440.0,10157.2,0.2984
34164.1,31680.0,34560.0,32167.0,0.2984
10881.8,12225.2,11026.7,12431.1,0.2984
1432.7,11201.7,1599.6,11314.9,0.2983
16774.8,3719.7,17266.7,4159.9,0.2982
24773.6,8791.3,24886.2,8957.4,0.2980
3597.9,35980.4,4153.5,36480.0,0.2979
7148.6,4227.8,7360.0,4800.0,0.2979
9674.1,30313.5,10232.1,30720.0,0.2978
10326.0,29662.7,10875.8,30078.6,0.2977
28805.7,1811.7,29437.2,2240.0,0.2977
10240.2,13065.1,10328.3,13119.6,0.2977
323.1,12216.9,618.5,12439.1,0.2977
8000.1,14634.2,8142.4,14718.7,0.2976
27612.5,31160.7,28155.3,31680.0,0.2975
7503.7,25097.0,7996.3,25600.0,0.2974
12586.9,850.3,13116.1,1280.0,0.2974
17184.4,3206.1,17554.9,3430.3,0.2973
12480.0,2.1,13118.1,315.3,0.2973
36800.0,5410.6,36863.9,5760.0,0.2972
6400.0,18564.2,6768.4,19060.3,0.2971
34576.9,2568.6,34879.8,3043.1,0.2969
37440.5,5394.8,37575.0,5758.9,0.2969
19356.2,2881.8,19703.0,3439.8,0.2968
14251.8,6459.8,14400.0,6720.0,0.2967
7477.1,8284.7,7680.0,8320.0,0.2966
5150.1,15683.7,5440.0,16239.7,0.2966
3840.0,3408.8,3999.2,3520.0,0.2965
16536.9,3874.7,16639.6,4448.0,0.2965
23929.9,5564.4,24000.0,5957.2,0.2965
2483.2,6458.2,2566.3,6720.0,0.2965
17152.4,1925.7,17319.9,2547.2,0.2964
1922.8,3800.0,1982.0,4071.4,0.2963
16981.3,3971.1,17600.0,4469.9,0.2963
6085.7,21052.3,6719.1,21440.0,0.2963
25634.0,6411.8,26234.1,6720.0,0.2963
15109.8,6977.2,15359.8,7039.8,0.2963
10240.0,17676.7,10366.0,17749.3,0.2961
1362.0,33355.8,1600.0,33398.7,0.2961
4964.5,28491.9,5430.2,29000.0,0.2960
960.5,28063.1,1056.7,28142.4,0.2959
7040.0,7094.0,7481.2,7680.0,0.2958
4982.0,1280.0,5305.8,1559.2,0.2957
31100.4,28715.0,31678.6,29120.0,0.2956
467.8,5761.2,634.2,6050.2,0.2956
7994.9,7360.8,8320.0,7485.2,0.2955
11848.8,31870.5,12437.3,32318.7,0.2955
9242.9,1056.8,9600.0,1280.0,0.2954
1.7,14859.9,408.5,15356.9,0.2954
25144.4,7680.3,25284.4,7919.1,0.2953
1618.7,8641.1,2040.8,8710.0,0.2953
3603.8,14729.7,3839.8,14989.4,0.2953
2368.7,9776.7,2438.5,10061.1,0.2953
13122.4,5440.0,13440.9,5836.2,0.2952
26249.6,8009.1,26876.3,8317.1,0.2949
607.7,29339.2,699.3,29440.0,0.2949
20323.5,9040.3,20480.0,9112.2,0.2949
2083.0,33246.0,2240.0,33280.0,0.2948
3758.7,14081.1,4159.7,14327.8,0.2948
6647.0,21449.3,7040.0,21912.1,0.2947
1305.9,20715.8,1920.0,21105.9,0.2947
36673.6,5143.8,36799.1,5186.3,0.2947
35283.8,31099.1,35830.3,31523.9,0.2946
112.9,1518.8,640.0,1915.9,0.2945
13128.2,5219.1,13465.8,5760.0,0.2944
15584.9,7534.6,15817.8,7997.3,0.2944
8143.1,27748.0,8637.6,28160.0,0.2941
26693.3,29289.4,27198.1,29760.0,0.2941
18241.9,2975.0,18429.3,3033.3,0.2940
32725.1,22441.0,33274.6,22913.1,0.2940
24447.0,6404.3,24662.4,6931.4,0.2940
24645.3,8961.8,25104.4,9037.9,0.2938
10640.8,30642.1,11196.9,31040.0,0.2938
26550.4,1280.0,26879.9,1786.1,0.2936
7170.2,23142.1,7680.0,23680.0,0.2935
36500.7,26247.6,37117.4,26642.2,0.2935
30853.4,9040.4,31040.0,9158.9,0.2935
6075.2,29761.0,6400.0,30291.9,0.2933
2027.8,27520.1,2552.8,27614.5,0.2933
1373.3,558.0,1600.0,639.1,0.2932
12222.8,6893.5,12796.8,7360.0,0.2931
16960.0,5467.4,17599.2,5760.0,0.2931
34880.0,5379.8,35030.3,5439.0,0.2931
4160.0,9227.4,4379.9,9264.3,0.2931
9600.6,13120.5,9825.3,13528.1,0.2929
7082.2,11840.0,7359.9,12449.0,0.2928
27201.0,9280.2,27629.5,9410.0,0.2928
8324.6,10783.5,8948.0,11200.0,0.2927
4632.9,32643.5,4800.0,33268.3,0.2927
14485.8,1779.5,15040.0,2240.0,0.2927
2563.1,28015.4,2962.4,28459.8,0.2926
7040.0,7687.4,7451.8,7937.7,0.2925
3954.0,27555.2,4011.8,27937.3,0.2923
8081.9,22316.5,8639.0,22720.0,0.2923
13190.9,2969.4,13418.0,3177.0,0.2923
29767.3,8960.3,30400.0,9122.8,0.2921
10481.3,8867.3,10880.0,8959.1,0.2920
1876.7,30720.2,1920.0,30885.7,0.2917
20480.0,9558.6,20712.0,9600.0,0.2917
1329.3,34560.0,1917.6,34959.1,0.2916
11375.7,11714.5,11520.0,11839.2,0.2915
536.7,33243.4,795.0,33279.8,0.2915
3520.6,12083.0,4160.0,12391.1,0.2912
35549.5,3227.8,36160.0,3597.1,0.2910
3456.0,7682.5,3519.5,7826.5,0.2909
6827.4,22233.2,7355.1,22720.0,0.2909
22720.0,5760.1,22931.3,5958.3,0.2908
2690.7,33007.4,2880.0,33081.8,0.2907
11287.6,24850.7,11836.9,25280.0,0.2907
9620.7,4804.4,9920.0,5428.9,0.2907
11909.7,18242.6,12470.9,18697.6,0.2906
5787.6,30648.6,6396.3,31040.0,0.2905
9994.6,29006.1,10559.8,29440.0,0.2904
1386.9,8718.5,1599.2,9280.0,0.2901
25725.9,5760.0,26237.5,6114.8,0.2899
3090.2,3052.7,3213.3,3252.2,0.2899
8756.4,2988.7,9276.2,3517.4,0.2899
35843.9,4402.6,35981.9,4797.5,0.2897
15360.0,6081.5,15717.0,6189.1,0.2897
7777.0,7687.1,8320.0,8311.2,0.2896
24423.5,33433.6,24952.5,33920.0,0.2895
366.5,895.9,422.3,1014.7,0.2894
14404.1,4663.8,14838.6,5118.8,0.2894
24085.8,34881.7,24635.7,35340.4,0.2893
6876.0,1292.2,7219.2,1717.8,0.2893
1151.2,32251.3,1208.0,32421.1,0.2891
265.6,27520.0,307.7,27679.8,0.2891
33689.9,31718.2,34233.6,32166.4,0.2890
2326.5,25298.4,2878.7,25600.0,0.2889
6406.1,8677.6,7040.0,8924.2,0.2889
1205.4,20493.1,1600.0,20754.4,0.2889
10575.4,313.6,11147.9,640.0,0.2886
21213.9,4160.0,21759.3,4792.9,0.2886
13856.7,8962.4,14397.3,9059.8,0.2885
9117.2,10708.6,9588.8,10879.3,0.2885
12302.5,3844.2,12785.9,4405.2,0.2883
7683.4,31589.9,8307.7,32000.0,0.2883
5766.0,5562.9,6400.0,5919.0,0.2883
8737.2,17479.7,9276.4,17920.0,0.2883
4480.0,21807.9,4743.0,22400.0,0.2881
7208.2,8879.8,7359.0,8960.0,0.2880
15680.0,7404.6,15793.9,7877.6,0.2879
22744.7,9498.4,23360.0,9597.7,0.2879
0.2,8410.8,247.6,8640.0,0.2877
13766.9,9280.6,14208.6,9400.8,0.2877
5440.0,17280.4,5883.6,17386.1,0.2877
26881.3,8816.0,27149.5,8911.6,0.2876
26.7,29271.0,452.0,29417.5,0.2875
18337.8,7704.4,18557.1,8124.1,0.2874
32723.3,9733.1,33277.1,10226.3,0.2874
22816.8,910.7,23357.8,1280.0,0.2874
196.0,21372.8,638.1,21636.0,0.2872
5426.6,18248.8,5759.9,18852.7,0.2872
11299.6,33172.7,11836.9,33600.0,0.2872
28161.5,8707.0,28797.9,9045.9,0.2872
18587.0,8216.8,18742.0,8607.1,0.2870
5799.0,34482.4,6390.6,34880.0,0.2870
8644.5,11289.7,8771.8,11840.0,0.2870
36221.9,3671.0,36800.0,4151.6,0.2870
33006.4,7362.1,33594.8,7529.4,0.2870
10064.6,35441.6,10554.5,35840.0,0.2870
641.6,27842.9,1032.3,28035.2,0.2869
14723.7,3.1,15360.0,329.6,0.2868
12556.1,7192.1,13103.2,7677.1,0.2867
37446.1,3489.9,37926.9,3840.0,0.2867
14080.2,8964.9,14718.5,9211.8,0.2867
33998.9,23906.9,34560.0,24320.0,0.2866
5474.4,27334.9,5710.7,27520.0,0.2865
11985.4,18881.8,12475.6,19334.2,0.2864
4512.3,10968.8,4617.8,11516.0,0.2862
4899.0,17959.5,5108.2,18446.8,0.2862
37762.6,17298.4,38396.3,17751.0,0.2861
30722.1,7907.5,30832.0,7998.2,0.2861
5440.1,12160.2,5533.2,12248.9,0.2861
19385.4,2565.9,19561.8,2804.7,0.2860
3209.9,8658.7,3463.4,8960.0,0.2860
8404.8,28690.1,8954.3,29120.0,0.2860
20846.8,2139.0,21120.0,2560.0,0.2859
6134.9,20485.3,6430.2,20670.3,0.2858
396.9,9387.0,482.0,9920.0,0.2858
6487.6,35096.7,7039.5,35520.0,0.2854
14604.1,2713.1,14720.0,3176.5,0.2853
19911.6,1626.6,20165.6,1676.5,0.2852
15768.7,7400.5,15997.4,7873.6,0.2850
8426.7,18092.7,8959.7,18560.0,0.2848
37261.7,1071.5,37440.0,1600.0,0.2848
26516.7,5921.6,26880.0,6107.2,0.2848
19736.5,1920.4,19839.7,2083.8,0.2847
3321.7,31590.5,3839.9,32000.0,0.2845
5855.8,10560.0,6005.0,11200.0,0.2844
30292.4,7066.0,30400.0,7663.8,0.2844
9433.9,6330.1,9914.5,6719.3,0.2842
2428.6,31034.2,2551.4,31358.7,0.2842
2764.3,31101.8,2847.0,31680.0,0.2840
27521.1,6420.7,27671.7,6825.1,0.2839
25534.2,8838.0,25920.0,8960.0,0.2838
0.0,10880.8,340.5,11090.3,0.2837
34197.6,6354.7,34463.8,6718.5,0.2837
16404.4,7040.0,16957.9,7173.7,0.2837
33603.4,5763.1,33976.9,6159.3,0.2837
25625.3,1217.1,26238.1,1600.0,0.2837
4326.8,18868.5,4800.0,19199.4,0.2836
34899.4,960.1,35200.0,1502.1,0.2836
3995.3,30741.6,4099.6,31144.6,0.2836
3709.2,8640.0,4159.2,9023.9,0.2836
6630.3,25411.1,6720.0,25600.0,0.2835
5584.8,14083.8,5760.0,14679.6,0.2834
20867.3,806.0,21440.0,1280.0,0.2832
25600.0,8748.2,25788.9,8795.6,0.2830
496.5,33601.8,789.0,33738.6,0.2830
6805.9,35428.9,7350.8,35840.0,0.2826
32640.4,3840.0,33052.3,4042.7,0.2826
24600.4,4812.6,24728.4,5219.6,0.2825
37264.7,20972.3,37758.1,21440.0,0.2825
36487.5,20801.8,37119.7,21211.7,0.2824
3846.3,24963.1,4159.5,25427.9,0.2824
28147.2,5121.2,28264.1,5226.8,0.2823
19962.6,594.4,20138.9,640.0,0.2823
5440.0,5297.2,5796.7,5630.8,0.2822
4179.7,27900.8,4258.2,28480.0,0.2822
37538.9,21396.9,38074.5,21760.0,0.2822
25045.4,8002.6,25598.2,8319.1,0.2821
2560.9,32320.9,2823.7,32493.4,0.2820
14041.1,334.3,14400.0,924.7,0.2819
8084.3,36061.7,8636.4,36479.4,0.2818
7953.9,9605.0,8320.0,10003.1,0.2818
27970.2,35216.2,28478.8,35600.6,0.2817
15366.4,3222.8,15834.5,3585.2,0.2817
20518.8,9280.0,21118.1,9698.5,0.2817
4954.9,24350.4,5120.0,24927.6,0.2816
9614.2,2035.0,10210.6,2484.8,0.2816
9999.9,12483.8,10240.0,12841.4,0.2815
24323.1,3238.8,24958.2,3520.0,0.2814
26242.2,7502.6,26745.2,8000.0,0.2814
16336.2,7048.1,16690.0,7182.9,0.2813
824.8,1384.0,1276.7,1597.7,0.2812
21352.4,3524.4,21758.0,3927.0,0.2811
2241.4,7048.8,2641.2,7360.0,0.2811
11758.0,5346.2,11839.3,5757.7,0.2807
23860.0,8541.0,23999.6,8640.0,0.2807
10625.3,18788.5,11197.8,19200.0,0.2807
37451.4,25294.7,38074.6,25670.5,0.2805
4503.5,1601.4,4800.0,1671.9,0.2805
19058.0,7339.8,19200.0,7678.7,0.2804
31218.2,35357.2,31680.0,35840.0,0.2804
29138.6,1285.7,29758.3,1736.6,0.2804
30920.7,32587.4,31358.0,32960.0,0.2804
5728.1,12804.4,6080.0,13348.0,0.2803
24320.0,7685.6,24656.8,7969.2,0.2803
6124.7,16459.5,6717.2,16638.2,0.2802
22083.9,5768.2,22201.5,6050.6,0.2801
745.7,26241.7,795.7,26345.4,0.2801
9504.6,10107.8,9599.5,10240.0,0.2801
31451.5,960.0,31680.0,1553.3,0.2800
4016.0,35200.0,4480.0,35812.1,0.2800
9022.6,25196.7,9599.7,25600.0,0.2800
20644.6,3039.0,20800.0,3114.1,0.2798
27863.5,29402.0,28476.1,29760.0,0.2798
731.7,20108.2,960.0,20139.2,0.2798
23729.0,3842.0,24317.3,4223.6,0.2798
15368.6,4493.1,15680.0,4769.0,0.2798
9601.6,13440.8,9741.7,13600.8,0.2797
72.7,20602.6,636.2,20761.2,0.2797
10626.1,22606.9,11193.7,23040.0,0.2796
6863.3,25104.0,7359.8,25598.6,0.2796
25022.7,9600.5,25600.0,9700.9,0.2795
4480.0,4728.4,5119.3,5120.0,0.2795
9937.2,16222.0,10556.8,16640.0,0.2795
3075.9,13764.9,3199.2,14144.6,0.2793
3886.6,5152.1,4343.3,5440.0,0.2793
4741.9,19234.7,4800.0,19518.5,0.2792
3860.6,29932.0,3947.2,30389.1,0.2792
36885.9,23583.5,37440.0,24000.0,0.2791
9635.0,7508.1,10236.2,7999.3,0.2791
6317.6,1959.0,6397.5,2239.5,0.2791
6873.6,19315.3,7352.5,19840.0,0.2790
19586.8,8000.0,19840.0,8038.5,0.2790
19628.3,6406.4,19694.9,6645.3,0.2789
28481.8,8960.0,28836.2,9022.0,0.2788
19877.4,9549.6,20158.5,9599.7,0.2787
19023.5,7339.0,19519.6,7665.4,0.2785
24000.0,4673.7,24515.2,5098.1,0.2783
10494.7,10566.3,10867.6,10952.9,0.2783
11303.5,16227.6,11836.5,16640.0,0.2782
10141.7,13913.7,10239.6,14222.2,0.2781
0.0,25149.9,85.0,25264.5,0.2779
2953.1,5784.6,3519.9,6286.0,0.2779
1281.1,26577.1,1397.5,26802.4,0.2779
13845.8,997.6,14080.0,1596.4,0.2778
28254.2,27622.1,28796.4,28157.4,0.2777
16972.6,1924.1,17382.5,2542.0,0.2776
2885.3,8037.5,3514.6,8249.6,0.2776
26240.0,10560.0,26879.5,10973.3,0.2776
645.7,25925.7,1099.8,26418.0,0.2774
163.1,27144.9,279.8,27519.4,0.2773
37144.1,17956.3,37755.6,18318.2,0.2772
3926.3,30400.7,3979.2,30563.4,0.2772
28937.2,7685.9,29440.0,8226.2,0.2771
10561.7,1600.2,10738.0,1704.4,0.2771
6496.8,7362.4,6861.9,7792.0,0.2770
9920.0,11370.1,10181.7,11495.1,0.2770
6724.4,13498.0,7351.3,13967.8,0.2768
11840.4,2560.0,12197.1,2817.2,0.2768
2560.3,26321.3,2864.0,26477.5,0.2768
37761.8,3865.2,38093.5,4138.6,0.2768
26079.8,8532.5,26240.0,8958.5,0.2767
5155.0,5126.4,5760.0,5509.8,0.2766
22031.9,5298.1,22397.4,5758.0,0.2765
18013.4,1808.2,18560.0,2239.1,0.2763
5908.1,8374.1,6318.0,8640.0,0.2763
4211.1,2718.9,4409.7,3200.0,0.2762
761.4,1389.1,830.7,1685.7,0.2759
32347.8,28631.6,32957.7,29119.2,0.2758
7096.5,35414.3,7672.0,35840.0,0.2758
5554.1,14169.6,6064.2,14720.0,0.2757
5902.6,17601.2,6400.0,18097.9,0.2756
3699.1,8000.0,3840.0,8515.1,0.2755
3846.0,20122.8,4477.6,20478.7,0.2754
24091.8,9401.5,24637.7,9600.0,0.2754
5301.5,18561.0,5440.0,19138.9,0.2752
4083.3,21881.8,4160.0,22080.0,0.2751
36251.8,4192.4,36540.9,4435.9,0.2751
762.8,15680.2,960.0,15728.4,0.2751
9359.3,33199.2,9916.2,33600.0,0.2751
4392.5,11520.0,4636.3,11556.6,0.2748
5801.1,36084.5,6400.0,36480.0,0.2747
33928.0,6414.4,34238.4,6859.2,0.2746
32682.0,2880.0,33276.9,3304.7,0.2746
7599.0,8482.4,7995.8,8640.0,0.2745
13777.7,3425.4,14397.1,3840.0,0.2745
23680.0,6041.6,23839.7,6079.6,0.2744
2880.4,5349.2,3066.5,5438.5,0.2743
3858.1,30085.1,3989.8,30521.6,0.2743
15373.2,8640.0,15680.0,9097.1,0.2742
14136.2,5463.5,14308.9,5951.9,0.2742
10390.8,25739.4,10872.8,26236.0,0.2741
4167.7,12252.5,4800.0,12394.3,0.2740
8722.8,18463.1,9273.5,18880.0,0.2740
22750.3,9521.1,23357.8,9819.8,0.2739
28503.6,9600.0,28781.3,9641.8,0.2737
3231.1,35426.1,3831.7,35840.0,0.2736
35015.1,9107.7,35199.3,9582.5,0.2735
34365.0,3201.2,34560.0,3712.9,0.2735
644.9,25664.2,1115.4,26240.0,0.2735
7410.2,22638.1,7999.2,23040.0,0.2733
0.0,2629.3,324.0,3200.0,0.2732
32651.9,5339.3,32949.7,5760.0,0.2732
5797.2,29047.7,6398.6,29440.0,0.2732
0.9,30081.0,249.9,30290.6,0.2731
4691.9,29975.1,4799.9,30078.8,0.2728
3362.6,20734.3,3627.3,20790.4,0.2728
27739.7,5108.1,27839.7,5412.7,0.2728
3032.6,5052.9,3200.0,5090.8,0.2727
0.0,15485.8,99.8,15998.7,0.2727
6018.7,32640.2,6400.0,33163.1,0.2727
17928.3,6081.4,18240.0,6490.9,0.2726
5190.5,22080.2,5440.0,22716.4,0.2726
6427.4,35437.6,7038.0,35840.0,0.2726
9920.7,1.4,10559.0,309.4,0.2724
16656.1,6322.8,17280.0,6720.0,0.2723
34039.5,23484.4,34556.0,24000.0,0.2723
4803.7,6579.9,5436.7,6986.3,0.2722
24356.5,3315.0,24955.5,3837.9,0.2722
30082.4,960.0,30228.6,1405.3,0.2720
2037.9,35524.8,2560.0,36156.5,0.2719
323.3,15769.3,572.4,16320.0,0.2719
3719.6,30093.9,3911.0,30333.4,0.2718
10981.8,33493.1,11511.9,33920.0,0.2717
8665.1,5997.1,9275.7,6400.0,0.2717
8729.0,4480.0,8960.0,5115.1,0.2717
23360.0,8427.4,23428.0,8847.3,0.2717
7360.0,6615.2,7468.5,7040.0,0.2717
11256.8,30298.7,11834.1,30720.0,0.2717
33409.2,25544.0,33914.4,25920.0,0.2717
16870.7,2253.3,16960.0,2861.1,0.2716
3019.7,31041.9,3230.7,31678.3,0.2715
5341.3,13770.1,5439.9,14080.0,0.2713
12770.1,4963.1,13120.0,5435.2,0.2713
28306.9,10130.1,28479.6,10549.0,0.2710
22537.9,9600.0,22810.4,9634.8,0.2710
6805.7,29034.4,7360.0,29440.0,0.2710
4162.9,16680.3,4261.1,17184.0,0.2709
13689.5,393.3,13757.4,633.8,0.2709
6066.8,4480.0,6400.0,4949.2,0.2708
19844.5,9629.2,20480.0,9919.6,0.2707
9357.6,12169.5,9917.1,12792.2,0.2706
15036.3,4819.2,15358.3,5119.5,0.2706
37181.3,26587.9,37757.6,27014.7,0.2706
32960.0,8462.4,33599.8,8827.0,0.2706
9281.6,11457.8,9346.5,11588.2,0.2705
18642.0,10240.0,19196.7,10755.6,0.2705
2240.0,23097.6,2714.9,23566.2,0.2704
8172.2,31681.1,8640.0,32189.7,0.2703
19558.6,4003.7,20160.0,4392.0,0.2702
5936.9,21354.7,6371.9,21760.0,0.2701
4634.3,6925.7,4799.7,7355.0,0.2700
17892.2,2476.3,18236.6,2880.0,0.2699
14598.0,6241.0,14678.1,6450.2,0.2699
8136.6,36460.3,8639.7,36864.0,0.2699
29475.7,6145.7,29640.5,6620.1,0.2698
6430.7,29033.4,7036.0,29440.0,0.2697
4039.0,11201.9,4118.6,11447.8,0.2697
87.2,21122.8,637.9,21357.6,0.2696
27691.4,5765.8,28156.1,6267.5,0.2696
21858.0,35394.7,22394.7,35840.0,0.2695
31629.9,0.0,32000.0,640.0,0.2695
3017.1,2074.6,3513.6,2554.8,0.2695
20628.6,724.6,20905.0,798.8,0.2694
19286.9,36388.2,19837.4,36800.0,0.2694
4516.7,1467.7,4585.3,1790.9,0.2694
10941.9,12163.7,11200.0,12424.9,0.2692
25922.7,8216.3,26048.7,8376.5,0.2692
5440.0,32962.3,6080.0,33324.3,0.2691
32665.8,4656.3,32959.3,4883.6,0.2690
1600.0,22936.9,2044.8,23360.0,0.2690
2562.3,33006.8,3032.0,33077.7,0.2690
2107.2,22443.1,2239.9,22499.6,0.2689
24990.7,8320.0,25280.0,8376.9,0.2689
3811.2,23260.0,4123.6,23455.5,0.2688
27669.3,6401.4,27775.2,6660.2,0.2688
1394.9,27463.8,1484.1,27840.0,0.2688
9077.2,14400.0,9279.6,14550.0,0.2686
5764.5,16079.4,6395.3,16488.3,0.2685
10566.9,26788.8,11171.4,27200.0,0.2684
30401.6,7937.3,30596.1,8320.0,0.2684
28559.3,736.8,29111.5,1280.0,0.2683
14458.2,0.0,15036.2,137.6,0.2683
23795.7,34405.7,24316.4,34880.0,0.2683
878.4,29057.3,959.8,29438.2,0.2680
9345.3,32227.0,9920.0,32640.0,0.2680
4884.7,21761.2,5118.8,22005.9,0.2679
5580.2,22401.1,6073.1,22859.2,0.2678
11711.5,11767.0,11838.0,11840.0,0.2677
5568.4,5340.2,5759.8,5638.2,0.2677
35401.0,5377.3,35520.0,5440.0,0.2676
571.6,22795.6,960.0,23360.0,0.2676
6022.8,6403.6,6400.0,6863.2,0.2675
1137.2,27661.1,1208.6,27840.0,0.2674
7442.6,33518.2,7993.6,33920.0,0.2674
1638.6,18240.7,1920.0,18763.3,0.2674
9920.0,11066.0,10088.8,11172.2,0.2673
622.7,29341.6,693.9,29545.3,0.2670
19840.0,3634.7,20285.6,4062.6,0.2670
202.6,30720.0,245.4,30886.0,0.2669
5661.4,2780.0,5760.0,2875.8,0.2669
9376.5,17138.7,9917.1,17600.0,0.2668
22325.8,33288.8,22716.9,33631.0,0.2667
28160.6,4480.0,28798.2,4878.6,0.2667
4480.0,9997.6,4655.6,10050.1,0.2666
26305.9,7546.6,26558.3,8000.0,0.2666
31684.5,5306.6,32130.6,5602.5,0.2665
24322.3,4800.0,24458.1,5012.9,0.2665
13122.1,4385.9,13295.5,4658.1,0.2665
10880.0,10779.5,11028.8,10880.0,0.2664
28615.8,8906.5,28905.7,9275.4,0.2661
3460.9,8758.5,3580.1,9280.0,0.2661
10966.7,14941.5,11518.0,15360.0,0.2659
8069.2,29355.7,8639.3,29760.0,0.2657
4387.8,1016.3,4443.4,1364.4,0.2656
4581.5,6726.3,4651.5,7172.5,0.2656
16.9,36445.4,636.0,36864.0,0.2656
320.0,34240.0,679.4,34875.0,0.2655
9922.0,10880.2,10033.4,10945.8,0.2655
28480.0,7044.1,29006.2,7360.0,0.2654
468.2,27219.3,634.3,27676.1,0.2654
10296.4,2753.0,10865.4,3200.0,0.2654
17824.1,2275.6,17902.9,2558.5,0.2653
5478.1,2912.6,5629.8,3018.6,0.2653
19521.2,7391.6,19903.9,7658.7,0.2652
26269.1,9536.6,26880.0,9920.0,0.2652
4480.0,15680.3,5117.4,15797.5,0.2652
6080.0,10350.9,6199.3,10880.0,0.2651
2195.0,24642.5,2560.0,25029.6,0.2651
10609.1,21675.2,11197.7,22080.0,0.2651
8320.0,887.1,8469.1,958.8,0.2651
640.0,33243.4,829.7,33283.5,0.2650
690.7,191.1,954.3,244.5,0.2649
0.0,10059.1,503.8,10557.5,0.2649
17600.2,2273.6,17891.6,2560.0,0.2649
10241.3,4160.0,10482.4,4319.2,0.2648
30776.8,300.1,31356.1,633.8,0.2647
32732.9,30514.5,33276.4,31040.0,0.2647
1923.4,8901.0,2056.3,9171.0,0.2646
3840.2,4480.0,4479.1,4789.5,0.2646
33372.8,29560.4,33917.4,30080.0,0.2646
10242.4,12245.9,10389.3,12800.0,0.2646
34610.2,664.3,35198.1,960.0,0.2646
21403.2,3206.6,21486.1,3506.8,0.2645
14730.5,5005.7,15356.2,5440.0,0.2645
10629.1,22292.6,11195.6,22720.0,0.2645
16341.2,8414.4,16519.0,8951.3,0.2645
4161.4,6060.4,4643.4,6400.0,0.2643
10032.6,23555.6,10556.9,24000.0,0.2642
10241.7,5761.4,10321.7,5848.0,0.2642
19303.4,2529.3,19566.1,2870.7,0.2641
21010.9,1475.2,21120.0,1920.0,0.2641
4800.0,8255.6,5429.5,8408.4,0.2640
12082.2,161.1,12480.0,640.0,0.2639
28316.1,7965.4,28475.5,8319.6,0.2638
4111.3,10601.1,4211.7,10788.3,0.2637
12233.6,2961.6,12798.3,3520.0,0.2635
24438.0,4800.7,24640.0,5290.6,0.2635
21465.4,7680.3,22080.0,7940.5,0.2633
4159.4,26956.1,4244.9,27520.0,0.2633
4174.4,12003.7,4800.0,12390.4,0.2631
19535.2,3506.3,19591.3,3840.0,0.2631
9050.4,12162.2,9587.4,12457.0,0.2631
32960.0,4181.9,33599.9,4480.0,0.2631
8320.0,871.3,8959.1,1279.5,0.2630
20172.0,163.8,20470.9,640.0,0.2630
20801.2,2939.9,21438.5,3200.0,0.2630
15904.1,1674.3,16000.0,1918.0,0.2628
9433.1,16571.4,9600.0,16638.7,0.2628
21585.2,8500.4,21980.5,8958.7,0.2627
35894.4,19522.2,36472.2,19906.0,0.2627
9625.5,5121.5,9811.1,5607.0,0.2625
583.7,14441.3,960.0,15040.0,0.2624
20483.0,9600.0,20973.3,9731.6,0.2623
1920.0,9165.4,2383.5,9434.7,0.2622
1695.1,27949.3,1903.3,28480.0,0.2621
1728.8,17921.4,2240.0,18418.4,0.2620
4154.3,2936.6,4479.1,3219.6,0.2620
2093.9,31126.2,2233.3,31680.0,0.2619
18240.0,320.0,18710.0,812.6,0.2618
5275.5,11200.1,5744.5,11661.2,0.2618
15040.0,8732.1,15238.5,9280.0,0.2618
3736.0,1696.2,4123.9,1863.2,0.2617
10300.2,22634.4,10878.6,23040.0,0.2617
33286.1,1640.7,33920.0,1920.0,0.2617
17920.0,561.0,18399.3,960.0,0.2617
16700.2,5123.9,16960.0,5543.0,0.2615
26889.8,34886.1,27517.4,35258.2,0.2614
27712.2,8879.4,27835.8,9280.0,0.2611
26066.7,7476.9,26558.3,7999.5,0.2610
37765.3,6741.8,38397.9,7240.7,0.2610
9045.0,30315.1,9598.2,30720.0,0.2609
23378.3,5445.9,23679.4,5889.0,0.2605
1130.4,7337.3,1600.0,7680.0,0.2605
13683.2,3944.9,14077.7,4480.0,0.2604
9310.0,31280.9,9917.0,31680.0,0.2604
36128.6,1913.5,36480.0,2143.3,0.2603
22400.0,7048.6,22530.0,7553.3,0.2603
6166.1,34465.9,6720.0,34880.0,0.2602
28194.9,6797.3,28795.6,7120.1,0.2601
25716.9,7680.0,26221.2,8172.8,0.2601
22682.3,4585.9,23035.0,4800.0,0.2600
3840.8,20697.7,4128.6,21120.0,0.2599
35524.3,3986.7,35840.0,4480.0,0.2598
8640.0,8912.6,9268.1,9280.0,0.2598
3523.1,2240.0,3750.3,2807.6,0.2597
5108.9,2560.0,5433.6,3002.6,0.2595
31443.2,31503.3,31995.4,32000.0,0.2594
7748.6,23526.8,8316.6,24000.0,0.2593
1280.0,21979.2,1920.0,22400.0,0.2593
5767.6,4589.5,5895.5,5118.8,0.2593
1607.5,5120.0,2240.0,5404.7,0.2593
37215.8,26100.9,37754.7,26560.0,0.2592
27521.3,6172.6,27587.8,6282.5,0.2591
8077.1,18478.6,8635.5,18880.0,0.2591
5621.7,33280.4,5760.0,33376.4,0.2591
1672.1,9801.2,1917.3,9918.8,0.2590
10337.4,13917.3,10878.7,14398.5,0.2589
19520.1,8499.0,19559.6,8640.0,0.2589
38016.0,8640.0,38652.6,8753.4,0.2589
1643.0,31272.7,1705.4,31679.1,0.2587
11524.5,12322.7,12144.4,12800.0,0.2587
9280.1,10611.7,9690.7,10706.7,0.2586
962.1,19215.8,1039.5,19339.8,0.2586
1920.0,31686.1,2042.7,32306.2,0.2586
2562.4,28695.7,2872.6,29120.0,0.2585
27939.5,31489.4,28474.2,31999.5,0.2585
4160.0,3200.0,4574.7,3367.7,0.2585
33540.1,36053.4,33920.0,36480.0,0.2585
244.7,30720.0,291.9,30872.2,0.2584
2881.9,32960.9,3036.7,33083.3,0.2584
15553.8,4489.4,15680.0,5049.9,0.2583
2069.4,31362.3,2129.4,31608.1,0.2582
18253.3,5241.8,18820.6,5760.0,0.2580
3986.8,32655.9,4160.0,33280.0,0.2580
9995.7,14723.4,10551.8,15119.4,0.2579
33699.4,3313.0,34235.5,3828.0,0.2577
17920.0,5120.0,18369.8,5473.0,0.2576
7453.8,29939.9,7998.4,30397.9,0.2576
17006.1,3828.7,17600.0,4160.0,0.2575
9103.1,33600.3,9598.8,34067.6,0.2574
8961.4,4066.8,9164.9,4480.0,0.2574
2881.6,2241.8,2946.3,2316.1,0.2574
28500.3,31892.0,29118.5,32319.3,0.2573
1600.6,31601.1,1686.2,31991.7,0.2573
19210.0,7038.2,19840.0,7349.5,0.2572
12481.6,8902.0,13120.0,9194.8,0.2570
1727.4,960.0,1920.0,1570.4,0.2569
4241.4,10107.7,4480.0,10150.8,0.2569
573.1,21627.9,639.6,21760.0,0.2569
8961.9,28094.7,9593.5,28480.0,0.2569
1784.1,8044.5,2240.0,8166.7,0.2569
9529.8,12050.2,9600.0,12159.5,0.2568
3431.5,30609.2,3519.7,30898.8,0.2567
2889.9,31110.6,3087.1,31680.0,0.2566
8777.6,8003.8,9271.0,8486.3,0.2566
29174.4,28836.2,29754.8,29432.3,0.2566
662.6,21593.3,1274.4,22079.2,0.2565
10445.9,14218.6,10880.0,14718.5,0.2565
10969.9,14570.2,11517.3,15040.0,0.2565
19577.3,6665.0,20157.2,7040.0,0.2564
677.2,20160.0,1279.9,20233.1,0.2564
5564.7,22356.9,6076.0,22438.8,0.2563
5762.4,12178.5,6116.5,12472.3,0.2563
2461.2,28160.0,2878.8,28332.3,0.2562
1472.3,35113.0,1600.0,35199.5,0.2562
19632.8,3840.1,19819.1,4238.5,0.2561
20895.4,4226.2,21431.2,4796.1,0.2561
1405.6,982.5,1920.0,1280.0,0.2561
18966.7,6080.0,19517.4,6422.7,0.2561
6086.3,6273.8,6581.4,6712.7,0.2559
9752.1,11260.3,9905.7,11399.1,0.2559
31365.8,7681.0,31757.1,7781.3,0.2559
16.4,27877.6,638.3,28171.5,0.2559
871.8,2341.4,960.0,2661.0,0.2558
17920.0,3842.8,18162.2,4010.7,0.2557
7685.0,1.9,7996.1,530.7,0.2556
2584.3,23866.7,2672.8,24087.6,0.2556
1059.8,31418.1,1596.4,31609.0,0.2556
18605.5,3523.9,18880.0,3926.8,0.2555
36165.0,8000.0,36798.9,8120.9,0.2554
23114.1,36172.0,23676.7,36606.7,0.2553
1934.9,22665.6,2557.5,22841.6,0.2552
23454.9,36295.6,23995.6,36800.0,0.2552
29348.1,1051.4,29439.8,1438.4,0.2551
34880.0,3840.0,35518.8,4085.0,0.2550
24117.7,6978.0,24638.0,7245.8,0.2549
283.4,6604.7,344.9,7036.0,0.2549
7967.8,2243.8,8308.0,2720.9,0.2549
24262.8,7590.0,24320.0,7990.5,0.2549
27240.3,33235.3,27836.9,33600.0,0.2547
13574.8,5441.4,13760.0,5556.0,0.2546
10905.8,7916.5,11520.0,8320.0,0.2546
23053.5,7883.7,23301.6,7923.3,0.2545
3520.0,22127.0,3596.0,22354.4,0.2544
4359.8,4.4,4480.0,285.8,0.2544
31438.8,33690.0,31992.3,34237.1,0.2544
3526.1,17341.4,3719.2,17920.0,0.2544
20786.0,5851.9,21107.6,5960.7,0.2543
37805.7,1322.8,38397.0,1662.6,0.2543
32422.4,34134.4,32953.0,34560.0,0.2542
29120.0,7045.9,29641.4,7378.9,0.2541
24054.6,8960.8,24638.4,9103.6,0.2541
3599.4,33812.9,4160.0,34240.0,0.2539
1088.9,21131.0,1569.9,21600.4,0.2539
7507.0,32221.7,7993.1,32640.0,0.2538
4085.8,20956.6,4218.8,21338.7,0.2538
7007.5,4711.2,7107.5,5120.0,0.2538
34883.4,8640.5,35374.2,8854.6,0.2538
6952.3,1724.8,7245.5,2240.0,0.2537
322.0,5816.9,463.3,5994.6,0.2537
11204.4,7690.9,11350.7,7942.3,0.2537
30497.6,29641.4,31034.4,30080.0,0.2536
26560.0,9231.7,26781.3,9280.0,0.2536
23040.0,7143.3,23471.8,7625.8,0.2534
6433.7,4053.2,6973.8,4480.0,0.2534
3522.6,29681.2,3787.0,29758.6,0.2533
2881.9,20230.7,3519.9,20527.4,0.2532
22402.8,8980.9,22580.9,9053.0,0.2532
5765.3,22726.4,6051.8,23039.2,0.2529
10241.5,14401.0,10305.3,14497.9,0.2528
8960.0,3412.6,9246.3,3520.0,0.2528
23145.9,32182.5,23674.0,32639.9,0.2528
11637.7,2733.0,11840.0,3197.4,0.2527
2825.3,22722.3,2924.3,22970.0,0.2527
642.2,23681.5,735.9,24126.6,0.2526
3841.7,15332.1,4217.6,15679.4,0.2526
16166.1,7458.2,16541.4,7998.9,0.2526
28568.0,27131.4,29116.3,27520.0,0.2525
7076.1,24537.2,7676.3,24960.0,0.2524
1292.1,21124.7,1542.1,21528.0,0.2524
33722.8,23390.8,34240.0,23827.9,0.2523
5178.2,4810.6,5439.5,5122.0,0.2523
1927.0,27581.6,2240.0,27840.0,0.2523
7826.8,4160.3,8320.0,4799.9,0.2523
27201.2,9600.0,27714.6,9798.6,0.2521
11840.9,12334.1,11963.4,12480.0,0.2519
11852.7,9281.1,12479.0,9491.1,0.2518
13816.8,2654.0,14397.2,3200.0,0.2518
2454.6,2587.1,2558.6,2870.4,0.2516
18884.3,2898.9,18974.0,3340.1,0.2516
4.7,9888.3,369.7,10240.0,0.2515
30720.0,8067.6,31359.1,8320.0,0.2515
16000.0,3145.4,16248.4,3517.1,0.2512
10711.3,26089.3,11200.0,26558.3,0.2511
3520.6,8506.5,3635.6,8580.9,0.2509
32888.9,5483.7,32960.0,5758.6,0.2508
18335.9,8336.1,18446.4,8743.7,0.2507
22788.4,2560.0,23356.8,2937.6,0.2507
961.5,8180.9,1079.6,8263.2,0.2506
1216.4,28038.4,1343.0,28201.7,0.2504
1741.2,4807.7,1920.0,5416.0,0.2502
1390.7,13763.8,1916.8,13908.2,0.2502
37011.8,5941.0,37120.0,6080.0,0.2501
